ISO-10303-21;
HEADER;
FILE_DESCRIPTION (( 'STEP AP214' ),
    '1' );
FILE_NAME ();
FILE_SCHEMA (( 'AUTOMOTIVE_DESIGN' ));
ENDSEC;

DATA;
#1 = CARTESIAN_POINT ( 'NONE',  ( 411.4368562255859274, -4.429182878653519673, 293.4589898149400256 ) ) ;
#2 = CARTESIAN_POINT ( 'NONE',  ( 0.000000000000000000, 8.516251081602069561, 210.1672704940054928 ) ) ;
#3 = VERTEX_POINT ( 'NONE', #157 ) ;
#4 = CARTESIAN_POINT ( 'NONE',  ( 416.8955831314477223, -4.380522820110097193, 282.9942101791384061 ) ) ;
#5 = CARTESIAN_POINT ( 'NONE',  ( -2.728158310269945095E-13, 7.299999999999999822, 283.0817145493889484 ) ) ;
#6 = CARTESIAN_POINT ( 'NONE',  ( 386.6666666647020065, 0.5029398384553280810, 225.5266254785184969 ) ) ;
#7 = EDGE_CURVE ( 'NONE', #1730, #2477, #3173, .T. ) ;
#8 = CARTESIAN_POINT ( 'NONE',  ( 333.2552933525151957, -1.806221262927488747, 223.1565734109739765 ) ) ;
#9 = CARTESIAN_POINT ( 'NONE',  ( 412.6738341205028746, 0.7369256312385205065, 330.2627542586398590 ) ) ;
#10 = ORIENTED_EDGE ( 'NONE', *, *, #556, .T. ) ;
#11 = CARTESIAN_POINT ( 'NONE',  ( 320.5587559592883053, -5.012164593646469157, 260.3659149173863625 ) ) ;
#12 = DIRECTION ( 'NONE',  ( 1.000000000000000000, 0.000000000000000000, 0.000000000000000000 ) ) ;
#13 = CARTESIAN_POINT ( 'NONE',  ( 412.4365784320189050, -4.409311113802587556, 284.3291839222042086 ) ) ;
#14 = CARTESIAN_POINT ( 'NONE',  ( 579.9999999970530098, 4.936953304096519446, 351.2031543540124972 ) ) ;
#15 = CARTESIAN_POINT ( 'NONE',  ( 328.7662976542155207, -0.2888146804069360307, 222.9070060818959860 ) ) ;
#16 = CARTESIAN_POINT ( 'NONE',  ( 386.6666666647020065, -6.022437639439080392, 326.2649298393704953 ) ) ;
#17 = VERTEX_POINT ( 'NONE', #1079 ) ;
#18 = CARTESIAN_POINT ( 'NONE',  ( 417.3700493751017007, -4.249689237333995173, 328.5850742532841195 ) ) ;
#19 = DIRECTION ( 'NONE',  ( 1.000000000000000000, 0.000000000000000000, 0.000000000000000000 ) ) ;
#20 = CARTESIAN_POINT ( 'NONE',  ( 386.6666666647025181, 13.07897365269360179, 261.0380848239540228 ) ) ;
#21 = ADVANCED_FACE ( 'NONE', ( #3487 ), #1654, .T. ) ;
#22 = ORIENTED_EDGE ( 'NONE', *, *, #587, .T. ) ;
#23 = CARTESIAN_POINT ( 'NONE',  ( 310.0370945548290251, -6.492721997814470569, 311.8817145493894714 ) ) ;
#24 = LINE ( 'NONE', #1510, #1124 ) ;
#25 = CARTESIAN_POINT ( 'NONE',  ( 312.0269134137045057, -5.855329878886280426, 301.3836320950540539 ) ) ;
#26 = ORIENTED_EDGE ( 'NONE', *, *, #3097, .F. ) ;
#27 = CLOSED_SHELL ( 'NONE', ( #2687, #3597, #1926, #3029, #337, #2012 ) ) ;
#28 = CARTESIAN_POINT ( 'NONE',  ( 333.3763585219143692, -1.369280566589498926, 222.5658395439971571 ) ) ;
#29 = CARTESIAN_POINT ( 'NONE',  ( 413.4573399673818130, 0.7469925425998743540, 331.2379366912838350 ) ) ;
#30 = CARTESIAN_POINT ( 'NONE',  ( 418.4367889235230109, -4.230973610777705396, 330.6817145493894827 ) ) ;
#31 = FACE_OUTER_BOUND ( 'NONE', #3382, .T. ) ;
#32 = CARTESIAN_POINT ( 'NONE',  ( 310.0370945548290251, 3.306277303021955216, 269.3767156309139637 ) ) ;
#33 = VECTOR ( 'NONE', #395, 1000.000000000000000 ) ;
#34 = CARTESIAN_POINT ( 'NONE',  ( 413.1897428336390590, 0.6014023062539333164, 282.7934515895726690 ) ) ;
#35 = CARTESIAN_POINT ( 'NONE',  ( 412.6427724539790347, -4.405008709053424454, 283.5746047493411197 ) ) ;
#36 = CARTESIAN_POINT ( 'NONE',  ( 579.9999999970530098, -2.772280013143110011, 395.1761131678125025 ) ) ;
#37 = CARTESIAN_POINT ( 'NONE',  ( 324.1673752702939737, -0.03727901352150565090, 222.5131064098134743 ) ) ;
#38 = CARTESIAN_POINT ( 'NONE',  ( 579.9999999970530098, -5.051091561309489997, 323.0149168784109861 ) ) ;
#39 = VERTEX_POINT ( 'NONE', #3766 ) ;
#40 = CARTESIAN_POINT ( 'NONE',  ( 445.0185472759409890, -5.676086957104660158, 333.6049803747849865 ) ) ;
#41 = CARTESIAN_POINT ( 'NONE',  ( 411.4368903819338925, -4.414668026345046847, 302.4176495156334568 ) ) ;
#42 = CARTESIAN_POINT ( 'NONE',  ( 579.9999999970530098, 10.12718433015162134, 262.5747236603410215 ) ) ;
#43 = ORIENTED_EDGE ( 'NONE', *, *, #269, .F. ) ;
#44 = CARTESIAN_POINT ( 'NONE',  ( 412.4367935918816102, -4.271133353275761380, 329.1867604261320253 ) ) ;
#45 = VECTOR ( 'NONE', #2382, 1000.000000000000000 ) ;
#46 = CARTESIAN_POINT ( 'NONE',  ( 445.0185472759409890, -7.699999999999999289, 281.0817145493894600 ) ) ;
#47 = CARTESIAN_POINT ( 'NONE',  ( 315.0370945548290251, -5.530285432156659908, 301.6085298989324883 ) ) ;
#48 = VERTEX_POINT ( 'NONE', #1033 ) ;
#49 = CARTESIAN_POINT ( 'NONE',  ( 333.2082377066197978, -1.925527545894818893, 223.3899370757579277 ) ) ;
#50 = CARTESIAN_POINT ( 'NONE',  ( 413.0139471362784889, 0.7418434003432899937, 330.7804200650339794 ) ) ;
#51 = ADVANCED_FACE ( 'NONE', ( #2247 ), #3468, .F. ) ;
#52 = VECTOR ( 'NONE', #1151, 1000.000000000000000 ) ;
#53 = DIRECTION ( 'NONE',  ( 0.000000000000000000, -1.000000000000000000, 0.000000000000000000 ) ) ;
#54 = FACE_OUTER_BOUND ( 'NONE', #258, .T. ) ;
#55 = B_SPLINE_CURVE_WITH_KNOTS ( 'NONE', 3,
 ( #1487, #297, #1505, #2754 ),
 .UNSPECIFIED., .F., .F.,
 ( 4, 4 ),
 ( 0.000000000000000000, 1.000000000000000000 ),
 .UNSPECIFIED. ) ;
#56 = CARTESIAN_POINT ( 'NONE',  ( 413.2055625649956596, 0.6015596939210889893, 282.7780423785654875 ) ) ;
#57 = SURFACE_STYLE_FILL_AREA ( #851 ) ;
#58 = CARTESIAN_POINT ( 'NONE',  ( 193.3333333323510033, -5.787028705682169871, 439.6978874405065199 ) ) ;
#59 = CARTESIAN_POINT ( 'NONE',  ( 328.7984907657630060, -0.7851384526146700793, 223.4923176777594733 ) ) ;
#60 = CARTESIAN_POINT ( 'NONE',  ( 0.000000000000000000, -0.5139382740374539571, 199.4997056216940052 ) ) ;
#61 = ORIENTED_EDGE ( 'NONE', *, *, #1008, .T. ) ;
#62 = EDGE_CURVE ( 'NONE', #2137, #2086, #432, .T. ) ;
#63 = CARTESIAN_POINT ( 'NONE',  ( 312.0491559243275219, -4.528013907100409519, 301.8817145493895282 ) ) ;
#64 = CARTESIAN_POINT ( 'NONE',  ( 310.0370945548290251, 7.974965231687701106, 353.1119410610215255 ) ) ;
#65 = CARTESIAN_POINT ( 'NONE',  ( 386.6666666647020065, 4.808815755796419289, 230.3302200179760177 ) ) ;
#66 = VERTEX_POINT ( 'NONE', #478 ) ;
#67 = CARTESIAN_POINT ( 'NONE',  ( 412.4759868046386941, -4.268011509058690756, 329.6409129679208263 ) ) ;
#68 = CARTESIAN_POINT ( 'NONE',  ( 333.1365140899523567, -0.7535180575436721817, 223.7413651697646628 ) ) ;
#69 = CARTESIAN_POINT ( 'NONE',  ( 319.6199739440930330, 4.642574504964509075, 227.9325808844049845 ) ) ;
#70 = CARTESIAN_POINT ( 'NONE',  ( 413.0980543042189765, 0.7428676720996203464, 330.8759711221091493 ) ) ;
#71 = CARTESIAN_POINT ( 'NONE',  ( 328.2280045715195342, -0.07549723468954812333, 222.7903694750951331 ) ) ;
#72 = DIRECTION ( 'NONE',  ( 0.000000000000000000, 0.000000000000000000, 1.000000000000000000 ) ) ;
#73 = DIRECTION ( 'NONE',  ( 0.000000000000000000, 0.000000000000000000, 1.000000000000000000 ) ) ;
#74 = CARTESIAN_POINT ( 'NONE',  ( 412.8607818934017928, -4.402149423850097776, 283.1858420913102350 ) ) ;
#75 = EDGE_CURVE ( 'NONE', #2399, #1800, #2646, .T. ) ;
#76 = CARTESIAN_POINT ( 'NONE',  ( 579.9999999970530098, -0.04621037551902799911, 379.9087948609359842 ) ) ;
#77 = CARTESIAN_POINT ( 'NONE',  ( 333.3900546943795007, -0.8608882673577780142, 223.9728462461455081 ) ) ;
#78 = CARTESIAN_POINT ( 'NONE',  ( 390.3763714963914708, -0.07328326482081659599, 363.4288233864589870 ) ) ;
#79 = B_SPLINE_CURVE_WITH_KNOTS ( 'NONE', 3,
 ( #3146, #1314, #1555, #2225 ),
 .UNSPECIFIED., .F., .F.,
 ( 4, 4 ),
 ( 0.000000000000000000, 1.000000000000000000 ),
 .UNSPECIFIED. ) ;
#80 = ORIENTED_EDGE ( 'NONE', *, *, #1221, .T. ) ;
#81 = CARTESIAN_POINT ( 'NONE',  ( 445.0185472759409890, 7.299999999999999822, 281.0817145493894600 ) ) ;
#82 = CARTESIAN_POINT ( 'NONE',  ( 310.0370945548290251, -6.149329883771530447, 369.5786951049935283 ) ) ;
#83 = CARTESIAN_POINT ( 'NONE',  ( 0.000000000000000000, 18.39353072245674880, 301.0012924865724813 ) ) ;
#84 = ORIENTED_EDGE ( 'NONE', *, *, #1564, .F. ) ;
#85 = CARTESIAN_POINT ( 'NONE',  ( 413.2986561464131796, -4.254877265116330243, 331.0713868891610332 ) ) ;
#86 = CARTESIAN_POINT ( 'NONE',  ( 333.0245988702209843, -1.009047385397550123, 224.2897283755491458 ) ) ;
#87 = CARTESIAN_POINT ( 'NONE',  ( 328.7945720460784855, 3.934811371568034843, 227.2853022920164960 ) ) ;
#88 = CARTESIAN_POINT ( 'NONE',  ( 118.4367889235230109, 4.474332807188235783, 291.8817145493894714 ) ) ;
#89 = ORIENTED_EDGE ( 'NONE', *, *, #421, .F. ) ;
#90 = CARTESIAN_POINT ( 'NONE',  ( 328.1951951398777965, 0.3178937871391424586, 222.9487434384052449 ) ) ;
#91 = VECTOR ( 'NONE', #1104, 1000.000000000000114 ) ;
#92 = CARTESIAN_POINT ( 'NONE',  ( 315.0370945548290251, -5.186250125673530498, 304.8490011947359903 ) ) ;
#93 = CARTESIAN_POINT ( 'NONE',  ( 422.6307086934104973, -5.939876490006859910, 281.0817145493894600 ) ) ;
#94 = CARTESIAN_POINT ( 'NONE',  ( 412.7169252325978732, -4.403935803254970693, 283.4175557857072363 ) ) ;
#95 = CARTESIAN_POINT ( 'NONE',  ( 579.9999999970530098, -5.051091561309489997, 323.0149168784109861 ) ) ;
#96 = CARTESIAN_POINT ( 'NONE',  ( 324.1672575173880091, -0.03145844172608314865, 222.5129010433300323 ) ) ;
#97 = VECTOR ( 'NONE', #547, 1000.000000000000000 ) ;
#98 = ADVANCED_FACE ( 'NONE', ( #496, #1125 ), #3850, .F. ) ;
#99 = CARTESIAN_POINT ( 'NONE',  ( 579.9999999970530098, -0.3259142469249644569, 238.5046831896314927 ) ) ;
#100 = ORIENTED_EDGE ( 'NONE', *, *, #365, .F. ) ;
#101 = PLANE ( 'NONE',  #2968 ) ;
#102 = DIRECTION ( 'NONE',  ( 0.000000000000000000, 0.000000000000000000, 1.000000000000000000 ) ) ;
#103 = CARTESIAN_POINT ( 'NONE',  ( 386.6666666647020065, 9.079703889018320595, 340.5423409009899842 ) ) ;
#104 = VERTEX_POINT ( 'NONE', #2017 ) ;
#105 = CARTESIAN_POINT ( 'NONE',  ( 412.6043073635561313, -4.264461576978658464, 330.0962049832225489 ) ) ;
#106 = CARTESIAN_POINT ( 'NONE',  ( 333.1617233533439162, -0.6796984804850388917, 223.6178445930107443 ) ) ;
#107 = CARTESIAN_POINT ( 'NONE',  ( 324.1991261699619713, 2.725674620979610108, 225.0502588597365161 ) ) ;
#108 = ORIENTED_EDGE ( 'NONE', *, *, #1059, .F. ) ;
#109 = B_SPLINE_CURVE_WITH_KNOTS ( 'NONE', 3,
 ( #1472, #1246, #2400, #3618, #1508, #4, #301, #1527, #2723, #1210, #1225, #3022, #283, #577, #2420, #2441, #2683, #1790, #2460, #3001, #3654, #877, #3897, #1806, #3637, #264, #3338, #3060, #2118, #1489, #2702, #3042, #914, #596, #2098, #3319, #1827, #2138, #3361, #616, #1844 ),
 .UNSPECIFIED., .F., .F.,
 ( 4, 2, 2, 2, 2, 2, 1, 1, 1, 2, 2, 2, 2, 2, 1, 1, 1, 1, 2, 2, 2, 2, 2, 4 ),
 ( 0.000000000000000000, 0.1250000000004153344, 0.2500000000008306689, 0.3750000000012460033, 0.4375000000014442336, 0.4687500000015433210, 0.4843750000015929480, 0.4921875000016276980, 0.4960937500016447954, 0.4980468750016533441, 0.5000000000016618928, 0.6250000000019714230, 0.6875000000021360691, 0.7187500000022215563, 0.7343750000022657431, 0.7421875000022946089, 0.7460937500023024915, 0.7480468750023190339, 0.7490234375023209212, 0.7500000000023228086, 0.8125000000017420509, 0.8750000000011614043, 0.9375000000005806466, 1.000000000000000000 ),
 .UNSPECIFIED. ) ;
#110 = CARTESIAN_POINT ( 'NONE',  ( 418.4367889235230109, 7.299999999999999822, 288.0817145493894600 ) ) ;
#111 = CARTESIAN_POINT ( 'NONE',  ( 315.0370945548290251, -6.185750167737420036, 304.6111936534175015 ) ) ;
#112 = ORIENTED_EDGE ( 'NONE', *, *, #3887, .T. ) ;
#113 = CARTESIAN_POINT ( 'NONE',  ( 328.0435891441093190, -0.9098959159889602466, 223.6961679682926558 ) ) ;
#114 = CARTESIAN_POINT ( 'NONE',  ( 412.4367955412301399, 0.5898014389318061435, 284.5632062607375588 ) ) ;
#115 = CARTESIAN_POINT ( 'NONE',  ( 331.6817546480892247, 6.936900913998066187, 230.8694097278501545 ) ) ;
#116 = CARTESIAN_POINT ( 'NONE',  ( 386.6666666647020065, -6.133868915404449673, 305.0780289475609948 ) ) ;
#117 = CARTESIAN_POINT ( 'NONE',  ( 333.4076447153560139, -2.554430546796599977, 229.3967422021640061 ) ) ;
#118 = FACE_OUTER_BOUND ( 'NONE', #3631, .T. ) ;
#119 = ORIENTED_EDGE ( 'NONE', *, *, #3563, .F. ) ;
#120 = CARTESIAN_POINT ( 'NONE',  ( 312.0370945548290251, -3.525667192811749562, 308.8817145493894714 ) ) ;
#121 = DIRECTION ( 'NONE',  ( -0.9970829574973348874, 0.000000000000000000, 0.07632546015824470675 ) ) ;
#122 = CARTESIAN_POINT ( 'NONE',  ( 386.6666666647020065, 2.751046507723804879, 378.0547777424289961 ) ) ;
#123 = ORIENTED_EDGE ( 'NONE', *, *, #1202, .F. ) ;
#124 = LINE ( 'NONE', #2843, #548 ) ;
#125 = B_SPLINE_SURFACE_WITH_KNOTS ( 'NONE', 3, 3, ( 
 ( #3388, #2885, #3774, #1870 ),
 ( #3458, #346, #327, #1089 ),
 ( #463, #2905, #1067, #148 ),
 ( #2281, #1573, #2792, #2003 ),
 ( #714, #169, #1554, #2579 ),
 ( #2257, #3479, #1329, #2541 ),
 ( #1390, #1368, #2604, #3818 ),
 ( #781, #2239, #759, #1942 ),
 ( #2023, #521, #2645, #2322 ),
 ( #820, #558, #837, #1706 ) ),
 .UNSPECIFIED., .F., .F., .F.,
 ( 4, 3, 3, 4 ),
 ( 4, 4 ),
 ( 0.000000000000000000, 0.03428104546885145376, 0.06856209093770289364, 0.1371241818754059816 ),
 ( 0.2323647638797040060, 0.2909595299551684944 ),
 .UNSPECIFIED. ) ;
#126 = CARTESIAN_POINT ( 'NONE',  ( 331.9498996504074739, -2.594343819801411932, 229.5555493322081588 ) ) ;
#127 = CARTESIAN_POINT ( 'NONE',  ( 324.2068091779374868, 4.182222858157199852, 227.4000916199090057 ) ) ;
#128 = ORIENTED_EDGE ( 'NONE', *, *, #2524, .T. ) ;
#129 = CARTESIAN_POINT ( 'NONE',  ( 413.4367889235229541, 7.299999999999999822, 288.0817145493894600 ) ) ;
#130 = FACE_OUTER_BOUND ( 'NONE', #2152, .T. ) ;
#131 = CARTESIAN_POINT ( 'NONE',  ( 328.2094115651794937, -0.2924607787976335471, 222.8795041585423178 ) ) ;
#132 = CARTESIAN_POINT ( 'NONE',  ( 413.4367889235230678, -4.386224898431146713, 306.9165064107390322 ) ) ;
#133 = CARTESIAN_POINT ( 'NONE',  ( 331.7988899014133040, 6.683585600831875695, 230.2956512336388926 ) ) ;
#134 = CARTESIAN_POINT ( 'NONE',  ( 193.3333333323510033, -6.494676812344359895, 415.8765459913969949 ) ) ;
#135 = CARTESIAN_POINT ( 'NONE',  ( 333.4014483369239770, -2.013865692646109817, 227.1793756051324920 ) ) ;
#136 = CARTESIAN_POINT ( 'NONE',  ( 414.9367889235229541, 149.2235650228594181, 284.5817145493894600 ) ) ;
#137 = CARTESIAN_POINT ( 'NONE',  ( 410.3179646892439791, -40.00000000000000000, 361.9023192322275122 ) ) ;
#138 = CARTESIAN_POINT ( 'NONE',  ( 416.4219593604329361, 0.6192223361022780592, 282.5441972144248552 ) ) ;
#139 = VECTOR ( 'NONE', #1271, 1000.000000000000000 ) ;
#140 = CYLINDRICAL_SURFACE ( 'NONE', #664, 2.500000000000002220 ) ;
#141 = CARTESIAN_POINT ( 'NONE',  ( 579.9999999970530098, 10.96806314987765951, 310.6656409606849820 ) ) ;
#142 = CARTESIAN_POINT ( 'NONE',  ( 319.9380818950210141, -30.00000000000000000, 263.4070986003465009 ) ) ;
#143 = ORIENTED_EDGE ( 'NONE', *, *, #1549, .T. ) ;
#144 = CARTESIAN_POINT ( 'NONE',  ( 417.4281012470803489, 0.7557500256493463464, 329.3941496929712116 ) ) ;
#145 = CARTESIAN_POINT ( 'NONE',  ( 193.3333333323510033, 16.09404880310244934, 262.3418053606099534 ) ) ;
#146 = CARTESIAN_POINT ( 'NONE',  ( 332.6253804739487236, -1.744393115340316269, 226.2458222840746487 ) ) ;
#147 = CARTESIAN_POINT ( 'NONE',  ( 319.6171441820520158, 3.971140026665984202, 226.7051671104734965 ) ) ;
#148 = CARTESIAN_POINT ( 'NONE',  ( 411.2352332822424614, -4.432023851318300345, 288.9771328809770239 ) ) ;
#149 = EDGE_CURVE ( 'NONE', #1502, #3168, #1777, .T. ) ;
#150 = CARTESIAN_POINT ( 'NONE',  ( 418.4367889235230109, -4.389239799811164744, 288.0817145493894600 ) ) ;
#151 = CARTESIAN_POINT ( 'NONE',  ( 328.2041504100419615, -0.3345872512686131062, 222.9051710630820367 ) ) ;
#152 = DIRECTION ( 'NONE',  ( 0.000000000000000000, 1.000000000000000000, 0.000000000000000000 ) ) ;
#153 = CARTESIAN_POINT ( 'NONE',  ( 331.6931502254932411, 6.912657436997845295, 230.8135771572263479 ) ) ;
#154 = CARTESIAN_POINT ( 'NONE',  ( 193.3333333323510033, -7.065133105652460443, 317.1447508523514784 ) ) ;
#155 = CARTESIAN_POINT ( 'NONE',  ( 319.6271429043030139, -1.008591539540816262, 223.3535744350969878 ) ) ;
#156 = DIRECTION ( 'NONE',  ( 0.000000000000000000, -1.000000000000000000, 0.000000000000000000 ) ) ;
#157 = CARTESIAN_POINT ( 'NONE',  ( 445.0185472759409890, -7.699999999999999289, 281.0817145493894600 ) ) ;
#158 = CARTESIAN_POINT ( 'NONE',  ( 312.0254980510823657, -6.039985830819132318, 301.1975954380423559 ) ) ;
#159 = CARTESIAN_POINT ( 'NONE',  ( 400.0000000000000000, 3.443088007130915340, 253.6429071604394778 ) ) ;
#160 = CARTESIAN_POINT ( 'NONE',  ( 193.3333333323510033, 1.503725608321299978, 399.3537027180360042 ) ) ;
#161 = FACE_OUTER_BOUND ( 'NONE', #480, .T. ) ;
#162 = CARTESIAN_POINT ( 'NONE',  ( 445.0185472759409890, 10.06929650250460107, 329.5636501311529400 ) ) ;
#163 = ORIENTED_EDGE ( 'NONE', *, *, #2979, .T. ) ;
#164 = CARTESIAN_POINT ( 'NONE',  ( 416.7265091150409262, 0.7399907572432478098, 327.4361157447578989 ) ) ;
#165 = CARTESIAN_POINT ( 'NONE',  ( 386.6666666647025181, 11.94894084339833995, 321.0677719607929816 ) ) ;
#166 = AXIS2_PLACEMENT_3D ( 'NONE', #1253, #966, #3049 ) ;
#167 = CARTESIAN_POINT ( 'NONE',  ( 329.8298197513986452, 8.816506475305819990, 239.9435359950538214 ) ) ;
#168 = CARTESIAN_POINT ( 'NONE',  ( 328.7581147192634603, -0.001862193258142444971, 222.8263953354085061 ) ) ;
#169 = CARTESIAN_POINT ( 'NONE',  ( 433.8919338298329649, -4.312083448755405612, 298.0942470815249976 ) ) ;
#170 = CARTESIAN_POINT ( 'NONE',  ( 314.8553389732456367, -6.503494982116744261, 303.3069018495797309 ) ) ;
#171 = CARTESIAN_POINT ( 'NONE',  ( 328.8193004338159540, 13.14857945971322017, 265.2476165147979827 ) ) ;
#172 = CARTESIAN_POINT ( 'NONE',  ( 326.2946357724889026, 6.374342098445056948, 232.2611425781697392 ) ) ;
#173 = FACE_OUTER_BOUND ( 'NONE', #3949, .T. ) ;
#174 = EDGE_CURVE ( 'NONE', #39, #3910, #1744, .T. ) ;
#175 = CARTESIAN_POINT ( 'NONE',  ( 333.4019790089130879, 1.183542466789018421, 222.4401910404848195 ) ) ;
#176 = VECTOR ( 'NONE', #1448, 1000.000000000000000 ) ;
#177 = CARTESIAN_POINT ( 'NONE',  ( 386.6666666647020065, -5.769646836630459852, 367.4881854869410063 ) ) ;
#178 = CARTESIAN_POINT ( 'NONE',  ( 328.8155966365804943, -2.261248211825344967, 227.7654046562710164 ) ) ;
#179 = B_SPLINE_SURFACE_WITH_KNOTS ( 'NONE', 3, 3, ( 
 ( #3784, #219, #1442, #3570 ),
 ( #2658, #3868, #1424, #3216 ),
 ( #1143, #3807, #1057, #793 ),
 ( #3530, #2354, #1972, #3196 ) ),
 .UNSPECIFIED., .F., .F., .F.,
 ( 4, 4 ),
 ( 4, 4 ),
 ( 0.000000000000000000, 0.01300154089636795969 ),
 ( 0.2802101993029629812, 0.2889665443053224814 ),
 .UNSPECIFIED. ) ;
#180 = CARTESIAN_POINT ( 'NONE',  ( 312.0222205606683588, -6.467252679316623620, 300.3890983925174396 ) ) ;
#181 = CARTESIAN_POINT ( 'NONE',  ( 310.0370945548290251, 14.54705926040939978, 264.4069360666575221 ) ) ;
#182 = CARTESIAN_POINT ( 'NONE',  ( 579.9999999970530098, -4.761979561952840001, 372.7162503368265334 ) ) ;
#183 = ADVANCED_FACE ( 'NONE', ( #1677 ), #2956, .T. ) ;
#184 = CARTESIAN_POINT ( 'NONE',  ( 341.6072432298724948, -0.6020362616947388945, 382.2059231409784843 ) ) ;
#185 = CARTESIAN_POINT ( 'NONE',  ( 389.2314895940144766, -0.07328326482081669313, 348.4725790239995149 ) ) ;
#186 = ORIENTED_EDGE ( 'NONE', *, *, #697, .F. ) ;
#187 = CARTESIAN_POINT ( 'NONE',  ( 416.8963837045426999, 0.7420309018763429076, 327.6283447479545998 ) ) ;
#188 = CARTESIAN_POINT ( 'NONE',  ( 193.3333333323510033, 5.584419357608980228, 218.1071289435755034 ) ) ;
#189 = CARTESIAN_POINT ( 'NONE',  ( 332.7203859988750310, 2.793651272999156276, 225.7803133538250506 ) ) ;
#190 = CARTESIAN_POINT ( 'NONE',  ( 319.3758862322689538, -0.2534755244859375201, 353.8199385702899917 ) ) ;
#191 = VERTEX_POINT ( 'NONE', #1445 ) ;
#192 = CARTESIAN_POINT ( 'NONE',  ( 312.2988407781347178, -6.526119043978622969, 300.1140918029462910 ) ) ;
#193 = CARTESIAN_POINT ( 'NONE',  ( 324.2234927916779839, 9.581767145142089603, 242.4674733326319824 ) ) ;
#194 = CARTESIAN_POINT ( 'NONE',  ( 327.7586995032224877, 2.530654853747544397, 225.0859231901125952 ) ) ;
#195 = CARTESIAN_POINT ( 'NONE',  ( 413.4367889235229541, -4.339607066046885286, 316.8012472717070409 ) ) ;
#196 = CARTESIAN_POINT ( 'NONE',  ( 331.6735965289796013, 6.954211976221555958, 230.9093819321107901 ) ) ;
#197 = CARTESIAN_POINT ( 'NONE',  ( 579.9999999970530098, -4.260065142064195065, 254.4223368971200046 ) ) ;
#198 = CARTESIAN_POINT ( 'NONE',  ( 328.8111951794489869, -1.901369238721339894, 226.4550822556684864 ) ) ;
#199 = EDGE_CURVE ( 'NONE', #2377, #3942, #2937, .T. ) ;
#200 = VECTOR ( 'NONE', #2625, 1000.000000000000000 ) ;
#201 = CARTESIAN_POINT ( 'NONE',  ( 312.0217556383884698, -6.527861827873953970, 300.0116546390619874 ) ) ;
#202 = CARTESIAN_POINT ( 'NONE',  ( 310.0370945548290251, 15.29315885068800007, 274.3779216349370245 ) ) ;
#203 = CARTESIAN_POINT ( 'NONE',  ( 193.3333333323510033, -6.494676812344359895, 415.8765459913969949 ) ) ;
#204 = CARTESIAN_POINT ( 'NONE',  ( 324.8370945548290365, 21.80627730302189704, 264.4069360666575221 ) ) ;
#205 = CARTESIAN_POINT ( 'NONE',  ( 445.0185472759409890, 13.18414876138821867, 270.2561772616434723 ) ) ;
#206 = VERTEX_POINT ( 'NONE', #3551 ) ;
#207 = CARTESIAN_POINT ( 'NONE',  ( 415.4729241338333736, -4.270796317379022433, 326.7180388479948192 ) ) ;
#208 = CARTESIAN_POINT ( 'NONE',  ( 579.9999999970530098, 12.08411726914920159, 295.3193184898790378 ) ) ;
#209 = CARTESIAN_POINT ( 'NONE',  ( 331.2627062002213165, 6.488752515394826226, 232.9226660143037293 ) ) ;
#210 = CARTESIAN_POINT ( 'NONE',  ( 313.7927678843953458, -6.514619160072248505, 301.5067624171184661 ) ) ;
#211 = CARTESIAN_POINT ( 'NONE',  ( 333.3966378986235100, 7.726004906812139694, 236.5723204604779824 ) ) ;
#212 = CARTESIAN_POINT ( 'NONE',  ( 324.0925153769716758, 9.725183778263884804, 243.0511645639657274 ) ) ;
#213 = CARTESIAN_POINT ( 'NONE',  ( 391.5212533987615302, -0.4732832648208230020, 378.3850677489194823 ) ) ;
#214 = CARTESIAN_POINT ( 'NONE',  ( 413.4367889235229541, -1.525667192811750006, 293.8817145493894714 ) ) ;
#215 = CARTESIAN_POINT ( 'NONE',  ( 579.9999999970530098, -3.830333945579375232, 249.6992205581954920 ) ) ;
#216 = CARTESIAN_POINT ( 'NONE',  ( 324.2338488577814815, -3.216561518240145023, 232.5814188431945126 ) ) ;
#217 = CARTESIAN_POINT ( 'NONE',  ( 417.4370848690847993, 0.6170401182921343430, 284.2349764583001956 ) ) ;
#218 = EDGE_CURVE ( 'NONE', #503, #2752, #831, .T. ) ;
#219 = CARTESIAN_POINT ( 'NONE',  ( 415.7768311268325192, 0.6186500761886480904, 282.0652876009894499 ) ) ;
#220 = VECTOR ( 'NONE', #2660, 1000.000000000000000 ) ;
#221 = CARTESIAN_POINT ( 'NONE',  ( 579.9999999970530098, -4.839072846083489310, 357.5893618452735154 ) ) ;
#222 = DIRECTION ( 'NONE',  ( 0.000000000000000000, 1.576542137387264761E-16, -1.000000000000000000 ) ) ;
#223 = DIRECTION ( 'NONE',  ( -0.002564460613766925048, 0.9999966924973345828, 0.0001963062701369844374 ) ) ;
#224 = VERTEX_POINT ( 'NONE', #2356 ) ;
#225 = CARTESIAN_POINT ( 'NONE',  ( 417.2022891699672300, 0.7464770895020462760, 328.1058641345578621 ) ) ;
#226 = CARTESIAN_POINT ( 'NONE',  ( 579.9999999970530098, 12.05585114077850051, 281.0960369820364804 ) ) ;
#227 = CARTESIAN_POINT ( 'NONE',  ( 332.2688743078761036, 4.192395567443681692, 227.9926344207848956 ) ) ;
#228 = LINE ( 'NONE', #2700, #741 ) ;
#229 = VECTOR ( 'NONE', #646, 1000.000000000000000 ) ;
#230 = CARTESIAN_POINT ( 'NONE',  ( 312.0496955421122607, -6.527974257025969784, 299.9097004461694382 ) ) ;
#231 = CARTESIAN_POINT ( 'NONE',  ( 324.2166718459715185, 6.865626057406330141, 233.3734487815665091 ) ) ;
#232 = CARTESIAN_POINT ( 'NONE',  ( 327.2305599364753448, 4.212984786715019858, 227.6753424417856024 ) ) ;
#233 = CARTESIAN_POINT ( 'NONE',  ( 332.9917304363779635, -2.365780988516239081, 224.4556055994528379 ) ) ;
#234 = CARTESIAN_POINT ( 'NONE',  ( 329.4471613127009846, 10.54780945167550676, 241.8184892925520728 ) ) ;
#235 = VERTEX_POINT ( 'NONE', #2918 ) ;
#236 = CARTESIAN_POINT ( 'NONE',  ( 579.9999999970530098, -0.3259142469249644569, 238.5046831896314927 ) ) ;
#237 = CARTESIAN_POINT ( 'NONE',  ( 319.6512019198979715, -4.655245201638420482, 249.5278043798149952 ) ) ;
#238 = CARTESIAN_POINT ( 'NONE',  ( 328.7574098065294947, -0.01297993225118374179, 222.8237551332489943 ) ) ;
#239 = CARTESIAN_POINT ( 'NONE',  ( 386.6666666647020065, -5.530142459485389850, 406.8380078360255538 ) ) ;
#240 = ORIENTED_EDGE ( 'NONE', *, *, #2195, .T. ) ;
#241 = CARTESIAN_POINT ( 'NONE',  ( 413.4367889235229541, -1.525667192811740014, 291.8817145493894714 ) ) ;
#242 = ORIENTED_EDGE ( 'NONE', *, *, #398, .F. ) ;
#243 = CARTESIAN_POINT ( 'NONE',  ( 417.4367864849186844, -4.245545712171772124, 329.1779410303851705 ) ) ;
#244 = AXIS2_PLACEMENT_3D ( 'NONE', #3206, #442, #1042 ) ;
#245 = CARTESIAN_POINT ( 'NONE',  ( 193.3333333323510033, -0.06398327331131899165, 408.2906831791809736 ) ) ;
#246 = CARTESIAN_POINT ( 'NONE',  ( 333.2497584937904094, 0.1437599643889063972, 223.1864892156736744 ) ) ;
#247 = LINE ( 'NONE', #190, #2987 ) ;
#248 = DIRECTION ( 'NONE',  ( -0.000000000000000000, 1.000000000000000000, -0.000000000000000000 ) ) ;
#249 = CARTESIAN_POINT ( 'NONE',  ( 319.6257519922040160, 6.203763007062490509, 231.3453638922609912 ) ) ;
#250 = CARTESIAN_POINT ( 'NONE',  ( 327.0733671175473205, 4.643044633586872472, 228.4455755969104871 ) ) ;
#251 = LINE ( 'NONE', #3902, #3112 ) ;
#252 = FACE_OUTER_BOUND ( 'NONE', #1159, .T. ) ;
#253 = ORIENTED_EDGE ( 'NONE', *, *, #7, .T. ) ;
#254 = CARTESIAN_POINT ( 'NONE',  ( 579.9999999970530098, -5.113217040306549777, 280.3723710342515005 ) ) ;
#255 = CARTESIAN_POINT ( 'NONE',  ( 620.0000000000000000, 3.306277303021955216, 272.6767156309139750 ) ) ;
#256 = CARTESIAN_POINT ( 'NONE',  ( 324.1811709074955274, 0.3575533323747049907, 222.7028567707075126 ) ) ;
#257 = CARTESIAN_POINT ( 'NONE',  ( 579.9999999970530098, -2.772280013143110011, 395.1761131678125025 ) ) ;
#258 = EDGE_LOOP ( 'NONE', ( #3153, #1320, #2627, #2860 ) ) ;
#259 = VERTEX_POINT ( 'NONE', #455 ) ;
#260 = CARTESIAN_POINT ( 'NONE',  ( 445.0185472759409890, 7.299999999999999822, 332.6817145493894827 ) ) ;
#261 = CARTESIAN_POINT ( 'NONE',  ( 483.0367889235229768, 7.299999999999999822, 332.6817145493894827 ) ) ;
#262 = CARTESIAN_POINT ( 'NONE',  ( 427.2973750409955187, -4.185519649402669629, 330.6817145493894827 ) ) ;
#263 = PRODUCT_DEFINITION ( 'UNKNOWN', '', #3095, #2795 ) ;
#264 = CARTESIAN_POINT ( 'NONE',  ( 416.8214617327051315, -4.393052171973250708, 286.2255075702207137 ) ) ;
#265 = CARTESIAN_POINT ( 'NONE',  ( 333.3930776224850092, 6.477255752478469297, 233.0279854898384997 ) ) ;
#266 = VECTOR ( 'NONE', #2608, 1000.000000000000000 ) ;
#267 = CARTESIAN_POINT ( 'NONE',  ( 310.0370945548290251, -1.199999999999999956, 311.8817145493894714 ) ) ;
#268 = CARTESIAN_POINT ( 'NONE',  ( 312.0217524482534941, -6.528134002018079585, 299.8681194840859803 ) ) ;
#269 = EDGE_CURVE ( 'NONE', #852, #1279, #1426, .T. ) ;
#270 = CARTESIAN_POINT ( 'NONE',  ( 329.7234216683987142, -5.213306192623629265, 240.4648665655448099 ) ) ;
#271 = CARTESIAN_POINT ( 'NONE',  ( 329.4908799980583467, 10.49307399307274657, 241.6042785447138499 ) ) ;
#272 = ORIENTED_EDGE ( 'NONE', *, *, #1906, .T. ) ;
#273 = CARTESIAN_POINT ( 'NONE',  ( 386.6666666647020065, -3.915872789727390391, 234.1898982628685246 ) ) ;
#274 = DIRECTION ( 'NONE',  ( -1.000000000000000000, 0.000000000000000000, 0.000000000000000000 ) ) ;
#275 = CARTESIAN_POINT ( 'NONE',  ( 319.5937123068654273, 0.4390182535958719878, 222.4507434595294910 ) ) ;
#276 = CARTESIAN_POINT ( 'NONE',  ( 579.9999999970530098, -4.843869939650170764, 266.1019293467750231 ) ) ;
#277 = ORIENTED_EDGE ( 'NONE', *, *, #462, .T. ) ;
#278 = ORIENTED_EDGE ( 'NONE', *, *, #933, .F. ) ;
#279 = CARTESIAN_POINT ( 'NONE',  ( 333.5044377421774584, -3.054881667386425192E-11, 221.9386095311469944 ) ) ;
#280 = FACE_OUTER_BOUND ( 'NONE', #2113, .T. ) ;
#281 = CARTESIAN_POINT ( 'NONE',  ( 579.9999999970530098, 0.4218217482621809955, 238.5244780359224990 ) ) ;
#282 = ORIENTED_EDGE ( 'NONE', *, *, #1590, .F. ) ;
#283 = CARTESIAN_POINT ( 'NONE',  ( 417.4327636781377464, -4.383726195934188219, 284.4287139830208275 ) ) ;
#284 = AXIS2_PLACEMENT_3D ( 'NONE', #2507, #988, #1517 ) ;
#285 = CARTESIAN_POINT ( 'NONE',  ( 330.3429740836883184, -3.718887018697440539, 237.4291777568105601 ) ) ;
#286 = CARTESIAN_POINT ( 'NONE',  ( 315.0370945548290251, -9.033945061202690141, 302.0736787075495045 ) ) ;
#287 = CARTESIAN_POINT ( 'NONE',  ( 331.3273860019319272, -4.327018156274249350, 232.6053867940380826 ) ) ;
#288 = CARTESIAN_POINT ( 'NONE',  ( 414.6163274082600765, 0.7245324144073878037, 326.6817145493893690 ) ) ;
#289 = CARTESIAN_POINT ( 'NONE',  ( 324.1636786012358584, -4.214545058063909444, 242.7024811512993665 ) ) ;
#290 = CARTESIAN_POINT ( 'NONE',  ( 328.8290422661900152, -4.752844674055729968, 253.7641352143569691 ) ) ;
#291 = EDGE_CURVE ( 'NONE', #66, #1843, #795, .T. ) ;
#292 = CARTESIAN_POINT ( 'NONE',  ( 333.3455458357930183, -0.02121596907075629784, 223.1311087526434846 ) ) ;
#293 = CARTESIAN_POINT ( 'NONE',  ( 579.9999999970530098, -5.167355906338060301, 296.6145897423934912 ) ) ;
#294 = ORIENTED_EDGE ( 'NONE', *, *, #3144, .F. ) ;
#295 = ORIENTED_EDGE ( 'NONE', *, *, #2127, .T. ) ;
#296 = CARTESIAN_POINT ( 'NONE',  ( 417.0017636256365563, -4.256648414704937267, 327.7584123993573257 ) ) ;
#297 = CARTESIAN_POINT ( 'NONE',  ( 418.4367889235230109, -4.385812842174670934, 286.3497681144797866 ) ) ;
#298 = ADVANCED_FACE ( 'NONE', ( #3178 ), #437, .F. ) ;
#299 = FACE_OUTER_BOUND ( 'NONE', #2537, .T. ) ;
#300 = ORIENTED_EDGE ( 'NONE', *, *, #471, .T. ) ;
#301 = CARTESIAN_POINT ( 'NONE',  ( 417.0920517476722580, -4.380762441853768507, 283.2706112061732142 ) ) ;
#302 = DIRECTION ( 'NONE',  ( 0.000000000000000000, -1.000000000000000000, 0.000000000000000000 ) ) ;
#303 = FACE_OUTER_BOUND ( 'NONE', #1708, .T. ) ;
#304 = ORIENTED_EDGE ( 'NONE', *, *, #269, .T. ) ;
#305 = DIRECTION ( 'NONE',  ( 0.000000000000000000, 1.000000000000000000, 0.000000000000000000 ) ) ;
#306 = CARTESIAN_POINT ( 'NONE',  ( 412.4701935051990063, 0.7264562803907816946, 328.7660162873156082 ) ) ;
#307 = ORIENTED_EDGE ( 'NONE', *, *, #778, .T. ) ;
#308 = CARTESIAN_POINT ( 'NONE',  ( 327.2969101594431436, -2.180552896322513590, 227.3458145847404239 ) ) ;
#309 = DIRECTION ( 'NONE',  ( 0.000000000000000000, -1.000000000000000000, 0.000000000000000000 ) ) ;
#310 = CARTESIAN_POINT ( 'NONE',  ( 0.000000000000000000, -3.106131725712699687, 439.6889779992029617 ) ) ;
#311 = CARTESIAN_POINT ( 'NONE',  ( 333.3690537112605057, -0.4953789052648779334, 223.3898270353959958 ) ) ;
#312 = ADVANCED_FACE ( 'NONE', ( #161 ), #2315, .F. ) ;
#313 = CARTESIAN_POINT ( 'NONE',  ( 193.3333333323510033, -7.154764304304089606, 292.9608285418079845 ) ) ;
#314 = VERTEX_POINT ( 'NONE', #2275 ) ;
#315 = CARTESIAN_POINT ( 'NONE',  ( 417.4338765307213066, -4.246321361135391825, 329.0580308323848158 ) ) ;
#316 = DIRECTION ( 'NONE',  ( 0.000000000000000000, -1.000000000000000000, 0.000000000000000000 ) ) ;
#317 = CARTESIAN_POINT ( 'NONE',  ( 579.9999999970530098, 7.980006272893819919, 252.7075933310314895 ) ) ;
#318 = ORIENTED_EDGE ( 'NONE', *, *, #2169, .F. ) ;
#319 = DIRECTION ( 'NONE',  ( 1.000000000000000000, 0.000000000000000000, 0.000000000000000000 ) ) ;
#320 = CARTESIAN_POINT ( 'NONE',  ( 330.3268203271181847, -3.727055694225593463, 237.5083280793447784 ) ) ;
#321 = CARTESIAN_POINT ( 'NONE',  ( 312.0225099460400315, -6.429383558211520189, 300.5161685427824523 ) ) ;
#322 = CARTESIAN_POINT ( 'NONE',  ( 333.3903736960983792, -1.300627075536105348, 222.4974897177707760 ) ) ;
#323 = CARTESIAN_POINT ( 'NONE',  ( 414.4014107930946125, 0.7543541756600917747, 331.6455585274720193 ) ) ;
#324 = B_SPLINE_CURVE_WITH_KNOTS ( 'NONE', 3,
 ( #516, #1384, #2619, #3811, #1406, #2938, #2957, #1165, #3512, #2899, #1745, #205, #1701, #1466, #2376, #1764, #752, #3891, #162, #2976, #1975, #1146, #775, #3831 ),
 .UNSPECIFIED., .F., .F.,
 ( 4, 1, 1, 1, 1, 1, 1, 1, 1, 1, 1, 1, 1, 1, 1, 1, 1, 1, 1, 1, 1, 4 ),
 ( 0.1851962207859990106, 0.1867000813047329788, 0.1888561393957844947, 0.1916929906515345006, 0.1952260621067214985, 0.1994555736793884870, 0.2043665026653224970, 0.2099302545071689841, 0.2161072260642545040, 0.2228464574734499992, 0.2300886668510749855, 0.2377680972571140083, 0.2458378046382805049, 0.2542796559355899877, 0.2630643386739320300, 0.2721526288226734924, 0.2815015609205540059, 0.2910583566917585019, 0.3007255904091519771, 0.3103747951053534848, 0.3198724493873985053, 0.3218436982527604906 ),
 .UNSPECIFIED. ) ;
#325 = CARTESIAN_POINT ( 'NONE',  ( 327.4302447407468435, -1.998812733907093131, 226.6967316331809172 ) ) ;
#326 = PLANE ( 'NONE',  #1503 ) ;
#327 = CARTESIAN_POINT ( 'NONE',  ( 422.5635024850855075, -4.364812559107724255, 284.7069757724809733 ) ) ;
#328 = CARTESIAN_POINT ( 'NONE',  ( 445.0185472759409890, -5.822436841133850294, 281.0817145493894600 ) ) ;
#329 = CARTESIAN_POINT ( 'NONE',  ( 324.8370945548290365, 14.33246036806401946, 264.4069360666575221 ) ) ;
#330 = CARTESIAN_POINT ( 'NONE',  ( 193.3333333323510033, -3.838522145386324969, 429.4299400882139821 ) ) ;
#331 = CARTESIAN_POINT ( 'NONE',  ( 324.2001385375095310, -0.6270298637559869048, 222.9260561346090128 ) ) ;
#332 = CARTESIAN_POINT ( 'NONE',  ( 579.9999999970530098, -3.284290047907534760, 245.7904700933225115 ) ) ;
#333 = ORIENTED_EDGE ( 'NONE', *, *, #1614, .F. ) ;
#334 = CARTESIAN_POINT ( 'NONE',  ( 414.9367889235064695, 0.5948932482204040140, 287.0817145493894600 ) ) ;
#335 = CARTESIAN_POINT ( 'NONE',  ( 411.4368895127909695, -4.396521664309167576, 306.8978644807718297 ) ) ;
#336 = CARTESIAN_POINT ( 'NONE',  ( 579.9999999970530098, 11.62353847066274071, 274.5007389497849886 ) ) ;
#337 = ADVANCED_FACE ( 'NONE', ( #1405 ), #2877, .F. ) ;
#338 = VERTEX_POINT ( 'NONE', #3810 ) ;
#339 = CARTESIAN_POINT ( 'NONE',  ( 445.0185472759409890, -5.518887524353080387, 359.2460327981115142 ) ) ;
#340 = CARTESIAN_POINT ( 'NONE',  ( 329.2451767320437170, -4.182135949515708440, 242.8081751487120812 ) ) ;
#341 = CARTESIAN_POINT ( 'NONE',  ( 315.0370945548287409, -5.415866509635645976, 301.6710735754487018 ) ) ;
#342 = CARTESIAN_POINT ( 'NONE',  ( 333.4596178593612308, -0.8574764073703189382, 222.1544943487423609 ) ) ;
#343 = FACE_OUTER_BOUND ( 'NONE', #1901, .T. ) ;
#344 = CARTESIAN_POINT ( 'NONE',  ( 321.3404549120006095, -4.905258804464109446, 256.5357276323106817 ) ) ;
#345 = CARTESIAN_POINT ( 'NONE',  ( 324.8370945548290365, 21.80627730302189704, 264.4069360666575221 ) ) ;
#346 = CARTESIAN_POINT ( 'NONE',  ( 433.8918239262845304, -4.306700911742489701, 284.9155927286950032 ) ) ;
#347 = ADVANCED_FACE ( 'NONE', ( #1083 ), #2295, .F. ) ;
#348 = CARTESIAN_POINT ( 'NONE',  ( 413.5676136616677923, 0.5890493720713447789, 286.7025722742505991 ) ) ;
#349 = CARTESIAN_POINT ( 'NONE',  ( 413.1589706864211280, -4.398907152380540531, 282.8240453095871203 ) ) ;
#350 = AXIS2_PLACEMENT_3D ( 'NONE', #628, #2994, #1463 ) ;
#351 = UNCERTAINTY_MEASURE_WITH_UNIT (LENGTH_MEASURE( 1.000000000000000082E-05 ), #2033, 'distance_accuracy_value', 'NONE');
#352 = CARTESIAN_POINT ( 'NONE',  ( 579.9999999970530098, 1.086029542440168250, 373.4542763322204451 ) ) ;
#353 = CARTESIAN_POINT ( 'NONE',  ( 319.5845212907685209, -0.1861333095050180242, 222.2389364388340027 ) ) ;
#354 = CARTESIAN_POINT ( 'NONE',  ( 0.000000000000000000, -8.046388690722880099, 318.6767041878475197 ) ) ;
#355 = VERTEX_POINT ( 'NONE', #3218 ) ;
#356 = VECTOR ( 'NONE', #2166, 1000.000000000000000 ) ;
#357 = DIRECTION ( 'NONE',  ( 0.000000000000000000, 1.000000000000000000, 0.000000000000000000 ) ) ;
#358 = LINE ( 'NONE', #3155, #3352 ) ;
#359 = CARTESIAN_POINT ( 'NONE',  ( 386.6666666647020065, 9.514594926166108024, 242.4372132912700124 ) ) ;
#360 = ORIENTED_EDGE ( 'NONE', *, *, #1735, .T. ) ;
#361 = CARTESIAN_POINT ( 'NONE',  ( 412.9493878595697538, -4.277864998565824806, 327.6301198117399736 ) ) ;
#362 = AXIS2_PLACEMENT_3D ( 'NONE', #2378, #3594, #3650 ) ;
#363 = CARTESIAN_POINT ( 'NONE',  ( 332.7788624424632076, -1.477606024039543886, 225.4937899466800104 ) ) ;
#364 = CARTESIAN_POINT ( 'NONE',  ( 328.7955231099509774, 4.163192178531169851, 227.6886290440390042 ) ) ;
#365 = EDGE_CURVE ( 'NONE', #1843, #2752, #2618, .T. ) ;
#366 = DIRECTION ( 'NONE',  ( 0.000000000000000000, 0.0001963069156401585434, -0.9999999807317973000 ) ) ;
#367 = VECTOR ( 'NONE', #1187, 1000.000000000000227 ) ;
#368 = CARTESIAN_POINT ( 'NONE',  ( 445.0185472759409890, 7.299999999999999822, 281.0817145493894600 ) ) ;
#369 = PLANE ( 'NONE',  #1120 ) ;
#370 = CARTESIAN_POINT ( 'NONE',  ( 412.4369523662328447, 0.5898572422102567048, 284.5488675940362668 ) ) ;
#371 = CARTESIAN_POINT ( 'NONE',  ( 412.4752029317508004, -4.407873385034408287, 284.0360761593511256 ) ) ;
#372 = CARTESIAN_POINT ( 'NONE',  ( 579.9999999970530098, 7.615257880408830005, 334.9895548652660295 ) ) ;
#373 = CARTESIAN_POINT ( 'NONE',  ( 319.6058599213915272, -0.5510619677231010094, 222.5138790417854864 ) ) ;
#374 = FACE_BOUND ( 'NONE', #3347, .T. ) ;
#375 = VERTEX_POINT ( 'NONE', #2491 ) ;
#376 = CARTESIAN_POINT ( 'NONE',  ( 310.7031501894659868, -6.534917150601890157, 299.8868828811629896 ) ) ;
#377 = CARTESIAN_POINT ( 'NONE',  ( 310.0370945548290251, 14.79642538932169948, 302.0012580010704824 ) ) ;
#378 = CARTESIAN_POINT ( 'NONE',  ( 386.6666666647025181, 5.886350116970719526, 359.8738835282834998 ) ) ;
#379 = ORIENTED_EDGE ( 'NONE', *, *, #471, .F. ) ;
#380 = LINE ( 'NONE', #2218, #2790 ) ;
#381 = CARTESIAN_POINT ( 'NONE',  ( 332.3781433919755841, -2.112639323013221659, 227.4572367743010375 ) ) ;
#382 = CARTESIAN_POINT ( 'NONE',  ( 328.7769879461210394, 1.272122058319614002, 223.7700772625240120 ) ) ;
#383 = ORIENTED_EDGE ( 'NONE', *, *, #1774, .F. ) ;
#384 = AXIS2_PLACEMENT_3D ( 'NONE', #2872, #3151, #1278 ) ;
#385 = CARTESIAN_POINT ( 'NONE',  ( 411.4367889235229541, -5.998504978718439240, 281.0817145493894600 ) ) ;
#386 = EDGE_CURVE ( 'NONE', #2716, #2740, #2219, .T. ) ;
#387 = CARTESIAN_POINT ( 'NONE',  ( 328.2087421927279252, -0.2980687467945286051, 222.8827605932178244 ) ) ;
#388 = CARTESIAN_POINT ( 'NONE',  ( 315.0370945548290251, -5.667687044727999890, 304.7528642548580251 ) ) ;
#389 = CARTESIAN_POINT ( 'NONE',  ( 414.4996800854437424, 0.6116796055300465218, 282.0985564050657786 ) ) ;
#390 = CARTESIAN_POINT ( 'NONE',  ( 412.4370043718286070, -4.410408654770441750, 284.6189877161531854 ) ) ;
#391 = CARTESIAN_POINT ( 'NONE',  ( 579.9999999970530098, -4.411656509256205005, 398.4873859567280192 ) ) ;
#392 = CARTESIAN_POINT ( 'NONE',  ( 328.7574410940599705, -0.07427064199207168704, 222.8249486988584920 ) ) ;
#393 = CARTESIAN_POINT ( 'NONE',  ( 559.9999999970530098, -40.00000000000000000, 350.4443456138974966 ) ) ;
#394 = ORIENTED_EDGE ( 'NONE', *, *, #684, .F. ) ;
#395 = DIRECTION ( 'NONE',  ( 0.000000000000000000, 1.000000000000000000, 0.000000000000000000 ) ) ;
#396 = CARTESIAN_POINT ( 'NONE',  ( 324.8370945548290365, 14.33246036806401946, 264.4069360666575221 ) ) ;
#397 = CARTESIAN_POINT ( 'NONE',  ( 193.3333333323510033, 3.194756911386669618, 389.6578644352155152 ) ) ;
#398 = EDGE_CURVE ( 'NONE', #3942, #3711, #79, .T. ) ;
#399 = ORIENTED_EDGE ( 'NONE', *, *, #3763, .T. ) ;
#400 = LINE ( 'NONE', #2825, #2273 ) ;
#401 = CARTESIAN_POINT ( 'NONE',  ( 331.9671416891657145, -2.577638787590879943, 229.4710666347667711 ) ) ;
#402 = CARTESIAN_POINT ( 'NONE',  ( 328.7982773010505184, 4.811299446498240151, 228.9160196061640136 ) ) ;
#403 = CARTESIAN_POINT ( 'NONE',  ( 319.6418725697894843, 13.25334130267665955, 264.9483201268010362 ) ) ;
#404 = ORIENTED_EDGE ( 'NONE', *, *, #2389, .T. ) ;
#405 = CARTESIAN_POINT ( 'NONE',  ( 328.1844267493860912, 0.3972556276568722788, 223.0016151708231860 ) ) ;
#406 = CLOSED_SHELL ( 'NONE', ( #1322, #2305, #347, #2636, #3051, #3646, #2027, #2094, #298, #1474, #2823, #3683, #1889, #1284, #3148, #2108, #183, #2931, #1297, #597, #98, #2883, #3846, #3175, #3134, #1496, #3124, #3186, #3609, #970, #1773, #881, #3731, #3508, #2712, #2810, #3948, #3880, #811, #920, #3817, #1138, #1820, #51, #3558, #312, #21, #2439, #3839, #1179, #1101, #1186, #1763, #1233, #3061, #1155, #706 ) ) ;
#407 = CARTESIAN_POINT ( 'NONE',  ( 412.4375868393811402, 0.5899854363755839826, 284.5165173235204747 ) ) ;
#408 = CARTESIAN_POINT ( 'NONE',  ( 332.8038411574560769, 3.970620703127373474, 225.3705297881359684 ) ) ;
#409 = CARTESIAN_POINT ( 'NONE',  ( 579.9999999970530098, -4.725788449733830277, 379.3994230421295129 ) ) ;
#410 = CARTESIAN_POINT ( 'NONE',  ( 324.2279940868215249, -2.376440159249929795, 227.9297155137604989 ) ) ;
#411 = AXIS2_PLACEMENT_3D ( 'NONE', #1608, #3442, #2523 ) ;
#412 = STYLED_ITEM ( 'NONE', ( #552 ), #2365 ) ;
#413 = FACE_BOUND ( 'NONE', #869, .T. ) ;
#414 = ORIENTED_EDGE ( 'NONE', *, *, #2425, .F. ) ;
#415 = AXIS2_PLACEMENT_3D ( 'NONE', #261, #893, #3615 ) ;
#416 = CARTESIAN_POINT ( 'NONE',  ( 416.2632665075979617, 0.6027613079613474145, 286.7050696458400125 ) ) ;
#417 = CARTESIAN_POINT ( 'NONE',  ( 310.0370945548295367, -4.538304021238969810, 301.8817145493895282 ) ) ;
#418 = CARTESIAN_POINT ( 'NONE',  ( 193.3333333323510033, -1.480112654933182004, 416.3527847794969716 ) ) ;
#419 = EDGE_LOOP ( 'NONE', ( #2977, #571, #1565, #2132 ) ) ;
#420 = CARTESIAN_POINT ( 'NONE',  ( 310.6986470848884778, -6.534940180343499883, 299.8868828920454916 ) ) ;
#421 = EDGE_CURVE ( 'NONE', #2394, #3241, #788, .T. ) ;
#422 = CARTESIAN_POINT ( 'NONE',  ( 331.9148730906277933, -2.627832252885739184, 229.7271727865914102 ) ) ;
#423 = CARTESIAN_POINT ( 'NONE',  ( 328.7739897142044470, 0.7716125938363099790, 223.3328851427714881 ) ) ;
#424 = CARTESIAN_POINT ( 'NONE',  ( 310.0370945548290251, -6.538323494046630380, 299.8868844838020209 ) ) ;
#425 = CARTESIAN_POINT ( 'NONE',  ( 315.0370945548290251, -5.860385372111699631, 304.7126196899475303 ) ) ;
#426 = CARTESIAN_POINT ( 'NONE',  ( 328.1939944521622010, 0.3269786003063199220, 222.9546719621545776 ) ) ;
#427 = CARTESIAN_POINT ( 'NONE',  ( 340.4623613274989680, -0.6020362616947388945, 367.2496787785179890 ) ) ;
#428 = CARTESIAN_POINT ( 'NONE',  ( 333.1896241643029271, 2.393599480744801333, 223.4811352534418916 ) ) ;
#429 = CARTESIAN_POINT ( 'NONE',  ( 579.9999999970530098, -4.839072846083489310, 357.5893618452735154 ) ) ;
#430 = CARTESIAN_POINT ( 'NONE',  ( 319.6290765632205648, -1.314961430267060027, 224.1251488280464912 ) ) ;
#431 = DIRECTION ( 'NONE',  ( 0.000000000000000000, 0.000000000000000000, -1.000000000000000000 ) ) ;
#432 = LINE ( 'NONE', #137, #3848 ) ;
#433 = CARTESIAN_POINT ( 'NONE',  ( 416.7011307289675415, 0.6059584598975870096, 286.3529026756979192 ) ) ;
#434 = EDGE_CURVE ( 'NONE', #2740, #17, #1512, .T. ) ;
#435 = CARTESIAN_POINT ( 'NONE',  ( 310.0370945548290251, -5.426595392370279214, 301.6784885852702018 ) ) ;
#436 = CARTESIAN_POINT ( 'NONE',  ( 193.3333333323510033, 13.87615993987009944, 323.4795464500550111 ) ) ;
#437 = PLANE ( 'NONE',  #1242 ) ;
#438 = ORIENTED_EDGE ( 'NONE', *, *, #3887, .F. ) ;
#439 = CARTESIAN_POINT ( 'NONE',  ( 312.0370945548290251, -4.528075591606529393, 304.8817145493895282 ) ) ;
#440 = CARTESIAN_POINT ( 'NONE',  ( 332.0845180440505828, -2.462447306311994488, 228.8959449095668788 ) ) ;
#441 = CARTESIAN_POINT ( 'NONE',  ( 328.7790818055929662, 1.590379253069019949, 224.0652934406645045 ) ) ;
#442 = DIRECTION ( 'NONE',  ( 0.000000000000000000, 0.000000000000000000, -1.000000000000000000 ) ) ;
#443 = CARTESIAN_POINT ( 'NONE',  ( 445.0185472759409890, -2.782476977523040076E-11, 229.4369720688004861 ) ) ;
#444 = CARTESIAN_POINT ( 'NONE',  ( 328.1137612832228001, 0.8433435096110961648, 223.3477136090277213 ) ) ;
#445 = FACE_OUTER_BOUND ( 'NONE', #884, .T. ) ;
#446 = CARTESIAN_POINT ( 'NONE',  ( 332.7166410605796045, 4.260918324630193155, 225.7986627832864883 ) ) ;
#447 = CARTESIAN_POINT ( 'NONE',  ( 579.9999999970530098, -4.937668687604560347, 340.7488106811250077 ) ) ;
#448 = CARTESIAN_POINT ( 'NONE',  ( 328.8098073275770048, -1.763086799018759976, 226.0245810534345026 ) ) ;
#449 = LINE ( 'NONE', #1672, #889 ) ;
#450 = CARTESIAN_POINT ( 'NONE',  ( 310.0370945548290251, -6.149329883771530447, 369.5786951049935283 ) ) ;
#451 = CARTESIAN_POINT ( 'NONE',  ( 312.0293784915455149, -5.534115986026066913, 301.6152771260659051 ) ) ;
#452 = CIRCLE ( 'NONE', #3899, 2.000000000000001776 ) ;
#453 = DIRECTION ( 'NONE',  ( 0.000000000000000000, 1.000000000000000000, 0.000000000000000000 ) ) ;
#454 = CARTESIAN_POINT ( 'NONE',  ( 386.6666666647020065, 14.37424184543501937, 276.2848736422494653 ) ) ;
#455 = CARTESIAN_POINT ( 'NONE',  ( 310.0370945548290251, 3.306277303021955216, 272.6767156309139750 ) ) ;
#456 = CARTESIAN_POINT ( 'NONE',  ( 310.0370945548290251, 21.80627730302189704, 264.4069360666575221 ) ) ;
#457 = ORIENTED_EDGE ( 'NONE', *, *, #896, .F. ) ;
#458 = CARTESIAN_POINT ( 'NONE',  ( 417.4367144579856017, 0.7546056822491399307, 329.2022318009539390 ) ) ;
#459 = CARTESIAN_POINT ( 'NONE',  ( 193.3333333323510033, 16.91444032200660175, 281.1003418505099489 ) ) ;
#460 = CARTESIAN_POINT ( 'NONE',  ( 330.9501130384294925, 7.089316080388490704, 234.4543128154973033 ) ) ;
#461 = CARTESIAN_POINT ( 'NONE',  ( 333.3501291110235343, 0.05494821164880660247, 223.1514924583190123 ) ) ;
#462 = EDGE_CURVE ( 'NONE', #104, #3454, #947, .T. ) ;
#463 = CARTESIAN_POINT ( 'NONE',  ( 445.2201976058389619, -4.257425434354039417, 289.4732398118464971 ) ) ;
#464 = CARTESIAN_POINT ( 'NONE',  ( 314.5237917588595451, -6.507617289478147882, 302.5462430650758847 ) ) ;
#465 = PLANE ( 'NONE',  #411 ) ;
#466 = CARTESIAN_POINT ( 'NONE',  ( 328.2094076565117575, -0.2924895026560517808, 222.8795234825223304 ) ) ;
#467 = LINE ( 'NONE', #3798, #1461 ) ;
#468 = B_SPLINE_CURVE_WITH_KNOTS ( 'NONE', 3,
 ( #3867, #2351, #1440, #3568, #3573 ),
 .UNSPECIFIED., .F., .F.,
 ( 4, 1, 4 ),
 ( 0.003000030975835895047, 0.006952320590642950895, 0.007404681095804980032 ),
 .UNSPECIFIED. ) ;
#469 = CARTESIAN_POINT ( 'NONE',  ( 331.6760456466266760, 6.949019182518783033, 230.8973818897761703 ) ) ;
#470 = CARTESIAN_POINT ( 'NONE',  ( 386.6666666647025181, -5.260036546780129996, 416.2510710529379594 ) ) ;
#471 = EDGE_CURVE ( 'NONE', #3947, #3454, #645, .T. ) ;
#472 = CARTESIAN_POINT ( 'NONE',  ( 328.8055704169934756, -1.079040764968949961, 224.1690346849014759 ) ) ;
#473 = ORIENTED_EDGE ( 'NONE', *, *, #3293, .F. ) ;
#474 = CARTESIAN_POINT ( 'NONE',  ( 312.0237432330732190, -6.268750973967669893, 300.8756181087176174 ) ) ;
#475 = B_SPLINE_CURVE_WITH_KNOTS ( 'NONE', 3,
 ( #3713, #1582, #3470, #729 ),
 .UNSPECIFIED., .F., .F.,
 ( 4, 4 ),
 ( 0.000000000000000000, 1.000000000000000000 ),
 .UNSPECIFIED. ) ;
#476 = DIRECTION ( 'NONE',  ( 0.000000000000000000, -1.000000000000000000, 0.000000000000000000 ) ) ;
#477 = CARTESIAN_POINT ( 'NONE',  ( 386.6666666647020065, -5.634577376048330422, 393.4924128655395066 ) ) ;
#478 = CARTESIAN_POINT ( 'NONE',  ( 320.5207681346430491, -0.6534755244859450363, 368.7761829327499754 ) ) ;
#479 = CARTESIAN_POINT ( 'NONE',  ( 445.0185355659219795, -4.222381424569579877, 281.0817142894495078 ) ) ;
#480 = EDGE_LOOP ( 'NONE', ( #1826, #871, #1515, #3582 ) ) ;
#481 = CARTESIAN_POINT ( 'NONE',  ( 620.0000000000000000, 3.306277303021955216, 269.3767156309139637 ) ) ;
#482 = CARTESIAN_POINT ( 'NONE',  ( 193.3333333323510033, 14.02218431666461917, 245.8289446186509792 ) ) ;
#483 = CARTESIAN_POINT ( 'NONE',  ( 332.7179331906291964, 2.802431260208566588, 225.7923316458500835 ) ) ;
#484 = ORIENTED_EDGE ( 'NONE', *, *, #1411, .T. ) ;
#485 = CARTESIAN_POINT ( 'NONE',  ( 312.5247050059933827, -6.524501679244889552, 300.3008677680991809 ) ) ;
#486 = CARTESIAN_POINT ( 'NONE',  ( 328.8079239666105309, 7.758508644157780410, 236.3160768412290054 ) ) ;
#487 = CARTESIAN_POINT ( 'NONE',  ( 324.1382259191501589, 9.670681737266853872, 242.8271940328264407 ) ) ;
#488 = EDGE_CURVE ( 'NONE', #3, #1969, #2793, .T. ) ;
#489 = CARTESIAN_POINT ( 'NONE',  ( 411.4367889235229541, 7.299999999999999822, 332.6817145493894827 ) ) ;
#490 = CARTESIAN_POINT ( 'NONE',  ( 333.4639118381855951, 0.7037717445665045979, 222.1371769993456269 ) ) ;
#491 = CARTESIAN_POINT ( 'NONE',  ( 193.3333333323510033, -3.705220741270884854, 218.2751697116970035 ) ) ;
#492 = CARTESIAN_POINT ( 'NONE',  ( 328.8167080188345039, -2.363536089129230078, 228.2151709786615186 ) ) ;
#493 = LINE ( 'NONE', #1141, #2259 ) ;
#494 = CYLINDRICAL_SURFACE ( 'NONE', #1509, 5.299999999999998934 ) ;
#495 = CARTESIAN_POINT ( 'NONE',  ( 579.9999999970530098, -4.411656509256205005, 398.4873859567280192 ) ) ;
#496 = FACE_BOUND ( 'NONE', #2252, .T. ) ;
#497 = CARTESIAN_POINT ( 'NONE',  ( 414.9367889235450093, -4.405106751779400476, 287.0817145493894600 ) ) ;
#498 = ORIENTED_EDGE ( 'NONE', *, *, #2756, .F. ) ;
#499 = FACE_OUTER_BOUND ( 'NONE', #1204, .T. ) ;
#500 = CARTESIAN_POINT ( 'NONE',  ( 579.9999999970530098, 4.033212153983865456, 242.5533110923769868 ) ) ;
#501 = CARTESIAN_POINT ( 'NONE',  ( 329.1602194261208751, 9.662019489871054745, 243.2244497246135779 ) ) ;
#502 = LINE ( 'NONE', #1729, #2430 ) ;
#503 = VERTEX_POINT ( 'NONE', #427 ) ;
#504 = CARTESIAN_POINT ( 'NONE',  ( 312.6940353703778896, -6.523234384457547108, 300.4431689839653359 ) ) ;
#505 = CARTESIAN_POINT ( 'NONE',  ( 328.8100875544344603, 8.596158795726930535, 239.0253673736989697 ) ) ;
#506 = CARTESIAN_POINT ( 'NONE',  ( 326.5779440067937003, 5.794084079698458289, 230.8721538430110627 ) ) ;
#507 = CARTESIAN_POINT ( 'NONE',  ( 413.4367889235229541, -4.425295614953602907, 293.3597855406949861 ) ) ;
#508 = CARTESIAN_POINT ( 'NONE',  ( 415.1034555901896397, -4.279072443268693959, 325.6817145493894827 ) ) ;
#509 = EDGE_CURVE ( 'NONE', #897, #852, #1436, .T. ) ;
#510 = CARTESIAN_POINT ( 'NONE',  ( 579.9999999970530098, -2.452747206727054999E-11, 238.5133111311284893 ) ) ;
#511 = CARTESIAN_POINT ( 'NONE',  ( 319.6516144021634886, -4.796317462936850795, 253.3814538035989870 ) ) ;
#512 = CARTESIAN_POINT ( 'NONE',  ( 417.4367234316196118, 0.6156316692649346223, 284.6002719256333648 ) ) ;
#513 = CARTESIAN_POINT ( 'NONE',  ( 414.9367889235229541, 149.2235650228594181, 329.1817145493894827 ) ) ;
#514 = CARTESIAN_POINT ( 'NONE',  ( 193.3333333323510033, -6.011416850334450501, 437.9956807640800207 ) ) ;
#515 = CARTESIAN_POINT ( 'NONE',  ( 321.4350485368580053, -5.083938173334690447, 264.4069360666575221 ) ) ;
#516 = CARTESIAN_POINT ( 'NONE',  ( 445.0185472759409890, -2.782476977523040076E-11, 229.4369720688004861 ) ) ;
#517 = ORIENTED_EDGE ( 'NONE', *, *, #2248, .T. ) ;
#518 = LINE ( 'NONE', #1957, #3297 ) ;
#519 = CARTESIAN_POINT ( 'NONE',  ( 0.000000000000000000, 6.360022959421539390, 205.8840378691749891 ) ) ;
#520 = CARTESIAN_POINT ( 'NONE',  ( 332.6504326450069016, 3.043229385385879837, 226.1230714297560667 ) ) ;
#521 = CARTESIAN_POINT ( 'NONE',  ( 433.8919109162455356, -4.191408160465539545, 324.4624556064200078 ) ) ;
#522 = CARTESIAN_POINT ( 'NONE',  ( 312.3921659312741781, -6.525455288473585469, 300.1908062791831640 ) ) ;
#523 = CARTESIAN_POINT ( 'NONE',  ( 324.2273490235795066, 11.49900708824259965, 251.8155687243299781 ) ) ;
#524 = CARTESIAN_POINT ( 'NONE',  ( 327.3176525772932450, 3.969070140156792270, 227.2483530498378457 ) ) ;
#525 = CARTESIAN_POINT ( 'NONE',  ( 332.3689648275754962, -3.365124183595493701, 227.4967315406314015 ) ) ;
#526 = CARTESIAN_POINT ( 'NONE',  ( 414.0839821638950298, 0.7426895947241999307, 330.0514446437400125 ) ) ;
#527 = CARTESIAN_POINT ( 'NONE',  ( 0.000000000000000000, -7.638359414888849841, 243.0181500959984646 ) ) ;
#528 = CARTESIAN_POINT ( 'NONE',  ( 333.4096716194250121, -2.875862925451520002, 231.2545400233670136 ) ) ;
#529 = CARTESIAN_POINT ( 'NONE',  ( 324.1848031917809863, 0.6892591437911270713, 222.9547537647960098 ) ) ;
#530 = FACE_OUTER_BOUND ( 'NONE', #1896, .T. ) ;
#531 = CARTESIAN_POINT ( 'NONE',  ( 0.000000000000000000, -7.169037781342539439, 446.3294496812644638 ) ) ;
#532 = ORIENTED_EDGE ( 'NONE', *, *, #697, .T. ) ;
#533 = CARTESIAN_POINT ( 'NONE',  ( 445.0185472759409890, 7.299999999999999822, 330.6817145493894827 ) ) ;
#534 = ORIENTED_EDGE ( 'NONE', *, *, #3717, .F. ) ;
#535 = CARTESIAN_POINT ( 'NONE',  ( 417.3677176665818251, -4.241770818573247226, 329.8534124196180528 ) ) ;
#536 = CARTESIAN_POINT ( 'NONE',  ( 386.6666666647020065, 9.079703889018320595, 340.5423409009899842 ) ) ;
#537 = CARTESIAN_POINT ( 'NONE',  ( 332.4018199710391741, 3.818302311668617222, 227.3412260580781776 ) ) ;
#538 = CARTESIAN_POINT ( 'NONE',  ( 418.4367889235230109, -4.230973610777705396, 330.6817145493894827 ) ) ;
#539 = AXIS2_PLACEMENT_3D ( 'NONE', #2640, #223, #3851 ) ;
#540 = CARTESIAN_POINT ( 'NONE',  ( 313.9037716234550999, -6.513685440999793741, 301.6386168153207450 ) ) ;
#541 = CARTESIAN_POINT ( 'NONE',  ( 324.2175430741314699, 7.180268281275090203, 234.2664814672895091 ) ) ;
#542 = VECTOR ( 'NONE', #1226, 1000.000000000000000 ) ;
#543 = CARTESIAN_POINT ( 'NONE',  ( 326.6646162911599163, 5.605231487349038311, 230.4471192719425687 ) ) ;
#544 = CARTESIAN_POINT ( 'NONE',  ( 319.7340254802990103, -30.00000000000000000, 264.4069360666575221 ) ) ;
#545 = CARTESIAN_POINT ( 'NONE',  ( 329.6390488007667159, 10.30444288327155888, 240.8783192096424841 ) ) ;
#546 = CARTESIAN_POINT ( 'NONE',  ( 0.000000000000000000, -7.903040807874520901, 253.8147977847374648 ) ) ;
#547 = DIRECTION ( 'NONE',  ( 1.000000000000000000, 0.000000000000000000, 0.000000000000000000 ) ) ;
#548 = VECTOR ( 'NONE', #1939, 1000.000000000000000 ) ;
#549 = CARTESIAN_POINT ( 'NONE',  ( 333.3585987715225087, 0.3500075963532809920, 223.3170575426595121 ) ) ;
#550 = CARTESIAN_POINT ( 'NONE',  ( 386.6666666647020065, -4.705967703391119805, 419.7200802417859791 ) ) ;
#551 = ORIENTED_EDGE ( 'NONE', *, *, #3854, .T. ) ;
#552 = PRESENTATION_STYLE_ASSIGNMENT (( #1891 ) ) ;
#553 = EDGE_LOOP ( 'NONE', ( #3649, #1407 ) ) ;
#554 = LINE ( 'NONE', #260, #1199 ) ;
#555 = PRESENTATION_LAYER_ASSIGNMENT (  '', '', ( #2282 ) ) ;
#556 = EDGE_CURVE ( 'NONE', #975, #1265, #3759, .T. ) ;
#557 = CARTESIAN_POINT ( 'NONE',  ( 411.4368850581818720, -4.427377599664060526, 297.9379039111635734 ) ) ;
#558 = CARTESIAN_POINT ( 'NONE',  ( 433.8919057738514766, -4.135361927419429762, 333.2537756038994416 ) ) ;
#559 = B_SPLINE_CURVE_WITH_KNOTS ( 'NONE', 3,
 ( #679, #288, #1532, #3941, #1252, #2123, #2465, #1514, #659, #306, #923, #3700, #1886, #2809, #2488, #3721, #2203, #603, #641, #2788, #3423, #2763, #9, #1831, #1907, #1589, #50, #3103, #70, #2427, #3642, #1230, #29, #3065, #323, #2446, #2728 ),
 .UNSPECIFIED., .F., .F.,
 ( 4, 2, 2, 2, 2, 2, 1, 1, 1, 1, 2, 2, 2, 2, 2, 2, 1, 2, 2, 2, 4 ),
 ( 0.000000000000000000, 0.1250000000019259039, 0.2500000000038518078, 0.3750000000057777116, 0.4375000000067365558, 0.4687500000072138961, 0.4843750000074422135, 0.4921875000075564000, 0.4960937500076028073, 0.4980468750076260109, 0.4990234375076376683, 0.5000000000076493256, 0.6250000000058205663, 0.6875000000049061866, 0.7187500000044565462, 0.7343750000042253978, 0.7421875000041047166, 0.7460937500040392134, 0.7500000000039737102, 0.8750000000019868551, 1.000000000000000000 ),
 .UNSPECIFIED. ) ;
#560 = CARTESIAN_POINT ( 'NONE',  ( 445.0185472759409890, -4.094611726652620298, 330.6817145493894827 ) ) ;
#561 = CARTESIAN_POINT ( 'NONE',  ( 319.6386350915664707, 11.54515333624116025, 251.6172686648735066 ) ) ;
#562 = CARTESIAN_POINT ( 'NONE',  ( 327.4087237425577541, 3.703656584555773623, 226.8013923477442404 ) ) ;
#563 = CARTESIAN_POINT ( 'NONE',  ( 331.3902417011340162, -4.280975102079581873, 232.2975991112404870 ) ) ;
#564 = CARTESIAN_POINT ( 'NONE',  ( 329.4444772110607005, 10.55115633271268472, 241.8316408610729127 ) ) ;
#565 = CARTESIAN_POINT ( 'NONE',  ( 579.9999999970530098, -1.220256621134523822, 238.8938225097270163 ) ) ;
#566 = CARTESIAN_POINT ( 'NONE',  ( 333.4181686804690230, -4.870642203266769776, 257.7671035784570108 ) ) ;
#567 = EDGE_CURVE ( 'NONE', #2726, #2808, #1947, .T. ) ;
#568 = CARTESIAN_POINT ( 'NONE',  ( 324.1833618955505472, 0.5172632231167370032, 222.8201763567230103 ) ) ;
#569 = CARTESIAN_POINT ( 'NONE',  ( 0.000000000000000000, -4.219827966912870210, 206.0754173260050095 ) ) ;
#570 = AXIS2_PLACEMENT_3D ( 'NONE', #136, #3765, #431 ) ;
#571 = ORIENTED_EDGE ( 'NONE', *, *, #2536, .T. ) ;
#572 = ORIENTED_EDGE ( 'NONE', *, *, #3256, .T. ) ;
#573 = CARTESIAN_POINT ( 'NONE',  ( 417.3986045959440503, -4.248626558629499783, 328.7282213639314250 ) ) ;
#574 = CARTESIAN_POINT ( 'NONE',  ( 411.4628465916174491, -0.02184400202960999626, 376.8585635946874959 ) ) ;
#575 = CARTESIAN_POINT ( 'NONE',  ( 413.4367889235229541, -1.525667192811740014, 321.8817145493894714 ) ) ;
#576 = ORIENTED_EDGE ( 'NONE', *, *, #3097, .T. ) ;
#577 = CARTESIAN_POINT ( 'NONE',  ( 417.4357675489987400, -4.384004695506954263, 284.5046860646917253 ) ) ;
#578 = CARTESIAN_POINT ( 'NONE',  ( 328.8006915502034531, 5.419418878782969351, 230.1682274010084939 ) ) ;
#579 = EDGE_CURVE ( 'NONE', #3326, #957, #3796, .T. ) ;
#580 = CARTESIAN_POINT ( 'NONE',  ( 559.8975135647069692, -0.03600413214643190252, 350.4521908228139750 ) ) ;
#581 = CARTESIAN_POINT ( 'NONE',  ( 315.0370945548290251, -7.043077913248549926, 304.2156209977175649 ) ) ;
#582 = CARTESIAN_POINT ( 'NONE',  ( 332.7253354089072559, -2.847518692814920538, 225.7560638834869735 ) ) ;
#583 = CARTESIAN_POINT ( 'NONE',  ( 412.3910989834990346, 0.7131842211379499918, 326.6913507990084895 ) ) ;
#584 = ORIENTED_EDGE ( 'NONE', *, *, #2512, .T. ) ;
#585 = CARTESIAN_POINT ( 'NONE',  ( 324.9683973792920710, -3.906405763063947933, 238.7565223987862737 ) ) ;
#586 = CARTESIAN_POINT ( 'NONE',  ( 333.4152394721284622, -3.991810157093705236, 240.6460993348885040 ) ) ;
#587 = EDGE_CURVE ( 'NONE', #191, #2217, #2949, .T. ) ;
#588 = CARTESIAN_POINT ( 'NONE',  ( 324.1727012469970077, 0.05856870451289600266, 222.5351365294114885 ) ) ;
#589 = CARTESIAN_POINT ( 'NONE',  ( 0.000000000000000000, -2.971648534343649839, 202.6081388344405241 ) ) ;
#590 = ORIENTED_EDGE ( 'NONE', *, *, #2319, .F. ) ;
#591 = ORIENTED_EDGE ( 'NONE', *, *, #626, .T. ) ;
#592 = LINE ( 'NONE', #853, #1630 ) ;
#593 = PLANE ( 'NONE',  #1191 ) ;
#594 = CARTESIAN_POINT ( 'NONE',  ( 579.9999999970530098, 9.121458547516448689, 257.3579398412699675 ) ) ;
#595 = ORIENTED_EDGE ( 'NONE', *, *, #2560, .F. ) ;
#596 = CARTESIAN_POINT ( 'NONE',  ( 416.2594892378565419, -4.397285105421857132, 286.7161033492800470 ) ) ;
#597 = ADVANCED_FACE ( 'NONE', ( #445 ), #2888, .F. ) ;
#598 = VECTOR ( 'NONE', #12, 1000.000000000000000 ) ;
#599 = DIRECTION ( 'NONE',  ( 0.000000000000000000, 0.000000000000000000, -1.000000000000000000 ) ) ;
#600 = CARTESIAN_POINT ( 'NONE',  ( 315.0370945548290251, -8.879593339260550167, 302.3664734533149954 ) ) ;
#601 = EDGE_LOOP ( 'NONE', ( #61, #318, #22, #816 ) ) ;
#602 = CARTESIAN_POINT ( 'NONE',  ( 330.1164757913647918, -5.046016137184190065, 238.5365976343450711 ) ) ;
#603 = CARTESIAN_POINT ( 'NONE',  ( 412.4367949113085388, 0.7287972653760100838, 329.1756529960819080 ) ) ;
#604 = VERTEX_POINT ( 'NONE', #1114 ) ;
#605 = EDGE_CURVE ( 'NONE', #2137, #3695, #1986, .T. ) ;
#606 = CARTESIAN_POINT ( 'NONE',  ( 445.0185472759409890, -2.782476977523040076E-11, 229.4369720688004861 ) ) ;
#607 = CARTESIAN_POINT ( 'NONE',  ( 118.4367889235230109, -3.525667192811749562, 0.000000000000000000 ) ) ;
#608 = CARTESIAN_POINT ( 'NONE',  ( 386.6666666647025181, -5.113126307511019597, 421.1293184417575048 ) ) ;
#609 = CARTESIAN_POINT ( 'NONE',  ( 324.1886778410629972, -0.4649600830662740103, 222.7348517877350105 ) ) ;
#610 = CARTESIAN_POINT ( 'NONE',  ( 386.6666666647025181, -5.954441073316520061, 336.9066955511405013 ) ) ;
#611 = ORIENTED_EDGE ( 'NONE', *, *, #636, .T. ) ;
#612 = CARTESIAN_POINT ( 'NONE',  ( 417.4367877749540412, -4.245544393666202510, 329.1781498911202561 ) ) ;
#613 = LINE ( 'NONE', #1824, #2972 ) ;
#614 = CARTESIAN_POINT ( 'NONE',  ( 579.9999999970530098, 1.367670693497609946, 239.2000782469990270 ) ) ;
#615 = EDGE_LOOP ( 'NONE', ( #2455, #2463, #1484, #3396 ) ) ;
#616 = CARTESIAN_POINT ( 'NONE',  ( 414.9581243893543387, -4.404996431364244458, 287.0817145493892326 ) ) ;
#617 = CARTESIAN_POINT ( 'NONE',  ( 329.2437151777119766, -4.182654636766648615, 242.8153364858448242 ) ) ;
#618 = CARTESIAN_POINT ( 'NONE',  ( 312.0316603153419805, -5.236504784545419788, 301.7532153833685129 ) ) ;
#619 = CARTESIAN_POINT ( 'NONE',  ( 333.5044377421774584, -3.054881667386425192E-11, 221.9386095311469944 ) ) ;
#620 = DIRECTION ( 'NONE',  ( -1.000000000000000000, 0.000000000000000000, 9.682177540335662220E-15 ) ) ;
#621 = CARTESIAN_POINT ( 'NONE',  ( 327.3961607984325610, -2.047331588286078752, 226.8628526317729381 ) ) ;
#622 = DIRECTION ( 'NONE',  ( 0.000000000000000000, -1.000000000000000000, 0.000000000000000000 ) ) ;
#623 = CARTESIAN_POINT ( 'NONE',  ( 412.8558326529046099, 0.5873847651893899791, 286.0053588374519791 ) ) ;
#624 = CARTESIAN_POINT ( 'NONE',  ( 412.9141552846450622, -4.401524460597266319, 283.1092794770667638 ) ) ;
#625 = CARTESIAN_POINT ( 'NONE',  ( 193.3333333323510033, -5.464983162938359840, 438.0432744059714878 ) ) ;
#626 = EDGE_CURVE ( 'NONE', #2434, #1090, #695, .T. ) ;
#627 = CARTESIAN_POINT ( 'NONE',  ( 328.7832877854179969, -0.5404702794751470307, 223.1257397842315129 ) ) ;
#628 = CARTESIAN_POINT ( 'NONE',  ( 0.000000000000000000, 0.000000000000000000, 0.000000000000000000 ) ) ;
#629 = CARTESIAN_POINT ( 'NONE',  ( 193.3333333323510033, -5.898521906545280302, 234.5410815672919966 ) ) ;
#630 = ORIENTED_EDGE ( 'NONE', *, *, #2195, .F. ) ;
#631 = DIRECTION ( 'NONE',  ( 0.07632546015824470675, 0.000000000000000000, 0.9970829574973348874 ) ) ;
#632 = FACE_OUTER_BOUND ( 'NONE', #3016, .T. ) ;
#633 = CARTESIAN_POINT ( 'NONE',  ( 193.3333333323510033, 3.685149208709674884, 215.2350108880430071 ) ) ;
#634 = EDGE_LOOP ( 'NONE', ( #3625, #863, #1865, #797 ) ) ;
#635 = PLANE ( 'NONE',  #866 ) ;
#636 = EDGE_CURVE ( 'NONE', #3118, #2800, #1046, .T. ) ;
#637 = LINE ( 'NONE', #46, #2072 ) ;
#638 = CARTESIAN_POINT ( 'NONE',  ( 418.4367889235230109, -4.372633561606570574, 283.0817145493894600 ) ) ;
#639 = VERTEX_POINT ( 'NONE', #806 ) ;
#640 = CARTESIAN_POINT ( 'NONE',  ( 310.0370945548290251, -6.492721997814470569, 311.8817145493894714 ) ) ;
#641 = CARTESIAN_POINT ( 'NONE',  ( 412.4367895564431024, 0.7288207549509966299, 329.1794186965630615 ) ) ;
#642 = CARTESIAN_POINT ( 'NONE',  ( 322.8068248766487045, -4.613342119775257544, 249.3504865238652712 ) ) ;
#643 = FACE_OUTER_BOUND ( 'NONE', #2641, .T. ) ;
#644 = CARTESIAN_POINT ( 'NONE',  ( 310.0370945548290251, -6.402722871164360008, 267.3543654853230009 ) ) ;
#645 = LINE ( 'NONE', #1871, #3289 ) ;
#646 = DIRECTION ( 'NONE',  ( -1.000000000000000000, 0.000000000000000000, 0.000000000000000000 ) ) ;
#647 = CARTESIAN_POINT ( 'NONE',  ( 0.000000000000000000, 7.785143742719109916, 377.2153418768249935 ) ) ;
#648 = CARTESIAN_POINT ( 'NONE',  ( 333.3872046977759851, -0.7783774206381149918, 223.7960625966815087 ) ) ;
#649 = CARTESIAN_POINT ( 'NONE',  ( 579.9999999970530098, -5.113217040306549777, 280.3723710342515005 ) ) ;
#650 = VERTEX_POINT ( 'NONE', #3482 ) ;
#651 = CARTESIAN_POINT ( 'NONE',  ( 310.0250068135196670, -6.533228629368652562, 301.8817145493893577 ) ) ;
#652 = CARTESIAN_POINT ( 'NONE',  ( 445.0185472759415006, -5.681968031723519275, 332.6817145493894827 ) ) ;
#653 = CYLINDRICAL_SURFACE ( 'NONE', #2106, 2.500000000000002220 ) ;
#654 = ORIENTED_EDGE ( 'NONE', *, *, #3665, .T. ) ;
#655 = CARTESIAN_POINT ( 'NONE',  ( 413.1806549961046358, -4.256173879843798247, 330.9610988742005020 ) ) ;
#656 = CARTESIAN_POINT ( 'NONE',  ( 333.2560335030549368, -0.1638088973514613966, 223.1557428685297282 ) ) ;
#657 = CARTESIAN_POINT ( 'NONE',  ( 315.0370945548284567, -6.452762249829398833, 300.3852892338782681 ) ) ;
#658 = ORIENTED_EDGE ( 'NONE', *, *, #75, .T. ) ;
#659 = CARTESIAN_POINT ( 'NONE',  ( 412.5197364169287653, 0.7252418590915885588, 328.5218288081289870 ) ) ;
#660 = CARTESIAN_POINT ( 'NONE',  ( 324.1474475769974219, -4.220248618146007935, 242.7820098185963786 ) ) ;
#661 = CARTESIAN_POINT ( 'NONE',  ( 411.4367889235229541, -7.699999999999999289, 281.0817145493894600 ) ) ;
#662 = DIRECTION ( 'NONE',  ( -0.000000000000000000, 1.000000000000000000, -0.000000000000000000 ) ) ;
#663 = CARTESIAN_POINT ( 'NONE',  ( 620.0000000000000000, 3.306277303021955216, 266.0767156309140091 ) ) ;
#664 = AXIS2_PLACEMENT_3D ( 'NONE', #513, #2896, #772 ) ;
#665 = CARTESIAN_POINT ( 'NONE',  ( 193.3333333323510033, 13.87615993987009944, 323.4795464500550111 ) ) ;
#666 = CARTESIAN_POINT ( 'NONE',  ( 324.1676107761065282, -0.04892015711235229991, 222.5135171427810121 ) ) ;
#667 = DIRECTION ( 'NONE',  ( 0.000000000000000000, -1.000000000000000000, 0.000000000000000000 ) ) ;
#668 = ORIENTED_EDGE ( 'NONE', *, *, #556, .F. ) ;
#669 = PLANE ( 'NONE',  #3351 ) ;
#670 = CARTESIAN_POINT ( 'NONE',  ( 310.0370945548289683, -5.757815057721666463, 301.4719838470027753 ) ) ;
#671 = CARTESIAN_POINT ( 'NONE',  ( 193.3333333323510033, 4.987358710711699672, 379.3420367611240067 ) ) ;
#672 = EDGE_CURVE ( 'NONE', #975, #3437, #739, .T. ) ;
#673 = VERTEX_POINT ( 'NONE', #2610 ) ;
#674 = CARTESIAN_POINT ( 'NONE',  ( 310.0370945548290251, -6.538323494046630380, 299.8868844838020209 ) ) ;
#675 = AXIS2_PLACEMENT_3D ( 'NONE', #3873, #2277, #2318 ) ;
#676 = CARTESIAN_POINT ( 'NONE',  ( 333.2492102380051620, -0.2412398648207114416, 223.1891755643279396 ) ) ;
#677 = CARTESIAN_POINT ( 'NONE',  ( 333.3722224311029549, 2.146583439031549911, 224.9959280477795005 ) ) ;
#678 = ORIENTED_EDGE ( 'NONE', *, *, #1985, .T. ) ;
#679 = CARTESIAN_POINT ( 'NONE',  ( 414.9367889235229541, 0.7261752121041000763, 326.6817145493894827 ) ) ;
#680 = CARTESIAN_POINT ( 'NONE',  ( 328.2262473340533688, 0.03061039529310571536, 222.7963110800725985 ) ) ;
#681 = CARTESIAN_POINT ( 'NONE',  ( 414.9367889235229541, 149.2235650228594181, 326.6817145493894827 ) ) ;
#682 = CARTESIAN_POINT ( 'NONE',  ( 413.8619600167473322, 0.6071997213413689032, 282.3156756090135673 ) ) ;
#683 = CARTESIAN_POINT ( 'NONE',  ( 193.3333333323510033, -6.294774974397379985, 429.2302680798250094 ) ) ;
#684 = EDGE_CURVE ( 'NONE', #833, #2716, #2584, .T. ) ;
#685 = CARTESIAN_POINT ( 'NONE',  ( 319.5800132300335008, -0.07656837521013480641, 222.2080218997610075 ) ) ;
#686 = CARTESIAN_POINT ( 'NONE',  ( 386.6666666647020065, -2.925017541545449997E-11, 225.5133111311279777 ) ) ;
#687 = EDGE_LOOP ( 'NONE', ( #2428, #3782, #3220, #1026, #1188, #119, #983, #1493, #3413, #2117, #1813, #2709 ) ) ;
#688 = CARTESIAN_POINT ( 'NONE',  ( 413.4367889235229541, 0.000000000000000000, 291.8817145493894714 ) ) ;
#689 = CARTESIAN_POINT ( 'NONE',  ( 379.6701308355500259, -5.824017045554000127, 364.2483727919114926 ) ) ;
#690 = CARTESIAN_POINT ( 'NONE',  ( 193.3333333323510033, 16.73177006838015046, 291.1673851077069912 ) ) ;
#691 = ORIENTED_EDGE ( 'NONE', *, *, #3717, .T. ) ;
#692 = CARTESIAN_POINT ( 'NONE',  ( 311.3601996149279785, -6.531556862789170026, 299.8868812974540106 ) ) ;
#693 = CARTESIAN_POINT ( 'NONE',  ( 331.9826354763848144, -2.562499137204909072, 229.3951500360274451 ) ) ;
#694 = CARTESIAN_POINT ( 'NONE',  ( 324.2103681187545590, 5.036256786757559389, 229.0511087013395013 ) ) ;
#695 = B_SPLINE_CURVE_WITH_KNOTS ( 'NONE', 3,
 ( #2631, #3501, #195, #3231, #3188, #3525, #2563, #2242, #1096, #3210, #132, #1690, #1372, #1350, #3462, #507, #3777 ),
 .UNSPECIFIED., .F., .F.,
 ( 4, 1, 1, 1, 1, 1, 1, 1, 1, 1, 2, 2, 4 ),
 ( 0.000000000000000000, 0.2500000000009143797, 0.3750000000013693491, 0.4375000000015968338, 0.4687500000017105761, 0.4843750000017674195, 0.4921875000017931767, 0.4960937500018060553, 0.4980468750018097190, 0.4990234375018088864, 0.4995117187518084423, 0.5000000000018079982, 1.000000000000000000 ),
 .UNSPECIFIED. ) ;
#696 = CARTESIAN_POINT ( 'NONE',  ( 339.3174794251249864, -0.4020362616977070092, 352.2934344160585169 ) ) ;
#697 = EDGE_CURVE ( 'NONE', #503, #39, #467, .T. ) ;
#698 = ORIENTED_EDGE ( 'NONE', *, *, #3547, .F. ) ;
#699 = CARTESIAN_POINT ( 'NONE',  ( 327.9699162404964454, -1.055605317913425933, 224.0521743387355968 ) ) ;
#700 = CARTESIAN_POINT ( 'NONE',  ( 319.3758862322689538, -0.6534755244859450363, 353.8199385702899917 ) ) ;
#701 = CARTESIAN_POINT ( 'NONE',  ( 333.5044377421774584, -3.054881667386425192E-11, 221.9386095311469944 ) ) ;
#702 = CARTESIAN_POINT ( 'NONE',  ( 579.9999999970530098, -4.638197617360100722, 390.5925355609920189 ) ) ;
#703 = CARTESIAN_POINT ( 'NONE',  ( 333.3932847003430311, -0.9855640953140499816, 224.2586972315360185 ) ) ;
#704 = CARTESIAN_POINT ( 'NONE',  ( 445.0185472759409890, -4.081914508778269557, 332.6817145493894827 ) ) ;
#705 = ORIENTED_EDGE ( 'NONE', *, *, #2216, .T. ) ;
#706 = ADVANCED_FACE ( 'NONE', ( #173 ), #786, .F. ) ;
#707 = CARTESIAN_POINT ( 'NONE',  ( 319.9037614858805227, -6.292762635135829896, 264.4069360666575221 ) ) ;
#708 = CARTESIAN_POINT ( 'NONE',  ( 411.4367889235229541, -5.854274730475020228, 332.6817145493894827 ) ) ;
#709 = CARTESIAN_POINT ( 'NONE',  ( 386.6666666647020065, -1.274544155731860196, 401.0421190094135113 ) ) ;
#710 = ORIENTED_EDGE ( 'NONE', *, *, #579, .F. ) ;
#711 = CARTESIAN_POINT ( 'NONE',  ( 412.5040798784741014, -4.274863491241735147, 328.5173604572176487 ) ) ;
#712 = CARTESIAN_POINT ( 'NONE',  ( 331.5433940178279499, -2.949536354659263004, 231.5473493070972495 ) ) ;
#713 = CARTESIAN_POINT ( 'NONE',  ( 324.1862209630115217, 0.9531177163086290705, 223.1720715853390118 ) ) ;
#714 = CARTESIAN_POINT ( 'NONE',  ( 445.2202552710314762, -4.253918836642330170, 298.1731204657250487 ) ) ;
#715 = CARTESIAN_POINT ( 'NONE',  ( 333.4080143658294446, 13.09619853823150137, 265.3972647087960581 ) ) ;
#716 = CARTESIAN_POINT ( 'NONE',  ( 327.9357626263725365, -1.123348540057807599, 224.2204501429218908 ) ) ;
#717 = VECTOR ( 'NONE', #3786, 1000.000000000000114 ) ;
#718 = DIRECTION ( 'NONE',  ( -1.000000000000000000, 0.000000000000000000, 0.000000000000000000 ) ) ;
#719 = ORIENTED_EDGE ( 'NONE', *, *, #3304, .F. ) ;
#720 = CARTESIAN_POINT ( 'NONE',  ( 333.3140894582275564, 1.729472547057023801, 222.8722818210968910 ) ) ;
#721 = EDGE_CURVE ( 'NONE', #3928, #3720, #3841, .T. ) ;
#722 = CARTESIAN_POINT ( 'NONE',  ( 0.000000000000000000, -6.762496706386329492, 458.2302927967999722 ) ) ;
#723 = CARTESIAN_POINT ( 'NONE',  ( 324.2158568363165614, -1.000915724798561834, 223.6552820339100265 ) ) ;
#724 = AXIS2_PLACEMENT_3D ( 'NONE', #910, #3950, #1206 ) ;
#725 = CARTESIAN_POINT ( 'NONE',  ( 315.0370945548290251, -1.199999999999999956, 0.000000000000000000 ) ) ;
#726 = CARTESIAN_POINT ( 'NONE',  ( 118.4367889235230109, 4.474332807188249994, 319.8817145493894714 ) ) ;
#727 = AXIS2_PLACEMENT_3D ( 'NONE', #2821, #102, #2250 ) ;
#728 = CARTESIAN_POINT ( 'NONE',  ( 312.0370945548290251, -4.528075591606529393, 301.8817145493895282 ) ) ;
#729 = CARTESIAN_POINT ( 'NONE',  ( 445.0185472759409890, -4.233984777287189694, 283.0817145493894600 ) ) ;
#730 = B_SPLINE_CURVE_WITH_KNOTS ( 'NONE', 3,
 ( #704, #3781, #2210, #1968 ),
 .UNSPECIFIED., .F., .F.,
 ( 4, 4 ),
 ( 0.000000000000000000, 1.000000000000000000 ),
 .UNSPECIFIED. ) ;
#731 = CARTESIAN_POINT ( 'NONE',  ( 386.6666666647020065, 1.294877575380734003, 386.4039895251285088 ) ) ;
#732 = EDGE_LOOP ( 'NONE', ( #3612, #595, #2519, #404 ) ) ;
#733 = CARTESIAN_POINT ( 'NONE',  ( 413.1883546913597343, -4.256086824029988058, 330.9686499416372953 ) ) ;
#734 = CARTESIAN_POINT ( 'NONE',  ( 332.5147241117956014, -1.917215616668661360, 226.7880173281109251 ) ) ;
#735 = CARTESIAN_POINT ( 'NONE',  ( 328.7735171237944769, 0.6840119783259319686, 223.2607358529829753 ) ) ;
#736 = CARTESIAN_POINT ( 'NONE',  ( 310.0370945548290251, -6.487477858776100170, 273.6631106969940106 ) ) ;
#737 = CARTESIAN_POINT ( 'NONE',  ( 324.2279048267180315, 11.79450496706800067, 253.7046930183179825 ) ) ;
#738 = CARTESIAN_POINT ( 'NONE',  ( 328.1176876389047266, 0.8197544913293912661, 223.3283209267097789 ) ) ;
#739 = LINE ( 'NONE', #213, #2798 ) ;
#740 = CARTESIAN_POINT ( 'NONE',  ( 333.2148324817136427, 2.266320279271516469, 223.3577516909975600 ) ) ;
#741 = VECTOR ( 'NONE', #2041, 1000.000000000000000 ) ;
#742 =( BOUNDED_CURVE ( )  B_SPLINE_CURVE ( 3, ( #728, #1953, #3174, #1655, #747, #2592, #3195, #3215, #451, #2014, #1674, #158, #1696, #474, #2635, #2915, #180, #2615, #201, #3235 ),
 .UNSPECIFIED., .F., .T. ) 
 B_SPLINE_CURVE_WITH_KNOTS ( ( 4, 2, 2, 2, 2, 2, 2, 2, 2, 4 ),
 ( 0.000000000000000000, 0.1257500131374868491, 0.1886250197062336043, 0.2515000262749803595, 0.3772500394124738698, 0.5030000525499611630, 0.6287500656874541738, 0.7545000788249477397, 0.8802500919624349773, 1.000000000000000000 ),
 .UNSPECIFIED. ) 
 CURVE ( )  GEOMETRIC_REPRESENTATION_ITEM ( )  RATIONAL_B_SPLINE_CURVE ( ( 0.9999998481841769760, 0.9999998481219748436, 0.9999998480607934503, 0.9999998479705078935, 0.9999998479406614349, 0.9999998478814782210, 0.9999998478520719658, 0.9999998477665488217, 0.9999998477124666385, 0.9999998476101313871, 0.9999998475617262184, 0.9999998474750426691, 0.9999998474361728729, 0.9999998473676232624, 0.9999998473386251252, 0.9999998472921773907, 0.9999998472743883982, 0.9999998472515093662, 0.9999998472459362686, 0.9999998472457722887 ) ) 
 REPRESENTATION_ITEM ( '' )  );
#743 = CARTESIAN_POINT ( 'NONE',  ( 193.3333333323510033, -6.108416584304059427, 434.0147561491485249 ) ) ;
#744 = CARTESIAN_POINT ( 'NONE',  ( 319.6283293550175131, -1.139044158312322086, 223.6788542341915047 ) ) ;
#745 = LINE ( 'NONE', #1618, #2815 ) ;
#746 = CARTESIAN_POINT ( 'NONE',  ( 118.4367889235230109, 0.000000000000000000, 291.8817145493894714 ) ) ;
#747 = CARTESIAN_POINT ( 'NONE',  ( 312.0331105198429782, -5.047593760942164387, 301.8141948449576830 ) ) ;
#748 = EDGE_CURVE ( 'NONE', #1085, #2736, #251, .T. ) ;
#749 = CARTESIAN_POINT ( 'NONE',  ( 418.4367889235230109, 60.00000000000000000, 330.6817145493894827 ) ) ;
#750 = CARTESIAN_POINT ( 'NONE',  ( 386.6666666647020065, 14.40794366876470178, 293.2433517987929577 ) ) ;
#751 = DIRECTION ( 'NONE',  ( 0.000000000000000000, -0.000000000000000000, 1.000000000000000000 ) ) ;
#752 = CARTESIAN_POINT ( 'NONE',  ( 445.0185472759409890, 12.44066740582151986, 311.2766848511495255 ) ) ;
#753 = VERTEX_POINT ( 'NONE', #2707 ) ;
#754 = CARTESIAN_POINT ( 'NONE',  ( 414.9367889235229541, 0.7261752121041000763, 326.6817145493894827 ) ) ;
#755 = CARTESIAN_POINT ( 'NONE',  ( 193.3333333323510033, 11.04918357943839879, 232.1668332515079953 ) ) ;
#756 = CARTESIAN_POINT ( 'NONE',  ( 331.8725706358691241, 5.215820207899136030, 229.9344467369950280 ) ) ;
#757 = CARTESIAN_POINT ( 'NONE',  ( 324.1872270843720116, 1.119969607048253879, 223.3179443401474771 ) ) ;
#758 = VERTEX_POINT ( 'NONE', #3939 ) ;
#759 = CARTESIAN_POINT ( 'NONE',  ( 422.5636151049569662, -4.303736076808399424, 315.7658527743690229 ) ) ;
#760 = CARTESIAN_POINT ( 'NONE',  ( 314.0097999736428278, -6.512727535814820889, 301.7705190578770953 ) ) ;
#761 = LINE ( 'NONE', #3795, #266 ) ;
#762 = EDGE_CURVE ( 'NONE', #1502, #3711, #2122, .T. ) ;
#763 = CARTESIAN_POINT ( 'NONE',  ( 327.4548805431294340, -1.962685161990682658, 226.5762205624406818 ) ) ;
#764 = VECTOR ( 'NONE', #3359, 1000.000000000000114 ) ;
#765 = DIRECTION ( 'NONE',  ( -0.07632546015824470675, 0.000000000000000000, -0.9970829574973348874 ) ) ;
#766 = CARTESIAN_POINT ( 'NONE',  ( 333.2645946947295670, 2.004347936991807355, 223.1144268244514421 ) ) ;
#767 = CARTESIAN_POINT ( 'NONE',  ( 386.6666666647025181, -5.677728190836610622, 385.5240380374955294 ) ) ;
#768 = CARTESIAN_POINT ( 'NONE',  ( 328.8086373752435065, -1.612059953973290050, 225.5914551227110110 ) ) ;
#769 = VERTEX_POINT ( 'NONE', #1175 ) ;
#770 = CARTESIAN_POINT ( 'NONE',  ( 416.6965492735145631, 0.6059217375162898600, 286.3574583558540212 ) ) ;
#771 = CIRCLE ( 'NONE', #1352, 2.000000000000001776 ) ;
#772 = DIRECTION ( 'NONE',  ( 0.000000000000000000, 0.000000000000000000, -1.000000000000000000 ) ) ;
#773 = CARTESIAN_POINT ( 'NONE',  ( 0.000000000000000000, -7.396703398402830310, 431.1210683550274894 ) ) ;
#774 = DIRECTION ( 'NONE',  ( -0.9970829574973348874, 0.000000000000000000, 0.07632546015824470675 ) ) ;
#775 = CARTESIAN_POINT ( 'NONE',  ( 445.0185472759409890, 5.364757441861709886, 358.6125570048649820 ) ) ;
#776 = ORIENTED_EDGE ( 'NONE', *, *, #3750, .T. ) ;
#777 = CARTESIAN_POINT ( 'NONE',  ( 415.9350636295449135, -4.267403864799392821, 326.8838389342481037 ) ) ;
#778 = EDGE_CURVE ( 'NONE', #639, #1916, #2783, .T. ) ;
#779 = CARTESIAN_POINT ( 'NONE',  ( 193.3333333323510033, 16.69263255009154889, 271.4737103024624503 ) ) ;
#780 = CARTESIAN_POINT ( 'NONE',  ( 333.2485885863121098, 0.1549156544625571175, 223.1922215389164137 ) ) ;
#781 = CARTESIAN_POINT ( 'NONE',  ( 445.2202579873550121, -4.188703273891414725, 315.5776197847824847 ) ) ;
#782 = EDGE_LOOP ( 'NONE', ( #3048, #2172 ) ) ;
#783 = CARTESIAN_POINT ( 'NONE',  ( 314.7514414919737646, -6.504925437572733671, 303.0355435528294947 ) ) ;
#784 = CARTESIAN_POINT ( 'NONE',  ( 413.4367889235229541, 60.00000000000000000, 325.6817145493894827 ) ) ;
#785 = CARTESIAN_POINT ( 'NONE',  ( 324.1842582681377394, 9.615367842509476404, 242.6016469643709002 ) ) ;
#786 = CYLINDRICAL_SURFACE ( 'NONE', #1961, 5.299999999999998934 ) ;
#787 = CARTESIAN_POINT ( 'NONE',  ( 331.6708854260205044, 6.959957028450929784, 230.9226657447108835 ) ) ;
#788 = B_SPLINE_CURVE_WITH_KNOTS ( 'NONE', 3,
 ( #2187, #1009, #389, #3087, #682, #3687, #3368, #3428, #1890, #2770, #2813, #56, #34, #927, #1632, #1851, #3445, #1928, #1612, #1911, #2850, #3068, #3107, #407, #370, #114, #1333, #1255, #3127, #623, #2470, #348, #968, #2831, #1575 ),
 .UNSPECIFIED., .F., .F.,
 ( 4, 2, 2, 2, 2, 1, 1, 2, 2, 2, 2, 2, 1, 2, 2, 2, 2, 2, 4 ),
 ( 0.000000000000000000, 0.1249999999995339006, 0.1874999999992875699, 0.2187499999991643906, 0.2343749999990980271, 0.2421874999990755728, 0.2460937499990639710, 0.2480468749990581423, 0.2499999999990523414, 0.3749999999989633848, 0.4374999999989125921, 0.4687499999989009347, 0.4843749999988951060, 0.4921874999989058752, 0.4999999999989166444, 0.6249999999991875388, 0.7499999999994583222, 0.8749999999997292166, 1.000000000000000000 ),
 .UNSPECIFIED. ) ;
#789 = CARTESIAN_POINT ( 'NONE',  ( 0.000000000000000000, -8.148468503287110920, 291.1339479415149754 ) ) ;
#790 = CARTESIAN_POINT ( 'NONE',  ( 333.3961813549224757, -1.451584255194716011, 225.4554860536065064 ) ) ;
#791 = CARTESIAN_POINT ( 'NONE',  ( 410.3179646892439791, -0.4218440020296169712, 361.9023192322275122 ) ) ;
#792 = AXIS2_PLACEMENT_3D ( 'NONE', #905, #2126, #3349 ) ;
#793 = CARTESIAN_POINT ( 'NONE',  ( 412.3911091399784254, 0.5858526187502060001, 285.3889129624079715 ) ) ;
#794 = CARTESIAN_POINT ( 'NONE',  ( 579.9999999970530098, -4.288441108073365093, 402.5788312642365554 ) ) ;
#795 = LINE ( 'NONE', #813, #717 ) ;
#796 = LINE ( 'NONE', #1678, #1944 ) ;
#797 = ORIENTED_EDGE ( 'NONE', *, *, #2352, .F. ) ;
#798 = DIRECTION ( 'NONE',  ( 0.000000000000000000, 0.000000000000000000, 1.000000000000000000 ) ) ;
#799 = CARTESIAN_POINT ( 'NONE',  ( 386.6666666647020065, 3.173329659270264891, 227.8570020030840055 ) ) ;
#800 = CARTESIAN_POINT ( 'NONE',  ( 332.7240612644990847, 2.780472695348168433, 225.7623052540814683 ) ) ;
#801 = CARTESIAN_POINT ( 'NONE',  ( 411.4367886006619983, -4.398456471223419761, 281.0817145360105087 ) ) ;
#802 = EDGE_CURVE ( 'NONE', #1507, #2501, #1741, .T. ) ;
#803 = DIRECTION ( 'NONE',  ( 0.000000000000000000, 1.000000000000000000, 0.000000000000000000 ) ) ;
#804 = CARTESIAN_POINT ( 'NONE',  ( 328.8112179107125144, 9.092817065335308868, 240.8558185978549773 ) ) ;
#805 = CARTESIAN_POINT ( 'NONE',  ( 324.2234032668578152, 9.567778199100674286, 242.4098477999002910 ) ) ;
#806 = CARTESIAN_POINT ( 'NONE',  ( 324.8370945548290365, -6.265113345688929414, 264.4069360666575221 ) ) ;
#807 = CARTESIAN_POINT ( 'NONE',  ( 414.0839844098855451, 0.7320670314010110369, 328.3565231726580009 ) ) ;
#808 = CARTESIAN_POINT ( 'NONE',  ( 0.000000000000000000, -0.5139382740374539571, 199.4997056216940052 ) ) ;
#809 = CARTESIAN_POINT ( 'NONE',  ( 324.2322437553979739, -2.905622618773834542, 230.7043303547595201 ) ) ;
#810 = CARTESIAN_POINT ( 'NONE',  ( 417.4312465032554655, 0.6150253051441803009, 284.7516944459983961 ) ) ;
#811 = ADVANCED_FACE ( 'NONE', ( #2469 ), #2864, .T. ) ;
#812 = CARTESIAN_POINT ( 'NONE',  ( 193.3333333323510033, -6.025824523911690100, 441.7841423508044727 ) ) ;
#813 = CARTESIAN_POINT ( 'NONE',  ( 321.6656500370165190, -0.6534755244859450363, 383.7324272952100159 ) ) ;
#814 = CARTESIAN_POINT ( 'NONE',  ( 412.8568649807081670, -4.412615029871503225, 286.0068093862149112 ) ) ;
#815 = B_SPLINE_CURVE_WITH_KNOTS ( 'NONE', 3,
 ( #1643, #3696, #1902, #3475, #3455, #2782, #958, #3401, #85, #1605, #1305, #733, #655, #3119, #1586, #2538, #105, #3736, #67, #3438, #3139, #1266, #1882, #3099, #2520, #3752, #3716, #44, #2861, #1286, #711, #2483, #361, #1343, #1002, #1039, #3078, #2502 ),
 .UNSPECIFIED., .F., .F.,
 ( 4, 2, 2, 2, 1, 1, 2, 2, 2, 2, 2, 2, 1, 1, 1, 1, 2, 2, 2, 2, 2, 4 ),
 ( 0.000000000000000000, 0.1250000000012211898, 0.1875000000018453572, 0.2187500000021574686, 0.2343750000023190061, 0.2421875000023940017, 0.2460937500024377722, 0.2500000000024815705, 0.3125000000031297187, 0.3750000000037778114, 0.4375000000044259596, 0.4687500000047634119, 0.4843750000049164561, 0.4921875000049924509, 0.4960937500050304760, 0.4980468750050495719, 0.4990234375050407456, 0.5000000000050318638, 0.6250000000037738701, 0.7500000000025159874, 0.8750000000012579937, 1.000000000000000000 ),
 .UNSPECIFIED. ) ;
#816 = ORIENTED_EDGE ( 'NONE', *, *, #1319, .F. ) ;
#817 = CARTESIAN_POINT ( 'NONE',  ( 320.5207681346385584, -0.2534755244859375201, 368.7761829327499754 ) ) ;
#818 = CARTESIAN_POINT ( 'NONE',  ( 579.9999999970530098, 11.62353847066274071, 274.5007389497849886 ) ) ;
#819 = CARTESIAN_POINT ( 'NONE',  ( 333.1271703226630052, 0.9614578708570280519, 223.7871478452331360 ) ) ;
#820 = CARTESIAN_POINT ( 'NONE',  ( 445.2202272150504996, -4.078936263434630227, 332.9866714254134763 ) ) ;
#821 = CARTESIAN_POINT ( 'NONE',  ( 313.9398376855418746, -6.513366593803588955, 301.6825963521330323 ) ) ;
#822 = CARTESIAN_POINT ( 'NONE',  ( 319.6326596904079906, 8.667377210419470401, 238.5329674982355073 ) ) ;
#823 = CARTESIAN_POINT ( 'NONE',  ( 320.6092569424163798, 12.77880326154989810, 260.1184636290589083 ) ) ;
#824 = CARTESIAN_POINT ( 'NONE',  ( 327.5450181126577718, -5.862283466108452856, 251.1385953186792221 ) ) ;
#825 = DIRECTION ( 'NONE',  ( 0.000000000000000000, 0.000000000000000000, 1.000000000000000000 ) ) ;
#826 = CARTESIAN_POINT ( 'NONE',  ( 445.0185472759409890, -5.494222093069979884, 260.7297189026729711 ) ) ;
#827 = CARTESIAN_POINT ( 'NONE',  ( 328.8296858288374551, -4.988106799442330264, 261.4201698462949821 ) ) ;
#828 = CARTESIAN_POINT ( 'NONE',  ( 328.7730114842354965, 0.5947710205999600097, 223.1890497355190064 ) ) ;
#829 = LINE ( 'NONE', #1698, #3924 ) ;
#830 = CARTESIAN_POINT ( 'NONE',  ( 193.3333333323510033, -6.765421898788469335, 365.9557577967349857 ) ) ;
#831 = LINE ( 'NONE', #184, #2451 ) ;
#832 = CARTESIAN_POINT ( 'NONE',  ( 310.0370945548290251, 5.188293643597219784, 369.5786951049935283 ) ) ;
#833 = VERTEX_POINT ( 'NONE', #1981 ) ;
#834 = CARTESIAN_POINT ( 'NONE',  ( 416.5765509121255263, -4.261653177175965368, 327.2934549971059823 ) ) ;
#835 = CARTESIAN_POINT ( 'NONE',  ( 0.000000000000000000, 17.29567669399770224, 313.2912272862359941 ) ) ;
#836 = CARTESIAN_POINT ( 'NONE',  ( 331.2729724020080084, 6.468955380803911304, 232.8723635859439298 ) ) ;
#837 = CARTESIAN_POINT ( 'NONE',  ( 422.5635843326525105, -4.191787591404219526, 333.5208797823864870 ) ) ;
#838 = CARTESIAN_POINT ( 'NONE',  ( 312.7999506631438180, -6.522512288821229909, 300.5342302882428385 ) ) ;
#839 = CARTESIAN_POINT ( 'NONE',  ( 333.3999318427260050, 9.055372247753361137, 241.0952519293014973 ) ) ;
#840 = CARTESIAN_POINT ( 'NONE',  ( 326.2133722565621383, 6.532206675813978514, 232.6593745719304138 ) ) ;
#841 = EDGE_LOOP ( 'NONE', ( #3083, #253, #3735, #3077 ) ) ;
#842 = CARTESIAN_POINT ( 'NONE',  ( 328.6192117420046088, -5.588503246607181119, 245.8751903443356355 ) ) ;
#843 = CARTESIAN_POINT ( 'NONE',  ( 413.4367889235229541, -4.415054022863574623, 288.0817145493894600 ) ) ;
#844 = EDGE_LOOP ( 'NONE', ( #3400, #2235, #611, #3286, #498 ) ) ;
#845 = CARTESIAN_POINT ( 'NONE',  ( 386.6666666647020065, -2.925017541545449997E-11, 225.5133111311279777 ) ) ;
#846 = CARTESIAN_POINT ( 'NONE',  ( 319.6524334367289839, -5.104122213990510026, 264.9534749945120211 ) ) ;
#847 = EDGE_CURVE ( 'NONE', #1325, #235, #2449, .T. ) ;
#848 = CARTESIAN_POINT ( 'NONE',  ( 333.3617254162489871, 0.5898842767774350460, 223.4953219121949815 ) ) ;
#849 = CARTESIAN_POINT ( 'NONE',  ( 0.000000000000000000, -6.762496706386329492, 458.2302927967999722 ) ) ;
#850 = ORIENTED_EDGE ( 'NONE', *, *, #2169, .T. ) ;
#851 = FILL_AREA_STYLE ('',( #1234 ) ) ;
#852 = VERTEX_POINT ( 'NONE', #129 ) ;
#853 = CARTESIAN_POINT ( 'NONE',  ( 118.4367889235230109, 4.474332807188235783, 321.8817145493894714 ) ) ;
#854 = CARTESIAN_POINT ( 'NONE',  ( 327.6680592684842850, 11.21027709661857230, 250.5357495598723574 ) ) ;
#855 =( NAMED_UNIT ( * ) SI_UNIT ( $, .STERADIAN. ) SOLID_ANGLE_UNIT ( ) );
#856 = DIRECTION ( 'NONE',  ( 0.000000000000000000, 0.0001963069156401595463, -0.9999999807317973000 ) ) ;
#857 = CARTESIAN_POINT ( 'NONE',  ( 328.8053857779850091, 6.836547969070680075, 233.6396363763630006 ) ) ;
#858 = VECTOR ( 'NONE', #1529, 1000.000000000000000 ) ;
#859 = CARTESIAN_POINT ( 'NONE',  ( 327.7753109561828069, 2.465912647935950996, 225.0036930393779357 ) ) ;
#860 = CARTESIAN_POINT ( 'NONE',  ( 330.6730148459728866, -4.751352007777946973, 235.8091391642137467 ) ) ;
#861 = AXIS2_PLACEMENT_3D ( 'NONE', #3544, #2286, #2328 ) ;
#862 = CARTESIAN_POINT ( 'NONE',  ( 417.4697582144154921, 0.7596212514491590406, 329.9822208149604990 ) ) ;
#863 = ORIENTED_EDGE ( 'NONE', *, *, #2909, .T. ) ;
#864 = CARTESIAN_POINT ( 'NONE',  ( 579.9999999970530098, -5.011717794592430053, 272.9486295801439724 ) ) ;
#865 = CARTESIAN_POINT ( 'NONE',  ( 333.4157385193724963, -4.130124129069384864, 242.5434603677709902 ) ) ;
#866 = AXIS2_PLACEMENT_3D ( 'NONE', #3379, #3935, #856 ) ;
#867 = CARTESIAN_POINT ( 'NONE',  ( 328.7561051106579839, -0.03056554304578129946, 222.8215260726869928 ) ) ;
#868 = CARTESIAN_POINT ( 'NONE',  ( 579.9999999970530098, -2.676006289986924802, 242.6746744830809916 ) ) ;
#869 = EDGE_LOOP ( 'NONE', ( #1447, #294 ) ) ;
#870 = EDGE_CURVE ( 'NONE', #1279, #2434, #1254, .T. ) ;
#871 = ORIENTED_EDGE ( 'NONE', *, *, #2466, .F. ) ;
#872 = CARTESIAN_POINT ( 'NONE',  ( 416.9168653833145299, -4.238704935219837822, 330.7426244672566327 ) ) ;
#873 = MECHANICAL_DESIGN_GEOMETRIC_PRESENTATION_REPRESENTATION (  '', ( #2282 ), #1602 ) ;
#874 = LINE ( 'NONE', #574, #2845 ) ;
#875 = CARTESIAN_POINT ( 'NONE',  ( 433.8246203502947083, -4.281135643176367189, 281.0817145493894600 ) ) ;
#876 = ORIENTED_EDGE ( 'NONE', *, *, #3707, .T. ) ;
#877 = CARTESIAN_POINT ( 'NONE',  ( 417.1509740667511323, -4.389933752623467633, 285.7563373931775459 ) ) ;
#878 = CARTESIAN_POINT ( 'NONE',  ( 333.3877959827814834, 4.991755061095410895, 229.6157357075514653 ) ) ;
#879 = CARTESIAN_POINT ( 'NONE',  ( 329.2142503097658164, -4.193068490140150928, 242.9597087122841117 ) ) ;
#880 = CARTESIAN_POINT ( 'NONE',  ( 386.6666666647020065, -2.925017541545449997E-11, 225.5133111311279777 ) ) ;
#881 = ADVANCED_FACE ( 'NONE', ( #3793 ), #1960, .F. ) ;
#882 = CARTESIAN_POINT ( 'NONE',  ( 332.6253804733207176, -3.003545647381288930, 226.2458203504938581 ) ) ;
#883 = CARTESIAN_POINT ( 'NONE',  ( 310.0370945548290251, 4.474332807188249994, 293.8817145493894714 ) ) ;
#884 = EDGE_LOOP ( 'NONE', ( #3604, #584, #360, #2574 ) ) ;
#885 = CARTESIAN_POINT ( 'NONE',  ( 324.0220227271977933, -4.263559808735603696, 243.3965592673111473 ) ) ;
#886 = CARTESIAN_POINT ( 'NONE',  ( 333.4135846562659822, -3.630262714845835070, 236.8693647825924984 ) ) ;
#887 = CARTESIAN_POINT ( 'NONE',  ( 319.5909445508124804, 0.2915153937305954845, 222.3512450235085112 ) ) ;
#888 = CARTESIAN_POINT ( 'NONE',  ( 386.6666666647020065, -2.246864576404119518, 227.8533115235985065 ) ) ;
#889 = VECTOR ( 'NONE', #156, 1000.000000000000000 ) ;
#890 = ORIENTED_EDGE ( 'NONE', *, *, #2965, .T. ) ;
#891 = ORIENTED_EDGE ( 'NONE', *, *, #2891, .F. ) ;
#892 = CARTESIAN_POINT ( 'NONE',  ( 416.6944299897432984, -4.260372825741890246, 327.4038181770714004 ) ) ;
#893 = DIRECTION ( 'NONE',  ( 0.000000000000000000, 0.000000000000000000, -1.000000000000000000 ) ) ;
#894 = CARTESIAN_POINT ( 'NONE',  ( 386.6666666647025181, 6.439140651349280375, 233.5687738193450116 ) ) ;
#895 =( BOUNDED_CURVE ( )  B_SPLINE_CURVE ( 3, ( #3264, #1751, #2963, #3300 ),
 .UNSPECIFIED., .F., .T. ) 
 B_SPLINE_CURVE_WITH_KNOTS ( ( 4, 4 ),
 ( 0.000000000000000000, 3.141592653589795336 ),
 .UNSPECIFIED. ) 
 CURVE ( )  GEOMETRIC_REPRESENTATION_ITEM ( )  RATIONAL_B_SPLINE_CURVE ( ( 1.000000000000000000, 0.3333333333333335369, 0.3333333333333335369, 1.000000000000000000 ) ) 
 REPRESENTATION_ITEM ( '' )  );
#896 = EDGE_CURVE ( 'NONE', #259, #1585, #1780, .T. ) ;
#897 = VERTEX_POINT ( 'NONE', #110 ) ;
#898 = FACE_OUTER_BOUND ( 'NONE', #732, .T. ) ;
#899 = CARTESIAN_POINT ( 'NONE',  ( 445.0185472759409890, -2.782476977523040076E-11, 229.4369720688004861 ) ) ;
#900 = CARTESIAN_POINT ( 'NONE',  ( 315.0370945548290251, -5.826820063843499931, 304.7129152922444746 ) ) ;
#901 = CARTESIAN_POINT ( 'NONE',  ( 332.6275214645474989, -3.000208287946164010, 226.2353318257443107 ) ) ;
#902 = FACE_OUTER_BOUND ( 'NONE', #419, .T. ) ;
#903 = VERTEX_POINT ( 'NONE', #3184 ) ;
#904 = CARTESIAN_POINT ( 'NONE',  ( 326.6178799258770482, -2.878710996187916038, 230.6773638090367911 ) ) ;
#905 = CARTESIAN_POINT ( 'NONE',  ( 118.4367889235230109, -1.525667192811750006, 293.8817145493894714 ) ) ;
#906 = CARTESIAN_POINT ( 'NONE',  ( 0.000000000000000000, 13.99887089352030145, 338.7147378488040204 ) ) ;
#907 = CARTESIAN_POINT ( 'NONE',  ( 333.3661057050895238, -0.4555833751785879904, 223.3479839153370108 ) ) ;
#908 = CARTESIAN_POINT ( 'NONE',  ( 386.6666666647020065, -6.096510108436830500, 275.4220436995685191 ) ) ;
#909 = ORIENTED_EDGE ( 'NONE', *, *, #1518, .F. ) ;
#910 = CARTESIAN_POINT ( 'NONE',  ( 411.4368233289105206, -7.699999999999999289, 332.6817137798445287 ) ) ;
#911 = CARTESIAN_POINT ( 'NONE',  ( 411.4368878457169103, -4.361715727510979690, 315.4912166144155208 ) ) ;
#912 = CARTESIAN_POINT ( 'NONE',  ( 193.3333333323510033, 5.584419357608980228, 218.1071289435755034 ) ) ;
#913 = VERTEX_POINT ( 'NONE', #3686 ) ;
#914 = CARTESIAN_POINT ( 'NONE',  ( 416.4886461850458090, -4.395749660902584566, 286.5654945902376198 ) ) ;
#915 = VECTOR ( 'NONE', #72, 1000.000000000000000 ) ;
#916 = CARTESIAN_POINT ( 'NONE',  ( 407.8471774313534866, -2.873278451591015230E-11, 226.9375178895824945 ) ) ;
#917 = PRESENTATION_LAYER_ASSIGNMENT (  '', '', ( #412 ) ) ;
#918 = CARTESIAN_POINT ( 'NONE',  ( 315.0370945548292525, -4.983161251479634402, 301.8267595520352984 ) ) ;
#919 = VERTEX_POINT ( 'NONE', #1684 ) ;
#920 = ADVANCED_FACE ( 'NONE', ( #946, #1023, #2559 ), #125, .T. ) ;
#921 = CARTESIAN_POINT ( 'NONE',  ( 333.1527701571682201, -2.043822245130490600, 223.6617142777729725 ) ) ;
#922 = VECTOR ( 'NONE', #1760, 1000.000000000000000 ) ;
#923 = CARTESIAN_POINT ( 'NONE',  ( 412.4577177967343005, 0.7268902127234979638, 328.8483389891742377 ) ) ;
#924 = ORIENTED_EDGE ( 'NONE', *, *, #1140, .F. ) ;
#925 = CARTESIAN_POINT ( 'NONE',  ( 327.3315666095264191, -2.135476157709811584, 227.1772198462462597 ) ) ;
#926 = DIRECTION ( 'NONE',  ( 1.000000000000000000, 0.000000000000000000, 0.000000000000000000 ) ) ;
#927 = CARTESIAN_POINT ( 'NONE',  ( 413.1792165071490217, 0.6012970826218054787, 282.8037962006362136 ) ) ;
#928 = CARTESIAN_POINT ( 'NONE',  ( 413.1371861662269112, -4.399128614660397396, 282.8462893911022320 ) ) ;
#929 = CARTESIAN_POINT ( 'NONE',  ( 193.3333333323510033, 10.54414989762779875, 346.0951269367139389 ) ) ;
#930 = CARTESIAN_POINT ( 'NONE',  ( 328.7743546534214829, -0.4211320490436405439, 223.0063633286580114 ) ) ;
#931 = CARTESIAN_POINT ( 'NONE',  ( 0.000000000000000000, -7.786271839968240016, 360.7297558856265027 ) ) ;
#932 = ORIENTED_EDGE ( 'NONE', *, *, #386, .T. ) ;
#933 = EDGE_CURVE ( 'NONE', #2419, #355, #228, .T. ) ;
#934 = PLANE ( 'NONE',  #2652 ) ;
#935 = CARTESIAN_POINT ( 'NONE',  ( 324.8370945548290365, 13.12680387781806068, 264.4069360666575221 ) ) ;
#936 = CARTESIAN_POINT ( 'NONE',  ( 386.6666666647020065, -2.925017541545449997E-11, 225.5133111311279777 ) ) ;
#937 = ORIENTED_EDGE ( 'NONE', *, *, #721, .F. ) ;
#938 = CYLINDRICAL_SURFACE ( 'NONE', #3105, 2.000000000000001776 ) ;
#939 = CARTESIAN_POINT ( 'NONE',  ( 331.2896096374500416, -3.141915317824458320, 232.7908443092609048 ) ) ;
#940 = CARTESIAN_POINT ( 'NONE',  ( 315.0370945548288546, -6.512713589993675001, 299.8682243086330459 ) ) ;
#941 = CARTESIAN_POINT ( 'NONE',  ( 333.1454247789996543, -2.059398295947427293, 223.6977484284321349 ) ) ;
#942 = DIRECTION ( 'NONE',  ( 0.002564460613766879078, -0.9999966924973346938, -0.0001963062701369808324 ) ) ;
#943 = ORIENTED_EDGE ( 'NONE', *, *, #684, .T. ) ;
#944 = CARTESIAN_POINT ( 'NONE',  ( 445.0185472759409890, -0.3696724474874589772, 229.4271857146295019 ) ) ;
#945 = FACE_OUTER_BOUND ( 'NONE', #3534, .T. ) ;
#946 = FACE_BOUND ( 'NONE', #2223, .T. ) ;
#947 = LINE ( 'NONE', #2546, #356 ) ;
#948 = DIRECTION ( 'NONE',  ( 0.000000000000000000, -1.000000000000000000, 0.000000000000000000 ) ) ;
#949 = CARTESIAN_POINT ( 'NONE',  ( 386.6666666647025181, 5.886350116970719526, 359.8738835282834998 ) ) ;
#950 = CARTESIAN_POINT ( 'NONE',  ( 333.3630685854349736, -0.4167751689517080194, 223.3132261502019844 ) ) ;
#951 = CARTESIAN_POINT ( 'NONE',  ( 0.000000000000000000, -8.063096244697367965, 265.5213890302030109 ) ) ;
#952 = ORIENTED_EDGE ( 'NONE', *, *, #3472, .T. ) ;
#953 = B_SPLINE_CURVE_WITH_KNOTS ( 'NONE', 3,
 ( #2991, #1479, #1737, #3865 ),
 .UNSPECIFIED., .F., .F.,
 ( 4, 4 ),
 ( 0.005000065348961250239, 0.007000091488645720193 ),
 .UNSPECIFIED. ) ;
#954 = CARTESIAN_POINT ( 'NONE',  ( 311.3812671937445202, -6.531449118821780253, 299.8868812468239753 ) ) ;
#955 = CARTESIAN_POINT ( 'NONE',  ( 409.1730827868705092, -0.4218440020296180260, 346.9460748697674717 ) ) ;
#956 = CARTESIAN_POINT ( 'NONE',  ( 193.3333333323510033, 16.09404880310244934, 262.3418053606099534 ) ) ;
#957 = VERTEX_POINT ( 'NONE', #1750 ) ;
#958 = CARTESIAN_POINT ( 'NONE',  ( 413.4695919235885526, -4.253153124511151795, 331.2082189917136361 ) ) ;
#959 = CARTESIAN_POINT ( 'NONE',  ( 389.2314895940144766, -0.4732832648208230020, 348.4725790239995149 ) ) ;
#960 = CARTESIAN_POINT ( 'NONE',  ( 312.0277045142424868, -5.752198848879100268, 301.4688281634050213 ) ) ;
#961 = ORIENTED_EDGE ( 'NONE', *, *, #7, .F. ) ;
#962 = CARTESIAN_POINT ( 'NONE',  ( 333.3150917826449700, -1.616110289873959216, 222.8637460914746953 ) ) ;
#963 = DIRECTION ( 'NONE',  ( 1.000000000000000000, 0.000000000000000000, 0.000000000000000000 ) ) ;
#964 = ORIENTED_EDGE ( 'NONE', *, *, #3827, .T. ) ;
#965 = CIRCLE ( 'NONE', #3205, 2.000000000000001776 ) ;
#966 = DIRECTION ( 'NONE',  ( 1.000000000000000000, 0.000000000000000000, 0.000000000000000000 ) ) ;
#967 = DIRECTION ( 'NONE',  ( 1.000000000000000000, 0.000000000000000000, 0.000000000000000000 ) ) ;
#968 = CARTESIAN_POINT ( 'NONE',  ( 414.2031610081205599, 0.5914089032017880720, 286.9971789909662334 ) ) ;
#969 = DIRECTION ( 'NONE',  ( -0.9970796596427952130, -0.002571963139560340308, 0.07632520771158350648 ) ) ;
#970 = ADVANCED_FACE ( 'NONE', ( #3836 ), #2398, .T. ) ;
#971 = CARTESIAN_POINT ( 'NONE',  ( 0.000000000000000000, 3.638467315049534800, 401.2609511280014658 ) ) ;
#972 = CARTESIAN_POINT ( 'NONE',  ( 333.3476577129850398, -0.1083553778405999951, 223.1433570805639874 ) ) ;
#973 = EDGE_CURVE ( 'NONE', #2477, #1843, #247, .T. ) ;
#974 = DIRECTION ( 'NONE',  ( 0.000000000000000000, 1.000000000000000000, 0.000000000000000000 ) ) ;
#975 = VERTEX_POINT ( 'NONE', #3000 ) ;
#976 = CARTESIAN_POINT ( 'NONE',  ( 445.0185472759409890, -5.600614535421709839, 345.3989089750190260 ) ) ;
#977 = CARTESIAN_POINT ( 'NONE',  ( 310.0370945548290251, 9.660151497733799886, 342.7432423730800224 ) ) ;
#978 = CARTESIAN_POINT ( 'NONE',  ( 0.000000000000000000, 12.00859590623730000, 351.6479129724375525 ) ) ;
#979 = ORIENTED_EDGE ( 'NONE', *, *, #2466, .T. ) ;
#980 = DIRECTION ( 'NONE',  ( 1.000000000000000000, 0.000000000000000000, 0.000000000000000000 ) ) ;
#981 = CARTESIAN_POINT ( 'NONE',  ( 332.7027477239410018, -1.612505625796091246, 225.8667375328653009 ) ) ;
#982 = CARTESIAN_POINT ( 'NONE',  ( 328.7974018081200143, 4.601191008585979958, 228.5034762785980149 ) ) ;
#983 = ORIENTED_EDGE ( 'NONE', *, *, #2536, .F. ) ;
#984 = PLANE ( 'NONE',  #1485 ) ;
#985 = EDGE_CURVE ( 'NONE', #2358, #355, #1452, .T. ) ;
#986 = VECTOR ( 'NONE', #3703, 1000.000000000000000 ) ;
#987 = CARTESIAN_POINT ( 'NONE',  ( 328.2297160751562615, -0.03279501741917160290, 222.7857186936988967 ) ) ;
#988 = DIRECTION ( 'NONE',  ( 0.000000000000000000, -1.000000000000000000, 0.000000000000000000 ) ) ;
#989 = CARTESIAN_POINT ( 'NONE',  ( 411.4367889235229541, -5.958157757774439567, 315.4165216302249632 ) ) ;
#990 =( LENGTH_UNIT ( ) NAMED_UNIT ( * ) SI_UNIT ( .MILLI., .METRE. ) );
#991 = CIRCLE ( 'NONE', #3666, 3.300000000000025135 ) ;
#992 = CARTESIAN_POINT ( 'NONE',  ( 193.3333333323510033, 3.194756911386669618, 389.6578644352155152 ) ) ;
#993 = CARTESIAN_POINT ( 'NONE',  ( 333.3461550260734612, -0.07312177538296919799, 223.1334120984070069 ) ) ;
#994 = B_SPLINE_CURVE_WITH_KNOTS ( 'NONE', 3,
 ( #1977, #3493, #2642, #2298, #2359, #2339, #3180, #1726, #1386, #3201, #1148, #144, #2600, #3535, #1364, #458, #1429, #2940, #2621, #2901, #2020, #1408, #225, #1680, #3575, #187, #3853, #3813, #1660, #2959, #164, #3554, #2575, #3788, #1063, #2921, #754 ),
 .UNSPECIFIED., .F., .F.,
 ( 4, 2, 2, 2, 2, 2, 1, 1, 1, 1, 2, 2, 2, 2, 2, 2, 1, 2, 2, 2, 4 ),
 ( 0.000000000000000000, 0.1249999999984446608, 0.2499999999968893216, 0.3749999999953339547, 0.4374999999945521911, 0.4687499999941714957, 0.4843749999939903073, 0.4921874999939002682, 0.4960937499938553041, 0.4980468749938327666, 0.4990234374938317119, 0.4999999999938307127, 0.6249999999954096719, 0.6874999999961889374, 0.7187499999965861752, 0.7343749999967800202, 0.7421874999968718356, 0.7460937499969177988, 0.7499999999969637621, 0.8749999999984818810, 1.000000000000000000 ),
 .UNSPECIFIED. ) ;
#995 = CARTESIAN_POINT ( 'NONE',  ( 28.78724197761274795, 0.000000000000000000, 376.0641378344780037 ) ) ;
#996 = ORIENTED_EDGE ( 'NONE', *, *, #75, .F. ) ;
#997 = CARTESIAN_POINT ( 'NONE',  ( 314.9704281474575396, -6.320363880911029852, 264.4069360705269673 ) ) ;
#998 = CARTESIAN_POINT ( 'NONE',  ( 434.8412479443829852, -5.566400478889679704, 360.0250924027390056 ) ) ;
#999 = CARTESIAN_POINT ( 'NONE',  ( 0.000000000000000000, 17.29567669399770224, 313.2912272862359941 ) ) ;
#1000 = EDGE_CURVE ( 'NONE', #3241, #673, #2924, .T. ) ;
#1001 = EDGE_LOOP ( 'NONE', ( #2842, #2686, #2744, #2678, #3914, #534, #2338, #3374 ) ) ;
#1002 = CARTESIAN_POINT ( 'NONE',  ( 413.6935900405985649, -4.278066687584771266, 326.9886668342159624 ) ) ;
#1003 = CARTESIAN_POINT ( 'NONE',  ( 333.2567626387321411, 0.07066679469909914468, 223.1521702429438960 ) ) ;
#1004 = CARTESIAN_POINT ( 'NONE',  ( 319.5975070309984858, 0.9594216077601790404, 222.8669594483300216 ) ) ;
#1005 = CARTESIAN_POINT ( 'NONE',  ( 422.6307313164035122, -4.196787601671326584, 332.6817145493894827 ) ) ;
#1006 = ORIENTED_EDGE ( 'NONE', *, *, #1636, .F. ) ;
#1007 = CARTESIAN_POINT ( 'NONE',  ( 328.1655091704330403, -0.5456093413855719332, 223.0871261749145162 ) ) ;
#1008 = EDGE_CURVE ( 'NONE', #1540, #3259, #1546, .T. ) ;
#1009 = CARTESIAN_POINT ( 'NONE',  ( 414.7567226954615762, 0.6132317559495262804, 282.0817145493895168 ) ) ;
#1010 = CARTESIAN_POINT ( 'NONE',  ( 333.1164356670196867, 2.754545991013675366, 223.8397511576458498 ) ) ;
#1011 = CARTESIAN_POINT ( 'NONE',  ( 579.9999999970530098, -5.102621935511619355, 314.0808441813600211 ) ) ;
#1012 = CARTESIAN_POINT ( 'NONE',  ( 324.2255596983594614, -2.161668966512864998, 227.0337444616415041 ) ) ;
#1013 = CARTESIAN_POINT ( 'NONE',  ( 312.0370945548290251, -3.525667192811749562, 311.8817145493894714 ) ) ;
#1014 = ORIENTED_EDGE ( 'NONE', *, *, #748, .F. ) ;
#1015 = MANIFOLD_SOLID_BREP ( 'NONE', #406 ) ;
#1016 = DIRECTION ( 'NONE',  ( 0.000000000000000000, 1.000000000000000000, 0.000000000000000000 ) ) ;
#1017 = CARTESIAN_POINT ( 'NONE',  ( 310.0370945548290820, -5.859376937632353233, 301.3889627201846224 ) ) ;
#1018 = CARTESIAN_POINT ( 'NONE',  ( 0.000000000000000000, -0.07286972220746458506, 422.4816273383034968 ) ) ;
#1019 = ORIENTED_EDGE ( 'NONE', *, *, #1971, .F. ) ;
#1020 = CARTESIAN_POINT ( 'NONE',  ( 400.0000000000000000, 3.443088007130915340, 253.6429071604394778 ) ) ;
#1021 = CARTESIAN_POINT ( 'NONE',  ( 333.1514050166458674, -0.7110061703656100907, 223.6684024724800395 ) ) ;
#1022 = CARTESIAN_POINT ( 'NONE',  ( 333.3765540339884978, 2.698768674773260212, 225.6453428265000127 ) ) ;
#1023 = FACE_BOUND ( 'NONE', #782, .T. ) ;
#1024 = EDGE_CURVE ( 'NONE', #2726, #104, #1110, .T. ) ;
#1025 = CARTESIAN_POINT ( 'NONE',  ( 411.4368233289105206, -7.699999999999999289, 332.6817137798445287 ) ) ;
#1026 = ORIENTED_EDGE ( 'NONE', *, *, #2216, .F. ) ;
#1027 = CARTESIAN_POINT ( 'NONE',  ( 328.1500811231973103, -0.6058623458221010782, 223.1608457547046100 ) ) ;
#1028 = DIRECTION ( 'NONE',  ( 1.000000000000000000, 0.000000000000000000, 0.000000000000000000 ) ) ;
#1029 = CARTESIAN_POINT ( 'NONE',  ( 333.5001042660986741, 0.2263576351354691651, 221.9593325904438359 ) ) ;
#1030 = CARTESIAN_POINT ( 'NONE',  ( 193.3333333323510033, -6.914820130816959676, 341.8730961291020094 ) ) ;
#1031 = CARTESIAN_POINT ( 'NONE',  ( 319.6323794635504782, -1.784284757033494762, 225.4368628993069876 ) ) ;
#1032 = FACE_OUTER_BOUND ( 'NONE', #1269, .T. ) ;
#1033 = CARTESIAN_POINT ( 'NONE',  ( 310.0370945548290251, 14.54705926040939978, 264.4069360666575221 ) ) ;
#1034 = CARTESIAN_POINT ( 'NONE',  ( 417.4367709638569863, 0.6156635598634694340, 284.5920450379105091 ) ) ;
#1035 = B_SPLINE_CURVE_WITH_KNOTS ( 'NONE', 3,
 ( #2848, #111, #425, #1665, #3185, #3123 ),
 .UNSPECIFIED., .F., .F.,
 ( 4, 2, 4 ),
 ( 4.336808689942014655E-18, 0.001020245687556926026, 0.002040491375113849884 ),
 .UNSPECIFIED. ) ;
#1036 = CARTESIAN_POINT ( 'NONE',  ( 310.0370945548290251, -5.059144578331959075, 301.8309080583596824 ) ) ;
#1037 = CARTESIAN_POINT ( 'NONE',  ( 386.6666666647025181, -2.348547368065704966, 407.1102233377395123 ) ) ;
#1038 = ORIENTED_EDGE ( 'NONE', *, *, #721, .T. ) ;
#1039 = CARTESIAN_POINT ( 'NONE',  ( 414.2937864134327128, -4.276645692316749070, 326.7441851617616635 ) ) ;
#1040 = CARTESIAN_POINT ( 'NONE',  ( 333.2169691120681705, -0.4764722041078025550, 223.3471509247788447 ) ) ;
#1041 = CARTESIAN_POINT ( 'NONE',  ( 333.3821593934064822, 3.679926325210345350, 227.1812531293159907 ) ) ;
#1042 = DIRECTION ( 'NONE',  ( 0.000000000000000000, -1.000000000000000000, 0.000000000000000000 ) ) ;
#1043 = B_SPLINE_CURVE_WITH_KNOTS ( 'NONE', 3,
 ( #1997, #1427, #2919, #1105 ),
 .UNSPECIFIED., .F., .F.,
 ( 4, 4 ),
 ( 0.003000039232759964865, 0.005000065387781690157 ),
 .UNSPECIFIED. ) ;
#1044 = CARTESIAN_POINT ( 'NONE',  ( 319.6403025009814769, 12.43489638757507798, 257.3054144688545080 ) ) ;
#1045 = CARTESIAN_POINT ( 'NONE',  ( 327.9603887736120669, -1.074485839988386315, 224.0987451903384908 ) ) ;
#1046 = LINE ( 'NONE', #2263, #3682 ) ;
#1047 = EDGE_CURVE ( 'NONE', #957, #2399, #3598, .T. ) ;
#1048 = CARTESIAN_POINT ( 'NONE',  ( 332.7254037339184265, 4.232498501491243736, 225.7557151280371102 ) ) ;
#1049 = B_SPLINE_CURVE_WITH_KNOTS ( 'NONE', 3,
 ( #82, #2516, #689, #2875, #1262, #998, #1878 ),
 .UNSPECIFIED., .F., .F.,
 ( 4, 3, 4 ),
 ( 0.000000000000000000, 0.1047562661068631995, 0.1353778192564442096 ),
 .UNSPECIFIED. ) ;
#1050 = CARTESIAN_POINT ( 'NONE',  ( 0.000000000000000000, -7.875199188317401067, 346.8394967070635175 ) ) ;
#1051 = CARTESIAN_POINT ( 'NONE',  ( 319.6239128983399951, -0.8823039510306619482, 223.0640354028229808 ) ) ;
#1052 = MECHANICAL_DESIGN_GEOMETRIC_PRESENTATION_REPRESENTATION (  '', ( #412 ), #1167 ) ;
#1053 = CARTESIAN_POINT ( 'NONE',  ( 579.9999999970530098, -1.220256621134523822, 238.8938225097270163 ) ) ;
#1054 = ORIENTED_EDGE ( 'NONE', *, *, #3936, .F. ) ;
#1055 = AXIS2_PLACEMENT_3D ( 'NONE', #1720, #3847, #1122 ) ;
#1056 = CARTESIAN_POINT ( 'NONE',  ( 416.8965767088194525, 0.6194761180159473746, 282.9953854682857468 ) ) ;
#1057 = CARTESIAN_POINT ( 'NONE',  ( 414.0840025070924639, 0.5945326482801639445, 285.4188334012765154 ) ) ;
#1058 = CARTESIAN_POINT ( 'NONE',  ( 193.3333333323510033, 16.69263255009154889, 271.4737103024624503 ) ) ;
#1059 = EDGE_CURVE ( 'NONE', #3021, #1629, #3072, .T. ) ;
#1060 = VECTOR ( 'NONE', #152, 1000.000000000000000 ) ;
#1061 = CARTESIAN_POINT ( 'NONE',  ( 413.4367889235229541, 7.299999999999999822, 0.000000000000000000 ) ) ;
#1062 = ORIENTED_EDGE ( 'NONE', *, *, #2614, .F. ) ;
#1063 = CARTESIAN_POINT ( 'NONE',  ( 415.4731395482024823, 0.7292050694588287918, 326.7180562716661143 ) ) ;
#1064 = CARTESIAN_POINT ( 'NONE',  ( 0.000000000000000000, 0.6651760188416220299, 199.5309203637110045 ) ) ;
#1065 = CARTESIAN_POINT ( 'NONE',  ( 333.0384146806113677, -0.9806406441581922984, 224.2220335428496298 ) ) ;
#1066 = CARTESIAN_POINT ( 'NONE',  ( 333.3657018781345300, 1.264500506426481818, 224.0740037035695025 ) ) ;
#1067 = CARTESIAN_POINT ( 'NONE',  ( 422.5635547234414844, -4.373824378996880036, 289.1425018579334960 ) ) ;
#1068 = VECTOR ( 'NONE', #980, 1000.000000000000000 ) ;
#1069 = CARTESIAN_POINT ( 'NONE',  ( 314.0439322302752885, -6.512412885724953249, 301.8144517963808084 ) ) ;
#1070 = CARTESIAN_POINT ( 'NONE',  ( 333.4064442970215509, 12.28670939900611891, 257.8379958811730148 ) ) ;
#1071 = CARTESIAN_POINT ( 'NONE',  ( 328.2058721046185497, -0.3214118840837313362, 222.8967586589423320 ) ) ;
#1072 = PRODUCT_DEFINITION_SHAPE ( 'NONE', 'NONE',  #263 ) ;
#1073 = DIRECTION ( 'NONE',  ( 0.000000000000000000, 0.000000000000000000, 1.000000000000000000 ) ) ;
#1074 = CARTESIAN_POINT ( 'NONE',  ( 333.4542410995229602, 0.7955520346802092968, 222.1845745739297229 ) ) ;
#1075 = AXIS2_PLACEMENT_3D ( 'NONE', #3263, #2962, #1789 ) ;
#1076 = CARTESIAN_POINT ( 'NONE',  ( 0.000000000000000000, -6.956796621827979088, 451.7784412453589766 ) ) ;
#1077 = CARTESIAN_POINT ( 'NONE',  ( 319.6368457663459708, -2.173757270363489980, 226.7448855501340006 ) ) ;
#1078 = EDGE_CURVE ( 'NONE', #3168, #639, #502, .T. ) ;
#1079 = CARTESIAN_POINT ( 'NONE',  ( 445.0185472759409890, -5.822436841133850294, 281.0817145493894600 ) ) ;
#1080 = CARTESIAN_POINT ( 'NONE',  ( 416.4287751377544282, 0.6039097921081483245, 286.5888323955093142 ) ) ;
#1081 = DIRECTION ( 'NONE',  ( 0.000000000000000000, 0.000000000000000000, -1.000000000000000000 ) ) ;
#1082 = CARTESIAN_POINT ( 'NONE',  ( 0.000000000000000000, -7.314032143735950342, 439.3289523860929648 ) ) ;
#1083 = FACE_OUTER_BOUND ( 'NONE', #3378, .T. ) ;
#1084 = DIRECTION ( 'NONE',  ( 0.000000000000000000, -1.000000000000000000, -1.576542137387264761E-16 ) ) ;
#1085 = VERTEX_POINT ( 'NONE', #3557 ) ;
#1086 = CARTESIAN_POINT ( 'NONE',  ( 413.4367889235229541, 4.474332807188235783, 321.8817145493894714 ) ) ;
#1087 = CARTESIAN_POINT ( 'NONE',  ( 579.9999999970530098, 1.367670693497609946, 239.2000782469990270 ) ) ;
#1088 = CARTESIAN_POINT ( 'NONE',  ( 333.2163413192089365, 0.4089837101733005409, 223.3502269899076680 ) ) ;
#1089 = CARTESIAN_POINT ( 'NONE',  ( 411.2351810438864845, -4.422924206472960584, 284.4983588162664887 ) ) ;
#1090 = VERTEX_POINT ( 'NONE', #1132 ) ;
#1091 = CARTESIAN_POINT ( 'NONE',  ( 314.6569409886533890, -6.506086247544360823, 302.8146581142264040 ) ) ;
#1092 = DIRECTION ( 'NONE',  ( 0.000000000000000000, 0.000000000000000000, -1.000000000000000000 ) ) ;
#1093 = B_SPLINE_CURVE_WITH_KNOTS ( 'NONE', 3,
 ( #1983, #3739, #1005, #2561 ),
 .UNSPECIFIED., .F., .F.,
 ( 4, 4 ),
 ( 0.2179475382378509851, 0.2515297042392845017 ),
 .UNSPECIFIED. ) ;
#1094 = CARTESIAN_POINT ( 'NONE',  ( 327.3409550503110381, 3.901976670406896108, 227.1340324420245054 ) ) ;
#1095 = AXIS2_PLACEMENT_3D ( 'NONE', #725, #2269, #1951 ) ;
#1096 = CARTESIAN_POINT ( 'NONE',  ( 413.4367889235230109, -4.385801571662550913, 307.0207175440458514 ) ) ;
#1097 = CARTESIAN_POINT ( 'NONE',  ( 332.3325318785504123, 5.393793099479047726, 227.6843283545665599 ) ) ;
#1098 = CARTESIAN_POINT ( 'NONE',  ( 579.9999999970530098, -4.690623640227410185, 385.3875012641354942 ) ) ;
#1099 = CARTESIAN_POINT ( 'NONE',  ( 324.2210933955640257, -1.773685778026139914, 225.7307219763710009 ) ) ;
#1100 = CARTESIAN_POINT ( 'NONE',  ( 415.2427764615269439, 0.6157712087237893206, 282.0817145493894031 ) ) ;
#1101 = ADVANCED_FACE ( 'NONE', ( #1583 ), #1563, .F. ) ;
#1102 = FACE_OUTER_BOUND ( 'NONE', #2697, .T. ) ;
#1103 = CARTESIAN_POINT ( 'NONE',  ( 0.000000000000000000, -7.452155228677350252, 421.6783925123605172 ) ) ;
#1104 = DIRECTION ( 'NONE',  ( -0.07632546015824470675, 0.000000000000000000, -0.9970829574973348874 ) ) ;
#1105 = CARTESIAN_POINT ( 'NONE',  ( 310.0370945548295367, -4.538304021238969810, 301.8817145493895282 ) ) ;
#1106 = VERTEX_POINT ( 'NONE', #3020 ) ;
#1107 = DIRECTION ( 'NONE',  ( 0.000000000000000000, 0.000000000000000000, 1.000000000000000000 ) ) ;
#1108 = CARTESIAN_POINT ( 'NONE',  ( 193.3333333323510033, 9.316921043030340854, 226.5755206670814914 ) ) ;
#1109 = CARTESIAN_POINT ( 'NONE',  ( 329.1787680528773876, 9.639889880672857458, 243.1335649954812936 ) ) ;
#1110 = LINE ( 'NONE', #2982, #1919 ) ;
#1111 = CARTESIAN_POINT ( 'NONE',  ( 411.4367889235229541, -7.699999999999999289, 281.0817145493894600 ) ) ;
#1112 = CARTESIAN_POINT ( 'NONE',  ( 333.3958421663180047, 7.432093197775329507, 235.6786608781889925 ) ) ;
#1113 = CARTESIAN_POINT ( 'NONE',  ( 324.1035428461113952, 9.712073913133814074, 242.9971326014339752 ) ) ;
#1114 = CARTESIAN_POINT ( 'NONE',  ( 414.9367889235430198, -4.242608822892234954, 331.6817145493894827 ) ) ;
#1115 = CARTESIAN_POINT ( 'NONE',  ( 329.4426874789704129, 10.55338739599224596, 241.8404102011670602 ) ) ;
#1116 = VECTOR ( 'NONE', #3804, 1000.000000000000114 ) ;
#1117 = CARTESIAN_POINT ( 'NONE',  ( 579.9999999970530098, -4.843869939650170764, 266.1019293467750231 ) ) ;
#1118 = CARTESIAN_POINT ( 'NONE',  ( 333.4145856968179942, -3.831996378548440330, 238.7517561137754853 ) ) ;
#1119 = CARTESIAN_POINT ( 'NONE',  ( 416.4841946671489836, 0.6043052818274714522, 286.5465800695751000 ) ) ;
#1120 = AXIS2_PLACEMENT_3D ( 'NONE', #1850, #1910, #1888 ) ;
#1121 = COLOUR_RGB ( '',0.7921568627450980005, 0.8196078431372548767, 0.9333333333333333481 ) ;
#1122 = DIRECTION ( 'NONE',  ( 0.000000000000000000, -1.000000000000000000, 0.000000000000000000 ) ) ;
#1123 = CARTESIAN_POINT ( 'NONE',  ( 0.000000000000000000, -6.223998622485599874, 456.3664685701569965 ) ) ;
#1124 = VECTOR ( 'NONE', #3079, 1000.000000000000114 ) ;
#1125 = FACE_OUTER_BOUND ( 'NONE', #2198, .T. ) ;
#1126 = CARTESIAN_POINT ( 'NONE',  ( 414.5638623660640292, -4.407035062746665233, 287.0817145493927001 ) ) ;
#1127 = ORIENTED_EDGE ( 'NONE', *, *, #3563, .T. ) ;
#1128 = CARTESIAN_POINT ( 'NONE',  ( 416.5199623542682730, -4.262229049331695663, 327.2462789951837863 ) ) ;
#1129 = CARTESIAN_POINT ( 'NONE',  ( 0.000000000000000000, 18.39353072245674880, 301.0012924865724813 ) ) ;
#1130 = B_SPLINE_CURVE_WITH_KNOTS ( 'NONE', 3,
 ( #2893, #230, #2363, #3281, #192, #522, #3794, #1709, #2283, #485, #3228, #2983, #2580, #2607, #504, #838, #1152, #3837, #3877, #3521, #2666, #1982, #1369, #2061, #3498, #1453, #3578, #2042, #210, #540, #821, #3819, #760, #1069, #3207, #2926, #1769, #464, #3559, #1091, #2024, #1414, #2946, #783, #1731, #170, #1432, #2303, #1687, #2906 ),
 .UNSPECIFIED., .F., .F.,
 ( 4, 2, 2, 2, 2, 1, 2, 2, 2, 2, 1, 1, 1, 2, 2, 2, 2, 2, 2, 2, 2, 2, 2, 2, 2, 2, 4 ),
 ( 0.000000000000000000, 0.06250000000077508833, 0.09375000000116057164, 0.1093750000013533202, 0.1171875000014557244, 0.1210937500015080298, 0.1230468750015331347, 0.1250000000015582258, 0.1875000000021032343, 0.2187500000023866464, 0.2343750000025413560, 0.2421875000026462998, 0.2460937500026834923, 0.2480468750027020608, 0.2500000000027206570, 0.3750000000023547275, 0.4375000000021923574, 0.4687500000021130320, 0.4843750000020732860, 0.5000000000020335955, 0.6250000000015103474, 0.6875000000012541079, 0.7187500000011259882, 0.7343750000010751400, 0.7500000000010242918, 0.8750000000005121459, 1.000000000000000000 ),
 .UNSPECIFIED. ) ;
#1131 = CARTESIAN_POINT ( 'NONE',  ( 333.1791398423279702, 0.6536266063624475153, 223.5325071227738079 ) ) ;
#1132 = CARTESIAN_POINT ( 'NONE',  ( 413.4367889235229541, -4.415054022863574623, 288.0817145493894600 ) ) ;
#1133 = CARTESIAN_POINT ( 'NONE',  ( 328.8071282343050257, 7.463501851459580116, 235.4190875156010065 ) ) ;
#1134 = CARTESIAN_POINT ( 'NONE',  ( 324.3526438043076610, 9.408450987301961277, 241.7765858821812230 ) ) ;
#1135 = CARTESIAN_POINT ( 'NONE',  ( 331.5319408050951893, -4.172210563486990154, 231.6034677973520388 ) ) ;
#1136 = CARTESIAN_POINT ( 'NONE',  ( 414.0839806051105256, 0.7534257183149489778, 331.7464040017994762 ) ) ;
#1137 = CARTESIAN_POINT ( 'NONE',  ( 445.0185472759409890, -5.813002221819550286, 279.6305742538669961 ) ) ;
#1138 = ADVANCED_FACE ( 'NONE', ( #299 ), #653, .F. ) ;
#1139 = CARTESIAN_POINT ( 'NONE',  ( 333.4183997608509458, -4.965509394737840587, 261.5834910189330458 ) ) ;
#1140 = EDGE_CURVE ( 'NONE', #1265, #2302, #3933, .T. ) ;
#1141 = CARTESIAN_POINT ( 'NONE',  ( 418.4367889235230109, 60.00000000000000000, 330.6817145493894827 ) ) ;
#1142 = CARTESIAN_POINT ( 'NONE',  ( 333.3448190426714746, -0.03071098727556614491, 223.1300761557920111 ) ) ;
#1143 = CARTESIAN_POINT ( 'NONE',  ( 417.4697892413204841, 0.6118927073400800554, 285.4786742790139442 ) ) ;
#1144 = CARTESIAN_POINT ( 'NONE',  ( 386.6666666647020065, -5.769646836630459852, 367.4881854869410063 ) ) ;
#1145 = CARTESIAN_POINT ( 'NONE',  ( 319.7340254802990103, -5.093461917049689980, 264.4069360666575221 ) ) ;
#1146 = CARTESIAN_POINT ( 'NONE',  ( 445.0185472759409890, 5.991024902900800697, 354.9267345785920043 ) ) ;
#1147 = VERTEX_POINT ( 'NONE', #575 ) ;
#1148 = CARTESIAN_POINT ( 'NONE',  ( 417.4152811489339001, 0.7564530719042168450, 329.5195598150468186 ) ) ;
#1149 = CARTESIAN_POINT ( 'NONE',  ( 386.6666666647020065, 9.514594926166108024, 242.4372132912700124 ) ) ;
#1150 = CARTESIAN_POINT ( 'NONE',  ( 332.7495947333894151, 2.687801406784577907, 225.6371961322922743 ) ) ;
#1151 = DIRECTION ( 'NONE',  ( 0.000000000000000000, -1.000000000000000000, 0.000000000000000000 ) ) ;
#1152 = CARTESIAN_POINT ( 'NONE',  ( 312.9344990929911319, -6.521521136855108480, 300.6527531861455600 ) ) ;
#1153 = CARTESIAN_POINT ( 'NONE',  ( 324.2156497584585395, 6.532941139735989999, 232.4890410824980052 ) ) ;
#1154 = CARTESIAN_POINT ( 'NONE',  ( 326.2329719485593387, 6.494424299375633147, 232.5633359002148666 ) ) ;
#1155 = ADVANCED_FACE ( 'NONE', ( #3377 ), #2867, .F. ) ;
#1156 = CARTESIAN_POINT ( 'NONE',  ( 332.6224648779612494, -3.008082559933757949, 226.2601005370762266 ) ) ;
#1157 = B_SPLINE_CURVE_WITH_KNOTS ( 'NONE', 3,
 ( #3912, #2738, #911, #335, #41, #557, #1, #1803, #1222, #1185 ),
 .UNSPECIFIED., .F., .F.,
 ( 4, 3, 3, 4 ),
 ( 0.000000000000000000, 0.4995701296725525431, 0.7600251344584740831, 0.9999999577299690801 ),
 .UNSPECIFIED. ) ;
#1158 = CARTESIAN_POINT ( 'NONE',  ( 320.5207681346430491, -40.00000000000000000, 368.7761829327499754 ) ) ;
#1159 = EDGE_LOOP ( 'NONE', ( #2019, #383 ) ) ;
#1160 = CARTESIAN_POINT ( 'NONE',  ( 579.9999999970530098, -1.884472597434355023, 240.4758978681774977 ) ) ;
#1161 = CARTESIAN_POINT ( 'NONE',  ( 324.2411473687419630, -5.081267688922850745, 265.1027824859054363 ) ) ;
#1162 = CARTESIAN_POINT ( 'NONE',  ( 324.1694007872499697, -0.0008758206155630249507, 222.5179735951515170 ) ) ;
#1163 = CARTESIAN_POINT ( 'NONE',  ( 579.9999999970530098, -4.341600791566104789, 401.3625127179655010 ) ) ;
#1164 = ORIENTED_EDGE ( 'NONE', *, *, #1078, .F. ) ;
#1165 = CARTESIAN_POINT ( 'NONE',  ( 445.0185472759409890, 9.051425268147690772, 245.5370201356590201 ) ) ;
#1166 = ORIENTED_EDGE ( 'NONE', *, *, #3925, .F. ) ;
#1167 =( GEOMETRIC_REPRESENTATION_CONTEXT ( 3 ) GLOBAL_UNCERTAINTY_ASSIGNED_CONTEXT ( ( #2713 ) ) GLOBAL_UNIT_ASSIGNED_CONTEXT ( ( #990, #1536, #2471 ) ) REPRESENTATION_CONTEXT ( 'NONE', 'WORKASPACE' ) );
#1168 = CARTESIAN_POINT ( 'NONE',  ( 414.9367889235430198, -4.242608822892234954, 331.6817145493894827 ) ) ;
#1169 = CARTESIAN_POINT ( 'NONE',  ( 193.3333333323510033, -4.759549676635350224, 434.1261621060940001 ) ) ;
#1170 = CARTESIAN_POINT ( 'NONE',  ( 333.2098428665410097, 0.4533845501953615020, 223.3820681670615329 ) ) ;
#1171 = DIRECTION ( 'NONE',  ( 0.000000000000000000, 0.000000000000000000, 1.000000000000000000 ) ) ;
#1172 = CARTESIAN_POINT ( 'NONE',  ( 118.4367889235230109, -1.525667192811754891, 319.8817145493894714 ) ) ;
#1173 = CARTESIAN_POINT ( 'NONE',  ( 324.2132820899760191, 5.821549913903329987, 230.7471203258409957 ) ) ;
#1174 = CARTESIAN_POINT ( 'NONE',  ( 327.6946910976870981, 2.769514315879199717, 225.4012605390068131 ) ) ;
#1175 = CARTESIAN_POINT ( 'NONE',  ( 445.0185472759409890, 7.299999999999999822, 283.0817145493894600 ) ) ;
#1176 = CARTESIAN_POINT ( 'NONE',  ( 417.4697630592795008, 0.7386728105592760274, 326.6022146141965550 ) ) ;
#1177 = CARTESIAN_POINT ( 'NONE',  ( 193.3333333323510033, -7.146172102861040543, 281.4362150807655212 ) ) ;
#1178 = CARTESIAN_POINT ( 'NONE',  ( 319.6495967233324791, -4.188698663165750347, 241.8434754621124796 ) ) ;
#1179 = ADVANCED_FACE ( 'NONE', ( #413, #3745 ), #3132, .T. ) ;
#1180 = CARTESIAN_POINT ( 'NONE',  ( 319.5858193018279962, 0.1101241693689465895, 222.2499134052119985 ) ) ;
#1181 = CARTESIAN_POINT ( 'NONE',  ( 0.000000000000000000, -8.148468503287110920, 291.1339479415149754 ) ) ;
#1182 = ORIENTED_EDGE ( 'NONE', *, *, #1202, .T. ) ;
#1183 = ORIENTED_EDGE ( 'NONE', *, *, #1434, .F. ) ;
#1184 = CARTESIAN_POINT ( 'NONE',  ( 417.2015864251947619, -4.253535586986855854, 328.1044022422674402 ) ) ;
#1185 = CARTESIAN_POINT ( 'NONE',  ( 411.4367886006619983, -4.398456471223419761, 281.0817145360105087 ) ) ;
#1186 = ADVANCED_FACE ( 'NONE', ( #374, #2495, #118 ), #1915, .T. ) ;
#1187 = DIRECTION ( 'NONE',  ( -6.667710862802938462E-07, 0.000000000000000000, -0.9999999999997776223 ) ) ;
#1188 = ORIENTED_EDGE ( 'NONE', *, *, #3707, .F. ) ;
#1189 = DIRECTION ( 'NONE',  ( 0.000000000000000000, -1.000000000000000000, 0.000000000000000000 ) ) ;
#1190 = CARTESIAN_POINT ( 'NONE',  ( 333.4009206557049652, 9.503555510564538622, 242.9327210353574742 ) ) ;
#1191 = AXIS2_PLACEMENT_3D ( 'NONE', #3376, #1524, #3634 ) ;
#1192 = CARTESIAN_POINT ( 'NONE',  ( 330.3090653557099472, -3.735983410806521743, 237.5953240488241249 ) ) ;
#1193 = DIRECTION ( 'NONE',  ( -1.000000000000000000, 0.000000000000000000, 0.000000000000000000 ) ) ;
#1194 = CARTESIAN_POINT ( 'NONE',  ( 331.5332183672456381, -4.171207187211789069, 231.5972080380505531 ) ) ;
#1195 = CARTESIAN_POINT ( 'NONE',  ( 330.4999805654379088, 9.086197131346544609, 236.6610209935301157 ) ) ;
#1196 = EDGE_LOOP ( 'NONE', ( #2662, #10, #2482, #3934 ) ) ;
#1197 = CARTESIAN_POINT ( 'NONE',  ( 319.7340254802990103, -5.093461917049689980, 264.4069360666575221 ) ) ;
#1198 = CARTESIAN_POINT ( 'NONE',  ( 319.6415029193160535, -2.595474437617829810, 228.5506264659985050 ) ) ;
#1199 = VECTOR ( 'NONE', #3334, 1000.000000000000000 ) ;
#1200 = CARTESIAN_POINT ( 'NONE',  ( 319.5790406431924566, -0.02489220713146565039, 222.2050079872060167 ) ) ;
#1201 = APPLICATION_PROTOCOL_DEFINITION ( 'draft international standard', 'automotive_design', 1998, #1287 ) ;
#1202 = EDGE_CURVE ( 'NONE', #1205, #2808, #1637, .T. ) ;
#1203 = CARTESIAN_POINT ( 'NONE',  ( 193.3333333323510033, -6.914820130816959676, 341.8730961291020094 ) ) ;
#1204 = EDGE_LOOP ( 'NONE', ( #108, #2297, #2837, #3715 ) ) ;
#1205 = VERTEX_POINT ( 'NONE', #1337 ) ;
#1206 = DIRECTION ( 'NONE',  ( -6.667710862802938462E-07, 0.000000000000000000, -0.9999999999997776223 ) ) ;
#1207 = PLANE ( 'NONE',  #1695 ) ;
#1208 = CARTESIAN_POINT ( 'NONE',  ( 579.9999999970530098, -2.452747206727054999E-11, 238.5133111311284893 ) ) ;
#1209 = ORIENTED_EDGE ( 'NONE', *, *, #870, .T. ) ;
#1210 = CARTESIAN_POINT ( 'NONE',  ( 417.4006778841792880, -4.382799427195725350, 284.1497273587943937 ) ) ;
#1211 = CARTESIAN_POINT ( 'NONE',  ( 331.1370253874864034, -3.250870523415468671, 233.5384779971811895 ) ) ;
#1212 = CARTESIAN_POINT ( 'NONE',  ( 312.0217456123600073, -6.529025161359209406, 299.9992100113539664 ) ) ;
#1213 = CARTESIAN_POINT ( 'NONE',  ( 328.4432950130656650, -5.638786475608079662, 246.7371152125789990 ) ) ;
#1214 = CARTESIAN_POINT ( 'NONE',  ( 413.4367889235229541, 60.00000000000000000, 288.0817145493894600 ) ) ;
#1215 = CARTESIAN_POINT ( 'NONE',  ( 326.3679970262002143, -3.068840922500691626, 231.9017427948571424 ) ) ;
#1216 = CARTESIAN_POINT ( 'NONE',  ( 414.9367889235229541, -4.385827464008400511, 282.0817145493894600 ) ) ;
#1217 = CARTESIAN_POINT ( 'NONE',  ( 328.7698848395090181, 0.3537804643640024560, 223.0099571566834982 ) ) ;
#1218 = CARTESIAN_POINT ( 'NONE',  ( 193.3333333323510033, -6.939266470113820695, 260.1927417165400129 ) ) ;
#1219 = ORIENTED_EDGE ( 'NONE', *, *, #748, .T. ) ;
#1220 = CARTESIAN_POINT ( 'NONE',  ( 445.0185472759409890, -5.518887524353080387, 359.2460327981115142 ) ) ;
#1221 = EDGE_CURVE ( 'NONE', #913, #604, #2191, .T. ) ;
#1222 = CARTESIAN_POINT ( 'NONE',  ( 411.4367832251614914, -4.423253466355351549, 285.2063086659649684 ) ) ;
#1223 = CARTESIAN_POINT ( 'NONE',  ( 193.3333333323510033, 7.477695866475670528, 221.8680221566750106 ) ) ;
#1224 = EDGE_LOOP ( 'NONE', ( #3553, #3017, #1659, #2855 ) ) ;
#1225 = CARTESIAN_POINT ( 'NONE',  ( 417.4141285019583165, -4.383066036463676873, 284.2349215509219107 ) ) ;
#1226 = DIRECTION ( 'NONE',  ( -1.000000000000000000, 0.000000000000000000, 0.000000000000000000 ) ) ;
#1227 = CARTESIAN_POINT ( 'NONE',  ( 315.0370945548289114, -6.257106121125327824, 300.8689115691209395 ) ) ;
#1228 = ORIENTED_EDGE ( 'NONE', *, *, #1564, .T. ) ;
#1229 = CARTESIAN_POINT ( 'NONE',  ( 333.4967018549427848, -0.4094005286339492677, 221.9727808214833829 ) ) ;
#1230 = CARTESIAN_POINT ( 'NONE',  ( 413.1595787766153762, 0.7435850653325207782, 330.9400339181690924 ) ) ;
#1231 = CARTESIAN_POINT ( 'NONE',  ( 323.8775729448038305, -4.311796374541245314, 244.1043137686628484 ) ) ;
#1232 = CYLINDRICAL_SURFACE ( 'NONE', #792, 2.000000000000001776 ) ;
#1233 = ADVANCED_FACE ( 'NONE', ( #1032 ), #3486, .F. ) ;
#1234 = FILL_AREA_STYLE_COLOUR ( '', #1121 ) ;
#1235 = CARTESIAN_POINT ( 'NONE',  ( 386.6666666647020065, 1.294877575380734003, 386.4039895251285088 ) ) ;
#1236 = CARTESIAN_POINT ( 'NONE',  ( 324.1687271620469915, -0.07541950860101870324, 222.5164852993094939 ) ) ;
#1237 = PRODUCT_CONTEXT ( 'NONE', #1287, 'mechanical' ) ;
#1238 = B_SPLINE_CURVE_WITH_KNOTS ( 'NONE', 3,
 ( #1703, #3833, #207, #777, #1999, #3514, #3242, #1128, #834, #1766, #3357, #1468, #892, #2134, #296, #1184, #1241, #18, #573, #2978, #3911, #315, #3893, #3632, #1523, #2396, #2698, #243, #612, #2679, #535, #2998, #872, #2056, #3314, #3278, #1823, #1168 ),
 .UNSPECIFIED., .F., .F.,
 ( 4, 2, 2, 2, 1, 1, 2, 2, 2, 2, 2, 2, 1, 1, 1, 1, 2, 2, 2, 2, 2, 4 ),
 ( 0.000000000000000000, 0.1250000000010126899, 0.1875000000015190349, 0.2187500000017852109, 0.2343750000019127200, 0.2421875000019707291, 0.2460937500019875490, 0.2500000000020043411, 0.3125000000021799784, 0.3750000000023556157, 0.4375000000025311975, 0.4687500000026172398, 0.4843750000026603164, 0.4921875000026817992, 0.4960937500026922908, 0.4980468750026973979, 0.4990234375026810776, 0.5000000000026647573, 0.6250000000019985125, 0.7500000000013323787, 0.8750000000006661338, 1.000000000000000000 ),
 .UNSPECIFIED. ) ;
#1239 = CARTESIAN_POINT ( 'NONE',  ( 0.000000000000000000, -7.638359414888849841, 243.0181500959984646 ) ) ;
#1240 = ORIENTED_EDGE ( 'NONE', *, *, #3538, .T. ) ;
#1241 = CARTESIAN_POINT ( 'NONE',  ( 417.2716065058398840, -4.252143751512663883, 328.2732196812377765 ) ) ;
#1242 = AXIS2_PLACEMENT_3D ( 'NONE', #3532, #2898, #1658 ) ;
#1243 = FACE_OUTER_BOUND ( 'NONE', #2124, .T. ) ;
#1244 = CARTESIAN_POINT ( 'NONE',  ( 193.3333333323510033, 9.316921043030340854, 226.5755206670814914 ) ) ;
#1245 = EDGE_LOOP ( 'NONE', ( #1686, #2055, #3419, #2317 ) ) ;
#1246 = CARTESIAN_POINT ( 'NONE',  ( 415.2425990174589288, -4.384229718356423611, 282.0817145493894600 ) ) ;
#1247 = CARTESIAN_POINT ( 'NONE',  ( 330.0526803012031678, -3.859339177248968689, 238.8515618576043380 ) ) ;
#1248 = VECTOR ( 'NONE', #969, 1000.000000000000000 ) ;
#1249 = CARTESIAN_POINT ( 'NONE',  ( 315.0370945548287978, -6.513590973361874426, 299.9983042980616119 ) ) ;
#1250 = ORIENTED_EDGE ( 'NONE', *, *, #2478, .T. ) ;
#1251 = CARTESIAN_POINT ( 'NONE',  ( 333.3875124861964423, -1.315186462346941587, 222.5114776024262255 ) ) ;
#1252 = CARTESIAN_POINT ( 'NONE',  ( 413.4168763712119699, 0.7216892534443556384, 327.1700207759756154 ) ) ;
#1253 = CARTESIAN_POINT ( 'NONE',  ( 445.0185472759409890, 3.306277303021955216, 269.3767156309139637 ) ) ;
#1254 = LINE ( 'NONE', #1646, #3806 ) ;
#1255 = CARTESIAN_POINT ( 'NONE',  ( 412.4846398350834988, 0.5879697860838861700, 285.1558417735575972 ) ) ;
#1256 = DIRECTION ( 'NONE',  ( 0.000000000000000000, 0.000000000000000000, -1.000000000000000000 ) ) ;
#1257 = CARTESIAN_POINT ( 'NONE',  ( 579.9999999970530098, -3.946952243843885100, 401.3968860776000156 ) ) ;
#1258 = CARTESIAN_POINT ( 'NONE',  ( 333.3603829190330430, -0.3730310530843405359, 223.2803771607235035 ) ) ;
#1259 = CARTESIAN_POINT ( 'NONE',  ( 0.000000000000000000, -7.965129795698270954, 332.7649557612894569 ) ) ;
#1260 = ORIENTED_EDGE ( 'NONE', *, *, #2834, .T. ) ;
#1261 = CARTESIAN_POINT ( 'NONE',  ( 310.0370945548290251, -3.525667192811749562, 0.000000000000000000 ) ) ;
#1262 = CARTESIAN_POINT ( 'NONE',  ( 424.6639486363800415, -5.613918508613029879, 360.8041520055645037 ) ) ;
#1263 = CARTESIAN_POINT ( 'NONE',  ( 0.000000000000000000, 6.360022959421539390, 205.8840378691749891 ) ) ;
#1264 = AXIS2_PLACEMENT_3D ( 'NONE', #3518, #3164, #3497 ) ;
#1265 = VERTEX_POINT ( 'NONE', #78 ) ;
#1266 = CARTESIAN_POINT ( 'NONE',  ( 412.4398511040517974, -4.270345365260642900, 329.3084532164394886 ) ) ;
#1267 = LINE ( 'NONE', #267, #858 ) ;
#1268 = CARTESIAN_POINT ( 'NONE',  ( 312.0293773905880244, -5.534115987428119610, 301.6152771285355243 ) ) ;
#1269 = EDGE_LOOP ( 'NONE', ( #3653, #1786, #1861, #1483 ) ) ;
#1270 = CARTESIAN_POINT ( 'NONE',  ( 333.3923875760408464, -1.290231142362987748, 222.4876327504645417 ) ) ;
#1271 = DIRECTION ( 'NONE',  ( 0.000000000000000000, 0.000000000000000000, 1.000000000000000000 ) ) ;
#1272 = EDGE_CURVE ( 'NONE', #2302, #3437, #745, .T. ) ;
#1273 = CARTESIAN_POINT ( 'NONE',  ( 326.2270094935815337, -3.173634030891919533, 232.5923707452668339 ) ) ;
#1274 = LINE ( 'NONE', #3126, #2518 ) ;
#1275 = CARTESIAN_POINT ( 'NONE',  ( 411.4367889235229541, -5.998504978718439240, 281.0817145493894600 ) ) ;
#1276 = CARTESIAN_POINT ( 'NONE',  ( 579.9999999970530098, -4.352006386214564593, 404.0986377003519578 ) ) ;
#1277 = CARTESIAN_POINT ( 'NONE',  ( 333.3775664015360576, -0.6153743845514569877, 223.5365266722820081 ) ) ;
#1278 = DIRECTION ( 'NONE',  ( 0.000000000000000000, 1.000000000000000000, 0.000000000000000000 ) ) ;
#1279 = VERTEX_POINT ( 'NONE', #2567 ) ;
#1280 = CARTESIAN_POINT ( 'NONE',  ( 414.9586822755257458, 0.5950064533273243805, 287.0817145493896305 ) ) ;
#1281 = DIRECTION ( 'NONE',  ( 0.000000000000000000, -1.000000000000000000, 0.000000000000000000 ) ) ;
#1282 = VECTOR ( 'NONE', #974, 1000.000000000000000 ) ;
#1283 = DIRECTION ( 'NONE',  ( 0.000000000000000000, 0.000000000000000000, -1.000000000000000000 ) ) ;
#1284 = ADVANCED_FACE ( 'NONE', ( #2246 ), #3466, .F. ) ;
#1285 = ORIENTED_EDGE ( 'NONE', *, *, #1434, .T. ) ;
#1286 = CARTESIAN_POINT ( 'NONE',  ( 412.4365027703372562, -4.273240806954737181, 328.8496570062545175 ) ) ;
#1287 = APPLICATION_CONTEXT ( 'automotive_design' ) ;
#1288 = CARTESIAN_POINT ( 'NONE',  ( 333.1631366972775368, -0.6752671123237425910, 223.6109194776216782 ) ) ;
#1289 = CARTESIAN_POINT ( 'NONE',  ( 333.3851763910485602, 4.362330379650934731, 228.3830452219320080 ) ) ;
#1290 = CARTESIAN_POINT ( 'NONE',  ( 310.0370945548290251, 4.474332807188235783, 321.8817145493894714 ) ) ;
#1291 = AXIS2_PLACEMENT_3D ( 'NONE', #883, #1736, #2029 ) ;
#1292 = CARTESIAN_POINT ( 'NONE',  ( 327.9784093726251513, -1.038794879862418918, 224.0109576104150335 ) ) ;
#1293 = CARTESIAN_POINT ( 'NONE',  ( 315.0370945548290251, -4.528075591606529393, 304.8817145493895282 ) ) ;
#1294 = DIRECTION ( 'NONE',  ( 0.9970796596427955460, 0.002571963139560263546, -0.07632520771158046724 ) ) ;
#1295 = CARTESIAN_POINT ( 'NONE',  ( 413.1625341859747778, -4.398871055601467184, 282.8204436304728802 ) ) ;
#1296 = CARTESIAN_POINT ( 'NONE',  ( 386.6666666647020065, 10.58455155675146031, 330.7635623173569570 ) ) ;
#1297 = ADVANCED_FACE ( 'NONE', ( #2230 ), #3449, .F. ) ;
#1298 = CARTESIAN_POINT ( 'NONE',  ( 333.3720017174314876, -0.5351744353511680430, 223.4316701554544977 ) ) ;
#1299 = PLANE ( 'NONE',  #2623 ) ;
#1300 = VERTEX_POINT ( 'NONE', #1318 ) ;
#1301 = CARTESIAN_POINT ( 'NONE',  ( 310.6929219318105311, -4.534949983095270198, 301.8817145493895282 ) ) ;
#1302 = DIRECTION ( 'NONE',  ( 1.000000000000000000, 0.000000000000000000, 9.637352644315590806E-16 ) ) ;
#1303 = CARTESIAN_POINT ( 'NONE',  ( 579.9999999970530098, 12.21604645281510138, 288.0486393700724648 ) ) ;
#1304 = ORIENTED_EDGE ( 'NONE', *, *, #2266, .F. ) ;
#1305 = CARTESIAN_POINT ( 'NONE',  ( 413.2065468072776184, -4.255882663264557664, 330.9862706109842065 ) ) ;
#1306 = EDGE_CURVE ( 'NONE', #3904, #1540, #730, .T. ) ;
#1307 = CARTESIAN_POINT ( 'NONE',  ( 333.2530694341712092, -0.1998173202094729595, 223.1702662400526549 ) ) ;
#1308 = CARTESIAN_POINT ( 'NONE',  ( 319.5985131523584641, 1.126945753151614049, 223.0134195068410179 ) ) ;
#1309 = LINE ( 'NONE', #1348, #2651 ) ;
#1310 = ORIENTED_EDGE ( 'NONE', *, *, #567, .F. ) ;
#1311 = VECTOR ( 'NONE', #53, 1000.000000000000000 ) ;
#1312 = CARTESIAN_POINT ( 'NONE',  ( 328.1915079903032506, 0.3454097549197072681, 222.9668970086306672 ) ) ;
#1313 = CARTESIAN_POINT ( 'NONE',  ( 312.0350749777330179, -4.791355733784980586, 301.8686292074634707 ) ) ;
#1314 = CARTESIAN_POINT ( 'NONE',  ( 323.1360715299855997, 13.15154692096979971, 264.4069360666575221 ) ) ;
#1315 = LINE ( 'NONE', #1594, #1248 ) ;
#1316 = CARTESIAN_POINT ( 'NONE',  ( 193.3333333323510033, -6.993783717568669012, 329.5149428003300045 ) ) ;
#1317 = CARTESIAN_POINT ( 'NONE',  ( 319.5786613382809946, -0.03756235896788675394, 222.2045560922969969 ) ) ;
#1318 = CARTESIAN_POINT ( 'NONE',  ( 310.0370945548290251, -3.525667192811749562, 301.8817145493895282 ) ) ;
#1319 = EDGE_CURVE ( 'NONE', #1540, #2217, #3113, .T. ) ;
#1320 = ORIENTED_EDGE ( 'NONE', *, *, #488, .F. ) ;
#1321 = CARTESIAN_POINT ( 'NONE',  ( 312.0370945548290251, -4.528075591606529393, 301.8817145493895282 ) ) ;
#1322 = ADVANCED_FACE ( 'NONE', ( #2818 ), #1299, .F. ) ;
#1323 = DIRECTION ( 'NONE',  ( 0.000000000000000000, 1.000000000000000000, 0.000000000000000000 ) ) ;
#1324 = CARTESIAN_POINT ( 'NONE',  ( 579.9999999970530098, 3.601999506163845233, 359.0013333867894403 ) ) ;
#1325 = VERTEX_POINT ( 'NONE', #1376 ) ;
#1326 = DIRECTION ( 'NONE',  ( 1.000000000000000000, 0.000000000000000000, 0.000000000000000000 ) ) ;
#1327 = CARTESIAN_POINT ( 'NONE',  ( 331.6895242285740437, -2.830957173962694196, 230.8313391789039031 ) ) ;
#1328 = CARTESIAN_POINT ( 'NONE',  ( 319.6216541867414662, 5.058507649588630528, 228.7687951982340167 ) ) ;
#1329 = CARTESIAN_POINT ( 'NONE',  ( 422.5636177123855077, -4.357659015179589979, 302.4526412588480184 ) ) ;
#1330 = DIRECTION ( 'NONE',  ( 1.000000000000000000, 0.000000000000000000, 0.000000000000000000 ) ) ;
#1331 = ORIENTED_EDGE ( 'NONE', *, *, #3004, .T. ) ;
#1332 = CARTESIAN_POINT ( 'NONE',  ( 327.8261404648436610, -1.336942248544343181, 224.7623161884261833 ) ) ;
#1333 = CARTESIAN_POINT ( 'NONE',  ( 412.4366858966119480, 0.5886647103323744412, 284.8622653086599712 ) ) ;
#1334 = CARTESIAN_POINT ( 'NONE',  ( 333.4739432070618932, 0.6026998123565430188, 222.0878913063168625 ) ) ;
#1335 = CARTESIAN_POINT ( 'NONE',  ( 0.000000000000000000, -6.846324879718630463, 456.3122647871370532 ) ) ;
#1336 = CARTESIAN_POINT ( 'NONE',  ( 328.8189307833430348, -2.568111843737010069, 229.1147036234424945 ) ) ;
#1337 = CARTESIAN_POINT ( 'NONE',  ( 312.0370945548355053, -6.482496568953039606, 311.8817145493894714 ) ) ;
#1338 = ORIENTED_EDGE ( 'NONE', *, *, #3925, .T. ) ;
#1339 = CARTESIAN_POINT ( 'NONE',  ( 445.0185472759409890, -5.526478340685510027, 357.9177677962939583 ) ) ;
#1340 = CARTESIAN_POINT ( 'NONE',  ( 310.0370945548290251, -6.538323494046630380, 299.8868844838020209 ) ) ;
#1341 = CARTESIAN_POINT ( 'NONE',  ( 193.3333333323510033, -0.06398327331131899165, 408.2906831791809736 ) ) ;
#1342 = ORIENTED_EDGE ( 'NONE', *, *, #1841, .F. ) ;
#1343 = CARTESIAN_POINT ( 'NONE',  ( 413.4159942907532468, -4.278310548834576288, 327.1706469463878761 ) ) ;
#1344 = CARTESIAN_POINT ( 'NONE',  ( 333.1583648466657337, -0.6900794984925644471, 223.6343006344057756 ) ) ;
#1345 = CARTESIAN_POINT ( 'NONE',  ( 319.6137644279960455, 3.252803023247265113, 225.5092092481674797 ) ) ;
#1346 = EDGE_CURVE ( 'NONE', #1856, #3159, #449, .T. ) ;
#1347 = DIRECTION ( 'NONE',  ( 0.000000000000000000, 0.000000000000000000, -1.000000000000000000 ) ) ;
#1348 = CARTESIAN_POINT ( 'NONE',  ( 445.0185472759409890, 7.299999999999999822, 281.0817145493894600 ) ) ;
#1349 = CARTESIAN_POINT ( 'NONE',  ( 328.1925535042017827, 0.3377014790069333139, 222.9617627309196735 ) ) ;
#1350 = CARTESIAN_POINT ( 'NONE',  ( 413.4367889235230109, -4.386336666273108698, 306.8889185757371934 ) ) ;
#1351 = ORIENTED_EDGE ( 'NONE', *, *, #3524, .F. ) ;
#1352 = AXIS2_PLACEMENT_3D ( 'NONE', #1556, #2771, #1256 ) ;
#1353 = CARTESIAN_POINT ( 'NONE',  ( 333.4855344434360518, 0.4649342739803563052, 222.0307910404416134 ) ) ;
#1354 = CARTESIAN_POINT ( 'NONE',  ( 386.6666666647020065, -5.887203071725790160, 347.4091257492925138 ) ) ;
#1355 = EDGE_CURVE ( 'NONE', #314, #2722, #1130, .T. ) ;
#1356 = CARTESIAN_POINT ( 'NONE',  ( 319.6281425529670059, -1.095064840323640043, 223.5672805857275023 ) ) ;
#1357 = DIRECTION ( 'NONE',  ( 0.000000000000000000, -1.000000000000000000, 0.000000000000000000 ) ) ;
#1358 = ORIENTED_EDGE ( 'NONE', *, *, #567, .T. ) ;
#1359 = CARTESIAN_POINT ( 'NONE',  ( 315.0370945548290251, -6.479177026677732876, 309.2774786402101199 ) ) ;
#1360 = CARTESIAN_POINT ( 'NONE',  ( 310.0370945548290251, 14.59218077534789870, 264.8902783943444774 ) ) ;
#1361 = CARTESIAN_POINT ( 'NONE',  ( 386.6666666647025181, 11.94894084339833995, 321.0677719607929816 ) ) ;
#1362 = CARTESIAN_POINT ( 'NONE',  ( 341.6072432298724948, -0.2020362616947314893, 382.2059231409784843 ) ) ;
#1363 = ORIENTED_EDGE ( 'NONE', *, *, #985, .F. ) ;
#1364 = CARTESIAN_POINT ( 'NONE',  ( 417.4365241463289635, 0.7547197722433522937, 329.2206795761384797 ) ) ;
#1365 = CARTESIAN_POINT ( 'NONE',  ( 579.9999999970530098, 10.12718433015162134, 262.5747236603410215 ) ) ;
#1366 = CARTESIAN_POINT ( 'NONE',  ( 332.9741039521010180, -1.110830539558185004, 224.5371438320215418 ) ) ;
#1367 = CARTESIAN_POINT ( 'NONE',  ( 324.1903678735794756, 1.599291616541685057, 223.7625637841410082 ) ) ;
#1368 = CARTESIAN_POINT ( 'NONE',  ( 433.8919382844414940, -4.281817968061259805, 306.8827567483054395 ) ) ;
#1369 = CARTESIAN_POINT ( 'NONE',  ( 313.1030586587032190, -6.520164591366500950, 300.8053909295460357 ) ) ;
#1370 = CARTESIAN_POINT ( 'NONE',  ( 315.0370945548290251, -6.498491360724469423, 304.4770995433730150 ) ) ;
#1371 = CARTESIAN_POINT ( 'NONE',  ( 327.9767023641555852, -1.042172002986714974, 224.0192200050378517 ) ) ;
#1372 = CARTESIAN_POINT ( 'NONE',  ( 413.4367889235230109, -4.386325253124911505, 306.8917364656980453 ) ) ;
#1373 = CARTESIAN_POINT ( 'NONE',  ( 333.4219432802837559, 1.045265296551752376, 222.3418566543035695 ) ) ;
#1374 = CARTESIAN_POINT ( 'NONE',  ( 579.9999999970530098, -5.167355906338060301, 296.6145897423934912 ) ) ;
#1375 = CARTESIAN_POINT ( 'NONE',  ( 328.8038430899225091, -0.9510245282446270210, 223.8548040329629885 ) ) ;
#1376 = CARTESIAN_POINT ( 'NONE',  ( 310.0370945548290251, -6.347919574081259952, 264.4069360705285021 ) ) ;
#1377 = ORIENTED_EDGE ( 'NONE', *, *, #1140, .T. ) ;
#1378 = CIRCLE ( 'NONE', #3416, 5.299999999999998934 ) ;
#1379 = CARTESIAN_POINT ( 'NONE',  ( 315.0370945548290251, -6.480903624744970060, 308.8817145493894714 ) ) ;
#1380 = CARTESIAN_POINT ( 'NONE',  ( 339.3174794251249864, -0.2020362616947314893, 352.2934344160585169 ) ) ;
#1381 = CARTESIAN_POINT ( 'NONE',  ( 0.000000000000000000, 1.712573641261869950, 412.3034159109440111 ) ) ;
#1382 = VECTOR ( 'NONE', #1649, 1000.000000000000000 ) ;
#1383 = CARTESIAN_POINT ( 'NONE',  ( 310.0370945548290251, 21.80627730302189704, 264.4069360666575221 ) ) ;
#1384 = CARTESIAN_POINT ( 'NONE',  ( 445.0185472759409890, 0.4784567706222950245, 229.4496382749115355 ) ) ;
#1385 = ORIENTED_EDGE ( 'NONE', *, *, #3236, .F. ) ;
#1386 = CARTESIAN_POINT ( 'NONE',  ( 417.3520131795233965, 0.7581237254807714487, 329.8485926652923581 ) ) ;
#1387 = CARTESIAN_POINT ( 'NONE',  ( 386.6666666647020065, 13.07726766458431911, 311.5408364025354899 ) ) ;
#1388 = CARTESIAN_POINT ( 'NONE',  ( 329.2434565197400502, 9.562166597023482595, 242.8166038605153005 ) ) ;
#1389 = CARTESIAN_POINT ( 'NONE',  ( 319.5799819425025134, -0.01142292338290305971, 222.2068146981155223 ) ) ;
#1390 = CARTESIAN_POINT ( 'NONE',  ( 445.2202597256405170, -4.223951233733320265, 306.8751350659225068 ) ) ;
#1391 = CIRCLE ( 'NONE', #2211, 2.000000000000001776 ) ;
#1392 = CARTESIAN_POINT ( 'NONE',  ( 411.4368233289105206, -7.699999999999999289, 332.6817137798445287 ) ) ;
#1393 = CARTESIAN_POINT ( 'NONE',  ( 324.2305865018029749, 13.20096038119493898, 265.0979683207995095 ) ) ;
#1394 = CARTESIAN_POINT ( 'NONE',  ( 327.2226481584345947, 4.234686466490632739, 227.7141121050271124 ) ) ;
#1395 = B_SPLINE_SURFACE_WITH_KNOTS ( 'NONE', 3, 3, ( 
 ( #715, #171, #1393, #403 ),
 ( #2284, #1628, #2581, #1943 ),
 ( #1070, #3165, #3775, #1044 ),
 ( #3499, #2258, #737, #1962 ),
 ( #1490, #1791, #523, #561 ),
 ( #2401, #2006, #3246, #1710 ),
 ( #3838, #2964, #3229, #2383 ),
 ( #2648, #1473, #3600, #3002 ),
 ( #2703, #3916, #2325, #2364 ),
 ( #1190, #3619, #193, #3579 ),
 ( #839, #804, #2062, #1732 ),
 ( #1415, #505, #1752, #822 ),
 ( #2025, #3265, #1433, #2947 ),
 ( #211, #486, #2629, #3861 ),
 ( #1112, #1133, #2667, #2927 ),
 ( #2345, #3282, #541, #3560 ),
 ( #2043, #857, #231, #1454 ),
 ( #265, #3878, #1153, #2081 ),
 ( #3542, #1770, #2984, #249 ),
 ( #2684, #3898, #1173, #3301 ),
 ( #1807, #578, #3023, #3320 ),
 ( #878, #2099, #694, #1328 ),
 ( #1959, #402, #2578, #2201 ),
 ( #1627, #982, #2847, #69 ),
 ( #1289, #2807, #3496, #1924 ),
 ( #3141, #364, #127, #1588 ),
 ( #2238, #87, #3182, #147 ),
 ( #1041, #3422, #3754, #2221 ),
 ( #1663, #2256, #2504, #1345 ),
 ( #1022, #3163, #107, #3719 ),
 ( #677, #3792, #2882, #2540 ),
 ( #2827, #3457, #2863, #3102 ),
 ( #1904, #441, #1367, #3773 ),
 ( #1066, #382, #3121, #2280 ),
 ( #1607, #3440, #757, #1308 ),
 ( #2522, #3738, #713, #1004 ),
 ( #1941, #423, #1645, #2558 ),
 ( #3478, #735, #529, #1781 ),
 ( #848, #828, #3290, #1462 ),
 ( #3945, #1798, #568, #2050 ),
 ( #2694, #3628, #3272, #275 ),
 ( #549, #1217, #256, #1481 ),
 ( #2432, #3014, #1759, #887 ),
 ( #2109, #3204, #2973, #2993 ),
 ( #2089, #1980, #3330, #3569 ),
 ( #2070, #3907, #2373, #1180 ),
 ( #461, #2904, #588, #2603 ),
 ( #1817, #1499, #2391, #3310 ),
 ( #1683, #168, #1162, #3647 ),
 ( #3033, #238, #2714, #1389 ),
 ( #292, #1519, #2353, #2732 ),
 ( #3926, #3608, #3816, #1200 ),
 ( #1142, #867, #2674, #3888 ),
 ( #3589, #2411, #96, #2209 ),
 ( #2129, #3053, #37, #1317 ),
 ( #3431, #2453, #666, #2530 ),
 ( #993, #392, #1236, #685 ),
 ( #972, #1558, #3727, #1914 ),
 ( #3354, #1578, #1893, #353 ),
 ( #2750, #15, #2817, #3668 ),
 ( #1258, #3090, #3131, #2773 ),
 ( #950, #930, #1617, #2835 ),
 ( #907, #2150, #609, #1836 ),
 ( #311, #1874, #3371, #2797 ),
 ( #1298, #627, #2473, #373 ),
 ( #1538, #3111, #1853, #3070 ),
 ( #1277, #3411, #331, #3690 ),
 ( #2494, #2170, #3708, #3392 ),
 ( #648, #59, #2190, #1596 ),
 ( #77, #2511, #2549, #1051 ),
 ( #3465, #1717, #3504, #2289 ),
 ( #3171, #1375, #3150, #1652 ),
 ( #703, #1421, #723, #155 ),
 ( #3764, #1990, #2245, #1401 ),
 ( #2268, #472, #3528, #1356 ),
 ( #2613, #1931, #1635, #744 ),
 ( #2892, #3485, #1950, #430 ),
 ( #790, #1967, #3825, #3803 ),
 ( #3192, #768, #2871, #3213 ),
 ( #2588, #448, #1099, #1031 ),
 ( #3780, #198, #1671, #2933 ),
 ( #135, #3744, #1694, #2566 ),
 ( #2229, #2310, #1012, #1077 ),
 ( #2914, #178, #3448, #2013 ),
 ( #3234, #492, #410, #2853 ),
 ( #117, #1336, #3548, #1198 ),
 ( #2692, #3923, #2088, #2371 ),
 ( #528, #3844, #809, #1757 ),
 ( #3309, #2410, #216, #2388 ),
 ( #2711, #3627, #2107, #2952 ),
 ( #886, #3906, #3270, #1498 ),
 ( #1118, #3328, #1779, #3567 ),
 ( #586, #1815, #1460, #1797 ),
 ( #865, #2031, #3288, #1178 ),
 ( #2332, #2672, #1439, #3031 ),
 ( #3587, #2655, #2350, #237 ),
 ( #2634, #290, #3252, #511 ),
 ( #566, #1480, #1738, #3866 ),
 ( #1139, #827, #2048, #2971 ),
 ( #3886, #3011, #1161, #846 ) ),
 .UNSPECIFIED., .F., .F., .F.,
 ( 4, 3, 3, 3, 3, 3, 3, 3, 3, 3, 3, 3, 3, 3, 3, 3, 3, 3, 3, 3, 3, 3, 3, 3, 3, 3, 3, 3, 3, 3, 3, 3, 3, 4 ),
 ( 4, 4 ),
 ( 0.000000000000000000, 0.02742776302293870039, 0.04114164453440794650, 0.05485552604587740078, 0.06856940755734690363, 0.07542634831308149546, 0.08228328906881610116, 0.08914022982455069299, 0.09256870020241800279, 0.09599717058028531258, 0.1028541113360200016, 0.1062825817138872003, 0.1079968169028212022, 0.1088539344972880019, 0.1097110520917548016, 0.1105681696862214070, 0.1114252872806884009, 0.1118538460779220090, 0.1122824048751552006, 0.1131395224696220003, 0.1148537576585557940, 0.1157108752530225937, 0.1165679928474894073, 0.1182822280364230066, 0.1191393456308900006, 0.1199964632253566060, 0.1234249336032241934, 0.1268534039810916003, 0.1302818743589589934, 0.1371388151146934187, 0.1508526966261629909, 0.1645665781376320080, 0.1919943411605709860, 0.2194221041835095198 ),
 ( 0.4251288497951654644, 0.4488635770298375349 ),
 .UNSPECIFIED. ) ;
#1396 = DIRECTION ( 'NONE',  ( -0.07632546015824470675, 0.000000000000000000, -0.9970829574973348874 ) ) ;
#1397 = CARTESIAN_POINT ( 'NONE',  ( 333.2231452874199249, 2.223524687309418102, 223.3170914914755656 ) ) ;
#1398 = VECTOR ( 'NONE', #305, 1000.000000000000000 ) ;
#1399 = EDGE_CURVE ( 'NONE', #2736, #2419, #2324, .T. ) ;
#1400 = CARTESIAN_POINT ( 'NONE',  ( 193.3333333323510033, -6.765421898788469335, 365.9557577967349857 ) ) ;
#1401 = CARTESIAN_POINT ( 'NONE',  ( 319.6278705827099884, -1.051149178598956180, 223.4565880832450091 ) ) ;
#1402 = CARTESIAN_POINT ( 'NONE',  ( 312.0370945548355053, -6.482496568953039606, 311.8817145493894714 ) ) ;
#1403 = DIRECTION ( 'NONE',  ( -1.000000000000000000, 0.000000000000000000, 0.000000000000000000 ) ) ;
#1404 = CARTESIAN_POINT ( 'NONE',  ( 386.6666666647020065, -5.720178202154570180, 376.8193992500835066 ) ) ;
#1405 = FACE_OUTER_BOUND ( 'NONE', #2276, .T. ) ;
#1406 = CARTESIAN_POINT ( 'NONE',  ( 445.0185472759409890, 4.574723020754130509, 234.0193942476865061 ) ) ;
#1407 = ORIENTED_EDGE ( 'NONE', *, *, #1713, .F. ) ;
#1408 = CARTESIAN_POINT ( 'NONE',  ( 417.2722438278899517, 0.7478695388629201801, 328.2748343409841709 ) ) ;
#1409 = CARTESIAN_POINT ( 'NONE',  ( 579.9999999970530098, 7.980006272893819919, 252.7075933310314895 ) ) ;
#1410 = CARTESIAN_POINT ( 'NONE',  ( 331.3341727710401869, 6.349896091234048967, 232.5724934642730659 ) ) ;
#1411 = EDGE_CURVE ( 'NONE', #2419, #3, #2628, .T. ) ;
#1412 = SURFACE_STYLE_USAGE ( .BOTH. , #1471 ) ;
#1413 = ORIENTED_EDGE ( 'NONE', *, *, #2524, .F. ) ;
#1414 = CARTESIAN_POINT ( 'NONE',  ( 314.7172882488966934, -6.505364054037946708, 302.9521363302875443 ) ) ;
#1415 = CARTESIAN_POINT ( 'NONE',  ( 333.3988014864474962, 8.560549588380650832, 239.2715673114304877 ) ) ;
#1416 = CARTESIAN_POINT ( 'NONE',  ( 324.1151189969873485, 9.698285465991276055, 242.9404122624343643 ) ) ;
#1417 = VECTOR ( 'NONE', #1597, 1000.000000000000000 ) ;
#1418 = DIRECTION ( 'NONE',  ( 0.000000000000000000, 1.000000000000000000, 0.000000000000000000 ) ) ;
#1419 = DIRECTION ( 'NONE',  ( 1.000000000000000000, 0.000000000000000000, 0.000000000000000000 ) ) ;
#1420 = CARTESIAN_POINT ( 'NONE',  ( 386.6666666647020065, -6.096510108436830500, 275.4220436995685191 ) ) ;
#1421 = CARTESIAN_POINT ( 'NONE',  ( 328.8045707683295404, -0.9932399100563060745, 223.9569896327230083 ) ) ;
#1422 = CARTESIAN_POINT ( 'NONE',  ( 414.9367889235229541, 0.6141725359915889415, 282.0817145493894600 ) ) ;
#1423 = EDGE_CURVE ( 'NONE', #3695, #2112, #3860, .T. ) ;
#1424 = CARTESIAN_POINT ( 'NONE',  ( 414.0839744463875149, 0.6008536647401280240, 283.7245235375945072 ) ) ;
#1425 = CARTESIAN_POINT ( 'NONE',  ( 193.3333333323510033, -6.108416584304059427, 434.0147561491485249 ) ) ;
#1426 = LINE ( 'NONE', #1061, #2323 ) ;
#1427 = CARTESIAN_POINT ( 'NONE',  ( 311.3704278881825189, -4.531485072080768894, 301.8817145493895282 ) ) ;
#1428 = VERTEX_POINT ( 'NONE', #3245 ) ;
#1429 = CARTESIAN_POINT ( 'NONE',  ( 417.4367585139772245, 0.7545565302276947550, 329.1943239162277450 ) ) ;
#1430 = CARTESIAN_POINT ( 'NONE',  ( 193.3333333323510033, 7.477695866475670528, 221.8680221566750106 ) ) ;
#1431 = CARTESIAN_POINT ( 'NONE',  ( 329.1679515695715850, 9.652802949168872715, 243.1865636982058163 ) ) ;
#1432 = CARTESIAN_POINT ( 'NONE',  ( 314.9221978512586588, -6.502873656192933893, 303.5341340030436186 ) ) ;
#1433 = CARTESIAN_POINT ( 'NONE',  ( 324.2199312305385206, 8.071264255360000917, 236.9662779599754856 ) ) ;
#1434 = EDGE_CURVE ( 'NONE', #2514, #224, #895, .T. ) ;
#1435 = CARTESIAN_POINT ( 'NONE',  ( 324.6044927164165870, 9.086198486366731331, 240.5425417613308809 ) ) ;
#1436 = LINE ( 'NONE', #1964, #2078 ) ;
#1437 = CARTESIAN_POINT ( 'NONE',  ( 417.4697566556310449, 0.7703263386486699504, 331.6722803241925135 ) ) ;
#1438 = CARTESIAN_POINT ( 'NONE',  ( 0.000000000000000000, -8.063096244697367965, 265.5213890302030109 ) ) ;
#1439 = CARTESIAN_POINT ( 'NONE',  ( 324.2393087498329578, -4.447840236457024865, 245.8994883706994869 ) ) ;
#1440 = CARTESIAN_POINT ( 'NONE',  ( 315.0370945548290251, -6.492607108594149246, 306.0960925485784969 ) ) ;
#1441 = VECTOR ( 'NONE', #2856, 1000.000000000000000 ) ;
#1442 = CARTESIAN_POINT ( 'NONE',  ( 414.0839377597185376, 0.6099924139649590682, 282.0304649237869512 ) ) ;
#1443 = CARTESIAN_POINT ( 'NONE',  ( 193.3333333323510033, -6.422087301610669208, 423.0834801110594867 ) ) ;
#1444 = VECTOR ( 'NONE', #19, 1000.000000000000000 ) ;
#1445 = CARTESIAN_POINT ( 'NONE',  ( 418.4367889235230109, 7.299999999999999822, 330.6817145493894827 ) ) ;
#1446 = CARTESIAN_POINT ( 'NONE',  ( 414.2036712373302976, -4.408589005046405163, 286.9972971822288628 ) ) ;
#1447 = ORIENTED_EDGE ( 'NONE', *, *, #3271, .F. ) ;
#1448 = DIRECTION ( 'NONE',  ( 0.000000000000000000, -1.000000000000000000, 0.000000000000000000 ) ) ;
#1449 = EDGE_CURVE ( 'NONE', #1085, #1428, #2344, .T. ) ;
#1450 = CARTESIAN_POINT ( 'NONE',  ( 0.000000000000000000, 14.38374267723913924, 229.2296430974215014 ) ) ;
#1451 = CARTESIAN_POINT ( 'NONE',  ( 332.2548304863170188, 4.230837825282256048, 228.0614464646704675 ) ) ;
#1452 = LINE ( 'NONE', #3225, #367 ) ;
#1453 = CARTESIAN_POINT ( 'NONE',  ( 313.2955125444271403, -6.518669097733287288, 300.9827698426724965 ) ) ;
#1454 = CARTESIAN_POINT ( 'NONE',  ( 319.6279579139585394, 6.894704145741980206, 233.1072611867699891 ) ) ;
#1455 = CARTESIAN_POINT ( 'NONE',  ( 327.5693750040857140, 3.205574770367950244, 226.0133703389545587 ) ) ;
#1456 = CARTESIAN_POINT ( 'NONE',  ( 331.5300242097783894, -4.173715282096678969, 231.6128586340694540 ) ) ;
#1457 = CARTESIAN_POINT ( 'NONE',  ( 325.7619887000163885, 13.88477851934538698, 259.8751313694659189 ) ) ;
#1458 = EDGE_LOOP ( 'NONE', ( #1062, #3312, #2568, #1560 ) ) ;
#1459 = CARTESIAN_POINT ( 'NONE',  ( 579.9999999970530098, -5.161150396137140106, 288.2912157075064670 ) ) ;
#1460 = CARTESIAN_POINT ( 'NONE',  ( 324.2378116081019925, -4.029840609471929902, 240.1654614606479754 ) ) ;
#1461 = VECTOR ( 'NONE', #2911, 1000.000000000000000 ) ;
#1462 = CARTESIAN_POINT ( 'NONE',  ( 319.5955836202090268, 0.6045445082450149332, 222.5765053821669994 ) ) ;
#1463 = DIRECTION ( 'NONE',  ( 1.000000000000000000, 0.000000000000000000, 0.000000000000000000 ) ) ;
#1464 = CARTESIAN_POINT ( 'NONE',  ( 386.6666666647025181, -4.983285286627490152, 421.1448889319455020 ) ) ;
#1465 = ORIENTED_EDGE ( 'NONE', *, *, #3547, .T. ) ;
#1466 = CARTESIAN_POINT ( 'NONE',  ( 445.0185472759409890, 13.85620859916681979, 285.6230584395539722 ) ) ;
#1467 = ORIENTED_EDGE ( 'NONE', *, *, #3236, .T. ) ;
#1468 = CARTESIAN_POINT ( 'NONE',  ( 416.6867966458906949, -4.260458126496241782, 327.3963200770312483 ) ) ;
#1469 = CARTESIAN_POINT ( 'NONE',  ( 579.9999999970530098, -1.068975656530539942, 385.7314532393305058 ) ) ;
#1470 = CARTESIAN_POINT ( 'NONE',  ( 333.2227935397575607, 0.3636870103410589916, 223.3186123413117059 ) ) ;
#1471 = SURFACE_SIDE_STYLE ('',( #3913 ) ) ;
#1472 = CARTESIAN_POINT ( 'NONE',  ( 414.9367889235229541, -4.385827464008400511, 282.0817145493894600 ) ) ;
#1473 = CARTESIAN_POINT ( 'NONE',  ( 328.8139984634955226, 10.39562077848060007, 246.4032397983284852 ) ) ;
#1474 = ADVANCED_FACE ( 'NONE', ( #3599 ), #635, .F. ) ;
#1475 = CARTESIAN_POINT ( 'NONE',  ( 327.9618355204765976, 1.667971928101472878, 224.0873348900416886 ) ) ;
#1476 = CARTESIAN_POINT ( 'NONE',  ( 327.9093137410110330, -5.780313049491393684, 249.3534983586818896 ) ) ;
#1477 = CARTESIAN_POINT ( 'NONE',  ( 326.6080859972397548, 13.31801315508880812, 255.7293655701778334 ) ) ;
#1478 = ORIENTED_EDGE ( 'NONE', *, *, #2402, .T. ) ;
#1479 = CARTESIAN_POINT ( 'NONE',  ( 310.7037612215065110, -6.489313523275299644, 311.8817145493894714 ) ) ;
#1480 = CARTESIAN_POINT ( 'NONE',  ( 328.8294547484555324, -4.892891376922939628, 257.5897701280989622 ) ) ;
#1481 = CARTESIAN_POINT ( 'NONE',  ( 319.5924569754824915, 0.3613262003854319504, 222.3957563847320102 ) ) ;
#1482 = CARTESIAN_POINT ( 'NONE',  ( 386.6666666647025181, -5.260036546780129996, 416.2510710529379594 ) ) ;
#1483 = ORIENTED_EDGE ( 'NONE', *, *, #1722, .F. ) ;
#1484 = ORIENTED_EDGE ( 'NONE', *, *, #870, .F. ) ;
#1485 = AXIS2_PLACEMENT_3D ( 'NONE', #3365, #620, #2505 ) ;
#1486 = CYLINDRICAL_SURFACE ( 'NONE', #3663, 3.000000000000002665 ) ;
#1487 = CARTESIAN_POINT ( 'NONE',  ( 418.4367889235230109, -4.389239799811164744, 288.0817145493894600 ) ) ;
#1488 =( LENGTH_UNIT ( ) NAMED_UNIT ( * ) SI_UNIT ( .MILLI., .METRE. ) );
#1489 = CARTESIAN_POINT ( 'NONE',  ( 416.7136161281807745, -4.393941069122416110, 286.3403772370928664 ) ) ;
#1490 = CARTESIAN_POINT ( 'NONE',  ( 333.4047768876059763, 11.40671459224550155, 252.2121688432440010 ) ) ;
#1491 = LINE ( 'NONE', #2784, #542 ) ;
#1492 = CARTESIAN_POINT ( 'NONE',  ( 315.0370945548290251, -7.846081138035870595, 303.6365084133075243 ) ) ;
#1493 = ORIENTED_EDGE ( 'NONE', *, *, #626, .F. ) ;
#1494 = CARTESIAN_POINT ( 'NONE',  ( 332.2873870483380188, -3.464954355010598785, 227.8952503091759070 ) ) ;
#1495 = CARTESIAN_POINT ( 'NONE',  ( 310.0370945548290251, -6.149329883771530447, 369.5786951049935283 ) ) ;
#1496 = ADVANCED_FACE ( 'NONE', ( #898 ), #938, .F. ) ;
#1497 = CARTESIAN_POINT ( 'NONE',  ( 579.9999999970530098, -2.676006289986924802, 242.6746744830809916 ) ) ;
#1498 = CARTESIAN_POINT ( 'NONE',  ( 319.6474428602265334, -3.683300370474839713, 236.1065409995875086 ) ) ;
#1499 = CARTESIAN_POINT ( 'NONE',  ( 328.7595245447315051, 0.02037328472794015105, 222.8316757397270180 ) ) ;
#1500 = CARTESIAN_POINT ( 'NONE',  ( 579.9999999970530098, -5.144550325250649259, 305.2452058889439854 ) ) ;
#1501 = EDGE_LOOP ( 'NONE', ( #3729, #1604, #576, #1580 ) ) ;
#1502 = VERTEX_POINT ( 'NONE', #3675 ) ;
#1503 = AXIS2_PLACEMENT_3D ( 'NONE', #661, #3944, #967 ) ;
#1504 = CARTESIAN_POINT ( 'NONE',  ( 418.4367889235230109, -4.241311684864903064, 329.0150478827228540 ) ) ;
#1505 = CARTESIAN_POINT ( 'NONE',  ( 418.4367889235230109, -4.380277429439800585, 284.6831014478130442 ) ) ;
#1506 = CARTESIAN_POINT ( 'NONE',  ( 193.3333333323510033, 0.5840579286484740562, 212.5287729211144949 ) ) ;
#1507 = VERTEX_POINT ( 'NONE', #23 ) ;
#1508 = CARTESIAN_POINT ( 'NONE',  ( 416.4210964099023613, -4.380778523581088990, 282.5436085265231441 ) ) ;
#1509 = AXIS2_PLACEMENT_3D ( 'NONE', #159, #2935, #1081 ) ;
#1510 = CARTESIAN_POINT ( 'NONE',  ( 559.8964877838540133, 0.3639932218558185051, 350.4522693450624615 ) ) ;
#1511 = CARTESIAN_POINT ( 'NONE',  ( 312.0232685102270693, -6.330494088878779735, 300.7585002126509721 ) ) ;
#1512 = B_SPLINE_CURVE_WITH_KNOTS ( 'NONE', 3,
 ( #1275, #93, #2148, #328 ),
 .UNSPECIFIED., .F., .F.,
 ( 4, 4 ),
 ( 0.000000000000000000, 0.03358221990843324872 ),
 .UNSPECIFIED. ) ;
#1513 = CARTESIAN_POINT ( 'NONE',  ( 331.4626698544651617, -4.226004542036952749, 231.9428388692352314 ) ) ;
#1514 = CARTESIAN_POINT ( 'NONE',  ( 412.5689560124278614, 0.7245487458241225420, 328.3627633484370563 ) ) ;
#1515 = ORIENTED_EDGE ( 'NONE', *, *, #2767, .T. ) ;
#1516 = CARTESIAN_POINT ( 'NONE',  ( 324.1295850969794401, -4.226499226422575362, 242.8695320517901735 ) ) ;
#1517 = DIRECTION ( 'NONE',  ( 0.000000000000000000, 0.000000000000000000, -1.000000000000000000 ) ) ;
#1518 = EDGE_CURVE ( 'NONE', #2736, #2358, #1862, .T. ) ;
#1519 = CARTESIAN_POINT ( 'NONE',  ( 328.7568319037795277, -0.02064723260606385336, 222.8226025244069888 ) ) ;
#1520 = CARTESIAN_POINT ( 'NONE',  ( 579.9999999970530098, -5.161150396137140106, 288.2912157075064670 ) ) ;
#1521 = ORIENTED_EDGE ( 'NONE', *, *, #3013, .F. ) ;
#1522 = ORIENTED_EDGE ( 'NONE', *, *, #1272, .F. ) ;
#1523 = CARTESIAN_POINT ( 'NONE',  ( 417.4367119214112449, -4.245654599002183893, 329.1606375543134391 ) ) ;
#1524 = DIRECTION ( 'NONE',  ( 1.000000000000000000, 0.000000000000000000, 0.000000000000000000 ) ) ;
#1525 = CARTESIAN_POINT ( 'NONE',  ( 193.3333333323510033, 11.04918357943839879, 232.1668332515079953 ) ) ;
#1526 = ORIENTED_EDGE ( 'NONE', *, *, #3763, .F. ) ;
#1527 = CARTESIAN_POINT ( 'NONE',  ( 417.2950802896542086, -4.381673084688016750, 283.7349564452835580 ) ) ;
#1528 = EDGE_CURVE ( 'NONE', #852, #1090, #2158, .T. ) ;
#1529 = DIRECTION ( 'NONE',  ( 0.000000000000000000, 1.000000000000000000, 0.000000000000000000 ) ) ;
#1530 = CARTESIAN_POINT ( 'NONE',  ( 193.3333333323510033, -3.397287876363840149E-11, 212.5133111311279777 ) ) ;
#1531 = CARTESIAN_POINT ( 'NONE',  ( 333.3654533038996988, -1.419147497144595205, 222.6188669312321338 ) ) ;
#1532 = CARTESIAN_POINT ( 'NONE',  ( 414.2941816809537841, 0.7233556204386968336, 326.7441101014035212 ) ) ;
#1533 = ORIENTED_EDGE ( 'NONE', *, *, #3418, .F. ) ;
#1534 = CARTESIAN_POINT ( 'NONE',  ( 445.0185472759409890, -3.725248441036120184, 237.6911836894695114 ) ) ;
#1535 = CARTESIAN_POINT ( 'NONE',  ( 445.0185472759409890, 3.306277303021955216, 269.3767156309139637 ) ) ;
#1536 =( NAMED_UNIT ( * ) PLANE_ANGLE_UNIT ( ) SI_UNIT ( $, .RADIAN. ) );
#1537 = CARTESIAN_POINT ( 'NONE',  ( 193.3333333323510033, -1.480112654933182004, 416.3527847794969716 ) ) ;
#1538 = CARTESIAN_POINT ( 'NONE',  ( 333.3749029936245165, -0.5750107027150140881, 223.4800263752780154 ) ) ;
#1539 = CARTESIAN_POINT ( 'NONE',  ( 193.3333333323510033, -6.367875266799880585, 242.1323187556665175 ) ) ;
#1540 = VERTEX_POINT ( 'NONE', #560 ) ;
#1541 = CARTESIAN_POINT ( 'NONE',  ( 418.4367889235230109, 7.299999999999999822, 283.0817145493894600 ) ) ;
#1542 = CARTESIAN_POINT ( 'NONE',  ( 0.000000000000000000, 7.299999999999999822, 325.6817145493894827 ) ) ;
#1543 = CARTESIAN_POINT ( 'NONE',  ( 193.3333333323510033, 12.62964796733158046, 238.6057420120375241 ) ) ;
#1544 = ORIENTED_EDGE ( 'NONE', *, *, #1319, .T. ) ;
#1545 = CARTESIAN_POINT ( 'NONE',  ( 310.0370945548290251, 3.306277303021955216, 266.0767156309140091 ) ) ;
#1546 = B_SPLINE_CURVE_WITH_KNOTS ( 'NONE', 3,
 ( #3540, #3616, #262, #538 ),
 .UNSPECIFIED., .F., .F.,
 ( 4, 4 ),
 ( 0.000000000000000000, 1.000000000000000000 ),
 .UNSPECIFIED. ) ;
#1547 = CARTESIAN_POINT ( 'NONE',  ( 328.7223657325238833, -4.355331451666868858, 245.3698492123827180 ) ) ;
#1548 = CARTESIAN_POINT ( 'NONE',  ( 315.0370945548290251, -9.375828136905779431, 301.1501741605430311 ) ) ;
#1549 = EDGE_CURVE ( 'NONE', #3036, #673, #109, .T. ) ;
#1550 = CARTESIAN_POINT ( 'NONE',  ( 310.0370945548290251, -6.459432452865520702, 318.5389589979334914 ) ) ;
#1551 = DIRECTION ( 'NONE',  ( 0.000000000000000000, 0.000000000000000000, 1.000000000000000000 ) ) ;
#1552 = CARTESIAN_POINT ( 'NONE',  ( 323.0125264917585355, 3.443088007130915340, 248.3429071604394949 ) ) ;
#1553 = CARTESIAN_POINT ( 'NONE',  ( 411.4367889235229541, 7.299999999999999822, 281.0817145493894600 ) ) ;
#1554 = CARTESIAN_POINT ( 'NONE',  ( 422.5636123886334872, -4.370248060868484608, 298.0153736973254581 ) ) ;
#1555 = CARTESIAN_POINT ( 'NONE',  ( 321.4350485051422197, 13.17628996412154585, 264.4069360666575221 ) ) ;
#1556 = CARTESIAN_POINT ( 'NONE',  ( 310.0370945548290251, -1.525667192811754891, 319.8817145493894714 ) ) ;
#1557 = CARTESIAN_POINT ( 'NONE',  ( 579.9999999970530098, -4.179541867572799774, 402.5918904233844842 ) ) ;
#1558 = CARTESIAN_POINT ( 'NONE',  ( 328.7589437809720607, -0.1099335918854668082, 222.8350136357490214 ) ) ;
#1559 = CARTESIAN_POINT ( 'NONE',  ( 193.3333333323510033, -6.993783717568669012, 329.5149428003300045 ) ) ;
#1560 = ORIENTED_EDGE ( 'NONE', *, *, #3317, .T. ) ;
#1561 = CARTESIAN_POINT ( 'NONE',  ( 415.3288749839036313, 0.5970799675706998100, 287.0561827919461280 ) ) ;
#1562 = LINE ( 'NONE', #2437, #3161 ) ;
#1563 = CYLINDRICAL_SURFACE ( 'NONE', #2942, 3.300000000000025135 ) ;
#1564 = EDGE_CURVE ( 'NONE', #235, #314, #3346, .T. ) ;
#1565 = ORIENTED_EDGE ( 'NONE', *, *, #3665, .F. ) ;
#1566 = CARTESIAN_POINT ( 'NONE',  ( 312.0217521449479818, -6.528173541363850418, 299.8868797000139921 ) ) ;
#1567 = CARTESIAN_POINT ( 'NONE',  ( 333.5044377421774584, -3.054881667386425192E-11, 221.9386095311469944 ) ) ;
#1568 = CARTESIAN_POINT ( 'NONE',  ( 312.0331094195659603, -5.047593761314269400, 301.8141948463719473 ) ) ;
#1569 = CARTESIAN_POINT ( 'NONE',  ( 310.0370945548290251, -6.165123109230800758, 366.7453844639550198 ) ) ;
#1570 = CARTESIAN_POINT ( 'NONE',  ( 413.4367889235229541, -4.287614748383434815, 325.6817145493894827 ) ) ;
#1571 = CARTESIAN_POINT ( 'NONE',  ( 445.0185472759409890, -2.137487403172630085, 231.6630614445689957 ) ) ;
#1572 = DIRECTION ( 'NONE',  ( 0.000000000000000000, -1.000000000000000000, 0.000000000000000000 ) ) ;
#1573 = CARTESIAN_POINT ( 'NONE',  ( 433.8919049972365087, -4.313854177715435334, 293.7010589582075113 ) ) ;
#1574 = AXIS2_PLACEMENT_3D ( 'NONE', #3511, #774, #1996 ) ;
#1575 = CARTESIAN_POINT ( 'NONE',  ( 414.9367889235064695, 0.5948932482204040140, 287.0817145493894600 ) ) ;
#1576 = CARTESIAN_POINT ( 'NONE',  ( 315.0370945548290251, -6.467158405928570275, 308.8817145493894714 ) ) ;
#1577 = CARTESIAN_POINT ( 'NONE',  ( 386.6666666647020065, -3.305401079264715047, 412.3030266280130149 ) ) ;
#1578 = CARTESIAN_POINT ( 'NONE',  ( 328.7619491547949906, -0.1812594916722570226, 222.8551435095295119 ) ) ;
#1579 = CARTESIAN_POINT ( 'NONE',  ( 0.000000000000000000, -3.869566342698525234E-11, 199.5133111311280061 ) ) ;
#1580 = ORIENTED_EDGE ( 'NONE', *, *, #1810, .T. ) ;
#1581 = CARTESIAN_POINT ( 'NONE',  ( 311.3710389280794857, -4.531481947133450205, 301.8817145493895282 ) ) ;
#1582 = CARTESIAN_POINT ( 'NONE',  ( 427.2973750409955187, -4.326417300166797375, 283.0817145493894600 ) ) ;
#1583 = FACE_OUTER_BOUND ( 'NONE', #1224, .T. ) ;
#1584 = VECTOR ( 'NONE', #2307, 1000.000000000000000 ) ;
#1585 = VERTEX_POINT ( 'NONE', #1545 ) ;
#1586 = CARTESIAN_POINT ( 'NONE',  ( 412.8745648908968633, -4.259922721454753258, 330.6089030544750358 ) ) ;
#1587 = CARTESIAN_POINT ( 'NONE',  ( 332.9016031294233358, -1.252247661708351778, 224.8923840186635061 ) ) ;
#1588 = CARTESIAN_POINT ( 'NONE',  ( 319.6180952459239961, 4.201253537783214753, 227.1115541957784956 ) ) ;
#1589 = CARTESIAN_POINT ( 'NONE',  ( 412.9790936524510698, 0.7414001656061918188, 330.7374666476110860 ) ) ;
#1590 = EDGE_CURVE ( 'NONE', #3928, #375, #1391, .T. ) ;
#1591 = CARTESIAN_POINT ( 'NONE',  ( 445.0185472759409890, -3.035294725667730287, 234.1570522423899945 ) ) ;
#1592 = FACE_OUTER_BOUND ( 'NONE', #2424, .T. ) ;
#1593 = CARTESIAN_POINT ( 'NONE',  ( 411.4367889235229541, -6.007116109726040598, 305.0994478783035220 ) ) ;
#1594 = CARTESIAN_POINT ( 'NONE',  ( 409.1730827868705092, -0.02184400202960999626, 346.9460748697674717 ) ) ;
#1595 = CARTESIAN_POINT ( 'NONE',  ( 0.000000000000000000, 12.00859590623730000, 351.6479129724375525 ) ) ;
#1596 = CARTESIAN_POINT ( 'NONE',  ( 319.6210629017365363, -0.7986605165677920226, 222.8848278399144931 ) ) ;
#1597 = DIRECTION ( 'NONE',  ( 0.000000000000000000, 1.000000000000000000, 0.000000000000000000 ) ) ;
#1598 = ORIENTED_EDGE ( 'NONE', *, *, #3588, .F. ) ;
#1599 = EDGE_CURVE ( 'NONE', #3910, #2477, #400, .T. ) ;
#1600 = CARTESIAN_POINT ( 'NONE',  ( 415.0160550001120896, 0.5953222451612183441, 287.0821759835070566 ) ) ;
#1601 = CARTESIAN_POINT ( 'NONE',  ( 310.0370945548290251, -6.241619979810450580, 300.9448777106952093 ) ) ;
#1602 =( GEOMETRIC_REPRESENTATION_CONTEXT ( 3 ) GLOBAL_UNCERTAINTY_ASSIGNED_CONTEXT ( ( #2390 ) ) GLOBAL_UNIT_ASSIGNED_CONTEXT ( ( #1488, #2060, #855 ) ) REPRESENTATION_CONTEXT ( 'NONE', 'WORKASPACE' ) );
#1603 = CARTESIAN_POINT ( 'NONE',  ( 386.6666666647020065, 13.90735550912537910, 302.2484120702010273 ) ) ;
#1604 = ORIENTED_EDGE ( 'NONE', *, *, #1774, .T. ) ;
#1605 = CARTESIAN_POINT ( 'NONE',  ( 413.2339507959204639, -4.255577912988570688, 331.0124119433435226 ) ) ;
#1606 = CARTESIAN_POINT ( 'NONE',  ( 331.4021885851982461, -3.057957413583902717, 232.2392289629366360 ) ) ;
#1607 = CARTESIAN_POINT ( 'NONE',  ( 333.3646549483984813, 1.106017314841531984, 223.9269940067605091 ) ) ;
#1608 = CARTESIAN_POINT ( 'NONE',  ( 310.0370945548290251, 0.000000000000000000, 0.000000000000000000 ) ) ;
#1609 = EDGE_LOOP ( 'NONE', ( #3275, #1998, #3751, #3492 ) ) ;
#1610 = CARTESIAN_POINT ( 'NONE',  ( 328.1990601140190620, 0.2880523195824211680, 222.9295947049006656 ) ) ;
#1611 = CARTESIAN_POINT ( 'NONE',  ( 312.0360762817119848, -4.660821744173960113, 301.8817145493895282 ) ) ;
#1612 = CARTESIAN_POINT ( 'NONE',  ( 412.4939836205948609, 0.5922571030758814192, 284.0305122521023122 ) ) ;
#1613 = CARTESIAN_POINT ( 'NONE',  ( 413.0027810781361381, -4.400542760541237719, 282.9968197188679255 ) ) ;
#1614 = EDGE_CURVE ( 'NONE', #1856, #897, #124, .T. ) ;
#1615 = CARTESIAN_POINT ( 'NONE',  ( 0.000000000000000000, -7.396703398402830310, 431.1210683550274894 ) ) ;
#1616 = EDGE_LOOP ( 'NONE', ( #3333, #3356, #964, #3670 ) ) ;
#1617 = CARTESIAN_POINT ( 'NONE',  ( 324.1856407214085039, -0.4254889291354709835, 222.6995005071134983 ) ) ;
#1618 = CARTESIAN_POINT ( 'NONE',  ( 389.2314895940144766, -0.07328326482081669313, 348.4725790239995149 ) ) ;
#1619 = ORIENTED_EDGE ( 'NONE', *, *, #1518, .T. ) ;
#1620 = CARTESIAN_POINT ( 'NONE',  ( 410.3179646892439791, -0.02184400202961429838, 361.9023192322275122 ) ) ;
#1621 = CARTESIAN_POINT ( 'NONE',  ( 310.0370945548290251, 4.474332807188235783, 291.8817145493894714 ) ) ;
#1622 = CARTESIAN_POINT ( 'NONE',  ( 579.9999999970530098, 4.936953304096519446, 351.2031543540124972 ) ) ;
#1623 = VERTEX_POINT ( 'NONE', #339 ) ;
#1624 = LINE ( 'NONE', #3420, #1068 ) ;
#1625 = AXIS2_PLACEMENT_3D ( 'NONE', #726, #1673, #2873 ) ;
#1626 = CARTESIAN_POINT ( 'NONE',  ( 332.2267187078137454, -2.307110246392796160, 228.1991888112192726 ) ) ;
#1627 = CARTESIAN_POINT ( 'NONE',  ( 333.3861157401329933, 4.580499260396730499, 228.7889239756945017 ) ) ;
#1628 = CARTESIAN_POINT ( 'NONE',  ( 328.8185738225170098, 12.79618462508109999, 261.4488122502309579 ) ) ;
#1629 = VERTEX_POINT ( 'NONE', #3160 ) ;
#1630 = VECTOR ( 'NONE', #1787, 1000.000000000000000 ) ;
#1631 = CARTESIAN_POINT ( 'NONE',  ( 328.1741001047633972, 0.4647734605136837893, 223.0488348534939291 ) ) ;
#1632 = CARTESIAN_POINT ( 'NONE',  ( 413.1731368001670148, 0.6012359787224507146, 282.8098313138743265 ) ) ;
#1633 = CARTESIAN_POINT ( 'NONE',  ( 332.4152598589856211, 5.167548394830437708, 227.2791635492021385 ) ) ;
#1634 = CARTESIAN_POINT ( 'NONE',  ( 386.6666666647020065, -5.720178202154570180, 376.8193992500835066 ) ) ;
#1635 = CARTESIAN_POINT ( 'NONE',  ( 324.2170432870310037, -1.130868534999271979, 223.9793163226545119 ) ) ;
#1636 = EDGE_CURVE ( 'NONE', #3928, #2231, #1624, .T. ) ;
#1637 = LINE ( 'NONE', #1013, #1282 ) ;
#1638 = ORIENTED_EDGE ( 'NONE', *, *, #2720, .F. ) ;
#1639 = CARTESIAN_POINT ( 'NONE',  ( 445.0185472759415006, -5.681968031723519275, 332.6817145493894827 ) ) ;
#1640 = CARTESIAN_POINT ( 'NONE',  ( 310.0370945548290820, -6.042239297200702630, 301.2018918905582154 ) ) ;
#1641 = CARTESIAN_POINT ( 'NONE',  ( 579.9999999970530098, 2.307336104060940141, 366.4516910496425339 ) ) ;
#1642 = ORIENTED_EDGE ( 'NONE', *, *, #3004, .F. ) ;
#1643 = CARTESIAN_POINT ( 'NONE',  ( 414.9367889235430198, -4.242608822892234954, 331.6817145493894827 ) ) ;
#1644 = CARTESIAN_POINT ( 'NONE',  ( 332.8318565652249390, -1.381847031620596633, 225.2341288647011481 ) ) ;
#1645 = CARTESIAN_POINT ( 'NONE',  ( 324.1852757821909563, 0.7772120012969609970, 223.0271930383100027 ) ) ;
#1646 = CARTESIAN_POINT ( 'NONE',  ( 413.4367889235229541, 60.00000000000000000, 325.6817145493894827 ) ) ;
#1647 = FACE_BOUND ( 'NONE', #2757, .T. ) ;
#1648 = CARTESIAN_POINT ( 'NONE',  ( 328.1524246822189070, 0.6036424271238226558, 223.1549339299077417 ) ) ;
#1649 = DIRECTION ( 'NONE',  ( 1.000000000000000000, 0.000000000000000000, 0.000000000000000000 ) ) ;
#1650 = CARTESIAN_POINT ( 'NONE',  ( 332.9285945660622019, 3.521905109380529364, 224.7566657103749606 ) ) ;
#1651 = CARTESIAN_POINT ( 'NONE',  ( 193.3333333323510033, -6.593476819720390125, 398.3318257381639569 ) ) ;
#1652 = CARTESIAN_POINT ( 'NONE',  ( 319.6264152258960394, -0.9660339004826780096, 223.2505607869489950 ) ) ;
#1653 = CARTESIAN_POINT ( 'NONE',  ( 414.9367889235229541, 149.2235650228594181, 331.6817145493894827 ) ) ;
#1654 = PLANE ( 'NONE',  #3152 ) ;
#1655 = CARTESIAN_POINT ( 'NONE',  ( 312.0335988118142723, -4.983938056204160638, 301.8301744303583973 ) ) ;
#1656 = CARTESIAN_POINT ( 'NONE',  ( 310.0370945548290251, -6.125214212507574807, 301.1012126222677239 ) ) ;
#1657 = CARTESIAN_POINT ( 'NONE',  ( 0.000000000000000000, 9.913730116561380257, 364.5373084075130237 ) ) ;
#1658 = DIRECTION ( 'NONE',  ( -0.9970829574973347764, 0.000000000000000000, 0.07632546015824638597 ) ) ;
#1659 = ORIENTED_EDGE ( 'NONE', *, *, #2352, .T. ) ;
#1660 = CARTESIAN_POINT ( 'NONE',  ( 416.7767958093799621, 0.7405717810826407677, 327.4888339007747504 ) ) ;
#1661 = CARTESIAN_POINT ( 'NONE',  ( 579.9999999970530098, 10.02172174692660001, 318.6559974715310091 ) ) ;
#1662 = CARTESIAN_POINT ( 'NONE',  ( 331.4340611211545138, -3.033616347505163624, 232.0830596230080687 ) ) ;
#1663 = CARTESIAN_POINT ( 'NONE',  ( 333.3799062240354942, 3.206484887592925048, 226.3930196223709856 ) ) ;
#1664 = DIRECTION ( 'NONE',  ( -1.000000000000000000, 0.000000000000000000, 0.000000000000000000 ) ) ;
#1665 = CARTESIAN_POINT ( 'NONE',  ( 315.0370945548290251, -5.202775109569140355, 304.8473403779410091 ) ) ;
#1666 = CARTESIAN_POINT ( 'NONE',  ( 328.1097031855190949, 0.8674245808647574885, 223.3676727766568888 ) ) ;
#1667 = CARTESIAN_POINT ( 'NONE',  ( 312.0370945548290251, -1.199999999999999956, 304.8817145493895282 ) ) ;
#1668 = AXIS2_PLACEMENT_3D ( 'NONE', #3082, #942, #366 ) ;
#1669 = CARTESIAN_POINT ( 'NONE',  ( 332.7352109322163187, 4.200518477382737537, 225.7076267930783047 ) ) ;
#1670 = CARTESIAN_POINT ( 'NONE',  ( 0.000000000000000000, -7.786271839968240016, 360.7297558856265027 ) ) ;
#1671 = CARTESIAN_POINT ( 'NONE',  ( 324.2224812474354962, -1.912499450962080072, 226.1628755857270221 ) ) ;
#1672 = CARTESIAN_POINT ( 'NONE',  ( 418.4367889235230109, 60.00000000000000000, 283.0817145493894600 ) ) ;
#1673 = DIRECTION ( 'NONE',  ( 1.000000000000000000, 0.000000000000000000, 0.000000000000000000 ) ) ;
#1674 = CARTESIAN_POINT ( 'NONE',  ( 312.0269145151102634, -5.855329876422053381, 301.3836320922310961 ) ) ;
#1675 = CARTESIAN_POINT ( 'NONE',  ( 445.0185472759409890, -4.081914508778269557, 332.6817145493894827 ) ) ;
#1676 = CARTESIAN_POINT ( 'NONE',  ( 386.6666666647020065, 4.294679108437769344, 369.1716850739570077 ) ) ;
#1677 = FACE_OUTER_BOUND ( 'NONE', #1001, .T. ) ;
#1678 = CARTESIAN_POINT ( 'NONE',  ( 310.0370945548290251, -40.00000000000000000, 369.5786951049935283 ) ) ;
#1679 = ORIENTED_EDGE ( 'NONE', *, *, #3390, .F. ) ;
#1680 = CARTESIAN_POINT ( 'NONE',  ( 417.0525132302777820, 0.7441416347073985804, 327.8461633417451822 ) ) ;
#1681 = CARTESIAN_POINT ( 'NONE',  ( 386.6666666647020065, 13.90735550912537910, 302.2484120702010273 ) ) ;
#1682 = CARTESIAN_POINT ( 'NONE',  ( 333.1983440817178916, 0.5308820169670538380, 223.4384100169311012 ) ) ;
#1683 = CARTESIAN_POINT ( 'NONE',  ( 333.3468286512764394, -0.002848565900656584854, 223.1348170756650120 ) ) ;
#1684 = CARTESIAN_POINT ( 'NONE',  ( 400.0000000000000000, 3.443088007130915340, 258.9429071604395176 ) ) ;
#1685 = EDGE_CURVE ( 'NONE', #604, #753, #815, .T. ) ;
#1686 = ORIENTED_EDGE ( 'NONE', *, *, #605, .F. ) ;
#1687 = CARTESIAN_POINT ( 'NONE',  ( 315.0370943880806180, -6.499342236899323666, 304.2403846420008904 ) ) ;
#1688 = DIRECTION ( 'NONE',  ( 1.000000000000000000, 0.000000000000000000, 0.000000000000000000 ) ) ;
#1689 = CARTESIAN_POINT ( 'NONE',  ( 328.2235725578626671, -0.1490848539556930141, 222.8088752529778560 ) ) ;
#1690 = CARTESIAN_POINT ( 'NONE',  ( 413.4367889235230678, -4.386285125433149190, 306.9016430741071417 ) ) ;
#1691 = CARTESIAN_POINT ( 'NONE',  ( 333.3910430327895824, 1.255774601015742897, 222.4940778568940232 ) ) ;
#1692 = APPLICATION_CONTEXT ( 'automotive_design' ) ;
#1693 = CARTESIAN_POINT ( 'NONE',  ( 193.3333333323510033, -6.422087301610669208, 423.0834801110594867 ) ) ;
#1694 = CARTESIAN_POINT ( 'NONE',  ( 324.2240204728975073, -2.037084208737474977, 226.5983100236844905 ) ) ;
#1695 = AXIS2_PLACEMENT_3D ( 'NONE', #3596, #316, #2077 ) ;
#1696 = CARTESIAN_POINT ( 'NONE',  ( 312.0248630186315495, -6.122771218122577963, 301.0960826967736921 ) ) ;
#1697 = EDGE_CURVE ( 'NONE', #3006, #2800, #380, .T. ) ;
#1698 = CARTESIAN_POINT ( 'NONE',  ( 310.0370945548290251, -1.199999999999999956, 301.8817145493895282 ) ) ;
#1699 = CARTESIAN_POINT ( 'NONE',  ( 579.9999999970530098, -4.352006386214564593, 404.0986377003519578 ) ) ;
#1700 = DIRECTION ( 'NONE',  ( 0.000000000000000000, 1.000000000000000000, 0.000000000000000000 ) ) ;
#1701 = CARTESIAN_POINT ( 'NONE',  ( 445.0185472759409890, 13.67450499573323874, 277.7369793084865250 ) ) ;
#1702 = ORIENTED_EDGE ( 'NONE', *, *, #2979, .F. ) ;
#1703 = CARTESIAN_POINT ( 'NONE',  ( 414.9367889235229541, -4.273824787895899924, 326.6817145493894827 ) ) ;
#1704 = CARTESIAN_POINT ( 'NONE',  ( 386.6666666647020065, 13.85879363688260035, 268.4212721551975278 ) ) ;
#1705 = CARTESIAN_POINT ( 'NONE',  ( 331.2934481139115519, 6.429321614190031120, 232.7720365075797986 ) ) ;
#1706 = CARTESIAN_POINT ( 'NONE',  ( 411.2352628914534876, -4.248213255389014620, 333.7879839608730208 ) ) ;
#1707 = VECTOR ( 'NONE', #3541, 1000.000000000000000 ) ;
#1708 = EDGE_LOOP ( 'NONE', ( #1679, #1385, #1838, #2144, #2153, #3200, #1526, #3574, #2958, #3073, #2620, #1976, #84, #3678, #3183, #307 ) ) ;
#1709 = CARTESIAN_POINT ( 'NONE',  ( 312.4783994147623503, -6.524841319395804362, 300.2622153217627101 ) ) ;
#1710 = CARTESIAN_POINT ( 'NONE',  ( 319.6380175991250212, 11.21582726851691980, 249.7271386592619820 ) ) ;
#1711 = CARTESIAN_POINT ( 'NONE',  ( 327.2415697048390371, 4.182673464252025575, 227.6213868822256643 ) ) ;
#1712 = DIRECTION ( 'NONE',  ( -1.000000000000000000, 0.000000000000000000, 0.000000000000000000 ) ) ;
#1713 = EDGE_CURVE ( 'NONE', #919, #1106, #1895, .T. ) ;
#1714 = B_SPLINE_CURVE_WITH_KNOTS ( 'NONE', 3,
 ( #3199, #2036, #1724, #479 ),
 .UNSPECIFIED., .F., .F.,
 ( 4, 4 ),
 ( 0.000000000000000000, 1.000000000000000000 ),
 .UNSPECIFIED. ) ;
#1715 = CARTESIAN_POINT ( 'NONE',  ( 331.7158516782171773, 6.864143204655795749, 230.7023590701402043 ) ) ;
#1716 = CARTESIAN_POINT ( 'NONE',  ( 386.6666666647020065, -0.3885889226291279752, 225.5030240003189874 ) ) ;
#1717 = CARTESIAN_POINT ( 'NONE',  ( 328.8027657606679668, -0.9094710165657649004, 223.7587051086775034 ) ) ;
#1718 = CARTESIAN_POINT ( 'NONE',  ( 417.4367833801878191, 0.6156742135543581407, 284.5892928274352016 ) ) ;
#1719 = B_SPLINE_CURVE_WITH_KNOTS ( 'NONE', 3,
 ( #396, #3748, #3415, #3435 ),
 .UNSPECIFIED., .F., .F.,
 ( 4, 4 ),
 ( 5.551115123125779621E-17, 0.01480155575216994014 ),
 .UNSPECIFIED. ) ;
#1720 = CARTESIAN_POINT ( 'NONE',  ( 418.4367889235230109, 60.00000000000000000, 325.6817145493894827 ) ) ;
#1721 = CARTESIAN_POINT ( 'NONE',  ( 579.9999999970530098, -4.638197617360100722, 390.5925355609920189 ) ) ;
#1722 = EDGE_CURVE ( 'NONE', #2394, #3036, #2199, .T. ) ;
#1723 = CARTESIAN_POINT ( 'NONE',  ( 323.1360715619160260, -5.074408801540470471, 264.4069360666575221 ) ) ;
#1724 = CARTESIAN_POINT ( 'NONE',  ( 445.0185472759409890, -4.226248890373669909, 281.7483812160560888 ) ) ;
#1725 = EDGE_LOOP ( 'NONE', ( #3055, #3313, #1363, #1166 ) ) ;
#1726 = CARTESIAN_POINT ( 'NONE',  ( 417.3019381193944355, 0.7588278217028069372, 330.0085583177632884 ) ) ;
#1727 = CARTESIAN_POINT ( 'NONE',  ( 0.000000000000000000, 12.58377223271068068, 221.8964532117460067 ) ) ;
#1728 = CARTESIAN_POINT ( 'NONE',  ( 331.5721712468177316, 5.868919241107920293, 231.4063463802357887 ) ) ;
#1729 = CARTESIAN_POINT ( 'NONE',  ( 324.8370945548290365, 21.80627730302189704, 264.4069360666575221 ) ) ;
#1730 = VERTEX_POINT ( 'NONE', #817 ) ;
#1731 = CARTESIAN_POINT ( 'NONE',  ( 314.7628841203482466, -6.504772059212301727, 303.0646492147272966 ) ) ;
#1732 = CARTESIAN_POINT ( 'NONE',  ( 319.6337900466859878, 9.167706700499220318, 240.3769519349619941 ) ) ;
#1733 = CARTESIAN_POINT ( 'NONE',  ( 324.0936084110433626, 9.723885435072373795, 243.0458089569392541 ) ) ;
#1734 = DIRECTION ( 'NONE',  ( 0.000000000000000000, 0.000000000000000000, -1.000000000000000000 ) ) ;
#1735 = EDGE_CURVE ( 'NONE', #1952, #3006, #3931, .T. ) ;
#1736 = DIRECTION ( 'NONE',  ( 1.000000000000000000, 0.000000000000000000, 0.000000000000000000 ) ) ;
#1737 = CARTESIAN_POINT ( 'NONE',  ( 311.3704278881754703, -6.485905046990540157, 311.8817145493894714 ) ) ;
#1738 = CARTESIAN_POINT ( 'NONE',  ( 324.2407408164420417, -4.915140550579109480, 257.4124366777405157 ) ) ;
#1739 = EDGE_CURVE ( 'NONE', #758, #3295, #518, .T. ) ;
#1740 = CARTESIAN_POINT ( 'NONE',  ( 416.1441100032176905, 0.6187274997015310696, 282.3697744172047237 ) ) ;
#1741 = B_SPLINE_CURVE_WITH_KNOTS ( 'NONE', 3,
 ( #640, #2745, #1550, #1866, #2487, #3658, #3081, #1569, #450 ),
 .UNSPECIFIED., .F., .F.,
 ( 4, 1, 1, 1, 1, 1, 4 ),
 ( 0.3051421034921559805, 0.3094376569722159798, 0.3208153738215510087, 0.3321807138176844920, 0.3433992034669660076, 0.3543322427201285318, 0.3628309836756394846 ),
 .UNSPECIFIED. ) ;
#1742 = PLANE ( 'NONE',  #1055 ) ;
#1743 = CARTESIAN_POINT ( 'NONE',  ( 0.000000000000000000, -6.846324879718630463, 456.3122647871370532 ) ) ;
#1744 = LINE ( 'NONE', #1362, #91 ) ;
#1745 = CARTESIAN_POINT ( 'NONE',  ( 445.0185472759409890, 12.44229034657716149, 263.2324028510589642 ) ) ;
#1746 = EDGE_LOOP ( 'NONE', ( #3214, #937, #2104, #2157 ) ) ;
#1747 = DIRECTION ( 'NONE',  ( 0.000000000000000000, 0.000000000000000000, -1.000000000000000000 ) ) ;
#1748 = CARTESIAN_POINT ( 'NONE',  ( 0.000000000000000000, 17.29793299244945004, 246.4975142672710149 ) ) ;
#1749 = CARTESIAN_POINT ( 'NONE',  ( 332.5433638898463755, 3.396627624997452521, 226.6476878846037266 ) ) ;
#1750 = CARTESIAN_POINT ( 'NONE',  ( 413.4367889235229541, 6.474332807188249994, 293.8817145493894714 ) ) ;
#1751 = CARTESIAN_POINT ( 'NONE',  ( 320.8491768785098088, 14.04308800713089411, 258.9429071604394608 ) ) ;
#1752 = CARTESIAN_POINT ( 'NONE',  ( 324.2213736224209697, 8.631768003073188922, 238.7791674359675085 ) ) ;
#1753 = CARTESIAN_POINT ( 'NONE',  ( 327.8254322523295627, 2.265445515011878630, 224.7557661033976331 ) ) ;
#1754 = CARTESIAN_POINT ( 'NONE',  ( 332.6266247567420464, -3.001606365061249004, 226.2397248325794408 ) ) ;
#1755 = CARTESIAN_POINT ( 'NONE',  ( 312.0370945548290251, -4.512732902828620496, 301.8817145493895282 ) ) ;
#1756 = CARTESIAN_POINT ( 'NONE',  ( 386.6666666647020065, -5.079293524304739904, 244.4817092322059864 ) ) ;
#1757 = CARTESIAN_POINT ( 'NONE',  ( 319.6435298233849949, -2.920502465434994921, 230.4292255204559865 ) ) ;
#1758 = VECTOR ( 'NONE', #2497, 1000.000000000000000 ) ;
#1759 = CARTESIAN_POINT ( 'NONE',  ( 324.1796584828254595, 0.2881271743455480205, 222.6585900993339919 ) ) ;
#1760 = DIRECTION ( 'NONE',  ( -1.000000000000000000, 0.000000000000000000, 0.000000000000000000 ) ) ;
#1761 = CARTESIAN_POINT ( 'NONE',  ( 193.3333333323510033, -6.700220827177429506, 377.3870091286090087 ) ) ;
#1762 = ORIENTED_EDGE ( 'NONE', *, *, #973, .F. ) ;
#1763 = ADVANCED_FACE ( 'NONE', ( #3221 ), #2879, .F. ) ;
#1764 = CARTESIAN_POINT ( 'NONE',  ( 445.0185472759409890, 13.23034664589069820, 302.4366149315429766 ) ) ;
#1765 = ORIENTED_EDGE ( 'NONE', *, *, #1590, .T. ) ;
#1766 = CARTESIAN_POINT ( 'NONE',  ( 416.6412259079991145, -4.260960889614481495, 327.3525054665320795 ) ) ;
#1767 = CARTESIAN_POINT ( 'NONE',  ( 193.3333333323510033, 8.704752596376119200, 357.4126630265610061 ) ) ;
#1768 = CARTESIAN_POINT ( 'NONE',  ( 333.0656587529635999, 1.314338305409920471, 224.0885427907473968 ) ) ;
#1769 = CARTESIAN_POINT ( 'NONE',  ( 314.3467267363213864, -6.509523316772001245, 302.2364215347429308 ) ) ;
#1770 = CARTESIAN_POINT ( 'NONE',  ( 328.8031798562304857, 6.150728046576849906, 231.8907975160780097 ) ) ;
#1771 = CARTESIAN_POINT ( 'NONE',  ( 327.2200435403471488, 4.241817126616015621, 227.7268747572323093 ) ) ;
#1772 = ADVANCED_BREP_SHAPE_REPRESENTATION ( 'WING 2R VTOL 2', ( #1015, #2365, #350 ), #1946 ) ;
#1773 = ADVANCED_FACE ( 'NONE', ( #499 ), #2663, .T. ) ;
#1774 = EDGE_CURVE ( 'NONE', #913, #1933, #994, .T. ) ;
#1775 = CARTESIAN_POINT ( 'NONE',  ( 325.6487669480385421, -6.184323071180606313, 260.4298963337677719 ) ) ;
#1776 = CARTESIAN_POINT ( 'NONE',  ( 413.4367889235229541, -4.287614748383434815, 325.6817145493894827 ) ) ;
#1777 = B_SPLINE_CURVE_WITH_KNOTS ( 'NONE', 3,
 ( #1145, #515, #1723, #3257 ),
 .UNSPECIFIED., .F., .F.,
 ( 4, 4 ),
 ( 0.06926601914244930047, 0.07436916829378710514 ),
 .UNSPECIFIED. ) ;
#1778 = CARTESIAN_POINT ( 'NONE',  ( 386.6666666647020065, -4.566923217582299799, 238.8503178250755070 ) ) ;
#1779 = CARTESIAN_POINT ( 'NONE',  ( 324.2371578327915245, -3.868848025378530231, 238.2571394957149948 ) ) ;
#1780 = CIRCLE ( 'NONE', #2475, 3.300000000000025135 ) ;
#1781 = CARTESIAN_POINT ( 'NONE',  ( 319.5960892597674956, 0.6945063092563049656, 222.6487716766089875 ) ) ;
#1782 = CARTESIAN_POINT ( 'NONE',  ( 386.6666666647025181, -4.098509801975089850, 416.3470041637490340 ) ) ;
#1783 = AXIS2_PLACEMENT_3D ( 'NONE', #2573, #1700, #751 ) ;
#1784 = ORIENTED_EDGE ( 'NONE', *, *, #3427, .T. ) ;
#1785 = CARTESIAN_POINT ( 'NONE',  ( 413.3356601212065584, -4.397122973863761608, 282.6470742578976569 ) ) ;
#1786 = ORIENTED_EDGE ( 'NONE', *, *, #1000, .T. ) ;
#1787 = DIRECTION ( 'NONE',  ( 1.000000000000000000, 0.000000000000000000, 0.000000000000000000 ) ) ;
#1788 = PLANE ( 'NONE',  #2583 ) ;
#1789 = DIRECTION ( 'NONE',  ( 0.000000000000000000, 1.000000000000000000, 0.000000000000000000 ) ) ;
#1790 = CARTESIAN_POINT ( 'NONE',  ( 417.4367873548540047, -4.384277457342573570, 284.5767495271489906 ) ) ;
#1791 = CARTESIAN_POINT ( 'NONE',  ( 328.8160629555929972, 11.45286084024403905, 252.0138687837869611 ) ) ;
#1792 = CARTESIAN_POINT ( 'NONE',  ( 330.2009724363024930, -3.789223257153958357, 238.1249587129137808 ) ) ;
#1793 = CARTESIAN_POINT ( 'NONE',  ( 331.5334844880005676, -4.170998210578925836, 231.5959041099582976 ) ) ;
#1794 = DIRECTION ( 'NONE',  ( 0.000000000000000000, 0.000000000000000000, -1.000000000000000000 ) ) ;
#1795 = ORIENTED_EDGE ( 'NONE', *, *, #2560, .T. ) ;
#1796 = CARTESIAN_POINT ( 'NONE',  ( 579.9999999970530098, -3.284290047907534760, 245.7904700933225115 ) ) ;
#1797 = CARTESIAN_POINT ( 'NONE',  ( 319.6490976760885019, -4.048855835661039571, 239.9251425235279953 ) ) ;
#1798 = CARTESIAN_POINT ( 'NONE',  ( 328.7720758275635262, 0.5127450653130459779, 223.1267282925979885 ) ) ;
#1799 = CARTESIAN_POINT ( 'NONE',  ( 0.000000000000000000, -8.112506095712060272, 304.7436750647945018 ) ) ;
#1800 = VERTEX_POINT ( 'NONE', #1086 ) ;
#1801 = EDGE_LOOP ( 'NONE', ( #3404, #242, #2092, #3133 ) ) ;
#1802 = CARTESIAN_POINT ( 'NONE',  ( 418.4367889235230109, 7.299999999999999822, 325.6817145493894827 ) ) ;
#1803 = CARTESIAN_POINT ( 'NONE',  ( 411.4368296601638804, -4.430846204366182484, 289.3322631291808875 ) ) ;
#1804 = CARTESIAN_POINT ( 'NONE',  ( 0.000000000000000000, 0.6651760188416220299, 199.5309203637110045 ) ) ;
#1805 = ORIENTED_EDGE ( 'NONE', *, *, #3460, .F. ) ;
#1806 = CARTESIAN_POINT ( 'NONE',  ( 416.9548119441394078, -4.391876991448627088, 286.0603686418111806 ) ) ;
#1807 = CARTESIAN_POINT ( 'NONE',  ( 333.3894054822164890, 5.395639011058819712, 230.4473928911035046 ) ) ;
#1808 = CARTESIAN_POINT ( 'NONE',  ( 330.2733321141852230, -3.753792207805776826, 237.7704101088132234 ) ) ;
#1809 = CARTESIAN_POINT ( 'NONE',  ( 315.0370945548290251, -8.307702916127350790, 303.1714167783110270 ) ) ;
#1810 = EDGE_CURVE ( 'NONE', #753, #604, #1238, .T. ) ;
#1811 = CARTESIAN_POINT ( 'NONE',  ( 329.3067180439915091, -5.363231602913394624, 242.5066344707628616 ) ) ;
#1812 = CARTESIAN_POINT ( 'NONE',  ( 413.4367889235229541, -1.525667192811754891, 319.8817145493894714 ) ) ;
#1813 = ORIENTED_EDGE ( 'NONE', *, *, #1008, .F. ) ;
#1814 = CARTESIAN_POINT ( 'NONE',  ( 325.6972186834382228, -3.522155748448697388, 235.1857052620721333 ) ) ;
#1815 = CARTESIAN_POINT ( 'NONE',  ( 328.8265255401149716, -4.010825383282814904, 240.4057803977685239 ) ) ;
#1816 = AXIS2_PLACEMENT_3D ( 'NONE', #2035, #3239, #3830 ) ;
#1817 = CARTESIAN_POINT ( 'NONE',  ( 333.3482384767449958, 0.01897117566860494903, 223.1400005253635186 ) ) ;
#1818 = CARTESIAN_POINT ( 'NONE',  ( 386.6666666647020065, -3.190613515628904828, 230.4749220973890260 ) ) ;
#1819 = VERTEX_POINT ( 'NONE', #1802 ) ;
#1820 = ADVANCED_FACE ( 'NONE', ( #1839 ), #3056, .T. ) ;
#1821 = ORIENTED_EDGE ( 'NONE', *, *, #2059, .F. ) ;
#1822 = CIRCLE ( 'NONE', #3032, 3.300000000000025135 ) ;
#1823 = CARTESIAN_POINT ( 'NONE',  ( 415.2536587979087699, -4.240983185933181687, 331.6817145493870385 ) ) ;
#1824 = CARTESIAN_POINT ( 'NONE',  ( 389.2314895940144766, -0.4732832648208230020, 348.4725790239995149 ) ) ;
#1825 = CARTESIAN_POINT ( 'NONE',  ( 386.6666666647025181, 10.87555325742401990, 247.9818409266540016 ) ) ;
#1826 = ORIENTED_EDGE ( 'NONE', *, *, #3827, .F. ) ;
#1827 = CARTESIAN_POINT ( 'NONE',  ( 415.3276130802364037, -4.402926436441255476, 287.0563954987426314 ) ) ;
#1828 = DIRECTION ( 'NONE',  ( -1.000000000000000000, 0.000000000000000000, -9.637352644315590806E-16 ) ) ;
#1829 = CARTESIAN_POINT ( 'NONE',  ( 312.0222194584114845, -6.467252684614218872, 300.3890983939100465 ) ) ;
#1830 = CARTESIAN_POINT ( 'NONE',  ( 332.5105858827961356, -3.174472182086174765, 226.8061830887174608 ) ) ;
#1831 = CARTESIAN_POINT ( 'NONE',  ( 412.8234917906993928, 0.7392765413992481438, 330.5210718772790415 ) ) ;
#1832 = ORIENTED_EDGE ( 'NONE', *, *, #1449, .F. ) ;
#1833 = CARTESIAN_POINT ( 'NONE',  ( 326.3337128907763258, -3.094772116228815317, 232.0697164456398127 ) ) ;
#1834 = LINE ( 'NONE', #3106, #915 ) ;
#1835 = CARTESIAN_POINT ( 'NONE',  ( 193.3333333323510033, 12.29171122513590042, 334.7391500830804603 ) ) ;
#1836 = CARTESIAN_POINT ( 'NONE',  ( 319.5999639090495066, -0.4696484370101190464, 222.4282857239340103 ) ) ;
#1837 = CARTESIAN_POINT ( 'NONE',  ( 193.3333333323510033, -7.065133105652460443, 317.1447508523514784 ) ) ;
#1838 = ORIENTED_EDGE ( 'NONE', *, *, #434, .F. ) ;
#1839 = FACE_OUTER_BOUND ( 'NONE', #1458, .T. ) ;
#1840 = CARTESIAN_POINT ( 'NONE',  ( 445.0185472759409890, -4.233984777287189694, 283.0817145493894600 ) ) ;
#1841 = EDGE_CURVE ( 'NONE', #650, #3904, #554, .T. ) ;
#1842 = CARTESIAN_POINT ( 'NONE',  ( 193.3333333323510033, 1.893688306988295045, 213.4642146367245061 ) ) ;
#1843 = VERTEX_POINT ( 'NONE', #3018 ) ;
#1844 = CARTESIAN_POINT ( 'NONE',  ( 414.9367889235450093, -4.405106751779400476, 287.0817145493894600 ) ) ;
#1845 = CARTESIAN_POINT ( 'NONE',  ( 329.2448461918738190, -4.182253261158181523, 242.8097947324264112 ) ) ;
#1846 = CARTESIAN_POINT ( 'NONE',  ( 315.0370945548290251, -8.514658266593430724, 302.9176349252325053 ) ) ;
#1847 = CARTESIAN_POINT ( 'NONE',  ( 333.1195294795145401, -2.113331667335971886, 223.8252253350954390 ) ) ;
#1848 = DIRECTION ( 'NONE',  ( 0.000000000000000000, 0.000000000000000000, 1.000000000000000000 ) ) ;
#1849 = CARTESIAN_POINT ( 'NONE',  ( 323.4995517521870738, -4.428435745620203257, 245.9564444476277458 ) ) ;
#1850 = CARTESIAN_POINT ( 'NONE',  ( 341.6072432298724948, -0.4020362616977070092, 382.2059231409784843 ) ) ;
#1851 = CARTESIAN_POINT ( 'NONE',  ( 412.8861074043909980, 0.5983390903236870395, 283.0969584827226981 ) ) ;
#1852 = CARTESIAN_POINT ( 'NONE',  ( 0.000000000000000000, 9.913730116561380257, 364.5373084075130237 ) ) ;
#1853 = CARTESIAN_POINT ( 'NONE',  ( 324.1974751295979900, -0.5861560362049769157, 222.8688440443615093 ) ) ;
#1854 = EDGE_CURVE ( 'NONE', #2599, #1800, #592, .T. ) ;
#1855 = CARTESIAN_POINT ( 'NONE',  ( 0.000000000000000000, -6.717750288785820700, 224.6004539023775237 ) ) ;
#1856 = VERTEX_POINT ( 'NONE', #1541 ) ;
#1857 = CARTESIAN_POINT ( 'NONE',  ( 409.1730827868705092, -0.02184400202960999626, 346.9460748697674717 ) ) ;
#1858 = PLANE ( 'NONE',  #415 ) ;
#1859 = CARTESIAN_POINT ( 'NONE',  ( 386.6666666647020065, 12.07468432340811759, 254.2018341394960430 ) ) ;
#1860 = VECTOR ( 'NONE', #2969, 1000.000000000000000 ) ;
#1861 = ORIENTED_EDGE ( 'NONE', *, *, #2319, .T. ) ;
#1862 = LINE ( 'NONE', #2080, #3425 ) ;
#1863 = CARTESIAN_POINT ( 'NONE',  ( 329.1182710660414159, -4.226419186485279589, 243.4299886787059108 ) ) ;
#1864 = FACE_OUTER_BOUND ( 'NONE', #553, .T. ) ;
#1865 = ORIENTED_EDGE ( 'NONE', *, *, #896, .T. ) ;
#1866 = CARTESIAN_POINT ( 'NONE',  ( 310.0370945548290251, -6.407440230842800233, 327.5531045077385102 ) ) ;
#1867 = CARTESIAN_POINT ( 'NONE',  ( 312.0370945548290251, -3.525667192811749562, 304.8817145493895282 ) ) ;
#1868 = CARTESIAN_POINT ( 'NONE',  ( 326.3513605694058128, -3.081460520610372456, 231.9832552304992248 ) ) ;
#1869 = CARTESIAN_POINT ( 'NONE',  ( 445.0185472759409890, -40.00000000000000000, 359.2460327981115142 ) ) ;
#1870 = CARTESIAN_POINT ( 'NONE',  ( 411.2350668140529706, -4.392764763808354900, 280.0212462758580045 ) ) ;
#1871 = CARTESIAN_POINT ( 'NONE',  ( 413.4367889235229541, -3.525667192811749562, 0.000000000000000000 ) ) ;
#1872 = CARTESIAN_POINT ( 'NONE',  ( 414.9367889235229541, -4.385827464008400511, 282.0817145493894600 ) ) ;
#1873 = CARTESIAN_POINT ( 'NONE',  ( 386.6666666647025181, -4.098509801975089850, 416.3470041637490340 ) ) ;
#1874 = CARTESIAN_POINT ( 'NONE',  ( 328.7803397792469582, -0.5003710042987898898, 223.0835788178840176 ) ) ;
#1875 = CARTESIAN_POINT ( 'NONE',  ( 579.9999999970530098, -5.102621935511619355, 314.0808441813600211 ) ) ;
#1876 = ORIENTED_EDGE ( 'NONE', *, *, #199, .F. ) ;
#1877 = DIRECTION ( 'NONE',  ( -0.9970829574973348874, 0.000000000000000000, 0.07632546015824470675 ) ) ;
#1878 = CARTESIAN_POINT ( 'NONE',  ( 445.0185472759409890, -5.518887524353080387, 359.2460327981115142 ) ) ;
#1879 = CARTESIAN_POINT ( 'NONE',  ( 386.6666666647020065, 0.5029398384553280810, 225.5266254785184969 ) ) ;
#1880 = EDGE_CURVE ( 'NONE', #1730, #39, #2753, .T. ) ;
#1881 = ORIENTED_EDGE ( 'NONE', *, *, #1713, .T. ) ;
#1882 = CARTESIAN_POINT ( 'NONE',  ( 412.4380827025777876, -4.270608834267846099, 329.2687674074010147 ) ) ;
#1883 = CARTESIAN_POINT ( 'NONE',  ( 331.9817768863110814, -2.563340946919435481, 229.3993569634346557 ) ) ;
#1884 = CARTESIAN_POINT ( 'NONE',  ( 315.0370945548287409, -6.501898630011541336, 300.1277158748587794 ) ) ;
#1885 = AXIS2_PLACEMENT_3D ( 'NONE', #2115, #121, #1323 ) ;
#1886 = CARTESIAN_POINT ( 'NONE',  ( 412.4404920357761739, 0.7279430142088261224, 329.0349357708248590 ) ) ;
#1887 = CARTESIAN_POINT ( 'NONE',  ( 326.3677128672684944, -3.069056959598084777, 231.9031351061554460 ) ) ;
#1888 = DIRECTION ( 'NONE',  ( 0.000000000000000000, 1.000000000000000000, 0.000000000000000000 ) ) ;
#1889 = ADVANCED_FACE ( 'NONE', ( #2456 ), #1486, .F. ) ;
#1890 = CARTESIAN_POINT ( 'NONE',  ( 413.3393334118148914, 0.6028367786740739254, 282.6578155722945098 ) ) ;
#1891 = SURFACE_STYLE_USAGE ( .BOTH. , #2509 ) ;
#1892 = CARTESIAN_POINT ( 'NONE',  ( 0.000000000000000000, 5.680038312985620230, 389.5123884482915173 ) ) ;
#1893 = CARTESIAN_POINT ( 'NONE',  ( 324.1732352227814999, -0.1836964005886204954, 222.5470399741815015 ) ) ;
#1894 = CARTESIAN_POINT ( 'NONE',  ( 386.6666666647020065, -1.454917083900563846, 225.9669964426875026 ) ) ;
#1895 = CIRCLE ( 'NONE', #2083, 5.299999999999998934 ) ;
#1896 = EDGE_LOOP ( 'NONE', ( #89, #1921 ) ) ;
#1897 = DIRECTION ( 'NONE',  ( -0.002564460613766954972, 0.9999966924973345828, 0.0001963062701369867142 ) ) ;
#1898 = CARTESIAN_POINT ( 'NONE',  ( 422.6307083844795329, -5.796841142531129698, 332.6817145493894827 ) ) ;
#1899 = CARTESIAN_POINT ( 'NONE',  ( 0.000000000000000000, 19.26363725660235104, 277.6261930907285205 ) ) ;
#1900 = B_SPLINE_CURVE_WITH_KNOTS ( 'NONE', 3,
 ( #2436, #1504, #3038, #2718 ),
 .UNSPECIFIED., .F., .F.,
 ( 4, 4 ),
 ( 0.000000000000000000, 1.000000000000000000 ),
 .UNSPECIFIED. ) ;
#1901 = EDGE_LOOP ( 'NONE', ( #1260, #1832, #3593, #3643 ) ) ;
#1902 = CARTESIAN_POINT ( 'NONE',  ( 414.4017839459407355, -4.245643387398550850, 331.6455870529634922 ) ) ;
#1903 = CARTESIAN_POINT ( 'NONE',  ( 333.2631581500951370, -0.03097812249188520647, 223.1208334585272723 ) ) ;
#1904 = CARTESIAN_POINT ( 'NONE',  ( 333.3677957376060021, 1.581466889596339964, 224.3680230971880007 ) ) ;
#1905 = EDGE_LOOP ( 'NONE', ( #2091, #3122, #1006, #1765 ) ) ;
#1906 = EDGE_CURVE ( 'NONE', #3259, #3443, #1900, .T. ) ;
#1907 = CARTESIAN_POINT ( 'NONE',  ( 412.8807512477171144, 0.7401013112210830247, 330.6080562117069235 ) ) ;
#1908 = B_SPLINE_CURVE_WITH_KNOTS ( 'NONE', 3,
 ( #3094, #2802, #1918, #64, #977, #1935, #2196, #3176, #377, #3732, #3136, #202, #1994, #1360, #181 ),
 .UNSPECIFIED., .F., .F.,
 ( 4, 1, 1, 1, 1, 1, 1, 1, 1, 1, 1, 1, 4 ),
 ( 0.05878475195884490245, 0.06504282879276619689, 0.07543050721269810299, 0.08598393781942419156, 0.09655708694493470023, 0.1070094489964684009, 0.1172344684927195957, 0.1271744213114518185, 0.1367823157027579783, 0.1460152519564084095, 0.1548411707284760019, 0.1632402397130130189, 0.1646964807350194682 ),
 .UNSPECIFIED. ) ;
#1909 = CARTESIAN_POINT ( 'NONE',  ( 328.2171996367763995, 0.1285820370338883467, 222.8392232855474617 ) ) ;
#1910 = DIRECTION ( 'NONE',  ( -0.9970829574973348874, 0.000000000000000000, 0.07632546015824470675 ) ) ;
#1911 = CARTESIAN_POINT ( 'NONE',  ( 412.4584221248145468, 0.5911785661580413187, 284.2455918914254198 ) ) ;
#1912 = CARTESIAN_POINT ( 'NONE',  ( 412.4377807661464317, -4.410536135056480234, 284.6543115411770373 ) ) ;
#1913 = CARTESIAN_POINT ( 'NONE',  ( 579.9999999970530098, -4.994062015816079558, 331.9402949731789931 ) ) ;
#1914 = CARTESIAN_POINT ( 'NONE',  ( 319.5815159169454773, -0.1130900199750960039, 222.2183267461190042 ) ) ;
#1915 = PLANE ( 'NONE',  #3003 ) ;
#1916 = VERTEX_POINT ( 'NONE', #279 ) ;
#1917 = FACE_OUTER_BOUND ( 'NONE', #1725, .T. ) ;
#1918 = CARTESIAN_POINT ( 'NONE',  ( 310.0370945548290251, 6.473779167566020121, 362.0531272860584977 ) ) ;
#1919 = VECTOR ( 'NONE', #1171, 1000.000000000000000 ) ;
#1920 = CARTESIAN_POINT ( 'NONE',  ( 193.3333333323510033, 10.54414989762779875, 346.0951269367139389 ) ) ;
#1921 = ORIENTED_EDGE ( 'NONE', *, *, #2119, .F. ) ;
#1922 = DIRECTION ( 'NONE',  ( 0.000000000000000000, 0.000000000000000000, -1.000000000000000000 ) ) ;
#1923 = CARTESIAN_POINT ( 'NONE',  ( 333.0395542422003814, -0.9782863803359911348, 224.2164499086707110 ) ) ;
#1924 = CARTESIAN_POINT ( 'NONE',  ( 319.6190345950084861, 4.421914021373860137, 227.5220675400919959 ) ) ;
#1925 = CARTESIAN_POINT ( 'NONE',  ( 315.0370945548290251, -3.525667192811749562, 304.8817145493895282 ) ) ;
#1926 = ADVANCED_FACE ( 'NONE', ( #2737 ), #3930, .F. ) ;
#1927 = CARTESIAN_POINT ( 'NONE',  ( 327.9780577202454310, -1.039490583018699565, 224.0126596558437768 ) ) ;
#1928 = CARTESIAN_POINT ( 'NONE',  ( 412.5317030831418492, 0.5930939836595410242, 283.8800746683689908 ) ) ;
#1929 = CARTESIAN_POINT ( 'NONE',  ( 333.5038458266892007, 0.1110591707930696920, 221.9415098040098542 ) ) ;
#1930 = CARTESIAN_POINT ( 'NONE',  ( 579.9999999970530098, -4.761979561952840001, 372.7162503368265334 ) ) ;
#1931 = CARTESIAN_POINT ( 'NONE',  ( 328.8057572190439828, -1.122692911686221873, 224.2797784111180022 ) ) ;
#1932 = DIRECTION ( 'NONE',  ( 0.000000000000000000, 0.000000000000000000, -1.000000000000000000 ) ) ;
#1933 = VERTEX_POINT ( 'NONE', #2416 ) ;
#1934 = CARTESIAN_POINT ( 'NONE',  ( 312.0593578512419981, -6.522829412335461541, 301.8817145493893577 ) ) ;
#1935 = CARTESIAN_POINT ( 'NONE',  ( 310.0370945548290251, 11.26120111664214107, 332.3393257106715168 ) ) ;
#1936 = CARTESIAN_POINT ( 'NONE',  ( 0.000000000000000000, 13.99887089352030145, 338.7147378488040204 ) ) ;
#1937 = EDGE_CURVE ( 'NONE', #1623, #650, #3519, .T. ) ;
#1938 = ORIENTED_EDGE ( 'NONE', *, *, #2389, .F. ) ;
#1939 = DIRECTION ( 'NONE',  ( 0.000000000000000000, 0.000000000000000000, 1.000000000000000000 ) ) ;
#1940 = CARTESIAN_POINT ( 'NONE',  ( 331.9756948982618496, -2.569296067568522357, 229.4291575434836545 ) ) ;
#1941 = CARTESIAN_POINT ( 'NONE',  ( 333.3627036462179944, 0.7660131863756739490, 223.6385772472320070 ) ) ;
#1942 = CARTESIAN_POINT ( 'NONE',  ( 411.2352936637580001, -4.361252478266900212, 315.8599692691625478 ) ) ;
#1943 = CARTESIAN_POINT ( 'NONE',  ( 319.6411459584905401, 12.89835693841560094, 261.1216016525555119 ) ) ;
#1944 = VECTOR ( 'NONE', #3240, 1000.000000000000000 ) ;
#1945 = CARTESIAN_POINT ( 'NONE',  ( 328.1981258002088566, -0.3774579386402693304, 222.9345381671740824 ) ) ;
#1946 =( GEOMETRIC_REPRESENTATION_CONTEXT ( 3 ) GLOBAL_UNCERTAINTY_ASSIGNED_CONTEXT ( ( #351 ) ) GLOBAL_UNIT_ASSIGNED_CONTEXT ( ( #2033, #3372, #2392 ) ) REPRESENTATION_CONTEXT ( 'NONE', 'WORKASPACE' ) );
#1947 = LINE ( 'NONE', #3822, #1382 ) ;
#1948 = CARTESIAN_POINT ( 'NONE',  ( 333.4659328674407561, 0.6842523692159032667, 222.1272633306110720 ) ) ;
#1949 = CARTESIAN_POINT ( 'NONE',  ( 0.000000000000000000, -7.630794817724409818, 387.2858327702770112 ) ) ;
#1950 = CARTESIAN_POINT ( 'NONE',  ( 324.2177904952339986, -1.306131464411186105, 224.4239510720155124 ) ) ;
#1951 = DIRECTION ( 'NONE',  ( 0.000000000000000000, 1.000000000000000000, 0.000000000000000000 ) ) ;
#1952 = VERTEX_POINT ( 'NONE', #1321 ) ;
#1953 = CARTESIAN_POINT ( 'NONE',  ( 312.0360773814462618, -4.660821744182350734, 301.8817145490164080 ) ) ;
#1954 = CARTESIAN_POINT ( 'NONE',  ( 445.0185472759409890, 3.306277303021955216, 266.0767156309140091 ) ) ;
#1955 = CARTESIAN_POINT ( 'NONE',  ( 193.3333333323510033, -2.727339546889205213, 423.3996006684710096 ) ) ;
#1956 = ORIENTED_EDGE ( 'NONE', *, *, #2002, .F. ) ;
#1957 = CARTESIAN_POINT ( 'NONE',  ( 310.0370945548290251, 6.474332807188249994, 0.000000000000000000 ) ) ;
#1958 = CARTESIAN_POINT ( 'NONE',  ( 332.5614632495011733, -1.846324542510544342, 226.5590044784799204 ) ) ;
#1959 = CARTESIAN_POINT ( 'NONE',  ( 333.3869912330635543, 4.789813086113710483, 229.1999071157750052 ) ) ;
#1960 = PLANE ( 'NONE',  #1264 ) ;
#1961 = AXIS2_PLACEMENT_3D ( 'NONE', #2008, #1712, #2929 ) ;
#1962 = CARTESIAN_POINT ( 'NONE',  ( 319.6391908947044840, 11.84173435335246083, 253.5133172662005165 ) ) ;
#1963 = CARTESIAN_POINT ( 'NONE',  ( 328.1846133887292467, -0.4557664692163671538, 222.9979457462449943 ) ) ;
#1964 = CARTESIAN_POINT ( 'NONE',  ( 0.000000000000000000, 7.299999999999999822, 288.0817145493894600 ) ) ;
#1965 = CARTESIAN_POINT ( 'NONE',  ( 332.7211868061623363, 4.246190009007061228, 225.7763850358174977 ) ) ;
#1966 = CARTESIAN_POINT ( 'NONE',  ( 386.6666666647020065, -5.825792322916419685, 357.6445870762515256 ) ) ;
#1967 = CARTESIAN_POINT ( 'NONE',  ( 328.8074674229094967, -1.461033108927816127, 225.1583291919874910 ) ) ;
#1968 = CARTESIAN_POINT ( 'NONE',  ( 445.0185472759409890, -4.094611726652620298, 330.6817145493894827 ) ) ;
#1969 = VERTEX_POINT ( 'NONE', #81 ) ;
#1970 = CARTESIAN_POINT ( 'NONE',  ( 314.6543839869750059, -6.476321411748409140, 310.4000078583327422 ) ) ;
#1971 = EDGE_CURVE ( 'NONE', #1819, #3443, #2533, .T. ) ;
#1972 = CARTESIAN_POINT ( 'NONE',  ( 414.0840252096685390, 0.5904067074625850564, 287.1132964315975187 ) ) ;
#1973 = CARTESIAN_POINT ( 'NONE',  ( 193.3333333323510033, 8.704752596376119200, 357.4126630265610061 ) ) ;
#1974 = DIRECTION ( 'NONE',  ( 0.000000000000000000, -1.000000000000000000, 0.000000000000000000 ) ) ;
#1975 = CARTESIAN_POINT ( 'NONE',  ( 445.0185472759409890, 7.130881393846659755, 348.1376566628395040 ) ) ;
#1976 = ORIENTED_EDGE ( 'NONE', *, *, #1355, .F. ) ;
#1977 = CARTESIAN_POINT ( 'NONE',  ( 414.9367889235015241, 0.7573911771075539923, 331.6817145493894827 ) ) ;
#1978 = CARTESIAN_POINT ( 'NONE',  ( 193.3333333323510033, 15.18845332257155079, 253.7677995456125188 ) ) ;
#1979 = CARTESIAN_POINT ( 'NONE',  ( 333.1236547706119495, 0.9816774621897903508, 223.8043733789671705 ) ) ;
#1980 = CARTESIAN_POINT ( 'NONE',  ( 328.7650791526995135, 0.1546474332286450204, 222.8884891544124969 ) ) ;
#1981 = CARTESIAN_POINT ( 'NONE',  ( 411.4368233289105206, -4.254222642592590198, 332.6817137798445287 ) ) ;
#1982 = CARTESIAN_POINT ( 'NONE',  ( 313.0975343826566473, -6.520208862931300864, 300.8003058183360849 ) ) ;
#1983 = CARTESIAN_POINT ( 'NONE',  ( 445.0185472759409890, -4.081914508778269557, 332.6817145493894827 ) ) ;
#1984 = CARTESIAN_POINT ( 'NONE',  ( 327.5424358574289840, -1.832834074262429391, 226.1472170748370445 ) ) ;
#1985 = EDGE_CURVE ( 'NONE', #2808, #3118, #3158, .T. ) ;
#1986 = LINE ( 'NONE', #3167, #3622 ) ;
#1987 = AXIS2_PLACEMENT_3D ( 'NONE', #1867, #2828, #1092 ) ;
#1988 = CARTESIAN_POINT ( 'NONE',  ( 333.1981813989183934, 2.350817755846723589, 223.4392371379281315 ) ) ;
#1989 = CARTESIAN_POINT ( 'NONE',  ( 0.000000000000000000, -7.509225448604160746, 411.1396134388330665 ) ) ;
#1990 = CARTESIAN_POINT ( 'NONE',  ( 328.8052984467365150, -1.035455291867984018, 224.0591752324829997 ) ) ;
#1991 = B_SPLINE_CURVE_WITH_KNOTS ( 'NONE', 3,
 ( #843, #3306, #2103, #3903 ),
 .UNSPECIFIED., .F., .F.,
 ( 4, 4 ),
 ( 0.000000000000000000, 1.000000000000000000 ),
 .UNSPECIFIED. ) ;
#1992 = ORIENTED_EDGE ( 'NONE', *, *, #1272, .T. ) ;
#1993 = CARTESIAN_POINT ( 'NONE',  ( 416.9807746474929218, 0.6082046724503371582, 286.0736561397854985 ) ) ;
#1994 = CARTESIAN_POINT ( 'NONE',  ( 310.0370945548290251, 14.88574464572559997, 268.1624708974404712 ) ) ;
#1995 = CARTESIAN_POINT ( 'NONE',  ( 386.6666666647020065, -3.305401079264715047, 412.3030266280130149 ) ) ;
#1996 = DIRECTION ( 'NONE',  ( 0.000000000000000000, 1.000000000000000000, 0.000000000000000000 ) ) ;
#1997 = CARTESIAN_POINT ( 'NONE',  ( 312.0370945548290251, -4.528075591606529393, 301.8817145493895282 ) ) ;
#1998 = ORIENTED_EDGE ( 'NONE', *, *, #1599, .T. ) ;
#1999 = CARTESIAN_POINT ( 'NONE',  ( 416.0933522446770212, -4.266148480640445939, 326.9577222540706885 ) ) ;
#2000 = CARTESIAN_POINT ( 'NONE',  ( 193.3333333323510033, 16.73177006838015046, 291.1673851077069912 ) ) ;
#2001 = CARTESIAN_POINT ( 'NONE',  ( 332.2590533771428909, 4.219299653746826806, 228.0407551060110336 ) ) ;
#2002 = EDGE_CURVE ( 'NONE', #2231, #3326, #2776, .T. ) ;
#2003 = CARTESIAN_POINT ( 'NONE',  ( 411.2352621148385197, -4.430218262149931086, 293.4568165970515565 ) ) ;
#2004 = EDGE_LOOP ( 'NONE', ( #698, #2444, #3318, #2182 ) ) ;
#2005 = DIRECTION ( 'NONE',  ( -6.667710862802938462E-07, 0.000000000000000000, -0.9999999999997776223 ) ) ;
#2006 = CARTESIAN_POINT ( 'NONE',  ( 328.8154454631520025, 11.12594113687732111, 250.1375504255489659 ) ) ;
#2007 = CARTESIAN_POINT ( 'NONE',  ( 326.2152309345202639, 6.528631573161869817, 232.6502673149574605 ) ) ;
#2008 = CARTESIAN_POINT ( 'NONE',  ( 400.0000000000000000, 3.443088007130915340, 253.6429071604394778 ) ) ;
#2009 = AXIS2_PLACEMENT_3D ( 'NONE', #607, #309, #3067 ) ;
#2010 = CARTESIAN_POINT ( 'NONE',  ( 333.3876549329032741, 1.277778763992615474, 222.5107529686992791 ) ) ;
#2011 = CARTESIAN_POINT ( 'NONE',  ( 386.6666666647020065, -5.775366431396389721, 258.4073362631829696 ) ) ;
#2012 = ADVANCED_FACE ( 'NONE', ( #1917 ), #101, .T. ) ;
#2013 = CARTESIAN_POINT ( 'NONE',  ( 319.6381687725540246, -2.286279125247034916, 227.1910768402910037 ) ) ;
#2014 = CARTESIAN_POINT ( 'NONE',  ( 312.0277056155043738, -5.752198846791952924, 301.4688281606548230 ) ) ;
#2015 = CARTESIAN_POINT ( 'NONE',  ( 400.0000000000000000, 3.443088007130915340, 258.9429071604395176 ) ) ;
#2016 = CARTESIAN_POINT ( 'NONE',  ( 193.3333333323510033, -5.787028705682169871, 439.6978874405065199 ) ) ;
#2017 = CARTESIAN_POINT ( 'NONE',  ( 310.0370945548290251, -3.525667192811749562, 319.8817145493894714 ) ) ;
#2018 = CARTESIAN_POINT ( 'NONE',  ( 445.0185472759409890, 5.256911011296610425, 359.2460327981115142 ) ) ;
#2019 = ORIENTED_EDGE ( 'NONE', *, *, #2596, .F. ) ;
#2020 = CARTESIAN_POINT ( 'NONE',  ( 417.4196828318056305, 0.7515533254389232809, 328.7431223343070315 ) ) ;
#2021 = CARTESIAN_POINT ( 'NONE',  ( 0.000000000000000000, 10.61092084068729946, 215.5285796454809883 ) ) ;
#2022 = CARTESIAN_POINT ( 'NONE',  ( 332.1051762823429385, 4.638687306395168797, 228.7947234867523889 ) ) ;
#2023 = CARTESIAN_POINT ( 'NONE',  ( 445.2202323574445018, -4.134431083065649659, 324.2818451891955078 ) ) ;
#2024 = CARTESIAN_POINT ( 'NONE',  ( 314.6817402810834778, -6.505799540905083944, 302.8693420732893173 ) ) ;
#2025 = CARTESIAN_POINT ( 'NONE',  ( 333.3973590945650471, 8.004186467334980293, 237.4720694107955126 ) ) ;
#2026 = CARTESIAN_POINT ( 'NONE',  ( 324.0952648480093785, 9.721917263971182166, 243.0376928104614080 ) ) ;
#2027 = ADVANCED_FACE ( 'NONE', ( #3712 ), #934, .T. ) ;
#2028 = CARTESIAN_POINT ( 'NONE',  ( 310.0370945548290251, 0.000000000000000000, 291.8817145493894714 ) ) ;
#2029 = DIRECTION ( 'NONE',  ( 0.000000000000000000, 0.000000000000000000, -1.000000000000000000 ) ) ;
#2030 = CARTESIAN_POINT ( 'NONE',  ( 0.000000000000000000, -2.971648534343649839, 202.6081388344405241 ) ) ;
#2031 = CARTESIAN_POINT ( 'NONE',  ( 328.8270245873590056, -4.149648973768175431, 242.3101320658850000 ) ) ;
#2032 = CARTESIAN_POINT ( 'NONE',  ( 417.4343721897057549, 0.6152362717322560348, 284.7003235719274699 ) ) ;
#2033 =( LENGTH_UNIT ( ) NAMED_UNIT ( * ) SI_UNIT ( .MILLI., .METRE. ) );
#2034 = CARTESIAN_POINT ( 'NONE',  ( 193.3333333323510033, -4.759549676635350224, 434.1261621060940001 ) ) ;
#2035 = CARTESIAN_POINT ( 'NONE',  ( 413.4367889235229541, 4.474332807188249994, 319.8817145493894714 ) ) ;
#2036 = CARTESIAN_POINT ( 'NONE',  ( 445.0185472759409890, -4.230116833830430245, 282.4150478827228312 ) ) ;
#2037 = ORIENTED_EDGE ( 'NONE', *, *, #2292, .T. ) ;
#2038 = DIRECTION ( 'NONE',  ( -1.000000000000000000, 0.000000000000000000, 0.000000000000000000 ) ) ;
#2039 = CARTESIAN_POINT ( 'NONE',  ( 386.6666666647020065, 14.56524338741086133, 284.5744906102909795 ) ) ;
#2040 = CARTESIAN_POINT ( 'NONE',  ( 333.2114894390853692, 0.4422333692578717668, 223.3740002760170569 ) ) ;
#2041 = DIRECTION ( 'NONE',  ( -0.000000000000000000, 1.000000000000000000, -0.000000000000000000 ) ) ;
#2042 = CARTESIAN_POINT ( 'NONE',  ( 313.7150149262507171, -6.515198087006539573, 301.4189931218733136 ) ) ;
#2043 = CARTESIAN_POINT ( 'NONE',  ( 333.3940997099984997, 6.807469880735030010, 233.9058239711594922 ) ) ;
#2044 = CARTESIAN_POINT ( 'NONE',  ( 319.7340254802990103, 13.20103300727329909, 264.4069360666575221 ) ) ;
#2045 = CARTESIAN_POINT ( 'NONE',  ( 332.6046278192616796, -3.035631783617435797, 226.3473892263546361 ) ) ;
#2046 = CARTESIAN_POINT ( 'NONE',  ( 415.7768750340189854, 0.7301766140855010523, 326.6319266758005710 ) ) ;
#2047 = CARTESIAN_POINT ( 'NONE',  ( 445.0185472759409890, -5.216525427415819038, 253.7006864059495115 ) ) ;
#2048 = CARTESIAN_POINT ( 'NONE',  ( 324.2409718968244761, -5.010704204146809282, 261.2568486736570321 ) ) ;
#2049 = EDGE_CURVE ( 'NONE', #1325, #639, #2422, .T. ) ;
#2050 = CARTESIAN_POINT ( 'NONE',  ( 319.5946479635369997, 0.5217813809204330244, 222.5136244208479752 ) ) ;
#2051 = CARTESIAN_POINT ( 'NONE',  ( 310.0370945548290251, -1.525667192811740014, 291.8817145493894714 ) ) ;
#2052 = CARTESIAN_POINT ( 'NONE',  ( 0.000000000000000000, -7.705051474660510102, 374.2669285172185027 ) ) ;
#2053 = ORIENTED_EDGE ( 'NONE', *, *, #1399, .F. ) ;
#2054 = CARTESIAN_POINT ( 'NONE',  ( 370.1163107093825033, 5.219523025729220223, 364.9797058388920163 ) ) ;
#2055 = ORIENTED_EDGE ( 'NONE', *, *, #62, .T. ) ;
#2056 = CARTESIAN_POINT ( 'NONE',  ( 416.4482687074128080, -4.238218423617593267, 331.1997758520286084 ) ) ;
#2057 = CARTESIAN_POINT ( 'NONE',  ( 386.6666666647020065, 12.07468432340811759, 254.2018341394960430 ) ) ;
#2058 = CARTESIAN_POINT ( 'NONE',  ( 333.2472498997699404, 0.1674667629773010369, 223.1987808473427606 ) ) ;
#2059 = EDGE_CURVE ( 'NONE', #375, #1300, #2194, .T. ) ;
#2060 =( NAMED_UNIT ( * ) PLANE_ANGLE_UNIT ( ) SI_UNIT ( $, .RADIAN. ) );
#2061 = CARTESIAN_POINT ( 'NONE',  ( 313.1067100966626526, -6.520135612184727592, 300.8087535602106755 ) ) ;
#2062 = CARTESIAN_POINT ( 'NONE',  ( 324.2225039786994785, 9.130261882917260152, 240.6163852664084857 ) ) ;
#2063 = CARTESIAN_POINT ( 'NONE',  ( 325.6117214466514724, 7.624561064582652925, 235.6084236716976363 ) ) ;
#2064 = ORIENTED_EDGE ( 'NONE', *, *, #2512, .F. ) ;
#2065 = CARTESIAN_POINT ( 'NONE',  ( 331.5165956900784749, -4.184231360334575989, 231.6786531962796687 ) ) ;
#2066 = CARTESIAN_POINT ( 'NONE',  ( 328.1426868957582883, 12.03382532274045680, 248.2102702401505212 ) ) ;
#2067 = ORIENTED_EDGE ( 'NONE', *, *, #3538, .F. ) ;
#2068 = CARTESIAN_POINT ( 'NONE',  ( 0.000000000000000000, -3.869566342698525234E-11, 199.5133111311280061 ) ) ;
#2069 = CARTESIAN_POINT ( 'NONE',  ( 118.4367889235230109, -3.525667192811749562, 293.8817145493894714 ) ) ;
#2070 = CARTESIAN_POINT ( 'NONE',  ( 333.3519610978679566, 0.1034923337976612068, 223.1738960336025173 ) ) ;
#2071 = CARTESIAN_POINT ( 'NONE',  ( 0.000000000000000000, -7.509225448604160746, 411.1396134388330665 ) ) ;
#2072 = VECTOR ( 'NONE', #2442, 1000.000000000000000 ) ;
#2073 = ORIENTED_EDGE ( 'NONE', *, *, #2857, .F. ) ;
#2074 = CARTESIAN_POINT ( 'NONE',  ( 412.4395099202082520, -4.410722968352734696, 284.7074191995908450 ) ) ;
#2075 = ORIENTED_EDGE ( 'NONE', *, *, #1685, .T. ) ;
#2076 = CARTESIAN_POINT ( 'NONE',  ( 559.8964877838540133, 0.3639932218568244782, 350.4522693450624615 ) ) ;
#2077 = DIRECTION ( 'NONE',  ( 0.000000000000000000, 0.000000000000000000, -1.000000000000000000 ) ) ;
#2078 = VECTOR ( 'NONE', #718, 1000.000000000000000 ) ;
#2079 = CARTESIAN_POINT ( 'NONE',  ( 413.4367889235229541, 6.474332807188249994, 0.000000000000000000 ) ) ;
#2080 = CARTESIAN_POINT ( 'NONE',  ( 411.4368233289105206, -7.699999999999999289, 332.6817137798445287 ) ) ;
#2081 = CARTESIAN_POINT ( 'NONE',  ( 319.6269358264450489, 6.560783833364760120, 232.2195688788274879 ) ) ;
#2082 = CARTESIAN_POINT ( 'NONE',  ( 327.4510460020079563, 3.575430172204146384, 226.5933659070609849 ) ) ;
#2083 = AXIS2_PLACEMENT_3D ( 'NONE', #1020, #1326, #2805 ) ;
#2084 = CARTESIAN_POINT ( 'NONE',  ( 331.1147693049191503, -4.476165867095855511, 233.6462978173496765 ) ) ;
#2085 = CARTESIAN_POINT ( 'NONE',  ( 415.7768686303709842, 0.7618760284818090200, 331.7093421629960517 ) ) ;
#2086 = VERTEX_POINT ( 'NONE', #1620 ) ;
#2087 = CARTESIAN_POINT ( 'NONE',  ( 0.000000000000000000, -6.040101761588160478, 217.1525123588349686 ) ) ;
#2088 = CARTESIAN_POINT ( 'NONE',  ( 324.2314412042064760, -2.750153169040685075, 229.7657861105419954 ) ) ;
#2089 = CARTESIAN_POINT ( 'NONE',  ( 333.3537930847125494, 0.1520364559465034737, 223.1962996088854823 ) ) ;
#2090 = CARTESIAN_POINT ( 'NONE',  ( 193.3333333323510033, -3.705220741270884854, 218.2751697116970035 ) ) ;
#2091 = ORIENTED_EDGE ( 'NONE', *, *, #2891, .T. ) ;
#2092 = ORIENTED_EDGE ( 'NONE', *, *, #3472, .F. ) ;
#2093 = CARTESIAN_POINT ( 'NONE',  ( 312.0370945548290251, -1.199999999999999956, 308.8817145493894714 ) ) ;
#2094 = ADVANCED_FACE ( 'NONE', ( #3414 ), #669, .F. ) ;
#2095 = CARTESIAN_POINT ( 'NONE',  ( 327.0503725364470142, 11.72457177958834862, 253.5622965957738302 ) ) ;
#2096 = CARTESIAN_POINT ( 'NONE',  ( 193.3333333323510033, 14.02218431666461917, 245.8289446186509792 ) ) ;
#2097 = ORIENTED_EDGE ( 'NONE', *, *, #847, .T. ) ;
#2098 = CARTESIAN_POINT ( 'NONE',  ( 415.8388586719917157, -4.399948816145035302, 286.9250928456817178 ) ) ;
#2099 = CARTESIAN_POINT ( 'NONE',  ( 328.7990820507679928, 5.014005923926479369, 229.3334222044454975 ) ) ;
#2100 = CARTESIAN_POINT ( 'NONE',  ( 329.2380578025931186, -4.184660651675757848, 242.8430565436159441 ) ) ;
#2101 = CARTESIAN_POINT ( 'NONE',  ( 315.0370945548290251, -6.754900933527459905, 304.3705616599725090 ) ) ;
#2102 = CARTESIAN_POINT ( 'NONE',  ( 331.4986580571962804, -4.198207552328740100, 231.7665359050536722 ) ) ;
#2103 = CARTESIAN_POINT ( 'NONE',  ( 416.7701222568563253, -4.397844540828671711, 288.0817145493894600 ) ) ;
#2104 = ORIENTED_EDGE ( 'NONE', *, *, #1636, .T. ) ;
#2105 = CARTESIAN_POINT ( 'NONE',  ( 323.3283936394349212, -4.476777830753156273, 246.7950307934314651 ) ) ;
#2106 = AXIS2_PLACEMENT_3D ( 'NONE', #2721, #2156, #3399 ) ;
#2107 = CARTESIAN_POINT ( 'NONE',  ( 324.2351557516880121, -3.462394278485149801, 234.4644916921299966 ) ) ;
#2108 = ADVANCED_FACE ( 'NONE', ( #2801 ), #2769, .T. ) ;
#2109 = CARTESIAN_POINT ( 'NONE',  ( 333.3555739221824865, 0.2126938747976589994, 223.2295029593119864 ) ) ;
#2110 = SHAPE_DEFINITION_REPRESENTATION ( #1072, #1772 ) ;
#2111 = CARTESIAN_POINT ( 'NONE',  ( 193.3333333323510033, -7.123187505558259858, 304.9108520061774925 ) ) ;
#2112 = VERTEX_POINT ( 'NONE', #1857 ) ;
#2113 = EDGE_LOOP ( 'NONE', ( #668, #3611, #1522, #924 ) ) ;
#2114 = DIRECTION ( 'NONE',  ( 0.000000000000000000, 1.000000000000000000, 0.000000000000000000 ) ) ;
#2115 = CARTESIAN_POINT ( 'NONE',  ( 391.5212533987615302, -0.2732832648237915052, 378.3850677489194823 ) ) ;
#2116 = CARTESIAN_POINT ( 'NONE',  ( 579.9999999970530098, 6.728921447716420090, 248.6694027102820144 ) ) ;
#2117 = ORIENTED_EDGE ( 'NONE', *, *, #1906, .F. ) ;
#2118 = CARTESIAN_POINT ( 'NONE',  ( 416.7200660158840151, -4.393888998160699444, 286.3338527337451751 ) ) ;
#2119 = EDGE_CURVE ( 'NONE', #3241, #2394, #2474, .T. ) ;
#2120 = CARTESIAN_POINT ( 'NONE',  ( 310.0370945548290251, 6.474332807188249994, 319.8817145493894714 ) ) ;
#2121 = CARTESIAN_POINT ( 'NONE',  ( 315.0370945548290251, -7.588263677648610539, 303.8494985839660103 ) ) ;
#2122 = LINE ( 'NONE', #544, #3488 ) ;
#2123 = CARTESIAN_POINT ( 'NONE',  ( 412.9503834096048536, 0.7221316878745958068, 327.6288980312714898 ) ) ;
#2124 = EDGE_LOOP ( 'NONE', ( #1338, #909, #1014, #2701 ) ) ;
#2125 = CARTESIAN_POINT ( 'NONE',  ( 327.1046701020677574, -2.410480586808357195, 228.2826073174040857 ) ) ;
#2126 = DIRECTION ( 'NONE',  ( 1.000000000000000000, 0.000000000000000000, 0.000000000000000000 ) ) ;
#2127 = EDGE_CURVE ( 'NONE', #206, #1205, #3189, .T. ) ;
#2128 = CARTESIAN_POINT ( 'NONE',  ( 0.000000000000000000, -6.862733592760259071, 460.6268946760310428 ) ) ;
#2129 = CARTESIAN_POINT ( 'NONE',  ( 333.3448031343205002, -0.03671232262882545561, 223.1302070448469976 ) ) ;
#2130 = CARTESIAN_POINT ( 'NONE',  ( 193.3333333323510033, -7.079803176567100564, 270.4717163648859923 ) ) ;
#2131 = EDGE_LOOP ( 'NONE', ( #1544, #3832, #163, #705, #572, #1467, #2551, #1331, #3657, #3098, #3591 ) ) ;
#2132 = ORIENTED_EDGE ( 'NONE', *, *, #509, .T. ) ;
#2133 = VECTOR ( 'NONE', #622, 1000.000000000000000 ) ;
#2134 = CARTESIAN_POINT ( 'NONE',  ( 416.8717333791838087, -4.258369406948844471, 327.5811825080836570 ) ) ;
#2135 = CARTESIAN_POINT ( 'NONE',  ( 327.0204781401293985, 11.74814281482049161, 253.7087734292118171 ) ) ;
#2136 = CARTESIAN_POINT ( 'NONE',  ( 391.5212533987615302, -0.07328326482081669313, 378.3850677489194823 ) ) ;
#2137 = VERTEX_POINT ( 'NONE', #791 ) ;
#2138 = CARTESIAN_POINT ( 'NONE',  ( 415.1997060509741573, -4.403647524329688423, 287.0695714083096846 ) ) ;
#2139 = CARTESIAN_POINT ( 'NONE',  ( 328.9884338852903625, -4.270188256247832825, 244.0661660711777472 ) ) ;
#2140 = CARTESIAN_POINT ( 'NONE',  ( 315.0370945548287409, -5.848594693177885162, 301.3759163717297724 ) ) ;
#2141 = ORIENTED_EDGE ( 'NONE', *, *, #1024, .T. ) ;
#2142 = CARTESIAN_POINT ( 'NONE',  ( 333.3816426146916569, -1.344316137030772573, 222.5401226140319295 ) ) ;
#2143 = LINE ( 'NONE', #3681, #2372 ) ;
#2144 = ORIENTED_EDGE ( 'NONE', *, *, #386, .F. ) ;
#2145 = EDGE_CURVE ( 'NONE', #1952, #314, #742, .T. ) ;
#2146 = CARTESIAN_POINT ( 'NONE',  ( 326.0402180104312038, -3.304015052559917898, 233.5068846119229704 ) ) ;
#2147 = LINE ( 'NONE', #1553, #986 ) ;
#2148 = CARTESIAN_POINT ( 'NONE',  ( 433.8246281576064689, -5.881189598886129133, 281.0817145493894600 ) ) ;
#2149 = CARTESIAN_POINT ( 'NONE',  ( 386.6666666647020065, 2.751046507723804879, 378.0547777424289961 ) ) ;
#2150 = CARTESIAN_POINT ( 'NONE',  ( 328.7773917730759763, -0.4602717291224330265, 223.0414178515360106 ) ) ;
#2151 = CARTESIAN_POINT ( 'NONE',  ( 193.3333333323510033, -7.146172102861040543, 281.4362150807655212 ) ) ;
#2152 = EDGE_LOOP ( 'NONE', ( #2192, #3692, #2097, #2177, #438, #1821, #282, #1038, #979, #3921, #1250, #1478, #1938, #2920, #2975, #2532, #240 ) ) ;
#2153 = ORIENTED_EDGE ( 'NONE', *, *, #3750, .F. ) ;
#2154 = CARTESIAN_POINT ( 'NONE',  ( 411.4628465916174491, -0.02184400202960999626, 376.8585635946874959 ) ) ;
#2155 = CARTESIAN_POINT ( 'NONE',  ( 445.0185472759415006, -7.699999999999999289, 332.6817145493894827 ) ) ;
#2156 = DIRECTION ( 'NONE',  ( 0.000000000000000000, -1.000000000000000000, 0.000000000000000000 ) ) ;
#2157 = ORIENTED_EDGE ( 'NONE', *, *, #2002, .T. ) ;
#2158 = LINE ( 'NONE', #2741, #2594 ) ;
#2159 = DIRECTION ( 'NONE',  ( -0.9970796596427953240, -0.002571963139560271353, 0.07632520771158181339 ) ) ;
#2160 = CARTESIAN_POINT ( 'NONE',  ( 312.0254969494195052, -6.039985834022290057, 301.1975954408604821 ) ) ;
#2161 = CARTESIAN_POINT ( 'NONE',  ( 333.1515474154406888, -2.046423428003059097, 223.6677086314503811 ) ) ;
#2162 = PLANE ( 'NONE',  #3709 ) ;
#2163 = CARTESIAN_POINT ( 'NONE',  ( 323.7522405961629488, -4.351424571904194849, 244.7183870865225117 ) ) ;
#2164 = CARTESIAN_POINT ( 'NONE',  ( 315.0370945548286272, -4.528075591606525840, 301.8817145493893577 ) ) ;
#2165 = CARTESIAN_POINT ( 'NONE',  ( 310.0370945548290251, -6.553672540561400695, 292.3842911383010232 ) ) ;
#2166 = DIRECTION ( 'NONE',  ( 1.000000000000000000, 0.000000000000000000, 0.000000000000000000 ) ) ;
#2167 = CARTESIAN_POINT ( 'NONE',  ( 414.4997872854146408, -4.388319996644864496, 282.0985082929642545 ) ) ;
#2168 = CARTESIAN_POINT ( 'NONE',  ( 0.000000000000000000, -1.685681154134505144, 431.6634505495804888 ) ) ;
#2169 = EDGE_CURVE ( 'NONE', #191, #3259, #493, .T. ) ;
#2170 = CARTESIAN_POINT ( 'NONE',  ( 328.7941792853460470, -0.7024396335411760006, 223.3450037906974899 ) ) ;
#2171 = CARTESIAN_POINT ( 'NONE',  ( 386.6666666647020065, -4.566923217582299799, 238.8503178250755070 ) ) ;
#2172 = ORIENTED_EDGE ( 'NONE', *, *, #1685, .F. ) ;
#2173 = CARTESIAN_POINT ( 'NONE',  ( 445.0185472759409890, -5.648800226917229494, 337.8724083428050449 ) ) ;
#2174 = DIRECTION ( 'NONE',  ( -9.637352644315590806E-16, 0.000000000000000000, 1.000000000000000000 ) ) ;
#2175 = CARTESIAN_POINT ( 'NONE',  ( 0.000000000000000000, 18.32930396932230011, 256.2623385660224926 ) ) ;
#2176 = VECTOR ( 'NONE', #948, 1000.000000000000000 ) ;
#2177 = ORIENTED_EDGE ( 'NONE', *, *, #3679, .T. ) ;
#2178 = DIRECTION ( 'NONE',  ( -1.000000000000000000, 0.000000000000000000, 0.000000000000000000 ) ) ;
#2179 = EDGE_CURVE ( 'NONE', #206, #2722, #468, .T. ) ;
#2180 = CARTESIAN_POINT ( 'NONE',  ( 413.4367889235229541, -3.525667192811749562, 319.8817145493894714 ) ) ;
#2181 = CARTESIAN_POINT ( 'NONE',  ( 315.0370945548286841, -6.317989662015869534, 300.7523800847594089 ) ) ;
#2182 = ORIENTED_EDGE ( 'NONE', *, *, #605, .T. ) ;
#2183 = CARTESIAN_POINT ( 'NONE',  ( 333.3332270862356950, -1.551135108760908654, 222.7754371869230567 ) ) ;
#2184 = FACE_OUTER_BOUND ( 'NONE', #3114, .T. ) ;
#2185 = CARTESIAN_POINT ( 'NONE',  ( 324.1563718974975927, -4.217115390052674329, 242.7382825154458033 ) ) ;
#2186 = PLANE ( 'NONE',  #3857 ) ;
#2187 = CARTESIAN_POINT ( 'NONE',  ( 414.9367889235229541, 0.6141725359915889415, 282.0817145493894600 ) ) ;
#2188 = CARTESIAN_POINT ( 'NONE',  ( 413.1072309009120431, -4.399435918953252589, 282.8776639906334935 ) ) ;
#2189 = CARTESIAN_POINT ( 'NONE',  ( 579.9999999970530098, 2.307336104060940141, 366.4516910496425339 ) ) ;
#2190 = CARTESIAN_POINT ( 'NONE',  ( 324.2097768337495154, -0.7918994845912389335, 223.1885727588369832 ) ) ;
#2191 = LINE ( 'NONE', #1653, #3506 ) ;
#2192 = ORIENTED_EDGE ( 'NONE', *, *, #3800, .T. ) ;
#2193 = B_SPLINE_CURVE_WITH_KNOTS ( 'NONE', 3,
 ( #1197, #11, #344, #3626, #642, #2105, #1849, #2163, #1231, #885, #2447, #1516, #660, #2185, #3661, #3702, #289, #3327, #585, #2429, #1814, #3030, #2146, #2730, #1273, #3943, #1833, #1868, #2489, #3406, #3084, #1887, #1215, #904, #2764, #2125, #3348, #308, #925, #3366, #621, #3066, #325, #2887, #2582, #2204, #3424, #3776, #763, #1984, #2849, #2829, #1332, #3444, #3740, #716, #2241, #1045, #699, #3209, #1371, #1927, #1292, #113, #3797, #1027, #1007, #1963, #2525, #1945, #2506, #151, #1071, #3500, #387, #2285, #466, #131, #3145, #1689, #71, #3722, #987, #3166, #2224, #680, #1909, #3125, #2544, #3187, #1610, #2260, #90, #426, #1349, #3758, #1312, #3461, #405, #1631, #1648, #2866, #2562, #3481, #738, #444, #1666, #3601, #3821, #2985, #1475, #3581, #1753, #859, #194, #3230, #2685, #3900, #2908, #3247, #1174, #3266, #1455, #2082, #562, #1094, #524, #2327, #2966, #1711, #232, #2630, #1394, #2384, #1771, #250, #2668, #543, #506, #3302, #3283, #3840, #172, #3881, #1154, #2609, #2366, #2007, #840, #2928, #2063, #2948, #2306, #1435, #3523, #1134, #2346, #805, #785, #487, #1416, #1113, #3543, #2026, #1733, #212, #2649, #3862, #3562, #823, #2044 ),
 .UNSPECIFIED., .F., .F.,
 ( 4, 2, 2, 2, 1, 1, 1, 1, 1, 1, 2, 2, 2, 2, 2, 1, 1, 1, 1, 1, 1, 2, 2, 2, 2, 2, 2, 1, 1, 1, 1, 2, 2, 2, 1, 2, 2, 1, 1, 1, 2, 2, 2, 2, 2, 2, 1, 1, 1, 2, 2, 2, 2, 2, 2, 2, 2, 2, 1, 1, 2, 2, 2, 2, 2, 1, 2, 2, 2, 2, 2, 1, 1, 2, 2, 2, 2, 2, 1, 1, 1, 1, 2, 2, 2, 2, 2, 1, 1, 1, 1, 2, 2, 2, 2, 2, 2, 1, 1, 1, 1, 1, 2, 2, 2, 4 ),
 ( 0.000000000000000000, 0.1249999999991021071, 0.1874999999986538823, 0.2187499999984290899, 0.2343749999983162080, 0.2421874999982599752, 0.2460937499982316368, 0.2480468749982179810, 0.2490234374982111809, 0.2495117187482074339, 0.2497558593732057963, 0.2499999999982041587, 0.3124999999977748355, 0.3437499999975602294, 0.3593749999974528708, 0.3671874999973990250, 0.3710937499973727682, 0.3730468749973598896, 0.3740234374973533948, 0.3745117187473503972, 0.3747558593723483988, 0.3748779296848478992, 0.3749999999973473996, 0.4062499999973100961, 0.4218749999972910003, 0.4296874999972817855, 0.4335937499972763454, 0.4355468749972745135, 0.4365234374972739029, 0.4370117187472735698, 0.4372558593722736808, 0.4373779296847734588, 0.4374999999972732367, 0.4531249999972761788, 0.4609374999972773446, 0.4648437499972775111, 0.4667968749972780107, 0.4677734374972784548, 0.4682617187472785103, 0.4685058593722785103, 0.4686279296847787879, 0.4687499999972790099, 0.4765624999972891129, 0.4804687499972939424, 0.4824218749972968845, 0.4833984374972981057, 0.4838867187472983833, 0.4841308593722987164, 0.4842529296847987719, 0.4843139648410483278, 0.4843749999972978837, 0.4863281249972897791, 0.4873046874972857823, 0.4882812499972817299, 0.4902343749972730702, 0.4912109374972685183, 0.4916992187472660758, 0.4919433593722649656, 0.4920654296847643550, 0.4921264648410140219, 0.4921569824191387998, 0.4921874999972635778, 0.4960937499972842835, 0.4980468749972947196, 0.4990234374972998821, 0.4995117187473023801, 0.4997558593723036569, 0.4999999999973049336, 0.5156249999973622211, 0.5234374999973911979, 0.5273437499974056308, 0.5292968749974131804, 0.5302734374974170661, 0.5307617187474190645, 0.5312499999974209519, 0.5468749999974872322, 0.5546874999975209830, 0.5585937499975381915, 0.5605468749975471843, 0.5615234374975518472, 0.5620117187475541787, 0.5622558593725556220, 0.5623779296850561771, 0.5624999999975567322, 0.5937499999976496579, 0.6093749999976962872, 0.6171874999977197129, 0.6210937499977311482, 0.6230468749977365883, 0.6240234374977394749, 0.6245117187477408072, 0.6247558593727412513, 0.6249999999977416953, 0.6874999999978351761, 0.7187499999978822496, 0.7343749999979060084, 0.7421874999979175547, 0.7460937499979238829, 0.7480468749979268805, 0.7490234374979286569, 0.7495117187479295451, 0.7497558593729299892, 0.7498779296854299892, 0.7499999999979299892, 0.8749999999989649391, 1.000000000000000000 ),
 .UNSPECIFIED. ) ;
#2194 = LINE ( 'NONE', #1261, #1758 ) ;
#2195 = EDGE_CURVE ( 'NONE', #2501, #2781, #796, .T. ) ;
#2196 = CARTESIAN_POINT ( 'NONE',  ( 310.0370945548290251, 12.71281312646051909, 322.0237025494409977 ) ) ;
#2197 = CARTESIAN_POINT ( 'NONE',  ( 0.000000000000000000, 19.05559646799564888, 289.0914184166214795 ) ) ;
#2198 = EDGE_LOOP ( 'NONE', ( #473, #3059 ) ) ;
#2199 = LINE ( 'NONE', #2236, #176 ) ;
#2200 = CARTESIAN_POINT ( 'NONE',  ( 333.2617809780072093, -0.08800224691344854522, 223.1275813387785547 ) ) ;
#2201 = CARTESIAN_POINT ( 'NONE',  ( 319.6208494370239350, 4.854272167267299487, 228.3482445869420019 ) ) ;
#2202 = VECTOR ( 'NONE', #2637, 1000.000000000000114 ) ;
#2203 = CARTESIAN_POINT ( 'NONE',  ( 412.4368130026712720, 0.7287647973944689772, 329.1704363093313077 ) ) ;
#2204 = CARTESIAN_POINT ( 'NONE',  ( 327.4524439931961410, -1.966292485967899628, 226.5881559824377973 ) ) ;
#2205 = DIRECTION ( 'NONE',  ( -0.9798025319616462392, 3.152571792354810832E-17, -0.1999674932621485490 ) ) ;
#2206 = CARTESIAN_POINT ( 'NONE',  ( 411.4367889235229541, -6.027796443528370851, 287.0424968748314427 ) ) ;
#2207 = LINE ( 'NONE', #663, #229 ) ;
#2208 = CARTESIAN_POINT ( 'NONE',  ( 386.6666666647020065, 7.495775076190869690, 350.2880176456090453 ) ) ;
#2209 = CARTESIAN_POINT ( 'NONE',  ( 319.5785435853750300, -0.03152666840030710071, 222.2043434284450143 ) ) ;
#2210 = CARTESIAN_POINT ( 'NONE',  ( 445.0185472759409890, -4.090379320694504273, 331.3483812160561683 ) ) ;
#2211 = AXIS2_PLACEMENT_3D ( 'NONE', #2556, #2178, #1922 ) ;
#2212 = ORIENTED_EDGE ( 'NONE', *, *, #3249, .F. ) ;
#2213 = CARTESIAN_POINT ( 'NONE',  ( 418.4367889235230109, 60.00000000000000000, 325.6817145493894827 ) ) ;
#2214 = PLANE ( 'NONE',  #727 ) ;
#2215 = CARTESIAN_POINT ( 'NONE',  ( 579.9999999970530098, 10.02172174692660001, 318.6559974715310091 ) ) ;
#2216 = EDGE_CURVE ( 'NONE', #3520, #1629, #1714, .T. ) ;
#2217 = VERTEX_POINT ( 'NONE', #533 ) ;
#2218 = CARTESIAN_POINT ( 'NONE',  ( 315.0370945548290251, -3.525667192811749562, 304.8817145493895282 ) ) ;
#2219 = B_SPLINE_CURVE_WITH_KNOTS ( 'NONE', 3,
 ( #3724, #3408, #3741, #989, #1593, #3389, #2206, #2527, #2508 ),
 .UNSPECIFIED., .F., .F.,
 ( 4, 1, 1, 1, 1, 1, 4 ),
 ( 0.000000000000000000, 0.006829484668097620011, 0.01730416146796804819, 0.02766258316675174536, 0.03778087107307254860, 0.04753709734051219521, 0.05160020157290588771 ),
 .UNSPECIFIED. ) ;
#2220 = CARTESIAN_POINT ( 'NONE',  ( 333.2548367831658425, -0.1788684956113706648, 223.1616065674650145 ) ) ;
#2221 = CARTESIAN_POINT ( 'NONE',  ( 319.6160175973664650, 3.731694358859745098, 226.3065144897044831 ) ) ;
#2222 = LINE ( 'NONE', #696, #3224 ) ;
#2223 = EDGE_LOOP ( 'NONE', ( #3341, #590 ) ) ;
#2224 = CARTESIAN_POINT ( 'NONE',  ( 328.2287393549569288, -0.009543356145393548998, 222.7883658612629176 ) ) ;
#2225 = CARTESIAN_POINT ( 'NONE',  ( 319.7340254802990103, 13.20103300727329909, 264.4069360666575221 ) ) ;
#2226 = CARTESIAN_POINT ( 'NONE',  ( 333.3841774104762408, 1.300053910982919669, 222.5278359315397552 ) ) ;
#2227 = CARTESIAN_POINT ( 'NONE',  ( 0.000000000000000000, -8.046388690722880099, 318.6767041878475197 ) ) ;
#2228 = EDGE_CURVE ( 'NONE', #48, #1325, #3276, .T. ) ;
#2229 = CARTESIAN_POINT ( 'NONE',  ( 333.4029875623859880, -2.137492358811615034, 227.6114622846554880 ) ) ;
#2230 = FACE_OUTER_BOUND ( 'NONE', #2543, .T. ) ;
#2231 = VERTEX_POINT ( 'NONE', #241 ) ;
#2232 = CARTESIAN_POINT ( 'NONE',  ( 311.3812411155496989, -6.526295817657586262, 301.8817145495019645 ) ) ;
#2233 = PLANE ( 'NONE',  #2779 ) ;
#2234 = CARTESIAN_POINT ( 'NONE',  ( 579.9999999970530098, -1.068975656530539942, 385.7314532393305058 ) ) ;
#2235 = ORIENTED_EDGE ( 'NONE', *, *, #2414, .F. ) ;
#2236 = CARTESIAN_POINT ( 'NONE',  ( 414.9367889235229541, 149.2235650228594181, 282.0817145493894600 ) ) ;
#2237 = CARTESIAN_POINT ( 'NONE',  ( 333.1640731452177988, -0.6723167867842604339, 223.6063310615359399 ) ) ;
#2238 = CARTESIAN_POINT ( 'NONE',  ( 333.3832859780914646, 3.916647044019055279, 227.5753698827880100 ) ) ;
#2239 = CARTESIAN_POINT ( 'NONE',  ( 433.8919365461554776, -4.246219675349909295, 315.6717362795754411 ) ) ;
#2240 = LINE ( 'NONE', #88, #2500 ) ;
#2241 = CARTESIAN_POINT ( 'NONE',  ( 327.9521891253400554, -1.090755222549630865, 224.1391858064991709 ) ) ;
#2242 = CARTESIAN_POINT ( 'NONE',  ( 413.4367889235230678, -4.385232501959347218, 307.1601131268121776 ) ) ;
#2243 = CARTESIAN_POINT ( 'NONE',  ( 333.4647239408780592, 0.6959607452831295671, 222.1331941937422414 ) ) ;
#2244 = CARTESIAN_POINT ( 'NONE',  ( 193.3333333323510033, -7.123187505558259858, 304.9108520061774925 ) ) ;
#2245 = CARTESIAN_POINT ( 'NONE',  ( 324.2165845147234791, -1.043302235233472208, 223.7578816578640044 ) ) ;
#2246 = FACE_OUTER_BOUND ( 'NONE', #844, .T. ) ;
#2247 = FACE_OUTER_BOUND ( 'NONE', #3812, .T. ) ;
#2248 = EDGE_CURVE ( 'NONE', #903, #2781, #3901, .T. ) ;
#2249 = CARTESIAN_POINT ( 'NONE',  ( 416.6897898018792716, 0.6058677510135562772, 286.3641315814223844 ) ) ;
#2250 = DIRECTION ( 'NONE',  ( 1.000000000000000000, 0.000000000000000000, 0.000000000000000000 ) ) ;
#2251 = CARTESIAN_POINT ( 'NONE',  ( 193.3333333323510033, 12.29171122513590042, 334.7391500830804603 ) ) ;
#2252 = EDGE_LOOP ( 'NONE', ( #2212, #1183 ) ) ;
#2253 = DIRECTION ( 'NONE',  ( 0.000000000000000000, 1.000000000000000000, 0.000000000000000000 ) ) ;
#2254 = B_SPLINE_SURFACE_WITH_KNOTS ( 'NONE', 3, 3, ( 
 ( #1176, #2046, #2653, #583 ),
 ( #3268, #2989, #807, #3864 ),
 ( #862, #3285, #526, #2689 ),
 ( #1437, #2085, #1136, #3008 ) ),
 .UNSPECIFIED., .F., .F., .F.,
 ( 4, 4 ),
 ( 4, 4 ),
 ( 0.000000000000000000, 0.01299538631704544138 ),
 ( 0.2802104053364760095, 0.2889667227085555012 ),
 .UNSPECIFIED. ) ;
#2255 = CARTESIAN_POINT ( 'NONE',  ( 333.2401938529676499, -0.3221845357031175028, 223.2333541292783821 ) ) ;
#2256 = CARTESIAN_POINT ( 'NONE',  ( 328.7911922920225152, 3.221924266144374993, 226.0984161643034724 ) ) ;
#2257 = CARTESIAN_POINT ( 'NONE',  ( 445.2202605947834968, -4.241575213654274812, 302.5238927064925178 ) ) ;
#2258 = CARTESIAN_POINT ( 'NONE',  ( 328.8166187587315221, 11.74727558078349965, 253.8960687704359600 ) ) ;
#2259 = VECTOR ( 'NONE', #2657, 1000.000000000000000 ) ;
#2260 = CARTESIAN_POINT ( 'NONE',  ( 328.1975507205233953, 0.2998716284100990670, 222.9370910672778621 ) ) ;
#2261 = PRODUCT_RELATED_PRODUCT_CATEGORY ( 'part', '', ( #3896 ) ) ;
#2262 = VECTOR ( 'NONE', #2159, 1000.000000000000114 ) ;
#2263 = CARTESIAN_POINT ( 'NONE',  ( 315.0370945548290251, -3.525667192811749562, 0.000000000000000000 ) ) ;
#2264 = ORIENTED_EDGE ( 'NONE', *, *, #985, .T. ) ;
#2265 = CARTESIAN_POINT ( 'NONE',  ( 333.4897674575582869, 0.4046261356129088882, 222.0099595944772659 ) ) ;
#2266 = EDGE_CURVE ( 'NONE', #2747, #903, #324, .T. ) ;
#2267 = CARTESIAN_POINT ( 'NONE',  ( 386.6666666647020065, -5.176508820950279421, 419.6790967410229882 ) ) ;
#2268 = CARTESIAN_POINT ( 'NONE',  ( 333.3942843490064547, -1.071028727291605920, 224.4699117344879937 ) ) ;
#2269 = DIRECTION ( 'NONE',  ( 1.000000000000000000, 0.000000000000000000, 0.000000000000000000 ) ) ;
#2270 = CARTESIAN_POINT ( 'NONE',  ( 321.6656500370165190, -0.2534755244859375201, 383.7324272952100159 ) ) ;
#2271 = CARTESIAN_POINT ( 'NONE',  ( 314.4304330485297214, -6.475989321244606245, 310.7326989964708446 ) ) ;
#2272 = CARTESIAN_POINT ( 'NONE',  ( 118.4367889235230109, 6.474332807188249994, 293.8817145493894714 ) ) ;
#2273 = VECTOR ( 'NONE', #3771, 1000.000000000000000 ) ;
#2274 = CARTESIAN_POINT ( 'NONE',  ( 0.000000000000000000, 19.01102325474809973, 266.6625469626754921 ) ) ;
#2275 = CARTESIAN_POINT ( 'NONE',  ( 312.0217521449479818, -6.528173541363850418, 299.8868797000139921 ) ) ;
#2276 = EDGE_LOOP ( 'NONE', ( #3385, #1219, #3872, #484 ) ) ;
#2277 = DIRECTION ( 'NONE',  ( 0.000000000000000000, 0.000000000000000000, 1.000000000000000000 ) ) ;
#2278 = CARTESIAN_POINT ( 'NONE',  ( 193.3333333323510033, 16.15044311579105241, 301.6248522783864701 ) ) ;
#2279 = CARTESIAN_POINT ( 'NONE',  ( 333.2555594507874162, -0.1698395238637808724, 223.1580656341165820 ) ) ;
#2280 = CARTESIAN_POINT ( 'NONE',  ( 319.5995600820945128, 1.287365162105877925, 223.1622243804329742 ) ) ;
#2281 = CARTESIAN_POINT ( 'NONE',  ( 445.2202264384355317, -4.255672135498184794, 293.8231801387855171 ) ) ;
#2282 = STYLED_ITEM ( 'NONE', ( #2362 ), #1015 ) ;
#2283 = CARTESIAN_POINT ( 'NONE',  ( 312.4966026755914186, -6.524708215635120823, 300.2773873962540847 ) ) ;
#2284 = CARTESIAN_POINT ( 'NONE',  ( 333.4072877545299889, 12.74509846841382021, 261.6124175490689936 ) ) ;
#2285 = CARTESIAN_POINT ( 'NONE',  ( 328.2091420498766183, -0.2947216735690106892, 222.8808151508638673 ) ) ;
#2286 = DIRECTION ( 'NONE',  ( 1.000000000000000000, 0.000000000000000000, 0.000000000000000000 ) ) ;
#2287 = CARTESIAN_POINT ( 'NONE',  ( 333.4633670520325950, 0.7089670536909045140, 222.1398477239329736 ) ) ;
#2288 = CARTESIAN_POINT ( 'NONE',  ( 193.3333333323510033, -5.937811506948680318, 439.6798056192790227 ) ) ;
#2289 = CARTESIAN_POINT ( 'NONE',  ( 319.6253378966414971, -0.9241256682620969665, 223.1536391842769831 ) ) ;
#2290 = VERTEX_POINT ( 'NONE', #2598 ) ;
#2291 = CARTESIAN_POINT ( 'NONE',  ( 314.9577894993336713, -6.477915264464973788, 309.6722584031700762 ) ) ;
#2292 = EDGE_CURVE ( 'NONE', #1952, #2395, #1043, .T. ) ;
#2293 = CARTESIAN_POINT ( 'NONE',  ( 445.0185472759415006, 7.299999999999999822, 332.6817145493894827 ) ) ;
#2294 = CARTESIAN_POINT ( 'NONE',  ( 579.9999999970530098, -4.179541867572799774, 402.5918904233844842 ) ) ;
#2295 = PLANE ( 'NONE',  #1574 ) ;
#2296 = CARTESIAN_POINT ( 'NONE',  ( 415.1101284056630334, 5.242154719973810550, 361.5354850605480124 ) ) ;
#2297 = ORIENTED_EDGE ( 'NONE', *, *, #3013, .T. ) ;
#2298 = CARTESIAN_POINT ( 'NONE',  ( 416.1699195733736474, 0.7615569562789631375, 331.3801222572859047 ) ) ;
#2299 = CARTESIAN_POINT ( 'NONE',  ( 0.000000000000000000, 8.516251081602069561, 210.1672704940054928 ) ) ;
#2300 = CARTESIAN_POINT ( 'NONE',  ( 333.1304422825762117, 0.9425917888906349962, 223.7711158664588140 ) ) ;
#2301 = CARTESIAN_POINT ( 'NONE',  ( 310.0370945548290251, -6.347919574081259952, 264.4069360705285021 ) ) ;
#2302 = VERTEX_POINT ( 'NONE', #185 ) ;
#2303 = CARTESIAN_POINT ( 'NONE',  ( 315.0131316988513390, -6.500820293601909050, 304.0009514981599636 ) ) ;
#2304 = FACE_OUTER_BOUND ( 'NONE', #3332, .T. ) ;
#2305 = ADVANCED_FACE ( 'NONE', ( #2316 ), #3533, .F. ) ;
#2306 = CARTESIAN_POINT ( 'NONE',  ( 324.8960935997221213, 8.694225602073412773, 239.1138317659086283 ) ) ;
#2307 = DIRECTION ( 'NONE',  ( 0.000000000000000000, -1.000000000000000000, 0.000000000000000000 ) ) ;
#2308 = CARTESIAN_POINT ( 'NONE',  ( 331.9230765883357321, 6.404974715841817101, 229.6877154823445153 ) ) ;
#2309 = CARTESIAN_POINT ( 'NONE',  ( 386.6666666647025181, -5.483459774955860233, 251.0186217847534920 ) ) ;
#2310 = CARTESIAN_POINT ( 'NONE',  ( 328.8142736303724405, -2.149580662662239572, 227.3226033731485245 ) ) ;
#2311 = B_SPLINE_SURFACE_WITH_KNOTS ( 'NONE', 3, 3, ( 
 ( #3621, #880, #1530, #3639 ),
 ( #2743, #6, #3814, #1064 ),
 ( #1087, #3261, #2576, #3494 ),
 ( #2664, #799, #2922, #2601 ),
 ( #500, #3874, #188, #519 ),
 ( #2320, #3834, #1430, #2299 ),
 ( #2960, #3222, #1108, #2021 ),
 ( #1409, #1149, #755, #1727 ),
 ( #3515, #3243, #3789, #1450 ),
 ( #1365, #2057, #482, #3555 ),
 ( #2880, #2643, #1978, #1748 ),
 ( #818, #1704, #145, #3855 ),
 ( #226, #2941, #779, #2360 ),
 ( #3202, #2039, #459, #3536 ),
 ( #208, #3576, #2000, #2622 ),
 ( #3279, #1681, #2278, #1129 ),
 ( #2902, #1387, #2340, #835 ),
 ( #1661, #165, #665, #3109 ),
 ( #3391, #1296, #1835, #906 ),
 ( #372, #536, #929, #1595 ),
 ( #3706, #2208, #1767, #1852 ),
 ( #14, #949, #3353, #647 ),
 ( #2980, #2816, #3410, #1892 ),
 ( #2189, #2149, #992, #971 ),
 ( #352, #1235, #3052, #3726 ),
 ( #76, #2493, #245, #2452 ),
 ( #1469, #2680, #1537, #2168 ),
 ( #3667, #3894, #3089, #310 ),
 ( #36, #1577, #330, #2749 ),
 ( #2796, #1873, #1169, #2510 ),
 ( #1257, #3370, #625, #3069 ),
 ( #1557, #2379, #58, #2472 ),
 ( #1276, #2772, #3595, #2128 ),
 ( #3689, #608, #2288, #722 ),
 ( #2529, #2267, #3212, #1335 ),
 ( #391, #470, #743, #1076 ),
 ( #3824, #3802, #683, #3191 ),
 ( #702, #2612, #1693, #3503 ),
 ( #1098, #2548, #134, #1615 ),
 ( #409, #3779, #3484, #3447 ),
 ( #1930, #767, #1651, #1989 ),
 ( #3430, #1634, #2913, #2833 ),
 ( #429, #177, #2565, #1949 ),
 ( #2852, #1966, #1400, #3170 ),
 ( #447, #1354, #2870, #1670 ),
 ( #1913, #3130, #1030, #1050 ),
 ( #95, #2890, #1316, #3743 ),
 ( #1011, #3762, #154, #2227 ),
 ( #3149, #116, #2244, #3464 ),
 ( #1374, #2587, #3287, #789 ),
 ( #1459, #3251, #1177, #3308 ),
 ( #254, #1420, #2970, #1438 ),
 ( #864, #2951, #3269, #546 ),
 ( #1117, #2011, #3586, #527 ),
 ( #2710, #2309, #3546, #3233 ),
 ( #197, #1756, #3527, #2691 ),
 ( #215, #1778, #3905, #2087 ),
 ( #1796, #273, #2633, #2671 ),
 ( #1497, #3922, #491, #3885 ),
 ( #1160, #2331, #2370, #2030 ),
 ( #565, #2387, #3605, #3010 ),
 ( #236, #1716, #3843, #808 ),
 ( #510, #845, #2654, #2068 ) ),
 .UNSPECIFIED., .T., .F., .F.,
 ( 4, 1, 1, 1, 1, 1, 1, 1, 1, 1, 1, 1, 1, 1, 1, 1, 1, 1, 1, 1, 1, 1, 1, 1, 1, 1, 1, 1, 1, 1, 1, 1, 1, 1, 1, 1, 1, 1, 1, 1, 1, 1, 1, 1, 1, 1, 1, 1, 1, 1, 1, 1, 1, 1, 1, 1, 1, 1, 1, 1, 4 ),
 ( 4, 4 ),
 ( 0.000000000000000000, 0.003860322318652629689, 0.009394797800600040993, 0.01667682966515770041, 0.02574601821153910119, 0.03660292795654349757, 0.04920899649386040187, 0.06349082326102040152, 0.07934674930367070778, 0.09664596362268919327, 0.1152362930771428096, 0.1349489434337971805, 0.1556634120433915136, 0.1773331524001590109, 0.1998829210885899876, 0.2232120323077090018, 0.2472101962221454896, 0.2717419340733749911, 0.2965571596970340007, 0.3213261058738799969, 0.3457060309687294830, 0.3693717206835470113, 0.3919905574059650011, 0.4132492025566900096, 0.4328580350888564521, 0.4505322894011319912, 0.4660166644726880247, 0.4791302729403160154, 0.4897712402210450122, 0.4977451439687690105, 0.5027415987227940031, 0.5044506879271150046, 0.5061687141980230065, 0.5111726415984220173, 0.5191493344995529169, 0.5297856188872960281, 0.5429192827985859227, 0.5584900536828429907, 0.5763877949385060040, 0.5963681263741109628, 0.6181950463317679167, 0.6415931759684510016, 0.6662720753110369376, 0.6919362323365959577, 0.7182704540732930409, 0.7449493915174509873, 0.7716573823196639648, 0.7980689496398100102, 0.8238682316128339567, 0.8487443405748119618, 0.8724112732714409679, 0.8945985341559139492, 0.9150565674164560237, 0.9335822461452389920, 0.9499859994824330078, 0.9641230260458010237, 0.9759079492932849487, 0.9852880743758859472, 0.9922841994269310240, 0.9970173798615490357, 1.000000000000000000 ),
 ( 0.000000000000000000, 1.000000000000000000 ),
 .UNSPECIFIED. ) ;
#2312 = CARTESIAN_POINT ( 'NONE',  ( 313.5405044480446577, -6.476852393151099285, 311.5071230859892921 ) ) ;
#2313 = CARTESIAN_POINT ( 'NONE',  ( 413.4367889235229541, -3.525667192811749562, 293.8817145493894714 ) ) ;
#2314 = CARTESIAN_POINT ( 'NONE',  ( 193.3333333323510033, -6.642773502515780137, 388.2232343896969837 ) ) ;
#2315 = CYLINDRICAL_SURFACE ( 'NONE', #3879, 2.000000000000001776 ) ;
#2316 = FACE_OUTER_BOUND ( 'NONE', #841, .T. ) ;
#2317 = ORIENTED_EDGE ( 'NONE', *, *, #1423, .F. ) ;
#2318 = DIRECTION ( 'NONE',  ( 1.000000000000000000, 0.000000000000000000, 0.000000000000000000 ) ) ;
#2319 = EDGE_CURVE ( 'NONE', #673, #3036, #3561, .T. ) ;
#2320 = CARTESIAN_POINT ( 'NONE',  ( 579.9999999970530098, 5.400585436222890223, 245.2695254820145010 ) ) ;
#2321 = CARTESIAN_POINT ( 'NONE',  ( 329.4986029648047747, 9.247075645169964275, 241.5664350014808122 ) ) ;
#2322 = CARTESIAN_POINT ( 'NONE',  ( 411.2352680338474897, -4.305362315265324646, 324.8236764408700310 ) ) ;
#2323 = VECTOR ( 'NONE', #3572, 1000.000000000000000 ) ;
#2324 = LINE ( 'NONE', #1392, #3129 ) ;
#2325 = CARTESIAN_POINT ( 'NONE',  ( 324.2244816046570008, 10.03327240736689951, 244.3185613988559908 ) ) ;
#2326 = B_SPLINE_CURVE_WITH_KNOTS ( 'NONE', 3,
 ( #701, #1929, #1029, #2265, #1353, #2564, #1334, #3778, #1948, #2243, #490, #2287, #1074, #3761, #1373, #3190, #175, #3147, #1691, #2010, #2226, #3463, #2889, #2586, #720, #766, #3169, #1397, #740, #1988, #428, #1010, #2611, #1650, #3823, #3446, #408, #3483, #3526, #1669, #1048, #1965, #2869, #446, #3502, #2528, #1633, #1097, #2851, #3799, #2308, #3211, #133, #2930, #1715, #153, #115, #469, #196, #2912, #787, #3232, #2348, #1195, #2632, #2386, #3842, #2708, #545, #3565, #271, #2407, #3325, #234, #564, #1115, #3603, #2330, #2066, #1477, #1457, #2670 ),
 .UNSPECIFIED., .F., .F.,
 ( 4, 2, 2, 1, 1, 1, 2, 2, 2, 2, 2, 1, 2, 2, 2, 2, 2, 2, 2, 2, 2, 1, 1, 1, 2, 2, 2, 2, 2, 2, 1, 1, 1, 1, 1, 2, 2, 2, 2, 2, 1, 1, 1, 1, 1, 1, 2, 2, 2, 4 ),
 ( 0.000000000000000000, 0.007812500000006591949, 0.01171875000000988966, 0.01367187500001184469, 0.01464843750001281961, 0.01513671875001344931, 0.01538085937501341982, 0.01562500000001339207, 0.02343750000004229950, 0.02734375000005655892, 0.02929687500006413967, 0.03027343750006810524, 0.03076171875006964568, 0.03125000000007118611, 0.04687500000013759133, 0.05468750000017135598, 0.05859375000018822444, 0.06250000000020509983, 0.09375000000034323933, 0.1093750000004118927, 0.1171875000004462125, 0.1210937500004629769, 0.1230468750004706791, 0.1240234375004741485, 0.1245117187504754946, 0.1250000000004768408, 0.1562500000005186962, 0.1875000000005605516, 0.2187500000006024070, 0.2343750000006236400, 0.2421875000006338541, 0.2460937500006379341, 0.2480468750006406820, 0.2490234375006420420, 0.2495117187506417644, 0.2497558593756416534, 0.2500000000006414869, 0.3750000000004780620, 0.4375000000003960166, 0.4687500000003542167, 0.4843750000003322898, 0.4921875000003213541, 0.4960937500003166356, 0.4980468750003131939, 0.4990234375003115286, 0.4995117187503109735, 0.4997558593753113620, 0.5000000000003117506, 0.7500000000001549871, 1.000000000000000000 ),
 .UNSPECIFIED. ) ;
#2327 = CARTESIAN_POINT ( 'NONE',  ( 327.2816331273432411, 4.071009357428778230, 227.4249901229700299 ) ) ;
#2328 = DIRECTION ( 'NONE',  ( 0.000000000000000000, 1.734723475976805517E-15, 1.000000000000000000 ) ) ;
#2329 = VECTOR ( 'NONE', #274, 1000.000000000000000 ) ;
#2330 = CARTESIAN_POINT ( 'NONE',  ( 328.8311904970536261, 11.31526188934714661, 244.8366308448696316 ) ) ;
#2331 = CARTESIAN_POINT ( 'NONE',  ( 386.6666666647020065, -2.246864576404119518, 227.8533115235985065 ) ) ;
#2332 = CARTESIAN_POINT ( 'NONE',  ( 333.4167366138599959, -4.406752073020745009, 246.3381824335365025 ) ) ;
#2333 = CARTESIAN_POINT ( 'NONE',  ( 416.6081512970650351, 0.6052283705809468062, 286.4415417759610136 ) ) ;
#2334 = LINE ( 'NONE', #2015, #922 ) ;
#2335 = CARTESIAN_POINT ( 'NONE',  ( 579.9999999970530098, -3.437469927314834806, 398.5678462214045226 ) ) ;
#2336 = DIRECTION ( 'NONE',  ( -1.000000000000000000, 0.000000000000000000, 0.000000000000000000 ) ) ;
#2337 = CARTESIAN_POINT ( 'NONE',  ( 413.5684933801317129, -4.410948152311155113, 286.7030981318232534 ) ) ;
#2338 = ORIENTED_EDGE ( 'NONE', *, *, #199, .T. ) ;
#2339 = CARTESIAN_POINT ( 'NONE',  ( 416.9158748548807694, 0.7612984582827849733, 330.7438279822190452 ) ) ;
#2340 = CARTESIAN_POINT ( 'NONE',  ( 193.3333333323510033, 15.18647217929100002, 312.4160318443854862 ) ) ;
#2341 = CARTESIAN_POINT ( 'NONE',  ( 333.2523189625626969, 0.1184438295730937674, 223.1739434076267798 ) ) ;
#2342 = DIRECTION ( 'NONE',  ( 0.000000000000000000, -1.000000000000000000, 0.000000000000000000 ) ) ;
#2343 = EDGE_CURVE ( 'NONE', #2112, #2302, #1315, .T. ) ;
#2344 = LINE ( 'NONE', #3915, #45 ) ;
#2345 = CARTESIAN_POINT ( 'NONE',  ( 333.3949709381585080, 7.119781539255179759, 234.7922424246740150 ) ) ;
#2346 = CARTESIAN_POINT ( 'NONE',  ( 324.3012790726292565, 9.472367535510491265, 242.0282708924504504 ) ) ;
#2347 = CARTESIAN_POINT ( 'NONE',  ( 332.4769751609287027, -3.221370758605212270, 226.9699520682226819 ) ) ;
#2348 = CARTESIAN_POINT ( 'NONE',  ( 331.0573385453392916, 8.178309297513479237, 233.9307593742018696 ) ) ;
#2349 = CARTESIAN_POINT ( 'NONE',  ( 445.0185472759409890, -5.778482835388719430, 275.3619315152774902 ) ) ;
#2350 = CARTESIAN_POINT ( 'NONE',  ( 324.2399158519109506, -4.634021586413469507, 249.7331523402150140 ) ) ;
#2351 = CARTESIAN_POINT ( 'NONE',  ( 315.0370945548290251, -6.486651114900400472, 307.5642972193074911 ) ) ;
#2352 = EDGE_CURVE ( 'NONE', #3660, #1585, #2207, .T. ) ;
#2353 = CARTESIAN_POINT ( 'NONE',  ( 324.1681179717664918, -0.02007849614138980388, 222.5140962961710045 ) ) ;
#2354 = CARTESIAN_POINT ( 'NONE',  ( 415.7769185767825206, 0.5990927055671010359, 287.1407657346740052 ) ) ;
#2355 = CARTESIAN_POINT ( 'NONE',  ( 0.000000000000000000, -7.630794817724409818, 387.2858327702770112 ) ) ;
#2356 = CARTESIAN_POINT ( 'NONE',  ( 323.0125264917585355, 3.443088007130915340, 248.3429071604394949 ) ) ;
#2357 = CARTESIAN_POINT ( 'NONE',  ( 412.4993010121712587, -4.411942103260904524, 285.1562311597052144 ) ) ;
#2358 = VERTEX_POINT ( 'NONE', #3429 ) ;
#2359 = CARTESIAN_POINT ( 'NONE',  ( 416.4473973713537589, 0.7617818553261973546, 331.2003877815068336 ) ) ;
#2360 = CARTESIAN_POINT ( 'NONE',  ( 0.000000000000000000, 19.01102325474809973, 266.6625469626754921 ) ) ;
#2361 = CARTESIAN_POINT ( 'NONE',  ( 332.9719201634781029, 1.788046459638277907, 224.5478439792666734 ) ) ;
#2362 = PRESENTATION_STYLE_ASSIGNMENT (( #1412 ) ) ;
#2363 = CARTESIAN_POINT ( 'NONE',  ( 312.1082809123731181, -6.527540893506706965, 299.9581304372708246 ) ) ;
#2364 = CARTESIAN_POINT ( 'NONE',  ( 319.6357676726440218, 10.07403922436250099, 244.0927470275775022 ) ) ;
#2365 = MANIFOLD_SOLID_BREP ( 'Zapas-WING 2R VTOL.step-2', #27 ) ;
#2366 = CARTESIAN_POINT ( 'NONE',  ( 326.2181911994744610, 6.522933207794261889, 232.6357622794966460 ) ) ;
#2367 = CARTESIAN_POINT ( 'NONE',  ( 333.0539056106176758, -2.244558589748159250, 224.1495338213019295 ) ) ;
#2368 = CARTESIAN_POINT ( 'NONE',  ( 310.0370945548290251, 4.474332807188249994, 319.8817145493894714 ) ) ;
#2369 = ORIENTED_EDGE ( 'NONE', *, *, #1528, .F. ) ;
#2370 = CARTESIAN_POINT ( 'NONE',  ( 193.3333333323510033, -2.609256555373884900, 215.2307251790195153 ) ) ;
#2371 = CARTESIAN_POINT ( 'NONE',  ( 319.6427272721929853, -2.764459136078389889, 229.4872170921759960 ) ) ;
#2372 = VECTOR ( 'NONE', #963, 1000.000000000000000 ) ;
#2373 = CARTESIAN_POINT ( 'NONE',  ( 324.1745332338414869, 0.1079135575118064100, 222.5579076146750026 ) ) ;
#2374 = CARTESIAN_POINT ( 'NONE',  ( 579.9999999970530098, -4.690623640227410185, 385.3875012641354942 ) ) ;
#2375 = ORIENTED_EDGE ( 'NONE', *, *, #174, .T. ) ;
#2376 = CARTESIAN_POINT ( 'NONE',  ( 445.0185472759409890, 13.70656621721832025, 293.8699202152329804 ) ) ;
#2377 = VERTEX_POINT ( 'NONE', #329 ) ;
#2378 = CARTESIAN_POINT ( 'NONE',  ( 118.4367889235230109, 0.000000000000000000, 321.8817145493894714 ) ) ;
#2379 = CARTESIAN_POINT ( 'NONE',  ( 386.6666666647025181, -4.983285286627490152, 421.1448889319455020 ) ) ;
#2380 = CARTESIAN_POINT ( 'NONE',  ( 327.0144945222284036, 11.75284796151055566, 253.7380920143179708 ) ) ;
#2381 = FILL_AREA_STYLE_COLOUR ( '', #2605 ) ;
#2382 = DIRECTION ( 'NONE',  ( -0.000000000000000000, 1.000000000000000000, -0.000000000000000000 ) ) ;
#2383 = CARTESIAN_POINT ( 'NONE',  ( 319.6372940992970371, 10.84797660550994003, 247.8462267344590089 ) ) ;
#2384 = CARTESIAN_POINT ( 'NONE',  ( 327.2210615221525813, 4.239031310274917530, 227.7218866876372090 ) ) ;
#2385 = CARTESIAN_POINT ( 'NONE',  ( 329.1594101706687070, -5.415244227710673819, 243.2284087075559569 ) ) ;
#2386 = CARTESIAN_POINT ( 'NONE',  ( 329.9921311326697833, 9.830319862658543073, 239.1485950506808820 ) ) ;
#2387 = CARTESIAN_POINT ( 'NONE',  ( 386.6666666647020065, -1.454917083900563846, 225.9669964426875026 ) ) ;
#2388 = CARTESIAN_POINT ( 'NONE',  ( 319.6451349257679908, -3.232589124148209869, 232.3132423770159960 ) ) ;
#2389 = EDGE_CURVE ( 'NONE', #104, #2290, #771, .T. ) ;
#2390 = UNCERTAINTY_MEASURE_WITH_UNIT (LENGTH_MEASURE( 1.000000000000000082E-05 ), #1488, 'distance_accuracy_value', 'NONE');
#2391 = CARTESIAN_POINT ( 'NONE',  ( 324.1708106127179576, 0.02177539378732355063, 222.5233509540905175 ) ) ;
#2392 =( NAMED_UNIT ( * ) SI_UNIT ( $, .STERADIAN. ) SOLID_ANGLE_UNIT ( ) );
#2393 = CARTESIAN_POINT ( 'NONE',  ( 0.000000000000000000, -5.179038273367099876, 210.9887546019604940 ) ) ;
#2394 = VERTEX_POINT ( 'NONE', #3592 ) ;
#2395 = VERTEX_POINT ( 'NONE', #3108 ) ;
#2396 = CARTESIAN_POINT ( 'NONE',  ( 417.4367678845254090, -4.245590683230170193, 329.1707751002551845 ) ) ;
#2397 = CARTESIAN_POINT ( 'NONE',  ( 327.0921508602633025, 11.69143116406584504, 253.3575907869018522 ) ) ;
#2398 = PLANE ( 'NONE',  #1075 ) ;
#2399 = VERTEX_POINT ( 'NONE', #3725 ) ;
#2400 = CARTESIAN_POINT ( 'NONE',  ( 415.5540187962554342, -4.382999446183393211, 282.1385208422295818 ) ) ;
#2401 = CARTESIAN_POINT ( 'NONE',  ( 333.4041593951649816, 11.08099807105751999, 250.3427563086925147 ) ) ;
#2402 = EDGE_CURVE ( 'NONE', #2599, #2290, #3688, .T. ) ;
#2403 = CARTESIAN_POINT ( 'NONE',  ( 330.3356699004837651, -3.722586006414811521, 237.4649668597339769 ) ) ;
#2404 = DIRECTION ( 'NONE',  ( 0.000000000000000000, 0.000000000000000000, 1.000000000000000000 ) ) ;
#2405 = VECTOR ( 'NONE', #803, 1000.000000000000000 ) ;
#2406 = CARTESIAN_POINT ( 'NONE',  ( 331.5255503893984041, -4.177223871050002479, 231.6347789717455612 ) ) ;
#2407 = CARTESIAN_POINT ( 'NONE',  ( 329.4659256958946116, 10.52436729972281881, 241.7265479531102415 ) ) ;
#2408 = ORIENTED_EDGE ( 'NONE', *, *, #509, .F. ) ;
#2409 = CARTESIAN_POINT ( 'NONE',  ( 445.0185472759409890, -1.384091846102779799, 229.8685720186360015 ) ) ;
#2410 = CARTESIAN_POINT ( 'NONE',  ( 328.8225627897945174, -3.200533912332085063, 232.8495953093734840 ) ) ;
#2411 = CARTESIAN_POINT ( 'NONE',  ( 328.7559714494014997, -0.03139021505194074940, 222.8214586582150218 ) ) ;
#2412 = CARTESIAN_POINT ( 'NONE',  ( 386.6666666647020065, -6.153661249499090324, 284.8637153941360225 ) ) ;
#2413 = ORIENTED_EDGE ( 'NONE', *, *, #1722, .T. ) ;
#2414 = EDGE_CURVE ( 'NONE', #3118, #206, #3088, .T. ) ;
#2415 = ORIENTED_EDGE ( 'NONE', *, *, #2585, .T. ) ;
#2416 = CARTESIAN_POINT ( 'NONE',  ( 414.9367889235229541, 0.7261752121041000763, 326.6817145493894827 ) ) ;
#2417 = CARTESIAN_POINT ( 'NONE',  ( 328.8240667864428133, 10.06223052963270703, 244.8715334686221468 ) ) ;
#2418 = CARTESIAN_POINT ( 'NONE',  ( 0.000000000000000000, 2.156697113733640148, 200.5962828315870183 ) ) ;
#2419 = VERTEX_POINT ( 'NONE', #2547 ) ;
#2420 = CARTESIAN_POINT ( 'NONE',  ( 417.4365266582566960, -4.384147713331916663, 284.5427465529771780 ) ) ;
#2421 = CARTESIAN_POINT ( 'NONE',  ( 329.4508412375008106, -4.109110043296894332, 241.8004583448748974 ) ) ;
#2422 = B_SPLINE_CURVE_WITH_KNOTS ( 'NONE', 3,
 ( #3451, #997, #707, #3375 ),
 .UNSPECIFIED., .F., .F.,
 ( 4, 4 ),
 ( 6.661428497319259275E-16, 0.01480023164925069884 ),
 .UNSPECIFIED. ) ;
#2423 = CARTESIAN_POINT ( 'NONE',  ( 324.8370945548290365, -5.064873696873640085, 264.4069360666575221 ) ) ;
#2424 = EDGE_LOOP ( 'NONE', ( #3292, #532, #2375, #2073 ) ) ;
#2425 = EDGE_CURVE ( 'NONE', #1916, #2377, #2326, .T. ) ;
#2426 = CARTESIAN_POINT ( 'NONE',  ( 332.6165846177361800, -3.017203667831251490, 226.2888903433868393 ) ) ;
#2427 = CARTESIAN_POINT ( 'NONE',  ( 413.1278717940020897, 0.7432174511796995064, 330.9074113425896826 ) ) ;
#2428 = ORIENTED_EDGE ( 'NONE', *, *, #2844, .T. ) ;
#2429 = CARTESIAN_POINT ( 'NONE',  ( 325.5193041795905060, -3.623162789931633210, 236.0567159245803168 ) ) ;
#2430 = VECTOR ( 'NONE', #2945, 1000.000000000000000 ) ;
#2431 = CARTESIAN_POINT ( 'NONE',  ( 315.0370945548290251, -3.525667192811749562, 308.8817145493894714 ) ) ;
#2432 = CARTESIAN_POINT ( 'NONE',  ( 333.3570863468524976, 0.2813507355754700234, 223.2732802509854935 ) ) ;
#2433 = CARTESIAN_POINT ( 'NONE',  ( 193.3333333323510033, -6.706862923142619337, 250.7127431795905181 ) ) ;
#2434 = VERTEX_POINT ( 'NONE', #1776 ) ;
#2435 = EDGE_CURVE ( 'NONE', #2231, #3947, #452, .T. ) ;
#2436 = CARTESIAN_POINT ( 'NONE',  ( 418.4367889235230109, -4.230973610777705396, 330.6817145493894827 ) ) ;
#2437 = CARTESIAN_POINT ( 'NONE',  ( 559.8975135647069692, -0.03600413214544655183, 350.4521908228139750 ) ) ;
#2438 = CARTESIAN_POINT ( 'NONE',  ( 620.0000000000000000, 3.306277303021955216, 269.3767156309139637 ) ) ;
#2439 = ADVANCED_FACE ( 'NONE', ( #252 ), #2254, .T. ) ;
#2440 = ORIENTED_EDGE ( 'NONE', *, *, #291, .F. ) ;
#2441 = CARTESIAN_POINT ( 'NONE',  ( 417.4366923113929602, -4.384209814122310256, 284.5590720703172565 ) ) ;
#2442 = DIRECTION ( 'NONE',  ( 9.682177540335662220E-15, 0.000000000000000000, 1.000000000000000000 ) ) ;
#2443 = CARTESIAN_POINT ( 'NONE',  ( 312.0335977116264985, -4.983938056488660173, 301.8301744316090094 ) ) ;
#2444 = ORIENTED_EDGE ( 'NONE', *, *, #672, .F. ) ;
#2445 = CARTESIAN_POINT ( 'NONE',  ( 333.1045386337830791, -2.143694974392435171, 223.8993339430504363 ) ) ;
#2446 = CARTESIAN_POINT ( 'NONE',  ( 414.6905268435355083, 0.7561277791918731284, 331.6817145493873227 ) ) ;
#2447 = CARTESIAN_POINT ( 'NONE',  ( 324.0938047810587364, -4.238937095085947959, 243.0448470434162118 ) ) ;
#2448 = LINE ( 'NONE', #3426, #2841 ) ;
#2449 = B_SPLINE_CURVE_WITH_KNOTS ( 'NONE', 3,
 ( #2301, #644, #736, #2766, #2165, #3755, #424 ),
 .UNSPECIFIED., .F., .F.,
 ( 4, 1, 1, 1, 4 ),
 ( 0.2576689893667095110, 0.2665125680092855220, 0.2765961010729374725, 0.2871948157618444686, 0.2931490619534870001 ),
 .UNSPECIFIED. ) ;
#2450 = CARTESIAN_POINT ( 'NONE',  ( 412.4615128417607366, -4.411422900982605810, 284.9399916522510807 ) ) ;
#2451 = VECTOR ( 'NONE', #3870, 1000.000000000000114 ) ;
#2452 = CARTESIAN_POINT ( 'NONE',  ( 0.000000000000000000, -0.07286972220746458506, 422.4816273383034968 ) ) ;
#2453 = CARTESIAN_POINT ( 'NONE',  ( 328.7563247081195072, -0.04820657412172119766, 222.8220528655610053 ) ) ;
#2454 = CARTESIAN_POINT ( 'NONE',  ( 579.9999999970530098, -4.599044283111839881, 259.9049248138404664 ) ) ;
#2455 = ORIENTED_EDGE ( 'NONE', *, *, #1971, .T. ) ;
#2456 = FACE_OUTER_BOUND ( 'NONE', #2878, .T. ) ;
#2457 = CARTESIAN_POINT ( 'NONE',  ( 325.5870114173413299, 12.76162791614629555, 260.7324866415852398 ) ) ;
#2458 = CARTESIAN_POINT ( 'NONE',  ( 193.3333333323510033, 15.18845332257155079, 253.7677995456125188 ) ) ;
#2459 = ORIENTED_EDGE ( 'NONE', *, *, #2756, .T. ) ;
#2460 = CARTESIAN_POINT ( 'NONE',  ( 417.4368795857086525, -4.385303536944097580, 284.8432344731007788 ) ) ;
#2461 = CARTESIAN_POINT ( 'NONE',  ( 330.8233575059620080, -3.458534077238358595, 235.0753907198385946 ) ) ;
#2462 = CARTESIAN_POINT ( 'NONE',  ( 312.0237421310920354, -6.268750978226009352, 300.8756181111700130 ) ) ;
#2463 = ORIENTED_EDGE ( 'NONE', *, *, #2545, .T. ) ;
#2464 = CARTESIAN_POINT ( 'NONE',  ( 333.3915841305166055, -1.294389217186370011, 222.4915660835347921 ) ) ;
#2465 = CARTESIAN_POINT ( 'NONE',  ( 412.7615744210189064, 0.7228189088176337762, 327.9059022882306067 ) ) ;
#2466 = EDGE_CURVE ( 'NONE', #3720, #758, #3012, .T. ) ;
#2467 = CARTESIAN_POINT ( 'NONE',  ( 445.0185472759409890, -4.832033954887080540, 247.4819901910340150 ) ) ;
#2468 = CARTESIAN_POINT ( 'NONE',  ( 315.0370945548290251, -4.528075591606529393, 304.8817145493895282 ) ) ;
#2469 = FACE_OUTER_BOUND ( 'NONE', #601, .T. ) ;
#2470 = CARTESIAN_POINT ( 'NONE',  ( 413.2924898920510941, 0.5882445444688649827, 286.4931074326710245 ) ) ;
#2471 =( NAMED_UNIT ( * ) SI_UNIT ( $, .STERADIAN. ) SOLID_ANGLE_UNIT ( ) );
#2472 = CARTESIAN_POINT ( 'NONE',  ( 0.000000000000000000, -6.590772124736850479, 458.2508859490669693 ) ) ;
#2473 = CARTESIAN_POINT ( 'NONE',  ( 324.1945738534050179, -0.5457661235991220217, 222.8198094130084996 ) ) ;
#2474 = B_SPLINE_CURVE_WITH_KNOTS ( 'NONE', 3,
 ( #334, #1280, #1600, #2820, #1561, #2515, #3730, #3154, #416, #1080, #1119, #3507, #2333, #3826, #3549, #2249, #770, #433, #1993, #2552, #2934, #3253, #3783, #2874, #810, #2032, #3767, #2895, #512, #1034, #1718, #217, #3469, #3805, #1056, #138, #1740, #3845, #1100, #1422 ),
 .UNSPECIFIED., .F., .F.,
 ( 4, 2, 2, 2, 2, 2, 1, 1, 1, 2, 2, 2, 2, 2, 1, 1, 1, 2, 2, 2, 2, 2, 4 ),
 ( 0.000000000000000000, 0.06249999999948595286, 0.1249999999989719057, 0.1874999999984578447, 0.2187499999982107646, 0.2343749999980835330, 0.2421874999980199172, 0.2460937499979841681, 0.2480468749979662935, 0.2490234374979492238, 0.2499999999979321819, 0.3749999999969637066, 0.4374999999964695463, 0.4687499999962224662, 0.4843749999960999530, 0.4921874999960387242, 0.4960937499960208497, 0.4980468749960251240, 0.4999999999960295094, 0.6249999999970221598, 0.7499999999980146992, 0.8749999999990073496, 1.000000000000000000 ),
 .UNSPECIFIED. ) ;
#2475 = AXIS2_PLACEMENT_3D ( 'NONE', #32, #1664, #1347 ) ;
#2476 = CARTESIAN_POINT ( 'NONE',  ( 386.6666666647020065, -5.887203071725790160, 347.4091257492925138 ) ) ;
#2477 = VERTEX_POINT ( 'NONE', #3584 ) ;
#2478 = EDGE_CURVE ( 'NONE', #3295, #2599, #2884, .T. ) ;
#2479 = CARTESIAN_POINT ( 'NONE',  ( 0.000000000000000000, 7.299999999999999822, 0.000000000000000000 ) ) ;
#2480 = CARTESIAN_POINT ( 'NONE',  ( 310.0370945548289683, -5.997123195538393681, 301.2514013644757256 ) ) ;
#2481 = CARTESIAN_POINT ( 'NONE',  ( 0.000000000000000000, 15.96968430992109766, 237.4560550978060007 ) ) ;
#2482 = ORIENTED_EDGE ( 'NONE', *, *, #3460, .T. ) ;
#2483 = CARTESIAN_POINT ( 'NONE',  ( 412.7606066736855155, -4.277175587047262084, 327.9074812610388676 ) ) ;
#2484 = CARTESIAN_POINT ( 'NONE',  ( 400.0000000000000000, 3.443088007130915340, 253.6429071604394778 ) ) ;
#2485 = CARTESIAN_POINT ( 'NONE',  ( 315.0370945548287978, -5.746495017718173948, 301.4613123311390837 ) ) ;
#2486 = ORIENTED_EDGE ( 'NONE', *, *, #3317, .F. ) ;
#2487 = CARTESIAN_POINT ( 'NONE',  ( 310.0370945548290251, -6.335096778005739893, 338.8751773677820438 ) ) ;
#2488 = CARTESIAN_POINT ( 'NONE',  ( 412.4370299718369779, 0.7286033392077400084, 329.1443567600336451 ) ) ;
#2489 = CARTESIAN_POINT ( 'NONE',  ( 326.3601698155316626, -3.074786790501887523, 231.9400938801290124 ) ) ;
#2490 = LINE ( 'NONE', #681, #3350 ) ;
#2491 = CARTESIAN_POINT ( 'NONE',  ( 310.0370945548290251, -3.525667192811749562, 293.8817145493894714 ) ) ;
#2492 = CARTESIAN_POINT ( 'NONE',  ( 412.4522067020951681, -4.411226435514790545, 284.8680669828916052 ) ) ;
#2493 = CARTESIAN_POINT ( 'NONE',  ( 386.6666666647025181, -0.05509682441517350232, 394.0997390200585073 ) ) ;
#2494 = CARTESIAN_POINT ( 'NONE',  ( 333.3828932173595376, -0.6961017482243450072, 223.6495272662904767 ) ) ;
#2495 = FACE_BOUND ( 'NONE', #1196, .T. ) ;
#2496 = ORIENTED_EDGE ( 'NONE', *, *, #1346, .F. ) ;
#2497 = DIRECTION ( 'NONE',  ( 0.000000000000000000, 0.000000000000000000, 1.000000000000000000 ) ) ;
#2498 = CARTESIAN_POINT ( 'NONE',  ( 310.0370945548290820, -5.539373558063573455, 301.6178851270601626 ) ) ;
#2499 = DIRECTION ( 'NONE',  ( -1.000000000000000000, 0.000000000000000000, 0.000000000000000000 ) ) ;
#2500 = VECTOR ( 'NONE', #1688, 1000.000000000000000 ) ;
#2501 = VERTEX_POINT ( 'NONE', #1495 ) ;
#2502 = CARTESIAN_POINT ( 'NONE',  ( 414.9367889235229541, -4.273824787895899924, 326.6817145493894827 ) ) ;
#2503 = CARTESIAN_POINT ( 'NONE',  ( 333.1881616698843800, -0.5956873369801484186, 223.4883018905207450 ) ) ;
#2504 = CARTESIAN_POINT ( 'NONE',  ( 324.2024783600090245, 3.237363644695820053, 225.8038127062354761 ) ) ;
#2505 = DIRECTION ( 'NONE',  ( 9.682177540335662220E-15, 0.000000000000000000, 1.000000000000000000 ) ) ;
#2506 = CARTESIAN_POINT ( 'NONE',  ( 328.2006128001798402, -0.3606033110746006409, 222.9224212021875360 ) ) ;
#2507 = CARTESIAN_POINT ( 'NONE',  ( 414.9367889235229541, 149.2235650228594181, 329.1817145493894827 ) ) ;
#2508 = CARTESIAN_POINT ( 'NONE',  ( 411.4367889235229541, -5.998504978718439240, 281.0817145493894600 ) ) ;
#2509 = SURFACE_SIDE_STYLE ('',( #57 ) ) ;
#2510 = CARTESIAN_POINT ( 'NONE',  ( 0.000000000000000000, -5.420589551295610597, 451.9053200484389663 ) ) ;
#2511 = CARTESIAN_POINT ( 'NONE',  ( 328.8013407623665216, -0.8680268285820659235, 223.6699092983714934 ) ) ;
#2512 = EDGE_CURVE ( 'NONE', #338, #1952, #3545, .T. ) ;
#2513 = CARTESIAN_POINT ( 'NONE',  ( 0.000000000000000000, -1.199999999999999956, 301.8817145493895282 ) ) ;
#2514 = VERTEX_POINT ( 'NONE', #3920 ) ;
#2515 = CARTESIAN_POINT ( 'NONE',  ( 415.6477722391201155, 0.5989270716002988992, 286.9840524288538290 ) ) ;
#2516 = CARTESIAN_POINT ( 'NONE',  ( 344.8536125831520280, -5.986649351095259419, 366.9135339570285055 ) ) ;
#2517 = CARTESIAN_POINT ( 'NONE',  ( 579.9999999970530098, 12.05585114077850051, 281.0960369820364804 ) ) ;
#2518 = VECTOR ( 'NONE', #3685, 1000.000000000000000 ) ;
#2519 = ORIENTED_EDGE ( 'NONE', *, *, #462, .F. ) ;
#2520 = CARTESIAN_POINT ( 'NONE',  ( 412.4368792639859862, -4.271022583498496950, 329.2043630792584281 ) ) ;
#2521 = CARTESIAN_POINT ( 'NONE',  ( 331.9793460285282549, -2.565722715290986056, 229.4112677023846913 ) ) ;
#2522 = CARTESIAN_POINT ( 'NONE',  ( 333.3636488270385030, 0.9405099334055160298, 223.7822958593565090 ) ) ;
#2523 = DIRECTION ( 'NONE',  ( 0.000000000000000000, 1.000000000000000000, 0.000000000000000000 ) ) ;
#2524 = EDGE_CURVE ( 'NONE', #66, #1730, #2950, .T. ) ;
#2525 = CARTESIAN_POINT ( 'NONE',  ( 328.1903097234929305, -0.4258982036894826684, 222.9717557549931826 ) ) ;
#2526 = CARTESIAN_POINT ( 'NONE',  ( 315.0370945548287409, -4.791174129282476990, 301.8666048008299185 ) ) ;
#2527 = CARTESIAN_POINT ( 'NONE',  ( 411.4367889235229541, -6.006615519446349083, 282.4360675095919646 ) ) ;
#2528 = CARTESIAN_POINT ( 'NONE',  ( 332.5719677308545670, 4.715340464236961182, 226.5097379219703555 ) ) ;
#2529 = CARTESIAN_POINT ( 'NONE',  ( 579.9999999970530098, -4.341600791566104789, 401.3625127179655010 ) ) ;
#2530 = CARTESIAN_POINT ( 'NONE',  ( 319.5788968440930375, -0.04963374010304759387, 222.2049814200015021 ) ) ;
#2531 = CARTESIAN_POINT ( 'NONE',  ( 445.0185472759409890, 60.00000000000000000, 330.6817145493894827 ) ) ;
#2532 = ORIENTED_EDGE ( 'NONE', *, *, #802, .T. ) ;
#2533 = LINE ( 'NONE', #2213, #1441 ) ;
#2534 = CARTESIAN_POINT ( 'NONE',  ( 310.0370945548289683, -6.486101408172222804, 300.4067648571999030 ) ) ;
#2535 = CARTESIAN_POINT ( 'NONE',  ( 579.9999999970530098, -0.04621037551902799911, 379.9087948609359842 ) ) ;
#2536 = EDGE_CURVE ( 'NONE', #1090, #2824, #1991, .T. ) ;
#2537 = EDGE_LOOP ( 'NONE', ( #3892, #2761, #2413, #143 ) ) ;
#2538 = CARTESIAN_POINT ( 'NONE',  ( 412.6746821636809273, -4.263058505520003649, 330.2645386333779243 ) ) ;
#2539 = CARTESIAN_POINT ( 'NONE',  ( 332.5002455554663356, -1.938913897333470748, 226.8589594893561809 ) ) ;
#2540 = CARTESIAN_POINT ( 'NONE',  ( 319.6060806350629946, 2.180227971342839854, 224.0954090288649923 ) ) ;
#2541 = CARTESIAN_POINT ( 'NONE',  ( 411.2352962711864848, -4.415700915942244897, 302.4170155350255413 ) ) ;
#2542 = CARTESIAN_POINT ( 'NONE',  ( 445.0185472759409890, 3.306277303021955216, 272.6767156309139750 ) ) ;
#2543 = EDGE_LOOP ( 'NONE', ( #2729, #112, #3630, #2064 ) ) ;
#2544 = CARTESIAN_POINT ( 'NONE',  ( 328.2060581552053691, 0.2308982581045672389, 222.8947279372195567 ) ) ;
#2545 = EDGE_CURVE ( 'NONE', #3443, #2434, #3940, .T. ) ;
#2546 = CARTESIAN_POINT ( 'NONE',  ( 118.4367889235230109, -3.525667192811749562, 319.8817145493894714 ) ) ;
#2547 = CARTESIAN_POINT ( 'NONE',  ( 411.4367889235229541, -7.699999999999999289, 281.0817145493894600 ) ) ;
#2548 = CARTESIAN_POINT ( 'NONE',  ( 386.6666666647025181, -5.592650226285879711, 400.6320236277665003 ) ) ;
#2549 = CARTESIAN_POINT ( 'NONE',  ( 324.2126268303530310, -0.8751653898063750381, 223.3669723505969955 ) ) ;
#2550 = CARTESIAN_POINT ( 'NONE',  ( 193.3333333323510033, -0.4512635983332909939, 212.5013648110065105 ) ) ;
#2551 = ORIENTED_EDGE ( 'NONE', *, *, #2266, .T. ) ;
#2552 = CARTESIAN_POINT ( 'NONE',  ( 417.1677460809835907, 0.6101290187327801373, 285.7563992218010185 ) ) ;
#2553 = CARTESIAN_POINT ( 'NONE',  ( 310.0370945548290820, -6.537639567212348624, 300.1514586740293566 ) ) ;
#2554 = CARTESIAN_POINT ( 'NONE',  ( 0.000000000000000000, -1.685681154134505144, 431.6634505495804888 ) ) ;
#2555 = ORIENTED_EDGE ( 'NONE', *, *, #2435, .T. ) ;
#2556 = CARTESIAN_POINT ( 'NONE',  ( 310.0370945548290251, -1.525667192811750006, 293.8817145493894714 ) ) ;
#2557 = CARTESIAN_POINT ( 'NONE',  ( 332.4502367114994854, -2.012092772954972464, 227.1039932752970003 ) ) ;
#2558 = CARTESIAN_POINT ( 'NONE',  ( 319.5965618501779772, 0.7828114087575960278, 222.7215009338494838 ) ) ;
#2559 = FACE_OUTER_BOUND ( 'NONE', #687, .T. ) ;
#2560 = EDGE_CURVE ( 'NONE', #3454, #1147, #965, .T. ) ;
#2561 = CARTESIAN_POINT ( 'NONE',  ( 411.4368233289105206, -4.254222642592590198, 332.6817137798445287 ) ) ;
#2562 = CARTESIAN_POINT ( 'NONE',  ( 328.1302502184147443, 0.7431053925751424094, 223.2658784337842803 ) ) ;
#2563 = CARTESIAN_POINT ( 'NONE',  ( 413.4367889235229541, -4.384078474512500101, 307.4404382524265884 ) ) ;
#2564 = CARTESIAN_POINT ( 'NONE',  ( 333.4780038053389717, 0.5565806968428929080, 222.0678854580846746 ) ) ;
#2565 = CARTESIAN_POINT ( 'NONE',  ( 193.3333333323510033, -6.700220827177429506, 377.3870091286090087 ) ) ;
#2566 = CARTESIAN_POINT ( 'NONE',  ( 319.6353065408845282, -2.048693466783154893, 226.3077772329604898 ) ) ;
#2567 = CARTESIAN_POINT ( 'NONE',  ( 413.4367889235229541, 7.299999999999999822, 325.6817145493894827 ) ) ;
#2568 = ORIENTED_EDGE ( 'NONE', *, *, #1854, .T. ) ;
#2569 = CARTESIAN_POINT ( 'NONE',  ( 312.4267286274059074, -6.480504480184458238, 311.8817145493895282 ) ) ;
#2570 = LINE ( 'NONE', #2272, #2656 ) ;
#2571 = CARTESIAN_POINT ( 'NONE',  ( 0.000000000000000000, -3.106131725712699687, 439.6889779992029617 ) ) ;
#2572 = B_SPLINE_CURVE_WITH_KNOTS ( 'NONE', 3,
 ( #2932, #1137, #2349, #3566, #826, #2047, #2467, #2789, #1534, #1591, #1571, #2409, #944, #606 ),
 .UNSPECIFIED., .F., .F.,
 ( 4, 1, 1, 1, 1, 1, 1, 1, 1, 1, 1, 4 ),
 ( 0.1322336342444450086, 0.1365872162164444015, 0.1450401625963684271, 0.1528343044280475183, 0.1598922540218025157, 0.1661417882978354910, 0.1715277405401569866, 0.1760175838255089997, 0.1795912423664645097, 0.1822566398768490081, 0.1840598962873024880, 0.1851962207859990106 ),
 .UNSPECIFIED. ) ;
#2573 = CARTESIAN_POINT ( 'NONE',  ( 0.000000000000000000, -7.699999999999999289, 0.000000000000000000 ) ) ;
#2574 = ORIENTED_EDGE ( 'NONE', *, *, #1697, .T. ) ;
#2575 = CARTESIAN_POINT ( 'NONE',  ( 416.4173368014746188, 0.7364942726088288261, 327.1263230227875169 ) ) ;
#2576 = CARTESIAN_POINT ( 'NONE',  ( 193.3333333323510033, 1.893688306988295045, 213.4642146367245061 ) ) ;
#2577 = CARTESIAN_POINT ( 'NONE',  ( 333.0326912983336456, -0.9924401669917843893, 224.2500770230963099 ) ) ;
#2578 = CARTESIAN_POINT ( 'NONE',  ( 324.2095633690370278, 4.832785806882770707, 228.6321320965529651 ) ) ;
#2579 = CARTESIAN_POINT ( 'NONE',  ( 411.2352909474345211, -4.428412672981565379, 297.9365003131255207 ) ) ;
#2580 = CARTESIAN_POINT ( 'NONE',  ( 312.5632705987549684, -6.524215585354540714, 300.3331934304220567 ) ) ;
#2581 = CARTESIAN_POINT ( 'NONE',  ( 324.2298598905035192, 12.84727078174833892, 261.2852069513934907 ) ) ;
#2582 = CARTESIAN_POINT ( 'NONE',  ( 327.4493147062192406, -1.970914592344537031, 226.6034793419801758 ) ) ;
#2583 = AXIS2_PLACEMENT_3D ( 'NONE', #2155, #2999, #3672 ) ;
#2584 = LINE ( 'NONE', #489, #1584 ) ;
#2585 = EDGE_CURVE ( 'NONE', #1819, #191, #2746, .T. ) ;
#2586 = CARTESIAN_POINT ( 'NONE',  ( 333.3468821961649837, 1.535902793641768849, 222.7106071492194133 ) ) ;
#2587 = CARTESIAN_POINT ( 'NONE',  ( 386.6666666647020065, -6.161060105321070068, 294.7877091421009936 ) ) ;
#2588 = CARTESIAN_POINT ( 'NONE',  ( 333.3985212595904954, -1.752487820011404906, 226.3184401304980042 ) ) ;
#2589 = VECTOR ( 'NONE', #662, 1000.000000000000000 ) ;
#2590 = DIRECTION ( 'NONE',  ( -0.9970829574973351095, 0.000000000000000000, 0.07632546015824341612 ) ) ;
#2591 = DIRECTION ( 'NONE',  ( 1.000000000000000000, 0.000000000000000000, 0.000000000000000000 ) ) ;
#2592 = CARTESIAN_POINT ( 'NONE',  ( 312.0321423881737246, -5.173803300519573156, 301.7757658502446816 ) ) ;
#2593 = LINE ( 'NONE', #2293, #2202 ) ;
#2594 = VECTOR ( 'NONE', #1189, 1000.000000000000000 ) ;
#2595 = CARTESIAN_POINT ( 'NONE',  ( 386.6666666647020065, 14.56524338741086133, 284.5744906102909795 ) ) ;
#2596 = EDGE_CURVE ( 'NONE', #1933, #913, #559, .T. ) ;
#2597 = DIRECTION ( 'NONE',  ( 1.000000000000000000, 0.000000000000000000, 0.000000000000000000 ) ) ;
#2598 = CARTESIAN_POINT ( 'NONE',  ( 310.0370945548290251, -1.525667192811740014, 321.8817145493894714 ) ) ;
#2599 = VERTEX_POINT ( 'NONE', #1290 ) ;
#2600 = CARTESIAN_POINT ( 'NONE',  ( 417.4329361930979871, 0.7553875666413397694, 329.3312223398803553 ) ) ;
#2601 = CARTESIAN_POINT ( 'NONE',  ( 0.000000000000000000, 4.196968758149080436, 202.6130197730024918 ) ) ;
#2602 = CARTESIAN_POINT ( 'NONE',  ( 332.2883862445683576, 4.138660650622233206, 227.8970296569173115 ) ) ;
#2603 = CARTESIAN_POINT ( 'NONE',  ( 319.5839873149835171, 0.06037895094502970100, 222.2269585649580108 ) ) ;
#2604 = CARTESIAN_POINT ( 'NONE',  ( 422.5636168432429258, -4.339684702389194015, 306.8903784306880311 ) ) ;
#2605 = COLOUR_RGB ( '',0.7921568627450980005, 0.8196078431372548767, 0.9333333333333333481 ) ;
#2606 = ORIENTED_EDGE ( 'NONE', *, *, #3633, .F. ) ;
#2607 = CARTESIAN_POINT ( 'NONE',  ( 312.5693578209277916, -6.524170034052090728, 300.3383091745798197 ) ) ;
#2608 = DIRECTION ( 'NONE',  ( -1.000000000000000000, 0.000000000000000000, 0.000000000000000000 ) ) ;
#2609 = CARTESIAN_POINT ( 'NONE',  ( 326.2226296056796855, 6.514384006712802488, 232.6140142850847212 ) ) ;
#2610 = CARTESIAN_POINT ( 'NONE',  ( 414.9367889235450093, -4.405106751779400476, 287.0817145493894600 ) ) ;
#2611 = CARTESIAN_POINT ( 'NONE',  ( 333.0450792260192543, 3.064678688102964621, 224.1851743996723201 ) ) ;
#2612 = CARTESIAN_POINT ( 'NONE',  ( 386.6666666647020065, -5.530142459485389850, 406.8380078360255538 ) ) ;
#2613 = CARTESIAN_POINT ( 'NONE',  ( 333.3944711510575303, -1.114517288373171988, 224.5802404995809809 ) ) ;
#2614 = EDGE_CURVE ( 'NONE', #2290, #1147, #2143, .T. ) ;
#2615 = CARTESIAN_POINT ( 'NONE',  ( 312.0218469651335340, -6.515956103186268500, 300.1358236838894413 ) ) ;
#2616 = CARTESIAN_POINT ( 'NONE',  ( 324.8370945548290365, 13.12680387781806068, 264.4069360666575221 ) ) ;
#2617 = CARTESIAN_POINT ( 'NONE',  ( 193.3333333323510033, -5.464983162938359840, 438.0432744059714878 ) ) ;
#2618 = LINE ( 'NONE', #700, #2785 ) ;
#2619 = CARTESIAN_POINT ( 'NONE',  ( 445.0185472759409890, 1.551298163220609982, 230.2159465474344984 ) ) ;
#2620 = ORIENTED_EDGE ( 'NONE', *, *, #2179, .T. ) ;
#2621 = CARTESIAN_POINT ( 'NONE',  ( 417.4367868943019744, 0.7544996987040464287, 329.1852042107375951 ) ) ;
#2622 = CARTESIAN_POINT ( 'NONE',  ( 0.000000000000000000, 19.05559646799564888, 289.0914184166214795 ) ) ;
#2623 = AXIS2_PLACEMENT_3D ( 'NONE', #995, #3728, #2590 ) ;
#2624 = CARTESIAN_POINT ( 'NONE',  ( 331.2553617256310758, 6.502885332288987463, 232.9586525373230756 ) ) ;
#2625 = DIRECTION ( 'NONE',  ( 0.000000000000000000, 0.000000000000000000, 1.000000000000000000 ) ) ;
#2626 = B_SPLINE_CURVE_WITH_KNOTS ( 'NONE', 3,
 ( #1340, #2553, #2534, #2858, #1601, #1656, #1640, #2480, #1017, #670, #2498, #435, #1036, #3768, #417 ),
 .UNSPECIFIED., .F., .F.,
 ( 4, 2, 1, 2, 2, 2, 2, 4 ),
 ( 0.000000000000000000, 0.2500000000000141553, 0.3750000000000210387, 0.4375000000000020539, 0.4999999999999830691, 0.6249999999999823475, 0.7499999999999814593, 1.000000000000000000 ),
 .UNSPECIFIED. ) ;
#2627 = ORIENTED_EDGE ( 'NONE', *, *, #1411, .F. ) ;
#2628 = LINE ( 'NONE', #1111, #1707 ) ;
#2629 = CARTESIAN_POINT ( 'NONE',  ( 324.2192100345969834, 7.791012381503410467, 236.0598332219794884 ) ) ;
#2630 = CARTESIAN_POINT ( 'NONE',  ( 327.2250260418246626, 4.228171373897327889, 227.7024602206178372 ) ) ;
#2631 = CARTESIAN_POINT ( 'NONE',  ( 413.4367889235229541, -4.287614748383434815, 325.6817145493894827 ) ) ;
#2632 = CARTESIAN_POINT ( 'NONE',  ( 330.3033484597581833, 9.386455420157870932, 237.6240861924827072 ) ) ;
#2633 = CARTESIAN_POINT ( 'NONE',  ( 193.3333333323510033, -4.547455531547240248, 222.5893264324145093 ) ) ;
#2634 = CARTESIAN_POINT ( 'NONE',  ( 333.4177561982035058, -4.731108279615169998, 253.9554759197359886 ) ) ;
#2635 = CARTESIAN_POINT ( 'NONE',  ( 312.0232696122939728, -6.330494084306463876, 300.7585002104131604 ) ) ;
#2636 = ADVANCED_FACE ( 'NONE', ( #2184 ), #3659, .F. ) ;
#2637 = DIRECTION ( 'NONE',  ( -0.9999999999999996669, 0.000000000000000000, -2.291558898245093933E-08 ) ) ;
#2638 = CARTESIAN_POINT ( 'NONE',  ( 579.9999999970530098, -4.725788449733830277, 379.3994230421295129 ) ) ;
#2639 = CARTESIAN_POINT ( 'NONE',  ( 118.4367889235230109, 4.474332807188249994, 293.8817145493894714 ) ) ;
#2640 = CARTESIAN_POINT ( 'NONE',  ( 341.6072432298724948, -0.2020362616947314893, 382.2059231409784843 ) ) ;
#2641 = EDGE_LOOP ( 'NONE', ( #1164, #952, #1876, #414, #3701 ) ) ;
#2642 = CARTESIAN_POINT ( 'NONE',  ( 415.5728325733131783, 0.7601739630465959019, 331.6207832497956360 ) ) ;
#2643 = CARTESIAN_POINT ( 'NONE',  ( 386.6666666647025181, 13.07897365269360179, 261.0380848239540228 ) ) ;
#2644 = CARTESIAN_POINT ( 'NONE',  ( 329.1584260745510733, 9.664155426699792883, 243.2332368048540161 ) ) ;
#2645 = CARTESIAN_POINT ( 'NONE',  ( 422.5635894750465127, -4.248385237865434760, 324.6430660236449626 ) ) ;
#2646 = CIRCLE ( 'NONE', #1816, 2.000000000000001776 ) ;
#2647 = CARTESIAN_POINT ( 'NONE',  ( 409.1730827868705092, -0.2218440020325855022, 346.9460748697674717 ) ) ;
#2648 = CARTESIAN_POINT ( 'NONE',  ( 333.4027123955090133, 10.35336819646940043, 246.6222022926645252 ) ) ;
#2649 = CARTESIAN_POINT ( 'NONE',  ( 323.5146121148882230, 10.41150955636491560, 245.8827532833222733 ) ) ;
#2650 = DIRECTION ( 'NONE',  ( 0.000000000000000000, 1.000000000000000000, 0.000000000000000000 ) ) ;
#2651 = VECTOR ( 'NONE', #2886, 1000.000000000000000 ) ;
#2652 = AXIS2_PLACEMENT_3D ( 'NONE', #3747, #1877, #1016 ) ;
#2653 = CARTESIAN_POINT ( 'NONE',  ( 414.0839870087589816, 0.7216804176117249670, 326.6616387374045303 ) ) ;
#2654 = CARTESIAN_POINT ( 'NONE',  ( 193.3333333323510033, -3.397287876363840149E-11, 212.5133111311279777 ) ) ;
#2655 = CARTESIAN_POINT ( 'NONE',  ( 328.8286297839244412, -4.612797971188509649, 249.9385003006150043 ) ) ;
#2656 = VECTOR ( 'NONE', #2954, 1000.000000000000000 ) ;
#2657 = DIRECTION ( 'NONE',  ( 0.000000000000000000, -1.000000000000000000, 0.000000000000000000 ) ) ;
#2658 = CARTESIAN_POINT ( 'NONE',  ( 417.4697611806159898, 0.6181954351887550825, 283.7892666744859866 ) ) ;
#2659 = CARTESIAN_POINT ( 'NONE',  ( 193.3333333323510033, -5.937811506948680318, 439.6798056192790227 ) ) ;
#2660 = DIRECTION ( 'NONE',  ( 0.000000000000000000, -1.000000000000000000, -1.576542137387264761E-16 ) ) ;
#2661 = CARTESIAN_POINT ( 'NONE',  ( 412.6950050626493294, -4.412671497501817086, 285.7292828699149823 ) ) ;
#2662 = ORIENTED_EDGE ( 'NONE', *, *, #3342, .T. ) ;
#2663 = PLANE ( 'NONE',  #675 ) ;
#2664 = CARTESIAN_POINT ( 'NONE',  ( 579.9999999970530098, 2.661510109830854898, 240.4789931181245208 ) ) ;
#2665 = CARTESIAN_POINT ( 'NONE',  ( 329.3291466542967214, 9.457882558362271652, 242.3967385642452257 ) ) ;
#2666 = CARTESIAN_POINT ( 'NONE',  ( 313.0843143818031535, -6.520317392520874833, 300.7881539392776062 ) ) ;
#2667 = CARTESIAN_POINT ( 'NONE',  ( 324.2184143022915350, 7.494910505143840496, 235.1595141530129638 ) ) ;
#2668 = CARTESIAN_POINT ( 'NONE',  ( 326.9164462406637881, 5.032475768620912504, 229.2128597143976947 ) ) ;
#2669 = DIRECTION ( 'NONE',  ( -0.9999999999999996669, 0.000000000000000000, -2.291558898245093933E-08 ) ) ;
#2670 = CARTESIAN_POINT ( 'NONE',  ( 324.8370945548290365, 14.33246036806401946, 264.4069360666575221 ) ) ;
#2671 = CARTESIAN_POINT ( 'NONE',  ( 0.000000000000000000, -5.179038273367099876, 210.9887546019604940 ) ) ;
#2672 = CARTESIAN_POINT ( 'NONE',  ( 328.8280226818465053, -4.427296154738890266, 246.1188354021180089 ) ) ;
#2673 = B_SPLINE_CURVE_WITH_KNOTS ( 'NONE', 3,
 ( #652, #2839, #1898, #708 ),
 .UNSPECIFIED., .F., .F.,
 ( 4, 4 ),
 ( 0.03801874215864000511, 0.07160094255764019866 ),
 .UNSPECIFIED. ) ;
#2674 = CARTESIAN_POINT ( 'NONE',  ( 324.1673911786450049, -0.03042009881601995258, 222.5129759895820030 ) ) ;
#2675 = CARTESIAN_POINT ( 'NONE',  ( 0.000000000000000000, -6.590772124736850479, 458.2508859490669693 ) ) ;
#2676 = ORIENTED_EDGE ( 'NONE', *, *, #587, .F. ) ;
#2677 = CARTESIAN_POINT ( 'NONE',  ( 400.1559190419540073, 5.234632817825529472, 362.6802111862984361 ) ) ;
#2678 = ORIENTED_EDGE ( 'NONE', *, *, #2049, .F. ) ;
#2679 = CARTESIAN_POINT ( 'NONE',  ( 417.4369138303832756, -4.243415743944406238, 329.5185716799693409 ) ) ;
#2680 = CARTESIAN_POINT ( 'NONE',  ( 386.6666666647020065, -1.274544155731860196, 401.0421190094135113 ) ) ;
#2681 = CARTESIAN_POINT ( 'NONE',  ( 333.2104972146955788, 0.4489637099970881784, 223.3788619860561369 ) ) ;
#2682 = FILL_AREA_STYLE ('',( #2381 ) ) ;
#2683 = CARTESIAN_POINT ( 'NONE',  ( 417.4367672090741621, -4.384251394079652364, 284.5699586013221847 ) ) ;
#2684 = CARTESIAN_POINT ( 'NONE',  ( 333.3907099540024888, 5.771165380189580141, 231.2990431661345099 ) ) ;
#2685 = CARTESIAN_POINT ( 'NONE',  ( 327.7215792704973865, 2.671123730224468140, 225.2691594440131553 ) ) ;
#2686 = ORIENTED_EDGE ( 'NONE', *, *, #149, .T. ) ;
#2687 = ADVANCED_FACE ( 'NONE', ( #343 ), #984, .F. ) ;
#2688 = CARTESIAN_POINT ( 'NONE',  ( 328.8799712927942096, -5.507845422809718450, 244.5975660113727486 ) ) ;
#2689 = CARTESIAN_POINT ( 'NONE',  ( 412.3910941386350260, 0.7342237663617199317, 330.0860565581299966 ) ) ;
#2690 = EDGE_LOOP ( 'NONE', ( #943, #932, #1521, #1351 ) ) ;
#2691 = CARTESIAN_POINT ( 'NONE',  ( 0.000000000000000000, -6.717750288785820700, 224.6004539023775237 ) ) ;
#2692 = CARTESIAN_POINT ( 'NONE',  ( 333.4088690682329457, -2.721541234965270117, 230.3229241472740227 ) ) ;
#2693 = VECTOR ( 'NONE', #3624, 1000.000000000000000 ) ;
#2694 = CARTESIAN_POINT ( 'NONE',  ( 333.3598541029050466, 0.4265695382412945103, 223.3712385447509803 ) ) ;
#2695 = CARTESIAN_POINT ( 'NONE',  ( 193.3333333323510033, -4.547455531547240248, 222.5893264324145093 ) ) ;
#2696 = EDGE_LOOP ( 'NONE', ( #2925, #2996, #1358, #123 ) ) ;
#2697 = EDGE_LOOP ( 'NONE', ( #3009, #1881, #3636, #3770 ) ) ;
#2698 = CARTESIAN_POINT ( 'NONE',  ( 417.4367805292583284, -4.245563652378783637, 329.1750799670660967 ) ) ;
#2699 = CARTESIAN_POINT ( 'NONE',  ( 328.3056960202627010, 10.62110570494816564, 247.4114512368184080 ) ) ;
#2700 = CARTESIAN_POINT ( 'NONE',  ( 411.4367889235229541, -7.699999999999999289, 281.0817145493894600 ) ) ;
#2701 = ORIENTED_EDGE ( 'NONE', *, *, #1449, .T. ) ;
#2702 = CARTESIAN_POINT ( 'NONE',  ( 416.7093054357686128, -4.393975820283808176, 286.3447218035288984 ) ) ;
#2703 = CARTESIAN_POINT ( 'NONE',  ( 333.4019094686839821, 9.951738773375730318, 244.7701901414134795 ) ) ;
#2704 = CARTESIAN_POINT ( 'NONE',  ( 370.6758075867655293, -2.964079995614394726E-11, 224.4380637103649860 ) ) ;
#2705 = PLANE ( 'NONE',  #3539 ) ;
#2706 = ORIENTED_EDGE ( 'NONE', *, *, #2844, .F. ) ;
#2707 = CARTESIAN_POINT ( 'NONE',  ( 414.9367889235229541, -4.273824787895899924, 326.6817145493894827 ) ) ;
#2708 = CARTESIAN_POINT ( 'NONE',  ( 329.7219372477167667, 10.19570201596176062, 240.4722355271418053 ) ) ;
#2709 = ORIENTED_EDGE ( 'NONE', *, *, #1306, .F. ) ;
#2710 = CARTESIAN_POINT ( 'NONE',  ( 579.9999999970530098, -4.599044283111839881, 259.9049248138404664 ) ) ;
#2711 = CARTESIAN_POINT ( 'NONE',  ( 333.4125836157144818, -3.428529051143229811, 234.9869734514089714 ) ) ;
#2712 = ADVANCED_FACE ( 'NONE', ( #902 ), #2162, .T. ) ;
#2713 = UNCERTAINTY_MEASURE_WITH_UNIT (LENGTH_MEASURE( 1.000000000000000082E-05 ), #990, 'distance_accuracy_value', 'NONE');
#2714 = CARTESIAN_POINT ( 'NONE',  ( 324.1686958745160041, -0.01220142781700630022, 222.5152849156820025 ) ) ;
#2715 = CARTESIAN_POINT ( 'NONE',  ( 386.6666666647020065, -5.975492132353130259, 266.5706856483419642 ) ) ;
#2716 = VERTEX_POINT ( 'NONE', #3384 ) ;
#2717 = ORIENTED_EDGE ( 'NONE', *, *, #1423, .T. ) ;
#2718 = CARTESIAN_POINT ( 'NONE',  ( 418.4367889235230109, -4.261987833039300178, 325.6817145493894827 ) ) ;
#2719 = PLANE ( 'NONE',  #1885 ) ;
#2720 = EDGE_CURVE ( 'NONE', #2800, #338, #3393, .T. ) ;
#2721 = CARTESIAN_POINT ( 'NONE',  ( 414.9367889235229541, 149.2235650228594181, 284.5817145493894600 ) ) ;
#2722 = VERTEX_POINT ( 'NONE', #1370 ) ;
#2723 = CARTESIAN_POINT ( 'NONE',  ( 417.3475562532397589, -4.382068500669225486, 283.8978667190210672 ) ) ;
#2724 = CARTESIAN_POINT ( 'NONE',  ( 325.7277950132121873, -4.976094399270146518, 260.0426739053119150 ) ) ;
#2725 = CARTESIAN_POINT ( 'NONE',  ( 315.0370945548287409, -6.415464426188201230, 300.5114884764130920 ) ) ;
#2726 = VERTEX_POINT ( 'NONE', #3756 ) ;
#2727 = CARTESIAN_POINT ( 'NONE',  ( 332.5799291102144934, -3.073205134543593786, 226.4680770340220306 ) ) ;
#2728 = CARTESIAN_POINT ( 'NONE',  ( 414.9367889235015241, 0.7573911771075539923, 331.6817145493894827 ) ) ;
#2729 = ORIENTED_EDGE ( 'NONE', *, *, #2733, .T. ) ;
#2730 = CARTESIAN_POINT ( 'NONE',  ( 326.1651017921046787, -3.217539207524016565, 232.8954926356778969 ) ) ;
#2731 = LINE ( 'NONE', #1869, #2133 ) ;
#2732 = CARTESIAN_POINT ( 'NONE',  ( 319.5794040397530011, -0.01950975967669624916, 222.2055900679349918 ) ) ;
#2733 = EDGE_CURVE ( 'NONE', #338, #1300, #761, .T. ) ;
#2734 = CARTESIAN_POINT ( 'NONE',  ( 579.9999999970530098, -4.260065142064195065, 254.4223368971200046 ) ) ;
#2735 = ORIENTED_EDGE ( 'NONE', *, *, #1346, .T. ) ;
#2736 = VERTEX_POINT ( 'NONE', #1025 ) ;
#2737 = FACE_OUTER_BOUND ( 'NONE', #3909, .T. ) ;
#2738 = CARTESIAN_POINT ( 'NONE',  ( 411.4368642044360058, -4.308893968041457967, 324.0861672941122151 ) ) ;
#2739 = CARTESIAN_POINT ( 'NONE',  ( 0.000000000000000000, 4.196968758149080436, 202.6130197730024918 ) ) ;
#2740 = VERTEX_POINT ( 'NONE', #385 ) ;
#2741 = CARTESIAN_POINT ( 'NONE',  ( 413.4367889235229541, 60.00000000000000000, 288.0817145493894600 ) ) ;
#2742 = CARTESIAN_POINT ( 'NONE',  ( 413.4367889235229541, 0.000000000000000000, 321.8817145493894714 ) ) ;
#2743 = CARTESIAN_POINT ( 'NONE',  ( 579.9999999970530098, 0.4218217482621809955, 238.5244780359224990 ) ) ;
#2744 = ORIENTED_EDGE ( 'NONE', *, *, #1078, .T. ) ;
#2745 = CARTESIAN_POINT ( 'NONE',  ( 310.0370945548290251, -6.485870132334770055, 313.3137757797965151 ) ) ;
#2746 = LINE ( 'NONE', #3405, #139 ) ;
#2747 = VERTEX_POINT ( 'NONE', #443 ) ;
#2748 = DIRECTION ( 'NONE',  ( -0.1999674932621485490, 0.000000000000000000, 0.9798025319616462392 ) ) ;
#2749 = CARTESIAN_POINT ( 'NONE',  ( 0.000000000000000000, -4.371643211507935334, 446.5568535484149493 ) ) ;
#2750 = CARTESIAN_POINT ( 'NONE',  ( 333.3550115862290113, -0.2855428213496059575, 223.2146791817669964 ) ) ;
#2751 = CARTESIAN_POINT ( 'NONE',  ( 386.6666666647020065, -5.079293524304739904, 244.4817092322059864 ) ) ;
#2752 = VERTEX_POINT ( 'NONE', #3522 ) ;
#2753 = LINE ( 'NONE', #2076, #3859 ) ;
#2754 = CARTESIAN_POINT ( 'NONE',  ( 418.4367889235230109, -4.372633561606570574, 283.0817145493894600 ) ) ;
#2755 = CARTESIAN_POINT ( 'NONE',  ( 579.9999999970530098, 10.96949398281570076, 268.3083701022954983 ) ) ;
#2756 = EDGE_CURVE ( 'NONE', #2722, #3006, #1035, .T. ) ;
#2757 = EDGE_LOOP ( 'NONE', ( #1054, #457 ) ) ;
#2758 = DIRECTION ( 'NONE',  ( 0.000000000000000000, 0.000000000000000000, 1.000000000000000000 ) ) ;
#2759 = CARTESIAN_POINT ( 'NONE',  ( 413.4367889235229541, 4.474332807188230454, 291.8817145493894714 ) ) ;
#2760 = CARTESIAN_POINT ( 'NONE',  ( 315.0370945548290251, -9.530253270515441244, 300.1754532043040058 ) ) ;
#2761 = ORIENTED_EDGE ( 'NONE', *, *, #2119, .T. ) ;
#2762 = CARTESIAN_POINT ( 'NONE',  ( 333.1368252677947339, -2.077471121105527452, 223.7400115263230305 ) ) ;
#2763 = CARTESIAN_POINT ( 'NONE',  ( 412.6035860689382844, 0.7355228902043524641, 330.0943723611208611 ) ) ;
#2764 = CARTESIAN_POINT ( 'NONE',  ( 326.8331957356222119, -2.690454959356736175, 229.6130999643139603 ) ) ;
#2765 = DIRECTION ( 'NONE',  ( 0.000000000000000000, 0.000000000000000000, 1.000000000000000000 ) ) ;
#2766 = CARTESIAN_POINT ( 'NONE',  ( 310.0370945548290251, -6.547052708160729928, 283.5051918643704880 ) ) ;
#2767 = EDGE_CURVE ( 'NONE', #3720, #3326, #2240, .T. ) ;
#2768 = B_SPLINE_CURVE_WITH_KNOTS ( 'NONE', 3,
 ( #3402, #2724, #3917, #3655, #1547, #2139, #1863, #3620, #879, #3676, #2100, #3362, #617, #1845, #340, #2421, #3062, #1247, #1792, #1808, #1192, #320, #2403, #3322, #3024, #285, #3937, #2461, #1211, #939, #3380, #1606, #2826, #3456, #1662, #3140, #3477, #712, #1327, #2846, #422, #126, #401, #1940, #2521, #1883, #693, #440, #1626, #381, #2557, #3120, #2539, #3100, #734, #1958, #146, #981, #3181, #2881, #3162, #3439, #363, #1644, #1587, #1366, #3753, #86, #2577, #3791, #1065, #1923, #3772, #2806, #2862, #68, #1021, #1344, #106, #1288, #2237, #3421, #2503, #1040, #2255, #676, #1307, #2220, #2279, #656, #3718, #2200, #1903, #3737, #1003, #2341, #246, #780, #3815, #2058, #3280, #2981, #1470, #1088, #3856, #2040, #2681, #1170, #1682, #1131, #2923, #3556, #2300, #819, #3223, #1979, #1768, #2361, #3577, #3262, #1150, #3516, #800, #189, #483, #3895, #520, #1749, #537, #2961, #2602, #227, #2001, #1451, #3537, #3495, #2022, #756, #1728, #2943, #1410, #1705, #836, #209, #3203, #2624, #2903, #460, #3835, #167, #2321, #2665, #1388, #3875, #1109, #1431, #3244, #501, #2644, #2417, #2699, #854, #3651, #3335, #2397, #2095, #3932, #2135, #2380, #3075, #3298, #2457, #935 ),
 .UNSPECIFIED., .F., .F.,
 ( 4, 1, 1, 1, 1, 1, 1, 1, 1, 1, 1, 2, 2, 1, 1, 1, 1, 1, 1, 1, 2, 2, 1, 1, 1, 1, 1, 1, 1, 2, 2, 1, 1, 1, 1, 1, 1, 2, 2, 1, 1, 1, 1, 2, 2, 1, 1, 1, 1, 2, 2, 1, 1, 1, 1, 1, 1, 2, 2, 1, 1, 1, 1, 1, 2, 2, 1, 1, 1, 1, 1, 2, 2, 2, 1, 1, 1, 2, 2, 1, 1, 1, 1, 2, 2, 1, 1, 1, 1, 2, 2, 1, 1, 1, 1, 1, 1, 2, 2, 1, 1, 1, 1, 1, 1, 2, 2, 1, 1, 1, 1, 1, 1, 1, 2, 2, 1, 1, 1, 1, 1, 1, 1, 1, 2, 2, 1, 1, 1, 1, 1, 1, 1, 2, 2, 4 ),
 ( 0.000000000000000000, 0.1249999999999821532, 0.1874999999999733824, 0.2187499999999685252, 0.2343749999999655276, 0.2421874999999636957, 0.2460937499999630296, 0.2480468749999624467, 0.2490234374999618083, 0.2495117187499615030, 0.2497558593749605038, 0.2498779296874600320, 0.2499999999999595324, 0.2812499999998205324, 0.2968749999997511435, 0.3046874999997160050, 0.3085937499996987410, 0.3105468749996903033, 0.3115234374996855848, 0.3120117187496837530, 0.3122558593746828093, 0.3124999999996818656, 0.3437499999995074496, 0.3593749999994200750, 0.3671874999993758881, 0.3710937499993532951, 0.3730468749993420263, 0.3740234374993363642, 0.3745117187493335331, 0.3747558593743320898, 0.3749999999993307020, 0.3906249999992166266, 0.3984374999991596167, 0.4023437499991313060, 0.4042968749991171507, 0.4052734374991101007, 0.4057617187491067146, 0.4060058593741043276, 0.4062499999991018851, 0.4218749999989825361, 0.4296874999989225841, 0.4335937499988926080, 0.4355468749988776200, 0.4365234374988707922, 0.4374999999988640198, 0.4453124999988122279, 0.4492187499987863042, 0.4511718749987733701, 0.4521484374987672639, 0.4526367187487646548, 0.4531249999987620458, 0.4609374999987292942, 0.4648437499987129740, 0.4667968749987045363, 0.4677734374986998733, 0.4682617187486975419, 0.4685058593736963206, 0.4686279296861962651, 0.4687499999986961541, 0.4726562499987115307, 0.4746093749987188026, 0.4755859374987226329, 0.4760742187487240762, 0.4763183593737242982, 0.4764404296862244093, 0.4765624999987244648, 0.4804687499987186916, 0.4824218749987154720, 0.4833984374987138066, 0.4838867187487126964, 0.4841308593737124744, 0.4842529296862122523, 0.4843749999987119748, 0.4863281249987074228, 0.4873046874987050359, 0.4877929687487037591, 0.4880371093737030930, 0.4881591796862028709, 0.4882812499987027044, 0.4902343749986972088, 0.4912109374986945998, 0.4916992187486929899, 0.4919433593736923238, 0.4920654296861918242, 0.4921874999986913801, 0.4960937499986752819, 0.4980468749986673438, 0.4990234374986636801, 0.4995117187486616817, 0.4997558593736608490, 0.4999999999986599608, 0.5156249999986136645, 0.5234374999985906829, 0.5273437499985793586, 0.5292968749985734744, 0.5302734374985705879, 0.5307617187485692556, 0.5310058593735688115, 0.5312499999985683674, 0.5468749999985124122, 0.5546874999984848786, 0.5585937499984711119, 0.5605468749984645616, 0.5615234374984616750, 0.5620117187484600096, 0.5622558593734592325, 0.5624999999984584553, 0.5937499999983947285, 0.6093749999983627541, 0.6171874999983465448, 0.6210937499983389953, 0.6230468749983348875, 0.6240234374983330001, 0.6245117187483321120, 0.6247558593733315568, 0.6249999999983308907, 0.6874999999983746335, 0.7187499999983969490, 0.7343749999984083843, 0.7421874999984147125, 0.7460937499984177101, 0.7480468749984187093, 0.7490234374984194865, 0.7495117187484202637, 0.7497558593734208188, 0.7499999999984213739, 0.8124999999987746468, 0.8437499999989507282, 0.8593749999990385469, 0.8671874999990817345, 0.8710937499991024957, 0.8730468749991130428, 0.8740234374991183719, 0.8745117187491209254, 0.8749999999991235899, 1.000000000000000000 ),
 .UNSPECIFIED. ) ;
#2769 =( BOUNDED_SURFACE ( )  B_SPLINE_SURFACE ( 3, 2, ( 
 ( #3074, #651, #2838 ),
 ( #376, #3093, #1301 ),
 ( #954, #2232, #1581 ),
 ( #3115, #1934, #63 ) ),
 .UNSPECIFIED., .F., .F., .F. ) 
 B_SPLINE_SURFACE_WITH_KNOTS ( ( 4, 4 ),
 ( 3, 3 ),
 ( 0.2516986321774029589, 0.2537330097704564857 ),
 ( 0.000000000000000000, 1.000000000000000000 ),
 .UNSPECIFIED. ) 
 GEOMETRIC_REPRESENTATION_ITEM ( )  RATIONAL_B_SPLINE_SURFACE ( (
 ( 1.000000000000000000, 0.7080201203767340079, 1.000000000000000000),
 ( 1.000000000000000000, 0.7080198323239859093, 1.000000000000000000),
 ( 1.000000000000000000, 0.7080195437453040697, 1.000000000000000000),
 ( 1.000000000000000000, 0.7080192546378869523, 1.000000000000000000) ) ) 
 REPRESENTATION_ITEM ( '' )  SURFACE ( )  );
#2770 = CARTESIAN_POINT ( 'NONE',  ( 413.2747920340709129, 0.6022305126194517078, 282.7139406910380899 ) ) ;
#2771 = DIRECTION ( 'NONE',  ( -1.000000000000000000, 0.000000000000000000, 0.000000000000000000 ) ) ;
#2772 = CARTESIAN_POINT ( 'NONE',  ( 386.6666666647020065, -5.188915455063129123, 422.9413900255779595 ) ) ;
#2773 = CARTESIAN_POINT ( 'NONE',  ( 319.5942411229930258, -0.3850166723254629941, 222.3589784177644901 ) ) ;
#2774 = CARTESIAN_POINT ( 'NONE',  ( 386.6666666647020065, -3.915872789727390391, 234.1898982628685246 ) ) ;
#2775 = EDGE_LOOP ( 'NONE', ( #3092, #80, #2075, #26 ) ) ;
#2776 = LINE ( 'NONE', #688, #33 ) ;
#2777 = VECTOR ( 'NONE', #1084, 1000.000000000000000 ) ;
#2778 = LINE ( 'NONE', #1542, #1444 ) ;
#2779 = AXIS2_PLACEMENT_3D ( 'NONE', #3116, #2174, #1302 ) ;
#2780 = CARTESIAN_POINT ( 'NONE',  ( 193.3333333323510033, -3.397287876363840149E-11, 212.5133111311279777 ) ) ;
#2781 = VERTEX_POINT ( 'NONE', #3208 ) ;
#2782 = CARTESIAN_POINT ( 'NONE',  ( 413.5472901349919539, -4.252423945949103334, 331.2620335992682499 ) ) ;
#2783 = B_SPLINE_CURVE_WITH_KNOTS ( 'NONE', 3,
 ( #2988, #1775, #3883, #824, #1476, #1213, #842, #2688, #3863, #2385, #3344, #3623, #3641, #3602, #3919, #3284, #1811, #270, #602, #860, #3026, #2084, #3305, #287, #563, #1513, #2102, #2065, #2406, #1456, #1135, #1194, #1793, #3267, #3007, #1494, #525, #2347, #1830, #3564, #2727, #2045, #2426, #1156, #882, #1754, #3324, #901, #582, #3046, #2967, #233, #2367, #3583, #2445, #1847, #2762, #941, #3064, #2161, #921, #2787, #49, #8, #962, #2183, #3680, #1531, #28, #2142, #1251, #322, #2464, #1270, #3383, #3699, #342, #1229, #3364, #619 ),
 .UNSPECIFIED., .F., .F.,
 ( 4, 2, 2, 2, 1, 1, 1, 1, 1, 1, 2, 2, 2, 2, 2, 1, 1, 1, 1, 1, 1, 2, 2, 2, 2, 2, 1, 1, 1, 1, 1, 2, 2, 2, 2, 2, 1, 1, 1, 1, 2, 2, 2, 2, 2, 1, 1, 1, 2, 2, 2, 4 ),
 ( 0.000000000000000000, 0.2500000000007001066, 0.3750000000010501600, 0.4375000000012257417, 0.4687500000013130053, 0.4843750000013565815, 0.4921875000013770096, 0.4960937500013872237, 0.4980468750013932744, 0.4990234375013963830, 0.4995117187513968826, 0.5000000000013974377, 0.6250000000013572476, 0.6875000000013380408, 0.7187500000013279378, 0.7343750000013222756, 0.7421875000013198331, 0.7460937500013186119, 0.7480468750013180568, 0.7490234375013177237, 0.7495117187513182788, 0.7497558593763185009, 0.7500000000013187229, 0.8125000000011223245, 0.8437500000010237367, 0.8593750000009727774, 0.8671875000009485746, 0.8710937500009378054, 0.8730468750009331425, 0.8740234375009292567, 0.8745117187509294787, 0.8747558593759280354, 0.8750000000009265921, 0.9062500000006313838, 0.9218750000004841683, 0.9296875000004105605, 0.9335937500003741452, 0.9355468750003559375, 0.9365234375003459455, 0.9370117187503413936, 0.9372558593753400613, 0.9375000000003387290, 0.9531250000002537970, 0.9609375000002108314, 0.9648437500001896261, 0.9667968750001793010, 0.9677734375001741940, 0.9682617187501713074, 0.9685058593751696421, 0.9687500000001678657, 0.9843750000000839329, 1.000000000000000000 ),
 .UNSPECIFIED. ) ;
#2784 = CARTESIAN_POINT ( 'NONE',  ( 400.0000000000000000, 3.443088007130915340, 248.3429071604394949 ) ) ;
#2785 = VECTOR ( 'NONE', #1294, 1000.000000000000000 ) ;
#2786 = CARTESIAN_POINT ( 'NONE',  ( 312.0302616478664390, -5.418840673247210304, 301.6772533933485079 ) ) ;
#2787 = CARTESIAN_POINT ( 'NONE',  ( 333.1531444462943341, -2.043025649194813553, 223.6598795379262015 ) ) ;
#2788 = CARTESIAN_POINT ( 'NONE',  ( 412.4367263110788144, 0.7299899766904833776, 329.3666394225858767 ) ) ;
#2789 = CARTESIAN_POINT ( 'NONE',  ( 445.0185472759409890, -4.344605790377205068, 242.1247344305025138 ) ) ;
#2790 = VECTOR ( 'NONE', #2253, 1000.000000000000000 ) ;
#2791 = CARTESIAN_POINT ( 'NONE',  ( 411.4367886006619983, -4.398456471223419761, 281.0817145360105087 ) ) ;
#2792 = CARTESIAN_POINT ( 'NONE',  ( 422.5635835560375426, -4.372036219932679657, 293.5789377776295055 ) ) ;
#2793 = LINE ( 'NONE', #3704, #2589 ) ;
#2794 = CARTESIAN_POINT ( 'NONE',  ( 310.0370945548290251, 0.000000000000000000, 321.8817145493894714 ) ) ;
#2795 = PRODUCT_DEFINITION_CONTEXT ( 'detailed design', #1692, 'design' ) ;
#2796 = CARTESIAN_POINT ( 'NONE',  ( 579.9999999970530098, -3.437469927314834806, 398.5678462214045226 ) ) ;
#2797 = CARTESIAN_POINT ( 'NONE',  ( 319.6029119152204885, -0.5103552023666100279, 222.4710823828594926 ) ) ;
#2798 = VECTOR ( 'NONE', #1396, 1000.000000000000114 ) ;
#2799 = CARTESIAN_POINT ( 'NONE',  ( 386.6666666647020065, -0.3885889226291279752, 225.5030240003189874 ) ) ;
#2800 = VERTEX_POINT ( 'NONE', #1925 ) ;
#2801 = FACE_OUTER_BOUND ( 'NONE', #3746, .T. ) ;
#2802 = CARTESIAN_POINT ( 'NONE',  ( 310.0370945548290251, 5.540822629320910409, 367.5226900669029533 ) ) ;
#2803 = CARTESIAN_POINT ( 'NONE',  ( 0.000000000000000000, 10.61092084068729946, 215.5285796454809883 ) ) ;
#2804 = ORIENTED_EDGE ( 'NONE', *, *, #291, .T. ) ;
#2805 = DIRECTION ( 'NONE',  ( 0.000000000000000000, 0.000000000000000000, -1.000000000000000000 ) ) ;
#2806 = CARTESIAN_POINT ( 'NONE',  ( 333.0673296957448883, -0.9208271160906816855, 224.0803554901957853 ) ) ;
#2807 = CARTESIAN_POINT ( 'NONE',  ( 328.7964624590354674, 4.382191593558575349, 228.0960526613184811 ) ) ;
#2808 = VERTEX_POINT ( 'NONE', #3459 ) ;
#2809 = CARTESIAN_POINT ( 'NONE',  ( 412.4377277421334043, 0.7283800453023495658, 329.1078600370518075 ) ) ;
#2810 = ADVANCED_FACE ( 'NONE', ( #2907, #2304 ), #3820, .T. ) ;
#2811 = CARTESIAN_POINT ( 'NONE',  ( 320.8491768785104910, 3.443088007130915340, 258.9429071604395176 ) ) ;
#2812 = FACE_OUTER_BOUND ( 'NONE', #1905, .T. ) ;
#2813 = CARTESIAN_POINT ( 'NONE',  ( 413.2426756618983745, 0.6019237973438205103, 282.7428385392990435 ) ) ;
#2814 = CARTESIAN_POINT ( 'NONE',  ( 413.5139376113399976, -4.395581003786323215, 282.5163415215575924 ) ) ;
#2815 = VECTOR ( 'NONE', #2836, 1000.000000000000000 ) ;
#2816 = CARTESIAN_POINT ( 'NONE',  ( 386.6666666647020065, 4.294679108437769344, 369.1716850739570077 ) ) ;
#2817 = CARTESIAN_POINT ( 'NONE',  ( 324.1775837222024848, -0.2920865394642354618, 222.5993329820250040 ) ) ;
#2818 = FACE_OUTER_BOUND ( 'NONE', #1609, .T. ) ;
#2819 = VERTEX_POINT ( 'NONE', #2542 ) ;
#2820 = CARTESIAN_POINT ( 'NONE',  ( 415.2009869703718437, 0.5963590022829022841, 287.0694424055764671 ) ) ;
#2821 = CARTESIAN_POINT ( 'NONE',  ( 0.000000000000000000, -1.199999999999999956, 311.8817145493894714 ) ) ;
#2822 = CARTESIAN_POINT ( 'NONE',  ( 193.3333333323510033, 16.91444032200660175, 281.1003418505099489 ) ) ;
#2823 = ADVANCED_FACE ( 'NONE', ( #1647, #130 ), #465, .F. ) ;
#2824 = VERTEX_POINT ( 'NONE', #150 ) ;
#2825 = CARTESIAN_POINT ( 'NONE',  ( 339.3174794251249864, -0.2020362616947314893, 352.2934344160585169 ) ) ;
#2826 = CARTESIAN_POINT ( 'NONE',  ( 331.4207968065126124, -3.043777637873189335, 232.1480522318506416 ) ) ;
#2827 = CARTESIAN_POINT ( 'NONE',  ( 333.3700566296595298, 1.870490821160694983, 224.6712206584195144 ) ) ;
#2828 = DIRECTION ( 'NONE',  ( 0.000000000000000000, 1.000000000000000000, 0.000000000000000000 ) ) ;
#2829 = CARTESIAN_POINT ( 'NONE',  ( 327.7605383047937266, -1.457753874541923622, 225.0835959917627065 ) ) ;
#2830 = CARTESIAN_POINT ( 'NONE',  ( 315.0370945548290820, -4.660844606899526177, 301.8806961000209981 ) ) ;
#2831 = CARTESIAN_POINT ( 'NONE',  ( 414.5636050488209889, 0.5929636067297283653, 287.0817145493870157 ) ) ;
#2832 = CARTESIAN_POINT ( 'NONE',  ( 414.7568744183481613, -4.386767451353920322, 282.0817145493895168 ) ) ;
#2833 = CARTESIAN_POINT ( 'NONE',  ( 0.000000000000000000, -7.565368802876979437, 399.6270695293104609 ) ) ;
#2834 = EDGE_CURVE ( 'NONE', #1969, #1428, #1309, .T. ) ;
#2835 = CARTESIAN_POINT ( 'NONE',  ( 319.5969267893950132, -0.4298458092274100029, 222.3926376855694969 ) ) ;
#2836 = DIRECTION ( 'NONE',  ( 0.000000000000000000, -1.000000000000000000, 0.000000000000000000 ) ) ;
#2837 = ORIENTED_EDGE ( 'NONE', *, *, #434, .T. ) ;
#2838 = CARTESIAN_POINT ( 'NONE',  ( 310.0148049355214539, -4.538418015007649409, 301.8817145493895282 ) ) ;
#2839 = CARTESIAN_POINT ( 'NONE',  ( 433.8246278348260034, -5.739405486592350059, 332.6817145493894827 ) ) ;
#2840 = CARTESIAN_POINT ( 'NONE',  ( 0.000000000000000000, 3.638467315049534800, 401.2609511280014658 ) ) ;
#2841 = VECTOR ( 'NONE', #1572, 1000.000000000000000 ) ;
#2842 = ORIENTED_EDGE ( 'NONE', *, *, #762, .F. ) ;
#2843 = CARTESIAN_POINT ( 'NONE',  ( 418.4367889235230109, 7.299999999999999822, 0.000000000000000000 ) ) ;
#2844 = EDGE_CURVE ( 'NONE', #3904, #833, #1093, .T. ) ;
#2845 = VECTOR ( 'NONE', #3019, 1000.000000000000114 ) ;
#2846 = CARTESIAN_POINT ( 'NONE',  ( 331.8426500420147818, -2.695122593707386827, 230.0810519333598450 ) ) ;
#2847 = CARTESIAN_POINT ( 'NONE',  ( 324.2086878761065236, 4.621882756775249845, 228.2180285815014997 ) ) ;
#2848 = CARTESIAN_POINT ( 'NONE',  ( 315.0370945548290251, -6.498491360724469423, 304.4770995433730150 ) ) ;
#2849 = CARTESIAN_POINT ( 'NONE',  ( 327.6295207760009589, -1.690189267193420664, 225.7237778272519222 ) ) ;
#2850 = CARTESIAN_POINT ( 'NONE',  ( 412.4500646021871830, 0.5908485178450429975, 284.3155516094406039 ) ) ;
#2851 = CARTESIAN_POINT ( 'NONE',  ( 332.1583278286786367, 5.844765654915261344, 228.5368575498236225 ) ) ;
#2852 = CARTESIAN_POINT ( 'NONE',  ( 579.9999999970530098, -4.886162747044379806, 349.3334163557685201 ) ) ;
#2853 = CARTESIAN_POINT ( 'NONE',  ( 319.6392801548080342, -2.389344229370634842, 227.6442600488599908 ) ) ;
#2854 = CARTESIAN_POINT ( 'NONE',  ( 579.9999999970530098, -2.452747206727054999E-11, 238.5133111311284893 ) ) ;
#2855 = ORIENTED_EDGE ( 'NONE', *, *, #3936, .T. ) ;
#2856 = DIRECTION ( 'NONE',  ( 0.000000000000000000, -1.000000000000000000, 0.000000000000000000 ) ) ;
#2857 = EDGE_CURVE ( 'NONE', #2752, #3910, #2222, .T. ) ;
#2858 = CARTESIAN_POINT ( 'NONE',  ( 310.0370945548290251, -6.333855930140963153, 300.7725947717124768 ) ) ;
#2859 = CARTESIAN_POINT ( 'NONE',  ( 579.9999999970530098, 7.615257880408830005, 334.9895548652660295 ) ) ;
#2860 = ORIENTED_EDGE ( 'NONE', *, *, #933, .T. ) ;
#2861 = CARTESIAN_POINT ( 'NONE',  ( 412.4367920886087973, -4.271135163465827667, 329.1864729757717782 ) ) ;
#2862 = CARTESIAN_POINT ( 'NONE',  ( 333.1028471699484044, -0.8411760056277951536, 223.9063266488786326 ) ) ;
#2863 = CARTESIAN_POINT ( 'NONE',  ( 324.1926287656330032, 1.890682380368815085, 224.0682436228869960 ) ) ;
#2864 = PLANE ( 'NONE',  #244 ) ;
#2865 = FACE_OUTER_BOUND ( 'NONE', #1801, .T. ) ;
#2866 = CARTESIAN_POINT ( 'NONE',  ( 328.1441567047178864, 0.6563749341414831795, 223.1962876168121284 ) ) ;
#2867 = B_SPLINE_SURFACE_WITH_KNOTS ( 'NONE', 3, 3, ( 
 ( #1208, #936, #2780, #3652 ),
 ( #281, #1879, #1506, #1804 ),
 ( #614, #3316, #1842, #2418 ),
 ( #3635, #3096, #633, #2739 ),
 ( #3673, #65, #912, #1263 ),
 ( #3058, #894, #1223, #2 ),
 ( #2116, #3336, #1244, #2803 ),
 ( #317, #359, #1525, #3714 ),
 ( #594, #1825, #1543, #3040 ),
 ( #42, #1859, #2096, #2481 ),
 ( #2755, #20, #2458, #3076 ),
 ( #336, #3694, #956, #2175 ),
 ( #2517, #454, #1058, #2274 ),
 ( #1303, #2595, #2822, #1899 ),
 ( #3785, #750, #690, #2197 ),
 ( #3453, #1603, #2876, #83 ),
 ( #141, #3733, #3471, #999 ),
 ( #2215, #1361, #436, #3137 ),
 ( #3436, #3417, #2251, #1936 ),
 ( #2859, #103, #1920, #978 ),
 ( #3117, #3490, #1973, #1657 ),
 ( #1622, #378, #3156, #3197 ),
 ( #1324, #1676, #671, #3177 ),
 ( #1641, #122, #397, #2840 ),
 ( #2897, #731, #160, #1381 ),
 ( #2535, #3749, #1341, #1018 ),
 ( #2234, #709, #418, #2554 ),
 ( #3769, #1037, #1955, #2571 ),
 ( #257, #1995, #2974, #3291 ),
 ( #2335, #1782, #2034, #3255 ),
 ( #3829, #550, #2617, #1123 ),
 ( #2294, #1464, #2016, #2675 ),
 ( #1699, #3889, #812, #2995 ),
 ( #794, #3238, #2659, #849 ),
 ( #1163, #3869, #514, #1743 ),
 ( #495, #1482, #1425, #3849 ),
 ( #3217, #2936, #3808, #531 ),
 ( #1721, #239, #1443, #1082 ),
 ( #2374, #3510, #203, #773 ),
 ( #2638, #477, #2917, #1103 ),
 ( #182, #3590, #3550, #2071 ),
 ( #2955, #1404, #2314, #3531 ),
 ( #221, #1144, #1761, #2355 ),
 ( #3274, #3571, #830, #2052 ),
 ( #3035, #2476, #3908, #931 ),
 ( #3355, #610, #1203, #3015 ),
 ( #38, #16, #1559, #1259 ),
 ( #1875, #3091, #1837, #354 ),
 ( #1500, #3946, #2111, #1799 ),
 ( #293, #3691, #313, #1181 ),
 ( #1520, #2412, #2151, #3669 ),
 ( #649, #908, #2130, #951 ),
 ( #3395, #2715, #1218, #3648 ),
 ( #276, #3629, #2433, #1239 ),
 ( #2454, #3054, #1539, #3373 ),
 ( #2734, #2751, #629, #1855 ),
 ( #3610, #2171, #3311, #3071 ),
 ( #332, #2774, #2695, #2393 ),
 ( #868, #1818, #2090, #569 ),
 ( #3927, #888, #3331, #589 ),
 ( #1053, #1894, #3193, #3412 ),
 ( #99, #2799, #2550, #60 ),
 ( #2854, #686, #3432, #1579 ) ),
 .UNSPECIFIED., .T., .F., .F.,
 ( 4, 1, 1, 1, 1, 1, 1, 1, 1, 1, 1, 1, 1, 1, 1, 1, 1, 1, 1, 1, 1, 1, 1, 1, 1, 1, 1, 1, 1, 1, 1, 1, 1, 1, 1, 1, 1, 1, 1, 1, 1, 1, 1, 1, 1, 1, 1, 1, 1, 1, 1, 1, 1, 1, 1, 1, 1, 1, 1, 1, 4 ),
 ( 4, 4 ),
 ( 0.000000000000000000, 0.003860322318652629689, 0.009394797800600040993, 0.01667682966515770041, 0.02574601821153910119, 0.03660292795654349757, 0.04920899649386040187, 0.06349082326102040152, 0.07934674930367070778, 0.09664596362268919327, 0.1152362930771428096, 0.1349489434337971805, 0.1556634120433915136, 0.1773331524001590109, 0.1998829210885899876, 0.2232120323077090018, 0.2472101962221454896, 0.2717419340733749911, 0.2965571596970340007, 0.3213261058738799969, 0.3457060309687294830, 0.3693717206835470113, 0.3919905574059650011, 0.4132492025566900096, 0.4328580350888564521, 0.4505322894011319912, 0.4660166644726880247, 0.4791302729403160154, 0.4897712402210450122, 0.4977451439687690105, 0.5027415987227940031, 0.5044506879271150046, 0.5061687141980230065, 0.5111726415984220173, 0.5191493344995529169, 0.5297856188872960281, 0.5429192827985859227, 0.5584900536828429907, 0.5763877949385060040, 0.5963681263741109628, 0.6181950463317679167, 0.6415931759684510016, 0.6662720753110369376, 0.6919362323365959577, 0.7182704540732930409, 0.7449493915174509873, 0.7716573823196639648, 0.7980689496398100102, 0.8238682316128339567, 0.8487443405748119618, 0.8724112732714409679, 0.8945985341559139492, 0.9150565674164560237, 0.9335822461452389920, 0.9499859994824330078, 0.9641230260458010237, 0.9759079492932849487, 0.9852880743758859472, 0.9922841994269310240, 0.9970173798615490357, 1.000000000000000000 ),
 ( 0.000000000000000000, 1.000000000000000000 ),
 .UNSPECIFIED. ) ;
#2868 = CARTESIAN_POINT ( 'NONE',  ( 0.000000000000000000, 7.299999999999999822, 330.6817145493894827 ) ) ;
#2869 = CARTESIAN_POINT ( 'NONE',  ( 332.7183724448204316, 4.255314525240382117, 225.7901783866617222 ) ) ;
#2870 = CARTESIAN_POINT ( 'NONE',  ( 193.3333333323510033, -6.836737455847010203, 354.0694408174595083 ) ) ;
#2871 = CARTESIAN_POINT ( 'NONE',  ( 324.2199234432300159, -1.622083870343529854, 225.2959471533694966 ) ) ;
#2872 = CARTESIAN_POINT ( 'NONE',  ( 445.0185472759409890, 0.000000000000000000, 0.000000000000000000 ) ) ;
#2873 = DIRECTION ( 'NONE',  ( 0.000000000000000000, 0.000000000000000000, 1.000000000000000000 ) ) ;
#2874 = CARTESIAN_POINT ( 'NONE',  ( 417.4226967102077879, 0.6145891006975298110, 284.8557758663278037 ) ) ;
#2875 = CARTESIAN_POINT ( 'NONE',  ( 414.4866493508824874, -5.661441386074959503, 361.5832116066670210 ) ) ;
#2876 = CARTESIAN_POINT ( 'NONE',  ( 193.3333333323510033, 16.15044311579105241, 301.6248522783864701 ) ) ;
#2877 = PLANE ( 'NONE',  #1783 ) ;
#2878 = EDGE_LOOP ( 'NONE', ( #678, #3787, #295, #1182 ) ) ;
#2879 = CYLINDRICAL_SURFACE ( 'NONE', #3801, 3.300000000000025135 ) ;
#2880 = CARTESIAN_POINT ( 'NONE',  ( 579.9999999970530098, 10.96949398281570076, 268.3083701022954983 ) ) ;
#2881 = CARTESIAN_POINT ( 'NONE',  ( 332.7619969166616443, -1.507916731247110453, 225.5764278025318674 ) ) ;
#2882 = CARTESIAN_POINT ( 'NONE',  ( 324.1947945670760305, 2.169013127239079797, 224.3955820351700083 ) ) ;
#2883 = ADVANCED_FACE ( 'NONE', ( #2865 ), #1395, .T. ) ;
#2884 = CIRCLE ( 'NONE', #3517, 2.000000000000001776 ) ;
#2885 = CARTESIAN_POINT ( 'NONE',  ( 433.8917096964505049, -4.277124133217294677, 280.5249738627809961 ) ) ;
#2886 = DIRECTION ( 'NONE',  ( 9.682177540335662220E-15, 0.000000000000000000, 1.000000000000000000 ) ) ;
#2887 = CARTESIAN_POINT ( 'NONE',  ( 327.4430140943676975, -1.980182906128650888, 226.6343132782431269 ) ) ;
#2888 = CYLINDRICAL_SURFACE ( 'NONE', #3303, 3.000000000000002665 ) ;
#2889 = CARTESIAN_POINT ( 'NONE',  ( 333.3804895682561664, 1.323525660187421016, 222.5459317419189631 ) ) ;
#2890 = CARTESIAN_POINT ( 'NONE',  ( 386.6666666647020065, -6.022437639439080392, 326.2649298393704953 ) ) ;
#2891 = EDGE_CURVE ( 'NONE', #375, #3947, #2992, .T. ) ;
#2892 = CARTESIAN_POINT ( 'NONE',  ( 333.3952183592605252, -1.288471532699440036, 225.0215555599540096 ) ) ;
#2893 = CARTESIAN_POINT ( 'NONE',  ( 312.0217521449479818, -6.528173541363850418, 299.8868797000139921 ) ) ;
#2894 = DIRECTION ( 'NONE',  ( 0.000000000000000000, 1.000000000000000000, 0.000000000000000000 ) ) ;
#2895 = CARTESIAN_POINT ( 'NONE',  ( 417.4366215385562100, 0.6155836103785427005, 284.6126358625984381 ) ) ;
#2896 = DIRECTION ( 'NONE',  ( 0.000000000000000000, -1.000000000000000000, 0.000000000000000000 ) ) ;
#2897 = CARTESIAN_POINT ( 'NONE',  ( 579.9999999970530098, 1.086029542440168250, 373.4542763322204451 ) ) ;
#2898 = DIRECTION ( 'NONE',  ( -0.07632546015824638597, 0.000000000000000000, -0.9970829574973347764 ) ) ;
#2899 = CARTESIAN_POINT ( 'NONE',  ( 445.0185472759409890, 11.48688973497294086, 256.7289402586025062 ) ) ;
#2900 = ORIENTED_EDGE ( 'NONE', *, *, #1854, .F. ) ;
#2901 = CARTESIAN_POINT ( 'NONE',  ( 417.4369387205801445, 0.7533511011474092189, 329.0013335461679276 ) ) ;
#2902 = CARTESIAN_POINT ( 'NONE',  ( 579.9999999970530098, 10.96806314987765951, 310.6656409606849820 ) ) ;
#2903 = CARTESIAN_POINT ( 'NONE',  ( 331.2536019920818831, 6.506267813877343542, 232.9672748956828059 ) ) ;
#2904 = CARTESIAN_POINT ( 'NONE',  ( 328.7614151790099868, 0.05675845808092910144, 222.8433144938654777 ) ) ;
#2905 = CARTESIAN_POINT ( 'NONE',  ( 433.8918761646405073, -4.315624906675459727, 289.3078708348900250 ) ) ;
#2906 = CARTESIAN_POINT ( 'NONE',  ( 315.0370945548290251, -6.498491360724469423, 304.4770995433730150 ) ) ;
#2907 = FACE_BOUND ( 'NONE', #2997, .T. ) ;
#2908 = CARTESIAN_POINT ( 'NONE',  ( 327.7011033938827609, 2.746252766174890336, 225.3698070421807245 ) ) ;
#2909 = EDGE_CURVE ( 'NONE', #2819, #259, #3606, .T. ) ;
#2910 = AXIS2_PLACEMENT_3D ( 'NONE', #749, #3828, #453 ) ;
#2911 = DIRECTION ( 'NONE',  ( 0.000000000000000000, 1.000000000000000000, 0.000000000000000000 ) ) ;
#2912 = CARTESIAN_POINT ( 'NONE',  ( 331.6719632499405748, 6.957673671329565046, 230.9173846209136514 ) ) ;
#2913 = CARTESIAN_POINT ( 'NONE',  ( 193.3333333323510033, -6.642773502515780137, 388.2232343896969837 ) ) ;
#2914 = CARTESIAN_POINT ( 'NONE',  ( 333.4043105685939850, -2.248732755114494886, 228.0525685642610085 ) ) ;
#2915 = CARTESIAN_POINT ( 'NONE',  ( 312.0225110482443824, -6.429383553122545614, 300.5161685410713517 ) ) ;
#2916 = FACE_OUTER_BOUND ( 'NONE', #1501, .T. ) ;
#2917 = CARTESIAN_POINT ( 'NONE',  ( 193.3333333323510033, -6.543366302362839448, 407.5854026889500119 ) ) ;
#2918 = CARTESIAN_POINT ( 'NONE',  ( 310.0370945548290251, -6.538323494046630380, 299.8868844838020209 ) ) ;
#2919 = CARTESIAN_POINT ( 'NONE',  ( 310.7037612215160607, -4.534894548618160215, 301.8817145493895282 ) ) ;
#2920 = ORIENTED_EDGE ( 'NONE', *, *, #1024, .F. ) ;
#2921 = CARTESIAN_POINT ( 'NONE',  ( 415.1836383115056606, 0.7274406483161561798, 326.6817145493894827 ) ) ;
#2922 = CARTESIAN_POINT ( 'NONE',  ( 193.3333333323510033, 3.685149208709674884, 215.2350108880430071 ) ) ;
#2923 = CARTESIAN_POINT ( 'NONE',  ( 333.1523971115361746, 0.8143653797104430936, 223.6635413969645185 ) ) ;
#2924 = LINE ( 'NONE', #3876, #52 ) ;
#2925 = ORIENTED_EDGE ( 'NONE', *, *, #3226, .F. ) ;
#2926 = CARTESIAN_POINT ( 'NONE',  ( 314.2154100364600708, -6.510841524600145647, 302.0410831053723086 ) ) ;
#2927 = CARTESIAN_POINT ( 'NONE',  ( 319.6297003702779875, 7.526319158828099987, 234.8999407904250063 ) ) ;
#2928 = CARTESIAN_POINT ( 'NONE',  ( 325.9297526495194006, 7.077460369465610412, 234.0490599550132913 ) ) ;
#2929 = DIRECTION ( 'NONE',  ( 0.000000000000000000, 0.000000000000000000, -1.000000000000000000 ) ) ;
#2930 = CARTESIAN_POINT ( 'NONE',  ( 331.7608957753271284, 6.767009556794135960, 230.4817113604248107 ) ) ;
#2931 = ADVANCED_FACE ( 'NONE', ( #643 ), #2186, .T. ) ;
#2932 = CARTESIAN_POINT ( 'NONE',  ( 445.0185472759409890, -5.822436841133850294, 281.0817145493894600 ) ) ;
#2933 = CARTESIAN_POINT ( 'NONE',  ( 319.6337673154225172, -1.923629663202824913, 225.8706689157860126 ) ) ;
#2934 = CARTESIAN_POINT ( 'NONE',  ( 417.3381157500066934, 0.6125588575016381876, 285.2961324606403082 ) ) ;
#2935 = DIRECTION ( 'NONE',  ( -1.000000000000000000, 0.000000000000000000, 0.000000000000000000 ) ) ;
#2936 = CARTESIAN_POINT ( 'NONE',  ( 386.6666666647020065, -5.420512167452220531, 412.1310864783854981 ) ) ;
#2937 = LINE ( 'NONE', #204, #220 ) ;
#2938 = CARTESIAN_POINT ( 'NONE',  ( 445.0185472759409890, 6.125683841410269892, 237.1002955301309782 ) ) ;
#2939 = EDGE_LOOP ( 'NONE', ( #3585, #1992, #1465, #2717 ) ) ;
#2940 = CARTESIAN_POINT ( 'NONE',  ( 417.4367795467833275, 0.7545237052556563739, 329.1890516426879572 ) ) ;
#2941 = CARTESIAN_POINT ( 'NONE',  ( 386.6666666647020065, 14.37424184543501937, 276.2848736422494653 ) ) ;
#2942 = AXIS2_PLACEMENT_3D ( 'NONE', #2438, #2499, #1283 ) ;
#2943 = CARTESIAN_POINT ( 'NONE',  ( 331.4147150185839905, 6.190413086409209953, 232.1778518313457766 ) ) ;
#2944 = EDGE_CURVE ( 'NONE', #3295, #2399, #3645, .T. ) ;
#2945 = DIRECTION ( 'NONE',  ( 0.000000000000000000, -1.000000000000000000, -1.576542137387264761E-16 ) ) ;
#2946 = CARTESIAN_POINT ( 'NONE',  ( 314.7288625277754477, -6.505218409461241968, 302.9798608678800065 ) ) ;
#2947 = CARTESIAN_POINT ( 'NONE',  ( 319.6312172985250299, 8.104803149372509452, 236.7133822345655005 ) ) ;
#2948 = CARTESIAN_POINT ( 'NONE',  ( 325.0816429827478942, 8.428696406161744648, 238.2049057360444522 ) ) ;
#2949 = LINE ( 'NONE', #2868, #3101 ) ;
#2950 = LINE ( 'NONE', #1158, #2693 ) ;
#2951 = CARTESIAN_POINT ( 'NONE',  ( 386.6666666647020065, -5.975492132353130259, 266.5706856483419642 ) ) ;
#2952 = CARTESIAN_POINT ( 'NONE',  ( 319.6464418196745214, -3.479326892156109796, 234.2032508124904950 ) ) ;
#2953 = CARTESIAN_POINT ( 'NONE',  ( 313.8733731079371978, -6.476254811945949541, 311.2863545732104740 ) ) ;
#2954 = DIRECTION ( 'NONE',  ( 1.000000000000000000, 0.000000000000000000, 0.000000000000000000 ) ) ;
#2955 = CARTESIAN_POINT ( 'NONE',  ( 579.9999999970530098, -4.797582901793369992, 365.4155641104705410 ) ) ;
#2956 = PLANE ( 'NONE',  #3343 ) ;
#2957 = CARTESIAN_POINT ( 'NONE',  ( 445.0185472759409890, 7.632366133110119577, 240.9566502246219954 ) ) ;
#2958 = ORIENTED_EDGE ( 'NONE', *, *, #3226, .T. ) ;
#2959 = CARTESIAN_POINT ( 'NONE',  ( 416.7467933878497206, 0.7402239379688420051, 327.4571573918050831 ) ) ;
#2960 = CARTESIAN_POINT ( 'NONE',  ( 579.9999999970530098, 6.728921447716420090, 248.6694027102820144 ) ) ;
#2961 = CARTESIAN_POINT ( 'NONE',  ( 332.3268904188554416, 4.031483840118625039, 227.7083665555202288 ) ) ;
#2962 = DIRECTION ( 'NONE',  ( 1.000000000000000000, 0.000000000000000000, 0.000000000000000000 ) ) ;
#2963 = CARTESIAN_POINT ( 'NONE',  ( 323.0125264917579671, 14.04308800713092076, 248.3429071604392391 ) ) ;
#2964 = CARTESIAN_POINT ( 'NONE',  ( 328.8147219633239615, 10.76078095767896059, 248.2703951119384840 ) ) ;
#2965 = EDGE_CURVE ( 'NONE', #769, #2217, #1834, .T. ) ;
#2966 = CARTESIAN_POINT ( 'NONE',  ( 327.2633569932257274, 4.122303556599575813, 227.5145971886984455 ) ) ;
#2967 = CARTESIAN_POINT ( 'NONE',  ( 332.9491006981839405, -2.446739426854797728, 224.6644861056500133 ) ) ;
#2968 = AXIS2_PLACEMENT_3D ( 'NONE', #2479, #357, #3135 ) ;
#2969 = DIRECTION ( 'NONE',  ( 0.000000000000000000, -1.000000000000000000, 0.000000000000000000 ) ) ;
#2970 = CARTESIAN_POINT ( 'NONE',  ( 193.3333333323510033, -7.079803176567100564, 270.4717163648859923 ) ) ;
#2971 = CARTESIAN_POINT ( 'NONE',  ( 319.6522579648109854, -5.033301608851299846, 261.0935275010189685 ) ) ;
#2972 = VECTOR ( 'NONE', #3057, 1000.000000000000000 ) ;
#2973 = CARTESIAN_POINT ( 'NONE',  ( 324.1781460581555052, 0.2187010163163910226, 222.6143234279610112 ) ) ;
#2974 = CARTESIAN_POINT ( 'NONE',  ( 193.3333333323510033, -3.838522145386324969, 429.4299400882139821 ) ) ;
#2975 = ORIENTED_EDGE ( 'NONE', *, *, #3394, .F. ) ;
#2976 = CARTESIAN_POINT ( 'NONE',  ( 445.0185472759409890, 8.637704689071320274, 338.8663986191730260 ) ) ;
#2977 = ORIENTED_EDGE ( 'NONE', *, *, #1528, .T. ) ;
#2978 = CARTESIAN_POINT ( 'NONE',  ( 417.4235968635786662, -4.247279408150053115, 328.9174525811939702 ) ) ;
#2979 = EDGE_CURVE ( 'NONE', #769, #3520, #2448, .T. ) ;
#2980 = CARTESIAN_POINT ( 'NONE',  ( 579.9999999970530098, 3.601999506163845233, 359.0013333867894403 ) ) ;
#2981 = CARTESIAN_POINT ( 'NONE',  ( 333.2345139404204133, 0.2774512554980740342, 223.2611846161453855 ) ) ;
#2982 = CARTESIAN_POINT ( 'NONE',  ( 310.0370945548290251, -3.525667192811749562, 0.000000000000000000 ) ) ;
#2983 = CARTESIAN_POINT ( 'NONE',  ( 312.5535047543713176, -6.524288399048748133, 300.3249947909563957 ) ) ;
#2984 = CARTESIAN_POINT ( 'NONE',  ( 324.2144659242169951, 6.177245526819659993, 231.6180807041695005 ) ) ;
#2985 = CARTESIAN_POINT ( 'NONE',  ( 328.0319524013722798, 1.323411620567124913, 223.7486779824757264 ) ) ;
#2986 = EDGE_LOOP ( 'NONE', ( #1805, #1377, #3474, #2606 ) ) ;
#2987 = VECTOR ( 'NONE', #2342, 1000.000000000000000 ) ;
#2988 = CARTESIAN_POINT ( 'NONE',  ( 324.8370945548290365, -6.265113345688929414, 264.4069360666575221 ) ) ;
#2989 = CARTESIAN_POINT ( 'NONE',  ( 415.7768724351454921, 0.7405482141768159332, 328.3243611835914635 ) ) ;
#2990 = ORIENTED_EDGE ( 'NONE', *, *, #3304, .T. ) ;
#2991 = CARTESIAN_POINT ( 'NONE',  ( 310.0370945548290251, -6.492721997814470569, 311.8817145493894714 ) ) ;
#2992 = LINE ( 'NONE', #2069, #97 ) ;
#2993 = CARTESIAN_POINT ( 'NONE',  ( 319.5894321261424693, 0.2217045870757589909, 222.3067336622855237 ) ) ;
#2994 = DIRECTION ( 'NONE',  ( 0.000000000000000000, 0.000000000000000000, 1.000000000000000000 ) ) ;
#2995 = CARTESIAN_POINT ( 'NONE',  ( 0.000000000000000000, -6.862733592760259071, 460.6268946760310428 ) ) ;
#2996 = ORIENTED_EDGE ( 'NONE', *, *, #3394, .T. ) ;
#2997 = EDGE_LOOP ( 'NONE', ( #1956, #2555, #300, #1795, #2486, #996, #3277, #710 ) ) ;
#2998 = CARTESIAN_POINT ( 'NONE',  ( 417.1075899281702277, -4.239415414210965238, 330.4655430351778591 ) ) ;
#2999 = DIRECTION ( 'NONE',  ( 2.291558898245094264E-08, 0.000000000000000000, -0.9999999999999997780 ) ) ;
#3000 = CARTESIAN_POINT ( 'NONE',  ( 390.3763714963880034, -0.4732832648208230020, 363.4288233864594986 ) ) ;
#3001 = CARTESIAN_POINT ( 'NONE',  ( 417.3955312980889403, -4.386618465828430402, 285.1400219602502943 ) ) ;
#3002 = CARTESIAN_POINT ( 'NONE',  ( 319.6365705994689961, 10.48012594250295848, 245.9653148096560074 ) ) ;
#3003 = AXIS2_PLACEMENT_3D ( 'NONE', #393, #3710, #1357 ) ;
#3004 = EDGE_CURVE ( 'NONE', #903, #1623, #2731, .T. ) ;
#3005 = CARTESIAN_POINT ( 'NONE',  ( 418.4367889235230109, -4.261987833039300178, 325.6817145493894827 ) ) ;
#3006 = VERTEX_POINT ( 'NONE', #1293 ) ;
#3007 = CARTESIAN_POINT ( 'NONE',  ( 332.0139410396196240, -3.765974431185462379, 229.2353719457852037 ) ) ;
#3008 = CARTESIAN_POINT ( 'NONE',  ( 412.3910925798505218, 0.7449754081480890466, 331.7834658406029575 ) ) ;
#3009 = ORIENTED_EDGE ( 'NONE', *, *, #3854, .F. ) ;
#3010 = CARTESIAN_POINT ( 'NONE',  ( 0.000000000000000000, -1.924238009432645002, 200.1133443086089869 ) ) ;
#3011 = CARTESIAN_POINT ( 'NONE',  ( 328.8298613007554536, -5.058413163855199457, 265.2520899772985672 ) ) ;
#3012 = CIRCLE ( 'NONE', #1291, 2.000000000000001776 ) ;
#3013 = EDGE_CURVE ( 'NONE', #3021, #2740, #2147, .T. ) ;
#3014 = CARTESIAN_POINT ( 'NONE',  ( 328.7683724148389501, 0.2847389549605129910, 222.9659351751600127 ) ) ;
#3015 = CARTESIAN_POINT ( 'NONE',  ( 0.000000000000000000, -7.875199188317401067, 346.8394967070635175 ) ) ;
#3016 = EDGE_LOOP ( 'NONE', ( #776, #394, #2706, #1342 ) ) ;
#3017 = ORIENTED_EDGE ( 'NONE', *, *, #3144, .T. ) ;
#3018 = CARTESIAN_POINT ( 'NONE',  ( 319.3758862322689538, -0.6534755244859450363, 353.8199385702899917 ) ) ;
#3019 = DIRECTION ( 'NONE',  ( -0.07632546015824470675, 0.000000000000000000, -0.9970829574973348874 ) ) ;
#3020 = CARTESIAN_POINT ( 'NONE',  ( 400.0000000000000000, 3.443088007130915340, 248.3429071604394949 ) ) ;
#3021 = VERTEX_POINT ( 'NONE', #2791 ) ;
#3022 = CARTESIAN_POINT ( 'NONE',  ( 417.4276588809625537, -4.383500401004273073, 284.3639163680559818 ) ) ;
#3023 = CARTESIAN_POINT ( 'NONE',  ( 324.2119776181899624, 5.443198746507150076, 229.8890619109130284 ) ) ;
#3024 = CARTESIAN_POINT ( 'NONE',  ( 330.3419797264648423, -3.719391012696499743, 237.4340499173260923 ) ) ;
#3025 = CARTESIAN_POINT ( 'NONE',  ( 315.0370945548286272, -6.031228994391257814, 301.1898912053023309 ) ) ;
#3026 = CARTESIAN_POINT ( 'NONE',  ( 330.8530208425354999, -4.645912054429262028, 234.9276535161579318 ) ) ;
#3027 = CARTESIAN_POINT ( 'NONE',  ( 418.4367889235230109, -4.261987833039300178, 325.6817145493894827 ) ) ;
#3028 = ORIENTED_EDGE ( 'NONE', *, *, #2059, .T. ) ;
#3029 = ADVANCED_FACE ( 'NONE', ( #54 ), #326, .F. ) ;
#3030 = CARTESIAN_POINT ( 'NONE',  ( 325.9555376546559273, -3.359883861449604048, 233.9213424843552787 ) ) ;
#3031 = CARTESIAN_POINT ( 'NONE',  ( 319.6505948178199787, -4.468384318175170122, 245.6801413392809934 ) ) ;
#3032 = AXIS2_PLACEMENT_3D ( 'NONE', #1535, #926, #2765 ) ;
#3033 = CARTESIAN_POINT ( 'NONE',  ( 333.3461237385424738, -0.01375843668528734139, 223.1322253508154745 ) ) ;
#3034 = APPLICATION_PROTOCOL_DEFINITION ( 'draft international standard', 'automotive_design', 1998, #1692 ) ;
#3035 = CARTESIAN_POINT ( 'NONE',  ( 579.9999999970530098, -4.937668687604560347, 340.7488106811250077 ) ) ;
#3036 = VERTEX_POINT ( 'NONE', #1216 ) ;
#3037 = ORIENTED_EDGE ( 'NONE', *, *, #1735, .F. ) ;
#3038 = CARTESIAN_POINT ( 'NONE',  ( 418.4367889235230109, -4.251649758952101621, 327.3483812160561115 ) ) ;
#3039 = FACE_OUTER_BOUND ( 'NONE', #1616, .T. ) ;
#3040 = CARTESIAN_POINT ( 'NONE',  ( 0.000000000000000000, 14.38374267723913924, 229.2296430974215014 ) ) ;
#3041 = EDGE_LOOP ( 'NONE', ( #890, #2676, #3179, #1598, #43, #2408, #333, #719 ) ) ;
#3042 = CARTESIAN_POINT ( 'NONE',  ( 416.7083587853347240, -4.393983454824376800, 286.3456768752560038 ) ) ;
#3043 = LINE ( 'NONE', #2742, #3607 ) ;
#3044 = CARTESIAN_POINT ( 'NONE',  ( 315.0370945548290251, -9.528025460340261432, 299.8477268861294647 ) ) ;
#3045 = ORIENTED_EDGE ( 'NONE', *, *, #1355, .T. ) ;
#3046 = CARTESIAN_POINT ( 'NONE',  ( 332.8176726174998521, -2.688239591794354677, 225.3069178396941084 ) ) ;
#3047 = DIRECTION ( 'NONE',  ( -1.000000000000000000, 0.000000000000000000, 0.000000000000000000 ) ) ;
#3048 = ORIENTED_EDGE ( 'NONE', *, *, #1810, .F. ) ;
#3049 = DIRECTION ( 'NONE',  ( 0.000000000000000000, 0.000000000000000000, 1.000000000000000000 ) ) ;
#3050 = CYLINDRICAL_SURFACE ( 'NONE', #284, 2.500000000000002220 ) ;
#3051 = ADVANCED_FACE ( 'NONE', ( #1592 ), #369, .T. ) ;
#3052 = CARTESIAN_POINT ( 'NONE',  ( 193.3333333323510033, 1.503725608321299978, 399.3537027180360042 ) ) ;
#3053 = CARTESIAN_POINT ( 'NONE',  ( 328.7560892023074643, -0.03699566807520039691, 222.8216567273305202 ) ) ;
#3054 = CARTESIAN_POINT ( 'NONE',  ( 386.6666666647025181, -5.483459774955860233, 251.0186217847534920 ) ) ;
#3055 = ORIENTED_EDGE ( 'NONE', *, *, #2834, .F. ) ;
#3056 = PLANE ( 'NONE',  #362 ) ;
#3057 = DIRECTION ( 'NONE',  ( 0.9970796596427952130, 0.002571963139560275256, -0.07632520771158350648 ) ) ;
#3058 = CARTESIAN_POINT ( 'NONE',  ( 579.9999999970530098, 5.400585436222890223, 245.2695254820145010 ) ) ;
#3059 = ORIENTED_EDGE ( 'NONE', *, *, #762, .T. ) ;
#3060 = CARTESIAN_POINT ( 'NONE',  ( 416.7350027190780111, -4.393767889712500541, 286.3185759462408555 ) ) ;
#3061 = ADVANCED_FACE ( 'NONE', ( #3662 ), #3050, .F. ) ;
#3062 = CARTESIAN_POINT ( 'NONE',  ( 329.7418049136714444, -3.996586303033603293, 240.3747918929429943 ) ) ;
#3063 = CARTESIAN_POINT ( 'NONE',  ( 312.0248619168534674, -6.122771221694329746, 301.0960826995165007 ) ) ;
#3064 = CARTESIAN_POINT ( 'NONE',  ( 333.1497124388684483, -2.050322149717951348, 223.6767067919771250 ) ) ;
#3065 = CARTESIAN_POINT ( 'NONE',  ( 413.7851075472903517, 0.7497865573640926096, 331.4246561220822400 ) ) ;
#3066 = CARTESIAN_POINT ( 'NONE',  ( 327.4190114313560116, -2.014929849572511422, 226.7515252946006399 ) ) ;
#3067 = DIRECTION ( 'NONE',  ( 0.000000000000000000, 0.000000000000000000, -1.000000000000000000 ) ) ;
#3068 = CARTESIAN_POINT ( 'NONE',  ( 412.4419612925771617, 0.5903976413649428823, 284.4174122910337701 ) ) ;
#3069 = CARTESIAN_POINT ( 'NONE',  ( 0.000000000000000000, -6.223998622485599874, 456.3664685701569965 ) ) ;
#3070 = CARTESIAN_POINT ( 'NONE',  ( 319.6087611975850109, -0.5917287029499500584, 222.5632528789030005 ) ) ;
#3071 = CARTESIAN_POINT ( 'NONE',  ( 0.000000000000000000, -6.040101761588160478, 217.1525123588349686 ) ) ;
#3072 = B_SPLINE_CURVE_WITH_KNOTS ( 'NONE', 3,
 ( #801, #3299, #875, #3858 ),
 .UNSPECIFIED., .F., .F.,
 ( 4, 4 ),
 ( 0.1080346713747009912, 0.1416168795950451809 ),
 .UNSPECIFIED. ) ;
#3073 = ORIENTED_EDGE ( 'NONE', *, *, #2127, .F. ) ;
#3074 = CARTESIAN_POINT ( 'NONE',  ( 310.0250331851879650, -6.538385178334800152, 299.8868845128225189 ) ) ;
#3075 = CARTESIAN_POINT ( 'NONE',  ( 327.0112339727998574, 11.75540942412817635, 253.7540680838956746 ) ) ;
#3076 = CARTESIAN_POINT ( 'NONE',  ( 0.000000000000000000, 17.29793299244945004, 246.4975142672710149 ) ) ;
#3077 = ORIENTED_EDGE ( 'NONE', *, *, #174, .F. ) ;
#3078 = CARTESIAN_POINT ( 'NONE',  ( 414.6161376619741077, -4.275468558298504362, 326.6817145493894827 ) ) ;
#3079 = DIRECTION ( 'NONE',  ( 0.9970796596427953240, 0.002571963139560341175, -0.07632520771158181339 ) ) ;
#3080 = CARTESIAN_POINT ( 'NONE',  ( 312.0321412877199805, -5.173803301098620189, 301.7757658519674919 ) ) ;
#3081 = CARTESIAN_POINT ( 'NONE',  ( 310.0370945548290251, -6.202253342113349888, 360.2671834135815061 ) ) ;
#3082 = CARTESIAN_POINT ( 'NONE',  ( 321.6656500370165190, -0.6534755244859450363, 383.7324272952100159 ) ) ;
#3083 = ORIENTED_EDGE ( 'NONE', *, *, #1880, .F. ) ;
#3084 = CARTESIAN_POINT ( 'NONE',  ( 326.3664561407560427, -3.070012482147779664, 231.9092927736011518 ) ) ;
#3085 = CARTESIAN_POINT ( 'NONE',  ( 315.0370945548290251, -4.859927953821999935, 304.8817145471790582 ) ) ;
#3086 = DIRECTION ( 'NONE',  ( 0.000000000000000000, -1.000000000000000000, 0.000000000000000000 ) ) ;
#3087 = CARTESIAN_POINT ( 'NONE',  ( 414.0312763471275730, 0.6084343243343560692, 282.2457283335693319 ) ) ;
#3088 = LINE ( 'NONE', #1576, #3580 ) ;
#3089 = CARTESIAN_POINT ( 'NONE',  ( 193.3333333323510033, -2.727339546889205213, 423.3996006684710096 ) ) ;
#3090 = CARTESIAN_POINT ( 'NONE',  ( 328.7716689870195523, -0.3770262594980720028, 222.9732442464039934 ) ) ;
#3091 = CARTESIAN_POINT ( 'NONE',  ( 386.6666666647020065, -6.083877520582039899, 315.6127975168554940 ) ) ;
#3092 = ORIENTED_EDGE ( 'NONE', *, *, #2596, .T. ) ;
#3093 = CARTESIAN_POINT ( 'NONE',  ( 310.7031241019652157, -6.529762223292127743, 301.8817145492388931 ) ) ;
#3094 = CARTESIAN_POINT ( 'NONE',  ( 310.0370945548290251, 5.188293643597219784, 369.5786951049935283 ) ) ;
#3095 = PRODUCT_DEFINITION_FORMATION_WITH_SPECIFIED_SOURCE ( 'ANY', '', #3896, .NOT_KNOWN. ) ;
#3096 = CARTESIAN_POINT ( 'NONE',  ( 386.6666666647020065, 3.173329659270264891, 227.8570020030840055 ) ) ;
#3097 = EDGE_CURVE ( 'NONE', #1933, #753, #2490, .T. ) ;
#3098 = ORIENTED_EDGE ( 'NONE', *, *, #1841, .T. ) ;
#3099 = CARTESIAN_POINT ( 'NONE',  ( 412.4371185756590421, -4.270889173900817681, 329.2253483663636189 ) ) ;
#3100 = CARTESIAN_POINT ( 'NONE',  ( 332.5101137650938767, -1.924155927281285150, 226.8106071465764160 ) ) ;
#3101 = VECTOR ( 'NONE', #1028, 1000.000000000000000 ) ;
#3102 = CARTESIAN_POINT ( 'NONE',  ( 319.6039148336199673, 1.900778159972874803, 223.7667551051204953 ) ) ;
#3103 = CARTESIAN_POINT ( 'NONE',  ( 413.0694772123170537, 0.7425236773620306208, 330.8442252829863719 ) ) ;
#3104 = CARTESIAN_POINT ( 'NONE',  ( 320.8491768785098088, -7.156911992869090966, 258.9429071604394608 ) ) ;
#3105 = AXIS2_PLACEMENT_3D ( 'NONE', #1172, #319, #2758 ) ;
#3106 = CARTESIAN_POINT ( 'NONE',  ( 445.0185472759409890, 7.299999999999999822, 0.000000000000000000 ) ) ;
#3107 = CARTESIAN_POINT ( 'NONE',  ( 412.4390179461146886, 0.5901832521222983852, 284.4675752463126628 ) ) ;
#3108 = CARTESIAN_POINT ( 'NONE',  ( 310.0370945548295367, -4.538304021238969810, 301.8817145493895282 ) ) ;
#3109 = CARTESIAN_POINT ( 'NONE',  ( 0.000000000000000000, 15.80337903634184826, 325.8913209393174952 ) ) ;
#3110 = EDGE_CURVE ( 'NONE', #355, #1969, #1274, .T. ) ;
#3111 = CARTESIAN_POINT ( 'NONE',  ( 328.7861890616114806, -0.5805833694599870087, 223.1744352098195066 ) ) ;
#3112 = VECTOR ( 'NONE', #2669, 1000.000000000000114 ) ;
#3113 = LINE ( 'NONE', #2531, #1417 ) ;
#3114 = EDGE_LOOP ( 'NONE', ( #2067, #3360, #100, #2440 ) ) ;
#3115 = CARTESIAN_POINT ( 'NONE',  ( 312.0593841980229968, -6.527981082974790183, 299.8868796091414879 ) ) ;
#3116 = CARTESIAN_POINT ( 'NONE',  ( 418.4367889235230109, 60.00000000000000000, 283.0817145493894600 ) ) ;
#3117 = CARTESIAN_POINT ( 'NONE',  ( 579.9999999970530098, 6.286797556005609522, 343.1633722646575393 ) ) ;
#3118 = VERTEX_POINT ( 'NONE', #2431 ) ;
#3119 = CARTESIAN_POINT ( 'NONE',  ( 413.0042918124921130, -4.258190008848166563, 330.7849865779729157 ) ) ;
#3120 = CARTESIAN_POINT ( 'NONE',  ( 332.4853786156219826, -1.960991725833737265, 226.9318046556588229 ) ) ;
#3121 = CARTESIAN_POINT ( 'NONE',  ( 324.1882740141074919, 1.279743610212745963, 223.4661508214784931 ) ) ;
#3122 = ORIENTED_EDGE ( 'NONE', *, *, #2435, .F. ) ;
#3123 = CARTESIAN_POINT ( 'NONE',  ( 315.0370945548290251, -4.528075591606529393, 304.8817145493895282 ) ) ;
#3124 = ADVANCED_FACE ( 'NONE', ( #2812 ), #1232, .F. ) ;
#3125 = CARTESIAN_POINT ( 'NONE',  ( 328.2133093928351286, 0.1670156199494018112, 222.8585578003797139 ) ) ;
#3126 = CARTESIAN_POINT ( 'NONE',  ( 411.4367889235229541, 7.299999999999999822, 281.0817145493894600 ) ) ;
#3127 = CARTESIAN_POINT ( 'NONE',  ( 412.6940520967522161, 0.5873298135123939945, 285.7274844858565075 ) ) ;
#3128 = CARTESIAN_POINT ( 'NONE',  ( 413.8616132385133142, -4.392803342604239880, 282.3158220437661043 ) ) ;
#3129 = VECTOR ( 'NONE', #2005, 1000.000000000000227 ) ;
#3130 = CARTESIAN_POINT ( 'NONE',  ( 386.6666666647025181, -5.954441073316520061, 336.9066955511405013 ) ) ;
#3131 = CARTESIAN_POINT ( 'NONE',  ( 324.1829550550065164, -0.3810214659117254765, 222.6661113320840002 ) ) ;
#3132 = PLANE ( 'NONE',  #384 ) ;
#3133 = ORIENTED_EDGE ( 'NONE', *, *, #149, .F. ) ;
#3134 = ADVANCED_FACE ( 'NONE', ( #945 ), #3367, .F. ) ;
#3135 = DIRECTION ( 'NONE',  ( 0.000000000000000000, -0.000000000000000000, 1.000000000000000000 ) ) ;
#3136 = CARTESIAN_POINT ( 'NONE',  ( 310.0370945548290251, 15.49637074551849913, 283.1974775090354797 ) ) ;
#3137 = CARTESIAN_POINT ( 'NONE',  ( 0.000000000000000000, 15.80337903634184826, 325.8913209393174952 ) ) ;
#3138 = ORIENTED_EDGE ( 'NONE', *, *, #3390, .T. ) ;
#3139 = CARTESIAN_POINT ( 'NONE',  ( 412.4449587023876802, -4.269787523388598238, 329.3910630749737720 ) ) ;
#3140 = CARTESIAN_POINT ( 'NONE',  ( 331.4367115335543303, -3.031581135073501798, 232.0700731083614698 ) ) ;
#3141 = CARTESIAN_POINT ( 'NONE',  ( 333.3842370419640133, 4.144161498905150509, 227.9771664681695142 ) ) ;
#3142 = DIRECTION ( 'NONE',  ( 0.000000000000000000, 1.000000000000000000, 0.000000000000000000 ) ) ;
#3143 = EDGE_LOOP ( 'NONE', ( #654, #1127, #2496, #3227 ) ) ;
#3144 = EDGE_CURVE ( 'NONE', #2819, #3660, #1822, .T. ) ;
#3145 = CARTESIAN_POINT ( 'NONE',  ( 328.2179998590380023, -0.2197109595539121218, 222.8377797615290774 ) ) ;
#3146 = CARTESIAN_POINT ( 'NONE',  ( 324.8370945548290365, 13.12680387781806068, 264.4069360666575221 ) ) ;
#3147 = CARTESIAN_POINT ( 'NONE',  ( 333.3977000025074062, 1.212137935284310020, 222.4612928300753936 ) ) ;
#3148 = ADVANCED_FACE ( 'NONE', ( #31 ), #3329, .F. ) ;
#3149 = CARTESIAN_POINT ( 'NONE',  ( 579.9999999970530098, -5.144550325250649259, 305.2452058889439854 ) ) ;
#3150 = CARTESIAN_POINT ( 'NONE',  ( 324.2151291579095300, -0.9585292143636530149, 223.5526824099560201 ) ) ;
#3151 = DIRECTION ( 'NONE',  ( 1.000000000000000000, 0.000000000000000000, 0.000000000000000000 ) ) ;
#3152 = AXIS2_PLACEMENT_3D ( 'NONE', #746, #3505, #2591 ) ;
#3153 = ORIENTED_EDGE ( 'NONE', *, *, #3110, .T. ) ;
#3154 = CARTESIAN_POINT ( 'NONE',  ( 416.1540029380245187, 0.6020462985452050830, 286.7685182496414313 ) ) ;
#3155 = CARTESIAN_POINT ( 'NONE',  ( 418.4367889235230109, 60.00000000000000000, 288.0817145493894600 ) ) ;
#3156 = CARTESIAN_POINT ( 'NONE',  ( 193.3333333323510033, 6.835746929844919606, 368.5446127025545024 ) ) ;
#3157 = AXIS2_PLACEMENT_3D ( 'NONE', #784, #1330, #3480 ) ;
#3158 = CIRCLE ( 'NONE', #3473, 3.000000000000002665 ) ;
#3159 = VERTEX_POINT ( 'NONE', #638 ) ;
#3160 = CARTESIAN_POINT ( 'NONE',  ( 445.0185355659219795, -4.222381424569579877, 281.0817142894495078 ) ) ;
#3161 = VECTOR ( 'NONE', #3358, 1000.000000000000114 ) ;
#3162 = CARTESIAN_POINT ( 'NONE',  ( 332.7705484981378845, -1.492570226497923036, 225.5345266862752851 ) ) ;
#3163 = CARTESIAN_POINT ( 'NONE',  ( 328.7878401019754619, 2.712221647876429831, 225.3478008431184776 ) ) ;
#3164 = DIRECTION ( 'NONE',  ( -0.000000000000000000, 1.000000000000000000, 0.000000000000000000 ) ) ;
#3165 = CARTESIAN_POINT ( 'NONE',  ( 328.8177303650080034, 12.33610506186244038, 257.6604687437334746 ) ) ;
#3166 = CARTESIAN_POINT ( 'NONE',  ( 328.2297483273183616, -0.03215236034063152781, 222.7859107879732790 ) ) ;
#3167 = CARTESIAN_POINT ( 'NONE',  ( 411.4628465916174491, -0.4218440020296180260, 376.8585635946874959 ) ) ;
#3168 = VERTEX_POINT ( 'NONE', #2423 ) ;
#3169 = CARTESIAN_POINT ( 'NONE',  ( 333.2480454974648296, 2.093404666121719160, 223.1953228037565395 ) ) ;
#3170 = CARTESIAN_POINT ( 'NONE',  ( 0.000000000000000000, -7.705051474660510102, 374.2669285172185027 ) ) ;
#3171 = CARTESIAN_POINT ( 'NONE',  ( 333.3925570219359997, -0.9435198421256020263, 224.1569256559695020 ) ) ;
#3172 = DIRECTION ( 'NONE',  ( 0.000000000000000000, -1.000000000000000000, 0.000000000000000000 ) ) ;
#3173 = LINE ( 'NONE', #2270, #1116 ) ;
#3174 = CARTESIAN_POINT ( 'NONE',  ( 312.0350760776506149, -4.791355733718467569, 301.8686292067219483 ) ) ;
#3175 = ADVANCED_FACE ( 'NONE', ( #1864 ), #2705, .T. ) ;
#3176 = CARTESIAN_POINT ( 'NONE',  ( 310.0370945548290251, 13.91327166176540153, 311.8877287416139552 ) ) ;
#3177 = CARTESIAN_POINT ( 'NONE',  ( 0.000000000000000000, 5.680038312985620230, 389.5123884482915173 ) ) ;
#3178 = FACE_OUTER_BOUND ( 'NONE', #2939, .T. ) ;
#3179 = ORIENTED_EDGE ( 'NONE', *, *, #2585, .F. ) ;
#3180 = CARTESIAN_POINT ( 'NONE',  ( 417.1066229457778718, 0.7605901621921818956, 330.4671038522798767 ) ) ;
#3181 = CARTESIAN_POINT ( 'NONE',  ( 332.7421306376377288, -1.543320008229227103, 225.6737687761597329 ) ) ;
#3182 = CARTESIAN_POINT ( 'NONE',  ( 324.2058581140649949, 3.952975699117004638, 226.9952347012450105 ) ) ;
#3183 = ORIENTED_EDGE ( 'NONE', *, *, #2049, .T. ) ;
#3184 = CARTESIAN_POINT ( 'NONE',  ( 445.0185472759409890, 5.256911011296610425, 359.2460327981115142 ) ) ;
#3185 = CARTESIAN_POINT ( 'NONE',  ( 315.0370945548290251, -4.868352353018779333, 304.8817145493895282 ) ) ;
#3186 = ADVANCED_FACE ( 'NONE', ( #303 ), #2311, .F. ) ;
#3187 = CARTESIAN_POINT ( 'NONE',  ( 328.2034052687749863, 0.2532401476105872185, 222.9079781584238162 ) ) ;
#3188 = CARTESIAN_POINT ( 'NONE',  ( 413.4367889235228972, -4.376709444699645957, 309.1653398884102444 ) ) ;
#3189 = B_SPLINE_CURVE_WITH_KNOTS ( 'NONE', 3,
 ( #1379, #1359, #2291, #1970, #2271, #2953, #2312, #3529, #2569, #1402 ),
 .UNSPECIFIED., .F., .F.,
 ( 4, 2, 2, 2, 4 ),
 ( 0.000000000000000000, 0.2500000000000000000, 0.5000000000000000000, 0.7500000000000000000, 1.000000000000000000 ),
 .UNSPECIFIED. ) ;
#3190 = CARTESIAN_POINT ( 'NONE',  ( 333.4143391079106209, 1.099322297574002905, 222.3792716752637375 ) ) ;
#3191 = CARTESIAN_POINT ( 'NONE',  ( 0.000000000000000000, -7.169037781342539439, 446.3294496812644638 ) ) ;
#3192 = CARTESIAN_POINT ( 'NONE',  ( 333.3973513072564856, -1.602036037603059793, 225.8869630920520137 ) ) ;
#3193 = CARTESIAN_POINT ( 'NONE',  ( 193.3333333323510033, -1.689577546666604979, 213.0401703756484721 ) ) ;
#3194 = ORIENTED_EDGE ( 'NONE', *, *, #2145, .T. ) ;
#3195 = CARTESIAN_POINT ( 'NONE',  ( 312.0316614158832635, -5.236504783846335442, 301.7532153815003539 ) ) ;
#3196 = CARTESIAN_POINT ( 'NONE',  ( 412.3911318425545574, 0.5817207093580699651, 287.0858271285210321 ) ) ;
#3197 = CARTESIAN_POINT ( 'NONE',  ( 0.000000000000000000, 7.785143742719109916, 377.2153418768249935 ) ) ;
#3198 = DIRECTION ( 'NONE',  ( 0.9798025319616459061, 0.000000000000000000, 0.1999674932621495205 ) ) ;
#3199 = CARTESIAN_POINT ( 'NONE',  ( 445.0185472759409890, -4.233984777287189694, 283.0817145493894600 ) ) ;
#3200 = ORIENTED_EDGE ( 'NONE', *, *, #1937, .F. ) ;
#3201 = CARTESIAN_POINT ( 'NONE',  ( 417.4025316180854475, 0.7568926070593771094, 329.6025727455463539 ) ) ;
#3202 = CARTESIAN_POINT ( 'NONE',  ( 579.9999999970530098, 12.21604645281510138, 288.0486393700724648 ) ) ;
#3203 = CARTESIAN_POINT ( 'NONE',  ( 331.2583003253483867, 6.497232769780351802, 232.9442539598531425 ) ) ;
#3204 = CARTESIAN_POINT ( 'NONE',  ( 328.7668599901690527, 0.2156974455570239979, 222.9219131936364988 ) ) ;
#3205 = AXIS2_PLACEMENT_3D ( 'NONE', #1812, #3047, #1551 ) ;
#3206 = CARTESIAN_POINT ( 'NONE',  ( 476.0367889235229768, 60.00000000000000000, 330.6817145493894827 ) ) ;
#3207 = CARTESIAN_POINT ( 'NONE',  ( 314.0600712702960777, -6.512266590240191277, 301.8355014103858025 ) ) ;
#3208 = CARTESIAN_POINT ( 'NONE',  ( 310.0370945548290251, 5.188293643597219784, 369.5786951049935283 ) ) ;
#3209 = CARTESIAN_POINT ( 'NONE',  ( 327.9746684031771338, -1.046196749560907469, 224.0290757106743627 ) ) ;
#3210 = CARTESIAN_POINT ( 'NONE',  ( 413.4367889235229541, -4.386084120509112338, 306.9512114976728299 ) ) ;
#3211 = CARTESIAN_POINT ( 'NONE',  ( 331.8740580202418187, 6.516555528307336864, 229.9276177132224177 ) ) ;
#3212 = CARTESIAN_POINT ( 'NONE',  ( 193.3333333323510033, -6.011416850334450501, 437.9956807640800207 ) ) ;
#3213 = CARTESIAN_POINT ( 'NONE',  ( 319.6312095112165252, -1.632107786713759889, 225.0004391840279823 ) ) ;
#3214 = ORIENTED_EDGE ( 'NONE', *, *, #2767, .F. ) ;
#3215 = CARTESIAN_POINT ( 'NONE',  ( 312.0302627486628353, -5.418840672158463434, 301.6772533910862535 ) ) ;
#3216 = CARTESIAN_POINT ( 'NONE',  ( 412.3910810792734765, 0.5921827795158139951, 283.6921519691489948 ) ) ;
#3217 = CARTESIAN_POINT ( 'NONE',  ( 579.9999999970530098, -4.546249360507059301, 395.0319048769459869 ) ) ;
#3218 = CARTESIAN_POINT ( 'NONE',  ( 411.4367889235229541, 7.299999999999999822, 281.0817145493894600 ) ) ;
#3219 = CARTESIAN_POINT ( 'NONE',  ( 430.0643378153050094, 5.249585501259109499, 360.3907589312814821 ) ) ;
#3220 = ORIENTED_EDGE ( 'NONE', *, *, #1059, .T. ) ;
#3221 = FACE_OUTER_BOUND ( 'NONE', #634, .T. ) ;
#3222 = CARTESIAN_POINT ( 'NONE',  ( 386.6666666647020065, 8.022921245373380472, 237.6224616886819945 ) ) ;
#3223 = CARTESIAN_POINT ( 'NONE',  ( 333.1249761059801813, 0.9740874515500629327, 223.7978990879795731 ) ) ;
#3224 = VECTOR ( 'NONE', #3142, 1000.000000000000000 ) ;
#3225 = CARTESIAN_POINT ( 'NONE',  ( 411.4368233289105206, 7.299999999999999822, 332.6817137798445287 ) ) ;
#3226 = EDGE_CURVE ( 'NONE', #1507, #1205, #953, .T. ) ;
#3227 = ORIENTED_EDGE ( 'NONE', *, *, #1614, .T. ) ;
#3228 = CARTESIAN_POINT ( 'NONE',  ( 312.5389554995632579, -6.524396550684895324, 300.3127911854327294 ) ) ;
#3229 = CARTESIAN_POINT ( 'NONE',  ( 324.2260080313105277, 10.80437878159444054, 248.0583109231990022 ) ) ;
#3230 = CARTESIAN_POINT ( 'NONE',  ( 327.7339283449772438, 2.624796223945609963, 225.2082499113211895 ) ) ;
#3231 = CARTESIAN_POINT ( 'NONE',  ( 413.4367889235228972, -4.365697764597886277, 311.5797444225115100 ) ) ;
#3232 = CARTESIAN_POINT ( 'NONE',  ( 331.3855260824231550, 7.564315451111710331, 232.3208758894874109 ) ) ;
#3233 = CARTESIAN_POINT ( 'NONE',  ( 0.000000000000000000, -7.252290758643900048, 233.2460157265794862 ) ) ;
#3234 = CARTESIAN_POINT ( 'NONE',  ( 333.4054219508479946, -2.350632019008529916, 228.5006264435619983 ) ) ;
#3235 = CARTESIAN_POINT ( 'NONE',  ( 312.0217521449479818, -6.528173541363850418, 299.8868797000139921 ) ) ;
#3236 = EDGE_CURVE ( 'NONE', #17, #2747, #2572, .T. ) ;
#3237 = FACE_OUTER_BOUND ( 'NONE', #615, .T. ) ;
#3238 = CARTESIAN_POINT ( 'NONE',  ( 386.6666666647025181, -5.113126307511019597, 421.1293184417575048 ) ) ;
#3239 = DIRECTION ( 'NONE',  ( 1.000000000000000000, 0.000000000000000000, 0.000000000000000000 ) ) ;
#3240 = DIRECTION ( 'NONE',  ( 0.000000000000000000, 1.000000000000000000, 0.000000000000000000 ) ) ;
#3241 = VERTEX_POINT ( 'NONE', #3644 ) ;
#3242 = CARTESIAN_POINT ( 'NONE',  ( 416.4056583102778859, -4.263357437399561967, 327.1564199264122976 ) ) ;
#3243 = CARTESIAN_POINT ( 'NONE',  ( 386.6666666647025181, 10.87555325742401990, 247.9818409266540016 ) ) ;
#3244 = CARTESIAN_POINT ( 'NONE',  ( 329.1633127129563263, 9.658333373330332705, 243.2092932098027234 ) ) ;
#3245 = CARTESIAN_POINT ( 'NONE',  ( 445.0185472759415006, 7.299999999999999822, 332.6817145493894827 ) ) ;
#3246 = CARTESIAN_POINT ( 'NONE',  ( 324.2267315311385119, 11.17088420269712046, 249.9323445424055024 ) ) ;
#3247 = CARTESIAN_POINT ( 'NONE',  ( 327.6970177769981660, 2.761093588877401306, 225.3898528600531961 ) ) ;
#3248 = CARTESIAN_POINT ( 'NONE',  ( 390.3763714963880034, -40.00000000000000000, 363.4288233864594986 ) ) ;
#3249 = EDGE_CURVE ( 'NONE', #224, #2514, #3734, .T. ) ;
#3250 = CARTESIAN_POINT ( 'NONE',  ( 416.7701222568563253, -4.270530138153996624, 325.6817145493894827 ) ) ;
#3251 = CARTESIAN_POINT ( 'NONE',  ( 386.6666666647020065, -6.153661249499090324, 284.8637153941360225 ) ) ;
#3252 = CARTESIAN_POINT ( 'NONE',  ( 324.2403283341765245, -4.774581068496289049, 253.5727945089780064 ) ) ;
#3253 = CARTESIAN_POINT ( 'NONE',  ( 417.3769842073942300, 0.6132926903154497511, 285.1448859474467099 ) ) ;
#3254 = DIRECTION ( 'NONE',  ( 0.000000000000000000, 0.000000000000000000, -1.000000000000000000 ) ) ;
#3255 = CARTESIAN_POINT ( 'NONE',  ( 0.000000000000000000, -5.420589551295610597, 451.9053200484389663 ) ) ;
#3256 = EDGE_CURVE ( 'NONE', #1629, #17, #3386, .T. ) ;
#3257 = CARTESIAN_POINT ( 'NONE',  ( 324.8370945548290365, -5.064873696873640085, 264.4069360666575221 ) ) ;
#3258 = CARTESIAN_POINT ( 'NONE',  ( 340.0767025585350325, 5.204047359922699734, 367.2792004775744772 ) ) ;
#3259 = VERTEX_POINT ( 'NONE', #30 ) ;
#3260 = DIRECTION ( 'NONE',  ( 0.000000000000000000, -1.000000000000000000, 0.000000000000000000 ) ) ;
#3261 = CARTESIAN_POINT ( 'NONE',  ( 386.6666666647020065, 1.630679500242949942, 226.3321464418615108 ) ) ;
#3262 = CARTESIAN_POINT ( 'NONE',  ( 332.7831236506337973, 2.563116368681956025, 225.4729108403477085 ) ) ;
#3263 = CARTESIAN_POINT ( 'NONE',  ( 411.4367889235229541, 7.299999999999999822, 332.6817145493894827 ) ) ;
#3264 = CARTESIAN_POINT ( 'NONE',  ( 320.8491768785104910, 3.443088007130915340, 258.9429071604395176 ) ) ;
#3265 = CARTESIAN_POINT ( 'NONE',  ( 328.8086451625514997, 8.037725361347488828, 237.2191736853854991 ) ) ;
#3266 = CARTESIAN_POINT ( 'NONE',  ( 327.6367991085521112, 2.978440954094647264, 225.6849387591750826 ) ) ;
#3267 = CARTESIAN_POINT ( 'NONE',  ( 331.7933601391326874, -3.966748637407166100, 230.3225633029026085 ) ) ;
#3268 = CARTESIAN_POINT ( 'NONE',  ( 417.4697604604054959, 0.7490293969526199414, 328.2921991945245281 ) ) ;
#3269 = CARTESIAN_POINT ( 'NONE',  ( 193.3333333323510033, -6.939266470113820695, 260.1927417165400129 ) ) ;
#3270 = CARTESIAN_POINT ( 'NONE',  ( 324.2361567922395125, -3.665621151931839794, 236.3608155939224957 ) ) ;
#3271 = EDGE_CURVE ( 'NONE', #3660, #2819, #3476, .T. ) ;
#3272 = CARTESIAN_POINT ( 'NONE',  ( 324.1824262388785201, 0.4348686818110104602, 222.7575751546030176 ) ) ;
#3273 = FACE_OUTER_BOUND ( 'NONE', #3852, .T. ) ;
#3274 = CARTESIAN_POINT ( 'NONE',  ( 579.9999999970530098, -4.886162747044379806, 349.3334163557685201 ) ) ;
#3275 = ORIENTED_EDGE ( 'NONE', *, *, #2857, .T. ) ;
#3276 = LINE ( 'NONE', #456, #2777 ) ;
#3277 = ORIENTED_EDGE ( 'NONE', *, *, #1047, .F. ) ;
#3278 = CARTESIAN_POINT ( 'NONE',  ( 415.5732183405395403, -4.239824772164264566, 331.6207112284222376 ) ) ;
#3279 = CARTESIAN_POINT ( 'NONE',  ( 579.9999999970530098, 11.66426790245970224, 302.8719718620155277 ) ) ;
#3280 = CARTESIAN_POINT ( 'NONE',  ( 333.2425302145309161, 0.2110051424694658340, 223.2219064037608973 ) ) ;
#3281 = CARTESIAN_POINT ( 'NONE',  ( 312.2450656975151446, -6.526515299597323683, 300.0701616689557341 ) ) ;
#3282 = CARTESIAN_POINT ( 'NONE',  ( 328.8062570061449605, 7.150024910265130096, 234.5293619459819752 ) ) ;
#3283 = CARTESIAN_POINT ( 'NONE',  ( 326.3984981128633649, 6.166956797624286502, 231.7520216714787296 ) ) ;
#3284 = CARTESIAN_POINT ( 'NONE',  ( 329.3056879939177293, -5.363601927072036091, 242.5116815169014899 ) ) ;
#3285 = CARTESIAN_POINT ( 'NONE',  ( 415.7768701891550336, 0.7511554230866800408, 330.0168327293504831 ) ) ;
#3286 = ORIENTED_EDGE ( 'NONE', *, *, #1697, .F. ) ;
#3287 = CARTESIAN_POINT ( 'NONE',  ( 193.3333333323510033, -7.154764304304089606, 292.9608285418079845 ) ) ;
#3288 = CARTESIAN_POINT ( 'NONE',  ( 324.2383106553454581, -4.169173818466959780, 242.0768037639984982 ) ) ;
#3289 = VECTOR ( 'NONE', #73, 1000.000000000000000 ) ;
#3290 = CARTESIAN_POINT ( 'NONE',  ( 324.1842975522225174, 0.5996577644224848624, 222.8827775588430029 ) ) ;
#3291 = CARTESIAN_POINT ( 'NONE',  ( 0.000000000000000000, -4.371643211507935334, 446.5568535484149493 ) ) ;
#3292 = ORIENTED_EDGE ( 'NONE', *, *, #218, .F. ) ;
#3293 = EDGE_CURVE ( 'NONE', #1502, #3711, #2193, .T. ) ;
#3294 = CARTESIAN_POINT ( 'NONE',  ( 414.0310723603192287, -4.391567651499598490, 282.2457996444639434 ) ) ;
#3295 = VERTEX_POINT ( 'NONE', #2120 ) ;
#3296 = DIRECTION ( 'NONE',  ( 0.000000000000000000, 0.000000000000000000, 1.000000000000000000 ) ) ;
#3297 = VECTOR ( 'NONE', #798, 1000.000000000000000 ) ;
#3298 = CARTESIAN_POINT ( 'NONE',  ( 326.3108161028775385, 12.30520953159270903, 257.1859818974137966 ) ) ;
#3299 = CARTESIAN_POINT ( 'NONE',  ( 422.6307047901140095, -4.339824246645103578, 281.0817145493894600 ) ) ;
#3300 = CARTESIAN_POINT ( 'NONE',  ( 323.0125264917585355, 3.443088007130915340, 248.3429071604394949 ) ) ;
#3301 = CARTESIAN_POINT ( 'NONE',  ( 319.6245681579624716, 5.846742180760210239, 230.4711589056944945 ) ) ;
#3302 = CARTESIAN_POINT ( 'NONE',  ( 326.4438671836110757, 6.074133387003003648, 231.5295842225563092 ) ) ;
#3303 = AXIS2_PLACEMENT_3D ( 'NONE', #1667, #1418, #1073 ) ;
#3304 = EDGE_CURVE ( 'NONE', #769, #1856, #3638, .T. ) ;
#3305 = CARTESIAN_POINT ( 'NONE',  ( 331.2006420369702937, -4.417662051268155921, 233.2259465563880667 ) ) ;
#3306 = CARTESIAN_POINT ( 'NONE',  ( 415.1034555901896397, -4.406449281846136046, 288.0817145493894600 ) ) ;
#3307 = EDGE_LOOP ( 'NONE', ( #2990, #2735, #876, #1702 ) ) ;
#3308 = CARTESIAN_POINT ( 'NONE',  ( 0.000000000000000000, -8.138682956222998754, 278.0087147673944514 ) ) ;
#3309 = CARTESIAN_POINT ( 'NONE',  ( 333.4112767218080080, -3.184506306424024658, 233.1177717755525123 ) ) ;
#3310 = CARTESIAN_POINT ( 'NONE',  ( 319.5820966807049786, 0.02317750284665865204, 222.2150261684540169 ) ) ;
#3311 = CARTESIAN_POINT ( 'NONE',  ( 193.3333333323510033, -5.303512489585229694, 228.0014150919555220 ) ) ;
#3312 = ORIENTED_EDGE ( 'NONE', *, *, #2402, .F. ) ;
#3313 = ORIENTED_EDGE ( 'NONE', *, *, #3110, .F. ) ;
#3314 = CARTESIAN_POINT ( 'NONE',  ( 416.1706493746017372, -4.238442391006474352, 331.3797444833169834 ) ) ;
#3315 = FACE_OUTER_BOUND ( 'NONE', #3143, .T. ) ;
#3316 = CARTESIAN_POINT ( 'NONE',  ( 386.6666666647020065, 1.630679500242949942, 226.3321464418615108 ) ) ;
#3317 = EDGE_CURVE ( 'NONE', #1800, #1147, #3043, .T. ) ;
#3318 = ORIENTED_EDGE ( 'NONE', *, *, #3342, .F. ) ;
#3319 = CARTESIAN_POINT ( 'NONE',  ( 415.6469276486503190, -4.401077082348927583, 286.9843157051446951 ) ) ;
#3320 = CARTESIAN_POINT ( 'NONE',  ( 319.6232636861764718, 5.466978614231300604, 229.6098964208179893 ) ) ;
#3321 = AXIS2_PLACEMENT_3D ( 'NONE', #2513, #1932, #3172 ) ;
#3322 = CARTESIAN_POINT ( 'NONE',  ( 330.3394565935679452, -3.720669176741547624, 237.4464127867141769 ) ) ;
#3323 = CARTESIAN_POINT ( 'NONE',  ( 315.0370945548291957, -5.234595483147330697, 301.7481132067602516 ) ) ;
#3324 = CARTESIAN_POINT ( 'NONE',  ( 332.6274531107013672, -3.000314650185869070, 226.2356666100023403 ) ) ;
#3325 = CARTESIAN_POINT ( 'NONE',  ( 329.4534207410579825, 10.53999806209805001, 241.7878193907334889 ) ) ;
#3326 = VERTEX_POINT ( 'NONE', #2759 ) ;
#3327 = CARTESIAN_POINT ( 'NONE',  ( 324.5782205645507474, -4.068522600612058504, 240.6713079803236326 ) ) ;
#3328 = CARTESIAN_POINT ( 'NONE',  ( 328.8258717648045035, -3.850422201963485058, 238.5044478047454959 ) ) ;
#3329 =( BOUNDED_SURFACE ( )  B_SPLINE_SURFACE ( 3, 2, ( 
 ( #2468, #2164, #3387 ),
 ( #3085, #2830, #1611 ),
 ( #92, #2526, #1313 ),
 ( #388, #918, #2443 ),
 ( #900, #3403, #1568 ),
 ( #3656, #3363, #3080 ),
 ( #3698, #3323, #618 ),
 ( #2101, #341, #2786 ),
 ( #581, #47, #1268 ),
 ( #2121, #2485, #960 ),
 ( #1492, #2140, #25 ),
 ( #1809, #3025, #2160 ),
 ( #1846, #3340, #3063 ),
 ( #600, #1227, #2462 ),
 ( #286, #2181, #1511 ),
 ( #3381, #2725, #321 ),
 ( #1548, #657, #1829 ),
 ( #3677, #1884, #3938 ),
 ( #2760, #1249, #1212 ),
 ( #3044, #940, #268 ) ),
 .UNSPECIFIED., .F., .F., .F. ) 
 B_SPLINE_SURFACE_WITH_KNOTS ( ( 4, 2, 2, 2, 2, 2, 2, 2, 2, 4 ),
 ( 3, 3 ),
 ( 0.01615145117641970246, 0.01713293846262685036, 0.01762368210573045033, 0.01811442574883405029, 0.01909591303504125023, 0.02007740032124840160, 0.02105888760745559807, 0.02204037489366279801, 0.02302186217986994937, 0.02400334946607714931 ),
 ( 0.000000000000000000, 1.000000000000000000 ),
 .UNSPECIFIED. ) 
 GEOMETRIC_REPRESENTATION_ITEM ( )  RATIONAL_B_SPLINE_SURFACE ( (
 ( 1.000000000000000000, 0.7071067811865480168, 1.000000000000000000),
 ( 1.000000000000000000, 0.7069867765465300824, 1.000000000000000000),
 ( 1.000000000000000000, 0.7068687412114950108, 1.000000000000000000),
 ( 1.000000000000000000, 0.7066945564886929487, 1.000000000000000000),
 ( 1.000000000000000000, 0.7066369747252519984, 1.000000000000000000),
 ( 1.000000000000000000, 0.7065227942119919335, 1.000000000000000000),
 ( 1.000000000000000000, 0.7064660617776949980, 1.000000000000000000),
 ( 1.000000000000000000, 0.7063010648955210247, 1.000000000000000000),
 ( 1.000000000000000000, 0.7061967259232989624, 1.000000000000000000),
 ( 1.000000000000000000, 0.7059992938950919728, 1.000000000000000000),
 ( 1.000000000000000000, 0.7059059074251780030, 1.000000000000000000),
 ( 1.000000000000000000, 0.7057386717172199342, 1.000000000000000000),
 ( 1.000000000000000000, 0.7056636814920559386, 1.000000000000000000),
 ( 1.000000000000000000, 0.7055314312035609881, 1.000000000000000000),
 ( 1.000000000000000000, 0.7054754859245779830, 1.000000000000000000),
 ( 1.000000000000000000, 0.7053858758693590802, 1.000000000000000000),
 ( 1.000000000000000000, 0.7053515561580799842, 1.000000000000000000),
 ( 1.000000000000000000, 0.7053063377285350155, 1.000000000000000000),
 ( 1.000000000000000000, 0.7052956141044399718, 1.000000000000000000),
 ( 1.000000000000000000, 0.7052963790048949466, 1.000000000000000000) ) ) 
 REPRESENTATION_ITEM ( '' )  SURFACE ( )  );
#3330 = CARTESIAN_POINT ( 'NONE',  ( 324.1763652206860229, 0.1572584105107039942, 222.5806786999389999 ) ) ;
#3331 = CARTESIAN_POINT ( 'NONE',  ( 193.3333333323510033, -2.609256555373884900, 215.2307251790195153 ) ) ;
#3332 = EDGE_LOOP ( 'NONE', ( #1209, #591, #2369, #304 ) ) ;
#3333 = ORIENTED_EDGE ( 'NONE', *, *, #2944, .F. ) ;
#3334 = DIRECTION ( 'NONE',  ( 0.000000000000000000, 1.000000000000000000, 0.000000000000000000 ) ) ;
#3335 = CARTESIAN_POINT ( 'NONE',  ( 327.1754507043186777, 11.62465892015990221, 252.9494374576485711 ) ) ;
#3336 = CARTESIAN_POINT ( 'NONE',  ( 386.6666666647020065, 8.022921245373380472, 237.6224616886819945 ) ) ;
#3337 = ORIENTED_EDGE ( 'NONE', *, *, #2944, .T. ) ;
#3338 = CARTESIAN_POINT ( 'NONE',  ( 416.7644241987186433, -4.393527234666160908, 286.2878155991588187 ) ) ;
#3339 = LINE ( 'NONE', #580, #2262 ) ;
#3340 = CARTESIAN_POINT ( 'NONE',  ( 315.0370945548289114, -6.113005704540282359, 301.0885834748665388 ) ) ;
#3341 = ORIENTED_EDGE ( 'NONE', *, *, #1549, .F. ) ;
#3342 = EDGE_CURVE ( 'NONE', #2137, #975, #3339, .T. ) ;
#3343 = AXIS2_PLACEMENT_3D ( 'NONE', #1383, #222, #2336 ) ;
#3344 = CARTESIAN_POINT ( 'NONE',  ( 329.2339884022617866, -5.389151619759184442, 242.8629941938968955 ) ) ;
#3345 = DIRECTION ( 'NONE',  ( 1.000000000000000000, 0.000000000000000000, 0.000000000000000000 ) ) ;
#3346 = B_SPLINE_CURVE_WITH_KNOTS ( 'NONE', 3,
 ( #674, #420, #692, #1566 ),
 .UNSPECIFIED., .F., .F.,
 ( 4, 4 ),
 ( 0.005000065386885449610, 0.006984748931327579985 ),
 .UNSPECIFIED. ) ;
#3347 = EDGE_LOOP ( 'NONE', ( #3757, #186, #1240, #128 ) ) ;
#3348 = CARTESIAN_POINT ( 'NONE',  ( 327.1866202949300941, -2.317348419982979468, 227.8828616499502573 ) ) ;
#3349 = DIRECTION ( 'NONE',  ( 0.000000000000000000, 0.000000000000000000, 1.000000000000000000 ) ) ;
#3350 = VECTOR ( 'NONE', #3407, 1000.000000000000000 ) ;
#3351 = AXIS2_PLACEMENT_3D ( 'NONE', #2154, #1897, #631 ) ;
#3352 = VECTOR ( 'NONE', #1281, 1000.000000000000000 ) ;
#3353 = CARTESIAN_POINT ( 'NONE',  ( 193.3333333323510033, 6.835746929844919606, 368.5446127025545024 ) ) ;
#3354 = CARTESIAN_POINT ( 'NONE',  ( 333.3506630868084812, -0.1788225827558619918, 223.1632470448774939 ) ) ;
#3355 = CARTESIAN_POINT ( 'NONE',  ( 579.9999999970530098, -4.994062015816079558, 331.9402949731789931 ) ) ;
#3356 = ORIENTED_EDGE ( 'NONE', *, *, #1739, .F. ) ;
#3357 = CARTESIAN_POINT ( 'NONE',  ( 416.6686149341006740, -4.260659815649642468, 327.3786784656239206 ) ) ;
#3358 = DIRECTION ( 'NONE',  ( -0.9970796596427953240, -0.002571963139560266148, 0.07632520771158181339 ) ) ;
#3359 = DIRECTION ( 'NONE',  ( -0.07632546015824470675, 0.000000000000000000, -0.9970829574973348874 ) ) ;
#3360 = ORIENTED_EDGE ( 'NONE', *, *, #218, .T. ) ;
#3361 = CARTESIAN_POINT ( 'NONE',  ( 415.0151275557819872, -4.404682521791174921, 287.0821985475543556 ) ) ;
#3362 = CARTESIAN_POINT ( 'NONE',  ( 329.2420184334716851, -4.183256616650336213, 242.8236502086188295 ) ) ;
#3363 = CARTESIAN_POINT ( 'NONE',  ( 315.0370945548293093, -5.172221949726997892, 301.7710610461634815 ) ) ;
#3364 = CARTESIAN_POINT ( 'NONE',  ( 333.5054611499512021, -0.1920186598133278855, 221.9335950284816192 ) ) ;
#3365 = CARTESIAN_POINT ( 'NONE',  ( 445.0185472759409890, -7.699999999999999289, 281.0817145493894600 ) ) ;
#3366 = CARTESIAN_POINT ( 'NONE',  ( 327.3804061787021737, -2.069196477300790260, 226.9395320189472613 ) ) ;
#3367 = PLANE ( 'NONE',  #2009 ) ;
#3368 = CARTESIAN_POINT ( 'NONE',  ( 413.5135835025658366, 0.6043866195180325196, 282.5234474434371350 ) ) ;
#3369 = CARTESIAN_POINT ( 'NONE',  ( 412.4429575547237619, -4.410896640250512313, 284.7608562162189969 ) ) ;
#3370 = CARTESIAN_POINT ( 'NONE',  ( 386.6666666647020065, -4.705967703391119805, 419.7200802417859791 ) ) ;
#3371 = CARTESIAN_POINT ( 'NONE',  ( 324.1916258472339791, -0.5053631033326979605, 222.7773306003720108 ) ) ;
#3372 =( NAMED_UNIT ( * ) PLANE_ANGLE_UNIT ( ) SI_UNIT ( $, .RADIAN. ) );
#3373 = CARTESIAN_POINT ( 'NONE',  ( 0.000000000000000000, -7.252290758643900048, 233.2460157265794862 ) ) ;
#3374 = ORIENTED_EDGE ( 'NONE', *, *, #398, .T. ) ;
#3375 = CARTESIAN_POINT ( 'NONE',  ( 324.8370945548290365, -6.265113345688929414, 264.4069360666575221 ) ) ;
#3376 = CARTESIAN_POINT ( 'NONE',  ( 418.4367889235230109, 60.00000000000000000, 288.0817145493894600 ) ) ;
#3377 = FACE_OUTER_BOUND ( 'NONE', #3760, .T. ) ;
#3378 = EDGE_LOOP ( 'NONE', ( #1413, #2804, #1762, #961 ) ) ;
#3379 = CARTESIAN_POINT ( 'NONE',  ( 391.5212533987615302, -0.4732832648208230020, 378.3850677489194823 ) ) ;
#3380 = CARTESIAN_POINT ( 'NONE',  ( 331.3648393397320433, -3.086156857859061020, 232.4222331336526679 ) ) ;
#3381 = CARTESIAN_POINT ( 'NONE',  ( 315.0370945548290251, -9.281159035828428827, 301.4678495328660119 ) ) ;
#3382 = EDGE_LOOP ( 'NONE', ( #3045, #2459, #3037, #3194 ) ) ;
#3383 = CARTESIAN_POINT ( 'NONE',  ( 333.3925903272553910, -1.289181739417704309, 222.4866401735358181 ) ) ;
#3384 = CARTESIAN_POINT ( 'NONE',  ( 411.4367889235229541, -5.854274730475020228, 332.6817145493894827 ) ) ;
#3385 = ORIENTED_EDGE ( 'NONE', *, *, #3441, .T. ) ;
#3386 = LINE ( 'NONE', #368, #1311 ) ;
#3387 = CARTESIAN_POINT ( 'NONE',  ( 312.0370945548290251, -4.528075591606529393, 301.8817145493895282 ) ) ;
#3388 = CARTESIAN_POINT ( 'NONE',  ( 445.2200311376495279, -4.219303817921759681, 280.7768376562424919 ) ) ;
#3389 = CARTESIAN_POINT ( 'NONE',  ( 411.4367889235229541, -6.033745409641570134, 295.0217714997994563 ) ) ;
#3390 = EDGE_CURVE ( 'NONE', #2747, #1916, #3809, .T. ) ;
#3391 = CARTESIAN_POINT ( 'NONE',  ( 579.9999999970530098, 8.877391888367050399, 326.7879745516335106 ) ) ;
#3392 = CARTESIAN_POINT ( 'NONE',  ( 319.6167514213194636, -0.7151154041748399859, 222.7359568395104930 ) ) ;
#3393 = CIRCLE ( 'NONE', #1987, 3.000000000000002665 ) ;
#3394 = EDGE_CURVE ( 'NONE', #1507, #2726, #1267, .T. ) ;
#3395 = CARTESIAN_POINT ( 'NONE',  ( 579.9999999970530098, -5.011717794592430053, 272.9486295801439724 ) ) ;
#3396 = ORIENTED_EDGE ( 'NONE', *, *, #3588, .T. ) ;
#3397 = DIRECTION ( 'NONE',  ( 0.000000000000000000, 0.000000000000000000, -1.000000000000000000 ) ) ;
#3398 = CARTESIAN_POINT ( 'NONE',  ( 319.7340254802990103, 13.20103300727329909, 264.4069360666575221 ) ) ;
#3399 = DIRECTION ( 'NONE',  ( 0.000000000000000000, 0.000000000000000000, -1.000000000000000000 ) ) ;
#3400 = ORIENTED_EDGE ( 'NONE', *, *, #2179, .F. ) ;
#3401 = CARTESIAN_POINT ( 'NONE',  ( 413.3552627432638360, -4.254294600263129666, 331.1184958390550719 ) ) ;
#3402 = CARTESIAN_POINT ( 'NONE',  ( 324.8370945548290365, -5.064873696873640085, 264.4069360666575221 ) ) ;
#3403 = CARTESIAN_POINT ( 'NONE',  ( 315.0370945548289683, -5.046577691021038703, 301.8103329519274212 ) ) ;
#3404 = ORIENTED_EDGE ( 'NONE', *, *, #3293, .T. ) ;
#3405 = CARTESIAN_POINT ( 'NONE',  ( 418.4367889235230109, 7.299999999999999822, 0.000000000000000000 ) ) ;
#3406 = CARTESIAN_POINT ( 'NONE',  ( 326.3645707904081519, -3.071445446240199662, 231.9185305104017232 ) ) ;
#3407 = DIRECTION ( 'NONE',  ( 0.000000000000000000, -1.000000000000000000, 0.000000000000000000 ) ) ;
#3408 = CARTESIAN_POINT ( 'NONE',  ( 411.4367889235229541, -5.868741209618570487, 330.4052529660999653 ) ) ;
#3409 = CARTESIAN_POINT ( 'NONE',  ( 413.0492326547661150, -4.400040846719027066, 282.9411888022684707 ) ) ;
#3410 = CARTESIAN_POINT ( 'NONE',  ( 193.3333333323510033, 4.987358710711699672, 379.3420367611240067 ) ) ;
#3411 = CARTESIAN_POINT ( 'NONE',  ( 328.7888524695230217, -0.6212021241537170058, 223.2312914034455105 ) ) ;
#3412 = CARTESIAN_POINT ( 'NONE',  ( 0.000000000000000000, -1.924238009432645002, 200.1133443086089869 ) ) ;
#3413 = ORIENTED_EDGE ( 'NONE', *, *, #2545, .F. ) ;
#3414 = FACE_OUTER_BOUND ( 'NONE', #2986, .T. ) ;
#3415 = CARTESIAN_POINT ( 'NONE',  ( 314.9704307649780617, 14.47572497436499894, 264.4069360666575221 ) ) ;
#3416 = AXIS2_PLACEMENT_3D ( 'NONE', #2484, #3697, #599 ) ;
#3417 = CARTESIAN_POINT ( 'NONE',  ( 386.6666666647020065, 10.58455155675146031, 330.7635623173569570 ) ) ;
#3418 = EDGE_CURVE ( 'NONE', #1106, #224, #1491, .T. ) ;
#3419 = ORIENTED_EDGE ( 'NONE', *, *, #3633, .T. ) ;
#3420 = CARTESIAN_POINT ( 'NONE',  ( 118.4367889235230109, -1.525667192811740014, 291.8817145493894714 ) ) ;
#3421 = CARTESIAN_POINT ( 'NONE',  ( 333.1642771477356746, -0.6716749974754973040, 223.6053314881536380 ) ) ;
#3422 = CARTESIAN_POINT ( 'NONE',  ( 328.7934454613929915, 3.697182336426814597, 226.8896735827789826 ) ) ;
#3423 = CARTESIAN_POINT ( 'NONE',  ( 412.4549917211144816, 0.7318082643208526639, 329.6264639326855672 ) ) ;
#3424 = CARTESIAN_POINT ( 'NONE',  ( 327.4537806118321441, -1.964314208022672537, 226.5816088663079313 ) ) ;
#3425 = VECTOR ( 'NONE', #248, 1000.000000000000000 ) ;
#3426 = CARTESIAN_POINT ( 'NONE',  ( 445.0185472759409890, 60.00000000000000000, 283.0817145493894600 ) ) ;
#3427 = EDGE_CURVE ( 'NONE', #1106, #919, #1378, .T. ) ;
#3428 = CARTESIAN_POINT ( 'NONE',  ( 413.3827709561875849, 0.6032314033816988941, 282.6226274036450832 ) ) ;
#3429 = CARTESIAN_POINT ( 'NONE',  ( 411.4368233289105206, 7.299999999999999822, 332.6817137798445287 ) ) ;
#3430 = CARTESIAN_POINT ( 'NONE',  ( 579.9999999970530098, -4.797582901793369992, 365.4155641104705410 ) ) ;
#3431 = CARTESIAN_POINT ( 'NONE',  ( 333.3450386401329979, -0.04749299113103099684, 223.1305885883404869 ) ) ;
#3432 = CARTESIAN_POINT ( 'NONE',  ( 193.3333333323510033, -3.397287876363840149E-11, 212.5133111311279777 ) ) ;
#3433 = ORIENTED_EDGE ( 'NONE', *, *, #2145, .F. ) ;
#3434 = DIRECTION ( 'NONE',  ( 0.000000000000000000, 1.000000000000000000, 0.000000000000000000 ) ) ;
#3435 = CARTESIAN_POINT ( 'NONE',  ( 310.0370945548290251, 14.54705926040939978, 264.4069360666575221 ) ) ;
#3436 = CARTESIAN_POINT ( 'NONE',  ( 579.9999999970530098, 8.877391888367050399, 326.7879745516335106 ) ) ;
#3437 = VERTEX_POINT ( 'NONE', #959 ) ;
#3438 = CARTESIAN_POINT ( 'NONE',  ( 412.4504509418033535, -4.269374423663755636, 329.4504635114890334 ) ) ;
#3439 = CARTESIAN_POINT ( 'NONE',  ( 332.7762578773209725, -1.482300629608046094, 225.5065518185195970 ) ) ;
#3440 = CARTESIAN_POINT ( 'NONE',  ( 328.7759410163855023, 1.112993460944891932, 223.6224691734539931 ) ) ;
#3441 = EDGE_CURVE ( 'NONE', #3, #1085, #637, .T. ) ;
#3442 = DIRECTION ( 'NONE',  ( 1.000000000000000000, 0.000000000000000000, 0.000000000000000000 ) ) ;
#3443 = VERTEX_POINT ( 'NONE', #3005 ) ;
#3444 = CARTESIAN_POINT ( 'NONE',  ( 327.8918851646731696, -1.209749341671021661, 224.4378795508700648 ) ) ;
#3445 = CARTESIAN_POINT ( 'NONE',  ( 412.6995232917186058, 0.5959581933257886988, 283.4191363018269385 ) ) ;
#3446 = CARTESIAN_POINT ( 'NONE',  ( 332.8252240171273115, 3.896451731107290151, 225.2653296021341021 ) ) ;
#3447 = CARTESIAN_POINT ( 'NONE',  ( 0.000000000000000000, -7.452155228677350252, 421.6783925123605172 ) ) ;
#3448 = CARTESIAN_POINT ( 'NONE',  ( 324.2268827045670037, -2.273763668536189719, 227.4782407482809958 ) ) ;
#3449 = PLANE ( 'NONE',  #3321 ) ;
#3450 = ORIENTED_EDGE ( 'NONE', *, *, #2733, .F. ) ;
#3451 = CARTESIAN_POINT ( 'NONE',  ( 310.0370945548290251, -6.347919574081259952, 264.4069360705285021 ) ) ;
#3452 = FACE_OUTER_BOUND ( 'NONE', #3307, .T. ) ;
#3453 = CARTESIAN_POINT ( 'NONE',  ( 579.9999999970530098, 11.66426790245970224, 302.8719718620155277 ) ) ;
#3454 = VERTEX_POINT ( 'NONE', #2180 ) ;
#3455 = CARTESIAN_POINT ( 'NONE',  ( 413.7818618810820794, -4.250331826080833153, 331.4065472300889610 ) ) ;
#3456 = CARTESIAN_POINT ( 'NONE',  ( 331.4300843168151118, -3.036667736624565794, 232.1025452048755824 ) ) ;
#3457 = CARTESIAN_POINT ( 'NONE',  ( 328.7813426976464939, 1.880586600764755145, 224.3697321406529852 ) ) ;
#3458 = CARTESIAN_POINT ( 'NONE',  ( 445.2201453674834966, -4.248589264377260477, 285.1242096849090331 ) ) ;
#3459 = CARTESIAN_POINT ( 'NONE',  ( 312.0370945548290251, -3.525667192811749562, 311.8817145493894714 ) ) ;
#3460 = EDGE_CURVE ( 'NONE', #1265, #2086, #24, .T. ) ;
#3461 = CARTESIAN_POINT ( 'NONE',  ( 328.1911377877198674, 0.3481241846624339442, 222.9687126811957967 ) ) ;
#3462 = CARTESIAN_POINT ( 'NONE',  ( 413.4367889235228972, -4.415732722449837055, 299.6264917846673939 ) ) ;
#3463 = CARTESIAN_POINT ( 'NONE',  ( 333.3818391905154499, 1.314963342479412933, 222.5393130791476892 ) ) ;
#3464 = CARTESIAN_POINT ( 'NONE',  ( 0.000000000000000000, -8.112506095712060272, 304.7436750647945018 ) ) ;
#3465 = CARTESIAN_POINT ( 'NONE',  ( 333.3914796926815143, -0.9021436907176090259, 224.0612380708774936 ) ) ;
#3466 = PLANE ( 'NONE',  #1095 ) ;
#3467 = AXIS2_PLACEMENT_3D ( 'NONE', #142, #3198, #1974 ) ;
#3468 = CYLINDRICAL_SURFACE ( 'NONE', #1625, 2.000000000000001776 ) ;
#3469 = CARTESIAN_POINT ( 'NONE',  ( 417.3634461496605468, 0.6180170636669619633, 283.8920208365184976 ) ) ;
#3470 = CARTESIAN_POINT ( 'NONE',  ( 436.1579611584680833, -4.280201038727001084, 283.0817145493894600 ) ) ;
#3471 = CARTESIAN_POINT ( 'NONE',  ( 193.3333333323510033, 15.18647217929100002, 312.4160318443854862 ) ) ;
#3472 = EDGE_CURVE ( 'NONE', #3168, #3942, #2768, .T. ) ;
#3473 = AXIS2_PLACEMENT_3D ( 'NONE', #120, #3434, #3397 ) ;
#3474 = ORIENTED_EDGE ( 'NONE', *, *, #2343, .F. ) ;
#3475 = CARTESIAN_POINT ( 'NONE',  ( 413.9400650797512071, -4.249064300592436894, 331.4802501895815112 ) ) ;
#3476 = CIRCLE ( 'NONE', #166, 3.300000000000025135 ) ;
#3477 = CARTESIAN_POINT ( 'NONE',  ( 331.4377352405643364, -3.030794620277098339, 232.0650571394957353 ) ) ;
#3478 = CARTESIAN_POINT ( 'NONE',  ( 333.3622310558075128, 0.6787648128607519649, 223.5667179411699976 ) ) ;
#3479 = CARTESIAN_POINT ( 'NONE',  ( 433.8919391535844738, -4.299617114416935060, 302.4882669826699839 ) ) ;
#3480 = DIRECTION ( 'NONE',  ( 0.000000000000000000, 1.000000000000000000, 0.000000000000000000 ) ) ;
#3481 = CARTESIAN_POINT ( 'NONE',  ( 328.1253645764199973, 0.7732524978889188105, 223.2902847199692076 ) ) ;
#3482 = CARTESIAN_POINT ( 'NONE',  ( 445.0185472759415006, -5.681968031723519275, 332.6817145493894827 ) ) ;
#3483 = CARTESIAN_POINT ( 'NONE',  ( 332.7711762430456588, 4.081259548446157126, 225.5310677569500513 ) ) ;
#3484 = CARTESIAN_POINT ( 'NONE',  ( 193.3333333323510033, -6.543366302362839448, 407.5854026889500119 ) ) ;
#3485 = CARTESIAN_POINT ( 'NONE',  ( 328.8065044272474893, -1.297301498555313959, 224.7227533159849884 ) ) ;
#3486 = CYLINDRICAL_SURFACE ( 'NONE', #570, 2.500000000000002220 ) ;
#3487 = FACE_OUTER_BOUND ( 'NONE', #1746, .T. ) ;
#3488 = VECTOR ( 'NONE', #2650, 1000.000000000000000 ) ;
#3489 = PLANE ( 'NONE',  #2910 ) ;
#3490 = CARTESIAN_POINT ( 'NONE',  ( 386.6666666647020065, 7.495775076190869690, 350.2880176456090453 ) ) ;
#3491 = DIRECTION ( 'NONE',  ( 0.000000000000000000, 0.000000000000000000, 1.000000000000000000 ) ) ;
#3492 = ORIENTED_EDGE ( 'NONE', *, *, #365, .T. ) ;
#3493 = CARTESIAN_POINT ( 'NONE',  ( 415.2534745581050402, 0.7590158688614753180, 331.6817145493921544 ) ) ;
#3494 = CARTESIAN_POINT ( 'NONE',  ( 0.000000000000000000, 2.156697113733640148, 200.5962828315870183 ) ) ;
#3495 = CARTESIAN_POINT ( 'NONE',  ( 332.2503142385873502, 4.243162071553105541, 228.0835752161403036 ) ) ;
#3496 = CARTESIAN_POINT ( 'NONE',  ( 324.2077485270219768, 4.402052807466220408, 227.8090601007050111 ) ) ;
#3497 = DIRECTION ( 'NONE',  ( 1.000000000000000000, 0.000000000000000000, 0.000000000000000000 ) ) ;
#3498 = CARTESIAN_POINT ( 'NONE',  ( 313.1074207040989563, -6.520129928781614126, 300.8094078451648556 ) ) ;
#3499 = CARTESIAN_POINT ( 'NONE',  ( 333.4053326907445012, 11.70004619449901995, 254.0874445225534828 ) ) ;
#3500 = CARTESIAN_POINT ( 'NONE',  ( 328.2077990506410288, -0.3058684081087977846, 222.8873549318188338 ) ) ;
#3501 = CARTESIAN_POINT ( 'NONE',  ( 413.4367889235229541, -4.310271030121896274, 321.9500104812910308 ) ) ;
#3502 = CARTESIAN_POINT ( 'NONE',  ( 332.6459476222881904, 4.489457393313778688, 226.1450505810080642 ) ) ;
#3503 = CARTESIAN_POINT ( 'NONE',  ( 0.000000000000000000, -7.314032143735950342, 439.3289523860929648 ) ) ;
#3504 = CARTESIAN_POINT ( 'NONE',  ( 324.2140518286544761, -0.9167983424139439785, 223.4561721464770017 ) ) ;
#3505 = DIRECTION ( 'NONE',  ( 0.000000000000000000, 0.000000000000000000, 1.000000000000000000 ) ) ;
#3506 = VECTOR ( 'NONE', #667, 1000.000000000000000 ) ;
#3507 = CARTESIAN_POINT ( 'NONE',  ( 416.5669037461693733, 0.6049175089121755500, 286.4775035479185021 ) ) ;
#3508 = ADVANCED_FACE ( 'NONE', ( #3315 ), #593, .T. ) ;
#3509 = CARTESIAN_POINT ( 'NONE',  ( 310.0370945548290251, 3.306277303021955216, 269.3767156309139637 ) ) ;
#3510 = CARTESIAN_POINT ( 'NONE',  ( 386.6666666647025181, -5.592650226285879711, 400.6320236277665003 ) ) ;
#3511 = CARTESIAN_POINT ( 'NONE',  ( 321.6656500370165190, -0.4534755244889130399, 383.7324272952100159 ) ) ;
#3512 = CARTESIAN_POINT ( 'NONE',  ( 445.0185472759409890, 10.34613226555925891, 250.8117357773485026 ) ) ;
#3513 = ORIENTED_EDGE ( 'NONE', *, *, #2425, .T. ) ;
#3514 = CARTESIAN_POINT ( 'NONE',  ( 416.3279622241860238, -4.264078554453361924, 327.1025123084106667 ) ) ;
#3515 = CARTESIAN_POINT ( 'NONE',  ( 579.9999999970530098, 9.121458547516448689, 257.3579398412699675 ) ) ;
#3516 = CARTESIAN_POINT ( 'NONE',  ( 332.7326092570774563, 2.749662502971100597, 225.7204217227392462 ) ) ;
#3517 = AXIS2_PLACEMENT_3D ( 'NONE', #2368, #1419, #1794 ) ;
#3518 = CARTESIAN_POINT ( 'NONE',  ( 0.000000000000000000, 7.299999999999999822, 0.000000000000000000 ) ) ;
#3519 = B_SPLINE_CURVE_WITH_KNOTS ( 'NONE', 3,
 ( #1220, #1339, #3671, #976, #2173, #40, #1639 ),
 .UNSPECIFIED., .F., .F.,
 ( 4, 1, 1, 1, 4 ),
 ( 0.05406893966836819748, 0.05805373167459459971, 0.06783099240665359242, 0.07786352734785999263, 0.08063333780520139105 ),
 .UNSPECIFIED. ) ;
#3520 = VERTEX_POINT ( 'NONE', #1840 ) ;
#3521 = CARTESIAN_POINT ( 'NONE',  ( 313.0565528891287954, -6.520552309836432414, 300.7627161593155733 ) ) ;
#3522 = CARTESIAN_POINT ( 'NONE',  ( 339.3174794251249864, -0.6020362616947388945, 352.2934344160585169 ) ) ;
#3523 = CARTESIAN_POINT ( 'NONE',  ( 324.5050797650454797, 9.215812455998152686, 241.0296569903455008 ) ) ;
#3524 = EDGE_CURVE ( 'NONE', #833, #3021, #1157, .T. ) ;
#3525 = CARTESIAN_POINT ( 'NONE',  ( 413.4367889235228404, -4.381706867457127785, 308.0072243439838644 ) ) ;
#3526 = CARTESIAN_POINT ( 'NONE',  ( 332.7546961296143309, 4.136425428792938952, 225.6120208212693683 ) ) ;
#3527 = CARTESIAN_POINT ( 'NONE',  ( 193.3333333323510033, -5.898521906545280302, 234.5410815672919966 ) ) ;
#3528 = CARTESIAN_POINT ( 'NONE',  ( 324.2168564849799850, -1.087052802646294003, 223.8681576353145033 ) ) ;
#3529 = CARTESIAN_POINT ( 'NONE',  ( 312.8170365540306079, -6.478977227270354966, 311.8048467340419734 ) ) ;
#3530 = CARTESIAN_POINT ( 'NONE',  ( 417.4698119438970139, 0.6077787036716160163, 287.1682350377504918 ) ) ;
#3531 = CARTESIAN_POINT ( 'NONE',  ( 0.000000000000000000, -7.565368802876979437, 399.6270695293104609 ) ) ;
#3532 = CARTESIAN_POINT ( 'NONE',  ( 28.78724197761405179, 0.000000000000000000, 376.0641378344790269 ) ) ;
#3533 = PLANE ( 'NONE',  #539 ) ;
#3534 = EDGE_LOOP ( 'NONE', ( #277, #379, #891, #3028, #3450, #1638, #3674, #3882, #1310, #2141 ) ) ;
#3535 = CARTESIAN_POINT ( 'NONE',  ( 417.4357937420617191, 0.7549455600078135431, 329.2575570918615426 ) ) ;
#3536 = CARTESIAN_POINT ( 'NONE',  ( 0.000000000000000000, 19.26363725660235104, 277.6261930907285205 ) ) ;
#3537 = CARTESIAN_POINT ( 'NONE',  ( 332.2520121323194076, 4.238531683824566798, 228.0752558610764424 ) ) ;
#3538 = EDGE_CURVE ( 'NONE', #503, #66, #1562, .T. ) ;
#3539 = AXIS2_PLACEMENT_3D ( 'NONE', #3918, #1193, #2404 ) ;
#3540 = CARTESIAN_POINT ( 'NONE',  ( 445.0185472759409890, -4.094611726652620298, 330.6817145493894827 ) ) ;
#3541 = DIRECTION ( 'NONE',  ( 1.000000000000000000, 0.000000000000000000, 0.000000000000000000 ) ) ;
#3542 = CARTESIAN_POINT ( 'NONE',  ( 333.3918937882440332, 6.124210566334030048, 232.1635143279864906 ) ) ;
#3543 = CARTESIAN_POINT ( 'NONE',  ( 324.0977490982921267, 9.718964765633916869, 243.0255205768741291 ) ) ;
#3544 = CARTESIAN_POINT ( 'NONE',  ( 413.4367889235229541, 4.474332807188249994, 293.8817145493894714 ) ) ;
#3545 = LINE ( 'NONE', #1755, #1860 ) ;
#3546 = CARTESIAN_POINT ( 'NONE',  ( 193.3333333323510033, -6.367875266799880585, 242.1323187556665175 ) ) ;
#3547 = EDGE_CURVE ( 'NONE', #3437, #3695, #613, .T. ) ;
#3548 = CARTESIAN_POINT ( 'NONE',  ( 324.2302168513295442, -2.581793140677420162, 228.8326650447204997 ) ) ;
#3549 = CARTESIAN_POINT ( 'NONE',  ( 416.6796405192439465, 0.6057869196384403354, 286.3740943142926767 ) ) ;
#3550 = CARTESIAN_POINT ( 'NONE',  ( 193.3333333323510033, -6.593476819720390125, 398.3318257381639569 ) ) ;
#3551 = CARTESIAN_POINT ( 'NONE',  ( 315.0370945548290251, -6.480903624744970060, 308.8817145493894714 ) ) ;
#3552 = CARTESIAN_POINT ( 'NONE',  ( 413.2934858485523932, -4.411753357276172238, 286.4939211035132303 ) ) ;
#3553 = ORIENTED_EDGE ( 'NONE', *, *, #2909, .F. ) ;
#3554 = CARTESIAN_POINT ( 'NONE',  ( 416.7148142065116190, 0.7398575665409772295, 327.4242195014899153 ) ) ;
#3555 = CARTESIAN_POINT ( 'NONE',  ( 0.000000000000000000, 15.96968430992109766, 237.4560550978060007 ) ) ;
#3556 = CARTESIAN_POINT ( 'NONE',  ( 333.1379412999312422, 0.8991189544811144518, 223.7343721134034524 ) ) ;
#3557 = CARTESIAN_POINT ( 'NONE',  ( 445.0185472759415006, -7.699999999999999289, 332.6817145493894827 ) ) ;
#3558 = ADVANCED_FACE ( 'NONE', ( #3039 ), #1207, .T. ) ;
#3559 = CARTESIAN_POINT ( 'NONE',  ( 314.5794938353199086, -6.506985124729847136, 302.6522633389294583 ) ) ;
#3560 = CARTESIAN_POINT ( 'NONE',  ( 319.6288291421184908, 7.210511652285040540, 234.0036009885975261 ) ) ;
#3561 = B_SPLINE_CURVE_WITH_KNOTS ( 'NONE', 3,
 ( #497, #1126, #1446, #2337, #3552, #814, #2661, #3871, #2357, #2450, #2492, #3369, #2074, #1912, #390, #3664, #13, #371, #35, #94, #74, #624, #1613, #3409, #2188, #928, #3705, #349, #1295, #1785, #2814, #3128, #3294, #2167, #2832, #1872 ),
 .UNSPECIFIED., .F., .F.,
 ( 4, 2, 2, 2, 2, 2, 1, 2, 2, 2, 2, 2, 1, 1, 1, 2, 2, 2, 2, 4 ),
 ( 0.000000000000000000, 0.1249999999998742395, 0.2499999999997484790, 0.3749999999996227462, 0.4374999999995745070, 0.4687499999995620170, 0.4843749999995437538, 0.4921874999995468625, 0.4999999999995499156, 0.6249999999994081401, 0.6874999999993309796, 0.7187499999992792432, 0.7343749999992461586, 0.7421874999992229549, 0.7460937499992178479, 0.7480468749992212896, 0.7499999999992248423, 0.8124999999994185762, 0.8749999999996124211, 1.000000000000000000 ),
 .UNSPECIFIED. ) ;
#3562 = CARTESIAN_POINT ( 'NONE',  ( 321.4100659154287882, 12.25072795431733219, 256.1943166954312119 ) ) ;
#3563 = EDGE_CURVE ( 'NONE', #2824, #3159, #55, .T. ) ;
#3564 = CARTESIAN_POINT ( 'NONE',  ( 332.5574128817211772, -3.106547430639702956, 226.5778957734599430 ) ) ;
#3565 = CARTESIAN_POINT ( 'NONE',  ( 329.5405661723465300, 10.43036147652986578, 241.3608336081665584 ) ) ;
#3566 = CARTESIAN_POINT ( 'NONE',  ( 445.0185472759409890, -5.684605692214470096, 268.4956771458709568 ) ) ;
#3567 = CARTESIAN_POINT ( 'NONE',  ( 319.6484439007780338, -3.887273848793574516, 238.0098311866850054 ) ) ;
#3568 = CARTESIAN_POINT ( 'NONE',  ( 315.0370945548290251, -6.497949358047719670, 304.6278854202925004 ) ) ;
#3569 = CARTESIAN_POINT ( 'NONE',  ( 319.5876512886724754, 0.1598693877928509810, 222.2728682454660145 ) ) ;
#3570 = CARTESIAN_POINT ( 'NONE',  ( 412.3910443926039875, 0.6013347517412699350, 281.9956422465844526 ) ) ;
#3571 = CARTESIAN_POINT ( 'NONE',  ( 386.6666666647020065, -5.825792322916419685, 357.6445870762515256 ) ) ;
#3572 = DIRECTION ( 'NONE',  ( 0.000000000000000000, 0.000000000000000000, 1.000000000000000000 ) ) ;
#3573 = CARTESIAN_POINT ( 'NONE',  ( 315.0370945548290251, -6.498491360724469423, 304.4770995433730150 ) ) ;
#3574 = ORIENTED_EDGE ( 'NONE', *, *, #802, .F. ) ;
#3575 = CARTESIAN_POINT ( 'NONE',  ( 416.9951203479693618, 0.7433220196503262933, 327.7586370636650486 ) ) ;
#3576 = CARTESIAN_POINT ( 'NONE',  ( 386.6666666647020065, 14.40794366876470178, 293.2433517987929577 ) ) ;
#3577 = CARTESIAN_POINT ( 'NONE',  ( 332.8484133436052161, 2.309894909558445342, 225.1530038122565713 ) ) ;
#3578 = CARTESIAN_POINT ( 'NONE',  ( 313.4715552865482664, -6.517158226888384753, 301.1564902751865134 ) ) ;
#3579 = CARTESIAN_POINT ( 'NONE',  ( 319.6347788596650048, 9.620872962430858877, 242.2348494812694923 ) ) ;
#3580 = VECTOR ( 'NONE', #3742, 1000.000000000000000 ) ;
#3581 = CARTESIAN_POINT ( 'NONE',  ( 327.8592118460059055, 2.123865350153046894, 224.5893717642675540 ) ) ;
#3582 = ORIENTED_EDGE ( 'NONE', *, *, #579, .T. ) ;
#3583 = CARTESIAN_POINT ( 'NONE',  ( 333.0743357631888557, -2.204254793061692919, 224.0486558880819814 ) ) ;
#3584 = CARTESIAN_POINT ( 'NONE',  ( 319.3758862322689538, -0.2534755244859375201, 353.8199385702899917 ) ) ;
#3585 = ORIENTED_EDGE ( 'NONE', *, *, #2343, .T. ) ;
#3586 = CARTESIAN_POINT ( 'NONE',  ( 193.3333333323510033, -6.706862923142619337, 250.7127431795905181 ) ) ;
#3587 = CARTESIAN_POINT ( 'NONE',  ( 333.4173437159379318, -4.591574355963560450, 250.1438482610144831 ) ) ;
#3588 = EDGE_CURVE ( 'NONE', #1279, #1819, #2778, .T. ) ;
#3589 = CARTESIAN_POINT ( 'NONE',  ( 333.3446853814144788, -0.03132198837772334765, 223.1300162731004662 ) ) ;
#3590 = CARTESIAN_POINT ( 'NONE',  ( 386.6666666647025181, -5.677728190836610622, 385.5240380374955294 ) ) ;
#3591 = ORIENTED_EDGE ( 'NONE', *, *, #1306, .T. ) ;
#3592 = CARTESIAN_POINT ( 'NONE',  ( 414.9367889235229541, 0.6141725359915889415, 282.0817145493894600 ) ) ;
#3593 = ORIENTED_EDGE ( 'NONE', *, *, #3441, .F. ) ;
#3594 = DIRECTION ( 'NONE',  ( 0.000000000000000000, 0.000000000000000000, -1.000000000000000000 ) ) ;
#3595 = CARTESIAN_POINT ( 'NONE',  ( 193.3333333323510033, -6.025824523911690100, 441.7841423508044727 ) ) ;
#3596 = CARTESIAN_POINT ( 'NONE',  ( 118.4367889235230109, 6.474332807188249994, 0.000000000000000000 ) ) ;
#3597 = ADVANCED_FACE ( 'NONE', ( #1243 ), #1788, .F. ) ;
#3598 = LINE ( 'NONE', #2079, #200 ) ;
#3599 = FACE_OUTER_BOUND ( 'NONE', #2004, .T. ) ;
#3600 = CARTESIAN_POINT ( 'NONE',  ( 324.2252845314825436, 10.43787336049178016, 246.1842773039920189 ) ) ;
#3601 = CARTESIAN_POINT ( 'NONE',  ( 328.1069685205305859, 0.8835863169583003662, 223.3811053500066635 ) ) ;
#3602 = CARTESIAN_POINT ( 'NONE',  ( 329.2990580004279764, -5.365983731470933549, 242.5441671907940702 ) ) ;
#3603 = CARTESIAN_POINT ( 'NONE',  ( 329.4414926671357193, 10.55487633347622811, 241.8462645523487993 ) ) ;
#3604 = ORIENTED_EDGE ( 'NONE', *, *, #2720, .T. ) ;
#3605 = CARTESIAN_POINT ( 'NONE',  ( 193.3333333323510033, -1.689577546666604979, 213.0401703756484721 ) ) ;
#3606 = LINE ( 'NONE', #255, #2329 ) ;
#3607 = VECTOR ( 'NONE', #302, 1000.000000000000000 ) ;
#3608 = CARTESIAN_POINT ( 'NONE',  ( 328.7564685072190400, -0.02560638782592319918, 222.8220642985469908 ) ) ;
#3609 = ADVANCED_FACE ( 'NONE', ( #632 ), #1858, .T. ) ;
#3610 = CARTESIAN_POINT ( 'NONE',  ( 579.9999999970530098, -3.830333945579375232, 249.6992205581954920 ) ) ;
#3611 = ORIENTED_EDGE ( 'NONE', *, *, #672, .T. ) ;
#3612 = ORIENTED_EDGE ( 'NONE', *, *, #2614, .T. ) ;
#3613 = DIRECTION ( 'NONE',  ( 0.9970796596427953240, 0.002571963139560310817, -0.07632520771158181339 ) ) ;
#3614 = AXIS2_PLACEMENT_3D ( 'NONE', #439, #3260, #1107 ) ;
#3615 = DIRECTION ( 'NONE',  ( 0.000000000000000000, -1.000000000000000000, 0.000000000000000000 ) ) ;
#3616 = CARTESIAN_POINT ( 'NONE',  ( 436.1579611584680833, -4.140065688027632973, 330.6817145493894827 ) ) ;
#3617 = ORIENTED_EDGE ( 'NONE', *, *, #3679, .F. ) ;
#3618 = CARTESIAN_POINT ( 'NONE',  ( 416.1433925367252300, -4.381273848795745884, 282.3694135013614073 ) ) ;
#3619 = CARTESIAN_POINT ( 'NONE',  ( 328.8122067236914745, 9.542661327853320330, 242.7000971839950125 ) ) ;
#3620 = CARTESIAN_POINT ( 'NONE',  ( 329.1823904325090098, -4.204235283590739058, 243.1158160270024950 ) ) ;
#3621 = CARTESIAN_POINT ( 'NONE',  ( 579.9999999970530098, -2.452747206727054999E-11, 238.5133111311284893 ) ) ;
#3622 = VECTOR ( 'NONE', #765, 1000.000000000000114 ) ;
#3623 = CARTESIAN_POINT ( 'NONE',  ( 329.2711923274397918, -5.375951473733310948, 242.6807032710202066 ) ) ;
#3624 = DIRECTION ( 'NONE',  ( 0.000000000000000000, 1.000000000000000000, 0.000000000000000000 ) ) ;
#3625 = ORIENTED_EDGE ( 'NONE', *, *, #3271, .T. ) ;
#3626 = CARTESIAN_POINT ( 'NONE',  ( 322.4483194174736127, -4.693009967632489676, 251.1070613271744776 ) ) ;
#3627 = CARTESIAN_POINT ( 'NONE',  ( 328.8238696837009911, -3.445461664814189806, 234.7257325717694982 ) ) ;
#3628 = CARTESIAN_POINT ( 'NONE',  ( 328.7711401708920675, 0.4307191100261529848, 223.0644068496769989 ) ) ;
#3629 = CARTESIAN_POINT ( 'NONE',  ( 386.6666666647020065, -5.775366431396389721, 258.4073362631829696 ) ) ;
#3630 = ORIENTED_EDGE ( 'NONE', *, *, #2292, .F. ) ;
#3631 = EDGE_LOOP ( 'NONE', ( #517, #630, #399, #1642 ) ) ;
#3632 = CARTESIAN_POINT ( 'NONE',  ( 417.4364902824493697, -4.245785805689093806, 329.1399914273491163 ) ) ;
#3633 = EDGE_CURVE ( 'NONE', #2086, #2112, #874, .T. ) ;
#3634 = DIRECTION ( 'NONE',  ( 0.000000000000000000, 1.000000000000000000, 0.000000000000000000 ) ) ;
#3635 = CARTESIAN_POINT ( 'NONE',  ( 579.9999999970530098, 2.661510109830854898, 240.4789931181245208 ) ) ;
#3636 = ORIENTED_EDGE ( 'NONE', *, *, #3418, .T. ) ;
#3637 = CARTESIAN_POINT ( 'NONE',  ( 416.8672661583805166, -4.392655685207903282, 286.1708861432991853 ) ) ;
#3638 = LINE ( 'NONE', #5, #3790 ) ;
#3639 = CARTESIAN_POINT ( 'NONE',  ( 0.000000000000000000, -3.869566342698525234E-11, 199.5133111311280061 ) ) ;
#3640 = ORIENTED_EDGE ( 'NONE', *, *, #3800, .F. ) ;
#3641 = CARTESIAN_POINT ( 'NONE',  ( 329.2897729923743668, -5.369312765734968629, 242.5896618748456319 ) ) ;
#3642 = CARTESIAN_POINT ( 'NONE',  ( 413.1480279293472790, 0.7434519226424921579, 330.9282954118895077 ) ) ;
#3643 = ORIENTED_EDGE ( 'NONE', *, *, #488, .T. ) ;
#3644 = CARTESIAN_POINT ( 'NONE',  ( 414.9367889235064695, 0.5948932482204040140, 287.0817145493894600 ) ) ;
#3645 = LINE ( 'NONE', #3723, #598 ) ;
#3646 = ADVANCED_FACE ( 'NONE', ( #280 ), #2719, .F. ) ;
#3647 = CARTESIAN_POINT ( 'NONE',  ( 319.5806868552369906, 0.0001105520269508406016, 222.2095518548949826 ) ) ;
#3648 = CARTESIAN_POINT ( 'NONE',  ( 0.000000000000000000, -7.903040807874520901, 253.8147977847374648 ) ) ;
#3649 = ORIENTED_EDGE ( 'NONE', *, *, #3427, .F. ) ;
#3650 = DIRECTION ( 'NONE',  ( 0.000000000000000000, -1.000000000000000000, 0.000000000000000000 ) ) ;
#3651 = CARTESIAN_POINT ( 'NONE',  ( 327.3410231781198831, 11.48915038090436802, 252.1381639531053338 ) ) ;
#3652 = CARTESIAN_POINT ( 'NONE',  ( 0.000000000000000000, -3.869566342698525234E-11, 199.5133111311280061 ) ) ;
#3653 = ORIENTED_EDGE ( 'NONE', *, *, #421, .T. ) ;
#3654 = CARTESIAN_POINT ( 'NONE',  ( 417.2255935555734254, -4.389047811839178692, 285.6006128091201504 ) ) ;
#3655 = CARTESIAN_POINT ( 'NONE',  ( 328.1646542619339471, -4.516038066080628965, 248.1025289198377948 ) ) ;
#3656 = CARTESIAN_POINT ( 'NONE',  ( 315.0370945548290251, -6.142331534963279438, 304.6168428054355104 ) ) ;
#3657 = ORIENTED_EDGE ( 'NONE', *, *, #1937, .T. ) ;
#3658 = CARTESIAN_POINT ( 'NONE',  ( 310.0370945548290251, -6.263560383238849560, 350.0490072689120211 ) ) ;
#3659 = PLANE ( 'NONE',  #1668 ) ;
#3660 = VERTEX_POINT ( 'NONE', #1954 ) ;
#3661 = CARTESIAN_POINT ( 'NONE',  ( 324.1601951235294337, -4.215770879451199882, 242.7195494881678144 ) ) ;
#3662 = FACE_OUTER_BOUND ( 'NONE', #2775, .T. ) ;
#3663 = AXIS2_PLACEMENT_3D ( 'NONE', #2093, #2114, #3296 ) ;
#3664 = CARTESIAN_POINT ( 'NONE',  ( 412.4368029944463956, -4.410337141948404316, 284.5997027128809123 ) ) ;
#3665 = EDGE_CURVE ( 'NONE', #897, #2824, #358, .T. ) ;
#3666 = AXIS2_PLACEMENT_3D ( 'NONE', #3509, #1403, #3254 ) ;
#3667 = CARTESIAN_POINT ( 'NONE',  ( 579.9999999970530098, -1.969755189242204940, 390.8208460070080150 ) ) ;
#3668 = CARTESIAN_POINT ( 'NONE',  ( 319.5888697901890509, -0.2953583985215689767, 222.2916598821539935 ) ) ;
#3669 = CARTESIAN_POINT ( 'NONE',  ( 0.000000000000000000, -8.138682956222998754, 278.0087147673944514 ) ) ;
#3670 = ORIENTED_EDGE ( 'NONE', *, *, #1047, .T. ) ;
#3671 = CARTESIAN_POINT ( 'NONE',  ( 445.0185472759409890, -5.553027093206109654, 353.3304101192044868 ) ) ;
#3672 = DIRECTION ( 'NONE',  ( -0.9999999999999996669, 0.000000000000000000, -2.291558898245093933E-08 ) ) ;
#3673 = CARTESIAN_POINT ( 'NONE',  ( 579.9999999970530098, 4.033212153983865456, 242.5533110923769868 ) ) ;
#3674 = ORIENTED_EDGE ( 'NONE', *, *, #636, .F. ) ;
#3675 = CARTESIAN_POINT ( 'NONE',  ( 319.7340254802990103, -5.093461917049689980, 264.4069360666575221 ) ) ;
#3676 = CARTESIAN_POINT ( 'NONE',  ( 329.2301302968998016, -4.187466382914029062, 242.8818998077080948 ) ) ;
#3677 = CARTESIAN_POINT ( 'NONE',  ( 315.0370945548290251, -9.500557628077819672, 300.5015120783850193 ) ) ;
#3678 = ORIENTED_EDGE ( 'NONE', *, *, #847, .F. ) ;
#3679 = EDGE_CURVE ( 'NONE', #235, #2395, #2626, .T. ) ;
#3680 = CARTESIAN_POINT ( 'NONE',  ( 333.3577337819436934, -1.452307900696867993, 222.6563448223458579 ) ) ;
#3681 = CARTESIAN_POINT ( 'NONE',  ( 118.4367889235230109, -1.525667192811740014, 321.8817145493894714 ) ) ;
#3682 = VECTOR ( 'NONE', #1734, 1000.000000000000000 ) ;
#3683 = ADVANCED_FACE ( 'NONE', ( #3693 ), #2214, .F. ) ;
#3684 = CARTESIAN_POINT ( 'NONE',  ( 323.0125264917579671, -7.156911992869090966, 248.3429071604392391 ) ) ;
#3685 = DIRECTION ( 'NONE',  ( 1.000000000000000000, 0.000000000000000000, 0.000000000000000000 ) ) ;
#3686 = CARTESIAN_POINT ( 'NONE',  ( 414.9367889235015241, 0.7573911771075539923, 331.6817145493894827 ) ) ;
#3687 = CARTESIAN_POINT ( 'NONE',  ( 413.6014340009146508, 0.6051185529602950419, 282.4658519250209565 ) ) ;
#3688 = LINE ( 'NONE', #2794, #2176 ) ;
#3689 = CARTESIAN_POINT ( 'NONE',  ( 579.9999999970530098, -4.288441108073365093, 402.5788312642365554 ) ) ;
#3690 = CARTESIAN_POINT ( 'NONE',  ( 319.6114246054964383, -0.6328576033582469229, 222.6208208657725152 ) ) ;
#3691 = CARTESIAN_POINT ( 'NONE',  ( 386.6666666647020065, -6.161060105321070068, 294.7877091421009936 ) ) ;
#3692 = ORIENTED_EDGE ( 'NONE', *, *, #2228, .T. ) ;
#3693 = FACE_OUTER_BOUND ( 'NONE', #2696, .T. ) ;
#3694 = CARTESIAN_POINT ( 'NONE',  ( 386.6666666647020065, 13.85879363688260035, 268.4212721551975278 ) ) ;
#3695 = VERTEX_POINT ( 'NONE', #955 ) ;
#3696 = CARTESIAN_POINT ( 'NONE',  ( 414.6906355786368863, -4.243871662964434854, 331.6817145493915291 ) ) ;
#3697 = DIRECTION ( 'NONE',  ( 1.000000000000000000, 0.000000000000000000, 0.000000000000000000 ) ) ;
#3698 = CARTESIAN_POINT ( 'NONE',  ( 315.0370945548290251, -6.299079094051539762, 304.5604666339950199 ) ) ;
#3699 = CARTESIAN_POINT ( 'NONE',  ( 333.4312931587881508, -1.087169169265029156, 222.2970253200948605 ) ) ;
#3700 = CARTESIAN_POINT ( 'NONE',  ( 412.4452016702326773, 0.7275847990720833991, 328.9726064715976008 ) ) ;
#3701 = ORIENTED_EDGE ( 'NONE', *, *, #778, .F. ) ;
#3702 = CARTESIAN_POINT ( 'NONE',  ( 324.1627436113827230, -4.214874161529515106, 242.7070624134003936 ) ) ;
#3703 = DIRECTION ( 'NONE',  ( 0.000000000000000000, -1.000000000000000000, 0.000000000000000000 ) ) ;
#3704 = CARTESIAN_POINT ( 'NONE',  ( 445.0185472759409890, -7.699999999999999289, 281.0817145493894600 ) ) ;
#3705 = CARTESIAN_POINT ( 'NONE',  ( 413.1502294748387385, -4.398995875589916338, 282.8329309215393437 ) ) ;
#3706 = CARTESIAN_POINT ( 'NONE',  ( 579.9999999970530098, 6.286797556005609522, 343.1633722646575393 ) ) ;
#3707 = EDGE_CURVE ( 'NONE', #3159, #3520, #475, .T. ) ;
#3708 = CARTESIAN_POINT ( 'NONE',  ( 324.2054653533330111, -0.7087775188580089925, 223.0404803151040198 ) ) ;
#3709 = AXIS2_PLACEMENT_3D ( 'NONE', #1214, #1848, #3345 ) ;
#3710 = DIRECTION ( 'NONE',  ( 0.07632546015824470675, 0.000000000000000000, 0.9970829574973348874 ) ) ;
#3711 = VERTEX_POINT ( 'NONE', #3398 ) ;
#3712 = FACE_OUTER_BOUND ( 'NONE', #1245, .T. ) ;
#3713 = CARTESIAN_POINT ( 'NONE',  ( 418.4367889235230109, -4.372633561606570574, 283.0817145493894600 ) ) ;
#3714 = CARTESIAN_POINT ( 'NONE',  ( 0.000000000000000000, 12.58377223271068068, 221.8964532117460067 ) ) ;
#3715 = ORIENTED_EDGE ( 'NONE', *, *, #3256, .F. ) ;
#3716 = CARTESIAN_POINT ( 'NONE',  ( 412.4368011634361437, -4.271115099549771088, 329.1896718426471011 ) ) ;
#3717 = EDGE_CURVE ( 'NONE', #2377, #48, #1719, .T. ) ;
#3718 = CARTESIAN_POINT ( 'NONE',  ( 333.2561656528577032, -0.1621212438122989485, 223.1550953597314049 ) ) ;
#3719 = CARTESIAN_POINT ( 'NONE',  ( 319.6104122379489922, 2.739127594082774841, 224.7527168763544694 ) ) ;
#3720 = VERTEX_POINT ( 'NONE', #1621 ) ;
#3721 = CARTESIAN_POINT ( 'NONE',  ( 412.4368523849322514, 0.7287161807500391886, 329.1626116291675999 ) ) ;
#3722 = CARTESIAN_POINT ( 'NONE',  ( 328.2288681146049498, -0.05644545229332299102, 222.7877099646453303 ) ) ;
#3723 = CARTESIAN_POINT ( 'NONE',  ( 118.4367889235230109, 6.474332807188249994, 319.8817145493894714 ) ) ;
#3724 = CARTESIAN_POINT ( 'NONE',  ( 411.4367889235229541, -5.854274730475020228, 332.6817145493894827 ) ) ;
#3725 = CARTESIAN_POINT ( 'NONE',  ( 413.4367889235229541, 6.474332807188249994, 319.8817145493894714 ) ) ;
#3726 = CARTESIAN_POINT ( 'NONE',  ( 0.000000000000000000, 1.712573641261869950, 412.3034159109440111 ) ) ;
#3727 = CARTESIAN_POINT ( 'NONE',  ( 324.1702298489585132, -0.1115118059302191850, 222.5266701909334870 ) ) ;
#3728 = DIRECTION ( 'NONE',  ( -0.07632546015824341612, 0.000000000000000000, -0.9970829574973351095 ) ) ;
#3729 = ORIENTED_EDGE ( 'NONE', *, *, #1221, .F. ) ;
#3730 = CARTESIAN_POINT ( 'NONE',  ( 415.8392985380993423, 0.6000532103420787022, 286.9248658287000922 ) ) ;
#3731 = ADVANCED_FACE ( 'NONE', ( #3452 ), #2233, .T. ) ;
#3732 = CARTESIAN_POINT ( 'NONE',  ( 310.0370945548290251, 15.32901516528744956, 292.4205219405874914 ) ) ;
#3733 = CARTESIAN_POINT ( 'NONE',  ( 386.6666666647020065, 13.07726766458431911, 311.5408364025354899 ) ) ;
#3734 =( BOUNDED_CURVE ( )  B_SPLINE_CURVE ( 3, ( #1552, #3684, #3104, #2811 ),
 .UNSPECIFIED., .F., .F. ) 
 B_SPLINE_CURVE_WITH_KNOTS ( ( 4, 4 ),
 ( 3.141592653589795336, 6.283185307179590673 ),
 .UNSPECIFIED. ) 
 CURVE ( )  GEOMETRIC_REPRESENTATION_ITEM ( )  RATIONAL_B_SPLINE_CURVE ( ( 1.000000000000000000, 0.3333333333333335369, 0.3333333333333335369, 1.000000000000000000 ) ) 
 REPRESENTATION_ITEM ( '' )  );
#3735 = ORIENTED_EDGE ( 'NONE', *, *, #1599, .F. ) ;
#3736 = CARTESIAN_POINT ( 'NONE',  ( 412.5050241497638694, -4.266938078747978480, 329.7844442286508979 ) ) ;
#3737 = CARTESIAN_POINT ( 'NONE',  ( 333.2594104845200604, 0.03460973867726742370, 223.1391963042061946 ) ) ;
#3738 = CARTESIAN_POINT ( 'NONE',  ( 328.7749348950250123, 0.9468138248570669990, 223.4771837223474904 ) ) ;
#3739 = CARTESIAN_POINT ( 'NONE',  ( 433.8246393007752317, -4.139351952303450766, 332.6817145493894827 ) ) ;
#3740 = CARTESIAN_POINT ( 'NONE',  ( 327.9247814750657994, -1.145131786325720213, 224.2750206848674566 ) ) ;
#3741 = CARTESIAN_POINT ( 'NONE',  ( 411.4367889235229541, -5.904973816523150454, 324.6372813241350173 ) ) ;
#3742 = DIRECTION ( 'NONE',  ( 0.000000000000000000, -1.000000000000000000, 0.000000000000000000 ) ) ;
#3743 = CARTESIAN_POINT ( 'NONE',  ( 0.000000000000000000, -7.965129795698270954, 332.7649557612894569 ) ) ;
#3744 = CARTESIAN_POINT ( 'NONE',  ( 328.8127344049109979, -2.025474950691789733, 226.8888428144085196 ) ) ;
#3745 = FACE_OUTER_BOUND ( 'NONE', #2131, .T. ) ;
#3746 = EDGE_LOOP ( 'NONE', ( #3617, #1228, #3433, #2037 ) ) ;
#3747 = CARTESIAN_POINT ( 'NONE',  ( 411.4628465916174491, -0.2218440020325855022, 376.8585635946874959 ) ) ;
#3748 = CARTESIAN_POINT ( 'NONE',  ( 319.9037641462419970, 14.40419475622140055, 264.4069360666575221 ) ) ;
#3749 = CARTESIAN_POINT ( 'NONE',  ( 386.6666666647025181, -0.05509682441517350232, 394.0997390200585073 ) ) ;
#3750 = EDGE_CURVE ( 'NONE', #650, #2716, #2673, .T. ) ;
#3751 = ORIENTED_EDGE ( 'NONE', *, *, #973, .T. ) ;
#3752 = CARTESIAN_POINT ( 'NONE',  ( 412.4368163689700850, -4.271087598242635508, 329.1940519547846975 ) ) ;
#3753 = CARTESIAN_POINT ( 'NONE',  ( 333.0081368212178177, -1.042567514169954190, 224.3703892721343038 ) ) ;
#3754 = CARTESIAN_POINT ( 'NONE',  ( 324.2047315293795009, 3.714438347643274962, 226.5980940362415197 ) ) ;
#3755 = CARTESIAN_POINT ( 'NONE',  ( 310.0370945548290251, -6.543454212043250173, 297.9020880243384681 ) ) ;
#3756 = CARTESIAN_POINT ( 'NONE',  ( 310.0370945548290251, -3.525667192811749562, 311.8817145493894714 ) ) ;
#3757 = ORIENTED_EDGE ( 'NONE', *, *, #1880, .T. ) ;
#3758 = CARTESIAN_POINT ( 'NONE',  ( 328.1919273444729015, 0.3423230121718022212, 222.9648384265130971 ) ) ;
#3759 = LINE ( 'NONE', #3248, #1060 ) ;
#3760 = EDGE_LOOP ( 'NONE', ( #1304, #3138, #3513, #691, #3640, #3890 ) ) ;
#3761 = CARTESIAN_POINT ( 'NONE',  ( 333.4428481165277276, 0.8899442748654570190, 222.2394943334265633 ) ) ;
#3762 = CARTESIAN_POINT ( 'NONE',  ( 386.6666666647020065, -6.083877520582039899, 315.6127975168554940 ) ) ;
#3763 = EDGE_CURVE ( 'NONE', #2501, #1623, #1049, .T. ) ;
#3764 = CARTESIAN_POINT ( 'NONE',  ( 333.3940123787500056, -1.027608348502500046, 224.3604688071019950 ) ) ;
#3765 = DIRECTION ( 'NONE',  ( 0.000000000000000000, -1.000000000000000000, 0.000000000000000000 ) ) ;
#3766 = CARTESIAN_POINT ( 'NONE',  ( 340.4623613274989680, -0.2020362616947204981, 367.2496787785179890 ) ) ;
#3767 = CARTESIAN_POINT ( 'NONE',  ( 417.4361671642220131, 0.6154699120567094228, 284.6416492076012901 ) ) ;
#3768 = CARTESIAN_POINT ( 'NONE',  ( 310.0370945548289683, -4.803875322848003115, 301.8817145493894714 ) ) ;
#3769 = CARTESIAN_POINT ( 'NONE',  ( 579.9999999970530098, -1.969755189242204940, 390.8208460070080150 ) ) ;
#3770 = ORIENTED_EDGE ( 'NONE', *, *, #3249, .T. ) ;
#3771 = DIRECTION ( 'NONE',  ( -0.9970796596427955460, -0.002571963139560308649, 0.07632520771158046724 ) ) ;
#3772 = CARTESIAN_POINT ( 'NONE',  ( 333.0398588798882997, -0.9776569624630355726, 224.2149572421720620 ) ) ;
#3773 = CARTESIAN_POINT ( 'NONE',  ( 319.6016539415659850, 1.608203980014365042, 223.4598341276174835 ) ) ;
#3774 = CARTESIAN_POINT ( 'NONE',  ( 422.5633882552519935, -4.334944448512825232, 280.2731100693195003 ) ) ;
#3775 = CARTESIAN_POINT ( 'NONE',  ( 324.2290164329949675, 12.38550072471876007, 257.4829416062940481 ) ) ;
#3776 = CARTESIAN_POINT ( 'NONE',  ( 327.4546706899225228, -1.962995944049686470, 226.5772485727988226 ) ) ;
#3777 = CARTESIAN_POINT ( 'NONE',  ( 413.4367889235229541, -4.415054022863574623, 288.0817145493894600 ) ) ;
#3778 = CARTESIAN_POINT ( 'NONE',  ( 333.4686891037562191, 0.6569902239883363970, 222.1137294519713521 ) ) ;
#3779 = CARTESIAN_POINT ( 'NONE',  ( 386.6666666647020065, -5.634577376048330422, 393.4924128655395066 ) ) ;
#3780 = CARTESIAN_POINT ( 'NONE',  ( 333.3999091114624775, -1.890239026480595053, 226.7472889256094959 ) ) ;
#3781 = CARTESIAN_POINT ( 'NONE',  ( 445.0185472759409890, -4.086146914736386471, 332.0150478827228540 ) ) ;
#3782 = ORIENTED_EDGE ( 'NONE', *, *, #3524, .T. ) ;
#3783 = CARTESIAN_POINT ( 'NONE',  ( 417.4139319377361517, 0.6142792693724548059, 284.9269554057339064 ) ) ;
#3784 = CARTESIAN_POINT ( 'NONE',  ( 417.4697244939465008, 0.6273077384123370015, 282.1001102781920622 ) ) ;
#3785 = CARTESIAN_POINT ( 'NONE',  ( 579.9999999970530098, 12.08411726914920159, 295.3193184898790378 ) ) ;
#3786 = DIRECTION ( 'NONE',  ( -0.07632546015824470675, 0.000000000000000000, -0.9970829574973348874 ) ) ;
#3787 = ORIENTED_EDGE ( 'NONE', *, *, #2414, .T. ) ;
#3788 = CARTESIAN_POINT ( 'NONE',  ( 416.0897047893533340, 0.7337318816051467962, 326.9393789125354033 ) ) ;
#3789 = CARTESIAN_POINT ( 'NONE',  ( 193.3333333323510033, 12.62964796733158046, 238.6057420120375241 ) ) ;
#3790 = VECTOR ( 'NONE', #1828, 1000.000000000000000 ) ;
#3791 = CARTESIAN_POINT ( 'NONE',  ( 333.0367028632926463, -0.9841747692839993844, 224.2304211208296749 ) ) ;
#3792 = CARTESIAN_POINT ( 'NONE',  ( 328.7835084990895211, 2.157798283135314854, 224.6957550414749960 ) ) ;
#3793 = FACE_OUTER_BOUND ( 'NONE', #3041, .T. ) ;
#3794 = CARTESIAN_POINT ( 'NONE',  ( 312.4253835949494942, -6.525222351691747136, 300.2181901289433199 ) ) ;
#3795 = CARTESIAN_POINT ( 'NONE',  ( 118.4367889235230109, -3.525667192811749562, 301.8817145493895282 ) ) ;
#3796 = CIRCLE ( 'NONE', #861, 2.000000000000001776 ) ;
#3797 = CARTESIAN_POINT ( 'NONE',  ( 328.0939952298503499, -0.7887180182255648653, 223.4379225312775645 ) ) ;
#3798 = CARTESIAN_POINT ( 'NONE',  ( 340.4623613274989680, -40.00000000000000000, 367.2496787785179890 ) ) ;
#3799 = CARTESIAN_POINT ( 'NONE',  ( 332.0668517592418425, 6.069483021466121286, 228.9842246464698121 ) ) ;
#3800 = EDGE_CURVE ( 'NONE', #2781, #48, #1908, .T. ) ;
#3801 = AXIS2_PLACEMENT_3D ( 'NONE', #481, #2038, #1747 ) ;
#3802 = CARTESIAN_POINT ( 'NONE',  ( 386.6666666647020065, -5.420512167452220531, 412.1310864783854981 ) ) ;
#3803 = CARTESIAN_POINT ( 'NONE',  ( 319.6300395588829701, -1.479930816394025905, 224.5640154687495169 ) ) ;
#3804 = DIRECTION ( 'NONE',  ( -0.07632546015824470675, 0.000000000000000000, -0.9970829574973348874 ) ) ;
#3805 = CARTESIAN_POINT ( 'NONE',  ( 417.0930290733971333, 0.6192350635288692562, 283.2721454879001612 ) ) ;
#3806 = VECTOR ( 'NONE', #3086, 1000.000000000000000 ) ;
#3807 = CARTESIAN_POINT ( 'NONE',  ( 415.7768958742064456, 0.6032126778101219999, 285.4487538401450024 ) ) ;
#3808 = CARTESIAN_POINT ( 'NONE',  ( 193.3333333323510033, -6.294774974397379985, 429.2302680798250094 ) ) ;
#3809 = B_SPLINE_CURVE_WITH_KNOTS ( 'NONE', 3,
 ( #899, #916, #2704, #1567 ),
 .UNSPECIFIED., .F., .F.,
 ( 4, 4 ),
 ( 0.2327266426237890040, 0.4249923487174619985 ),
 .UNSPECIFIED. ) ;
#3810 = CARTESIAN_POINT ( 'NONE',  ( 312.0370945548290251, -3.525667192811749562, 301.8817145493895282 ) ) ;
#3811 = CARTESIAN_POINT ( 'NONE',  ( 445.0185472759409890, 3.018852245941620271, 231.6665722718324787 ) ) ;
#3812 = EDGE_LOOP ( 'NONE', ( #2900, #3929, #3337, #658 ) ) ;
#3813 = CARTESIAN_POINT ( 'NONE',  ( 416.8055364639258187, 0.7409138402724452233, 327.5208148111697710 ) ) ;
#3814 = CARTESIAN_POINT ( 'NONE',  ( 193.3333333323510033, 0.5840579286484740562, 212.5287729211144949 ) ) ;
#3815 = CARTESIAN_POINT ( 'NONE',  ( 333.2477925227224205, 0.1624207629582712920, 223.1961220984927081 ) ) ;
#3816 = CARTESIAN_POINT ( 'NONE',  ( 324.1677545752054925, -0.02524929747870555130, 222.5135361428764895 ) ) ;
#3817 = ADVANCED_FACE ( 'NONE', ( #2916 ), #140, .F. ) ;
#3818 = CARTESIAN_POINT ( 'NONE',  ( 411.2352954020435050, -4.397551436717130890, 306.8980001130710207 ) ) ;
#3819 = CARTESIAN_POINT ( 'NONE',  ( 313.9924901209593031, -6.512887253531740583, 301.7485415760126557 ) ) ;
#3820 = PLANE ( 'NONE',  #3157 ) ;
#3821 = CARTESIAN_POINT ( 'NONE',  ( 328.1053186723377735, 0.8932915275992936444, 223.3891974369518039 ) ) ;
#3822 = CARTESIAN_POINT ( 'NONE',  ( 118.4367889235230109, -3.525667192811749562, 311.8817145493894714 ) ) ;
#3823 = CARTESIAN_POINT ( 'NONE',  ( 332.8881913463339401, 3.672712342014893494, 224.9555035394923550 ) ) ;
#3824 = CARTESIAN_POINT ( 'NONE',  ( 579.9999999970530098, -4.546249360507059301, 395.0319048769459869 ) ) ;
#3825 = CARTESIAN_POINT ( 'NONE',  ( 324.2187534908960060, -1.470481962660926012, 224.8611723303685039 ) ) ;
#3826 = CARTESIAN_POINT ( 'NONE',  ( 416.6558916527887959, 0.6055993517490583233, 286.3970120336156810 ) ) ;
#3827 = EDGE_CURVE ( 'NONE', #758, #957, #2570, .T. ) ;
#3828 = DIRECTION ( 'NONE',  ( 1.000000000000000000, 0.000000000000000000, 0.000000000000000000 ) ) ;
#3829 = CARTESIAN_POINT ( 'NONE',  ( 579.9999999970530098, -3.946952243843885100, 401.3968860776000156 ) ) ;
#3830 = DIRECTION ( 'NONE',  ( 0.000000000000000000, 2.125036258071586797E-14, 1.000000000000000000 ) ) ;
#3831 = CARTESIAN_POINT ( 'NONE',  ( 445.0185472759409890, 5.256911011296610425, 359.2460327981115142 ) ) ;
#3832 = ORIENTED_EDGE ( 'NONE', *, *, #2965, .F. ) ;
#3833 = CARTESIAN_POINT ( 'NONE',  ( 415.1835731153247480, -4.272559685902416859, 326.6817145493894827 ) ) ;
#3834 = CARTESIAN_POINT ( 'NONE',  ( 386.6666666647025181, 6.439140651349280375, 233.5687738193450116 ) ) ;
#3835 = CARTESIAN_POINT ( 'NONE',  ( 330.4614699868973275, 7.919546761659399969, 236.8485704586082079 ) ) ;
#3836 = FACE_OUTER_BOUND ( 'NONE', #2690, .T. ) ;
#3837 = CARTESIAN_POINT ( 'NONE',  ( 312.9753231572879599, -6.521219604343778009, 300.6891903870481428 ) ) ;
#3838 = CARTESIAN_POINT ( 'NONE',  ( 333.4034358953370543, 10.71718313376346110, 248.4824793006785058 ) ) ;
#3839 = ADVANCED_FACE ( 'NONE', ( #530 ), #179, .T. ) ;
#3840 = CARTESIAN_POINT ( 'NONE',  ( 326.3294263496795224, 6.305353781672464741, 232.0906119677916308 ) ) ;
#3841 = LINE ( 'NONE', #2028, #1398 ) ;
#3842 = CARTESIAN_POINT ( 'NONE',  ( 329.8856804955455004, 9.977244345854826335, 239.6700603073480522 ) ) ;
#3843 = CARTESIAN_POINT ( 'NONE',  ( 193.3333333323510033, -0.4512635983332909939, 212.5013648110065105 ) ) ;
#3844 = CARTESIAN_POINT ( 'NONE',  ( 328.8209576874115214, -2.890742772112679937, 230.9794351890635085 ) ) ;
#3845 = CARTESIAN_POINT ( 'NONE',  ( 415.5543930510292512, 0.6170019360122858121, 282.1385877660375172 ) ) ;
#3846 = ADVANCED_FACE ( 'NONE', ( #1102 ), #494, .F. ) ;
#3847 = DIRECTION ( 'NONE',  ( 0.000000000000000000, 0.000000000000000000, -1.000000000000000000 ) ) ;
#3848 = VECTOR ( 'NONE', #2894, 1000.000000000000000 ) ;
#3849 = CARTESIAN_POINT ( 'NONE',  ( 0.000000000000000000, -6.956796621827979088, 451.7784412453589766 ) ) ;
#3850 = PLANE ( 'NONE',  #3467 ) ;
#3851 = DIRECTION ( 'NONE',  ( 0.07632546015824470675, 0.000000000000000000, 0.9970829574973348874 ) ) ;
#3852 = EDGE_LOOP ( 'NONE', ( #850, #272, #1019, #2415 ) ) ;
#3853 = CARTESIAN_POINT ( 'NONE',  ( 416.8613664985586524, 0.7415902467536027443, 327.5850861021955893 ) ) ;
#3854 = EDGE_CURVE ( 'NONE', #919, #2514, #2334, .T. ) ;
#3855 = CARTESIAN_POINT ( 'NONE',  ( 0.000000000000000000, 18.32930396932230011, 256.2623385660224926 ) ) ;
#3856 = CARTESIAN_POINT ( 'NONE',  ( 333.2129672038806234, 0.4321767656920912914, 223.3667595107087038 ) ) ;
#3857 = AXIS2_PLACEMENT_3D ( 'NONE', #345, #2205, #2748 ) ;
#3858 = CARTESIAN_POINT ( 'NONE',  ( 445.0185355659219795, -4.222381424569579877, 281.0817142894495078 ) ) ;
#3859 = VECTOR ( 'NONE', #3613, 1000.000000000000114 ) ;
#3860 = LINE ( 'NONE', #2647, #2405 ) ;
#3861 = CARTESIAN_POINT ( 'NONE',  ( 319.6304961025834928, 7.823516118849038747, 235.8035896027305114 ) ) ;
#3862 = CARTESIAN_POINT ( 'NONE',  ( 322.8627369376960132, 11.06800537734434897, 249.0765828065961216 ) ) ;
#3863 = CARTESIAN_POINT ( 'NONE',  ( 329.0095721825341570, -5.466210174083211193, 243.9625695704629607 ) ) ;
#3864 = CARTESIAN_POINT ( 'NONE',  ( 412.3910963846254845, 0.7235858486252070287, 328.3886851617250500 ) ) ;
#3865 = CARTESIAN_POINT ( 'NONE',  ( 312.0370945548355053, -6.482496568953039606, 311.8817145493894714 ) ) ;
#3866 = CARTESIAN_POINT ( 'NONE',  ( 319.6520268844289490, -4.937389724235279331, 257.2351032273825240 ) ) ;
#3867 = CARTESIAN_POINT ( 'NONE',  ( 315.0370945548290251, -6.480903624744970060, 308.8817145493894714 ) ) ;
#3868 = CARTESIAN_POINT ( 'NONE',  ( 415.7768678135020082, 0.6095245499644420528, 283.7568951060400195 ) ) ;
#3869 = CARTESIAN_POINT ( 'NONE',  ( 386.6666666647020065, -5.176508820950279421, 419.6790967410229882 ) ) ;
#3870 = DIRECTION ( 'NONE',  ( -0.07632546015824470675, 0.000000000000000000, -0.9970829574973348874 ) ) ;
#3871 = CARTESIAN_POINT ( 'NONE',  ( 412.5376849254093941, -4.412194645946253324, 285.3010385296116738 ) ) ;
#3872 = ORIENTED_EDGE ( 'NONE', *, *, #1399, .T. ) ;
#3873 = CARTESIAN_POINT ( 'NONE',  ( 411.4367889235229541, 7.299999999999999822, 281.0817145493894600 ) ) ;
#3874 = CARTESIAN_POINT ( 'NONE',  ( 386.6666666647020065, 4.808815755796419289, 230.3302200179760177 ) ) ;
#3875 = CARTESIAN_POINT ( 'NONE',  ( 329.2003709576360393, 9.614028761870354600, 243.0277148873722695 ) ) ;
#3876 = CARTESIAN_POINT ( 'NONE',  ( 414.9367889235229541, 149.2235650228594181, 287.0817145493894600 ) ) ;
#3877 = CARTESIAN_POINT ( 'NONE',  ( 313.0304872781381960, -6.520773821499963319, 300.7390118984405376 ) ) ;
#3878 = CARTESIAN_POINT ( 'NONE',  ( 328.8043636904715186, 6.505098446107230536, 232.7585132861680108 ) ) ;
#3879 = AXIS2_PLACEMENT_3D ( 'NONE', #2639, #2597, #3491 ) ;
#3880 = ADVANCED_FACE ( 'NONE', ( #3273 ), #3489, .T. ) ;
#3881 = CARTESIAN_POINT ( 'NONE',  ( 326.2536008837918757, 6.454458599174890843, 232.4622470612355869 ) ) ;
#3882 = ORIENTED_EDGE ( 'NONE', *, *, #1985, .F. ) ;
#3883 = CARTESIAN_POINT ( 'NONE',  ( 326.4272068866471272, -6.078194471461225490, 256.6159836983715650 ) ) ;
#3884 = DIRECTION ( 'NONE',  ( -1.000000000000000000, 0.000000000000000000, 0.000000000000000000 ) ) ;
#3885 = CARTESIAN_POINT ( 'NONE',  ( 0.000000000000000000, -4.219827966912870210, 206.0754173260050095 ) ) ;
#3886 = CARTESIAN_POINT ( 'NONE',  ( 333.4185752327685464, -5.035558638787540175, 265.4013974686914707 ) ) ;
#3887 = EDGE_CURVE ( 'NONE', #1300, #2395, #829, .T. ) ;
#3888 = CARTESIAN_POINT ( 'NONE',  ( 319.5786772466314574, -0.03027465458623364997, 222.2044259064770131 ) ) ;
#3889 = CARTESIAN_POINT ( 'NONE',  ( 386.6666666647020065, -5.188915455063129123, 422.9413900255779595 ) ) ;
#3890 = ORIENTED_EDGE ( 'NONE', *, *, #2248, .F. ) ;
#3891 = CARTESIAN_POINT ( 'NONE',  ( 445.0185472759409890, 11.36726743669355955, 320.3398500104859750 ) ) ;
#3892 = ORIENTED_EDGE ( 'NONE', *, *, #1000, .F. ) ;
#3893 = CARTESIAN_POINT ( 'NONE',  ( 417.4355765670652545, -4.246061719633456022, 329.0972185449980998 ) ) ;
#3894 = CARTESIAN_POINT ( 'NONE',  ( 386.6666666647025181, -2.348547368065704966, 407.1102233377395123 ) ) ;
#3895 = CARTESIAN_POINT ( 'NONE',  ( 332.7164927448678213, 2.807577232849776561, 225.7993895550196726 ) ) ;
#3896 = PRODUCT ( 'WING 2R VTOL 2', 'WING 2R VTOL 2', '', ( #1237 ) ) ;
#3897 = CARTESIAN_POINT ( 'NONE',  ( 417.0077515759734865, -4.391376901970964752, 285.9849972580996678 ) ) ;
#3898 = CARTESIAN_POINT ( 'NONE',  ( 328.8019960219895097, 5.796357647046460393, 231.0230817459879802 ) ) ;
#3899 = AXIS2_PLACEMENT_3D ( 'NONE', #214, #3884, #825 ) ;
#3900 = CARTESIAN_POINT ( 'NONE',  ( 327.7072364508459259, 2.723902374745425181, 225.3396969218063361 ) ) ;
#3901 = B_SPLINE_CURVE_WITH_KNOTS ( 'NONE', 3,
 ( #2018, #3219, #2296, #2677, #2054, #3258, #832 ),
 .UNSPECIFIED., .F., .F.,
 ( 4, 3, 4 ),
 ( 0.1153178523784959969, 0.1603117351796889967, 0.2506942210625485168 ),
 .UNSPECIFIED. ) ;
#3902 = CARTESIAN_POINT ( 'NONE',  ( 445.0185472759415006, -7.699999999999999289, 332.6817145493894827 ) ) ;
#3903 = CARTESIAN_POINT ( 'NONE',  ( 418.4367889235230109, -4.389239799811164744, 288.0817145493894600 ) ) ;
#3904 = VERTEX_POINT ( 'NONE', #1675 ) ;
#3905 = CARTESIAN_POINT ( 'NONE',  ( 193.3333333323510033, -5.303512489585229694, 228.0014150919555220 ) ) ;
#3906 = CARTESIAN_POINT ( 'NONE',  ( 328.8248707242530031, -3.647941933388839875, 236.6150901882574829 ) ) ;
#3907 = CARTESIAN_POINT ( 'NONE',  ( 328.7632471658549775, 0.1057029456547933927, 222.8659018241390015 ) ) ;
#3908 = CARTESIAN_POINT ( 'NONE',  ( 193.3333333323510033, -6.836737455847010203, 354.0694408174595083 ) ) ;
#3909 = EDGE_LOOP ( 'NONE', ( #2264, #278, #2053, #1619 ) ) ;
#3910 = VERTEX_POINT ( 'NONE', #1380 ) ;
#3911 = CARTESIAN_POINT ( 'NONE',  ( 417.4289362836613009, -4.246871502586470726, 328.9763410972250881 ) ) ;
#3912 = CARTESIAN_POINT ( 'NONE',  ( 411.4368233289105206, -4.254222642592590198, 332.6817137798445287 ) ) ;
#3913 = SURFACE_STYLE_FILL_AREA ( #2682 ) ;
#3914 = ORIENTED_EDGE ( 'NONE', *, *, #2228, .F. ) ;
#3915 = CARTESIAN_POINT ( 'NONE',  ( 445.0185472759415006, -7.699999999999999289, 332.6817145493894827 ) ) ;
#3916 = CARTESIAN_POINT ( 'NONE',  ( 328.8131955366704915, 9.992505590371330015, 244.5443757701350194 ) ) ;
#3917 = CARTESIAN_POINT ( 'NONE',  ( 326.9469306605254246, -4.799132189210904009, 254.0691420349272960 ) ) ;
#3918 = CARTESIAN_POINT ( 'NONE',  ( 400.0000000000000000, 3.443088007130915340, 253.6429071604394778 ) ) ;
#3919 = CARTESIAN_POINT ( 'NONE',  ( 329.3030361486479478, -5.364554925868068480, 242.5246750432492604 ) ) ;
#3920 = CARTESIAN_POINT ( 'NONE',  ( 320.8491768785104910, 3.443088007130915340, 258.9429071604395176 ) ) ;
#3921 = ORIENTED_EDGE ( 'NONE', *, *, #1739, .T. ) ;
#3922 = CARTESIAN_POINT ( 'NONE',  ( 386.6666666647020065, -3.190613515628904828, 230.4749220973890260 ) ) ;
#3923 = CARTESIAN_POINT ( 'NONE',  ( 328.8201551362199666, -2.735847202002974932, 230.0443551289079949 ) ) ;
#3924 = VECTOR ( 'NONE', #476, 1000.000000000000000 ) ;
#3925 = EDGE_CURVE ( 'NONE', #1428, #2358, #2593, .T. ) ;
#3926 = CARTESIAN_POINT ( 'NONE',  ( 333.3451824392320191, -0.02596347817316185108, 223.1305924542174921 ) ) ;
#3927 = CARTESIAN_POINT ( 'NONE',  ( 579.9999999970530098, -1.884472597434355023, 240.4758978681774977 ) ) ;
#3928 = VERTEX_POINT ( 'NONE', #2051 ) ;
#3929 = ORIENTED_EDGE ( 'NONE', *, *, #2478, .F. ) ;
#3930 = PLANE ( 'NONE',  #724 ) ;
#3931 = CIRCLE ( 'NONE', #3614, 3.000000000000002665 ) ;
#3932 = CARTESIAN_POINT ( 'NONE',  ( 327.0294512740916844, 11.74108071074198456, 253.6648067862712992 ) ) ;
#3933 = LINE ( 'NONE', #2136, #764 ) ;
#3934 = ORIENTED_EDGE ( 'NONE', *, *, #62, .F. ) ;
#3935 = DIRECTION ( 'NONE',  ( 0.002564460613766883848, -0.9999966924973346938, -0.0001963062701369818353 ) ) ;
#3936 = EDGE_CURVE ( 'NONE', #1585, #259, #991, .T. ) ;
#3937 = CARTESIAN_POINT ( 'NONE',  ( 330.5399289533463048, -3.618965367899510177, 236.4641365052303854 ) ) ;
#3938 = CARTESIAN_POINT ( 'NONE',  ( 312.0218367319999970, -6.517146437704509410, 300.1296335609290509 ) ) ;
#3939 = CARTESIAN_POINT ( 'NONE',  ( 310.0370945548290251, 6.474332807188249994, 293.8817145493894714 ) ) ;
#3940 = B_SPLINE_CURVE_WITH_KNOTS ( 'NONE', 3,
 ( #3027, #3250, #508, #1570 ),
 .UNSPECIFIED., .F., .F.,
 ( 4, 4 ),
 ( 0.000000000000000000, 1.000000000000000000 ),
 .UNSPECIFIED. ) ;
#3941 = CARTESIAN_POINT ( 'NONE',  ( 413.6943319660630891, 0.7219340399571682054, 326.9882788375658151 ) ) ;
#3942 = VERTEX_POINT ( 'NONE', #2616 ) ;
#3943 = CARTESIAN_POINT ( 'NONE',  ( 326.2983007808987281, -3.121251609954778239, 232.2431935031787020 ) ) ;
#3944 = DIRECTION ( 'NONE',  ( -0.000000000000000000, 0.000000000000000000, 1.000000000000000000 ) ) ;
#3945 = CARTESIAN_POINT ( 'NONE',  ( 333.3607897595770169, 0.5082269075093539534, 223.4332802284729951 ) ) ;
#3946 = CARTESIAN_POINT ( 'NONE',  ( 386.6666666647020065, -6.133868915404449673, 305.0780289475609948 ) ) ;
#3947 = VERTEX_POINT ( 'NONE', #2313 ) ;
#3948 = ADVANCED_FACE ( 'NONE', ( #3237 ), #1742, .T. ) ;
#3949 = EDGE_LOOP ( 'NONE', ( #1784, #551, #1285, #1533 ) ) ;
#3950 = DIRECTION ( 'NONE',  ( 0.9999999999997777334, 0.000000000000000000, -6.667710862802939520E-07 ) ) ;
ENDSEC;
END-ISO-10303-21;
