ISO-10303-21;
HEADER;
FILE_DESCRIPTION (( 'STEP AP214' ),
    '1' );
FILE_NAME ();
FILE_SCHEMA (( 'AUTOMOTIVE_DESIGN' ));
ENDSEC;

DATA;
#1 = CARTESIAN_POINT ( 'NONE',  ( -389.1497511810177343, -0.6988491970577310752, 364.1258534529003441 ) ) ;
#2 = CARTESIAN_POINT ( 'NONE',  ( -559.1999999970524868, 4.270617815216453117, 356.6193674239398206 ) ) ;
#3 = CARTESIAN_POINT ( 'NONE',  ( -310.8370945548291502, 4.052644616121345855, 376.1087982770621920 ) ) ;
#4 = VERTEX_POINT ( 'NONE', #1541 ) ;
#5 = CARTESIAN_POINT ( 'NONE',  ( -193.3333333323508896, -5.464983162938358063, 438.0432744059715446 ) ) ;
#6 = CARTESIAN_POINT ( 'NONE',  ( -31.07700578236136835, 0.000000000000000000, 405.9766265593990511 ) ) ;
#7 = CARTESIAN_POINT ( 'NONE',  ( 0.000000000000000000, 2.156697113733638815, 200.5962828315869046 ) ) ;
#8 = CARTESIAN_POINT ( 'NONE',  ( -559.1999999970530553, 4.355467802418438339, 355.2569663406803215 ) ) ;
#9 = EDGE_CURVE ( 'NONE', #1186, #1584, #1274, .T. ) ;
#10 = CARTESIAN_POINT ( 'NONE',  ( -422.2207338375475274, -5.089912349135428116, 413.7471713121242942 ) ) ;
#11 = CARTESIAN_POINT ( 'NONE',  ( -559.1999999970530553, -0.9785406213397367381, 351.1228746975341437 ) ) ;
#12 = CARTESIAN_POINT ( 'NONE',  ( -411.4628465916175628, -0.4218440020301101878, 376.8585635946876664 ) ) ;
#13 = B_SPLINE_CURVE_WITH_KNOTS ( 'NONE', 3,
 ( #471, #1020, #1268, #69 ),
 .UNSPECIFIED., .F., .F.,
 ( 4, 4 ),
 ( 5.149960319306146062E-19, 0.0004019794562205614456 ),
 .UNSPECIFIED. ) ;
#14 = VERTEX_POINT ( 'NONE', #75 ) ;
#15 = ORIENTED_EDGE ( 'NONE', *, *, #191, .T. ) ;
#16 = CARTESIAN_POINT ( 'NONE',  ( -579.9999999970527824, -4.937668687604563011, 340.7488106811252351 ) ) ;
#17 = CARTESIAN_POINT ( 'NONE',  ( -297.9681341863492889, -6.201835025750163766, 371.1043143549439947 ) ) ;
#18 = DIRECTION ( 'NONE',  ( 0.000000000000000000, 1.000000000000000000, 0.000000000000000000 ) ) ;
#19 = CARTESIAN_POINT ( 'NONE',  ( -386.6666666647020634, 14.37424184543503181, 276.2848736422494653 ) ) ;
#20 = CARTESIAN_POINT ( 'NONE',  ( -386.6666666647022339, 10.87555325742401635, 247.9818409266538879 ) ) ;
#21 = DIRECTION ( 'NONE',  ( 0.07632546015824470675, 0.000000000000000000, -0.9970829574973348874 ) ) ;
#22 = CARTESIAN_POINT ( 'NONE',  ( -309.3467904967775439, -0.9187926164035493670, 370.2332923679111900 ) ) ;
#23 = CARTESIAN_POINT ( 'NONE',  ( -310.8370945548289797, 30.00000000000000000, 370.1192114460068296 ) ) ;
#24 = AXIS2_PLACEMENT_3D ( 'NONE', #686, #1601, #1079 ) ;
#25 = ORIENTED_EDGE ( 'NONE', *, *, #1395, .F. ) ;
#26 = CARTESIAN_POINT ( 'NONE',  ( 0.000000000000000000, -7.509225448604162523, 411.1396134388328392 ) ) ;
#27 = CARTESIAN_POINT ( 'NONE',  ( -343.9774545534176013, -5.958749930228248282, 372.8061071967799762 ) ) ;
#28 = FACE_OUTER_BOUND ( 'NONE', #1150, .T. ) ;
#29 = CARTESIAN_POINT ( 'NONE',  ( -193.3333333323510885, 15.18845332257153480, 253.7677995456126325 ) ) ;
#30 = CARTESIAN_POINT ( 'NONE',  ( -579.9999999970526687, 12.21604645281511381, 288.0486393700726353 ) ) ;
#31 = CARTESIAN_POINT ( 'NONE',  ( -193.3333333323510317, -7.123187505558254529, 304.9108520061777199 ) ) ;
#32 = DIRECTION ( 'NONE',  ( -0.9970829574973349985, 0.000000000000000000, -0.07632546015824337449 ) ) ;
#33 = ORIENTED_EDGE ( 'NONE', *, *, #512, .T. ) ;
#34 = CARTESIAN_POINT ( 'NONE',  ( -386.6666666647022339, -5.260036546780130884, 416.2510710529381299 ) ) ;
#35 = CARTESIAN_POINT ( 'NONE',  ( -435.2463729179041252, -5.533202660087119362, 365.5898296901776803 ) ) ;
#36 = EDGE_CURVE ( 'NONE', #14, #87, #1668, .T. ) ;
#37 = FACE_BOUND ( 'NONE', #310, .T. ) ;
#38 = CARTESIAN_POINT ( 'NONE',  ( -579.9999999970528961, 7.980006272893821695, 252.7075933310317168 ) ) ;
#39 = CARTESIAN_POINT ( 'NONE',  ( -193.3333333323510885, 7.477695866475672304, 221.8680221566752095 ) ) ;
#40 = CARTESIAN_POINT ( 'NONE',  ( -386.6666666647018928, -5.634577376048333974, 393.4924128655397340 ) ) ;
#41 = CARTESIAN_POINT ( 'NONE',  ( -502.4804018839609512, -0.4536139257254906409, 355.4491547034601808 ) ) ;
#42 = ORIENTED_EDGE ( 'NONE', *, *, #667, .F. ) ;
#43 = CARTESIAN_POINT ( 'NONE',  ( -193.3333333323509748, -6.706862923142622002, 250.7127431795906887 ) ) ;
#44 = CARTESIAN_POINT ( 'NONE',  ( -435.0348894246532723, -5.534187816318209663, 365.6066617599877304 ) ) ;
#45 = LINE ( 'NONE', #1222, #1676 ) ;
#46 = CARTESIAN_POINT ( 'NONE',  ( -386.6666666647018928, 13.85879363688259858, 268.4212721551975278 ) ) ;
#47 = CARTESIAN_POINT ( 'NONE',  ( -193.3333333323509464, -6.642773502515775697, 388.2232343896972111 ) ) ;
#48 = CARTESIAN_POINT ( 'NONE',  ( -451.0957921358973408, -0.5708675036309958095, 359.3827434749811118 ) ) ;
#49 = VECTOR ( 'NONE', #954, 1000.000000000000000 ) ;
#50 = ORIENTED_EDGE ( 'NONE', *, *, #89, .T. ) ;
#51 = CARTESIAN_POINT ( 'NONE',  ( 0.000000000000000000, -8.063096244697373294, 265.5213890302030109 ) ) ;
#52 = CARTESIAN_POINT ( 'NONE',  ( -442.4136316113151111, -5.499816785410345688, 365.0192591646763844 ) ) ;
#53 = VECTOR ( 'NONE', #803, 1000.000000000000000 ) ;
#54 = CARTESIAN_POINT ( 'NONE',  ( -480.8352530159775142, 4.210538430160223555, 362.7269064347401581 ) ) ;
#55 = EDGE_CURVE ( 'NONE', #1516, #545, #13, .T. ) ;
#56 = CARTESIAN_POINT ( 'NONE',  ( -193.3333333323509748, 0.5840579286484742783, 212.5287729211146939 ) ) ;
#57 = CARTESIAN_POINT ( 'NONE',  ( -579.9999999970532372, -4.994062015816076006, 331.9402949731788794 ) ) ;
#58 = EDGE_CURVE ( 'NONE', #782, #1556, #1046, .T. ) ;
#59 = EDGE_LOOP ( 'NONE', ( #454, #625, #961, #765 ) ) ;
#60 = CARTESIAN_POINT ( 'NONE',  ( -386.6666666647018928, -0.3885889226291279752, 225.5030240003190727 ) ) ;
#61 = LINE ( 'NONE', #94, #1260 ) ;
#62 = CARTESIAN_POINT ( 'NONE',  ( -411.9849783593399479, -0.7437838208356011283, 362.3764667552447918 ) ) ;
#63 = CARTESIAN_POINT ( 'NONE',  ( -193.3333333323510885, -0.06398327331131900553, 408.2906831791809736 ) ) ;
#64 = CARTESIAN_POINT ( 'NONE',  ( 0.000000000000000000, -7.903040807874519125, 253.8147977847377490 ) ) ;
#65 = PRODUCT_DEFINITION_SHAPE ( 'NONE', 'NONE',  #460 ) ;
#66 = EDGE_CURVE ( 'NONE', #1666, #150, #61, .T. ) ;
#67 = ORIENTED_EDGE ( 'NONE', *, *, #1490, .F. ) ;
#68 = CARTESIAN_POINT ( 'NONE',  ( -193.3333333323510317, -5.303512489585234135, 228.0014150919552662 ) ) ;
#69 = CARTESIAN_POINT ( 'NONE',  ( -480.2199652581858800, -0.2416517423649890139, 357.1610728292513954 ) ) ;
#70 = CARTESIAN_POINT ( 'NONE',  ( -344.0113728715728030, 4.074896293588875729, 373.5489913493159406 ) ) ;
#71 = CARTESIAN_POINT ( 'NONE',  ( -386.6666666647022339, 11.94894084339834173, 321.0677719607929816 ) ) ;
#72 = CARTESIAN_POINT ( 'NONE',  ( -386.6666666647018928, -2.925017541545449351E-11, 225.5133111311280913 ) ) ;
#73 = EDGE_LOOP ( 'NONE', ( #633, #757, #1352, #1426 ) ) ;
#74 = CARTESIAN_POINT ( 'NONE',  ( 0.000000000000000000, -7.903040807874519125, 253.8147977847377490 ) ) ;
#75 = CARTESIAN_POINT ( 'NONE',  ( -452.6844366015615719, 3.848926889107881166, 366.8891410819445582 ) ) ;
#76 = CARTESIAN_POINT ( 'NONE',  ( -480.4041927847629836, 5.177124584349629188, 357.1390609959035487 ) ) ;
#77 = ORIENTED_EDGE ( 'NONE', *, *, #1124, .F. ) ;
#78 = PRESENTATION_LAYER_ASSIGNMENT (  '', '', ( #852 ) ) ;
#79 = CARTESIAN_POINT ( 'NONE',  ( -579.9999999970532372, 4.936953304096522999, 351.2031543540123835 ) ) ;
#80 = B_SPLINE_CURVE_WITH_KNOTS ( 'NONE', 3,
 ( #830, #1106, #294, #306, #1379, #1635, #1087, #1500, #449, #1388, #182, #440 ),
 .UNSPECIFIED., .F., .F.,
 ( 4, 2, 2, 2, 2, 4 ),
 ( 0.000000000000000000, 0.2500000000000072720, 0.5000000000000145439, 0.6250000000000109912, 0.7500000000000072164, 1.000000000000000000 ),
 .UNSPECIFIED. ) ;
#81 = CARTESIAN_POINT ( 'NONE',  ( 0.000000000000000000, -0.5139382740374544012, 199.4997056216937779 ) ) ;
#82 = CARTESIAN_POINT ( 'NONE',  ( -531.2324601222520641, 0.2871012545089257628, 367.6903486563381307 ) ) ;
#83 = EDGE_LOOP ( 'NONE', ( #105, #747, #564, #1385 ) ) ;
#84 = CARTESIAN_POINT ( 'NONE',  ( -411.4628465916175628, -0.4218440020301101878, 376.8585635946876664 ) ) ;
#85 = CARTESIAN_POINT ( 'NONE',  ( -449.6844366015615151, 10.00000000000000000, 373.8891410819444445 ) ) ;
#86 = CARTESIAN_POINT ( 'NONE',  ( -571.6405794429987282, 5.220325257962414867, 350.1550290825583147 ) ) ;
#87 = VERTEX_POINT ( 'NONE', #640 ) ;
#88 = CARTESIAN_POINT ( 'NONE',  ( 0.000000000000000000, -0.07286972220746454343, 422.4816273383034968 ) ) ;
#89 = EDGE_CURVE ( 'NONE', #1336, #775, #1361, .T. ) ;
#90 = CARTESIAN_POINT ( 'NONE',  ( -386.6666666647018360, -1.274544155731860640, 401.0421190094137955 ) ) ;
#91 = CARTESIAN_POINT ( 'NONE',  ( -530.1371529853333868, 0.2871012545089257628, 353.3817276905081712 ) ) ;
#92 = CARTESIAN_POINT ( 'NONE',  ( -465.6436296240577803, -0.2792514259138453303, 358.2772906702900855 ) ) ;
#93 = CARTESIAN_POINT ( 'NONE',  ( -450.6844366005608435, -5.447535723439965061, 366.8891410819445014 ) ) ;
#94 = CARTESIAN_POINT ( 'NONE',  ( -391.5212533987617007, -0.07328326482131657105, 378.3850677489193117 ) ) ;
#95 = CARTESIAN_POINT ( 'NONE',  ( 0.000000000000000000, 10.00000000000000000, 366.8891410819445014 ) ) ;
#96 = ORIENTED_EDGE ( 'NONE', *, *, #700, .T. ) ;
#97 = CARTESIAN_POINT ( 'NONE',  ( -579.9999999970530098, 8.877391888367052175, 326.7879745516336243 ) ) ;
#98 = CARTESIAN_POINT ( 'NONE',  ( 0.000000000000000000, 13.99887089352030856, 338.7147378488038498 ) ) ;
#99 = CARTESIAN_POINT ( 'NONE',  ( -559.1999999970529416, -0.3617191825147290651, 351.1079676401662937 ) ) ;
#100 = PRODUCT_DEFINITION_FORMATION_WITH_SPECIFIED_SOURCE ( 'ANY', '', #1275, .NOT_KNOWN. ) ;
#101 = DIRECTION ( 'NONE',  ( 1.000000000000000000, 0.000000000000000000, 0.000000000000000000 ) ) ;
#102 = DIRECTION ( 'NONE',  ( -0.002564460613766886016, -0.9999966924973346938, -0.0001963062701369814558 ) ) ;
#103 = CARTESIAN_POINT ( 'NONE',  ( -411.4628465916175628, -0.2218440020301102322, 376.8585635946876664 ) ) ;
#104 = FACE_OUTER_BOUND ( 'NONE', #1497, .T. ) ;
#105 = ORIENTED_EDGE ( 'NONE', *, *, #1105, .T. ) ;
#106 = CARTESIAN_POINT ( 'NONE',  ( -193.3333333323509464, 4.987358710711697896, 379.3420367611240636 ) ) ;
#107 = CARTESIAN_POINT ( 'NONE',  ( -193.3333333323509464, -6.422087301610666543, 423.0834801110592025 ) ) ;
#108 = CARTESIAN_POINT ( 'NONE',  ( -579.9999999970528961, -2.452747206727057261E-11, 238.5133111311282619 ) ) ;
#109 = EDGE_CURVE ( 'NONE', #1280, #799, #884, .T. ) ;
#110 = AXIS2_PLACEMENT_3D ( 'NONE', #897, #102, #1698 ) ;
#111 = EDGE_CURVE ( 'NONE', #1556, #469, #362, .T. ) ;
#112 = CARTESIAN_POINT ( 'NONE',  ( -505.1738355161180607, -3.738385704753800720, 405.7379063224285574 ) ) ;
#113 = CARTESIAN_POINT ( 'NONE',  ( -451.6844366076431356, 2.646833826627683628, 373.8891410819445014 ) ) ;
#114 = FACE_OUTER_BOUND ( 'NONE', #1219, .T. ) ;
#115 = ORIENTED_EDGE ( 'NONE', *, *, #1595, .T. ) ;
#116 = CARTESIAN_POINT ( 'NONE',  ( -193.3333333323510885, -2.727339546889202992, 423.3996006684712370 ) ) ;
#117 = CARTESIAN_POINT ( 'NONE',  ( -386.6666666647022339, -4.983285286627484822, 421.1448889319453883 ) ) ;
#118 = CARTESIAN_POINT ( 'NONE',  ( -386.6666666647018928, -2.925017541545449351E-11, 225.5133111311280913 ) ) ;
#119 = CARTESIAN_POINT ( 'NONE',  ( -410.3678452308046758, -0.02184400203010948560, 362.5539371562841779 ) ) ;
#120 = CARTESIAN_POINT ( 'NONE',  ( -340.6266990789731608, -4.439965876782295595, 421.6252160474749076 ) ) ;
#121 = DIRECTION ( 'NONE',  ( 0.07632546015824470675, 0.000000000000000000, -0.9970829574973348874 ) ) ;
#122 = DIRECTION ( 'NONE',  ( -0.9999967117653473236, 0.002564460663179168442, 0.000000000000000000 ) ) ;
#123 = ORIENTED_EDGE ( 'NONE', *, *, #203, .T. ) ;
#124 = CARTESIAN_POINT ( 'NONE',  ( 0.000000000000000000, 19.26363725660237236, 277.6261930907284068 ) ) ;
#125 = CARTESIAN_POINT ( 'NONE',  ( -193.3333333323510885, -6.108416584304056762, 434.0147561491482975 ) ) ;
#126 = CARTESIAN_POINT ( 'NONE',  ( -310.8370945548287523, -6.102705575939124216, 377.4143120441710266 ) ) ;
#127 = CARTESIAN_POINT ( 'NONE',  ( -531.2324601222520641, 0.2871012545089257628, 367.6903486563381307 ) ) ;
#128 = CARTESIAN_POINT ( 'NONE',  ( -358.7319447897115765, -0.7810465433052210527, 366.4542938848758240 ) ) ;
#129 = CARTESIAN_POINT ( 'NONE',  ( -435.0103760755827693, 4.162872992173064723, 366.3665550134796831 ) ) ;
#130 = EDGE_CURVE ( 'NONE', #1280, #1093, #1690, .T. ) ;
#131 = DIRECTION ( 'NONE',  ( 0.000000000000000000, 0.000000000000000000, -1.000000000000000000 ) ) ;
#132 = ORIENTED_EDGE ( 'NONE', *, *, #1543, .T. ) ;
#133 = CARTESIAN_POINT ( 'NONE',  ( -386.6666666647018928, -5.720178202154572844, 376.8193992500837339 ) ) ;
#134 = CARTESIAN_POINT ( 'NONE',  ( -551.1740533151079262, 0.3385405173001321821, 366.1638445021064854 ) ) ;
#135 = APPLICATION_PROTOCOL_DEFINITION ( 'draft international standard', 'automotive_design', 1998, #1400 ) ;
#136 = CARTESIAN_POINT ( 'NONE',  ( -452.6844366015615719, 3.848926889107881166, 366.8891410819445582 ) ) ;
#137 = AXIS2_PLACEMENT_3D ( 'NONE', #162, #1356, #1114 ) ;
#138 = CARTESIAN_POINT ( 'NONE',  ( -509.9549593612778722, -4.716445899487961668, 405.2762805718590471 ) ) ;
#139 = CARTESIAN_POINT ( 'NONE',  ( -434.9765706564955394, 4.162837713339801127, 366.3692399342654085 ) ) ;
#140 = CARTESIAN_POINT ( 'NONE',  ( -310.8370945548288660, 0.4919233145136342467, 370.3189748989653935 ) ) ;
#141 = ORIENTED_EDGE ( 'NONE', *, *, #727, .F. ) ;
#142 = CARTESIAN_POINT ( 'NONE',  ( -386.6666666647018360, -5.887203071725788384, 347.4091257492923432 ) ) ;
#143 = CARTESIAN_POINT ( 'NONE',  ( -310.8370945548286386, -6.075844294205321461, 382.5627642855026238 ) ) ;
#144 = EDGE_CURVE ( 'NONE', #677, #356, #1167, .T. ) ;
#145 = CARTESIAN_POINT ( 'NONE',  ( -530.1340156836820370, -0.1128987454910726079, 353.3407433321731901 ) ) ;
#146 = CARTESIAN_POINT ( 'NONE',  ( -341.6072432298724380, -0.4020362616952313783, 382.2059231409783138 ) ) ;
#147 = CARTESIAN_POINT ( 'NONE',  ( -480.3933084155425490, -0.5083870235276984895, 357.1398941802781337 ) ) ;
#148 = DIRECTION ( 'NONE',  ( -1.000000000000000000, 0.000000000000000000, 0.000000000000000000 ) ) ;
#149 = ORIENTED_EDGE ( 'NONE', *, *, #939, .T. ) ;
#150 = VERTEX_POINT ( 'NONE', #631 ) ;
#151 = CARTESIAN_POINT ( 'NONE',  ( -193.3333333323509180, -6.836737455847012868, 354.0694408174593946 ) ) ;
#152 = CARTESIAN_POINT ( 'NONE',  ( -526.3901372992719416, -5.108510891006086574, 358.3828262209791546 ) ) ;
#153 = CARTESIAN_POINT ( 'NONE',  ( -449.6844366015614582, -5.417061497001133930, 373.6931240961053504 ) ) ;
#154 = FACE_BOUND ( 'NONE', #291, .T. ) ;
#155 = CARTESIAN_POINT ( 'NONE',  ( -460.2790255037659222, -0.1591969206592502850, 358.6961132219404362 ) ) ;
#156 = CARTESIAN_POINT ( 'NONE',  ( -559.1999999970529416, -2.010508002964114915, 392.5733583267369795 ) ) ;
#157 = CARTESIAN_POINT ( 'NONE',  ( -320.5703589307024686, -0.2534755244864377310, 369.4240157462992329 ) ) ;
#158 = FACE_OUTER_BOUND ( 'NONE', #742, .T. ) ;
#159 = VERTEX_POINT ( 'NONE', #494 ) ;
#160 = CARTESIAN_POINT ( 'NONE',  ( -193.3333333323511170, -5.787028705682168983, 439.6978874405062356 ) ) ;
#161 = CARTESIAN_POINT ( 'NONE',  ( -435.0755448123674114, -5.533998430592063755, 365.6034260002364249 ) ) ;
#162 = CARTESIAN_POINT ( 'NONE',  ( -449.6844366015615151, 10.00000000000000000, 0.000000000000000000 ) ) ;
#163 = CARTESIAN_POINT ( 'NONE',  ( -193.3333333323510885, 12.62964796733158579, 238.6057420120377230 ) ) ;
#164 = CARTESIAN_POINT ( 'NONE',  ( 0.000000000000000000, 18.32930396932231787, 256.2623385660224926 ) ) ;
#165 = CARTESIAN_POINT ( 'NONE',  ( -579.9999999970526687, -5.051091561309488220, 323.0149168784112135 ) ) ;
#166 = ADVANCED_FACE ( 'NONE', ( #1029 ), #898, .F. ) ;
#167 = VECTOR ( 'NONE', #1013, 1000.000000000000000 ) ;
#168 = CARTESIAN_POINT ( 'NONE',  ( -344.6383882460824566, -0.8282003772284708409, 367.5327680816609472 ) ) ;
#169 = VECTOR ( 'NONE', #1430, 1000.000000000000114 ) ;
#170 = ORIENTED_EDGE ( 'NONE', *, *, #1446, .F. ) ;
#171 = CARTESIAN_POINT ( 'NONE',  ( 0.000000000000000000, -5.420589551295606157, 451.9053200484384547 ) ) ;
#172 = CARTESIAN_POINT ( 'NONE',  ( -480.4161333653252086, -5.349699508960422456, 357.1381469600405012 ) ) ;
#173 = CARTESIAN_POINT ( 'NONE',  ( -391.5212533987617007, -0.07328326482131657105, 378.3850677489193117 ) ) ;
#174 = CARTESIAN_POINT ( 'NONE',  ( -579.9999999970532372, 9.121458547516446913, 257.3579398412701380 ) ) ;
#175 = LINE ( 'NONE', #864, #956 ) ;
#176 = CARTESIAN_POINT ( 'NONE',  ( -193.3333333323510885, -6.593476819720387461, 398.3318257381640706 ) ) ;
#177 = DIRECTION ( 'NONE',  ( 0.07632546015824470675, 0.000000000000000000, -0.9970829574973348874 ) ) ;
#178 = EDGE_LOOP ( 'NONE', ( #693, #1194, #1525, #302, #132 ) ) ;
#179 = CARTESIAN_POINT ( 'NONE',  ( -193.3333333323510317, -7.123187505558254529, 304.9108520061777199 ) ) ;
#180 = CARTESIAN_POINT ( 'NONE',  ( -424.2118636238027420, -5.584604937526026269, 366.4680632591527001 ) ) ;
#181 = B_SPLINE_CURVE_WITH_KNOTS ( 'NONE', 3,
 ( #1008, #894, #1295, #1172, #911 ),
 .UNSPECIFIED., .F., .F.,
 ( 4, 1, 4 ),
 ( 0.000000000000000000, 0.006234568074295990595, 0.007000095150827933058 ),
 .UNSPECIFIED. ) ;
#182 = CARTESIAN_POINT ( 'NONE',  ( -310.8370945548290365, -1.661205168355038397, 370.1274335268341815 ) ) ;
#183 = CARTESIAN_POINT ( 'NONE',  ( 0.000000000000000000, 10.61092084068729768, 215.5285796454811589 ) ) ;
#184 = CARTESIAN_POINT ( 'NONE',  ( 0.000000000000000000, -8.046388690722883652, 318.6767041878472924 ) ) ;
#185 = PLANE ( 'NONE',  #1679 ) ;
#186 = ORIENTED_EDGE ( 'NONE', *, *, #1502, .T. ) ;
#187 = CARTESIAN_POINT ( 'NONE',  ( -579.9999999970531235, -5.102621935511616691, 314.0808441813599075 ) ) ;
#188 = EDGE_CURVE ( 'NONE', #150, #533, #236, .T. ) ;
#189 = CARTESIAN_POINT ( 'NONE',  ( -571.6396388746451294, -4.924056374199301089, 350.1551010818957934 ) ) ;
#190 = CARTESIAN_POINT ( 'NONE',  ( -481.3184499533627445, 0.1583482576350110083, 371.5112040483970759 ) ) ;
#191 = EDGE_CURVE ( 'NONE', #150, #876, #1325, .T. ) ;
#192 = CARTESIAN_POINT ( 'NONE',  ( -579.9999999970531235, 6.728921447716421866, 248.6694027102821849 ) ) ;
#193 = CARTESIAN_POINT ( 'NONE',  ( -386.6666666647020634, -5.825792322916422350, 357.6445870762517529 ) ) ;
#194 = FACE_OUTER_BOUND ( 'NONE', #1701, .T. ) ;
#195 = B_SPLINE_CURVE_WITH_KNOTS ( 'NONE', 3,
 ( #382, #1459, #254, #906, #913, #649, #787, #1350, #416, #572, #824 ),
 .UNSPECIFIED., .F., .F.,
 ( 4, 1, 1, 1, 1, 1, 1, 1, 4 ),
 ( 0.006077980148095372091, 0.01286958280064649796, 0.02192743542280425548, 0.03028233828277677314, 0.03781295886711184134, 0.04441051888798574349, 0.04999794612063829941, 0.05453183399085165944, 0.05523319873433508997 ),
 .UNSPECIFIED. ) ;
#196 = VECTOR ( 'NONE', #514, 1000.000000000000114 ) ;
#197 = ORIENTED_EDGE ( 'NONE', *, *, #1490, .T. ) ;
#198 = CARTESIAN_POINT ( 'NONE',  ( 0.000000000000000000, -8.148468503287105591, 291.1339479415150890 ) ) ;
#199 = ORIENTED_EDGE ( 'NONE', *, *, #188, .T. ) ;
#200 = AXIS2_PLACEMENT_3D ( 'NONE', #1678, #483, #1017 ) ;
#201 = FACE_OUTER_BOUND ( 'NONE', #1344, .T. ) ;
#202 = CARTESIAN_POINT ( 'NONE',  ( 0.000000000000000000, 19.01102325474809618, 266.6625469626757194 ) ) ;
#203 = EDGE_CURVE ( 'NONE', #677, #591, #992, .T. ) ;
#204 = CARTESIAN_POINT ( 'NONE',  ( -193.3333333323510317, -7.065133105652460443, 317.1447508523514784 ) ) ;
#205 = ORIENTED_EDGE ( 'NONE', *, *, #9, .T. ) ;
#206 = CARTESIAN_POINT ( 'NONE',  ( -386.6666666647020634, -4.566923217582304240, 238.8503178250753649 ) ) ;
#207 = CARTESIAN_POINT ( 'NONE',  ( -481.3184499533627445, 0.1583482576350110083, 371.5112040483970759 ) ) ;
#208 = CARTESIAN_POINT ( 'NONE',  ( -572.0604603799378083, 4.277455450724703567, 355.6338251222981626 ) ) ;
#209 = CARTESIAN_POINT ( 'NONE',  ( 0.000000000000000000, 3.638467315049533468, 401.2609511280016932 ) ) ;
#210 = PLANE ( 'NONE',  #200 ) ;
#211 = EDGE_LOOP ( 'NONE', ( #1548, #1684, #1416, #1487 ) ) ;
#212 = CARTESIAN_POINT ( 'NONE',  ( 0.000000000000000000, -6.040101761588164031, 217.1525123588351676 ) ) ;
#213 = ORIENTED_EDGE ( 'NONE', *, *, #1740, .F. ) ;
#214 = FACE_BOUND ( 'NONE', #979, .T. ) ;
#215 = ORIENTED_EDGE ( 'NONE', *, *, #1611, .T. ) ;
#216 = CARTESIAN_POINT ( 'NONE',  ( -193.3333333323509464, 15.18647217929100890, 312.4160318443855999 ) ) ;
#217 = CARTESIAN_POINT ( 'NONE',  ( -579.9999999970528961, -4.260065142064195953, 254.4223368971198056 ) ) ;
#218 = ORIENTED_EDGE ( 'NONE', *, *, #1045, .T. ) ;
#219 = CARTESIAN_POINT ( 'NONE',  ( -579.9999999970528961, -2.452747206727057261E-11, 238.5133111311282619 ) ) ;
#220 = CARTESIAN_POINT ( 'NONE',  ( -340.5089971869348346, -0.6020362616952313894, 367.8589095719586908 ) ) ;
#221 = DIRECTION ( 'NONE',  ( 0.000000000000000000, -1.000000000000000000, 0.000000000000000000 ) ) ;
#222 = EDGE_LOOP ( 'NONE', ( #1119, #1729, #170, #1292 ) ) ;
#223 = CARTESIAN_POINT ( 'NONE',  ( -386.6666666647020634, 14.40794366876468935, 293.2433517987929577 ) ) ;
#224 = CLOSED_SHELL ( 'NONE', ( #1136, #1360, #559, #1207, #746, #871, #351, #687, #995, #1225, #760, #1742, #242, #1358, #1263, #949, #501, #1697, #1484, #573, #1081, #502, #1664, #637, #1646, #166, #1465, #1252, #374, #647, #1249 ) ) ;
#225 = CARTESIAN_POINT ( 'NONE',  ( 0.000000000000000000, -0.07286972220746454343, 422.4816273383034968 ) ) ;
#226 = CARTESIAN_POINT ( 'NONE',  ( -193.3333333323510317, -3.705220741270887075, 218.2751697116970888 ) ) ;
#227 = CARTESIAN_POINT ( 'NONE',  ( -538.0021812568249970, 0.3073888306880294130, 352.7808612515209461 ) ) ;
#228 = LINE ( 'NONE', #84, #1408 ) ;
#229 = CARTESIAN_POINT ( 'NONE',  ( -340.5096709185557415, -0.4681445264669036876, 367.8677109118485760 ) ) ;
#230 = CARTESIAN_POINT ( 'NONE',  ( -559.1999999970529416, -4.734158579685791679, 392.3403243023150253 ) ) ;
#231 = ORIENTED_EDGE ( 'NONE', *, *, #317, .T. ) ;
#232 = CARTESIAN_POINT ( 'NONE',  ( -386.6666666647020634, 2.751046507723803547, 378.0547777424289393 ) ) ;
#233 = CARTESIAN_POINT ( 'NONE',  ( -193.3333333323509748, -3.838522145386324969, 429.4299400882140958 ) ) ;
#234 = CARTESIAN_POINT ( 'NONE',  ( 0.000000000000000000, -4.219827966912870210, 206.0754173260052085 ) ) ;
#235 = CARTESIAN_POINT ( 'NONE',  ( -511.9336650114065606, -0.4290900378233306056, 354.7255191897759801 ) ) ;
#236 = LINE ( 'NONE', #675, #196 ) ;
#237 = CARTESIAN_POINT ( 'NONE',  ( -321.6656500370165190, -0.6534755244864366430, 383.7324272952099022 ) ) ;
#238 = VERTEX_POINT ( 'NONE', #1583 ) ;
#239 = CARTESIAN_POINT ( 'NONE',  ( -386.6666666647020634, 1.294877575380734891, 386.4039895251283951 ) ) ;
#240 = CARTESIAN_POINT ( 'NONE',  ( -193.3333333323509180, -6.294774974397376432, 429.2302680798250663 ) ) ;
#241 = FACE_OUTER_BOUND ( 'NONE', #507, .T. ) ;
#242 = ADVANCED_FACE ( 'NONE', ( #531 ), #1598, .T. ) ;
#243 = CARTESIAN_POINT ( 'NONE',  ( -390.4263541468752123, -0.07328326482131657105, 364.0817752175782971 ) ) ;
#244 = CARTESIAN_POINT ( 'NONE',  ( -434.7238458664503469, 4.162573971932889805, 366.3893120137728943 ) ) ;
#245 = FACE_OUTER_BOUND ( 'NONE', #178, .T. ) ;
#246 = ORIENTED_EDGE ( 'NONE', *, *, #406, .F. ) ;
#247 = CARTESIAN_POINT ( 'NONE',  ( -386.6666666647018928, 7.495775076190865249, 350.2880176456091590 ) ) ;
#248 = CARTESIAN_POINT ( 'NONE',  ( 0.000000000000000000, -7.169037781342534998, 446.3294496812645775 ) ) ;
#249 = CARTESIAN_POINT ( 'NONE',  ( -394.3588179392257871, -0.06313945260844201768, 363.7805614478941152 ) ) ;
#250 = AXIS2_PLACEMENT_3D ( 'NONE', #989, #554, #1096 ) ;
#251 = VECTOR ( 'NONE', #1364, 1000.000000000000000 ) ;
#252 = DIRECTION ( 'NONE',  ( 0.07632546015824470675, 0.000000000000000000, -0.9970829574973348874 ) ) ;
#253 = CARTESIAN_POINT ( 'NONE',  ( -521.3869305648416912, -0.4085107619399569456, 354.0018834420762346 ) ) ;
#254 = CARTESIAN_POINT ( 'NONE',  ( -310.8370945548288660, 2.762192672970225082, 383.5397039995916657 ) ) ;
#255 = CARTESIAN_POINT ( 'NONE',  ( -559.1999999970528279, -4.642007006138260117, 396.7895099859285324 ) ) ;
#256 = VERTEX_POINT ( 'NONE', #933 ) ;
#257 = CARTESIAN_POINT ( 'NONE',  ( -579.9999999970532372, -0.04621037551902798524, 379.9087948609357568 ) ) ;
#258 = CARTESIAN_POINT ( 'NONE',  ( 0.000000000000000000, -6.762496706386333045, 458.2302927968000859 ) ) ;
#259 = CARTESIAN_POINT ( 'NONE',  ( -310.8370945548285817, -5.763417208293071248, 418.8377603970378118 ) ) ;
#260 = PRODUCT_CONTEXT ( 'NONE', #1306, 'mechanical' ) ;
#261 = DIRECTION ( 'NONE',  ( 0.002564460613766931987, 0.9999966924973346938, 0.0001963062701369849253 ) ) ;
#262 = EDGE_CURVE ( 'NONE', #159, #545, #1574, .T. ) ;
#263 = CARTESIAN_POINT ( 'NONE',  ( -358.6371630008400189, -0.7813406941939764483, 366.4615476008496557 ) ) ;
#264 = CARTESIAN_POINT ( 'NONE',  ( -430.3122652835947974, 4.157970169532823945, 366.7396799574633519 ) ) ;
#265 = PLANE ( 'NONE',  #367 ) ;
#266 = ORIENTED_EDGE ( 'NONE', *, *, #512, .F. ) ;
#267 = CARTESIAN_POINT ( 'NONE',  ( -579.9999999970528961, -4.638197617360101610, 390.5925355609921894 ) ) ;
#268 = CARTESIAN_POINT ( 'NONE',  ( 0.000000000000000000, 6.360022959421542055, 205.8840378691750175 ) ) ;
#269 = PLANE ( 'NONE',  #1265 ) ;
#270 = CARTESIAN_POINT ( 'NONE',  ( -390.6648814396486955, -5.224352820136746622, 416.7939432677989657 ) ) ;
#271 = CARTESIAN_POINT ( 'NONE',  ( -382.8422325385905651, 4.109539997698044012, 370.5019161408318951 ) ) ;
#272 = EDGE_CURVE ( 'NONE', #1710, #1239, #769, .T. ) ;
#273 = LINE ( 'NONE', #815, #1175 ) ;
#274 = ORIENTED_EDGE ( 'NONE', *, *, #689, .F. ) ;
#275 = CARTESIAN_POINT ( 'NONE',  ( -579.9999999970527824, -4.341600791566104789, 401.3625127179655578 ) ) ;
#276 = CARTESIAN_POINT ( 'NONE',  ( -550.0757328165769877, -0.06145948269986785395, 351.8158582772647947 ) ) ;
#277 = LINE ( 'NONE', #1456, #341 ) ;
#278 = VECTOR ( 'NONE', #825, 1000.000000000000114 ) ;
#279 = CARTESIAN_POINT ( 'NONE',  ( -559.1999999970529416, -3.297360454389504536, 399.4033482366115777 ) ) ;
#280 = CARTESIAN_POINT ( 'NONE',  ( -559.1999999970531690, -4.958850861688443246, 355.2309500859597620 ) ) ;
#281 = CARTESIAN_POINT ( 'NONE',  ( -411.4628465916175628, -0.02184400203011015867, 376.8585635946876664 ) ) ;
#282 = VERTEX_POINT ( 'NONE', #922 ) ;
#283 = ORIENTED_EDGE ( 'NONE', *, *, #1383, .F. ) ;
#284 = CARTESIAN_POINT ( 'NONE',  ( 0.000000000000000000, -7.630794817724408041, 387.2858327702766701 ) ) ;
#285 = DIRECTION ( 'NONE',  ( 0.07632546015824635821, 0.000000000000000000, -0.9970829574973347764 ) ) ;
#286 = CARTESIAN_POINT ( 'NONE',  ( -410.3645818365006335, -0.4218440020301101878, 362.5113055778124362 ) ) ;
#287 = CARTESIAN_POINT ( 'NONE',  ( -474.7938788620726882, 0.1443437938872926263, 357.6166496079539456 ) ) ;
#288 = CARTESIAN_POINT ( 'NONE',  ( -340.5089971869348346, -0.6020362616952313894, 367.8589095719586908 ) ) ;
#289 = CARTESIAN_POINT ( 'NONE',  ( -320.5679079843799286, -0.5196124082112006937, 369.3919976385436712 ) ) ;
#290 = CARTESIAN_POINT ( 'NONE',  ( -341.6072432298724380, -0.2020362616952313395, 382.2059231409783138 ) ) ;
#291 = EDGE_LOOP ( 'NONE', ( #715, #123, #943, #42 ) ) ;
#292 = CARTESIAN_POINT ( 'NONE',  ( -386.6666666647017792, -4.705967703391121582, 419.7200802417859222 ) ) ;
#293 = CARTESIAN_POINT ( 'NONE',  ( -298.3671521233923727, -6.171999031318591733, 376.3187364003252924 ) ) ;
#294 = CARTESIAN_POINT ( 'NONE',  ( -310.8370945548289797, -5.989945777363618440, 374.0124698402549939 ) ) ;
#295 = CARTESIAN_POINT ( 'NONE',  ( -193.3333333323510317, 9.316921043030340854, 226.5755206670815198 ) ) ;
#296 = CARTESIAN_POINT ( 'NONE',  ( -579.9999999970530098, 0.4218217482621807735, 238.5244780359223853 ) ) ;
#297 = EDGE_CURVE ( 'NONE', #876, #970, #1450, .T. ) ;
#298 = CARTESIAN_POINT ( 'NONE',  ( -579.9999999970527824, -4.937668687604563011, 340.7488106811252351 ) ) ;
#299 =( GEOMETRIC_REPRESENTATION_CONTEXT ( 3 ) GLOBAL_UNCERTAINTY_ASSIGNED_CONTEXT ( ( #1724 ) ) GLOBAL_UNIT_ASSIGNED_CONTEXT ( ( #646, #1314, #520 ) ) REPRESENTATION_CONTEXT ( 'NONE', 'WORKASPACE' ) );
#300 = CARTESIAN_POINT ( 'NONE',  ( -351.6817824483651407, -0.8037832995766207578, 366.9938175604733033 ) ) ;
#301 = CARTESIAN_POINT ( 'NONE',  ( -514.6025882337570465, -0.4211075902274478144, 354.5212163619742682 ) ) ;
#302 = ORIENTED_EDGE ( 'NONE', *, *, #1372, .F. ) ;
#303 = CARTESIAN_POINT ( 'NONE',  ( -579.9999999970533509, -4.179541867572799774, 402.5918904233845410 ) ) ;
#304 = B_SPLINE_CURVE_WITH_KNOTS ( 'NONE', 3,
 ( #831, #1322, #1732, #259, #672, #1346, #1330, #412, #143, #126, #1618 ),
 .UNSPECIFIED., .F., .F.,
 ( 4, 1, 1, 1, 1, 1, 1, 1, 4 ),
 ( 0.0003994136595647194564, 0.001181720316982653052, 0.005713761016709983584, 0.01130991632928272234, 0.01794450457467603594, 0.02557059737615501732, 0.03408406617401348732, 0.04338435243862136942, 0.04954010754658880189 ),
 .UNSPECIFIED. ) ;
#305 = CARTESIAN_POINT ( 'NONE',  ( -435.1324740060006775, -5.533733236478635575, 365.5988949919682227 ) ) ;
#306 = CARTESIAN_POINT ( 'NONE',  ( -310.8370945548290365, -5.474679003124367505, 372.7380735333302368 ) ) ;
#307 = CARTESIAN_POINT ( 'NONE',  ( 0.000000000000000000, 19.01102325474809618, 266.6625469626757194 ) ) ;
#308 = CARTESIAN_POINT ( 'NONE',  ( 0.000000000000000000, 4.196968758149082213, 202.6130197730023212 ) ) ;
#309 = CARTESIAN_POINT ( 'NONE',  ( -579.9999999970531235, -4.886162747044378918, 349.3334163557685201 ) ) ;
#310 = EDGE_LOOP ( 'NONE', ( #1692, #141, #607, #1737 ) ) ;
#311 = CARTESIAN_POINT ( 'NONE',  ( -193.3333333323509464, -5.898521906545276750, 234.5410815672917408 ) ) ;
#312 = CARTESIAN_POINT ( 'NONE',  ( -480.6904152717439160, -5.321526633260797112, 361.9761752237275800 ) ) ;
#313 = CARTESIAN_POINT ( 'NONE',  ( -449.6844366015615151, -5.416070627225343159, 373.8891410819444445 ) ) ;
#314 = CARTESIAN_POINT ( 'NONE',  ( -193.3333333323510317, 1.893688306988295489, 213.4642146367242788 ) ) ;
#315 = CARTESIAN_POINT ( 'NONE',  ( -386.6666666647020634, -6.083877520582038123, 315.6127975168557214 ) ) ;
#316 = B_SPLINE_CURVE_WITH_KNOTS ( 'NONE', 3,
 ( #856, #567, #1617, #1396, #848, #1627, #728 ),
 .UNSPECIFIED., .F., .F.,
 ( 4, 3, 4 ),
 ( 0.001328817671643276518, 0.009400000000104576439, 0.02132881768486216342 ),
 .UNSPECIFIED. ) ;
#317 = EDGE_CURVE ( 'NONE', #1710, #1145, #195, .T. ) ;
#318 = CARTESIAN_POINT ( 'NONE',  ( -550.0790475707359519, 0.3385405173001321821, 351.8591607987753491 ) ) ;
#319 = EDGE_CURVE ( 'NONE', #1169, #1554, #1472, .T. ) ;
#320 = VERTEX_POINT ( 'NONE', #1083 ) ;
#321 = CARTESIAN_POINT ( 'NONE',  ( -579.9999999970526687, -5.051091561309488220, 323.0149168784112135 ) ) ;
#322 = CARTESIAN_POINT ( 'NONE',  ( -374.0138850504116022, -5.818586153674724315, 370.4480701346460592 ) ) ;
#323 = CARTESIAN_POINT ( 'NONE',  ( -310.8370945548289797, -89.00000000000000000, 424.5014537256827793 ) ) ;
#324 = CARTESIAN_POINT ( 'NONE',  ( 0.000000000000000000, 0.6651760188416218078, 199.5309203637108340 ) ) ;
#325 = CARTESIAN_POINT ( 'NONE',  ( -386.6666666647020634, -6.153661249499089436, 284.8637153941359657 ) ) ;
#326 = B_SPLINE_CURVE_WITH_KNOTS ( 'NONE', 3,
 ( #679, #1492, #793, #286 ),
 .UNSPECIFIED., .F., .F.,
 ( 4, 4 ),
 ( 3.113693114106808046E-18, 0.0004022786363024702405 ),
 .UNSPECIFIED. ) ;
#327 = LINE ( 'NONE', #714, #169 ) ;
#328 = B_SPLINE_CURVE_WITH_KNOTS ( 'NONE', 3,
 ( #866, #978, #92, #731, #1110, #359, #722 ),
 .UNSPECIFIED., .F., .F.,
 ( 4, 3, 4 ),
 ( 0.001328590049304335290, 0.009400000000044253165, 0.02132859005901676167 ),
 .UNSPECIFIED. ) ;
#329 = ORIENTED_EDGE ( 'NONE', *, *, #1717, .T. ) ;
#330 = CARTESIAN_POINT ( 'NONE',  ( -386.6666666647018928, -6.161060105321074509, 294.7877091421007663 ) ) ;
#331 = DIRECTION ( 'NONE',  ( 0.000000000000000000, -1.000000000000000000, 0.000000000000000000 ) ) ;
#332 = EDGE_CURVE ( 'NONE', #1532, #782, #402, .T. ) ;
#333 = CARTESIAN_POINT ( 'NONE',  ( -298.3961682776245539, 4.045483089959254208, 377.0617820705163012 ) ) ;
#334 = CARTESIAN_POINT ( 'NONE',  ( -559.1999999970529416, -0.3617191825147290651, 351.1079676401662937 ) ) ;
#335 = CARTESIAN_POINT ( 'NONE',  ( -193.3333333323510317, -7.079803176567100564, 270.4717163648858218 ) ) ;
#336 = VECTOR ( 'NONE', #1403, 1000.000000000000000 ) ;
#337 = ORIENTED_EDGE ( 'NONE', *, *, #1334, .T. ) ;
#338 = CARTESIAN_POINT ( 'NONE',  ( -579.9999999970531235, -5.113217040306552441, 280.3723710342515005 ) ) ;
#339 = ORIENTED_EDGE ( 'NONE', *, *, #1128, .T. ) ;
#340 = B_SPLINE_SURFACE_WITH_KNOTS ( 'NONE', 3, 3, ( 
 ( #698, #118, #929, #519 ),
 ( #528, #1587, #1054, #809 ),
 ( #1214, #1338, #1455, #7 ),
 ( #1189, #820, #1594, #1463 ),
 ( #404, #937, #1471, #268 ),
 ( #1097, #587, #1501, #568 ),
 ( #965, #1628, #295, #840 ),
 ( #38, #708, #1369, #1115 ),
 ( #174, #1644, #163, #434 ),
 ( #1002, #1511, #1223, #468 ),
 ( #1234, #1636, #29, #1107 ),
 ( #1538, #579, #1380, #441 ),
 ( #1243, #19, #974, #307 ),
 ( #849, #719, #508, #124 ),
 ( #497, #223, #776, #643 ),
 ( #800, #916, #1293, #1032 ),
 ( #1179, #1328, #1320, #670 ),
 ( #1577, #1567, #790, #1060 ),
 ( #97, #1585, #1445, #1730 ),
 ( #1195, #783, #1070, #909 ),
 ( #1311, #247, #534, #1600 ),
 ( #1187, #1170, #634, #1042 ),
 ( #377, #1302, #106, #1693 ),
 ( #926, #232, #1702, #1720 ),
 ( #652, #239, #403, #366 ),
 ( #257, #526, #1711, #88 ),
 ( #517, #1052, #394, #385 ),
 ( #1461, #1453, #116, #660 ),
 ( #1592, #901, #1427, #1436 ),
 ( #766, #1162, #1607, #171 ),
 ( #411, #292, #5, #837 ),
 ( #303, #705, #160, #1103 ),
 ( #1366, #1376, #944, #716 ),
 ( #1078, #1240, #695, #1478 ),
 ( #275, #1508, #1354, #553 ),
 ( #1625, #34, #846, #1086 ),
 ( #685, #438, #576, #1470 ),
 ( #267, #430, #1616, #1489 ),
 ( #1738, #971, #584, #419 ),
 ( #1112, #1205, #952, #1213 ),
 ( #1498, #1230, #808, #26 ),
 ( #1641, #133, #936, #1633 ),
 ( #962, #678, #817, #284 ),
 ( #546, #1337, #1345, #1220 ),
 ( #16, #142, #151, #828 ),
 ( #565, #1094, #861, #477 ),
 ( #321, #883, #1533, #1273 ),
 ( #187, #1386, #470, #622 ),
 ( #447, #1417, #179, #1650 ),
 ( #733, #330, #1393, #198 ),
 ( #1012, #741, #1540, #1549 ),
 ( #338, #980, #1667, #51 ),
 ( #725, #1248, #1673, #74 ),
 ( #346, #1281, #43, #1131 ),
 ( #1257, #1004, #748, #1517 ),
 ( #592, #1410, #311, #877 ),
 ( #1120, #206, #68, #212 ),
 ( #608, #463, #754, #615 ),
 ( #602, #1151, #455, #1138 ),
 ( #1658, #987, #868, #1144 ),
 ( #854, #1526, #997, #1402 ),
 ( #1267, #60, #772, #1028 ),
 ( #219, #1423, #1183, #493 ) ),
 .UNSPECIFIED., .T., .F., .F.,
 ( 4, 1, 1, 1, 1, 1, 1, 1, 1, 1, 1, 1, 1, 1, 1, 1, 1, 1, 1, 1, 1, 1, 1, 1, 1, 1, 1, 1, 1, 1, 1, 1, 1, 1, 1, 1, 1, 1, 1, 1, 1, 1, 1, 1, 1, 1, 1, 1, 1, 1, 1, 1, 1, 1, 1, 1, 1, 1, 1, 1, 4 ),
 ( 4, 4 ),
 ( 0.000000000000000000, 0.003860322318652631424, 0.009394797800600040993, 0.01667682966515771081, 0.02574601821153910119, 0.03660292795654351838, 0.04920899649386034636, 0.06349082326102040152, 0.07934674930367069390, 0.09664596362268917940, 0.1152362930771427818, 0.1349489434337972638, 0.1556634120433916246, 0.1773331524001592330, 0.1998829210885900709, 0.2232120323077090296, 0.2472101962221454619, 0.2717419340733749911, 0.2965571596970338897, 0.3213261058738797749, 0.3457060309687295385, 0.3693717206835468447, 0.3919905574059651121, 0.4132492025566901761, 0.4328580350888563411, 0.4505322894011315471, 0.4660166644726876362, 0.4791302729403160710, 0.4897712402210446792, 0.4977451439687686774, 0.5027415987227935590, 0.5044506879271154487, 0.5061687141980233395, 0.5111726415984217953, 0.5191493344995530279, 0.5297856188872963612, 0.5429192827985859227, 0.5584900536828429907, 0.5763877949385057819, 0.5963681263741105187, 0.6181950463317675837, 0.6415931759684508906, 0.6662720753110366045, 0.6919362323365962908, 0.7182704540732928189, 0.7449493915174514314, 0.7716573823196638537, 0.7980689496398100102, 0.8238682316128342897, 0.8487443405748122949, 0.8724112732714405238, 0.8945985341559141713, 0.9150565674164555796, 0.9335822461452389920, 0.9499859994824328968, 0.9641230260458010237, 0.9759079492932850597, 0.9852880743758861692, 0.9922841994269310240, 0.9970173798615488137, 1.000000000000000000 ),
 ( 0.000000000000000000, 1.000000000000000000 ),
 .UNSPECIFIED. ) ;
#341 = VECTOR ( 'NONE', #699, 1000.000000000000000 ) ;
#342 = CARTESIAN_POINT ( 'NONE',  ( -549.2521401144369975, 4.265495160616173287, 357.3806576870935601 ) ) ;
#343 = CARTESIAN_POINT ( 'NONE',  ( 0.000000000000000000, 19.05559646799564533, 289.0914184166211953 ) ) ;
#344 = CARTESIAN_POINT ( 'NONE',  ( 0.000000000000000000, -6.040101761588164031, 217.1525123588351676 ) ) ;
#345 = VERTEX_POINT ( 'NONE', #1495 ) ;
#346 = CARTESIAN_POINT ( 'NONE',  ( -579.9999999970530098, -4.843869939650165435, 266.1019293467749094 ) ) ;
#347 = CARTESIAN_POINT ( 'NONE',  ( -340.5089971869348346, -0.6020362616952313894, 367.8589095719586908 ) ) ;
#348 = CARTESIAN_POINT ( 'NONE',  ( -452.6844366015615151, 2.634092616184104063, 373.8891410819445014 ) ) ;
#349 = CARTESIAN_POINT ( 'NONE',  ( -193.3333333323509748, 12.29171122513588976, 334.7391500830804603 ) ) ;
#350 = CARTESIAN_POINT ( 'NONE',  ( -386.6666666647020634, -3.190613515628904828, 230.4749220973889692 ) ) ;
#351 = ADVANCED_FACE ( 'NONE', ( #1217 ), #1581, .T. ) ;
#352 = ORIENTED_EDGE ( 'NONE', *, *, #371, .F. ) ;
#353 = CARTESIAN_POINT ( 'NONE',  ( -320.5703589307024686, -0.2534755244864377310, 369.4240157462992329 ) ) ;
#354 = CARTESIAN_POINT ( 'NONE',  ( -332.5797515210086317, -0.6224896249620780475, 368.4653976380845961 ) ) ;
#355 = CARTESIAN_POINT ( 'NONE',  ( -571.6434359094852198, -0.3548430186425844957, 350.1548104236018162 ) ) ;
#356 = VERTEX_POINT ( 'NONE', #862 ) ;
#357 = CARTESIAN_POINT ( 'NONE',  ( -579.9999999970532372, -0.04621037551902798524, 379.9087948609357568 ) ) ;
#358 = CARTESIAN_POINT ( 'NONE',  ( -579.9999999970531235, -2.676006289986922582, 242.6746744830808211 ) ) ;
#359 = CARTESIAN_POINT ( 'NONE',  ( -476.2553871472380820, -0.2518783736752459590, 357.4646447420440154 ) ) ;
#360 = FACE_OUTER_BOUND ( 'NONE', #516, .T. ) ;
#361 = CARTESIAN_POINT ( 'NONE',  ( -325.9325114706201134, -0.6396360458865369969, 368.9736794829873361 ) ) ;
#362 = B_SPLINE_CURVE_WITH_KNOTS ( 'NONE', 3,
 ( #220, #229, #623, #763 ),
 .UNSPECIFIED., .F., .F.,
 ( 4, 4 ),
 ( 6.938893903907228378E-18, 0.0004022321127453147463 ),
 .UNSPECIFIED. ) ;
#363 = CARTESIAN_POINT ( 'NONE',  ( -559.1999999970530553, -4.949822316101275987, 356.8335160153052357 ) ) ;
#364 = VECTOR ( 'NONE', #1203, 1000.000000000000114 ) ;
#365 = ORIENTED_EDGE ( 'NONE', *, *, #109, .F. ) ;
#366 = CARTESIAN_POINT ( 'NONE',  ( 0.000000000000000000, 1.712573641261867508, 412.3034159109438406 ) ) ;
#367 = AXIS2_PLACEMENT_3D ( 'NONE', #400, #1299, #122 ) ;
#368 = CARTESIAN_POINT ( 'NONE',  ( -579.9999999970532372, -1.969755189242207161, 390.8208460070080719 ) ) ;
#369 = CARTESIAN_POINT ( 'NONE',  ( 0.000000000000000000, -2.971648534343652059, 202.6081388344403251 ) ) ;
#370 = CARTESIAN_POINT ( 'NONE',  ( -534.0696630154074001, 0.2972450426124673695, 353.0812407650237219 ) ) ;
#371 = EDGE_CURVE ( 'NONE', #1554, #1161, #1514, .T. ) ;
#372 = LINE ( 'NONE', #1715, #653 ) ;
#373 = CARTESIAN_POINT ( 'NONE',  ( -434.9976340248654196, 4.162859694766298801, 366.3675670228686840 ) ) ;
#374 = ADVANCED_FACE ( 'NONE', ( #594 ), #1242, .T. ) ;
#375 = CARTESIAN_POINT ( 'NONE',  ( -328.4354446485201038, -0.2331879082372132206, 368.8236956416307635 ) ) ;
#376 = ORIENTED_EDGE ( 'NONE', *, *, #1174, .T. ) ;
#377 = CARTESIAN_POINT ( 'NONE',  ( -579.9999999970528961, 3.601999506163845677, 359.0013333867893266 ) ) ;
#378 = CARTESIAN_POINT ( 'NONE',  ( -386.6666666647018928, 13.07726766458433332, 311.5408364025354331 ) ) ;
#379 = CARTESIAN_POINT ( 'NONE',  ( -386.6666666647022339, -5.483459774955862009, 251.0186217847534920 ) ) ;
#380 = APPLICATION_PROTOCOL_DEFINITION ( 'draft international standard', 'automotive_design', 1998, #1306 ) ;
#381 = CARTESIAN_POINT ( 'NONE',  ( -531.2324601222520641, 0.2871012545089257628, 367.6903486563381307 ) ) ;
#382 = CARTESIAN_POINT ( 'NONE',  ( -310.8370945548291502, 4.052644616121345855, 376.1087982770621920 ) ) ;
#383 =( NAMED_UNIT ( * ) PLANE_ANGLE_UNIT ( ) SI_UNIT ( $, .RADIAN. ) );
#384 = ORIENTED_EDGE ( 'NONE', *, *, #1433, .T. ) ;
#385 = CARTESIAN_POINT ( 'NONE',  ( 0.000000000000000000, -1.685681154134503368, 431.6634505495804319 ) ) ;
#386 = CARTESIAN_POINT ( 'NONE',  ( 0.000000000000000000, -5.420589551295606157, 451.9053200484384547 ) ) ;
#387 = CARTESIAN_POINT ( 'NONE',  ( 6.918338884774809798E-12, 10.00000000000000000, 373.8891410819360885 ) ) ;
#388 = LINE ( 'NONE', #938, #1706 ) ;
#389 = DIRECTION ( 'NONE',  ( 0.07632546015824659413, 0.000000000000000000, -0.9970829574973348874 ) ) ;
#390 = CARTESIAN_POINT ( 'NONE',  ( -434.9449762290356034, 4.162804741825016031, 366.3717492512419653 ) ) ;
#391 = FILL_AREA_STYLE ('',( #641 ) ) ;
#392 =( BOUNDED_SURFACE ( )  B_SPLINE_SURFACE ( 2, 3, ( 
 ( #355, #610, #1660, #891, #1269, #465, #1140, #62, #1669, #1160, #999, #1683, #1419, #617 ),
 ( #86, #1006, #1535, #1283, #1434, #76, #1412, #1404, #480, #624, #1014, #1542, #1146, #472 ),
 ( #208, #1153, #342, #764, #1425, #54, #487, #604, #756, #879, #70, #1675, #750, #333 ) ),
 .UNSPECIFIED., .F., .F., .F. ) 
 B_SPLINE_SURFACE_WITH_KNOTS ( ( 3, 3 ),
 ( 4, 2, 2, 2, 2, 2, 4 ),
 ( 0.000000000000000000, 1.000000000000000000 ),
 ( -0.01247735432061820166, 0.02183537006108215647, 0.05614809444278251460, 0.1247735432061832239, 0.1933989919695839332, 0.2277117163512842879, 0.2620244407329846426 ),
 .UNSPECIFIED. ) 
 GEOMETRIC_REPRESENTATION_ITEM ( )  RATIONAL_B_SPLINE_SURFACE ( (
 ( 1.000000000000000000, 1.000000000000000000, 1.000000000000000000, 1.000000000000000000, 1.000000000000000000, 1.000000000000000000, 1.000000000000000000, 1.000000000000000000, 1.000000000000000000, 1.000000000000000000, 1.000000000000000000, 1.000000000000000000, 1.000000000000000000, 1.000000000000000000),
 ( 0.6445465365771536614, 0.6445029567651973101, 0.6444610558799444000, 0.6443784848306186586, 0.6443380955703392754, 0.6442202851212021075, 0.6441462619375453169, 0.6440096346528960680, 0.6439481971745196764, 0.6438708616084640735, 0.6438472623185736987, 0.6438041030432820611, 0.6437846976138366095, 0.6437665339192057967),
 ( 1.000000000000000000, 1.000000000000000000, 1.000000000000000000, 1.000000000000000000, 1.000000000000000000, 1.000000000000000000, 1.000000000000000000, 1.000000000000000000, 1.000000000000000000, 1.000000000000000000, 1.000000000000000000, 1.000000000000000000, 1.000000000000000000, 1.000000000000000000) ) ) 
 REPRESENTATION_ITEM ( '' )  SURFACE ( )  );
#393 = ORIENTED_EDGE ( 'NONE', *, *, #1279, .T. ) ;
#394 = CARTESIAN_POINT ( 'NONE',  ( -193.3333333323509180, -1.480112654933182004, 416.3527847794970853 ) ) ;
#395 = CARTESIAN_POINT ( 'NONE',  ( 0.000000000000000000, -6.590772124736852255, 458.2508859490670829 ) ) ;
#396 = CARTESIAN_POINT ( 'NONE',  ( -391.5212533987617007, -0.2732832648213155413, 378.3850677489193117 ) ) ;
#397 = DIRECTION ( 'NONE',  ( 0.002564460613766938926, 0.9999966924973346938, 0.0001963062701369855216 ) ) ;
#398 = CARTESIAN_POINT ( 'NONE',  ( -406.6428909310815811, -0.6597964556108980583, 362.7864249698026242 ) ) ;
#399 = CARTESIAN_POINT ( 'NONE',  ( -432.6624945322065514, 4.160422719896703647, 366.5530277299902764 ) ) ;
#400 = CARTESIAN_POINT ( 'NONE',  ( -551.1740533151079262, 0.3385405173001321821, 366.1638445021064854 ) ) ;
#401 = ORIENTED_EDGE ( 'NONE', *, *, #432, .F. ) ;
#402 = B_SPLINE_CURVE_WITH_KNOTS ( 'NONE', 3,
 ( #157, #691, #289, #959 ),
 .UNSPECIFIED., .F., .F.,
 ( 4, 4 ),
 ( 3.144186300207962859E-18, 0.0004020225046009528536 ),
 .UNSPECIFIED. ) ;
#403 = CARTESIAN_POINT ( 'NONE',  ( -193.3333333323510317, 1.503725608321301310, 399.3537027180361179 ) ) ;
#404 = CARTESIAN_POINT ( 'NONE',  ( -579.9999999970528961, 4.033212153983865456, 242.5533110923767026 ) ) ;
#405 = PLANE ( 'NONE',  #479 ) ;
#406 = EDGE_CURVE ( 'NONE', #356, #320, #1027, .T. ) ;
#407 = CARTESIAN_POINT ( 'NONE',  ( -402.7061395947870324, -0.6681926601708256808, 363.0878681456504182 ) ) ;
#408 = CARTESIAN_POINT ( 'NONE',  ( -452.0620367642566180, 4.180667828560056698, 365.0122641105665480 ) ) ;
#409 = DIRECTION ( 'NONE',  ( 1.000000000000000000, 0.000000000000000000, 0.000000000000000000 ) ) ;
#410 = ORIENTED_EDGE ( 'NONE', *, *, #109, .T. ) ;
#411 = CARTESIAN_POINT ( 'NONE',  ( -579.9999999970526687, -3.946952243843884212, 401.3968860776002430 ) ) ;
#412 = CARTESIAN_POINT ( 'NONE',  ( -310.8370945548289228, -6.036904880606331680, 390.5475331807060115 ) ) ;
#413 = B_SPLINE_CURVE_WITH_KNOTS ( 'NONE', 3,
 ( #1332, #690, #1373, #549, #168, #300, #1362, #1630, #1191, #1226, #436, #263, #1612, #415, #128, #1726, #674, #1209, #812, #1, #1505, #1735, #407, #1065, #1216, #1090, #940, #1597, #1200, #1620, #398, #1118, #770, #1391, #590, #1165, #48, #1561, #1296, #453, #1639, #500, #461, #1384, #1648, #41 ),
 .UNSPECIFIED., .F., .F.,
 ( 4, 2, 1, 1, 1, 1, 1, 1, 1, 1, 1, 2, 2, 2, 2, 1, 1, 1, 1, 1, 1, 1, 2, 2, 2, 1, 1, 1, 1, 1, 1, 2, 2, 4 ),
 ( 0.000000000000000000, 0.1250000000005737633, 0.1875000000008610890, 0.2187500000010047518, 0.2343750000010766110, 0.2421875000011129708, 0.2460937500011315393, 0.2480468750011407819, 0.2490234375011454171, 0.2495117187511477486, 0.2497558593761493306, 0.2498779296886496359, 0.2500000000011499690, 0.3750000000011500800, 0.4375000000011505241, 0.4687500000011507462, 0.4843750000011504686, 0.4921875000011499690, 0.4960937500011497470, 0.4980468750011499690, 0.4990234375011497470, 0.4995117187511493029, 0.4997558593761490253, 0.5000000000011487478, 0.6250000000008865131, 0.6875000000007553957, 0.7187500000006898926, 0.7343750000006566969, 0.7421875000006401546, 0.7460937500006313838, 0.7480468750006266099, 0.7490234375006242784, 0.7500000000006218359, 1.000000000000000000 ),
 .UNSPECIFIED. ) ;
#414 = DIRECTION ( 'NONE',  ( -0.9999967117653473236, 0.002564460663179161937, 0.000000000000000000 ) ) ;
#415 = CARTESIAN_POINT ( 'NONE',  ( -358.7161475707643490, -0.7810955493477637068, 366.4555028577075291 ) ) ;
#416 = CARTESIAN_POINT ( 'NONE',  ( -310.8370945548289797, -4.189603219125031863, 422.4628430058261870 ) ) ;
#417 = CARTESIAN_POINT ( 'NONE',  ( -310.8370945548289228, 3.755163300188208098, 373.1714228903909998 ) ) ;
#418 = ORIENTED_EDGE ( 'NONE', *, *, #1740, .T. ) ;
#419 = CARTESIAN_POINT ( 'NONE',  ( 0.000000000000000000, -7.396703398402827645, 431.1210683550273188 ) ) ;
#420 = CARTESIAN_POINT ( 'NONE',  ( -310.8370945548289228, -6.113663193997986411, 375.3638235433062391 ) ) ;
#421 = CARTESIAN_POINT ( 'NONE',  ( -402.2237344670210177, -0.04285182820271972448, 363.1779895678794219 ) ) ;
#422 = CARTESIAN_POINT ( 'NONE',  ( -559.1999999970530553, 3.681261399335552742, 353.3190794344791925 ) ) ;
#423 = VECTOR ( 'NONE', #550, 1000.000000000000000 ) ;
#424 =( GEOMETRIC_REPRESENTATION_CONTEXT ( 3 ) GLOBAL_UNCERTAINTY_ASSIGNED_CONTEXT ( ( #663 ) ) GLOBAL_UNIT_ASSIGNED_CONTEXT ( ( #650, #383, #1076 ) ) REPRESENTATION_CONTEXT ( 'NONE', 'WORKASPACE' ) );
#425 = CARTESIAN_POINT ( 'NONE',  ( -559.1999999970524868, 4.270617815216453117, 356.6193674239398206 ) ) ;
#426 = CARTESIAN_POINT ( 'NONE',  ( -559.1999999970528279, -2.700077543123300394, 351.7490791247028028 ) ) ;
#427 = EDGE_CURVE ( 'NONE', #1584, #1111, #1643, .T. ) ;
#428 = CARTESIAN_POINT ( 'NONE',  ( -310.8370945548290365, -0.5947013848950933879, 370.1192114460066591 ) ) ;
#429 = EDGE_LOOP ( 'NONE', ( #1159, #1327, #1564, #1003 ) ) ;
#430 = CARTESIAN_POINT ( 'NONE',  ( -386.6666666647018928, -5.530142459485384521, 406.8380078360256675 ) ) ;
#431 = CARTESIAN_POINT ( 'NONE',  ( -560.2367400992455941, -4.977245758499301509, 351.0279787991121339 ) ) ;
#432 = EDGE_CURVE ( 'NONE', #1469, #1145, #1519, .T. ) ;
#433 = CARTESIAN_POINT ( 'NONE',  ( -352.2551155603069901, -5.920078679421578727, 372.1630778972370308 ) ) ;
#434 = CARTESIAN_POINT ( 'NONE',  ( 0.000000000000000000, 14.38374267723915345, 229.2296430974215298 ) ) ;
#435 = CARTESIAN_POINT ( 'NONE',  ( 0.000000000000000000, 14.38374267723915345, 229.2296430974215298 ) ) ;
#436 = CARTESIAN_POINT ( 'NONE',  ( -358.5265893544594178, -0.7816842540648112347, 366.4700098641631598 ) ) ;
#437 = ORIENTED_EDGE ( 'NONE', *, *, #130, .T. ) ;
#438 = CARTESIAN_POINT ( 'NONE',  ( -386.6666666647018360, -5.420512167452217867, 412.1310864783856118 ) ) ;
#439 = CARTESIAN_POINT ( 'NONE',  ( -559.1999999970530553, -4.955363640084781807, 355.8499340599764764 ) ) ;
#440 = CARTESIAN_POINT ( 'NONE',  ( -310.8370945548289797, -0.9715463315519319298, 370.1192114460068296 ) ) ;
#441 = CARTESIAN_POINT ( 'NONE',  ( 0.000000000000000000, 18.32930396932231787, 256.2623385660224926 ) ) ;
#442 = CARTESIAN_POINT ( 'NONE',  ( 0.000000000000000000, -3.869566342698527173E-11, 199.5133111311278071 ) ) ;
#443 = CARTESIAN_POINT ( 'NONE',  ( 0.000000000000000000, -7.786271839968238240, 360.7297558856265027 ) ) ;
#444 = AXIS2_PLACEMENT_3D ( 'NONE', #1580, #1198, #101 ) ;
#445 = CARTESIAN_POINT ( 'NONE',  ( -544.6494857666593816, 0.3245352515840953522, 352.2734216217131689 ) ) ;
#446 = ORIENTED_EDGE ( 'NONE', *, *, #596, .F. ) ;
#447 = CARTESIAN_POINT ( 'NONE',  ( -579.9999999970531235, -5.144550325250647482, 305.2452058889440423 ) ) ;
#448 = CARTESIAN_POINT ( 'NONE',  ( -343.5801159466977879, -5.988689666980431703, 367.6127738847080764 ) ) ;
#449 = CARTESIAN_POINT ( 'NONE',  ( -310.8370945548290365, -3.273719947791893237, 370.6751368783788507 ) ) ;
#450 = EDGE_CURVE ( 'NONE', #533, #256, #316, .T. ) ;
#451 = CARTESIAN_POINT ( 'NONE',  ( -193.3333333323510317, 3.685149208709673108, 215.2350108880431208 ) ) ;
#452 = CARTESIAN_POINT ( 'NONE',  ( -193.3333333323509180, -6.836737455847012868, 354.0694408174593946 ) ) ;
#453 = CARTESIAN_POINT ( 'NONE',  ( -454.1354305873436488, -0.5655554331342511620, 359.1500261791463799 ) ) ;
#454 = ORIENTED_EDGE ( 'NONE', *, *, #818, .F. ) ;
#455 = CARTESIAN_POINT ( 'NONE',  ( -193.3333333323510317, -3.705220741270887075, 218.2751697116970888 ) ) ;
#456 = CARTESIAN_POINT ( 'NONE',  ( -514.6248234947694300, -5.190057372679675929, 354.5195142797629728 ) ) ;
#457 = PLANE ( 'NONE',  #250 ) ;
#458 = CARTESIAN_POINT ( 'NONE',  ( -579.9999999970528961, 4.033212153983865456, 242.5533110923767026 ) ) ;
#459 = CARTESIAN_POINT ( 'NONE',  ( -579.9999999970531235, -5.161150396137134777, 288.2912157075066375 ) ) ;
#460 = PRODUCT_DEFINITION ( 'UNKNOWN', '', #100, #1063 ) ;
#461 = CARTESIAN_POINT ( 'NONE',  ( -454.5060262640319024, -0.5649165845899243310, 359.1216533074698418 ) ) ;
#462 = ORIENTED_EDGE ( 'NONE', *, *, #272, .F. ) ;
#463 = CARTESIAN_POINT ( 'NONE',  ( -386.6666666647018928, -3.915872789727388614, 234.1898982628685246 ) ) ;
#464 = CARTESIAN_POINT ( 'NONE',  ( -373.0860296859213463, -5.822914003769046332, 370.5212148535133565 ) ) ;
#465 = CARTESIAN_POINT ( 'NONE',  ( -480.4100189066900839, -0.5100613960687251369, 357.1386150129665680 ) ) ;
#466 = CARTESIAN_POINT ( 'NONE',  ( -579.9999999970528961, 11.62353847066273715, 274.5007389497849886 ) ) ;
#467 = CARTESIAN_POINT ( 'NONE',  ( -193.3333333323510317, -6.700220827177433947, 377.3870091286089519 ) ) ;
#468 = CARTESIAN_POINT ( 'NONE',  ( 0.000000000000000000, 15.96968430992112076, 237.4560550978058870 ) ) ;
#469 = VERTEX_POINT ( 'NONE', #973 ) ;
#470 = CARTESIAN_POINT ( 'NONE',  ( -193.3333333323510317, -7.065133105652460443, 317.1447508523514784 ) ) ;
#471 = CARTESIAN_POINT ( 'NONE',  ( -480.2230063112860989, 0.1583482576350112025, 357.2007998379409628 ) ) ;
#472 = CARTESIAN_POINT ( 'NONE',  ( -297.9397096412433257, 5.082900444085505676, 371.1064902185155461 ) ) ;
#473 = CARTESIAN_POINT ( 'NONE',  ( -193.3333333323510885, -2.727339546889202992, 423.3996006684712370 ) ) ;
#474 = CARTESIAN_POINT ( 'NONE',  ( 0.000000000000000000, -1.924238009432647001, 200.1133443086088732 ) ) ;
#475 = AXIS2_PLACEMENT_3D ( 'NONE', #95, #131, #676 ) ;
#476 = ORIENTED_EDGE ( 'NONE', *, *, #1049, .F. ) ;
#477 = CARTESIAN_POINT ( 'NONE',  ( 0.000000000000000000, -7.875199188317395738, 346.8394967070635175 ) ) ;
#478 = CARTESIAN_POINT ( 'NONE',  ( -323.2498988273436566, -0.6465557851888279473, 369.1787771068765096 ) ) ;
#479 = AXIS2_PLACEMENT_3D ( 'NONE', #1464, #397, #414 ) ;
#480 = CARTESIAN_POINT ( 'NONE',  ( -389.1715090481406492, 5.131321896938780824, 364.1228094565536821 ) ) ;
#481 = EDGE_CURVE ( 'NONE', #1186, #1516, #863, .T. ) ;
#482 = CARTESIAN_POINT ( 'NONE',  ( -579.9999999970530098, 8.877391888367052175, 326.7879745516336243 ) ) ;
#483 = DIRECTION ( 'NONE',  ( 1.000000000000000000, 0.000000000000000000, -0.000000000000000000 ) ) ;
#484 = ORIENTED_EDGE ( 'NONE', *, *, #613, .F. ) ;
#485 = CARTESIAN_POINT ( 'NONE',  ( -390.4237377099989885, -0.3393681464582242735, 364.0475952124635910 ) ) ;
#486 = EDGE_LOOP ( 'NONE', ( #1640, #410, #1699, #1152 ) ) ;
#487 = CARTESIAN_POINT ( 'NONE',  ( -458.0318511666058612, 4.186897011192994178, 364.5381233186581653 ) ) ;
#488 = ORIENTED_EDGE ( 'NONE', *, *, #1105, .F. ) ;
#489 = CARTESIAN_POINT ( 'NONE',  ( -193.3333333323510317, 16.73177006838016467, 291.1673851077070481 ) ) ;
#490 = CARTESIAN_POINT ( 'NONE',  ( -579.9999999970530098, -3.284290047907533872, 245.7904700933225968 ) ) ;
#491 = DIRECTION ( 'NONE',  ( 0.07632546015824337449, 0.000000000000000000, -0.9970829574973349985 ) ) ;
#492 = B_SPLINE_CURVE_WITH_KNOTS ( 'NONE', 3,
 ( #930, #822, #1347, #145 ),
 .UNSPECIFIED., .F., .F.,
 ( 4, 4 ),
 ( 1.246832498358330099E-18, 0.0004021064041889702186 ),
 .UNSPECIFIED. ) ;
#493 = CARTESIAN_POINT ( 'NONE',  ( 0.000000000000000000, -3.869566342698527173E-11, 199.5133111311278071 ) ) ;
#494 = CARTESIAN_POINT ( 'NONE',  ( -481.3184499533627445, -0.2416517423649890139, 371.5112040483970759 ) ) ;
#495 = CARTESIAN_POINT ( 'NONE',  ( -559.1999999970529416, -4.823561603186092839, 380.9156343610694080 ) ) ;
#496 = ORIENTED_EDGE ( 'NONE', *, *, #919, .T. ) ;
#497 = CARTESIAN_POINT ( 'NONE',  ( -579.9999999970531235, 12.08411726914921047, 295.3193184898788672 ) ) ;
#498 = CARTESIAN_POINT ( 'NONE',  ( -386.6666666647022339, -2.348547368065704966, 407.1102233377395692 ) ) ;
#499 = PLANE ( 'NONE',  #1486 ) ;
#500 = CARTESIAN_POINT ( 'NONE',  ( -454.4454843620529232, -0.5650208260858623488, 359.1262884029164866 ) ) ;
#501 = ADVANCED_FACE ( 'NONE', ( #28 ), #964, .T. ) ;
#502 = ADVANCED_FACE ( 'NONE', ( #1122 ), #457, .T. ) ;
#503 = CARTESIAN_POINT ( 'NONE',  ( -546.1111194044507329, -0.07168610036593539570, 352.1188995262868389 ) ) ;
#504 = CARTESIAN_POINT ( 'NONE',  ( -452.6844366015615151, 10.00000000000000000, 366.8891410819445014 ) ) ;
#505 = CARTESIAN_POINT ( 'NONE',  ( -449.6844366015615151, 2.672314815528561649, 373.8891410819444445 ) ) ;
#506 = VECTOR ( 'NONE', #1468, 1000.000000000000000 ) ;
#507 = EDGE_LOOP ( 'NONE', ( #789, #274, #1657, #816 ) ) ;
#508 = CARTESIAN_POINT ( 'NONE',  ( -193.3333333323508896, 16.91444032200661951, 281.1003418505097784 ) ) ;
#509 = VECTOR ( 'NONE', #1609, 1000.000000000000114 ) ;
#510 = CARTESIAN_POINT ( 'NONE',  ( -193.3333333323509464, 4.987358710711697896, 379.3420367611240636 ) ) ;
#511 = DIRECTION ( 'NONE',  ( 0.9953712201895921208, 0.000000000000000000, 0.09610480746706913380 ) ) ;
#512 = EDGE_CURVE ( 'NONE', #1161, #583, #80, .T. ) ;
#513 = CARTESIAN_POINT ( 'NONE',  ( -455.2897251836268424, -3.951350575940396403, 410.5543031821418367 ) ) ;
#514 = DIRECTION ( 'NONE',  ( 0.07632546015824470675, 0.000000000000000000, -0.9970829574973348874 ) ) ;
#515 = LINE ( 'NONE', #668, #506 ) ;
#516 = EDGE_LOOP ( 'NONE', ( #1212, #1672, #213, #1444 ) ) ;
#517 = CARTESIAN_POINT ( 'NONE',  ( -579.9999999970527824, -1.068975656530539498, 385.7314532393304489 ) ) ;
#518 = CARTESIAN_POINT ( 'NONE',  ( -579.9999999970527824, -4.546249360507058412, 395.0319048769461006 ) ) ;
#519 = CARTESIAN_POINT ( 'NONE',  ( 0.000000000000000000, -3.869566342698527173E-11, 199.5133111311278071 ) ) ;
#520 =( NAMED_UNIT ( * ) SI_UNIT ( $, .STERADIAN. ) SOLID_ANGLE_UNIT ( ) );
#521 = CARTESIAN_POINT ( 'NONE',  ( -460.2815076889345391, 0.1069089948438046028, 358.7285394205351281 ) ) ;
#522 = CARTESIAN_POINT ( 'NONE',  ( -321.6656500370165190, -0.6534755244864366430, 383.7324272952099022 ) ) ;
#523 = CARTESIAN_POINT ( 'NONE',  ( -336.7435069008570281, 4.069413514784881336, 374.1134043001226246 ) ) ;
#524 = DIRECTION ( 'NONE',  ( 0.9999967117653473236, -0.002564460663179098186, 0.000000000000000000 ) ) ;
#525 = VERTEX_POINT ( 'NONE', #1251 ) ;
#526 = CARTESIAN_POINT ( 'NONE',  ( -386.6666666647022339, -0.05509682441517349538, 394.0997390200583936 ) ) ;
#527 = CARTESIAN_POINT ( 'NONE',  ( -579.9999999970526687, -3.946952243843884212, 401.3968860776002430 ) ) ;
#528 = CARTESIAN_POINT ( 'NONE',  ( -579.9999999970530098, 0.4218217482621807735, 238.5244780359223853 ) ) ;
#529 = CARTESIAN_POINT ( 'NONE',  ( -451.6844366004867197, -5.405929368070982122, 373.8891410819445014 ) ) ;
#530 = CARTESIAN_POINT ( 'NONE',  ( -453.7765864474738464, -4.955522075498398848, 410.7003993359780338 ) ) ;
#531 = FACE_OUTER_BOUND ( 'NONE', #59, .T. ) ;
#532 = CARTESIAN_POINT ( 'NONE',  ( -320.5703589307024686, -0.2534755244864377310, 369.4240157462992329 ) ) ;
#533 = VERTEX_POINT ( 'NONE', #1491 ) ;
#534 = CARTESIAN_POINT ( 'NONE',  ( -193.3333333323509464, 8.704752596376119200, 357.4126630265610629 ) ) ;
#535 = CARTESIAN_POINT ( 'NONE',  ( 0.000000000000000000, -6.956796621827982641, 451.7784412453585219 ) ) ;
#536 = B_SPLINE_CURVE_WITH_KNOTS ( 'NONE', 3,
 ( #1431, #639, #1166, #921, #1441, #503, #1037 ),
 .UNSPECIFIED., .F., .F.,
 ( 4, 3, 4 ),
 ( 0.001328574147721934846, 0.009400000000565162869, 0.02132857421766330697 ),
 .UNSPECIFIED. ) ;
#537 = CARTESIAN_POINT ( 'NONE',  ( -407.6531427924803097, -0.02884661075122616630, 362.7619696290168463 ) ) ;
#538 = EDGE_CURVE ( 'NONE', #282, #1556, #45, .T. ) ;
#539 = VECTOR ( 'NONE', #1290, 1000.000000000000114 ) ;
#540 = SHAPE_DEFINITION_REPRESENTATION ( #65, #1067 ) ;
#541 = CARTESIAN_POINT ( 'NONE',  ( -321.6656500370165190, -0.2534755244864377310, 383.7324272952099022 ) ) ;
#542 = CARTESIAN_POINT ( 'NONE',  ( -559.1999999970527142, 4.065456542850568233, 357.8173156155497736 ) ) ;
#543 = CARTESIAN_POINT ( 'NONE',  ( -370.6715511793963742, 4.098232632070480719, 371.4596477281953071 ) ) ;
#544 = CARTESIAN_POINT ( 'NONE',  ( -310.8370945548289797, -0.9715463315519319298, 370.1192114460068296 ) ) ;
#545 = VERTEX_POINT ( 'NONE', #1368 ) ;
#546 = CARTESIAN_POINT ( 'NONE',  ( -579.9999999970531235, -4.886162747044378918, 349.3334163557685201 ) ) ;
#547 = PLANE ( 'NONE',  #1547 ) ;
#548 = CARTESIAN_POINT ( 'NONE',  ( -460.2784189884300190, -0.2930910051561943508, 358.6881899666634581 ) ) ;
#549 = CARTESIAN_POINT ( 'NONE',  ( -338.6302074300325557, -0.8511110815050809686, 367.9924536137836526 ) ) ;
#550 = DIRECTION ( 'NONE',  ( 0.000000000000000000, 1.000000000000000000, 0.000000000000000000 ) ) ;
#551 = CARTESIAN_POINT ( 'NONE',  ( -310.8370945548289797, 0.8435599682250493059, 370.4393650818090009 ) ) ;
#552 = VERTEX_POINT ( 'NONE', #707 ) ;
#553 = CARTESIAN_POINT ( 'NONE',  ( 0.000000000000000000, -6.846324879718627798, 456.3122647871372806 ) ) ;
#554 = DIRECTION ( 'NONE',  ( 0.07632546015824361041, 0.000000000000000000, -0.9970829574973349985 ) ) ;
#555 = CARTESIAN_POINT ( 'NONE',  ( -410.3678452308046758, -0.02184400203010948560, 362.5539371562841779 ) ) ;
#556 = LINE ( 'NONE', #946, #53 ) ;
#557 = EDGE_CURVE ( 'NONE', #1666, #238, #1233, .T. ) ;
#558 = B_SPLINE_CURVE_WITH_KNOTS ( 'NONE', 3,
 ( #1323, #1714, #833, #136 ),
 .UNSPECIFIED., .F., .F.,
 ( 4, 4 ),
 ( 0.000000000000000000, 0.007104633861830567804 ),
 .UNSPECIFIED. ) ;
#559 = ADVANCED_FACE ( 'NONE', ( #586, #37, #214, #1259, #1133 ), #392, .T. ) ;
#560 = CARTESIAN_POINT ( 'NONE',  ( -559.1999999970530553, -4.955363640084781807, 355.8499340599764764 ) ) ;
#561 = CARTESIAN_POINT ( 'NONE',  ( -559.1999999970531690, -3.198305966364135777, 352.0958064317616163 ) ) ;
#562 = CARTESIAN_POINT ( 'NONE',  ( -310.8370945548290365, 4.147753664003498209, 374.6285451868707810 ) ) ;
#563 = ORIENTED_EDGE ( 'NONE', *, *, #371, .T. ) ;
#564 = ORIENTED_EDGE ( 'NONE', *, *, #814, .F. ) ;
#565 = CARTESIAN_POINT ( 'NONE',  ( -579.9999999970532372, -4.994062015816076006, 331.9402949731788794 ) ) ;
#566 = CARTESIAN_POINT ( 'NONE',  ( -309.3711722157261761, -6.148540824740732269, 370.2314259793020597 ) ) ;
#567 = CARTESIAN_POINT ( 'NONE',  ( -393.1055753987558319, -0.4663636703434237418, 363.8331116610620484 ) ) ;
#568 = CARTESIAN_POINT ( 'NONE',  ( 0.000000000000000000, 8.516251081602066009, 210.1672704940056065 ) ) ;
#569 = CARTESIAN_POINT ( 'NONE',  ( -579.9999999970532372, 5.400585436222888447, 245.2695254820144157 ) ) ;
#570 = AXIS2_PLACEMENT_3D ( 'NONE', #387, #1723, #662 ) ;
#571 = CARTESIAN_POINT ( 'NONE',  ( -461.3768567605068824, -0.2930910051561943508, 373.0377082026287212 ) ) ;
#572 = CARTESIAN_POINT ( 'NONE',  ( -310.8370945548289228, -4.522470017790934271, 424.2607914954953685 ) ) ;
#573 = ADVANCED_FACE ( 'NONE', ( #201 ), #1276, .F. ) ;
#574 = CARTESIAN_POINT ( 'NONE',  ( -460.2815076889345391, 0.1069089948438046028, 358.7285394205351281 ) ) ;
#575 = EDGE_LOOP ( 'NONE', ( #376, #1599, #878, #1130 ) ) ;
#576 = CARTESIAN_POINT ( 'NONE',  ( -193.3333333323509180, -6.294774974397376432, 429.2302680798250663 ) ) ;
#577 = CARTESIAN_POINT ( 'NONE',  ( -548.8337611636965221, -5.030443390248114710, 351.9008626543490550 ) ) ;
#578 = DIRECTION ( 'NONE',  ( -0.9970829574973347764, 0.000000000000000000, -0.07632546015824635821 ) ) ;
#579 = CARTESIAN_POINT ( 'NONE',  ( -386.6666666647018928, 13.85879363688259858, 268.4212721551975278 ) ) ;
#580 = CARTESIAN_POINT ( 'NONE',  ( -386.6666666647020634, 8.022921245373382249, 237.6224616886818808 ) ) ;
#581 = CARTESIAN_POINT ( 'NONE',  ( -193.3333333323509464, -7.154764304304089606, 292.9608285418079276 ) ) ;
#582 = LINE ( 'NONE', #1287, #1343 ) ;
#583 = VERTEX_POINT ( 'NONE', #1030 ) ;
#584 = CARTESIAN_POINT ( 'NONE',  ( -193.3333333323510885, -6.494676812344354566, 415.8765459913967675 ) ) ;
#585 = CARTESIAN_POINT ( 'NONE',  ( -457.9845048080306924, -5.427281285042542258, 363.7801084660530933 ) ) ;
#586 = FACE_OUTER_BOUND ( 'NONE', #621, .T. ) ;
#587 = CARTESIAN_POINT ( 'NONE',  ( -386.6666666647022339, 6.439140651349280375, 233.5687738193448126 ) ) ;
#588 = CARTESIAN_POINT ( 'NONE',  ( -193.3333333323509748, -3.397287876363841441E-11, 212.5133111311279777 ) ) ;
#589 = CARTESIAN_POINT ( 'NONE',  ( 0.000000000000000000, -7.396703398402827645, 431.1210683550273188 ) ) ;
#590 = CARTESIAN_POINT ( 'NONE',  ( -440.6588325690775036, -0.5900157223467497047, 360.1818315534334829 ) ) ;
#591 = VERTEX_POINT ( 'NONE', #348 ) ;
#592 = CARTESIAN_POINT ( 'NONE',  ( -579.9999999970528961, -4.260065142064195953, 254.4223368971198056 ) ) ;
#593 = CARTESIAN_POINT ( 'NONE',  ( -377.2704592067527756, -5.803397275365931307, 370.1912023275111210 ) ) ;
#594 = FACE_OUTER_BOUND ( 'NONE', #996, .T. ) ;
#595 = CARTESIAN_POINT ( 'NONE',  ( -193.3333333323509464, 11.04918357943839347, 232.1668332515077964 ) ) ;
#596 = EDGE_CURVE ( 'NONE', #591, #1102, #885, .T. ) ;
#597 = CARTESIAN_POINT ( 'NONE',  ( -579.9999999970531235, -4.839072846083484869, 357.5893618452735723 ) ) ;
#598 = VECTOR ( 'NONE', #749, 1000.000000000000000 ) ;
#599 = AXIS2_PLACEMENT_3D ( 'NONE', #1238, #491, #32 ) ;
#600 = FACE_OUTER_BOUND ( 'NONE', #83, .T. ) ;
#601 = EDGE_LOOP ( 'NONE', ( #845, #900, #1353, #669 ) ) ;
#602 = CARTESIAN_POINT ( 'NONE',  ( -579.9999999970531235, -2.676006289986922582, 242.6746744830808211 ) ) ;
#603 = CARTESIAN_POINT ( 'NONE',  ( -435.0267590948865291, -5.534225689991401964, 365.6073088513072094 ) ) ;
#604 = CARTESIAN_POINT ( 'NONE',  ( -412.4250295215752544, 4.139304103038918825, 368.1603481356406178 ) ) ;
#605 = CARTESIAN_POINT ( 'NONE',  ( -386.6666666647018928, 4.808815755796423730, 230.3302200179761314 ) ) ;
#606 = CARTESIAN_POINT ( 'NONE',  ( -193.3333333323510885, -6.494676812344354566, 415.8765459913967675 ) ) ;
#607 = ORIENTED_EDGE ( 'NONE', *, *, #111, .F. ) ;
#608 = CARTESIAN_POINT ( 'NONE',  ( -579.9999999970530098, -3.284290047907533872, 245.7904700933225968 ) ) ;
#609 = CARTESIAN_POINT ( 'NONE',  ( -550.0775068528797647, 0.2058271094657404543, 351.8390335238983084 ) ) ;
#610 = CARTESIAN_POINT ( 'NONE',  ( -560.2392580850952299, -0.3607202474635539668, 351.0277860507831065 ) ) ;
#611 = CARTESIAN_POINT ( 'NONE',  ( -193.3333333323510885, -4.759549676635348447, 434.1261621060937728 ) ) ;
#612 = CARTESIAN_POINT ( 'NONE',  ( -386.6666666647018928, -5.720178202154572844, 376.8193992500837339 ) ) ;
#613 = EDGE_CURVE ( 'NONE', #1554, #925, #723, .T. ) ;
#614 = ORIENTED_EDGE ( 'NONE', *, *, #1301, .F. ) ;
#615 = CARTESIAN_POINT ( 'NONE',  ( 0.000000000000000000, -5.179038273367098100, 210.9887546019604088 ) ) ;
#616 = CARTESIAN_POINT ( 'NONE',  ( -531.2324601222520641, -0.1128987454910731769, 367.6903486563381307 ) ) ;
#617 = CARTESIAN_POINT ( 'NONE',  ( -297.9431282529286023, -0.9792838603123465990, 371.1062285280433457 ) ) ;
#618 = CARTESIAN_POINT ( 'NONE',  ( -193.3333333323509464, 16.15044311579107017, 301.6248522783866974 ) ) ;
#619 = CARTESIAN_POINT ( 'NONE',  ( -310.8370945548289228, -6.113663193997986411, 375.3638235433062391 ) ) ;
#620 = B_SPLINE_CURVE_WITH_KNOTS ( 'NONE', 3,
 ( #555, #537, #1197, #421, #1357, #249, #1071 ),
 .UNSPECIFIED., .F., .F.,
 ( 4, 3, 4 ),
 ( 0.001231987826220812179, 0.009400000000177833812, 0.02123198787227816714 ),
 .UNSPECIFIED. ) ;
#621 = EDGE_LOOP ( 'NONE', ( #215, #186, #77, #462, #1558 ) ) ;
#622 = CARTESIAN_POINT ( 'NONE',  ( 0.000000000000000000, -8.046388690722883652, 318.6767041878472924 ) ) ;
#623 = CARTESIAN_POINT ( 'NONE',  ( -340.5107475232077263, -0.3348111931011991671, 367.8817752116011661 ) ) ;
#624 = CARTESIAN_POINT ( 'NONE',  ( -354.9602671146487864, 5.113411250459646951, 366.7416374686680456 ) ) ;
#625 = ORIENTED_EDGE ( 'NONE', *, *, #297, .F. ) ;
#626 = CARTESIAN_POINT ( 'NONE',  ( -386.6666666647020634, 9.079703889018317042, 340.5423409009899274 ) ) ;
#627 = CARTESIAN_POINT ( 'NONE',  ( 0.000000000000000000, -3.869566342698527173E-11, 199.5133111311278071 ) ) ;
#628 = CARTESIAN_POINT ( 'NONE',  ( -481.3184499533627445, -0.04165174236498905835, 371.5112040483970759 ) ) ;
#629 = ORIENTED_EDGE ( 'NONE', *, *, #795, .T. ) ;
#630 = CARTESIAN_POINT ( 'NONE',  ( -390.4248411631508588, -0.2060348130535180344, 364.0620102494610819 ) ) ;
#631 = CARTESIAN_POINT ( 'NONE',  ( -391.5212533987617007, -0.4732832648213154969, 378.3850677489193117 ) ) ;
#632 = CARTESIAN_POINT ( 'NONE',  ( -559.1999999970529416, -4.896841430660322736, 366.6424594772211094 ) ) ;
#633 = ORIENTED_EDGE ( 'NONE', *, *, #432, .T. ) ;
#634 = CARTESIAN_POINT ( 'NONE',  ( -193.3333333323510885, 6.835746929844915165, 368.5446127025542182 ) ) ;
#635 = CARTESIAN_POINT ( 'NONE',  ( 0.000000000000000000, 15.80337903634185182, 325.8913209393173815 ) ) ;
#636 = CARTESIAN_POINT ( 'NONE',  ( -193.3333333323509748, -4.547455531547243801, 222.5893264324144809 ) ) ;
#637 = ADVANCED_FACE ( 'NONE', ( #1700 ), #265, .F. ) ;
#638 = CARTESIAN_POINT ( 'NONE',  ( -449.6844366015614582, 3.078408365906422528, 371.5559798443228487 ) ) ;
#639 = CARTESIAN_POINT ( 'NONE',  ( -532.8166448561494235, -0.1059789422419146060, 353.1355358890962179 ) ) ;
#640 = CARTESIAN_POINT ( 'NONE',  ( -452.6844366015615151, -5.437357284403362634, 366.8891410819445014 ) ) ;
#641 = FILL_AREA_STYLE_COLOUR ( '', #1378 ) ;
#642 = ORIENTED_EDGE ( 'NONE', *, *, #1572, .F. ) ;
#643 = CARTESIAN_POINT ( 'NONE',  ( 0.000000000000000000, 19.05559646799564533, 289.0914184166211953 ) ) ;
#644 = CARTESIAN_POINT ( 'NONE',  ( -386.6666666647018928, -3.305401079264717268, 412.3030266280131855 ) ) ;
#645 = LINE ( 'NONE', #1553, #791 ) ;
#646 =( LENGTH_UNIT ( ) NAMED_UNIT ( * ) SI_UNIT ( .MILLI., .METRE. ) );
#647 = ADVANCED_FACE ( 'NONE', ( #1050 ), #1058, .F. ) ;
#648 = CARTESIAN_POINT ( 'NONE',  ( -541.1912786827031141, -3.584579874788280662, 402.2603600856373305 ) ) ;
#649 = CARTESIAN_POINT ( 'NONE',  ( -310.8370945548287523, -1.355172628147985892, 407.0472978063203300 ) ) ;
#650 =( LENGTH_UNIT ( ) NAMED_UNIT ( * ) SI_UNIT ( .MILLI., .METRE. ) );
#651 = ORIENTED_EDGE ( 'NONE', *, *, #1572, .T. ) ;
#652 = CARTESIAN_POINT ( 'NONE',  ( -579.9999999970531235, 1.086029542440168250, 373.4542763322207293 ) ) ;
#653 = VECTOR ( 'NONE', #1458, 1000.000000000000000 ) ;
#654 = CARTESIAN_POINT ( 'NONE',  ( -579.9999999970527824, -4.352006386214562816, 404.0986377003519578 ) ) ;
#655 = DIRECTION ( 'NONE',  ( -0.9970829574973348874, 0.000000000000000000, -0.07632546015824470675 ) ) ;
#656 = CARTESIAN_POINT ( 'NONE',  ( -405.4056135022493663, -4.163996556246243763, 415.3707001720923131 ) ) ;
#657 = DIRECTION ( 'NONE',  ( 0.07632546015824470675, 0.000000000000000000, -0.9970829574973348874 ) ) ;
#658 = CARTESIAN_POINT ( 'NONE',  ( -559.1999999970530553, -4.507080794450030403, 400.5215869932083592 ) ) ;
#659 = ORIENTED_EDGE ( 'NONE', *, *, #1045, .F. ) ;
#660 = CARTESIAN_POINT ( 'NONE',  ( 0.000000000000000000, -3.106131725712700575, 439.6889779992027911 ) ) ;
#661 = CARTESIAN_POINT ( 'NONE',  ( -386.6666666647018360, -5.176508820950278533, 419.6790967410228177 ) ) ;
#662 = DIRECTION ( 'NONE',  ( -1.000000000000000000, 0.000000000000000000, 1.850371707708592551E-14 ) ) ;
#663 = UNCERTAINTY_MEASURE_WITH_UNIT (LENGTH_MEASURE( 1.000000000000000082E-05 ), #650, 'distance_accuracy_value', 'NONE');
#664 = DIRECTION ( 'NONE',  ( 0.07632546015824470675, 0.000000000000000000, -0.9970829574973348874 ) ) ;
#665 = CARTESIAN_POINT ( 'NONE',  ( -480.2230063112860989, 0.1583482576350112025, 357.2007998379409628 ) ) ;
#666 = CARTESIAN_POINT ( 'NONE',  ( -321.2054578769826776, 4.058738036582654196, 375.3138170028184391 ) ) ;
#667 = EDGE_CURVE ( 'NONE', #807, #14, #874, .T. ) ;
#668 = CARTESIAN_POINT ( 'NONE',  ( -321.6656500370165190, -0.6534755244864366430, 383.7324272952099022 ) ) ;
#669 = ORIENTED_EDGE ( 'NONE', *, *, #1543, .F. ) ;
#670 = CARTESIAN_POINT ( 'NONE',  ( 0.000000000000000000, 17.29567669399768093, 313.2912272862357668 ) ) ;
#671 = CARTESIAN_POINT ( 'NONE',  ( 0.000000000000000000, -6.846324879718627798, 456.3122647871372806 ) ) ;
#672 = CARTESIAN_POINT ( 'NONE',  ( -310.8370945548286386, -5.879982782197346047, 413.2098382395336102 ) ) ;
#673 = FACE_OUTER_BOUND ( 'NONE', #1266, .T. ) ;
#674 = CARTESIAN_POINT ( 'NONE',  ( -365.6139367047376822, -0.7597039743158995329, 365.9276097187382106 ) ) ;
#675 = CARTESIAN_POINT ( 'NONE',  ( -391.5212533987617007, -0.4732832648213154969, 378.3850677489193117 ) ) ;
#676 = DIRECTION ( 'NONE',  ( -1.000000000000000000, 0.000000000000000000, -0.000000000000000000 ) ) ;
#677 = VERTEX_POINT ( 'NONE', #505 ) ;
#678 = CARTESIAN_POINT ( 'NONE',  ( -386.6666666647020634, -5.769646836630459852, 367.4881854869412336 ) ) ;
#679 = CARTESIAN_POINT ( 'NONE',  ( -410.3678452308046758, -0.02184400203010948560, 362.5539371562841779 ) ) ;
#680 = CARTESIAN_POINT ( 'NONE',  ( -341.6072432298724380, -0.2020362616952313395, 382.2059231409783138 ) ) ;
#681 = DIRECTION ( 'NONE',  ( 0.000000000000000000, -1.000000000000000000, 0.000000000000000000 ) ) ;
#682 = CARTESIAN_POINT ( 'NONE',  ( -512.3259152939800742, 4.239066335680063524, 360.2482795296548375 ) ) ;
#683 = CARTESIAN_POINT ( 'NONE',  ( -310.8370945548289797, 1.865297096672325461, 370.9172010357048634 ) ) ;
#684 = ORIENTED_EDGE ( 'NONE', *, *, #66, .F. ) ;
#685 = CARTESIAN_POINT ( 'NONE',  ( -579.9999999970527824, -4.546249360507058412, 395.0319048769461006 ) ) ;
#686 = CARTESIAN_POINT ( 'NONE',  ( -391.5212533987617007, -0.4732832648213154969, 378.3850677489193117 ) ) ;
#687 = ADVANCED_FACE ( 'NONE', ( #104 ), #798, .F. ) ;
#688 = CARTESIAN_POINT ( 'NONE',  ( -559.1999999970524868, 4.270617815216453117, 356.6193674239398206 ) ) ;
#689 = EDGE_CURVE ( 'NONE', #525, #469, #774, .T. ) ;
#690 = CARTESIAN_POINT ( 'NONE',  ( -318.7190097929509989, -0.9332079189630737570, 369.5158606635507113 ) ) ;
#691 = CARTESIAN_POINT ( 'NONE',  ( -320.5689326595452826, -0.3862790748700617449, 369.4053835538345538 ) ) ;
#692 = LINE ( 'NONE', #950, #251 ) ;
#693 = ORIENTED_EDGE ( 'NONE', *, *, #1124, .T. ) ;
#694 = ORIENTED_EDGE ( 'NONE', *, *, #1610, .F. ) ;
#695 = CARTESIAN_POINT ( 'NONE',  ( -193.3333333323510885, -5.937811506948676765, 439.6798056192790227 ) ) ;
#696 = CARTESIAN_POINT ( 'NONE',  ( -470.8478386757076350, -5.367375896599632767, 362.7571485030101144 ) ) ;
#697 = CARTESIAN_POINT ( 'NONE',  ( -449.6844366015615151, -5.452625237843740535, 366.8891410819445014 ) ) ;
#698 = CARTESIAN_POINT ( 'NONE',  ( -579.9999999970528961, -2.452747206727057261E-11, 238.5133111311282619 ) ) ;
#699 = DIRECTION ( 'NONE',  ( 0.000000000000000000, -1.000000000000000000, 0.000000000000000000 ) ) ;
#700 = EDGE_CURVE ( 'NONE', #1392, #282, #515, .T. ) ;
#701 = CARTESIAN_POINT ( 'NONE',  ( -559.1999999970528279, 1.108498710122163944, 374.8474868550508745 ) ) ;
#702 = CARTESIAN_POINT ( 'NONE',  ( -343.5558311210990041, -0.7801493696788722731, 367.6146328596022954 ) ) ;
#703 = CARTESIAN_POINT ( 'NONE',  ( -551.1740533151079262, -0.06145948269986785395, 366.1638445021064854 ) ) ;
#704 = EDGE_LOOP ( 'NONE', ( #446, #935, #1422, #476 ) ) ;
#705 = CARTESIAN_POINT ( 'NONE',  ( -386.6666666647022339, -4.983285286627484822, 421.1448889319453883 ) ) ;
#706 = CARTESIAN_POINT ( 'NONE',  ( -413.6345532294179748, -5.633884361746776648, 367.3097338415495869 ) ) ;
#707 = CARTESIAN_POINT ( 'NONE',  ( -559.1999999970530553, -3.507613428115188725, 400.5215869932083592 ) ) ;
#708 = CARTESIAN_POINT ( 'NONE',  ( -386.6666666647018928, 9.514594926166108024, 242.4372132912697566 ) ) ;
#709 = B_SPLINE_CURVE_WITH_KNOTS ( 'NONE', 3,
 ( #1056, #905, #93, #1689 ),
 .UNSPECIFIED., .F., .F.,
 ( 4, 4 ),
 ( 5.551115123125782702E-17, 0.003000038851482084070 ),
 .UNSPECIFIED. ) ;
#710 = CARTESIAN_POINT ( 'NONE',  ( -386.6666666647020634, 3.173329659270263559, 227.8570020030838919 ) ) ;
#711 = CARTESIAN_POINT ( 'NONE',  ( -386.6666666647020634, -5.769646836630459852, 367.4881854869412336 ) ) ;
#712 = VECTOR ( 'NONE', #735, 1000.000000000000114 ) ;
#713 = AXIS2_PLACEMENT_3D ( 'NONE', #985, #1025, #859 ) ;
#714 = CARTESIAN_POINT ( 'NONE',  ( -411.4628465916175628, -0.02184400203011015867, 376.8585635946876664 ) ) ;
#715 = ORIENTED_EDGE ( 'NONE', *, *, #1685, .T. ) ;
#716 = CARTESIAN_POINT ( 'NONE',  ( 0.000000000000000000, -6.862733592760254631, 460.6268946760304743 ) ) ;
#717 = CARTESIAN_POINT ( 'NONE',  ( -435.0470852811308760, -5.534131004128409081, 365.6056910936707141 ) ) ;
#718 = DIRECTION ( 'NONE',  ( 0.07632546015824470675, 0.000000000000000000, -0.9970829574973348874 ) ) ;
#719 = CARTESIAN_POINT ( 'NONE',  ( -386.6666666647017792, 14.56524338741086666, 284.5744906102912068 ) ) ;
#720 = CARTESIAN_POINT ( 'NONE',  ( 0.000000000000000000, 6.360022959421542055, 205.8840378691750175 ) ) ;
#721 = CARTESIAN_POINT ( 'NONE',  ( -386.6666666647017792, -6.022437639439080392, 326.2649298393706658 ) ) ;
#722 = CARTESIAN_POINT ( 'NONE',  ( -480.2199652581858800, -0.2416517423649890139, 357.1610728292513954 ) ) ;
#723 = B_SPLINE_CURVE_WITH_KNOTS ( 'NONE', 3,
 ( #899, #363, #1291, #632, #1691, #495, #1565, #230, #255, #1575, #658 ),
 .UNSPECIFIED., .F., .F.,
 ( 4, 1, 1, 1, 1, 1, 1, 1, 4 ),
 ( 0.004742626789912437330, 0.007692763338140161736, 0.01571251980742436466, 0.02319374096710769689, 0.03004204015927541133, 0.03617652733621809502, 0.04151344069082175958, 0.04601503067914440581, 0.04941652885419275942 ),
 .UNSPECIFIED. ) ;
#724 = ORIENTED_EDGE ( 'NONE', *, *, #332, .T. ) ;
#725 = CARTESIAN_POINT ( 'NONE',  ( -579.9999999970528961, -5.011717794592429165, 272.9486295801441429 ) ) ;
#726 = CARTESIAN_POINT ( 'NONE',  ( -381.6345176528303682, -5.783045260303585344, 369.8466397989604388 ) ) ;
#727 = EDGE_CURVE ( 'NONE', #469, #1532, #1721, .T. ) ;
#728 = CARTESIAN_POINT ( 'NONE',  ( -410.3645818365006335, -0.4218440020301101878, 362.5113055778124362 ) ) ;
#729 = CARTESIAN_POINT ( 'NONE',  ( -579.9999999970532372, 10.96949398281568300, 268.3083701022954415 ) ) ;
#730 = CARTESIAN_POINT ( 'NONE',  ( -579.9999999970532372, -4.761979561952836448, 372.7162503368264197 ) ) ;
#731 = CARTESIAN_POINT ( 'NONE',  ( -468.3262358361723727, -0.2723316362916468614, 358.0718526996462856 ) ) ;
#732 = ORIENTED_EDGE ( 'NONE', *, *, #481, .T. ) ;
#733 = CARTESIAN_POINT ( 'NONE',  ( -579.9999999970528961, -5.167355906338058524, 296.6145897423936049 ) ) ;
#734 = CARTESIAN_POINT ( 'NONE',  ( -354.9831014667963700, -5.935415732040991266, 366.7398895267187413 ) ) ;
#735 = DIRECTION ( 'NONE',  ( 0.07632546015824470675, 0.000000000000000000, -0.9970829574973348874 ) ) ;
#736 = CARTESIAN_POINT ( 'NONE',  ( -579.9999999970532372, 9.121458547516446913, 257.3579398412701380 ) ) ;
#737 = CARTESIAN_POINT ( 'NONE',  ( -193.3333333323510317, -6.765421898788464894, 365.9557577967350426 ) ) ;
#738 = VECTOR ( 'NONE', #955, 1000.000000000000114 ) ;
#739 = DIRECTION ( 'NONE',  ( -0.9970796596427955460, 0.002571963139560271353, -0.07632520771158070316 ) ) ;
#740 = ORIENTED_EDGE ( 'NONE', *, *, #1395, .T. ) ;
#741 = CARTESIAN_POINT ( 'NONE',  ( -386.6666666647020634, -6.153661249499089436, 284.8637153941359657 ) ) ;
#742 = EDGE_LOOP ( 'NONE', ( #1288, #33, #629, #231, #401 ) ) ;
#743 = DIRECTION ( 'NONE',  ( 0.07632546015824470675, 0.000000000000000000, -0.9970829574973349985 ) ) ;
#744 = CARTESIAN_POINT ( 'NONE',  ( -386.6666666647022339, -4.098509801975090738, 416.3470041637490908 ) ) ;
#745 = CARTESIAN_POINT ( 'NONE',  ( 0.000000000000000000, -8.063096244697373294, 265.5213890302030109 ) ) ;
#746 = ADVANCED_FACE ( 'NONE', ( #245 ), #907, .F. ) ;
#747 = ORIENTED_EDGE ( 'NONE', *, *, #130, .F. ) ;
#748 = CARTESIAN_POINT ( 'NONE',  ( -193.3333333323510885, -6.367875266799881473, 242.1323187556666028 ) ) ;
#749 = DIRECTION ( 'NONE',  ( 0.9970796596427955460, -0.002571963139560324262, 0.07632520771158070316 ) ) ;
#750 = CARTESIAN_POINT ( 'NONE',  ( -309.8003511389011351, 4.051993466850102088, 376.1885659162112461 ) ) ;
#751 = CARTESIAN_POINT ( 'NONE',  ( -579.9999999970527824, -1.068975656530539498, 385.7314532393304489 ) ) ;
#752 = CARTESIAN_POINT ( 'NONE',  ( 0.000000000000000000, -7.252290758643901825, 233.2460157265796568 ) ) ;
#753 = EDGE_LOOP ( 'NONE', ( #1077, #283, #826, #199 ) ) ;
#754 = CARTESIAN_POINT ( 'NONE',  ( -193.3333333323509748, -4.547455531547243801, 222.5893264324144809 ) ) ;
#755 = EDGE_LOOP ( 'NONE', ( #337, #1051, #1576, #1310 ) ) ;
#756 = CARTESIAN_POINT ( 'NONE',  ( -389.6216088779714823, 4.115354613377347981, 369.9713404687242928 ) ) ;
#757 = ORIENTED_EDGE ( 'NONE', *, *, #1522, .F. ) ;
#758 = CARTESIAN_POINT ( 'NONE',  ( -579.9999999970528961, 3.601999506163845677, 359.0013333867893266 ) ) ;
#759 = CARTESIAN_POINT ( 'NONE',  ( -579.9999999970528961, -1.220256621134524266, 238.8938225097272152 ) ) ;
#760 = ADVANCED_FACE ( 'NONE', ( #114 ), #1443, .F. ) ;
#761 = ORIENTED_EDGE ( 'NONE', *, *, #55, .F. ) ;
#762 = LINE ( 'NONE', #1297, #1010 ) ;
#763 = CARTESIAN_POINT ( 'NONE',  ( -340.5122270009606495, -0.2020362616952313395, 367.9011024721307308 ) ) ;
#764 = CARTESIAN_POINT ( 'NONE',  ( -526.4453975499934586, 4.249812383286478479, 359.1481648636145110 ) ) ;
#765 = ORIENTED_EDGE ( 'NONE', *, *, #1279, .F. ) ;
#766 = CARTESIAN_POINT ( 'NONE',  ( -579.9999999970532372, -3.437469927314833029, 398.5678462214043520 ) ) ;
#767 = CARTESIAN_POINT ( 'NONE',  ( 0.000000000000000000, 19.26363725660237236, 277.6261930907284068 ) ) ;
#768 = CARTESIAN_POINT ( 'NONE',  ( -579.9999999970530098, -1.884472597434357466, 240.4758978681773272 ) ) ;
#769 = B_SPLINE_CURVE_WITH_KNOTS ( 'NONE', 3,
 ( #1201, #666, #523, #1192, #1184, #1057, #543, #1475, #1066, #1442, #1708, #1590, #1727, #271, #1467, #813, #1308, #1341, #264, #399, #805, #1075, #244, #1333, #390, #139, #373, #129, #408, #1605, #682, #1210, #2 ),
 .UNSPECIFIED., .F., .F.,
 ( 4, 1, 1, 1, 1, 1, 1, 1, 1, 2, 2, 2, 1, 1, 1, 1, 1, 1, 1, 1, 1, 2, 2, 2, 4 ),
 ( 0.000000000000000000, 0.1249999999998919475, 0.1874999999998379074, 0.2187499999998105127, 0.2343749999997965516, 0.2421874999997895017, 0.2460937499997856437, 0.2480468749997836730, 0.2490234374997823130, 0.2495117187497816469, 0.2499999999997809808, 0.3749999999996387889, 0.4374999999995672906, 0.4687499999995313194, 0.4843749999995132227, 0.4921874999995045630, 0.4960937499995002331, 0.4980468749994977351, 0.4990234374994968469, 0.4995117187494967359, 0.4997558593744966804, 0.4998779296869966804, 0.4999999999994966804, 0.7499999999997486455, 1.000000000000000000 ),
 .UNSPECIFIED. ) ;
#770 = CARTESIAN_POINT ( 'NONE',  ( -422.7012897067216386, -0.6259165606484525801, 361.5568054808645115 ) ) ;
#771 = MANIFOLD_SOLID_BREP ( 'Wytnij-wyci¹gniêcie2', #224 ) ;
#772 = CARTESIAN_POINT ( 'NONE',  ( -193.3333333323509748, -0.4512635983332914380, 212.5013648110064537 ) ) ;
#773 = DIRECTION ( 'NONE',  ( -0.002564460613766891654, -0.9999966924973346938, -0.0001963062701369818353 ) ) ;
#774 = LINE ( 'NONE', #1318, #364 ) ;
#775 = VERTEX_POINT ( 'NONE', #1485 ) ;
#776 = CARTESIAN_POINT ( 'NONE',  ( -193.3333333323510317, 16.73177006838016467, 291.1673851077070481 ) ) ;
#777 = CARTESIAN_POINT ( 'NONE',  ( 0.000000000000000000, 18.39353072245676657, 301.0012924865722539 ) ) ;
#778 = CARTESIAN_POINT ( 'NONE',  ( 0.000000000000000000, -6.717750288785817148, 224.6004539023777511 ) ) ;
#779 = CARTESIAN_POINT ( 'NONE',  ( -559.1999999970529416, -0.3617191825147290651, 351.1079676401662937 ) ) ;
#780 = CARTESIAN_POINT ( 'NONE',  ( -452.6844366015615151, 2.634092616184104063, 373.8891410819445014 ) ) ;
#781 = SURFACE_SIDE_STYLE ('',( #1709 ) ) ;
#782 = VERTEX_POINT ( 'NONE', #1614 ) ;
#783 = CARTESIAN_POINT ( 'NONE',  ( -386.6666666647020634, 9.079703889018317042, 340.5423409009899274 ) ) ;
#784 = CARTESIAN_POINT ( 'NONE',  ( -386.6666666647022339, -5.260036546780130884, 416.2510710529381299 ) ) ;
#785 = PLANE ( 'NONE',  #821 ) ;
#786 = CARTESIAN_POINT ( 'NONE',  ( -523.1825571848892196, -3.661503004734449895, 403.9991331957797343 ) ) ;
#787 = CARTESIAN_POINT ( 'NONE',  ( -310.8370945548290365, -2.497117965508282023, 413.4992742666977961 ) ) ;
#788 = DIRECTION ( 'NONE',  ( 0.000000000000000000, 0.000000000000000000, -1.000000000000000000 ) ) ;
#789 = ORIENTED_EDGE ( 'NONE', *, *, #111, .T. ) ;
#790 = CARTESIAN_POINT ( 'NONE',  ( -193.3333333323510885, 13.87615993987009766, 323.4795464500552384 ) ) ;
#791 = VECTOR ( 'NONE', #1687, 1000.000000000000114 ) ;
#792 = CARTESIAN_POINT ( 'NONE',  ( -386.6666666647022339, -5.113126307511020485, 421.1293184417577891 ) ) ;
#793 = CARTESIAN_POINT ( 'NONE',  ( -410.3652565052477144, -0.2879320975764568802, 362.5201191599134063 ) ) ;
#794 = FACE_OUTER_BOUND ( 'NONE', #755, .T. ) ;
#795 = EDGE_CURVE ( 'NONE', #583, #1710, #1180, .T. ) ;
#796 = CARTESIAN_POINT ( 'NONE',  ( -549.7467315873992675, -0.3675546375166768853, 351.8309759028789472 ) ) ;
#797 = CARTESIAN_POINT ( 'NONE',  ( -450.6844366077336872, 2.659574566869336465, 373.8891410819443877 ) ) ;
#798 = PLANE ( 'NONE',  #1123 ) ;
#799 = VERTEX_POINT ( 'NONE', #703 ) ;
#800 = CARTESIAN_POINT ( 'NONE',  ( -579.9999999970528961, 11.66426790245968981, 302.8719718620156414 ) ) ;
#801 = CARTESIAN_POINT ( 'NONE',  ( 0.000000000000000000, -6.862733592760254631, 460.6268946760304743 ) ) ;
#802 = FACE_OUTER_BOUND ( 'NONE', #704, .T. ) ;
#803 = DIRECTION ( 'NONE',  ( 0.000000000000000000, 1.000000000000000000, 0.000000000000000000 ) ) ;
#804 = CARTESIAN_POINT ( 'NONE',  ( -461.3768567605068824, 0.1069089948438046028, 373.0377082026287212 ) ) ;
#805 = CARTESIAN_POINT ( 'NONE',  ( -433.8398494955795854, 4.161651425121450032, 366.4595209204784965 ) ) ;
#806 = DIRECTION ( 'NONE',  ( -0.002564460613766875174, -0.9999966924973346938, -0.0001963062701369805614 ) ) ;
#807 = VERTEX_POINT ( 'NONE', #1092 ) ;
#808 = CARTESIAN_POINT ( 'NONE',  ( -193.3333333323510885, -6.593476819720387461, 398.3318257381640706 ) ) ;
#809 = CARTESIAN_POINT ( 'NONE',  ( 0.000000000000000000, 0.6651760188416218078, 199.5309203637108340 ) ) ;
#810 = DIRECTION ( 'NONE',  ( -0.9999967117653472126, 0.002564460663179160636, 0.000000000000000000 ) ) ;
#811 = B_SPLINE_CURVE_WITH_KNOTS ( 'NONE', 3,
 ( #1055, #529, #1733, #1331 ),
 .UNSPECIFIED., .F., .F.,
 ( 4, 4 ),
 ( 0.000000000000000000, 0.003000038565066486234 ),
 .UNSPECIFIED. ) ;
#812 = CARTESIAN_POINT ( 'NONE',  ( -385.0173133872148696, -0.7088332203117601038, 364.4422423044974835 ) ) ;
#813 = CARTESIAN_POINT ( 'NONE',  ( -408.4934924776604817, 4.135330320499032375, 368.4714317020465728 ) ) ;
#814 = EDGE_CURVE ( 'NONE', #1477, #1280, #692, .T. ) ;
#815 = CARTESIAN_POINT ( 'NONE',  ( -321.6656500370165190, -0.2534755244864377310, 383.7324272952099022 ) ) ;
#816 = ORIENTED_EDGE ( 'NONE', *, *, #538, .T. ) ;
#817 = CARTESIAN_POINT ( 'NONE',  ( -193.3333333323510317, -6.700220827177433947, 377.3870091286089519 ) ) ;
#818 = EDGE_CURVE ( 'NONE', #970, #1022, #1496, .T. ) ;
#819 = AXIS2_PLACEMENT_3D ( 'NONE', #1432, #773, #1298 ) ;
#820 = CARTESIAN_POINT ( 'NONE',  ( -386.6666666647020634, 3.173329659270263559, 227.8570020030838919 ) ) ;
#821 = AXIS2_PLACEMENT_3D ( 'NONE', #1148, #655, #1182 ) ;
#822 = CARTESIAN_POINT ( 'NONE',  ( -530.1356728902743498, 0.1543526777243301729, 353.3623923657580690 ) ) ;
#823 = CARTESIAN_POINT ( 'NONE',  ( -559.1999999970524868, -1.091091991617138435, 387.3786696946028769 ) ) ;
#824 = CARTESIAN_POINT ( 'NONE',  ( -310.8370945548290365, -4.566840338916176023, 424.5014537256828930 ) ) ;
#825 = DIRECTION ( 'NONE',  ( 0.07632546015824470675, 0.000000000000000000, -0.9970829574973348874 ) ) ;
#826 = ORIENTED_EDGE ( 'NONE', *, *, #191, .F. ) ;
#827 = ORIENTED_EDGE ( 'NONE', *, *, #538, .F. ) ;
#828 = CARTESIAN_POINT ( 'NONE',  ( 0.000000000000000000, -7.786271839968238240, 360.7297558856265027 ) ) ;
#829 = CARTESIAN_POINT ( 'NONE',  ( -355.3790052681170550, -5.905522355390171896, 371.9145578502769922 ) ) ;
#830 = CARTESIAN_POINT ( 'NONE',  ( -310.8370945548289228, -6.113663193997986411, 375.3638235433062391 ) ) ;
#831 = CARTESIAN_POINT ( 'NONE',  ( -310.8370945548289797, -5.564543559531689887, 424.5014537256827793 ) ) ;
#832 = PRODUCT_RELATED_PRODUCT_CATEGORY ( 'part', '', ( #1275 ) ) ;
#833 = CARTESIAN_POINT ( 'NONE',  ( -452.6844366015614582, 3.445652431529866444, 369.2227464819630427 ) ) ;
#834 = CARTESIAN_POINT ( 'NONE',  ( -364.0556190143404365, -5.337718852159836658, 419.3631134330141776 ) ) ;
#835 = CARTESIAN_POINT ( 'NONE',  ( -297.9438101545258064, -0.9721402313542827356, 371.1061763293242848 ) ) ;
#836 = EDGE_LOOP ( 'NONE', ( #563, #614, #115, #484 ) ) ;
#837 = CARTESIAN_POINT ( 'NONE',  ( 0.000000000000000000, -6.223998622485594545, 456.3664685701571671 ) ) ;
#838 = CARTESIAN_POINT ( 'NONE',  ( -456.8427802463781973, -5.432609614973788581, 363.8705982203256895 ) ) ;
#839 = DIRECTION ( 'NONE',  ( 0.07632546015824470675, 0.000000000000000000, -0.9970829574973348874 ) ) ;
#840 = CARTESIAN_POINT ( 'NONE',  ( 0.000000000000000000, 10.61092084068729768, 215.5285796454811589 ) ) ;
#841 = CARTESIAN_POINT ( 'NONE',  ( -559.1999999970530553, 0.9958068279337386475, 351.2546689856534954 ) ) ;
#842 = CARTESIAN_POINT ( 'NONE',  ( -579.9999999970528961, -4.797582901793369992, 365.4155641104702568 ) ) ;
#843 = CARTESIAN_POINT ( 'NONE',  ( -559.1999999970530553, -3.507613428115188725, 400.5215869932083592 ) ) ;
#844 = CARTESIAN_POINT ( 'NONE',  ( -526.0056572421395913, -0.3867807556311907424, 353.6483256132788711 ) ) ;
#845 = ORIENTED_EDGE ( 'NONE', *, *, #1522, .T. ) ;
#846 = CARTESIAN_POINT ( 'NONE',  ( -193.3333333323510885, -6.108416584304056762, 434.0147561491482975 ) ) ;
#847 = CARTESIAN_POINT ( 'NONE',  ( -412.3831387480369699, -5.639706799269384341, 367.4095080921288741 ) ) ;
#848 = CARTESIAN_POINT ( 'NONE',  ( -402.4352860422811204, -0.4422976549351032016, 363.1186142247286739 ) ) ;
#849 = CARTESIAN_POINT ( 'NONE',  ( -579.9999999970526687, 12.21604645281511381, 288.0486393700726353 ) ) ;
#850 = DIRECTION ( 'NONE',  ( 0.000000000000000000, -1.000000000000000000, 0.000000000000000000 ) ) ;
#851 = CARTESIAN_POINT ( 'NONE',  ( 0.000000000000000000, -7.565368802876977661, 399.6270695293106314 ) ) ;
#852 = STYLED_ITEM ( 'NONE', ( #1335 ), #771 ) ;
#853 = EDGE_LOOP ( 'NONE', ( #496, #205, #1507, #418 ) ) ;
#854 = CARTESIAN_POINT ( 'NONE',  ( -579.9999999970528961, -1.220256621134524266, 238.8938225097272152 ) ) ;
#855 = CARTESIAN_POINT ( 'NONE',  ( -390.4379245025461955, -5.741997433359000702, 369.1504814080832944 ) ) ;
#856 = CARTESIAN_POINT ( 'NONE',  ( -390.4230437872686252, -0.4732832648213154969, 364.0385301046093787 ) ) ;
#857 = CARTESIAN_POINT ( 'NONE',  ( -386.6666666647018928, 12.07468432340812825, 254.2018341394958725 ) ) ;
#858 = CARTESIAN_POINT ( 'NONE',  ( 0.000000000000000000, -7.509225448604162523, 411.1396134388328392 ) ) ;
#859 = DIRECTION ( 'NONE',  ( -0.07632546015824470675, 0.000000000000000000, 0.9970829574973348874 ) ) ;
#860 = ORIENTED_EDGE ( 'NONE', *, *, #1128, .F. ) ;
#861 = CARTESIAN_POINT ( 'NONE',  ( -193.3333333323510885, -6.914820130816956123, 341.8730961291019526 ) ) ;
#862 = CARTESIAN_POINT ( 'NONE',  ( -449.6844366015615151, -5.416070627225343159, 373.8891410819444445 ) ) ;
#863 = LINE ( 'NONE', #190, #712 ) ;
#864 = CARTESIAN_POINT ( 'NONE',  ( -321.6656500370165190, -0.4534755244864367429, 383.7324272952099022 ) ) ;
#865 = CARTESIAN_POINT ( 'NONE',  ( -193.3333333323510317, -7.146172102861043207, 281.4362150807652938 ) ) ;
#866 = CARTESIAN_POINT ( 'NONE',  ( -460.2784189884300190, -0.2930910051561943508, 358.6881899666634581 ) ) ;
#867 = ORIENTED_EDGE ( 'NONE', *, *, #89, .F. ) ;
#868 = CARTESIAN_POINT ( 'NONE',  ( -193.3333333323509748, -2.609256555373887121, 215.2307251790193448 ) ) ;
#869 = EDGE_CURVE ( 'NONE', #525, #1018, #1351, .T. ) ;
#870 = CARTESIAN_POINT ( 'NONE',  ( -320.5672849051885578, -0.6534755244864364210, 369.3838580001875584 ) ) ;
#871 = ADVANCED_FACE ( 'NONE', ( #158 ), #1228, .F. ) ;
#872 = CARTESIAN_POINT ( 'NONE',  ( -386.6666666647020634, 1.630679500242952162, 226.3321464418616529 ) ) ;
#873 = CARTESIAN_POINT ( 'NONE',  ( -193.3333333323509748, -6.543366302362839448, 407.5854026889500688 ) ) ;
#874 = B_SPLINE_CURVE_WITH_KNOTS ( 'NONE', 3,
 ( #1185, #1040, #1168, #934 ),
 .UNSPECIFIED., .F., .F.,
 ( 4, 4 ),
 ( 5.551792708129602992E-17, 0.003000240759097103690 ),
 .UNSPECIFIED. ) ;
#875 = AXIS2_PLACEMENT_3D ( 'NONE', #1681, #389, #1158 ) ;
#876 = VERTEX_POINT ( 'NONE', #12 ) ;
#877 = CARTESIAN_POINT ( 'NONE',  ( 0.000000000000000000, -6.717750288785817148, 224.6004539023777511 ) ) ;
#878 = ORIENTED_EDGE ( 'NONE', *, *, #406, .T. ) ;
#879 = CARTESIAN_POINT ( 'NONE',  ( -355.4142146660718140, 4.084390922586505823, 372.6582709302092553 ) ) ;
#880 = CARTESIAN_POINT ( 'NONE',  ( -579.9999999970531235, 12.08411726914921047, 295.3193184898788672 ) ) ;
#881 = CARTESIAN_POINT ( 'NONE',  ( 0.000000000000000000, -5.179038273367098100, 210.9887546019604088 ) ) ;
#882 = ORIENTED_EDGE ( 'NONE', *, *, #1562, .F. ) ;
#883 = CARTESIAN_POINT ( 'NONE',  ( -386.6666666647017792, -6.022437639439080392, 326.2649298393706658 ) ) ;
#884 = LINE ( 'NONE', #616, #167 ) ;
#885 = LINE ( 'NONE', #1557, #1232 ) ;
#886 = CARTESIAN_POINT ( 'NONE',  ( 0.000000000000000000, 9.913730116561376704, 364.5373084075129100 ) ) ;
#887 = CARTESIAN_POINT ( 'NONE',  ( -386.6666666647018928, -5.079293524304736351, 244.4817092322057874 ) ) ;
#888 = ORIENTED_EDGE ( 'NONE', *, *, #1026, .T. ) ;
#889 = LINE ( 'NONE', #1176, #1624 ) ;
#890 = CARTESIAN_POINT ( 'NONE',  ( -550.0757328165769877, -0.06145948269986785395, 351.8158582772647947 ) ) ;
#891 = CARTESIAN_POINT ( 'NONE',  ( -526.0267212275581414, -0.3993790244135975165, 353.6467131913959179 ) ) ;
#892 = VERTEX_POINT ( 'NONE', #574 ) ;
#893 = CARTESIAN_POINT ( 'NONE',  ( -579.9999999970528961, 10.96806314987765596, 310.6656409606852094 ) ) ;
#894 = CARTESIAN_POINT ( 'NONE',  ( -452.6844366015616288, -5.426178455364345510, 368.9672744589877311 ) ) ;
#895 = DIRECTION ( 'NONE',  ( 0.9970829574973348874, 0.000000000000000000, 0.07632546015824470675 ) ) ;
#896 = EDGE_CURVE ( 'NONE', #1018, #1532, #273, .T. ) ;
#897 = CARTESIAN_POINT ( 'NONE',  ( -461.3768567605068824, -0.2930910051561943508, 373.0377082026287212 ) ) ;
#898 = PLANE ( 'NONE',  #819 ) ;
#899 = CARTESIAN_POINT ( 'NONE',  ( -559.1999999970530553, -4.955363640084781807, 355.8499340599764764 ) ) ;
#900 = ORIENTED_EDGE ( 'NONE', *, *, #317, .F. ) ;
#901 = CARTESIAN_POINT ( 'NONE',  ( -386.6666666647018928, -3.305401079264717268, 412.3030266280131855 ) ) ;
#902 = CARTESIAN_POINT ( 'NONE',  ( 0.000000000000000000, -3.106131725712700575, 439.6889779992027911 ) ) ;
#903 = CARTESIAN_POINT ( 'NONE',  ( -386.6666666647018928, -1.454917083900565400, 225.9669964426877300 ) ) ;
#904 = CARTESIAN_POINT ( 'NONE',  ( -449.6844366015615151, 3.886934948080701613, 366.8891410819445014 ) ) ;
#905 = CARTESIAN_POINT ( 'NONE',  ( -451.6844366005575466, -5.442446404965112450, 366.8891410819445014 ) ) ;
#906 = CARTESIAN_POINT ( 'NONE',  ( -310.8370945548288660, 1.376792352832212352, 391.4831509580702686 ) ) ;
#907 = PLANE ( 'NONE',  #953 ) ;
#908 = ORIENTED_EDGE ( 'NONE', *, *, #869, .T. ) ;
#909 = CARTESIAN_POINT ( 'NONE',  ( 0.000000000000000000, 12.00859590623730000, 351.6479129724376662 ) ) ;
#910 = CARTESIAN_POINT ( 'NONE',  ( 0.000000000000000000, -4.371643211507932669, 446.5568535484148924 ) ) ;
#911 = CARTESIAN_POINT ( 'NONE',  ( -452.6844366015615719, -5.400859056437544936, 373.8891410819445014 ) ) ;
#912 = FACE_OUTER_BOUND ( 'NONE', #486, .T. ) ;
#913 = CARTESIAN_POINT ( 'NONE',  ( -310.8370945548290365, -0.05858228450504104207, 399.6657384515764875 ) ) ;
#914 = DIRECTION ( 'NONE',  ( 0.07632546015824470675, 0.000000000000000000, -0.9970829574973348874 ) ) ;
#915 = ORIENTED_EDGE ( 'NONE', *, *, #1173, .T. ) ;
#916 = CARTESIAN_POINT ( 'NONE',  ( -386.6666666647018928, 13.90735550912538265, 302.2484120702011978 ) ) ;
#917 = CARTESIAN_POINT ( 'NONE',  ( -193.3333333323511170, -5.787028705682168983, 439.6978874405062356 ) ) ;
#918 = FACE_OUTER_BOUND ( 'NONE', #601, .T. ) ;
#919 = EDGE_CURVE ( 'NONE', #159, #1186, #556, .T. ) ;
#920 = CARTESIAN_POINT ( 'NONE',  ( -460.2815076889345391, 0.1069089948438046028, 358.7285394205351281 ) ) ;
#921 = CARTESIAN_POINT ( 'NONE',  ( -538.1819090990991299, -0.09213933575520247277, 352.7251981111705277 ) ) ;
#922 = CARTESIAN_POINT ( 'NONE',  ( -341.6072432298724380, -0.6020362616952313894, 382.2059231409783138 ) ) ;
#923 = CARTESIAN_POINT ( 'NONE',  ( -559.1999999970530553, 30.00000000000000000, 400.4443456138977240 ) ) ;
#924 = AXIS2_PLACEMENT_3D ( 'NONE', #237, #806, #524 ) ;
#925 = VERTEX_POINT ( 'NONE', #1619 ) ;
#926 = CARTESIAN_POINT ( 'NONE',  ( -579.9999999970531235, 2.307336104060937920, 366.4516910496425908 ) ) ;
#927 = AXIS2_PLACEMENT_3D ( 'NONE', #628, #895, #1531 ) ;
#928 = CARTESIAN_POINT ( 'NONE',  ( -386.6666666647018360, -5.188915455063127347, 422.9413900255781300 ) ) ;
#929 = CARTESIAN_POINT ( 'NONE',  ( -193.3333333323509748, -3.397287876363841441E-11, 212.5133111311279777 ) ) ;
#930 = CARTESIAN_POINT ( 'NONE',  ( -530.1371529853333868, 0.2871012545089257628, 353.3817276905081712 ) ) ;
#931 = B_SPLINE_CURVE_WITH_KNOTS ( 'NONE', 3,
 ( #243, #630, #485, #1563 ),
 .UNSPECIFIED., .F., .F.,
 ( 4, 4 ),
 ( 1.097754699641573239E-17, 0.0004023445019835723401 ),
 .UNSPECIFIED. ) ;
#932 = CARTESIAN_POINT ( 'NONE',  ( -559.1999999970529416, -0.04716643484854918245, 381.4355447153042178 ) ) ;
#933 = CARTESIAN_POINT ( 'NONE',  ( -410.3645818365006335, -0.4218440020301101878, 362.5113055778124362 ) ) ;
#934 = CARTESIAN_POINT ( 'NONE',  ( -452.6844366015615719, 3.848926889107881166, 366.8891410819445582 ) ) ;
#935 = ORIENTED_EDGE ( 'NONE', *, *, #203, .F. ) ;
#936 = CARTESIAN_POINT ( 'NONE',  ( -193.3333333323509464, -6.642773502515775697, 388.2232343896972111 ) ) ;
#937 = CARTESIAN_POINT ( 'NONE',  ( -386.6666666647018928, 4.808815755796423730, 230.3302200179761314 ) ) ;
#938 = CARTESIAN_POINT ( 'NONE',  ( -551.1740533151079262, -0.06145948269986785395, 366.1638445021064854 ) ) ;
#939 = EDGE_CURVE ( 'NONE', #799, #1336, #388, .T. ) ;
#940 = CARTESIAN_POINT ( 'NONE',  ( -406.4097608549030269, -0.6602881710564703077, 362.8042762078150076 ) ) ;
#941 = DIRECTION ( 'NONE',  ( -0.9970796596427952130, 0.002571963139560269618, -0.07632520771158345096 ) ) ;
#942 = CARTESIAN_POINT ( 'NONE',  ( -321.6656500370165190, -0.2534755244864377310, 383.7324272952099022 ) ) ;
#943 = ORIENTED_EDGE ( 'NONE', *, *, #976, .T. ) ;
#944 = CARTESIAN_POINT ( 'NONE',  ( -193.3333333323509180, -6.025824523911690989, 441.7841423508043022 ) ) ;
#945 = FACE_OUTER_BOUND ( 'NONE', #1282, .T. ) ;
#946 = CARTESIAN_POINT ( 'NONE',  ( -481.3184499533627445, -0.04165174236498905835, 371.5112040483970759 ) ) ;
#947 = LINE ( 'NONE', #571, #1098 ) ;
#948 = CARTESIAN_POINT ( 'NONE',  ( -559.1999999970531690, -4.055103086739432428, 352.9805642390712705 ) ) ;
#949 = ADVANCED_FACE ( 'NONE', ( #794 ), #269, .F. ) ;
#950 = CARTESIAN_POINT ( 'NONE',  ( -531.2324601222520641, 0.08710125450892677867, 367.6903486563381307 ) ) ;
#951 = ORIENTED_EDGE ( 'NONE', *, *, #993, .T. ) ;
#952 = CARTESIAN_POINT ( 'NONE',  ( -193.3333333323509748, -6.543366302362839448, 407.5854026889500688 ) ) ;
#953 = AXIS2_PLACEMENT_3D ( 'NONE', #923, #409, #788 ) ;
#954 = DIRECTION ( 'NONE',  ( 0.000000000000000000, -1.000000000000000000, 0.000000000000000000 ) ) ;
#955 = DIRECTION ( 'NONE',  ( 0.07632546015824470675, 0.000000000000000000, -0.9970829574973348874 ) ) ;
#956 = VECTOR ( 'NONE', #850, 1000.000000000000000 ) ;
#957 = CARTESIAN_POINT ( 'NONE',  ( -559.1999999970530553, 2.790294778642159912, 352.2560525266418949 ) ) ;
#958 = LINE ( 'NONE', #1340, #1235 ) ;
#959 = CARTESIAN_POINT ( 'NONE',  ( -320.5672849051885578, -0.6534755244864364210, 369.3838580001875584 ) ) ;
#960 = CARTESIAN_POINT ( 'NONE',  ( -310.8370945548289228, -0.2266384663506109121, 370.1591641365983492 ) ) ;
#961 = ORIENTED_EDGE ( 'NONE', *, *, #1383, .T. ) ;
#962 = CARTESIAN_POINT ( 'NONE',  ( -579.9999999970531235, -4.839072846083484869, 357.5893618452735723 ) ) ;
#963 = CARTESIAN_POINT ( 'NONE',  ( -389.5824507304530471, -5.745946952300502453, 369.2241422698481301 ) ) ;
#964 = PLANE ( 'NONE',  #1544 ) ;
#965 = CARTESIAN_POINT ( 'NONE',  ( -579.9999999970531235, 6.728921447716421866, 248.6694027102821849 ) ) ;
#966 = CARTESIAN_POINT ( 'NONE',  ( -193.3333333323509748, 14.02218431666462450, 245.8289446186508940 ) ) ;
#967 = CARTESIAN_POINT ( 'NONE',  ( 0.000000000000000000, -7.638359414888849841, 243.0181500959986352 ) ) ;
#968 = LINE ( 'NONE', #146, #1457 ) ;
#969 = CARTESIAN_POINT ( 'NONE',  ( -457.5870247875869268, -0.5456390303738426484, 358.8856868240245603 ) ) ;
#970 = VERTEX_POINT ( 'NONE', #1339 ) ;
#971 = CARTESIAN_POINT ( 'NONE',  ( -386.6666666647022339, -5.592650226285882376, 400.6320236277662730 ) ) ;
#972 = CARTESIAN_POINT ( 'NONE',  ( -452.3008951807226481, -5.453764129144921924, 364.2320846800813001 ) ) ;
#973 = CARTESIAN_POINT ( 'NONE',  ( -340.5122270009606495, -0.2020362616952313395, 367.9011024721307308 ) ) ;
#974 = CARTESIAN_POINT ( 'NONE',  ( -193.3333333323510317, 16.69263255009156666, 271.4737103024625640 ) ) ;
#975 = CARTESIAN_POINT ( 'NONE',  ( -386.6666666647019497, 0.5029398384553279699, 225.5266254785185254 ) ) ;
#976 = EDGE_CURVE ( 'NONE', #591, #14, #558, .T. ) ;
#977 = CARTESIAN_POINT ( 'NONE',  ( -193.3333333323508896, -6.993783717568672564, 329.5149428003301182 ) ) ;
#978 = CARTESIAN_POINT ( 'NONE',  ( -462.9610240477794036, -0.2861712155353681730, 358.4827369437833227 ) ) ;
#979 = EDGE_LOOP ( 'NONE', ( #1632, #393, #1041, #25 ) ) ;
#980 = CARTESIAN_POINT ( 'NONE',  ( -386.6666666647020634, -6.096510108436826059, 275.4220436995686896 ) ) ;
#981 = CARTESIAN_POINT ( 'NONE',  ( -457.6101638580827284, -5.456151332115165786, 358.8839155585984599 ) ) ;
#982 = CARTESIAN_POINT ( 'NONE',  ( -461.3768567605068824, 0.1069089948438046028, 373.0377082026287212 ) ) ;
#983 = CARTESIAN_POINT ( 'NONE',  ( -559.1999999970530553, 2.254944404489581444, 351.8439850645253273 ) ) ;
#984 = CARTESIAN_POINT ( 'NONE',  ( 0.000000000000000000, -7.965129795698265625, 332.7649557612896274 ) ) ;
#985 = CARTESIAN_POINT ( 'NONE',  ( -551.1740533151079262, 0.1385405173001321155, 366.1638445021064854 ) ) ;
#986 = ORIENTED_EDGE ( 'NONE', *, *, #66, .T. ) ;
#987 = CARTESIAN_POINT ( 'NONE',  ( -386.6666666647018928, -2.246864576404122182, 227.8533115235983360 ) ) ;
#988 = CARTESIAN_POINT ( 'NONE',  ( -572.0003967580316839, -4.895580036977985827, 354.8696241940051550 ) ) ;
#989 = CARTESIAN_POINT ( 'NONE',  ( -31.07700578236019595, 0.000000000000000000, 405.9766265593979142 ) ) ;
#990 = CARTESIAN_POINT ( 'NONE',  ( -193.3333333323510317, 16.69263255009156666, 271.4737103024625640 ) ) ;
#991 = CARTESIAN_POINT ( 'NONE',  ( 0.000000000000000000, -8.112506095712058496, 304.7436750647945587 ) ) ;
#992 = B_SPLINE_CURVE_WITH_KNOTS ( 'NONE', 3,
 ( #1048, #797, #113, #780 ),
 .UNSPECIFIED., .F., .F.,
 ( 4, 4 ),
 ( 5.551792708129602992E-17, 0.003000243479540131656 ),
 .UNSPECIFIED. ) ;
#993 = EDGE_CURVE ( 'NONE', #892, #1649, #1348, .T. ) ;
#994 = FACE_OUTER_BOUND ( 'NONE', #1539, .T. ) ;
#995 = ADVANCED_FACE ( 'NONE', ( #1725 ), #1080, .F. ) ;
#996 = EDGE_LOOP ( 'NONE', ( #1488, #1069, #218, #246 ) ) ;
#997 = CARTESIAN_POINT ( 'NONE',  ( -193.3333333323509464, -1.689577546666605867, 213.0401703756483016 ) ) ;
#998 = CARTESIAN_POINT ( 'NONE',  ( -373.0087582977481588, -5.823274430511072630, 370.5273055022744870 ) ) ;
#999 = CARTESIAN_POINT ( 'NONE',  ( -343.5598983718808768, -0.9333252613752223148, 367.6143215166139839 ) ) ;
#1000 = FACE_OUTER_BOUND ( 'NONE', #836, .T. ) ;
#1001 = CARTESIAN_POINT ( 'NONE',  ( -386.6666666647020634, -6.096510108436826059, 275.4220436995686896 ) ) ;
#1002 = CARTESIAN_POINT ( 'NONE',  ( -579.9999999970530098, 10.12718433015163200, 262.5747236603409078 ) ) ;
#1003 = ORIENTED_EDGE ( 'NONE', *, *, #993, .F. ) ;
#1004 = CARTESIAN_POINT ( 'NONE',  ( -386.6666666647022339, -5.483459774955862009, 251.0186217847534920 ) ) ;
#1005 = CARTESIAN_POINT ( 'NONE',  ( -328.6151219390612255, -0.6327163065782563933, 368.7685534174746067 ) ) ;
#1006 = CARTESIAN_POINT ( 'NONE',  ( -560.2356121673243479, 5.215094931001822864, 351.0280651549637696 ) ) ;
#1007 = CARTESIAN_POINT ( 'NONE',  ( -193.3333333323510317, 10.54414989762780763, 346.0951269367138252 ) ) ;
#1008 = CARTESIAN_POINT ( 'NONE',  ( -452.6844366015615151, -5.437357284403362634, 366.8891410819445014 ) ) ;
#1009 = VECTOR ( 'NONE', #18, 1000.000000000000000 ) ;
#1010 = VECTOR ( 'NONE', #1289, 1000.000000000000000 ) ;
#1011 = EDGE_LOOP ( 'NONE', ( #266, #352, #1411, #1719, #1319 ) ) ;
#1012 = CARTESIAN_POINT ( 'NONE',  ( -579.9999999970531235, -5.161150396137134777, 288.2912157075066375 ) ) ;
#1013 = DIRECTION ( 'NONE',  ( -0.9970796596427952130, 0.002571963139560276557, -0.07632520771158367301 ) ) ;
#1014 = CARTESIAN_POINT ( 'NONE',  ( -343.5561380746672739, 5.107381657320415158, 367.6146093633897749 ) ) ;
#1015 = B_SPLINE_CURVE_WITH_KNOTS ( 'NONE', 3,
 ( #1573, #235, #253, #1449, #796, #779 ),
 .UNSPECIFIED., .F., .F.,
 ( 4, 2, 4 ),
 ( 0.000000000000000000, 0.4999999956052164074, 0.9999999912104328148 ),
 .UNSPECIFIED. ) ;
#1016 = CARTESIAN_POINT ( 'NONE',  ( -193.3333333323510317, 3.194756911386668286, 389.6578644352153447 ) ) ;
#1017 = DIRECTION ( 'NONE',  ( -0.000000000000000000, 0.000000000000000000, -1.000000000000000000 ) ) ;
#1018 = VERTEX_POINT ( 'NONE', #541 ) ;
#1019 = CARTESIAN_POINT ( 'NONE',  ( -325.7318968368761603, -4.503407842577308529, 423.0633348846503736 ) ) ;
#1020 = CARTESIAN_POINT ( 'NONE',  ( -480.2215657360355863, 0.02557203568200386648, 357.1819807829600109 ) ) ;
#1021 = DIRECTION ( 'NONE',  ( 0.9970829574973349985, 0.000000000000000000, 0.07632546015824470675 ) ) ;
#1022 = VERTEX_POINT ( 'NONE', #119 ) ;
#1023 = CARTESIAN_POINT ( 'NONE',  ( -386.6666666647018928, 13.90735550912538265, 302.2484120702011978 ) ) ;
#1024 = CARTESIAN_POINT ( 'NONE',  ( -193.3333333323509748, -0.4512635983332914380, 212.5013648110064537 ) ) ;
#1025 = DIRECTION ( 'NONE',  ( -0.9970829574973348874, 0.000000000000000000, -0.07632546015824470675 ) ) ;
#1026 = EDGE_CURVE ( 'NONE', #1516, #892, #1662, .T. ) ;
#1027 = B_SPLINE_CURVE_WITH_KNOTS ( 'NONE', 3,
 ( #313, #153, #1528, #1510, #697 ),
 .UNSPECIFIED., .F., .F.,
 ( 4, 1, 4 ),
 ( 5.551115123125782702E-17, 0.0005880466042059204852, 0.007000095445031874648 ),
 .UNSPECIFIED. ) ;
#1028 = CARTESIAN_POINT ( 'NONE',  ( 0.000000000000000000, -0.5139382740374544012, 199.4997056216937779 ) ) ;
#1029 = FACE_OUTER_BOUND ( 'NONE', #1591, .T. ) ;
#1030 = CARTESIAN_POINT ( 'NONE',  ( -310.8370945548289797, -0.9715463315519319298, 370.1192114460068296 ) ) ;
#1031 = ORIENTED_EDGE ( 'NONE', *, *, #1415, .T. ) ;
#1032 = CARTESIAN_POINT ( 'NONE',  ( 0.000000000000000000, 18.39353072245676657, 301.0012924865722539 ) ) ;
#1033 = CARTESIAN_POINT ( 'NONE',  ( -193.3333333323509464, 8.704752596376119200, 357.4126630265610629 ) ) ;
#1034 = CARTESIAN_POINT ( 'NONE',  ( -193.3333333323509464, -5.898521906545276750, 234.5410815672917408 ) ) ;
#1035 = CARTESIAN_POINT ( 'NONE',  ( -391.5212533987617007, -0.07328326482131657105, 378.3850677489193117 ) ) ;
#1036 = VECTOR ( 'NONE', #1623, 1000.000000000000000 ) ;
#1037 = CARTESIAN_POINT ( 'NONE',  ( -550.0757328165769877, -0.06145948269986785395, 351.8158582772647947 ) ) ;
#1038 = B_SPLINE_CURVE_WITH_KNOTS ( 'NONE', 3,
 ( #904, #1129, #638, #1570 ),
 .UNSPECIFIED., .F., .F.,
 ( 4, 4 ),
 ( 0.000000000000000000, 0.007104597248711585870 ),
 .UNSPECIFIED. ) ;
#1039 = CARTESIAN_POINT ( 'NONE',  ( -336.5443760380561002, -0.6122629433311114200, 368.1621756176891154 ) ) ;
#1040 = CARTESIAN_POINT ( 'NONE',  ( -450.6844366164924054, 3.874266773654788221, 366.8891410819445014 ) ) ;
#1041 = ORIENTED_EDGE ( 'NONE', *, *, #450, .F. ) ;
#1042 = CARTESIAN_POINT ( 'NONE',  ( 0.000000000000000000, 7.785143742719109916, 377.2153418768251640 ) ) ;
#1043 = CARTESIAN_POINT ( 'NONE',  ( -386.6666666647020634, 1.294877575380734891, 386.4039895251283951 ) ) ;
#1044 = CARTESIAN_POINT ( 'NONE',  ( -386.6666666647018928, -0.3885889226291279752, 225.5030240003190727 ) ) ;
#1045 = EDGE_CURVE ( 'NONE', #807, #320, #277, .T. ) ;
#1046 = B_SPLINE_CURVE_WITH_KNOTS ( 'NONE', 3,
 ( #870, #478, #361, #1005, #354, #1039, #347 ),
 .UNSPECIFIED., .F., .F.,
 ( 4, 3, 4 ),
 ( 0.001328648713322715330, 0.009400000000332245018, 0.02132864877647162871 ),
 .UNSPECIFIED. ) ;
#1047 = DIRECTION ( 'NONE',  ( 0.9970796596427952130, -0.002571963139560330767, 0.07632520771158367301 ) ) ;
#1048 = CARTESIAN_POINT ( 'NONE',  ( -449.6844366015615151, 2.672314815528561649, 373.8891410819444445 ) ) ;
#1049 = EDGE_CURVE ( 'NONE', #1102, #356, #811, .T. ) ;
#1050 = FACE_OUTER_BOUND ( 'NONE', #1204, .T. ) ;
#1051 = ORIENTED_EDGE ( 'NONE', *, *, #557, .F. ) ;
#1052 = CARTESIAN_POINT ( 'NONE',  ( -386.6666666647018360, -1.274544155731860640, 401.0421190094137955 ) ) ;
#1053 = CARTESIAN_POINT ( 'NONE',  ( 0.000000000000000000, -7.314032143735950342, 439.3289523860927375 ) ) ;
#1054 = CARTESIAN_POINT ( 'NONE',  ( -193.3333333323509748, 0.5840579286484742783, 212.5287729211146939 ) ) ;
#1055 = CARTESIAN_POINT ( 'NONE',  ( -452.6844366015615719, -5.400859056437544936, 373.8891410819445014 ) ) ;
#1056 = CARTESIAN_POINT ( 'NONE',  ( -452.6844366015615151, -5.437357284403362634, 366.8891410819445014 ) ) ;
#1057 = CARTESIAN_POINT ( 'NONE',  ( -368.4115313058950392, 4.096161697395609202, 371.6373205501799362 ) ) ;
#1058 = PLANE ( 'NONE',  #475 ) ;
#1059 = EDGE_LOOP ( 'NONE', ( #339, #96, #694, #908 ) ) ;
#1060 = CARTESIAN_POINT ( 'NONE',  ( 0.000000000000000000, 15.80337903634185182, 325.8913209393173815 ) ) ;
#1061 = CARTESIAN_POINT ( 'NONE',  ( -193.3333333323508896, -5.464983162938358063, 438.0432744059715446 ) ) ;
#1062 = FACE_OUTER_BOUND ( 'NONE', #753, .T. ) ;
#1063 = PRODUCT_DEFINITION_CONTEXT ( 'detailed design', #1400, 'design' ) ;
#1064 = LINE ( 'NONE', #127, #509 ) ;
#1065 = CARTESIAN_POINT ( 'NONE',  ( -404.6747113235508664, -0.6639694039158084982, 362.9371320363471227 ) ) ;
#1066 = CARTESIAN_POINT ( 'NONE',  ( -372.3663926709222096, 4.099799129174004797, 371.3263263385408663 ) ) ;
#1067 = ADVANCED_BREP_SHAPE_REPRESENTATION ( 'AILERON L FULL', ( #771, #444 ), #299 ) ;
#1068 = MECHANICAL_DESIGN_GEOMETRIC_PRESENTATION_REPRESENTATION (  '', ( #852 ), #424 ) ;
#1069 = ORIENTED_EDGE ( 'NONE', *, *, #1685, .F. ) ;
#1070 = CARTESIAN_POINT ( 'NONE',  ( -193.3333333323510317, 10.54414989762780763, 346.0951269367138252 ) ) ;
#1071 = CARTESIAN_POINT ( 'NONE',  ( -390.4263541468752123, -0.07328326482131657105, 364.0817752175782971 ) ) ;
#1072 = EDGE_CURVE ( 'NONE', #1477, #1178, #1064, .T. ) ;
#1073 = CARTESIAN_POINT ( 'NONE',  ( -464.2141083336244947, 0.1170531838952394016, 358.4271937911806845 ) ) ;
#1074 = CARTESIAN_POINT ( 'NONE',  ( -559.1999999970528279, -2.809825280722760166, 396.9112182747498423 ) ) ;
#1075 = CARTESIAN_POINT ( 'NONE',  ( -434.4290870620325791, 4.162266361112930468, 366.4127224776752882 ) ) ;
#1076 =( NAMED_UNIT ( * ) SI_UNIT ( $, .STERADIAN. ) SOLID_ANGLE_UNIT ( ) );
#1077 = ORIENTED_EDGE ( 'NONE', *, *, #450, .T. ) ;
#1078 = CARTESIAN_POINT ( 'NONE',  ( -579.9999999970532372, -4.288441108073364205, 402.5788312642366691 ) ) ;
#1079 = DIRECTION ( 'NONE',  ( 0.9999967117653472126, -0.002564460663179106426, 0.000000000000000000 ) ) ;
#1080 = PLANE ( 'NONE',  #1571 ) ;
#1081 = ADVANCED_FACE ( 'NONE', ( #673 ), #405, .F. ) ;
#1082 = CARTESIAN_POINT ( 'NONE',  ( -559.1999999970528279, 2.355073223351805911, 367.7000231352175206 ) ) ;
#1083 = CARTESIAN_POINT ( 'NONE',  ( -449.6844366015615151, -5.452625237843740535, 366.8891410819445014 ) ) ;
#1084 = CARTESIAN_POINT ( 'NONE',  ( -310.8370945548289797, 2.448745022795752124, 371.3662115371159302 ) ) ;
#1085 = ORIENTED_EDGE ( 'NONE', *, *, #557, .T. ) ;
#1086 = CARTESIAN_POINT ( 'NONE',  ( 0.000000000000000000, -6.956796621827982641, 451.7784412453585219 ) ) ;
#1087 = CARTESIAN_POINT ( 'NONE',  ( -310.8370945548289228, -4.125432918875988619, 371.2186531854364375 ) ) ;
#1088 = PLANE ( 'NONE',  #24 ) ;
#1089 = CARTESIAN_POINT ( 'NONE',  ( -559.1999999970530553, 3.993994929795040338, 353.9189029805997961 ) ) ;
#1090 = CARTESIAN_POINT ( 'NONE',  ( -406.1611795348413239, -0.6608132338653278648, 362.8233105651609094 ) ) ;
#1091 = CARTESIAN_POINT ( 'NONE',  ( -559.1999999970530553, -4.845269261599804977, 354.6345673751769709 ) ) ;
#1092 = CARTESIAN_POINT ( 'NONE',  ( -449.6844366015615151, 3.886934948080701613, 366.8891410819445014 ) ) ;
#1093 = VERTEX_POINT ( 'NONE', #1596 ) ;
#1094 = CARTESIAN_POINT ( 'NONE',  ( -386.6666666647022339, -5.954441073316516508, 336.9066955511404444 ) ) ;
#1095 = CARTESIAN_POINT ( 'NONE',  ( -389.1922504760545394, -5.775614127694029598, 364.1212217274373302 ) ) ;
#1096 = DIRECTION ( 'NONE',  ( -0.9970829574973349985, 0.000000000000000000, -0.07632546015824361041 ) ) ;
#1097 = CARTESIAN_POINT ( 'NONE',  ( -579.9999999970532372, 5.400585436222888447, 245.2695254820144157 ) ) ;
#1098 = VECTOR ( 'NONE', #21, 1000.000000000000114 ) ;
#1099 = CARTESIAN_POINT ( 'NONE',  ( -579.9999999970531235, 1.367670693497608836, 239.2000782469990270 ) ) ;
#1100 = CARTESIAN_POINT ( 'NONE',  ( -337.4463567436377502, -5.451121512699140581, 421.9322835833020804 ) ) ;
#1101 = CARTESIAN_POINT ( 'NONE',  ( -559.1999999970530553, -4.955363640084781807, 355.8499340599764764 ) ) ;
#1102 = VERTEX_POINT ( 'NONE', #1480 ) ;
#1103 = CARTESIAN_POINT ( 'NONE',  ( 0.000000000000000000, -6.590772124736852255, 458.2508859490670829 ) ) ;
#1104 = CARTESIAN_POINT ( 'NONE',  ( -549.1944152430739905, -5.002102078486752923, 356.6150958324583371 ) ) ;
#1105 = EDGE_CURVE ( 'NONE', #1178, #1093, #492, .T. ) ;
#1106 = CARTESIAN_POINT ( 'NONE',  ( -310.8370945548290365, -6.117338821620444733, 374.6760033715470399 ) ) ;
#1107 = CARTESIAN_POINT ( 'NONE',  ( 0.000000000000000000, 17.29793299244946070, 246.4975142672712138 ) ) ;
#1108 = CARTESIAN_POINT ( 'NONE',  ( 0.000000000000000000, 2.156697113733638815, 200.5962828315869046 ) ) ;
#1109 = CARTESIAN_POINT ( 'NONE',  ( -193.3333333323509464, -6.939266470113822471, 260.1927417165398992 ) ) ;
#1110 = CARTESIAN_POINT ( 'NONE',  ( -472.2908107975423491, -0.2621050049842919005, 357.7682396569078946 ) ) ;
#1111 = VERTEX_POINT ( 'NONE', #1588 ) ;
#1112 = CARTESIAN_POINT ( 'NONE',  ( -579.9999999970530098, -4.725788449733828500, 379.3994230421292855 ) ) ;
#1113 = CARTESIAN_POINT ( 'NONE',  ( -445.6777691984205489, -5.484613044592284936, 364.7593597915385999 ) ) ;
#1114 = DIRECTION ( 'NONE',  ( -0.000000000000000000, 0.000000000000000000, 1.000000000000000000 ) ) ;
#1115 = CARTESIAN_POINT ( 'NONE',  ( 0.000000000000000000, 12.58377223271067891, 221.8964532117458361 ) ) ;
#1116 = CARTESIAN_POINT ( 'NONE',  ( -386.6666666647018928, 9.514594926166108024, 242.4372132912697566 ) ) ;
#1117 = CARTESIAN_POINT ( 'NONE',  ( -386.6666666647018360, -5.887203071725788384, 347.4091257492923432 ) ) ;
#1118 = CARTESIAN_POINT ( 'NONE',  ( -414.6920033882040002, -0.6428329029307736642, 362.1700880306134991 ) ) ;
#1119 = ORIENTED_EDGE ( 'NONE', *, *, #1622, .T. ) ;
#1120 = CARTESIAN_POINT ( 'NONE',  ( -579.9999999970531235, -3.830333945579374788, 249.6992205581955488 ) ) ;
#1121 = CARTESIAN_POINT ( 'NONE',  ( -375.0978412284097203, -5.813530347017072053, 370.3625961294512763 ) ) ;
#1122 = FACE_OUTER_BOUND ( 'NONE', #853, .T. ) ;
#1123 = AXIS2_PLACEMENT_3D ( 'NONE', #942, #1326, #914 ) ;
#1124 = EDGE_CURVE ( 'NONE', #1239, #1169, #1202, .T. ) ;
#1125 = CARTESIAN_POINT ( 'NONE',  ( -193.3333333323510885, 12.62964796733158579, 238.6057420120377230 ) ) ;
#1126 = CARTESIAN_POINT ( 'NONE',  ( -386.6666666647018928, -6.161060105321074509, 294.7877091421007663 ) ) ;
#1127 = B_SPLINE_CURVE_WITH_KNOTS ( 'NONE', 3,
 ( #1494, #1100, #834, #270, #10, #530, #1474, #138, #1349, #1466 ),
 .UNSPECIFIED., .F., .F.,
 ( 4, 3, 3, 4 ),
 ( 0.3122853940660609284, 0.3924851260240383999, 0.4875937714111142629, 0.5618055035496491989 ),
 .UNSPECIFIED. ) ;
#1128 = EDGE_CURVE ( 'NONE', #1018, #1392, #175, .T. ) ;
#1129 = CARTESIAN_POINT ( 'NONE',  ( -449.6844366015614582, 3.483761832765218891, 369.2227534187812239 ) ) ;
#1130 = ORIENTED_EDGE ( 'NONE', *, *, #1433, .F. ) ;
#1131 = CARTESIAN_POINT ( 'NONE',  ( 0.000000000000000000, -7.638359414888849841, 243.0181500959986352 ) ) ;
#1132 = CARTESIAN_POINT ( 'NONE',  ( -373.4724951642062933, -5.821111375309474312, 370.4907512849478053 ) ) ;
#1133 = FACE_BOUND ( 'NONE', #1256, .T. ) ;
#1134 = CARTESIAN_POINT ( 'NONE',  ( -579.9999999970528961, 7.980006272893821695, 252.7075933310317168 ) ) ;
#1135 = CARTESIAN_POINT ( 'NONE',  ( -579.9999999970530098, -4.725788449733828500, 379.3994230421292855 ) ) ;
#1136 = ADVANCED_FACE ( 'NONE', ( #1000, #1503 ), #1261, .T. ) ;
#1137 = ORIENTED_EDGE ( 'NONE', *, *, #36, .F. ) ;
#1138 = CARTESIAN_POINT ( 'NONE',  ( 0.000000000000000000, -4.219827966912870210, 206.0754173260052085 ) ) ;
#1139 = ORIENTED_EDGE ( 'NONE', *, *, #1174, .F. ) ;
#1140 = CARTESIAN_POINT ( 'NONE',  ( -457.6016738494921015, -0.5878977476521778378, 358.8845654565570271 ) ) ;
#1141 = CARTESIAN_POINT ( 'NONE',  ( 0.000000000000000000, 12.00859590623730000, 351.6479129724376662 ) ) ;
#1142 = CARTESIAN_POINT ( 'NONE',  ( -579.9999999970530098, -4.843869939650165435, 266.1019293467749094 ) ) ;
#1143 = ORIENTED_EDGE ( 'NONE', *, *, #481, .F. ) ;
#1144 = CARTESIAN_POINT ( 'NONE',  ( 0.000000000000000000, -2.971648534343652059, 202.6081388344403251 ) ) ;
#1145 = VERTEX_POINT ( 'NONE', #1560 ) ;
#1146 = CARTESIAN_POINT ( 'NONE',  ( -309.3435903101453164, 5.089075856916819518, 370.2335373385753314 ) ) ;
#1147 = CARTESIAN_POINT ( 'NONE',  ( -579.9999999970531235, 7.615257880408826452, 334.9895548652660864 ) ) ;
#1148 = CARTESIAN_POINT ( 'NONE',  ( -341.6072432298724380, -0.4020362616952313783, 382.2059231409783138 ) ) ;
#1149 = VECTOR ( 'NONE', #718, 1000.000000000000114 ) ;
#1150 = EDGE_LOOP ( 'NONE', ( #1365, #329, #986, #15 ) ) ;
#1151 = CARTESIAN_POINT ( 'NONE',  ( -386.6666666647020634, -3.190613515628904828, 230.4749220973889692 ) ) ;
#1152 = ORIENTED_EDGE ( 'NONE', *, *, #1446, .T. ) ;
#1153 = CARTESIAN_POINT ( 'NONE',  ( -560.6563081618858178, 4.271487260678214604, 356.5073304038257902 ) ) ;
#1154 = ORIENTED_EDGE ( 'NONE', *, *, #9, .F. ) ;
#1155 = CARTESIAN_POINT ( 'NONE',  ( -579.9999999970531235, 2.307336104060937920, 366.4516910496425908 ) ) ;
#1156 = CARTESIAN_POINT ( 'NONE',  ( -193.3333333323509748, -3.397287876363841441E-11, 212.5133111311279777 ) ) ;
#1157 = FACE_OUTER_BOUND ( 'NONE', #1059, .T. ) ;
#1158 = DIRECTION ( 'NONE',  ( -0.9970829574973348874, 0.000000000000000000, -0.07632546015824659413 ) ) ;
#1159 = ORIENTED_EDGE ( 'NONE', *, *, #1026, .F. ) ;
#1160 = CARTESIAN_POINT ( 'NONE',  ( -354.9640831359851632, -0.9091702631701554793, 366.7413453582059333 ) ) ;
#1161 = VERTEX_POINT ( 'NONE', #619 ) ;
#1162 = CARTESIAN_POINT ( 'NONE',  ( -386.6666666647022339, -4.098509801975090738, 416.3470041637490908 ) ) ;
#1163 = CARTESIAN_POINT ( 'NONE',  ( 0.000000000000000000, -1.685681154134503368, 431.6634505495804319 ) ) ;
#1164 = FACE_OUTER_BOUND ( 'NONE', #73, .T. ) ;
#1165 = CARTESIAN_POINT ( 'NONE',  ( -447.6194451142723096, -0.5770951087586980721, 359.6488998351778150 ) ) ;
#1166 = CARTESIAN_POINT ( 'NONE',  ( -535.4992757624602291, -0.09905913899541533840, 352.9303511097406272 ) ) ;
#1167 = LINE ( 'NONE', #85, #1705 ) ;
#1168 = CARTESIAN_POINT ( 'NONE',  ( -451.6844366164565940, 3.861597417734849991, 366.8891410819443308 ) ) ;
#1169 = VERTEX_POINT ( 'NONE', #99 ) ;
#1170 = CARTESIAN_POINT ( 'NONE',  ( -386.6666666647022339, 5.886350116970718638, 359.8738835282833293 ) ) ;
#1171 = CARTESIAN_POINT ( 'NONE',  ( -579.9999999970532372, 10.02172174692658935, 318.6559974715308385 ) ) ;
#1172 = CARTESIAN_POINT ( 'NONE',  ( -452.6844366015615719, -5.402147157000632305, 373.6339634731389197 ) ) ;
#1173 = EDGE_CURVE ( 'NONE', #1392, #782, #645, .T. ) ;
#1174 = EDGE_CURVE ( 'NONE', #87, #1102, #181, .T. ) ;
#1175 = VECTOR ( 'NONE', #252, 1000.000000000000114 ) ;
#1176 = CARTESIAN_POINT ( 'NONE',  ( -551.1740533151079262, 0.3385405173001321821, 366.1638445021064854 ) ) ;
#1177 = DIRECTION ( 'NONE',  ( 0.9970829574973348874, 0.000000000000000000, 0.07632546015824470675 ) ) ;
#1178 = VERTEX_POINT ( 'NONE', #91 ) ;
#1179 = CARTESIAN_POINT ( 'NONE',  ( -579.9999999970528961, 10.96806314987765596, 310.6656409606852094 ) ) ;
#1180 = B_SPLINE_CURVE_WITH_KNOTS ( 'NONE', 3,
 ( #544, #428, #960, #140, #551, #683, #1084, #1211, #417, #562, #1342, #3 ),
 .UNSPECIFIED., .F., .F.,
 ( 4, 2, 2, 2, 2, 4 ),
 ( 0.000000000000000000, 0.1249999999999970857, 0.2499999999999941713, 0.4999999999999961142, 0.7499999999999980016, 1.000000000000000000 ),
 .UNSPECIFIED. ) ;
#1181 = CARTESIAN_POINT ( 'NONE',  ( -386.6666666647018360, -5.420512167452217867, 412.1310864783856118 ) ) ;
#1182 = DIRECTION ( 'NONE',  ( -0.07632546015824470675, 0.000000000000000000, 0.9970829574973348874 ) ) ;
#1183 = CARTESIAN_POINT ( 'NONE',  ( -193.3333333323509748, -3.397287876363841441E-11, 212.5133111311279777 ) ) ;
#1184 = CARTESIAN_POINT ( 'NONE',  ( -363.8906988110063594, 4.092081409738296038, 371.9923565124324796 ) ) ;
#1185 = CARTESIAN_POINT ( 'NONE',  ( -449.6844366015615151, 3.886934948080701613, 366.8891410819445014 ) ) ;
#1186 = VERTEX_POINT ( 'NONE', #1695 ) ;
#1187 = CARTESIAN_POINT ( 'NONE',  ( -579.9999999970532372, 4.936953304096522999, 351.2031543540123835 ) ) ;
#1188 = CARTESIAN_POINT ( 'NONE',  ( -193.3333333323509180, -6.011416850334453166, 437.9956807640800776 ) ) ;
#1189 = CARTESIAN_POINT ( 'NONE',  ( -579.9999999970531235, 2.661510109830854454, 240.4789931181246629 ) ) ;
#1190 = CARTESIAN_POINT ( 'NONE',  ( -472.0793177036185284, 0.1373415620182078800, 357.8246079917510087 ) ) ;
#1191 = CARTESIAN_POINT ( 'NONE',  ( -357.8632631653100020, -0.7837542943353366098, 366.5207742642764970 ) ) ;
#1192 = CARTESIAN_POINT ( 'NONE',  ( -354.8458628296834263, 4.084173130893128167, 372.7011565973136840 ) ) ;
#1193 = CARTESIAN_POINT ( 'NONE',  ( -340.5122270009606495, -0.2020362616952313395, 367.9011024721307308 ) ) ;
#1194 = ORIENTED_EDGE ( 'NONE', *, *, #319, .T. ) ;
#1195 = CARTESIAN_POINT ( 'NONE',  ( -579.9999999970531235, 7.615257880408826452, 334.9895548652660864 ) ) ;
#1196 = CARTESIAN_POINT ( 'NONE',  ( -193.3333333323510885, -5.937811506948676765, 439.6798056192790227 ) ) ;
#1197 = CARTESIAN_POINT ( 'NONE',  ( -404.9384393283650070, -0.03584921947534639580, 362.9699887165588166 ) ) ;
#1198 = DIRECTION ( 'NONE',  ( 0.000000000000000000, 0.000000000000000000, 1.000000000000000000 ) ) ;
#1199 = CARTESIAN_POINT ( 'NONE',  ( -480.2230063112860989, 0.1583482576350112025, 357.2007998379409628 ) ) ;
#1200 = CARTESIAN_POINT ( 'NONE',  ( -406.5874662025619273, -0.6599132986103779519, 362.7906689535698206 ) ) ;
#1201 = CARTESIAN_POINT ( 'NONE',  ( -310.8370945548291502, 4.052644616121345855, 376.1087982770621920 ) ) ;
#1202 = B_SPLINE_CURVE_WITH_KNOTS ( 'NONE', 3,
 ( #688, #1215, #8, #1089, #422, #957, #983, #841, #1224, #334 ),
 .UNSPECIFIED., .F., .F.,
 ( 4, 2, 2, 2, 4 ),
 ( 0.000000000000000000, 0.2500000000000000000, 0.5000000000000000000, 0.7500000000000000000, 1.000000000000000000 ),
 .UNSPECIFIED. ) ;
#1203 = DIRECTION ( 'NONE',  ( 0.07632546015824470675, 0.000000000000000000, -0.9970829574973348874 ) ) ;
#1204 = EDGE_LOOP ( 'NONE', ( #384, #659, #1566, #1229 ) ) ;
#1205 = CARTESIAN_POINT ( 'NONE',  ( -386.6666666647018928, -5.634577376048333974, 393.4924128655397340 ) ) ;
#1206 = LINE ( 'NONE', #134, #738 ) ;
#1207 = ADVANCED_FACE ( 'NONE', ( #1164 ), #499, .F. ) ;
#1208 = CARTESIAN_POINT ( 'NONE',  ( -477.5084416214415910, 0.1513460257598764069, 357.4087121199939361 ) ) ;
#1209 = CARTESIAN_POINT ( 'NONE',  ( -373.0396041572861350, -0.7391094651274109362, 365.3592177990378218 ) ) ;
#1210 = CARTESIAN_POINT ( 'NONE',  ( -534.8495714150728872, 4.257284854800936991, 358.4874280647887872 ) ) ;
#1211 = CARTESIAN_POINT ( 'NONE',  ( -310.8370945548289228, 3.415514920337419547, 372.5195253220392146 ) ) ;
#1212 = ORIENTED_EDGE ( 'NONE', *, *, #1665, .T. ) ;
#1213 = CARTESIAN_POINT ( 'NONE',  ( 0.000000000000000000, -7.452155228677345811, 421.6783925123604604 ) ) ;
#1214 = CARTESIAN_POINT ( 'NONE',  ( -579.9999999970531235, 1.367670693497608836, 239.2000782469990270 ) ) ;
#1215 = CARTESIAN_POINT ( 'NONE',  ( -559.1999999970530553, 4.387763839048973047, 355.9353463106082813 ) ) ;
#1216 = CARTESIAN_POINT ( 'NONE',  ( -405.6647339960813383, -0.6618641932388041882, 362.8613243274216416 ) ) ;
#1217 = FACE_OUTER_BOUND ( 'NONE', #1011, .T. ) ;
#1218 = DIRECTION ( 'NONE',  ( 0.000000000000000000, 0.000000000000000000, 1.000000000000000000 ) ) ;
#1219 = EDGE_LOOP ( 'NONE', ( #1300, #827, #1409, #915 ) ) ;
#1220 = CARTESIAN_POINT ( 'NONE',  ( 0.000000000000000000, -7.705051474660509214, 374.2669285172183891 ) ) ;
#1221 = CARTESIAN_POINT ( 'NONE',  ( -560.2147028367957091, -0.2489730059232783954, 351.0296657244970788 ) ) ;
#1222 = CARTESIAN_POINT ( 'NONE',  ( -341.6072432298724380, -0.6020362616952313894, 382.2059231409783138 ) ) ;
#1223 = CARTESIAN_POINT ( 'NONE',  ( -193.3333333323509748, 14.02218431666462450, 245.8289446186508940 ) ) ;
#1224 = CARTESIAN_POINT ( 'NONE',  ( -559.1999999970530553, 0.3334370515885402009, 351.1073399655317644 ) ) ;
#1225 = ADVANCED_FACE ( 'NONE', ( #241 ), #785, .F. ) ;
#1226 = CARTESIAN_POINT ( 'NONE',  ( -358.3054585887097687, -0.7823726149343115388, 366.4869330792865867 ) ) ;
#1227 = CARTESIAN_POINT ( 'NONE',  ( -354.9588988739646993, -0.7455952643632329790, 366.7417422070151360 ) ) ;
#1228 = PLANE ( 'NONE',  #1315 ) ;
#1229 = ORIENTED_EDGE ( 'NONE', *, *, #36, .T. ) ;
#1230 = CARTESIAN_POINT ( 'NONE',  ( -386.6666666647022339, -5.677728190836611510, 385.5240380374953020 ) ) ;
#1231 = CARTESIAN_POINT ( 'NONE',  ( -309.7701353831465667, -6.118651117222217550, 375.4459057501401844 ) ) ;
#1232 = VECTOR ( 'NONE', #221, 1000.000000000000000 ) ;
#1233 = LINE ( 'NONE', #173, #1149 ) ;
#1234 = CARTESIAN_POINT ( 'NONE',  ( -579.9999999970532372, 10.96949398281568300, 268.3083701022954415 ) ) ;
#1235 = VECTOR ( 'NONE', #1482, 1000.000000000000114 ) ;
#1236 = CARTESIAN_POINT ( 'NONE',  ( 0.000000000000000000, 8.516251081602066009, 210.1672704940056065 ) ) ;
#1237 = CARTESIAN_POINT ( 'NONE',  ( 0.000000000000000000, -7.705051474660509214, 374.2669285172183891 ) ) ;
#1238 = CARTESIAN_POINT ( 'NONE',  ( -31.07700578236011424, 0.000000000000000000, 405.9766265593980279 ) ) ;
#1239 = VERTEX_POINT ( 'NONE', #1546 ) ;
#1240 = CARTESIAN_POINT ( 'NONE',  ( -386.6666666647022339, -5.113126307511020485, 421.1293184417577891 ) ) ;
#1241 = CARTESIAN_POINT ( 'NONE',  ( -435.0239058679151753, -5.534238981234802068, 365.6075359389982964 ) ) ;
#1242 = PLANE ( 'NONE',  #137 ) ;
#1243 = CARTESIAN_POINT ( 'NONE',  ( -579.9999999970531235, 12.05585114077850406, 281.0960369820363098 ) ) ;
#1244 = CARTESIAN_POINT ( 'NONE',  ( -386.6666666647022339, 6.439140651349280375, 233.5687738193448126 ) ) ;
#1245 = CARTESIAN_POINT ( 'NONE',  ( 0.000000000000000000, -7.452155228677345811, 421.6783925123604604 ) ) ;
#1246 = PLANE ( 'NONE',  #713 ) ;
#1247 = ORIENTED_EDGE ( 'NONE', *, *, #1622, .F. ) ;
#1248 = CARTESIAN_POINT ( 'NONE',  ( -386.6666666647018928, -5.975492132353124930, 266.5706856483420211 ) ) ;
#1249 = ADVANCED_FACE ( 'NONE', ( #1414 ), #210, .T. ) ;
#1250 = CARTESIAN_POINT ( 'NONE',  ( -411.9982469878596021, -5.669108293900564810, 362.3754510565977967 ) ) ;
#1251 = CARTESIAN_POINT ( 'NONE',  ( -341.6072432298724380, -0.2020362616952313395, 382.2059231409783138 ) ) ;
#1252 = ADVANCED_FACE ( 'NONE', ( #802 ), #1739, .T. ) ;
#1253 = CARTESIAN_POINT ( 'NONE',  ( -386.6666666647022339, 13.07897365269360890, 261.0380848239540228 ) ) ;
#1254 = CARTESIAN_POINT ( 'NONE',  ( -386.6666666647020634, -6.133868915404450561, 305.0780289475609379 ) ) ;
#1255 = CARTESIAN_POINT ( 'NONE',  ( -547.3642643312565497, 0.3315378844642050127, 352.0662605623894024 ) ) ;
#1256 = EDGE_LOOP ( 'NONE', ( #488, #1247, #867, #67 ) ) ;
#1257 = CARTESIAN_POINT ( 'NONE',  ( -579.9999999970532372, -4.599044283111842546, 259.9049248138404096 ) ) ;
#1258 = CARTESIAN_POINT ( 'NONE',  ( -511.7357579893044885, -5.176858650333850953, 359.5252942063034993 ) ) ;
#1259 = FACE_BOUND ( 'NONE', #429, .T. ) ;
#1260 = VECTOR ( 'NONE', #1682, 1000.000000000000000 ) ;
#1261 = B_SPLINE_SURFACE_WITH_KNOTS ( 'NONE', 3, 3, ( 
 ( #1529, #1381, #588, #442 ),
 ( #296, #975, #56, #324 ),
 ( #1099, #872, #314, #1108 ),
 ( #1512, #710, #451, #308 ),
 ( #458, #605, #1397, #720 ),
 ( #569, #1244, #39, #1236 ),
 ( #192, #580, #1629, #183 ),
 ( #1134, #1116, #595, #1645 ),
 ( #736, #20, #1125, #435 ),
 ( #1520, #857, #966, #1389 ),
 ( #729, #1253, #1661, #1406 ),
 ( #466, #46, #1370, #164 ),
 ( #1654, #1536, #990, #202 ),
 ( #30, #1262, #1637, #767 ),
 ( #880, #1285, #489, #343 ),
 ( #1578, #1023, #618, #777 ),
 ( #893, #378, #216, #1277 ),
 ( #1171, #71, #1413, #635 ),
 ( #482, #1670, #349, #98 ),
 ( #1147, #626, #1007, #1141 ),
 ( #1686, #1420, #1033, #886 ),
 ( #79, #1559, #1703, #1677 ),
 ( #758, #1428, #510, #1545 ),
 ( #1155, #1270, #1016, #209 ),
 ( #1552, #1043, #1694, #1303 ),
 ( #357, #1294, #63, #225 ),
 ( #751, #90, #1568, #1163 ),
 ( #368, #498, #473, #902 ),
 ( #1438, #644, #233, #910 ),
 ( #1447, #744, #611, #386 ),
 ( #527, #1731, #1061, #1454 ),
 ( #1593, #117, #917, #395 ),
 ( #654, #928, #1462, #801 ),
 ( #1722, #792, #1196, #258 ),
 ( #1321, #661, #1188, #671 ),
 ( #1329, #784, #125, #535 ),
 ( #518, #1181, #240, #248 ),
 ( #1712, #1312, #107, #1053 ),
 ( #1586, #1647, #606, #589 ),
 ( #1135, #40, #873, #1245 ),
 ( #730, #1407, #176, #858 ),
 ( #842, #612, #47, #851 ),
 ( #597, #711, #467, #1390 ),
 ( #309, #193, #737, #1237 ),
 ( #298, #1117, #452, #443 ),
 ( #57, #1382, #1371, #1663 ),
 ( #165, #721, #977, #984 ),
 ( #1521, #315, #204, #184 ),
 ( #1537, #1254, #31, #991 ),
 ( #1530, #1126, #581, #1655 ),
 ( #459, #325, #865, #1398 ),
 ( #1264, #1001, #335, #745 ),
 ( #1504, #1271, #1109, #64 ),
 ( #1142, #1638, #1671, #967 ),
 ( #1513, #379, #1313, #752 ),
 ( #217, #887, #1034, #778 ),
 ( #1304, #1278, #1439, #344 ),
 ( #490, #1421, #636, #881 ),
 ( #358, #350, #226, #234 ),
 ( #768, #1569, #1579, #369 ),
 ( #759, #903, #1286, #474 ),
 ( #1429, #1044, #1024, #81 ),
 ( #108, #72, #1156, #627 ) ),
 .UNSPECIFIED., .T., .F., .F.,
 ( 4, 1, 1, 1, 1, 1, 1, 1, 1, 1, 1, 1, 1, 1, 1, 1, 1, 1, 1, 1, 1, 1, 1, 1, 1, 1, 1, 1, 1, 1, 1, 1, 1, 1, 1, 1, 1, 1, 1, 1, 1, 1, 1, 1, 1, 1, 1, 1, 1, 1, 1, 1, 1, 1, 1, 1, 1, 1, 1, 1, 4 ),
 ( 4, 4 ),
 ( 0.000000000000000000, 0.003860322318652631424, 0.009394797800600040993, 0.01667682966515771081, 0.02574601821153910119, 0.03660292795654351838, 0.04920899649386034636, 0.06349082326102040152, 0.07934674930367069390, 0.09664596362268917940, 0.1152362930771427818, 0.1349489434337972638, 0.1556634120433916246, 0.1773331524001592330, 0.1998829210885900709, 0.2232120323077090296, 0.2472101962221454619, 0.2717419340733749911, 0.2965571596970338897, 0.3213261058738797749, 0.3457060309687295385, 0.3693717206835468447, 0.3919905574059651121, 0.4132492025566901761, 0.4328580350888563411, 0.4505322894011315471, 0.4660166644726876362, 0.4791302729403160710, 0.4897712402210446792, 0.4977451439687686774, 0.5027415987227935590, 0.5044506879271154487, 0.5061687141980233395, 0.5111726415984217953, 0.5191493344995530279, 0.5297856188872963612, 0.5429192827985859227, 0.5584900536828429907, 0.5763877949385057819, 0.5963681263741105187, 0.6181950463317675837, 0.6415931759684508906, 0.6662720753110366045, 0.6919362323365962908, 0.7182704540732928189, 0.7449493915174514314, 0.7716573823196638537, 0.7980689496398100102, 0.8238682316128342897, 0.8487443405748122949, 0.8724112732714405238, 0.8945985341559141713, 0.9150565674164555796, 0.9335822461452389920, 0.9499859994824328968, 0.9641230260458010237, 0.9759079492932850597, 0.9852880743758861692, 0.9922841994269310240, 0.9970173798615488137, 1.000000000000000000 ),
 ( 0.000000000000000000, 1.000000000000000000 ),
 .UNSPECIFIED. ) ;
#1262 = CARTESIAN_POINT ( 'NONE',  ( -386.6666666647017792, 14.56524338741086666, 284.5744906102912068 ) ) ;
#1263 = ADVANCED_FACE ( 'NONE', ( #945 ), #547, .F. ) ;
#1264 = CARTESIAN_POINT ( 'NONE',  ( -579.9999999970531235, -5.113217040306552441, 280.3723710342515005 ) ) ;
#1265 = AXIS2_PLACEMENT_3D ( 'NONE', #1493, #1473, #810 ) ;
#1266 = EDGE_LOOP ( 'NONE', ( #888, #642, #1154, #732 ) ) ;
#1267 = CARTESIAN_POINT ( 'NONE',  ( -579.9999999970527824, -0.3259142469249645679, 238.5046831896317201 ) ) ;
#1268 = CARTESIAN_POINT ( 'NONE',  ( -480.2205520517229047, -0.1077612977213022877, 357.1687384474342366 ) ) ;
#1269 = CARTESIAN_POINT ( 'NONE',  ( -514.6225445031305981, -0.4233008177846958042, 354.5196887343767003 ) ) ;
#1270 = CARTESIAN_POINT ( 'NONE',  ( -386.6666666647020634, 2.751046507723803547, 378.0547777424289393 ) ) ;
#1271 = CARTESIAN_POINT ( 'NONE',  ( -386.6666666647018928, -5.975492132353124930, 266.5706856483420211 ) ) ;
#1272 = ORIENTED_EDGE ( 'NONE', *, *, #896, .T. ) ;
#1273 = CARTESIAN_POINT ( 'NONE',  ( 0.000000000000000000, -7.965129795698265625, 332.7649557612896274 ) ) ;
#1274 = LINE ( 'NONE', #207, #598 ) ;
#1275 = PRODUCT ( 'AILERON L FULL', 'AILERON L FULL', '', ( #260 ) ) ;
#1276 = PLANE ( 'NONE',  #1405 ) ;
#1277 = CARTESIAN_POINT ( 'NONE',  ( 0.000000000000000000, 17.29567669399768093, 313.2912272862357668 ) ) ;
#1278 = CARTESIAN_POINT ( 'NONE',  ( -386.6666666647020634, -4.566923217582304240, 238.8503178250753649 ) ) ;
#1279 = EDGE_CURVE ( 'NONE', #1022, #256, #326, .T. ) ;
#1280 = VERTEX_POINT ( 'NONE', #1608 ) ;
#1281 = CARTESIAN_POINT ( 'NONE',  ( -386.6666666647018928, -5.775366431396394162, 258.4073362631827990 ) ) ;
#1282 = EDGE_LOOP ( 'NONE', ( #740, #1401, #684, #1085 ) ) ;
#1283 = CARTESIAN_POINT ( 'NONE',  ( -526.0230539848945455, 5.199037838108915288, 353.6469939125943256 ) ) ;
#1284 = ORIENTED_EDGE ( 'NONE', *, *, #1305, .F. ) ;
#1285 = CARTESIAN_POINT ( 'NONE',  ( -386.6666666647020634, 14.40794366876468935, 293.2433517987929577 ) ) ;
#1286 = CARTESIAN_POINT ( 'NONE',  ( -193.3333333323509464, -1.689577546666605867, 213.0401703756483016 ) ) ;
#1287 = CARTESIAN_POINT ( 'NONE',  ( -461.3768567605068824, -0.2930910051561943508, 373.0377082026287212 ) ) ;
#1288 = ORIENTED_EDGE ( 'NONE', *, *, #1301, .T. ) ;
#1289 = DIRECTION ( 'NONE',  ( 0.000000000000000000, -1.000000000000000000, 0.000000000000000000 ) ) ;
#1290 = DIRECTION ( 'NONE',  ( 0.07632546015824470675, 0.000000000000000000, -0.9970829574973348874 ) ) ;
#1291 = CARTESIAN_POINT ( 'NONE',  ( -559.1999999970530553, -4.929453417100063461, 360.4908965741075804 ) ) ;
#1292 = ORIENTED_EDGE ( 'NONE', *, *, #1305, .T. ) ;
#1293 = CARTESIAN_POINT ( 'NONE',  ( -193.3333333323509464, 16.15044311579107017, 301.6248522783866974 ) ) ;
#1294 = CARTESIAN_POINT ( 'NONE',  ( -386.6666666647022339, -0.05509682441517349538, 394.0997390200583936 ) ) ;
#1295 = CARTESIAN_POINT ( 'NONE',  ( -452.6844366015615719, -5.413960306776531617, 371.3005850252246205 ) ) ;
#1296 = CARTESIAN_POINT ( 'NONE',  ( -453.7013202475228582, -0.5663062137010240749, 359.1832618134725976 ) ) ;
#1297 = CARTESIAN_POINT ( 'NONE',  ( -559.1999999970530553, -89.00000000000000000, 400.5215869932083592 ) ) ;
#1298 = DIRECTION ( 'NONE',  ( 0.9999967117653473236, -0.002564460663179114665, 0.000000000000000000 ) ) ;
#1299 = DIRECTION ( 'NONE',  ( 0.002564460613766945431, 0.9999966924973346938, 0.0001963062701369859553 ) ) ;
#1300 = ORIENTED_EDGE ( 'NONE', *, *, #58, .T. ) ;
#1301 = EDGE_CURVE ( 'NONE', #1469, #1161, #304, .T. ) ;
#1302 = CARTESIAN_POINT ( 'NONE',  ( -386.6666666647018928, 4.294679108437772008, 369.1716850739566667 ) ) ;
#1303 = CARTESIAN_POINT ( 'NONE',  ( 0.000000000000000000, 1.712573641261867508, 412.3034159109438406 ) ) ;
#1304 = CARTESIAN_POINT ( 'NONE',  ( -579.9999999970531235, -3.830333945579374788, 249.6992205581955488 ) ) ;
#1305 = EDGE_CURVE ( 'NONE', #345, #775, #1206, .T. ) ;
#1306 = APPLICATION_CONTEXT ( 'automotive_design' ) ;
#1307 = CARTESIAN_POINT ( 'NONE',  ( -559.1999999970530553, -3.507613428115188725, 400.5215869932083592 ) ) ;
#1308 = CARTESIAN_POINT ( 'NONE',  ( -416.3363487796512459, 4.143413975593331244, 367.8493446525882860 ) ) ;
#1309 = SURFACE_STYLE_USAGE ( .BOTH. , #781 ) ;
#1310 = ORIENTED_EDGE ( 'NONE', *, *, #818, .T. ) ;
#1311 = CARTESIAN_POINT ( 'NONE',  ( -579.9999999970528961, 6.286797556005607746, 343.1633722646573688 ) ) ;
#1312 = CARTESIAN_POINT ( 'NONE',  ( -386.6666666647018928, -5.530142459485384521, 406.8380078360256675 ) ) ;
#1313 = CARTESIAN_POINT ( 'NONE',  ( -193.3333333323510885, -6.367875266799881473, 242.1323187556666028 ) ) ;
#1314 =( NAMED_UNIT ( * ) PLANE_ANGLE_UNIT ( ) SI_UNIT ( $, .RADIAN. ) );
#1315 = AXIS2_PLACEMENT_3D ( 'NONE', #23, #148, #1218 ) ;
#1316 = DIRECTION ( 'NONE',  ( 0.07632546015824470675, 0.000000000000000000, -0.9970829574973348874 ) ) ;
#1317 = CARTESIAN_POINT ( 'NONE',  ( -391.5212533987617007, -0.4732832648213154969, 378.3850677489193117 ) ) ;
#1318 = CARTESIAN_POINT ( 'NONE',  ( -341.6072432298724380, -0.2020362616952313395, 382.2059231409783138 ) ) ;
#1319 = ORIENTED_EDGE ( 'NONE', *, *, #1611, .F. ) ;
#1320 = CARTESIAN_POINT ( 'NONE',  ( -193.3333333323509464, 15.18647217929100890, 312.4160318443855999 ) ) ;
#1321 = CARTESIAN_POINT ( 'NONE',  ( -579.9999999970527824, -4.341600791566104789, 401.3625127179655578 ) ) ;
#1322 = CARTESIAN_POINT ( 'NONE',  ( -310.8370945548288091, -5.572249832621030130, 424.2286737944249921 ) ) ;
#1323 = CARTESIAN_POINT ( 'NONE',  ( -452.6844366015615151, 2.634092616184104063, 373.8891410819445014 ) ) ;
#1324 = CARTESIAN_POINT ( 'NONE',  ( -355.5215012685004581, -4.376511456831631008, 420.1870972153752746 ) ) ;
#1325 = LINE ( 'NONE', #1317, #1734 ) ;
#1326 = DIRECTION ( 'NONE',  ( 0.9970829574973348874, 0.000000000000000000, 0.07632546015824470675 ) ) ;
#1327 = ORIENTED_EDGE ( 'NONE', *, *, #55, .T. ) ;
#1328 = CARTESIAN_POINT ( 'NONE',  ( -386.6666666647018928, 13.07726766458433332, 311.5408364025354331 ) ) ;
#1329 = CARTESIAN_POINT ( 'NONE',  ( -579.9999999970532372, -4.411656509256205005, 398.4873859567278487 ) ) ;
#1330 = CARTESIAN_POINT ( 'NONE',  ( -310.8370945548287523, -5.991024317880938810, 399.0199924589712168 ) ) ;
#1331 = CARTESIAN_POINT ( 'NONE',  ( -449.6844366015615151, -5.416070627225343159, 373.8891410819444445 ) ) ;
#1332 = CARTESIAN_POINT ( 'NONE',  ( -310.8370945548289797, -0.9715463315519319298, 370.1192114460068296 ) ) ;
#1333 = CARTESIAN_POINT ( 'NONE',  ( -434.8712602739578870, 4.162727812671097816, 366.3776039733244829 ) ) ;
#1334 = EDGE_CURVE ( 'NONE', #1022, #238, #620, .T. ) ;
#1335 = PRESENTATION_STYLE_ASSIGNMENT (( #1309 ) ) ;
#1336 = VERTEX_POINT ( 'NONE', #276 ) ;
#1337 = CARTESIAN_POINT ( 'NONE',  ( -386.6666666647020634, -5.825792322916422350, 357.6445870762517529 ) ) ;
#1338 = CARTESIAN_POINT ( 'NONE',  ( -386.6666666647020634, 1.630679500242952162, 226.3321464418616529 ) ) ;
#1339 = CARTESIAN_POINT ( 'NONE',  ( -411.4628465916175628, -0.02184400203011015867, 376.8585635946876664 ) ) ;
#1340 = CARTESIAN_POINT ( 'NONE',  ( -461.3768567605068824, 0.1069089948438046028, 373.0377082026287212 ) ) ;
#1341 = CARTESIAN_POINT ( 'NONE',  ( -425.6297294989030320, 4.153086049633111898, 367.1115301733100864 ) ) ;
#1342 = CARTESIAN_POINT ( 'NONE',  ( -310.8370945548289797, 4.181482410247943982, 375.3648166057488424 ) ) ;
#1343 = VECTOR ( 'NONE', #739, 1000.000000000000000 ) ;
#1344 = EDGE_LOOP ( 'NONE', ( #951, #882, #1375, #651 ) ) ;
#1345 = CARTESIAN_POINT ( 'NONE',  ( -193.3333333323510317, -6.765421898788464894, 365.9557577967350426 ) ) ;
#1346 = CARTESIAN_POINT ( 'NONE',  ( -310.8370945548289228, -5.946444830007734161, 406.6112595304870752 ) ) ;
#1347 = CARTESIAN_POINT ( 'NONE',  ( -530.1346271230821685, 0.02101934435792796735, 353.3487309133048484 ) ) ;
#1348 = B_SPLINE_CURVE_WITH_KNOTS ( 'NONE', 3,
 ( #920, #1741, #155, #548 ),
 .UNSPECIFIED., .F., .F.,
 ( 4, 4 ),
 ( 1.994931997373328159E-17, 0.0004020418118784817156 ),
 .UNSPECIFIED. ) ;
#1349 = CARTESIAN_POINT ( 'NONE',  ( -534.5774795241180755, -4.611726514849351588, 402.8989337975034459 ) ) ;
#1350 = CARTESIAN_POINT ( 'NONE',  ( -310.8370945548288091, -3.514502849921438798, 419.0205775896845921 ) ) ;
#1351 = LINE ( 'NONE', #290, #1036 ) ;
#1352 = ORIENTED_EDGE ( 'NONE', *, *, #1372, .T. ) ;
#1353 = ORIENTED_EDGE ( 'NONE', *, *, #272, .T. ) ;
#1354 = CARTESIAN_POINT ( 'NONE',  ( -193.3333333323509180, -6.011416850334453166, 437.9956807640800776 ) ) ;
#1355 = CARTESIAN_POINT ( 'NONE',  ( -436.8466311337688239, -5.525748245498686373, 365.4624559601093097 ) ) ;
#1356 = DIRECTION ( 'NONE',  ( -1.000000000000000000, 0.000000000000000000, -0.000000000000000000 ) ) ;
#1357 = CARTESIAN_POINT ( 'NONE',  ( -398.2912776696987862, -0.05299564040163199513, 363.4792946464800707 ) ) ;
#1358 = ADVANCED_FACE ( 'NONE', ( #1062 ), #1088, .F. ) ;
#1359 = CARTESIAN_POINT ( 'NONE',  ( -468.1467113384081244, 0.1271973729535108566, 358.1258789582467443 ) ) ;
#1360 = ADVANCED_FACE ( 'NONE', ( #918, #154 ), #340, .T. ) ;
#1361 = B_SPLINE_CURVE_WITH_KNOTS ( 'NONE', 3,
 ( #890, #1424, #609, #1674 ),
 .UNSPECIFIED., .F., .F.,
 ( 4, 4 ),
 ( 1.725236706967558931E-17, 0.0004023507126429479576 ),
 .UNSPECIFIED. ) ;
#1362 = CARTESIAN_POINT ( 'NONE',  ( -355.2119416587472642, -0.7921823593402298469, 366.7236746027696199 ) ) ;
#1363 = CARTESIAN_POINT ( 'NONE',  ( -559.1999999970529416, -0.3617191825147290651, 351.1079676401662937 ) ) ;
#1364 = DIRECTION ( 'NONE',  ( 0.000000000000000000, -1.000000000000000000, 0.000000000000000000 ) ) ;
#1365 = ORIENTED_EDGE ( 'NONE', *, *, #297, .T. ) ;
#1366 = CARTESIAN_POINT ( 'NONE',  ( -579.9999999970527824, -4.352006386214562816, 404.0986377003519578 ) ) ;
#1367 = CARTESIAN_POINT ( 'NONE',  ( -435.4743328402603311, -5.532140754632251856, 365.5716859483566736 ) ) ;
#1368 = CARTESIAN_POINT ( 'NONE',  ( -480.2199652581858800, -0.2416517423649890139, 357.1610728292513954 ) ) ;
#1369 = CARTESIAN_POINT ( 'NONE',  ( -193.3333333323509464, 11.04918357943839347, 232.1668332515077964 ) ) ;
#1370 = CARTESIAN_POINT ( 'NONE',  ( -193.3333333323509464, 16.09404880310246000, 262.3418053606099534 ) ) ;
#1371 = CARTESIAN_POINT ( 'NONE',  ( -193.3333333323510885, -6.914820130816956123, 341.8730961291019526 ) ) ;
#1372 = EDGE_CURVE ( 'NONE', #552, #925, #762, .T. ) ;
#1373 = CARTESIAN_POINT ( 'NONE',  ( -326.6525368444425226, -0.8992766999560095620, 368.9088682680691704 ) ) ;
#1374 = CARTESIAN_POINT ( 'NONE',  ( -559.1999999970531690, -4.383968364865325817, 353.4870044797801256 ) ) ;
#1375 = ORIENTED_EDGE ( 'NONE', *, *, #427, .F. ) ;
#1376 = CARTESIAN_POINT ( 'NONE',  ( -386.6666666647018360, -5.188915455063127347, 422.9413900255781300 ) ) ;
#1377 = CARTESIAN_POINT ( 'NONE',  ( -438.6884655501044108, -5.517168687714240960, 365.3158376608873823 ) ) ;
#1378 = COLOUR_RGB ( '',0.7921568627450980005, 0.8196078431372548767, 0.9333333333333333481 ) ;
#1379 = CARTESIAN_POINT ( 'NONE',  ( -310.8370945548289797, -5.105230871675871640, 372.1734734625423471 ) ) ;
#1380 = CARTESIAN_POINT ( 'NONE',  ( -193.3333333323509464, 16.09404880310246000, 262.3418053606099534 ) ) ;
#1381 = CARTESIAN_POINT ( 'NONE',  ( -386.6666666647018928, -2.925017541545449351E-11, 225.5133111311280913 ) ) ;
#1382 = CARTESIAN_POINT ( 'NONE',  ( -386.6666666647022339, -5.954441073316516508, 336.9066955511404444 ) ) ;
#1383 = EDGE_CURVE ( 'NONE', #876, #256, #228, .T. ) ;
#1384 = CARTESIAN_POINT ( 'NONE',  ( -470.8186956389457123, -0.5368552040734986264, 357.8727540651363483 ) ) ;
#1385 = ORIENTED_EDGE ( 'NONE', *, *, #1072, .T. ) ;
#1386 = CARTESIAN_POINT ( 'NONE',  ( -386.6666666647020634, -6.083877520582038123, 315.6127975168557214 ) ) ;
#1387 = CARTESIAN_POINT ( 'NONE',  ( -321.1731477524517118, -6.065304753829051876, 374.5734555851419714 ) ) ;
#1388 = CARTESIAN_POINT ( 'NONE',  ( -310.8370945548290365, -2.322957378786875360, 370.2673156398580545 ) ) ;
#1389 = CARTESIAN_POINT ( 'NONE',  ( 0.000000000000000000, 15.96968430992112076, 237.4560550978058870 ) ) ;
#1390 = CARTESIAN_POINT ( 'NONE',  ( 0.000000000000000000, -7.630794817724408041, 387.2858327702766701 ) ) ;
#1391 = CARTESIAN_POINT ( 'NONE',  ( -434.6790184036431697, -0.6017770857493976999, 360.6396883734611833 ) ) ;
#1392 = VERTEX_POINT ( 'NONE', #522 ) ;
#1393 = CARTESIAN_POINT ( 'NONE',  ( -193.3333333323509464, -7.154764304304089606, 292.9608285418079276 ) ) ;
#1394 = CARTESIAN_POINT ( 'NONE',  ( -526.0278020183220633, -5.136848854104852258, 353.6466304570576540 ) ) ;
#1395 = EDGE_CURVE ( 'NONE', #238, #533, #931, .T. ) ;
#1396 = CARTESIAN_POINT ( 'NONE',  ( -398.4706361839132001, -0.4525244813900559659, 363.4222429396670577 ) ) ;
#1397 = CARTESIAN_POINT ( 'NONE',  ( -193.3333333323509464, 5.584419357608983780, 218.1071289435755602 ) ) ;
#1398 = CARTESIAN_POINT ( 'NONE',  ( 0.000000000000000000, -8.138682956222996978, 278.0087147673945651 ) ) ;
#1399 = CARTESIAN_POINT ( 'NONE',  ( -460.2784189884300190, -0.2930910051561943508, 358.6881899666634581 ) ) ;
#1400 = APPLICATION_CONTEXT ( 'automotive_design' ) ;
#1401 = ORIENTED_EDGE ( 'NONE', *, *, #188, .F. ) ;
#1402 = CARTESIAN_POINT ( 'NONE',  ( 0.000000000000000000, -1.924238009432647001, 200.1133443086088732 ) ) ;
#1403 = DIRECTION ( 'NONE',  ( 0.000000000000000000, -1.000000000000000000, 0.000000000000000000 ) ) ;
#1404 = CARTESIAN_POINT ( 'NONE',  ( -411.9793256192907052, 5.143008214931106714, 362.3768994592815034 ) ) ;
#1405 = AXIS2_PLACEMENT_3D ( 'NONE', #1551, #1021, #743 ) ;
#1406 = CARTESIAN_POINT ( 'NONE',  ( 0.000000000000000000, 17.29793299244946070, 246.4975142672712138 ) ) ;
#1407 = CARTESIAN_POINT ( 'NONE',  ( -386.6666666647022339, -5.677728190836611510, 385.5240380374953020 ) ) ;
#1408 = VECTOR ( 'NONE', #1316, 1000.000000000000114 ) ;
#1409 = ORIENTED_EDGE ( 'NONE', *, *, #700, .F. ) ;
#1410 = CARTESIAN_POINT ( 'NONE',  ( -386.6666666647018928, -5.079293524304736351, 244.4817092322057874 ) ) ;
#1411 = ORIENTED_EDGE ( 'NONE', *, *, #319, .F. ) ;
#1412 = CARTESIAN_POINT ( 'NONE',  ( -457.5961454963983215, 5.165899840907004936, 358.8849886512912235 ) ) ;
#1413 = CARTESIAN_POINT ( 'NONE',  ( -193.3333333323510885, 13.87615993987009766, 323.4795464500552384 ) ) ;
#1414 = FACE_OUTER_BOUND ( 'NONE', #1606, .T. ) ;
#1415 = EDGE_CURVE ( 'NONE', #345, #799, #372, .T. ) ;
#1416 = ORIENTED_EDGE ( 'NONE', *, *, #869, .F. ) ;
#1417 = CARTESIAN_POINT ( 'NONE',  ( -386.6666666647020634, -6.133868915404450561, 305.0780289475609379 ) ) ;
#1418 = CARTESIAN_POINT ( 'NONE',  ( -531.2324601222520641, -0.1128987454910731769, 367.6903486563381307 ) ) ;
#1419 = CARTESIAN_POINT ( 'NONE',  ( -309.3473242107097576, -0.9728150752378467159, 370.2332515127735064 ) ) ;
#1420 = CARTESIAN_POINT ( 'NONE',  ( -386.6666666647018928, 7.495775076190865249, 350.2880176456091590 ) ) ;
#1421 = CARTESIAN_POINT ( 'NONE',  ( -386.6666666647018928, -3.915872789727388614, 234.1898982628685246 ) ) ;
#1422 = ORIENTED_EDGE ( 'NONE', *, *, #144, .T. ) ;
#1423 = CARTESIAN_POINT ( 'NONE',  ( -386.6666666647018928, -2.925017541545449351E-11, 225.5133111311280913 ) ) ;
#1424 = CARTESIAN_POINT ( 'NONE',  ( -550.0764019348380316, 0.07249377611625658357, 351.8245993502072224 ) ) ;
#1425 = CARTESIAN_POINT ( 'NONE',  ( -515.0425829057619467, 4.240660843951971515, 360.0392096149489021 ) ) ;
#1426 = ORIENTED_EDGE ( 'NONE', *, *, #1595, .F. ) ;
#1427 = CARTESIAN_POINT ( 'NONE',  ( -193.3333333323509748, -3.838522145386324969, 429.4299400882140958 ) ) ;
#1428 = CARTESIAN_POINT ( 'NONE',  ( -386.6666666647018928, 4.294679108437772008, 369.1716850739566667 ) ) ;
#1429 = CARTESIAN_POINT ( 'NONE',  ( -579.9999999970527824, -0.3259142469249645679, 238.5046831896317201 ) ) ;
#1430 = DIRECTION ( 'NONE',  ( 0.9970796596427952130, -0.002571963139560323828, 0.07632520771158345096 ) ) ;
#1431 = CARTESIAN_POINT ( 'NONE',  ( -530.1340156836820370, -0.1128987454910726079, 353.3407433321731901 ) ) ;
#1432 = CARTESIAN_POINT ( 'NONE',  ( -531.2324601222520641, -0.1128987454910731769, 367.6903486563381307 ) ) ;
#1433 = EDGE_CURVE ( 'NONE', #87, #320, #709, .T. ) ;
#1434 = CARTESIAN_POINT ( 'NONE',  ( -514.6188872614909542, 5.193604624499879030, 354.5199686913999813 ) ) ;
#1435 = ORIENTED_EDGE ( 'NONE', *, *, #596, .T. ) ;
#1436 = CARTESIAN_POINT ( 'NONE',  ( 0.000000000000000000, -4.371643211507932669, 446.5568535484148924 ) ) ;
#1437 = B_SPLINE_CURVE_WITH_KNOTS ( 'NONE', 3,
 ( #318, #1255, #445, #1515, #227, #370, #1523 ),
 .UNSPECIFIED., .F., .F.,
 ( 4, 3, 4 ),
 ( 0.001231959450564179851, 0.009400000003592923203, 0.02123195985642219175 ),
 .UNSPECIFIED. ) ;
#1438 = CARTESIAN_POINT ( 'NONE',  ( -579.9999999970530098, -2.772280013143109123, 395.1761131678124457 ) ) ;
#1439 = CARTESIAN_POINT ( 'NONE',  ( -193.3333333323510317, -5.303512489585234135, 228.0014150919552662 ) ) ;
#1440 = CARTESIAN_POINT ( 'NONE',  ( -310.8370945548291502, 4.052644616121345855, 376.1087982770621920 ) ) ;
#1441 = CARTESIAN_POINT ( 'NONE',  ( -542.1465110705288453, -0.08191271805334918166, 352.4220072235202679 ) ) ;
#1442 = CARTESIAN_POINT ( 'NONE',  ( -372.6488518017099523, 4.100061312745208575, 371.3041005828976040 ) ) ;
#1443 = PLANE ( 'NONE',  #924 ) ;
#1444 = ORIENTED_EDGE ( 'NONE', *, *, #1562, .T. ) ;
#1445 = CARTESIAN_POINT ( 'NONE',  ( -193.3333333323509748, 12.29171122513588976, 334.7391500830804603 ) ) ;
#1446 = EDGE_CURVE ( 'NONE', #345, #1477, #889, .T. ) ;
#1447 = CARTESIAN_POINT ( 'NONE',  ( -579.9999999970532372, -3.437469927314833029, 398.5678462214043520 ) ) ;
#1448 = CARTESIAN_POINT ( 'NONE',  ( -579.9999999970530098, -89.00000000000000000, 398.5133111311291714 ) ) ;
#1449 = CARTESIAN_POINT ( 'NONE',  ( -540.2934635159581376, -0.3769720901968046101, 352.5546118244200215 ) ) ;
#1450 = LINE ( 'NONE', #103, #423 ) ;
#1451 = CARTESIAN_POINT ( 'NONE',  ( -332.3679715185592158, -0.2230441000128167428, 368.5233262092784230 ) ) ;
#1452 = ORIENTED_EDGE ( 'NONE', *, *, #919, .F. ) ;
#1453 = CARTESIAN_POINT ( 'NONE',  ( -386.6666666647022339, -2.348547368065704966, 407.1102233377395692 ) ) ;
#1454 = CARTESIAN_POINT ( 'NONE',  ( 0.000000000000000000, -6.223998622485594545, 456.3664685701571671 ) ) ;
#1455 = CARTESIAN_POINT ( 'NONE',  ( -193.3333333323510317, 1.893688306988295489, 213.4642146367242788 ) ) ;
#1456 = CARTESIAN_POINT ( 'NONE',  ( -449.6844366015615151, 10.00000000000000000, 366.8891410819445014 ) ) ;
#1457 = VECTOR ( 'NONE', #681, 1000.000000000000000 ) ;
#1458 = DIRECTION ( 'NONE',  ( 0.000000000000000000, -1.000000000000000000, 0.000000000000000000 ) ) ;
#1459 = CARTESIAN_POINT ( 'NONE',  ( -310.8370945548288660, 3.666604273282049409, 378.3380135275172620 ) ) ;
#1460 = ORIENTED_EDGE ( 'NONE', *, *, #976, .F. ) ;
#1461 = CARTESIAN_POINT ( 'NONE',  ( -579.9999999970532372, -1.969755189242207161, 390.8208460070080719 ) ) ;
#1462 = CARTESIAN_POINT ( 'NONE',  ( -193.3333333323509180, -6.025824523911690989, 441.7841423508043022 ) ) ;
#1463 = CARTESIAN_POINT ( 'NONE',  ( 0.000000000000000000, 4.196968758149082213, 202.6130197730023212 ) ) ;
#1464 = CARTESIAN_POINT ( 'NONE',  ( -481.3184499533627445, 0.1583482576350110083, 371.5112040483970759 ) ) ;
#1465 = ADVANCED_FACE ( 'NONE', ( #912 ), #1707, .T. ) ;
#1466 = CARTESIAN_POINT ( 'NONE',  ( -559.1999999970530553, -4.507080794450030403, 400.5215869932083592 ) ) ;
#1467 = CARTESIAN_POINT ( 'NONE',  ( -392.9716446739785169, 4.119547703202233180, 369.7012281424298408 ) ) ;
#1468 = DIRECTION ( 'NONE',  ( -0.9970796596427955460, 0.002571963139560260077, -0.07632520771158048112 ) ) ;
#1469 = VERTEX_POINT ( 'NONE', #1582 ) ;
#1470 = CARTESIAN_POINT ( 'NONE',  ( 0.000000000000000000, -7.169037781342534998, 446.3294496812645775 ) ) ;
#1471 = CARTESIAN_POINT ( 'NONE',  ( -193.3333333323509464, 5.584419357608983780, 218.1071289435755602 ) ) ;
#1472 = B_SPLINE_CURVE_WITH_KNOTS ( 'NONE', 3,
 ( #1363, #11, #1621, #426, #561, #948, #1374, #1091, #280, #1101 ),
 .UNSPECIFIED., .F., .F.,
 ( 4, 2, 2, 2, 4 ),
 ( 0.000000000000000000, 0.2499999999999998890, 0.4999999999999997780, 0.7499999999999998890, 1.000000000000000000 ),
 .UNSPECIFIED. ) ;
#1473 = DIRECTION ( 'NONE',  ( 0.002564460613766937624, 0.9999966924973345828, 0.0001963062701369854132 ) ) ;
#1474 = CARTESIAN_POINT ( 'NONE',  ( -485.3324394757364075, -4.821231025732330977, 407.6536273194406590 ) ) ;
#1475 = CARTESIAN_POINT ( 'NONE',  ( -371.8014620226611555, 4.099275703840691953, 371.3707731241735814 ) ) ;
#1476 = CARTESIAN_POINT ( 'NONE',  ( -337.7974791372338927, -0.2090388744862274328, 368.1085622591880337 ) ) ;
#1477 = VERTEX_POINT ( 'NONE', #381 ) ;
#1478 = CARTESIAN_POINT ( 'NONE',  ( 0.000000000000000000, -6.762496706386333045, 458.2302927968000859 ) ) ;
#1479 = DIRECTION ( 'NONE',  ( 0.07632546015824470675, 0.000000000000000000, -0.9970829574973349985 ) ) ;
#1480 = CARTESIAN_POINT ( 'NONE',  ( -452.6844366015615719, -5.400859056437544936, 373.8891410819445014 ) ) ;
#1481 = AXIS2_PLACEMENT_3D ( 'NONE', #1716, #1177, #121 ) ;
#1482 = DIRECTION ( 'NONE',  ( 0.07632546015824470675, 0.000000000000000000, -0.9970829574973348874 ) ) ;
#1483 = CARTESIAN_POINT ( 'NONE',  ( -389.1681757453156933, -0.6577677576245702928, 364.1230646142898877 ) ) ;
#1484 = ADVANCED_FACE ( 'NONE', ( #360 ), #1589, .F. ) ;
#1485 = CARTESIAN_POINT ( 'NONE',  ( -550.0790475707359519, 0.3385405173001321821, 351.8591607987753491 ) ) ;
#1486 = AXIS2_PLACEMENT_3D ( 'NONE', #1448, #1704, #511 ) ;
#1487 = ORIENTED_EDGE ( 'NONE', *, *, #689, .T. ) ;
#1488 = ORIENTED_EDGE ( 'NONE', *, *, #144, .F. ) ;
#1489 = CARTESIAN_POINT ( 'NONE',  ( 0.000000000000000000, -7.314032143735950342, 439.3289523860927375 ) ) ;
#1490 = EDGE_CURVE ( 'NONE', #1093, #1336, #536, .T. ) ;
#1491 = CARTESIAN_POINT ( 'NONE',  ( -390.4230437872686252, -0.4732832648213154969, 364.0385301046093787 ) ) ;
#1492 = CARTESIAN_POINT ( 'NONE',  ( -410.3663443032929763, -0.1545987641650334310, 362.5343296853398556 ) ) ;
#1493 = CARTESIAN_POINT ( 'NONE',  ( -411.4628465916175628, -0.02184400203011015867, 376.8585635946876664 ) ) ;
#1494 = CARTESIAN_POINT ( 'NONE',  ( -310.8370945548289797, -5.564543559531689887, 424.5014537256827793 ) ) ;
#1495 = CARTESIAN_POINT ( 'NONE',  ( -551.1740533151079262, 0.3385405173001321821, 366.1638445021064854 ) ) ;
#1496 = LINE ( 'NONE', #281, #278 ) ;
#1497 = EDGE_LOOP ( 'NONE', ( #724, #1680, #860, #1272 ) ) ;
#1498 = CARTESIAN_POINT ( 'NONE',  ( -579.9999999970532372, -4.761979561952836448, 372.7162503368264197 ) ) ;
#1499 = CARTESIAN_POINT ( 'NONE',  ( -480.7851828123787641, -5.321096167679273847, 361.9653423117685520 ) ) ;
#1500 = CARTESIAN_POINT ( 'NONE',  ( -310.8370945548289797, -3.569441386359324397, 370.8376202919063758 ) ) ;
#1501 = CARTESIAN_POINT ( 'NONE',  ( -193.3333333323510885, 7.477695866475672304, 221.8680221566752095 ) ) ;
#1502 = EDGE_CURVE ( 'NONE', #4, #1169, #1015, .T. ) ;
#1503 = FACE_BOUND ( 'NONE', #575, .T. ) ;
#1504 = CARTESIAN_POINT ( 'NONE',  ( -579.9999999970528961, -5.011717794592429165, 272.9486295801441429 ) ) ;
#1505 = CARTESIAN_POINT ( 'NONE',  ( -395.5582103575222277, -0.6840457851846550863, 363.6351811211430913 ) ) ;
#1506 = CARTESIAN_POINT ( 'NONE',  ( -320.7497691269892925, -0.8650683465709900766, 369.3604085375525869 ) ) ;
#1507 = ORIENTED_EDGE ( 'NONE', *, *, #427, .T. ) ;
#1508 = CARTESIAN_POINT ( 'NONE',  ( -386.6666666647018360, -5.176508820950278533, 419.6790967410228177 ) ) ;
#1509 = CARTESIAN_POINT ( 'NONE',  ( -435.9309010791687342, -5.530013932929066733, 365.5353459339586948 ) ) ;
#1510 = CARTESIAN_POINT ( 'NONE',  ( -449.6844366015614014, -5.441112462404679384, 369.0264344605439533 ) ) ;
#1511 = CARTESIAN_POINT ( 'NONE',  ( -386.6666666647018928, 12.07468432340812825, 254.2018341394958725 ) ) ;
#1512 = CARTESIAN_POINT ( 'NONE',  ( -579.9999999970531235, 2.661510109830854454, 240.4789931181246629 ) ) ;
#1513 = CARTESIAN_POINT ( 'NONE',  ( -579.9999999970532372, -4.599044283111842546, 259.9049248138404096 ) ) ;
#1514 = B_SPLINE_CURVE_WITH_KNOTS ( 'NONE', 3,
 ( #439, #1527, #1258, #312, #696, #838, #972, #1113, #52, #1377, #1355, #1509, #1367, #35, #305, #161, #717, #44, #603, #1241, #180, #706, #1642, #855, #726, #593, #1121, #322, #1132, #1659, #464, #998, #1534, #433, #1653, #420 ),
 .UNSPECIFIED., .F., .F.,
 ( 4, 2, 2, 2, 1, 1, 1, 1, 1, 1, 1, 1, 1, 2, 2, 2, 1, 1, 1, 1, 1, 1, 1, 2, 2, 4 ),
 ( 0.000000000000000000, 0.2500000000000074385, 0.3750000000000108247, 0.4375000000000124900, 0.4687500000000137113, 0.4843750000000147660, 0.4921875000000156541, 0.4960937500000157097, 0.4980468750000157652, 0.4990234375000157097, 0.4995117187500157652, 0.4997558593750153211, 0.4998779296875155431, 0.4999389648437656541, 0.5000000000000157652, 0.6250000000000550671, 0.6875000000000742739, 0.7187500000000839329, 0.7343750000000883738, 0.7421875000000902611, 0.7460937500000908162, 0.7480468750000910383, 0.7490234375000915934, 0.7495117187500914824, 0.7500000000000913714, 1.000000000000000000 ),
 .UNSPECIFIED. ) ;
#1515 = CARTESIAN_POINT ( 'NONE',  ( -541.9347131807614915, 0.3175326186633317116, 352.4806609912895397 ) ) ;
#1516 = VERTEX_POINT ( 'NONE', #665 ) ;
#1517 = CARTESIAN_POINT ( 'NONE',  ( 0.000000000000000000, -7.252290758643901825, 233.2460157265796568 ) ) ;
#1518 = CARTESIAN_POINT ( 'NONE',  ( -514.9885987893653692, -5.161675211259338703, 359.2745370263084510 ) ) ;
#1519 = LINE ( 'NONE', #323, #1009 ) ;
#1520 = CARTESIAN_POINT ( 'NONE',  ( -579.9999999970530098, 10.12718433015163200, 262.5747236603409078 ) ) ;
#1521 = CARTESIAN_POINT ( 'NONE',  ( -579.9999999970531235, -5.102621935511616691, 314.0808441813599075 ) ) ;
#1522 = EDGE_CURVE ( 'NONE', #552, #1145, #1602, .T. ) ;
#1523 = CARTESIAN_POINT ( 'NONE',  ( -530.1371529853333868, 0.2871012545089257628, 353.3817276905081712 ) ) ;
#1524 = B_SPLINE_CURVE_WITH_KNOTS ( 'NONE', 3,
 ( #843, #279, #1074, #156, #823, #932, #701, #1082, #1604, #542, #425 ),
 .UNSPECIFIED., .F., .F.,
 ( 4, 1, 1, 1, 1, 1, 1, 1, 4 ),
 ( 0.001252420457972650003, 0.004574255865360732018, 0.009068838483553992927, 0.01437598206817462289, 0.02043368894706893216, 0.02715445677231690530, 0.03444068445073615592, 0.04219310672468849083, 0.04583835084420138234 ),
 .UNSPECIFIED. ) ;
#1525 = ORIENTED_EDGE ( 'NONE', *, *, #613, .T. ) ;
#1526 = CARTESIAN_POINT ( 'NONE',  ( -386.6666666647018928, -1.454917083900565400, 225.9669964426877300 ) ) ;
#1527 = CARTESIAN_POINT ( 'NONE',  ( -534.4561370402793727, -5.070921812608817802, 357.7471103173961637 ) ) ;
#1528 = CARTESIAN_POINT ( 'NONE',  ( -449.6844366015614014, -5.428885014884403226, 371.3597454270879439 ) ) ;
#1529 = CARTESIAN_POINT ( 'NONE',  ( -579.9999999970528961, -2.452747206727057261E-11, 238.5133111311282619 ) ) ;
#1530 = CARTESIAN_POINT ( 'NONE',  ( -579.9999999970528961, -5.167355906338058524, 296.6145897423936049 ) ) ;
#1531 = DIRECTION ( 'NONE',  ( 0.07632546015824470675, 0.000000000000000000, -0.9970829574973348874 ) ) ;
#1532 = VERTEX_POINT ( 'NONE', #353 ) ;
#1533 = CARTESIAN_POINT ( 'NONE',  ( -193.3333333323508896, -6.993783717568672564, 329.5149428003301182 ) ) ;
#1534 = CARTESIAN_POINT ( 'NONE',  ( -372.9718809715028556, -5.823446442441786886, 370.5302121774639659 ) ) ;
#1535 = CARTESIAN_POINT ( 'NONE',  ( -548.8314546812825938, 5.209779721794534524, 351.9010392132252036 ) ) ;
#1536 = CARTESIAN_POINT ( 'NONE',  ( -386.6666666647020634, 14.37424184543503181, 276.2848736422494653 ) ) ;
#1537 = CARTESIAN_POINT ( 'NONE',  ( -579.9999999970531235, -5.144550325250647482, 305.2452058889440423 ) ) ;
#1538 = CARTESIAN_POINT ( 'NONE',  ( -579.9999999970528961, 11.62353847066273715, 274.5007389497849886 ) ) ;
#1539 = EDGE_LOOP ( 'NONE', ( #50, #1284, #1031, #149 ) ) ;
#1540 = CARTESIAN_POINT ( 'NONE',  ( -193.3333333323510317, -7.146172102861043207, 281.4362150807652938 ) ) ;
#1541 = CARTESIAN_POINT ( 'NONE',  ( -502.4804018839609512, -0.4536139257254906409, 355.4491547034601808 ) ) ;
#1542 = CARTESIAN_POINT ( 'NONE',  ( -320.7477321670387482, 5.095215728397165300, 369.3605644636016336 ) ) ;
#1543 = EDGE_CURVE ( 'NONE', #552, #1239, #1524, .T. ) ;
#1544 = AXIS2_PLACEMENT_3D ( 'NONE', #6, #285, #578 ) ;
#1545 = CARTESIAN_POINT ( 'NONE',  ( 0.000000000000000000, 5.680038312985622895, 389.5123884482915173 ) ) ;
#1546 = CARTESIAN_POINT ( 'NONE',  ( -559.1999999970524868, 4.270617815216453117, 356.6193674239398206 ) ) ;
#1547 = AXIS2_PLACEMENT_3D ( 'NONE', #396, #1713, #1479 ) ;
#1548 = ORIENTED_EDGE ( 'NONE', *, *, #727, .T. ) ;
#1549 = CARTESIAN_POINT ( 'NONE',  ( 0.000000000000000000, -8.138682956222996978, 278.0087147673945651 ) ) ;
#1550 = ORIENTED_EDGE ( 'NONE', *, *, #262, .T. ) ;
#1551 = CARTESIAN_POINT ( 'NONE',  ( -461.3768567605068824, -0.09309100515619438132, 373.0377082026287212 ) ) ;
#1552 = CARTESIAN_POINT ( 'NONE',  ( -579.9999999970531235, 1.086029542440168250, 373.4542763322207293 ) ) ;
#1553 = CARTESIAN_POINT ( 'NONE',  ( -321.6656500370165190, -0.6534755244864366430, 383.7324272952099022 ) ) ;
#1554 = VERTEX_POINT ( 'NONE', #560 ) ;
#1555 = CARTESIAN_POINT ( 'NONE',  ( -310.8370945548290365, -4.566840338916176023, 424.5014537256828930 ) ) ;
#1556 = VERTEX_POINT ( 'NONE', #288 ) ;
#1557 = CARTESIAN_POINT ( 'NONE',  ( -452.6844366015615151, 10.00000000000000000, 373.8891410819445014 ) ) ;
#1558 = ORIENTED_EDGE ( 'NONE', *, *, #795, .F. ) ;
#1559 = CARTESIAN_POINT ( 'NONE',  ( -386.6666666647022339, 5.886350116970718638, 359.8738835282833293 ) ) ;
#1560 = CARTESIAN_POINT ( 'NONE',  ( -310.8370945548290365, -4.566840338916176023, 424.5014537256828930 ) ) ;
#1561 = CARTESIAN_POINT ( 'NONE',  ( -452.8329758433866346, -0.5678159338224015862, 359.2497427777353209 ) ) ;
#1562 = EDGE_CURVE ( 'NONE', #1111, #1649, #947, .T. ) ;
#1563 = CARTESIAN_POINT ( 'NONE',  ( -390.4230437872686252, -0.4732832648213154969, 364.0385301046093787 ) ) ;
#1564 = ORIENTED_EDGE ( 'NONE', *, *, #1665, .F. ) ;
#1565 = CARTESIAN_POINT ( 'NONE',  ( -559.1999999970531690, -4.787669259141781097, 387.0276016011966362 ) ) ;
#1566 = ORIENTED_EDGE ( 'NONE', *, *, #667, .T. ) ;
#1567 = CARTESIAN_POINT ( 'NONE',  ( -386.6666666647022339, 11.94894084339834173, 321.0677719607929816 ) ) ;
#1568 = CARTESIAN_POINT ( 'NONE',  ( -193.3333333323509180, -1.480112654933182004, 416.3527847794970853 ) ) ;
#1569 = CARTESIAN_POINT ( 'NONE',  ( -386.6666666647018928, -2.246864576404122182, 227.8533115235983360 ) ) ;
#1570 = CARTESIAN_POINT ( 'NONE',  ( -449.6844366015615151, 2.672314815528561649, 373.8891410819444445 ) ) ;
#1571 = AXIS2_PLACEMENT_3D ( 'NONE', #680, #261, #1603 ) ;
#1572 = EDGE_CURVE ( 'NONE', #1584, #892, #958, .T. ) ;
#1573 = CARTESIAN_POINT ( 'NONE',  ( -502.4804018839609512, -0.4536139257254906409, 355.4491547034601808 ) ) ;
#1574 = LINE ( 'NONE', #1736, #1652 ) ;
#1575 = CARTESIAN_POINT ( 'NONE',  ( -559.1999999970530553, -4.543570532827327035, 399.3539872011509715 ) ) ;
#1576 = ORIENTED_EDGE ( 'NONE', *, *, #1717, .F. ) ;
#1577 = CARTESIAN_POINT ( 'NONE',  ( -579.9999999970532372, 10.02172174692658935, 318.6559974715308385 ) ) ;
#1578 = CARTESIAN_POINT ( 'NONE',  ( -579.9999999970528961, 11.66426790245968981, 302.8719718620156414 ) ) ;
#1579 = CARTESIAN_POINT ( 'NONE',  ( -193.3333333323509748, -2.609256555373887121, 215.2307251790193448 ) ) ;
#1580 = CARTESIAN_POINT ( 'NONE',  ( 0.000000000000000000, 0.000000000000000000, 0.000000000000000000 ) ) ;
#1581 =( BOUNDED_SURFACE ( )  B_SPLINE_SURFACE ( 2, 3, ( 
 ( #835, #22, #1506, #702, #1227, #1483, #1631, #969, #147, #301, #844, #1613, #1221, #1651 ),
 ( #17, #566, #1626, #448, #734, #1095, #1250, #981, #172, #456, #1394, #577, #431, #189 ),
 ( #293, #1231, #1387, #27, #829, #963, #847, #585, #1499, #1518, #152, #1104, #1634, #988 ) ),
 .UNSPECIFIED., .F., .F., .F. ) 
 B_SPLINE_SURFACE_WITH_KNOTS ( ( 3, 3 ),
 ( 4, 2, 2, 2, 2, 2, 4 ),
 ( 0.000000000000000000, 1.000000000000000000 ),
 ( -0.01290677298368452311, 0.02140261761306656851, 0.05571200820981766361, 0.1243307894033198469, 0.1929495705968220509, 0.2272589611935731391, 0.2615683517903242272 ),
 .UNSPECIFIED. ) 
 GEOMETRIC_REPRESENTATION_ITEM ( )  RATIONAL_B_SPLINE_SURFACE ( (
 ( 1.000000000000000000, 1.000000000000000000, 1.000000000000000000, 1.000000000000000000, 1.000000000000000000, 1.000000000000000000, 1.000000000000000000, 1.000000000000000000, 1.000000000000000000, 1.000000000000000000, 1.000000000000000000, 1.000000000000000000, 1.000000000000000000, 1.000000000000000000),
 ( 0.7050868343751742762, 0.7050832106973614621, 0.7050794809797348295, 0.7050715442407334832, 0.7050673697301256260, 0.7050543121951829972, 0.7050448927232636498, 0.7050251262180030620, 0.7050148195176271226, 0.7049994835250136260, 0.7049943800653816206, 0.7049842732105205956, 0.7049793033628130035, 0.7049742971573369488),
 ( 1.000000000000000000, 1.000000000000000000, 1.000000000000000000, 1.000000000000000000, 1.000000000000000000, 1.000000000000000000, 1.000000000000000000, 1.000000000000000000, 1.000000000000000000, 1.000000000000000000, 1.000000000000000000, 1.000000000000000000, 1.000000000000000000, 1.000000000000000000) ) ) 
 REPRESENTATION_ITEM ( '' )  SURFACE ( )  );
#1582 = CARTESIAN_POINT ( 'NONE',  ( -310.8370945548289797, -5.564543559531689887, 424.5014537256827793 ) ) ;
#1583 = CARTESIAN_POINT ( 'NONE',  ( -390.4263541468752123, -0.07328326482131657105, 364.0817752175782971 ) ) ;
#1584 = VERTEX_POINT ( 'NONE', #804 ) ;
#1585 = CARTESIAN_POINT ( 'NONE',  ( -386.6666666647018928, 10.58455155675147097, 330.7635623173570139 ) ) ;
#1586 = CARTESIAN_POINT ( 'NONE',  ( -579.9999999970532372, -4.690623640227411073, 385.3875012641357216 ) ) ;
#1587 = CARTESIAN_POINT ( 'NONE',  ( -386.6666666647019497, 0.5029398384553279699, 225.5266254785185254 ) ) ;
#1588 = CARTESIAN_POINT ( 'NONE',  ( -461.3768567605068824, -0.2930910051561943508, 373.0377082026287212 ) ) ;
#1589 = PLANE ( 'NONE',  #110 ) ;
#1590 = CARTESIAN_POINT ( 'NONE',  ( -372.8506058168717914, 4.100248777016524571, 371.2882240885014085 ) ) ;
#1591 = EDGE_LOOP ( 'NONE', ( #197, #1615, #365, #437 ) ) ;
#1592 = CARTESIAN_POINT ( 'NONE',  ( -579.9999999970530098, -2.772280013143109123, 395.1761131678124457 ) ) ;
#1593 = CARTESIAN_POINT ( 'NONE',  ( -579.9999999970533509, -4.179541867572799774, 402.5918904233845410 ) ) ;
#1594 = CARTESIAN_POINT ( 'NONE',  ( -193.3333333323510317, 3.685149208709673108, 215.2350108880431208 ) ) ;
#1595 = EDGE_CURVE ( 'NONE', #1469, #925, #1127, .T. ) ;
#1596 = CARTESIAN_POINT ( 'NONE',  ( -530.1340156836820370, -0.1128987454910726079, 353.3407433321731901 ) ) ;
#1597 = CARTESIAN_POINT ( 'NONE',  ( -406.5341411526122215, -0.6600257445566762859, 362.7947521601807352 ) ) ;
#1598 = PLANE ( 'NONE',  #1481 ) ;
#1599 = ORIENTED_EDGE ( 'NONE', *, *, #1049, .T. ) ;
#1600 = CARTESIAN_POINT ( 'NONE',  ( 0.000000000000000000, 9.913730116561376704, 364.5373084075129100 ) ) ;
#1601 = DIRECTION ( 'NONE',  ( -0.002564460613766883414, -0.9999966924973345828, -0.0001963062701369812932 ) ) ;
#1602 = B_SPLINE_CURVE_WITH_KNOTS ( 'NONE', 3,
 ( #1307, #648, #786, #112, #513, #656, #1324, #120, #1019, #1555 ),
 .UNSPECIFIED., .F., .F.,
 ( 4, 3, 3, 4 ),
 ( 0.02089691551138608827, 0.07517480872498329136, 0.2255244261772972325, 0.2704170324787977253 ),
 .UNSPECIFIED. ) ;
#1603 = DIRECTION ( 'NONE',  ( -0.9999967117653473236, 0.002564460663179154998, 0.000000000000000000 ) ) ;
#1604 = CARTESIAN_POINT ( 'NONE',  ( -559.1999999970526005, 3.421593743717649794, 361.5625519449519629 ) ) ;
#1605 = CARTESIAN_POINT ( 'NONE',  ( -470.9321479685722807, 4.200757269539609595, 363.5106974495225813 ) ) ;
#1606 = EDGE_LOOP ( 'NONE', ( #1137, #1460, #1435, #1139 ) ) ;
#1607 = CARTESIAN_POINT ( 'NONE',  ( -193.3333333323510885, -4.759549676635348447, 434.1261621060937728 ) ) ;
#1608 = CARTESIAN_POINT ( 'NONE',  ( -531.2324601222520641, -0.1128987454910731769, 367.6903486563381307 ) ) ;
#1609 = DIRECTION ( 'NONE',  ( 0.07632546015824470675, 0.000000000000000000, -0.9970829574973348874 ) ) ;
#1610 = EDGE_CURVE ( 'NONE', #525, #282, #968, .T. ) ;
#1611 = EDGE_CURVE ( 'NONE', #583, #4, #413, .T. ) ;
#1612 = CARTESIAN_POINT ( 'NONE',  ( -358.6924518899053851, -0.7811690695064336110, 366.4573163052435234 ) ) ;
#1613 = CARTESIAN_POINT ( 'NONE',  ( -548.8117223758558794, -0.3024014590074112774, 351.9025496949954572 ) ) ;
#1614 = CARTESIAN_POINT ( 'NONE',  ( -320.5672849051885578, -0.6534755244864364210, 369.3838580001875584 ) ) ;
#1615 = ORIENTED_EDGE ( 'NONE', *, *, #939, .F. ) ;
#1616 = CARTESIAN_POINT ( 'NONE',  ( -193.3333333323509464, -6.422087301610666543, 423.0834801110592025 ) ) ;
#1617 = CARTESIAN_POINT ( 'NONE',  ( -395.7881061359989872, -0.4594440758663027591, 363.6276818006834333 ) ) ;
#1618 = CARTESIAN_POINT ( 'NONE',  ( -310.8370945548289228, -6.113663193997986411, 375.3638235433062391 ) ) ;
#1619 = CARTESIAN_POINT ( 'NONE',  ( -559.1999999970530553, -4.507080794450030403, 400.5215869932083592 ) ) ;
#1620 = CARTESIAN_POINT ( 'NONE',  ( -406.6230205043230512, -0.6598383396663581868, 362.7879464887391805 ) ) ;
#1621 = CARTESIAN_POINT ( 'NONE',  ( -559.1999999970530553, -1.571423718416971926, 351.2546339907102038 ) ) ;
#1622 = EDGE_CURVE ( 'NONE', #775, #1178, #1437, .T. ) ;
#1623 = DIRECTION ( 'NONE',  ( 0.9970796596427955460, -0.002571963139560316889, 0.07632520771158048112 ) ) ;
#1624 = VECTOR ( 'NONE', #1047, 1000.000000000000000 ) ;
#1625 = CARTESIAN_POINT ( 'NONE',  ( -579.9999999970532372, -4.411656509256205005, 398.4873859567278487 ) ) ;
#1626 = CARTESIAN_POINT ( 'NONE',  ( -320.7741572245834050, -6.095251828304014907, 369.3585416607187994 ) ) ;
#1627 = CARTESIAN_POINT ( 'NONE',  ( -406.3999343964014770, -0.4320708284818853828, 362.8149658677860430 ) ) ;
#1628 = CARTESIAN_POINT ( 'NONE',  ( -386.6666666647020634, 8.022921245373382249, 237.6224616886818808 ) ) ;
#1629 = CARTESIAN_POINT ( 'NONE',  ( -193.3333333323510317, 9.316921043030340854, 226.5755206670815198 ) ) ;
#1630 = CARTESIAN_POINT ( 'NONE',  ( -356.9791367513673208, -0.7865374288624676913, 366.5884356594409610 ) ) ;
#1631 = CARTESIAN_POINT ( 'NONE',  ( -411.9744584521548632, -0.6203295172847388406, 362.3772720410546526 ) ) ;
#1632 = ORIENTED_EDGE ( 'NONE', *, *, #1334, .F. ) ;
#1633 = CARTESIAN_POINT ( 'NONE',  ( 0.000000000000000000, -7.565368802876977661, 399.6270695293106314 ) ) ;
#1634 = CARTESIAN_POINT ( 'NONE',  ( -560.5974122184875341, -4.948837202485906417, 355.7424416836402088 ) ) ;
#1635 = CARTESIAN_POINT ( 'NONE',  ( -310.8370945548289797, -4.384545097672402747, 371.4367059879224939 ) ) ;
#1636 = CARTESIAN_POINT ( 'NONE',  ( -386.6666666647022339, 13.07897365269360890, 261.0380848239540228 ) ) ;
#1637 = CARTESIAN_POINT ( 'NONE',  ( -193.3333333323508896, 16.91444032200661951, 281.1003418505097784 ) ) ;
#1638 = CARTESIAN_POINT ( 'NONE',  ( -386.6666666647018928, -5.775366431396394162, 258.4073362631827990 ) ) ;
#1639 = CARTESIAN_POINT ( 'NONE',  ( -454.3214646196585704, -0.5652345509921545830, 359.1357833748629105 ) ) ;
#1640 = ORIENTED_EDGE ( 'NONE', *, *, #814, .T. ) ;
#1641 = CARTESIAN_POINT ( 'NONE',  ( -579.9999999970528961, -4.797582901793369992, 365.4155641104702568 ) ) ;
#1642 = CARTESIAN_POINT ( 'NONE',  ( -398.1127703009805145, -5.706223145438721112, 368.5419461293027439 ) ) ;
#1643 = LINE ( 'NONE', #982, #49 ) ;
#1644 = CARTESIAN_POINT ( 'NONE',  ( -386.6666666647022339, 10.87555325742401635, 247.9818409266538879 ) ) ;
#1645 = CARTESIAN_POINT ( 'NONE',  ( 0.000000000000000000, 12.58377223271067891, 221.8964532117458361 ) ) ;
#1646 = ADVANCED_FACE ( 'NONE', ( #994 ), #1246, .F. ) ;
#1647 = CARTESIAN_POINT ( 'NONE',  ( -386.6666666647022339, -5.592650226285882376, 400.6320236277662730 ) ) ;
#1648 = CARTESIAN_POINT ( 'NONE',  ( -486.7890025327749299, -0.4971581488344329891, 356.6503109886486982 ) ) ;
#1649 = VERTEX_POINT ( 'NONE', #1399 ) ;
#1650 = CARTESIAN_POINT ( 'NONE',  ( 0.000000000000000000, -8.112506095712058496, 304.7436750647945587 ) ) ;
#1651 = CARTESIAN_POINT ( 'NONE',  ( -571.6176841632346850, -0.1957162327722132555, 350.1567816877455925 ) ) ;
#1652 = VECTOR ( 'NONE', #657, 1000.000000000000114 ) ;
#1653 = CARTESIAN_POINT ( 'NONE',  ( -331.5569812742200497, -6.016744453395353354, 373.7755279529426957 ) ) ;
#1654 = CARTESIAN_POINT ( 'NONE',  ( -579.9999999970531235, 12.05585114077850406, 281.0960369820363098 ) ) ;
#1655 = CARTESIAN_POINT ( 'NONE',  ( 0.000000000000000000, -8.148468503287105591, 291.1339479415150890 ) ) ;
#1656 = PLANE ( 'NONE',  #927 ) ;
#1657 = ORIENTED_EDGE ( 'NONE', *, *, #1610, .T. ) ;
#1658 = CARTESIAN_POINT ( 'NONE',  ( -579.9999999970530098, -1.884472597434357466, 240.4758978681773272 ) ) ;
#1659 = CARTESIAN_POINT ( 'NONE',  ( -373.2019472718017710, -5.822373315777921832, 370.5120778810074853 ) ) ;
#1660 = CARTESIAN_POINT ( 'NONE',  ( -548.8350772529101960, -0.3664963631240841790, 351.9007619082074712 ) ) ;
#1661 = CARTESIAN_POINT ( 'NONE',  ( -193.3333333323510885, 15.18845332257153480, 253.7677995456126325 ) ) ;
#1662 = B_SPLINE_CURVE_WITH_KNOTS ( 'NONE', 3,
 ( #1199, #1208, #287, #1190, #1359, #1073, #521 ),
 .UNSPECIFIED., .F., .F.,
 ( 4, 3, 4 ),
 ( 0.001232427409292498029, 0.009400000000494639421, 0.02123242744864713843 ),
 .UNSPECIFIED. ) ;
#1663 = CARTESIAN_POINT ( 'NONE',  ( 0.000000000000000000, -7.875199188317395738, 346.8394967070635175 ) ) ;
#1664 = ADVANCED_FACE ( 'NONE', ( #600 ), #185, .F. ) ;
#1665 = EDGE_CURVE ( 'NONE', #1649, #545, #328, .T. ) ;
#1666 = VERTEX_POINT ( 'NONE', #1035 ) ;
#1667 = CARTESIAN_POINT ( 'NONE',  ( -193.3333333323510317, -7.079803176567100564, 270.4717163648858218 ) ) ;
#1668 = LINE ( 'NONE', #504, #336 ) ;
#1669 = CARTESIAN_POINT ( 'NONE',  ( -389.1766278708947766, -0.8218342383142458463, 364.1224176145900628 ) ) ;
#1670 = CARTESIAN_POINT ( 'NONE',  ( -386.6666666647018928, 10.58455155675147097, 330.7635623173570139 ) ) ;
#1671 = CARTESIAN_POINT ( 'NONE',  ( -193.3333333323509748, -6.706862923142622002, 250.7127431795906887 ) ) ;
#1672 = ORIENTED_EDGE ( 'NONE', *, *, #262, .F. ) ;
#1673 = CARTESIAN_POINT ( 'NONE',  ( -193.3333333323509464, -6.939266470113822471, 260.1927417165398992 ) ) ;
#1674 = CARTESIAN_POINT ( 'NONE',  ( -550.0790475707359519, 0.3385405173001321821, 351.8591607987753491 ) ) ;
#1675 = CARTESIAN_POINT ( 'NONE',  ( -321.2045607480429226, 4.058425437801826519, 375.3157003841396318 ) ) ;
#1676 = VECTOR ( 'NONE', #839, 1000.000000000000114 ) ;
#1677 = CARTESIAN_POINT ( 'NONE',  ( 0.000000000000000000, 7.785143742719109916, 377.2153418768251640 ) ) ;
#1678 = CARTESIAN_POINT ( 'NONE',  ( -452.6844366015615151, 10.00000000000000000, 0.000000000000000000 ) ) ;
#1679 = AXIS2_PLACEMENT_3D ( 'NONE', #82, #1696, #177 ) ;
#1680 = ORIENTED_EDGE ( 'NONE', *, *, #1173, .F. ) ;
#1681 = CARTESIAN_POINT ( 'NONE',  ( -31.07700578236147138, 0.000000000000000000, 405.9766265593992784 ) ) ;
#1682 = DIRECTION ( 'NONE',  ( 0.000000000000000000, -1.000000000000000000, 0.000000000000000000 ) ) ;
#1683 = CARTESIAN_POINT ( 'NONE',  ( -320.7515197690217974, -0.9667357612255684796, 369.3602745280825275 ) ) ;
#1684 = ORIENTED_EDGE ( 'NONE', *, *, #896, .F. ) ;
#1685 = EDGE_CURVE ( 'NONE', #807, #677, #1038, .T. ) ;
#1686 = CARTESIAN_POINT ( 'NONE',  ( -579.9999999970528961, 6.286797556005607746, 343.1633722646573688 ) ) ;
#1687 = DIRECTION ( 'NONE',  ( 0.07632546015824470675, 0.000000000000000000, -0.9970829574973348874 ) ) ;
#1688 = PLANE ( 'NONE',  #599 ) ;
#1689 = CARTESIAN_POINT ( 'NONE',  ( -449.6844366015615151, -5.452625237843740535, 366.8891410819445014 ) ) ;
#1690 = LINE ( 'NONE', #1418, #539 ) ;
#1691 = CARTESIAN_POINT ( 'NONE',  ( -559.1999999970531690, -4.860501483405659684, 374.0941916342846980 ) ) ;
#1692 = ORIENTED_EDGE ( 'NONE', *, *, #332, .F. ) ;
#1693 = CARTESIAN_POINT ( 'NONE',  ( 0.000000000000000000, 5.680038312985622895, 389.5123884482915173 ) ) ;
#1694 = CARTESIAN_POINT ( 'NONE',  ( -193.3333333323510317, 1.503725608321301310, 399.3537027180361179 ) ) ;
#1695 = CARTESIAN_POINT ( 'NONE',  ( -481.3184499533627445, 0.1583482576350110083, 371.5112040483970759 ) ) ;
#1696 = DIRECTION ( 'NONE',  ( 0.9970829574973348874, 0.000000000000000000, 0.07632546015824470675 ) ) ;
#1697 = ADVANCED_FACE ( 'NONE', ( #194 ), #1656, .T. ) ;
#1698 = DIRECTION ( 'NONE',  ( 0.9999967117653473236, -0.002564460663179109028, 0.000000000000000000 ) ) ;
#1699 = ORIENTED_EDGE ( 'NONE', *, *, #1415, .F. ) ;
#1700 = FACE_OUTER_BOUND ( 'NONE', #222, .T. ) ;
#1701 = EDGE_LOOP ( 'NONE', ( #1143, #1452, #1550, #761 ) ) ;
#1702 = CARTESIAN_POINT ( 'NONE',  ( -193.3333333323510317, 3.194756911386668286, 389.6578644352153447 ) ) ;
#1703 = CARTESIAN_POINT ( 'NONE',  ( -193.3333333323510885, 6.835746929844915165, 368.5446127025542182 ) ) ;
#1704 = DIRECTION ( 'NONE',  ( 0.09610480746706914768, 0.000000000000000000, -0.9953712201895922318 ) ) ;
#1705 = VECTOR ( 'NONE', #331, 1000.000000000000000 ) ;
#1706 = VECTOR ( 'NONE', #664, 1000.000000000000114 ) ;
#1707 = PLANE ( 'NONE',  #875 ) ;
#1708 = CARTESIAN_POINT ( 'NONE',  ( -372.7699043877597092, 4.100173777884813298, 371.2945747535961232 ) ) ;
#1709 = SURFACE_STYLE_FILL_AREA ( #391 ) ;
#1710 = VERTEX_POINT ( 'NONE', #1440 ) ;
#1711 = CARTESIAN_POINT ( 'NONE',  ( -193.3333333323510885, -0.06398327331131900553, 408.2906831791809736 ) ) ;
#1712 = CARTESIAN_POINT ( 'NONE',  ( -579.9999999970528961, -4.638197617360101610, 390.5925355609921894 ) ) ;
#1713 = DIRECTION ( 'NONE',  ( 0.9970829574973349985, 0.000000000000000000, 0.07632546015824470675 ) ) ;
#1714 = CARTESIAN_POINT ( 'NONE',  ( -452.6844366015615151, 3.040225031433292813, 371.5559723389691840 ) ) ;
#1715 = CARTESIAN_POINT ( 'NONE',  ( -551.1740533151079262, 0.1385405173001321155, 366.1638445021064854 ) ) ;
#1716 = CARTESIAN_POINT ( 'NONE',  ( -411.4628465916175628, -0.2218440020301102322, 376.8585635946876664 ) ) ;
#1717 = EDGE_CURVE ( 'NONE', #970, #1666, #327, .T. ) ;
#1718 = CARTESIAN_POINT ( 'NONE',  ( -324.5029054735136356, -0.2433317163948191530, 369.1239039869525413 ) ) ;
#1719 = ORIENTED_EDGE ( 'NONE', *, *, #1502, .F. ) ;
#1720 = CARTESIAN_POINT ( 'NONE',  ( 0.000000000000000000, 3.638467315049533468, 401.2609511280016932 ) ) ;
#1721 = B_SPLINE_CURVE_WITH_KNOTS ( 'NONE', 3,
 ( #1193, #1476, #1728, #1451, #375, #1718, #532 ),
 .UNSPECIFIED., .F., .F.,
 ( 4, 3, 4 ),
 ( 0.001231983041539046588, 0.009400000002247199324, 0.02123198337894251220 ),
 .UNSPECIFIED. ) ;
#1722 = CARTESIAN_POINT ( 'NONE',  ( -579.9999999970532372, -4.288441108073364205, 402.5788312642366691 ) ) ;
#1723 = DIRECTION ( 'NONE',  ( -1.850371707708592551E-14, 0.000000000000000000, -1.000000000000000000 ) ) ;
#1724 = UNCERTAINTY_MEASURE_WITH_UNIT (LENGTH_MEASURE( 1.000000000000000082E-05 ), #646, 'distance_accuracy_value', 'NONE');
#1725 = FACE_OUTER_BOUND ( 'NONE', #211, .T. ) ;
#1726 = CARTESIAN_POINT ( 'NONE',  ( -358.7410368881076579, -0.7810183428640715686, 366.4535980596899662 ) ) ;
#1727 = CARTESIAN_POINT ( 'NONE',  ( -372.8925922499501553, 4.100287808963139824, 371.2849199625916867 ) ) ;
#1728 = CARTESIAN_POINT ( 'NONE',  ( -335.0827273770171928, -0.2160414872616975568, 368.3159710650853071 ) ) ;
#1729 = ORIENTED_EDGE ( 'NONE', *, *, #1072, .F. ) ;
#1730 = CARTESIAN_POINT ( 'NONE',  ( 0.000000000000000000, 13.99887089352030856, 338.7147378488038498 ) ) ;
#1731 = CARTESIAN_POINT ( 'NONE',  ( -386.6666666647017792, -4.705967703391121582, 419.7200802417859222 ) ) ;
#1732 = CARTESIAN_POINT ( 'NONE',  ( -310.8370945548288660, -5.625793924880101216, 422.3710435361589361 ) ) ;
#1733 = CARTESIAN_POINT ( 'NONE',  ( -450.6844366004664266, -5.410999887683542120, 373.8891410819442740 ) ) ;
#1734 = VECTOR ( 'NONE', #941, 1000.000000000000114 ) ;
#1735 = CARTESIAN_POINT ( 'NONE',  ( -398.8148905744198487, -0.6766880344935362057, 363.3858227736865274 ) ) ;
#1736 = CARTESIAN_POINT ( 'NONE',  ( -481.3184499533627445, -0.2416517423649890139, 371.5112040483970759 ) ) ;
#1737 = ORIENTED_EDGE ( 'NONE', *, *, #58, .F. ) ;
#1738 = CARTESIAN_POINT ( 'NONE',  ( -579.9999999970532372, -4.690623640227411073, 385.3875012641357216 ) ) ;
#1739 = PLANE ( 'NONE',  #570 ) ;
#1740 = EDGE_CURVE ( 'NONE', #1111, #159, #582, .T. ) ;
#1741 = CARTESIAN_POINT ( 'NONE',  ( -460.2800550705420619, -0.02586358724829634220, 358.7095630391293071 ) ) ;
#1742 = ADVANCED_FACE ( 'NONE', ( #1157 ), #1688, .T. ) ;
ENDSEC;
END-ISO-10303-21;
