ISO-10303-21;
HEADER;
FILE_DESCRIPTION (( 'STEP AP214' ),
    '1' );
FILE_NAME ();
FILE_SCHEMA (( 'AUTOMOTIVE_DESIGN' ));
ENDSEC;

DATA;
#1 = EDGE_CURVE ( 'NONE', #4548, #4404, #2558, .T. ) ;
#2 = CARTESIAN_POINT ( 'NONE',  ( -4.123227328448976436, 41.40551599067007515, 127.2585722021537293 ) ) ;
#3 = CARTESIAN_POINT ( 'NONE',  ( 6.244008511223442248, 25.66205074593666069, 414.3400517412663362 ) ) ;
#4 = AXIS2_PLACEMENT_3D ( 'NONE', #7328, #1135, #6826 ) ;
#5 = CARTESIAN_POINT ( 'NONE',  ( 40.06951793268896012, 31.00380043259498208, 129.8163687809790190 ) ) ;
#6 = FACE_OUTER_BOUND ( 'NONE', #3676, .T. ) ;
#7 = FILL_AREA_STYLE_COLOUR ( '', #6226 ) ;
#8 = CARTESIAN_POINT ( 'NONE',  ( 2.545275847175162642, 43.81174109905075653, 207.4492525783996939 ) ) ;
#9 = LINE ( 'NONE', #6810, #3510 ) ;
#10 = AXIS2_PLACEMENT_3D ( 'NONE', #2281, #7797, #2915 ) ;
#11 = AXIS2_PLACEMENT_3D ( 'NONE', #1229, #6203, #1359 ) ;
#12 = CARTESIAN_POINT ( 'NONE',  ( -9.244463733058732095E-30, 44.59248601773754928, 125.6496688811247253 ) ) ;
#13 = CARTESIAN_POINT ( 'NONE',  ( 23.38038312808035002, 37.38833027712956891, 92.04395209074077400 ) ) ;
#14 = CARTESIAN_POINT ( 'NONE',  ( 14.62386776195215887, 28.69450102938866465, 48.31614504290687506 ) ) ;
#15 = ORIENTED_EDGE ( 'NONE', *, *, #3478, .T. ) ;
#16 = EDGE_CURVE ( 'NONE', #4331, #2638, #4328, .T. ) ;
#17 = CARTESIAN_POINT ( 'NONE',  ( 30.41893367302125739, 38.16323942644689993, 211.6566950666919809 ) ) ;
#18 = AXIS2_PLACEMENT_3D ( 'NONE', #4303, #6902, #5603 ) ;
#19 = VECTOR ( 'NONE', #6414, 1000.000000000000000 ) ;
#20 = CARTESIAN_POINT ( 'NONE',  ( 9.708764460554501596, 41.18113847250970139, 136.8515011655780711 ) ) ;
#21 = DIRECTION ( 'NONE',  ( -0.000000000000000000, 0.01047044308055727034, -0.9999451834084192026 ) ) ;
#22 = CARTESIAN_POINT ( 'NONE',  ( -0.4709684984625378545, 40.21920836791927201, 320.0003648965263210 ) ) ;
#23 = CARTESIAN_POINT ( 'NONE',  ( 0.000000000000000000, -7.286313120370254026, 550.2112436993119218 ) ) ;
#24 = CARTESIAN_POINT ( 'NONE',  ( -15.94736781607731757, 42.52846104286394535, 125.6496688811247253 ) ) ;
#25 = CARTESIAN_POINT ( 'NONE',  ( -12.54926442142181209, -19.83559714904187743, -65.17547834017919683 ) ) ;
#26 = CARTESIAN_POINT ( 'NONE',  ( 3.724962457618750111, 47.18288043310521829, 206.0722716283282807 ) ) ;
#27 = CARTESIAN_POINT ( 'NONE',  ( -3.066662445442881690, 46.97260807575818831, 190.1228816791381462 ) ) ;
#28 = CARTESIAN_POINT ( 'NONE',  ( -24.42457763064958698, 34.99061586222341447, 107.0985436117437075 ) ) ;
#29 = CARTESIAN_POINT ( 'NONE',  ( -36.54688249479138307, 25.80814246383812716, 57.68686684354113936 ) ) ;
#30 = EDGE_LOOP ( 'NONE', ( #896, #3482, #5139, #1476 ) ) ;
#31 = CARTESIAN_POINT ( 'NONE',  ( 0.3225118099333434407, 39.40992131878568472, 97.16646954961757388 ) ) ;
#32 = ORIENTED_EDGE ( 'NONE', *, *, #1703, .T. ) ;
#33 = CARTESIAN_POINT ( 'NONE',  ( 0.000000000000000000, 47.65165836710342973, 180.5788067618912009 ) ) ;
#34 = CARTESIAN_POINT ( 'NONE',  ( -0.4666624454429592617, 46.95419416596108420, 187.8683353890676244 ) ) ;
#35 = FILL_AREA_STYLE ('',( #730 ) ) ;
#37 = ORIENTED_EDGE ( 'NONE', *, *, #455, .T. ) ;
#36 = CARTESIAN_POINT ( 'NONE',  ( 10.02030171128411418, 39.97647637029416501, 121.6639760816225646 ) ) ;
#38 = CARTESIAN_POINT ( 'NONE',  ( -3.335770872489703276, -10.08423850523609744, -61.08048033209797012 ) ) ;
#39 = CARTESIAN_POINT ( 'NONE',  ( 0.000000000000000000, 11.73449225725467926, -28.51670946738130752 ) ) ;
#40 = DIRECTION ( 'NONE',  ( -0.000000000000000000, -0.000000000000000000, 1.000000000000000000 ) ) ;
#41 = PRESENTATION_STYLE_ASSIGNMENT (( #5632 ) ) ;
#42 = CARTESIAN_POINT ( 'NONE',  ( -5.765491611762167068, 28.00778354283583482, 34.47927601084473537 ) ) ;
#43 = CARTESIAN_POINT ( 'NONE',  ( 41.50725263636608986, 33.60784168247965908, 125.6496688811249101 ) ) ;
#44 = CARTESIAN_POINT ( 'NONE',  ( -71.97024598150451880, 26.91823370465814236, 148.0993287817699979 ) ) ;
#45 = CARTESIAN_POINT ( 'NONE',  ( 0.3354588427878761880, 41.95957481025243396, 126.2447140976799886 ) ) ;
#46 = CARTESIAN_POINT ( 'NONE',  ( 53.41671992373075284, 4.732634878479694329, 384.7797939231693363 ) ) ;
#47 = CARTESIAN_POINT ( 'NONE',  ( 4.540932884922366242, 37.10816328875227299, 84.71924361587539920 ) ) ;
#48 = CARTESIAN_POINT ( 'NONE',  ( 41.90827811962286376, 33.08644454833870441, 203.8986782126818866 ) ) ;
#49 = PRESENTATION_STYLE_ASSIGNMENT (( #5598 ) ) ;
#50 = DIRECTION ( 'NONE',  ( 1.000000000000000000, 0.000000000000000000, 0.000000000000000000 ) ) ;
#51 = DIRECTION ( 'NONE',  ( 0.000000000000000000, 0.9999862922474268556, -0.005235963831417927289 ) ) ;
#52 = CARTESIAN_POINT ( 'NONE',  ( 0.3906803196440752912, 33.83464652330572164, 58.10490640109080829 ) ) ;
#53 = DIRECTION ( 'NONE',  ( 1.000000000000000000, 0.000000000000000000, 0.000000000000000000 ) ) ;
#54 = CARTESIAN_POINT ( 'NONE',  ( 42.52189211563295856, 29.31880112443003483, 125.6496688811247253 ) ) ;
#56 = VERTEX_POINT ( 'NONE', #7871 ) ;
#55 = CARTESIAN_POINT ( 'NONE',  ( 79.05674022718464755, 18.70769894339281336, 112.5241708736267157 ) ) ;
#57 = CARTESIAN_POINT ( 'NONE',  ( 40.01105947518886552, 27.01723465665450874, 95.91382318229126724 ) ) ;
#58 = CARTESIAN_POINT ( 'NONE',  ( 7.597825448503313872, 43.42674291540041764, 194.4754690789062010 ) ) ;
#59 = CARTESIAN_POINT ( 'NONE',  ( -0.04148973073780413967, 43.05948923038551612, 144.9353303164845954 ) ) ;
#60 = CARTESIAN_POINT ( 'NONE',  ( 2.738624580876015457, 47.33671451172982358, 189.1901225586200326 ) ) ;
#61 = ADVANCED_FACE ( 'NONE', ( #2311 ), #7261, .T. ) ;
#62 = CARTESIAN_POINT ( 'NONE',  ( -0.9419369969250757091, 38.87366631406933948, 332.0309586039868464 ) ) ;
#63 = CARTESIAN_POINT ( 'NONE',  ( -59.99867422257567995, -10.69069057093173214, 448.1085652130877293 ) ) ;
#64 = CARTESIAN_POINT ( 'NONE',  ( 0.000000000000000000, 31.66512795048258866, 47.15714463483438834 ) ) ;
#65 = EDGE_CURVE ( 'NONE', #7303, #6056, #3362, .T. ) ;
#66 = CARTESIAN_POINT ( 'NONE',  ( 19.57372214606865057, 41.22380910052544323, 214.0493121098461700 ) ) ;
#67 = CARTESIAN_POINT ( 'NONE',  ( -45.95965009189017536, 27.17204488600939882, 125.6496688811247822 ) ) ;
#68 = CARTESIAN_POINT ( 'NONE',  ( 0.2392218212450824832, 37.71718286592287939, 83.61969254868513701 ) ) ;
#69 = CARTESIAN_POINT ( 'NONE',  ( 15.01387908070908495, 24.82202245978825061, 32.06501678705751601 ) ) ;
#70 = ORIENTED_EDGE ( 'NONE', *, *, #4961, .T. ) ;
#71 = CARTESIAN_POINT ( 'NONE',  ( -1.760686323158713096, 39.14723596962674890, 97.37217624362548918 ) ) ;
#72 = CARTESIAN_POINT ( 'NONE',  ( 0.5120851727837461009, 45.98408210575418309, 252.6190356612356140 ) ) ;
#73 = DIRECTION ( 'NONE',  ( 0.000000000000000000, 0.000000000000000000, -1.000000000000000000 ) ) ;
#75 = ORIENTED_EDGE ( 'NONE', *, *, #2006, .T. ) ;
#74 = CARTESIAN_POINT ( 'NONE',  ( -0.2126220090579013788, 41.94481570279709359, 126.2467817520552842 ) ) ;
#76 = CARTESIAN_POINT ( 'NONE',  ( -0.1501379593376144517, 40.51721415449662089, 109.1377108271473162 ) ) ;
#77 = CARTESIAN_POINT ( 'NONE',  ( -149.9999999999998579, 5.755319606443136671, 215.4903186742444916 ) ) ;
#78 = CARTESIAN_POINT ( 'NONE',  ( 54.82390645621840264, 12.55502082587985413, 233.5480463257898407 ) ) ;
#79 = CARTESIAN_POINT ( 'NONE',  ( -1.000000000000015987, 43.59248601773754928, 128.6496688811247111 ) ) ;
#80 = FILL_AREA_STYLE ('',( #3718 ) ) ;
#81 = CARTESIAN_POINT ( 'NONE',  ( -0.09057013437161072489, 26.56123351150784018, 24.52567651639011714 ) ) ;
#82 = CARTESIAN_POINT ( 'NONE',  ( 5.464712794159259701, 43.63577512894263322, 203.7777908858013518 ) ) ;
#83 = CARTESIAN_POINT ( 'NONE',  ( -9.807436444118158292, 40.62876169179015307, 130.0389650209259855 ) ) ;
#84 = CARTESIAN_POINT ( 'NONE',  ( -1.860595957264360667, 17.11377713728215255, 458.4002198587525072 ) ) ;
#85 = B_SPLINE_CURVE_WITH_KNOTS ( 'NONE', 3,
 ( #6196, #4374, #6841, #2393, #2428, #1263 ),
 .UNSPECIFIED., .F., .F.,
 ( 4, 2, 4 ),
 ( 0.000000000000000000, 0.0004710509434931037243, 0.0009421018869862074485 ),
 .UNSPECIFIED. ) ;
#86 = CARTESIAN_POINT ( 'NONE',  ( -0.3549297582790901240, 38.79227892575239167, 92.15871896648509676 ) ) ;
#87 = CARTESIAN_POINT ( 'NONE',  ( 2.010799431549816330, 45.06813054309728273, 125.6496688811247253 ) ) ;
#88 =( NAMED_UNIT ( * ) SI_UNIT ( $, .STERADIAN. ) SOLID_ANGLE_UNIT ( ) );
#89 = DIRECTION ( 'NONE',  ( 0.000000000000000000, 0.000000000000000000, -1.000000000000000000 ) ) ;
#90 = CARTESIAN_POINT ( 'NONE',  ( 3.066662445442872365, 43.81174109905075653, 205.8542147485813985 ) ) ;
#91 = CARTESIAN_POINT ( 'NONE',  ( 0.4504149277811642649, 35.26295757814943954, 66.60068310872956943 ) ) ;
#92 = CARTESIAN_POINT ( 'NONE',  ( -2.187377882989505196E-14, 43.63286535125890708, 158.6936551324427569 ) ) ;
#93 = CARTESIAN_POINT ( 'NONE',  ( -41.09671199417781651, 27.55073300459207886, 78.51866362504776475 ) ) ;
#95 = ORIENTED_EDGE ( 'NONE', *, *, #4368, .F. ) ;
#94 = CARTESIAN_POINT ( 'NONE',  ( -1.697371585504689362, 34.35707238260560814, 42.06053201340118619 ) ) ;
#96 = CARTESIAN_POINT ( 'NONE',  ( 16.73944204744508468, 31.54388102430580432, 66.76177681790949237 ) ) ;
#97 = CARTESIAN_POINT ( 'NONE',  ( 43.59137526254052375, 31.88959292633074938, 230.5737549319972857 ) ) ;
#98 = CARTESIAN_POINT ( 'NONE',  ( -0.3528222475403410829, 43.68457583545212231, 156.7864870279054799 ) ) ;
#99 = CARTESIAN_POINT ( 'NONE',  ( 0.8059102220312700515, 46.91356562052335022, 187.8683353890676244 ) ) ;
#100 = CARTESIAN_POINT ( 'NONE',  ( 5.873798239311764924, 35.98697079100605123, 353.7225482438468589 ) ) ;
#101 = CARTESIAN_POINT ( 'NONE',  ( 2.188606651473533393, -7.176475229997554273, 550.0807433445178276 ) ) ;
#102 = CARTESIAN_POINT ( 'NONE',  ( 0.000000000000000000, 45.30957078689160511, 125.6496679993297505 ) ) ;
#103 = CARTESIAN_POINT ( 'NONE',  ( -44.41188465525987539, 22.37346977414277305, 106.8014500770796786 ) ) ;
#104 = CARTESIAN_POINT ( 'NONE',  ( 12.56828236095124929, -24.59226084328281203, -70.07999748860358125 ) ) ;
#105 = CARTESIAN_POINT ( 'NONE',  ( -0.2474807676107990406, 37.65588921975236048, 83.62178270568747962 ) ) ;
#106 = EDGE_CURVE ( 'NONE', #7303, #1904, #1420, .T. ) ;
#107 = CARTESIAN_POINT ( 'NONE',  ( -0.3581938587357624271, 26.61312475623857665, 24.54915655884166981 ) ) ;
#108 = ORIENTED_EDGE ( 'NONE', *, *, #3230, .F. ) ;
#109 = CARTESIAN_POINT ( 'NONE',  ( -9.731406652878273889, 38.07028886344819085, 100.9879827381467550 ) ) ;
#110 = CARTESIAN_POINT ( 'NONE',  ( -44.49566077598581870, 36.56622561671095895, 287.9162384457418966 ) ) ;
#111 = CARTESIAN_POINT ( 'NONE',  ( -0.5149308928087797943, 47.42800047514611350, 209.0582023389947892 ) ) ;
#112 = CARTESIAN_POINT ( 'NONE',  ( -149.9999999999995737, 11.19476107030966361, 345.2779431210030907 ) ) ;
#114 = ORIENTED_EDGE ( 'NONE', *, *, #5813, .T. ) ;
#113 = CARTESIAN_POINT ( 'NONE',  ( 0.5251072579934633611, 41.85564172759753632, 126.2963091133993458 ) ) ;
#115 = EDGE_CURVE ( 'NONE', #7601, #1000, #1793, .T. ) ;
#116 = CARTESIAN_POINT ( 'NONE',  ( 5.424886368047245000, 39.80362645515501185, 110.6944373304881708 ) ) ;
#117 = CARTESIAN_POINT ( 'NONE',  ( -86.87707805841237985, -10.34748271511437778, 49.68820832564044565 ) ) ;
#118 = CARTESIAN_POINT ( 'NONE',  ( 51.70263860078125617, 19.26326618461806461, 258.1664659383015419 ) ) ;
#119 = DIRECTION ( 'NONE',  ( 1.000000000000000000, 0.000000000000000000, 0.000000000000000000 ) ) ;
#120 = CARTESIAN_POINT ( 'NONE',  ( 2.558717127065790464E-14, 44.18889621422121650, 187.8683353890677097 ) ) ;
#121 = CARTESIAN_POINT ( 'NONE',  ( -1.108269134256820276, 28.54514184272870381, 32.86534813575817537 ) ) ;
#122 = CARTESIAN_POINT ( 'NONE',  ( -2.883333089012468431, 37.06396331801435196, 58.55160058116674549 ) ) ;
#123 = CARTESIAN_POINT ( 'NONE',  ( -25.78828168197237858, 37.61596070762795563, 142.6486045512835403 ) ) ;
#124 = CARTESIAN_POINT ( 'NONE',  ( 11.87753674811280824, 22.01321616650771773, 424.9228753704809378 ) ) ;
#125 = CARTESIAN_POINT ( 'NONE',  ( 15.57167029504358169, 36.55550943615121895, 99.78381015679852339 ) ) ;
#126 = LINE ( 'NONE', #6849, #5976 ) ;
#127 = CARTESIAN_POINT ( 'NONE',  ( 0.4666624454429734725, 46.95419416596106998, 187.8683353890677097 ) ) ;
#128 = DIRECTION ( 'NONE',  ( 1.000000000000000000, 0.000000000000000000, 0.000000000000000000 ) ) ;
#129 = CARTESIAN_POINT ( 'NONE',  ( 3.732329755606725641, 47.23383139352144156, 190.4602416727404943 ) ) ;
#130 = CARTESIAN_POINT ( 'NONE',  ( -25.35669516727676154, 32.65163020582140518, 91.11841087081705837 ) ) ;
#131 = CARTESIAN_POINT ( 'NONE',  ( -7.500000000000000000, 30.94383900995039482, 41.54129512500486499 ) ) ;
#132 = AXIS2_PLACEMENT_3D ( 'NONE', #2796, #5143, #4627 ) ;
#133 = LINE ( 'NONE', #1928, #5308 ) ;
#135 = VERTEX_POINT ( 'NONE', #816 ) ;
#134 = CARTESIAN_POINT ( 'NONE',  ( 2.458911498200082146, 45.48680964656614378, 130.5876176261108412 ) ) ;
#136 = CARTESIAN_POINT ( 'NONE',  ( 0.02014054741968930584, 33.78355180341227992, 58.08835266015208987 ) ) ;
#137 = CARTESIAN_POINT ( 'NONE',  ( -0.001201592796515255903, 44.26589724314435159, 191.9308001831444983 ) ) ;
#138 = CARTESIAN_POINT ( 'NONE',  ( 47.96962267573668726, 29.97384643593921894, 199.1963173079336684 ) ) ;
#139 = LINE ( 'NONE', #3737, #3636 ) ;
#140 = CARTESIAN_POINT ( 'NONE',  ( -1.508952792909321161, 32.03446681347313785, 380.7825399960755135 ) ) ;
#141 = CARTESIAN_POINT ( 'NONE',  ( 0.000000000000000000, -1.100564968850144654, 529.4234485653213369 ) ) ;
#142 = AXIS2_PLACEMENT_3D ( 'NONE', #6525, #1026, #5918 ) ;
#143 = B_SPLINE_CURVE_WITH_KNOTS ( 'NONE', 3,
 ( #7656, #6428, #7771, #5862 ),
 .UNSPECIFIED., .F., .F.,
 ( 4, 4 ),
 ( 1.273929709481671919E-16, 0.003256908337452636779 ),
 .UNSPECIFIED. ) ;
#144 = PLANE ( 'NONE',  #1978 ) ;
#145 = FACE_OUTER_BOUND ( 'NONE', #7867, .T. ) ;
#146 = PLANE ( 'NONE',  #5177 ) ;
#147 = FACE_OUTER_BOUND ( 'NONE', #4725, .T. ) ;
#148 = CARTESIAN_POINT ( 'NONE',  ( 0.02796149366515352647, 38.75120466875830516, 92.15516021251154655 ) ) ;
#149 = VECTOR ( 'NONE', #6290, 1000.000000000000000 ) ;
#150 = CARTESIAN_POINT ( 'NONE',  ( 3.459930792703080460, 26.18539333677794545, 25.15619017196766904 ) ) ;
#151 = CARTESIAN_POINT ( 'NONE',  ( 7.360212911360955346, 43.11468769387151667, 171.1063659873060487 ) ) ;
#152 = ORIENTED_EDGE ( 'NONE', *, *, #3431, .F. ) ;
#153 = CARTESIAN_POINT ( 'NONE',  ( -43.58731321629617383, 30.89019186809917272, 154.8862915911788036 ) ) ;
#154 = CARTESIAN_POINT ( 'NONE',  ( -6.814411576723173880, 46.50797352682411656, 230.8815100217026668 ) ) ;
#155 = AXIS2_PLACEMENT_3D ( 'NONE', #5987, #1164, #3623 ) ;
#156 = EDGE_CURVE ( 'NONE', #1380, #2271, #4010, .T. ) ;
#157 = VECTOR ( 'NONE', #459, 1000.000000000000000 ) ;
#158 = CARTESIAN_POINT ( 'NONE',  ( 1.573448402819587994E-14, 43.59248601773754928, 125.6496688811247253 ) ) ;
#159 = CARTESIAN_POINT ( 'NONE',  ( -11.71431998126018570, 42.49824773669521960, 173.2936462161062821 ) ) ;
#160 = ORIENTED_EDGE ( 'NONE', *, *, #7457, .F. ) ;
#161 = CARTESIAN_POINT ( 'NONE',  ( 7.692507920686440848, 39.49254611251041069, 111.8420866802362355 ) ) ;
#162 = CARTESIAN_POINT ( 'NONE',  ( -150.0000000000000284, 4.861445216433631700, 214.0141223977753668 ) ) ;
#163 = ADVANCED_FACE ( 'NONE', ( #647 ), #6975, .T. ) ;
#164 = CARTESIAN_POINT ( 'NONE',  ( 2.118442031774400380, 47.29959511757637358, 208.6372626023914165 ) ) ;
#165 = LINE ( 'NONE', #2631, #6728 ) ;
#166 = CARTESIAN_POINT ( 'NONE',  ( -0.07084121361005546458, 28.66665573525931876, 32.81682349647370955 ) ) ;
#167 = CARTESIAN_POINT ( 'NONE',  ( -55.14185912003974011, 11.14502422987850849, 230.0543043816361433 ) ) ;
#168 = EDGE_CURVE ( 'NONE', #5807, #7319, #4881, .T. ) ;
#169 = CARTESIAN_POINT ( 'NONE',  ( -7.466661567294751833, 40.33463097243587470, 120.3369681867920633 ) ) ;
#170 = CARTESIAN_POINT ( 'NONE',  ( 7.045124004950711338, 2.314038226187245861, 514.4354252516325232 ) ) ;
#172 = ORIENTED_EDGE ( 'NONE', *, *, #1247, .T. ) ;
#171 = CARTESIAN_POINT ( 'NONE',  ( 8.079400087720337353, 36.63239043754605717, 86.52003872132418394 ) ) ;
#173 = CARTESIAN_POINT ( 'NONE',  ( 48.52681315502102422, 29.53151081757130214, 190.6864334827553193 ) ) ;
#174 = EDGE_LOOP ( 'NONE', ( #2756, #4741, #7296, #5845 ) ) ;
#175 = CARTESIAN_POINT ( 'NONE',  ( 0.000000000000000000, -14.90059978858783118, -66.09690123838019815 ) ) ;
#176 = CARTESIAN_POINT ( 'NONE',  ( -0.2761831496301277444, 43.96161530316136634, 168.6271196106334571 ) ) ;
#177 = CARTESIAN_POINT ( 'NONE',  ( 5.365594633102893418, 35.48855973461484581, 74.69223106444187010 ) ) ;
#178 = CARTESIAN_POINT ( 'NONE',  ( -2.532199516153666341, 43.93690962258846611, 188.8781666888399400 ) ) ;
#179 = CARTESIAN_POINT ( 'NONE',  ( 0.3558425432335389771, 35.25114586686122209, 66.59531299716346098 ) ) ;
#180 = CARTESIAN_POINT ( 'NONE',  ( 2.998894493888452750, 43.86679528997784416, 189.7831963936988871 ) ) ;
#181 = DIRECTION ( 'NONE',  ( 0.000000000000000000, 1.000000000000000000, 0.000000000000000000 ) ) ;
#183 = ORIENTED_EDGE ( 'NONE', *, *, #3026, .T. ) ;
#182 = CARTESIAN_POINT ( 'NONE',  ( 53.35623814217884586, 16.83228722618856921, 246.4189050667629601 ) ) ;
#184 = CARTESIAN_POINT ( 'NONE',  ( 8.139746238113815480, 32.76137610394444977, 61.03656975722113032 ) ) ;
#185 = CARTESIAN_POINT ( 'NONE',  ( -0.3385639373840689803, 44.29706358365112351, 191.8960409178246493 ) ) ;
#186 = CARTESIAN_POINT ( 'NONE',  ( -5.552931951528575105, 41.76666801463584022, 134.7183559850048198 ) ) ;
#187 = CARTESIAN_POINT ( 'NONE',  ( 0.4859927378846110035, 43.59137232154521513, 156.8591426683015300 ) ) ;
#188 = DIRECTION ( 'NONE',  ( 1.000000000000000000, 0.000000000000000000, 0.000000000000000000 ) ) ;
#189 = CARTESIAN_POINT ( 'NONE',  ( -1.649037557037112522, 25.94552207819153722, 415.5304132493203042 ) ) ;
#190 = CARTESIAN_POINT ( 'NONE',  ( 43.95965009189017536, 30.33988575092048379, 128.6496688811247111 ) ) ;
#191 = CARTESIAN_POINT ( 'NONE',  ( 0.000000000000000000, 47.59157158847357749, 185.0209684332918698 ) ) ;
#192 = CARTESIAN_POINT ( 'NONE',  ( 2.799917590529235500, 11.95000122839068979, -28.37908123879857314 ) ) ;
#193 = CARTESIAN_POINT ( 'NONE',  ( 4.123227328448976436, 41.40551599067007515, 127.2585722021537293 ) ) ;
#194 = CARTESIAN_POINT ( 'NONE',  ( -150.0000000000000284, -5.251527702307162926, 440.0305525103657374 ) ) ;
#195 = CARTESIAN_POINT ( 'NONE',  ( -3.753933132969278219, 38.26949863141258845, 92.96853088926474129 ) ) ;
#196 = CARTESIAN_POINT ( 'NONE',  ( -0.2604121596019364770, 26.60184716012330952, 24.54191772071763111 ) ) ;
#197 = CARTESIAN_POINT ( 'NONE',  ( 16.76434281188835484, 41.58976069461469649, 176.5718149905979999 ) ) ;
#198 = EDGE_LOOP ( 'NONE', ( #8019, #3288, #7164, #2715 ) ) ;
#199 = CARTESIAN_POINT ( 'NONE',  ( -3.362370875184828911, 35.74621096889720206, 73.81020559031094308 ) ) ;
#200 = ORIENTED_EDGE ( 'NONE', *, *, #7150, .T. ) ;
#201 = CARTESIAN_POINT ( 'NONE',  ( -1.661913757546996440, 42.51371960543011141, 298.3404751548967511 ) ) ;
#202 = CARTESIAN_POINT ( 'NONE',  ( -2.136484934230006516, 47.39155136932022572, 187.6663499464511915 ) ) ;
#203 = CARTESIAN_POINT ( 'NONE',  ( -3.396911279242939674, 47.20074302215701323, 207.2824214982994704 ) ) ;
#204 = CARTESIAN_POINT ( 'NONE',  ( -150.0000000000001421, 9.607543969010292173, 355.1325008380466102 ) ) ;
#205 = CARTESIAN_POINT ( 'NONE',  ( -5.804819271328046426, 42.34023700195427153, 146.7212310534232813 ) ) ;
#206 = CARTESIAN_POINT ( 'NONE',  ( 8.585531190083736774, 39.36709858055004219, 112.3150258973065831 ) ) ;
#207 = CARTESIAN_POINT ( 'NONE',  ( -0.000000000000000000, -8.574914396861032628, -59.59239050809556204 ) ) ;
#208 = FACE_OUTER_BOUND ( 'NONE', #4245, .T. ) ;
#209 = CARTESIAN_POINT ( 'NONE',  ( 5.102092788816026570, 30.44891475224538979, 45.44168840462474179 ) ) ;
#210 = CARTESIAN_POINT ( 'NONE',  ( -7.329948777003390425, 27.82164798002742501, 35.34288592551288133 ) ) ;
#211 = CARTESIAN_POINT ( 'NONE',  ( 0.000000000000000000, 43.71089409265118064, 105.2394046492437667 ) ) ;
#212 = CARTESIAN_POINT ( 'NONE',  ( -29.73712020590043181, 36.12391037977941011, 138.5632841076340753 ) ) ;
#213 = ADVANCED_FACE ( 'NONE', ( #3102 ), #1342, .T. ) ;
#215 = VERTEX_POINT ( 'NONE', #3793 ) ;
#214 = CARTESIAN_POINT ( 'NONE',  ( -0.2070790909860803219, 39.67830780441817495, 100.6874278746588232 ) ) ;
#216 = ORIENTED_EDGE ( 'NONE', *, *, #5213, .T. ) ;
#217 = CARTESIAN_POINT ( 'NONE',  ( -1.913171683458406047, -24.72062763175912892, -76.21716178040844625 ) ) ;
#218 = CARTESIAN_POINT ( 'NONE',  ( 49.70139164902880680, 25.74410530878407144, 135.0338371913161666 ) ) ;
#219 = CARTESIAN_POINT ( 'NONE',  ( -0.8087640766215772326, 44.11018225537815596, 187.8683353890677381 ) ) ;
#220 = CARTESIAN_POINT ( 'NONE',  ( -1.373849086664542307, 35.03505954953718060, 66.68942503318184833 ) ) ;
#221 = CARTESIAN_POINT ( 'NONE',  ( 2.063807534392927412, 43.86679528997784416, 188.3875547825298895 ) ) ;
#222 = DIRECTION ( 'NONE',  ( 0.000000000000000000, 1.000000000000000000, 0.000000000000000000 ) ) ;
#224 = ORIENTED_EDGE ( 'NONE', *, *, #2192, .T. ) ;
#223 = CARTESIAN_POINT ( 'NONE',  ( -0.4745308580082530092, 42.53815482386927016, 298.1606671052002184 ) ) ;
#225 = CARTESIAN_POINT ( 'NONE',  ( 1.373849086664542307, 35.03505954953718060, 66.68942503318184833 ) ) ;
#226 = CARTESIAN_POINT ( 'NONE',  ( 6.018456004071335741, 43.58952814580221968, 205.2936149475100649 ) ) ;
#227 = MANIFOLD_SOLID_BREP ( 'Lustro1[1]', #1828 ) ;
#228 = CARTESIAN_POINT ( 'NONE',  ( 5.391161752328090806, 42.39496714226764595, 146.5282425022909081 ) ) ;
#229 = CARTESIAN_POINT ( 'NONE',  ( 1.000000000000015987, 43.59248601773754928, 128.6496688811247111 ) ) ;
#230 = CARTESIAN_POINT ( 'NONE',  ( -33.19673034732964112, 37.00442834235989409, 215.2823083864317937 ) ) ;
#231 = CARTESIAN_POINT ( 'NONE',  ( 149.9999999999999716, 1.632909915346569596, 401.7829050630052166 ) ) ;
#232 = CARTESIAN_POINT ( 'NONE',  ( 2.195384728526888374, -9.905849853371190505, 558.8450598447288939 ) ) ;
#233 = CARTESIAN_POINT ( 'NONE',  ( 0.000000000000000000, 47.37507383608854639, 214.0493118915661057 ) ) ;
#234 = CARTESIAN_POINT ( 'NONE',  ( -86.34215386717033880, -3.295932708773868125, 58.85122590806797405 ) ) ;
#235 = DIRECTION ( 'NONE',  ( 0.000000000000000000, 1.000000000000000000, 0.000000000000000000 ) ) ;
#236 = CARTESIAN_POINT ( 'NONE',  ( 0.000000000000000000, 7.905339886619993095, -35.92712258355483357 ) ) ;
#237 = CARTESIAN_POINT ( 'NONE',  ( -5.348509771615744590, 35.76818667182016043, 76.56500884380204752 ) ) ;
#238 = CARTESIAN_POINT ( 'NONE',  ( -0.3070254829091967896, 26.60727815344696978, 24.54549647867787243 ) ) ;
#239 = ORIENTED_EDGE ( 'NONE', *, *, #4956, .F. ) ;
#240 = CARTESIAN_POINT ( 'NONE',  ( -42.93470249388735027, 29.46668913369164855, 128.8556232452298218 ) ) ;
#241 = CARTESIAN_POINT ( 'NONE',  ( -150.0000000000000000, 15.08964599839784171, 317.3683508197350989 ) ) ;
#242 = CARTESIAN_POINT ( 'NONE',  ( -7.499999999999998224, 29.03379387451078486, 41.35575714464881258 ) ) ;
#243 = CARTESIAN_POINT ( 'NONE',  ( 9.244463733058732095E-30, 42.59248601773754928, 125.6496688811247253 ) ) ;
#244 = CARTESIAN_POINT ( 'NONE',  ( 1.508952792909321161, 32.03446681347313785, 380.7825399960755135 ) ) ;
#245 = CARTESIAN_POINT ( 'NONE',  ( -7.599428944371006800, 42.70886925138730561, 159.4482148608910279 ) ) ;
#246 = CARTESIAN_POINT ( 'NONE',  ( -0.3811914140879481550, 41.67425747764188770, 121.1095438655142118 ) ) ;
#247 = CARTESIAN_POINT ( 'NONE',  ( -56.19787954467784630, 2.127072668286307255, 212.5857681456718353 ) ) ;
#248 = DIRECTION ( 'NONE',  ( -8.372497766808336842E-17, -0.9999862922474268556, 0.005235963831417927289 ) ) ;
#249 = CARTESIAN_POINT ( 'NONE',  ( -17.72707457433931921, 24.46443924589853935, 34.29796139183719816 ) ) ;
#250 = CARTESIAN_POINT ( 'NONE',  ( -50.87203371489453474, 19.93273469430910438, 264.0063586441475536 ) ) ;
#251 = CARTESIAN_POINT ( 'NONE',  ( 0.4439655160370833964, 41.36082759670246389, 117.7460695830646245 ) ) ;
#252 = ORIENTED_EDGE ( 'NONE', *, *, #7457, .T. ) ;
#253 = VERTEX_POINT ( 'NONE', #7708 ) ;
#254 = CARTESIAN_POINT ( 'NONE',  ( 56.47713021477131434, -8.444831254075669591, 200.0310506176295462 ) ) ;
#255 = CARTESIAN_POINT ( 'NONE',  ( 0.004228723418735343478, 36.16803281461151442, 73.21008920985013901 ) ) ;
#256 = DIRECTION ( 'NONE',  ( 1.000000000000000000, 0.000000000000000000, -0.000000000000000000 ) ) ;
#257 = CARTESIAN_POINT ( 'NONE',  ( -4.084096077758421650, 31.65839837102248211, 50.54227533361336810 ) ) ;
#258 = CARTESIAN_POINT ( 'NONE',  ( 44.81250244046290021, 35.43646158537394086, 199.9221742086323559 ) ) ;
#259 = EDGE_CURVE ( 'NONE', #1136, #828, #7898, .T. ) ;
#260 = CARTESIAN_POINT ( 'NONE',  ( -2.998894493888452750, 46.84802417386053719, 206.5337240110004586 ) ) ;
#262 = EDGE_LOOP ( 'NONE', ( #3735, #7891 ) ) ;
#261 = CARTESIAN_POINT ( 'NONE',  ( -1.153611605577076649, 47.71663046453083723, 204.9482023332519987 ) ) ;
#263 = CARTESIAN_POINT ( 'NONE',  ( -0.3860330341529862874, 36.49530443426625936, 75.11092721956512719 ) ) ;
#264 = CARTESIAN_POINT ( 'NONE',  ( -0.3873768681037053629, 44.03157203111737772, 168.5695492478749316 ) ) ;
#265 = CARTESIAN_POINT ( 'NONE',  ( -2.558717127065790464E-14, 44.18889621422121650, 187.8683353890677097 ) ) ;
#266 = CARTESIAN_POINT ( 'NONE',  ( -34.23856500085457810, 36.62500730406381422, 205.8168527458506958 ) ) ;
#267 = CARTESIAN_POINT ( 'NONE',  ( 0.000000000000000000, 17.01339730700182074, 458.4116318598639168 ) ) ;
#268 = CARTESIAN_POINT ( 'NONE',  ( -19.97235384300964967, 37.99866458490337351, 125.6496688811247537 ) ) ;
#269 = CARTESIAN_POINT ( 'NONE',  ( 0.000000000000000000, 110.3999999999999773, 208.4485850156316360 ) ) ;
#270 = EDGE_CURVE ( 'NONE', #7319, #2459, #538, .T. ) ;
#271 = CARTESIAN_POINT ( 'NONE',  ( 150.0000000000000568, 3.860833271709796399, 212.5989338358691612 ) ) ;
#272 = EDGE_CURVE ( 'NONE', #3831, #4331, #2665, .T. ) ;
#273 = CARTESIAN_POINT ( 'NONE',  ( -28.54701463307604214, 33.11044469884031116, 103.4922647541613969 ) ) ;
#274 = CARTESIAN_POINT ( 'NONE',  ( -0.1160156556131242689, 28.68881128849321982, 32.82331141324519308 ) ) ;
#275 = ORIENTED_EDGE ( 'NONE', *, *, #3870, .F. ) ;
#276 = CIRCLE ( 'NONE', #4790, 1.000000000000000888 ) ;
#277 = CARTESIAN_POINT ( 'NONE',  ( -2.301745195032053548, 37.65622154719689263, 85.49618751329903432 ) ) ;
#278 = CARTESIAN_POINT ( 'NONE',  ( -2.469858351745394476, 37.72654402396099016, 58.86823661618673498 ) ) ;
#279 = CARTESIAN_POINT ( 'NONE',  ( 0.000000000000000000, 41.02506332365900477, 312.7991820443241977 ) ) ;
#280 = CARTESIAN_POINT ( 'NONE',  ( 0.5246593421263852086, 47.55137746071891058, 187.2654246439283270 ) ) ;
#281 = CARTESIAN_POINT ( 'NONE',  ( 2.023479284963984437, 41.62386332947151146, 125.6496688811246401 ) ) ;
#282 = AXIS2_PLACEMENT_3D ( 'NONE', #2557, #1967, #1923 ) ;
#283 = CARTESIAN_POINT ( 'NONE',  ( 1.240397304842907111, 17.08031719385537528, 458.4040238591230150 ) ) ;
#284 = ORIENTED_EDGE ( 'NONE', *, *, #6403, .F. ) ;
#285 = CARTESIAN_POINT ( 'NONE',  ( 37.62307793873898021, 33.17182659013540302, 141.8431531143643838 ) ) ;
#286 = VECTOR ( 'NONE', #2411, 1000.000000000000000 ) ;
#287 = CARTESIAN_POINT ( 'NONE',  ( -150.0000000000000000, 9.270087174911674666, 223.2766782676432626 ) ) ;
#288 = COLOUR_RGB ( '',0.7921568627450980005, 0.8196078431372548767, 0.9333333333333333481 ) ;
#289 = CARTESIAN_POINT ( 'NONE',  ( 0.000000000000000000, 42.59248601773754928, 128.6496688811247111 ) ) ;
#290 = CARTESIAN_POINT ( 'NONE',  ( -8.987313621842972111, 25.55634881549594795, 28.06877013737214455 ) ) ;
#291 = CARTESIAN_POINT ( 'NONE',  ( -150.0000000000003126, 16.71071704159100690, 262.7461542768186291 ) ) ;
#293 = VERTEX_POINT ( 'NONE', #4082 ) ;
#292 = CARTESIAN_POINT ( 'NONE',  ( -0.03514524316456914266, 39.65685366519004873, 100.6883859298519042 ) ) ;
#294 = EDGE_LOOP ( 'NONE', ( #2307, #4133, #794, #2263, #6791, #6548 ) ) ;
#295 = CARTESIAN_POINT ( 'NONE',  ( 28.52649240996227320, -9.360615050134562409, -39.65852415072266979 ) ) ;
#296 = CARTESIAN_POINT ( 'NONE',  ( 7.352552566238724552, 35.22627711423200481, 75.71346787668852585 ) ) ;
#297 = DIRECTION ( 'NONE',  ( -1.000000000000000000, 0.000000000000000000, 0.000000000000000000 ) ) ;
#298 = CARTESIAN_POINT ( 'NONE',  ( -7.397051797667992368, 32.85896431121587113, 60.61987692104117542 ) ) ;
#299 = CARTESIAN_POINT ( 'NONE',  ( -3.066658432861729455, 46.58355838338255950, 206.1954729790534770 ) ) ;
#300 = LINE ( 'NONE', #5892, #6356 ) ;
#301 = CARTESIAN_POINT ( 'NONE',  ( 2.157746065596713780, 47.43923580062173784, 180.7376766213325539 ) ) ;
#302 = CARTESIAN_POINT ( 'NONE',  ( 3.218074973323464150, 34.80452880709191987, 67.14852522444445526 ) ) ;
#303 = CARTESIAN_POINT ( 'NONE',  ( 1.040117150238487609, 44.10370609580161272, 203.6437957224744935 ) ) ;
#304 = CARTESIAN_POINT ( 'NONE',  ( 45.95965009189017536, 27.65776224782523585, 125.6496688811247253 ) ) ;
#305 = CARTESIAN_POINT ( 'NONE',  ( -20.20022560788359201, 41.28411002899719051, 201.6758342554848582 ) ) ;
#306 = CARTESIAN_POINT ( 'NONE',  ( 52.26163914926329568, 6.411420321105841147, 377.3440233945722184 ) ) ;
#307 = CARTESIAN_POINT ( 'NONE',  ( -42.52189211563295856, 29.31880112443003483, 125.6496688811247253 ) ) ;
#308 = CARTESIAN_POINT ( 'NONE',  ( 1.355641585691400364, 47.46975728118010096, 187.3672312043333079 ) ) ;
#309 = CARTESIAN_POINT ( 'NONE',  ( 1.878238518609093521, 8.033333812045590605, -35.84821112819088995 ) ) ;
#310 = DIRECTION ( 'NONE',  ( -1.000000000000000000, 0.000000000000000000, 0.000000000000000000 ) ) ;
#311 = CARTESIAN_POINT ( 'NONE',  ( -0.9391192593045467607, 7.969336849332791850, -35.88766685587286531 ) ) ;
#312 = CARTESIAN_POINT ( 'NONE',  ( 0.006188961356528254604, 36.44759306521409314, 75.10049267077049251 ) ) ;
#313 = CARTESIAN_POINT ( 'NONE',  ( -0.3487962551904564279, 28.71654871783937324, 32.83802033842306400 ) ) ;
#314 = EDGE_CURVE ( 'NONE', #6735, #6434, #6554, .T. ) ;
#315 = ORIENTED_EDGE ( 'NONE', *, *, #5403, .T. ) ;
#316 = CARTESIAN_POINT ( 'NONE',  ( -0.1273707657143262340, 36.15259351210609395, 73.21209728694913110 ) ) ;
#317 = CARTESIAN_POINT ( 'NONE',  ( 149.9999999999998863, 13.60113310668955400, 239.5281348986660817 ) ) ;
#318 = CARTESIAN_POINT ( 'NONE',  ( -47.31906922256367665, 15.57846502002442612, 326.4192049172317525 ) ) ;
#319 = EDGE_CURVE ( 'NONE', #3067, #3229, #945, .T. ) ;
#320 = CARTESIAN_POINT ( 'NONE',  ( -37.43434600815625402, 3.497723437920143397, 446.0507749091595429 ) ) ;
#321 = CARTESIAN_POINT ( 'NONE',  ( -1.371592355364178228, 6.821518167627450779, 500.7095233472878135 ) ) ;
#322 = ORIENTED_EDGE ( 'NONE', *, *, #65, .T. ) ;
#323 = CARTESIAN_POINT ( 'NONE',  ( -28.23808762699846042, 3.056412852116027423, -22.60677287783177647 ) ) ;
#324 = CARTESIAN_POINT ( 'NONE',  ( 0.5149308928087896753, 47.42800047514609929, 209.0582023389947608 ) ) ;
#325 = DIRECTION ( 'NONE',  ( 0.000000000000000000, 0.000000000000000000, -1.000000000000000000 ) ) ;
#326 = CARTESIAN_POINT ( 'NONE',  ( -52.53891573317806518, 18.24069168520677664, 252.3546242644533777 ) ) ;
#328 = VERTEX_POINT ( 'NONE', #5795 ) ;
#327 = CARTESIAN_POINT ( 'NONE',  ( 4.374937953954339598, 39.09485121804041796, 101.7498062672472940 ) ) ;
#329 = B_SPLINE_CURVE_WITH_KNOTS ( 'NONE', 3,
 ( #280, #2972, #5368, #5330 ),
 .UNSPECIFIED., .F., .F.,
 ( 4, 4 ),
 ( 0.000000000000000000, 0.0005270694775734753590 ),
 .UNSPECIFIED. ) ;
#330 = B_SPLINE_CURVE_WITH_KNOTS ( 'NONE', 3,
 ( #3720, #6890, #1353, #6803, #1837, #8033, #7997, #3643, #4296, #6198, #4977, #43, #2511, #3682, #2469, #5507 ),
 .UNSPECIFIED., .F., .F.,
 ( 4, 2, 2, 2, 2, 2, 2, 4 ),
 ( 0.0005121106018610379782, 0.006582344676657136094, 0.01265257875145323410, 0.02479304690104542838, 0.03693351505063762613, 0.04300374912543371286, 0.04603886616283176664, 0.04907398320022982041 ),
 .UNSPECIFIED. ) ;
#331 = EDGE_LOOP ( 'NONE', ( #4390, #1592, #4282 ) ) ;
#332 = CARTESIAN_POINT ( 'NONE',  ( 56.33277253066618329, -0.7343208053013621228, 208.3958578420063645 ) ) ;
#333 = CARTESIAN_POINT ( 'NONE',  ( 0.5929759404763650377, 37.87307077907006203, 85.19010150595444486 ) ) ;
#334 = CARTESIAN_POINT ( 'NONE',  ( 0.5149308928087797943, 47.42800047514611350, 209.0582023389947892 ) ) ;
#335 = CARTESIAN_POINT ( 'NONE',  ( -40.01105947518886552, 27.01723465665450874, 95.91382318229126724 ) ) ;
#336 = CARTESIAN_POINT ( 'NONE',  ( 2.998894493888452750, 46.97260807575818831, 189.7831963936988871 ) ) ;
#337 = CARTESIAN_POINT ( 'NONE',  ( 3.066662445442872365, 43.88633703986032231, 190.4627056561177199 ) ) ;
#338 = CARTESIAN_POINT ( 'NONE',  ( -1.625096845062358186, 47.14373364252509901, 228.9144459501762299 ) ) ;
#339 = CARTESIAN_POINT ( 'NONE',  ( 7.277915150830229329, 34.28102276643850388, 69.04703958110121675 ) ) ;
#340 = CARTESIAN_POINT ( 'NONE',  ( 7.500000000000000000, 30.94383900995039482, 41.54129512500486499 ) ) ;
#341 = CARTESIAN_POINT ( 'NONE',  ( -24.73883157510384123, 39.96283509738836415, 194.3070975596303924 ) ) ;
#342 = CARTESIAN_POINT ( 'NONE',  ( 149.9999999999994884, 5.740427124744100773, 378.1347507846561484 ) ) ;
#343 = CARTESIAN_POINT ( 'NONE',  ( -47.40806636295297949, 34.05960162640550237, 194.5688031170403178 ) ) ;
#344 = CARTESIAN_POINT ( 'NONE',  ( 0.000000000000000000, 44.59248601773754928, 128.6496688811247111 ) ) ;
#345 = CARTESIAN_POINT ( 'NONE',  ( -86.78479610272228228, -8.426922040965695970, 51.82892328279097427 ) ) ;
#346 = PLANE ( 'NONE',  #7916 ) ;
#347 = CARTESIAN_POINT ( 'NONE',  ( 12.49172242615647477, -6.277043314077721980, -50.97366954480303747 ) ) ;
#348 = CARTESIAN_POINT ( 'NONE',  ( 0.3414232846448186920, 36.48969752139146294, 75.10868670590905083 ) ) ;
#349 = CARTESIAN_POINT ( 'NONE',  ( 47.18827151831826683, 21.11179726610873786, 87.09096987163694337 ) ) ;
#350 = CARTESIAN_POINT ( 'NONE',  ( 32.39690113381620762, 37.41836638076897259, 191.9588868255092962 ) ) ;
#351 = ORIENTED_EDGE ( 'NONE', *, *, #5913, .T. ) ;
#352 = CARTESIAN_POINT ( 'NONE',  ( -0.8686989687423929407, 36.05969904654971003, 73.25923449001352594 ) ) ;
#353 = CARTESIAN_POINT ( 'NONE',  ( 150.0000000000003126, 16.71071704159100690, 262.7461542768186291 ) ) ;
#354 = CARTESIAN_POINT ( 'NONE',  ( -13.31731313304985065, 40.34142002891250200, 313.2908567742186392 ) ) ;
#355 = CARTESIAN_POINT ( 'NONE',  ( 22.71421155295001526, 24.45956905618236021, 41.54119543226754985 ) ) ;
#356 = CARTESIAN_POINT ( 'NONE',  ( -1.823433251141193701, 47.42720845792356243, 188.2235348434616640 ) ) ;
#357 = EDGE_CURVE ( 'NONE', #6884, #4549, #7049, .T. ) ;
#358 = CARTESIAN_POINT ( 'NONE',  ( 2.061099213539800079, 46.75884572398803130, 188.3857820583798741 ) ) ;
#359 = CARTESIAN_POINT ( 'NONE',  ( -10.87137964986494865, 12.27380154565681281, 466.5267389959417415 ) ) ;
#360 = CARTESIAN_POINT ( 'NONE',  ( 0.000000000000000000, -1.100564968850144654, 529.4234485653213369 ) ) ;
#361 = ORIENTED_EDGE ( 'NONE', *, *, #319, .F. ) ;
#362 = CARTESIAN_POINT ( 'NONE',  ( -55.43352450434293388, 9.557879841706116153, 226.4234727364798800 ) ) ;
#363 = CARTESIAN_POINT ( 'NONE',  ( 3.297725378046306055, 47.20790801644100299, 207.4663184891042818 ) ) ;
#364 = CARTESIAN_POINT ( 'NONE',  ( 0.5904223920472086995, 32.48870363117342208, 34.84931210984618133 ) ) ;
#365 = CARTESIAN_POINT ( 'NONE',  ( -2.020103609511816778, 47.45192383060642527, 205.2836370420775722 ) ) ;
#366 = CARTESIAN_POINT ( 'NONE',  ( 0.1969627657990058733, 32.53399466051785538, 34.84931210984626659 ) ) ;
#367 = EDGE_CURVE ( 'NONE', #3229, #1323, #7006, .T. ) ;
#369 = VERTEX_POINT ( 'NONE', #6518 ) ;
#368 = CARTESIAN_POINT ( 'NONE',  ( -0.4002987397944745562, 39.70239751817814522, 100.6904076425547032 ) ) ;
#370 = ORIENTED_EDGE ( 'NONE', *, *, #7754, .F. ) ;
#371 = CARTESIAN_POINT ( 'NONE',  ( 34.70776095673383566, 33.07799144596745577, 125.4850046266916479 ) ) ;
#372 = CARTESIAN_POINT ( 'NONE',  ( -0.3497922835279799747, 47.56836044304523625, 187.2654956256096455 ) ) ;
#373 = CARTESIAN_POINT ( 'NONE',  ( 0.05584919403666478710, 32.16026170562041386, 49.64843829205539549 ) ) ;
#374 = CARTESIAN_POINT ( 'NONE',  ( -3.727545074639862399, 47.23859588346796556, 200.7272274830779963 ) ) ;
#375 = CARTESIAN_POINT ( 'NONE',  ( -8.907874794169588384, 41.30033556001151140, 136.4065322976163941 ) ) ;
#376 = DIRECTION ( 'NONE',  ( 0.000000000000000000, 0.5783651020807193399, 0.8157780388654496395 ) ) ;
#377 = CARTESIAN_POINT ( 'NONE',  ( 1.661913757546996440, 42.51371960543011141, 298.3404751548967511 ) ) ;
#378 = CARTESIAN_POINT ( 'NONE',  ( -0.3414232846448186920, 36.48969752139146294, 75.10868670590905083 ) ) ;
#379 = CARTESIAN_POINT ( 'NONE',  ( 12.98636237033609930, 42.62951739528807593, 208.5208960232813524 ) ) ;
#380 = CARTESIAN_POINT ( 'NONE',  ( -0.02965154969529860962, 43.99401367729775814, 168.5957457318859838 ) ) ;
#381 = CARTESIAN_POINT ( 'NONE',  ( 1.907686475920280733, -14.87480540429338483, -66.10224707556027113 ) ) ;
#382 = CARTESIAN_POINT ( 'NONE',  ( -13.88615519720692326, 42.31511469188529162, 186.1356254569069222 ) ) ;
#383 = CARTESIAN_POINT ( 'NONE',  ( -0.6201986524214535557, 17.04685725042859801, 458.4078278594934659 ) ) ;
#384 = DIRECTION ( 'NONE',  ( -1.000000000000000000, 0.000000000000000000, 0.000000000000000000 ) ) ;
#385 = CARTESIAN_POINT ( 'NONE',  ( 2.422333821436531753, 43.94798662426938307, 188.7447853255373786 ) ) ;
#386 = CARTESIAN_POINT ( 'NONE',  ( 2.696451919796043484, 24.93304462574336711, 5.026147061896571344 ) ) ;
#387 = CARTESIAN_POINT ( 'NONE',  ( 3.334374282861684691, -8.670514282707921794, -59.62443636531153857 ) ) ;
#388 = CARTESIAN_POINT ( 'NONE',  ( -5.629178650395608940, 42.97140359480787453, 158.5195479797745577 ) ) ;
#389 = CARTESIAN_POINT ( 'NONE',  ( 38.81817681121511754, 23.00753973627080029, 68.18601241012325431 ) ) ;
#390 = ORIENTED_EDGE ( 'NONE', *, *, #3369, .T. ) ;
#391 = CARTESIAN_POINT ( 'NONE',  ( -10.25404432504853958, 34.82699030398087103, 77.37309485529006281 ) ) ;
#392 = CARTESIAN_POINT ( 'NONE',  ( -13.31731313304985065, 39.58377582248513704, 320.0000000000000568 ) ) ;
#393 = CARTESIAN_POINT ( 'NONE',  ( -15.94736875620380090, 42.52846082815342754, 125.6496688811248106 ) ) ;
#394 = CARTESIAN_POINT ( 'NONE',  ( -5.464712794159259701, 43.63577512894263322, 203.7777908858013518 ) ) ;
#395 = CARTESIAN_POINT ( 'NONE',  ( -15.16986290641980339, 42.21967723455651367, 209.8191231313795981 ) ) ;
#396 = CARTESIAN_POINT ( 'NONE',  ( -54.57948805689258620, 2.996616612384304545, 392.2234430773698364 ) ) ;
#397 = CARTESIAN_POINT ( 'NONE',  ( -4.868530660296688239, 40.68897754526238941, 119.0606932235862274 ) ) ;
#398 = CARTESIAN_POINT ( 'NONE',  ( 9.706193483868752026, -6.012392168603122755, 533.3392366149785175 ) ) ;
#399 = VERTEX_POINT ( 'NONE', #243 ) ;
#400 = CARTESIAN_POINT ( 'NONE',  ( -44.09385301767472498, 31.77425291537607066, 179.1931328519744966 ) ) ;
#401 = EDGE_CURVE ( 'NONE', #3954, #5343, #2703, .T. ) ;
#402 = CARTESIAN_POINT ( 'NONE',  ( 1.766877480964753611, 28.41324036064381175, 17.19561693595092322 ) ) ;
#403 = AXIS2_PLACEMENT_3D ( 'NONE', #1145, #1681, #2245 ) ;
#404 = CIRCLE ( 'NONE', #4669, 1.000000000000000222 ) ;
#405 = CARTESIAN_POINT ( 'NONE',  ( 13.32571381860772775, 30.09964292785041451, 36.93449541209491116 ) ) ;
#406 = CARTESIAN_POINT ( 'NONE',  ( -1.793437411546241478, 45.87555291334074070, 252.9410945478491897 ) ) ;
#407 = CARTESIAN_POINT ( 'NONE',  ( 37.07382004291610400, 34.35577642175571356, 158.1531266890019367 ) ) ;
#408 = VECTOR ( 'NONE', #4029, 1000.000000000000000 ) ;
#409 = AXIS2_PLACEMENT_3D ( 'NONE', #4468, #4383, #705 ) ;
#410 = EDGE_LOOP ( 'NONE', ( #5830, #5836, #5502, #6774 ) ) ;
#411 = CARTESIAN_POINT ( 'NONE',  ( 3.066662445442877249, 43.83100141845718412, 206.0259990124513934 ) ) ;
#412 = ADVANCED_FACE ( 'NONE', ( #1539 ), #3997, .T. ) ;
#413 = ORIENTED_EDGE ( 'NONE', *, *, #613, .F. ) ;
#414 = CARTESIAN_POINT ( 'NONE',  ( 12.37917598823336540, 4.075400731689930112, -36.12926134960945035 ) ) ;
#415 = CARTESIAN_POINT ( 'NONE',  ( 30.75441988467466814, 34.18135444277226753, 119.2103319931157586 ) ) ;
#416 =( NAMED_UNIT ( * ) SI_UNIT ( $, .STERADIAN. ) SOLID_ANGLE_UNIT ( ) );
#417 = CARTESIAN_POINT ( 'NONE',  ( -3.272004988501860279, 33.38227413188624126, 58.66224129477384253 ) ) ;
#418 = ADVANCED_FACE ( 'NONE', ( #597 ), #3056, .T. ) ;
#419 = LINE ( 'NONE', #2247, #7276 ) ;
#420 = CARTESIAN_POINT ( 'NONE',  ( -2.721449805668204380, 46.61060341180626665, 207.1569566162818035 ) ) ;
#421 = CARTESIAN_POINT ( 'NONE',  ( 13.31731313304985065, 38.32335583300963577, 331.1613580124958389 ) ) ;
#422 = CARTESIAN_POINT ( 'NONE',  ( 41.63002485737714409, 32.13788057644362794, 246.0688240443617758 ) ) ;
#423 = CARTESIAN_POINT ( 'NONE',  ( 0.9552145398446717506, -19.79945804760096095, -71.14787201309992781 ) ) ;
#424 = CARTESIAN_POINT ( 'NONE',  ( 149.9999999999995168, -1.113709569569687474, 417.4376239672698148 ) ) ;
#425 = CARTESIAN_POINT ( 'NONE',  ( -0.000000000000000000, 36.32870258663578511, 52.78155347976220924 ) ) ;
#426 = CARTESIAN_POINT ( 'NONE',  ( 0.1555653036061865613, 44.05524179513451344, 208.4485850156317213 ) ) ;
#427 = CARTESIAN_POINT ( 'NONE',  ( -56.08762438136983519, 3.832698960004560895, 215.3449030486479501 ) ) ;
#428 = CARTESIAN_POINT ( 'NONE',  ( 27.66326358064004864, 13.52599411192533374, -1.587463340206875628 ) ) ;
#429 = CARTESIAN_POINT ( 'NONE',  ( -5.229391553127606507, 43.02326626989945169, 158.3381290195769964 ) ) ;
#430 = CARTESIAN_POINT ( 'NONE',  ( 49.39653343234940053, 20.51037028168877541, 93.83960901874520744 ) ) ;
#431 = CARTESIAN_POINT ( 'NONE',  ( 28.97638771354137077, 38.52075728659399090, 187.8598286825285868 ) ) ;
#432 = CARTESIAN_POINT ( 'NONE',  ( 3.146896805639176620E-14, 41.87538907178089431, 125.6496688811249385 ) ) ;
#433 = CARTESIAN_POINT ( 'NONE',  ( 5.882888988652245743, 42.38580333701526115, 298.7586613606674177 ) ) ;
#434 = CARTESIAN_POINT ( 'NONE',  ( 0.000000000000000000, 6.729893735435778623, 500.8079739285071810 ) ) ;
#435 = CARTESIAN_POINT ( 'NONE',  ( 48.48168961735525073, 32.59085521474190728, 164.2560932243156344 ) ) ;
#436 = CARTESIAN_POINT ( 'NONE',  ( -44.95965009189017536, 30.33988575092048379, 125.6496688811247253 ) ) ;
#437 = CARTESIAN_POINT ( 'NONE',  ( -2.558717127065790464E-14, 46.86728270824515619, 208.4485850156316360 ) ) ;
#438 = CARTESIAN_POINT ( 'NONE',  ( -3.227979621772144814, 43.89496823298391348, 204.2334567284531204 ) ) ;
#439 = CARTESIAN_POINT ( 'NONE',  ( 1.434789889613982350, -1.011398729720650369, 529.3086085165732584 ) ) ;
#440 = CARTESIAN_POINT ( 'NONE',  ( -7.442277970634418871, 38.68065674487908012, 103.2521644688415137 ) ) ;
#441 = CARTESIAN_POINT ( 'NONE',  ( 7.182069076493386106, -7.765377059782173852, 549.2849336186909568 ) ) ;
#442 = ORIENTED_EDGE ( 'NONE', *, *, #2066, .T. ) ;
#443 = CARTESIAN_POINT ( 'NONE',  ( 0.4411898220183779196, 40.55316943337765423, 109.1399815194120748 ) ) ;
#444 = CARTESIAN_POINT ( 'NONE',  ( -54.48274488411642125, 13.81017118001468269, 236.9137207598040220 ) ) ;
#445 = CARTESIAN_POINT ( 'NONE',  ( 34.22508810935578794, 26.05000116218813844, 53.51328168532108975 ) ) ;
#446 = DIRECTION ( 'NONE',  ( 0.000000000000000000, 1.000000000000000000, 0.000000000000000000 ) ) ;
#447 = DIRECTION ( 'NONE',  ( 1.000000000000000000, 0.000000000000000000, 0.000000000000000000 ) ) ;
#448 = VERTEX_POINT ( 'NONE', #3585 ) ;
#449 = CARTESIAN_POINT ( 'NONE',  ( 26.42281282336845649, 39.38203642492345580, 213.2626034242868229 ) ) ;
#450 = CARTESIAN_POINT ( 'NONE',  ( 85.69083615468348114, 1.184676353268040661, 66.40827568370886524 ) ) ;
#451 = CARTESIAN_POINT ( 'NONE',  ( 45.79286475850418725, 28.38369932594221368, 136.3569893953960843 ) ) ;
#452 = DIRECTION ( 'NONE',  ( 0.000000000000000000, 0.000000000000000000, 1.000000000000000000 ) ) ;
#453 = CARTESIAN_POINT ( 'NONE',  ( -37.72917965946102470, 26.22194980748930959, 82.90718581458214942 ) ) ;
#454 = CARTESIAN_POINT ( 'NONE',  ( -3.066662445442875917, 46.58797009215936669, 205.8542147485817111 ) ) ;
#455 = EDGE_CURVE ( 'NONE', #4350, #5645, #1818, .T. ) ;
#456 = LINE ( 'NONE', #2284, #5431 ) ;
#457 = CARTESIAN_POINT ( 'NONE',  ( 1.649437573462356754, 41.01991156795418902, 312.8522970477960143 ) ) ;
#458 = CARTESIAN_POINT ( 'NONE',  ( 7.153532762512861964, 35.52883306613287573, 77.49880867664404605 ) ) ;
#459 = DIRECTION ( 'NONE',  ( 0.000000000000000000, 0.000000000000000000, -1.000000000000000000 ) ) ;
#460 = CARTESIAN_POINT ( 'NONE',  ( 59.30832987030501613, -6.507826170023203183, 431.3161633550269016 ) ) ;
#461 = DIRECTION ( 'NONE',  ( -0.000000000000000000, -0.000000000000000000, 1.000000000000000000 ) ) ;
#462 = DIRECTION ( 'NONE',  ( 0.000000000000000000, -0.2207185206809203770, -0.9753375490713079854 ) ) ;
#463 = CARTESIAN_POINT ( 'NONE',  ( -2.696451919796043484, 24.93304462574336711, 5.026147061896571344 ) ) ;
#464 = CARTESIAN_POINT ( 'NONE',  ( 0.1493049208350169799, 43.07188283540511975, 144.9289593892576136 ) ) ;
#465 = UNCERTAINTY_MEASURE_WITH_UNIT (LENGTH_MEASURE( 1.000000000000000082E-05 ), #2552, 'distance_accuracy_value', 'NONE');
#466 = CARTESIAN_POINT ( 'NONE',  ( 0.3136446066935086319, 32.11508495197032431, 49.64678775146978751 ) ) ;
#467 = VERTEX_POINT ( 'NONE', #473 ) ;
#468 = DIRECTION ( 'NONE',  ( 0.000000000000000000, 0.000000000000000000, -1.000000000000000000 ) ) ;
#469 = CARTESIAN_POINT ( 'NONE',  ( 52.51231461823631719, 36.78377033823687015, 237.1480678699628015 ) ) ;
#470 = CARTESIAN_POINT ( 'NONE',  ( -40.64279130071612656, 19.78146202829371347, 391.0697883059202695 ) ) ;
#471 = CARTESIAN_POINT ( 'NONE',  ( 46.75094997652521300, 31.66484939578145941, 135.2858792604494340 ) ) ;
#472 = CARTESIAN_POINT ( 'NONE',  ( -45.95965009189017536, 31.16272714924198439, 125.6496688811247253 ) ) ;
#473 = CARTESIAN_POINT ( 'NONE',  ( 44.95965009189017536, 30.33988575092048379, 122.6496688811247111 ) ) ;
#474 = CARTESIAN_POINT ( 'NONE',  ( 0.4850479182391057020, 44.31051638953911009, 191.8827887927034794 ) ) ;
#475 = CARTESIAN_POINT ( 'NONE',  ( -27.45904811184346173, 35.14856345302744245, 119.1638168378097618 ) ) ;
#476 = CARTESIAN_POINT ( 'NONE',  ( -39.46121646127240012, 26.14344142800754867, 66.78960963685585739 ) ) ;
#477 = ORIENTED_EDGE ( 'NONE', *, *, #5350, .F. ) ;
#478 = CARTESIAN_POINT ( 'NONE',  ( 0.6161876948241340468, 41.70280587119128057, 121.1107723467176953 ) ) ;
#479 = CARTESIAN_POINT ( 'NONE',  ( -25.82676969938875899, 28.08943016872629528, 44.17302050310121331 ) ) ;
#480 = CARTESIAN_POINT ( 'NONE',  ( 34.84335993666470443, 25.97359522278500776, 54.54157697570658314 ) ) ;
#481 = CARTESIAN_POINT ( 'NONE',  ( -49.22048876689065366, 29.01834796430331309, 185.6733129835402281 ) ) ;
#482 =( BOUNDED_SURFACE ( )  B_SPLINE_SURFACE ( 3, 2, ( 
 ( #1126, #6024, #3580 ),
 ( #7975, #551, #2932 ),
 ( #3009, #5482, #6862 ),
 ( #3173, #8011, #6216 ) ),
 .UNSPECIFIED., .F., .F., .T. ) 
 B_SPLINE_SURFACE_WITH_KNOTS ( ( 4, 4 ),
 ( 3, 3 ),
 ( 0.000000000000000000, 0.0005185829087857626429 ),
 ( 0.000000000000000000, 1.000000000000000000 ),
 .UNSPECIFIED. ) 
 GEOMETRIC_REPRESENTATION_ITEM ( )  RATIONAL_B_SPLINE_SURFACE ( (
 ( 1.000000000000000000, 0.7014168260485257322, 1.000000000000000000),
 ( 1.000000000000000000, 0.7013665541998939101, 1.000000000000000000),
 ( 1.000000000000000000, 0.7013164866924785912, 1.000000000000000000),
 ( 1.000000000000000000, 0.7012667286859612936, 1.000000000000000000) ) ) 
 REPRESENTATION_ITEM ( '' )  SURFACE ( )  );
#483 = CARTESIAN_POINT ( 'NONE',  ( -149.9999999999999716, 14.23858967693923105, 324.3781664693334506 ) ) ;
#485 = VERTEX_POINT ( 'NONE', #8015 ) ;
#484 = CARTESIAN_POINT ( 'NONE',  ( 19.51682786705260497, 37.67992837264333872, 119.5243766642668675 ) ) ;
#486 = CARTESIAN_POINT ( 'NONE',  ( -42.95965009189016826, 30.33988575092048379, 122.6496688811247111 ) ) ;
#487 = CARTESIAN_POINT ( 'NONE',  ( 28.49463500214571354, -6.821171986367837725, -36.82241012564603722 ) ) ;
#488 = CARTESIAN_POINT ( 'NONE',  ( 7.451581162186641905, 38.39402223721268825, 99.72917658707251576 ) ) ;
#489 = FACE_OUTER_BOUND ( 'NONE', #2367, .T. ) ;
#490 = CARTESIAN_POINT ( 'NONE',  ( 0.1794943305841305292, 30.54246145394420964, 41.21304832440502253 ) ) ;
#491 = CARTESIAN_POINT ( 'NONE',  ( -3.727545067296664794, 47.23859572433627818, 200.7272427490211157 ) ) ;
#492 = B_SPLINE_SURFACE_WITH_KNOTS ( 'NONE', 3, 1, ( 
 ( #4016, #2136 ),
 ( #4555, #7027 ),
 ( #336, #180 ),
 ( #6454, #4597 ),
 ( #833, #7644 ),
 ( #7687, #221 ),
 ( #2798, #918 ),
 ( #3896, #4667 ),
 ( #5851, #5266 ),
 ( #6376, #7606 ) ),
 .UNSPECIFIED., .F., .F., .F.,
 ( 4, 2, 2, 2, 4 ),
 ( 2, 2 ),
 ( 0.000000000000000000, 0.2500000000000000000, 0.5000000000000000000, 0.7500000000000000000, 1.000000000000000000 ),
 ( 0.000000000000000000, 1.000000000000000000 ),
 .UNSPECIFIED. ) ;
#493 = CARTESIAN_POINT ( 'NONE',  ( -7.500000000000000000, 29.60772684600566151, 44.25520149868791719 ) ) ;
#494 = CARTESIAN_POINT ( 'NONE',  ( 5.873798239311764924, 35.98697079100605123, 353.7225482438468589 ) ) ;
#495 = CARTESIAN_POINT ( 'NONE',  ( -7.500000000000000000, 26.87530127623825749, 23.34527260323320164 ) ) ;
#496 = EDGE_CURVE ( 'NONE', #4247, #6957, #1587, .T. ) ;
#497 = CARTESIAN_POINT ( 'NONE',  ( 9.652764452307431853, -8.494098938562002488, 541.5631860185608275 ) ) ;
#498 = CARTESIAN_POINT ( 'NONE',  ( -0.000000000000000000, 40.58082208896215803, 79.87962786149904559 ) ) ;
#499 = CARTESIAN_POINT ( 'NONE',  ( 43.95965009189017536, 30.33988575092048379, 122.6496688811247111 ) ) ;
#500 = CARTESIAN_POINT ( 'NONE',  ( -27.28012801745004268, 17.82243023528065962, 9.515898732818438788 ) ) ;
#502 = EDGE_LOOP ( 'NONE', ( #4664, #6920, #200, #7458, #4590, #3576 ) ) ;
#501 = CARTESIAN_POINT ( 'NONE',  ( -0.8834387404823768053, 28.31537238341890372, 17.13475425666132068 ) ) ;
#503 = CARTESIAN_POINT ( 'NONE',  ( 0.03639140069568246733, 32.14896847580989458, 49.64667753998832467 ) ) ;
#504 = ORIENTED_EDGE ( 'NONE', *, *, #5000, .F. ) ;
#505 = CARTESIAN_POINT ( 'NONE',  ( -36.51844676396996192, 29.90215367226527121, 104.6046822071109830 ) ) ;
#506 = ADVANCED_FACE ( 'NONE', ( #5447 ), #2376, .T. ) ;
#507 = CARTESIAN_POINT ( 'NONE',  ( 1.661913757546996440, 42.51371960543011141, 298.3404751548967511 ) ) ;
#508 = CARTESIAN_POINT ( 'NONE',  ( 0.6656520313713912840, 10.37720417455050104, 486.6216067975119017 ) ) ;
#509 = CARTESIAN_POINT ( 'NONE',  ( -5.464782804719584774, 43.12864966517708609, 212.8970381941021515 ) ) ;
#510 = CARTESIAN_POINT ( 'NONE',  ( -14.42926928878904747, 26.23955973692676480, 37.33196639613063894 ) ) ;
#511 = EDGE_CURVE ( 'NONE', #6042, #6097, #514, .T. ) ;
#512 = CARTESIAN_POINT ( 'NONE',  ( 5.966662445441326845, 42.85055069676063511, 158.6977513598284588 ) ) ;
#513 = CARTESIAN_POINT ( 'NONE',  ( 0.2418479551748099199, 44.28817485205016879, 191.9049934277676357 ) ) ;
#514 = B_SPLINE_CURVE_WITH_KNOTS ( 'NONE', 3,
 ( #4841, #6029, #7942, #5989 ),
 .UNSPECIFIED., .F., .F.,
 ( 4, 4 ),
 ( 2.059984127722458425E-18, 0.0004688472924417156924 ),
 .UNSPECIFIED. ) ;
#515 = CARTESIAN_POINT ( 'NONE',  ( -5.747361832919467339, 38.91218501537728258, 102.3883062812942057 ) ) ;
#516 = CARTESIAN_POINT ( 'NONE',  ( 35.60447105139471802, -13.62282190332221887, 502.3110443960222824 ) ) ;
#517 = EDGE_LOOP ( 'NONE', ( #7816, #5216, #3309, #2527 ) ) ;
#518 = CARTESIAN_POINT ( 'NONE',  ( -42.47235341482619475, 32.03753241268405816, 164.1433465024948646 ) ) ;
#519 = CARTESIAN_POINT ( 'NONE',  ( -150.0000000000002558, 12.91824135705855703, 236.2496330257888815 ) ) ;
#520 = CARTESIAN_POINT ( 'NONE',  ( -5.464712794159266807, 43.51203873718162640, 212.1950211597117004 ) ) ;
#521 = VECTOR ( 'NONE', #2770, 1000.000000000000000 ) ;
#522 = CARTESIAN_POINT ( 'NONE',  ( -39.89698100042868134, 34.04863722148169103, 205.9913666752496511 ) ) ;
#523 = CARTESIAN_POINT ( 'NONE',  ( -47.38663189115487739, 17.64475135442224030, 308.9228235057746019 ) ) ;
#525 = ORIENTED_EDGE ( 'NONE', *, *, #1962, .T. ) ;
#524 = CARTESIAN_POINT ( 'NONE',  ( 2.208464464562812868, 41.03234933018125474, 118.0844796792074618 ) ) ;
#526 = DIRECTION ( 'NONE',  ( 0.000000000000000000, 0.005235963831417928156, 0.9999862922474268556 ) ) ;
#527 = AXIS2_PLACEMENT_3D ( 'NONE', #4598, #2799, #3900 ) ;
#528 = CARTESIAN_POINT ( 'NONE',  ( -1.797634613197362174, 24.83933354071738009, 4.965788233343842784 ) ) ;
#529 = CARTESIAN_POINT ( 'NONE',  ( -0.3803029667125116808, 39.41717160671375808, 97.16818489134620052 ) ) ;
#530 = DIRECTION ( 'NONE',  ( 0.000000000000000000, -1.000000000000000000, 0.000000000000000000 ) ) ;
#531 = CARTESIAN_POINT ( 'NONE',  ( -3.066662445442875917, 47.24947755034643393, 205.8611414044656556 ) ) ;
#532 = PRESENTATION_LAYER_ASSIGNMENT (  '', '', ( #940 ) ) ;
#533 = CARTESIAN_POINT ( 'NONE',  ( -0.5157171849628837679, 47.43774152586012605, 208.4485850156316644 ) ) ;
#534 = PRESENTATION_LAYER_ASSIGNMENT (  '', '', ( #3513 ) ) ;
#535 = CARTESIAN_POINT ( 'NONE',  ( 1.676507941506811594, 36.02744328790266337, 354.3090623948346547 ) ) ;
#536 = CARTESIAN_POINT ( 'NONE',  ( -0.4633063939149288379, 37.74537682205301081, 83.62821905912092291 ) ) ;
#537 = CARTESIAN_POINT ( 'NONE',  ( 14.70261329817125251, 42.11753611692476795, 220.6568406868412353 ) ) ;
#538 = B_SPLINE_CURVE_WITH_KNOTS ( 'NONE', 3,
 ( #6276, #281, #1625, #6396, #5249, #7782, #5286, #5911, #3352, #3313, #7169, #855, #7823, #2746 ),
 .UNSPECIFIED., .F., .F.,
 ( 4, 2, 2, 2, 2, 2, 4 ),
 ( 0.0006129779656265513851, 0.006716508875972020988, 0.01282003978631749037, 0.01892357069666296063, 0.02502710160700842915, 0.03723416342769935578, 0.04944122524839028587 ),
 .UNSPECIFIED. ) ;
#539 = CIRCLE ( 'NONE', #4685, 1.000000000000000888 ) ;
#540 = CARTESIAN_POINT ( 'NONE',  ( -1.463168471159988160, -9.541087452738985064, 557.6191052689168828 ) ) ;
#541 = LINE ( 'NONE', #4788, #5449 ) ;
#542 = AXIS2_PLACEMENT_3D ( 'NONE', #3538, #6090, #7237 ) ;
#543 = CARTESIAN_POINT ( 'NONE',  ( 1.616145619650092957, 46.71664502783516326, 208.1874072089277377 ) ) ;
#544 = DIRECTION ( 'NONE',  ( 0.000000000000000000, -0.2207185206826550450, -0.9753375490709154105 ) ) ;
#546 = ORIENTED_EDGE ( 'NONE', *, *, #3472, .F. ) ;
#545 = CARTESIAN_POINT ( 'NONE',  ( 28.11698015143261742, 5.915450505645251766, -17.51976183688852373 ) ) ;
#547 = UNCERTAINTY_MEASURE_WITH_UNIT (LENGTH_MEASURE( 1.000000000000000082E-05 ), #1502, 'distance_accuracy_value', 'NONE');
#548 = CARTESIAN_POINT ( 'NONE',  ( 34.94906044613058071, 25.39182900637882767, 69.85008131506000950 ) ) ;
#549 = EDGE_LOOP ( 'NONE', ( #2354, #6448, #564, #3637, #1873, #5724, #1395, #5102, #5607, #3334, #5110, #4052, #5520 ) ) ;
#550 = CARTESIAN_POINT ( 'NONE',  ( 1.173234764075095971, 42.32284041307943312, 133.1996120282157392 ) ) ;
#551 = CARTESIAN_POINT ( 'NONE',  ( -0.3430170601206669612, 47.45176809130163775, 208.4485850156363540 ) ) ;
#552 = CARTESIAN_POINT ( 'NONE',  ( 7.846345050770216822, 46.81194873575534388, 182.9037947448233012 ) ) ;
#553 = CARTESIAN_POINT ( 'NONE',  ( 1.996956094114173741, 10.46350476607578983, 486.5475114404366082 ) ) ;
#554 = LINE ( 'NONE', #4880, #5973 ) ;
#555 = CARTESIAN_POINT ( 'NONE',  ( -15.38697414688435927, 26.03476855658966826, 37.70309874982183374 ) ) ;
#556 = CARTESIAN_POINT ( 'NONE',  ( 44.28201645688194077, 26.06406251456913381, 106.7409768573305371 ) ) ;
#557 = CARTESIAN_POINT ( 'NONE',  ( 0.7310486981965987896, -8.789701471681548028, 555.1481419457635411 ) ) ;
#558 = CARTESIAN_POINT ( 'NONE',  ( 0.4674292294413543436, 39.71075037612879299, 100.6922473673963907 ) ) ;
#559 = EDGE_CURVE ( 'NONE', #2459, #7414, #1982, .T. ) ;
#560 = CARTESIAN_POINT ( 'NONE',  ( -12.19452602093912574, 30.33319907688692041, 36.56938273048655930 ) ) ;
#561 = ORIENTED_EDGE ( 'NONE', *, *, #1902, .T. ) ;
#562 = CARTESIAN_POINT ( 'NONE',  ( -0.5257669547164623980, 41.56343464440406876, 121.1539679106408585 ) ) ;
#563 = EDGE_CURVE ( 'NONE', #5884, #6735, #5488, .T. ) ;
#564 = ORIENTED_EDGE ( 'NONE', *, *, #4659, .F. ) ;
#565 = CARTESIAN_POINT ( 'NONE',  ( 0.7020998398433726528, 45.86371172239648786, 130.5683831685448695 ) ) ;
#566 = CARTESIAN_POINT ( 'NONE',  ( -47.73296868590679054, 30.02075975021117671, 193.6282002815077874 ) ) ;
#567 = CARTESIAN_POINT ( 'NONE',  ( 0.4709684984625378545, 40.21920836791927201, 320.0003648965263210 ) ) ;
#569 = ORIENTED_EDGE ( 'NONE', *, *, #4618, .F. ) ;
#568 = CARTESIAN_POINT ( 'NONE',  ( 35.96062484532937020, 33.67333198304530129, 139.5505815197879258 ) ) ;
#570 = DIRECTION ( 'NONE',  ( 8.372497766808339307E-17, 0.9999862922474268556, -0.005235963831417928156 ) ) ;
#571 = CARTESIAN_POINT ( 'NONE',  ( 150.0000000000000853, 8.243839277673602695, 220.6305941379857245 ) ) ;
#572 = CARTESIAN_POINT ( 'NONE',  ( 3.066662445442872365, 46.58797009215936669, 205.8542147485816258 ) ) ;
#573 = CARTESIAN_POINT ( 'NONE',  ( -8.966662445441933471, 42.93931789672131316, 176.7376644400902705 ) ) ;
#574 = CARTESIAN_POINT ( 'NONE',  ( -3.372533249974912106, 30.12015042548678778, 41.80270021789021939 ) ) ;
#575 = CARTESIAN_POINT ( 'NONE',  ( -45.95965009189017536, 27.17204488600939882, 125.6496688811247822 ) ) ;
#576 = CARTESIAN_POINT ( 'NONE',  ( -3.066662445442871920, 47.24947755034641972, 205.8611414044654566 ) ) ;
#577 = CARTESIAN_POINT ( 'NONE',  ( -1.412905495387613675, 41.02947630906889032, 312.7536838202627791 ) ) ;
#578 = CARTESIAN_POINT ( 'NONE',  ( 7.869878013836567376, 35.43204619178587933, 77.88934413379934085 ) ) ;
#579 = CARTESIAN_POINT ( 'NONE',  ( 2.454386197320244545, 43.74216825258880448, 215.3731596700209536 ) ) ;
#580 = CARTESIAN_POINT ( 'NONE',  ( 0.000000000000000000, 0.000000000000000000, 0.000000000000000000 ) ) ;
#581 = CARTESIAN_POINT ( 'NONE',  ( 8.966662445441944129, 43.11822529551508154, 210.9061484357024199 ) ) ;
#582 = CARTESIAN_POINT ( 'NONE',  ( 2.998894493888452750, 43.81174109905075653, 206.5337240110004586 ) ) ;
#583 = CARTESIAN_POINT ( 'NONE',  ( -2.558717127065790464E-14, 44.06772692158087068, 208.4485850156316360 ) ) ;
#584 = CARTESIAN_POINT ( 'NONE',  ( -0.01856406591467356718, 44.19348525860551291, 203.4754272543707145 ) ) ;
#585 =( LENGTH_UNIT ( ) NAMED_UNIT ( * ) SI_UNIT ( .MILLI., .METRE. ) );
#586 = FACE_OUTER_BOUND ( 'NONE', #2019, .T. ) ;
#588 = VERTEX_POINT ( 'NONE', #5408 ) ;
#587 = CARTESIAN_POINT ( 'NONE',  ( 3.094001100202671495, 27.87474874546403569, 16.86073679022653593 ) ) ;
#589 = CARTESIAN_POINT ( 'NONE',  ( 8.262277516860152105, 31.13559688206136045, 52.68050345386842537 ) ) ;
#590 = ORIENTED_EDGE ( 'NONE', *, *, #4473, .T. ) ;
#591 = ORIENTED_EDGE ( 'NONE', *, *, #3770, .T. ) ;
#592 = CARTESIAN_POINT ( 'NONE',  ( -5.464782804719563458, 43.50151392623327951, 212.8950858635551810 ) ) ;
#593 = CARTESIAN_POINT ( 'NONE',  ( -0.9490617160165060184, 42.54358218907552924, 298.1207295063137508 ) ) ;
#594 = CARTESIAN_POINT ( 'NONE',  ( -6.363334136993229251, 22.76016894090687614, 428.8992649007137175 ) ) ;
#595 = CARTESIAN_POINT ( 'NONE',  ( 0.000000000000000000, 26.87530127623825749, 23.34527260323320164 ) ) ;
#596 = CARTESIAN_POINT ( 'NONE',  ( 1.904943872151217965, -9.951894290560517220, -61.04478972313617646 ) ) ;
#597 = FACE_OUTER_BOUND ( 'NONE', #912, .T. ) ;
#598 = CARTESIAN_POINT ( 'NONE',  ( -7.162406742956792804, -5.196939195804247902, 540.7780944250159791 ) ) ;
#599 = CARTESIAN_POINT ( 'NONE',  ( 0.2929919556633099331, 39.68902253775023325, 100.6880256799543361 ) ) ;
#600 = CARTESIAN_POINT ( 'NONE',  ( -8.782794104477241959, 31.03994889041065264, 35.68833992585638981 ) ) ;
#601 = VERTEX_POINT ( 'NONE', #3664 ) ;
#602 = CARTESIAN_POINT ( 'NONE',  ( -50.00138848928449420, 27.48902129911901326, 160.0735858244221106 ) ) ;
#603 = CARTESIAN_POINT ( 'NONE',  ( -23.38038312808035002, 37.38833027712956891, 92.04395209074077400 ) ) ;
#604 = EDGE_CURVE ( 'NONE', #5535, #5494, #5369, .T. ) ;
#605 = PLANE ( 'NONE',  #1180 ) ;
#606 = ORIENTED_EDGE ( 'NONE', *, *, #6986, .T. ) ;
#607 = CARTESIAN_POINT ( 'NONE',  ( -47.31906922256366244, 16.34140955976334197, 320.0000000000000568 ) ) ;
#609 = ORIENTED_EDGE ( 'NONE', *, *, #6591, .T. ) ;
#608 = CARTESIAN_POINT ( 'NONE',  ( 6.825406799414573733, 40.42406978351651503, 120.0066065491348297 ) ) ;
#610 = CARTESIAN_POINT ( 'NONE',  ( 2.865643619534015141, -19.79597498845155457, -71.17153684286878956 ) ) ;
#611 = CARTESIAN_POINT ( 'NONE',  ( 149.9999999999998295, 12.15754626088404500, 232.9814987402332633 ) ) ;
#612 = CARTESIAN_POINT ( 'NONE',  ( -4.289302530696936344, 43.50582844278454786, 169.7449929917404461 ) ) ;
#613 = EDGE_CURVE ( 'NONE', #5960, #3353, #6663, .T. ) ;
#614 = LINE ( 'NONE', #6243, #3250 ) ;
#615 = LINE ( 'NONE', #4937, #4794 ) ;
#616 = CARTESIAN_POINT ( 'NONE',  ( -31.01201008213248755, 26.10779688422219280, 64.62715453389766651 ) ) ;
#617 = FACE_OUTER_BOUND ( 'NONE', #6333, .T. ) ;
#618 = CARTESIAN_POINT ( 'NONE',  ( 6.999243490315190996, 41.02050001665309509, 128.6037122318992374 ) ) ;
#619 = ADVANCED_FACE ( 'NONE', ( #7368 ), #6107, .F. ) ;
#620 = LINE ( 'NONE', #3806, #2595 ) ;
#621 = CARTESIAN_POINT ( 'NONE',  ( -1.192598390898780503, 20.17127465771984873, 444.2396516818456007 ) ) ;
#622 = CARTESIAN_POINT ( 'NONE',  ( 7.588419924768786018, 37.75603250389409027, 94.79137449636778001 ) ) ;
#623 = CARTESIAN_POINT ( 'NONE',  ( 38.79046190749391343, 34.95030093282986883, 125.6496688811245832 ) ) ;
#624 = DIRECTION ( 'NONE',  ( 1.000000000000000000, 0.000000000000000000, 0.000000000000000000 ) ) ;
#625 = CARTESIAN_POINT ( 'NONE',  ( 2.738145295489168074, 46.84802417386053719, 207.1614562917415299 ) ) ;
#626 = DIRECTION ( 'NONE',  ( 1.000000000000000000, 0.000000000000000000, 0.000000000000000000 ) ) ;
#627 = DIRECTION ( 'NONE',  ( 0.000000000000000000, 0.000000000000000000, -1.000000000000000000 ) ) ;
#629 = ORIENTED_EDGE ( 'NONE', *, *, #7595, .T. ) ;
#628 = CARTESIAN_POINT ( 'NONE',  ( -2.106299519530117959, 46.03114097764294144, 130.5598387451737779 ) ) ;
#630 = ORIENTED_EDGE ( 'NONE', *, *, #7892, .F. ) ;
#631 = CARTESIAN_POINT ( 'NONE',  ( 0.5468133380711642788, 42.52867745541340838, 133.0534421279184016 ) ) ;
#632 = CARTESIAN_POINT ( 'NONE',  ( 6.831934932504801772, 41.59339931915589972, 135.3371628857136102 ) ) ;
#633 = CARTESIAN_POINT ( 'NONE',  ( 3.732329755606727861, 47.23383139352144156, 190.4602416727405512 ) ) ;
#634 = CARTESIAN_POINT ( 'NONE',  ( 150.0000000000000000, 14.77013292611521500, 320.0000541252218227 ) ) ;
#635 = CARTESIAN_POINT ( 'NONE',  ( -35.77127347892401588, -9.639532146028656712, 488.8322980861877340 ) ) ;
#636 = B_SPLINE_CURVE_WITH_KNOTS ( 'NONE', 3,
 ( #6868, #3219, #5697, #1938 ),
 .UNSPECIFIED., .F., .F.,
 ( 4, 4 ),
 ( 6.071532165918824830E-18, 0.005509102670902703280 ),
 .UNSPECIFIED. ) ;
#637 = CARTESIAN_POINT ( 'NONE',  ( -4.011856405332014042, 44.76709016480298686, 125.6496688811247253 ) ) ;
#638 = CARTESIAN_POINT ( 'NONE',  ( -0.000000000000000000, -19.80119957717566237, -71.13603959821548983 ) ) ;
#639 = CARTESIAN_POINT ( 'NONE',  ( -42.37057105754428221, 22.37346977414276950, 87.97184756611208911 ) ) ;
#640 = CARTESIAN_POINT ( 'NONE',  ( 0.000000000000000000, -9.605528623052503434, 557.6875022617330160 ) ) ;
#641 = CARTESIAN_POINT ( 'NONE',  ( 0.3766993691611252859, 38.79501254530068621, 92.15943202334284479 ) ) ;
#642 = CARTESIAN_POINT ( 'NONE',  ( -0.7315842355799940799, -9.573308037895744249, 557.6533037653249494 ) ) ;
#643 = VERTEX_POINT ( 'NONE', #4732 ) ;
#644 = CARTESIAN_POINT ( 'NONE',  ( 0.1448668509415364236, 39.38764476717102525, 97.16401209088930102 ) ) ;
#645 = CARTESIAN_POINT ( 'NONE',  ( -2.157746065596713780, 47.43923580062173784, 180.7376766213325539 ) ) ;
#646 = CARTESIAN_POINT ( 'NONE',  ( -5.981454208122645102E-05, 47.46906121529974598, 209.0584534399840209 ) ) ;
#647 = FACE_OUTER_BOUND ( 'NONE', #1277, .T. ) ;
#648 = CARTESIAN_POINT ( 'NONE',  ( -47.66603692990846497, 18.68161657458673020, 299.3736835281314370 ) ) ;
#649 = EDGE_LOOP ( 'NONE', ( #992, #2486 ) ) ;
#650 = CARTESIAN_POINT ( 'NONE',  ( -150.0000000000000568, 3.860833271709796399, 212.5989338358691612 ) ) ;
#651 = CARTESIAN_POINT ( 'NONE',  ( 82.00022190405498179, 13.41533595200248463, 95.17065037251704496 ) ) ;
#652 = SURFACE_STYLE_FILL_AREA ( #80 ) ;
#653 = CARTESIAN_POINT ( 'NONE',  ( -14.82995286077682273, 26.87758014231376436, 40.13953828633132304 ) ) ;
#654 = LINE ( 'NONE', #4938, #6746 ) ;
#655 = CARTESIAN_POINT ( 'NONE',  ( 18.69127695159858504, 39.17176782303680227, 135.8045756223712885 ) ) ;
#656 = CARTESIAN_POINT ( 'NONE',  ( -43.95965009189017536, 30.33988575092048379, 128.6496688811247111 ) ) ;
#657 = CARTESIAN_POINT ( 'NONE',  ( 6.733608421923275245, 13.22468183324905233, 471.8275841911045632 ) ) ;
#658 = ADVANCED_FACE ( 'NONE', ( #4804 ), #7291, .F. ) ;
#659 = CARTESIAN_POINT ( 'NONE',  ( 35.31348384059965895, 31.53247868720991676, 112.6537336032796901 ) ) ;
#660 = CARTESIAN_POINT ( 'NONE',  ( 19.57372214606865768, 44.70866943328285004, 214.0493121098461700 ) ) ;
#661 = FILL_AREA_STYLE ('',( #7 ) ) ;
#662 = EDGE_CURVE ( 'NONE', #5942, #712, #1709, .T. ) ;
#663 = CARTESIAN_POINT ( 'NONE',  ( -44.95965009189017536, 30.33988575092048379, 128.6496688811247111 ) ) ;
#664 = FACE_OUTER_BOUND ( 'NONE', #331, .T. ) ;
#665 = CARTESIAN_POINT ( 'NONE',  ( 0.000000000000000000, 0.000000000000000000, 125.6496688811247253 ) ) ;
#666 = VECTOR ( 'NONE', #2204, 1000.000000000000000 ) ;
#667 = AXIS2_PLACEMENT_3D ( 'NONE', #5552, #6168, #624 ) ;
#668 = LINE ( 'NONE', #5605, #936 ) ;
#670 = ORIENTED_EDGE ( 'NONE', *, *, #2248, .F. ) ;
#669 = CARTESIAN_POINT ( 'NONE',  ( 11.07186743597200973, 32.81523294668829749, 45.76036132870854090 ) ) ;
#671 = CARTESIAN_POINT ( 'NONE',  ( 26.66373752841835909, 28.41140025079545239, 67.29730260276804188 ) ) ;
#672 = ORIENTED_EDGE ( 'NONE', *, *, #2646, .T. ) ;
#673 = CARTESIAN_POINT ( 'NONE',  ( 4.047780070442136058, 43.85342756942708320, 192.9913226671999382 ) ) ;
#674 = VECTOR ( 'NONE', #5444, 1000.000000000000000 ) ;
#675 = AXIS2_PLACEMENT_3D ( 'NONE', #6195, #1001, #4332 ) ;
#676 = CARTESIAN_POINT ( 'NONE',  ( 3.711435809677067432, 47.23433504015136464, 190.0401607251014866 ) ) ;
#677 = CARTESIAN_POINT ( 'NONE',  ( 42.82036082025610568, 33.85106947388772625, 320.0000000000000568 ) ) ;
#678 = CARTESIAN_POINT ( 'NONE',  ( -9.623729406347049320, -10.66680710752643968, 548.6596272280612538 ) ) ;
#679 = CARTESIAN_POINT ( 'NONE',  ( -31.38768593037685761, 38.07967235945208273, 125.6496688811245548 ) ) ;
#680 = CARTESIAN_POINT ( 'NONE',  ( -56.47713021477131434, -8.444831254075669591, 200.0310506176295462 ) ) ;
#681 = DIRECTION ( 'NONE',  ( 0.000000000000000000, 0.000000000000000000, 1.000000000000000000 ) ) ;
#682 = CARTESIAN_POINT ( 'NONE',  ( -0.9565858417292030236, -24.71121349876131390, -76.19616986922960677 ) ) ;
#683 = CARTESIAN_POINT ( 'NONE',  ( 0.3716220546879218101, 37.73385670284874038, 83.62419509139414231 ) ) ;
#684 = CARTESIAN_POINT ( 'NONE',  ( 6.621998174968712014, 25.83188650149380905, 26.67707732658634256 ) ) ;
#685 = ORIENTED_EDGE ( 'NONE', *, *, #1212, .T. ) ;
#686 = CARTESIAN_POINT ( 'NONE',  ( -0.5677744640417652366, 39.29808342143179090, 97.19465978186748600 ) ) ;
#687 = VERTEX_POINT ( 'NONE', #7213 ) ;
#688 = CARTESIAN_POINT ( 'NONE',  ( -6.403712080581203558, 45.57724494206407684, 254.1058661924230933 ) ) ;
#689 = CARTESIAN_POINT ( 'NONE',  ( -3.629465034368266174, 47.24145172789496172, 189.6300302138380687 ) ) ;
#690 = CARTESIAN_POINT ( 'NONE',  ( -43.95965009189017536, 30.33988575092048379, 125.6496688811247253 ) ) ;
#691 = CARTESIAN_POINT ( 'NONE',  ( -25.55587429326653393, 39.62314819241900210, 183.7607705395479059 ) ) ;
#692 = CARTESIAN_POINT ( 'NONE',  ( 6.501381502748055929, 40.46849828977065755, 119.8444608632665762 ) ) ;
#693 = CARTESIAN_POINT ( 'NONE',  ( -3.313916258227276757, 1.354737596468937211, -46.71700391772461813 ) ) ;
#694 = CARTESIAN_POINT ( 'NONE',  ( 150.0000000000002558, 12.91824135705855703, 236.2496330257888815 ) ) ;
#695 = FACE_OUTER_BOUND ( 'NONE', #1790, .T. ) ;
#696 = CARTESIAN_POINT ( 'NONE',  ( -7.500000000000000000, 24.87581779792214576, 23.34527260323320164 ) ) ;
#697 = CARTESIAN_POINT ( 'NONE',  ( 0.09688576726207215328, 26.58287206539836944, 24.53229599160049546 ) ) ;
#698 = CARTESIAN_POINT ( 'NONE',  ( -45.18231946155540868, 26.67888323477403034, 116.1835718505993924 ) ) ;
#699 = CARTESIAN_POINT ( 'NONE',  ( 2.600022395107888684, 31.67003230040083039, 29.63291989188160258 ) ) ;
#700 = CARTESIAN_POINT ( 'NONE',  ( -7.311264929626632103, 40.97697353611277293, 128.7631847640133174 ) ) ;
#701 = CARTESIAN_POINT ( 'NONE',  ( -1.145115487848116009, 23.11885975406494254, 429.9532895041899678 ) ) ;
#702 = CARTESIAN_POINT ( 'NONE',  ( -0.1152417837452290872, 38.76217279489689105, 92.15459681303399009 ) ) ;
#703 = CARTESIAN_POINT ( 'NONE',  ( 27.59136016982111173, 39.37365521065208895, 125.6496688811247253 ) ) ;
#704 = B_SPLINE_SURFACE_WITH_KNOTS ( 'NONE', 3, 3, ( 
 ( #765, #107, #5791, #238, #4489, #196, #6956, #5700, #1416, #2697, #6310, #1337, #3868, #3788, #3182, #5164, #2575, #810, #4448, #5747, #150, #2661, #4574, #7541, #684, #1990, #6918, #7662, #1379, #3746, #3223, #6227, #69, #2537, #5001, #7494, #6270, #724, #7203, #1011, #6583, #4113, #3991 ),
 ( #894, #5362, #313, #1496, #5868, #5243, #4036, #2260, #3345, #274, #976, #7776, #2221, #5905, #3465, #7738, #6432, #7079, #6468, #2776, #934, #5940, #2739, #5829, #4724, #1657, #1046, #5207, #2295, #2182, #7702, #4687, #4644, #6512, #7118, #3502, #5982, #7163, #389, #2813, #3425, #349, #430 ),
 ( #1617, #1532, #3389, #7815, #1572, #4074, #5279, #6546, #2852, #5323, #7043, #2894, #2149, #7855, #3953, #4609, #3577, #4907, #6058, #7242, #3543, #5561, #1238, #2965, #6096, #3007, #7399, #6734, #6775, #1850, #1736, #7890, #14, #3085, #5400, #2329, #4757, #548, #4793, #5436, #6692, #1769, #1158 ),
 ( #2368, #4833, #4232, #1695, #7284, #4153, #5479, #6021, #4192, #5519, #7357, #503, #1124, #466, #3047, #3615, #1808, #7933, #7973, #2931, #6627, #1084, #2406, #4874, #4268, #1199, #3655, #6135, #8007, #589, #2444, #753, #5111, #6297, #3297, #671, #3903, #3210, #2608, #7611, #6380, #3130, #1890 ),
 ( #3856, #6259, #5608, #5074, #6334, #7527, #795, #6860, #2524, #5688, #6907, #136, #3778, #2058, #4349, #7572, #3254, #5735, #4477, #1324, #6815, #2651, #1279, #837, #713, #4950, #3170, #5646, #1976, #184, #2565, #1369, #5779, #96, #6984, #3818, #2485, #7442, #4437, #57, #3734, #6212, #2020 ),
 ( #6942, #4988, #7483, #1931, #5027, #1404, #3493, #5150, #7764, #4712, #4061, #882, #7107, #1558, #7149, #4021, #5817, #225, #5855, #2841, #302, #5894, #3942, #5196, #2251, #7191, #6536, #339, #2101, #6500, #6421, #7031, #999, #3373, #1038, #3453, #7649, #3335, #1485, #5310, #2764, #7804, #1646 ),
 ( #1521, #7691, #5931, #263, #3980, #378, #4101, #6573, #6457, #922, #7728, #2173, #2801, #4632, #3413, #5269, #3646, #8000, #6685, #4862, #1761, #2361, #7313, #2434, #2955, #6617, #1150, #458, #7883, #578, #1728, #3000, #3570, #4223, #4826, #3607, #1228, #4784, #7844, #6087, #4184, #5426, #6652 ),
 ( #536, #7348, #5471, #7965, #2399, #7386, #7924, #3534, #1800, #2921, #2321, #3036, #1841, #4298, #6766, #5970, #2286, #4749, #4143, #6012, #5389, #5596, #47, #2007, #2515, #3845, #4979, #6167, #2474, #4503, #171, #1922, #5019, #1966, #6323, #5677, #3241, #784, #659, #6807, #6972, #5723, #4342 ),
 ( #7515, #1269, #4379, #5637, #6250, #86, #2556, #5550, #1314, #3768, #702, #2637, #3725, #7598, #4426, #4942, #6202, #4465, #6287, #7474, #3118, #7433, #1393, #6895, #741, #6848, #3161, #1881, #5099, #622, #1358, #3808, #3198, #125, #2596, #5063, #2046, #7563, #3684, #3076, #5, #5222, #4700 ),
 ( #7718, #1548, #6527, #368, #2088, #5765, #5844, #1474, #2791, #214, #2677, #292, #2164, #4623, #2754, #3402, #2129, #5138, #6409, #867, #2713, #3324, #327, #7636, #4547, #4660, #7135, #1591, #7019, #1429, #4589, #5805, #5258, #2197, #7094, #7059, #5182, #1512, #3966, #3888, #6447, #911, #4006 ),
 ( #6486, #954, #7755, #4051, #990, #3443, #5921, #5294, #7793, #6369, #4817, #5380, #4252, #6561, #5417, #7955, #2990, #1142, #3522, #3481, #7337, #5959, #7991, #7873, #1634, #6002, #2312, #4176, #2388, #7262, #6041, #2424, #4776, #6711, #484, #1177, #6117, #6643, #7832, #568, #3027, #2353, #7302 ),
 ( #7179, #4089, #1718, #2874, #5342, #2276, #6674, #4740, #5461, #7223, #7913, #1751, #3596, #4212, #1676, #4132, #1104, #6604, #6076, #524, #1068, #1872, #5710, #4892, #4412, #2546, #6758, #692, #608, #3675, #6883, #36, #1830, #5667, #4290, #8025, #6158, #2462, #1911, #4931, #7420, #5048, #6238 ),
 ( #4330, #1345, #5585, #6796, #1258, #2504, #5626, #3712, #6192, #74, #4369, #3796, #6836, #1300, #3150, #113, #5009, #7503, #1950, #3275, #5757, #6399, #193, #3742, #1860, #846, #5864, #7735, #1225, #618, #5546, #7430, #1879, #4339, #655, #3158, #5635, #4461, #4658, #6484, #407, #4131, #5920 ) ),
 .UNSPECIFIED., .F., .F., .F.,
 ( 4, 3, 3, 3, 4 ),
 ( 4, 3, 3, 3, 3, 3, 3, 3, 3, 3, 3, 3, 3, 3, 4 ),
 ( 0.5618845026822975042, 0.5787694579804365524, 0.5956544132785754897, 0.6125393685767145380, 0.6294243238748535862 ),
 ( -0.0002631078437801016162, 3.513807172731315013E-05, 0.0003333839872347279165, 0.0009298758182495574492, 0.002122859480279216515, 0.004508826804338534645, 0.009280761452457170907, 0.01882463074869444516, 0.02836850004493171595, 0.03314043469305034961, 0.03791236934116899021, 0.07608784652611808030, 0.1524388008960162744, 0.2287897552659144407, 0.3051407096358126347 ),
 .UNSPECIFIED. ) ;
#705 = DIRECTION ( 'NONE',  ( 0.000000000000000000, -0.9999914654931695290, 0.004131457469608316481 ) ) ;
#706 = FACE_OUTER_BOUND ( 'NONE', #7136, .T. ) ;
#707 = CARTESIAN_POINT ( 'NONE',  ( -29.58276128432972030, 30.63415384187179669, 87.87092130248633737 ) ) ;
#708 = FACE_OUTER_BOUND ( 'NONE', #2942, .T. ) ;
#709 = EDGE_CURVE ( 'NONE', #5140, #3954, #1052, .T. ) ;
#710 = DIRECTION ( 'NONE',  ( 0.000000000000000000, 1.000000000000000000, 0.000000000000000000 ) ) ;
#712 = VERTEX_POINT ( 'NONE', #7408 ) ;
#711 = CARTESIAN_POINT ( 'NONE',  ( 50.87203371489453474, 19.93273469430910438, 264.0063586441475536 ) ) ;
#713 = CARTESIAN_POINT ( 'NONE',  ( 6.277070275478069838, 33.00392885690856559, 60.01506639928353337 ) ) ;
#714 = CARTESIAN_POINT ( 'NONE',  ( 38.46190794426814819, 34.54225940004855744, 222.7874425819186968 ) ) ;
#715 = CARTESIAN_POINT ( 'NONE',  ( 30.87935607512158143, 37.21785268815082759, 167.1869972658380448 ) ) ;
#716 = CARTESIAN_POINT ( 'NONE',  ( 2.802163063338699356, 46.66659685966123305, 189.3100880429477115 ) ) ;
#717 = CARTESIAN_POINT ( 'NONE',  ( 149.9999999999999716, 14.23858967693923105, 324.3781664693334506 ) ) ;
#718 = CARTESIAN_POINT ( 'NONE',  ( -59.71558549167485808, -8.266634582424307709, 438.4425714590527150 ) ) ;
#719 = FACE_OUTER_BOUND ( 'NONE', #1630, .T. ) ;
#720 = CARTESIAN_POINT ( 'NONE',  ( 0.5149308928087797943, 47.42800047514611350, 209.0582023389947892 ) ) ;
#721 = CARTESIAN_POINT ( 'NONE',  ( 3.340573480010778695, -14.94576865527262655, -66.08754007650293261 ) ) ;
#722 = EDGE_CURVE ( 'NONE', #4231, #5041, #636, .T. ) ;
#723 = CARTESIAN_POINT ( 'NONE',  ( -6.206854430877400297, 37.94512891613710792, 94.06799362571430834 ) ) ;
#724 = CARTESIAN_POINT ( 'NONE',  ( 35.87462405318740366, 21.74506528669064309, 54.91992776747650851 ) ) ;
#725 = ORIENTED_EDGE ( 'NONE', *, *, #4899, .T. ) ;
#726 = CARTESIAN_POINT ( 'NONE',  ( -5.101282276765734203, 38.71330614730567277, 98.55381652412145854 ) ) ;
#727 = ORIENTED_EDGE ( 'NONE', *, *, #5915, .T. ) ;
#728 = CARTESIAN_POINT ( 'NONE',  ( -149.9999999999997442, 16.89020687609928828, 297.3968004075345561 ) ) ;
#729 = CARTESIAN_POINT ( 'NONE',  ( -0.5149308928087797943, 47.42800047514611350, 209.0582023389947892 ) ) ;
#730 = FILL_AREA_STYLE_COLOUR ( '', #6476 ) ;
#731 = CARTESIAN_POINT ( 'NONE',  ( 1.099358371358075015, 25.93118054957675866, 415.4839356155417249 ) ) ;
#732 = CARTESIAN_POINT ( 'NONE',  ( 4.041874445202654265, 39.98709194155683377, 110.0738541922884224 ) ) ;
#733 = CARTESIAN_POINT ( 'NONE',  ( 0.9489435702740910417, -1.972889249273659606, -51.67460940504316369 ) ) ;
#734 = CARTESIAN_POINT ( 'NONE',  ( 149.9999999999993463, 17.13590603533871715, 269.4952211729575993 ) ) ;
#735 = CARTESIAN_POINT ( 'NONE',  ( 1.993589566883054331, 43.40795531031600518, 158.6948327694251475 ) ) ;
#736 = CARTESIAN_POINT ( 'NONE',  ( 7.499999999999998224, 29.03379387451078486, 41.35575714464881258 ) ) ;
#737 = CARTESIAN_POINT ( 'NONE',  ( -1.132479076897193293, 26.44290785191845927, 24.57581490909045741 ) ) ;
#738 = B_SPLINE_CURVE_WITH_KNOTS ( 'NONE', 3,
 ( #6939, #4347, #1847, #1320, #1887, #3127, #2482, #1366, #5685, #4388, #2562, #7480, #54, #4985 ),
 .UNSPECIFIED., .F., .F.,
 ( 4, 2, 2, 2, 2, 2, 4 ),
 ( 0.0006129779656265513851, 0.006716508875972020988, 0.01282003978631749037, 0.01892357069666296063, 0.02502710160700842915, 0.03723416342769935578, 0.04944122524839028587 ),
 .UNSPECIFIED. ) ;
#739 = CARTESIAN_POINT ( 'NONE',  ( 0.3559279749039774843, 41.96203218423008963, 126.2445224747160921 ) ) ;
#740 = CARTESIAN_POINT ( 'NONE',  ( 0.000000000000000000, 13.75622029850556061, 472.5436863909573617 ) ) ;
#741 = CARTESIAN_POINT ( 'NONE',  ( 5.858275496615892308, 37.99190515529483037, 93.89655869117495968 ) ) ;
#742 = DIRECTION ( 'NONE',  ( -1.000000000000000000, 0.000000000000000000, 0.000000000000000000 ) ) ;
#743 = LINE ( 'NONE', #6412, #1580 ) ;
#744 = CARTESIAN_POINT ( 'NONE',  ( 2.562910308763635570, -10.10991166068970415, 559.0556826788819080 ) ) ;
#745 = CARTESIAN_POINT ( 'NONE',  ( -3.732329755606725641, 47.23383139352144156, 190.4602416727404943 ) ) ;
#746 = CARTESIAN_POINT ( 'NONE',  ( -16.16718982391168780, 34.21572790201819458, 83.24693194637670501 ) ) ;
#747 = CARTESIAN_POINT ( 'NONE',  ( -5.522295483304413111, 43.43599793795236508, 216.4303349023882106 ) ) ;
#748 = CARTESIAN_POINT ( 'NONE',  ( -8.310310928382479645, 42.90754808891568928, 170.6701335449507440 ) ) ;
#749 = CARTESIAN_POINT ( 'NONE',  ( -0.2981712342508909264, 44.16936922584383041, 203.5140816729572748 ) ) ;
#750 = DIRECTION ( 'NONE',  ( 0.000000000000000000, 0.000000000000000000, -1.000000000000000000 ) ) ;
#752 = ORIENTED_EDGE ( 'NONE', *, *, #2675, .T. ) ;
#751 = CARTESIAN_POINT ( 'NONE',  ( 54.00102207192544768, 15.29528807115969968, 241.2492155879526479 ) ) ;
#753 = CARTESIAN_POINT ( 'NONE',  ( 11.61996755449009200, 30.69904461039477184, 54.64905845149740315 ) ) ;
#754 = CARTESIAN_POINT ( 'NONE',  ( 4.548423410648028131, 43.63545684480039455, 181.5151345754006513 ) ) ;
#755 = ADVANCED_FACE ( 'NONE', ( #1288 ), #2495, .T. ) ;
#756 = CARTESIAN_POINT ( 'NONE',  ( -2.940819916204173712, 42.10515374511560793, 133.6338289105798367 ) ) ;
#757 = CARTESIAN_POINT ( 'NONE',  ( -0.03841674511820827864, 43.64986262180851639, 156.8054239573837947 ) ) ;
#758 = CARTESIAN_POINT ( 'NONE',  ( 1.366478399921225106, 47.46879142396698370, 187.3492455994674515 ) ) ;
#759 = CARTESIAN_POINT ( 'NONE',  ( 150.0000000000001421, 9.607543969010292173, 355.1325008380466102 ) ) ;
#760 = CARTESIAN_POINT ( 'NONE',  ( 1.462097396393197579, -8.755891532203142091, 555.1105562664688478 ) ) ;
#761 = CARTESIAN_POINT ( 'NONE',  ( -1.203464411458910080E-14, 37.54752022337576989, 82.95182038454498752 ) ) ;
#762 = CARTESIAN_POINT ( 'NONE',  ( 6.569761624133268363, 43.37378262211559843, 214.0493121098461984 ) ) ;
#763 = FACE_OUTER_BOUND ( 'NONE', #1719, .T. ) ;
#764 = CARTESIAN_POINT ( 'NONE',  ( -7.244824211827613603, 37.80356247653784152, 94.60765201020173265 ) ) ;
#765 = CARTESIAN_POINT ( 'NONE',  ( -0.3842692100656165954, 26.61609245660358880, 24.55097804956509577 ) ) ;
#766 = CARTESIAN_POINT ( 'NONE',  ( 6.226451326350037618, 43.26362613515374278, 170.5811312024648885 ) ) ;
#767 = ADVANCED_FACE ( 'NONE', ( #6823 ), #146, .F. ) ;
#768 = ORIENTED_EDGE ( 'NONE', *, *, #5496, .F. ) ;
#769 = CARTESIAN_POINT ( 'NONE',  ( -40.77674774282340309, 32.03983149079399340, 148.2314218129448307 ) ) ;
#770 = ORIENTED_EDGE ( 'NONE', *, *, #3722, .F. ) ;
#771 = CARTESIAN_POINT ( 'NONE',  ( 1.730417408365614973, 47.76473948255436142, 204.8872388650783591 ) ) ;
#772 = EDGE_CURVE ( 'NONE', #1514, #2875, #7453, .T. ) ;
#773 = CARTESIAN_POINT ( 'NONE',  ( -3.050222097947707045, 47.30767769047432836, 190.1289325589658006 ) ) ;
#774 = B_SPLINE_CURVE_WITH_KNOTS ( 'NONE', 3,
 ( #3242, #87, #4427, #3846, #5725, #4943, #3685, #703, #1270, #5678, #623, #5551, #6251, #5020, #7516, #5638 ),
 .UNSPECIFIED., .F., .F.,
 ( 4, 2, 2, 2, 2, 2, 2, 4 ),
 ( 0.0005121091515825516990, 0.006582343407663460329, 0.01265257766374437015, 0.02479304617590618806, 0.03693351468806800597, 0.04300374894414891319, 0.04603886607218936333, 0.04907398320022982041 ),
 .UNSPECIFIED. ) ;
#775 = PRESENTATION_STYLE_ASSIGNMENT (( #5664 ) ) ;
#776 = CARTESIAN_POINT ( 'NONE',  ( 0.5029842643031070537, 32.03122875688352877, 380.6520867096004395 ) ) ;
#777 = CARTESIAN_POINT ( 'NONE',  ( 2.857415808226826837, -9.927841435840775830, -61.03830314543180435 ) ) ;
#778 = B_SPLINE_CURVE_WITH_KNOTS ( 'NONE', 3,
 ( #7316, #4227, #2958, #7809 ),
 .UNSPECIFIED., .F., .F.,
 ( 4, 4 ),
 ( 2.059984127722458425E-18, 0.0004688472924417156924 ),
 .UNSPECIFIED. ) ;
#779 = LINE ( 'NONE', #2788, #7671 ) ;
#780 = CARTESIAN_POINT ( 'NONE',  ( 39.18271684850100200, 22.06939914322732577, 65.55701733619406468 ) ) ;
#781 = CARTESIAN_POINT ( 'NONE',  ( -7.719643488809967202, 27.77442729243315611, 35.56939208672823582 ) ) ;
#782 = CARTESIAN_POINT ( 'NONE',  ( -54.82390645621840264, 12.55502082587985413, 233.5480463257898407 ) ) ;
#783 = CARTESIAN_POINT ( 'NONE',  ( 0.1303056020404346482, 41.32250089494761625, 117.7474725315741892 ) ) ;
#784 = CARTESIAN_POINT ( 'NONE',  ( 32.19428753779506280, 32.32151973794073996, 107.8890139746035572 ) ) ;
#785 = CARTESIAN_POINT ( 'NONE',  ( -1.573448402819587994E-14, 43.59248601773754928, 128.6496688811247111 ) ) ;
#786 = ORIENTED_EDGE ( 'NONE', *, *, #5392, .F. ) ;
#787 = CARTESIAN_POINT ( 'NONE',  ( 28.66915185648158726, -24.29590384187719465, -55.07514469556929271 ) ) ;
#788 = CARTESIAN_POINT ( 'NONE',  ( 7.845111656632435704, 35.15969567942926233, 75.98500199331577676 ) ) ;
#789 = CARTESIAN_POINT ( 'NONE',  ( -0.4666624454429734725, 46.95419416596106998, 187.8683353890677097 ) ) ;
#790 = CARTESIAN_POINT ( 'NONE',  ( -5.440260614420722618, 34.52197114827175284, 68.08263983235590899 ) ) ;
#791 = LINE ( 'NONE', #2602, #7402 ) ;
#792 = CARTESIAN_POINT ( 'NONE',  ( -3.066662445442881690, 46.84802417386053719, 206.1940387255611995 ) ) ;
#794 = ORIENTED_EDGE ( 'NONE', *, *, #2163, .F. ) ;
#793 = CARTESIAN_POINT ( 'NONE',  ( -0.7020998398433726528, 45.86371172239648786, 130.5683831685448695 ) ) ;
#795 = CARTESIAN_POINT ( 'NONE',  ( -0.2995684576989210979, 33.82329621789313023, 58.09928050248762332 ) ) ;
#796 = CARTESIAN_POINT ( 'NONE',  ( 5.853336319562680856, 43.64474989055954524, 193.7153785728573041 ) ) ;
#797 = CARTESIAN_POINT ( 'NONE',  ( 9.411248664059916891, 41.83694348303426835, 148.5375939453119543 ) ) ;
#798 = CARTESIAN_POINT ( 'NONE',  ( -5.464712794159238385, 43.03332182595320177, 161.6968354875096736 ) ) ;
#799 = AXIS2_PLACEMENT_3D ( 'NONE', #2971, #1777, #4238 ) ;
#800 = CARTESIAN_POINT ( 'NONE',  ( 13.31731313304985065, 38.32335583300963577, 331.1613580124958389 ) ) ;
#801 = CARTESIAN_POINT ( 'NONE',  ( -45.31621566856547645, 35.17839137379450420, 199.0688031926769099 ) ) ;
#802 = VECTOR ( 'NONE', #710, 1000.000000000000000 ) ;
#803 = DIRECTION ( 'NONE',  ( 1.000000000000000000, 0.000000000000000000, 0.000000000000000000 ) ) ;
#804 = CARTESIAN_POINT ( 'NONE',  ( -28.11698015143261742, 5.915450505645251766, -17.51976183688852373 ) ) ;
#805 = CARTESIAN_POINT ( 'NONE',  ( 3.725064797236206093, 47.18508823153483434, 205.8604671828092307 ) ) ;
#806 = CARTESIAN_POINT ( 'NONE',  ( -3.066662445442872365, 43.86679528997784416, 190.4627056561179472 ) ) ;
#807 = CARTESIAN_POINT ( 'NONE',  ( 0.4202267790007024884, 38.80047793794690136, 92.16105142900896396 ) ) ;
#808 = VECTOR ( 'NONE', #6018, 1000.000000000000000 ) ;
#809 = CIRCLE ( 'NONE', #942, 1.000000000000000222 ) ;
#810 = CARTESIAN_POINT ( 'NONE',  ( 1.516293318814301072, 26.40008982353543132, 24.63453273246836162 ) ) ;
#811 = CARTESIAN_POINT ( 'NONE',  ( 11.71431998126018570, 42.49824773669521960, 173.2936462161062821 ) ) ;
#812 = ORIENTED_EDGE ( 'NONE', *, *, #6446, .F. ) ;
#813 = CARTESIAN_POINT ( 'NONE',  ( -7.352552566238724552, 35.22627711423200481, 75.71346787668852585 ) ) ;
#814 = CARTESIAN_POINT ( 'NONE',  ( 1.083397896708238717, 47.10800371953739329, 228.9848588130912788 ) ) ;
#815 = EDGE_CURVE ( 'NONE', #3902, #5195, #5071, .T. ) ;
#816 = CARTESIAN_POINT ( 'NONE',  ( 0.000000000000000000, 45.30957078689160511, 125.6496679993297505 ) ) ;
#817 = CARTESIAN_POINT ( 'NONE',  ( 1.788897586348170865, 20.19855326254756278, 444.2540033977297185 ) ) ;
#818 = CARTESIAN_POINT ( 'NONE',  ( -33.43144744966994608, 36.86060465020875654, 182.0118164850644007 ) ) ;
#819 = ORIENTED_EDGE ( 'NONE', *, *, #1365, .T. ) ;
#820 = CARTESIAN_POINT ( 'NONE',  ( -56.42444719532452524, -4.100048717234659357, 204.2233583779163268 ) ) ;
#821 = LINE ( 'NONE', #4457, #4678 ) ;
#822 = DIRECTION ( 'NONE',  ( -0.0001000150857126695300, -0.005235963805235900256, -0.9999862872459867047 ) ) ;
#823 = CARTESIAN_POINT ( 'NONE',  ( -48.77987092263722246, 22.05944989810452839, 100.3975513208148271 ) ) ;
#824 = CARTESIAN_POINT ( 'NONE',  ( -150.0000000000000853, 15.27823658166833454, 249.4146832441057597 ) ) ;
#825 = CARTESIAN_POINT ( 'NONE',  ( -0.04244548168462752846, 40.55198230978870555, 109.2247598977607339 ) ) ;
#826 = ORIENTED_EDGE ( 'NONE', *, *, #6306, .F. ) ;
#827 = B_SPLINE_CURVE_WITH_KNOTS ( 'NONE', 3,
 ( #3013, #2375, #5486, #2412 ),
 .UNSPECIFIED., .F., .F.,
 ( 4, 4 ),
 ( 0.2283294401700663445, 0.2339484154434426921 ),
 .UNSPECIFIED. ) ;
#828 = VERTEX_POINT ( 'NONE', #1861 ) ;
#829 = CARTESIAN_POINT ( 'NONE',  ( -0.9520731639543362768, -8.547617495532426446, -59.58324036534521895 ) ) ;
#830 = CARTESIAN_POINT ( 'NONE',  ( 5.864871476544760043, 35.42362836038966378, 74.93016414504855049 ) ) ;
#831 = CARTESIAN_POINT ( 'NONE',  ( -8.966662445441933471, 42.93931789672131316, 176.7376644400902705 ) ) ;
#832 = CARTESIAN_POINT ( 'NONE',  ( -7.277915150830229329, 34.28102276643850388, 69.04703958110121675 ) ) ;
#833 = CARTESIAN_POINT ( 'NONE',  ( 2.545275847175163086, 46.97260807575818831, 188.8676678262996518 ) ) ;
#834 = CARTESIAN_POINT ( 'NONE',  ( -3.066662445442872365, 43.81174109905075653, 205.8542147485813985 ) ) ;
#836 = ORIENTED_EDGE ( 'NONE', *, *, #6787, .T. ) ;
#835 = CARTESIAN_POINT ( 'NONE',  ( 56.11130722957283723, 35.86224107201260836, 219.6474666994794234 ) ) ;
#837 = CARTESIAN_POINT ( 'NONE',  ( 5.528195152305203308, 33.09996930569639062, 59.62446957987781104 ) ) ;
#838 = CARTESIAN_POINT ( 'NONE',  ( -0.2756269980032870492, 43.96865732952680617, 214.8247283655521471 ) ) ;
#839 = CARTESIAN_POINT ( 'NONE',  ( -1.173234764075095971, 42.32284041307943312, 133.1996120282157392 ) ) ;
#840 = CARTESIAN_POINT ( 'NONE',  ( 0.3487319070039595070, 47.56846342616801593, 187.2654960560321626 ) ) ;
#841 = CARTESIAN_POINT ( 'NONE',  ( 0.01542657124590696670, 44.12995546022105486, 180.2632729575151984 ) ) ;
#842 = CARTESIAN_POINT ( 'NONE',  ( 39.35302601131734690, 13.53690614029605221, 413.1562519541586767 ) ) ;
#843 = CARTESIAN_POINT ( 'NONE',  ( -31.57476734675940122, 34.37164278338259038, 125.6496688811246685 ) ) ;
#844 = CARTESIAN_POINT ( 'NONE',  ( 6.573565534710661851, 46.82407207325600496, 214.0493121098461131 ) ) ;
#845 = CARTESIAN_POINT ( 'NONE',  ( -56.38420455136408549, -2.341849795747153795, 206.2968260904183353 ) ) ;
#846 = CARTESIAN_POINT ( 'NONE',  ( 5.732124175101611208, 41.19313895600723185, 127.9802080733795862 ) ) ;
#847 = CARTESIAN_POINT ( 'NONE',  ( 8.700276638711796906, 43.12864966517705767, 212.8970381941021230 ) ) ;
#848 = CARTESIAN_POINT ( 'NONE',  ( 87.03917095743797461, -14.78840956284643582, 45.13835781979638995 ) ) ;
#849 = CARTESIAN_POINT ( 'NONE',  ( -4.540932884922366242, 37.10816328875227299, 84.71924361587539920 ) ) ;
#850 = CARTESIAN_POINT ( 'NONE',  ( -5.217544179736568033, 29.52460185390120984, 35.05232067594620560 ) ) ;
#851 = ORIENTED_EDGE ( 'NONE', *, *, #6591, .F. ) ;
#852 = CARTESIAN_POINT ( 'NONE',  ( 0.4377757310705318039, 38.00309846434073791, 85.17457076464027921 ) ) ;
#853 = CARTESIAN_POINT ( 'NONE',  ( -5.833484303085390010, 40.14202268965824771, 320.0000000000000568 ) ) ;
#854 = CARTESIAN_POINT ( 'NONE',  ( -1.366478399919344611, 47.46879142396736739, 187.3492455995021544 ) ) ;
#855 = CARTESIAN_POINT ( 'NONE',  ( 38.94878926629487381, 31.16930290207718812, 125.6496688811246401 ) ) ;
#856 = CARTESIAN_POINT ( 'NONE',  ( -11.54106037115949945, 18.89842486944788291, 438.8770723758824488 ) ) ;
#857 = CARTESIAN_POINT ( 'NONE',  ( 0.4064764348197432708, 43.69047639757938839, 156.7842641941216755 ) ) ;
#858 = EDGE_LOOP ( 'NONE', ( #5224, #609, #3817, #2124 ) ) ;
#859 = CARTESIAN_POINT ( 'NONE',  ( 8.338994894949292913, 40.53405443312315981, 124.1540352109426806 ) ) ;
#860 = EDGE_CURVE ( 'NONE', #3229, #2741, #5359, .T. ) ;
#861 = CARTESIAN_POINT ( 'NONE',  ( -149.9999999999998295, 12.15754626088404500, 232.9814987402332633 ) ) ;
#862 = CARTESIAN_POINT ( 'NONE',  ( -6.440160904563896338E-14, 43.44308833656513258, 153.1813199418049010 ) ) ;
#863 = CARTESIAN_POINT ( 'NONE',  ( 33.62640286048624461, 22.26371553182200458, 52.58870768203712487 ) ) ;
#864 = CARTESIAN_POINT ( 'NONE',  ( -5.464782804719584774, 43.12864966517708609, 212.8970381941021515 ) ) ;
#865 = CARTESIAN_POINT ( 'NONE',  ( -23.38038312808035002, 37.38833027712956891, 92.04395209074077400 ) ) ;
#866 = CARTESIAN_POINT ( 'NONE',  ( -5.523745984235590711, 40.60107467087537714, 119.3688224794455266 ) ) ;
#868 = EDGE_LOOP ( 'NONE', ( #7182, #812, #2626, #819 ) ) ;
#867 = CARTESIAN_POINT ( 'NONE',  ( 2.298081123517590640, 39.36312719113087155, 101.0184667162162526 ) ) ;
#869 = CARTESIAN_POINT ( 'NONE',  ( 39.89698100042868134, 34.04863722148169103, 205.9913666752496511 ) ) ;
#870 = ADVANCED_FACE ( 'NONE', ( #3785 ), #3592, .F. ) ;
#871 = VERTEX_POINT ( 'NONE', #4357 ) ;
#872 = CARTESIAN_POINT ( 'NONE',  ( 12.56828236095124929, -24.59226084328281203, -70.07999748860358125 ) ) ;
#873 = CARTESIAN_POINT ( 'NONE',  ( 52.15675343621850857, 24.71280388010982421, 143.2791291323987650 ) ) ;
#874 = CARTESIAN_POINT ( 'NONE',  ( -3.066662445442872365, 43.88633703986032231, 190.4627056561177199 ) ) ;
#875 = CARTESIAN_POINT ( 'NONE',  ( -2.562135029725942648, 31.84288903619564337, 49.98445543630543852 ) ) ;
#876 = EDGE_CURVE ( 'NONE', #7828, #1550, #2099, .T. ) ;
#877 = CARTESIAN_POINT ( 'NONE',  ( -2.541498724639835505, 46.62694881021999294, 207.4537970731895768 ) ) ;
#878 = B_SPLINE_CURVE_WITH_KNOTS ( 'NONE', 3,
 ( #6028, #2450, #435, #7407, #471, #2935 ),
 .UNSPECIFIED., .F., .F.,
 ( 4, 2, 4 ),
 ( 0.000000000000000000, 0.02904773178044268989, 0.05809546356088537977 ),
 .UNSPECIFIED. ) ;
#879 = FACE_OUTER_BOUND ( 'NONE', #4436, .T. ) ;
#881 = EDGE_LOOP ( 'NONE', ( #5579, #6111, #913, #5750 ) ) ;
#880 = CARTESIAN_POINT ( 'NONE',  ( -0.5120851727837461009, 45.98408210575418309, 252.6190356612356140 ) ) ;
#882 = CARTESIAN_POINT ( 'NONE',  ( 0.005834784540138675084, 35.20583466972178144, 66.58372732904837221 ) ) ;
#883 = CARTESIAN_POINT ( 'NONE',  ( 0.6694194918742129019, 44.13663321171338083, 203.5771398576118827 ) ) ;
#884 = CARTESIAN_POINT ( 'NONE',  ( 1.494878292113341445, 43.82946947159882001, 168.8384070673765223 ) ) ;
#885 = DIRECTION ( 'NONE',  ( 0.000000000000000000, 0.000000000000000000, -1.000000000000000000 ) ) ;
#886 = CARTESIAN_POINT ( 'NONE',  ( -31.40791740341873606, 37.79080290360793981, 201.8077909461006243 ) ) ;
#887 = CARTESIAN_POINT ( 'NONE',  ( 10.87137964986494865, 12.27380154565681281, 466.5267389959417415 ) ) ;
#888 = CARTESIAN_POINT ( 'NONE',  ( -16.01722933144543504, 38.97812789336335015, 125.6496688811247537 ) ) ;
#889 = B_SPLINE_CURVE_WITH_KNOTS ( 'NONE', 3,
 ( #1648, #3069, #4104, #5271, #1605, #3714, #7423, #1040, #4145, #6014, #8028, #4786, #2465, #1874, #2254, #5933 ),
 .UNSPECIFIED., .F., .F.,
 ( 4, 2, 2, 2, 2, 2, 2, 4 ),
 ( 0.000000000000000000, 0.0006275775053394931635, 0.001255155010678986327, 0.001882732516018479491, 0.002510310021357972654, 0.003765465032037017528, 0.004393042537376524136, 0.005020620042716032044 ),
 .UNSPECIFIED. ) ;
#890 = PLANE ( 'NONE',  #7926 ) ;
#891 = CARTESIAN_POINT ( 'NONE',  ( -28.42755645119725472, -3.288475361452404488, -32.29124967184177564 ) ) ;
#892 = CARTESIAN_POINT ( 'NONE',  ( 28.42755645119725472, -3.288475361452404488, -32.29124967184177564 ) ) ;
#893 = CARTESIAN_POINT ( 'NONE',  ( -32.19428753779506280, 32.32151973794073996, 107.8890139746035572 ) ) ;
#894 = CARTESIAN_POINT ( 'NONE',  ( -0.4018873262272664726, 28.72274279970556066, 32.84157838874761381 ) ) ;
#895 = CARTESIAN_POINT ( 'NONE',  ( 35.28039965437951508, 36.24558626576774145, 196.3513971052696547 ) ) ;
#896 = ORIENTED_EDGE ( 'NONE', *, *, #4365, .T. ) ;
#897 = CARTESIAN_POINT ( 'NONE',  ( 0.5653888904529261739, 38.01914307785307301, 85.17994081493787917 ) ) ;
#898 = CARTESIAN_POINT ( 'NONE',  ( 9.650457210473206260, 42.47422119080876257, 108.3197917343866408 ) ) ;
#899 = CARTESIAN_POINT ( 'NONE',  ( 0.000000000000000000, 40.21921743771114421, 320.0002838484802510 ) ) ;
#900 = CARTESIAN_POINT ( 'NONE',  ( -1.772516036646432314, 46.79479583493827732, 188.1942405693711180 ) ) ;
#901 = CARTESIAN_POINT ( 'NONE',  ( 2.801130384182457078, 46.66672242139466675, 189.3079199544102664 ) ) ;
#902 = CARTESIAN_POINT ( 'NONE',  ( -38.69183588737984536, 10.25441671295230073, 424.1220012238796357 ) ) ;
#903 = ORIENTED_EDGE ( 'NONE', *, *, #1955, .F. ) ;
#904 = CARTESIAN_POINT ( 'NONE',  ( 0.2985521476366437832, 41.59132609337416397, 121.1329708132642224 ) ) ;
#905 = CARTESIAN_POINT ( 'NONE',  ( 2.774301182607950889, 16.29813119291236490, -18.81720599228084723 ) ) ;
#906 = CARTESIAN_POINT ( 'NONE',  ( 1.934478504514217212, 47.31423761954161478, 208.7351729261140179 ) ) ;
#907 = CARTESIAN_POINT ( 'NONE',  ( -47.73702248153768579, 19.34457154407635571, 80.40025327563255075 ) ) ;
#908 = CARTESIAN_POINT ( 'NONE',  ( -28.61111077304052586, 38.36692324631497542, 231.0311879713434564 ) ) ;
#909 = CARTESIAN_POINT ( 'NONE',  ( -2.157746065596713780, 47.43923580062173784, 180.7376766213325539 ) ) ;
#910 = CARTESIAN_POINT ( 'NONE',  ( 49.16176366489244742, 15.00000000000000000, 183.6080041517474797 ) ) ;
#912 = EDGE_LOOP ( 'NONE', ( #5711, #6974, #3969 ) ) ;
#911 = CARTESIAN_POINT ( 'NONE',  ( 41.64157118485507425, 31.11313031345780544, 141.7933975905713169 ) ) ;
#913 = ORIENTED_EDGE ( 'NONE', *, *, #5859, .F. ) ;
#914 = CARTESIAN_POINT ( 'NONE',  ( -0.9552145398446717506, -19.79945804760096095, -71.14787201309992781 ) ) ;
#915 = CARTESIAN_POINT ( 'NONE',  ( -0.4377757310705318039, 38.00309846434073791, 85.17457076464027921 ) ) ;
#916 = CARTESIAN_POINT ( 'NONE',  ( 8.966662445441933471, 42.93931789672131316, 176.7376644400902705 ) ) ;
#917 = CARTESIAN_POINT ( 'NONE',  ( 0.07135906138818012834, 33.79491124146035474, 58.08980843041490516 ) ) ;
#918 = CARTESIAN_POINT ( 'NONE',  ( 1.775404981749483246, 43.86679528997784416, 188.1954198799948870 ) ) ;
#919 = EDGE_CURVE ( 'NONE', #6584, #3902, #6142, .T. ) ;
#920 = CARTESIAN_POINT ( 'NONE',  ( 0.000000000000000000, 110.3999999999999773, 187.8683353890677097 ) ) ;
#921 = CARTESIAN_POINT ( 'NONE',  ( 49.29743671353512013, 37.20513467868398294, 254.3835889086999487 ) ) ;
#922 = CARTESIAN_POINT ( 'NONE',  ( -0.1851068913811681482, 36.47005915034658585, 75.10320388068082309 ) ) ;
#923 = ADVANCED_FACE ( 'NONE', ( #2217 ), #4681, .F. ) ;
#924 = LINE ( 'NONE', #304, #3388 ) ;
#925 = CARTESIAN_POINT ( 'NONE',  ( -6.205316380892803352, 43.60161062837699575, 193.8661806387102615 ) ) ;
#926 = CARTESIAN_POINT ( 'NONE',  ( 6.733608421923275245, 13.22468183324905233, 471.8275841911045632 ) ) ;
#927 = FACE_OUTER_BOUND ( 'NONE', #3959, .T. ) ;
#928 = CARTESIAN_POINT ( 'NONE',  ( 0.9438618332980647230, 47.51046885385722618, 187.2859185933851052 ) ) ;
#929 = VECTOR ( 'NONE', #7110, 1000.000000000000000 ) ;
#930 = CARTESIAN_POINT ( 'NONE',  ( -28.23808762699846042, 3.056412852116027423, -22.60677287783177647 ) ) ;
#931 = DIRECTION ( 'NONE',  ( 1.000000000000000000, 0.000000000000000000, 0.000000000000000000 ) ) ;
#932 = CARTESIAN_POINT ( 'NONE',  ( 149.9999999999998579, 5.755319606443136671, 215.4903186742444916 ) ) ;
#933 = CARTESIAN_POINT ( 'NONE',  ( -5.256758928810766562, 37.01440219536857512, 85.04737785524824289 ) ) ;
#934 = CARTESIAN_POINT ( 'NONE',  ( 3.419315568526361204, 28.27941205600841101, 33.42925821746757009 ) ) ;
#935 = ORIENTED_EDGE ( 'NONE', *, *, #3567, .F. ) ;
#936 = VECTOR ( 'NONE', #3731, 1000.000000000000000 ) ;
#937 = CARTESIAN_POINT ( 'NONE',  ( -39.67758785218430262, 30.54741994254591475, 121.6615352536651216 ) ) ;
#938 = CARTESIAN_POINT ( 'NONE',  ( -0.6161072361437418543, 47.71231197339022856, 180.5334442090090192 ) ) ;
#939 = CARTESIAN_POINT ( 'NONE',  ( -5.833484303085390010, 38.83323711334092820, 331.6529499013212217 ) ) ;
#940 = STYLED_ITEM ( 'NONE', ( #41 ), #5847 ) ;
#941 = CARTESIAN_POINT ( 'NONE',  ( 2.530812832210976193, 46.70007913350566042, 188.8763340225443699 ) ) ;
#942 = AXIS2_PLACEMENT_3D ( 'NONE', #1876, #40, #119 ) ;
#943 = CARTESIAN_POINT ( 'NONE',  ( -6.611810512025710906, 16.54561046290216098, 457.6028839167674960 ) ) ;
#944 = CARTESIAN_POINT ( 'NONE',  ( 2.463040405063526617, 2.764101418705058322, 515.2409785199594126 ) ) ;
#945 = B_SPLINE_CURVE_WITH_KNOTS ( 'NONE', 3,
 ( #2862, #3958, #2187, #6439, #358, #5948, #941, #2157, #901, #4613, #5169, #2268, #7085, #6473 ),
 .UNSPECIFIED., .F., .F.,
 ( 4, 2, 2, 2, 2, 2, 4 ),
 ( -5.999999998874213268E-08, 0.001024727169871572120, 0.002049514339743133042, 0.002561907924678885531, 0.003074301509614637586, 0.003586695094550390074, 0.004099088679486142563 ),
 .UNSPECIFIED. ) ;
#946 = ORIENTED_EDGE ( 'NONE', *, *, #4368, .T. ) ;
#947 = AXIS2_PLACEMENT_3D ( 'NONE', #1185, #1918, #1960 ) ;
#948 = CARTESIAN_POINT ( 'NONE',  ( -83.26671075213897666, 10.37568051067605523, 86.68462678675325606 ) ) ;
#949 = AXIS2_PLACEMENT_3D ( 'NONE', #7806, #3536, #5539 ) ;
#950 = CARTESIAN_POINT ( 'NONE',  ( 2.081801094768152005, 47.31351169567739845, 207.8944598825605112 ) ) ;
#951 = CARTESIAN_POINT ( 'NONE',  ( -47.41400113168730712, 28.05056191291043177, 144.9364004704856939 ) ) ;
#952 = CARTESIAN_POINT ( 'NONE',  ( -150.0000000000003695, 17.23251453160983715, 290.2479985875627335 ) ) ;
#953 = DIRECTION ( 'NONE',  ( 0.000000000000000000, 1.000000000000000000, 0.000000000000000000 ) ) ;
#955 = ORIENTED_EDGE ( 'NONE', *, *, #4432, .F. ) ;
#954 = CARTESIAN_POINT ( 'NONE',  ( -0.4459365380444258453, 40.61246111193812425, 109.2213932073169786 ) ) ;
#956 = ORIENTED_EDGE ( 'NONE', *, *, #5496, .T. ) ;
#957 = CARTESIAN_POINT ( 'NONE',  ( 28.53909880752624773, -10.68040278824253164, -41.02084576645206937 ) ) ;
#958 = CARTESIAN_POINT ( 'NONE',  ( -0.01324555726029452186, 37.94957268706907882, 85.16482920569335135 ) ) ;
#959 = PLANE ( 'NONE',  #132 ) ;
#960 = CARTESIAN_POINT ( 'NONE',  ( -33.90749840214521527, 28.48784916350349761, 84.98092442104946542 ) ) ;
#961 = CARTESIAN_POINT ( 'NONE',  ( 0.000000000000000000, 46.74128460556553932, 145.4165540766694278 ) ) ;
#962 = DIRECTION ( 'NONE',  ( -0.000000000000000000, -0.000000000000000000, 1.000000000000000000 ) ) ;
#963 = CARTESIAN_POINT ( 'NONE',  ( 50.07172804542855005, 20.26724883329845284, 270.0327580235693290 ) ) ;
#964 = CARTESIAN_POINT ( 'NONE',  ( 4.988405383305342333, 43.70692552680234400, 204.8819039617565636 ) ) ;
#965 = FACE_OUTER_BOUND ( 'NONE', #1912, .T. ) ;
#966 = CARTESIAN_POINT ( 'NONE',  ( -7.848576149861743900, 43.22011320241209376, 182.9699841111335559 ) ) ;
#967 = EDGE_CURVE ( 'NONE', #2964, #6637, #3240, .T. ) ;
#968 = CARTESIAN_POINT ( 'NONE',  ( -1.287102454013295816, 13.83400975319627690, 472.5008445009838169 ) ) ;
#969 = CARTESIAN_POINT ( 'NONE',  ( -48.29812752918638097, 33.54346625270795101, 191.6673315795659676 ) ) ;
#970 = PLANE ( 'NONE',  #3113 ) ;
#971 = CARTESIAN_POINT ( 'NONE',  ( 2.838695181821947688, 1.681375928194609459, -46.53493995302151376 ) ) ;
#972 = EDGE_CURVE ( 'NONE', #4548, #3931, #4031, .T. ) ;
#973 = FACE_OUTER_BOUND ( 'NONE', #649, .T. ) ;
#974 = CARTESIAN_POINT ( 'NONE',  ( 0.000000000000000000, -5.832248506198543403, -56.54747634531298672 ) ) ;
#975 = CARTESIAN_POINT ( 'NONE',  ( -20.72421402191563544, 34.68788216744135156, 95.06619335699505768 ) ) ;
#976 = CARTESIAN_POINT ( 'NONE',  ( -0.02270544502666119874, 28.67772733616434166, 32.81907671481382494 ) ) ;
#977 = ORIENTED_EDGE ( 'NONE', *, *, #6682, .F. ) ;
#978 = CARTESIAN_POINT ( 'NONE',  ( 0.1186907862718400847, 36.18345181981094782, 73.21109684852048360 ) ) ;
#979 = CARTESIAN_POINT ( 'NONE',  ( -1.404199679686745306, 45.94742635001971109, 130.5641109568593379 ) ) ;
#980 = CARTESIAN_POINT ( 'NONE',  ( -1.761563983812512779, 32.02393952748043660, 380.3584216962848927 ) ) ;
#981 = CARTESIAN_POINT ( 'NONE',  ( 0.4034212941476461034, 44.22930711256393010, 203.4271410983325552 ) ) ;
#982 = ADVANCED_FACE ( 'NONE', ( #1007 ), #2111, .F. ) ;
#983 = CARTESIAN_POINT ( 'NONE',  ( -38.04577553118386390, 6.899135327763927350, 435.0771627741435736 ) ) ;
#984 = ORIENTED_EDGE ( 'NONE', *, *, #5659, .T. ) ;
#985 = CARTESIAN_POINT ( 'NONE',  ( 2.696451919796043484, 24.93304462574336711, 5.026147061896571344 ) ) ;
#986 = CARTESIAN_POINT ( 'NONE',  ( 2.548967723436423860, 47.27830257691343263, 207.4168033985706074 ) ) ;
#987 = CARTESIAN_POINT ( 'NONE',  ( -7.808475627090276205, 25.69516347810183987, 27.35915986174315506 ) ) ;
#988 = CARTESIAN_POINT ( 'NONE',  ( -56.11130722957283723, 35.86224107201260836, 219.6474666994794234 ) ) ;
#989 = CARTESIAN_POINT ( 'NONE',  ( 0.000000000000000000, 32.55432374088007919, 34.84931210984609606 ) ) ;
#991 = EDGE_LOOP ( 'NONE', ( #7992, #5687, #152, #955, #1170, #5478, #4233, #6814, #5166, #7740, #7934, #6271 ) ) ;
#990 = CARTESIAN_POINT ( 'NONE',  ( -0.3809888662540784066, 40.60443535903193890, 109.2201740272889481 ) ) ;
#992 = ORIENTED_EDGE ( 'NONE', *, *, #5955, .F. ) ;
#993 = CARTESIAN_POINT ( 'NONE',  ( 56.27053592963592621, 0.7516941916051447237, 210.4962128354270590 ) ) ;
#994 = CARTESIAN_POINT ( 'NONE',  ( 9.731406652878273889, 38.07028886344819085, 100.9879827381467550 ) ) ;
#995 = PRESENTATION_STYLE_ASSIGNMENT (( #2950 ) ) ;
#996 = CARTESIAN_POINT ( 'NONE',  ( 0.1479011894024702123, 32.17155572631957483, 49.65205579558342208 ) ) ;
#997 = CARTESIAN_POINT ( 'NONE',  ( -0.4666624454429739166, 46.83002249555136132, 208.4485850156316360 ) ) ;
#998 = DIRECTION ( 'NONE',  ( 0.000000000000000000, 0.8157780388654496395, -0.5783651020807193399 ) ) ;
#999 = CARTESIAN_POINT ( 'NONE',  ( 13.94429956090145062, 33.35331556737677516, 73.08085428118226901 ) ) ;
#1000 = VERTEX_POINT ( 'NONE', #5204 ) ;
#1001 = DIRECTION ( 'NONE',  ( 1.000000000000000000, 0.000000000000000000, 0.000000000000000000 ) ) ;
#1002 = CARTESIAN_POINT ( 'NONE',  ( -35.82931914579889110, 35.77334387120422576, 219.0348754841752452 ) ) ;
#1003 = CARTESIAN_POINT ( 'NONE',  ( 57.77097111345211289, -2.535394609008782663, 415.1043187994338837 ) ) ;
#1004 = CARTESIAN_POINT ( 'NONE',  ( 0.000000000000000000, 34.13664544722009708, 41.87202111035239227 ) ) ;
#1005 = CARTESIAN_POINT ( 'NONE',  ( 2.532199516153666341, 43.93690962258846611, 188.8781666888399400 ) ) ;
#1006 = CARTESIAN_POINT ( 'NONE',  ( 0.9247670608693169259, 16.13791471914375109, -18.92185757000694935 ) ) ;
#1007 = FACE_OUTER_BOUND ( 'NONE', #4505, .T. ) ;
#1008 = CARTESIAN_POINT ( 'NONE',  ( -1.885900387860527383, 4.944344929474349115, -41.28297166191669731 ) ) ;
#1009 = CARTESIAN_POINT ( 'NONE',  ( -0.7129018345023701020, 42.97198205091542178, 145.0151164956309913 ) ) ;
#1010 = ADVANCED_FACE ( 'NONE', ( #3462 ), #1612, .F. ) ;
#1011 = CARTESIAN_POINT ( 'NONE',  ( 42.25888208890366116, 20.51793509890882561, 67.30938195805883595 ) ) ;
#1012 = ORIENTED_EDGE ( 'NONE', *, *, #6359, .T. ) ;
#1013 = CARTESIAN_POINT ( 'NONE',  ( -16.01722933144543504, 38.97812789336335015, 125.6496688811247537 ) ) ;
#1014 = CARTESIAN_POINT ( 'NONE',  ( 2.764266699687509821, 40.40007119318590156, 79.70911587689846556 ) ) ;
#1015 = CARTESIAN_POINT ( 'NONE',  ( -13.20776690004548115, 35.51755634591616229, 352.3468663762320716 ) ) ;
#1016 = CARTESIAN_POINT ( 'NONE',  ( -9.992903637741793688, 43.72814503004576636, 125.6496688811247822 ) ) ;
#1017 = PLANE ( 'NONE',  #2224 ) ;
#1018 =( NAMED_UNIT ( * ) SI_UNIT ( $, .STERADIAN. ) SOLID_ANGLE_UNIT ( ) );
#1019 = CARTESIAN_POINT ( 'NONE',  ( 2.152184834420973747, -0.9668156101559031157, 529.2511884921991623 ) ) ;
#1020 = CARTESIAN_POINT ( 'NONE',  ( -0.5516229335255542487, 40.48864567255063207, 109.2591131289116788 ) ) ;
#1021 = ADVANCED_FACE ( 'NONE', ( #973 ), #346, .F. ) ;
#1022 = CARTESIAN_POINT ( 'NONE',  ( 150.0000000000005116, -2.468752498710066856, 425.1262764251987392 ) ) ;
#1023 = ORIENTED_EDGE ( 'NONE', *, *, #2633, .T. ) ;
#1024 = EDGE_CURVE ( 'NONE', #5960, #3129, #5119, .T. ) ;
#1025 = CARTESIAN_POINT ( 'NONE',  ( 2.799917590529235500, 11.95000122839068979, -28.37908123879857314 ) ) ;
#1026 = DIRECTION ( 'NONE',  ( 8.372497766808339307E-17, 0.9999862922474268556, -0.005235963831417928156 ) ) ;
#1027 = CARTESIAN_POINT ( 'NONE',  ( -17.90558932272608672, 45.27588651669087483, 188.1410139065363012 ) ) ;
#1028 = EDGE_LOOP ( 'NONE', ( #3559, #3879, #5462, #4361, #670, #2165, #4972, #5298, #4777, #2505, #5123, #1549, #3544, #4583, #4205, #5002, #2455, #786, #7599, #7441, #5792 ) ) ;
#1029 = CARTESIAN_POINT ( 'NONE',  ( -0.1327634761024131249, 43.93700586790405538, 214.8784139834819200 ) ) ;
#1030 = VERTEX_POINT ( 'NONE', #847 ) ;
#1031 = CARTESIAN_POINT ( 'NONE',  ( -2.846830710822273236, -1.888371530433603951, -51.63176871257518741 ) ) ;
#1032 = CARTESIAN_POINT ( 'NONE',  ( 8.127863644655256792, 36.88321940428167522, 88.09250239503984403 ) ) ;
#1033 =( NAMED_UNIT ( * ) PLANE_ANGLE_UNIT ( ) SI_UNIT ( $, .RADIAN. ) );
#1034 = CARTESIAN_POINT ( 'NONE',  ( 0.1626930495204702010, 33.80626642674950233, 58.09305665699815791 ) ) ;
#1035 = CARTESIAN_POINT ( 'NONE',  ( 0.000000000000000000, 32.55432374088007919, 34.84931210984609606 ) ) ;
#1036 = CARTESIAN_POINT ( 'NONE',  ( -3.061884855438501862, 47.22557853475557721, 207.8162670208564009 ) ) ;
#1037 = CARTESIAN_POINT ( 'NONE',  ( 149.9999999999999432, 13.01685150340217767, 333.3876767047953535 ) ) ;
#1038 = CARTESIAN_POINT ( 'NONE',  ( 21.48872230575443609, 32.18229865373652387, 78.81237202852508972 ) ) ;
#1039 = CARTESIAN_POINT ( 'NONE',  ( 22.43300022799069282, 40.41762411290704193, 225.5680443277166773 ) ) ;
#1040 = CARTESIAN_POINT ( 'NONE',  ( -3.072201666935340914, 47.29651594674319881, 188.5067173255237378 ) ) ;
#1041 = CARTESIAN_POINT ( 'NONE',  ( 7.182069076493386106, -7.765377059782173852, 549.2849336186909568 ) ) ;
#1042 = CARTESIAN_POINT ( 'NONE',  ( -16.35073773490970339, 41.96130020172783048, 214.0493121098462552 ) ) ;
#1043 = CARTESIAN_POINT ( 'NONE',  ( -85.15847978174487309, 3.904776106732709806, 71.64136231852130265 ) ) ;
#1044 = CARTESIAN_POINT ( 'NONE',  ( 3.268646977093212946, 11.48290530004461019, -28.67737780092130606 ) ) ;
#1045 = CARTESIAN_POINT ( 'NONE',  ( 0.1433722446350675084, 43.66148583811580153, 156.7977386777201048 ) ) ;
#1046 = CARTESIAN_POINT ( 'NONE',  ( 7.329948777003390425, 27.82164798002742501, 35.34288592551288133 ) ) ;
#1047 = ORIENTED_EDGE ( 'NONE', *, *, #7567, .T. ) ;
#1048 = CARTESIAN_POINT ( 'NONE',  ( -0.4399404841981351955, 41.68139457621333577, 121.1098509895288515 ) ) ;
#1049 = DIRECTION ( 'NONE',  ( 0.0001000137147306351425, 0.000000000000000000, 0.9999999949986283498 ) ) ;
#1050 = CARTESIAN_POINT ( 'NONE',  ( -1.730417408365614973, 47.76473948255436142, 204.8872388650783591 ) ) ;
#1051 = CARTESIAN_POINT ( 'NONE',  ( -2.253861092064105787, 13.62000221831030800, 472.6187073565538412 ) ) ;
#1052 = CIRCLE ( 'NONE', #3235, 1.000000000000000222 ) ;
#1053 = DIRECTION ( 'NONE',  ( -1.000000000000000000, 0.000000000000000000, 0.000000000000000000 ) ) ;
#1054 = CARTESIAN_POINT ( 'NONE',  ( -39.51737934968350174, 22.19484139382714716, 67.10326466656451316 ) ) ;
#1055 = CARTESIAN_POINT ( 'NONE',  ( 0.3111191587599625441, 46.84257786247549404, 208.4485850156316360 ) ) ;
#1056 = CARTESIAN_POINT ( 'NONE',  ( -56.79090820126123873, -0.6367270459114310333, 407.3366011671671458 ) ) ;
#1057 = CARTESIAN_POINT ( 'NONE',  ( 0.04232899266398476579, 40.56250266162179230, 109.2216116471922760 ) ) ;
#1058 = VECTOR ( 'NONE', #2031, 1000.000000000000000 ) ;
#1059 = CARTESIAN_POINT ( 'NONE',  ( 9.652764452307431853, -8.494098938562002488, 541.5631860185608275 ) ) ;
#1060 = ORIENTED_EDGE ( 'NONE', *, *, #6194, .F. ) ;
#1061 = CARTESIAN_POINT ( 'NONE',  ( -0.07154550806378905115, 41.61907289559373169, 121.1210550245039315 ) ) ;
#1062 = CARTESIAN_POINT ( 'NONE',  ( -68.02388392350869140, 29.98456005054444162, 166.0820768548770161 ) ) ;
#1063 = EDGE_CURVE ( 'NONE', #7986, #6174, #3306, .T. ) ;
#1064 = VECTOR ( 'NONE', #1222, 1000.000000000000000 ) ;
#1065 = CARTESIAN_POINT ( 'NONE',  ( -59.97550560955480847, 34.43158503966466810, 201.9292928342558184 ) ) ;
#1066 = AXIS2_PLACEMENT_3D ( 'NONE', #7199, #7238, #6052 ) ;
#1067 = AXIS2_PLACEMENT_3D ( 'NONE', #6078, #570, #526 ) ;
#1069 = EDGE_LOOP ( 'NONE', ( #5914, #6562 ) ) ;
#1068 = CARTESIAN_POINT ( 'NONE',  ( 2.876856005080010270, 40.94758600601111453, 118.2859108012792575 ) ) ;
#1070 = B_SPLINE_CURVE_WITH_KNOTS ( 'NONE', 3,
 ( #7278, #1004, #425, #2401, #1732, #1118, #4866, #3459, #6051, #2846, #498, #7927, #5640, #6130, #5514, #6206, #4981 ),
 .UNSPECIFIED., .F., .F.,
 ( 4, 1, 1, 1, 1, 1, 1, 1, 1, 1, 2, 2, 4 ),
 ( 0.000000000000000000, 0.2500000000000436318, 0.3750000000000655587, 0.4375000000000767719, 0.4687500000000823785, 0.4843750000000853762, 0.4921875000000868750, 0.4960937500000874856, 0.4980468750000877631, 0.4990234375000881517, 0.4995117187500880962, 0.5000000000000880407, 1.000000000000000000 ),
 .UNSPECIFIED. ) ;
#1071 = CARTESIAN_POINT ( 'NONE',  ( 56.38420455136408549, -2.341849795747153795, 206.2968260904183353 ) ) ;
#1072 = CARTESIAN_POINT ( 'NONE',  ( 17.31799365593810336, 36.88772177408284847, 105.9352206977148541 ) ) ;
#1073 = CARTESIAN_POINT ( 'NONE',  ( 0.000000000000000000, 26.87530127623825749, 23.34527260323320164 ) ) ;
#1074 = CARTESIAN_POINT ( 'NONE',  ( -7.617775872104308732, 29.60611247345819308, 43.88113577552164912 ) ) ;
#1075 = CARTESIAN_POINT ( 'NONE',  ( -3.066662445442863039, 46.63744080576727669, 190.4627056561178051 ) ) ;
#1076 = CARTESIAN_POINT ( 'NONE',  ( -1.934478504513137187, 47.31423761954204821, 208.7351729260907689 ) ) ;
#1077 = CARTESIAN_POINT ( 'NONE',  ( 0.000000000000000000, 41.02506332365900477, 312.7991820443241977 ) ) ;
#1078 = CARTESIAN_POINT ( 'NONE',  ( -3.066662445442850604, 43.88810929512120396, 200.7238417838993882 ) ) ;
#1079 = CARTESIAN_POINT ( 'NONE',  ( 44.95965009189017536, 30.33988575092048379, 128.6496688811247111 ) ) ;
#1080 = CARTESIAN_POINT ( 'NONE',  ( -29.23043508233181598, 42.04935712267781867, 212.4468602575419141 ) ) ;
#1081 = CARTESIAN_POINT ( 'NONE',  ( 3.066662445442872365, 110.3999999999999773, 205.8542147485816258 ) ) ;
#1082 = CARTESIAN_POINT ( 'NONE',  ( 55.92567994943940590, 5.748511191116895347, 218.7264803032683460 ) ) ;
#1083 = CARTESIAN_POINT ( 'NONE',  ( 0.3110259915201076253, 43.09041273430165120, 144.9223653447606068 ) ) ;
#1084 = CARTESIAN_POINT ( 'NONE',  ( 4.084096077758421650, 31.65839837102248211, 50.54227533361336810 ) ) ;
#1085 = ORIENTED_EDGE ( 'NONE', *, *, #6446, .T. ) ;
#1086 = CARTESIAN_POINT ( 'NONE',  ( -0.3642693113751057088, 43.09650020462139253, 144.9207970467758742 ) ) ;
#1087 = CARTESIAN_POINT ( 'NONE',  ( -42.52189211563295856, 29.31880112443003483, 125.6496688811247253 ) ) ;
#1088 = CARTESIAN_POINT ( 'NONE',  ( 2.157746065596713780, 47.43923580062173784, 180.7376766213325539 ) ) ;
#1089 = CARTESIAN_POINT ( 'NONE',  ( -6.611810512025710906, 16.54561046290216098, 457.6028839167674960 ) ) ;
#1090 = CARTESIAN_POINT ( 'NONE',  ( -45.08265053890458063, 31.67875028968397544, 125.6496688811248532 ) ) ;
#1091 = CARTESIAN_POINT ( 'NONE',  ( 48.61187793578222482, 27.13773935310525331, 164.2690193877255354 ) ) ;
#1092 = CARTESIAN_POINT ( 'NONE',  ( 6.005015594473364082, 42.84486170921906734, 158.6980263216222227 ) ) ;
#1093 = CARTESIAN_POINT ( 'NONE',  ( -34.80994116200277233, 35.97712765639536059, 228.0200746408928580 ) ) ;
#1094 = CARTESIAN_POINT ( 'NONE',  ( 0.7315842355799940799, -9.573308037895744249, 557.6533037653249494 ) ) ;
#1095 = CARTESIAN_POINT ( 'NONE',  ( 0.3359204079505164753, 39.69437375645151178, 100.6888687639811195 ) ) ;
#1096 = CARTESIAN_POINT ( 'NONE',  ( 56.79090820126123873, -0.6367270459114310333, 407.3366011671671458 ) ) ;
#1097 = ORIENTED_EDGE ( 'NONE', *, *, #7807, .T. ) ;
#1098 = CARTESIAN_POINT ( 'NONE',  ( -41.33302968505914521, 32.97251127034650153, 173.3855202608173443 ) ) ;
#1099 = CARTESIAN_POINT ( 'NONE',  ( 1.974914245429317816, 47.28203194932483200, 155.6413165022189844 ) ) ;
#1100 = CARTESIAN_POINT ( 'NONE',  ( 32.18591200109555217, 26.35329278431959921, 50.54759823604332070 ) ) ;
#1101 = ORIENTED_EDGE ( 'NONE', *, *, #4123, .T. ) ;
#1102 = CARTESIAN_POINT ( 'NONE',  ( 0.000000000000000000, 40.21921743771114421, 320.0002838484802510 ) ) ;
#1103 = ADVANCED_FACE ( 'NONE', ( #1121 ), #1196, .F. ) ;
#1105 = ORIENTED_EDGE ( 'NONE', *, *, #1157, .F. ) ;
#1104 = CARTESIAN_POINT ( 'NONE',  ( 0.8711720493221336570, 41.19925975862944512, 117.8251513396264443 ) ) ;
#1106 = CARTESIAN_POINT ( 'NONE',  ( -1.097754699641573239E-14, 43.73125660884991106, 161.6931810761359998 ) ) ;
#1107 = CARTESIAN_POINT ( 'NONE',  ( 7.911743269863823258, 38.32939573413409562, 99.97812325260515820 ) ) ;
#1108 = FILL_AREA_STYLE ('',( #2879 ) ) ;
#1109 = CARTESIAN_POINT ( 'NONE',  ( 0.3645910820062391311, 30.56494081343502245, 41.22501844085202549 ) ) ;
#1110 = FACE_OUTER_BOUND ( 'NONE', #2948, .T. ) ;
#1111 = CARTESIAN_POINT ( 'NONE',  ( 0.4666624454429731395, 46.83002249555135421, 209.0485850156316019 ) ) ;
#1112 = CARTESIAN_POINT ( 'NONE',  ( -0.9419369969250757091, 40.21919929812739269, 320.0004459445724478 ) ) ;
#1113 = EDGE_CURVE ( 'NONE', #1301, #6735, #1654, .T. ) ;
#1114 = DIRECTION ( 'NONE',  ( 0.000000000000000000, -1.000000000000000000, 0.000000000000000000 ) ) ;
#1115 = CARTESIAN_POINT ( 'NONE',  ( -150.0000000000000284, -1.592874936842195055, 207.1259537470125736 ) ) ;
#1116 = EDGE_CURVE ( 'NONE', #5418, #6983, #738, .T. ) ;
#1117 = CARTESIAN_POINT ( 'NONE',  ( 9.631319324692816153, -9.937326209155806112, 546.2879777790365097 ) ) ;
#1118 = CARTESIAN_POINT ( 'NONE',  ( -0.000000000000000000, 40.10880558410013208, 76.49252383016238355 ) ) ;
#1119 = CARTESIAN_POINT ( 'NONE',  ( -7.500000000000000000, 29.53798679771910685, 35.11146767574277305 ) ) ;
#1120 = CARTESIAN_POINT ( 'NONE',  ( -3.147860296435570415, 24.32371408104542709, 4.633680387658797528 ) ) ;
#1121 = FACE_OUTER_BOUND ( 'NONE', #7138, .T. ) ;
#1123 = EDGE_LOOP ( 'NONE', ( #5173, #5806, #390, #7174 ) ) ;
#1122 = CARTESIAN_POINT ( 'NONE',  ( 85.15847978174487309, 3.904776106732709806, 71.64136231852130265 ) ) ;
#1124 = CARTESIAN_POINT ( 'NONE',  ( 0.1288091360282911935, 32.13767396786337116, 49.64671427714880991 ) ) ;
#1125 = EDGE_LOOP ( 'NONE', ( #6710, #216, #5374, #3941 ) ) ;
#1126 = CARTESIAN_POINT ( 'NONE',  ( -0.5149308928087902304, 47.42800047514610640, 209.0582023389947608 ) ) ;
#1127 = CARTESIAN_POINT ( 'NONE',  ( 16.66315168157811755, 45.58974530259764180, 211.4847522036016585 ) ) ;
#1128 = CARTESIAN_POINT ( 'NONE',  ( -38.69183588737984536, 10.25441671295230073, 424.1220012238796357 ) ) ;
#1129 = CARTESIAN_POINT ( 'NONE',  ( -41.50725263636608986, 33.60784168247965908, 125.6496688811249101 ) ) ;
#1130 = CARTESIAN_POINT ( 'NONE',  ( -17.27831158787052956, 25.62948312241316984, 38.52249073191282491 ) ) ;
#1131 = CARTESIAN_POINT ( 'NONE',  ( 0.000000000000000000, 0.000000000000000000, 0.000000000000000000 ) ) ;
#1132 = CARTESIAN_POINT ( 'NONE',  ( 0.3385639373840689803, 44.29706358365112351, 191.8960409178246493 ) ) ;
#1133 = CARTESIAN_POINT ( 'NONE',  ( 1.451531298192344277, -4.583017096774475441, 541.4743903544048180 ) ) ;
#1134 = CARTESIAN_POINT ( 'NONE',  ( -33.33269708931850772, 34.49308785731280835, 135.1060732246742191 ) ) ;
#1135 = DIRECTION ( 'NONE',  ( 0.000000000000000000, 0.000000000000000000, -1.000000000000000000 ) ) ;
#1136 = VERTEX_POINT ( 'NONE', #6812 ) ;
#1137 = CARTESIAN_POINT ( 'NONE',  ( -19.07571074479632145, 38.75914681572574949, 131.2761699877906665 ) ) ;
#1138 = CARTESIAN_POINT ( 'NONE',  ( -3.035287670926654968, 31.01651801567224354, 29.24765051123930704 ) ) ;
#1139 = CARTESIAN_POINT ( 'NONE',  ( 38.58878154601652000, 25.90277134777780077, 63.28481302820900112 ) ) ;
#1140 = VERTEX_POINT ( 'NONE', #7524 ) ;
#1141 = CARTESIAN_POINT ( 'NONE',  ( -43.14658061911373466, 35.50342271598734101, 304.1660564602935892 ) ) ;
#1143 = ORIENTED_EDGE ( 'NONE', *, *, #7607, .T. ) ;
#1142 = CARTESIAN_POINT ( 'NONE',  ( 1.231719214680202290, 40.40362534764524582, 109.3447537072401730 ) ) ;
#1144 = CARTESIAN_POINT ( 'NONE',  ( 7.654305891595941880, 36.94919145959247686, 87.83091989974541036 ) ) ;
#1145 = CARTESIAN_POINT ( 'NONE',  ( 43.95965009189017536, 30.33988575092048379, 122.6496688811247111 ) ) ;
#1146 = CARTESIAN_POINT ( 'NONE',  ( -27.07495971813439439, 26.82376476206555438, 59.40422775273532352 ) ) ;
#1147 = DIRECTION ( 'NONE',  ( 0.000000000000000000, -1.000000000000000000, 0.000000000000000000 ) ) ;
#1148 = CARTESIAN_POINT ( 'NONE',  ( -1.766347596333984082, 46.70195167255928226, 208.1074055756336065 ) ) ;
#1149 = CARTESIAN_POINT ( 'NONE',  ( -1.412905495387613675, 38.87119500223062829, 332.0564048275492723 ) ) ;
#1150 = CARTESIAN_POINT ( 'NONE',  ( 6.794558149371150435, 35.57707986698876823, 77.30506591113496029 ) ) ;
#1151 = CARTESIAN_POINT ( 'NONE',  ( 0.000000000000000000, 0.000000000000000000, 125.6496688811247253 ) ) ;
#1152 = CARTESIAN_POINT ( 'NONE',  ( 0.000000000000000000, -8.823511411159953965, 555.1857276250582345 ) ) ;
#1153 = CARTESIAN_POINT ( 'NONE',  ( -6.569761624133268363, 43.37378262211559843, 214.0493121098461984 ) ) ;
#1154 = CARTESIAN_POINT ( 'NONE',  ( 3.066662445442875917, 46.58797009215936669, 205.8542147485817111 ) ) ;
#1155 = ADVANCED_FACE ( 'NONE', ( #5024 ), #3815, .F. ) ;
#1156 = CARTESIAN_POINT ( 'NONE',  ( -0.9247670608693169259, 16.13791471914375109, -18.92185757000694935 ) ) ;
#1157 = EDGE_CURVE ( 'NONE', #687, #467, #6172, .T. ) ;
#1158 = CARTESIAN_POINT ( 'NONE',  ( 48.77987092263722246, 22.05944989810452839, 100.3975513208148271 ) ) ;
#1159 = EDGE_LOOP ( 'NONE', ( #1906, #1867, #4169, #7097 ) ) ;
#1160 = CARTESIAN_POINT ( 'NONE',  ( -40.20594781382494887, 33.71722073997202074, 182.5768526344181168 ) ) ;
#1161 = LINE ( 'NONE', #7894, #2968 ) ;
#1162 = CARTESIAN_POINT ( 'NONE',  ( -1.423592574024759250, 42.54900955428178833, 298.0807919074272831 ) ) ;
#1163 = CARTESIAN_POINT ( 'NONE',  ( 0.6201986524214535557, 17.04685725042859801, 458.4078278594934659 ) ) ;
#1164 = DIRECTION ( 'NONE',  ( 0.000000000000000000, 0.8157780388654496395, -0.5783651020807193399 ) ) ;
#1165 = CARTESIAN_POINT ( 'NONE',  ( -22.71421155295001526, 24.45956905618236021, 41.54119543226754985 ) ) ;
#1166 = DIRECTION ( 'NONE',  ( -0.000000000000000000, -0.2207185206809203770, -0.9753375490713079854 ) ) ;
#1167 = CARTESIAN_POINT ( 'NONE',  ( 2.193146094589796480, -8.722081592724736154, 555.0729705871741544 ) ) ;
#1168 = CARTESIAN_POINT ( 'NONE',  ( -7.105821175238780540, 38.72730869460587400, 103.0748756993600779 ) ) ;
#1169 = CARTESIAN_POINT ( 'NONE',  ( -24.69593689737735787, 27.76525265095548889, 43.02580118794318054 ) ) ;
#1170 = ORIENTED_EDGE ( 'NONE', *, *, #2927, .F. ) ;
#1171 = CARTESIAN_POINT ( 'NONE',  ( 0.2687923154266008141, 41.66058430399731805, 121.1100961601682968 ) ) ;
#1172 = CARTESIAN_POINT ( 'NONE',  ( 1.404199679686745306, 45.94742635001971109, 130.5641109568593379 ) ) ;
#1173 = CARTESIAN_POINT ( 'NONE',  ( -1.147908332238114726, 46.87206515280149688, 187.9364574358571076 ) ) ;
#1174 = CARTESIAN_POINT ( 'NONE',  ( -49.16176366489246163, 28.98708836058777649, 183.6080041517474797 ) ) ;
#1175 = CARTESIAN_POINT ( 'NONE',  ( 1.412905495387613675, 40.21919022833552049, 320.0005269926185747 ) ) ;
#1176 = CARTESIAN_POINT ( 'NONE',  ( -8.099326851220171264, 43.01348348942376276, 171.4644991433609675 ) ) ;
#1178 = ORIENTED_EDGE ( 'NONE', *, *, #7612, .T. ) ;
#1177 = CARTESIAN_POINT ( 'NONE',  ( 23.45578288264695388, 36.89726472037693128, 123.1042531399051114 ) ) ;
#1179 = CARTESIAN_POINT ( 'NONE',  ( 0.1391087557042866851, 43.95816889768386915, 214.8413350479933968 ) ) ;
#1180 = AXIS2_PLACEMENT_3D ( 'NONE', #7870, #4772, #4173 ) ;
#1181 = CARTESIAN_POINT ( 'NONE',  ( -0.8834387404823768053, 28.31537238341890372, 17.13475425666132068 ) ) ;
#1182 = CARTESIAN_POINT ( 'NONE',  ( -1.000000000000015987, 43.59248601773754928, 128.6496688811247111 ) ) ;
#1183 = CARTESIAN_POINT ( 'NONE',  ( -0.000000000000000000, 47.17299442452054592, 208.5256969858957063 ) ) ;
#1184 = CARTESIAN_POINT ( 'NONE',  ( -1.461454549969837702, 30.34604311387674969, 41.30909596085570001 ) ) ;
#1185 = CARTESIAN_POINT ( 'NONE',  ( -43.95965009189017536, 30.33988575092048379, 122.6496688811247111 ) ) ;
#1186 = CARTESIAN_POINT ( 'NONE',  ( -0.1970792085156052031, 41.89543116115142141, 126.2650769681816456 ) ) ;
#1187 = AXIS2_PLACEMENT_3D ( 'NONE', #2829, #7789, #447 ) ;
#1188 = CARTESIAN_POINT ( 'NONE',  ( 12.86356880811151981, 31.41958604971774349, 377.2397787413708556 ) ) ;
#1189 = CARTESIAN_POINT ( 'NONE',  ( 5.522295483304413111, 43.43599793795236508, 216.4303349023882106 ) ) ;
#1190 = CYLINDRICAL_SURFACE ( 'NONE', #6871, 1.000000000000000888 ) ;
#1191 = CARTESIAN_POINT ( 'NONE',  ( 0.4393696625327470628, 44.03700864818544147, 168.5665206796041673 ) ) ;
#1192 = AXIS2_PLACEMENT_3D ( 'NONE', #499, #1805, #6091 ) ;
#1193 = CARTESIAN_POINT ( 'NONE',  ( -1.463589819017925731, -9.937233235580697155, 558.8774522703039338 ) ) ;
#1194 = DIRECTION ( 'NONE',  ( 0.000000000000000000, 0.2207185206826549340, 0.9753375490709154105 ) ) ;
#1195 = CARTESIAN_POINT ( 'NONE',  ( -48.88657322536434435, 32.77474418840897386, 173.9298047813977917 ) ) ;
#1196 = PLANE ( 'NONE',  #1707 ) ;
#1198 = VERTEX_POINT ( 'NONE', #1275 ) ;
#1197 = CARTESIAN_POINT ( 'NONE',  ( 26.84291305568621766, 21.64135502705829950, 20.87972938593452810 ) ) ;
#1199 = CARTESIAN_POINT ( 'NONE',  ( 6.749969011911905348, 31.32877011231417086, 51.82798438781317429 ) ) ;
#1200 = CARTESIAN_POINT ( 'NONE',  ( -0.01542657124590696670, 44.12995546022105486, 180.2632729575151984 ) ) ;
#1201 = ADVANCED_FACE ( 'NONE', ( #4304, #586 ), #3207, .F. ) ;
#1202 = CARTESIAN_POINT ( 'NONE',  ( 15.82479772624355974, 40.20820174580330786, 140.5810923117685149 ) ) ;
#1203 = CARTESIAN_POINT ( 'NONE',  ( 0.4666624454429734725, 46.95419416596106998, 187.8683353890676244 ) ) ;
#1204 = CARTESIAN_POINT ( 'NONE',  ( -0.4892629760207006240, 44.45612882444888214, 275.6643461148192387 ) ) ;
#1205 = CARTESIAN_POINT ( 'NONE',  ( 1.371592355364178228, 6.821518167627450779, 500.7095233472878135 ) ) ;
#1206 = DIRECTION ( 'NONE',  ( 0.000000000000000000, 0.000000000000000000, -1.000000000000000000 ) ) ;
#1207 = CARTESIAN_POINT ( 'NONE',  ( -150.0000000000000284, 1.252786731943029253, 209.9251019480679190 ) ) ;
#1208 = DIRECTION ( 'NONE',  ( 8.372497766808338075E-17, -0.9999862922474268556, 0.005235963831417927289 ) ) ;
#1209 = CARTESIAN_POINT ( 'NONE',  ( -149.9999999999998579, -5.139754097654222420, 439.4216061485305431 ) ) ;
#1210 = CARTESIAN_POINT ( 'NONE',  ( -10.23346072524577721, 39.19267088102691332, 113.2638953054299549 ) ) ;
#1211 = CARTESIAN_POINT ( 'NONE',  ( -0.7317949095089628653, -9.968616617790203804, 558.9098446958789737 ) ) ;
#1212 = EDGE_CURVE ( 'NONE', #5807, #4307, #668, .T. ) ;
#1213 = ORIENTED_EDGE ( 'NONE', *, *, #7554, .F. ) ;
#1214 = CARTESIAN_POINT ( 'NONE',  ( -46.56961890987773245, 30.54034029973761477, 185.2268875778310644 ) ) ;
#1215 = EDGE_LOOP ( 'NONE', ( #2073, #7637, #7482, #606 ) ) ;
#1216 = CARTESIAN_POINT ( 'NONE',  ( 0.7892887599068222348, 40.84728336498595525, 79.87203680722943488 ) ) ;
#1217 = EDGE_CURVE ( 'NONE', #4125, #3631, #133, .T. ) ;
#1218 = CARTESIAN_POINT ( 'NONE',  ( -30.60386744454129726, 37.95608591760043282, 211.9216485923682853 ) ) ;
#1219 = CARTESIAN_POINT ( 'NONE',  ( -1.649437573462356754, 41.01991156795418902, 312.8522970477960143 ) ) ;
#1220 = ORIENTED_EDGE ( 'NONE', *, *, #6248, .F. ) ;
#1221 = CARTESIAN_POINT ( 'NONE',  ( -0.4411898220183779196, 40.55316943337765423, 109.1399815194120748 ) ) ;
#1222 = DIRECTION ( 'NONE',  ( 0.000000000000000000, -1.000000000000000000, 0.000000000000000000 ) ) ;
#1223 = CARTESIAN_POINT ( 'NONE',  ( -0.7072060572467590012, 30.43583695333697037, 41.22538954145779400 ) ) ;
#1224 = CARTESIAN_POINT ( 'NONE',  ( -0.3111191587599625441, 46.84257786247549404, 208.4485850156316360 ) ) ;
#1225 = CARTESIAN_POINT ( 'NONE',  ( 6.684477020422246341, 41.06389978155379339, 128.4455484078435177 ) ) ;
#1226 = CARTESIAN_POINT ( 'NONE',  ( -1.509401077140568814, 41.73512236064745906, 126.4531587515237163 ) ) ;
#1227 = CARTESIAN_POINT ( 'NONE',  ( 51.14854028299649258, 8.032565948868031214, 369.8610693905080211 ) ) ;
#1228 = CARTESIAN_POINT ( 'NONE',  ( 29.06488795870288300, 31.87229927035604859, 95.68159302832383162 ) ) ;
#1229 = CARTESIAN_POINT ( 'NONE',  ( 8.966662445441356155, 140.4842180462710530, 161.1865791250930329 ) ) ;
#1230 = FACE_OUTER_BOUND ( 'NONE', #6349, .T. ) ;
#1231 = CARTESIAN_POINT ( 'NONE',  ( -42.95965009189016826, 30.33988575092048379, 128.6496688811247111 ) ) ;
#1232 = CARTESIAN_POINT ( 'NONE',  ( 0.8067805704859051241, 43.81174109905075653, 208.4485850156316360 ) ) ;
#1233 = CARTESIAN_POINT ( 'NONE',  ( -6.005015594473364082, 42.84486170921906734, 158.6980263216222227 ) ) ;
#1234 = CARTESIAN_POINT ( 'NONE',  ( -7.500000000000000000, 29.52392101739476260, 35.04931211369479627 ) ) ;
#1235 = CARTESIAN_POINT ( 'NONE',  ( -42.23908899243181736, 28.49071320547025365, 87.90735781082256040 ) ) ;
#1237 = ORIENTED_EDGE ( 'NONE', *, *, #6953, .T. ) ;
#1236 = CARTESIAN_POINT ( 'NONE',  ( -2.469858351745394476, 37.72654402396099016, 58.86823661618673498 ) ) ;
#1238 = CARTESIAN_POINT ( 'NONE',  ( 4.916281030191664847, 29.93636678136257601, 42.44015571374725226 ) ) ;
#1239 = VERTEX_POINT ( 'NONE', #2521 ) ;
#1240 = CARTESIAN_POINT ( 'NONE',  ( 0.3212014002324086737, 42.50196807632772789, 133.0558545396477825 ) ) ;
#1241 = CARTESIAN_POINT ( 'NONE',  ( -0.3212014002324086737, 42.50196807632772789, 133.0558545396477825 ) ) ;
#1242 = CARTESIAN_POINT ( 'NONE',  ( 2.532177601660108746, 46.69990937266621245, 188.8780974350072199 ) ) ;
#1243 = CARTESIAN_POINT ( 'NONE',  ( 0.000000000000000000, 25.90249749234719445, 415.3909803479844527 ) ) ;
#1244 = CARTESIAN_POINT ( 'NONE',  ( -9.824827521419905452, -2.593892997156575397, 521.6966707247395334 ) ) ;
#1245 = CARTESIAN_POINT ( 'NONE',  ( 0.000000000000000000, 47.60175118634028735, 187.2656339773372167 ) ) ;
#1246 = CARTESIAN_POINT ( 'NONE',  ( 0.9552145398446717506, -19.79945804760096095, -71.14787201309992781 ) ) ;
#1247 = EDGE_CURVE ( 'NONE', #7414, #1943, #2605, .T. ) ;
#1248 = CARTESIAN_POINT ( 'NONE',  ( 3.703760565026848806, 47.18270334893846041, 206.2815367584350952 ) ) ;
#1249 = CARTESIAN_POINT ( 'NONE',  ( -30.36364301686182188, 35.30369548257255730, 130.8948448011331323 ) ) ;
#1250 = CARTESIAN_POINT ( 'NONE',  ( -29.95511779180982614, 26.73476510469992462, 47.77531310254220642 ) ) ;
#1251 = EDGE_LOOP ( 'NONE', ( #7080, #6325, #6776, #7421 ) ) ;
#1252 = CARTESIAN_POINT ( 'NONE',  ( -4.152629945114801657, 38.83951251414652006, 98.11979069641571982 ) ) ;
#1253 = CARTESIAN_POINT ( 'NONE',  ( -16.66315168157811755, 45.58974530259764180, 211.4847522036016585 ) ) ;
#1254 = EDGE_CURVE ( 'NONE', #1889, #215, #3167, .T. ) ;
#1255 = CARTESIAN_POINT ( 'NONE',  ( 1.203464411458909448E-14, 39.63768562699516451, 99.33278005662394605 ) ) ;
#1256 = CARTESIAN_POINT ( 'NONE',  ( -47.31906922256367665, 15.57846502002442612, 326.4192049172317525 ) ) ;
#1257 = EDGE_CURVE ( 'NONE', #2242, #215, #2190, .T. ) ;
#1259 = ORIENTED_EDGE ( 'NONE', *, *, #5000, .T. ) ;
#1258 = CARTESIAN_POINT ( 'NONE',  ( -0.3763952084265089759, 41.96448831823831682, 126.2444077504347462 ) ) ;
#1260 = CARTESIAN_POINT ( 'NONE',  ( 2.869757525187609293, -24.73004176475694749, -76.23815369158728572 ) ) ;
#1261 = CARTESIAN_POINT ( 'NONE',  ( 26.84291305568621766, 21.64135502705829950, 20.87972938593452810 ) ) ;
#1262 = CARTESIAN_POINT ( 'NONE',  ( 7.623194668007250208, 43.26522439345894355, 212.8963230839620451 ) ) ;
#1263 = CARTESIAN_POINT ( 'NONE',  ( -2.558717127065790464E-14, 46.99903241368054552, 187.8683353890677097 ) ) ;
#1264 = CARTESIAN_POINT ( 'NONE',  ( -35.43549339574560975, 23.67140660989171508, 62.33878549813185543 ) ) ;
#1265 = DIRECTION ( 'NONE',  ( 1.000000000000000000, 0.000000000000000000, 0.000000000000000000 ) ) ;
#1266 = CARTESIAN_POINT ( 'NONE',  ( -26.35674988608645464, 25.04923993672376170, 32.44508452609948534 ) ) ;
#1267 = CARTESIAN_POINT ( 'NONE',  ( 0.04878375668451735703, 41.92509732070118389, 126.2519669317314595 ) ) ;
#1268 = CARTESIAN_POINT ( 'NONE',  ( -1.717673231772173903, 23.13963299835682719, 429.9848877918320227 ) ) ;
#1269 = CARTESIAN_POINT ( 'NONE',  ( -0.4439217861052360270, 38.80344146292268448, 92.16187563343105182 ) ) ;
#1270 = CARTESIAN_POINT ( 'NONE',  ( 31.38768593037685761, 38.07967235945208273, 125.6496688811245548 ) ) ;
#1271 = LINE ( 'NONE', #3727, #7014 ) ;
#1272 = CARTESIAN_POINT ( 'NONE',  ( -43.95965009189017536, 30.33988575092048379, 128.6496688811247111 ) ) ;
#1273 = DIRECTION ( 'NONE',  ( -1.000000000000000000, 0.000000000000000000, 0.000000000000000000 ) ) ;
#1274 = CARTESIAN_POINT ( 'NONE',  ( 9.244463733058732095E-30, 42.59248601773754928, 125.6496688811247253 ) ) ;
#1275 = CARTESIAN_POINT ( 'NONE',  ( -7.500000000000000000, 29.60772684600566151, 44.25520149868791719 ) ) ;
#1277 = EDGE_LOOP ( 'NONE', ( #5085, #172, #2090, #4009 ) ) ;
#1276 = CARTESIAN_POINT ( 'NONE',  ( 8.431562461238529593, 46.07402497580898171, 158.2968993032507683 ) ) ;
#1278 = UNCERTAINTY_MEASURE_WITH_UNIT (LENGTH_MEASURE( 1.000000000000000082E-05 ), #7918, 'distance_accuracy_value', 'NONE');
#1279 = CARTESIAN_POINT ( 'NONE',  ( 4.775565042365249369, 33.19480214535429496, 59.26400410804205876 ) ) ;
#1280 = ORIENTED_EDGE ( 'NONE', *, *, #3968, .T. ) ;
#1281 = CARTESIAN_POINT ( 'NONE',  ( -0.1936982634599860587, 44.28372880700204206, 191.9099124642298762 ) ) ;
#1282 = CARTESIAN_POINT ( 'NONE',  ( 0.4974842146915228747, 42.99716296002655014, 144.9841812355275579 ) ) ;
#1283 = CARTESIAN_POINT ( 'NONE',  ( 2.556928836909442282, 47.35451226007743486, 188.9106833258210258 ) ) ;
#1284 = CARTESIAN_POINT ( 'NONE',  ( -0.9573959518996042473, 36.00720964673208613, 354.6273715488849803 ) ) ;
#1285 = CARTESIAN_POINT ( 'NONE',  ( -150.0000000000000568, 0.2544905633191389405, 409.6453932724846823 ) ) ;
#1286 = CARTESIAN_POINT ( 'NONE',  ( 8.700276638711796906, 43.12864966517705767, 212.8970381941021230 ) ) ;
#1287 = CARTESIAN_POINT ( 'NONE',  ( 5.464712794159227727, 140.7486342197576619, 211.6858868835880116 ) ) ;
#1288 = FACE_OUTER_BOUND ( 'NONE', #502, .T. ) ;
#1289 = CARTESIAN_POINT ( 'NONE',  ( -2.861529713880420545, -14.86190821214616165, -66.10491999415030762 ) ) ;
#1290 = CARTESIAN_POINT ( 'NONE',  ( -31.59218891721547706, 33.40267774693687386, 115.5576257984571100 ) ) ;
#1291 = LINE ( 'NONE', #6392, #2098 ) ;
#1292 = ORIENTED_EDGE ( 'NONE', *, *, #5208, .F. ) ;
#1293 = CARTESIAN_POINT ( 'NONE',  ( 0.5667115460946399175, 39.44048965818713270, 97.17396636635575646 ) ) ;
#1294 = VERTEX_POINT ( 'NONE', #12 ) ;
#1295 = CARTESIAN_POINT ( 'NONE',  ( -14.61713605283470763, 44.60612277303756201, 256.7277770913618156 ) ) ;
#1296 = CARTESIAN_POINT ( 'NONE',  ( -3.066476882671609783, 47.30656712028329025, 190.2933180152805051 ) ) ;
#1297 = CARTESIAN_POINT ( 'NONE',  ( -9.025983085941832302E-15, 36.16708655554295859, 73.14066636389816267 ) ) ;
#1298 = CARTESIAN_POINT ( 'NONE',  ( -149.9999999999999432, 13.01685150340217767, 333.3876767047953535 ) ) ;
#1299 = CARTESIAN_POINT ( 'NONE',  ( -21.59639750056107488, 40.65609949547123136, 179.9553512738694678 ) ) ;
#1301 = VERTEX_POINT ( 'NONE', #2017 ) ;
#1300 = CARTESIAN_POINT ( 'NONE',  ( 0.1970792085156052031, 41.89543116115142141, 126.2650769681816456 ) ) ;
#1302 = ADVANCED_FACE ( 'NONE', ( #4434 ), #3217, .F. ) ;
#1303 = CARTESIAN_POINT ( 'NONE',  ( -0.000000000000000000, -10.00000000000000000, -61.05776287854492068 ) ) ;
#1304 = CARTESIAN_POINT ( 'NONE',  ( 55.69582423788891390, 7.770729441803534421, 222.6473521244176652 ) ) ;
#1305 = CARTESIAN_POINT ( 'NONE',  ( -9.244463733058732095E-30, 42.59248601773754928, 125.6496688811247253 ) ) ;
#1306 = CYLINDRICAL_SURFACE ( 'NONE', #3377, 1.000000000000000222 ) ;
#1307 = CLOSED_SHELL ( 'NONE', ( #5162, #3385, #1201, #2640, #3480, #7393, #506, #982, #5305, #5553, #5248, #6360, #4462, #163, #3716, #2288, #2423, #2580 ) ) ;
#1308 = CARTESIAN_POINT ( 'NONE',  ( -6.547953091689253213, 27.91490571339361892, 34.90688806154778945 ) ) ;
#1309 = CARTESIAN_POINT ( 'NONE',  ( 5.464712794159231279, 43.32557023605854596, 170.1098842390366599 ) ) ;
#1310 = CARTESIAN_POINT ( 'NONE',  ( -25.82676969938875899, 28.08943016872629528, 44.17302050310121331 ) ) ;
#1311 = CARTESIAN_POINT ( 'NONE',  ( -6.050914662495685548, 41.15021586131377518, 128.1336183590528321 ) ) ;
#1312 = CARTESIAN_POINT ( 'NONE',  ( 0.000000000000000000, 20.11671744806442774, 444.2109482500774220 ) ) ;
#1313 = VECTOR ( 'NONE', #4511, 1000.000000000000000 ) ;
#1314 = CARTESIAN_POINT ( 'NONE',  ( -0.2460297053261907285, 38.77860247392433735, 92.15601667874462066 ) ) ;
#1315 = CARTESIAN_POINT ( 'NONE',  ( 0.000000000000000000, 0.000000000000000000, 125.6496688811247253 ) ) ;
#1316 = DIRECTION ( 'NONE',  ( 0.000000000000000000, 0.2207185206826550450, 0.9753375490709154105 ) ) ;
#1317 = DIRECTION ( 'NONE',  ( -8.372497766808336842E-17, -0.9999862922474268556, 0.005235963831417927289 ) ) ;
#1318 = CARTESIAN_POINT ( 'NONE',  ( -4.699460696977423524, 34.61687498370066862, 67.73308332708293733 ) ) ;
#1319 = CARTESIAN_POINT ( 'NONE',  ( 45.95965009189017536, 31.16272714924198439, 125.6496688811247253 ) ) ;
#1320 = CARTESIAN_POINT ( 'NONE',  ( 8.046221188284620851, 40.62185159204860696, 125.6496688811248106 ) ) ;
#1321 =( BOUNDED_SURFACE ( )  B_SPLINE_SURFACE ( 3, 2, ( 
 ( #633, #7531, #7448 ),
 ( #6139, #7362, #3821 ),
 ( #676, #5611, #1981 ),
 ( #6910, #4440, #4312 ),
 ( #1813, #1372, #4911 ),
 ( #6300, #3134, #716 ),
 ( #6779, #60, #1894 ),
 ( #7404, #1283, #1242 ),
 ( #4353, #1853, #7486 ),
 ( #3696, #2529, #1934 ),
 ( #4394, #1329, #3781 ),
 ( #758, #5650, #4271 ),
 ( #6739, #3213, #99 ),
 ( #2568, #5692, #1203 ) ),
 .UNSPECIFIED., .F., .F., .F. ) 
 B_SPLINE_SURFACE_WITH_KNOTS ( ( 4, 2, 2, 2, 2, 2, 4 ),
 ( 3, 3 ),
 ( -5.464378949326942347E-17, 0.0006267054578862372516, 0.001253410915772529147, 0.001880116373658821151, 0.002506821831545112938, 0.003760232747317696946, 0.005013643663090280519 ),
 ( 0.000000000000000000, 1.000000000000000000 ),
 .UNSPECIFIED. ) 
 GEOMETRIC_REPRESENTATION_ITEM ( )  RATIONAL_B_SPLINE_SURFACE ( (
 ( 1.000000000000000000, 0.6672909721629050050, 1.000000000000000000),
 ( 1.000000000000000000, 0.6671289786908968233, 1.000000000000000000),
 ( 1.000000000000000000, 0.6672645506102299340, 1.000000000000000000),
 ( 1.000000000000000000, 0.6681034552765587886, 1.000000000000000000),
 ( 1.000000000000000000, 0.6688190871244271696, 1.000000000000000000),
 ( 1.000000000000000000, 0.6708054272751083902, 1.000000000000000000),
 ( 1.000000000000000000, 0.6720428117683905356, 1.000000000000000000),
 ( 1.000000000000000000, 0.6749845723989147395, 1.000000000000000000),
 ( 1.000000000000000000, 0.6766963204624868444, 1.000000000000000000),
 ( 1.000000000000000000, 0.6823481638749445688, 1.000000000000000000),
 ( 1.000000000000000000, 0.6867268797339733943, 1.000000000000000000),
 ( 1.000000000000000000, 0.6960110574752236268, 1.000000000000000000),
 ( 1.000000000000000000, 0.7007796212870772701, 1.000000000000000000),
 ( 1.000000000000000000, 0.7053895229237344688, 1.000000000000000000) ) ) 
 REPRESENTATION_ITEM ( '' )  SURFACE ( )  );
#1323 = VERTEX_POINT ( 'NONE', #337 ) ;
#1322 = CARTESIAN_POINT ( 'NONE',  ( 0.000000000000000000, 45.77999709477325752, 130.5726553802304295 ) ) ;
#1324 = CARTESIAN_POINT ( 'NONE',  ( 2.521076645522676074, 33.47490566521076261, 58.42094539057079317 ) ) ;
#1325 = CARTESIAN_POINT ( 'NONE',  ( 11.34038529081322189, 42.73544012072921561, 184.6684309533229964 ) ) ;
#1326 = VECTOR ( 'NONE', #7067, 1000.000000000000000 ) ;
#1327 = PRESENTATION_LAYER_ASSIGNMENT (  '', '', ( #4806 ) ) ;
#1328 = CARTESIAN_POINT ( 'NONE',  ( 2.860653633571642818, 42.71594388950673959, 145.5000288149874166 ) ) ;
#1329 = CARTESIAN_POINT ( 'NONE',  ( 1.823433251143825373, 47.42720845789069273, 188.2235348434763580 ) ) ;
#1330 = CARTESIAN_POINT ( 'NONE',  ( 0.000000000000000000, 36.01456435933089750, 354.5116695689063704 ) ) ;
#1331 = CARTESIAN_POINT ( 'NONE',  ( 0.7173949448069911750, -1.055981849285397622, 529.3660285409472408 ) ) ;
#1332 = CARTESIAN_POINT ( 'NONE',  ( -38.79046190749391343, 34.95030093282986883, 125.6496688811245832 ) ) ;
#1333 = CARTESIAN_POINT ( 'NONE',  ( 0.9524719360756089825, -9.975947145280258610, -61.05127630084054857 ) ) ;
#1334 = CARTESIAN_POINT ( 'NONE',  ( 8.206410765397652796, 43.18469072515006246, 214.0493121098461131 ) ) ;
#1335 = CARTESIAN_POINT ( 'NONE',  ( -0.4666624454429734725, 46.97260807575818831, 187.8683353890677097 ) ) ;
#1336 = CARTESIAN_POINT ( 'NONE',  ( -40.06951793268896012, 31.00380043259498208, 129.8163687809790190 ) ) ;
#1337 = CARTESIAN_POINT ( 'NONE',  ( 0.09057013437161072489, 26.56123351150784018, 24.52567651639011714 ) ) ;
#1338 = ORIENTED_EDGE ( 'NONE', *, *, #367, .F. ) ;
#1339 = CARTESIAN_POINT ( 'NONE',  ( -8.832067485218184189, 38.20014272797691746, 100.4760165836704573 ) ) ;
#1340 = CARTESIAN_POINT ( 'NONE',  ( -13.89565711704575790, 43.38650797797856740, 278.5011269604131598 ) ) ;
#1341 = CARTESIAN_POINT ( 'NONE',  ( -2.939131887735177084, 47.31750989700068288, 189.6430757431425036 ) ) ;
#1342 = PLANE ( 'NONE',  #6350 ) ;
#1343 = CARTESIAN_POINT ( 'NONE',  ( 0.000000000000000000, 32.02960972858872424, 380.5868600663628740 ) ) ;
#1344 = CARTESIAN_POINT ( 'NONE',  ( -43.13169760951446818, 32.49657777987773954, 210.1893341142750558 ) ) ;
#1346 = ORIENTED_EDGE ( 'NONE', *, *, #5767, .T. ) ;
#1345 = CARTESIAN_POINT ( 'NONE',  ( -0.4389629589466393367, 41.97199249184298253, 126.2443193308934752 ) ) ;
#1347 = CARTESIAN_POINT ( 'NONE',  ( 1.245158089499551535, 40.34360460849654828, 109.2598822855999003 ) ) ;
#1348 = CARTESIAN_POINT ( 'NONE',  ( 0.9520731639543362768, -8.547617495532426446, -59.58324036534521895 ) ) ;
#1349 = CARTESIAN_POINT ( 'NONE',  ( 0.000000000000000000, 20.62319512748768346, -7.191526245911063597 ) ) ;
#1350 = CARTESIAN_POINT ( 'NONE',  ( 0.5149308928087902304, 47.42800047514610640, 209.0582023389947608 ) ) ;
#1351 = CARTESIAN_POINT ( 'NONE',  ( 7.499999999999987566, 29.65013954398735407, 44.31502417377331682 ) ) ;
#1352 = CARTESIAN_POINT ( 'NONE',  ( -0.3729016419362631285, 26.52885928001896687, 24.52471642032073973 ) ) ;
#1353 = CARTESIAN_POINT ( 'NONE',  ( 4.011857718731087097, 44.76708995884263942, 125.6496688811248532 ) ) ;
#1354 = CARTESIAN_POINT ( 'NONE',  ( -11.07186743597200973, 32.81523294668829749, 45.76036132870854090 ) ) ;
#1355 = EDGE_CURVE ( 'NONE', #6983, #4850, #5147, .T. ) ;
#1356 = CARTESIAN_POINT ( 'NONE',  ( -18.69127695159858504, 39.17176782303680227, 135.8045756223712885 ) ) ;
#1357 = CARTESIAN_POINT ( 'NONE',  ( -1.930653681019943724, 13.87290448054163683, 472.4794235559970730 ) ) ;
#1358 = CARTESIAN_POINT ( 'NONE',  ( 7.928852987484191317, 37.70848995180050167, 94.97672797841545389 ) ) ;
#1359 = DIRECTION ( 'NONE',  ( -1.111335831368625778E-14, 0.000000000000000000, -1.000000000000000000 ) ) ;
#1360 = CARTESIAN_POINT ( 'NONE',  ( 3.066662445442872365, 46.63744080576727669, 190.4627056561177199 ) ) ;
#1361 = FACE_OUTER_BOUND ( 'NONE', #2241, .T. ) ;
#1362 = CARTESIAN_POINT ( 'NONE',  ( 1.146769735279868030, 46.84802417386053719, 208.3811568086220802 ) ) ;
#1363 = CARTESIAN_POINT ( 'NONE',  ( -6.176798825445779073, 34.42593095106712298, 68.46113532141929170 ) ) ;
#1364 = CARTESIAN_POINT ( 'NONE',  ( -3.066662445442877249, 43.83100141845718412, 206.0259990124513934 ) ) ;
#1365 = EDGE_CURVE ( 'NONE', #7224, #6983, #7710, .T. ) ;
#1366 = CARTESIAN_POINT ( 'NONE',  ( 19.97235384300964967, 37.99866458490337351, 125.6496688811247537 ) ) ;
#1368 = VERTEX_POINT ( 'NONE', #5776 ) ;
#1367 = CARTESIAN_POINT ( 'NONE',  ( 68.02388392350869140, 29.98456005054444162, 166.0820768548770161 ) ) ;
#1369 = CARTESIAN_POINT ( 'NONE',  ( 11.44310412879595340, 32.32175235968178839, 62.94403856607640080 ) ) ;
#1370 = EDGE_CURVE ( 'NONE', #712, #6193, #4868, .T. ) ;
#1371 = CARTESIAN_POINT ( 'NONE',  ( 6.404844117789907365, 43.40779530821833276, 182.3111950513944066 ) ) ;
#1372 = CARTESIAN_POINT ( 'NONE',  ( 2.939131887740522142, 47.31750989700067578, 189.6430757431542418 ) ) ;
#1373 = CARTESIAN_POINT ( 'NONE',  ( 0.000000000000000000, 28.59958286175763931, 400.6555249589480923 ) ) ;
#1374 = CARTESIAN_POINT ( 'NONE',  ( 0.7315842355799940799, -9.573308037895744249, 557.6533037653249494 ) ) ;
#1375 = CARTESIAN_POINT ( 'NONE',  ( -45.08265051271337143, 31.67875030509478051, 125.6496688811248106 ) ) ;
#1376 = CARTESIAN_POINT ( 'NONE',  ( 3.725064797236206093, 47.18508823153483434, 205.8604671828092307 ) ) ;
#1377 = DIRECTION ( 'NONE',  ( 0.000000000000000000, -0.01047044308055727034, 0.9999451834084192026 ) ) ;
#1378 = CARTESIAN_POINT ( 'NONE',  ( -36.66323368014896289, 32.73861983996579283, 132.2638744421921615 ) ) ;
#1379 = CARTESIAN_POINT ( 'NONE',  ( 8.203280374974596612, 25.64914679568282452, 27.59238229647409923 ) ) ;
#1380 = VERTEX_POINT ( 'NONE', #3939 ) ;
#1381 = CARTESIAN_POINT ( 'NONE',  ( -7.692507920686440848, 39.49254611251041069, 111.8420866802362355 ) ) ;
#1382 = CARTESIAN_POINT ( 'NONE',  ( 0.000000000000000000, 45.95997642549459528, 252.6905689360423537 ) ) ;
#1383 = CARTESIAN_POINT ( 'NONE',  ( -3.732329755606727861, 47.23383139352144156, 190.4602416727405512 ) ) ;
#1384 = CARTESIAN_POINT ( 'NONE',  ( -3.620353236799752850, 47.18619772084795017, 206.6951323552200677 ) ) ;
#1385 = CARTESIAN_POINT ( 'NONE',  ( -150.0000000000002274, 7.068232020827782236, 370.3528863233865422 ) ) ;
#1386 = EDGE_LOOP ( 'NONE', ( #3561, #1574, #6070, #1637 ) ) ;
#1387 = CARTESIAN_POINT ( 'NONE',  ( -0.000000000000000000, -5.832248506198543403, -56.54747634531298672 ) ) ;
#1388 = CARTESIAN_POINT ( 'NONE',  ( 1.617115471723109099, 46.71654947514246459, 208.1869135295307842 ) ) ;
#1389 = CARTESIAN_POINT ( 'NONE',  ( 9.534540714439822651, 27.28357035261317165, 35.81730359036865963 ) ) ;
#1390 = CARTESIAN_POINT ( 'NONE',  ( -0.1846806368931615261, 26.55044210101155144, 24.52535648436699134 ) ) ;
#1391 = CARTESIAN_POINT ( 'NONE',  ( -1.539845879084086100, 41.11594975491415482, 117.9468413919474301 ) ) ;
#1392 = CARTESIAN_POINT ( 'NONE',  ( 2.172075125309121724, 16.89621306203804707, 458.4249543244469578 ) ) ;
#1393 = CARTESIAN_POINT ( 'NONE',  ( 4.458440205019576830, 38.17800425209331650, 93.23606827013641407 ) ) ;
#1394 = DIRECTION ( 'NONE',  ( -1.000000000000000000, 0.000000000000000000, 0.000000000000000000 ) ) ;
#1395 = ORIENTED_EDGE ( 'NONE', *, *, #16, .T. ) ;
#1396 = CARTESIAN_POINT ( 'NONE',  ( 60.00892403416684573, -10.87759879526569584, 448.8723920580213189 ) ) ;
#1397 = CARTESIAN_POINT ( 'NONE',  ( 0.3433203612590178810, 47.44185142841585190, 209.0582864432512906 ) ) ;
#1398 = CARTESIAN_POINT ( 'NONE',  ( -0.005834784540138675084, 35.20583466972178144, 66.58372732904837221 ) ) ;
#1399 = PLANE ( 'NONE',  #4286 ) ;
#1400 = B_SPLINE_CURVE_WITH_KNOTS ( 'NONE', 3,
 ( #4068, #2109, #7038, #5937, #5275, #3949, #1528, #1005, #385, #2847, #5318, #7810, #5786, #4522 ),
 .UNSPECIFIED., .F., .F.,
 ( 4, 2, 2, 2, 2, 2, 4 ),
 ( 2.531749277490443544E-16, 0.0005085252366697888158, 0.001017050473339324579, 0.001525575710008860233, 0.002034100946678395888, 0.003051151420017468065, 0.004068201893356540241 ),
 .UNSPECIFIED. ) ;
#1401 = CARTESIAN_POINT ( 'NONE',  ( -0.000000000000000000, 47.17299442452054592, 208.5256969858957063 ) ) ;
#1403 = ORIENTED_EDGE ( 'NONE', *, *, #2011, .T. ) ;
#1402 = CARTESIAN_POINT ( 'NONE',  ( 75.08352271041381698, 23.83992530242385399, 133.1794009662679912 ) ) ;
#1404 = CARTESIAN_POINT ( 'NONE',  ( -0.3332808675148991595, 35.24831610404537230, 66.59407953366547872 ) ) ;
#1405 = CARTESIAN_POINT ( 'NONE',  ( 4.778018902651264277, 43.77127183676640954, 193.2719225806074235 ) ) ;
#1406 = CARTESIAN_POINT ( 'NONE',  ( 0.06649786478114236288, 43.63819782570047323, 156.8148083830331814 ) ) ;
#1407 = CARTESIAN_POINT ( 'NONE',  ( 1.172604987606759517E-14, 140.4685101547768227, 158.1866202483506640 ) ) ;
#1408 = EDGE_CURVE ( 'NONE', #3427, #7874, #3137, .T. ) ;
#1409 = CARTESIAN_POINT ( 'NONE',  ( 50.11171787444065728, 9.594334424904452874, 362.2731057270540305 ) ) ;
#1410 = CARTESIAN_POINT ( 'NONE',  ( -36.87704838372232530, 0.06862354129085444787, 457.0708091009332747 ) ) ;
#1411 = CARTESIAN_POINT ( 'NONE',  ( -1.593777193553691202E-14, 32.94910964602183157, 53.61871814878195863 ) ) ;
#1412 = CARTESIAN_POINT ( 'NONE',  ( -150.0000000000000284, 7.321812825929968405, 218.5459688349021121 ) ) ;
#1413 = CARTESIAN_POINT ( 'NONE',  ( 3.289365579185329125, 43.70127904429273968, 214.0493121098461984 ) ) ;
#1414 = CARTESIAN_POINT ( 'NONE',  ( -0.8067805704859046800, 46.97260807575818831, 187.8683353890677097 ) ) ;
#1415 = CARTESIAN_POINT ( 'NONE',  ( 0.2833759376262233176, 37.72274322905260391, 83.62089181733459498 ) ) ;
#1416 = CARTESIAN_POINT ( 'NONE',  ( -0.1436837427916754228, 26.58828709704091864, 24.53445987790897576 ) ) ;
#1417 = ORIENTED_EDGE ( 'NONE', *, *, #4211, .F. ) ;
#1418 = CARTESIAN_POINT ( 'NONE',  ( -13.72407557989067506, 38.60560323764034507, 115.2939885587807396 ) ) ;
#1419 = CARTESIAN_POINT ( 'NONE',  ( -1.897151511910303734, 46.91140964979707206, 229.3722862163716343 ) ) ;
#1420 = LINE ( 'NONE', #5624, #1958 ) ;
#1421 = CARTESIAN_POINT ( 'NONE',  ( -6.244008511223442248, 25.66205074593666069, 414.3400517412663362 ) ) ;
#1422 = CARTESIAN_POINT ( 'NONE',  ( -8.364978913890341872, 42.60162697269622356, 159.8316211954915502 ) ) ;
#1423 = CARTESIAN_POINT ( 'NONE',  ( -12.50569815975795684, -8.939040514739479804, -53.94021469740130925 ) ) ;
#1424 = CARTESIAN_POINT ( 'NONE',  ( 2.928739895740585908, 47.23581953077464135, 207.9771382700440938 ) ) ;
#1425 = CARTESIAN_POINT ( 'NONE',  ( 3.238921087026663592, 30.96738888271204004, 46.17299084288200817 ) ) ;
#1426 = CARTESIAN_POINT ( 'NONE',  ( -44.69432682520110944, 21.72792066603732763, 80.56221660598953349 ) ) ;
#1427 = CARTESIAN_POINT ( 'NONE',  ( -3.035287670926654968, 31.01651801567224354, 29.24765051123930704 ) ) ;
#1428 = CARTESIAN_POINT ( 'NONE',  ( -42.16891908244041787, 31.96790258149126274, 160.1591665815813599 ) ) ;
#1430 = ORIENTED_EDGE ( 'NONE', *, *, #2011, .F. ) ;
#1429 = CARTESIAN_POINT ( 'NONE',  ( 7.442277970634418871, 38.68065674487908012, 103.2521644688415137 ) ) ;
#1431 = EDGE_LOOP ( 'NONE', ( #1097, #1670, #826, #7504 ) ) ;
#1432 = VECTOR ( 'NONE', #1779, 1000.000000000000000 ) ;
#1433 = CARTESIAN_POINT ( 'NONE',  ( -1.904943872151217965, -9.951894290560517220, -61.04478972313617646 ) ) ;
#1434 = CARTESIAN_POINT ( 'NONE',  ( -0.6830940241798795221, 43.91790324852035354, 168.6865531934248565 ) ) ;
#1435 = CARTESIAN_POINT ( 'NONE',  ( 1.323236023834682529, 37.78073448526563993, 85.27179629661384297 ) ) ;
#1436 = CARTESIAN_POINT ( 'NONE',  ( -2.422333821436531753, 43.94798662426938307, 188.7447853255373786 ) ) ;
#1437 = CARTESIAN_POINT ( 'NONE',  ( 0.4009468583039340062, 35.25680453121741920, 66.59800063205457832 ) ) ;
#1438 = CARTESIAN_POINT ( 'NONE',  ( 45.31621566856547645, 35.17839137379450420, 199.0688031926769099 ) ) ;
#1439 = CARTESIAN_POINT ( 'NONE',  ( -3.066662445442881690, 43.81174109905075653, 206.1940387255611995 ) ) ;
#1441 = ORIENTED_EDGE ( 'NONE', *, *, #1757, .T. ) ;
#1440 = CARTESIAN_POINT ( 'NONE',  ( 17.90558932272608672, 45.27588651669087483, 188.1410139065363012 ) ) ;
#1442 = CARTESIAN_POINT ( 'NONE',  ( 7.848576149861743900, 43.22011320241209376, 182.9699841111335559 ) ) ;
#1443 = CARTESIAN_POINT ( 'NONE',  ( 34.47844999038228053, 36.09811272788424930, 172.0038046913571748 ) ) ;
#1444 = PLANE ( 'NONE',  #6234 ) ;
#1445 = CARTESIAN_POINT ( 'NONE',  ( -4.925073799325335067, 43.59069319111652163, 181.6697805176693805 ) ) ;
#1446 = CARTESIAN_POINT ( 'NONE',  ( -1.192598390898780503, 20.17127465771984873, 444.2396516818456007 ) ) ;
#1447 = CARTESIAN_POINT ( 'NONE',  ( 5.464782804719584774, 43.12864966517708609, 212.8970381941021515 ) ) ;
#1448 = AXIS2_PLACEMENT_3D ( 'NONE', #1287, #3218, #5696 ) ;
#1449 = CARTESIAN_POINT ( 'NONE',  ( 19.57372214606865768, 44.70866943328285004, 214.0493121098461700 ) ) ;
#1450 = CARTESIAN_POINT ( 'NONE',  ( 0.9462317272739826368, 1.580906215184355590, -46.59094046645357423 ) ) ;
#1451 = CARTESIAN_POINT ( 'NONE',  ( 7.500000000000000000, 15.00000000000000000, 35.45677773107466635 ) ) ;
#1452 = CARTESIAN_POINT ( 'NONE',  ( 0.000000000000000000, -19.80119957717566237, -71.13603959821548983 ) ) ;
#1453 = CARTESIAN_POINT ( 'NONE',  ( 0.3984630740809138594, 38.79774524162379379, 92.16024172617589727 ) ) ;
#1454 = CIRCLE ( 'NONE', #1192, 1.000000000000000888 ) ;
#1455 = ADVANCED_FACE ( 'NONE', ( #879 ), #6331, .T. ) ;
#1456 = CARTESIAN_POINT ( 'NONE',  ( 0.000000000000000000, 44.81754566992042754, 118.8567746387180080 ) ) ;
#1457 = ORIENTED_EDGE ( 'NONE', *, *, #722, .T. ) ;
#1458 = CARTESIAN_POINT ( 'NONE',  ( 0.01324555726029452186, 37.94957268706907882, 85.16482920569335135 ) ) ;
#1459 = CARTESIAN_POINT ( 'NONE',  ( -6.000466035610237725, 31.94043151699632688, 379.5629847736018405 ) ) ;
#1460 = CARTESIAN_POINT ( 'NONE',  ( -44.95965009189017536, 30.33988575092048379, 128.6496688811247111 ) ) ;
#1461 = CARTESIAN_POINT ( 'NONE',  ( 3.066662445442872365, 110.3999999999999773, 190.4627056561177199 ) ) ;
#1462 = CARTESIAN_POINT ( 'NONE',  ( 0.5962991954493902513, 20.14399605289213824, 444.2252999659614829 ) ) ;
#1463 = CARTESIAN_POINT ( 'NONE',  ( -8.636426854029965128, 41.95098126635387104, 148.1190767465539864 ) ) ;
#1464 = EDGE_CURVE ( 'NONE', #1198, #7412, #6378, .T. ) ;
#1465 = ORIENTED_EDGE ( 'NONE', *, *, #2526, .T. ) ;
#1466 = EDGE_CURVE ( 'NONE', #7628, #7601, #3887, .T. ) ;
#1467 = CARTESIAN_POINT ( 'NONE',  ( -0.6161876948241340468, 41.70280587119128057, 121.1107723467176953 ) ) ;
#1468 = CARTESIAN_POINT ( 'NONE',  ( -87.03917095743797461, -14.78840956284643582, 45.13835781979638995 ) ) ;
#1469 = CARTESIAN_POINT ( 'NONE',  ( 3.061884855437738473, 47.22557853475572642, 207.8162670208505460 ) ) ;
#1470 = CARTESIAN_POINT ( 'NONE',  ( 39.51737934968350174, 22.19484139382714716, 67.10326466656451316 ) ) ;
#1471 = CARTESIAN_POINT ( 'NONE',  ( 16.63857984703093251, 29.41578718840285944, 38.17021178140310411 ) ) ;
#1472 = CARTESIAN_POINT ( 'NONE',  ( 2.367866279720466594, 41.04594610967017587, 79.94441032751126386 ) ) ;
#1473 = CARTESIAN_POINT ( 'NONE',  ( -31.97418811868402955, 36.01413553433541637, 150.0532622551858992 ) ) ;
#1475 = ORIENTED_EDGE ( 'NONE', *, *, #2006, .F. ) ;
#1474 = CARTESIAN_POINT ( 'NONE',  ( -0.2929919556633099331, 39.68902253775023325, 100.6880256799543361 ) ) ;
#1476 = ORIENTED_EDGE ( 'NONE', *, *, #106, .T. ) ;
#1477 = CARTESIAN_POINT ( 'NONE',  ( -1.907686475920280733, -14.87480540429338483, -66.10224707556027113 ) ) ;
#1478 = CARTESIAN_POINT ( 'NONE',  ( 1.364439309333571604, 35.99758737551218957, 73.31331849152179814 ) ) ;
#1479 = CARTESIAN_POINT ( 'NONE',  ( -0.3111236987009302069, 46.96929968666847799, 187.8683353890677097 ) ) ;
#1480 = CARTESIAN_POINT ( 'NONE',  ( -46.75697559437496409, 26.12449660286631925, 120.2200494903546115 ) ) ;
#1481 = CARTESIAN_POINT ( 'NONE',  ( 0.000000000000000000, 45.30957078689160511, 125.6496679993297505 ) ) ;
#1482 = CARTESIAN_POINT ( 'NONE',  ( 0.000000000000000000, 47.47171209513645351, 208.8980861696917088 ) ) ;
#1484 = ORIENTED_EDGE ( 'NONE', *, *, #7195, .T. ) ;
#1483 = CARTESIAN_POINT ( 'NONE',  ( -0.5416989483541193584, 47.07227379654968757, 229.0552716760062992 ) ) ;
#1485 = CARTESIAN_POINT ( 'NONE',  ( 36.56538564159615134, 29.10364763957904444, 97.73138214667130796 ) ) ;
#1486 = CARTESIAN_POINT ( 'NONE',  ( -0.04834734100924996392, 43.95116554213861804, 214.8528326761967264 ) ) ;
#1487 = CARTESIAN_POINT ( 'NONE',  ( -0.3353840736746636630, 44.02613541404931397, 168.5725778161456674 ) ) ;
#1488 = CARTESIAN_POINT ( 'NONE',  ( 0.5249420706862157893, 47.55428866429245716, 187.8683353890676528 ) ) ;
#1489 = CARTESIAN_POINT ( 'NONE',  ( -16.22354064954539510, 41.86677804866826591, 187.6956145594969882 ) ) ;
#1490 = CARTESIAN_POINT ( 'NONE',  ( 55.71564899923829728, 1.205407876259681377, 399.7257200711499081 ) ) ;
#1491 = CARTESIAN_POINT ( 'NONE',  ( 3.146896805639176620E-14, 41.87538907178089431, 125.6496688811249385 ) ) ;
#1492 = DIRECTION ( 'NONE',  ( 0.000000000000000000, -0.005235963831417887390, -0.9999862922474268556 ) ) ;
#1493 = CARTESIAN_POINT ( 'NONE',  ( -3.330844985526232982, -5.949735992423210718, -56.59751504260918864 ) ) ;
#1494 = CARTESIAN_POINT ( 'NONE',  ( -2.856219491863008830, -8.493023692875212305, -59.56494007984454697 ) ) ;
#1495 = CARTESIAN_POINT ( 'NONE',  ( -1.315462485399597981, 37.52119240654409538, 83.72815763477723294 ) ) ;
#1496 = CARTESIAN_POINT ( 'NONE',  ( -0.3255591833899545429, 28.71377258082520001, 32.83620976438751171 ) ) ;
#1497 = EDGE_LOOP ( 'NONE', ( #6229, #851 ) ) ;
#1498 = CARTESIAN_POINT ( 'NONE',  ( -5.237430573016530033, 37.27536480957357412, 86.59741221121177546 ) ) ;
#1499 = CARTESIAN_POINT ( 'NONE',  ( -0.7020998398433726528, 45.86371172239648786, 130.5683831685448695 ) ) ;
#1500 = CARTESIAN_POINT ( 'NONE',  ( -41.23236433532566281, 22.69079723528891179, 379.8779995718708165 ) ) ;
#1501 = CARTESIAN_POINT ( 'NONE',  ( -3.567414271533766001, 47.24728561431533080, 189.4261336881408511 ) ) ;
#1502 =( LENGTH_UNIT ( ) NAMED_UNIT ( * ) SI_UNIT ( .MILLI., .METRE. ) );
#1503 = CARTESIAN_POINT ( 'NONE',  ( 0.000000000000000000, 6.729893735435778623, 500.8079739285071810 ) ) ;
#1504 = ORIENTED_EDGE ( 'NONE', *, *, #7207, .T. ) ;
#1505 = CARTESIAN_POINT ( 'NONE',  ( 43.58731321629617383, 30.89019186809917272, 154.8862915911788036 ) ) ;
#1506 = CARTESIAN_POINT ( 'NONE',  ( -26.35674988608645464, 25.04923993672376170, 32.44508452609948534 ) ) ;
#1507 = EDGE_CURVE ( 'NONE', #601, #2748, #7608, .T. ) ;
#1508 = DIRECTION ( 'NONE',  ( 0.000000000000000000, -0.9999862922474268556, 0.005235963831417927289 ) ) ;
#1509 = CARTESIAN_POINT ( 'NONE',  ( -7.413670879205955799, 25.74118016052085522, 27.12593742701221089 ) ) ;
#1510 = CARTESIAN_POINT ( 'NONE',  ( 0.6583047484764391610, 47.13654566807250035, 155.6928415244869939 ) ) ;
#1511 = EDGE_CURVE ( 'NONE', #6097, #1239, #6455, .T. ) ;
#1513 = ORIENTED_EDGE ( 'NONE', *, *, #4123, .F. ) ;
#1512 = CARTESIAN_POINT ( 'NONE',  ( 30.97791596703864769, 34.35318661475471202, 123.2262352997951069 ) ) ;
#1514 = VERTEX_POINT ( 'NONE', #2208 ) ;
#1515 = CARTESIAN_POINT ( 'NONE',  ( 3.334374282861684691, -8.670514282707921794, -59.62443636531153857 ) ) ;
#1516 = CARTESIAN_POINT ( 'NONE',  ( 6.362635720348792212, 35.35818492340262509, 75.18552323062043286 ) ) ;
#1517 = CARTESIAN_POINT ( 'NONE',  ( -1.148770943682327683, 44.07635715549272248, 187.9366510161803205 ) ) ;
#1518 = CARTESIAN_POINT ( 'NONE',  ( -0.1117950061434915404, 33.77218663049568903, 58.08863201616107830 ) ) ;
#1519 = FACE_OUTER_BOUND ( 'NONE', #7584, .T. ) ;
#1520 = CARTESIAN_POINT ( 'NONE',  ( -0.4666624454429731395, 46.83002249555135421, 209.0485850156316019 ) ) ;
#1521 = CARTESIAN_POINT ( 'NONE',  ( -0.4568606608480465514, 36.50416720010122162, 75.11445108392523196 ) ) ;
#1522 = CARTESIAN_POINT ( 'NONE',  ( 7.362086778798640374, 43.42800336116560800, 205.8534502590912609 ) ) ;
#1523 = CARTESIAN_POINT ( 'NONE',  ( 12.10874868226529344, 42.05723457700923973, 161.7919488432631567 ) ) ;
#1524 = CARTESIAN_POINT ( 'NONE',  ( 1.000000000000015987, 43.59248601773754928, 122.6496688811247111 ) ) ;
#1525 = CARTESIAN_POINT ( 'NONE',  ( -42.04095227681943214, 32.86661031525154186, 218.4284132652439325 ) ) ;
#1526 = CARTESIAN_POINT ( 'NONE',  ( -1.145115487848116009, 23.11885975406494254, 429.9532895041899678 ) ) ;
#1527 = CARTESIAN_POINT ( 'NONE',  ( -7.500000000000000000, 26.87530127623825749, 23.34527260323320164 ) ) ;
#1528 = CARTESIAN_POINT ( 'NONE',  ( 2.721540252397090409, 43.91796412474594291, 189.1602987605948556 ) ) ;
#1529 = CARTESIAN_POINT ( 'NONE',  ( -86.59048839564125899, -5.768153520067688333, 55.25887913199452584 ) ) ;
#1530 = CARTESIAN_POINT ( 'NONE',  ( 0.000000000000000000, 4.829427991817969890, -41.35103106569409448 ) ) ;
#1531 = CARTESIAN_POINT ( 'NONE',  ( -24.89974172835702504, 33.89936965973987526, 99.09551553371925081 ) ) ;
#1532 = CARTESIAN_POINT ( 'NONE',  ( -0.3914261180994216272, 30.56813056230926762, 41.22671735786244795 ) ) ;
#1533 = ORIENTED_EDGE ( 'NONE', *, *, #4758, .T. ) ;
#1534 = CARTESIAN_POINT ( 'NONE',  ( 0.4274369155401487874, 36.22219929962941620, 73.22376467289481639 ) ) ;
#1535 =( BOUNDED_CURVE ( )  B_SPLINE_CURVE ( 3, ( #4402, #2115, #850, #1942 ),
 .UNSPECIFIED., .F., .T. ) 
 B_SPLINE_CURVE_WITH_KNOTS ( ( 4, 4 ),
 ( 3.141592653589793116, 3.316974646084744460 ),
 .UNSPECIFIED. ) 
 CURVE ( )  GEOMETRIC_REPRESENTATION_ITEM ( )  RATIONAL_B_SPLINE_CURVE ( ( 1.000000000000000000, 0.9974384051839799703, 0.9974384051839799703, 1.000000000000000000 ) ) 
 REPRESENTATION_ITEM ( '' )  );
#1536 = CARTESIAN_POINT ( 'NONE',  ( -1.232214472287483709, 47.77296557967702739, 180.4880816561268375 ) ) ;
#1537 = CARTESIAN_POINT ( 'NONE',  ( -41.93462905618955716, 26.32851893096475138, 364.7381377576680279 ) ) ;
#1538 = CARTESIAN_POINT ( 'NONE',  ( -2.063593841809480356, 46.75853394668367713, 188.3878065566497355 ) ) ;
#1539 = FACE_OUTER_BOUND ( 'NONE', #3484, .T. ) ;
#1540 = CARTESIAN_POINT ( 'NONE',  ( -11.20234465765202536, 15.65166486234165255, 452.7342830611293607 ) ) ;
#1541 = ORIENTED_EDGE ( 'NONE', *, *, #5818, .T. ) ;
#1542 = CARTESIAN_POINT ( 'NONE',  ( 40.77674774282340309, 32.03983149079399340, 148.2314218129448307 ) ) ;
#1543 = CARTESIAN_POINT ( 'NONE',  ( -27.28012801745004268, 17.82243023528065962, 9.515898732818438788 ) ) ;
#1544 = CARTESIAN_POINT ( 'NONE',  ( 1.304230155160252203, 46.74733915366939385, 208.3160861728470934 ) ) ;
#1545 = CARTESIAN_POINT ( 'NONE',  ( -31.83973894963756379, 22.40296449142858748, 49.37620541646428762 ) ) ;
#1546 = CARTESIAN_POINT ( 'NONE',  ( 1.024170345567492202, 46.00818778601377090, 252.5475023864288744 ) ) ;
#1547 = EDGE_CURVE ( 'NONE', #4007, #828, #300, .T. ) ;
#1549 = ORIENTED_EDGE ( 'NONE', *, *, #2675, .F. ) ;
#1548 = CARTESIAN_POINT ( 'NONE',  ( -0.4449291620748309084, 39.70795128743040436, 100.6916344203740152 ) ) ;
#1550 = VERTEX_POINT ( 'NONE', #7726 ) ;
#1551 = CARTESIAN_POINT ( 'NONE',  ( -0.9524719360756089825, -9.975947145280258610, -61.05127630084054857 ) ) ;
#1552 = CARTESIAN_POINT ( 'NONE',  ( -0.6236465127041916912, 36.24671600741290689, 73.23370670580241892 ) ) ;
#1553 = CARTESIAN_POINT ( 'NONE',  ( -5.464712794159235720, 42.86056831700848591, 161.6977400310335895 ) ) ;
#1554 = CARTESIAN_POINT ( 'NONE',  ( 0.3451405939546890456, 33.82897166909868503, 58.10192182712670217 ) ) ;
#1555 = CARTESIAN_POINT ( 'NONE',  ( -2.063144493821707393, 43.90085486309516227, 207.9296386467463549 ) ) ;
#1556 = DIRECTION ( 'NONE',  ( 0.9967580201175774146, 0.08045774873365027502, 0.000000000000000000 ) ) ;
#1557 = CARTESIAN_POINT ( 'NONE',  ( -0.4892629760207006240, 44.45612882444888214, 275.6643461148192387 ) ) ;
#1558 = CARTESIAN_POINT ( 'NONE',  ( 0.2779665885061164965, 35.17179985603292636, 66.58563374627438236 ) ) ;
#1559 = CARTESIAN_POINT ( 'NONE',  ( -0.2614475312644611860, 44.21731978260556417, 203.4421422960479902 ) ) ;
#1560 = CARTESIAN_POINT ( 'NONE',  ( 29.92182627301920661, 37.97493799774523637, 177.5560504421393659 ) ) ;
#1561 = DIRECTION ( 'NONE',  ( 0.000000000000000000, 0.005235963831417927289, 0.9999862922474268556 ) ) ;
#1562 = EDGE_CURVE ( 'NONE', #3597, #6434, #4630, .T. ) ;
#1563 = CARTESIAN_POINT ( 'NONE',  ( -6.039893822956359237, 43.45418801285664756, 182.1482548876610679 ) ) ;
#1564 = CARTESIAN_POINT ( 'NONE',  ( 10.27266192055210858, 5.123073895678157186, 494.0455122256950062 ) ) ;
#1565 = DIRECTION ( 'NONE',  ( 1.000000000000000000, 0.000000000000000000, 0.000000000000000000 ) ) ;
#1566 = LINE ( 'NONE', #7697, #6620 ) ;
#1567 = AXIS2_PLACEMENT_3D ( 'NONE', #1764, #461, #1650 ) ;
#1568 = VECTOR ( 'NONE', #5835, 1000.000000000000000 ) ;
#1569 = CARTESIAN_POINT ( 'NONE',  ( 0.000000000000000000, 7.905339886619993095, -35.92712258355483357 ) ) ;
#1570 = CARTESIAN_POINT ( 'NONE',  ( 86.91359524864041930, -11.34795942607654595, 48.66319268689352384 ) ) ;
#1571 = CARTESIAN_POINT ( 'NONE',  ( -15.87527250530426315, 35.46847920787305242, 91.50250369579023868 ) ) ;
#1572 = CARTESIAN_POINT ( 'NONE',  ( -0.3183682004121023978, 30.55931920472847452, 41.22156706680060978 ) ) ;
#1573 = CARTESIAN_POINT ( 'NONE',  ( 45.72896168605495859, 31.17520008457887926, 214.9454765612908602 ) ) ;
#1574 = ORIENTED_EDGE ( 'NONE', *, *, #1511, .T. ) ;
#1575 = CARTESIAN_POINT ( 'NONE',  ( -5.365594633102893418, 35.48855973461484581, 74.69223106444187010 ) ) ;
#1576 = CARTESIAN_POINT ( 'NONE',  ( 2.613339197210340359, 43.38578146962264270, 105.1797038346670092 ) ) ;
#1577 = CARTESIAN_POINT ( 'NONE',  ( -42.82036082025610568, 32.84028577497314672, 328.7149750000689892 ) ) ;
#1578 = VECTOR ( 'NONE', #3601, 1000.000000000000227 ) ;
#1579 = DIRECTION ( 'NONE',  ( 0.000000000000000000, -1.000000000000000000, 0.000000000000000000 ) ) ;
#1580 = VECTOR ( 'NONE', #3934, 1000.000000000000000 ) ;
#1581 = CARTESIAN_POINT ( 'NONE',  ( -58.62154318630234684, -4.489909763417698763, 423.0794994535144156 ) ) ;
#1582 = CARTESIAN_POINT ( 'NONE',  ( 149.9999999999999716, 1.632909915346569596, 401.7829050630052166 ) ) ;
#1583 = VERTEX_POINT ( 'NONE', #7763 ) ;
#1584 = VECTOR ( 'NONE', #1147, 1000.000000000000000 ) ;
#1585 = CARTESIAN_POINT ( 'NONE',  ( -56.27053592963592621, 0.7516941916051447237, 210.4962128354270590 ) ) ;
#1586 = VECTOR ( 'NONE', #468, 1000.000000000000000 ) ;
#1587 = B_SPLINE_CURVE_WITH_KNOTS ( 'NONE', 3,
 ( #512, #2973, #7862, #1092 ),
 .UNSPECIFIED., .F., .F.,
 ( 4, 4 ),
 ( 8.673617379884035472E-18, 3.877375689703565787E-05 ),
 .UNSPECIFIED. ) ;
#1588 = CARTESIAN_POINT ( 'NONE',  ( 2.997072321837784159, 46.58726841415733588, 206.5392909982944616 ) ) ;
#1589 = CARTESIAN_POINT ( 'NONE',  ( -46.75094629537215951, 27.67406671185381484, 135.2858344324822610 ) ) ;
#1590 = CARTESIAN_POINT ( 'NONE',  ( -63.98600082019655133, 32.47793740598321932, 184.0516963749373076 ) ) ;
#1592 = ORIENTED_EDGE ( 'NONE', *, *, #5350, .T. ) ;
#1591 = CARTESIAN_POINT ( 'NONE',  ( 6.767508676923963407, 38.77370845951284650, 102.9002115925478620 ) ) ;
#1593 = CARTESIAN_POINT ( 'NONE',  ( 37.67954499563524706, 35.06309373423010101, 207.8709596998243967 ) ) ;
#1594 = ORIENTED_EDGE ( 'NONE', *, *, #4127, .F. ) ;
#1595 = CARTESIAN_POINT ( 'NONE',  ( -0.4274369155401487874, 36.22219929962941620, 73.22376467289481639 ) ) ;
#1596 = DIRECTION ( 'NONE',  ( -1.000000000000000000, 0.000000000000000000, 0.000000000000000000 ) ) ;
#1597 = CARTESIAN_POINT ( 'NONE',  ( 0.3546950490042765081, 32.19696955264198124, 49.66335343396756485 ) ) ;
#1598 = CARTESIAN_POINT ( 'NONE',  ( -1.765116654682876263, 46.70207201758803706, 208.1080897586185756 ) ) ;
#1599 = EDGE_CURVE ( 'NONE', #369, #3325, #5267, .T. ) ;
#1600 = CARTESIAN_POINT ( 'NONE',  ( -1.617115471736837895, 46.71654947514246459, 208.1869135295251283 ) ) ;
#1601 = B_SPLINE_CURVE_WITH_KNOTS ( 'NONE', 3,
 ( #364, #2239, #4698, #7176, #5178, #1632, #4087, #6559, #405, #1471, #5339, #4542, #3929, #6406, #3320, #7678, #2127, #1674, #6154, #1100, #7221, #445, #480, #4208, #4813, #6671, #1139, #4129, #5414, #7909, #6073, #1826 ),
 .UNSPECIFIED., .F., .F.,
 ( 4, 2, 2, 2, 2, 2, 2, 2, 2, 2, 2, 2, 2, 2, 2, 4 ),
 ( 0.000000000000000000, 0.003577969370912619483, 0.007155938741825238966, 0.01073390811273786279, 0.01431187748365048487, 0.02146781622547572904, 0.02504578559638835633, 0.02683477028184466304, 0.02862375496730097668, 0.03577969370912618963, 0.03935766308003880304, 0.04293563245095140951, 0.05009157119277662940, 0.05188055587823291875, 0.05366954056368921505, 0.05724750993460178683 ),
 .UNSPECIFIED. ) ;
#1602 = CARTESIAN_POINT ( 'NONE',  ( -0.6161072361437418543, 47.71231197339022856, 180.5334442090090192 ) ) ;
#1603 = CARTESIAN_POINT ( 'NONE',  ( 1.774539791774050856, 44.03559102027881522, 203.8173757309942289 ) ) ;
#1604 = CARTESIAN_POINT ( 'NONE',  ( -0.1316625916869920976, 44.00476989210981316, 168.5868007672538624 ) ) ;
#1605 = CARTESIAN_POINT ( 'NONE',  ( -3.567114036825362877, 47.24731414593711065, 189.4252221973757173 ) ) ;
#1606 = CARTESIAN_POINT ( 'NONE',  ( -43.59137526254052375, 31.88959292633074938, 230.5737549319972857 ) ) ;
#1607 = CARTESIAN_POINT ( 'NONE',  ( 0.000000000000000000, 6.729893735435778623, 500.8079739285071810 ) ) ;
#1608 = LINE ( 'NONE', #5785, #5040 ) ;
#1609 = CARTESIAN_POINT ( 'NONE',  ( -43.95965009189017536, 30.33988575092048379, 128.6496688811247111 ) ) ;
#1610 = ADVANCED_FACE ( 'NONE', ( #5351 ), #7189, .F. ) ;
#1611 = CARTESIAN_POINT ( 'NONE',  ( -3.094001100202671495, 27.87474874546403569, 16.86073679022653593 ) ) ;
#1612 = CYLINDRICAL_SURFACE ( 'NONE', #2977, 1.000000000000000888 ) ;
#1613 = CARTESIAN_POINT ( 'NONE',  ( 28.23808762699846042, 3.056412852116027423, -22.60677287783177647 ) ) ;
#1614 = CARTESIAN_POINT ( 'NONE',  ( -1.948209096892838055, 43.42387077780360016, 157.1504355201885232 ) ) ;
#1615 = EDGE_CURVE ( 'NONE', #6434, #2057, #1644, .T. ) ;
#1616 = CARTESIAN_POINT ( 'NONE',  ( -3.823873145752447300, 37.20086989049149651, 84.44363631797659764 ) ) ;
#1617 = CARTESIAN_POINT ( 'NONE',  ( -0.4167993570966040950, 30.57117149880102147, 41.22842367734894964 ) ) ;
#1618 = CARTESIAN_POINT ( 'NONE',  ( 43.13169760951446818, 32.49657777987773954, 210.1893341142750558 ) ) ;
#1619 = ORIENTED_EDGE ( 'NONE', *, *, #1716, .F. ) ;
#1620 = CARTESIAN_POINT ( 'NONE',  ( -27.46630682827604630, 32.02092658016663052, 91.18844647623627964 ) ) ;
#1621 = CARTESIAN_POINT ( 'NONE',  ( 19.23958081385339014, 44.36215661290071921, 164.4211870057072531 ) ) ;
#1622 = CARTESIAN_POINT ( 'NONE',  ( -149.9999999999999432, 13.01685150340217767, 333.3876767047953535 ) ) ;
#1623 = CARTESIAN_POINT ( 'NONE',  ( -8.002564627001241604, 44.09522289772792902, 125.6496688811248106 ) ) ;
#1624 = CARTESIAN_POINT ( 'NONE',  ( -2.494058605263854478, 47.35519205386088260, 187.9034795196050140 ) ) ;
#1625 = CARTESIAN_POINT ( 'NONE',  ( 4.035349159710969857, 41.31211090880582759, 125.6496688811248106 ) ) ;
#1626 = CARTESIAN_POINT ( 'NONE',  ( -12.98636237033609930, 42.62951739528807593, 208.5208960232813524 ) ) ;
#1627 = CARTESIAN_POINT ( 'NONE',  ( -150.0000000000000568, 0.2544905633191389405, 409.6453932724846823 ) ) ;
#1628 = CARTESIAN_POINT ( 'NONE',  ( -26.34960289139895906, 36.91846468857460195, 134.8350243782367670 ) ) ;
#1629 = CARTESIAN_POINT ( 'NONE',  ( 7.118748418129577260, -1.685585176228954429, 528.7463543470161085 ) ) ;
#1630 = EDGE_LOOP ( 'NONE', ( #591, #5538, #5734 ) ) ;
#1631 = CARTESIAN_POINT ( 'NONE',  ( -150.0000000000000284, 7.321812825929968405, 218.5459688349021121 ) ) ;
#1632 = CARTESIAN_POINT ( 'NONE',  ( 8.782794104477241959, 31.03994889041065264, 35.68833992585638981 ) ) ;
#1633 = CARTESIAN_POINT ( 'NONE',  ( -49.29743671353512013, 37.20513467868398294, 254.3835889086999487 ) ) ;
#1635 = ORIENTED_EDGE ( 'NONE', *, *, #4758, .F. ) ;
#1634 = CARTESIAN_POINT ( 'NONE',  ( 5.636448169223042370, 39.83246487545973480, 110.8800538714134660 ) ) ;
#1636 = CARTESIAN_POINT ( 'NONE',  ( 3.725064797236206093, 47.18508823153483434, 205.8604671828092307 ) ) ;
#1637 = ORIENTED_EDGE ( 'NONE', *, *, #7102, .T. ) ;
#1638 = CARTESIAN_POINT ( 'NONE',  ( 149.9999999999998579, 5.755319606443136671, 215.4903186742444916 ) ) ;
#1639 = CARTESIAN_POINT ( 'NONE',  ( 17.80442309394979006, 35.41962654858955517, 94.36191958308118899 ) ) ;
#1640 = CARTESIAN_POINT ( 'NONE',  ( 49.16176366489245453, 32.88963370336595915, 183.6080041517475081 ) ) ;
#1641 = CARTESIAN_POINT ( 'NONE',  ( -0.2951039235910960512, 33.74945628466248593, 58.08919072817906226 ) ) ;
#1642 = LINE ( 'NONE', #6083, #1584 ) ;
#1643 = B_SPLINE_CURVE_WITH_KNOTS ( 'NONE', 3,
 ( #4294, #4335, #5672, #2041, #1425, #209, #6553, #3281 ),
 .UNSPECIFIED., .F., .F.,
 ( 4, 2, 2, 4 ),
 ( 5.853689980043249074E-17, 0.002067423320728849819, 0.004134846641457638923, 0.008269693282915211927 ),
 .UNSPECIFIED. ) ;
#1644 = LINE ( 'NONE', #7841, #7265 ) ;
#1645 = CARTESIAN_POINT ( 'NONE',  ( -0.9573959518996042473, 36.00720964673208613, 354.6273715488849803 ) ) ;
#1646 = CARTESIAN_POINT ( 'NONE',  ( 46.75697559437496409, 26.12449660286631925, 120.2200494903546115 ) ) ;
#1647 = CARTESIAN_POINT ( 'NONE',  ( 26.30991428902423479, 39.39906752399314627, 218.3463854062954965 ) ) ;
#1648 = CARTESIAN_POINT ( 'NONE',  ( -3.732329755606725641, 47.23383139352144156, 190.4602416727404943 ) ) ;
#1649 = CARTESIAN_POINT ( 'NONE',  ( -0.7295355504911777977, -7.249700490246020479, 550.1677435810472616 ) ) ;
#1650 = DIRECTION ( 'NONE',  ( 1.000000000000000000, 0.000000000000000000, 0.000000000000000000 ) ) ;
#1651 = CARTESIAN_POINT ( 'NONE',  ( -47.41388742469077044, 32.03668511705816968, 144.9348992169705923 ) ) ;
#1652 = B_SPLINE_CURVE_WITH_KNOTS ( 'NONE', 3,
 ( #4256, #6715, #736, #1351 ),
 .UNSPECIFIED., .F., .F.,
 ( 4, 4 ),
 ( 0.009793923744355682512, 0.01886097216375316396 ),
 .UNSPECIFIED. ) ;
#1653 = CARTESIAN_POINT ( 'NONE',  ( -3.196296804781076695, 20.31546560184472128, -7.393096603152921276 ) ) ;
#1654 = LINE ( 'NONE', #4109, #6219 ) ;
#1655 = CARTESIAN_POINT ( 'NONE',  ( 86.04165046946579309, -0.9836248390333799385, 62.57548133218611497 ) ) ;
#1656 = CARTESIAN_POINT ( 'NONE',  ( -3.712946130955768531, 42.61047869335682492, 145.8101878971139058 ) ) ;
#1657 = CARTESIAN_POINT ( 'NONE',  ( 6.939183831652796286, 27.86846679867251098, 35.12069408689931294 ) ) ;
#1658 = CARTESIAN_POINT ( 'NONE',  ( -0.3629704027438872549, 44.16431780738425061, 180.2327950828497478 ) ) ;
#1659 = EDGE_CURVE ( 'NONE', #5942, #6584, #2855, .T. ) ;
#1660 = CARTESIAN_POINT ( 'NONE',  ( -38.94878926629487381, 31.16930290207718812, 125.6496688811246401 ) ) ;
#1661 = CARTESIAN_POINT ( 'NONE',  ( 14.61713605283470763, 44.60612277303756201, 256.7277770913618156 ) ) ;
#1662 = CARTESIAN_POINT ( 'NONE',  ( 1.788897586348170865, 20.19855326254756278, 444.2540033977297185 ) ) ;
#1663 = CARTESIAN_POINT ( 'NONE',  ( 5.464782804719584774, 43.12864966517708609, 212.8970381941021515 ) ) ;
#1664 = CARTESIAN_POINT ( 'NONE',  ( -32.42178892480836083, 22.46901625581695328, 50.86910566212303308 ) ) ;
#1665 = CARTESIAN_POINT ( 'NONE',  ( 45.95965009189017536, 27.17204488600939882, 125.6496688811247822 ) ) ;
#1666 = CARTESIAN_POINT ( 'NONE',  ( -2.506393785748695091, 43.96674400806033844, 204.0024425379547210 ) ) ;
#1667 = CARTESIAN_POINT ( 'NONE',  ( 2.057388533046267121, 6.867330383723285969, 500.6602980566781298 ) ) ;
#1668 = CARTESIAN_POINT ( 'NONE',  ( 0.4679998816216810464, 40.61518638057997777, 109.2218030358405514 ) ) ;
#1669 = CARTESIAN_POINT ( 'NONE',  ( 57.77097111345211289, -2.535394609008782663, 415.1043187994338837 ) ) ;
#1670 = ORIENTED_EDGE ( 'NONE', *, *, #4022, .T. ) ;
#1671 = CARTESIAN_POINT ( 'NONE',  ( -3.025320400198470150, 41.25118072673842562, 121.6867762539084339 ) ) ;
#1672 = B_SPLINE_SURFACE_WITH_KNOTS ( 'NONE', 3, 3, ( 
 ( #1260, #1730, #4063, #4715, #3677, #4186, #3495, #7194, #6538, #1115 ),
 ( #610, #5972, #423, #3456, #2804, #7767, #5354, #2212, #1687, #7153 ),
 ( #7235, #381, #2585, #3151, #6926, #3278, #4456, #1468, #6837, #7630 ),
 ( #777, #5760, #2082, #1303, #38, #3106, #7506, #6885, #5669, #3881 ),
 ( #5051, #7013, #1348, #207, #7555, #1423, #6363, #117, #3755, #5132 ),
 ( #3838, #6317, #1952, #1387, #1913, #3926, #4537, #3799, #820, #650 ),
 ( #2670, #5587, #733, #3232, #1999, #5713, #6241, #2548, #2506, #162 ),
 ( #2629, #4973, #5091, #7466, #693, #4371, #7589, #2039, #5630, #77 ),
 ( #5010, #4496, #4414, #6965, #6279, #3190, #323, #7129, #1585, #5253 ),
 ( #6558, #3962, #5291, #3437, #7714, #5838, #7786, #2125, #247, #1631 ),
 ( #1025, #5798, #1673, #7090, #4585, #3476, #4046, #7054, #2238, #4086 ),
 ( #905, #3317, #2750, #4697, #7220, #4617, #5916, #2787, #5218, #287 ),
 ( #2869, #7748, #2708, #6523, #4002, #2159, #1543, #948, #5175, #6479 ),
 ( #985, #7175, #3398, #5954, #5879, #6443, #2193, #4654, #362, #2825 ),
 ( #7675, #402, #5338, #7830, #2273, #4738, #1506, #6402, #3354, #861 ),
 ( #7907, #4771, #4248, #7987, #1138, #2420, #479, #4171, #7948, #519 ),
 ( #5413, #6754, #3519, #2383, #4889, #7374, #6113, #2944, #444, #4285 ),
 ( #2458, #2347, #6598, #4812, #7298, #3593, #1825, #4207, #2981, #4926 ),
 ( #3671, #5458, #1216, #6153, #6072, #7258, #603, #3063, #7332, #1785 ),
 ( #4848, #5376, #7415, #5534, #1748, #8022, #4128, #1062, #3633, #5997 ),
 ( #6709, #1172, #565, #1712, #6037, #2908, #3022, #6639, #5495, #7869 ),
 ( #1099, #2309, #3558, #6670, #7545, #3707, #5662, #5580, #6189, #3833 ),
 ( #2666, #2624, #5125, #33, #645, #4492, #1945, #6959, #3146, #1868 ),
 ( #771, #6792, #3100, #6313, #2542, #4325, #1253, #5622, #2579, #2502 ),
 ( #5044, #814, #4969, #5005, #1419, #154, #5704, #1993, #4363, #7460 ),
 ( #3226, #1907, #72, #1382, #6273, #688, #1295, #6830, #6352, #728 ),
 ( #4452, #7497, #3749, #4406, #6875, #6232, #1340, #110, #5087, #7586 ),
 ( #3791, #3185, #2034, #6922, #201, #3873, #3270, #5752, #5833, #4612 ),
 ( #7706, #3995, #5945, #279, #7167, #6472, #354, #2818, #7083, #241 ),
 ( #7780, #2780, #5247, #899, #5872, #853, #392, #6551, #2744, #2227 ),
 ( #2075, #7122, #4079, #3430, #2701, #939, #3394, #1577, #318, #5168 ),
 ( #2120, #7743, #4691, #2186, #2858, #5794, #1015, #4648, #4040, #1622 ),
 ( #7667, #7004, #6516, #4578, #980, #1459, #3311, #1537, #5909, #5283 ),
 ( #3469, #3349, #7624, #4530, #3918, #6395, #7047, #1500, #5212, #3957 ),
 ( #2154, #6437, #7209, #7859, #6062, #4273, #6141, #470, #7977, #3621 ),
 ( #2970, #2300, #2265, #1700, #6699, #594, #3548, #4838, #1739, #4159 ),
 ( #1662, #1815, #4197, #4116, #5442, #2934, #4761, #6631, #7895, #4729 ),
 ( #5986, #7938, #1163, #2334, #6103, #1089, #5366, #1128, #6661, #2373 ),
 ( #2410, #6026, #6587, #5484, #1051, #3661, #5405, #7820, #4799, #7288 ),
 ( #553, #3582, #508, #5328, #7323, #4879, #1776, #3011, #7364, #4237 ),
 ( #6742, #1205, #3507, #434, #2898, #7246, #4314, #1410, #2025, #1285 ),
 ( #4355, #6781, #5694, #5525, #3136, #6864, #1936, #4396, #6180, #4958 ),
 ( #4994, #5568, #1331, #141, #3783, #3862, #1244, #4483, #6265, #3176 ),
 ( #6948, #3698, #2449, #7488, #3091, #4442, #4913, #635, #718, #5652 ),
 ( #101, #5032, #3215, #23, #1984, #2570, #6820, #2492, #6912, #7450 ),
 ( #6303, #760, #2615, #7406, #6340, #3739, #1896, #5079, #7533, #6218 ),
 ( #7577, #3053, #1374, #3823, #8013, #1856, #678, #5613, #63, #2531 ),
 ( #232, #2656, #5274, #7696, #5116, #6462, #6427, #2692, #7655, #3340 ) ),
 .UNSPECIFIED., .F., .F., .F.,
 ( 4, 3, 1, 1, 1, 1, 1, 1, 1, 1, 1, 1, 1, 1, 1, 1, 1, 1, 1, 1, 1, 1, 1, 1, 1, 3, 1, 1, 1, 1, 1, 1, 1, 1, 1, 1, 1, 1, 1, 1, 1, 4 ),
 ( 4, 3, 1, 1, 1, 4 ),
 ( 0.4847573055477913950, 0.4990857812012456374, 0.5032524761466716789, 0.5074191710920973319, 0.5115858660375233180, 0.5157525609829490820, 0.5199192559283750681, 0.5240859508738008321, 0.5324193407646525822, 0.5407527306555042212, 0.5490861205463560824, 0.5574195104372077214, 0.5657529003280594715, 0.5740862902189111105, 0.5824196801097627496, 0.5990864598914662498, 0.6157532396731697499, 0.6324200194548732501, 0.6490867992365765282, 0.6657535790182800284, 0.6824203587999835285, 0.6990871385816868067, 0.7157539183633904178, 0.7324206981450935849, 0.7490874779267970851, 0.7657542577085005853, 0.7934811804762516019, 0.8212081032440026185, 0.8350715646278780158, 0.8489350260117537461, 0.8627984873956292544, 0.8766619487795048737, 0.8905254101633801600, 0.9043888715472557793, 0.9182523329311313987, 0.9321157943150069070, 0.9459792556988821932, 0.9598427170827579236, 0.9737061784666334319, 0.9806379091585710750, 0.9841037745045400076, 0.9875696398505088291 ),
 ( -0.01000000000000000021, 0.000000000000000000, 0.03502224838491098391, 0.09383257832149248523, 0.1938325783214923659, 1.000000000000000000 ),
 .UNSPECIFIED. ) ;
#1673 = CARTESIAN_POINT ( 'NONE',  ( 0.9333058635097452038, 11.80632858096668159, -28.47083339118706391 ) ) ;
#1674 = CARTESIAN_POINT ( 'NONE',  ( 28.31790065364425857, 27.04607914182979300, 46.07781446511263823 ) ) ;
#1675 = CARTESIAN_POINT ( 'NONE',  ( -20.62407662905724592, 42.79110105320698665, 140.4219543533417607 ) ) ;
#1677 = ORIENTED_EDGE ( 'NONE', *, *, #4432, .T. ) ;
#1676 = CARTESIAN_POINT ( 'NONE',  ( 0.3701471589313377053, 41.26107691766448937, 117.7737370057309647 ) ) ;
#1678 = CARTESIAN_POINT ( 'NONE',  ( 27.36924015552883560, 39.07994312983822027, 213.0211069765071272 ) ) ;
#1679 = CARTESIAN_POINT ( 'NONE',  ( -1.885900387860527383, 4.944344929474349115, -41.28297166191669731 ) ) ;
#1680 = CARTESIAN_POINT ( 'NONE',  ( 53.53631383660904675, 25.12306604620506789, 159.5366113987795131 ) ) ;
#1681 = DIRECTION ( 'NONE',  ( -0.000000000000000000, -0.000000000000000000, 1.000000000000000000 ) ) ;
#1682 = CARTESIAN_POINT ( 'NONE',  ( -6.277070275478069838, 33.00392885690856559, 60.01506639928353337 ) ) ;
#1683 = CARTESIAN_POINT ( 'NONE',  ( 29.23043508233181598, 42.04935712267781867, 212.4468602575419141 ) ) ;
#1684 = CARTESIAN_POINT ( 'NONE',  ( -0.4666624454429739166, 46.83002249555134711, 208.4485850156316360 ) ) ;
#1685 = CARTESIAN_POINT ( 'NONE',  ( 48.87671600598984867, 11.59101201867309783, 351.9235384047881894 ) ) ;
#1686 = CARTESIAN_POINT ( 'NONE',  ( 28.61111077304052586, 38.36692324631497542, 231.0311879713434564 ) ) ;
#1687 = CARTESIAN_POINT ( 'NONE',  ( -56.50313792499103016, -10.80253914119058045, 197.8140775424655544 ) ) ;
#1688 = CARTESIAN_POINT ( 'NONE',  ( 150.0000000000002558, -4.444873476189596495, 435.7468521578524019 ) ) ;
#1689 = LINE ( 'NONE', #1804, #5853 ) ;
#1690 = B_SPLINE_CURVE_WITH_KNOTS ( 'NONE', 3,
 ( #7583, #4527, #6999, #3267, #5658, #5619, #1456, #3143 ),
 .UNSPECIFIED., .F., .F.,
 ( 4, 1, 1, 1, 1, 4 ),
 ( 0.1438368010970967892, 0.1535373333011356978, 0.1705970370012664938, 0.2047164444015285578, 0.2388358518017905663, 0.2663470225607208475 ),
 .UNSPECIFIED. ) ;
#1691 = FACE_OUTER_BOUND ( 'NONE', #1849, .T. ) ;
#1692 = CARTESIAN_POINT ( 'NONE',  ( -12.12700268568815254, 15.00943372669715004, -14.20656591047415240 ) ) ;
#1693 = CARTESIAN_POINT ( 'NONE',  ( 150.0000000000000284, 7.321812825929968405, 218.5459688349021121 ) ) ;
#1694 = CARTESIAN_POINT ( 'NONE',  ( 0.5302990733815206026, 43.11547748925668344, 144.9166303197529544 ) ) ;
#1695 = CARTESIAN_POINT ( 'NONE',  ( -0.3546950490042765081, 32.19696955264198124, 49.66335343396756485 ) ) ;
#1696 = CARTESIAN_POINT ( 'NONE',  ( 1.854690840328912849, 43.93724724901663592, 180.6096488311621897 ) ) ;
#1697 = CARTESIAN_POINT ( 'NONE',  ( 6.602309369726680366, 40.77711957803821718, 123.2602329534994965 ) ) ;
#1698 = CARTESIAN_POINT ( 'NONE',  ( -14.89653780607191358, 34.16047649234374717, 80.27481423022118179 ) ) ;
#1699 = CARTESIAN_POINT ( 'NONE',  ( 49.29743671353512013, 37.20513467868398294, 254.3835889086999487 ) ) ;
#1700 = CARTESIAN_POINT ( 'NONE',  ( 0.000000000000000000, 23.07731326548116613, 429.8900929289059150 ) ) ;
#1701 = CARTESIAN_POINT ( 'NONE',  ( 39.83570236460560920, 26.40702837116184654, 69.16083407968433505 ) ) ;
#1702 = DIRECTION ( 'NONE',  ( 0.000000000000000000, 0.000000000000000000, -1.000000000000000000 ) ) ;
#1703 = EDGE_CURVE ( 'NONE', #448, #712, #456, .T. ) ;
#1704 = CARTESIAN_POINT ( 'NONE',  ( 41.09686695403526357, 23.57254782636245238, 78.51981356704514781 ) ) ;
#1705 = CARTESIAN_POINT ( 'NONE',  ( 2.188606651473533393, -7.176475229997554273, 550.0807433445178276 ) ) ;
#1706 = CARTESIAN_POINT ( 'NONE',  ( -10.44288910722660368, 38.26041020803937442, 104.8617255701134354 ) ) ;
#1707 = AXIS2_PLACEMENT_3D ( 'NONE', #2962, #4229, #5320 ) ;
#1708 = CARTESIAN_POINT ( 'NONE',  ( -1.451531298192344277, -4.583017096774475441, 541.4743903544048180 ) ) ;
#1709 = B_SPLINE_CURVE_WITH_KNOTS ( 'NONE', 3,
 ( #2414, #1055, #3511, #437 ),
 .UNSPECIFIED., .F., .F.,
 ( 4, 4 ),
 ( 1.084202172485504434E-18, 0.0004681475851019934148 ),
 .UNSPECIFIED. ) ;
#1710 = VERTEX_POINT ( 'NONE', #2249 ) ;
#1711 = CARTESIAN_POINT ( 'NONE',  ( -1.662575056565462450, 41.42270152493390611, 121.3332091868010991 ) ) ;
#1712 = CARTESIAN_POINT ( 'NONE',  ( 0.000000000000000000, 45.77999709477325752, 130.5726553802304295 ) ) ;
#1713 = CIRCLE ( 'NONE', #6225, 1.000000000000000222 ) ;
#1714 = CARTESIAN_POINT ( 'NONE',  ( -2.720713189682517186, 46.67657962564049257, 189.1588354851969314 ) ) ;
#1715 = CARTESIAN_POINT ( 'NONE',  ( 0.000000000000000000, 15.00000000000000000, 34.84931210984616712 ) ) ;
#1716 = EDGE_CURVE ( 'NONE', #588, #1323, #7989, .T. ) ;
#1717 = CIRCLE ( 'NONE', #4162, 1.000000000000000888 ) ;
#1719 = EDGE_LOOP ( 'NONE', ( #3890, #7465, #37, #315 ) ) ;
#1718 = CARTESIAN_POINT ( 'NONE',  ( -0.4218234887397744881, 41.35812741954064364, 117.7458650399727418 ) ) ;
#1720 = CARTESIAN_POINT ( 'NONE',  ( 0.3111236987009302069, 46.96929968666847799, 187.8683353890677097 ) ) ;
#1721 = CARTESIAN_POINT ( 'NONE',  ( -1.866611727019490408, 11.87816490467868569, -28.42495731499281675 ) ) ;
#1722 = CARTESIAN_POINT ( 'NONE',  ( -0.1448668509415364236, 39.38764476717102525, 97.16401209088930102 ) ) ;
#1723 = CARTESIAN_POINT ( 'NONE',  ( -0.05264225397167573983, 30.51438514820749148, 41.20500241982450262 ) ) ;
#1724 = DIRECTION ( 'NONE',  ( 8.372497766808339307E-17, -0.9999862922474268556, 0.005235963831417928156 ) ) ;
#1725 =( GEOMETRIC_REPRESENTATION_CONTEXT ( 3 ) GLOBAL_UNCERTAINTY_ASSIGNED_CONTEXT ( ( #7283 ) ) GLOBAL_UNIT_ASSIGNED_CONTEXT ( ( #585, #2961, #2365 ) ) REPRESENTATION_CONTEXT ( 'NONE', 'WORKASPACE' ) );
#1726 = CARTESIAN_POINT ( 'NONE',  ( -2.212193796717800698, 47.30350868945125598, 207.7845300346436659 ) ) ;
#1727 = CARTESIAN_POINT ( 'NONE',  ( 1.649437573462356754, 40.21924920216152088, 320.0000000000000568 ) ) ;
#1728 = CARTESIAN_POINT ( 'NONE',  ( 8.223862253950064982, 35.38355674427739928, 78.08792030603081002 ) ) ;
#1729 = CARTESIAN_POINT ( 'NONE',  ( 7.149355281172790733, 43.25121417870777663, 217.0667560260353355 ) ) ;
#1730 = CARTESIAN_POINT ( 'NONE',  ( 1.913171683458406047, -24.72062763175912892, -76.21716178040844625 ) ) ;
#1731 = CARTESIAN_POINT ( 'NONE',  ( 9.824827521419905452, -2.593892997156575397, 521.6966707247395334 ) ) ;
#1732 = CARTESIAN_POINT ( 'NONE',  ( -0.000000000000000000, 39.60852498420574364, 73.02310853651350442 ) ) ;
#1733 = CARTESIAN_POINT ( 'NONE',  ( 2.997158024569279711, 46.58725634734113896, 206.5395384060788615 ) ) ;
#1734 = CARTESIAN_POINT ( 'NONE',  ( -55.69582423788891390, 7.770729441803534421, 222.6473521244176652 ) ) ;
#1735 = CARTESIAN_POINT ( 'NONE',  ( 27.28012801745004268, 17.82243023528065962, 9.515898732818438788 ) ) ;
#1736 = CARTESIAN_POINT ( 'NONE',  ( 8.763922371670682665, 29.46165312694820315, 44.54995283789373417 ) ) ;
#1737 = CARTESIAN_POINT ( 'NONE',  ( 5.464782804719576781, 140.7522993944396603, 212.3858772881615096 ) ) ;
#1738 = CARTESIAN_POINT ( 'NONE',  ( 0.000000000000000000, 44.44231472044331355, 275.7264566852123266 ) ) ;
#1739 = CARTESIAN_POINT ( 'NONE',  ( -52.26163914926329568, 6.411420321105841147, 377.3440233945722184 ) ) ;
#1740 = CARTESIAN_POINT ( 'NONE',  ( 5.464712794159235720, 43.12498449049508764, 212.1970477895286820 ) ) ;
#1741 = CARTESIAN_POINT ( 'NONE',  ( -29.38567166270431130, 23.05388067150135001, 47.25983946610949715 ) ) ;
#1742 = DIRECTION ( 'NONE',  ( 0.000000000000000000, 0.000000000000000000, -1.000000000000000000 ) ) ;
#1743 = CARTESIAN_POINT ( 'NONE',  ( -0.09488683278131274101, 44.25691092099108204, 191.9430083340853059 ) ) ;
#1744 = CARTESIAN_POINT ( 'NONE',  ( 0.2070790909860803219, 39.67830780441817495, 100.6874278746588232 ) ) ;
#1745 = CARTESIAN_POINT ( 'NONE',  ( 149.9999999999997158, -4.914714336245090465, 438.2002728028813863 ) ) ;
#1746 = ORIENTED_EDGE ( 'NONE', *, *, #3369, .F. ) ;
#1747 = CARTESIAN_POINT ( 'NONE',  ( -10.01243234742356414, 40.28768717824512180, 125.0856925675669942 ) ) ;
#1748 = CARTESIAN_POINT ( 'NONE',  ( -2.613339197210340359, 43.38578146962264270, 105.1797038346670092 ) ) ;
#1749 = CARTESIAN_POINT ( 'NONE',  ( -34.51520779515804804, 36.43989335966868737, 210.0738321795262777 ) ) ;
#1750 = CARTESIAN_POINT ( 'NONE',  ( -13.20776690004548115, 35.51755634591616229, 352.3468663762320716 ) ) ;
#1752 = ORIENTED_EDGE ( 'NONE', *, *, #2298, .F. ) ;
#1751 = CARTESIAN_POINT ( 'NONE',  ( -0.04694862236433845065, 41.31229181547323037, 117.7499826369469531 ) ) ;
#1753 = EDGE_CURVE ( 'NONE', #2223, #4253, #2460, .T. ) ;
#1754 = CARTESIAN_POINT ( 'NONE',  ( 50.00138848928449420, 27.48902129911901326, 160.0735858244221106 ) ) ;
#1755 = DIRECTION ( 'NONE',  ( 0.000000000000000000, -0.005235963831417927289, -0.9999862922474268556 ) ) ;
#1756 = CARTESIAN_POINT ( 'NONE',  ( -8.001840955655797671, 29.55817093355582159, 44.10098243987838629 ) ) ;
#1757 = EDGE_CURVE ( 'NONE', #7972, #2875, #4204, .T. ) ;
#1758 = CARTESIAN_POINT ( 'NONE',  ( -8.538092108323344262E-15, 42.27584986442359849, 131.1495458447934084 ) ) ;
#1759 = CARTESIAN_POINT ( 'NONE',  ( -1.304230155146523407, 46.74733915366939385, 208.3160861728527493 ) ) ;
#1760 = CARTESIAN_POINT ( 'NONE',  ( 41.23236433532566281, 22.69079723528891179, 379.8779995718708165 ) ) ;
#1761 = CARTESIAN_POINT ( 'NONE',  ( 3.162444189952995810, 36.04905264966131284, 75.65827712226108304 ) ) ;
#1762 = PLANE ( 'NONE',  #1839 ) ;
#1763 = CARTESIAN_POINT ( 'NONE',  ( 35.77127347892401588, -9.639532146028656712, 488.8322980861877340 ) ) ;
#1764 = CARTESIAN_POINT ( 'NONE',  ( 1.573448402819587994E-14, 43.59248601773754928, 125.6496688811247253 ) ) ;
#1765 = CARTESIAN_POINT ( 'NONE',  ( 2.047848587394732078, 46.67453233286508407, 207.9204404683669338 ) ) ;
#1767 = ORIENTED_EDGE ( 'NONE', *, *, #6001, .T. ) ;
#1766 = CARTESIAN_POINT ( 'NONE',  ( -0.9126475175586304944, 20.71106199493173605, -7.133971301115257013 ) ) ;
#1768 = CARTESIAN_POINT ( 'NONE',  ( -5.072128695999405856, 43.41011454546662662, 170.0676384547313944 ) ) ;
#1769 = CARTESIAN_POINT ( 'NONE',  ( 46.58306872789788855, 22.69958552081562075, 93.85375781224558978 ) ) ;
#1770 = ORIENTED_EDGE ( 'NONE', *, *, #563, .T. ) ;
#1771 = CARTESIAN_POINT ( 'NONE',  ( 0.08359009143057809232, 44.12006257012168930, 180.2746060127768715 ) ) ;
#1772 = CARTESIAN_POINT ( 'NONE',  ( -23.07263642873369491, 39.40811279312997328, 157.9207941130925406 ) ) ;
#1773 = CARTESIAN_POINT ( 'NONE',  ( 28.14831922335329750, 37.58591395155310977, 151.6400952814234984 ) ) ;
#1774 = LINE ( 'NONE', #3546, #1586 ) ;
#1775 = CARTESIAN_POINT ( 'NONE',  ( 44.49566077598581870, 36.56622561671095895, 287.9162384457418966 ) ) ;
#1776 = CARTESIAN_POINT ( 'NONE',  ( -10.55815539007339510, 8.766027140151836150, 480.2865580578388176 ) ) ;
#1777 = DIRECTION ( 'NONE',  ( 0.000000000000000000, 0.000000000000000000, -1.000000000000000000 ) ) ;
#1778 = CARTESIAN_POINT ( 'NONE',  ( 45.95965009189016826, 32.92393923627010111, 125.6496688811247253 ) ) ;
#1779 = DIRECTION ( 'NONE',  ( 1.000000000000000000, 0.000000000000000000, 0.000000000000000000 ) ) ;
#1780 = CARTESIAN_POINT ( 'NONE',  ( -2.934461067682754276, 40.18782412396819126, 109.7600233946080266 ) ) ;
#1781 = CARTESIAN_POINT ( 'NONE',  ( -5.320951020334570458, 31.74158748792890705, 35.11526125519145580 ) ) ;
#1782 = ORIENTED_EDGE ( 'NONE', *, *, #967, .T. ) ;
#1783 = CARTESIAN_POINT ( 'NONE',  ( 0.1501379593376144517, 40.51721415449662089, 109.1377108271473162 ) ) ;
#1784 = VERTEX_POINT ( 'NONE', #4747 ) ;
#1785 = CARTESIAN_POINT ( 'NONE',  ( -150.0000000000000853, 15.27823658166833454, 249.4146832441057597 ) ) ;
#1786 = CARTESIAN_POINT ( 'NONE',  ( 0.000000000000000000, 29.47866109171257776, 34.84931210984616712 ) ) ;
#1787 = B_SPLINE_CURVE_WITH_KNOTS ( 'NONE', 3,
 ( #7280, #4830, #1733, #3612, #4189, #7317, #1765, #4228, #543, #3004, #5475, #3043, #7969, #4718 ),
 .UNSPECIFIED., .F., .F.,
 ( 4, 2, 2, 2, 2, 2, 4 ),
 ( -6.000000002264141031E-08, 0.001023800238264057846, 0.002047660476528138322, 0.002559590595660178776, 0.003071520714792219664, 0.003583450833924260118, 0.004095380953056300573 ),
 .UNSPECIFIED. ) ;
#1788 = ORIENTED_EDGE ( 'NONE', *, *, #2884, .T. ) ;
#1789 = CARTESIAN_POINT ( 'NONE',  ( 0.9419369969250757091, 41.02800531393226180, 312.7688498949498808 ) ) ;
#1790 = EDGE_LOOP ( 'NONE', ( #2991, #4324, #2854, #5252, #1930, #3359, #7356, #6794, #7372, #4624 ) ) ;
#1791 = CARTESIAN_POINT ( 'NONE',  ( 0.4666624454429734725, 46.95419416596106998, 187.8683353890677097 ) ) ;
#1792 = CARTESIAN_POINT ( 'NONE',  ( -0.8486857927523446810, 34.25527520538206261, 42.00482374486006165 ) ) ;
#1793 = B_SPLINE_CURVE_WITH_KNOTS ( 'NONE', 3,
 ( #111, #2581, #4366, #3148, #4493, #3186, #6236, #7549, #3876, #1994, #4532, #7463, #203, #4453, #1384, #6355, #2667, #1909 ),
 .UNSPECIFIED., .F., .F.,
 ( 4, 2, 2, 2, 2, 2, 2, 2, 4 ),
 ( 0.000000000000000000, 0.0006275413240994375148, 0.001255082648198875030, 0.001882623972298312544, 0.002510165296397750059, 0.003137706620497187574, 0.003765247944596625089, 0.004392789268696063038, 0.005020330592795500119 ),
 .UNSPECIFIED. ) ;
#1794 = CARTESIAN_POINT ( 'NONE',  ( -0.002355746092017458899, 47.47931637357039847, 208.4485850156317213 ) ) ;
#1795 = CARTESIAN_POINT ( 'NONE',  ( -48.12011161261801107, 23.46272807825786799, 106.9926679767223874 ) ) ;
#1796 = CARTESIAN_POINT ( 'NONE',  ( 30.15471307803262135, 41.73418671722522078, 212.1105404625341180 ) ) ;
#1797 = ADVANCED_FACE ( 'NONE', ( #6613 ), #5443, .T. ) ;
#1798 = CARTESIAN_POINT ( 'NONE',  ( -22.46758908954234712, 38.40544402536630031, 139.0865530859765613 ) ) ;
#1799 = CARTESIAN_POINT ( 'NONE',  ( -1.412905495387613675, 40.21919022833552049, 320.0005269926185747 ) ) ;
#1800 = CARTESIAN_POINT ( 'NONE',  ( -0.2392218212450824832, 37.71718286592287939, 83.61969254868513701 ) ) ;
#1801 = CARTESIAN_POINT ( 'NONE',  ( 0.4941426846766366898, 43.90838243491766235, 214.9345953600575854 ) ) ;
#1802 = CARTESIAN_POINT ( 'NONE',  ( 3.066662445442887908, 46.58356806079916623, 206.1946941784408693 ) ) ;
#1803 = CARTESIAN_POINT ( 'NONE',  ( 9.623729406347049320, -10.66680710752643968, 548.6596272280612538 ) ) ;
#1804 = CARTESIAN_POINT ( 'NONE',  ( 3.552399940237351197E-15, 42.84486042551422713, 158.6977811542913344 ) ) ;
#1805 = DIRECTION ( 'NONE',  ( -0.000000000000000000, -0.000000000000000000, 1.000000000000000000 ) ) ;
#1807 = ORIENTED_EDGE ( 'NONE', *, *, #270, .F. ) ;
#1806 = CARTESIAN_POINT ( 'NONE',  ( 55.14185912003974011, 11.14502422987850849, 230.0543043816361433 ) ) ;
#1808 = CARTESIAN_POINT ( 'NONE',  ( 1.057673861381022817, 32.02464806182666734, 49.69598816731628688 ) ) ;
#1809 = ORIENTED_EDGE ( 'NONE', *, *, #6986, .F. ) ;
#1810 = EDGE_CURVE ( 'NONE', #3327, #2183, #6481, .T. ) ;
#1811 = CARTESIAN_POINT ( 'NONE',  ( 0.2816234167835481861, 44.10027678992294398, 180.2972721233001892 ) ) ;
#1812 = CARTESIAN_POINT ( 'NONE',  ( 7.250890040039482898, 41.53504005062803373, 135.5488361470760594 ) ) ;
#1813 = CARTESIAN_POINT ( 'NONE',  ( 3.567414271537301396, 47.24728561431494001, 189.4261336881408511 ) ) ;
#1814 = CARTESIAN_POINT ( 'NONE',  ( 49.32634856228757059, 20.28886164836126582, 276.4091044601491944 ) ) ;
#1815 = CARTESIAN_POINT ( 'NONE',  ( 1.192598390898780503, 20.17127465771984873, 444.2396516818456007 ) ) ;
#1816 = CARTESIAN_POINT ( 'NONE',  ( 42.23908899243181736, 28.49071320547025365, 87.90735781082256040 ) ) ;
#1817 = CARTESIAN_POINT ( 'NONE',  ( 45.95965009189016826, 27.13773935310525331, 125.6496688811247253 ) ) ;
#1818 = LINE ( 'NONE', #4163, #8032 ) ;
#1819 = CARTESIAN_POINT ( 'NONE',  ( -35.77127347892401588, -9.639532146028656712, 488.8322980861877340 ) ) ;
#1820 = CARTESIAN_POINT ( 'NONE',  ( 0.3573846340941198019, 39.69704936580215104, 100.6892903059945041 ) ) ;
#1821 = CARTESIAN_POINT ( 'NONE',  ( 7.189961064043363770, -9.266056063442162483, 554.1745012121198215 ) ) ;
#1822 = ORIENTED_EDGE ( 'NONE', *, *, #6898, .F. ) ;
#1823 = CARTESIAN_POINT ( 'NONE',  ( -7.473272571509059325, 40.65569649088671156, 123.7060501078672701 ) ) ;
#1824 = EDGE_LOOP ( 'NONE', ( #6488, #1594, #7062, #1060, #477, #4154, #6296, #2369, #1475, #504 ) ) ;
#1825 = CARTESIAN_POINT ( 'NONE',  ( -24.45514282142428186, 34.03033067479747587, 71.95588844210854518 ) ) ;
#1826 = CARTESIAN_POINT ( 'NONE',  ( 39.83570236460560920, 26.40702837116184654, 69.16083407968433505 ) ) ;
#1827 = CARTESIAN_POINT ( 'NONE',  ( -38.06231726350882383, 34.89105426724536585, 207.5700138891928361 ) ) ;
#1828 = CLOSED_SHELL ( 'NONE', ( #4222, #4723, #3068, #7351, #7791, #1455, #6157, #412, #3114, #5158, #6845, #7461, #5604, #2341, #3961, #5058, #3767, #2786, #418, #619, #3530, #767, #4478, #4224, #4172, #7005, #3024, #2830, #923, #2684, #2199, #3271 ) ) ;
#1829 = CARTESIAN_POINT ( 'NONE',  ( -13.42993013484968756, 41.72605030748574251, 299.6411483311551933 ) ) ;
#1831 = EDGE_LOOP ( 'NONE', ( #4251, #6039, #7794, #752 ) ) ;
#1830 = CARTESIAN_POINT ( 'NONE',  ( 12.40526178870652885, 39.60992953691722107, 123.0961606181952988 ) ) ;
#1832 = CARTESIAN_POINT ( 'NONE',  ( 0.3141956426532302449, 40.45967743652350634, 109.1547322324601765 ) ) ;
#1833 = VECTOR ( 'NONE', #962, 1000.000000000000000 ) ;
#1834 = CARTESIAN_POINT ( 'NONE',  ( 0.000000000000000000, 16.05780648225944418, -18.97418335886999685 ) ) ;
#1835 = CARTESIAN_POINT ( 'NONE',  ( 0.000000000000000000, 47.37507383608854639, 214.0493118915661057 ) ) ;
#1836 = CARTESIAN_POINT ( 'NONE',  ( -2.603193413929209665, 30.21087240718051348, 41.54796548204003415 ) ) ;
#1837 = CARTESIAN_POINT ( 'NONE',  ( 9.992903637741793688, 43.72814503004576636, 125.6496688811247822 ) ) ;
#1838 = CARTESIAN_POINT ( 'NONE',  ( -3.725064797236203429, 47.18508823153484855, 205.8604671828092876 ) ) ;
#1839 = AXIS2_PLACEMENT_3D ( 'NONE', #2322, #4863, #6013 ) ;
#1840 = B_SPLINE_CURVE_WITH_KNOTS ( 'NONE', 3,
 ( #7849, #3497, #4717, #3611, #2925, #3572, #2889, #4752 ),
 .UNSPECIFIED., .F., .F.,
 ( 4, 2, 2, 4 ),
 ( 5.853689980043249074E-17, 0.002067423320728849819, 0.004134846641457638923, 0.008269693282915211927 ),
 .UNSPECIFIED. ) ;
#1841 = CARTESIAN_POINT ( 'NONE',  ( 0.07035178436813618874, 37.67819738038839006, 83.61876624355761578 ) ) ;
#1842 = CARTESIAN_POINT ( 'NONE',  ( 5.850552095208037429, 43.39957485111901292, 216.5567467153776136 ) ) ;
#1843 = CARTESIAN_POINT ( 'NONE',  ( -49.16176366489244742, 32.92393923627010111, 183.6080041517474797 ) ) ;
#1844 = EDGE_CURVE ( 'NONE', #7986, #253, #620, .T. ) ;
#1845 = DIRECTION ( 'NONE',  ( 0.000000000000000000, 0.000000000000000000, -1.000000000000000000 ) ) ;
#1846 = CARTESIAN_POINT ( 'NONE',  ( 43.95965009189017536, 30.33988575092048379, 128.6496688811247111 ) ) ;
#1847 = CARTESIAN_POINT ( 'NONE',  ( 4.035349159710969857, 41.31211090880582759, 125.6496688811248106 ) ) ;
#1849 = EDGE_LOOP ( 'NONE', ( #4775, #6513, #2443, #6118 ) ) ;
#1848 = CARTESIAN_POINT ( 'NONE',  ( -2.600022395107888684, 31.67003230040083039, 29.63291989188160258 ) ) ;
#1850 = CARTESIAN_POINT ( 'NONE',  ( 8.384808795606488729, 29.50981766017826047, 44.32443715051566357 ) ) ;
#1851 = VERTEX_POINT ( 'NONE', #6285 ) ;
#1852 = CARTESIAN_POINT ( 'NONE',  ( -0.1145307358586652308, 44.13980330450780798, 180.2532756522040529 ) ) ;
#1853 = CARTESIAN_POINT ( 'NONE',  ( 2.451552974930189421, 47.36491267088074864, 188.7782592838380822 ) ) ;
#1854 = ADVANCED_FACE ( 'NONE', ( #3074 ), #4900, .F. ) ;
#1855 = CARTESIAN_POINT ( 'NONE',  ( 1.649437573462356754, 38.88726402745196253, 331.8909477606557630 ) ) ;
#1856 = CARTESIAN_POINT ( 'NONE',  ( -7.192754217908762904, -10.02745025890519770, 556.6295491338239572 ) ) ;
#1857 = CARTESIAN_POINT ( 'NONE',  ( 43.77116713507209766, 29.66057717686768314, 102.0313887503347701 ) ) ;
#1858 = CARTESIAN_POINT ( 'NONE',  ( 2.865643619534015141, -19.79597498845155457, -71.17153684286878956 ) ) ;
#1859 = ADVANCED_FACE ( 'NONE', ( #7385 ), #7814, .T. ) ;
#1860 = CARTESIAN_POINT ( 'NONE',  ( 5.411673686775078096, 41.23581338560511966, 127.8318439750212008 ) ) ;
#1861 = CARTESIAN_POINT ( 'NONE',  ( -0.5904223920472086995, 32.48870363117342208, 34.84931210984618133 ) ) ;
#1862 = CARTESIAN_POINT ( 'NONE',  ( -59.97261899444817601, -10.31809425623221443, 446.5905760905740181 ) ) ;
#1863 = CARTESIAN_POINT ( 'NONE',  ( -6.304335775064719982, 39.74211464397922100, 111.2053540784587256 ) ) ;
#1864 = CARTESIAN_POINT ( 'NONE',  ( -13.32571381860772775, 30.09964292785041451, 36.93449541209491116 ) ) ;
#1865 = ORIENTED_EDGE ( 'NONE', *, *, #6403, .T. ) ;
#1866 = CARTESIAN_POINT ( 'NONE',  ( -6.793985541394117256, 39.61784496611820572, 111.3714970706442386 ) ) ;
#1867 = ORIENTED_EDGE ( 'NONE', *, *, #3609, .T. ) ;
#1868 = CARTESIAN_POINT ( 'NONE',  ( -150.0000000000006821, 17.36217657815118542, 276.3178635875777900 ) ) ;
#1869 = FACE_OUTER_BOUND ( 'NONE', #174, .T. ) ;
#1870 = VERTEX_POINT ( 'NONE', #3356 ) ;
#1871 = CARTESIAN_POINT ( 'NONE',  ( -13.31731313304985065, 38.32335583300963577, 331.1613580124958389 ) ) ;
#1873 = ORIENTED_EDGE ( 'NONE', *, *, #3014, .F. ) ;
#1872 = CARTESIAN_POINT ( 'NONE',  ( 3.541872507649115764, 40.86174287402831595, 118.5299641992235848 ) ) ;
#1874 = CARTESIAN_POINT ( 'NONE',  ( -0.9438618332980647230, 47.51046885385722618, 187.2859185933851052 ) ) ;
#1875 = CARTESIAN_POINT ( 'NONE',  ( -0.9247670608693169259, 16.13791471914375109, -18.92185757000694935 ) ) ;
#1876 = CARTESIAN_POINT ( 'NONE',  ( 1.573448402819587994E-14, 43.59248601773754928, 122.6496688811247111 ) ) ;
#1877 = CARTESIAN_POINT ( 'NONE',  ( 0.000000000000000000, 47.44156242133556844, 210.7252661943174701 ) ) ;
#1878 = CARTESIAN_POINT ( 'NONE',  ( 0.8834387404823768053, 28.31537238341890372, 17.13475425666132068 ) ) ;
#1879 = CARTESIAN_POINT ( 'NONE',  ( 12.13928024308897413, 40.27081473875079354, 131.4136931572533058 ) ) ;
#1880 = CARTESIAN_POINT ( 'NONE',  ( -0.3610737954527580840, 41.87557515096076344, 126.2785048643009844 ) ) ;
#1881 = CARTESIAN_POINT ( 'NONE',  ( 6.899440396990593527, 37.85083214069913282, 94.42669645160714254 ) ) ;
#1882 = CARTESIAN_POINT ( 'NONE',  ( 46.28427351914904619, 30.84564869939530496, 197.3603933020089300 ) ) ;
#1883 = CARTESIAN_POINT ( 'NONE',  ( -48.61187793578222482, 32.92393923627010111, 164.2690193877255354 ) ) ;
#1884 = LINE ( 'NONE', #5513, #4415 ) ;
#1885 = CARTESIAN_POINT ( 'NONE',  ( 7.500000000000000000, 24.87581779792214576, 23.34527260323320164 ) ) ;
#1886 = DIRECTION ( 'NONE',  ( 1.000000000000000000, 0.000000000000000000, 0.000000000000000000 ) ) ;
#1887 = CARTESIAN_POINT ( 'NONE',  ( 10.04578611950417866, 40.24626424246233114, 125.6496688811246401 ) ) ;
#1889 = VERTEX_POINT ( 'NONE', #2710 ) ;
#1888 = CARTESIAN_POINT ( 'NONE',  ( -1.316609496952878322, 47.20928880869866617, 155.6670790133530033 ) ) ;
#1890 = CARTESIAN_POINT ( 'NONE',  ( 48.12011161261801107, 23.46272807825786799, 106.9926679767223874 ) ) ;
#1891 = EDGE_LOOP ( 'NONE', ( #3391, #6095, #5026, #3006 ) ) ;
#1892 = CARTESIAN_POINT ( 'NONE',  ( 23.92178885694114854, 40.30252200235772619, 204.8534245797129074 ) ) ;
#1893 = CARTESIAN_POINT ( 'NONE',  ( 8.088800255108845150, 41.41832151357230885, 135.9721826698009011 ) ) ;
#1894 = CARTESIAN_POINT ( 'NONE',  ( 2.721910974992682863, 46.67643229114790415, 189.1608878323222598 ) ) ;
#1895 = CARTESIAN_POINT ( 'NONE',  ( 1.676507941506811594, 36.02744328790266337, 354.3090623948346547 ) ) ;
#1896 = CARTESIAN_POINT ( 'NONE',  ( -9.631319324692816153, -9.937326209155806112, 546.2879777790365097 ) ) ;
#1897 = DIRECTION ( 'NONE',  ( 0.000000000000000000, 0.000000000000000000, -1.000000000000000000 ) ) ;
#1898 = CARTESIAN_POINT ( 'NONE',  ( -87.16474666623552991, -18.22885969961632213, 41.61352295269925605 ) ) ;
#1899 = CARTESIAN_POINT ( 'NONE',  ( 3.066662445442872365, 46.64169042395536735, 200.7238313810956072 ) ) ;
#1900 = CARTESIAN_POINT ( 'NONE',  ( -2.738145295489168518, 43.86679528997784416, 189.1554641129578158 ) ) ;
#1901 = CARTESIAN_POINT ( 'NONE',  ( -2.343089361926042891, 38.45143284571964415, 92.48353959093712717 ) ) ;
#1902 = EDGE_CURVE ( 'NONE', #4560, #6393, #3752, .T. ) ;
#1903 = CARTESIAN_POINT ( 'NONE',  ( -38.91014254574662345, 25.96722990112123242, 64.44329464633543125 ) ) ;
#1904 = VERTEX_POINT ( 'NONE', #4656 ) ;
#1905 = CARTESIAN_POINT ( 'NONE',  ( 0.3803029667125116808, 39.41717160671375808, 97.16818489134620052 ) ) ;
#1906 = ORIENTED_EDGE ( 'NONE', *, *, #5904, .F. ) ;
#1907 = CARTESIAN_POINT ( 'NONE',  ( 1.024170345567492202, 46.00818778601377090, 252.5475023864288744 ) ) ;
#1908 = CARTESIAN_POINT ( 'NONE',  ( -0.3490159470105796968, 47.57130205990600302, 187.8683353890675960 ) ) ;
#1909 = CARTESIAN_POINT ( 'NONE',  ( -3.725064797236206093, 47.18508823153483434, 205.8604671828092307 ) ) ;
#1910 = CARTESIAN_POINT ( 'NONE',  ( 1.467788928062101705, 44.48375703246001933, 275.5401249740329490 ) ) ;
#1912 = EDGE_LOOP ( 'NONE', ( #3021, #5492, #275, #4504 ) ) ;
#1911 = CARTESIAN_POINT ( 'NONE',  ( 32.65446567269184186, 35.31098171264448382, 142.5897809367349112 ) ) ;
#1913 = CARTESIAN_POINT ( 'NONE',  ( -3.330844985526232982, -5.949735992423210718, -56.59751504260918864 ) ) ;
#1914 = CARTESIAN_POINT ( 'NONE',  ( 85.15847978174487309, 3.904776106732709806, 71.64136231852130265 ) ) ;
#1915 = CARTESIAN_POINT ( 'NONE',  ( 0.000000000000000000, 29.47866109171257776, 34.84931210984616712 ) ) ;
#1916 = CARTESIAN_POINT ( 'NONE',  ( -1.573448402819587994E-14, 43.59248601773754928, 128.6496688811247111 ) ) ;
#1917 = CARTESIAN_POINT ( 'NONE',  ( -1.489892170082656619, 28.50102602413031150, 32.92237755503795427 ) ) ;
#1918 = DIRECTION ( 'NONE',  ( 0.000000000000000000, 0.000000000000000000, -1.000000000000000000 ) ) ;
#1919 = CARTESIAN_POINT ( 'NONE',  ( 1.733348263405259271, 31.56952604277959296, 29.57366796039476498 ) ) ;
#1920 = CARTESIAN_POINT ( 'NONE',  ( -2.820546398810834354, 41.57202036098292552, 126.7857209149602937 ) ) ;
#1921 = CARTESIAN_POINT ( 'NONE',  ( 0.000000000000000000, 10.33405387878785753, 486.6586544760494917 ) ) ;
#1922 = CARTESIAN_POINT ( 'NONE',  ( 10.85806216390186840, 36.24708426234220582, 88.05547279977965047 ) ) ;
#1923 = DIRECTION ( 'NONE',  ( 0.000000000000000000, 0.000000000000000000, 1.000000000000000000 ) ) ;
#1924 = SURFACE_SIDE_STYLE ('',( #3120 ) ) ;
#1925 = CARTESIAN_POINT ( 'NONE',  ( 3.066662445442881690, 43.81174109905075653, 206.1940387255611995 ) ) ;
#1926 = CARTESIAN_POINT ( 'NONE',  ( 0.4262137757327090770, 35.25994143654997970, 66.59934297658620039 ) ) ;
#1927 = CARTESIAN_POINT ( 'NONE',  ( -2.933165368473508394, 43.83621378606043351, 206.6923268383965535 ) ) ;
#1928 = CARTESIAN_POINT ( 'NONE',  ( 0.000000000000000000, 42.86056831700848591, 161.6977400310337032 ) ) ;
#1930 = ORIENTED_EDGE ( 'NONE', *, *, #1599, .T. ) ;
#1929 = CARTESIAN_POINT ( 'NONE',  ( 150.0000000000002558, 12.91824135705855703, 236.2496330257888815 ) ) ;
#1931 = CARTESIAN_POINT ( 'NONE',  ( -0.3783947007687364916, 35.25397519903931709, 66.59665681460901965 ) ) ;
#1932 = CARTESIAN_POINT ( 'NONE',  ( 33.19673034732964112, 37.00442834235989409, 215.2823083864317937 ) ) ;
#1933 = CARTESIAN_POINT ( 'NONE',  ( 8.636426854029965128, 41.95098126635387104, 148.1190767465539864 ) ) ;
#1934 = CARTESIAN_POINT ( 'NONE',  ( 2.063593841827493058, 46.75853394668367713, 188.3878065566676696 ) ) ;
#1935 = CARTESIAN_POINT ( 'NONE',  ( 40.64279130071612656, 19.78146202829371347, 391.0697883059202695 ) ) ;
#1936 = CARTESIAN_POINT ( 'NONE',  ( -10.02488928357590936, 1.340599469649716324, 507.8357256156867834 ) ) ;
#1937 = CARTESIAN_POINT ( 'NONE',  ( 0.000000000000000000, 46.12504988799420858, 137.3312183220205043 ) ) ;
#1938 = CARTESIAN_POINT ( 'NONE',  ( 1.097754699641573239E-14, 43.73125660884991106, 161.6931810761359998 ) ) ;
#1939 = CARTESIAN_POINT ( 'NONE',  ( -1.146769735279868030, 46.97260807575818831, 187.9357635960772654 ) ) ;
#1940 = CARTESIAN_POINT ( 'NONE',  ( -0.07035178436813618874, 37.67819738038839006, 83.61876624355761578 ) ) ;
#1941 = B_SPLINE_CURVE_WITH_KNOTS ( 'NONE', 3,
 ( #7113, #4027, #6505, #2215, #969, #5899, #343, #5741, #7156, #4067, #801, #3261, #6577, #6017, #5317, #4106, #5394, #6687, #2363, #2325, #5429, #5356, #1080, #5936, #2290, #7197, #6656, #4829 ),
 .UNSPECIFIED., .F., .F.,
 ( 4, 2, 2, 2, 2, 2, 2, 2, 2, 2, 2, 2, 2, 4 ),
 ( 0.000000000000000000, 0.006096219031379800611, 0.009144328547069700483, 0.01219243806275960122, 0.01524054757844950196, 0.01676460233629445754, 0.01828865709413941137, 0.02438487612551929959, 0.02743298564120927666, 0.03048109515689925025, 0.03657731418827919745, 0.03962542370396917452, 0.04267353321965915158, 0.04876975225103910572 ),
 .UNSPECIFIED. ) ;
#1942 = CARTESIAN_POINT ( 'NONE',  ( -7.500000000000000000, 29.61613033342289825, 35.45677773107466635 ) ) ;
#1943 = VERTEX_POINT ( 'NONE', #7132 ) ;
#1944 = CARTESIAN_POINT ( 'NONE',  ( -6.985661713061554146, 38.45857035419818715, 99.48276118778892396 ) ) ;
#1945 = CARTESIAN_POINT ( 'NONE',  ( -17.90558932272608672, 45.27588651669087483, 188.1410139065363012 ) ) ;
#1946 = EDGE_CURVE ( 'NONE', #4548, #2386, #7105, .T. ) ;
#1947 = CARTESIAN_POINT ( 'NONE',  ( 1.585645677260050235E-14, 34.10473863433794151, 60.10807467141493277 ) ) ;
#1948 = CARTESIAN_POINT ( 'NONE',  ( -6.363334136993229251, 22.76016894090687614, 428.8992649007137175 ) ) ;
#1949 = CARTESIAN_POINT ( 'NONE',  ( -35.28039965437951508, 36.24558626576774145, 196.3513971052696547 ) ) ;
#1950 = CARTESIAN_POINT ( 'NONE',  ( 1.509401077140568814, 41.73512236064745906, 126.4531587515237163 ) ) ;
#1951 = CARTESIAN_POINT ( 'NONE',  ( 0.08198346443401277606, 40.48846246120668013, 109.1449914287176881 ) ) ;
#1952 = CARTESIAN_POINT ( 'NONE',  ( 0.9510654338689736864, -5.798701977451038658, -56.53318865688525818 ) ) ;
#1953 = CARTESIAN_POINT ( 'NONE',  ( -2.546057378257033932, 34.45886955982916078, 42.11624028194231784 ) ) ;
#1954 = AXIS2_PLACEMENT_3D ( 'NONE', #340, #4601, #6459 ) ;
#1955 = EDGE_CURVE ( 'NONE', #3837, #7087, #276, .T. ) ;
#1956 = CARTESIAN_POINT ( 'NONE',  ( 1.825322226245776225, 43.52798288825258766, 161.6942454245747740 ) ) ;
#1957 = CARTESIAN_POINT ( 'NONE',  ( 0.000000000000000000, 47.47171209513645351, 208.8980861696917088 ) ) ;
#1958 = VECTOR ( 'NONE', #3709, 1000.000000000000000 ) ;
#1959 = CARTESIAN_POINT ( 'NONE',  ( -2.641876372905389569, 28.36834374904868739, 33.16737480309323871 ) ) ;
#1960 = DIRECTION ( 'NONE',  ( -1.000000000000000000, 0.000000000000000000, 0.000000000000000000 ) ) ;
#1961 = CARTESIAN_POINT ( 'NONE',  ( -2.972288463451770113, 33.79696142559792804, 41.75401259452486613 ) ) ;
#1962 = EDGE_CURVE ( 'NONE', #1368, #5259, #2789, .T. ) ;
#1963 = CARTESIAN_POINT ( 'NONE',  ( -3.724861585154835009, 47.18070444125749674, 206.2810247866854922 ) ) ;
#1964 = CARTESIAN_POINT ( 'NONE',  ( 2.088373853475112618, 20.02118164067743322, 444.1606853142330920 ) ) ;
#1965 = AXIS2_PLACEMENT_3D ( 'NONE', #1520, #1556, #3853 ) ;
#1966 = CARTESIAN_POINT ( 'NONE',  ( 15.87527250530426315, 35.46847920787305242, 91.50250369579023868 ) ) ;
#1967 = DIRECTION ( 'NONE',  ( 0.000000000000000000, 1.000000000000000000, 0.000000000000000000 ) ) ;
#1968 = CARTESIAN_POINT ( 'NONE',  ( 0.000000000000000000, 0.000000000000000000, 214.0493121098461415 ) ) ;
#1969 = CYLINDRICAL_SURFACE ( 'NONE', #3765, 1.000000000000000222 ) ;
#1970 = CARTESIAN_POINT ( 'NONE',  ( -6.912277079970377436, 34.32960824110287490, 68.84686540134921984 ) ) ;
#1971 = FACE_OUTER_BOUND ( 'NONE', #294, .T. ) ;
#1972 = VECTOR ( 'NONE', #7099, 1000.000000000000000 ) ;
#1973 = CARTESIAN_POINT ( 'NONE',  ( -39.83570236460560920, 26.40702837116184654, 69.16083407968433505 ) ) ;
#1975 = ORIENTED_EDGE ( 'NONE', *, *, #4265, .F. ) ;
#1974 = CARTESIAN_POINT ( 'NONE',  ( -0.7892887599068222348, 40.84728336498595525, 79.87203680722943488 ) ) ;
#1976 = CARTESIAN_POINT ( 'NONE',  ( 7.769090493279701803, 32.81034003411156164, 60.82655804162651947 ) ) ;
#1977 = CARTESIAN_POINT ( 'NONE',  ( 36.89659022469601979, 35.39452035505612315, 209.9718689585738787 ) ) ;
#1978 = AXIS2_PLACEMENT_3D ( 'NONE', #4959, #1897, #4484 ) ;
#1979 = AXIS2_PLACEMENT_3D ( 'NONE', #3080, #3650, #6170 ) ;
#1980 = CARTESIAN_POINT ( 'NONE',  ( 12.51053590417972217, 41.38079234975585763, 150.2116627403439395 ) ) ;
#1981 = CARTESIAN_POINT ( 'NONE',  ( 3.049606421455552940, 46.63795958589606272, 190.1220633713498103 ) ) ;
#1982 = B_SPLINE_CURVE_WITH_KNOTS ( 'NONE', 3,
 ( #1665, #6065, #556, #7326, #1704, #4119 ),
 .UNSPECIFIED., .F., .F.,
 ( 4, 2, 4 ),
 ( 0.05808325213973341422, 0.08661232304832384987, 0.1151413939569142786 ),
 .UNSPECIFIED. ) ;
#1983 = CARTESIAN_POINT ( 'NONE',  ( -1.005968528606214107, 32.03284778517833331, 380.7173133528380049 ) ) ;
#1984 = CARTESIAN_POINT ( 'NONE',  ( -2.554997525492479937, -7.414538782993829180, 550.3635908939758110 ) ) ;
#1985 = CARTESIAN_POINT ( 'NONE',  ( 3.629282466097071946, 47.24146835687763968, 189.6293035684812196 ) ) ;
#1986 = CARTESIAN_POINT ( 'NONE',  ( -12.53024648189237311, -15.07893345480093927, -60.27095919175482663 ) ) ;
#1987 = CARTESIAN_POINT ( 'NONE',  ( 3.396911279242939674, 47.20074302215701323, 207.2824214982994704 ) ) ;
#1988 = CARTESIAN_POINT ( 'NONE',  ( -1.775404981749483246, 46.97260807575818831, 188.1954198799948870 ) ) ;
#1989 = CARTESIAN_POINT ( 'NONE',  ( -0.05939899076543410372, 38.74022125838857988, 92.15718510698999921 ) ) ;
#1990 = CARTESIAN_POINT ( 'NONE',  ( 7.017968731553916761, 25.78674426291697941, 26.89718135338417326 ) ) ;
#1991 = EDGE_LOOP ( 'NONE', ( #6859, #5869, #2139, #3019 ) ) ;
#1992 = CARTESIAN_POINT ( 'NONE',  ( -48.86608129117072252, 28.57096670927270665, 168.4633101221828611 ) ) ;
#1993 = CARTESIAN_POINT ( 'NONE',  ( -49.29743671353512013, 37.20513467868398294, 254.3835889086999487 ) ) ;
#1994 = CARTESIAN_POINT ( 'NONE',  ( -2.927717217722735299, 47.23589859368286881, 207.9782904502817189 ) ) ;
#1995 = CARTESIAN_POINT ( 'NONE',  ( -12.50381132325683886, 27.83116567873787162, 396.5693299386862805 ) ) ;
#1996 = CARTESIAN_POINT ( 'NONE',  ( 0.4601306220991454587, 43.69637695970664737, 156.7820413603378427 ) ) ;
#1997 = VERTEX_POINT ( 'NONE', #864 ) ;
#1998 = CARTESIAN_POINT ( 'NONE',  ( 7.245996285987792440, 39.55526987849059140, 111.6056170717010616 ) ) ;
#1999 = CARTESIAN_POINT ( 'NONE',  ( -3.323413742140344684, -2.163148135800812888, -51.77104861990689955 ) ) ;
#2000 = LINE ( 'NONE', #3355, #4155 ) ;
#2001 = CARTESIAN_POINT ( 'NONE',  ( 11.52061072724171353, 26.86027610722848635, 36.33245064396803059 ) ) ;
#2002 = CARTESIAN_POINT ( 'NONE',  ( -4.981126282401959315, 28.09912362278059561, 34.08521084135418988 ) ) ;
#2003 = CARTESIAN_POINT ( 'NONE',  ( -79.05674022718464755, 18.70769894339281336, 112.5241708736267157 ) ) ;
#2004 = CARTESIAN_POINT ( 'NONE',  ( 0.3598395099091494798, 40.60181980585191042, 109.2198616455039115 ) ) ;
#2005 = CARTESIAN_POINT ( 'NONE',  ( 1.925100097286686074, 25.85227023461058238, 415.2282052245307113 ) ) ;
#2006 = EDGE_CURVE ( 'NONE', #6564, #7874, #3629, .T. ) ;
#2007 = CARTESIAN_POINT ( 'NONE',  ( 5.256758928810766562, 37.01440219536857512, 85.04737785524824289 ) ) ;
#2008 = PLANE ( 'NONE',  #4165 ) ;
#2009 = B_SPLINE_SURFACE_WITH_KNOTS ( 'NONE', 3, 1, ( 
 ( #3122, #90 ),
 ( #3164, #1925 ),
 ( #5555, #582 ),
 ( #625, #2559 ),
 ( #4430, #8 ),
 ( #3042, #5066 ),
 ( #7437, #5600 ),
 ( #1362, #6253 ),
 ( #6291, #1232 ),
 ( #4263, #3202 ) ),
 .UNSPECIFIED., .F., .F., .F.,
 ( 4, 2, 2, 2, 4 ),
 ( 2, 2 ),
 ( 0.000000000000000000, 0.2500000000000000000, 0.5000000000000000000, 0.7500000000000000000, 1.000000000000000000 ),
 ( 0.000000000000000000, 1.000000000000000000 ),
 .UNSPECIFIED. ) ;
#2010 = CARTESIAN_POINT ( 'NONE',  ( 56.45112250455159142, -6.087123366960760507, 202.2480236927935380 ) ) ;
#2011 = EDGE_CURVE ( 'NONE', #5532, #1943, #1601, .T. ) ;
#2012 = CARTESIAN_POINT ( 'NONE',  ( 150.0000000000000284, -5.251527702307162926, 440.0305525103657374 ) ) ;
#2013 = CARTESIAN_POINT ( 'NONE',  ( 7.329612742568290429, 42.87605709067429416, 164.6558508675936139 ) ) ;
#2014 = CARTESIAN_POINT ( 'NONE',  ( -11.05573617485804050, 34.99564116420955884, 79.67652968388242130 ) ) ;
#2015 = DIRECTION ( 'NONE',  ( 0.000000000000000000, 0.000000000000000000, -1.000000000000000000 ) ) ;
#2016 = CARTESIAN_POINT ( 'NONE',  ( -0.6694194918742129019, 44.13663321171338083, 203.5771398576118827 ) ) ;
#2017 = CARTESIAN_POINT ( 'NONE',  ( 0.000000000000000000, 29.60772684600566151, 44.25520149868791719 ) ) ;
#2019 = EDGE_LOOP ( 'NONE', ( #2815, #3253, #7400, #6371, #7358, #6675, #590 ) ) ;
#2018 = CARTESIAN_POINT ( 'NONE',  ( -1.974914245429317816, 47.28203194932483200, 155.6413165022189844 ) ) ;
#2020 = CARTESIAN_POINT ( 'NONE',  ( 47.46035230259881388, 24.86600625841119339, 113.5877846326299050 ) ) ;
#2021 = CARTESIAN_POINT ( 'NONE',  ( 4.414546653574253021, 43.81266279706530042, 193.1282988907900346 ) ) ;
#2022 = CARTESIAN_POINT ( 'NONE',  ( 3.712946130955768531, 42.61047869335682492, 145.8101878971139058 ) ) ;
#2023 = CARTESIAN_POINT ( 'NONE',  ( 2.558717127065790464E-14, 110.3999999999999773, 187.8683353890677097 ) ) ;
#2024 = CARTESIAN_POINT ( 'NONE',  ( -0.4709684984625378545, 38.87613762590805067, 332.0055123804244204 ) ) ;
#2025 = CARTESIAN_POINT ( 'NONE',  ( -57.77097111345211289, -2.535394609008782663, 415.1043187994338837 ) ) ;
#2026 = CARTESIAN_POINT ( 'NONE',  ( -45.95965009189017536, 31.16272714924198439, 125.6496688811247253 ) ) ;
#2027 = CARTESIAN_POINT ( 'NONE',  ( -150.0000000000000284, -1.592874936842195055, 207.1259537470125736 ) ) ;
#2028 = CARTESIAN_POINT ( 'NONE',  ( -45.95965009189017536, 31.21514816738373099, 125.6496688811248106 ) ) ;
#2029 = CARTESIAN_POINT ( 'NONE',  ( 150.0000000000000284, -1.592874936842195055, 207.1259537470125736 ) ) ;
#2030 = CARTESIAN_POINT ( 'NONE',  ( 0.2896035927104385621, 38.78407528246099645, 92.15686746142388586 ) ) ;
#2031 = DIRECTION ( 'NONE',  ( 0.000000000000000000, 1.000000000000000000, 0.000000000000000000 ) ) ;
#2032 = VERTEX_POINT ( 'NONE', #520 ) ;
#2033 = CARTESIAN_POINT ( 'NONE',  ( -34.70776095673383566, 33.07799144596745577, 125.4850046266916479 ) ) ;
#2034 = CARTESIAN_POINT ( 'NONE',  ( 0.4745308580082530092, 42.53815482386927016, 298.1606671052002184 ) ) ;
#2035 = DIRECTION ( 'NONE',  ( -1.000000000000000000, 0.000000000000000000, 0.000000000000000000 ) ) ;
#2036 = CARTESIAN_POINT ( 'NONE',  ( 0.000000000000000000, 28.59958286175763931, 400.6555249589480923 ) ) ;
#2037 = CARTESIAN_POINT ( 'NONE',  ( -2.860653633571642818, 42.71594388950673959, 145.5000288149874166 ) ) ;
#2038 = CARTESIAN_POINT ( 'NONE',  ( 39.68612830037004358, 33.21599336518838896, 157.9119102165158779 ) ) ;
#2039 = CARTESIAN_POINT ( 'NONE',  ( -86.34215386717033880, -3.295932708773868125, 58.85122590806797405 ) ) ;
#2040 = CARTESIAN_POINT ( 'NONE',  ( 0.7261268329109129560, 47.41095452197166082, 209.0580988300311560 ) ) ;
#2041 = CARTESIAN_POINT ( 'NONE',  ( 2.609128897427963167, 31.12933798407032171, 46.40141838774393079 ) ) ;
#2042 = CARTESIAN_POINT ( 'NONE',  ( -1.902841748915401698, 26.35720887929280920, 24.71859036435517254 ) ) ;
#2043 = CARTESIAN_POINT ( 'NONE',  ( 2.546057378257033932, 34.45886955982916078, 42.11624028194231784 ) ) ;
#2044 = CARTESIAN_POINT ( 'NONE',  ( -22.96208557689748275, 37.71301899736980090, 131.1067646488394587 ) ) ;
#2045 = CARTESIAN_POINT ( 'NONE',  ( 9.824827521419905452, -2.593892997156575397, 521.6966707247395334 ) ) ;
#2047 = EDGE_LOOP ( 'NONE', ( #1417, #4886, #5627, #1975 ) ) ;
#2046 = CARTESIAN_POINT ( 'NONE',  ( 28.00838327393253380, 34.19664680458014061, 111.3280847051004088 ) ) ;
#2048 = EDGE_LOOP ( 'NONE', ( #5073, #7329, #413, #2785, #351, #5335 ) ) ;
#2049 = CARTESIAN_POINT ( 'NONE',  ( 87.03917095743797461, -14.78840956284643582, 45.13835781979638995 ) ) ;
#2050 = CARTESIAN_POINT ( 'NONE',  ( -0.3739691512756149194, 37.99507615783626591, 85.17188574129446010 ) ) ;
#2051 = CARTESIAN_POINT ( 'NONE',  ( -0.1555692708014036196, 46.98424456474113953, 187.8683353890677097 ) ) ;
#2052 = CARTESIAN_POINT ( 'NONE',  ( -8.368324420179792611, 34.13472305100874848, 69.65580189073747874 ) ) ;
#2053 = CARTESIAN_POINT ( 'NONE',  ( -0.8089430807086779307, 44.00176886709974156, 208.4485850156316928 ) ) ;
#2054 = EDGE_CURVE ( 'NONE', #871, #4350, #6793, .T. ) ;
#2055 = CARTESIAN_POINT ( 'NONE',  ( -6.005015594473364082, 42.84486170921906734, 158.6980263216222227 ) ) ;
#2057 = VERTEX_POINT ( 'NONE', #1786 ) ;
#2056 = CARTESIAN_POINT ( 'NONE',  ( -0.8486857927523446810, 34.25527520538206261, 42.00482374486006165 ) ) ;
#2058 = CARTESIAN_POINT ( 'NONE',  ( 0.2951039235910960512, 33.74945628466248593, 58.08919072817906226 ) ) ;
#2059 = CARTESIAN_POINT ( 'NONE',  ( 8.546937978052039142, 43.12317858607551813, 183.3096734795714440 ) ) ;
#2060 = CARTESIAN_POINT ( 'NONE',  ( 4.419230314502594403, 43.12548151142403441, 157.9946322034769537 ) ) ;
#2061 = CARTESIAN_POINT ( 'NONE',  ( 8.966662445441768270, 43.24284350512597541, 199.5159835995207231 ) ) ;
#2062 = CARTESIAN_POINT ( 'NONE',  ( 0.2137143343120644634, 44.14960554217739030, 180.2446752683136140 ) ) ;
#2063 = CARTESIAN_POINT ( 'NONE',  ( 0.000000000000000000, 13.75622029850556061, 472.5436863909573617 ) ) ;
#2064 = CARTESIAN_POINT ( 'NONE',  ( -14.03133231831305494, 39.42462093850586768, 125.6496688811246401 ) ) ;
#2065 = CARTESIAN_POINT ( 'NONE',  ( 2.492660349906653749, 47.35533420403572791, 187.9024098253441366 ) ) ;
#2066 = EDGE_CURVE ( 'NONE', #6056, #2824, #404, .T. ) ;
#2067 = CARTESIAN_POINT ( 'NONE',  ( -28.52649240996227320, -9.360615050134562409, -39.65852415072266979 ) ) ;
#2068 = CARTESIAN_POINT ( 'NONE',  ( -0.9538432379601403666, -14.88770259644060800, -66.09957415697023464 ) ) ;
#2069 = ADVANCED_FACE ( 'NONE', ( #3672 ), #605, .F. ) ;
#2070 = CARTESIAN_POINT ( 'NONE',  ( -4.458440205019576830, 38.17800425209331650, 93.23606827013641407 ) ) ;
#2071 = B_SPLINE_CURVE_WITH_KNOTS ( 'NONE', 3,
 ( #102, #3824, #1937, #6866, #4356, #191, #1245 ),
 .UNSPECIFIED., .F., .F.,
 ( 4, 1, 1, 1, 4 ),
 ( 0.2663470225607208475, 0.2729552592020514923, 0.3070746666023072002, 0.3411940740025633523, 0.3505444918595014836 ),
 .UNSPECIFIED. ) ;
#2072 = CARTESIAN_POINT ( 'NONE',  ( 0.000000000000000000, 47.60175118634028735, 187.2656339773372167 ) ) ;
#2073 = ORIENTED_EDGE ( 'NONE', *, *, #2538, .F. ) ;
#2074 = CARTESIAN_POINT ( 'NONE',  ( -0.3736548503055079906, 36.12171490709526722, 73.21611344114712949 ) ) ;
#2075 = CARTESIAN_POINT ( 'NONE',  ( 1.412905495387613675, 38.87119500223062829, 332.0564048275492723 ) ) ;
#2076 = CARTESIAN_POINT ( 'NONE',  ( -0.5246593421263852086, 47.55137746071891058, 187.2654246439283270 ) ) ;
#2077 = DIRECTION ( 'NONE',  ( -1.000000000000000000, 0.000000000000000000, -0.000000000000000000 ) ) ;
#2078 = CARTESIAN_POINT ( 'NONE',  ( 1.717673231772173903, 23.13963299835682719, 429.9848877918320227 ) ) ;
#2079 = CARTESIAN_POINT ( 'NONE',  ( -1.532069969869700898, 43.47243914975647527, 157.0425389205853151 ) ) ;
#2080 = ORIENTED_EDGE ( 'NONE', *, *, #5407, .F. ) ;
#2081 = CARTESIAN_POINT ( 'NONE',  ( 4.826482510765695899, 41.01625708727222275, 122.4213360447216559 ) ) ;
#2082 = CARTESIAN_POINT ( 'NONE',  ( 0.9524719360756089825, -9.975947145280258610, -61.05127630084054857 ) ) ;
#2083 = B_SPLINE_CURVE_WITH_KNOTS ( 'NONE', 3,
 ( #6162, #6121, #1956, #3640 ),
 .UNSPECIFIED., .F., .F.,
 ( 4, 4 ),
 ( 6.071532165918824830E-18, 0.005509102670902703280 ),
 .UNSPECIFIED. ) ;
#2084 = CARTESIAN_POINT ( 'NONE',  ( 1.138881522538194968, 46.76359181240768237, 208.3659106063969944 ) ) ;
#2085 = LINE ( 'NONE', #1663, #6098 ) ;
#2086 = DIRECTION ( 'NONE',  ( 0.000000000000000000, 0.000000000000000000, -1.000000000000000000 ) ) ;
#2087 = CARTESIAN_POINT ( 'NONE',  ( -0.2119944303818521170, 40.53094160612252495, 109.2310563988976497 ) ) ;
#2089 = ORIENTED_EDGE ( 'NONE', *, *, #6894, .F. ) ;
#2088 = CARTESIAN_POINT ( 'NONE',  ( -0.3788441177076018462, 39.69972395216630900, 100.6898030253158964 ) ) ;
#2090 = ORIENTED_EDGE ( 'NONE', *, *, #6260, .F. ) ;
#2091 = VECTOR ( 'NONE', #1579, 1000.000000000000000 ) ;
#2092 = CARTESIAN_POINT ( 'NONE',  ( -0.9510654338689736864, -5.798701977451038658, -56.53318865688525818 ) ) ;
#2093 = CARTESIAN_POINT ( 'NONE',  ( 3.362370875184828911, 35.74621096889720206, 73.81020559031094308 ) ) ;
#2094 = CARTESIAN_POINT ( 'NONE',  ( -2.801854676331789307, 43.91000954763816821, 189.3093518612100468 ) ) ;
#2095 = CARTESIAN_POINT ( 'NONE',  ( -21.48872230575443609, 32.18229865373652387, 78.81237202852508972 ) ) ;
#2096 = CARTESIAN_POINT ( 'NONE',  ( -1.149192734501017554, 43.97416373063099115, 208.3801834697272852 ) ) ;
#2097 = CARTESIAN_POINT ( 'NONE',  ( 45.95965009189017536, 27.17204488600939882, 125.6496688811247822 ) ) ;
#2098 = VECTOR ( 'NONE', #5038, 1000.000000000000000 ) ;
#2099 = B_SPLINE_CURVE_WITH_KNOTS ( 'NONE', 3,
 ( #66, #2572, #6307, #1334, #762, #1413, #3865, #3094 ),
 .UNSPECIFIED., .F., .F.,
 ( 4, 2, 2, 4 ),
 ( 6.938893903907228378E-18, 0.009882347869710855076, 0.01482352180456627741, 0.01976469573942169974 ),
 .UNSPECIFIED. ) ;
#2100 = CARTESIAN_POINT ( 'NONE',  ( 47.38663189115487739, 17.64475135442224030, 308.9228235057746019 ) ) ;
#2101 = CARTESIAN_POINT ( 'NONE',  ( 7.643553221690082999, 34.23243729177413286, 69.24721376085319946 ) ) ;
#2102 = CARTESIAN_POINT ( 'NONE',  ( 23.14416995700089430, 40.44789542545262151, 215.2854681466101283 ) ) ;
#2103 = CARTESIAN_POINT ( 'NONE',  ( 15.32984081842600688, 40.90188102381210200, 152.0398947296793040 ) ) ;
#2104 = CARTESIAN_POINT ( 'NONE',  ( 0.000000000000000000, 26.87530127623825749, 23.34527260323320164 ) ) ;
#2105 = CARTESIAN_POINT ( 'NONE',  ( -6.404844117789907365, 43.40779530821833276, 182.3111950513944066 ) ) ;
#2106 = CARTESIAN_POINT ( 'NONE',  ( 0.000000000000000000, 20.11671744806442774, 444.2109482500774220 ) ) ;
#2107 = CARTESIAN_POINT ( 'NONE',  ( -3.066662445442872365, 46.65863794219873739, 195.5933298200449997 ) ) ;
#2108 = CIRCLE ( 'NONE', #7273, 1.000000000000000222 ) ;
#2109 = CARTESIAN_POINT ( 'NONE',  ( 3.066662445442872365, 43.88566464618944707, 190.2907527626577746 ) ) ;
#2110 = CARTESIAN_POINT ( 'NONE',  ( 0.9510654338689736864, -5.798701977451038658, -56.53318865688525818 ) ) ;
#2111 = PLANE ( 'NONE',  #4149 ) ;
#2112 = CARTESIAN_POINT ( 'NONE',  ( 56.33277253066618329, -0.7343208053013621228, 208.3958578420063645 ) ) ;
#2113 = CARTESIAN_POINT ( 'NONE',  ( -2.433005146376185035, 36.14124921761811748, 75.42923687654412390 ) ) ;
#2114 = AXIS2_PLACEMENT_3D ( 'NONE', #2613, #21, #5523 ) ;
#2115 = CARTESIAN_POINT ( 'NONE',  ( -2.908436645863909042, 29.47866109171258131, 34.84931210984617422 ) ) ;
#2116 = EDGE_CURVE ( 'NONE', #2755, #7601, #7395, .T. ) ;
#2117 = EDGE_LOOP ( 'NONE', ( #1237, #4923, #5183, #7543 ) ) ;
#2118 = CARTESIAN_POINT ( 'NONE',  ( 0.6291954698325915585, 38.02716538536469670, 85.18262584549744076 ) ) ;
#2119 = CARTESIAN_POINT ( 'NONE',  ( 71.97024598150451880, 26.91823370465814236, 148.0993287817699979 ) ) ;
#2120 = CARTESIAN_POINT ( 'NONE',  ( 1.436093927849406482, 36.00353229043267334, 354.6852225388742568 ) ) ;
#2121 = ADVANCED_FACE ( 'NONE', ( #1869 ), #4315, .T. ) ;
#2122 = CARTESIAN_POINT ( 'NONE',  ( -7.499999999999991118, 28.38934737363470617, 38.40283415394303290 ) ) ;
#2123 = DIRECTION ( 'NONE',  ( 0.000000000000000000, -1.000000000000000000, 0.000000000000000000 ) ) ;
#2124 = ORIENTED_EDGE ( 'NONE', *, *, #7000, .F. ) ;
#2125 = CARTESIAN_POINT ( 'NONE',  ( -85.69083615468348114, 1.184676353268040661, 66.40827568370886524 ) ) ;
#2126 = CARTESIAN_POINT ( 'NONE',  ( 0.6871363680211884928, 47.42385136720224637, 208.4453192064795246 ) ) ;
#2127 = CARTESIAN_POINT ( 'NONE',  ( 26.08387879933072284, 27.48741335969038246, 44.14100691977562718 ) ) ;
#2128 = CARTESIAN_POINT ( 'NONE',  ( 0.5416989483541193584, 47.07227379654968757, 229.0552716760062992 ) ) ;
#2130 = ORIENTED_EDGE ( 'NONE', *, *, #1, .F. ) ;
#2129 = CARTESIAN_POINT ( 'NONE',  ( 0.9132233813549857082, 39.53811595026079573, 100.7546416586691578 ) ) ;
#2131 = ORIENTED_EDGE ( 'NONE', *, *, #662, .F. ) ;
#2132 = CARTESIAN_POINT ( 'NONE',  ( 3.335770872489703276, -10.08423850523609744, -61.08048033209797012 ) ) ;
#2133 = CARTESIAN_POINT ( 'NONE',  ( -0.5653888904529261739, 38.01914307785307301, 85.17994081493787917 ) ) ;
#2134 = CARTESIAN_POINT ( 'NONE',  ( -2.721540252397090409, 43.91796412474594291, 189.1602987605948556 ) ) ;
#2135 = CARTESIAN_POINT ( 'NONE',  ( -0.03639140069568246733, 32.14896847580989458, 49.64667753998832467 ) ) ;
#2136 = CARTESIAN_POINT ( 'NONE',  ( 3.066662445442872365, 43.86679528997784416, 190.4627056561179472 ) ) ;
#2137 = CARTESIAN_POINT ( 'NONE',  ( -2.738145295489168074, 43.81174109905075653, 207.1614562917415299 ) ) ;
#2139 = ORIENTED_EDGE ( 'NONE', *, *, #2930, .T. ) ;
#2138 = CARTESIAN_POINT ( 'NONE',  ( 14.61713605283470763, 44.60612277303756201, 256.7277770913618156 ) ) ;
#2140 = CARTESIAN_POINT ( 'NONE',  ( 2.506393785748695091, 43.96674400806033844, 204.0024425379547210 ) ) ;
#2141 = CARTESIAN_POINT ( 'NONE',  ( 0.4666624454429592617, 46.95419416596108420, 187.8683353890676244 ) ) ;
#2142 = CARTESIAN_POINT ( 'NONE',  ( -5.497459568604256219, 43.68731193937913559, 193.5656707518070334 ) ) ;
#2143 = CARTESIAN_POINT ( 'NONE',  ( -0.6857961776820891142, 6.775705951531614701, 500.7587486378974972 ) ) ;
#2144 = PLANE ( 'NONE',  #5061 ) ;
#2145 = DIRECTION ( 'NONE',  ( 0.000000000000000000, -1.000000000000000000, 0.000000000000000000 ) ) ;
#2146 = CARTESIAN_POINT ( 'NONE',  ( 0.000000000000000000, 1.530671358679228655, -46.61894072316960802 ) ) ;
#2147 = CARTESIAN_POINT ( 'NONE',  ( 150.0000000000000284, 4.861445216433631700, 214.0141223977753668 ) ) ;
#2148 = CARTESIAN_POINT ( 'NONE',  ( -7.381461529619063100, 36.72873523877983359, 86.13788912345312099 ) ) ;
#2149 = CARTESIAN_POINT ( 'NONE',  ( 0.1458232659130909437, 30.50316130523104619, 41.20479653813649179 ) ) ;
#2150 = CARTESIAN_POINT ( 'NONE',  ( 25.55587429326653393, 39.62314819241900210, 183.7607705395479059 ) ) ;
#2151 = ORIENTED_EDGE ( 'NONE', *, *, #5709, .T. ) ;
#2152 = CARTESIAN_POINT ( 'NONE',  ( -8.127863644655256792, 36.88321940428167522, 88.09250239503984403 ) ) ;
#2153 = CARTESIAN_POINT ( 'NONE',  ( 2.305531241410820442, 46.80903969351554395, 155.8088301420164328 ) ) ;
#2154 = CARTESIAN_POINT ( 'NONE',  ( 1.649037557037112522, 25.94552207819153722, 415.5304132493203042 ) ) ;
#2155 = CARTESIAN_POINT ( 'NONE',  ( -3.307075250449728721, 47.27288003861485777, 188.8558987261895652 ) ) ;
#2156 = ADVANCED_FACE ( 'NONE', ( #6353 ), #6588, .T. ) ;
#2157 = CARTESIAN_POINT ( 'NONE',  ( 2.720713189682517186, 46.67657962564049257, 189.1588354851969314 ) ) ;
#2158 = ORIENTED_EDGE ( 'NONE', *, *, #1247, .F. ) ;
#2159 = CARTESIAN_POINT ( 'NONE',  ( -11.95892245156395362, 19.47318974129438018, -2.636757449170115120 ) ) ;
#2160 = DIRECTION ( 'NONE',  ( -0.000000000000000000, -0.2207185206826549617, -0.9753375490709155216 ) ) ;
#2161 = CARTESIAN_POINT ( 'NONE',  ( -49.16176366489246163, 28.98708836058777649, 183.6080041517474797 ) ) ;
#2162 = CARTESIAN_POINT ( 'NONE',  ( 0.000000000000000000, 47.03654387356198185, 229.1256845389213481 ) ) ;
#2163 = EDGE_CURVE ( 'NONE', #6906, #7412, #2447, .T. ) ;
#2165 = ORIENTED_EDGE ( 'NONE', *, *, #7048, .F. ) ;
#2164 = CARTESIAN_POINT ( 'NONE',  ( 0.05092223622503081609, 39.64610178408864272, 100.6909725023753737 ) ) ;
#2166 = EDGE_LOOP ( 'NONE', ( #6708, #7331, #6035, #1178 ) ) ;
#2167 = CARTESIAN_POINT ( 'NONE',  ( 10.25404432504853958, 34.82699030398087103, 77.37309485529006281 ) ) ;
#2168 = CARTESIAN_POINT ( 'NONE',  ( 1.993818069374082784E-05, 47.46906435781916400, 209.0584534593283195 ) ) ;
#2169 = CARTESIAN_POINT ( 'NONE',  ( -45.28774722722824464, 25.57354817110060452, 107.4618791573631853 ) ) ;
#2170 = CARTESIAN_POINT ( 'NONE',  ( 48.52854948184045014, 33.40150486039290456, 190.6783180088398524 ) ) ;
#2171 = DIRECTION ( 'NONE',  ( 0.000000000000000000, 0.5783651020807193399, 0.8157780388654496395 ) ) ;
#2172 = CARTESIAN_POINT ( 'NONE',  ( -1.083397896708238717, 47.10800371953739329, 228.9848588130912788 ) ) ;
#2173 = CARTESIAN_POINT ( 'NONE',  ( -0.006188961356528254604, 36.44759306521409314, 75.10049267077049251 ) ) ;
#2174 = FACE_OUTER_BOUND ( 'NONE', #5345, .T. ) ;
#2175 = CARTESIAN_POINT ( 'NONE',  ( -40.95020694412439610, 33.23664285062535129, 226.6674924162128377 ) ) ;
#2176 = CARTESIAN_POINT ( 'NONE',  ( -0.6656520313713912840, 10.37720417455050104, 486.6216067975119017 ) ) ;
#2177 = CARTESIAN_POINT ( 'NONE',  ( -19.57372214606865768, 44.70866943328285004, 214.0493121098461700 ) ) ;
#2178 = CARTESIAN_POINT ( 'NONE',  ( 0.7355225188496781197, 47.53089855730354429, 187.2653390507757081 ) ) ;
#2179 = CARTESIAN_POINT ( 'NONE',  ( -86.04165046946579309, -0.9836248390333799385, 62.57548133218611497 ) ) ;
#2180 = CARTESIAN_POINT ( 'NONE',  ( -2.857415808226826837, -9.927841435840775830, -61.03830314543180435 ) ) ;
#2181 = CARTESIAN_POINT ( 'NONE',  ( -1.707438906146775182, 36.23250039123313115, 75.28227318150103997 ) ) ;
#2182 = CARTESIAN_POINT ( 'NONE',  ( 8.498100339280945548, 27.67952912331062976, 36.02614983349715061 ) ) ;
#2183 = VERTEX_POINT ( 'NONE', #1460 ) ;
#2184 = CARTESIAN_POINT ( 'NONE',  ( -31.60079366600033879, 32.71525465515428266, 108.3800423450513364 ) ) ;
#2185 = CARTESIAN_POINT ( 'NONE',  ( 0.000000000000000000, 40.74795199264384848, 79.83585004708851329 ) ) ;
#2186 = CARTESIAN_POINT ( 'NONE',  ( 0.000000000000000000, 36.01456435933089750, 354.5116695689063704 ) ) ;
#2187 = CARTESIAN_POINT ( 'NONE',  ( 1.147908332238114726, 46.87206515280149688, 187.9364574358571076 ) ) ;
#2188 = CARTESIAN_POINT ( 'NONE',  ( -6.733608421923275245, 13.22468183324905233, 471.8275841911045632 ) ) ;
#2189 = CARTESIAN_POINT ( 'NONE',  ( 2.541794483188228870, -4.806876550188804664, 541.7585835155889527 ) ) ;
#2190 = B_SPLINE_CURVE_WITH_KNOTS ( 'NONE', 3,
 ( #7569, #5557, #3044, #3652, #6209, #1235, #93, #1973 ),
 .UNSPECIFIED., .F., .F.,
 ( 4, 2, 2, 4 ),
 ( 0.05809546356088537977, 0.07235929548108760434, 0.08662312740128982891, 0.1151507912416942503 ),
 .UNSPECIFIED. ) ;
#2191 = EDGE_LOOP ( 'NONE', ( #4045, #1513, #5878, #725 ) ) ;
#2192 = EDGE_CURVE ( 'NONE', #3797, #2501, #329, .T. ) ;
#2193 = CARTESIAN_POINT ( 'NONE',  ( -26.84291305568621766, 21.64135502705829950, 20.87972938593452810 ) ) ;
#2194 = CARTESIAN_POINT ( 'NONE',  ( 3.397539658903002469, 47.20069868564742421, 207.2811420350336675 ) ) ;
#2195 = CARTESIAN_POINT ( 'NONE',  ( -49.95634997433560898, 18.78772607246951054, 87.34755727248030155 ) ) ;
#2196 = CARTESIAN_POINT ( 'NONE',  ( -149.9999999999997442, 16.09349136664861390, 256.0566200932159404 ) ) ;
#2198 = ORIENTED_EDGE ( 'NONE', *, *, #5706, .F. ) ;
#2197 = CARTESIAN_POINT ( 'NONE',  ( 15.26243031418017537, 37.49736544091999235, 108.0639413350422302 ) ) ;
#2199 = ADVANCED_FACE ( 'NONE', ( #2702 ), #6570, .T. ) ;
#2200 = ORIENTED_EDGE ( 'NONE', *, *, #5208, .T. ) ;
#2201 = CARTESIAN_POINT ( 'NONE',  ( 150.0000000000000568, 3.860833271709796399, 212.5989338358691612 ) ) ;
#2202 = CARTESIAN_POINT ( 'NONE',  ( -1.494878292113341445, 43.82946947159882001, 168.8384070673765223 ) ) ;
#2203 = CARTESIAN_POINT ( 'NONE',  ( 4.262935847960567237, 37.40427115155296889, 86.14273107040344257 ) ) ;
#2204 = DIRECTION ( 'NONE',  ( 0.000000000000000000, 1.000000000000000000, 0.000000000000000000 ) ) ;
#2205 = CARTESIAN_POINT ( 'NONE',  ( -1.032419449598760419, 33.65834218631120933, 58.13863262795267417 ) ) ;
#2206 = EDGE_CURVE ( 'NONE', #1889, #6906, #6903, .T. ) ;
#2207 = CARTESIAN_POINT ( 'NONE',  ( -2.181594496811302353, 46.66156646575542766, 207.8115139155796385 ) ) ;
#2208 = CARTESIAN_POINT ( 'NONE',  ( 0.000000000000000000, 47.37507383608854639, 214.0493118915661057 ) ) ;
#2209 = CARTESIAN_POINT ( 'NONE',  ( 0.000000000000000000, 47.65165836710342973, 180.5788067618912009 ) ) ;
#2210 = CARTESIAN_POINT ( 'NONE',  ( -0.1682141249730422505, 44.20941579387478271, 203.4526734882581991 ) ) ;
#2211 = CARTESIAN_POINT ( 'NONE',  ( 22.32907759709474504, 40.14410461324194301, 168.9747325200162322 ) ) ;
#2212 = CARTESIAN_POINT ( 'NONE',  ( -87.16474666623552991, -18.22885969961632213, 41.61352295269925605 ) ) ;
#2213 = CARTESIAN_POINT ( 'NONE',  ( -28.07337448926129042, 38.87681900049815198, 198.0574442528655084 ) ) ;
#2214 = CARTESIAN_POINT ( 'NONE',  ( 0.000000000000000000, 10.33405387878785753, 486.6586544760494917 ) ) ;
#2215 = CARTESIAN_POINT ( 'NONE',  ( -48.52854948184045014, 33.40150486039290456, 190.6783180088398524 ) ) ;
#2216 = CARTESIAN_POINT ( 'NONE',  ( -43.95965009189017536, 30.33988575092048379, 125.6496688811247253 ) ) ;
#2217 = FACE_OUTER_BOUND ( 'NONE', #7905, .T. ) ;
#2218 = CARTESIAN_POINT ( 'NONE',  ( -0.9489435702740910417, -1.972889249273659606, -51.67460940504316369 ) ) ;
#2219 = CARTESIAN_POINT ( 'NONE',  ( -41.78831225357067325, 33.23797010085574755, 196.7388177065772652 ) ) ;
#2220 = CARTESIAN_POINT ( 'NONE',  ( 0.09571059638873037623, 36.45883133808646193, 75.10102145447842759 ) ) ;
#2221 = CARTESIAN_POINT ( 'NONE',  ( 0.1646114828454131596, 28.65559306778699522, 32.81648880563617610 ) ) ;
#2222 = AXIS2_PLACEMENT_3D ( 'NONE', #4705, #7268, #6762 ) ;
#2223 = VERTEX_POINT ( 'NONE', #5445 ) ;
#2224 = AXIS2_PLACEMENT_3D ( 'NONE', #2900, #1702, #4882 ) ;
#2225 = CARTESIAN_POINT ( 'NONE',  ( -6.362635720348792212, 35.35818492340262509, 75.18552323062043286 ) ) ;
#2226 = CARTESIAN_POINT ( 'NONE',  ( 54.48274488411642125, 13.81017118001468269, 236.9137207598040220 ) ) ;
#2227 = CARTESIAN_POINT ( 'NONE',  ( -150.0000000000000000, 14.77013292611521500, 320.0000541252218227 ) ) ;
#2228 = DIRECTION ( 'NONE',  ( -0.000000000000000000, -0.005235963831417928156, -0.9999862922474268556 ) ) ;
#2229 = AXIS2_PLACEMENT_3D ( 'NONE', #6610, #7878, #7228 ) ;
#2230 = CARTESIAN_POINT ( 'NONE',  ( -7.659888348610088826E-14, 44.15264857105376706, 179.1467401898371463 ) ) ;
#2231 = CARTESIAN_POINT ( 'NONE',  ( -4.988405383305342333, 43.70692552680234400, 204.8819039617565636 ) ) ;
#2232 = VECTOR ( 'NONE', #4497, 1000.000000000000000 ) ;
#2233 = CARTESIAN_POINT ( 'NONE',  ( -149.9999999999999716, 1.632909915346569596, 401.7829050630052166 ) ) ;
#2234 = CARTESIAN_POINT ( 'NONE',  ( 0.3385640827823345189, 41.34796211187036619, 117.7453826626228022 ) ) ;
#2235 = CARTESIAN_POINT ( 'NONE',  ( 2.512478394710995655, -1.256705077567221052, 529.6245464009108446 ) ) ;
#2236 = EDGE_LOOP ( 'NONE', ( #4455, #1403, #2158, #4513, #5816, #1752 ) ) ;
#2237 = VECTOR ( 'NONE', #4904, 1000.000000000000000 ) ;
#2238 = CARTESIAN_POINT ( 'NONE',  ( -56.08762438136983519, 3.832698960004560895, 215.3449030486479501 ) ) ;
#2239 = CARTESIAN_POINT ( 'NONE',  ( 1.791830667044857384, 32.34558887396804039, 34.84931210984619554 ) ) ;
#2240 = CARTESIAN_POINT ( 'NONE',  ( -6.814411576723173880, 46.50797352682411656, 230.8815100217026668 ) ) ;
#2241 = EDGE_LOOP ( 'NONE', ( #3276, #6187, #2484, #1746 ) ) ;
#2242 = VERTEX_POINT ( 'NONE', #472 ) ;
#2243 = CARTESIAN_POINT ( 'NONE',  ( 86.34215386717033880, -3.295932708773868125, 58.85122590806797405 ) ) ;
#2244 = CARTESIAN_POINT ( 'NONE',  ( 47.53717885025554324, 28.62203303062896254, 152.7075399503516735 ) ) ;
#2245 = DIRECTION ( 'NONE',  ( 1.000000000000000000, 0.000000000000000000, 0.000000000000000000 ) ) ;
#2246 = CARTESIAN_POINT ( 'NONE',  ( -1.057673861381022817, 32.02464806182666734, 49.69598816731628688 ) ) ;
#2247 = CARTESIAN_POINT ( 'NONE',  ( 0.000000000000000000, 0.000000000000000000, 125.6496688811247253 ) ) ;
#2248 = EDGE_CURVE ( 'NONE', #448, #1550, #827, .T. ) ;
#2249 = CARTESIAN_POINT ( 'NONE',  ( -8.700276638711796906, 43.12864966517705767, 212.8970381941021230 ) ) ;
#2250 = CARTESIAN_POINT ( 'NONE',  ( -1.585105225643784310, 28.62474442760698068, 400.8281577764561803 ) ) ;
#2251 = CARTESIAN_POINT ( 'NONE',  ( 6.176798825445779073, 34.42593095106712298, 68.46113532141929170 ) ) ;
#2252 = CARTESIAN_POINT ( 'NONE',  ( 39.90736828218133780, 33.44258446830241382, 234.8511260448923110 ) ) ;
#2253 = CARTESIAN_POINT ( 'NONE',  ( 1.089665299688646893, 43.87402291877562988, 168.7514845618550794 ) ) ;
#2254 = CARTESIAN_POINT ( 'NONE',  ( -0.7355225188496781197, 47.53089855730354429, 187.2653390507757081 ) ) ;
#2255 = CARTESIAN_POINT ( 'NONE',  ( -0.7257656490961721385, -4.623702357734425838, 541.5260409447616894 ) ) ;
#2256 = CARTESIAN_POINT ( 'NONE',  ( -3.520946555146675649E-14, 43.96472117872452401, 214.0493121098461415 ) ) ;
#2257 = CARTESIAN_POINT ( 'NONE',  ( 3.066662445580505825, 47.32563611268071213, 195.5826105267973958 ) ) ;
#2258 = CARTESIAN_POINT ( 'NONE',  ( -1.904146327908672554, -8.520320594203820264, -59.57409022259488296 ) ) ;
#2259 = CARTESIAN_POINT ( 'NONE',  ( -1.573992892581008052, 42.87063887112655181, 145.1663077164454592 ) ) ;
#2260 = CARTESIAN_POINT ( 'NONE',  ( -0.2092667532286569820, 28.69989833275040780, 32.82804148077259043 ) ) ;
#2261 = ORIENTED_EDGE ( 'NONE', *, *, #2163, .T. ) ;
#2262 = CARTESIAN_POINT ( 'NONE',  ( 40.64732295280676055, 33.78580741204830673, 205.4663277606753695 ) ) ;
#2263 = ORIENTED_EDGE ( 'NONE', *, *, #7150, .F. ) ;
#2264 = CARTESIAN_POINT ( 'NONE',  ( 0.000000000000000000, 47.44166437266916603, 210.7190875723177328 ) ) ;
#2265 = CARTESIAN_POINT ( 'NONE',  ( 0.5725577439240580047, 23.09808650977305433, 429.9216912165479130 ) ) ;
#2266 = CARTESIAN_POINT ( 'NONE',  ( 39.69716131935537362, 22.29992859403049721, 68.13273448703638735 ) ) ;
#2267 = CARTESIAN_POINT ( 'NONE',  ( -39.69716131935537362, 22.29992859403049721, 68.13273448703638735 ) ) ;
#2268 = CARTESIAN_POINT ( 'NONE',  ( 3.049499001492033567, 46.63796943460188515, 190.1212088255780941 ) ) ;
#2269 = CARTESIAN_POINT ( 'NONE',  ( -4.206889010218221259, 40.77589974204551027, 118.7740175971679122 ) ) ;
#2270 = CARTESIAN_POINT ( 'NONE',  ( 6.848877587165034697, 9.753616543240035242, 486.0167545655663162 ) ) ;
#2271 = VERTEX_POINT ( 'NONE', #436 ) ;
#2272 = CARTESIAN_POINT ( 'NONE',  ( -29.02821220316760531, 36.61701083946921642, 140.8401574352681962 ) ) ;
#2273 = CARTESIAN_POINT ( 'NONE',  ( -3.094001100202671495, 27.87474874546403569, 16.86073679022653593 ) ) ;
#2274 = B_SPLINE_CURVE_WITH_KNOTS ( 'NONE', 3,
 ( #7354, #1195, #2890, #1651, #3573, #2291 ),
 .UNSPECIFIED., .F., .F.,
 ( 4, 2, 4 ),
 ( 0.000000000000000000, 0.02904773178044268989, 0.05809546356088537977 ),
 .UNSPECIFIED. ) ;
#2275 = CARTESIAN_POINT ( 'NONE',  ( -14.61713605283470763, 44.60612277303756201, 256.7277770913618156 ) ) ;
#2277 = ORIENTED_EDGE ( 'NONE', *, *, #7499, .F. ) ;
#2276 = CARTESIAN_POINT ( 'NONE',  ( -0.3593824378511128459, 41.35050491988410926, 117.7454008323940116 ) ) ;
#2278 = CARTESIAN_POINT ( 'NONE',  ( 23.54853542563446211, 40.24549968093124619, 213.8463197347620337 ) ) ;
#2279 = CARTESIAN_POINT ( 'NONE',  ( 28.34182685986741390, -0.004202851225297739302, -27.54135597287860193 ) ) ;
#2280 = CARTESIAN_POINT ( 'NONE',  ( 1.282659695915804976, 39.20787412118750126, 97.27805342815713630 ) ) ;
#2281 = CARTESIAN_POINT ( 'NONE',  ( -43.95965009189017536, 30.33988575092048379, 122.6496688811247111 ) ) ;
#2282 = CARTESIAN_POINT ( 'NONE',  ( -42.85600908451699809, 26.28873955607273771, 101.5341283996631034 ) ) ;
#2283 = CARTESIAN_POINT ( 'NONE',  ( 0.000000000000000000, 42.59248601773754928, 128.6496688811247111 ) ) ;
#2284 = CARTESIAN_POINT ( 'NONE',  ( 0.000000000000000000, 110.3999999999999773, 208.4485850156316360 ) ) ;
#2285 = CARTESIAN_POINT ( 'NONE',  ( 6.132859819528112766, 28.43009116092171595, 399.5846028973078319 ) ) ;
#2286 = CARTESIAN_POINT ( 'NONE',  ( 0.9585107546166853343, 37.56626504813116441, 83.67553177244401752 ) ) ;
#2287 = CARTESIAN_POINT ( 'NONE',  ( -49.16176366489246163, 28.98708836058777649, 183.6080041517474797 ) ) ;
#2288 = ADVANCED_FACE ( 'NONE', ( #7248 ), #1017, .T. ) ;
#2289 = CARTESIAN_POINT ( 'NONE',  ( 2.541794483188228870, -4.806876550188804664, 541.7585835155889527 ) ) ;
#2290 = CARTESIAN_POINT ( 'NONE',  ( -26.41759092109768758, 42.94156518286773405, 213.2638101541633091 ) ) ;
#2291 = CARTESIAN_POINT ( 'NONE',  ( -45.95965009189017536, 31.16272714924198439, 125.6496688811247253 ) ) ;
#2292 = CARTESIAN_POINT ( 'NONE',  ( 0.000000000000000000, 16.05780648225944418, -18.97418335886999685 ) ) ;
#2293 = CARTESIAN_POINT ( 'NONE',  ( -2.737942552675891594, 20.88679572981984478, -7.018861411523644733 ) ) ;
#2294 = CARTESIAN_POINT ( 'NONE',  ( -14.83488391060845579, 41.59556030182088904, 163.4986971475900646 ) ) ;
#2295 = CARTESIAN_POINT ( 'NONE',  ( 8.109338200616543091, 27.72720660483888366, 35.79589824794359032 ) ) ;
#2296 = CARTESIAN_POINT ( 'NONE',  ( 13.32152126021054706, 39.79296694062802686, 126.9722400387601482 ) ) ;
#2297 = CARTESIAN_POINT ( 'NONE',  ( -49.70139164902880680, 25.74410530878407144, 135.0338371913161666 ) ) ;
#2298 = EDGE_CURVE ( 'NONE', #293, #5960, #5136, .T. ) ;
#2299 = CARTESIAN_POINT ( 'NONE',  ( 0.000000000000000000, 41.02506332365900477, 312.7991820443241977 ) ) ;
#2300 = CARTESIAN_POINT ( 'NONE',  ( 1.145115487848116009, 23.11885975406494254, 429.9532895041899678 ) ) ;
#2301 = PLANE ( 'NONE',  #799 ) ;
#2302 = CARTESIAN_POINT ( 'NONE',  ( -34.19717336228087845, 22.17428447682153347, 53.47640322395384516 ) ) ;
#2303 = EDGE_CURVE ( 'NONE', #2032, #4231, #6417, .T. ) ;
#2304 = DIRECTION ( 'NONE',  ( 0.000000000000000000, 0.000000000000000000, -1.000000000000000000 ) ) ;
#2305 = CARTESIAN_POINT ( 'NONE',  ( 0.03514524316456914266, 39.65685366519004873, 100.6883859298519042 ) ) ;
#2306 = CARTESIAN_POINT ( 'NONE',  ( 150.0000000000002558, -4.444873476189596495, 435.7468521578524019 ) ) ;
#2307 = ORIENTED_EDGE ( 'NONE', *, *, #5706, .T. ) ;
#2308 = CARTESIAN_POINT ( 'NONE',  ( -0.08198346443401277606, 40.48846246120668013, 109.1449914287176881 ) ) ;
#2309 = CARTESIAN_POINT ( 'NONE',  ( 1.316609496952878322, 47.20928880869866617, 155.6670790133530033 ) ) ;
#2310 = CARTESIAN_POINT ( 'NONE',  ( -2.061099213539800079, 46.75884572398803130, 188.3857820583798741 ) ) ;
#2311 = FACE_OUTER_BOUND ( 'NONE', #3404, .T. ) ;
#2313 = ORIENTED_EDGE ( 'NONE', *, *, #5659, .F. ) ;
#2312 = CARTESIAN_POINT ( 'NONE',  ( 6.304335775064719982, 39.74211464397922100, 111.2053540784587256 ) ) ;
#2314 = CARTESIAN_POINT ( 'NONE',  ( -2.799917590529235500, 11.95000122839068979, -28.37908123879857314 ) ) ;
#2315 = CARTESIAN_POINT ( 'NONE',  ( 5.724677935544512763, 37.21091163858388029, 86.82475278161591348 ) ) ;
#2316 = DIRECTION ( 'NONE',  ( 0.000000000000000000, 0.000000000000000000, -1.000000000000000000 ) ) ;
#2317 = CARTESIAN_POINT ( 'NONE',  ( 0.2258264361734714232, 30.54807934385309665, 41.21552197561971553 ) ) ;
#2318 = CARTESIAN_POINT ( 'NONE',  ( 21.58485858277613900, 44.26522223550509239, 214.0493121098461700 ) ) ;
#2319 = CARTESIAN_POINT ( 'NONE',  ( -2.049470123202319360, 46.67437483500116002, 207.9192301166058030 ) ) ;
#2320 = CARTESIAN_POINT ( 'NONE',  ( 42.82036082025610568, 34.45865616707600765, 314.7613887647807474 ) ) ;
#2321 = CARTESIAN_POINT ( 'NONE',  ( -0.1066799600179691165, 37.70049191437762204, 83.61728201165011853 ) ) ;
#2322 = CARTESIAN_POINT ( 'NONE',  ( 0.000000000000000000, 0.000000000000000000, 125.6496688811247253 ) ) ;
#2323 = CARTESIAN_POINT ( 'NONE',  ( 0.000000000000000000, 140.4685101547768227, 158.1866202483506640 ) ) ;
#2324 = CARTESIAN_POINT ( 'NONE',  ( 35.66697731966415574, -11.64039430091011873, 495.5372216640326997 ) ) ;
#2325 = CARTESIAN_POINT ( 'NONE',  ( -34.52513865784450786, 40.11388073726423187, 210.0680442825797059 ) ) ;
#2326 = CARTESIAN_POINT ( 'NONE',  ( 3.732329755606718091, 47.23383139352144156, 190.4602416727404943 ) ) ;
#2327 = CARTESIAN_POINT ( 'NONE',  ( -150.0000000000000000, 9.270087174911674666, 223.2766782676432626 ) ) ;
#2328 = CARTESIAN_POINT ( 'NONE',  ( 3.035287670926654968, 31.01651801567224354, 29.24765051123930704 ) ) ;
#2329 = CARTESIAN_POINT ( 'NONE',  ( 27.07495971813439439, 26.82376476206555438, 59.40422775273532352 ) ) ;
#2330 = CARTESIAN_POINT ( 'NONE',  ( 0.2875166120487157029, 42.42950977106839616, 133.0866398183606805 ) ) ;
#2331 = CARTESIAN_POINT ( 'NONE',  ( -8.046221188284620851, 40.62185159204860696, 125.6496688811248106 ) ) ;
#2332 = AXIS2_PLACEMENT_3D ( 'NONE', #5888, #256, #3246 ) ;
#2333 = CARTESIAN_POINT ( 'NONE',  ( -0.5768058027885383243, 47.66852144650732015, 205.0091658014256382 ) ) ;
#2334 = CARTESIAN_POINT ( 'NONE',  ( 0.000000000000000000, 17.01339730700182074, 458.4116318598639168 ) ) ;
#2335 = DIRECTION ( 'NONE',  ( -1.111307226797637785E-14, 0.005235963831417977596, 0.9999862922474268556 ) ) ;
#2336 = CARTESIAN_POINT ( 'NONE',  ( 49.16176366489244742, 32.92393923627010111, 183.6080041517474797 ) ) ;
#2337 = CARTESIAN_POINT ( 'NONE',  ( 7.500000000000000000, 29.53798679771910685, 35.11146767574277305 ) ) ;
#2338 = CARTESIAN_POINT ( 'NONE',  ( -37.41764988679873483, 34.75078482841397687, 231.3809072785232956 ) ) ;
#2339 = CARTESIAN_POINT ( 'NONE',  ( -9.631319324692816153, -9.937326209155806112, 546.2879777790365097 ) ) ;
#2340 = CARTESIAN_POINT ( 'NONE',  ( -19.51682786705260497, 37.67992837264333872, 119.5243766642668675 ) ) ;
#2341 = ADVANCED_FACE ( 'NONE', ( #6822 ), #3825, .F. ) ;
#2342 = AXIS2_PLACEMENT_3D ( 'NONE', #3826, #4318, #3701 ) ;
#2343 = CARTESIAN_POINT ( 'NONE',  ( -2.976364228268652656, 32.15867938599801334, 34.90373411060866005 ) ) ;
#2344 = ORIENTED_EDGE ( 'NONE', *, *, #6114, .F. ) ;
#2345 = CARTESIAN_POINT ( 'NONE',  ( -0.3141956426532302449, 40.45967743652350634, 109.1547322324601765 ) ) ;
#2346 = ADVANCED_FACE ( 'NONE', ( #145 ), #5756, .F. ) ;
#2347 = CARTESIAN_POINT ( 'NONE',  ( 1.646572234496929799, 37.62464340957060926, 58.81954004802969393 ) ) ;
#2348 = AXIS2_PLACEMENT_3D ( 'NONE', #4936, #3153, #4334 ) ;
#2349 = CARTESIAN_POINT ( 'NONE',  ( -37.67954499563524706, 35.06309373423010101, 207.8709596998243967 ) ) ;
#2350 = CARTESIAN_POINT ( 'NONE',  ( -1.649437573462356754, 38.88726402745196253, 331.8909477606557630 ) ) ;
#2351 = AXIS2_PLACEMENT_3D ( 'NONE', #2918, #1724, #6649 ) ;
#2352 = AXIS2_PLACEMENT_3D ( 'NONE', #4024, #885, #188 ) ;
#2354 = ORIENTED_EDGE ( 'NONE', *, *, #6831, .T. ) ;
#2353 = CARTESIAN_POINT ( 'NONE',  ( 40.87580860866902555, 32.02433427028547896, 148.6726289223742867 ) ) ;
#2355 = CARTESIAN_POINT ( 'NONE',  ( 2.802247006235846882, 43.84481859551600991, 207.0067667567496130 ) ) ;
#2356 = CARTESIAN_POINT ( 'NONE',  ( 44.70227301776616002, 29.74285132351428018, 145.6292366798626858 ) ) ;
#2357 = CARTESIAN_POINT ( 'NONE',  ( 7.500000000000000000, 26.87530127623825749, 23.34527260323320164 ) ) ;
#2358 = CARTESIAN_POINT ( 'NONE',  ( -0.5193449492884959495, 30.45827846133439820, 41.21141245884676607 ) ) ;
#2359 = CARTESIAN_POINT ( 'NONE',  ( -3.066662445310180285, 47.30612138985477344, 200.7158430613054350 ) ) ;
#2360 = CARTESIAN_POINT ( 'NONE',  ( 0.000000000000000000, 32.02960972858872424, 380.5868600663628740 ) ) ;
#2361 = CARTESIAN_POINT ( 'NONE',  ( 3.891320490451445568, 35.95578589294388649, 75.94222029687011855 ) ) ;
#2362 = CARTESIAN_POINT ( 'NONE',  ( 0.000000000000000000, -9.605528623052503434, 557.6875022617330160 ) ) ;
#2363 = CARTESIAN_POINT ( 'NONE',  ( -36.91887491065311622, 39.11645134019176595, 208.4541397292010458 ) ) ;
#2364 = CARTESIAN_POINT ( 'NONE',  ( -0.4666624454429734725, 110.3999999999999773, 187.8683353890677097 ) ) ;
#2365 =( NAMED_UNIT ( * ) SI_UNIT ( $, .STERADIAN. ) SOLID_ANGLE_UNIT ( ) );
#2367 = EDGE_LOOP ( 'NONE', ( #1677, #3705, #6732, #3916 ) ) ;
#2366 = CARTESIAN_POINT ( 'NONE',  ( -2.799917590529235500, 11.95000122839068979, -28.37908123879857314 ) ) ;
#2368 = CARTESIAN_POINT ( 'NONE',  ( -0.4289379437029745001, 32.20601404366436782, 49.66814877204801348 ) ) ;
#2369 = ORIENTED_EDGE ( 'NONE', *, *, #7207, .F. ) ;
#2370 = CARTESIAN_POINT ( 'NONE',  ( 0.06613039311130525233, 42.45591381633114025, 133.0723710565104909 ) ) ;
#2371 = CARTESIAN_POINT ( 'NONE',  ( -31.57476734675940122, 34.37164278338259038, 125.6496688811246685 ) ) ;
#2372 = CARTESIAN_POINT ( 'NONE',  ( 6.403712080581203558, 45.57724494206407684, 254.1058661924230933 ) ) ;
#2373 = CARTESIAN_POINT ( 'NONE',  ( -150.0000000000003126, 4.384157842436207098, 385.9904724453040785 ) ) ;
#2374 = FACE_BOUND ( 'NONE', #4653, .T. ) ;
#2375 = CARTESIAN_POINT ( 'NONE',  ( -7.318364664277154930E-14, 44.03830431302345261, 210.3156457726300630 ) ) ;
#2376 = PLANE ( 'NONE',  #7126 ) ;
#2377 = CARTESIAN_POINT ( 'NONE',  ( -59.89900058819404194, -9.567402936609459729, 443.5936951987583257 ) ) ;
#2378 = CARTESIAN_POINT ( 'NONE',  ( -12.67137156644885110, 38.81886798221148638, 114.7539204377954718 ) ) ;
#2379 = CARTESIAN_POINT ( 'NONE',  ( -16.63857984703093251, 29.41578718840285944, 38.17021178140310411 ) ) ;
#2380 = EDGE_LOOP ( 'NONE', ( #4037, #7690, #3131, #6449, #322, #442, #6152 ) ) ;
#2381 = CARTESIAN_POINT ( 'NONE',  ( -16.32820472261907341, 39.28237870455942726, 129.0445790045671686 ) ) ;
#2382 = VERTEX_POINT ( 'NONE', #6308 ) ;
#2383 = CARTESIAN_POINT ( 'NONE',  ( 0.000000000000000000, 34.15347802815850997, 41.94911547631893001 ) ) ;
#2384 = ADVANCED_FACE ( 'NONE', ( #763 ), #7639, .T. ) ;
#2385 = CARTESIAN_POINT ( 'NONE',  ( -3.066662445442877694, 46.63656979212799314, 190.2919100154188072 ) ) ;
#2386 = VERTEX_POINT ( 'NONE', #67 ) ;
#2387 = CARTESIAN_POINT ( 'NONE',  ( -150.0000000000000000, 15.08964599839784171, 317.3683508197350989 ) ) ;
#2389 = EDGE_LOOP ( 'NONE', ( #2344, #7947, #6528, #7720 ) ) ;
#2388 = CARTESIAN_POINT ( 'NONE',  ( 6.966818138649946590, 39.65105491267390647, 111.5420993885184373 ) ) ;
#2390 = CARTESIAN_POINT ( 'NONE',  ( 2.063144493821707393, 43.90085486309516227, 207.9296386467463549 ) ) ;
#2391 = CARTESIAN_POINT ( 'NONE',  ( 3.035287670926654968, 31.01651801567224354, 29.24765051123930704 ) ) ;
#2392 = CARTESIAN_POINT ( 'NONE',  ( 0.5677744640417652366, 39.29808342143179090, 97.19465978186748600 ) ) ;
#2393 = CARTESIAN_POINT ( 'NONE',  ( -0.000000000000000000, 47.31456539470629963, 187.8030718701334365 ) ) ;
#2394 = CARTESIAN_POINT ( 'NONE',  ( -6.749969011911905348, 31.32877011231417086, 51.82798438781317429 ) ) ;
#2395 = CARTESIAN_POINT ( 'NONE',  ( 41.95432709138347604, 36.85094628014302742, 203.9176755059698678 ) ) ;
#2396 = EDGE_CURVE ( 'NONE', #7205, #1000, #7002, .T. ) ;
#2397 = CARTESIAN_POINT ( 'NONE',  ( -2.422485906468437644, 46.63839692601180786, 207.5719129160923160 ) ) ;
#2398 = CARTESIAN_POINT ( 'NONE',  ( 149.9999999999998010, 15.67153765998659942, 312.2062866230721170 ) ) ;
#2399 = CARTESIAN_POINT ( 'NONE',  ( -0.3716220546879218101, 37.73385670284874038, 83.62419509139414231 ) ) ;
#2400 = CARTESIAN_POINT ( 'NONE',  ( 36.39338372330776394, -3.366029079672264057, 468.1666420047091037 ) ) ;
#2401 = CARTESIAN_POINT ( 'NONE',  ( -0.000000000000000000, 38.56822967038787908, 66.16641176423597415 ) ) ;
#2402 = CARTESIAN_POINT ( 'NONE',  ( 6.005015594473364082, 42.84486170921906734, 158.6980263216222227 ) ) ;
#2403 = DIRECTION ( 'NONE',  ( 0.000000000000000000, 0.000000000000000000, 1.000000000000000000 ) ) ;
#2405 = ORIENTED_EDGE ( 'NONE', *, *, #1810, .T. ) ;
#2404 = CARTESIAN_POINT ( 'NONE',  ( 150.0000000000000000, 9.270087174911674666, 223.2766782676432626 ) ) ;
#2406 = CARTESIAN_POINT ( 'NONE',  ( 4.845923036278456664, 31.56558446335844081, 50.85207991089468038 ) ) ;
#2407 = CARTESIAN_POINT ( 'NONE',  ( 2.940819916204173712, 42.10515374511560793, 133.6338289105798367 ) ) ;
#2408 = CARTESIAN_POINT ( 'NONE',  ( -54.55796727852851546, 23.68212795233687729, 151.5879235846110475 ) ) ;
#2409 = CARTESIAN_POINT ( 'NONE',  ( -0.5120851727837461009, 45.98408210575418309, 252.6190356612356140 ) ) ;
#2410 = CARTESIAN_POINT ( 'NONE',  ( 1.930653681019943724, 13.87290448054163683, 472.4794235559970730 ) ) ;
#2411 = DIRECTION ( 'NONE',  ( 0.000000000000000000, -1.000000000000000000, 0.000000000000000000 ) ) ;
#2412 = CARTESIAN_POINT ( 'NONE',  ( 3.520946555146675649E-14, 43.96472117872452401, 214.0493121098461415 ) ) ;
#2413 = CARTESIAN_POINT ( 'NONE',  ( 0.2614475312644611860, 44.21731978260556417, 203.4421422960479902 ) ) ;
#2414 = CARTESIAN_POINT ( 'NONE',  ( 0.4666624454429739166, 46.83002249555136132, 208.4485850156316360 ) ) ;
#2415 = CARTESIAN_POINT ( 'NONE',  ( -149.9999999999997158, -4.914714336245090465, 438.2002728028813863 ) ) ;
#2416 = CARTESIAN_POINT ( 'NONE',  ( -1.231719214680202290, 40.40362534764524582, 109.3447537072401730 ) ) ;
#2417 = CARTESIAN_POINT ( 'NONE',  ( -2.195384728526888374, -9.905849853371190505, 558.8450598447288939 ) ) ;
#2418 = VERTEX_POINT ( 'NONE', #5698 ) ;
#2419 = CARTESIAN_POINT ( 'NONE',  ( -50.23142825961025437, 28.43275190715650780, 183.3792269123254357 ) ) ;
#2420 = CARTESIAN_POINT ( 'NONE',  ( -11.32133923080468918, 30.04935886603911399, 33.43650446410281063 ) ) ;
#2421 = CARTESIAN_POINT ( 'NONE',  ( -26.42281282336845649, 39.38203642492345580, 213.2626034242868229 ) ) ;
#2422 = CARTESIAN_POINT ( 'NONE',  ( 1.423592574024759250, 42.54900955428178833, 298.0807919074272831 ) ) ;
#2423 = ADVANCED_FACE ( 'NONE', ( #147 ), #5399, .T. ) ;
#2425 = ORIENTED_EDGE ( 'NONE', *, *, #6507, .T. ) ;
#2424 = CARTESIAN_POINT ( 'NONE',  ( 10.23346072524577721, 39.19267088102691332, 113.2638953054299549 ) ) ;
#2426 = CARTESIAN_POINT ( 'NONE',  ( 27.28012801745004268, 17.82243023528065962, 9.515898732818438788 ) ) ;
#2427 = PLANE ( 'NONE',  #2348 ) ;
#2428 = CARTESIAN_POINT ( 'NONE',  ( 0.000000000000000000, 47.15829415646652478, 187.8683353890677097 ) ) ;
#2429 = CARTESIAN_POINT ( 'NONE',  ( -34.42827942413789799, 26.93983908494116974, 77.41550286805475878 ) ) ;
#2430 = CARTESIAN_POINT ( 'NONE',  ( 5.464712794159266807, 43.51203873718162640, 212.1950211597117004 ) ) ;
#2431 = CARTESIAN_POINT ( 'NONE',  ( 0.4601400563993340298, 41.97453213620064361, 126.2442942611473029 ) ) ;
#2432 = CARTESIAN_POINT ( 'NONE',  ( 52.26163914926329568, 6.411420321105841147, 377.3440233945722184 ) ) ;
#2433 = EDGE_CURVE ( 'NONE', #2679, #1368, #5962, .T. ) ;
#2434 = CARTESIAN_POINT ( 'NONE',  ( 5.348509771615744590, 35.76818667182016043, 76.56500884380204752 ) ) ;
#2435 = CARTESIAN_POINT ( 'NONE',  ( 18.93121259095676479, 41.33848187369132177, 222.9974320327776240 ) ) ;
#2436 = DIRECTION ( 'NONE',  ( 0.000000000000000000, 0.2207185206826549340, 0.9753375490709154105 ) ) ;
#2437 = EDGE_CURVE ( 'NONE', #828, #215, #6126, .T. ) ;
#2438 = CYLINDRICAL_SURFACE ( 'NONE', #7007, 1.000000000000000888 ) ;
#2439 = PLANE ( 'NONE',  #4663 ) ;
#2440 = CARTESIAN_POINT ( 'NONE',  ( 49.16176366489246163, 28.98708836058777649, 183.6080041517474797 ) ) ;
#2441 = CARTESIAN_POINT ( 'NONE',  ( -1.775404981749483246, 46.84802417386053719, 208.1215005247044587 ) ) ;
#2443 = ORIENTED_EDGE ( 'NONE', *, *, #6745, .T. ) ;
#2442 = CARTESIAN_POINT ( 'NONE',  ( -2.774301182607950889, 16.29813119291236490, -18.81720599228084723 ) ) ;
#2444 = CARTESIAN_POINT ( 'NONE',  ( 8.635354187707923401, 31.08709107409840655, 52.89923178693830863 ) ) ;
#2445 = EDGE_LOOP ( 'NONE', ( #2277, #7060, #4672, #984 ) ) ;
#2446 = CARTESIAN_POINT ( 'NONE',  ( -19.57372214606865768, 44.70866943328285004, 214.0493121098461700 ) ) ;
#2447 = B_SPLINE_CURVE_WITH_KNOTS ( 'NONE', 3,
 ( #3312, #2122, #242, #5214 ),
 .UNSPECIFIED., .F., .F.,
 ( 4, 4 ),
 ( 0.009793923744355682512, 0.01886097216375316396 ),
 .UNSPECIFIED. ) ;
#2448 = CARTESIAN_POINT ( 'NONE',  ( -0.9419369969250757091, 41.02800531393226180, 312.7688498949498808 ) ) ;
#2449 = CARTESIAN_POINT ( 'NONE',  ( 0.7257656490961721385, -4.623702357734425838, 541.5260409447616894 ) ) ;
#2450 = CARTESIAN_POINT ( 'NONE',  ( 48.88657322536434435, 32.77474418840897386, 173.9298047813977917 ) ) ;
#2451 = CARTESIAN_POINT ( 'NONE',  ( 3.296951540073764786, 47.20796468184335026, 207.4676477642939005 ) ) ;
#2452 = CARTESIAN_POINT ( 'NONE',  ( 0.7257656490961721385, -4.623702357734425838, 541.5260409447616894 ) ) ;
#2453 = CARTESIAN_POINT ( 'NONE',  ( -1.605491833723492690, 39.45075727073987792, 100.8776509495023959 ) ) ;
#2454 = CARTESIAN_POINT ( 'NONE',  ( -24.21939355716626707, 27.86145890298278616, 42.66591345759309206 ) ) ;
#2455 = ORIENTED_EDGE ( 'NONE', *, *, #4326, .F. ) ;
#2456 = CARTESIAN_POINT ( 'NONE',  ( -2.238918295074406206, 39.08609503896092718, 97.49707689092723228 ) ) ;
#2457 = VERTEX_POINT ( 'NONE', #3915 ) ;
#2458 = CARTESIAN_POINT ( 'NONE',  ( 2.469858351745394476, 37.72654402396099016, 58.86823661618673498 ) ) ;
#2459 = VERTEX_POINT ( 'NONE', #5122 ) ;
#2460 = CIRCLE ( 'NONE', #5569, 1.000000000000000222 ) ;
#2461 = CARTESIAN_POINT ( 'NONE',  ( 0.000000000000000000, 38.87860893774676185, 331.9800661568619944 ) ) ;
#2463 = VERTEX_POINT ( 'NONE', #2621 ) ;
#2462 = CARTESIAN_POINT ( 'NONE',  ( 29.73712020590043181, 36.12391037977941011, 138.5632841076340753 ) ) ;
#2464 = CARTESIAN_POINT ( 'NONE',  ( 0.7795665027525929824, 40.40170755811080028, 109.2028366593694386 ) ) ;
#2465 = CARTESIAN_POINT ( 'NONE',  ( -1.355641585691400364, 47.46975728118010096, 187.3672312043333079 ) ) ;
#2466 = AXIS2_PLACEMENT_3D ( 'NONE', #5656, #1377, #6916 ) ;
#2467 = CARTESIAN_POINT ( 'NONE',  ( -0.8666741317026296354, 31.46901978515835552, 29.51441602890792737 ) ) ;
#2468 = CARTESIAN_POINT ( 'NONE',  ( -14.40253822300233999, 30.31320985235892351, 56.55143623635324701 ) ) ;
#2469 = CARTESIAN_POINT ( 'NONE',  ( 45.08265053890458063, 31.67875028968397544, 125.6496688811248532 ) ) ;
#2470 = VECTOR ( 'NONE', #3166, 1000.000000000000000 ) ;
#2471 = CARTESIAN_POINT ( 'NONE',  ( -3.065739332380959858, 47.24586204959189217, 206.1934330007109111 ) ) ;
#2472 = AXIS2_PLACEMENT_3D ( 'NONE', #5219, #3927, #7056 ) ;
#2473 = CARTESIAN_POINT ( 'NONE',  ( 149.9999999999995453, 8.360301161202400522, 362.6762669712815068 ) ) ;
#2474 = CARTESIAN_POINT ( 'NONE',  ( 7.381461529619063100, 36.72873523877983359, 86.13788912345312099 ) ) ;
#2475 = CARTESIAN_POINT ( 'NONE',  ( 49.22048876689065366, 29.01834796430331309, 185.6733129835402281 ) ) ;
#2476 = ORIENTED_EDGE ( 'NONE', *, *, #2628, .F. ) ;
#2477 = CARTESIAN_POINT ( 'NONE',  ( 43.95965009189017536, 30.33988575092048379, 128.6496688811247111 ) ) ;
#2478 = LINE ( 'NONE', #4945, #2611 ) ;
#2479 = CARTESIAN_POINT ( 'NONE',  ( -7.329612742568290429, 42.87605709067429416, 164.6558508675936139 ) ) ;
#2480 = EDGE_CURVE ( 'NONE', #4007, #3789, #1535, .T. ) ;
#2481 = SHAPE_DEFINITION_REPRESENTATION ( #5996, #3205 ) ;
#2482 = CARTESIAN_POINT ( 'NONE',  ( 16.01722933144543504, 38.97812789336335015, 125.6496688811247537 ) ) ;
#2484 = ORIENTED_EDGE ( 'NONE', *, *, #1955, .T. ) ;
#2483 = CARTESIAN_POINT ( 'NONE',  ( 9.038935942379033861, 44.65478929440413225, 133.3990811073386169 ) ) ;
#2485 = CARTESIAN_POINT ( 'NONE',  ( 30.08000687042376953, 29.24344245151442223, 80.08565093692510573 ) ) ;
#2486 = ORIENTED_EDGE ( 'NONE', *, *, #6301, .T. ) ;
#2487 = CARTESIAN_POINT ( 'NONE',  ( 1.052559937667438383, 44.16574883596299372, 192.0962543169629839 ) ) ;
#2488 = CARTESIAN_POINT ( 'NONE',  ( 0.1552375970349664236, 42.48227983269443797, 133.0601801007951508 ) ) ;
#2489 = CARTESIAN_POINT ( 'NONE',  ( 23.81619526037264478, 38.67212097301800355, 146.8668557061688489 ) ) ;
#2490 = DIRECTION ( 'NONE',  ( 1.000000000000000000, 0.000000000000000000, 0.000000000000000000 ) ) ;
#2491 = CARTESIAN_POINT ( 'NONE',  ( 47.31906922256367665, 15.57846502002442612, 326.4192049172317525 ) ) ;
#2492 = CARTESIAN_POINT ( 'NONE',  ( -35.66697731966415574, -11.64039430091011873, 495.5372216640326997 ) ) ;
#2493 = CARTESIAN_POINT ( 'NONE',  ( -41.50725250184586201, 33.60784175131259133, 125.6496688811246116 ) ) ;
#2494 = CARTESIAN_POINT ( 'NONE',  ( 1.907686475920280733, -14.87480540429338483, -66.10224707556027113 ) ) ;
#2495 = CYLINDRICAL_SURFACE ( 'NONE', #2342, 39.59999999999999432 ) ;
#2496 = CARTESIAN_POINT ( 'NONE',  ( 56.47713021477131434, -8.444831254075669591, 200.0310506176295462 ) ) ;
#2497 = CARTESIAN_POINT ( 'NONE',  ( -34.66216709724815104, 32.60401496117759734, 120.1379659482138749 ) ) ;
#2498 = CARTESIAN_POINT ( 'NONE',  ( 0.000000000000000000, -9.605528623052503434, 557.6875022617330160 ) ) ;
#2499 = ORIENTED_EDGE ( 'NONE', *, *, #4413, .F. ) ;
#2500 = CARTESIAN_POINT ( 'NONE',  ( -0.8060695413331119275, 39.26801365468369198, 97.22245766396403610 ) ) ;
#2501 = VERTEX_POINT ( 'NONE', #2072 ) ;
#2502 = CARTESIAN_POINT ( 'NONE',  ( -149.9999999999993463, 17.39257541835625176, 283.2293150073691663 ) ) ;
#2503 = CARTESIAN_POINT ( 'NONE',  ( 0.9573959518996042473, 36.00720964673208613, 354.6273715488849803 ) ) ;
#2505 = ORIENTED_EDGE ( 'NONE', *, *, #4909, .T. ) ;
#2504 = CARTESIAN_POINT ( 'NONE',  ( -0.3559279749039774843, 41.96203218423008963, 126.2445224747160921 ) ) ;
#2506 = CARTESIAN_POINT ( 'NONE',  ( -56.38420455136408549, -2.341849795747153795, 206.2968260904183353 ) ) ;
#2507 = CARTESIAN_POINT ( 'NONE',  ( 150.0000000000000284, 11.30624670738853510, 229.7266311706955264 ) ) ;
#2508 = CARTESIAN_POINT ( 'NONE',  ( 19.57372214606867900, 15.00000000000000000, 184.4493121098462041 ) ) ;
#2509 = CARTESIAN_POINT ( 'NONE',  ( -1.664383902556757288E-30, 47.02618027872264150, 208.4644611142317103 ) ) ;
#2510 = CARTESIAN_POINT ( 'NONE',  ( -11.96117626034398818, 27.25247122513000164, 38.11750839411981673 ) ) ;
#2511 = CARTESIAN_POINT ( 'NONE',  ( 42.40693842643423039, 33.14350070884479749, 125.6496688811246685 ) ) ;
#2512 = CARTESIAN_POINT ( 'NONE',  ( 2.238582030903766729, 43.98938502743245493, 105.2905442681973369 ) ) ;
#2513 = CARTESIAN_POINT ( 'NONE',  ( -3.066662445442872365, 46.58797009215936669, 205.8542147485813985 ) ) ;
#2514 = CARTESIAN_POINT ( 'NONE',  ( 10.87137964986494865, 12.27380154565681281, 466.5267389959417415 ) ) ;
#2515 = CARTESIAN_POINT ( 'NONE',  ( 5.967440264091603552, 36.91960583654386596, 85.40200992205420505 ) ) ;
#2516 = DIRECTION ( 'NONE',  ( 0.000000000000000000, 0.000000000000000000, -1.000000000000000000 ) ) ;
#2517 = CARTESIAN_POINT ( 'NONE',  ( -47.54450766286623065, 32.92393923627010111, 144.9495844652581411 ) ) ;
#2518 = CARTESIAN_POINT ( 'NONE',  ( -8.966662445441924589, 140.7522993944396603, 212.3858772881615096 ) ) ;
#2519 = CARTESIAN_POINT ( 'NONE',  ( -2.477490142977957444, 34.89727298373762920, 66.91352464665996536 ) ) ;
#2520 = FACE_OUTER_BOUND ( 'NONE', #6789, .T. ) ;
#2521 = CARTESIAN_POINT ( 'NONE',  ( 2.558717127065790464E-14, 46.99903241368054552, 187.8683353890677097 ) ) ;
#2523 = ORIENTED_EDGE ( 'NONE', *, *, #5767, .F. ) ;
#2522 = CARTESIAN_POINT ( 'NONE',  ( 54.48274488411642125, 13.81017118001468269, 236.9137207598040220 ) ) ;
#2524 = CARTESIAN_POINT ( 'NONE',  ( -0.2083600435866152512, 33.81194401939408323, 58.09468077028977717 ) ) ;
#2525 = CARTESIAN_POINT ( 'NONE',  ( 8.271550478875903778, 43.33592083327297928, 194.7890184012329087 ) ) ;
#2526 = EDGE_CURVE ( 'NONE', #7663, #6884, #1690, .T. ) ;
#2527 = ORIENTED_EDGE ( 'NONE', *, *, #972, .F. ) ;
#2528 = CARTESIAN_POINT ( 'NONE',  ( 2.002879806244552974, 42.81907387725327396, 145.2775480826261116 ) ) ;
#2529 = CARTESIAN_POINT ( 'NONE',  ( 2.106244008238523424, 47.39909168233833014, 188.4216521327359146 ) ) ;
#2530 = CARTESIAN_POINT ( 'NONE',  ( 41.23236433532566281, 22.69079723528891179, 379.8779995718708165 ) ) ;
#2531 = CARTESIAN_POINT ( 'NONE',  ( -149.9999999999998579, -5.139754097654222420, 439.4216061485305431 ) ) ;
#2532 = CARTESIAN_POINT ( 'NONE',  ( -36.95561291021273576, 35.77782376313858492, 125.6496688811245832 ) ) ;
#2533 = CARTESIAN_POINT ( 'NONE',  ( -28.66915185648158726, -24.29590384187719465, -55.07514469556929271 ) ) ;
#2534 = CARTESIAN_POINT ( 'NONE',  ( 0.9338937429006769486, 47.39426408593076445, 209.0372673500492908 ) ) ;
#2535 = CARTESIAN_POINT ( 'NONE',  ( -0.9552145398446717506, -19.79945804760096095, -71.14787201309992781 ) ) ;
#2536 = CARTESIAN_POINT ( 'NONE',  ( 0.1950412008360447036, 37.71161921540779360, 83.61888903634012138 ) ) ;
#2537 = CARTESIAN_POINT ( 'NONE',  ( 17.72707457433931921, 24.46443924589853935, 34.29796139183719816 ) ) ;
#2538 = EDGE_CURVE ( 'NONE', #2386, #4450, #6872, .T. ) ;
#2539 = ORIENTED_EDGE ( 'NONE', *, *, #7195, .F. ) ;
#2540 = CARTESIAN_POINT ( 'NONE',  ( 0.4424391598386206992, 39.42494429054195848, 97.17011204929525547 ) ) ;
#2541 = ORIENTED_EDGE ( 'NONE', *, *, #3968, .F. ) ;
#2542 = CARTESIAN_POINT ( 'NONE',  ( -2.020103609511816778, 47.45192383060642527, 205.2836370420775722 ) ) ;
#2543 = EDGE_CURVE ( 'NONE', #7663, #2714, #1291, .T. ) ;
#2544 = CARTESIAN_POINT ( 'NONE',  ( 39.83570236460563763, 31.21514816738372744, 69.16083407968436347 ) ) ;
#2545 = CARTESIAN_POINT ( 'NONE',  ( 0.000000000000000000, 23.07731326548116613, 429.8900929289059150 ) ) ;
#2547 = ORIENTED_EDGE ( 'NONE', *, *, #511, .F. ) ;
#2546 = CARTESIAN_POINT ( 'NONE',  ( 5.851353646205041947, 40.55712323368186389, 119.5228871073751691 ) ) ;
#2548 = CARTESIAN_POINT ( 'NONE',  ( -86.59048839564125899, -5.768153520067688333, 55.25887913199452584 ) ) ;
#2549 = CARTESIAN_POINT ( 'NONE',  ( 3.147860296435570415, 24.32371408104542709, 4.633680387658797528 ) ) ;
#2550 = B_SPLINE_CURVE_WITH_KNOTS ( 'NONE', 3,
 ( #3784, #6266, #7535, #1985, #6304, #3216, #2657, #5117, #7618, #2065, #6782, #4568, #308, #928, #2178, #5824 ),
 .UNSPECIFIED., .F., .F.,
 ( 4, 2, 2, 2, 2, 2, 2, 4 ),
 ( 0.000000000000000000, 0.0006275775053394931635, 0.001255155010678986327, 0.001882732516018479491, 0.002510310021357972654, 0.003765465032037017528, 0.004393042537376524136, 0.005020620042716032044 ),
 .UNSPECIFIED. ) ;
#2551 = CARTESIAN_POINT ( 'NONE',  ( 8.700276638711796906, 43.12864966517705767, 212.8970381941021230 ) ) ;
#2552 =( LENGTH_UNIT ( ) NAMED_UNIT ( * ) SI_UNIT ( .MILLI., .METRE. ) );
#2553 = CARTESIAN_POINT ( 'NONE',  ( 0.2790696575550217773, 28.70822125129512159, 32.83271540691800539 ) ) ;
#2554 = CARTESIAN_POINT ( 'NONE',  ( 5.464712794159238385, 43.03332182595320177, 161.6968354875096736 ) ) ;
#2555 = CARTESIAN_POINT ( 'NONE',  ( -12.13928024308897413, 40.27081473875079354, 131.4136931572533058 ) ) ;
#2556 = CARTESIAN_POINT ( 'NONE',  ( -0.3331543697562062145, 38.78954437798859090, 92.15810179813135505 ) ) ;
#2557 = CARTESIAN_POINT ( 'NONE',  ( 0.5904223920472004838, 15.00000000000000000, 74.44931210984616143 ) ) ;
#2558 = B_SPLINE_CURVE_WITH_KNOTS ( 'NONE', 3,
 ( #1174, #481, #5415, #4288, #7300, #566, #6672, #7334, #3634, #6115, #2986, #3520, #6074, #522, #7911, #1827, #2349, #4929, #2946, #1749, #5459, #1218, #3025, #7951, #7418, #2910, #2421, #6756, #7375, #4890 ),
 .UNSPECIFIED., .F., .F.,
 ( 4, 2, 2, 2, 2, 2, 2, 2, 2, 2, 2, 2, 2, 2, 4 ),
 ( 5.605063087764202676E-17, 0.006103832593493016892, 0.009155748890239453347, 0.01220766518698589154, 0.01831149778047869506, 0.02136341407722512978, 0.02441533037397156103, 0.02746724667071799922, 0.02899320481909122005, 0.03051916296746443047, 0.03662299556095715419, 0.03814895370933032298, 0.03967491185770348483, 0.04272682815444982934, 0.04883066074794254613 ),
 .UNSPECIFIED. ) ;
#2559 = CARTESIAN_POINT ( 'NONE',  ( 2.738145295489168074, 43.81174109905075653, 207.1614562917415299 ) ) ;
#2560 = CARTESIAN_POINT ( 'NONE',  ( -1.741729438769013871, 34.98913069427066347, 66.76412490434121594 ) ) ;
#2561 = CARTESIAN_POINT ( 'NONE',  ( -8.966662445441933471, 42.93931789672131316, 176.7376644400902705 ) ) ;
#2562 = CARTESIAN_POINT ( 'NONE',  ( 31.57476734675940122, 34.37164278338259038, 125.6496688811246685 ) ) ;
#2564 = ORIENTED_EDGE ( 'NONE', *, *, #2884, .F. ) ;
#2563 = CARTESIAN_POINT ( 'NONE',  ( 10.71961130750829305, 36.07779793481478237, 62.31912070581579144 ) ) ;
#2565 = CARTESIAN_POINT ( 'NONE',  ( 8.506786003745164138, 32.71252902124859929, 61.24851073598282625 ) ) ;
#2566 = CARTESIAN_POINT ( 'NONE',  ( -0.4507458777000643013, 44.23330289818035510, 203.4221406675579829 ) ) ;
#2567 = CARTESIAN_POINT ( 'NONE',  ( 1.143737074124064668, 42.92162023269317217, 145.0769870158378296 ) ) ;
#2568 = CARTESIAN_POINT ( 'NONE',  ( 0.5246593421263852086, 47.55137746071891058, 187.2654246439283270 ) ) ;
#2569 = CARTESIAN_POINT ( 'NONE',  ( 5.833484303085390010, 40.14202268965824771, 320.0000000000000568 ) ) ;
#2570 = CARTESIAN_POINT ( 'NONE',  ( -7.182069076493386106, -7.765377059782173852, 549.2849336186909568 ) ) ;
#2571 = CARTESIAN_POINT ( 'NONE',  ( 0.5149308928087797943, 47.42800047514611350, 209.0582023389947892 ) ) ;
#2572 = CARTESIAN_POINT ( 'NONE',  ( 16.35073773490970339, 41.96130020172783048, 214.0493121098462552 ) ) ;
#2573 = CARTESIAN_POINT ( 'NONE',  ( -0.8067805704859046800, 43.86679528997784416, 187.8683353890677097 ) ) ;
#2574 = CARTESIAN_POINT ( 'NONE',  ( -0.4249986410397317838, 37.63352650806667299, 83.63092809312554721 ) ) ;
#2575 = CARTESIAN_POINT ( 'NONE',  ( 1.132479076897193293, 26.44290785191845927, 24.57581490909045741 ) ) ;
#2576 = CARTESIAN_POINT ( 'NONE',  ( 3.503307256647204770, 43.60098354328266623, 169.4310384551987170 ) ) ;
#2577 = ORIENTED_EDGE ( 'NONE', *, *, #7048, .T. ) ;
#2578 = CARTESIAN_POINT ( 'NONE',  ( -10.61045130221678079, 37.93987899768908534, 101.5135336062776759 ) ) ;
#2579 = CARTESIAN_POINT ( 'NONE',  ( -49.32634856228757059, 20.28886164836126582, 276.4091044601491944 ) ) ;
#2580 = ADVANCED_FACE ( 'NONE', ( #6347 ), #704, .F. ) ;
#2581 = CARTESIAN_POINT ( 'NONE',  ( -0.7260589463866731208, 47.41096000112840869, 209.0580988676761365 ) ) ;
#2582 = CARTESIAN_POINT ( 'NONE',  ( -41.93462905618955716, 26.32851893096475138, 364.7381377576680279 ) ) ;
#2583 = EDGE_CURVE ( 'NONE', #293, #5532, #7872, .T. ) ;
#2584 = CARTESIAN_POINT ( 'NONE',  ( 6.338752022319885882, 39.67992071700081169, 111.1434846397537513 ) ) ;
#2585 = CARTESIAN_POINT ( 'NONE',  ( 0.9538432379601403666, -14.88770259644060800, -66.09957415697023464 ) ) ;
#2586 = CARTESIAN_POINT ( 'NONE',  ( 77.40947463289504071, 21.01930611802427151, 121.3389839466043583 ) ) ;
#2587 = VECTOR ( 'NONE', #7968, 1000.000000000000000 ) ;
#2588 = CARTESIAN_POINT ( 'NONE',  ( -0.05027990157687737410, 46.87124949330019064, 208.4485850156317213 ) ) ;
#2589 = LINE ( 'NONE', #5056, #2983 ) ;
#2590 = VECTOR ( 'NONE', #4042, 1000.000000000000000 ) ;
#2591 = CARTESIAN_POINT ( 'NONE',  ( 0.3761498061418362959, 28.71972417004100819, 32.83979365163018826 ) ) ;
#2592 = CARTESIAN_POINT ( 'NONE',  ( -75.08352271041381698, 23.83992530242385399, 133.1794009662679912 ) ) ;
#2593 = CARTESIAN_POINT ( 'NONE',  ( -32.65446567269184186, 35.31098171264448382, 142.5897809367349112 ) ) ;
#2594 = CARTESIAN_POINT ( 'NONE',  ( 149.9999999999994884, 5.740427124744100773, 378.1347507846561484 ) ) ;
#2595 = VECTOR ( 'NONE', #3683, 1000.000000000000000 ) ;
#2596 = CARTESIAN_POINT ( 'NONE',  ( 20.32677821851352462, 35.77959470649985008, 103.2192658233453528 ) ) ;
#2597 = CARTESIAN_POINT ( 'NONE',  ( -7.500000000000000000, 29.61613033342289825, 35.45677773107466635 ) ) ;
#2598 = CARTESIAN_POINT ( 'NONE',  ( 3.330844985526232982, -5.949735992423210718, -56.59751504260918864 ) ) ;
#2599 = CARTESIAN_POINT ( 'NONE',  ( -5.966662445441326845, 42.85055069676063511, 158.6977513598284588 ) ) ;
#2600 = LINE ( 'NONE', #4302, #3618 ) ;
#2601 = CARTESIAN_POINT ( 'NONE',  ( 0.08474123275949170531, 35.21717076179530181, 66.58476089730680769 ) ) ;
#2602 = CARTESIAN_POINT ( 'NONE',  ( -7.500000000000000000, 29.60772684600566151, 44.25520149868791719 ) ) ;
#2603 = AXIS2_PLACEMENT_3D ( 'NONE', #1272, #89, #7476 ) ;
#2604 = B_SPLINE_CURVE_WITH_KNOTS ( 'NONE', 3,
 ( #7887, #1042, #6541, #4147, #1153, #6622, #4188, #2256 ),
 .UNSPECIFIED., .F., .F.,
 ( 4, 2, 2, 4 ),
 ( 6.938893903907228378E-18, 0.009882347869710855076, 0.01482352180456627741, 0.01976469573942169974 ),
 .UNSPECIFIED. ) ;
#2605 = LINE ( 'NONE', #3082, #802 ) ;
#2607 = ORIENTED_EDGE ( 'NONE', *, *, #1370, .T. ) ;
#2606 = CARTESIAN_POINT ( 'NONE',  ( 2.613339197210340359, 43.38578146962264270, 105.1797038346670092 ) ) ;
#2608 = CARTESIAN_POINT ( 'NONE',  ( 37.72917965946102470, 26.22194980748930959, 82.90718581458214942 ) ) ;
#2609 = CARTESIAN_POINT ( 'NONE',  ( 24.73883157510384123, 39.96283509738836415, 194.3070975596303924 ) ) ;
#2610 = VECTOR ( 'NONE', #4219, 1000.000000000000000 ) ;
#2611 = VECTOR ( 'NONE', #7519, 1000.000000000000000 ) ;
#2612 = CARTESIAN_POINT ( 'NONE',  ( 7.033674173480145342, 42.17472537707476476, 147.3113092080519380 ) ) ;
#2613 = CARTESIAN_POINT ( 'NONE',  ( 3.666662445442872009, 46.58797009215936669, 205.8542147485813985 ) ) ;
#2614 = CARTESIAN_POINT ( 'NONE',  ( -1.412905495387613675, 40.21919022833552049, 320.0005269926185747 ) ) ;
#2615 = CARTESIAN_POINT ( 'NONE',  ( 0.7310486981965987896, -8.789701471681548028, 555.1481419457635411 ) ) ;
#2616 = CARTESIAN_POINT ( 'NONE',  ( 9.025983085941824413E-15, 37.10459621063704105, 79.67723662639282622 ) ) ;
#2617 = CARTESIAN_POINT ( 'NONE',  ( -0.000000000000000000, -24.70179936576349533, -76.17517795805076730 ) ) ;
#2618 = CARTESIAN_POINT ( 'NONE',  ( 3.066662445442872365, 46.58797009215936669, 205.8542147485816258 ) ) ;
#2619 = CARTESIAN_POINT ( 'NONE',  ( 28.66915185648158726, -24.29590384187719465, -55.07514469556929271 ) ) ;
#2620 = CARTESIAN_POINT ( 'NONE',  ( -5.161117628092876330, 38.08545763361028236, 93.55368882209623393 ) ) ;
#2621 = CARTESIAN_POINT ( 'NONE',  ( -3.066662445442872365, 43.83285165301852260, 205.8542147485816258 ) ) ;
#2622 = ORIENTED_EDGE ( 'NONE', *, *, #709, .F. ) ;
#2623 = CARTESIAN_POINT ( 'NONE',  ( -20.22941438694733662, 36.35107152157859645, 108.4410415280602820 ) ) ;
#2624 = CARTESIAN_POINT ( 'NONE',  ( 1.232214472287483709, 47.77296557967702739, 180.4880816561268375 ) ) ;
#2625 = SURFACE_STYLE_FILL_AREA ( #35 ) ;
#2626 = ORIENTED_EDGE ( 'NONE', *, *, #2646, .F. ) ;
#2627 = CARTESIAN_POINT ( 'NONE',  ( 1.207656483083298093, 41.47933509580559530, 121.2417111430426218 ) ) ;
#2628 = EDGE_CURVE ( 'NONE', #7663, #5532, #5541, .T. ) ;
#2629 = CARTESIAN_POINT ( 'NONE',  ( 2.838695181821947688, 1.681375928194609459, -46.53493995302151376 ) ) ;
#2630 = CARTESIAN_POINT ( 'NONE',  ( 2.049470123195151761, 46.67437483500116002, 207.9192301166105779 ) ) ;
#2631 = CARTESIAN_POINT ( 'NONE',  ( 0.000000000000000000, 42.86056831700848591, 161.6977400310337032 ) ) ;
#2632 = CARTESIAN_POINT ( 'NONE',  ( -0.5621248056561266582, 26.50734447391849713, 24.53196311754934200 ) ) ;
#2633 = EDGE_CURVE ( 'NONE', #3327, #2877, #3442, .T. ) ;
#2634 = CARTESIAN_POINT ( 'NONE',  ( 1.578577519813644470, 40.94661473732806911, 79.90822356737034227 ) ) ;
#2635 = CARTESIAN_POINT ( 'NONE',  ( -12.40526178870652885, 39.60992953691722107, 123.0961606181952988 ) ) ;
#2636 = CARTESIAN_POINT ( 'NONE',  ( 10.27266192055210858, 5.123073895678157186, 494.0455122256950062 ) ) ;
#2638 = VERTEX_POINT ( 'NONE', #4175 ) ;
#2637 = CARTESIAN_POINT ( 'NONE',  ( -0.02796149366515352647, 38.75120466875830516, 92.15516021251154655 ) ) ;
#2639 = CARTESIAN_POINT ( 'NONE',  ( 48.29676624685748720, 29.67859503848129776, 191.6730155466848089 ) ) ;
#2640 = ADVANCED_FACE ( 'NONE', ( #2872 ), #5341, .F. ) ;
#2641 = ORIENTED_EDGE ( 'NONE', *, *, #6260, .T. ) ;
#2642 = CARTESIAN_POINT ( 'NONE',  ( 0.000000000000000000, -24.70179936576349533, -76.17517795805076730 ) ) ;
#2643 = CARTESIAN_POINT ( 'NONE',  ( 0.6208287984468036091, 36.09075488206846671, 73.23219248925938984 ) ) ;
#2644 = CARTESIAN_POINT ( 'NONE',  ( 0.1716962566244392141, 47.45553511699145588, 209.0583701773739733 ) ) ;
#2645 = CARTESIAN_POINT ( 'NONE',  ( -11.25341018581421437, 33.74419806607691186, 71.29758656798523475 ) ) ;
#2646 = EDGE_CURVE ( 'NONE', #7224, #5586, #2911, .T. ) ;
#2647 = CARTESIAN_POINT ( 'NONE',  ( -1.137783081270668850, 46.76369990517237341, 208.3661744145332761 ) ) ;
#2648 = DIRECTION ( 'NONE',  ( 1.000000000000000000, 0.000000000000000000, 0.000000000000000000 ) ) ;
#2650 = ORIENTED_EDGE ( 'NONE', *, *, #919, .T. ) ;
#2649 = CARTESIAN_POINT ( 'NONE',  ( 0.000000000000000000, 43.71089409265118064, 105.2394046492437667 ) ) ;
#2651 = CARTESIAN_POINT ( 'NONE',  ( 4.023785015433555046, 33.28853813862026811, 58.96312270140795420 ) ) ;
#2652 = CARTESIAN_POINT ( 'NONE',  ( 0.2870636839369687388, 44.23893827668452872, 191.9674246359669780 ) ) ;
#2653 = CARTESIAN_POINT ( 'NONE',  ( 1.948209096892838055, 43.42387077780360016, 157.1504355201885232 ) ) ;
#2654 = CARTESIAN_POINT ( 'NONE',  ( 0.1727715687104881548, 47.58534326589072094, 187.2655660539892040 ) ) ;
#2655 = CARTESIAN_POINT ( 'NONE',  ( 0.000000000000000000, 38.87860893774676185, 331.9800661568619944 ) ) ;
#2656 = CARTESIAN_POINT ( 'NONE',  ( 1.463589819017925731, -9.937233235580697155, 558.8774522703039338 ) ) ;
#2657 = CARTESIAN_POINT ( 'NONE',  ( 3.306371809915822801, 47.27295034646154193, 188.8546745261925537 ) ) ;
#2658 = CARTESIAN_POINT ( 'NONE',  ( 1.866611727019490408, 11.87816490467868569, -28.42495731499281675 ) ) ;
#2659 = CARTESIAN_POINT ( 'NONE',  ( -2.063807534392927412, 46.97260807575818831, 188.3875547825298895 ) ) ;
#2660 = CARTESIAN_POINT ( 'NONE',  ( -30.97791596703864769, 34.35318661475471202, 123.2262352997951069 ) ) ;
#2661 = CARTESIAN_POINT ( 'NONE',  ( 4.248462897288200146, 26.09806881999474015, 25.49373258488989791 ) ) ;
#2662 = CARTESIAN_POINT ( 'NONE',  ( 21.59639750056107488, 40.65609949547123136, 179.9553512738694678 ) ) ;
#2663 = EDGE_LOOP ( 'NONE', ( #3444, #5454, #5778, #3556, #7817, #3028, #5577, #3169, #3503, #4872, #6159, #6605 ) ) ;
#2664 = CARTESIAN_POINT ( 'NONE',  ( -26.77931983816666062, 33.80298609204292148, 102.2930923614579228 ) ) ;
#2665 = B_SPLINE_CURVE_WITH_KNOTS ( 'NONE', 3,
 ( #3921, #7744, #2230, #4650 ),
 .UNSPECIFIED., .F., .F.,
 ( 4, 4 ),
 ( 0.1814583397158075206, 0.2076901053868109581 ),
 .UNSPECIFIED. ) ;
#2666 = CARTESIAN_POINT ( 'NONE',  ( 1.848321708431225563, 47.83361918596382623, 180.4427191032446558 ) ) ;
#2667 = CARTESIAN_POINT ( 'NONE',  ( -3.724962457618750111, 47.18288043310521829, 206.0722716283282807 ) ) ;
#2668 = CARTESIAN_POINT ( 'NONE',  ( -6.218476790328001158, 42.28550686164089711, 146.9142196045556261 ) ) ;
#2669 = CARTESIAN_POINT ( 'NONE',  ( 50.23142825961025437, 28.43275190715650780, 183.3792269123254357 ) ) ;
#2670 = CARTESIAN_POINT ( 'NONE',  ( 2.846830710822273236, -1.888371530433603951, -51.63176871257518741 ) ) ;
#2671 = CARTESIAN_POINT ( 'NONE',  ( 6.098637220230975063E-15, 43.20391718336936293, 147.6711886649916892 ) ) ;
#2672 = CARTESIAN_POINT ( 'NONE',  ( 35.26784931742217566, 22.02731521249526381, 55.29852414311955044 ) ) ;
#2673 = CARTESIAN_POINT ( 'NONE',  ( 0.3255591833899545429, 28.71377258082520001, 32.83620976438751171 ) ) ;
#2674 = CARTESIAN_POINT ( 'NONE',  ( -2.613339197210340359, 43.38578146962264270, 105.1797038346670092 ) ) ;
#2675 = EDGE_CURVE ( 'NONE', #7001, #3831, #2083, .T. ) ;
#2676 = CARTESIAN_POINT ( 'NONE',  ( 0.4655856396809147091, 41.36346507896490721, 117.7462632606611521 ) ) ;
#2678 = VERTEX_POINT ( 'NONE', #5543 ) ;
#2677 = CARTESIAN_POINT ( 'NONE',  ( -0.1211482060688259393, 39.66758895926226813, 100.6871890136440868 ) ) ;
#2679 = VERTEX_POINT ( 'NONE', #79 ) ;
#2680 = FACE_OUTER_BOUND ( 'NONE', #1028, .T. ) ;
#2681 = CARTESIAN_POINT ( 'NONE',  ( 5.464712794159235720, 42.86056831700848591, 161.6977400310335895 ) ) ;
#2682 = CARTESIAN_POINT ( 'NONE',  ( -42.18777887688402473, 27.60196643637385350, 108.5848476623032042 ) ) ;
#2683 = CARTESIAN_POINT ( 'NONE',  ( -3.066662445442872365, 46.58797009215936669, 205.8542147485816258 ) ) ;
#2684 = ADVANCED_FACE ( 'NONE', ( #3109 ), #3717, .T. ) ;
#2685 = CARTESIAN_POINT ( 'NONE',  ( -3.066662445442872365, 46.84802417386053719, 205.8542147485813985 ) ) ;
#2686 = CARTESIAN_POINT ( 'NONE',  ( 1.793437411546241478, 45.87555291334074070, 252.9410945478491897 ) ) ;
#2687 = EDGE_CURVE ( 'NONE', #4253, #643, #809, .T. ) ;
#2688 = CARTESIAN_POINT ( 'NONE',  ( 0.2763270845798436737, 43.61486823348437269, 156.8335772343319832 ) ) ;
#2689 = DIRECTION ( 'NONE',  ( 0.000000000000000000, 0.000000000000000000, -1.000000000000000000 ) ) ;
#2690 = CARTESIAN_POINT ( 'NONE',  ( 0.1145307358586652308, 44.13980330450780798, 180.2532756522040529 ) ) ;
#2691 = CARTESIAN_POINT ( 'NONE',  ( -0.7032787781051501597, 2.973172933655187311, 514.9865767782636112 ) ) ;
#2692 = CARTESIAN_POINT ( 'NONE',  ( -35.60447105139471802, -13.62282190332221887, 502.3110443960222824 ) ) ;
#2693 = CARTESIAN_POINT ( 'NONE',  ( -7.500000000000011546, 27.71448550444515746, 35.45677773107467345 ) ) ;
#2694 = CARTESIAN_POINT ( 'NONE',  ( 0.000000000000000000, 4.829427991817969890, -41.35103106569409448 ) ) ;
#2695 = CARTESIAN_POINT ( 'NONE',  ( 86.87707805841237985, -10.34748271511437778, 49.68820832564044565 ) ) ;
#2696 = CARTESIAN_POINT ( 'NONE',  ( -6.072119544768692201, 35.67276839380549092, 76.93157262173671995 ) ) ;
#2697 = CARTESIAN_POINT ( 'NONE',  ( -0.09688576726207215328, 26.58287206539836944, 24.53229599160049546 ) ) ;
#2698 = CARTESIAN_POINT ( 'NONE',  ( 1.898131457938402100, 43.78428066519849438, 168.9428872305931861 ) ) ;
#2699 = ORIENTED_EDGE ( 'NONE', *, *, #4853, .T. ) ;
#2700 = CARTESIAN_POINT ( 'NONE',  ( -17.80442309394979006, 35.41962654858955517, 94.36191958308118899 ) ) ;
#2701 = CARTESIAN_POINT ( 'NONE',  ( -1.649437573462356754, 38.88726402745196253, 331.8909477606557630 ) ) ;
#2702 = FACE_OUTER_BOUND ( 'NONE', #868, .T. ) ;
#2703 = LINE ( 'NONE', #7670, #6602 ) ;
#2704 = CARTESIAN_POINT ( 'NONE',  ( -11.87753674811280824, 22.01321616650771773, 424.9228753704809378 ) ) ;
#2705 = CARTESIAN_POINT ( 'NONE',  ( -12.10874868226529344, 42.05723457700923973, 161.7919488432631567 ) ) ;
#2706 = VERTEX_POINT ( 'NONE', #1305 ) ;
#2707 = CARTESIAN_POINT ( 'NONE',  ( 19.65256256587182548, 37.55510916865218007, 119.8586057579254884 ) ) ;
#2708 = CARTESIAN_POINT ( 'NONE',  ( 0.9126475175586304944, 20.71106199493173605, -7.133971301115257013 ) ) ;
#2709 = CARTESIAN_POINT ( 'NONE',  ( -42.95965009189016826, 30.33988575092048379, 125.6496688811247253 ) ) ;
#2710 = CARTESIAN_POINT ( 'NONE',  ( -39.83570236460563052, 22.42589079228451610, 69.16083407968426400 ) ) ;
#2711 = CARTESIAN_POINT ( 'NONE',  ( -46.58558245345534488, 37.13275647413672687, 271.3152778191255265 ) ) ;
#2712 = CARTESIAN_POINT ( 'NONE',  ( 0.2969273726447778650, 41.34287649584287294, 117.7453463230803692 ) ) ;
#2714 = VERTEX_POINT ( 'NONE', #1915 ) ;
#2713 = CARTESIAN_POINT ( 'NONE',  ( 2.991943564300866498, 39.27440856735002228, 101.2305084515005404 ) ) ;
#2715 = ORIENTED_EDGE ( 'NONE', *, *, #7146, .F. ) ;
#2716 = CARTESIAN_POINT ( 'NONE',  ( 0.000000000000000000, -10.00000000000000000, -61.05776287854492068 ) ) ;
#2717 = CARTESIAN_POINT ( 'NONE',  ( 43.94162256908041542, 27.81146509703092917, 119.1982657495240261 ) ) ;
#2718 = CARTESIAN_POINT ( 'NONE',  ( 0.4666624454429739166, 44.02985687234174605, 208.4485850156316360 ) ) ;
#2719 = CARTESIAN_POINT ( 'NONE',  ( -30.08000687042376953, 29.24344245151442223, 80.08565093692510573 ) ) ;
#2720 = CARTESIAN_POINT ( 'NONE',  ( 44.54904232686244114, 35.57008232047638785, 200.3439194167243897 ) ) ;
#2721 = CARTESIAN_POINT ( 'NONE',  ( 49.16176366489246163, 28.98708836058777649, 183.6080041517474797 ) ) ;
#2722 = AXIS2_PLACEMENT_3D ( 'NONE', #6856, #3775, #4947 ) ;
#2724 = ORIENTED_EDGE ( 'NONE', *, *, #3222, .T. ) ;
#2723 = CARTESIAN_POINT ( 'NONE',  ( -1.024170345567492202, 46.00818778601377090, 252.5475023864288744 ) ) ;
#2725 = CARTESIAN_POINT ( 'NONE',  ( 1.408612794786728850, 44.07001452638805006, 203.7248423275139828 ) ) ;
#2726 = CARTESIAN_POINT ( 'NONE',  ( 17.33294847277055339, 41.11174173896124273, 165.3240422717321110 ) ) ;
#2727 = DIRECTION ( 'NONE',  ( 0.000000000000000000, -1.000000000000000000, 0.000000000000000000 ) ) ;
#2728 = CARTESIAN_POINT ( 'NONE',  ( -4.548423410648028131, 43.63545684480039455, 181.5151345754006513 ) ) ;
#2729 = AXIS2_PLACEMENT_3D ( 'NONE', #7838, #1755, #5964 ) ;
#2730 = EDGE_CURVE ( 'NONE', #1870, #5140, #5504, .T. ) ;
#2731 = CARTESIAN_POINT ( 'NONE',  ( -1.331304062742782568, 10.42035447031314632, 486.5845591189742549 ) ) ;
#2732 = CARTESIAN_POINT ( 'NONE',  ( -2.023479284963984437, 41.62386332947151146, 125.6496688811246401 ) ) ;
#2733 = LINE ( 'NONE', #269, #7546 ) ;
#2734 = CARTESIAN_POINT ( 'NONE',  ( -49.16176366489244742, 15.00000000000000000, 183.6080041517474797 ) ) ;
#2735 = CARTESIAN_POINT ( 'NONE',  ( -1.897887140548182083, -1.930630389853631890, -51.65318905880917555 ) ) ;
#2736 = CARTESIAN_POINT ( 'NONE',  ( -43.15696473706449154, 29.17462103056950085, 128.0334676114744923 ) ) ;
#2737 = AXIS2_PLACEMENT_3D ( 'NONE', #5015, #1265, #6246 ) ;
#2738 = AXIS2_PLACEMENT_3D ( 'NONE', #2023, #4481, #2843 ) ;
#2739 = CARTESIAN_POINT ( 'NONE',  ( 4.981126282401959315, 28.09912362278059561, 34.08521084135418988 ) ) ;
#2740 = CARTESIAN_POINT ( 'NONE',  ( -0.3125600076653655135, 44.15935736667346134, 180.2365180446876423 ) ) ;
#2741 = VERTEX_POINT ( 'NONE', #572 ) ;
#2742 = CARTESIAN_POINT ( 'NONE',  ( -3.280958133165344126, 37.53122323659729176, 85.75353885910519125 ) ) ;
#2743 = CARTESIAN_POINT ( 'NONE',  ( 11.07186743597200973, 32.81523294668829749, 45.76036132870854090 ) ) ;
#2744 = CARTESIAN_POINT ( 'NONE',  ( -47.31906922256366244, 16.34140955976334197, 320.0000000000000568 ) ) ;
#2745 = CARTESIAN_POINT ( 'NONE',  ( -2.556928836907746305, 47.35451226007673142, 188.9106833258234985 ) ) ;
#2746 = CARTESIAN_POINT ( 'NONE',  ( 45.95965009189017536, 27.17204488600939882, 125.6496688811247822 ) ) ;
#2747 = CARTESIAN_POINT ( 'NONE',  ( 0.6435512270066479079, 13.79511502585091876, 472.5222654459706177 ) ) ;
#2748 = VERTEX_POINT ( 'NONE', #5012 ) ;
#2749 = CARTESIAN_POINT ( 'NONE',  ( 1.662575056565462450, 41.42270152493390611, 121.3332091868010991 ) ) ;
#2750 = CARTESIAN_POINT ( 'NONE',  ( 0.9247670608693169259, 16.13791471914375109, -18.92185757000694935 ) ) ;
#2751 = CARTESIAN_POINT ( 'NONE',  ( 3.146896805639176620E-14, 41.87538907178089431, 125.6496688811249385 ) ) ;
#2752 = CARTESIAN_POINT ( 'NONE',  ( -27.80485384608771682, 23.06086369616652831, 43.83248306545205963 ) ) ;
#2753 = CARTESIAN_POINT ( 'NONE',  ( -50.07172804542855005, 20.26724883329845284, 270.0327580235693290 ) ) ;
#2755 = VERTEX_POINT ( 'NONE', #8030 ) ;
#2754 = CARTESIAN_POINT ( 'NONE',  ( 0.3954501737255573524, 39.60302788829637421, 100.7068774190848046 ) ) ;
#2756 = ORIENTED_EDGE ( 'NONE', *, *, #4017, .F. ) ;
#2757 = CARTESIAN_POINT ( 'NONE',  ( 86.87707805841237985, -10.34748271511437778, 49.68820832564044565 ) ) ;
#2758 = CARTESIAN_POINT ( 'NONE',  ( 0.8686989687423929407, 36.05969904654971003, 73.25923449001352594 ) ) ;
#2759 = DIRECTION ( 'NONE',  ( 0.000000000000000000, 0.5783651020807193399, 0.8157780388654496395 ) ) ;
#2760 = CARTESIAN_POINT ( 'NONE',  ( -8.506786003745164138, 32.71252902124859929, 61.24851073598282625 ) ) ;
#2761 = CARTESIAN_POINT ( 'NONE',  ( -1.616145619650092957, 46.71664502783516326, 208.1874072089277377 ) ) ;
#2762 = CARTESIAN_POINT ( 'NONE',  ( -2.545275847175162642, 46.84802417386053719, 207.4492525783996939 ) ) ;
#2763 = CARTESIAN_POINT ( 'NONE',  ( -1.467788928062101705, 44.48375703246001933, 275.5401249740329490 ) ) ;
#2764 = CARTESIAN_POINT ( 'NONE',  ( 42.18777887688402473, 27.60196643637385350, 108.5848476623032042 ) ) ;
#2765 = CARTESIAN_POINT ( 'NONE',  ( -0.3675310931000513315, 43.97569500120879837, 214.8139564921330305 ) ) ;
#2766 = CARTESIAN_POINT ( 'NONE',  ( 6.028965747663612262, 42.91954091971629737, 158.7009669399720906 ) ) ;
#2767 = DIRECTION ( 'NONE',  ( 0.000000000000000000, 1.000000000000000000, 0.000000000000000000 ) ) ;
#2768 = CARTESIAN_POINT ( 'NONE',  ( -27.17036126498120296, 39.23288071440231306, 208.2550598232024299 ) ) ;
#2769 = CARTESIAN_POINT ( 'NONE',  ( 6.611810512025710906, 16.54561046290216098, 457.6028839167674960 ) ) ;
#2770 = DIRECTION ( 'NONE',  ( 0.000000000000000000, 1.000000000000000000, 0.000000000000000000 ) ) ;
#2771 = CARTESIAN_POINT ( 'NONE',  ( -5.464712794159235720, 43.12498449049508764, 212.1970477895286820 ) ) ;
#2772 = CARTESIAN_POINT ( 'NONE',  ( -12.46229530001277652, -2.572497710891440637, -46.23969499504121217 ) ) ;
#2773 = CARTESIAN_POINT ( 'NONE',  ( -0.9429501939302636915, 4.886886460646159058, -41.31700136380539590 ) ) ;
#2774 = CARTESIAN_POINT ( 'NONE',  ( -6.322780931732022047, 36.87220765713150428, 85.57932595545719323 ) ) ;
#2775 = EDGE_CURVE ( 'NONE', #7360, #4247, #6031, .T. ) ;
#2776 = CARTESIAN_POINT ( 'NONE',  ( 2.641876372905389569, 28.36834374904868739, 33.16737480309323871 ) ) ;
#2777 = ORIENTED_EDGE ( 'NONE', *, *, #7253, .F. ) ;
#2778 = CARTESIAN_POINT ( 'NONE',  ( -1.862960317769940533, 35.93508975837292496, 73.41125464786081523 ) ) ;
#2779 = CARTESIAN_POINT ( 'NONE',  ( 75.08352271041381698, 23.83992530242385399, 133.1794009662679912 ) ) ;
#2780 = CARTESIAN_POINT ( 'NONE',  ( 0.9419369969250757091, 40.21919929812739269, 320.0004459445724478 ) ) ;
#2781 = CARTESIAN_POINT ( 'NONE',  ( 0.000000000000000000, 32.55432374088007919, 34.84931210984609606 ) ) ;
#2782 = CARTESIAN_POINT ( 'NONE',  ( 0.6857961776820891142, 6.775705951531614701, 500.7587486378974972 ) ) ;
#2783 = EDGE_CURVE ( 'NONE', #1294, #3954, #614, .T. ) ;
#2784 = CARTESIAN_POINT ( 'NONE',  ( 0.000000000000000000, 2.926735556036303532, 515.0430825616978154 ) ) ;
#2785 = ORIENTED_EDGE ( 'NONE', *, *, #1024, .T. ) ;
#2786 = ADVANCED_FACE ( 'NONE', ( #695 ), #2427, .F. ) ;
#2787 = CARTESIAN_POINT ( 'NONE',  ( -84.37654678365758798, 7.016731582859186744, 78.37539727634437270 ) ) ;
#2788 = CARTESIAN_POINT ( 'NONE',  ( -5.464712794159227727, 140.4842180462710530, 161.1865791250929192 ) ) ;
#2789 = LINE ( 'NONE', #4049, #7394 ) ;
#2790 = CARTESIAN_POINT ( 'NONE',  ( 0.000000000000000000, 45.77999709477325752, 130.5726553802304295 ) ) ;
#2792 = ORIENTED_EDGE ( 'NONE', *, *, #876, .F. ) ;
#2791 = CARTESIAN_POINT ( 'NONE',  ( -0.2500445334447075063, 39.68366722699612126, 100.6875473051662055 ) ) ;
#2793 = ORIENTED_EDGE ( 'NONE', *, *, #3976, .F. ) ;
#2794 = CARTESIAN_POINT ( 'NONE',  ( -0.07229335007984349915, 43.98321421925229657, 168.6062036914684654 ) ) ;
#2795 = CARTESIAN_POINT ( 'NONE',  ( 0.8363959682624708680, 37.84229201446858326, 85.21733310284091090 ) ) ;
#2796 = CARTESIAN_POINT ( 'NONE',  ( 7.500000000000000000, 29.52392101739476260, 35.04931211369479627 ) ) ;
#2797 = CARTESIAN_POINT ( 'NONE',  ( -14.18120868405252288, 31.93191867532917172, 64.78672742979955501 ) ) ;
#2798 = CARTESIAN_POINT ( 'NONE',  ( 1.775404981749483246, 46.97260807575818831, 188.1954198799948870 ) ) ;
#2799 = DIRECTION ( 'NONE',  ( 0.000000000000000000, 0.000000000000000000, -1.000000000000000000 ) ) ;
#2800 = CARTESIAN_POINT ( 'NONE',  ( 0.000000000000000000, 44.44231472044331355, 275.7264566852123266 ) ) ;
#2801 = CARTESIAN_POINT ( 'NONE',  ( 0.08344858511513376931, 36.43634355610694087, 75.10156452250730297 ) ) ;
#2802 = CARTESIAN_POINT ( 'NONE',  ( 3.227979621772144814, 43.89496823298391348, 204.2334567284531204 ) ) ;
#2803 = CARTESIAN_POINT ( 'NONE',  ( 44.27017106238352540, 31.96253615634778811, 201.8949544431416427 ) ) ;
#2804 = CARTESIAN_POINT ( 'NONE',  ( -3.345376087531854115, -19.80729880530915210, -71.09459982090788799 ) ) ;
#2805 = CARTESIAN_POINT ( 'NONE',  ( 0.2633061335387640867, 44.15450666101217791, 180.2403750763683945 ) ) ;
#2806 = CARTESIAN_POINT ( 'NONE',  ( 150.0000000000003126, 4.384157842436207098, 385.9904724453040785 ) ) ;
#2807 = CARTESIAN_POINT ( 'NONE',  ( -27.77416402040308441, 35.72417201422751276, 125.6496688811248106 ) ) ;
#2808 = CARTESIAN_POINT ( 'NONE',  ( -1.573448402819587994E-14, 43.59248601773754928, 122.6496688811247111 ) ) ;
#2809 = CARTESIAN_POINT ( 'NONE',  ( -12.32604656146385480, 7.066535420415203994, -30.82130669073084661 ) ) ;
#2810 = CARTESIAN_POINT ( 'NONE',  ( -8.966662445441356155, 140.4842180462710530, 161.1865791250930329 ) ) ;
#2811 = CARTESIAN_POINT ( 'NONE',  ( -1.892463454547965274, 1.631141071689482525, -46.56294020973754044 ) ) ;
#2812 = CARTESIAN_POINT ( 'NONE',  ( -0.6028360122320496339, 37.61110602142149872, 83.64579598623170398 ) ) ;
#2813 = CARTESIAN_POINT ( 'NONE',  ( 41.75625181820811349, 22.36773020115406396, 74.37411450805639390 ) ) ;
#2814 = CARTESIAN_POINT ( 'NONE',  ( -0.4133807978224089963, 44.16927824809504699, 180.2290721210118534 ) ) ;
#2815 = ORIENTED_EDGE ( 'NONE', *, *, #3708, .F. ) ;
#2816 = CARTESIAN_POINT ( 'NONE',  ( -0.1078604314652679003, 37.93429374806557064, 85.16761379313027192 ) ) ;
#2817 = CARTESIAN_POINT ( 'NONE',  ( -1.974914245429317816, 47.28203194932483200, 155.6413165022189844 ) ) ;
#2818 = CARTESIAN_POINT ( 'NONE',  ( -42.82036082025610568, 34.45865616707600765, 314.7613887647807474 ) ) ;
#2819 = CARTESIAN_POINT ( 'NONE',  ( 7.500000000000011546, 27.71448550444515746, 35.45677773107467345 ) ) ;
#2820 = CARTESIAN_POINT ( 'NONE',  ( -2.738624580877228265, 47.33671451173056255, 189.1901225586167925 ) ) ;
#2821 = CARTESIAN_POINT ( 'NONE',  ( -1.433104235392706371, 44.12833015872163145, 192.1796117555229841 ) ) ;
#2822 = CARTESIAN_POINT ( 'NONE',  ( 0.000000000000000000, 10.33405387878785753, 486.6586544760494917 ) ) ;
#2823 = CARTESIAN_POINT ( 'NONE',  ( 36.00285309233927933, -6.792297079197776810, 479.3729591887034758 ) ) ;
#2824 = VERTEX_POINT ( 'NONE', #7425 ) ;
#2825 = CARTESIAN_POINT ( 'NONE',  ( -150.0000000000000284, 11.30624670738853510, 229.7266311706955264 ) ) ;
#2826 = EDGE_CURVE ( 'NONE', #1030, #7052, #6615, .T. ) ;
#2827 = CARTESIAN_POINT ( 'NONE',  ( -8.203280374974596612, 25.64914679568282452, 27.59238229647409923 ) ) ;
#2828 = CARTESIAN_POINT ( 'NONE',  ( -7.301291994692240550, 46.93704426116289596, 207.1250189900836745 ) ) ;
#2829 = CARTESIAN_POINT ( 'NONE',  ( 43.95965009189017536, 30.33988575092048379, 128.6496688811247111 ) ) ;
#2830 = ADVANCED_FACE ( 'NONE', ( #3030 ), #5186, .T. ) ;
#2831 = ORIENTED_EDGE ( 'NONE', *, *, #1466, .F. ) ;
#2832 = CARTESIAN_POINT ( 'NONE',  ( 34.51520779515804804, 36.43989335966868737, 210.0738321795262777 ) ) ;
#2833 = B_SPLINE_CURVE_WITH_KNOTS ( 'NONE', 3,
 ( #1233, #2479, #748, #2561 ),
 .UNSPECIFIED., .F., .F.,
 ( 4, 4 ),
 ( 2.507625306634141203E-07, 0.01828162974460683862 ),
 .UNSPECIFIED. ) ;
#2834 = CARTESIAN_POINT ( 'NONE',  ( 12.42468602756070162, 0.8701743984461717263, -41.28002289990918428 ) ) ;
#2835 = CARTESIAN_POINT ( 'NONE',  ( 38.66110202879299607, 31.97462844916265112, 131.7596772602675514 ) ) ;
#2836 = FACE_OUTER_BOUND ( 'NONE', #517, .T. ) ;
#2837 = CARTESIAN_POINT ( 'NONE',  ( -2.521076645522676074, 33.47490566521076261, 58.42094539057079317 ) ) ;
#2838 = CARTESIAN_POINT ( 'NONE',  ( 23.54617954699073579, 43.76827001894377389, 213.8465046904474036 ) ) ;
#2839 = CARTESIAN_POINT ( 'NONE',  ( 3.066662445442855489, 43.90639954786217203, 195.5933403577965919 ) ) ;
#2840 = CARTESIAN_POINT ( 'NONE',  ( 49.32634856228757059, 20.28886164836126582, 276.4091044601491944 ) ) ;
#2841 = CARTESIAN_POINT ( 'NONE',  ( 2.477490142977957444, 34.89727298373762920, 66.91352464665996536 ) ) ;
#2842 = CARTESIAN_POINT ( 'NONE',  ( -0.3087721197069598356, 44.22131555746675957, 203.4371419031151902 ) ) ;
#2843 = DIRECTION ( 'NONE',  ( -1.000000000000000000, 0.000000000000000000, 0.000000000000000000 ) ) ;
#2844 = CARTESIAN_POINT ( 'NONE',  ( -30.41893367302125739, 38.16323942644689993, 211.6566950666919809 ) ) ;
#2845 = CARTESIAN_POINT ( 'NONE',  ( 59.99867422257567995, -10.69069057093173214, 448.1085652130877293 ) ) ;
#2846 = CARTESIAN_POINT ( 'NONE',  ( -0.000000000000000000, 40.56578976432429329, 79.76996539711473133 ) ) ;
#2847 = CARTESIAN_POINT ( 'NONE',  ( 2.062360264965499290, 43.98436625611694950, 188.3866926228347438 ) ) ;
#2848 = AXIS2_PLACEMENT_3D ( 'NONE', #1131, #7249, #3626 ) ;
#2849 = CARTESIAN_POINT ( 'NONE',  ( -11.55383968865741373, 26.93463575382700270, 21.23557846822262718 ) ) ;
#2850 = CARTESIAN_POINT ( 'NONE',  ( 3.323413742140344684, -2.163148135800812888, -51.77104861990689955 ) ) ;
#2851 = CARTESIAN_POINT ( 'NONE',  ( 0.2483578034168936188, 43.67306687422230738, 156.7918303258223318 ) ) ;
#2852 = CARTESIAN_POINT ( 'NONE',  ( -0.1794943305841305292, 30.54246145394420964, 41.21304832440502253 ) ) ;
#2853 = ORIENTED_EDGE ( 'NONE', *, *, #2248, .T. ) ;
#2854 = ORIENTED_EDGE ( 'NONE', *, *, #7701, .T. ) ;
#2855 = CIRCLE ( 'NONE', #5047, 0.5999999999999969802 ) ;
#2856 = CARTESIAN_POINT ( 'NONE',  ( 0.000000000000000000, 47.60244431490926331, 187.4249139430549178 ) ) ;
#2857 = CARTESIAN_POINT ( 'NONE',  ( 53.35623814217884586, 16.83228722618856921, 246.4189050667629601 ) ) ;
#2858 = CARTESIAN_POINT ( 'NONE',  ( -1.676507941506811594, 36.02744328790266337, 354.3090623948346547 ) ) ;
#2859 = CARTESIAN_POINT ( 'NONE',  ( -19.87111428847631700, 41.59779945087804975, 125.6496688811246401 ) ) ;
#2860 = CARTESIAN_POINT ( 'NONE',  ( -5.464712794159184206, 43.66157527741481914, 195.3590793523302693 ) ) ;
#2861 = CIRCLE ( 'NONE', #7800, 1.000000000000000888 ) ;
#2862 = CARTESIAN_POINT ( 'NONE',  ( 0.4666624454429734725, 46.95419416596106998, 187.8683353890677097 ) ) ;
#2863 = CARTESIAN_POINT ( 'NONE',  ( -29.47565862104757528, 38.35023962253366392, 221.4073026659808932 ) ) ;
#2864 = VECTOR ( 'NONE', #6769, 1000.000000000000000 ) ;
#2865 = CARTESIAN_POINT ( 'NONE',  ( 0.000000000000000000, 17.01339730700182074, 458.4116318598639168 ) ) ;
#2866 = CARTESIAN_POINT ( 'NONE',  ( -35.24352890685372586, 34.48504013772130605, 146.8365765736282356 ) ) ;
#2867 = CARTESIAN_POINT ( 'NONE',  ( -2.188606651473533393, -7.176475229997554273, 550.0807433445178276 ) ) ;
#2868 = CARTESIAN_POINT ( 'NONE',  ( -6.160775606238255264, 40.83724339802779468, 123.0440283562801937 ) ) ;
#2869 = CARTESIAN_POINT ( 'NONE',  ( 2.737942552675891594, 20.88679572981984478, -7.018861411523644733 ) ) ;
#2870 = CARTESIAN_POINT ( 'NONE',  ( -23.15346556159978419, 23.74927281811911683, 38.76385060139655536 ) ) ;
#2871 = CARTESIAN_POINT ( 'NONE',  ( -16.66315168157811755, 45.58974530259764180, 211.4847522036016585 ) ) ;
#2872 = FACE_OUTER_BOUND ( 'NONE', #858, .T. ) ;
#2873 = EDGE_CURVE ( 'NONE', #2706, #1851, #4293, .T. ) ;
#2875 = VERTEX_POINT ( 'NONE', #3680 ) ;
#2874 = CARTESIAN_POINT ( 'NONE',  ( -0.4010107595890949894, 41.35558698149938550, 117.7456828616702609 ) ) ;
#2876 = CARTESIAN_POINT ( 'NONE',  ( 0.2296749493148534382, 43.96513849670368757, 214.8301142943346065 ) ) ;
#2877 = VERTEX_POINT ( 'NONE', #2709 ) ;
#2878 = CARTESIAN_POINT ( 'NONE',  ( 52.45202284805125004, 26.35000726144784977, 167.4952659845804988 ) ) ;
#2879 = FILL_AREA_STYLE_COLOUR ( '', #288 ) ;
#2880 = CARTESIAN_POINT ( 'NONE',  ( -6.651507837064502660, 32.95590863251464953, 60.21036480898639809 ) ) ;
#2881 = CYLINDRICAL_SURFACE ( 'NONE', #6233, 1.000000000000000222 ) ;
#2882 = CARTESIAN_POINT ( 'NONE',  ( -2.733580488977746192, 47.26515709648460728, 207.1356967421180002 ) ) ;
#2883 = CARTESIAN_POINT ( 'NONE',  ( -1.056736817095856207, 28.61635723899053474, 400.7706135039534843 ) ) ;
#2884 = EDGE_CURVE ( 'NONE', #4560, #6637, #2000, .T. ) ;
#2885 = CARTESIAN_POINT ( 'NONE',  ( 1.573448402819587994E-14, 43.59248601773754928, 128.6496688811247111 ) ) ;
#2886 = DIRECTION ( 'NONE',  ( -1.000000000000000000, 0.000000000000000000, 0.000000000000000000 ) ) ;
#2887 = EDGE_CURVE ( 'NONE', #5343, #2706, #7091, .T. ) ;
#2888 = CARTESIAN_POINT ( 'NONE',  ( -1.434789889613982350, -1.011398729720650369, 529.3086085165732584 ) ) ;
#2889 = CARTESIAN_POINT ( 'NONE',  ( -6.309460606550978845, 30.06000340959646522, 44.89313294846517266 ) ) ;
#2890 = CARTESIAN_POINT ( 'NONE',  ( -48.48168961735525073, 32.59085521474190728, 164.2560932243156344 ) ) ;
#2891 = CARTESIAN_POINT ( 'NONE',  ( 0.000000000000000000, 20.62319512748768346, -7.191526245911063597 ) ) ;
#2892 = CARTESIAN_POINT ( 'NONE',  ( 83.26671075213897666, 10.37568051067605523, 86.68462678675325606 ) ) ;
#2893 = CARTESIAN_POINT ( 'NONE',  ( -3.605999134858673738, 43.22716713564827273, 157.6609004484207048 ) ) ;
#2894 = CARTESIAN_POINT ( 'NONE',  ( 0.05264225397167573983, 30.51438514820749148, 41.20500241982450262 ) ) ;
#2895 = CARTESIAN_POINT ( 'NONE',  ( 2.116823504443131831, 41.36552792553541025, 121.4510648758368774 ) ) ;
#2896 = CARTESIAN_POINT ( 'NONE',  ( -21.33143306492407731, 33.09051500739469276, 85.62538381473456184 ) ) ;
#2897 = CARTESIAN_POINT ( 'NONE',  ( 43.14658061911373466, 35.50342271598734101, 304.1660564602935892 ) ) ;
#2898 = CARTESIAN_POINT ( 'NONE',  ( -2.401812407620467660, 6.569449054318622139, 500.9803719639622841 ) ) ;
#2899 = CARTESIAN_POINT ( 'NONE',  ( -36.95561318482995716, 35.77782364137420501, 125.6496688811247253 ) ) ;
#2900 = CARTESIAN_POINT ( 'NONE',  ( 0.000000000000000000, 15.00000000000000000, 34.84931210984616712 ) ) ;
#2901 = CARTESIAN_POINT ( 'NONE',  ( -1.573448402819587994E-14, 43.59248601773754928, 122.6496688811247111 ) ) ;
#2902 = CARTESIAN_POINT ( 'NONE',  ( -4.290443954675394522, 43.78331709570667840, 204.6140471656289037 ) ) ;
#2903 = CARTESIAN_POINT ( 'NONE',  ( -10.55815539007339510, 8.766027140151836150, 480.2865580578388176 ) ) ;
#2904 = CARTESIAN_POINT ( 'NONE',  ( -4.374937953954339598, 39.09485121804041796, 101.7498062672472940 ) ) ;
#2905 = CARTESIAN_POINT ( 'NONE',  ( -0.7032787781051501597, 2.973172933655187311, 514.9865767782636112 ) ) ;
#2906 = ORIENTED_EDGE ( 'NONE', *, *, #4762, .T. ) ;
#2907 = CARTESIAN_POINT ( 'NONE',  ( 0.2660445695146709255, 40.53154005278906169, 109.1378732784382493 ) ) ;
#2908 = CARTESIAN_POINT ( 'NONE',  ( -9.038935942379033861, 44.65478929440413225, 133.3990811073386169 ) ) ;
#2909 = CARTESIAN_POINT ( 'NONE',  ( -2.801130384182457078, 46.66672242139466675, 189.3079199544102664 ) ) ;
#2910 = CARTESIAN_POINT ( 'NONE',  ( -27.36924015552883560, 39.07994312983822027, 213.0211069765071272 ) ) ;
#2911 = LINE ( 'NONE', #910, #5714 ) ;
#2912 = ORIENTED_EDGE ( 'NONE', *, *, #5537, .T. ) ;
#2913 = CARTESIAN_POINT ( 'NONE',  ( -1.878238518609093521, 8.033333812045590605, -35.84821112819088995 ) ) ;
#2914 = CARTESIAN_POINT ( 'NONE',  ( 48.65102702312101712, 27.30070951819277880, 143.8583555455623753 ) ) ;
#2915 = DIRECTION ( 'NONE',  ( -1.000000000000000000, 0.000000000000000000, -0.000000000000000000 ) ) ;
#2916 = CARTESIAN_POINT ( 'NONE',  ( 0.3914261180994216272, 30.56813056230926762, 41.22671735786244795 ) ) ;
#2917 = CARTESIAN_POINT ( 'NONE',  ( -22.43300022799069282, 40.41762411290704193, 225.5680443277166773 ) ) ;
#2918 = CARTESIAN_POINT ( 'NONE',  ( 5.966662445441321516, 42.86056831700848591, 161.6977400310337032 ) ) ;
#2919 = CARTESIAN_POINT ( 'NONE',  ( 3.066662445442850604, 43.88810929512120396, 200.7238417838993882 ) ) ;
#2920 = CARTESIAN_POINT ( 'NONE',  ( 0.000000000000000000, 38.87860893774676185, 331.9800661568619944 ) ) ;
#2921 = CARTESIAN_POINT ( 'NONE',  ( -0.1950412008360447036, 37.71161921540779360, 83.61888903634012138 ) ) ;
#2922 = DIRECTION ( 'NONE',  ( 1.000000000000000000, 0.000000000000000000, 0.000000000000000000 ) ) ;
#2923 = PLANE ( 'NONE',  #675 ) ;
#2924 = CARTESIAN_POINT ( 'NONE',  ( 150.0000000000005116, -2.468752498710066856, 425.1262764251987392 ) ) ;
#2925 = CARTESIAN_POINT ( 'NONE',  ( -3.238921087026663592, 30.96738888271204004, 46.17299084288200817 ) ) ;
#2926 = FACE_OUTER_BOUND ( 'NONE', #4306, .T. ) ;
#2927 = EDGE_CURVE ( 'NONE', #4307, #253, #821, .T. ) ;
#2928 = CARTESIAN_POINT ( 'NONE',  ( -0.8666741317026296354, 31.46901978515835552, 29.51441602890792737 ) ) ;
#2929 = CARTESIAN_POINT ( 'NONE',  ( -36.36941963161082469, 35.68589031833932523, 186.7975523094604569 ) ) ;
#2930 = EDGE_CURVE ( 'NONE', #4231, #5437, #779, .T. ) ;
#2931 = CARTESIAN_POINT ( 'NONE',  ( 2.562135029725942648, 31.84288903619564337, 49.98445543630543852 ) ) ;
#2932 = CARTESIAN_POINT ( 'NONE',  ( -0.2943612489102046537, 46.84393055153724106, 208.4485850156315792 ) ) ;
#2933 = CARTESIAN_POINT ( 'NONE',  ( -1.536255518351238303, 46.03229346627335872, 252.4759691116221347 ) ) ;
#2934 = CARTESIAN_POINT ( 'NONE',  ( -6.487160277154800703, 19.72214760585052673, 443.3057579004467357 ) ) ;
#2935 = CARTESIAN_POINT ( 'NONE',  ( 45.95965009189017536, 31.16272714924198439, 125.6496688811247253 ) ) ;
#2936 = CARTESIAN_POINT ( 'NONE',  ( -20.97229702865632106, 24.83541990325049298, 40.43354771491713961 ) ) ;
#2937 = CARTESIAN_POINT ( 'NONE',  ( 0.000000000000000000, 0.000000000000000000, 0.000000000000000000 ) ) ;
#2938 = CARTESIAN_POINT ( 'NONE',  ( 0.4362199267309621598, 44.30603211663226659, 191.8872061873827306 ) ) ;
#2939 = CARTESIAN_POINT ( 'NONE',  ( 0.7173949448069911750, -1.055981849285397622, 529.3660285409472408 ) ) ;
#2940 = CARTESIAN_POINT ( 'NONE',  ( -4.967022318603977915, 39.92257075517186848, 110.5604354879534839 ) ) ;
#2941 = CARTESIAN_POINT ( 'NONE',  ( 7.192754217908762904, -10.02745025890519770, 556.6295491338239572 ) ) ;
#2942 = EDGE_LOOP ( 'NONE', ( #8021, #2200, #75 ) ) ;
#2943 = CARTESIAN_POINT ( 'NONE',  ( -39.68612830037004358, 33.21599336518838896, 157.9119102165158779 ) ) ;
#2944 = CARTESIAN_POINT ( 'NONE',  ( -77.40947463289504071, 21.01930611802427151, 121.3389839466043583 ) ) ;
#2945 = CARTESIAN_POINT ( 'NONE',  ( -2.982758472624786883, 46.64510054777562686, 189.7878266790975772 ) ) ;
#2946 = CARTESIAN_POINT ( 'NONE',  ( -36.51043905184170768, 35.57930988655755300, 208.7297388326495025 ) ) ;
#2947 = CARTESIAN_POINT ( 'NONE',  ( -1.676507941506811594, 36.02744328790266337, 354.3090623948346547 ) ) ;
#2948 = EDGE_LOOP ( 'NONE', ( #4076, #3614, #4968, #7648 ) ) ;
#2949 = CARTESIAN_POINT ( 'NONE',  ( 20.22941438694733662, 36.35107152157859645, 108.4410415280602820 ) ) ;
#2950 = SURFACE_STYLE_USAGE ( .BOTH. , #4056 ) ;
#2951 = CARTESIAN_POINT ( 'NONE',  ( -4.144407140083289143, 30.02825860342468189, 42.12142796581873228 ) ) ;
#2952 = LINE ( 'NONE', #5422, #7143 ) ;
#2953 = DIRECTION ( 'NONE',  ( 1.000000000000000000, 0.000000000000000000, 0.000000000000000000 ) ) ;
#2954 = CARTESIAN_POINT ( 'NONE',  ( 42.60652105880237173, 30.35201058883452419, 345.2738653162223272 ) ) ;
#2955 = CARTESIAN_POINT ( 'NONE',  ( 6.072119544768692201, 35.67276839380549092, 76.93157262173671995 ) ) ;
#2956 = CARTESIAN_POINT ( 'NONE',  ( 1.033572846384001931, 43.86454619651004094, 215.0330035964746855 ) ) ;
#2957 = CARTESIAN_POINT ( 'NONE',  ( -2.194752706739981907, -9.508866867582225879, 557.5849067725088162 ) ) ;
#2958 = CARTESIAN_POINT ( 'NONE',  ( 0.1555697042094503768, 44.17398764912311293, 187.8683353890677665 ) ) ;
#2959 = DIRECTION ( 'NONE',  ( -1.000000000000000000, 8.372382998680531115E-17, -4.383809548563549703E-19 ) ) ;
#2960 = CARTESIAN_POINT ( 'NONE',  ( 1.825295035117260989, 20.79892886237578864, -7.076416356319450429 ) ) ;
#2961 =( NAMED_UNIT ( * ) PLANE_ANGLE_UNIT ( ) SI_UNIT ( $, .RADIAN. ) );
#2962 = CARTESIAN_POINT ( 'NONE',  ( -2.558717127065790464E-14, 110.3999999999999773, 208.4485850156316360 ) ) ;
#2964 = VERTEX_POINT ( 'NONE', #7015 ) ;
#2963 = CARTESIAN_POINT ( 'NONE',  ( -1.825295035117260989, 20.79892886237578864, -7.076416356319450429 ) ) ;
#2965 = CARTESIAN_POINT ( 'NONE',  ( 5.690684738190576297, 29.84331818078390341, 42.82287351021120259 ) ) ;
#2966 = EDGE_CURVE ( 'NONE', #485, #2979, #4773, .T. ) ;
#2967 = CARTESIAN_POINT ( 'NONE',  ( -49.16176366489245453, 32.88963370336595915, 183.6080041517475081 ) ) ;
#2968 = VECTOR ( 'NONE', #4797, 1000.000000000000000 ) ;
#2969 = CARTESIAN_POINT ( 'NONE',  ( 149.9999999999998010, 15.67153765998659942, 312.2062866230721170 ) ) ;
#2970 = CARTESIAN_POINT ( 'NONE',  ( 1.717673231772173903, 23.13963299835682719, 429.9848877918320227 ) ) ;
#2971 = CARTESIAN_POINT ( 'NONE',  ( 0.000000000000000000, 0.000000000000000000, 125.6496688811247253 ) ) ;
#2972 = CARTESIAN_POINT ( 'NONE',  ( 0.3497922835279799747, 47.56836044304523625, 187.2654956256096455 ) ) ;
#2973 = CARTESIAN_POINT ( 'NONE',  ( 5.979446887032929148, 42.84865257448290521, 158.6977612984643429 ) ) ;
#2974 = CARTESIAN_POINT ( 'NONE',  ( -0.6700567196970291794, 44.20243510341874327, 192.0297347447348386 ) ) ;
#2975 = CARTESIAN_POINT ( 'NONE',  ( -2.554997525492479937, -7.414538782993829180, 550.3635908939758110 ) ) ;
#2976 = CARTESIAN_POINT ( 'NONE',  ( -5.971161094532574154, 39.78741193560367151, 111.0398630631434571 ) ) ;
#2977 = AXIS2_PLACEMENT_3D ( 'NONE', #7040, #5865, #310 ) ;
#2978 = CARTESIAN_POINT ( 'NONE',  ( 60.00892403416684573, -10.87759879526569584, 448.8723920580213189 ) ) ;
#2979 = VERTEX_POINT ( 'NONE', #5800 ) ;
#2980 = CARTESIAN_POINT ( 'NONE',  ( 0.6225177170263019866, 40.57553410659205184, 109.1433329366741845 ) ) ;
#2981 = CARTESIAN_POINT ( 'NONE',  ( -54.00102207192544768, 15.29528807115969968, 241.2492155879526479 ) ) ;
#2982 = ADVANCED_FACE ( 'NONE', ( #5176 ), #6318, .F. ) ;
#2983 = VECTOR ( 'NONE', #3840, 1000.000000000000000 ) ;
#2984 = VECTOR ( 'NONE', #3758, 1000.000000000000000 ) ;
#2985 = B_SPLINE_CURVE_WITH_KNOTS ( 'NONE', 3,
 ( #2446, #4992, #5566, #6818, #6178, #5030 ),
 .UNSPECIFIED., .F., .F.,
 ( 4, 2, 4 ),
 ( 0.07835304907638580840, 0.08819317195026704637, 0.09803329482414828433 ),
 .UNSPECIFIED. ) ;
#2986 = CARTESIAN_POINT ( 'NONE',  ( -43.13952530005918362, 32.47809387523883373, 202.3870698862610311 ) ) ;
#2987 = CARTESIAN_POINT ( 'NONE',  ( -47.31906922256365533, 16.80001900358779210, 316.1413866361843361 ) ) ;
#2988 = CIRCLE ( 'NONE', #4034, 1.000000000000000888 ) ;
#2989 = AXIS2_PLACEMENT_3D ( 'NONE', #3688, #6852, #5682 ) ;
#2991 = ORIENTED_EDGE ( 'NONE', *, *, #6145, .T. ) ;
#2990 = CARTESIAN_POINT ( 'NONE',  ( 0.8913914071962547592, 40.44627836042493385, 109.2920910452585446 ) ) ;
#2992 = FACE_OUTER_BOUND ( 'NONE', #7719, .T. ) ;
#2993 = CARTESIAN_POINT ( 'NONE',  ( 12.24542331509240611, 10.79387684120225543, -23.56345594219629547 ) ) ;
#2994 = CARTESIAN_POINT ( 'NONE',  ( 20.79605534202208261, 34.88074639640734631, 97.00564384254009553 ) ) ;
#2995 = DIRECTION ( 'NONE',  ( -1.000000000000000000, 0.000000000000000000, 0.000000000000000000 ) ) ;
#2996 = CARTESIAN_POINT ( 'NONE',  ( -26.66373752841835909, 28.41140025079545239, 67.29730260276804188 ) ) ;
#2997 = CARTESIAN_POINT ( 'NONE',  ( -3.732329755606725641, 47.23383139352144156, 190.4602416727404943 ) ) ;
#2998 = CARTESIAN_POINT ( 'NONE',  ( -2.081801094774740513, 47.31351169567452075, 207.8944598825520416 ) ) ;
#2999 = CARTESIAN_POINT ( 'NONE',  ( -0.4709684984625378545, 40.21920836791927201, 320.0003648965263210 ) ) ;
#3000 = CARTESIAN_POINT ( 'NONE',  ( 11.05573617485804050, 34.99564116420955884, 79.67652968388242130 ) ) ;
#3001 = CARTESIAN_POINT ( 'NONE',  ( -43.95965009189017536, 30.33988575092048379, 128.6496688811247111 ) ) ;
#3002 = CARTESIAN_POINT ( 'NONE',  ( -1.459071100982355595, -7.213087860121786932, 550.1242434627826015 ) ) ;
#3003 = DIRECTION ( 'NONE',  ( 0.000000000000000000, -1.000000000000000000, 0.000000000000000000 ) ) ;
#3004 = CARTESIAN_POINT ( 'NONE',  ( 1.302772089559710356, 46.74748252048976838, 208.3165941176586671 ) ) ;
#3006 = ORIENTED_EDGE ( 'NONE', *, *, #1562, .T. ) ;
#3005 = CARTESIAN_POINT ( 'NONE',  ( -1.866611727019490408, 11.87816490467868569, -28.42495731499281675 ) ) ;
#3007 = CARTESIAN_POINT ( 'NONE',  ( 6.848430186759308924, 29.70163159211368509, 43.44560396663988655 ) ) ;
#3008 = CARTESIAN_POINT ( 'NONE',  ( 5.552931951528575105, 41.76666801463584022, 134.7183559850048198 ) ) ;
#3009 = CARTESIAN_POINT ( 'NONE',  ( -0.1695364691191940942, 47.45570544020904435, 209.0583716730842809 ) ) ;
#3010 = CARTESIAN_POINT ( 'NONE',  ( -1.625096845062358186, 47.14373364252509901, 228.9144459501762299 ) ) ;
#3011 = CARTESIAN_POINT ( 'NONE',  ( -37.43434600815625402, 3.497723437920143397, 446.0507749091595429 ) ) ;
#3012 = CARTESIAN_POINT ( 'NONE',  ( 45.15153894213263186, 30.63808022034036327, 116.1889568543980573 ) ) ;
#3013 = CARTESIAN_POINT ( 'NONE',  ( -2.558717127065790464E-14, 44.06772692158087068, 208.4485850156316360 ) ) ;
#3014 = EDGE_CURVE ( 'NONE', #3831, #7119, #3233, .T. ) ;
#3015 = CARTESIAN_POINT ( 'NONE',  ( -43.95965009189017536, 30.33988575092048379, 128.6496688811247111 ) ) ;
#3016 = CARTESIAN_POINT ( 'NONE',  ( -7.189961064043363770, -9.266056063442162483, 554.1745012121198215 ) ) ;
#3017 = CARTESIAN_POINT ( 'NONE',  ( 0.2500445334447075063, 39.68366722699612126, 100.6875473051662055 ) ) ;
#3018 = CARTESIAN_POINT ( 'NONE',  ( -37.48685809829106574, 25.78194482484485661, 59.87097989812706800 ) ) ;
#3019 = ORIENTED_EDGE ( 'NONE', *, *, #4127, .T. ) ;
#3020 = CARTESIAN_POINT ( 'NONE',  ( -5.719241842749829274, 40.89736721801737218, 122.8278237590609052 ) ) ;
#3021 = ORIENTED_EDGE ( 'NONE', *, *, #4909, .F. ) ;
#3022 = CARTESIAN_POINT ( 'NONE',  ( -20.62407662905724592, 42.79110105320698665, 140.4219543533417607 ) ) ;
#3023 = DIRECTION ( 'NONE',  ( -0.000000000000000000, -0.000000000000000000, 1.000000000000000000 ) ) ;
#3024 = ADVANCED_FACE ( 'NONE', ( #208 ), #6027, .T. ) ;
#3025 = CARTESIAN_POINT ( 'NONE',  ( -30.15246705693399321, 38.12048396349433688, 212.0986777313250116 ) ) ;
#3026 = EDGE_CURVE ( 'NONE', #7052, #4726, #1271, .T. ) ;
#3028 = ORIENTED_EDGE ( 'NONE', *, *, #2873, .T. ) ;
#3027 = CARTESIAN_POINT ( 'NONE',  ( 38.58855260134024689, 32.85357610877778711, 143.9950898149016041 ) ) ;
#3029 = CARTESIAN_POINT ( 'NONE',  ( -1.849534121738633852, 16.21802295602805799, -18.86953178114389829 ) ) ;
#3030 = FACE_OUTER_BOUND ( 'NONE', #6311, .T. ) ;
#3031 = CARTESIAN_POINT ( 'NONE',  ( -8.966662445441672347, 43.18783216155693339, 188.1261572865645064 ) ) ;
#3032 = CARTESIAN_POINT ( 'NONE',  ( -44.10902019908935046, 23.35222220576594410, 87.52281328873111477 ) ) ;
#3033 = CARTESIAN_POINT ( 'NONE',  ( 19.57372214606865057, 41.22380910052544323, 214.0493121098461700 ) ) ;
#3034 = CARTESIAN_POINT ( 'NONE',  ( -3.471886863629905395, 41.48876817582650034, 127.0221465585570115 ) ) ;
#3035 = CARTESIAN_POINT ( 'NONE',  ( 150.0000000000000000, 15.08964599839784171, 317.3683508197350989 ) ) ;
#3036 = CARTESIAN_POINT ( 'NONE',  ( -0.01821270725319525802, 37.68935146070640485, 83.61725801249268386 ) ) ;
#3037 = CARTESIAN_POINT ( 'NONE',  ( 5.190484933164281500, 43.47175173230601075, 216.3047063373569472 ) ) ;
#3038 = ORIENTED_EDGE ( 'NONE', *, *, #6099, .F. ) ;
#3039 = CARTESIAN_POINT ( 'NONE',  ( 7.500000000000011546, 27.71448550444515746, 35.45677773107467345 ) ) ;
#3040 = CARTESIAN_POINT ( 'NONE',  ( 0.3873768681037053629, 44.03157203111737772, 168.5695492478749316 ) ) ;
#3041 = CARTESIAN_POINT ( 'NONE',  ( 9.620743624274640027, -11.03377133881076233, 549.8478901275921089 ) ) ;
#3042 = CARTESIAN_POINT ( 'NONE',  ( 2.063807534392926968, 46.84802417386053719, 207.9293656221694562 ) ) ;
#3043 = CARTESIAN_POINT ( 'NONE',  ( 0.8060764416218137995, 46.79637530971888282, 208.4317521061554714 ) ) ;
#3044 = CARTESIAN_POINT ( 'NONE',  ( -45.15153894213263186, 30.63808022034036327, 116.1889568543980573 ) ) ;
#3046 = EDGE_LOOP ( 'NONE', ( #2151, #1012, #4661, #1105 ) ) ;
#3045 = CARTESIAN_POINT ( 'NONE',  ( 11.55383968865741373, 26.93463575382700270, 21.23557846822262718 ) ) ;
#3047 = CARTESIAN_POINT ( 'NONE',  ( 0.4991885498586111636, 32.09249067548580570, 49.65405121101265706 ) ) ;
#3048 = ORIENTED_EDGE ( 'NONE', *, *, #4365, .F. ) ;
#3049 = CARTESIAN_POINT ( 'NONE',  ( 0.6765753719384544063, 44.06016917596954841, 180.3581439690798049 ) ) ;
#3050 = CARTESIAN_POINT ( 'NONE',  ( 49.09519158504857472, 29.28804536087856292, 191.3047948639342053 ) ) ;
#3051 = CARTESIAN_POINT ( 'NONE',  ( -5.464759468020171873, 43.50509757435047220, 212.6617321076849976 ) ) ;
#3052 = CARTESIAN_POINT ( 'NONE',  ( -0.4745308580082530092, 42.53815482386927016, 298.1606671052002184 ) ) ;
#3053 = CARTESIAN_POINT ( 'NONE',  ( 1.463168471159988160, -9.541087452738985064, 557.6191052689168828 ) ) ;
#3054 = CARTESIAN_POINT ( 'NONE',  ( -44.19389182603823230, 32.17940991490021219, 125.6496688811246969 ) ) ;
#3055 = CARTESIAN_POINT ( 'NONE',  ( -0.000000000000000000, -10.00000000000000000, -61.05776287854492068 ) ) ;
#3056 = CYLINDRICAL_SURFACE ( 'NONE', #3098, 3.000000000000061728 ) ;
#3057 = CARTESIAN_POINT ( 'NONE',  ( -9.706193483868752026, -6.012392168603122755, 533.3392366149785175 ) ) ;
#3058 = CARTESIAN_POINT ( 'NONE',  ( 0.1211482060688259393, 39.66758895926226813, 100.6871890136440868 ) ) ;
#3059 = CARTESIAN_POINT ( 'NONE',  ( -21.78611019057491305, 28.35662584930826924, 40.97867392638860906 ) ) ;
#3060 = ORIENTED_EDGE ( 'NONE', *, *, #1810, .F. ) ;
#3061 = CARTESIAN_POINT ( 'NONE',  ( -52.45202284805125004, 26.35000726144784977, 167.4952659845804988 ) ) ;
#3062 = ORIENTED_EDGE ( 'NONE', *, *, #3472, .T. ) ;
#3063 = CARTESIAN_POINT ( 'NONE',  ( -71.97024598150451880, 26.91823370465814236, 148.0993287817699979 ) ) ;
#3064 = CARTESIAN_POINT ( 'NONE',  ( -2.932303270153285624, 46.65093396009445570, 189.6220814850905185 ) ) ;
#3065 = ORIENTED_EDGE ( 'NONE', *, *, #613, .T. ) ;
#3066 = CARTESIAN_POINT ( 'NONE',  ( -150.0000000000000000, 14.77013292611521500, 320.0000541252218227 ) ) ;
#3067 = VERTEX_POINT ( 'NONE', #127 ) ;
#3068 = ADVANCED_FACE ( 'NONE', ( #3686 ), #1190, .F. ) ;
#3069 = CARTESIAN_POINT ( 'NONE',  ( -3.732426945970975574, 47.23294504281854245, 190.2482966605806212 ) ) ;
#3070 = CARTESIAN_POINT ( 'NONE',  ( -1.733348263405259271, 31.56952604277959296, 29.57366796039476498 ) ) ;
#3071 = CARTESIAN_POINT ( 'NONE',  ( 2.558717127065790464E-14, 44.06772692158087068, 208.4485850156316360 ) ) ;
#3072 = CARTESIAN_POINT ( 'NONE',  ( -38.29224945306131644, 24.69816985774232876, 75.52085366424485358 ) ) ;
#3073 = CARTESIAN_POINT ( 'NONE',  ( 2.558717127065790464E-14, 46.86728270824515619, 208.4485850156316360 ) ) ;
#3074 = FACE_OUTER_BOUND ( 'NONE', #2047, .T. ) ;
#3075 = CARTESIAN_POINT ( 'NONE',  ( -1.240397304842907111, 17.08031719385537528, 458.4040238591230150 ) ) ;
#3076 = CARTESIAN_POINT ( 'NONE',  ( 37.36584251496854847, 31.80390769688629149, 124.9771673645964398 ) ) ;
#3077 = CARTESIAN_POINT ( 'NONE',  ( 49.06417272001105800, 29.16463068100256706, 187.6998463610378280 ) ) ;
#3078 = CARTESIAN_POINT ( 'NONE',  ( 3.066662445442872365, 46.58797009215936669, 205.8542147485813985 ) ) ;
#3079 = DIRECTION ( 'NONE',  ( 0.000000000000000000, 0.000000000000000000, -1.000000000000000000 ) ) ;
#3080 = CARTESIAN_POINT ( 'NONE',  ( 8.966662445441924589, 140.7522993944396603, 212.3858772881615096 ) ) ;
#3081 = CARTESIAN_POINT ( 'NONE',  ( -42.95965009189016826, 30.33988575092048379, 128.6496688811247111 ) ) ;
#3082 = CARTESIAN_POINT ( 'NONE',  ( 39.83570236460562342, 15.00000000000000000, 69.16083407968430663 ) ) ;
#3084 = EDGE_LOOP ( 'NONE', ( #4092, #6873 ) ) ;
#3083 = CARTESIAN_POINT ( 'NONE',  ( 63.98600082019655133, 32.47793740598321932, 184.0516963749373076 ) ) ;
#3085 = CARTESIAN_POINT ( 'NONE',  ( 17.26382829946165742, 28.31691626591205946, 50.42030003464809340 ) ) ;
#3086 = ORIENTED_EDGE ( 'NONE', *, *, #115, .T. ) ;
#3087 = CARTESIAN_POINT ( 'NONE',  ( 27.17036126498120296, 39.23288071440231306, 208.2550598232024299 ) ) ;
#3088 = CARTESIAN_POINT ( 'NONE',  ( -0.06613039311130525233, 42.45591381633114025, 133.0723710565104909 ) ) ;
#3089 = CARTESIAN_POINT ( 'NONE',  ( 18.48859690428658453, 39.69617482154153976, 142.6763467765686357 ) ) ;
#3090 = CARTESIAN_POINT ( 'NONE',  ( 149.9999999999999432, 13.01685150340217767, 333.3876767047953535 ) ) ;
#3091 = CARTESIAN_POINT ( 'NONE',  ( -2.541794483188228870, -4.806876550188804664, 541.7585835155889527 ) ) ;
#3092 = CARTESIAN_POINT ( 'NONE',  ( 8.538092108323341107E-15, 40.91615987813482036, 112.4757386439159035 ) ) ;
#3093 = CARTESIAN_POINT ( 'NONE',  ( -0.000000000000000000, -14.90059978858783118, -66.09690123838019815 ) ) ;
#3094 = CARTESIAN_POINT ( 'NONE',  ( 3.520946555146675649E-14, 43.96472117872452401, 214.0493121098461415 ) ) ;
#3095 = CARTESIAN_POINT ( 'NONE',  ( -5.858275496615892308, 37.99190515529483037, 93.89655869117495968 ) ) ;
#3096 = CARTESIAN_POINT ( 'NONE',  ( -25.62762715248674539, 27.57834263459453084, 43.76297563887813880 ) ) ;
#3097 = ORIENTED_EDGE ( 'NONE', *, *, #1254, .F. ) ;
#3098 = AXIS2_PLACEMENT_3D ( 'NONE', #6747, #1208, #4240 ) ;
#3099 = CARTESIAN_POINT ( 'NONE',  ( -47.53717885025554324, 28.62203303062896254, 152.7075399503516735 ) ) ;
#3100 = CARTESIAN_POINT ( 'NONE',  ( 0.5768058027885383243, 47.66852144650732015, 205.0091658014256382 ) ) ;
#3101 = CARTESIAN_POINT ( 'NONE',  ( -0.1730462602384160442, 47.58811184222839330, 187.8683353891092054 ) ) ;
#3102 = FACE_OUTER_BOUND ( 'NONE', #1386, .T. ) ;
#3103 = CARTESIAN_POINT ( 'NONE',  ( 0.000000000000000000, 42.53272745866301818, 298.2006047040866861 ) ) ;
#3104 = ORIENTED_EDGE ( 'NONE', *, *, #6648, .T. ) ;
#3105 = CIRCLE ( 'NONE', #7669, 1.000000000000000222 ) ;
#3106 = CARTESIAN_POINT ( 'NONE',  ( -12.51122854236293591, -10.32226976056000467, -55.36644004333045643 ) ) ;
#3107 = AXIS2_PLACEMENT_3D ( 'NONE', #2508, #7468, #5589 ) ;
#3108 = CARTESIAN_POINT ( 'NONE',  ( 55.14185912003974011, 11.14502422987850849, 230.0543043816361433 ) ) ;
#3109 = FACE_OUTER_BOUND ( 'NONE', #4932, .T. ) ;
#3110 = CARTESIAN_POINT ( 'NONE',  ( 0.000000000000000000, 31.66512795048258866, 47.15714463483438834 ) ) ;
#3111 = CARTESIAN_POINT ( 'NONE',  ( -41.75625181820811349, 22.36773020115406396, 74.37411450805639390 ) ) ;
#3112 = CARTESIAN_POINT ( 'NONE',  ( 5.464712794159184206, 43.66157527741481914, 195.3590793523302693 ) ) ;
#3113 = AXIS2_PLACEMENT_3D ( 'NONE', #3420, #4605, #7075 ) ;
#3114 = ADVANCED_FACE ( 'NONE', ( #6128 ), #4864, .T. ) ;
#3115 = DIRECTION ( 'NONE',  ( 0.000000000000000000, 0.000000000000000000, -1.000000000000000000 ) ) ;
#3116 = VECTOR ( 'NONE', #2727, 1000.000000000000000 ) ;
#3117 = CARTESIAN_POINT ( 'NONE',  ( -1.287102454013295816, 13.83400975319627690, 472.5008445009838169 ) ) ;
#3118 = CARTESIAN_POINT ( 'NONE',  ( 3.049426060918978720, 38.36099301073185330, 92.70099350839305430 ) ) ;
#3119 = CARTESIAN_POINT ( 'NONE',  ( 43.72303996828004813, 32.18397839041368513, 201.5943923718121198 ) ) ;
#3120 = SURFACE_STYLE_FILL_AREA ( #661 ) ;
#3121 = CARTESIAN_POINT ( 'NONE',  ( -5.966662445441326845, 42.85055069676063511, 158.6977513598284588 ) ) ;
#3122 = CARTESIAN_POINT ( 'NONE',  ( 3.066662445442872365, 46.84802417386053719, 205.8542147485813985 ) ) ;
#3123 = CARTESIAN_POINT ( 'NONE',  ( 0.4164714735852811378, 33.83781692868713264, 58.10638984904377935 ) ) ;
#3124 = CARTESIAN_POINT ( 'NONE',  ( -4.854932565542712020, 43.50684542222291640, 216.1811155008562935 ) ) ;
#3125 = DIRECTION ( 'NONE',  ( 4.625889789246540286E-14, 0.004131457469624942071, 0.9999914654931694180 ) ) ;
#3126 = EDGE_CURVE ( 'NONE', #7052, #6751, #7198, .T. ) ;
#3127 = CARTESIAN_POINT ( 'NONE',  ( 14.03133231831305494, 39.42462093850586768, 125.6496688811246401 ) ) ;
#3129 = VERTEX_POINT ( 'NONE', #3039 ) ;
#3128 = CARTESIAN_POINT ( 'NONE',  ( 25.25810368633090164, 30.80518904790463353, 56.02471470947404697 ) ) ;
#3130 = CARTESIAN_POINT ( 'NONE',  ( 45.93540797756305949, 24.13656684595811797, 100.6578184848044089 ) ) ;
#3131 = ORIENTED_EDGE ( 'NONE', *, *, #1116, .F. ) ;
#3132 = ADVANCED_FACE ( 'NONE', ( #1230 ), #7350, .F. ) ;
#3133 = CARTESIAN_POINT ( 'NONE',  ( 1.811250222719423375, 44.09021383283478457, 192.2764104317311933 ) ) ;
#3134 = CARTESIAN_POINT ( 'NONE',  ( 2.815034135805344118, 47.32930747464490651, 189.3366871126799822 ) ) ;
#3135 = CARTESIAN_POINT ( 'NONE',  ( 149.9999999999995737, 11.19476107030966361, 345.2779431210030907 ) ) ;
#3136 = CARTESIAN_POINT ( 'NONE',  ( -2.463040405063526617, 2.764101418705058322, 515.2409785199594126 ) ) ;
#3137 = B_SPLINE_CURVE_WITH_KNOTS ( 'NONE', 3,
 ( #7688, #3411, #6418, #2055 ),
 .UNSPECIFIED., .F., .F.,
 ( 4, 4 ),
 ( 8.673617379884035472E-18, 3.877375689703565787E-05 ),
 .UNSPECIFIED. ) ;
#3138 = CARTESIAN_POINT ( 'NONE',  ( -1.203464411458909448E-14, 39.63768562699516451, 99.33278005662394605 ) ) ;
#3139 = CARTESIAN_POINT ( 'NONE',  ( -87.29032237503307101, -21.66930983638621200, 38.08868808560211505 ) ) ;
#3140 = CARTESIAN_POINT ( 'NONE',  ( -44.41188465525987539, 31.21514816738373099, 106.8014500770796786 ) ) ;
#3141 = CARTESIAN_POINT ( 'NONE',  ( -9.620743624274640027, -11.03377133881076233, 549.8478901275921089 ) ) ;
#3142 = CARTESIAN_POINT ( 'NONE',  ( -3.049426060918978720, 38.36099301073185330, 92.70099350839305430 ) ) ;
#3143 = CARTESIAN_POINT ( 'NONE',  ( 0.000000000000000000, 45.30957078689160511, 125.6496679993297505 ) ) ;
#3144 = ORIENTED_EDGE ( 'NONE', *, *, #4573, .F. ) ;
#3145 = CARTESIAN_POINT ( 'NONE',  ( -1.282659695915804976, 39.20787412118750126, 97.27805342815713630 ) ) ;
#3146 = CARTESIAN_POINT ( 'NONE',  ( -50.07172804542855005, 20.26724883329845284, 270.0327580235693290 ) ) ;
#3147 = CARTESIAN_POINT ( 'NONE',  ( -2.932644095182763699, 46.65089421507238399, 189.6232061917945373 ) ) ;
#3148 = CARTESIAN_POINT ( 'NONE',  ( -1.343298410394741627, 47.36144678047762113, 208.9562128835996475 ) ) ;
#3149 = CARTESIAN_POINT ( 'NONE',  ( -6.132859819528112766, 28.43009116092171595, 399.5846028973078319 ) ) ;
#3150 = CARTESIAN_POINT ( 'NONE',  ( 0.3610737954527580840, 41.87557515096076344, 126.2785048643009844 ) ) ;
#3151 = CARTESIAN_POINT ( 'NONE',  ( -0.000000000000000000, -14.90059978858783118, -66.09690123838019815 ) ) ;
#3152 = CARTESIAN_POINT ( 'NONE',  ( -2.650316221447130527, 28.51110833786872334, 17.25647961524052931 ) ) ;
#3153 = DIRECTION ( 'NONE',  ( -8.372497766808339307E-17, 0.9999862922474268556, -0.005235963831417928156 ) ) ;
#3154 = DIRECTION ( 'NONE',  ( 0.000000000000000000, 0.000000000000000000, -1.000000000000000000 ) ) ;
#3155 = CARTESIAN_POINT ( 'NONE',  ( 0.003289816202865658828, 26.57204200211326395, 24.52796821898353485 ) ) ;
#3156 = CARTESIAN_POINT ( 'NONE',  ( -44.28201645688194077, 26.06406251456914447, 106.7409768573305371 ) ) ;
#3157 = CARTESIAN_POINT ( 'NONE',  ( 0.8232861172484648993, 37.52274279518023548, 58.77084347987265289 ) ) ;
#3158 = CARTESIAN_POINT ( 'NONE',  ( 22.46758908954234712, 38.40544402536630031, 139.0865530859765613 ) ) ;
#3159 = CARTESIAN_POINT ( 'NONE',  ( -6.684477020422246341, 41.06389978155379339, 128.4455484078435177 ) ) ;
#3160 = CARTESIAN_POINT ( 'NONE',  ( 6.487160277154800703, 19.72214760585052673, 443.3057579004467357 ) ) ;
#3161 = CARTESIAN_POINT ( 'NONE',  ( 6.554056582153574340, 37.89810180486042412, 94.24574089301256663 ) ) ;
#3162 = CARTESIAN_POINT ( 'NONE',  ( 0.000000000000000000, 42.84486042551422713, 158.6977811542913344 ) ) ;
#3163 = CARTESIAN_POINT ( 'NONE',  ( -3.982214864126596421, 43.14518414915529121, 158.6962086485811199 ) ) ;
#3164 = CARTESIAN_POINT ( 'NONE',  ( 3.066662445442881690, 46.84802417386053719, 206.1940387255611995 ) ) ;
#3165 = CARTESIAN_POINT ( 'NONE',  ( -32.77308075012900446, 31.09296833489069911, 100.2447751858306191 ) ) ;
#3166 = DIRECTION ( 'NONE',  ( 0.000000000000000000, 0.000000000000000000, -1.000000000000000000 ) ) ;
#3167 = LINE ( 'NONE', #5643, #6092 ) ;
#3169 = ORIENTED_EDGE ( 'NONE', *, *, #6114, .T. ) ;
#3168 = CARTESIAN_POINT ( 'NONE',  ( 149.9999999999993463, 17.13590603533871715, 269.4952211729575993 ) ) ;
#3170 = CARTESIAN_POINT ( 'NONE',  ( 7.025013102056283820, 32.90758858832018063, 60.41319580045584559 ) ) ;
#3171 = CARTESIAN_POINT ( 'NONE',  ( 4.168541300569536645, 43.67962800610581553, 181.3681578294701637 ) ) ;
#3172 = CARTESIAN_POINT ( 'NONE',  ( -0.5674389945973644656, 43.70817808776150315, 156.7775956478615456 ) ) ;
#3173 = CARTESIAN_POINT ( 'NONE',  ( 0.003144096076362945785, 47.46931370350375090, 209.0584549859174217 ) ) ;
#3174 = ADVANCED_FACE ( 'NONE', ( #4901 ), #5679, .F. ) ;
#3175 = CARTESIAN_POINT ( 'NONE',  ( 47.69512756224418126, 13.92142524552201266, 338.3749908464645841 ) ) ;
#3176 = CARTESIAN_POINT ( 'NONE',  ( -150.0000000000005116, -2.468752498710066856, 425.1262764251987392 ) ) ;
#3177 = CARTESIAN_POINT ( 'NONE',  ( 8.966662445441944129, 43.11822529551508154, 210.9061484357024199 ) ) ;
#3178 = EDGE_CURVE ( 'NONE', #6637, #2964, #6737, .T. ) ;
#3179 = CARTESIAN_POINT ( 'NONE',  ( 1.546908944631368854, 47.34516280005131250, 208.8949607690099981 ) ) ;
#3180 = CARTESIAN_POINT ( 'NONE',  ( -60.00892403416684573, -10.87759879526569584, 448.8723920580213189 ) ) ;
#3181 = CARTESIAN_POINT ( 'NONE',  ( -6.899440396990593527, 37.85083214069913282, 94.42669645160714254 ) ) ;
#3182 = CARTESIAN_POINT ( 'NONE',  ( 0.5621248056561266582, 26.50734447391849713, 24.53196311754934200 ) ) ;
#3183 = ORIENTED_EDGE ( 'NONE', *, *, #1757, .F. ) ;
#3184 = CARTESIAN_POINT ( 'NONE',  ( -4.963882393765715051, 39.86478161728894776, 110.4875762844215927 ) ) ;
#3185 = CARTESIAN_POINT ( 'NONE',  ( 0.9490617160165060184, 42.54358218907552924, 298.1207295063137508 ) ) ;
#3186 = CARTESIAN_POINT ( 'NONE',  ( -1.933654648260686226, 47.31430325912668877, 208.7355669309950201 ) ) ;
#3187 = CARTESIAN_POINT ( 'NONE',  ( 0.5725577439240580047, 23.09808650977305433, 429.9216912165479130 ) ) ;
#3188 = ORIENTED_EDGE ( 'NONE', *, *, #559, .F. ) ;
#3189 = CARTESIAN_POINT ( 'NONE',  ( 4.963882393765715051, 39.86478161728894776, 110.4875762844215927 ) ) ;
#3190 = CARTESIAN_POINT ( 'NONE',  ( -12.37917598823336540, 4.075400731689930112, -36.12926134960945035 ) ) ;
#3191 = CARTESIAN_POINT ( 'NONE',  ( 0.000000000000000000, 43.71089409265118064, 105.2394046492437667 ) ) ;
#3192 = CARTESIAN_POINT ( 'NONE',  ( 0.1703117198986865699, 47.46562279059237710, 208.4485850156485185 ) ) ;
#3193 = PLANE ( 'NONE',  #5050 ) ;
#3194 = CARTESIAN_POINT ( 'NONE',  ( -0.3521520213161284940, 28.63346773284234459, 32.81581942396110207 ) ) ;
#3195 = MANIFOLD_SOLID_BREP ( 'Zapas-PRINT 2025 — pins-1', #5958 ) ;
#3196 = CARTESIAN_POINT ( 'NONE',  ( -2.165410652659293333, 41.65417048346931495, 126.5894132244089150 ) ) ;
#3197 = CARTESIAN_POINT ( 'NONE',  ( -0.6656520313713912840, 10.37720417455050104, 486.6216067975119017 ) ) ;
#3198 = CARTESIAN_POINT ( 'NONE',  ( 13.19411633330861200, 36.94346680097690694, 98.06608232352509447 ) ) ;
#3199 = PLANE ( 'NONE',  #11 ) ;
#3200 = CARTESIAN_POINT ( 'NONE',  ( 0.4666624454429739166, 110.3999999999999773, 208.4485850156316360 ) ) ;
#3201 = CARTESIAN_POINT ( 'NONE',  ( 43.95965009189017536, 30.33988575092048379, 128.6496688811247111 ) ) ;
#3202 = CARTESIAN_POINT ( 'NONE',  ( 0.4666624454429739166, 43.81174109905075653, 208.4485850156316360 ) ) ;
#3203 = CARTESIAN_POINT ( 'NONE',  ( -21.10646816383503577, 33.43509041058893416, 86.93928269276004528 ) ) ;
#3204 = CARTESIAN_POINT ( 'NONE',  ( -5.850552095208037429, 43.39957485111901292, 216.5567467153776136 ) ) ;
#3205 = ADVANCED_BREP_SHAPE_REPRESENTATION ( 'HATCH FRONT', ( #3195, #5847, #227, #5554, #6237 ), #1725 ) ;
#3206 = DIRECTION ( 'NONE',  ( 0.000000000000000000, -1.000000000000000000, 0.000000000000000000 ) ) ;
#3207 = PLANE ( 'NONE',  #6729 ) ;
#3209 = ORIENTED_EDGE ( 'NONE', *, *, #7567, .F. ) ;
#3208 = CARTESIAN_POINT ( 'NONE',  ( 52.53891573317806518, 18.24069168520677664, 252.3546242644533777 ) ) ;
#3210 = CARTESIAN_POINT ( 'NONE',  ( 34.42827942413789799, 26.93983908494116974, 77.41550286805475878 ) ) ;
#3211 = CARTESIAN_POINT ( 'NONE',  ( 5.670844760524749617, 43.50005719562575024, 181.9865804280521218 ) ) ;
#3212 = CARTESIAN_POINT ( 'NONE',  ( 0.6954082866474184943, 43.56771489846578049, 156.8908824466876695 ) ) ;
#3213 = CARTESIAN_POINT ( 'NONE',  ( 0.8679469414882249323, 47.52118765921337484, 187.8760694331416232 ) ) ;
#3214 = CARTESIAN_POINT ( 'NONE',  ( 42.82036082025610568, 32.84028577497314672, 328.7149750000689892 ) ) ;
#3215 = CARTESIAN_POINT ( 'NONE',  ( 0.7295355504911777977, -7.249700490246020479, 550.1677435810472616 ) ) ;
#3216 = CARTESIAN_POINT ( 'NONE',  ( 3.405473301714406098, 47.26307688894742398, 189.0383105071873331 ) ) ;
#3217 = B_SPLINE_SURFACE_WITH_KNOTS ( 'NONE', 3, 1, ( 
 ( #7439, #6904 ),
 ( #4474, #6133 ),
 ( #5516, #8005 ),
 ( #2441, #4905 ),
 ( #7396, #5814 ),
 ( #2762, #3251 ),
 ( #3332, #2137 ),
 ( #260, #3370 ),
 ( #792, #1439 ),
 ( #2685, #834 ) ),
 .UNSPECIFIED., .F., .F., .F.,
 ( 4, 2, 2, 2, 4 ),
 ( 2, 2 ),
 ( 0.000000000000000000, 0.2500000000000000000, 0.5000000000000000000, 0.7500000000000000000, 1.000000000000000000 ),
 ( 0.000000000000000000, 1.000000000000000000 ),
 .UNSPECIFIED. ) ;
#3218 = DIRECTION ( 'NONE',  ( 1.000000000000000000, 8.372382998680531115E-17, -4.383809548563549703E-19 ) ) ;
#3219 = CARTESIAN_POINT ( 'NONE',  ( -3.646751034759803112, 43.29422519277227366, 161.6954693881914409 ) ) ;
#3220 = CARTESIAN_POINT ( 'NONE',  ( -1.775404981749483246, 43.86679528997784416, 188.1954198799948870 ) ) ;
#3221 = CARTESIAN_POINT ( 'NONE',  ( -20.32677821851352462, 35.77959470649985008, 103.2192658233453528 ) ) ;
#3222 = EDGE_CURVE ( 'NONE', #5942, #5324, #6808, .T. ) ;
#3223 = CARTESIAN_POINT ( 'NONE',  ( 8.987313621842972111, 25.55634881549594795, 28.06877013737214455 ) ) ;
#3224 = ORIENTED_EDGE ( 'NONE', *, *, #2730, .T. ) ;
#3225 = CARTESIAN_POINT ( 'NONE',  ( -6.516728438401517387, 38.52259803597382870, 99.24294092322725191 ) ) ;
#3226 = CARTESIAN_POINT ( 'NONE',  ( 1.536255518351238303, 46.03229346627335872, 252.4759691116221347 ) ) ;
#3227 = CARTESIAN_POINT ( 'NONE',  ( -3.066662445442866147, 47.30712536645218336, 190.4599388592243088 ) ) ;
#3228 = CARTESIAN_POINT ( 'NONE',  ( -1.925100097286686074, 25.85227023461058238, 415.2282052245307113 ) ) ;
#3229 = VERTEX_POINT ( 'NONE', #1360 ) ;
#3230 = EDGE_CURVE ( 'NONE', #1030, #4726, #743, .T. ) ;
#3231 = CARTESIAN_POINT ( 'NONE',  ( 36.58505384868496435, 34.36902473110814782, 151.9266289684611877 ) ) ;
#3232 = CARTESIAN_POINT ( 'NONE',  ( -0.000000000000000000, -2.015148108693687767, -51.69602975127715183 ) ) ;
#3233 = LINE ( 'NONE', #6927, #7540 ) ;
#3234 = CARTESIAN_POINT ( 'NONE',  ( 31.78694551174929828, 22.58502305326849680, 50.03549087782688787 ) ) ;
#3235 = AXIS2_PLACEMENT_3D ( 'NONE', #2901, #2304, #4765 ) ;
#3236 = CARTESIAN_POINT ( 'NONE',  ( -17.50823650491738448, 26.50814129914983752, 42.30826301745107543 ) ) ;
#3237 = CARTESIAN_POINT ( 'NONE',  ( -150.0000000000002558, 12.91824135705855703, 236.2496330257888815 ) ) ;
#3238 = CARTESIAN_POINT ( 'NONE',  ( -1.205536586344722716, 41.15774996728061552, 117.8780222483174072 ) ) ;
#3239 = CARTESIAN_POINT ( 'NONE',  ( 40.00984483757177657, 16.72124631380037485, 402.1504229787130384 ) ) ;
#3240 = CIRCLE ( 'NONE', #4280, 1.000000000000000888 ) ;
#3241 = CARTESIAN_POINT ( 'NONE',  ( 28.54701463307604214, 33.11044469884031116, 103.4922647541613969 ) ) ;
#3242 = CARTESIAN_POINT ( 'NONE',  ( 0.000000000000000000, 45.30957078689160511, 125.6496679993297505 ) ) ;
#3243 = ORIENTED_EDGE ( 'NONE', *, *, #3525, .F. ) ;
#3244 = CARTESIAN_POINT ( 'NONE',  ( -1.910429079689343501, -19.79771651802625598, -71.15970442798436579 ) ) ;
#3245 = CARTESIAN_POINT ( 'NONE',  ( 8.331372048543480346, 35.09318699577494272, 76.25941292548536410 ) ) ;
#3246 = DIRECTION ( 'NONE',  ( -0.000000000000000000, 0.000000000000000000, -1.000000000000000000 ) ) ;
#3247 = CARTESIAN_POINT ( 'NONE',  ( -6.545067930958308189, 34.37791085246480094, 68.65038306595097595 ) ) ;
#3248 = CARTESIAN_POINT ( 'NONE',  ( -7.499999999999987566, 29.65013954398735407, 44.31502417377331682 ) ) ;
#3249 = VECTOR ( 'NONE', #1492, 1000.000000000000000 ) ;
#3250 = VECTOR ( 'NONE', #3801, 1000.000000000000000 ) ;
#3251 = CARTESIAN_POINT ( 'NONE',  ( -2.545275847175162642, 43.81174109905075653, 207.4492525783996939 ) ) ;
#3253 = ORIENTED_EDGE ( 'NONE', *, *, #357, .T. ) ;
#3252 = CARTESIAN_POINT ( 'NONE',  ( 0.000000000000000000, 37.42084218078985458, 58.72214691171561185 ) ) ;
#3254 = CARTESIAN_POINT ( 'NONE',  ( 1.032419449598760419, 33.65834218631120933, 58.13863262795267417 ) ) ;
#3255 = CARTESIAN_POINT ( 'NONE',  ( 13.88615519720692326, 42.31511469188529162, 186.1356254569069222 ) ) ;
#3256 = AXIS2_PLACEMENT_3D ( 'NONE', #6743, #3549, #1206 ) ;
#3257 = CARTESIAN_POINT ( 'NONE',  ( -3.819893127052863324, 41.99379025106537000, 133.9594753458071352 ) ) ;
#3258 = CARTESIAN_POINT ( 'NONE',  ( 0.06631412894622380760, 43.04705582101580319, 144.9435897197718361 ) ) ;
#3259 = CARTESIAN_POINT ( 'NONE',  ( 0.000000000000000000, 0.000000000000000000, 125.6496688811247253 ) ) ;
#3260 = CARTESIAN_POINT ( 'NONE',  ( 42.60652105880237173, 30.35201058883452419, 345.2738653162223272 ) ) ;
#3261 = CARTESIAN_POINT ( 'NONE',  ( -44.81250244046290021, 35.43646158537394086, 199.9221742086323559 ) ) ;
#3262 = CARTESIAN_POINT ( 'NONE',  ( -8.002563437606301733, 44.09522311313273946, 125.6496688811246969 ) ) ;
#3263 = CARTESIAN_POINT ( 'NONE',  ( -3.323413742140344684, -2.163148135800812888, -51.77104861990689955 ) ) ;
#3264 = CARTESIAN_POINT ( 'NONE',  ( -42.37057105754428221, 31.21514816738372744, 87.97184756611208911 ) ) ;
#3265 = CARTESIAN_POINT ( 'NONE',  ( 87.16474666623552991, -18.22885969961632213, 41.61352295269925605 ) ) ;
#3266 = CARTESIAN_POINT ( 'NONE',  ( -0.9350553555137168793, 38.62995354009665050, 92.21719227207977099 ) ) ;
#3267 = CARTESIAN_POINT ( 'NONE',  ( 0.000000000000000000, 37.42084218078985458, 58.72214691171561185 ) ) ;
#3268 = VERTEX_POINT ( 'NONE', #6326 ) ;
#3269 = CARTESIAN_POINT ( 'NONE',  ( -7.845111656632435704, 35.15969567942926233, 75.98500199331577676 ) ) ;
#3270 = CARTESIAN_POINT ( 'NONE',  ( -13.42993013484968756, 41.72605030748574251, 299.6411483311551933 ) ) ;
#3271 = ADVANCED_FACE ( 'NONE', ( #3848 ), #5159, .T. ) ;
#3272 = CARTESIAN_POINT ( 'NONE',  ( 45.95965009189017536, 22.37346977414277305, 125.6496688811248106 ) ) ;
#3273 = CARTESIAN_POINT ( 'NONE',  ( -1.761563983812512779, 32.02393952748043660, 380.3584216962848927 ) ) ;
#3274 = CARTESIAN_POINT ( 'NONE',  ( -0.06631412894622380760, 43.04705582101580319, 144.9435897197718361 ) ) ;
#3276 = ORIENTED_EDGE ( 'NONE', *, *, #156, .F. ) ;
#3275 = CARTESIAN_POINT ( 'NONE',  ( 2.165410652659293333, 41.65417048346931495, 126.5894132244089150 ) ) ;
#3277 = CARTESIAN_POINT ( 'NONE',  ( 16.82309918927858661, 38.08505023932114142, 117.4898998511410468 ) ) ;
#3278 = CARTESIAN_POINT ( 'NONE',  ( -12.53024648189237311, -15.07893345480093927, -60.27095919175482663 ) ) ;
#3279 = EDGE_CURVE ( 'NONE', #3353, #5660, #4980, .T. ) ;
#3280 = CARTESIAN_POINT ( 'NONE',  ( 8.538092108323344262E-15, 42.27584986442359849, 131.1495458447934084 ) ) ;
#3281 = CARTESIAN_POINT ( 'NONE',  ( 7.499999999999987566, 29.65013954398735407, 44.31502417377331682 ) ) ;
#3282 = CARTESIAN_POINT ( 'NONE',  ( 0.3023221115894526023, 28.71099644381102678, 32.83439919035195942 ) ) ;
#3283 = CARTESIAN_POINT ( 'NONE',  ( 1.492388020602511300, 43.89655471583869684, 105.2734977285461468 ) ) ;
#3284 = EDGE_CURVE ( 'NONE', #3229, #5195, #5181, .T. ) ;
#3285 = CARTESIAN_POINT ( 'NONE',  ( -7.147456549296080652, 40.37940029770359018, 120.1710921999382435 ) ) ;
#3286 = EDGE_LOOP ( 'NONE', ( #32, #2131, #2724, #2577 ) ) ;
#3287 = CARTESIAN_POINT ( 'NONE',  ( -12.91232312609415089, 40.70435012250247553, 138.6313766374247507 ) ) ;
#3288 = ORIENTED_EDGE ( 'NONE', *, *, #3858, .T. ) ;
#3289 = CARTESIAN_POINT ( 'NONE',  ( 56.44355950920334664, -5.401506154520962610, 202.8927154750770683 ) ) ;
#3290 = CARTESIAN_POINT ( 'NONE',  ( 14.89653780607191358, 34.16047649234374717, 80.27481423022118179 ) ) ;
#3291 = FACE_OUTER_BOUND ( 'NONE', #7747, .T. ) ;
#3292 = CARTESIAN_POINT ( 'NONE',  ( -39.37658225924008804, 28.35280703797645074, 103.1581149044872632 ) ) ;
#3293 = LINE ( 'NONE', #3368, #1326 ) ;
#3294 = CARTESIAN_POINT ( 'NONE',  ( 48.48195559769727936, 28.63297736426487816, 164.2614623668004583 ) ) ;
#3296 = ORIENTED_EDGE ( 'NONE', *, *, #2887, .F. ) ;
#3295 = CARTESIAN_POINT ( 'NONE',  ( 0.000000000000000000, 47.62041242848380307, 205.0701292695992777 ) ) ;
#3297 = CARTESIAN_POINT ( 'NONE',  ( 22.19982907435543140, 29.16477623060895752, 62.67024280612998410 ) ) ;
#3298 = CARTESIAN_POINT ( 'NONE',  ( 19.53686397858720980, 41.39999691309338914, 212.4155773475760611 ) ) ;
#3299 = CARTESIAN_POINT ( 'NONE',  ( -7.250890040039482898, 41.53504005062803373, 135.5488361470760594 ) ) ;
#3300 = DIRECTION ( 'NONE',  ( -0.000000000000000000, -0.000000000000000000, 1.000000000000000000 ) ) ;
#3301 = CARTESIAN_POINT ( 'NONE',  ( -4.414546653574253021, 43.81266279706530042, 193.1282988907900346 ) ) ;
#3302 = CARTESIAN_POINT ( 'NONE',  ( -1.240397304842907111, 17.08031719385537528, 458.4040238591230150 ) ) ;
#3303 = DIRECTION ( 'NONE',  ( 1.000000000000000000, 0.000000000000000000, 0.000000000000000000 ) ) ;
#3304 = CARTESIAN_POINT ( 'NONE',  ( 3.288970006187678319, 47.12931747478673117, 214.0493121098461131 ) ) ;
#3305 = CARTESIAN_POINT ( 'NONE',  ( 0.9489435702740910417, -1.972889249273659606, -51.67460940504316369 ) ) ;
#3306 = LINE ( 'NONE', #5788, #5839 ) ;
#3307 = CARTESIAN_POINT ( 'NONE',  ( -2.817357777913640060, 8.097330774758388472, -35.80875540050892170 ) ) ;
#3308 = CARTESIAN_POINT ( 'NONE',  ( -0.9585107546166853343, 37.56626504813116441, 83.67553177244401752 ) ) ;
#3309 = ORIENTED_EDGE ( 'NONE', *, *, #4853, .F. ) ;
#3310 = CARTESIAN_POINT ( 'NONE',  ( -10.00040305387950568, 36.61895227570447986, 89.15391040662416344 ) ) ;
#3311 = CARTESIAN_POINT ( 'NONE',  ( -12.86356880811151981, 31.41958604971774349, 377.2397787413708556 ) ) ;
#3312 = CARTESIAN_POINT ( 'NONE',  ( -7.500000000000011546, 27.71448550444515746, 35.45677773107467345 ) ) ;
#3313 = CARTESIAN_POINT ( 'NONE',  ( 27.77416402040308441, 35.72417201422751276, 125.6496688811248106 ) ) ;
#3314 = CARTESIAN_POINT ( 'NONE',  ( -4.419230314502594403, 43.12548151142403441, 157.9946322034769537 ) ) ;
#3315 = ORIENTED_EDGE ( 'NONE', *, *, #6001, .F. ) ;
#3316 = CARTESIAN_POINT ( 'NONE',  ( 9.185160119226818409, 40.41136723764939376, 124.6140556997686986 ) ) ;
#3317 = CARTESIAN_POINT ( 'NONE',  ( 1.849534121738633852, 16.21802295602805799, -18.86953178114389829 ) ) ;
#3318 = DIRECTION ( 'NONE',  ( 0.000000000000000000, 0.000000000000000000, -1.000000000000000000 ) ) ;
#3319 = CARTESIAN_POINT ( 'NONE',  ( 30.44421548196246263, 22.84298633827548741, 48.42650860936271329 ) ) ;
#3320 = CARTESIAN_POINT ( 'NONE',  ( 24.69593689737735787, 27.76525265095548889, 43.02580118794318054 ) ) ;
#3321 = CARTESIAN_POINT ( 'NONE',  ( 0.000000000000000000, 37.42084218078985458, 58.72214691171561185 ) ) ;
#3322 = CARTESIAN_POINT ( 'NONE',  ( -14.63825879790613449, 39.23625292108027196, 124.6228549669105945 ) ) ;
#3323 = ADVANCED_FACE ( 'NONE', ( #1361 ), #3849, .F. ) ;
#3325 = VERTEX_POINT ( 'NONE', #581 ) ;
#3324 = CARTESIAN_POINT ( 'NONE',  ( 3.683440759127603492, 39.18462989269522012, 101.4901573593739101 ) ) ;
#3326 = B_SPLINE_CURVE_WITH_KNOTS ( 'NONE', 3,
 ( #1481, #961, #3938, #7762 ),
 .UNSPECIFIED., .F., .F.,
 ( 4, 4 ),
 ( 0.000000000000000000, 1.000000000000000000 ),
 .UNSPECIFIED. ) ;
#3327 = VERTEX_POINT ( 'NONE', #1231 ) ;
#3328 = CARTESIAN_POINT ( 'NONE',  ( -2.861529713880420545, -14.86190821214616165, -66.10491999415030762 ) ) ;
#3329 = CARTESIAN_POINT ( 'NONE',  ( -0.4666624454429734725, 44.14368619715546060, 187.8683353890677097 ) ) ;
#3330 = CARTESIAN_POINT ( 'NONE',  ( -0.3136446066935086319, 32.11508495197032431, 49.64678775146978751 ) ) ;
#3331 = CARTESIAN_POINT ( 'NONE',  ( 49.22034878176079076, 32.91409245880905843, 185.6683898328746807 ) ) ;
#3332 = CARTESIAN_POINT ( 'NONE',  ( -2.738145295489168074, 46.84802417386053719, 207.1614562917415299 ) ) ;
#3334 = ORIENTED_EDGE ( 'NONE', *, *, #3619, .T. ) ;
#3333 = CARTESIAN_POINT ( 'NONE',  ( 13.89565711704575790, 43.38650797797856740, 278.5011269604131598 ) ) ;
#3335 = CARTESIAN_POINT ( 'NONE',  ( 33.35187396246293901, 29.86441693184065826, 92.60053639705775197 ) ) ;
#3336 = CARTESIAN_POINT ( 'NONE',  ( 0.3137338849941589958, 43.92279551339367316, 214.9048317508065793 ) ) ;
#3337 = CARTESIAN_POINT ( 'NONE',  ( -0.003168828610392330700, 47.60202435235792962, 187.2656350538348704 ) ) ;
#3338 = CARTESIAN_POINT ( 'NONE',  ( -4.047780070442136058, 43.85342756942708320, 192.9913226671999382 ) ) ;
#3339 = CARTESIAN_POINT ( 'NONE',  ( 11.20234465765202536, 15.65166486234165255, 452.7342830611293607 ) ) ;
#3340 = CARTESIAN_POINT ( 'NONE',  ( -150.0000000000000284, -5.251527702307162926, 440.0305525103657374 ) ) ;
#3341 = DIRECTION ( 'NONE',  ( 0.000000000000000000, 0.000000000000000000, -1.000000000000000000 ) ) ;
#3342 = CARTESIAN_POINT ( 'NONE',  ( 2.853196301606920837, -5.731608919956029169, -56.50461328002980821 ) ) ;
#3343 = CARTESIAN_POINT ( 'NONE',  ( 150.0000000000000284, 3.089374213535638791, 211.7316696794227653 ) ) ;
#3344 = CARTESIAN_POINT ( 'NONE',  ( 0.4083337693452422368, 36.49810758367754460, 75.11210039485146694 ) ) ;
#3345 = CARTESIAN_POINT ( 'NONE',  ( -0.1626707609063558213, 28.69435326465766067, 32.82542876246088071 ) ) ;
#3346 = CARTESIAN_POINT ( 'NONE',  ( -0.4637911912393140046, 44.17423869205335762, 180.2253491405484169 ) ) ;
#3347 = CARTESIAN_POINT ( 'NONE',  ( -6.210067073539144111, 37.14597365865094503, 87.06846540881593910 ) ) ;
#3348 = CARTESIAN_POINT ( 'NONE',  ( 0.000000000000000000, 45.77999709477325752, 130.5726553802304295 ) ) ;
#3349 = CARTESIAN_POINT ( 'NONE',  ( 1.056736817095856207, 28.61635723899053474, 400.7706135039534843 ) ) ;
#3350 = CARTESIAN_POINT ( 'NONE',  ( -2.815034135810630556, 47.32930747464490651, 189.3366871126915782 ) ) ;
#3351 = CARTESIAN_POINT ( 'NONE',  ( -41.63002485737714409, 32.13788057644362794, 246.0688240443617758 ) ) ;
#3352 = CARTESIAN_POINT ( 'NONE',  ( 21.94185693488388367, 37.46534168822807942, 125.6496688811248248 ) ) ;
#3353 = VERTEX_POINT ( 'NONE', #4301 ) ;
#3354 = CARTESIAN_POINT ( 'NONE',  ( -55.14185912003974011, 11.14502422987850849, 230.0543043816361433 ) ) ;
#3355 = CARTESIAN_POINT ( 'NONE',  ( 44.95965009189017536, 30.33988575092048379, 128.6496688811247111 ) ) ;
#3356 = CARTESIAN_POINT ( 'NONE',  ( -1.000000000000015987, 43.59248601773754928, 125.6496688811247253 ) ) ;
#3357 = CARTESIAN_POINT ( 'NONE',  ( -49.32634856228757059, 20.28886164836126582, 276.4091044601491944 ) ) ;
#3358 = CARTESIAN_POINT ( 'NONE',  ( 0.5904223920472085885, 15.00000000000000000, 34.84931210984616712 ) ) ;
#3359 = ORIENTED_EDGE ( 'NONE', *, *, #6600, .T. ) ;
#3360 = VECTOR ( 'NONE', #2759, 1000.000000000000000 ) ;
#3361 = ORIENTED_EDGE ( 'NONE', *, *, #4803, .T. ) ;
#3362 = CIRCLE ( 'NONE', #3492, 1.000000000000000222 ) ;
#3363 = CARTESIAN_POINT ( 'NONE',  ( 56.52914563521074598, -13.16024702830548954, 195.5971044673015626 ) ) ;
#3364 = CARTESIAN_POINT ( 'NONE',  ( -0.1341786017373773898, 37.96482485615628377, 85.16488195627246682 ) ) ;
#3365 = DIRECTION ( 'NONE',  ( 0.000000000000000000, 1.000000000000000000, 0.000000000000000000 ) ) ;
#3366 = CARTESIAN_POINT ( 'NONE',  ( -0.02014054741968930584, 33.78355180341227992, 58.08835266015208987 ) ) ;
#3367 = CARTESIAN_POINT ( 'NONE',  ( -18.93121259095676479, 41.33848187369132177, 222.9974320327776240 ) ) ;
#3368 = CARTESIAN_POINT ( 'NONE',  ( -1.000000000000015987, 43.59248601773754928, 128.6496688811247111 ) ) ;
#3369 = EDGE_CURVE ( 'NONE', #2271, #7087, #3728, .T. ) ;
#3370 = CARTESIAN_POINT ( 'NONE',  ( -2.998894493888452750, 43.81174109905075653, 206.5337240110004586 ) ) ;
#3371 = VECTOR ( 'NONE', #7580, 1000.000000000000000 ) ;
#3372 = CARTESIAN_POINT ( 'NONE',  ( 149.9999999999997442, 16.89020687609928828, 297.3968004075345561 ) ) ;
#3373 = CARTESIAN_POINT ( 'NONE',  ( 16.45910714251911244, 32.96297659616335096, 74.99136019696321398 ) ) ;
#3374 = CARTESIAN_POINT ( 'NONE',  ( 7.599428944371006800, 42.70886925138730561, 159.4482148608910279 ) ) ;
#3375 = CARTESIAN_POINT ( 'NONE',  ( 0.5246593421263895385, 47.55137746071891769, 187.2654246439283554 ) ) ;
#3376 = CARTESIAN_POINT ( 'NONE',  ( -6.909276503553048343, 43.51533210401189677, 194.1677847704161763 ) ) ;
#3377 = AXIS2_PLACEMENT_3D ( 'NONE', #1916, #3759, #6244 ) ;
#3378 = CARTESIAN_POINT ( 'NONE',  ( 2.331263078060942462, 10.18293184117968941, 486.7884037760323963 ) ) ;
#3379 = CARTESIAN_POINT ( 'NONE',  ( -10.04578611950417866, 40.24626424246233114, 125.6496688811246401 ) ) ;
#3380 = VECTOR ( 'NONE', #6289, 1000.000000000000000 ) ;
#3381 = DIRECTION ( 'NONE',  ( 0.000000000000000000, 1.000000000000000000, 0.000000000000000000 ) ) ;
#3382 = CARTESIAN_POINT ( 'NONE',  ( -56.27053592963592621, 0.7516941916051447237, 210.4962128354270590 ) ) ;
#3383 = DIRECTION ( 'NONE',  ( 0.000000000000000000, 0.000000000000000000, -1.000000000000000000 ) ) ;
#3384 = CARTESIAN_POINT ( 'NONE',  ( 56.27053592963592621, 0.7516941916051447237, 210.4962128354270590 ) ) ;
#3385 = ADVANCED_FACE ( 'NONE', ( #6899 ), #2438, .F. ) ;
#3386 = CARTESIAN_POINT ( 'NONE',  ( 0.2744718502044876662, 36.48128434856630520, 75.10579971736082427 ) ) ;
#3387 = AXIS2_PLACEMENT_3D ( 'NONE', #6341, #7489, #803 ) ;
#3388 = VECTOR ( 'NONE', #2767, 1000.000000000000000 ) ;
#3389 = CARTESIAN_POINT ( 'NONE',  ( -0.3645910820062391311, 30.56494081343502245, 41.22501844085202549 ) ) ;
#3390 = CARTESIAN_POINT ( 'NONE',  ( 37.96386130359314137, 35.01569683890802764, 200.9088624329725121 ) ) ;
#3391 = ORIENTED_EDGE ( 'NONE', *, *, #314, .F. ) ;
#3392 = CARTESIAN_POINT ( 'NONE',  ( -0.004228723418735343478, 36.16803281461151442, 73.21008920985013901 ) ) ;
#3393 = CARTESIAN_POINT ( 'NONE',  ( 0.000000000000000000, 47.65165836710342973, 180.5788067618912009 ) ) ;
#3394 = CARTESIAN_POINT ( 'NONE',  ( -13.31731313304985065, 38.32335583300963577, 331.1613580124958389 ) ) ;
#3395 = CARTESIAN_POINT ( 'NONE',  ( -2.451552974928355333, 47.36491267088434398, 188.7782592838353821 ) ) ;
#3396 = CARTESIAN_POINT ( 'NONE',  ( 1.930653681019943724, 13.87290448054163683, 472.4794235559970730 ) ) ;
#3397 = ORIENTED_EDGE ( 'NONE', *, *, #7941, .T. ) ;
#3398 = CARTESIAN_POINT ( 'NONE',  ( 0.8988173065986810872, 24.74562245569138952, 4.905429404791115111 ) ) ;
#3399 = CARTESIAN_POINT ( 'NONE',  ( 2.212193796733417539, 47.30350868944834275, 207.7845300346376973 ) ) ;
#3400 = CARTESIAN_POINT ( 'NONE',  ( -45.95965009189017536, 27.17204488600939882, 125.6496688811247822 ) ) ;
#3401 = CARTESIAN_POINT ( 'NONE',  ( 1.404199679686745306, 45.94742635001971109, 130.5641109568593379 ) ) ;
#3403 = ORIENTED_EDGE ( 'NONE', *, *, #7499, .T. ) ;
#3402 = CARTESIAN_POINT ( 'NONE',  ( 0.5680412429353668413, 39.58139057561784568, 100.7227988322795937 ) ) ;
#3404 = EDGE_LOOP ( 'NONE', ( #3616, #1143, #4348, #7622 ) ) ;
#3405 = CARTESIAN_POINT ( 'NONE',  ( -2.857415808226826837, -9.927841435840775830, -61.03830314543180435 ) ) ;
#3406 = CARTESIAN_POINT ( 'NONE',  ( 0.02965154969529860962, 43.99401367729775814, 168.5957457318859838 ) ) ;
#3407 = CARTESIAN_POINT ( 'NONE',  ( 0.1078604314652679003, 37.93429374806557064, 85.16761379313027192 ) ) ;
#3408 = CARTESIAN_POINT ( 'NONE',  ( 0.000000000000000000, 29.47866109171257776, 34.84931210984616712 ) ) ;
#3409 = CARTESIAN_POINT ( 'NONE',  ( -16.73944204744508468, 31.54388102430580432, 66.76177681790949237 ) ) ;
#3410 = CARTESIAN_POINT ( 'NONE',  ( -2.047848587394732078, 46.67453233286508407, 207.9204404683669338 ) ) ;
#3411 = CARTESIAN_POINT ( 'NONE',  ( -5.979446887032929148, 42.84865257448290521, 158.6977612984643429 ) ) ;
#3412 = CARTESIAN_POINT ( 'NONE',  ( 150.0000000000003695, 17.23251453160983715, 290.2479985875627335 ) ) ;
#3413 = CARTESIAN_POINT ( 'NONE',  ( 0.4424623427963534916, 36.39130051082877060, 75.11225447951659362 ) ) ;
#3414 = CARTESIAN_POINT ( 'NONE',  ( 34.80994116200277233, 35.97712765639536059, 228.0200746408928580 ) ) ;
#3415 = CARTESIAN_POINT ( 'NONE',  ( 6.816458306920807786, 42.81441070352149580, 159.0737822690278165 ) ) ;
#3416 = PLANE ( 'NONE',  #2738 ) ;
#3417 = CARTESIAN_POINT ( 'NONE',  ( -11.34038529081322189, 42.73544012072921561, 184.6684309533229964 ) ) ;
#3418 = CARTESIAN_POINT ( 'NONE',  ( -0.6435512270066479079, 13.79511502585091876, 472.5222654459706177 ) ) ;
#3419 = CYLINDRICAL_SURFACE ( 'NONE', #7144, 1.000000000000000888 ) ;
#3420 = CARTESIAN_POINT ( 'NONE',  ( 3.066662445442872365, 110.3999999999999773, 190.4627056561177199 ) ) ;
#3421 = CARTESIAN_POINT ( 'NONE',  ( -3.334374282861684691, -8.670514282707921794, -59.62443636531153857 ) ) ;
#3422 = CARTESIAN_POINT ( 'NONE',  ( 1.573448402819587994E-14, 43.59248601773754928, 122.6496688811247111 ) ) ;
#3423 = CARTESIAN_POINT ( 'NONE',  ( 0.000000000000000000, -8.574914396861032628, -59.59239050809556204 ) ) ;
#3424 = CARTESIAN_POINT ( 'NONE',  ( 0.1851068913811681482, 36.47005915034658585, 75.10320388068082309 ) ) ;
#3425 = CARTESIAN_POINT ( 'NONE',  ( 44.69432682520110944, 21.72792066603732763, 80.56221660598953349 ) ) ;
#3426 = EDGE_CURVE ( 'NONE', #5041, #4125, #1884, .T. ) ;
#3427 = VERTEX_POINT ( 'NONE', #2599 ) ;
#3428 = CARTESIAN_POINT ( 'NONE',  ( 0.2549164781069008234, 37.98005128123563878, 85.16790156441450677 ) ) ;
#3429 = CARTESIAN_POINT ( 'NONE',  ( 20.62407662905724592, 42.79110105320698665, 140.4219543533417607 ) ) ;
#3430 = CARTESIAN_POINT ( 'NONE',  ( 0.000000000000000000, 38.87860893774676185, 331.9800661568619944 ) ) ;
#3431 = EDGE_CURVE ( 'NONE', #5660, #2714, #6851, .T. ) ;
#3432 = CARTESIAN_POINT ( 'NONE',  ( -2.532177601665885014, 46.69990937266184261, 188.8780974350158317 ) ) ;
#3433 = CARTESIAN_POINT ( 'NONE',  ( -0.1969627657990058733, 32.53399466051785538, 34.84931210984626659 ) ) ;
#3434 = CARTESIAN_POINT ( 'NONE',  ( -55.71564899923829728, 1.205407876259681377, 399.7257200711499081 ) ) ;
#3435 = CARTESIAN_POINT ( 'NONE',  ( -1.434789889613982350, -1.011398729720650369, 529.3086085165732584 ) ) ;
#3436 = ORIENTED_EDGE ( 'NONE', *, *, #604, .F. ) ;
#3437 = CARTESIAN_POINT ( 'NONE',  ( 0.000000000000000000, 7.905339886619993095, -35.92712258355483357 ) ) ;
#3438 = CARTESIAN_POINT ( 'NONE',  ( 3.724861585154845667, 47.18070444125773122, 206.2810247866638633 ) ) ;
#3439 = CARTESIAN_POINT ( 'NONE',  ( 43.95965009189017536, 30.33988575092048379, 128.6496688811247111 ) ) ;
#3440 =( BOUNDED_SURFACE ( )  B_SPLINE_SURFACE ( 3, 2, ( 
 ( #454, #531, #7230 ),
 ( #6046, #2359, #374 ),
 ( #7920, #6612, #3450 ),
 ( #1075, #4181, #7799 ) ),
 .UNSPECIFIED., .F., .F., .T. ) 
 B_SPLINE_SURFACE_WITH_KNOTS ( ( 4, 4 ),
 ( 3, 3 ),
 ( 3.053113317719180486E-16, 0.01539158859555759228 ),
 ( 0.000000000000000000, 1.000000000000000000 ),
 .UNSPECIFIED. ) 
 GEOMETRIC_REPRESENTATION_ITEM ( )  RATIONAL_B_SPLINE_SURFACE ( (
 ( 1.000000000000000000, 0.6718120075627990184, 1.000000000000000000),
 ( 1.000000000000000000, 0.6702736048281827674, 1.000000000000000000),
 ( 1.000000000000000000, 0.6687607889740364575, 1.000000000000000000),
 ( 1.000000000000000000, 0.6672909721629045610, 1.000000000000000000) ) ) 
 REPRESENTATION_ITEM ( '' )  SURFACE ( )  );
#3441 = CARTESIAN_POINT ( 'NONE',  ( -150.0000000000006821, 17.36217657815118542, 276.3178635875777900 ) ) ;
#3442 = LINE ( 'NONE', #5883, #7134 ) ;
#3444 = ORIENTED_EDGE ( 'NONE', *, *, #5054, .T. ) ;
#3443 = CARTESIAN_POINT ( 'NONE',  ( -0.3598395099091494798, 40.60181980585191042, 109.2198616455039115 ) ) ;
#3445 = CARTESIAN_POINT ( 'NONE',  ( 36.90388341856657917, 35.40709110275406601, 208.4505601431930017 ) ) ;
#3446 = EDGE_LOOP ( 'NONE', ( #836, #2405 ) ) ;
#3447 = CARTESIAN_POINT ( 'NONE',  ( 150.0000000000000000, 6.573444530005628117, 217.0034385749200965 ) ) ;
#3448 = CARTESIAN_POINT ( 'NONE',  ( 14.12662989957080839, 37.41823953465267039, 103.6157370788013168 ) ) ;
#3449 = CARTESIAN_POINT ( 'NONE',  ( 0.3776357008251572389, 32.19979366837037560, 49.66496242097144176 ) ) ;
#3450 = CARTESIAN_POINT ( 'NONE',  ( -3.729975680510877911, 47.25529994301189163, 195.5938213818744771 ) ) ;
#3451 = CARTESIAN_POINT ( 'NONE',  ( 3.066662445442872365, 43.83285165301852260, 205.8542147485816258 ) ) ;
#3452 = CARTESIAN_POINT ( 'NONE',  ( 16.66315168157811755, 45.58974530259764180, 211.4847522036016585 ) ) ;
#3453 = CARTESIAN_POINT ( 'NONE',  ( 25.81364860619649448, 31.40389075190293156, 83.14130620791492277 ) ) ;
#3454 = CARTESIAN_POINT ( 'NONE',  ( 8.012294543338578379, 43.34357569546181566, 206.1409550546937623 ) ) ;
#3455 = CARTESIAN_POINT ( 'NONE',  ( 6.424972988195708723, 42.86718142958859090, 158.8865659730962534 ) ) ;
#3456 = CARTESIAN_POINT ( 'NONE',  ( -0.000000000000000000, -19.80119957717566237, -71.13603959821548983 ) ) ;
#3457 = CARTESIAN_POINT ( 'NONE',  ( -0.6765753719384544063, 44.06016917596954841, 180.3581439690798049 ) ) ;
#3458 = CARTESIAN_POINT ( 'NONE',  ( 150.0000000000000568, 0.2544905633191389405, 409.6453932724846823 ) ) ;
#3459 = CARTESIAN_POINT ( 'NONE',  ( -0.000000000000000000, 40.47532419657702007, 79.11255207243475240 ) ) ;
#3460 = FACE_OUTER_BOUND ( 'NONE', #6400, .T. ) ;
#3461 = CARTESIAN_POINT ( 'NONE',  ( -11.95892245156395362, 19.47318974129438018, -2.636757449170115120 ) ) ;
#3462 = FACE_OUTER_BOUND ( 'NONE', #1251, .T. ) ;
#3463 = CARTESIAN_POINT ( 'NONE',  ( 12.37917598823336540, 4.075400731689930112, -36.12926134960945035 ) ) ;
#3464 = CARTESIAN_POINT ( 'NONE',  ( -44.27017106238352540, 31.96253615634778811, 201.8949544431416427 ) ) ;
#3465 = CARTESIAN_POINT ( 'NONE',  ( 0.5405869201988939832, 28.61137789526655340, 32.82282420584127891 ) ) ;
#3466 = CARTESIAN_POINT ( 'NONE',  ( -0.2137143343120644634, 44.14960554217739030, 180.2446752683136140 ) ) ;
#3467 = ORIENTED_EDGE ( 'NONE', *, *, #4326, .T. ) ;
#3468 = CARTESIAN_POINT ( 'NONE',  ( -0.5904223920472085885, 29.47866109171257776, 34.84931210984616712 ) ) ;
#3469 = CARTESIAN_POINT ( 'NONE',  ( 1.585105225643784310, 28.62474442760698068, 400.8281577764561803 ) ) ;
#3470 = CARTESIAN_POINT ( 'NONE',  ( 14.42926928878904747, 26.23955973692676480, 37.33196639613063894 ) ) ;
#3471 = CARTESIAN_POINT ( 'NONE',  ( -30.78599167562258287, 22.77632825530296046, 48.82389453046668848 ) ) ;
#3472 = EDGE_CURVE ( 'NONE', #2979, #3427, #3605, .T. ) ;
#3473 = CARTESIAN_POINT ( 'NONE',  ( 0.000000000000000000, 26.87530127623825749, 23.34527260323320164 ) ) ;
#3474 = CARTESIAN_POINT ( 'NONE',  ( -0.5371554557282697262, 41.24047119798613892, 117.7908751170294579 ) ) ;
#3475 = CARTESIAN_POINT ( 'NONE',  ( 150.0000000000000568, 0.2544905633191389405, 409.6453932724846823 ) ) ;
#3476 = CARTESIAN_POINT ( 'NONE',  ( -12.24542331509240611, 10.79387684120225543, -23.56345594219629547 ) ) ;
#3477 = CARTESIAN_POINT ( 'NONE',  ( -5.830057061798301632, 25.92217097864746833, 26.23686927299068117 ) ) ;
#3478 = EDGE_CURVE ( 'NONE', #5994, #1550, #7518, .T. ) ;
#3479 = CARTESIAN_POINT ( 'NONE',  ( 0.000000000000000000, 45.95997642549459528, 252.6905689360423537 ) ) ;
#3480 = ADVANCED_FACE ( 'NONE', ( #4429 ), #5599, .F. ) ;
#3482 = ORIENTED_EDGE ( 'NONE', *, *, #5904, .T. ) ;
#3481 = CARTESIAN_POINT ( 'NONE',  ( 2.253072885109139278, 40.27482153654210606, 109.5533938414953923 ) ) ;
#3483 = CARTESIAN_POINT ( 'NONE',  ( 0.8089430807086779307, 44.00176886709974156, 208.4485850156316928 ) ) ;
#3484 = EDGE_LOOP ( 'NONE', ( #2853, #4966, #7931, #5766, #6522 ) ) ;
#3485 = CARTESIAN_POINT ( 'NONE',  ( -2.828850581790790741, 5.001803398302538284, -41.24894196002799873 ) ) ;
#3486 = CARTESIAN_POINT ( 'NONE',  ( 6.047795163741480629, 38.58662571774946315, 99.00312065866556566 ) ) ;
#3487 = FACE_OUTER_BOUND ( 'NONE', #1831, .T. ) ;
#3488 = CARTESIAN_POINT ( 'NONE',  ( -1.776011971697488701, 33.56672385768830935, 58.26866262513638617 ) ) ;
#3489 = CARTESIAN_POINT ( 'NONE',  ( 19.57372214606865768, 44.70866943328285004, 214.0493121098461700 ) ) ;
#3490 = CARTESIAN_POINT ( 'NONE',  ( -1.343735389061885055, 47.36141179360726028, 208.9561053944873379 ) ) ;
#3491 = CARTESIAN_POINT ( 'NONE',  ( -1.649037557037112522, 25.94552207819153722, 415.5304132493203042 ) ) ;
#3492 = AXIS2_PLACEMENT_3D ( 'NONE', #158, #4970, #3751 ) ;
#3493 = CARTESIAN_POINT ( 'NONE',  ( -0.3107098326041834446, 35.24548589205691940, 66.59295556157267981 ) ) ;
#3494 = CARTESIAN_POINT ( 'NONE',  ( 31.29004893728617276, 37.23574513048534840, 233.9237701376939356 ) ) ;
#3495 = CARTESIAN_POINT ( 'NONE',  ( -28.66915185648158726, -24.29590384187719465, -55.07514469556929271 ) ) ;
#3496 = CARTESIAN_POINT ( 'NONE',  ( 58.62154318630234684, -4.489909763417698763, 423.0794994535144156 ) ) ;
#3497 = CARTESIAN_POINT ( 'NONE',  ( -0.6714150486310448418, 31.55500211520843123, 47.00181327475551996 ) ) ;
#3498 = CARTESIAN_POINT ( 'NONE',  ( 0.4666624454429739166, 44.02985687234174605, 208.4485850156316360 ) ) ;
#3499 = AXIS2_PLACEMENT_3D ( 'NONE', #4524, #7659, #931 ) ;
#3500 = CARTESIAN_POINT ( 'NONE',  ( 12.32604656146385480, 7.066535420415203994, -30.82130669073084661 ) ) ;
#3501 = CARTESIAN_POINT ( 'NONE',  ( 0.03841674511820827864, 43.64986262180851639, 156.8054239573837947 ) ) ;
#3502 = CARTESIAN_POINT ( 'NONE',  ( 27.45897660180408195, 25.05241461694969374, 51.56889834547851592 ) ) ;
#3503 = ORIENTED_EDGE ( 'NONE', *, *, #1113, .T. ) ;
#3504 = CARTESIAN_POINT ( 'NONE',  ( -0.3254839392730550229, 41.66748468508487946, 121.1094394585498009 ) ) ;
#3505 = CARTESIAN_POINT ( 'NONE',  ( -19.97235384300964967, 37.99866458490337351, 125.6496688811247537 ) ) ;
#3506 = CARTESIAN_POINT ( 'NONE',  ( 56.11130722957283723, 35.86224107201260836, 219.6474666994794234 ) ) ;
#3507 = CARTESIAN_POINT ( 'NONE',  ( 0.6857961776820891142, 6.775705951531614701, 500.7587486378974972 ) ) ;
#3508 = FACE_OUTER_BOUND ( 'NONE', #6644, .T. ) ;
#3509 = CARTESIAN_POINT ( 'NONE',  ( -38.65417775653946109, 21.94635152145152901, 63.51377170649949733 ) ) ;
#3510 = VECTOR ( 'NONE', #6771, 1000.000000000000000 ) ;
#3511 = CARTESIAN_POINT ( 'NONE',  ( 0.1555647010529605523, 46.85499551747328439, 208.4485850156316360 ) ) ;
#3512 = CARTESIAN_POINT ( 'NONE',  ( -3.936289177040978249, 43.82053414146576387, 204.4871836865702903 ) ) ;
#3513 = STYLED_ITEM ( 'NONE', ( #49 ), #3195 ) ;
#3514 = CARTESIAN_POINT ( 'NONE',  ( 1.371592355364178228, 6.821518167627450779, 500.7095233472878135 ) ) ;
#3515 = CARTESIAN_POINT ( 'NONE',  ( -0.3701471589313377053, 41.26107691766448937, 117.7737370057309647 ) ) ;
#3516 = CARTESIAN_POINT ( 'NONE',  ( 35.66697731966415574, -11.64039430091011873, 495.5372216640326997 ) ) ;
#3517 = EDGE_LOOP ( 'NONE', ( #95, #7988, #4951, #525, #2539, #3871, #3733, #4949, #569, #4696, #5295, #5184, #6816 ) ) ;
#3518 = CARTESIAN_POINT ( 'NONE',  ( -9.185160119226818409, 40.41136723764939376, 124.6140556997686986 ) ) ;
#3519 = CARTESIAN_POINT ( 'NONE',  ( 0.8486857927523446810, 34.25527520538206261, 42.00482374486006165 ) ) ;
#3520 = CARTESIAN_POINT ( 'NONE',  ( -41.90827811962286376, 33.08644454833870441, 203.8986782126818866 ) ) ;
#3521 = CARTESIAN_POINT ( 'NONE',  ( 0.5904223920472086995, 32.48870363117342208, 34.84931210984618133 ) ) ;
#3523 = ORIENTED_EDGE ( 'NONE', *, *, #168, .F. ) ;
#3522 = CARTESIAN_POINT ( 'NONE',  ( 1.572170438156514471, 40.36069074394419687, 109.4143004186585699 ) ) ;
#3524 = CARTESIAN_POINT ( 'NONE',  ( 21.58575651826916086, 40.76341052097487960, 214.0493121098461984 ) ) ;
#3525 = EDGE_CURVE ( 'NONE', #7218, #1904, #5809, .T. ) ;
#3526 = CARTESIAN_POINT ( 'NONE',  ( -2.817357777913640060, 8.097330774758388472, -35.80875540050892170 ) ) ;
#3527 = CARTESIAN_POINT ( 'NONE',  ( -0.5045753529647296620, 39.43271697437016599, 97.17203920724431043 ) ) ;
#3528 = CARTESIAN_POINT ( 'NONE',  ( 0.000000000000000000, 47.60175118634028735, 187.2656339773372167 ) ) ;
#3529 = CARTESIAN_POINT ( 'NONE',  ( -22.54374937448066163, 27.56174673895884908, 54.62861001813051587 ) ) ;
#3530 = ADVANCED_FACE ( 'NONE', ( #2680 ), #3933, .F. ) ;
#3531 = CARTESIAN_POINT ( 'NONE',  ( -0.4666624454429739166, 46.83002249555136132, 208.4485850156316360 ) ) ;
#3532 = CARTESIAN_POINT ( 'NONE',  ( -1.804609380595880275, 47.33502354556626557, 208.0852409626122892 ) ) ;
#3533 = CARTESIAN_POINT ( 'NONE',  ( -0.9419369969250757091, 41.02800531393226180, 312.7688498949498808 ) ) ;
#3534 = CARTESIAN_POINT ( 'NONE',  ( -0.2833759376262233176, 37.72274322905260391, 83.62089181733459498 ) ) ;
#3535 = CARTESIAN_POINT ( 'NONE',  ( 25.52205550051560934, 39.39227367961100867, 228.2996161495300669 ) ) ;
#3536 = DIRECTION ( 'NONE',  ( 0.000000000000000000, 0.000000000000000000, -1.000000000000000000 ) ) ;
#3537 = CARTESIAN_POINT ( 'NONE',  ( -0.7173949448069911750, -1.055981849285397622, 529.3660285409472408 ) ) ;
#3538 = CARTESIAN_POINT ( 'NONE',  ( 1.573448402819587994E-14, 43.59248601773754928, 125.6496688811247253 ) ) ;
#3539 = CARTESIAN_POINT ( 'NONE',  ( -44.95965009189017536, 30.33988575092048379, 122.6496688811247111 ) ) ;
#3540 = CARTESIAN_POINT ( 'NONE',  ( 55.69582423788891390, 7.770729441803534421, 222.6473521244176652 ) ) ;
#3541 = CARTESIAN_POINT ( 'NONE',  ( -1.143737074124064668, 42.92162023269317217, 145.0769870158378296 ) ) ;
#3542 = UNCERTAINTY_MEASURE_WITH_UNIT (LENGTH_MEASURE( 1.000000000000000082E-05 ), #4382, 'distance_accuracy_value', 'NONE');
#3543 = CARTESIAN_POINT ( 'NONE',  ( 3.372533249974912106, 30.12015042548678778, 41.80270021789021939 ) ) ;
#3544 = ORIENTED_EDGE ( 'NONE', *, *, #7807, .F. ) ;
#3545 = CARTESIAN_POINT ( 'NONE',  ( 0.7303953823573218207, 42.37624920336506307, 133.1393505445742846 ) ) ;
#3546 = CARTESIAN_POINT ( 'NONE',  ( 42.95965009189016826, 30.33988575092048379, 128.6496688811247111 ) ) ;
#3547 = CARTESIAN_POINT ( 'NONE',  ( 150.0000000000003695, 17.23251453160983715, 290.2479985875627335 ) ) ;
#3548 = CARTESIAN_POINT ( 'NONE',  ( -11.87753674811280824, 22.01321616650771773, 424.9228753704809378 ) ) ;
#3549 = DIRECTION ( 'NONE',  ( 1.000000000000000000, 0.000000000000000000, 0.000000000000000000 ) ) ;
#3550 = CARTESIAN_POINT ( 'NONE',  ( -30.44421548196246263, 22.84298633827548741, 48.42650860936271329 ) ) ;
#3551 = DIRECTION ( 'NONE',  ( 0.000000000000000000, 0.000000000000000000, -1.000000000000000000 ) ) ;
#3552 = CARTESIAN_POINT ( 'NONE',  ( -39.90736828218133780, 33.44258446830241382, 234.8511260448923110 ) ) ;
#3553 = CARTESIAN_POINT ( 'NONE',  ( 2.195384728526888374, -9.905849853371190505, 558.8450598447288939 ) ) ;
#3554 = CARTESIAN_POINT ( 'NONE',  ( -19.92180304278306480, 36.72976153957159795, 111.3718212438061101 ) ) ;
#3555 = CARTESIAN_POINT ( 'NONE',  ( -34.84335993666470443, 25.97359522278500776, 54.54157697570658314 ) ) ;
#3556 = ORIENTED_EDGE ( 'NONE', *, *, #401, .T. ) ;
#3557 = CARTESIAN_POINT ( 'NONE',  ( -5.274164293503289969, 40.95704994642476748, 122.6180452230019569 ) ) ;
#3558 = CARTESIAN_POINT ( 'NONE',  ( 0.6583047484764391610, 47.13654566807250035, 155.6928415244869939 ) ) ;
#3559 = ORIENTED_EDGE ( 'NONE', *, *, #1116, .T. ) ;
#3560 = CARTESIAN_POINT ( 'NONE',  ( 0.000000000000000000, 36.01456435933089750, 354.5116695689063704 ) ) ;
#3561 = ORIENTED_EDGE ( 'NONE', *, *, #511, .T. ) ;
#3562 = CARTESIAN_POINT ( 'NONE',  ( 3.049572297585997127, 43.83078485093555088, 206.1948754625124138 ) ) ;
#3563 = CARTESIAN_POINT ( 'NONE',  ( 4.152629945114801657, 38.83951251414652006, 98.11979069641571982 ) ) ;
#3564 = FACE_OUTER_BOUND ( 'NONE', #3889, .T. ) ;
#3565 = CARTESIAN_POINT ( 'NONE',  ( 0.3414796412091707922, 30.56213000908174848, 41.22329275382631408 ) ) ;
#3566 = CARTESIAN_POINT ( 'NONE',  ( 42.95965009189016826, 30.33988575092048379, 125.6496688811247253 ) ) ;
#3567 = EDGE_CURVE ( 'NONE', #2463, #5645, #3899, .T. ) ;
#3568 = CARTESIAN_POINT ( 'NONE',  ( -1.185863913726415086, 47.38388060757469589, 208.3534024497488417 ) ) ;
#3569 = CARTESIAN_POINT ( 'NONE',  ( 150.0000000000000000, 14.77013292611521500, 320.0000541252218227 ) ) ;
#3570 = CARTESIAN_POINT ( 'NONE',  ( 13.69755065395001559, 34.60604664773283190, 81.40075657318503488 ) ) ;
#3571 = CARTESIAN_POINT ( 'NONE',  ( -1.462097396393197579, -8.755891532203142091, 555.1105562664688478 ) ) ;
#3572 = CARTESIAN_POINT ( 'NONE',  ( -5.102092788816026570, 30.44891475224538979, 45.44168840462474179 ) ) ;
#3573 = CARTESIAN_POINT ( 'NONE',  ( -46.75094997652521300, 31.66484939578145941, 135.2858792604494340 ) ) ;
#3574 = CARTESIAN_POINT ( 'NONE',  ( -11.76711777406544357, 23.42470861069366350, 9.197752124484701142 ) ) ;
#3576 = ORIENTED_EDGE ( 'NONE', *, *, #2437, .F. ) ;
#3575 = CARTESIAN_POINT ( 'NONE',  ( 25.82676969938875899, 28.08943016872629528, 44.17302050310121331 ) ) ;
#3577 = CARTESIAN_POINT ( 'NONE',  ( 1.082928273163285215, 30.39095393734211115, 41.25334370667984984 ) ) ;
#3578 = ORIENTED_EDGE ( 'NONE', *, *, #5403, .F. ) ;
#3579 = ADVANCED_FACE ( 'NONE', ( #5390, #6686 ), #1762, .T. ) ;
#3580 = CARTESIAN_POINT ( 'NONE',  ( -0.4666624454429763036, 46.83002249555135421, 208.4485850156315792 ) ) ;
#3581 = CARTESIAN_POINT ( 'NONE',  ( 48.66052223538312660, 20.01856953383997606, 283.3055368768748394 ) ) ;
#3582 = CARTESIAN_POINT ( 'NONE',  ( 1.331304062742782568, 10.42035447031314632, 486.5845591189742549 ) ) ;
#3583 = CARTESIAN_POINT ( 'NONE',  ( -42.40693842643423039, 33.14350070884479749, 125.6496688811246685 ) ) ;
#3584 = CARTESIAN_POINT ( 'NONE',  ( -39.06020232863851760, 22.03297716376309623, 65.04112273427379876 ) ) ;
#3585 = CARTESIAN_POINT ( 'NONE',  ( -2.558717127065790464E-14, 44.06772692158087068, 208.4485850156316360 ) ) ;
#3586 = CARTESIAN_POINT ( 'NONE',  ( -0.4788051107118245220, 44.22077823714662514, 191.9964749586207802 ) ) ;
#3587 = CARTESIAN_POINT ( 'NONE',  ( -59.71558549167485808, -8.266634582424307709, 438.4425714590527150 ) ) ;
#3588 = CARTESIAN_POINT ( 'NONE',  ( -42.96589143617847384, 31.18556485691491176, 153.5005236576155880 ) ) ;
#3589 = CARTESIAN_POINT ( 'NONE',  ( 35.61029944830622895, -13.34155306713987343, 501.3379992237896090 ) ) ;
#3590 = ORIENTED_EDGE ( 'NONE', *, *, #3976, .T. ) ;
#3591 = CARTESIAN_POINT ( 'NONE',  ( -0.7530634641720742595, 41.53540146153790857, 121.1832156547747701 ) ) ;
#3592 = B_SPLINE_SURFACE_WITH_KNOTS ( 'NONE', 3, 1, ( 
 ( #6951, #2028 ),
 ( #103, #3140 ),
 ( #639, #3264 ),
 ( #5616, #4486 ) ),
 .UNSPECIFIED., .F., .F., .F.,
 ( 4, 4 ),
 ( 2, 2 ),
 ( 0.000000000000000000, 1.000000000000000000 ),
 ( 0.000000000000000000, 1.000000000000000000 ),
 .UNSPECIFIED. ) ;
#3593 = CARTESIAN_POINT ( 'NONE',  ( -10.71961130750829305, 36.07779793481478237, 62.31912070581579144 ) ) ;
#3594 = ORIENTED_EDGE ( 'NONE', *, *, #5913, .F. ) ;
#3595 = CARTESIAN_POINT ( 'NONE',  ( 1.412905495387613675, 38.87119500223062829, 332.0564048275492723 ) ) ;
#3597 = VERTEX_POINT ( 'NONE', #495 ) ;
#3596 = CARTESIAN_POINT ( 'NONE',  ( 0.03644290303822678850, 41.30206390367992242, 117.7537376136693439 ) ) ;
#3598 = CARTESIAN_POINT ( 'NONE',  ( 3.066662445442872365, 43.83285165301852260, 205.8542147485816258 ) ) ;
#3599 = CARTESIAN_POINT ( 'NONE',  ( 3.313916258227276757, 1.354737596468937211, -46.71700391772461813 ) ) ;
#3600 = CARTESIAN_POINT ( 'NONE',  ( 7.174723310332784543, 37.01515882351735343, 87.57204674507018183 ) ) ;
#3601 = DIRECTION ( 'NONE',  ( 0.000000000000000000, 0.2207185206826549062, 0.9753375490709154105 ) ) ;
#3602 = CARTESIAN_POINT ( 'NONE',  ( -8.763922371670682665, 29.46165312694820315, 44.54995283789373417 ) ) ;
#3603 = CARTESIAN_POINT ( 'NONE',  ( 0.000000000000000000, 15.00000000000000000, 34.84931210984616712 ) ) ;
#3604 = DIRECTION ( 'NONE',  ( -0.000000000000000000, -0.000000000000000000, 1.000000000000000000 ) ) ;
#3605 = B_SPLINE_CURVE_WITH_KNOTS ( 'NONE', 3,
 ( #3687, #3771, #3163, #3121 ),
 .UNSPECIFIED., .F., .F.,
 ( 4, 4 ),
 ( 1.408535627889794322E-19, 0.006017731610462674456 ),
 .UNSPECIFIED. ) ;
#3606 = CARTESIAN_POINT ( 'NONE',  ( 150.0000000000001421, 9.607543969010292173, 355.1325008380466102 ) ) ;
#3607 = CARTESIAN_POINT ( 'NONE',  ( 25.35669516727676154, 32.65163020582140518, 91.11841087081705837 ) ) ;
#3608 = FACE_OUTER_BOUND ( 'NONE', #1123, .T. ) ;
#3609 = EDGE_CURVE ( 'NONE', #6487, #7218, #2108, .T. ) ;
#3610 = CARTESIAN_POINT ( 'NONE',  ( 59.97261899444817601, -10.31809425623221443, 446.5905760905740181 ) ) ;
#3611 = CARTESIAN_POINT ( 'NONE',  ( -2.609128897427963167, 31.12933798407032171, 46.40141838774393079 ) ) ;
#3612 = CARTESIAN_POINT ( 'NONE',  ( 2.736213125826711945, 46.60891240251953604, 207.1644506552606515 ) ) ;
#3614 = ORIENTED_EDGE ( 'NONE', *, *, #7709, .F. ) ;
#3613 = CARTESIAN_POINT ( 'NONE',  ( -2.650316221447130527, 28.51110833786872334, 17.25647961524052931 ) ) ;
#3615 = CARTESIAN_POINT ( 'NONE',  ( 0.6853503203660816778, 32.06987647093276195, 49.66803019644719797 ) ) ;
#3616 = ORIENTED_EDGE ( 'NONE', *, *, #259, .F. ) ;
#3617 = CARTESIAN_POINT ( 'NONE',  ( 0.000000000000000000, 47.37507383608854639, 214.0493118915661057 ) ) ;
#3618 = VECTOR ( 'NONE', #3772, 1000.000000000000000 ) ;
#3619 = EDGE_CURVE ( 'NONE', #3268, #2824, #4185, .T. ) ;
#3620 = CARTESIAN_POINT ( 'NONE',  ( 0.000000000000000000, 42.53272745866301818, 298.2006047040866861 ) ) ;
#3621 = CARTESIAN_POINT ( 'NONE',  ( -149.9999999999995453, 8.360301161202400522, 362.6762669712815068 ) ) ;
#3622 = AXIS2_PLACEMENT_3D ( 'NONE', #6146, #5528, #7980 ) ;
#3623 = DIRECTION ( 'NONE',  ( 0.000000000000000000, 0.5783651020807193399, 0.8157780388654496395 ) ) ;
#3624 = CARTESIAN_POINT ( 'NONE',  ( 48.61187793578222482, 32.92393923627010111, 164.2690193877255354 ) ) ;
#3625 = ADVANCED_FACE ( 'NONE', ( #3608 ), #6088, .F. ) ;
#3626 = DIRECTION ( 'NONE',  ( 0.000000000000000000, 0.000000000000000000, -1.000000000000000000 ) ) ;
#3627 = CARTESIAN_POINT ( 'NONE',  ( -150.0000000000005116, -2.468752498710066856, 425.1262764251987392 ) ) ;
#3628 = CARTESIAN_POINT ( 'NONE',  ( -38.58855260134024689, 32.85357610877778711, 143.9950898149016041 ) ) ;
#3629 = CIRCLE ( 'NONE', #142, 3.000000000000061728 ) ;
#3630 = CARTESIAN_POINT ( 'NONE',  ( -34.22508810935578794, 26.05000116218813844, 53.51328168532108975 ) ) ;
#3631 = VERTEX_POINT ( 'NONE', #3162 ) ;
#3632 = CARTESIAN_POINT ( 'NONE',  ( 0.1554090677336924797, 41.64678354182220232, 121.1114095634052887 ) ) ;
#3633 = CARTESIAN_POINT ( 'NONE',  ( -52.53891573317806518, 18.24069168520677664, 252.3546242644533777 ) ) ;
#3634 = CARTESIAN_POINT ( 'NONE',  ( -45.36302119092429308, 31.34142636064075305, 199.1123734765845370 ) ) ;
#3635 = CARTESIAN_POINT ( 'NONE',  ( -1.661913757546996440, 42.51371960543011141, 298.3404751548967511 ) ) ;
#3636 = VECTOR ( 'NONE', #2490, 1000.000000000000000 ) ;
#3637 = ORIENTED_EDGE ( 'NONE', *, *, #6145, .F. ) ;
#3638 = CARTESIAN_POINT ( 'NONE',  ( 0.04834734100924996392, 43.95116554213861804, 214.8528326761967264 ) ) ;
#3639 = CARTESIAN_POINT ( 'NONE',  ( 26.35674988608645464, 25.04923993672376170, 32.44508452609948534 ) ) ;
#3640 = CARTESIAN_POINT ( 'NONE',  ( -1.097754699641573239E-14, 43.73125660884991106, 161.6931810761359998 ) ) ;
#3641 = LINE ( 'NONE', #3802, #7921 ) ;
#3642 = CARTESIAN_POINT ( 'NONE',  ( -17.26382829946165742, 28.31691626591205946, 50.42030003464809340 ) ) ;
#3643 = CARTESIAN_POINT ( 'NONE',  ( 27.59136073858754301, 39.37365502281620877, 125.6496688811246401 ) ) ;
#3644 = CARTESIAN_POINT ( 'NONE',  ( -6.367695841458965056, 41.10705782143378428, 128.2895833834481607 ) ) ;
#3645 = CARTESIAN_POINT ( 'NONE',  ( 42.82036082025610568, 33.85106947388772625, 320.0000000000000568 ) ) ;
#3646 = CARTESIAN_POINT ( 'NONE',  ( 0.9828454332530879300, 36.32351723646309694, 75.15582840151407140 ) ) ;
#3647 = CARTESIAN_POINT ( 'NONE',  ( 12.58831365177849726, 42.50706323854148394, 219.4865450138730409 ) ) ;
#3648 = DIRECTION ( 'NONE',  ( -1.000000000000000000, 0.000000000000000000, 0.000000000000000000 ) ) ;
#3649 = CARTESIAN_POINT ( 'NONE',  ( 10.02488928357590936, 1.340599469649716324, 507.8357256156867834 ) ) ;
#3650 = DIRECTION ( 'NONE',  ( 0.000000000000000000, -0.005235963831417927289, -0.9999862922474268556 ) ) ;
#3651 = CARTESIAN_POINT ( 'NONE',  ( 0.3111197780304293392, 44.04262091099162291, 208.4485850156316360 ) ) ;
#3652 = CARTESIAN_POINT ( 'NONE',  ( -44.25161996825022470, 30.01030815280812547, 106.7462477122521278 ) ) ;
#3654 = ORIENTED_EDGE ( 'NONE', *, *, #4582, .T. ) ;
#3653 = CARTESIAN_POINT ( 'NONE',  ( 27.93320105887194060, 9.482709585563030785, -10.56185500302712477 ) ) ;
#3655 = CARTESIAN_POINT ( 'NONE',  ( 7.129361945304552250, 31.28082130084037260, 52.03724245581040009 ) ) ;
#3656 = ORIENTED_EDGE ( 'NONE', *, *, #2687, .F. ) ;
#3657 = CARTESIAN_POINT ( 'NONE',  ( 0.4793067485686602347, 44.08031082526967026, 180.3252812339152342 ) ) ;
#3658 = CARTESIAN_POINT ( 'NONE',  ( -0.5468133380711642788, 42.52867745541340838, 133.0534421279184016 ) ) ;
#3659 = FACE_OUTER_BOUND ( 'NONE', #30, .T. ) ;
#3660 = CARTESIAN_POINT ( 'NONE',  ( 149.9999999999993463, 17.39257541835625176, 283.2293150073691663 ) ) ;
#3661 = CARTESIAN_POINT ( 'NONE',  ( -6.733608421923275245, 13.22468183324905233, 471.8275841911045632 ) ) ;
#3662 = CARTESIAN_POINT ( 'NONE',  ( -1.573448402819587994E-14, 43.59248601773754928, 122.6496688811247111 ) ) ;
#3663 = CARTESIAN_POINT ( 'NONE',  ( 2.857415808226826837, -9.927841435840775830, -61.03830314543180435 ) ) ;
#3664 = CARTESIAN_POINT ( 'NONE',  ( -9.244463733058732095E-30, 42.59248601773754928, 125.6496688811247253 ) ) ;
#3665 = CARTESIAN_POINT ( 'NONE',  ( -2.512478394710995655, -1.256705077567221052, 529.6245464009108446 ) ) ;
#3666 = CARTESIAN_POINT ( 'NONE',  ( 0.4002987397944745562, 39.70239751817814522, 100.6904076425547032 ) ) ;
#3667 = EDGE_CURVE ( 'NONE', #8008, #2877, #6614, .T. ) ;
#3668 = CARTESIAN_POINT ( 'NONE',  ( -1.463168471159988160, -9.541087452738985064, 557.6191052689168828 ) ) ;
#3669 = ORIENTED_EDGE ( 'NONE', *, *, #7803, .T. ) ;
#3670 = CARTESIAN_POINT ( 'NONE',  ( -3.931118945290508204, 41.13467136896714749, 122.0279176881610681 ) ) ;
#3671 = CARTESIAN_POINT ( 'NONE',  ( 2.367866279720466594, 41.04594610967017587, 79.94441032751126386 ) ) ;
#3672 = FACE_OUTER_BOUND ( 'NONE', #1991, .T. ) ;
#3673 = VERTEX_POINT ( 'NONE', #660 ) ;
#3674 = CARTESIAN_POINT ( 'NONE',  ( 1.412905495387613675, 41.02947630906889032, 312.7536838202627791 ) ) ;
#3676 = EDGE_LOOP ( 'NONE', ( #3467, #7711 ) ) ;
#3675 = CARTESIAN_POINT ( 'NONE',  ( 7.147456549296080652, 40.37940029770359018, 120.1710921999382435 ) ) ;
#3677 = CARTESIAN_POINT ( 'NONE',  ( -3.350178695052929978, -24.66882895534568121, -76.10165956531285758 ) ) ;
#3678 = CARTESIAN_POINT ( 'NONE',  ( -2.696451919796043484, 24.93304462574336711, 5.026147061896571344 ) ) ;
#3679 = CARTESIAN_POINT ( 'NONE',  ( -3.503307256647204770, 43.60098354328266623, 169.4310384551987170 ) ) ;
#3680 = CARTESIAN_POINT ( 'NONE',  ( -3.520946555146675649E-14, 43.96472117872452401, 214.0493121098461415 ) ) ;
#3681 = CARTESIAN_POINT ( 'NONE',  ( -11.61996755449009200, 30.69904461039477184, 54.64905845149740315 ) ) ;
#3682 = CARTESIAN_POINT ( 'NONE',  ( 44.19389182603823230, 32.17940991490021219, 125.6496688811246969 ) ) ;
#3683 = DIRECTION ( 'NONE',  ( -1.000000000000000000, 0.000000000000000000, 0.000000000000000000 ) ) ;
#3684 = CARTESIAN_POINT ( 'NONE',  ( 34.66216709724815104, 32.60401496117759734, 120.1379659482138749 ) ) ;
#3685 = CARTESIAN_POINT ( 'NONE',  ( 19.87111347387259741, 41.59779966158059494, 125.6496688811247253 ) ) ;
#3686 = FACE_OUTER_BOUND ( 'NONE', #5435, .T. ) ;
#3687 = CARTESIAN_POINT ( 'NONE',  ( 2.187377882989505196E-14, 43.63286535125890708, 158.6936551324427569 ) ) ;
#3688 = CARTESIAN_POINT ( 'NONE',  ( 1.573448402819587994E-14, 43.59248601773754928, 128.6496688811247111 ) ) ;
#3689 = LINE ( 'NONE', #665, #7790 ) ;
#3690 = CARTESIAN_POINT ( 'NONE',  ( 0.000000000000000000, 0.000000000000000000, 125.6496688811247253 ) ) ;
#3692 = EDGE_LOOP ( 'NONE', ( #7914, #7044, #4535, #6136, #8006, #768, #7833, #1822, #3209, #1085, #630 ) ) ;
#3691 = CARTESIAN_POINT ( 'NONE',  ( -1.492388020602511300, 43.89655471583869684, 105.2734977285461468 ) ) ;
#3693 = ORIENTED_EDGE ( 'NONE', *, *, #5508, .T. ) ;
#3694 = CARTESIAN_POINT ( 'NONE',  ( 0.04456271635739999376, 42.46911583896250875, 133.0652366755853961 ) ) ;
#3695 = CARTESIAN_POINT ( 'NONE',  ( 0.5089756914984346903, 42.40295359850788515, 133.1092198027535858 ) ) ;
#3696 = CARTESIAN_POINT ( 'NONE',  ( 2.494058605264621864, 47.35519205386080444, 187.9034795196050140 ) ) ;
#3697 = CARTESIAN_POINT ( 'NONE',  ( 6.244008511223442248, 25.66205074593666069, 414.3400517412663362 ) ) ;
#3698 = CARTESIAN_POINT ( 'NONE',  ( 1.451531298192344277, -4.583017096774475441, 541.4743903544048180 ) ) ;
#3699 = CARTESIAN_POINT ( 'NONE',  ( -8.795409177669759160, 43.12517931502189583, 212.2342561932642013 ) ) ;
#3700 = CARTESIAN_POINT ( 'NONE',  ( -56.45112250455159142, -6.087123366960760507, 202.2480236927935380 ) ) ;
#3701 = DIRECTION ( 'NONE',  ( 0.000000000000000000, 0.000000000000000000, 1.000000000000000000 ) ) ;
#3702 = CARTESIAN_POINT ( 'NONE',  ( -9.623729406347049320, -10.66680710752643968, 548.6596272280612538 ) ) ;
#3703 = CARTESIAN_POINT ( 'NONE',  ( -2.991943564300866498, 39.27440856735002228, 101.2305084515005404 ) ) ;
#3704 = CARTESIAN_POINT ( 'NONE',  ( -32.18591200109555217, 26.35329278431959921, 50.54759823604332070 ) ) ;
#3705 = ORIENTED_EDGE ( 'NONE', *, *, #3279, .F. ) ;
#3706 = CARTESIAN_POINT ( 'NONE',  ( -3.110351319552131066, 40.10749695218385824, 109.7168272197196046 ) ) ;
#3707 = CARTESIAN_POINT ( 'NONE',  ( -8.431562461238529593, 46.07402497580898171, 158.2968993032507683 ) ) ;
#3708 = EDGE_CURVE ( 'NONE', #6884, #7180, #774, .T. ) ;
#3709 = DIRECTION ( 'NONE',  ( -0.000000000000000000, -0.000000000000000000, 1.000000000000000000 ) ) ;
#3710 = CARTESIAN_POINT ( 'NONE',  ( -42.82036082025610568, 32.84028577497314672, 328.7149750000689892 ) ) ;
#3711 = CARTESIAN_POINT ( 'NONE',  ( -14.34831546755199305, 42.05659129418643261, 174.8800468489623086 ) ) ;
#3713 = ORIENTED_EDGE ( 'NONE', *, *, #662, .T. ) ;
#3712 = CARTESIAN_POINT ( 'NONE',  ( -0.2945205785556735956, 41.95466006229710842, 126.2450973436077817 ) ) ;
#3714 = CARTESIAN_POINT ( 'NONE',  ( -3.405473301714406098, 47.26307688894742398, 189.0383105071873331 ) ) ;
#3715 = CARTESIAN_POINT ( 'NONE',  ( 56.08762438136983519, 3.832698960004560895, 215.3449030486479501 ) ) ;
#3716 = ADVANCED_FACE ( 'NONE', ( #6288 ), #3726, .T. ) ;
#3717 = CYLINDRICAL_SURFACE ( 'NONE', #3107, 29.59999999999998721 ) ;
#3718 = FILL_AREA_STYLE_COLOUR ( '', #7271 ) ;
#3719 = CARTESIAN_POINT ( 'NONE',  ( 0.3303235793864645609, 26.60999443741172499, 24.54735099216829752 ) ) ;
#3720 = CARTESIAN_POINT ( 'NONE',  ( 0.000000000000000000, 45.30957078689160511, 125.6496679993297505 ) ) ;
#3721 = CARTESIAN_POINT ( 'NONE',  ( -80.59194385665391280, 16.18280436951648937, 103.7926928775323461 ) ) ;
#3722 = EDGE_CURVE ( 'NONE', #6174, #4307, #126, .T. ) ;
#3723 = CARTESIAN_POINT ( 'NONE',  ( -2.997072321836579789, 46.58726841415155207, 206.5392909982973606 ) ) ;
#3724 = CARTESIAN_POINT ( 'NONE',  ( 2.253861092064105787, 13.62000221831030800, 472.6187073565538412 ) ) ;
#3725 = CARTESIAN_POINT ( 'NONE',  ( 0.05939899076543410372, 38.74022125838857988, 92.15718510698999921 ) ) ;
#3726 = CYLINDRICAL_SURFACE ( 'NONE', #282, 39.59999999999999432 ) ;
#3727 = CARTESIAN_POINT ( 'NONE',  ( 5.464782804719576781, 140.7522993944396603, 212.3858772881615096 ) ) ;
#3728 = LINE ( 'NONE', #663, #149 ) ;
#3729 = CARTESIAN_POINT ( 'NONE',  ( -9.244463733058732095E-30, 44.59248601773754928, 125.6496688811247253 ) ) ;
#3730 = CARTESIAN_POINT ( 'NONE',  ( -3.066662445442872365, 46.58797009215936669, 205.8542147485816258 ) ) ;
#3731 = DIRECTION ( 'NONE',  ( -0.000000000000000000, -0.5783651020807193399, -0.8157780388654496395 ) ) ;
#3733 = ORIENTED_EDGE ( 'NONE', *, *, #4017, .T. ) ;
#3732 = CARTESIAN_POINT ( 'NONE',  ( 20.62407662905724592, 42.79110105320698665, 140.4219543533417607 ) ) ;
#3734 = CARTESIAN_POINT ( 'NONE',  ( 42.85600908451699809, 26.28873955607273771, 101.5341283996631034 ) ) ;
#3735 = ORIENTED_EDGE ( 'NONE', *, *, #6740, .T. ) ;
#3736 = CARTESIAN_POINT ( 'NONE',  ( 34.23856500085457810, 36.62500730406381422, 205.8168527458506958 ) ) ;
#3737 = CARTESIAN_POINT ( 'NONE',  ( -5.464712794159235720, 42.86056831700848591, 161.6977400310335895 ) ) ;
#3738 = CARTESIAN_POINT ( 'NONE',  ( 48.87671600598984867, 11.59101201867309783, 351.9235384047881894 ) ) ;
#3739 = CARTESIAN_POINT ( 'NONE',  ( -7.189961064043363770, -9.266056063442162483, 554.1745012121198215 ) ) ;
#3740 = CARTESIAN_POINT ( 'NONE',  ( 44.95965009189017536, 30.33988575092048379, 125.6496688811247253 ) ) ;
#3741 = CARTESIAN_POINT ( 'NONE',  ( -28.58244982384469424, -15.21890313945408657, -45.70561207615780575 ) ) ;
#3742 = CARTESIAN_POINT ( 'NONE',  ( 4.770772710122012761, 41.32116224480089528, 127.5351157783044584 ) ) ;
#3743 = CARTESIAN_POINT ( 'NONE',  ( 3.727545067296664794, 47.23859572433627818, 200.7272427490211157 ) ) ;
#3744 = CARTESIAN_POINT ( 'NONE',  ( 28.58244982384469424, -15.21890313945408657, -45.70561207615780575 ) ) ;
#3745 = CARTESIAN_POINT ( 'NONE',  ( -0.2341199596266093363, 38.71825443764912933, 92.16123489594691875 ) ) ;
#3746 = CARTESIAN_POINT ( 'NONE',  ( 8.597347536120860667, 25.60261388104298419, 27.82948924883309161 ) ) ;
#3747 = VERTEX_POINT ( 'NONE', #7600 ) ;
#3748 = CARTESIAN_POINT ( 'NONE',  ( 0.2632968236027410924, 39.40249580158079823, 97.16565039670815906 ) ) ;
#3749 = CARTESIAN_POINT ( 'NONE',  ( 0.4892629760207006240, 44.45612882444888214, 275.6643461148192387 ) ) ;
#3750 = CARTESIAN_POINT ( 'NONE',  ( -3.711435809677785524, 47.23433504015129358, 190.0401607251043856 ) ) ;
#3751 = DIRECTION ( 'NONE',  ( 1.000000000000000000, 0.000000000000000000, 0.000000000000000000 ) ) ;
#3752 = CIRCLE ( 'NONE', #4541, 1.000000000000000888 ) ;
#3753 = CARTESIAN_POINT ( 'NONE',  ( -0.3807471904002299179, 40.54571454217782644, 109.1388643784302275 ) ) ;
#3754 = CIRCLE ( 'NONE', #2229, 1.000000000000000888 ) ;
#3755 = CARTESIAN_POINT ( 'NONE',  ( -56.44355950920334664, -5.401506154520962610, 202.8927154750770683 ) ) ;
#3756 = VECTOR ( 'NONE', #1114, 1000.000000000000000 ) ;
#3757 = CARTESIAN_POINT ( 'NONE',  ( 79.05674022718464755, 18.70769894339281336, 112.5241708736267157 ) ) ;
#3758 = DIRECTION ( 'NONE',  ( 0.000000000000000000, 0.000000000000000000, -1.000000000000000000 ) ) ;
#3759 = DIRECTION ( 'NONE',  ( 0.000000000000000000, 0.000000000000000000, -1.000000000000000000 ) ) ;
#3760 = CARTESIAN_POINT ( 'NONE',  ( 0.2370800124795012509, 26.59913394910569195, 24.54032274060198304 ) ) ;
#3761 = CARTESIAN_POINT ( 'NONE',  ( 7.500000000000000000, 24.87581779792214576, 23.34527260323320164 ) ) ;
#3762 = CARTESIAN_POINT ( 'NONE',  ( 0.8486857927523446810, 34.25527520538206261, 42.00482374486006165 ) ) ;
#3763 = VECTOR ( 'NONE', #6700, 1000.000000000000000 ) ;
#3764 = CARTESIAN_POINT ( 'NONE',  ( -6.999243490315190996, 41.02050001665309509, 128.6037122318992374 ) ) ;
#3765 = AXIS2_PLACEMENT_3D ( 'NONE', #4344, #1845, #1273 ) ;
#3766 = CARTESIAN_POINT ( 'NONE',  ( 40.64279130071612656, 19.78146202829371347, 391.0697883059202695 ) ) ;
#3767 = ADVANCED_FACE ( 'NONE', ( #6 ), #3199, .F. ) ;
#3768 = CARTESIAN_POINT ( 'NONE',  ( -0.2024337314658701537, 38.77312591424852428, 92.15554339017441521 ) ) ;
#3769 = CARTESIAN_POINT ( 'NONE',  ( 45.36302119092429308, 31.34142636064075305, 199.1123734765845370 ) ) ;
#3770 = EDGE_CURVE ( 'NONE', #2748, #2679, #4546, .T. ) ;
#3771 = CARTESIAN_POINT ( 'NONE',  ( -1.993589566883054331, 43.40795531031600518, 158.6948327694251475 ) ) ;
#3772 = DIRECTION ( 'NONE',  ( 8.372497766808336842E-17, -0.9999862922474268556, 0.005235963831417927289 ) ) ;
#3773 = CARTESIAN_POINT ( 'NONE',  ( -6.794558149371150435, 35.57707986698876823, 77.30506591113496029 ) ) ;
#3774 = DIRECTION ( 'NONE',  ( 0.000000000000000000, 0.000000000000000000, 1.000000000000000000 ) ) ;
#3775 = DIRECTION ( 'NONE',  ( 0.000000000000000000, 0.000000000000000000, -1.000000000000000000 ) ) ;
#3777 = ORIENTED_EDGE ( 'NONE', *, *, #5813, .F. ) ;
#3776 = CARTESIAN_POINT ( 'NONE',  ( 2.305531241410820442, 46.80903969351554395, 155.8088301420164328 ) ) ;
#3778 = CARTESIAN_POINT ( 'NONE',  ( 0.1117950061434915404, 33.77218663049568903, 58.08863201616107830 ) ) ;
#3779 = CARTESIAN_POINT ( 'NONE',  ( 6.205316380892803352, 43.60161062837699575, 193.8661806387102615 ) ) ;
#3780 = CARTESIAN_POINT ( 'NONE',  ( 4.553518249964221276, 42.50297733696621805, 146.1637853614825531 ) ) ;
#3781 = CARTESIAN_POINT ( 'NONE',  ( 1.772516036650905180, 46.79479583493538541, 188.1942405693729654 ) ) ;
#3782 = CARTESIAN_POINT ( 'NONE',  ( 5.833484303085390010, 40.92873967100756971, 312.9953586469236484 ) ) ;
#3783 = CARTESIAN_POINT ( 'NONE',  ( -2.512478394710995655, -1.256705077567221052, 529.6245464009108446 ) ) ;
#3784 = CARTESIAN_POINT ( 'NONE',  ( 3.732329755606725641, 47.23383139352144156, 190.4602416727404943 ) ) ;
#3785 = FACE_OUTER_BOUND ( 'NONE', #7956, .T. ) ;
#3786 = CARTESIAN_POINT ( 'NONE',  ( 150.0000000000000284, -0.1700441024495829567, 208.5255278475402463 ) ) ;
#3787 = CARTESIAN_POINT ( 'NONE',  ( -0.5844595523451794339, 38.67413547868505930, 92.18648453564750866 ) ) ;
#3788 = CARTESIAN_POINT ( 'NONE',  ( 0.3729016419362631285, 26.52885928001896687, 24.52471642032073973 ) ) ;
#3789 = VERTEX_POINT ( 'NONE', #2597 ) ;
#3790 = CARTESIAN_POINT ( 'NONE',  ( -25.31148931905830679, 36.49522702731425028, 124.5960175714944000 ) ) ;
#3791 = CARTESIAN_POINT ( 'NONE',  ( 1.423592574024759250, 42.54900955428178833, 298.0807919074272831 ) ) ;
#3792 = CARTESIAN_POINT ( 'NONE',  ( -3.732426848481441350, 47.23294589117398345, 190.2484994011257697 ) ) ;
#3793 = CARTESIAN_POINT ( 'NONE',  ( -39.83570236460560920, 26.40702837116184654, 69.16083407968433505 ) ) ;
#3794 = CARTESIAN_POINT ( 'NONE',  ( -48.87671600598984867, 11.59101201867309783, 351.9235384047881894 ) ) ;
#3795 = CARTESIAN_POINT ( 'NONE',  ( -45.72896168605495859, 31.17520008457887926, 214.9454765612908602 ) ) ;
#3797 = VERTEX_POINT ( 'NONE', #7475 ) ;
#3796 = CARTESIAN_POINT ( 'NONE',  ( -0.04878375668451735703, 41.92509732070118389, 126.2519669317314595 ) ) ;
#3798 = CARTESIAN_POINT ( 'NONE',  ( 2.177870899758768797, 40.22581148224816872, 109.4740708833820833 ) ) ;
#3799 = CARTESIAN_POINT ( 'NONE',  ( -86.78479610272228228, -8.426922040965695970, 51.82892328279097427 ) ) ;
#3800 = CARTESIAN_POINT ( 'NONE',  ( 50.87203371489453474, 19.93273469430910438, 264.0063586441475536 ) ) ;
#3801 = DIRECTION ( 'NONE',  ( 0.000000000000000000, 0.000000000000000000, -1.000000000000000000 ) ) ;
#3802 = CARTESIAN_POINT ( 'NONE',  ( 0.000000000000000000, 29.47866109171257776, 34.84931210984616712 ) ) ;
#3803 = CARTESIAN_POINT ( 'NONE',  ( -0.7522428960698155365, 26.48586559991848333, 24.54658038139638165 ) ) ;
#3804 = CARTESIAN_POINT ( 'NONE',  ( -39.83570236460563052, 22.42589079228451610, 69.16083407968426400 ) ) ;
#3805 = CARTESIAN_POINT ( 'NONE',  ( 1.646572234496929799, 37.62464340957060926, 58.81954004802969393 ) ) ;
#3806 = CARTESIAN_POINT ( 'NONE',  ( 7.500000000000000000, 24.87581779792214576, 23.34527260323320164 ) ) ;
#3807 = CARTESIAN_POINT ( 'NONE',  ( -1.788897586348170865, 20.19855326254756278, 444.2540033977297185 ) ) ;
#3808 = CARTESIAN_POINT ( 'NONE',  ( 10.65231748920743193, 37.32814953505183553, 96.45955583479691597 ) ) ;
#3809 = CARTESIAN_POINT ( 'NONE',  ( 5.464712794159266807, 43.51203873718162640, 212.1950211597117004 ) ) ;
#3810 = DIRECTION ( 'NONE',  ( -1.000000000000000000, 0.000000000000000000, 0.000000000000000000 ) ) ;
#3811 = CARTESIAN_POINT ( 'NONE',  ( -1.000000000000015987, 43.59248601773754928, 122.6496688811247111 ) ) ;
#3812 = CARTESIAN_POINT ( 'NONE',  ( -7.153532762512861964, 35.52883306613287573, 77.49880867664404605 ) ) ;
#3813 = DIRECTION ( 'NONE',  ( -1.000000000000000000, 0.000000000000000000, 0.000000000000000000 ) ) ;
#3814 = ADVANCED_FACE ( 'NONE', ( #6324, #5064 ), #2008, .F. ) ;
#3815 = CYLINDRICAL_SURFACE ( 'NONE', #2722, 1.000000000000000222 ) ;
#3817 = ORIENTED_EDGE ( 'NONE', *, *, #1157, .T. ) ;
#3816 = CARTESIAN_POINT ( 'NONE',  ( 54.82390645621840264, 12.55502082587985413, 233.5480463257898407 ) ) ;
#3818 = CARTESIAN_POINT ( 'NONE',  ( 26.25251533870232379, 29.99903573952534330, 75.19037745280071761 ) ) ;
#3819 = CARTESIAN_POINT ( 'NONE',  ( -0.3873919331120707632, 44.30154784800465251, 191.8916235624195963 ) ) ;
#3820 = CARTESIAN_POINT ( 'NONE',  ( -2.057550515596267893, 42.21427697670294776, 133.4046606450636716 ) ) ;
#3821 = CARTESIAN_POINT ( 'NONE',  ( 3.066662445442866147, 46.63656650461147279, 190.2913174978012307 ) ) ;
#3822 = CARTESIAN_POINT ( 'NONE',  ( 1.850464964290566172, 28.57020904146000362, 400.4539919784762674 ) ) ;
#3823 = CARTESIAN_POINT ( 'NONE',  ( 0.000000000000000000, -9.605528623052503434, 557.6875022617330160 ) ) ;
#3824 = CARTESIAN_POINT ( 'NONE',  ( 0.000000000000000000, 45.42774107384031623, 127.2813352704164060 ) ) ;
#3825 = PLANE ( 'NONE',  #1448 ) ;
#3826 = CARTESIAN_POINT ( 'NONE',  ( -0.5904223920472004838, 15.00000000000000000, 74.44931210984616143 ) ) ;
#3827 = CARTESIAN_POINT ( 'NONE',  ( -1.913171683458406047, -24.72062763175912892, -76.21716178040844625 ) ) ;
#3828 = EDGE_CURVE ( 'NONE', #7224, #7828, #7739, .T. ) ;
#3829 = CARTESIAN_POINT ( 'NONE',  ( -39.32903526701460351, 31.92868827068638637, 136.9057292979403258 ) ) ;
#3830 = CARTESIAN_POINT ( 'NONE',  ( -39.83570236460560920, 26.40702837116184654, 69.16083407968433505 ) ) ;
#3831 = VERTEX_POINT ( 'NONE', #1106 ) ;
#3832 = CARTESIAN_POINT ( 'NONE',  ( -8.585531190083736774, 39.36709858055004219, 112.3150258973065831 ) ) ;
#3833 = CARTESIAN_POINT ( 'NONE',  ( -149.9999999999993463, 17.13590603533871715, 269.4952211729575993 ) ) ;
#3834 = CARTESIAN_POINT ( 'NONE',  ( -0.5246593421263895385, 47.55137746071891769, 187.2654246439283554 ) ) ;
#3835 = CARTESIAN_POINT ( 'NONE',  ( 42.37057105754428221, 22.37346977414276950, 87.97184756611208911 ) ) ;
#3836 = CARTESIAN_POINT ( 'NONE',  ( 0.5283684085479281034, 28.60797005037408525, 400.7130692314507883 ) ) ;
#3837 = VERTEX_POINT ( 'NONE', #486 ) ;
#3838 = CARTESIAN_POINT ( 'NONE',  ( 2.853196301606920837, -5.731608919956029169, -56.50461328002980821 ) ) ;
#3839 = CARTESIAN_POINT ( 'NONE',  ( 1.804609380603317659, 47.33502354556333103, 208.0852409626032227 ) ) ;
#3840 = DIRECTION ( 'NONE',  ( 0.000000000000000000, 0.000000000000000000, -1.000000000000000000 ) ) ;
#3841 = CARTESIAN_POINT ( 'NONE',  ( 0.1160156556131242689, 28.68881128849321982, 32.82331141324519308 ) ) ;
#3842 = CARTESIAN_POINT ( 'NONE',  ( -150.0000000000000568, 14.41729715668834189, 243.9122022442739706 ) ) ;
#3843 = CARTESIAN_POINT ( 'NONE',  ( -6.501381502748055929, 40.46849828977065755, 119.8444608632665762 ) ) ;
#3844 = CARTESIAN_POINT ( 'NONE',  ( 12.20178374623678863, 24.99215593519244649, 410.8332455709494866 ) ) ;
#3845 = CARTESIAN_POINT ( 'NONE',  ( 6.322780931732022047, 36.87220765713150428, 85.57932595545719323 ) ) ;
#3846 = CARTESIAN_POINT ( 'NONE',  ( 8.002563437606301733, 44.09522311313273946, 125.6496688811246969 ) ) ;
#3847 = ORIENTED_EDGE ( 'NONE', *, *, #2775, .T. ) ;
#3848 = FACE_OUTER_BOUND ( 'NONE', #3692, .T. ) ;
#3849 = CYLINDRICAL_SURFACE ( 'NONE', #2603, 1.000000000000000888 ) ;
#3850 = LINE ( 'NONE', #6328, #3360 ) ;
#3851 = CARTESIAN_POINT ( 'NONE',  ( -0.09654538586213126661, 35.19448973182549878, 66.58436280145703279 ) ) ;
#3852 = CARTESIAN_POINT ( 'NONE',  ( -2.983239290054239934, 43.83336225888290727, 206.5271580310887600 ) ) ;
#3853 = DIRECTION ( 'NONE',  ( -0.08045774873365074686, 0.9967580201175773036, 0.000000000000000000 ) ) ;
#3855 = ORIENTED_EDGE ( 'NONE', *, *, #3178, .F. ) ;
#3854 = CARTESIAN_POINT ( 'NONE',  ( -1.578577519813644470, 40.94661473732806911, 79.90822356737034227 ) ) ;
#3856 = CARTESIAN_POINT ( 'NONE',  ( -0.4410765303093447942, 33.84085658852770706, 58.10787386674702049 ) ) ;
#3857 = CARTESIAN_POINT ( 'NONE',  ( 5.137739235627760692, 43.72929188807277257, 193.4187966662072427 ) ) ;
#3858 = EDGE_CURVE ( 'NONE', #588, #5324, #7339, .T. ) ;
#3859 = CARTESIAN_POINT ( 'NONE',  ( 2.780487350939112368, 43.32673403389787126, 157.3662287193949965 ) ) ;
#3860 = DIRECTION ( 'NONE',  ( 0.000000000000000000, -0.9999862922474268556, 0.005235963831417927289 ) ) ;
#3861 = CARTESIAN_POINT ( 'NONE',  ( 0.000000000000000000, 40.21921743771114421, 320.0002838484802510 ) ) ;
#3862 = CARTESIAN_POINT ( 'NONE',  ( -7.118748418129577260, -1.685585176228954429, 528.7463543470161085 ) ) ;
#3863 = CARTESIAN_POINT ( 'NONE',  ( -5.966662445441321516, 42.84486042551422713, 158.6977811542913628 ) ) ;
#3864 = CARTESIAN_POINT ( 'NONE',  ( -3.302423590642567852, 4.628195515106217073, -41.47021073289514703 ) ) ;
#3865 = CARTESIAN_POINT ( 'NONE',  ( 1.645711706715417666, 43.84034793489631454, 214.0493121098460847 ) ) ;
#3866 = CARTESIAN_POINT ( 'NONE',  ( -2.545275847175163086, 43.86679528997784416, 188.8676678262996518 ) ) ;
#3867 = CARTESIAN_POINT ( 'NONE',  ( 0.3495657017747383355, 37.73107893873757490, 83.62329387815267978 ) ) ;
#3868 = CARTESIAN_POINT ( 'NONE',  ( 0.1846806368931615261, 26.55044210101155144, 24.52535648436699134 ) ) ;
#3869 = CARTESIAN_POINT ( 'NONE',  ( 8.099326851220171264, 43.01348348942376276, 171.4644991433609675 ) ) ;
#3870 = EDGE_CURVE ( 'NONE', #2638, #3067, #5097, .T. ) ;
#3871 = ORIENTED_EDGE ( 'NONE', *, *, #7502, .T. ) ;
#3872 = CARTESIAN_POINT ( 'NONE',  ( 0.3026993437277109567, 36.20655314586358742, 73.21733804281454638 ) ) ;
#3873 = CARTESIAN_POINT ( 'NONE',  ( -5.882888988652245743, 42.38580333701526115, 298.7586613606674177 ) ) ;
#3874 = ADVANCED_FACE ( 'NONE', ( #6676 ), #7264, .F. ) ;
#3875 = CARTESIAN_POINT ( 'NONE',  ( -3.066662445442866147, 46.63656650461146569, 190.2913174977990707 ) ) ;
#3876 = CARTESIAN_POINT ( 'NONE',  ( -2.631523183476900396, 47.25899675900104313, 208.2721673345861007 ) ) ;
#3877 = CARTESIAN_POINT ( 'NONE',  ( -149.9999999999995453, 8.360301161202400522, 362.6762669712815068 ) ) ;
#3878 = CARTESIAN_POINT ( 'NONE',  ( 0.2571189679584107712, 43.08423610133613835, 144.9245633595929519 ) ) ;
#3879 = ORIENTED_EDGE ( 'NONE', *, *, #1365, .F. ) ;
#3880 = CARTESIAN_POINT ( 'NONE',  ( -0.5574386245170200871, 41.69566877311076070, 121.1104652326074103 ) ) ;
#3881 = CARTESIAN_POINT ( 'NONE',  ( -150.0000000000000284, 2.675617566335641406, 211.3246760485956202 ) ) ;
#3882 = CARTESIAN_POINT ( 'NONE',  ( 2.444575637436102067, 47.28599825024186742, 207.5466117655874143 ) ) ;
#3883 = CARTESIAN_POINT ( 'NONE',  ( 39.06020232863851760, 22.03297716376309623, 65.04112273427379876 ) ) ;
#3884 = CARTESIAN_POINT ( 'NONE',  ( -49.39653343234940053, 20.51037028168877541, 93.83960901874520744 ) ) ;
#3885 = CARTESIAN_POINT ( 'NONE',  ( 0.7892887599068222348, 40.84728336498595525, 79.87203680722943488 ) ) ;
#3886 = CARTESIAN_POINT ( 'NONE',  ( 0.3386864461448267360, 40.59920313491442556, 109.2196357298308698 ) ) ;
#3887 = CIRCLE ( 'NONE', #1965, 0.5999999999999969802 ) ;
#3889 = EDGE_LOOP ( 'NONE', ( #5209, #903 ) ) ;
#3888 = CARTESIAN_POINT ( 'NONE',  ( 36.66323368014896289, 32.73861983996579283, 132.2638744421921615 ) ) ;
#3890 = ORIENTED_EDGE ( 'NONE', *, *, #7102, .F. ) ;
#3891 = CARTESIAN_POINT ( 'NONE',  ( 28.62580084016314075, -19.75740349066564150, -50.39037838586354923 ) ) ;
#3892 = CARTESIAN_POINT ( 'NONE',  ( -1.898131457938402100, 43.78428066519849438, 168.9428872305931861 ) ) ;
#3893 = CARTESIAN_POINT ( 'NONE',  ( 1.812138725965408037, 37.71872070249668951, 85.36751184039594875 ) ) ;
#3894 = DIRECTION ( 'NONE',  ( -1.000000000000000000, 0.000000000000000000, 0.000000000000000000 ) ) ;
#3895 = CARTESIAN_POINT ( 'NONE',  ( -46.02352825587487217, 27.25697339231243177, 126.8678331720395676 ) ) ;
#3896 = CARTESIAN_POINT ( 'NONE',  ( 1.146769735279868030, 46.97260807575818831, 187.9357635960772654 ) ) ;
#3897 = CIRCLE ( 'NONE', #5059, 0.5999999999999978684 ) ;
#3898 = VECTOR ( 'NONE', #3810, 1000.000000000000000 ) ;
#3899 = B_SPLINE_CURVE_WITH_KNOTS ( 'NONE', 3,
 ( #5353, #1078, #7314, #7845 ),
 .UNSPECIFIED., .F., .F.,
 ( 4, 4 ),
 ( 2.775557561562891351E-17, 0.01539160202285660452 ),
 .UNSPECIFIED. ) ;
#3900 = DIRECTION ( 'NONE',  ( 1.000000000000000000, 0.000000000000000000, 0.000000000000000000 ) ) ;
#3902 = VERTEX_POINT ( 'NONE', #1636 ) ;
#3901 = CARTESIAN_POINT ( 'NONE',  ( 149.9999999999993463, 17.39257541835625176, 283.2293150073691663 ) ) ;
#3903 = CARTESIAN_POINT ( 'NONE',  ( 30.54600847627812854, 27.67561966786831107, 72.35640273541140743 ) ) ;
#3904 = CARTESIAN_POINT ( 'NONE',  ( -0.2418479551748099199, 44.28817485205016879, 191.9049934277676357 ) ) ;
#3905 = CARTESIAN_POINT ( 'NONE',  ( -5.121762714612341227, 41.82381461822990332, 134.5196701063286753 ) ) ;
#3906 = CARTESIAN_POINT ( 'NONE',  ( 40.20594781382494887, 33.71722073997202074, 182.5768526344181168 ) ) ;
#3907 = LINE ( 'NONE', #5820, #929 ) ;
#3908 = CARTESIAN_POINT ( 'NONE',  ( 0.4637911912393140046, 44.17423869205335762, 180.2253491405484169 ) ) ;
#3909 = CARTESIAN_POINT ( 'NONE',  ( 53.41671992373075284, 4.732634878479694329, 384.7797939231693363 ) ) ;
#3910 = DIRECTION ( 'NONE',  ( 0.000000000000000000, 0.000000000000000000, -1.000000000000000000 ) ) ;
#3911 = CARTESIAN_POINT ( 'NONE',  ( 16.36905300890631665, 45.41528561443361411, 214.0493121098461131 ) ) ;
#3912 = CARTESIAN_POINT ( 'NONE',  ( -3.313916258227276757, 1.354737596468937211, -46.71700391772461813 ) ) ;
#3913 = CARTESIAN_POINT ( 'NONE',  ( -2.998894493888452750, 43.86679528997784416, 189.7831963936988871 ) ) ;
#3914 = CARTESIAN_POINT ( 'NONE',  ( -3.891320490451445568, 35.95578589294388649, 75.94222029687011855 ) ) ;
#3915 = CARTESIAN_POINT ( 'NONE',  ( 0.000000000000000000, 47.60175118634028735, 187.2656339773372167 ) ) ;
#3916 = ORIENTED_EDGE ( 'NONE', *, *, #1844, .T. ) ;
#3917 = CARTESIAN_POINT ( 'NONE',  ( -0.5929759404763650377, 37.87307077907006203, 85.19010150595444486 ) ) ;
#3918 = CARTESIAN_POINT ( 'NONE',  ( -1.850464964290566172, 28.57020904146000362, 400.4539919784762674 ) ) ;
#3919 = CARTESIAN_POINT ( 'NONE',  ( -3.073199243075957821, 47.29641507708582537, 188.5080219900442273 ) ) ;
#3920 = ADVANCED_FACE ( 'NONE', ( #2992 ), #5337, .T. ) ;
#3921 = CARTESIAN_POINT ( 'NONE',  ( -1.097754699641573239E-14, 43.73125660884991106, 161.6931810761359998 ) ) ;
#3922 = CARTESIAN_POINT ( 'NONE',  ( 0.000000000000000000, 20.11671744806442774, 444.2109482500774220 ) ) ;
#3923 = CARTESIAN_POINT ( 'NONE',  ( -2.780487350939112368, 43.32673403389787126, 157.3662287193949965 ) ) ;
#3924 = ORIENTED_EDGE ( 'NONE', *, *, #6898, .T. ) ;
#3925 = CARTESIAN_POINT ( 'NONE',  ( 0.5257669547164623980, 41.56343464440406876, 121.1539679106408585 ) ) ;
#3926 = CARTESIAN_POINT ( 'NONE',  ( -12.49172242615647477, -6.277043314077721980, -50.97366954480303747 ) ) ;
#3927 = DIRECTION ( 'NONE',  ( 0.000000000000000000, 0.000000000000000000, -1.000000000000000000 ) ) ;
#3928 = DIRECTION ( 'NONE',  ( -1.000000000000000000, 0.000000000000000000, -0.000000000000000000 ) ) ;
#3929 = CARTESIAN_POINT ( 'NONE',  ( 22.77378101143937172, 28.15462770287103211, 41.62448258700321446 ) ) ;
#3930 = CARTESIAN_POINT ( 'NONE',  ( -34.52400408080006855, 35.18495597804556496, 154.1031944720939180 ) ) ;
#3931 = VERTEX_POINT ( 'NONE', #2967 ) ;
#3932 = ORIENTED_EDGE ( 'NONE', *, *, #3828, .F. ) ;
#3933 = B_SPLINE_SURFACE_WITH_KNOTS ( 'NONE', 3, 3, ( 
 ( #1552, #6491, #5728, #1595, #7023, #4507, #3972, #4551, #255, #5142, #4013, #2643, #2758, #1478, #6327, #7140, #2093, #7064, #177, #830, #1516, #5263, #296, #788, #3245, #7684, #2167, #6451, #3290, #5104, #7641, #7722, #7603, #3935, #5848, #2717, #6413, #218, #873, #5187 ),
 ( #4626, #2133, #5227, #915, #2050, #4593, #6977, #3364, #958, #3407, #5887, #333, #2795, #1435, #3893, #6373, #7759, #2203, #5383, #2315, #4216, #6043, #3600, #1144, #1032, #7184, #4855, #6080, #4704, #1639, #2994, #7877, #4094, #4743, #6006, #6609, #451, #2914, #5925, #1680 ),
 ( #4821, #7306, #3527, #6566, #529, #6678, #7267, #1722, #5347, #4780, #5301, #2392, #5465, #2280, #7959, #7341, #6531, #3563, #4055, #7917, #3486, #4179, #6646, #488, #1107, #5963, #994, #4136, #3448, #1072, #2949, #7796, #415, #371, #2835, #5419, #2356, #2244, #1754, #2878 ),
 ( #7837, #7227, #7378, #1221, #3753, #6240, #5629, #76, #7505, #1951, #1832, #8027, #2464, #1347, #4933, #3798, #6278, #732, #3189, #116, #7553, #2584, #5049, #1998, #161, #206, #7053, #7011, #7088, #3277, #2707, #5131, #4001, #4536, #285, #1542, #1505, #4616, #3960, #6628 ),
 ( #1467, #3880, #5837, #1048, #246, #3504, #7629, #5758, #6442, #7674, #904, #3925, #5983, #2627, #2749, #2895, #5363, #5217, #2081, #7588, #7856, #5090, #1697, #6401, #5712, #859, #3316, #5174, #2296, #5797, #7713, #4156, #4759, #7243, #3231, #2038, #4495, #6964, #6361, #2669 ),
 ( #4311, #3658, #7935, #6059, #7893, #1241, #5481, #6138, #5439, #2370, #2330, #3695, #3545, #550, #4876, #7974, #2407, #4194, #4835, #6177, #3008, #7320, #7361, #632, #1812, #1893, #7285, #20, #4270, #1202, #3089, #2489, #1773, #5401, #6738, #4235, #5565, #4796, #6696, #3050 ),
 ( #4954, #5522, #7447, #4352, #1086, #8010, #6023, #5610, #59, #3258, #7530, #1282, #7650, #2567, #7574, #2528, #1328, #2022, #3780, #5781, #228, #6337, #4480, #4991, #2612, #7485, #1933, #797, #1980, #2103, #7614, #4393, #6262, #715, #1443, #6909, #3906, #6383, #4516, #138 ),
 ( #3172, #5738, #4439, #5649, #98, #5029, #6944, #6299, #757, #1406, #2688, #187, #3212, #5691, #5076, #2653, #3859, #5113, #2060, #6988, #5932, #7846, #2766, #3455, #3415, #3374, #3982, #5234, #1523, #4634, #2726, #2211, #7109, #1560, #4023, #6501, #3944, #5895, #2803, #7152 ),
 ( #4714, #5270, #7033, #264, #1487, #6423, #7766, #1604, #380, #7193, #5312, #4103, #6574, #2253, #884, #2698, #5165, #2576, #5039, #6827, #5701, #7542, #4449, #766, #6919, #151, #3869, #6348, #811, #5749, #197, #2662, #2150, #431, #350, #895, #3390, #2262, #1618, #1573 ),
 ( #6433, #3346, #2814, #1658, #2740, #4075, #3466, #1852, #1200, #1771, #1811, #3657, #3049, #7401, #4308, #1696, #6777, #5736, #3171, #754, #6817, #6298, #3211, #4391, #1371, #4351, #1442, #2059, #1325, #3255, #6381, #5563, #2609, #7613, #6943, #3736, #1977, #4438, #5075, #6908 ),
 ( #5028, #5609, #3819, #185, #5689, #3904, #1281, #4514, #137, #7573, #2652, #6985, #6214, #2487, #7528, #3133, #4479, #4952, #673, #2021, #1405, #3857, #6335, #796, #3779, #7444, #58, #2525, #6861, #4989, #5112, #7484, #1892, #3087, #17, #1932, #6261, #714, #5647, #97 ),
 ( #2566, #7692, #6537, #2842, #1559, #7765, #2210, #5780, #5819, #4633, #4600, #4671, #883, #303, #2725, #1603, #2140, #2802, #7151, #7108, #4062, #964, #4102, #7070, #226, #5197, #1522, #3454, #3981, #379, #6458, #3298, #2102, #1647, #5311, #5856, #3414, #7805, #2252, #4713 ),
 ( #7192, #2765, #5151, #838, #4561, #7032, #5233, #1486, #3943, #6422, #3336, #1801, #6653, #2956, #7387, #4785, #579, #5427, #7349, #6721, #6049, #7234, #3037, #1189, #1842, #5511, #1729, #7925, #4827, #3647, #537, #2435, #1039, #3535, #1686, #3494, #5971, #4144, #6618, #422 ) ),
 .UNSPECIFIED., .F., .F., .F.,
 ( 4, 3, 3, 3, 4 ),
 ( 4, 3, 3, 3, 3, 3, 3, 3, 3, 3, 3, 3, 3, 4 ),
 ( 0.5944052021959674859, 0.6181155542841205719, 0.6418259063722735469, 0.6655362584604265219, 0.6892466105485796080 ),
 ( -0.0009637171250099557315, -0.0001467510766555659872, 0.0006702149716988237572, 0.002304147068407603246, 0.005572011261825162223, 0.01210773964866027931, 0.02517919642233051522, 0.03171492480916563578, 0.03825065319600075286, 0.05132210996967098704, 0.1036079370643519237, 0.2081795912537137971, 0.3127512454430756983, 0.4173228996324375717 ),
 .UNSPECIFIED. ) ;
#3934 = DIRECTION ( 'NONE',  ( -1.000000000000000000, 0.000000000000000000, 0.000000000000000000 ) ) ;
#3935 = CARTESIAN_POINT ( 'NONE',  ( 36.51844676396996192, 29.90215367226527121, 104.6046822071109830 ) ) ;
#3936 = CARTESIAN_POINT ( 'NONE',  ( 0.000000000000000000, 42.84486042551422713, 158.6977811542913344 ) ) ;
#3937 = CARTESIAN_POINT ( 'NONE',  ( 0.4410765303093447942, 33.84085658852770706, 58.10787386674702049 ) ) ;
#3938 = CARTESIAN_POINT ( 'NONE',  ( 0.000000000000000000, 47.50533970248760340, 165.9552091831570237 ) ) ;
#3939 = CARTESIAN_POINT ( 'NONE',  ( -42.95965009189016826, 30.33988575092048379, 125.6496688811247253 ) ) ;
#3941 = ORIENTED_EDGE ( 'NONE', *, *, #3026, .F. ) ;
#3940 = CARTESIAN_POINT ( 'NONE',  ( 15.55331741631335696, 45.35218854345084338, 234.3705618064915370 ) ) ;
#3942 = CARTESIAN_POINT ( 'NONE',  ( 4.699460696977423524, 34.61687498370066862, 67.73308332708293733 ) ) ;
#3943 = CARTESIAN_POINT ( 'NONE',  ( 0.04227827165654021724, 43.94411104515924649, 214.8652050998196046 ) ) ;
#3944 = CARTESIAN_POINT ( 'NONE',  ( 39.07886594259075252, 34.46193020959753284, 191.7681850080188610 ) ) ;
#3945 = CARTESIAN_POINT ( 'NONE',  ( 0.1730462602384160442, 47.58811184222839330, 187.8683353891092054 ) ) ;
#3946 = CARTESIAN_POINT ( 'NONE',  ( -8.271550478875903778, 43.33592083327297928, 194.7890184012329087 ) ) ;
#3947 = CARTESIAN_POINT ( 'NONE',  ( 54.57948805689258620, 2.996616612384304545, 392.2234430773698364 ) ) ;
#3948 = CARTESIAN_POINT ( 'NONE',  ( -3.066662445442872365, 46.64169042395536735, 200.7238313810956072 ) ) ;
#3949 = CARTESIAN_POINT ( 'NONE',  ( 2.801854676331789307, 43.91000954763816821, 189.3093518612100468 ) ) ;
#3950 = CARTESIAN_POINT ( 'NONE',  ( 1.892463454547965274, 1.631141071689482525, -46.56294020973754044 ) ) ;
#3951 = CARTESIAN_POINT ( 'NONE',  ( 28.52649240996227320, -9.360615050134562409, -39.65852415072266979 ) ) ;
#3952 = CARTESIAN_POINT ( 'NONE',  ( -6.676839218771922546, 36.82455149287467577, 85.76326642092075758 ) ) ;
#3953 = CARTESIAN_POINT ( 'NONE',  ( 0.5193449492884959495, 30.45827846133439820, 41.21141245884676607 ) ) ;
#3954 = VERTEX_POINT ( 'NONE', #7857 ) ;
#3955 = CARTESIAN_POINT ( 'NONE',  ( -5.724677935544512763, 37.21091163858388029, 86.82475278161591348 ) ) ;
#3956 = CARTESIAN_POINT ( 'NONE',  ( 25.25810368633090164, 30.80518904790463353, 56.02471470947404697 ) ) ;
#3957 = CARTESIAN_POINT ( 'NONE',  ( -150.0000000000001421, 9.607543969010292173, 355.1325008380466102 ) ) ;
#3958 = CARTESIAN_POINT ( 'NONE',  ( 0.8058345164804590066, 46.91357465816093963, 187.8683353890677097 ) ) ;
#3959 = EDGE_LOOP ( 'NONE', ( #561, #4769, #3855, #2564 ) ) ;
#3960 = CARTESIAN_POINT ( 'NONE',  ( 48.86608129117072252, 28.57096670927270665, 168.4633101221828611 ) ) ;
#3961 = ADVANCED_FACE ( 'NONE', ( #4114 ), #7818, .F. ) ;
#3962 = CARTESIAN_POINT ( 'NONE',  ( 1.878238518609093521, 8.033333812045590605, -35.84821112819088995 ) ) ;
#3963 = CARTESIAN_POINT ( 'NONE',  ( 0.8554508100785535030, 47.41031132365695555, 208.4252136859620634 ) ) ;
#3964 = CARTESIAN_POINT ( 'NONE',  ( -12.10704230761984945, 25.18622829111965444, 29.98301724568456805 ) ) ;
#3965 = CARTESIAN_POINT ( 'NONE',  ( 0.5768058027885383243, 47.66852144650732015, 205.0091658014256382 ) ) ;
#3967 = ORIENTED_EDGE ( 'NONE', *, *, #6155, .F. ) ;
#3966 = CARTESIAN_POINT ( 'NONE',  ( 33.99743209328332938, 33.54855140924520640, 127.6220195864440399 ) ) ;
#3968 = EDGE_CURVE ( 'NONE', #2755, #1514, #5891, .T. ) ;
#3969 = ORIENTED_EDGE ( 'NONE', *, *, #5098, .F. ) ;
#3970 = CARTESIAN_POINT ( 'NONE',  ( -2.856219491863008830, -8.493023692875212305, -59.56494007984454697 ) ) ;
#3971 = CARTESIAN_POINT ( 'NONE',  ( 0.3353840736746636630, 44.02613541404931397, 168.5725778161456674 ) ) ;
#3972 = CARTESIAN_POINT ( 'NONE',  ( -0.2413631579090873280, 36.19885270384604325, 73.21525764471651598 ) ) ;
#3973 = CARTESIAN_POINT ( 'NONE',  ( -19.57372214606865768, 15.00000000000000000, 214.0493121098461700 ) ) ;
#3974 = CARTESIAN_POINT ( 'NONE',  ( -5.528195152305203308, 33.09996930569639062, 59.62446957987781104 ) ) ;
#3975 = CARTESIAN_POINT ( 'NONE',  ( -14.70261329817125251, 42.11753611692476795, 220.6568406868412353 ) ) ;
#3976 = EDGE_CURVE ( 'NONE', #1851, #7777, #6946, .T. ) ;
#3977 = CARTESIAN_POINT ( 'NONE',  ( -2.532848551756767375, 43.86452296419275854, 207.4379044020369918 ) ) ;
#3978 = CARTESIAN_POINT ( 'NONE',  ( 0.000000000000000000, 42.59248601773754928, 128.6496688811247111 ) ) ;
#3979 = CARTESIAN_POINT ( 'NONE',  ( 46.58558245345534488, 37.13275647413672687, 271.3152778191255265 ) ) ;
#3980 = CARTESIAN_POINT ( 'NONE',  ( -0.3637322989607303936, 36.49250128485497413, 75.10975404427877322 ) ) ;
#3981 = CARTESIAN_POINT ( 'NONE',  ( 10.61312560149832862, 43.00586503264665339, 207.2909742371036828 ) ) ;
#3982 = CARTESIAN_POINT ( 'NONE',  ( 8.364978913890341872, 42.60162697269622356, 159.8316211954915502 ) ) ;
#3983 = CARTESIAN_POINT ( 'NONE',  ( 8.966662445441944129, 43.11822529551508154, 210.9061484357024199 ) ) ;
#3984 = CARTESIAN_POINT ( 'NONE',  ( -13.42399492686185347, 42.57363808958415774, 197.3912040648516211 ) ) ;
#3985 = CARTESIAN_POINT ( 'NONE',  ( 150.0000000000002274, 7.068232020827782236, 370.3528863233865422 ) ) ;
#3986 = DIRECTION ( 'NONE',  ( 0.000000000000000000, 0.000000000000000000, -1.000000000000000000 ) ) ;
#3987 = DIRECTION ( 'NONE',  ( 0.000000000000000000, 0.000000000000000000, -1.000000000000000000 ) ) ;
#3988 = CARTESIAN_POINT ( 'NONE',  ( -56.33277253066618329, -0.7343208053013621228, 208.3958578420063645 ) ) ;
#3989 = CARTESIAN_POINT ( 'NONE',  ( 86.78479610272228228, -8.426922040965695970, 51.82892328279097427 ) ) ;
#3990 = CARTESIAN_POINT ( 'NONE',  ( -10.85806216390186840, 36.24708426234220582, 88.05547279977965047 ) ) ;
#3991 = CARTESIAN_POINT ( 'NONE',  ( 49.95634997433560898, 18.78772607246951054, 87.34755727248030155 ) ) ;
#3992 = ORIENTED_EDGE ( 'NONE', *, *, #2538, .T. ) ;
#3993 = CARTESIAN_POINT ( 'NONE',  ( 0.2413631579090873280, 36.19885270384604325, 73.21525764471651598 ) ) ;
#3994 = CARTESIAN_POINT ( 'NONE',  ( 10.71961130750829305, 36.07779793481478237, 62.31912070581579144 ) ) ;
#3995 = CARTESIAN_POINT ( 'NONE',  ( 0.9419369969250757091, 41.02800531393226180, 312.7688498949498808 ) ) ;
#3996 = CARTESIAN_POINT ( 'NONE',  ( -0.9440683277488399749, 47.51064471527524091, 187.2652544052731685 ) ) ;
#3997 = PLANE ( 'NONE',  #2848 ) ;
#3998 = CARTESIAN_POINT ( 'NONE',  ( 0.6656520313713912840, 10.37720417455050104, 486.6216067975119017 ) ) ;
#3999 = CARTESIAN_POINT ( 'NONE',  ( 2.554997525492479937, -7.414538782993829180, 550.3635908939758110 ) ) ;
#4000 = EDGE_LOOP ( 'NONE', ( #284, #6411, #4814, #160 ) ) ;
#4001 = CARTESIAN_POINT ( 'NONE',  ( 29.89131604392113672, 35.39918264112073842, 130.0252447141919845 ) ) ;
#4002 = CARTESIAN_POINT ( 'NONE',  ( -3.196296804781076695, 20.31546560184472128, -7.393096603152921276 ) ) ;
#4003 = CARTESIAN_POINT ( 'NONE',  ( 1.766347596341151460, 46.70195167255928226, 208.1074055756288317 ) ) ;
#4004 = CARTESIAN_POINT ( 'NONE',  ( -8.597347536120860667, 25.60261388104298419, 27.82948924883309161 ) ) ;
#4005 = CARTESIAN_POINT ( 'NONE',  ( -8.431562461238529593, 46.07402497580898171, 158.2968993032507683 ) ) ;
#4007 = VERTEX_POINT ( 'NONE', #3468 ) ;
#4006 = CARTESIAN_POINT ( 'NONE',  ( 43.74616319373959783, 30.29104111301511892, 146.8395957463901880 ) ) ;
#4008 = AXIS2_PLACEMENT_3D ( 'NONE', #1527, #7617, #3303 ) ;
#4009 = ORIENTED_EDGE ( 'NONE', *, *, #4473, .F. ) ;
#4010 = CIRCLE ( 'NONE', #6720, 1.000000000000000888 ) ;
#4011 = CARTESIAN_POINT ( 'NONE',  ( 12.51122854236293591, -10.32226976056000467, -55.36644004333045643 ) ) ;
#4012 = CARTESIAN_POINT ( 'NONE',  ( 0.2337304051641427849, 44.01548227735273144, 168.5794380723974086 ) ) ;
#4013 = CARTESIAN_POINT ( 'NONE',  ( 0.3736548503055079906, 36.12171490709526722, 73.21611344114712949 ) ) ;
#4014 = CARTESIAN_POINT ( 'NONE',  ( -2.062360264965499290, 43.98436625611694950, 188.3866926228347438 ) ) ;
#4015 = CARTESIAN_POINT ( 'NONE',  ( 0.3223598709879866298, 33.82613405146138064, 58.10054425505738607 ) ) ;
#4016 = CARTESIAN_POINT ( 'NONE',  ( 3.066662445442872365, 46.97260807575818831, 190.4627056561179472 ) ) ;
#4017 = EDGE_CURVE ( 'NONE', #2457, #1239, #4053, .T. ) ;
#4018 = CARTESIAN_POINT ( 'NONE',  ( -0.000000000000000000, 47.40719419546563529, 208.7398985315670927 ) ) ;
#4019 = VECTOR ( 'NONE', #235, 1000.000000000000000 ) ;
#4020 = CARTESIAN_POINT ( 'NONE',  ( 1.713508947173772556, 44.39393462227350540, 275.9439818675760421 ) ) ;
#4021 = CARTESIAN_POINT ( 'NONE',  ( 0.6423440669984802343, 35.12630615065892670, 66.60776225413320617 ) ) ;
#4022 = EDGE_CURVE ( 'NONE', #7001, #2678, #1161, .T. ) ;
#4023 = CARTESIAN_POINT ( 'NONE',  ( 33.43144744966994608, 36.86060465020875654, 182.0118164850644007 ) ) ;
#4024 = CARTESIAN_POINT ( 'NONE',  ( 1.573448402819587994E-14, 43.59248601773754928, 128.6496688811247111 ) ) ;
#4025 = CARTESIAN_POINT ( 'NONE',  ( 0.4133807978224089963, 44.16927824809504699, 180.2290721210118534 ) ) ;
#4026 = CARTESIAN_POINT ( 'NONE',  ( 11.54106037115949945, 18.89842486944788291, 438.8770723758824488 ) ) ;
#4027 = CARTESIAN_POINT ( 'NONE',  ( -49.22034878176079076, 32.91409245880905843, 185.6683898328746807 ) ) ;
#4028 = AXIS2_PLACEMENT_3D ( 'NONE', #580, #3648, #7517 ) ;
#4029 = DIRECTION ( 'NONE',  ( 0.000000000000000000, 0.000000000000000000, -1.000000000000000000 ) ) ;
#4030 = CARTESIAN_POINT ( 'NONE',  ( 1.904146327908672554, -8.520320594203820264, -59.57409022259488296 ) ) ;
#4031 = LINE ( 'NONE', #2734, #4019 ) ;
#4032 = CARTESIAN_POINT ( 'NONE',  ( -0.9520731639543362768, -8.547617495532426446, -59.58324036534521895 ) ) ;
#4033 = CARTESIAN_POINT ( 'NONE',  ( -5.967440264091603552, 36.91960583654386596, 85.40200992205420505 ) ) ;
#4034 = AXIS2_PLACEMENT_3D ( 'NONE', #1609, #6542, #7114 ) ;
#4035 = AXIS2_PLACEMENT_3D ( 'NONE', #785, #2516, #742 ) ;
#4036 = CARTESIAN_POINT ( 'NONE',  ( -0.2558020227795668733, 28.70544694511355033, 32.83115743153620514 ) ) ;
#4037 = ORIENTED_EDGE ( 'NONE', *, *, #7892, .T. ) ;
#4038 = CARTESIAN_POINT ( 'NONE',  ( -5.864871476544760043, 35.42362836038966378, 74.93016414504855049 ) ) ;
#4039 = CARTESIAN_POINT ( 'NONE',  ( 149.9999999999997442, 16.09349136664861390, 256.0566200932159404 ) ) ;
#4040 = CARTESIAN_POINT ( 'NONE',  ( -47.69512756224418126, 13.92142524552201266, 338.3749908464645841 ) ) ;
#4041 = CARTESIAN_POINT ( 'NONE',  ( -1.210032403098089793, 47.48769261088870763, 187.9537322649016460 ) ) ;
#4042 = DIRECTION ( 'NONE',  ( 0.000000000000000000, -1.000000000000000000, 0.000000000000000000 ) ) ;
#4043 = CARTESIAN_POINT ( 'NONE',  ( 1.331304062742782568, 10.42035447031314632, 486.5845591189742549 ) ) ;
#4044 = CARTESIAN_POINT ( 'NONE',  ( -0.7295355504911777977, -7.249700490246020479, 550.1677435810472616 ) ) ;
#4045 = ORIENTED_EDGE ( 'NONE', *, *, #772, .F. ) ;
#4046 = CARTESIAN_POINT ( 'NONE',  ( -27.93320105887194060, 9.482709585563030785, -10.56185500302712477 ) ) ;
#4047 = CARTESIAN_POINT ( 'NONE',  ( -0.3137338849941589958, 43.92279551339367316, 214.9048317508065793 ) ) ;
#4048 = CARTESIAN_POINT ( 'NONE',  ( 2.721449805666678934, 46.61060341180187550, 207.1569566162840488 ) ) ;
#4049 = CARTESIAN_POINT ( 'NONE',  ( 0.000000000000000000, 44.59248601773754928, 128.6496688811247111 ) ) ;
#4050 = CARTESIAN_POINT ( 'NONE',  ( 1.316609496952878322, 47.20928880869866617, 155.6670790133530033 ) ) ;
#4052 = ORIENTED_EDGE ( 'NONE', *, *, #3525, .T. ) ;
#4051 = CARTESIAN_POINT ( 'NONE',  ( -0.4021344055080351976, 40.60704979473250376, 109.2205735589334950 ) ) ;
#4053 = B_SPLINE_CURVE_WITH_KNOTS ( 'NONE', 3,
 ( #4760, #2856, #4157, #4836, #4727, #6629 ),
 .UNSPECIFIED., .F., .F.,
 ( 4, 2, 4 ),
 ( 0.000000000000000000, 0.0004710509434931037243, 0.0009421018869862074485 ),
 .UNSPECIFIED. ) ;
#4054 = CARTESIAN_POINT ( 'NONE',  ( 28.23808762699846042, 3.056412852116027423, -22.60677287783177647 ) ) ;
#4055 = CARTESIAN_POINT ( 'NONE',  ( 5.101282276765734203, 38.71330614730567277, 98.55381652412145854 ) ) ;
#4056 = SURFACE_SIDE_STYLE ('',( #7760 ) ) ;
#4057 = CARTESIAN_POINT ( 'NONE',  ( 0.3317543971833957772, 32.19414543691357977, 49.66174444696368084 ) ) ;
#4058 = CARTESIAN_POINT ( 'NONE',  ( 49.16176366489245453, 32.88963370336595915, 183.6080041517475081 ) ) ;
#4059 = CARTESIAN_POINT ( 'NONE',  ( -2.530384236286757016, 46.62819696585228968, 207.4412564131681904 ) ) ;
#4060 = CARTESIAN_POINT ( 'NONE',  ( -0.9490617160165060184, 42.54358218907552924, 298.1207295063137508 ) ) ;
#4061 = CARTESIAN_POINT ( 'NONE',  ( -0.08474123275949170531, 35.21717076179530181, 66.58476089730680769 ) ) ;
#4062 = CARTESIAN_POINT ( 'NONE',  ( 4.641278093632678292, 43.74543570144401627, 204.7465887824146762 ) ) ;
#4063 = CARTESIAN_POINT ( 'NONE',  ( 0.9565858417292030236, -24.71121349876131390, -76.19616986922960677 ) ) ;
#4064 = CARTESIAN_POINT ( 'NONE',  ( -0.08359009143057809232, 44.12006257012168930, 180.2746060127768715 ) ) ;
#4065 = EDGE_CURVE ( 'NONE', #6393, #2964, #1774, .T. ) ;
#4066 = CARTESIAN_POINT ( 'NONE',  ( 149.9999999999995453, 8.360301161202400522, 362.6762669712815068 ) ) ;
#4067 = CARTESIAN_POINT ( 'NONE',  ( -45.55714058771309283, 35.05360530465038948, 198.6361801565789733 ) ) ;
#4068 = CARTESIAN_POINT ( 'NONE',  ( 3.066662445442872365, 43.88633703986032231, 190.4627056561177199 ) ) ;
#4069 = CARTESIAN_POINT ( 'NONE',  ( 0.000000000000000000, 11.73449225725467926, -28.51670946738130752 ) ) ;
#4070 = DIRECTION ( 'NONE',  ( 1.000000000000000000, -2.553618553574740284E-17, 1.111335831368625778E-14 ) ) ;
#4071 = CARTESIAN_POINT ( 'NONE',  ( -2.828850581790790741, 5.001803398302538284, -41.24894196002799873 ) ) ;
#4072 = CARTESIAN_POINT ( 'NONE',  ( -0.2819218483142796883, 43.02218900227638443, 144.9601085263463460 ) ) ;
#4073 = CARTESIAN_POINT ( 'NONE',  ( -40.79460188880804594, 29.95918789001902738, 122.7260954801791399 ) ) ;
#4074 = CARTESIAN_POINT ( 'NONE',  ( -0.2952429633089913574, 30.55650889928061176, 41.21996431163887564 ) ) ;
#4075 = CARTESIAN_POINT ( 'NONE',  ( -0.2633061335387640867, 44.15450666101217791, 180.2403750763683945 ) ) ;
#4076 = ORIENTED_EDGE ( 'NONE', *, *, #7299, .T. ) ;
#4077 = CARTESIAN_POINT ( 'NONE',  ( -52.15675343621850857, 24.71280388010982421, 143.2791291323987650 ) ) ;
#4078 = CARTESIAN_POINT ( 'NONE',  ( 59.97550560955480847, 34.43158503966466810, 201.9292928342558184 ) ) ;
#4079 = CARTESIAN_POINT ( 'NONE',  ( 0.4709684984625378545, 38.87613762590805067, 332.0055123804244204 ) ) ;
#4080 = CARTESIAN_POINT ( 'NONE',  ( 27.56448500463130458, 23.42471404973419169, 45.38144673529541251 ) ) ;
#4081 = ADVANCED_FACE ( 'NONE', ( #7206 ), #482, .T. ) ;
#4082 = CARTESIAN_POINT ( 'NONE',  ( 0.5904223920472085885, 29.47866109171257776, 34.84931210984616712 ) ) ;
#4083 = CARTESIAN_POINT ( 'NONE',  ( -7.045124004950711338, 2.314038226187245861, 514.4354252516325232 ) ) ;
#4084 = CARTESIAN_POINT ( 'NONE',  ( 0.3809888662540784066, 40.60443535903193890, 109.2201740272889481 ) ) ;
#4085 = CARTESIAN_POINT ( 'NONE',  ( 59.30832987030501613, -6.507826170023203183, 431.3161633550269016 ) ) ;
#4086 = CARTESIAN_POINT ( 'NONE',  ( -150.0000000000000853, 8.243839277673602695, 220.6305941379857245 ) ) ;
#4087 = CARTESIAN_POINT ( 'NONE',  ( 9.925151373654561127, 30.80204889234585153, 35.94727183072234311 ) ) ;
#4088 = CARTESIAN_POINT ( 'NONE',  ( -48.66052223538312660, 20.01856953383997606, 283.3055368768748394 ) ) ;
#4090 = ORIENTED_EDGE ( 'NONE', *, *, #5859, .T. ) ;
#4089 = CARTESIAN_POINT ( 'NONE',  ( -0.4439655160370833964, 41.36082759670246389, 117.7460695830646245 ) ) ;
#4091 = CARTESIAN_POINT ( 'NONE',  ( 0.3675310931000513315, 43.97569500120879837, 214.8139564921330305 ) ) ;
#4092 = ORIENTED_EDGE ( 'NONE', *, *, #3667, .F. ) ;
#4093 = CARTESIAN_POINT ( 'NONE',  ( 0.000000000000000000, 1.530671358679228655, -46.61894072316960802 ) ) ;
#4094 = CARTESIAN_POINT ( 'NONE',  ( 31.60079366600033879, 32.71525465515428266, 108.3800423450513364 ) ) ;
#4095 = CARTESIAN_POINT ( 'NONE',  ( 0.000000000000000000, 0.000000000000000000, 125.6496688811247253 ) ) ;
#4096 = CARTESIAN_POINT ( 'NONE',  ( 0.4039487958423514380, 32.20297374549819835, 49.66655360345314563 ) ) ;
#4097 = CARTESIAN_POINT ( 'NONE',  ( 39.19416884732452644, 38.12118259686899080, 206.6336462554845923 ) ) ;
#4098 = CARTESIAN_POINT ( 'NONE',  ( -0.5149308928087896753, 47.42800047514609929, 209.0582023389947608 ) ) ;
#4099 = CARTESIAN_POINT ( 'NONE',  ( 47.69512756224418126, 13.92142524552201266, 338.3749908464645841 ) ) ;
#4100 = B_SPLINE_CURVE_WITH_KNOTS ( 'NONE', 3,
 ( #6717, #491, #5966, #2997 ),
 .UNSPECIFIED., .F., .F.,
 ( 4, 4 ),
 ( 0.000000000000000000, 0.01540050929115825869 ),
 .UNSPECIFIED. ) ;
#4101 = CARTESIAN_POINT ( 'NONE',  ( -0.3191061398313750352, 36.48689313044975080, 75.10772437639298005 ) ) ;
#4102 = CARTESIAN_POINT ( 'NONE',  ( 5.335532672978006374, 43.66841535216067882, 205.0172191410984794 ) ) ;
#4103 = CARTESIAN_POINT ( 'NONE',  ( 0.4798083864254958364, 43.93984341339271538, 168.6540875092097451 ) ) ;
#4104 = CARTESIAN_POINT ( 'NONE',  ( -3.711399200786447139, 47.23433744216571029, 190.0397912431369036 ) ) ;
#4105 = CARTESIAN_POINT ( 'NONE',  ( 0.000000000000000000, -9.999999999999710454, 558.9422371214541272 ) ) ;
#4106 = CARTESIAN_POINT ( 'NONE',  ( -39.90929788583181903, 37.79714221618947789, 205.9797910198192596 ) ) ;
#4107 = CARTESIAN_POINT ( 'NONE',  ( 3.727545074639862399, 47.23859588346796556, 200.7272274830779963 ) ) ;
#4108 = CARTESIAN_POINT ( 'NONE',  ( -55.43352450434293388, 9.557879841706116153, 226.4234727364798800 ) ) ;
#4109 = CARTESIAN_POINT ( 'NONE',  ( 0.000000000000000000, 24.87581779792214576, 23.34527260323320164 ) ) ;
#4110 = CARTESIAN_POINT ( 'NONE',  ( 86.59048839564125899, -5.768153520067688333, 55.25887913199452584 ) ) ;
#4111 = CARTESIAN_POINT ( 'NONE',  ( 0.4749558196185825754, 43.10915172727887779, 144.9180192366238202 ) ) ;
#4112 = EDGE_CURVE ( 'NONE', #2741, #3902, #5582, .T. ) ;
#4113 = CARTESIAN_POINT ( 'NONE',  ( 47.73702248153768579, 19.34457154407635571, 80.40025327563255075 ) ) ;
#4114 = FACE_OUTER_BOUND ( 'NONE', #1125, .T. ) ;
#4115 = CARTESIAN_POINT ( 'NONE',  ( -0.4709684984625378545, 41.02653431879563328, 312.7840159696370392 ) ) ;
#4116 = CARTESIAN_POINT ( 'NONE',  ( 0.000000000000000000, 20.11671744806442774, 444.2109482500774220 ) ) ;
#4117 = CARTESIAN_POINT ( 'NONE',  ( 0.000000000000000000, 0.000000000000000000, 214.0493121098461415 ) ) ;
#4118 = CARTESIAN_POINT ( 'NONE',  ( -26.01029351360121566, 23.75428891968878986, 44.01518090383350312 ) ) ;
#4119 = CARTESIAN_POINT ( 'NONE',  ( 39.83570236460563052, 22.42589079228451610, 69.16083407968426400 ) ) ;
#4120 = CARTESIAN_POINT ( 'NONE',  ( 0.001201592796515255903, 44.26589724314435159, 191.9308001831444983 ) ) ;
#4121 = CARTESIAN_POINT ( 'NONE',  ( 2.109836334315450479, 3.066047688892955314, 514.8735652113953165 ) ) ;
#4122 = CARTESIAN_POINT ( 'NONE',  ( 0.4459365380444258453, 40.61246111193812425, 109.2213932073169786 ) ) ;
#4123 = EDGE_CURVE ( 'NONE', #4845, #1514, #2985, .T. ) ;
#4124 = CARTESIAN_POINT ( 'NONE',  ( 0.000000000000000000, -7.286313120370254026, 550.2112436993119218 ) ) ;
#4125 = VERTEX_POINT ( 'NONE', #6263 ) ;
#4126 = CARTESIAN_POINT ( 'NONE',  ( -45.25857852928233882, 30.85907146017974156, 170.3747827884738797 ) ) ;
#4127 = EDGE_CURVE ( 'NONE', #5437, #4125, #139, .T. ) ;
#4128 = CARTESIAN_POINT ( 'NONE',  ( -22.01802724243391651, 40.49517762205267246, 116.2537897038075414 ) ) ;
#4129 = CARTESIAN_POINT ( 'NONE',  ( 38.91014254574662345, 25.96722990112123242, 64.44329464633543125 ) ) ;
#4130 = CARTESIAN_POINT ( 'NONE',  ( 0.000000000000000000, 47.06380252744634163, 155.7186040356210128 ) ) ;
#4131 = CARTESIAN_POINT ( 'NONE',  ( 39.30871457015065573, 33.50939919241005072, 162.4101605619597706 ) ) ;
#4133 = ORIENTED_EDGE ( 'NONE', *, *, #1464, .T. ) ;
#4132 = CARTESIAN_POINT ( 'NONE',  ( 0.5371554557282697262, 41.24047119798613892, 117.7908751170294579 ) ) ;
#4134 = CARTESIAN_POINT ( 'NONE',  ( 0.4666624454429739166, 44.02985687234174605, 208.4485850156316360 ) ) ;
#4135 = CARTESIAN_POINT ( 'NONE',  ( -0.9462317272739826368, 1.580906215184355590, -46.59094046645357423 ) ) ;
#4136 = CARTESIAN_POINT ( 'NONE',  ( 10.61045130221678079, 37.93987899768908534, 101.5135336062776759 ) ) ;
#4137 = DIRECTION ( 'NONE',  ( 0.000000000000000000, 0.000000000000000000, -1.000000000000000000 ) ) ;
#4138 = CARTESIAN_POINT ( 'NONE',  ( -1.809023071493558454, 31.93385503466649666, 49.82869087986012602 ) ) ;
#4139 = CARTESIAN_POINT ( 'NONE',  ( 37.69501377494878369, 38.78260950027819831, 207.8742005822218744 ) ) ;
#4140 = CARTESIAN_POINT ( 'NONE',  ( 8.212831456577696088E-15, 44.00394914640106236, 212.1825541888416637 ) ) ;
#4141 = CARTESIAN_POINT ( 'NONE',  ( -0.4786979759498021236, 36.01088700303149182, 354.5695205588957037 ) ) ;
#4142 = STYLED_ITEM ( 'NONE', ( #775 ), #227 ) ;
#4143 = CARTESIAN_POINT ( 'NONE',  ( 1.673148373524536048, 37.47587008819560594, 83.80042145866093506 ) ) ;
#4144 = CARTESIAN_POINT ( 'NONE',  ( 36.45895617986009540, 34.80065730095112286, 239.8936191247781835 ) ) ;
#4145 = CARTESIAN_POINT ( 'NONE',  ( -2.936714370183707956, 47.31025213167869481, 188.3428389095206228 ) ) ;
#4146 = CARTESIAN_POINT ( 'NONE',  ( 7.162406742956792804, -5.196939195804247902, 540.7780944250159791 ) ) ;
#4147 = CARTESIAN_POINT ( 'NONE',  ( -8.206410765397652796, 43.18469072515006246, 214.0493121098461131 ) ) ;
#4148 = PLANE ( 'NONE',  #5719 ) ;
#4149 = AXIS2_PLACEMENT_3D ( 'NONE', #3422, #3383, #4570 ) ;
#4150 = CARTESIAN_POINT ( 'NONE',  ( 0.000000000000000000, 24.65191137066539895, 4.845070576238386550 ) ) ;
#4151 = CARTESIAN_POINT ( 'NONE',  ( 12.12700268568815254, 15.00943372669715004, -14.20656591047415240 ) ) ;
#4152 = CARTESIAN_POINT ( 'NONE',  ( 0.3008505828078066324, 43.67885739227556741, 156.7888761498734311 ) ) ;
#4153 = CARTESIAN_POINT ( 'NONE',  ( -0.3088014171484890213, 32.19132147537099797, 49.66025428334815928 ) ) ;
#4154 = ORIENTED_EDGE ( 'NONE', *, *, #6507, .F. ) ;
#4155 = VECTOR ( 'NONE', #3318, 1000.000000000000000 ) ;
#4156 = CARTESIAN_POINT ( 'NONE',  ( 24.57072278915081753, 37.71268303805841526, 135.7393519542376055 ) ) ;
#4157 = CARTESIAN_POINT ( 'NONE',  ( -0.000000000000000000, 47.53710451283104987, 187.5808717675923845 ) ) ;
#4158 = CARTESIAN_POINT ( 'NONE',  ( 1.713508947173772556, 44.39393462227350540, 275.9439818675760421 ) ) ;
#4159 = CARTESIAN_POINT ( 'NONE',  ( -150.0000000000002274, 7.068232020827782236, 370.3528863233865422 ) ) ;
#4160 = LINE ( 'NONE', #6632, #3763 ) ;
#4161 = CARTESIAN_POINT ( 'NONE',  ( 0.4507458777000643013, 44.23330289818035510, 203.4221406675579829 ) ) ;
#4162 = AXIS2_PLACEMENT_3D ( 'NONE', #1846, #7479, #1886 ) ;
#4163 = CARTESIAN_POINT ( 'NONE',  ( -3.066662445442872365, 110.3999999999999773, 190.4627056561177199 ) ) ;
#4164 = CARTESIAN_POINT ( 'NONE',  ( -10.61312560149832862, 43.00586503264665339, 207.2909742371036828 ) ) ;
#4165 = AXIS2_PLACEMENT_3D ( 'NONE', #1315, #4299, #5101 ) ;
#4166 = CARTESIAN_POINT ( 'NONE',  ( -149.9999999999992042, -3.609269300846623008, 431.4188600312683661 ) ) ;
#4167 = CARTESIAN_POINT ( 'NONE',  ( -15.26243031418017537, 37.49736544091999235, 108.0639413350422302 ) ) ;
#4168 = CARTESIAN_POINT ( 'NONE',  ( 6.953941588068372148, 6.120562770953910992, 500.2070897956710951 ) ) ;
#4169 = ORIENTED_EDGE ( 'NONE', *, *, #6839, .T. ) ;
#4170 = CARTESIAN_POINT ( 'NONE',  ( -49.09519158504857472, 29.28804536087856292, 191.3047948639342053 ) ) ;
#4171 = CARTESIAN_POINT ( 'NONE',  ( -79.05674022718464755, 18.70769894339281336, 112.5241708736267157 ) ) ;
#4172 = ADVANCED_FACE ( 'NONE', ( #4955 ), #1321, .T. ) ;
#4173 = DIRECTION ( 'NONE',  ( 0.000000000000000000, 0.9999862922474268556, -0.005235963831417927289 ) ) ;
#4174 = ORIENTED_EDGE ( 'NONE', *, *, #1753, .T. ) ;
#4175 = CARTESIAN_POINT ( 'NONE',  ( -2.558717127065790464E-14, 46.99903241368054552, 187.8683353890677097 ) ) ;
#4177 = ORIENTED_EDGE ( 'NONE', *, *, #967, .F. ) ;
#4176 = CARTESIAN_POINT ( 'NONE',  ( 6.635576956857332398, 39.69658477832656018, 111.3737267334885814 ) ) ;
#4178 = CARTESIAN_POINT ( 'NONE',  ( 29.23699137055577779, 38.44571007664789164, 212.4317796753496168 ) ) ;
#4179 = CARTESIAN_POINT ( 'NONE',  ( 6.516728438401517387, 38.52259803597382870, 99.24294092322725191 ) ) ;
#4180 = CARTESIAN_POINT ( 'NONE',  ( -4.916281030191664847, 29.93636678136257601, 42.44015571374725226 ) ) ;
#4181 = CARTESIAN_POINT ( 'NONE',  ( -3.066662445442855045, 47.30712536645218336, 190.4599388592242235 ) ) ;
#4182 = CARTESIAN_POINT ( 'NONE',  ( -2.444575637451415151, 47.28599825023897552, 207.5466117655818152 ) ) ;
#4183 = CARTESIAN_POINT ( 'NONE',  ( -0.4709684984625378545, 38.87613762590805067, 332.0055123804244204 ) ) ;
#4184 = CARTESIAN_POINT ( 'NONE',  ( 41.49119038284603533, 28.78057716319643689, 115.6554715712411507 ) ) ;
#4185 = LINE ( 'NONE', #1151, #3756 ) ;
#4186 = CARTESIAN_POINT ( 'NONE',  ( -12.56828236095124929, -24.59226084328281203, -70.07999748860358125 ) ) ;
#4187 = CARTESIAN_POINT ( 'NONE',  ( 59.89900058819404194, -9.567402936609459729, 443.5936951987583257 ) ) ;
#4188 = CARTESIAN_POINT ( 'NONE',  ( -1.645711706715417666, 43.84034793489631454, 214.0493121098460847 ) ) ;
#4189 = CARTESIAN_POINT ( 'NONE',  ( 2.541498724639835505, 46.62694881021999294, 207.4537970731895768 ) ) ;
#4190 = CARTESIAN_POINT ( 'NONE',  ( 150.0000000000000284, 11.30624670738853510, 229.7266311706955264 ) ) ;
#4191 = CARTESIAN_POINT ( 'NONE',  ( -4.682300167721802353, 43.45825089253548867, 169.9019702600112964 ) ) ;
#4192 = CARTESIAN_POINT ( 'NONE',  ( -0.1939271870853729596, 32.17720273666915176, 49.65386454734743182 ) ) ;
#4193 = EDGE_LOOP ( 'NONE', ( #7128, #6941, #6641, #5726, #5499 ) ) ;
#4194 = CARTESIAN_POINT ( 'NONE',  ( 3.819893127052863324, 41.99379025106537000, 133.9594753458071352 ) ) ;
#4195 = CARTESIAN_POINT ( 'NONE',  ( 0.000000000000000000, 47.46908510132400494, 209.0584537857835414 ) ) ;
#4196 = CARTESIAN_POINT ( 'NONE',  ( 47.66603692990846497, 18.68161657458673020, 299.3736835281314370 ) ) ;
#4197 = CARTESIAN_POINT ( 'NONE',  ( 0.5962991954493902513, 20.14399605289213824, 444.2252999659614829 ) ) ;
#4198 = CARTESIAN_POINT ( 'NONE',  ( 44.25161996825022470, 30.01030815280812547, 106.7462477122521278 ) ) ;
#4199 = CARTESIAN_POINT ( 'NONE',  ( -27.56448500463130458, 23.42471404973419169, 45.38144673529541251 ) ) ;
#4200 = DIRECTION ( 'NONE',  ( -1.000000000000000000, 0.000000000000000000, 0.000000000000000000 ) ) ;
#4201 = CARTESIAN_POINT ( 'NONE',  ( -0.2870636839369687388, 44.23893827668452872, 191.9674246359669780 ) ) ;
#4202 = CARTESIAN_POINT ( 'NONE',  ( -23.45578288264695388, 36.89726472037693128, 123.1042531399051114 ) ) ;
#4203 = CARTESIAN_POINT ( 'NONE',  ( 2.562172481296778770, -9.718372356699223502, 557.8072730852924224 ) ) ;
#4204 = B_SPLINE_CURVE_WITH_KNOTS ( 'NONE', 3,
 ( #7272, #5423, #4140, #7922 ),
 .UNSPECIFIED., .F., .F.,
 ( 4, 4 ),
 ( 0.2283294401700663445, 0.2339484154434426921 ),
 .UNSPECIFIED. ) ;
#4205 = ORIENTED_EDGE ( 'NONE', *, *, #2826, .F. ) ;
#4206 = CARTESIAN_POINT ( 'NONE',  ( -13.32152126021054706, 39.79296694062802686, 126.9722400387601482 ) ) ;
#4207 = CARTESIAN_POINT ( 'NONE',  ( -75.08352271041381698, 23.83992530242385399, 133.1794009662679912 ) ) ;
#4208 = CARTESIAN_POINT ( 'NONE',  ( 36.54688249479138307, 25.80814246383812716, 57.68686684354113936 ) ) ;
#4209 = ORIENTED_EDGE ( 'NONE', *, *, #1962, .F. ) ;
#4210 = CARTESIAN_POINT ( 'NONE',  ( -42.60652105880237173, 30.35201058883452419, 345.2738653162223272 ) ) ;
#4211 = EDGE_CURVE ( 'NONE', #328, #2032, #6955, .T. ) ;
#4213 = ORIENTED_EDGE ( 'NONE', *, *, #7502, .F. ) ;
#4212 = CARTESIAN_POINT ( 'NONE',  ( 0.2032259538433572876, 41.28160808009332072, 117.7612475671141397 ) ) ;
#4214 = CARTESIAN_POINT ( 'NONE',  ( 2.933165368473508394, 43.83621378606043351, 206.6923268383965535 ) ) ;
#4215 = CARTESIAN_POINT ( 'NONE',  ( 28.42755645119725472, -3.288475361452404488, -32.29124967184177564 ) ) ;
#4216 = CARTESIAN_POINT ( 'NONE',  ( 6.210067073539144111, 37.14597365865094503, 87.06846540881593910 ) ) ;
#4217 = CARTESIAN_POINT ( 'NONE',  ( -1.573448402819587994E-14, 43.59248601773754928, 125.6496688811247253 ) ) ;
#4218 = CARTESIAN_POINT ( 'NONE',  ( -8.384808795606488729, 29.50981766017826047, 44.32443715051566357 ) ) ;
#4219 = DIRECTION ( 'NONE',  ( 0.000000000000000000, -1.000000000000000000, 0.000000000000000000 ) ) ;
#4220 = DIRECTION ( 'NONE',  ( 0.08045774873365074686, 0.9967580201175773036, 0.000000000000000000 ) ) ;
#4221 = CARTESIAN_POINT ( 'NONE',  ( 6.000466035610237725, 31.94043151699632688, 379.5629847736018405 ) ) ;
#4222 = ADVANCED_FACE ( 'NONE', ( #3659 ), #5739, .F. ) ;
#4223 = CARTESIAN_POINT ( 'NONE',  ( 16.16718982391168780, 34.21572790201819458, 83.24693194637670501 ) ) ;
#4224 = ADVANCED_FACE ( 'NONE', ( #5153 ), #6283, .T. ) ;
#4225 = CARTESIAN_POINT ( 'NONE',  ( 0.5433552477474782316, 44.04788188898776014, 168.5604634901941097 ) ) ;
#4226 = CARTESIAN_POINT ( 'NONE',  ( -0.7310486981965987896, -8.789701471681548028, 555.1481419457635411 ) ) ;
#4227 = CARTESIAN_POINT ( 'NONE',  ( 0.3111241487478950685, 44.15891893959710757, 187.8683353890677097 ) ) ;
#4228 = CARTESIAN_POINT ( 'NONE',  ( 1.765116654682876263, 46.70207201758803706, 208.1080897586185756 ) ) ;
#4229 = DIRECTION ( 'NONE',  ( 0.000000000000000000, 0.000000000000000000, 1.000000000000000000 ) ) ;
#4231 = VERTEX_POINT ( 'NONE', #798 ) ;
#4230 = CARTESIAN_POINT ( 'NONE',  ( 0.000000000000000000, 20.62319512748768346, -7.191526245911063597 ) ) ;
#4232 = CARTESIAN_POINT ( 'NONE',  ( -0.3776357008251572389, 32.19979366837037560, 49.66496242097144176 ) ) ;
#4233 = ORIENTED_EDGE ( 'NONE', *, *, #168, .T. ) ;
#4234 = CARTESIAN_POINT ( 'NONE',  ( -27.28026215986088943, 38.33759264841741299, 162.3701898403189148 ) ) ;
#4235 = CARTESIAN_POINT ( 'NONE',  ( 38.57220635244356544, 34.17076962531694306, 167.5779076696602203 ) ) ;
#4236 = CARTESIAN_POINT ( 'NONE',  ( -11.18254302125321331, 34.69368754165344626, 77.95343873027628945 ) ) ;
#4237 = CARTESIAN_POINT ( 'NONE',  ( -149.9999999999999716, 1.632909915346569596, 401.7829050630052166 ) ) ;
#4238 = DIRECTION ( 'NONE',  ( 1.000000000000000000, 0.000000000000000000, 0.000000000000000000 ) ) ;
#4239 = CARTESIAN_POINT ( 'NONE',  ( -39.18271684850100200, 22.06939914322732577, 65.55701733619406468 ) ) ;
#4240 = DIRECTION ( 'NONE',  ( 0.000000000000000000, -0.005235963831414302584, -0.9999862922474268556 ) ) ;
#4241 = B_SPLINE_CURVE_WITH_KNOTS ( 'NONE', 3,
 ( #4552, #2168, #7024, #6935, #2644, #1397, #334 ),
 .UNSPECIFIED., .F., .F.,
 ( 4, 3, 4 ),
 ( -5.999999999976397685E-08, 0.000000000000000000, 0.0005165058321734448477 ),
 .UNSPECIFIED. ) ;
#4242 = CARTESIAN_POINT ( 'NONE',  ( -9.652764452307431853, -8.494098938562002488, 541.5631860185608275 ) ) ;
#4243 = CARTESIAN_POINT ( 'NONE',  ( -6.767508676923963407, 38.77370845951284650, 102.9002115925478620 ) ) ;
#4244 = CARTESIAN_POINT ( 'NONE',  ( 7.193853010854474483, -10.41107745454391420, 557.8597997808570881 ) ) ;
#4245 = EDGE_LOOP ( 'NONE', ( #4834, #4575, #7377, #2650 ) ) ;
#4246 = CARTESIAN_POINT ( 'NONE',  ( -8.338994894949292913, 40.53405443312315981, 124.1540352109426806 ) ) ;
#4247 = VERTEX_POINT ( 'NONE', #5235 ) ;
#4248 = CARTESIAN_POINT ( 'NONE',  ( 0.8666741317026296354, 31.46901978515835552, 29.51441602890792737 ) ) ;
#4249 = CARTESIAN_POINT ( 'NONE',  ( 1.573448402819587994E-14, 43.59248601773754928, 125.6496688811247253 ) ) ;
#4250 = B_SPLINE_CURVE_WITH_KNOTS ( 'NONE', 3,
 ( #874, #7604, #4469, #7642, #7100, #2094, #2134, #178, #1436, #4014, #6492, #1517, #219, #3329 ),
 .UNSPECIFIED., .F., .F.,
 ( 4, 2, 2, 2, 2, 2, 4 ),
 ( 2.531749277490443544E-16, 0.0005085252366697888158, 0.001017050473339324579, 0.001525575710008860233, 0.002034100946678395888, 0.003051151420017468065, 0.004068201893356540241 ),
 .UNSPECIFIED. ) ;
#4251 = ORIENTED_EDGE ( 'NONE', *, *, #3014, .T. ) ;
#4253 = VERTEX_POINT ( 'NONE', #1524 ) ;
#4252 = CARTESIAN_POINT ( 'NONE',  ( 0.04244548168462752846, 40.55198230978870555, 109.2247598977607339 ) ) ;
#4254 = CARTESIAN_POINT ( 'NONE',  ( 0.000000000000000000, 34.15347802815850997, 41.94911547631893001 ) ) ;
#4255 = CARTESIAN_POINT ( 'NONE',  ( -0.003144096076358412518, 47.46931370350372248, 209.0584549859174217 ) ) ;
#4256 = CARTESIAN_POINT ( 'NONE',  ( 7.500000000000011546, 27.71448550444515746, 35.45677773107467345 ) ) ;
#4257 = CARTESIAN_POINT ( 'NONE',  ( -0.3321852897959213236, 30.48071361927815914, 41.20438477476045591 ) ) ;
#4258 = CARTESIAN_POINT ( 'NONE',  ( 6.440160904563896338E-14, 43.44308833656513258, 153.1813199418049010 ) ) ;
#4259 = CARTESIAN_POINT ( 'NONE',  ( -29.10897427440240293, 36.82647738988960384, 146.2106560165904909 ) ) ;
#4260 = CARTESIAN_POINT ( 'NONE',  ( 1.761563983812512779, 32.02393952748043660, 380.3584216962848927 ) ) ;
#4261 = DIRECTION ( 'NONE',  ( 0.000000000000000000, 0.9753375490709155216, -0.2207185206826549617 ) ) ;
#4262 = CARTESIAN_POINT ( 'NONE',  ( 149.9999999999998579, -5.139754097654222420, 439.4216061485305431 ) ) ;
#4263 = CARTESIAN_POINT ( 'NONE',  ( 0.4666624454429739166, 46.84802417386053719, 208.4485850156316360 ) ) ;
#4264 = CARTESIAN_POINT ( 'NONE',  ( 3.725064797236205649, 47.18508823153484855, 205.8604671828095150 ) ) ;
#4265 = EDGE_CURVE ( 'NONE', #2032, #5885, #3907, .T. ) ;
#4267 = ORIENTED_EDGE ( 'NONE', *, *, #7712, .F. ) ;
#4266 = CARTESIAN_POINT ( 'NONE',  ( 3.147860296435570415, 24.32371408104542709, 4.633680387658797528 ) ) ;
#4268 = CARTESIAN_POINT ( 'NONE',  ( 6.369792656357232907, 31.37639465595616528, 51.62654677355696009 ) ) ;
#4269 = ORIENTED_EDGE ( 'NONE', *, *, #3431, .T. ) ;
#4270 = CARTESIAN_POINT ( 'NONE',  ( 12.91232312609415089, 40.70435012250247553, 138.6313766374247507 ) ) ;
#4271 = CARTESIAN_POINT ( 'NONE',  ( 1.149840688522812071, 46.87182867780519047, 187.9370180888079460 ) ) ;
#4272 = CARTESIAN_POINT ( 'NONE',  ( 1.793437411546241478, 45.87555291334074070, 252.9410945478491897 ) ) ;
#4273 = CARTESIAN_POINT ( 'NONE',  ( -6.244008511223442248, 25.66205074593666069, 414.3400517412663362 ) ) ;
#4274 = VECTOR ( 'NONE', #1166, 1000.000000000000114 ) ;
#4275 = PLANE ( 'NONE',  #155 ) ;
#4276 = CARTESIAN_POINT ( 'NONE',  ( -11.52061072724171353, 26.86027610722848635, 36.33245064396803059 ) ) ;
#4277 = CARTESIAN_POINT ( 'NONE',  ( -7.500000000000000000, 24.87581779792214576, 23.34527260323320164 ) ) ;
#4278 = CARTESIAN_POINT ( 'NONE',  ( 1.463168471159988160, -9.541087452738985064, 557.6191052689168828 ) ) ;
#4279 = CARTESIAN_POINT ( 'NONE',  ( -3.612948385285928321, 40.09976115397785890, 110.0117838294830932 ) ) ;
#4280 = AXIS2_PLACEMENT_3D ( 'NONE', #7159, #5826, #6465 ) ;
#4281 = CARTESIAN_POINT ( 'NONE',  ( -2.194752706739981907, -9.508866867582225879, 557.5849067725088162 ) ) ;
#4282 = ORIENTED_EDGE ( 'NONE', *, *, #5045, .F. ) ;
#4283 = CARTESIAN_POINT ( 'NONE',  ( 0.5620750853058299468, 40.56807921564895025, 109.1422157994816047 ) ) ;
#4284 = ORIENTED_EDGE ( 'NONE', *, *, #6510, .T. ) ;
#4285 = CARTESIAN_POINT ( 'NONE',  ( -149.9999999999998863, 13.60113310668955400, 239.5281348986660817 ) ) ;
#4286 = AXIS2_PLACEMENT_3D ( 'NONE', #5642, #5556, #53 ) ;
#4287 = CARTESIAN_POINT ( 'NONE',  ( -2.530812832210976193, 46.70007913350566042, 188.8763340225443699 ) ) ;
#4288 = CARTESIAN_POINT ( 'NONE',  ( -48.52681315502102422, 29.53151081757130214, 190.6864334827553193 ) ) ;
#4289 = CARTESIAN_POINT ( 'NONE',  ( 0.000000000000000000, 44.44231472044331355, 275.7264566852123266 ) ) ;
#4291 = ORIENTED_EDGE ( 'NONE', *, *, #2206, .T. ) ;
#4290 = CARTESIAN_POINT ( 'NONE',  ( 19.10425281630534400, 38.48889968940637374, 127.6762436643412144 ) ) ;
#4292 = CARTESIAN_POINT ( 'NONE',  ( 83.26671075213897666, 10.37568051067605523, 86.68462678675325606 ) ) ;
#4293 = LINE ( 'NONE', #6761, #1064 ) ;
#4294 = CARTESIAN_POINT ( 'NONE',  ( 0.000000000000000000, 31.66512795048258866, 47.15714463483438834 ) ) ;
#4295 = CARTESIAN_POINT ( 'NONE',  ( -0.1458232659130909437, 30.50316130523104619, 41.20479653813649179 ) ) ;
#4296 = CARTESIAN_POINT ( 'NONE',  ( 31.38768637884417601, 38.07967219051882068, 125.6496688811247537 ) ) ;
#4297 = CARTESIAN_POINT ( 'NONE',  ( 0.3763952084265089759, 41.96448831823831682, 126.2444077504347462 ) ) ;
#4298 = CARTESIAN_POINT ( 'NONE',  ( 0.2474807676107990406, 37.65588921975236048, 83.62178270568747962 ) ) ;
#4299 = DIRECTION ( 'NONE',  ( 0.000000000000000000, 0.000000000000000000, -1.000000000000000000 ) ) ;
#4300 = CARTESIAN_POINT ( 'NONE',  ( -48.61187793578222482, 27.13773935310525331, 164.2690193877255354 ) ) ;
#4301 = CARTESIAN_POINT ( 'NONE',  ( 7.500000000000000000, 26.87530127623825749, 23.34527260323320164 ) ) ;
#4302 = CARTESIAN_POINT ( 'NONE',  ( 5.464712794159227727, 140.7486342197576619, 211.6858868835880116 ) ) ;
#4303 = CARTESIAN_POINT ( 'NONE',  ( -5.966662445441313523, 140.4842180462710530, 161.1865791250930329 ) ) ;
#4304 = FACE_BOUND ( 'NONE', #1497, .T. ) ;
#4306 = EDGE_LOOP ( 'NONE', ( #6478, #6797, #7095, #6150 ) ) ;
#4305 = CARTESIAN_POINT ( 'NONE',  ( 3.289006796241746411, 7.681208134219242645, -36.06530541306337057 ) ) ;
#4307 = VERTEX_POINT ( 'NONE', #4635 ) ;
#4308 = CARTESIAN_POINT ( 'NONE',  ( 1.463991263753023686, 43.97889981516022573, 180.5090094114497390 ) ) ;
#4309 = ADVANCED_FACE ( 'NONE', ( #2174 ), #1444, .F. ) ;
#4310 = CARTESIAN_POINT ( 'NONE',  ( 0.3757163752098703902, 42.50842457379066275, 133.0551070656462684 ) ) ;
#4311 = CARTESIAN_POINT ( 'NONE',  ( -0.6038456589732275059, 42.53542841600819457, 133.0528871342982029 ) ) ;
#4312 = CARTESIAN_POINT ( 'NONE',  ( 2.983025533780244487, 46.64507039293231117, 189.7888445223247231 ) ) ;
#4313 = CARTESIAN_POINT ( 'NONE',  ( -1.056736817095856207, 28.61635723899053474, 400.7706135039534843 ) ) ;
#4314 = CARTESIAN_POINT ( 'NONE',  ( -10.27266192055210858, 5.123073895678157186, 494.0455122256950062 ) ) ;
#4315 =( BOUNDED_SURFACE ( )  B_SPLINE_SURFACE ( 3, 2, ( 
 ( #34, #4327, #3834 ),
 ( #7548, #1908, #6832 ),
 ( #6960, #3101, #5623 ),
 ( #4407, #6878, #7462 ) ),
 .UNSPECIFIED., .F., .F., .T. ) 
 B_SPLINE_SURFACE_WITH_KNOTS ( ( 4, 4 ),
 ( 3, 3 ),
 ( -1.387778780781445676E-17, 0.0005288795391151968235 ),
 ( 0.000000000000000000, 1.000000000000000000 ),
 .UNSPECIFIED. ) 
 GEOMETRIC_REPRESENTATION_ITEM ( )  RATIONAL_B_SPLINE_SURFACE ( (
 ( 1.000000000000000000, 0.7053895229237540088, 1.000000000000000000),
 ( 1.000000000000000000, 0.7054317065918047636, 1.000000000000000000),
 ( 1.000000000000000000, 0.7054731662606641418, 1.000000000000000000),
 ( 1.000000000000000000, 0.7055137990425597305, 1.000000000000000000) ) ) 
 REPRESENTATION_ITEM ( '' )  SURFACE ( )  );
#4316 = CARTESIAN_POINT ( 'NONE',  ( 41.09671199417781651, 27.55073300459207886, 78.51866362504776475 ) ) ;
#4317 = CARTESIAN_POINT ( 'NONE',  ( -28.53909880752624773, -10.68040278824253164, -41.02084576645206937 ) ) ;
#4318 = DIRECTION ( 'NONE',  ( 0.000000000000000000, 1.000000000000000000, 0.000000000000000000 ) ) ;
#4319 = CARTESIAN_POINT ( 'NONE',  ( -35.62511535099858406, -12.77791609919348659, 499.3972652287001210 ) ) ;
#4320 = CARTESIAN_POINT ( 'NONE',  ( -40.87580860866902555, 32.02433427028547896, 148.6726289223742867 ) ) ;
#4321 = CARTESIAN_POINT ( 'NONE',  ( -28.31790065364425857, 27.04607914182979300, 46.07781446511263823 ) ) ;
#4322 = EDGE_LOOP ( 'NONE', ( #3967, #1484, #3144, #2313, #946, #1533, #3992 ) ) ;
#4323 = CARTESIAN_POINT ( 'NONE',  ( -19.65256256587182548, 37.55510916865218007, 119.8586057579254884 ) ) ;
#4324 = ORIENTED_EDGE ( 'NONE', *, *, #604, .T. ) ;
#4325 = CARTESIAN_POINT ( 'NONE',  ( -7.301291994692240550, 46.93704426116289596, 207.1250189900836745 ) ) ;
#4326 = EDGE_CURVE ( 'NONE', #369, #3325, #7842, .T. ) ;
#4327 = CARTESIAN_POINT ( 'NONE',  ( -0.5249420706862157893, 47.55428866429245716, 187.8683353890676528 ) ) ;
#4328 = LINE ( 'NONE', #5999, #7657 ) ;
#4329 = CARTESIAN_POINT ( 'NONE',  ( -44.49566077598581870, 36.56622561671095895, 287.9162384457418966 ) ) ;
#4331 = VERTEX_POINT ( 'NONE', #265 ) ;
#4330 = CARTESIAN_POINT ( 'NONE',  ( -0.4601400563993340298, 41.97453213620064361, 126.2442942611473029 ) ) ;
#4332 = DIRECTION ( 'NONE',  ( 0.000000000000000000, 0.000000000000000000, -1.000000000000000000 ) ) ;
#4333 = CARTESIAN_POINT ( 'NONE',  ( -2.737942552675891594, 20.88679572981984478, -7.018861411523644733 ) ) ;
#4334 = DIRECTION ( 'NONE',  ( 0.000000000000000000, 0.005235963831417928156, 0.9999862922474268556 ) ) ;
#4335 = CARTESIAN_POINT ( 'NONE',  ( 0.6714150486310448418, 31.55500211520843123, 47.00181327475551996 ) ) ;
#4336 = CARTESIAN_POINT ( 'NONE',  ( -1.873886904356900862, 28.45679859910310228, 33.00404330438971812 ) ) ;
#4337 = CARTESIAN_POINT ( 'NONE',  ( 0.000000000000000000, 47.41019780444730003, 212.3889124591912889 ) ) ;
#4338 = CARTESIAN_POINT ( 'NONE',  ( -27.66326358064004864, 13.52599411192533374, -1.587463340206875628 ) ) ;
#4339 = CARTESIAN_POINT ( 'NONE',  ( 14.32327914592551110, 39.90446576684612978, 132.8773206456259572 ) ) ;
#4340 = CARTESIAN_POINT ( 'NONE',  ( -0.5251072579934633611, 41.85564172759753632, 126.2963091133993458 ) ) ;
#4341 = CARTESIAN_POINT ( 'NONE',  ( 150.0000000000003126, 4.384157842436207098, 385.9904724453040785 ) ) ;
#4342 = CARTESIAN_POINT ( 'NONE',  ( 45.29008091737477315, 28.38945018175855139, 133.5156168537245662 ) ) ;
#4343 = CARTESIAN_POINT ( 'NONE',  ( -47.54450766286623065, 27.13773935310525331, 144.9495844652581411 ) ) ;
#4344 = CARTESIAN_POINT ( 'NONE',  ( -1.573448402819587994E-14, 43.59248601773754928, 128.6496688811247111 ) ) ;
#4345 = CARTESIAN_POINT ( 'NONE',  ( -3.066662445442872365, 43.83285165301852260, 205.8542147485816258 ) ) ;
#4346 = FACE_OUTER_BOUND ( 'NONE', #5906, .T. ) ;
#4347 = CARTESIAN_POINT ( 'NONE',  ( 2.023479284963984437, 41.62386332947151146, 125.6496688811246401 ) ) ;
#4348 = ORIENTED_EDGE ( 'NONE', *, *, #5407, .T. ) ;
#4349 = CARTESIAN_POINT ( 'NONE',  ( 0.4790321504287265442, 33.72670288963720964, 58.09668996317849121 ) ) ;
#4350 = VERTEX_POINT ( 'NONE', #5896 ) ;
#4351 = CARTESIAN_POINT ( 'NONE',  ( 7.134744707457001844, 43.31500989894171028, 182.6370753788610841 ) ) ;
#4352 = CARTESIAN_POINT ( 'NONE',  ( -0.4196125654968441698, 43.10282596595013871, 144.9194081416998472 ) ) ;
#4353 = CARTESIAN_POINT ( 'NONE',  ( 2.937840326669764135, 47.31013791779875532, 188.3441152278332993 ) ) ;
#4354 = CARTESIAN_POINT ( 'NONE',  ( 0.000000000000000000, 32.02960972858872424, 380.5868600663628740 ) ) ;
#4355 = CARTESIAN_POINT ( 'NONE',  ( 2.109836334315450479, 3.066047688892955314, 514.8735652113953165 ) ) ;
#4356 = CARTESIAN_POINT ( 'NONE',  ( 0.000000000000000000, 47.50940701853188841, 174.5630506444785510 ) ) ;
#4357 = CARTESIAN_POINT ( 'NONE',  ( -0.4666624454429734725, 46.95419416596106998, 187.8683353890677097 ) ) ;
#4358 = CARTESIAN_POINT ( 'NONE',  ( 56.52914563521074598, -13.16024702830548954, 195.5971044673015626 ) ) ;
#4359 = CARTESIAN_POINT ( 'NONE',  ( -7.588419924768786018, 37.75603250389409027, 94.79137449636778001 ) ) ;
#4360 = CARTESIAN_POINT ( 'NONE',  ( 59.97261899444817601, -10.31809425623221443, 446.5905760905740181 ) ) ;
#4361 = ORIENTED_EDGE ( 'NONE', *, *, #876, .T. ) ;
#4362 = CARTESIAN_POINT ( 'NONE',  ( -29.89131604392113672, 35.39918264112073842, 130.0252447141919845 ) ) ;
#4363 = CARTESIAN_POINT ( 'NONE',  ( -48.66052223538312660, 20.01856953383997606, 283.3055368768748394 ) ) ;
#4364 = CARTESIAN_POINT ( 'NONE',  ( -3.066662445442874141, 46.63744080576727669, 190.4627056561179472 ) ) ;
#4365 = EDGE_CURVE ( 'NONE', #1904, #6487, #6497, .T. ) ;
#4366 = CARTESIAN_POINT ( 'NONE',  ( -0.9338937429006769486, 47.39426408593076445, 209.0372673500492908 ) ) ;
#4367 = CARTESIAN_POINT ( 'NONE',  ( -53.41671992373075284, 4.732634878479694329, 384.7797939231693363 ) ) ;
#4368 = EDGE_CURVE ( 'NONE', #601, #485, #7034, .T. ) ;
#4370 = ORIENTED_EDGE ( 'NONE', *, *, #319, .T. ) ;
#4369 = CARTESIAN_POINT ( 'NONE',  ( -0.1307165870921044859, 41.93496639952143568, 126.2487688876371124 ) ) ;
#4371 = CARTESIAN_POINT ( 'NONE',  ( -12.42468602756070162, 0.8701743984461717263, -41.28002289990918428 ) ) ;
#4372 = CARTESIAN_POINT ( 'NONE',  ( 3.238742170394931286, 15.77724942527549956, -19.15744003631981229 ) ) ;
#4373 = CARTESIAN_POINT ( 'NONE',  ( 3.982214864126596421, 43.14518414915529121, 158.6962086485811199 ) ) ;
#4374 = CARTESIAN_POINT ( 'NONE',  ( 0.000000000000000000, 47.60244431490926331, 187.4249139430549178 ) ) ;
#4375 = CARTESIAN_POINT ( 'NONE',  ( -38.81817681121511754, 23.00753973627080029, 68.18601241012325431 ) ) ;
#4376 = CARTESIAN_POINT ( 'NONE',  ( 0.000000000000000000, 47.37507383608854639, 214.0493118915661057 ) ) ;
#4377 = CARTESIAN_POINT ( 'NONE',  ( -5.411673686775078096, 41.23581338560511966, 127.8318439750212008 ) ) ;
#4378 = CARTESIAN_POINT ( 'NONE',  ( 2.331263078060942462, 10.18293184117968941, 486.7884037760323963 ) ) ;
#4379 = CARTESIAN_POINT ( 'NONE',  ( -0.4202267790007024884, 38.80047793794690136, 92.16105142900896396 ) ) ;
#4380 = DIRECTION ( 'NONE',  ( 0.000000000000000000, 0.000000000000000000, -1.000000000000000000 ) ) ;
#4381 = CARTESIAN_POINT ( 'NONE',  ( -15.82479772624355974, 40.20820174580330786, 140.5810923117685149 ) ) ;
#4382 =( LENGTH_UNIT ( ) NAMED_UNIT ( * ) SI_UNIT ( .MILLI., .METRE. ) );
#4383 = DIRECTION ( 'NONE',  ( 4.625889789246540286E-14, -0.004131457469624942071, -0.9999914654931694180 ) ) ;
#4384 = CYLINDRICAL_SURFACE ( 'NONE', #2989, 1.000000000000000222 ) ;
#4385 = CARTESIAN_POINT ( 'NONE',  ( -41.49119038284603533, 28.78057716319643689, 115.6554715712411507 ) ) ;
#4386 = CARTESIAN_POINT ( 'NONE',  ( -3.049572297585997127, 43.83078485093555088, 206.1948754625124138 ) ) ;
#4387 = B_SPLINE_CURVE_WITH_KNOTS ( 'NONE', 3,
 ( #5592, #1224, #6164, #3073 ),
 .UNSPECIFIED., .F., .F.,
 ( 4, 4 ),
 ( 1.084202172485504434E-18, 0.0004681475851019934148 ),
 .UNSPECIFIED. ) ;
#4388 = CARTESIAN_POINT ( 'NONE',  ( 27.77416402040308441, 35.72417201422751276, 125.6496688811248106 ) ) ;
#4390 = ORIENTED_EDGE ( 'NONE', *, *, #6693, .F. ) ;
#4389 = CARTESIAN_POINT ( 'NONE',  ( 150.0000000000000853, 15.27823658166833454, 249.4146832441057597 ) ) ;
#4391 = CARTESIAN_POINT ( 'NONE',  ( 6.039893822956359237, 43.45418801285664756, 182.1482548876610679 ) ) ;
#4392 = CARTESIAN_POINT ( 'NONE',  ( -34.47844999038228053, 36.09811272788424930, 172.0038046913571748 ) ) ;
#4393 = CARTESIAN_POINT ( 'NONE',  ( 23.07263642873369491, 39.40811279312997328, 157.9207941130925406 ) ) ;
#4394 = CARTESIAN_POINT ( 'NONE',  ( 2.136484934228126242, 47.39155136932060941, 187.6663499464859228 ) ) ;
#4395 = CARTESIAN_POINT ( 'NONE',  ( 51.14854028299649258, 8.032565948868031214, 369.8610693905080211 ) ) ;
#4396 = CARTESIAN_POINT ( 'NONE',  ( -36.39338372330776394, -3.366029079672264057, 468.1666420047091037 ) ) ;
#4397 = CARTESIAN_POINT ( 'NONE',  ( -27.59136016982111173, 39.37365521065208895, 125.6496688811247253 ) ) ;
#4398 = CARTESIAN_POINT ( 'NONE',  ( 1.910429079689343501, -19.79771651802625598, -71.15970442798436579 ) ) ;
#4399 = CARTESIAN_POINT ( 'NONE',  ( 2.558717127065790464E-14, 110.3999999999999773, 208.4485850156316360 ) ) ;
#4400 = CARTESIAN_POINT ( 'NONE',  ( -2.738145295489168518, 46.97260807575818831, 189.1554641129578158 ) ) ;
#4401 = CARTESIAN_POINT ( 'NONE',  ( 0.4439217861052360270, 38.80344146292268448, 92.16187563343105182 ) ) ;
#4402 = CARTESIAN_POINT ( 'NONE',  ( -0.5904223920472085885, 29.47866109171257776, 34.84931210984616712 ) ) ;
#4403 = AXIS2_PLACEMENT_3D ( 'NONE', #1737, #7244, #1049 ) ;
#4404 = VERTEX_POINT ( 'NONE', #5782 ) ;
#4405 = CARTESIAN_POINT ( 'NONE',  ( -7.911743269863823258, 38.32939573413409562, 99.97812325260515820 ) ) ;
#4406 = CARTESIAN_POINT ( 'NONE',  ( 0.000000000000000000, 44.44231472044331355, 275.7264566852123266 ) ) ;
#4407 = CARTESIAN_POINT ( 'NONE',  ( 0.05979984093179467608, 47.00470899458358787, 187.8683353890675107 ) ) ;
#4408 = CARTESIAN_POINT ( 'NONE',  ( -9.025983085941824413E-15, 37.10459621063704105, 79.67723662639282622 ) ) ;
#4409 = VECTOR ( 'NONE', #750, 1000.000000000000000 ) ;
#4410 = CARTESIAN_POINT ( 'NONE',  ( 0.5496791856790375075, 25.91683902096197656, 415.4374579817630888 ) ) ;
#4411 = CARTESIAN_POINT ( 'NONE',  ( -37.96386130359314137, 35.01569683890802764, 200.9088624329725121 ) ) ;
#4412 = CARTESIAN_POINT ( 'NONE',  ( 5.523745984235590711, 40.60107467087537714, 119.3688224794455266 ) ) ;
#4413 = EDGE_CURVE ( 'NONE', #2418, #4253, #6989, .T. ) ;
#4414 = CARTESIAN_POINT ( 'NONE',  ( 0.9429501939302636915, 4.886886460646159058, -41.31700136380539590 ) ) ;
#4415 = VECTOR ( 'NONE', #8002, 1000.000000000000000 ) ;
#4416 = CARTESIAN_POINT ( 'NONE',  ( 3.268646977093212946, 11.48290530004461019, -28.67737780092130606 ) ) ;
#4417 = CARTESIAN_POINT ( 'NONE',  ( 5.464782804719563458, 43.50151392623327951, 212.8950858635551810 ) ) ;
#4418 = CARTESIAN_POINT ( 'NONE',  ( -4.200220925464160260, 28.18926783939450331, 33.75723452941087999 ) ) ;
#4419 = PRODUCT_RELATED_PRODUCT_CATEGORY ( 'part', '', ( #7231 ) ) ;
#4420 = CARTESIAN_POINT ( 'NONE',  ( -6.005015594473364082, 42.84486170921906734, 158.6980263216222227 ) ) ;
#4421 = CARTESIAN_POINT ( 'NONE',  ( -25.25810368633090164, 30.80518904790463353, 56.02471470947404697 ) ) ;
#4422 = AXIS2_PLACEMENT_3D ( 'NONE', #5684, #6207, #5068 ) ;
#4423 = CARTESIAN_POINT ( 'NONE',  ( 0.4173256925539102213, 41.96939810237161339, 126.2443333161405121 ) ) ;
#4424 = AXIS2_PLACEMENT_3D ( 'NONE', #7847, #6160, #2886 ) ;
#4425 = CARTESIAN_POINT ( 'NONE',  ( 6.611810512025710906, 16.54561046290216098, 457.6028839167674960 ) ) ;
#4426 = CARTESIAN_POINT ( 'NONE',  ( 0.4091616507609107112, 38.69622644797927080, 92.17113066743138461 ) ) ;
#4427 = CARTESIAN_POINT ( 'NONE',  ( 4.011856405332014042, 44.76709016480298686, 125.6496688811247253 ) ) ;
#4428 = CARTESIAN_POINT ( 'NONE',  ( 5.464782804719563458, 43.50151392623327951, 212.8950858635551810 ) ) ;
#4429 = FACE_OUTER_BOUND ( 'NONE', #1069, .T. ) ;
#4430 = CARTESIAN_POINT ( 'NONE',  ( 2.545275847175162642, 46.84802417386053719, 207.4492525783996939 ) ) ;
#4431 = CARTESIAN_POINT ( 'NONE',  ( 0.3107098326041834446, 35.24548589205691940, 66.59295556157267981 ) ) ;
#4432 = EDGE_CURVE ( 'NONE', #253, #5660, #7651, .T. ) ;
#4433 = CARTESIAN_POINT ( 'NONE',  ( -3.666662445442872009, 46.63744080576727669, 190.4627056561179756 ) ) ;
#4434 = FACE_OUTER_BOUND ( 'NONE', #4000, .T. ) ;
#4436 = EDGE_LOOP ( 'NONE', ( #3048, #3243, #6695 ) ) ;
#4435 = CARTESIAN_POINT ( 'NONE',  ( 0.000000000000000000, 40.74795199264384848, 79.83585004708851329 ) ) ;
#4437 = CARTESIAN_POINT ( 'NONE',  ( 37.16610986586072585, 27.74572975723627977, 90.29351796491941684 ) ) ;
#4438 = CARTESIAN_POINT ( 'NONE',  ( 39.55461544853746148, 34.16403340604842498, 214.1268851712970331 ) ) ;
#4439 = CARTESIAN_POINT ( 'NONE',  ( -0.4601306220991454587, 43.69637695970664737, 156.7820413603378427 ) ) ;
#4440 = CARTESIAN_POINT ( 'NONE',  ( 2.986908303417121768, 47.31311427379777257, 189.8044935643576707 ) ) ;
#4441 = CARTESIAN_POINT ( 'NONE',  ( 41.93462905618955716, 26.32851893096475138, 364.7381377576680279 ) ) ;
#4442 = CARTESIAN_POINT ( 'NONE',  ( -7.162406742956792804, -5.196939195804247902, 540.7780944250159791 ) ) ;
#4443 = CARTESIAN_POINT ( 'NONE',  ( -8.966662445441944129, 43.11822529551508154, 210.9061484357024199 ) ) ;
#4444 = CARTESIAN_POINT ( 'NONE',  ( 0.9565858417292030236, -24.71121349876131390, -76.19616986922960677 ) ) ;
#4445 = CARTESIAN_POINT ( 'NONE',  ( 3.558164720282995575, 47.18988721135567488, 206.8974542917381996 ) ) ;
#4446 = CARTESIAN_POINT ( 'NONE',  ( -7.193853010854474483, -10.41107745454391420, 557.8597997808570881 ) ) ;
#4447 = CARTESIAN_POINT ( 'NONE',  ( -43.74616319373959783, 30.29104111301511892, 146.8395957463901880 ) ) ;
#4448 = CARTESIAN_POINT ( 'NONE',  ( 1.902841748915401698, 26.35720887929280920, 24.71859036435517254 ) ) ;
#4449 = CARTESIAN_POINT ( 'NONE',  ( 5.844229952445242127, 43.31280245187237199, 170.4074901042972954 ) ) ;
#4450 = VERTEX_POINT ( 'NONE', #5198 ) ;
#4451 = CARTESIAN_POINT ( 'NONE',  ( -51.34172555383074865, 27.39137958430218234, 175.4372464484529814 ) ) ;
#4452 = CARTESIAN_POINT ( 'NONE',  ( 1.467788928062101705, 44.48375703246001933, 275.5401249740329490 ) ) ;
#4453 = CARTESIAN_POINT ( 'NONE',  ( -3.558164720282995575, 47.18988721135567488, 206.8974542917381996 ) ) ;
#4454 = CARTESIAN_POINT ( 'NONE',  ( -40.00984483757177657, 16.72124631380037485, 402.1504229787130384 ) ) ;
#4455 = ORIENTED_EDGE ( 'NONE', *, *, #2583, .T. ) ;
#4456 = CARTESIAN_POINT ( 'NONE',  ( -28.58244982384469424, -15.21890313945408657, -45.70561207615780575 ) ) ;
#4457 = CARTESIAN_POINT ( 'NONE',  ( 0.000000000000000000, 24.87581779792214576, 23.34527260323320164 ) ) ;
#4458 = CARTESIAN_POINT ( 'NONE',  ( 29.74431126800664771, 22.98170914564516920, 47.64472244149919078 ) ) ;
#4459 = CARTESIAN_POINT ( 'NONE',  ( -8.109338200616543091, 27.72720660483888366, 35.79589824794359032 ) ) ;
#4460 = CARTESIAN_POINT ( 'NONE',  ( 0.8666741317026296354, 31.46901978515835552, 29.51441602890792737 ) ) ;
#4461 = CARTESIAN_POINT ( 'NONE',  ( 29.10897427440240293, 36.82647738988960384, 146.2106560165904909 ) ) ;
#4462 = ADVANCED_FACE ( 'NONE', ( #7693 ), #7575, .T. ) ;
#4463 = CARTESIAN_POINT ( 'NONE',  ( 0.2552796127009648308, 41.33778614201271040, 117.7456367083475612 ) ) ;
#4464 = CARTESIAN_POINT ( 'NONE',  ( 0.000000000000000000, 17.01339730700182074, 458.4116318598639168 ) ) ;
#4465 = CARTESIAN_POINT ( 'NONE',  ( 1.286675162972685138, 38.58551927344351640, 92.26973242505076200 ) ) ;
#4466 = CARTESIAN_POINT ( 'NONE',  ( 49.16176366489246163, 28.98708836058777649, 183.6080041517474797 ) ) ;
#4467 = CARTESIAN_POINT ( 'NONE',  ( -1.904146327908672554, -8.520320594203820264, -59.57409022259488296 ) ) ;
#4468 = CARTESIAN_POINT ( 'NONE',  ( 3.666662445442872009, 46.63744080576727669, 190.4627056561179756 ) ) ;
#4469 = CARTESIAN_POINT ( 'NONE',  ( -3.049539245039347257, 43.88682235081135730, 190.1217284316822997 ) ) ;
#4470 = CARTESIAN_POINT ( 'NONE',  ( 0.3783947007687364916, 35.25397519903931709, 66.59665681460901965 ) ) ;
#4471 = CARTESIAN_POINT ( 'NONE',  ( -5.190484933164281500, 43.47175173230601075, 216.3047063373569472 ) ) ;
#4472 = LINE ( 'NONE', #3081, #2470 ) ;
#4473 = EDGE_CURVE ( 'NONE', #2459, #7180, #924, .T. ) ;
#4474 = CARTESIAN_POINT ( 'NONE',  ( -0.8067805704859051241, 46.84802417386053719, 208.4485850156316360 ) ) ;
#4476 = ORIENTED_EDGE ( 'NONE', *, *, #4519, .T. ) ;
#4475 = CARTESIAN_POINT ( 'NONE',  ( 0.000000000000000000, 47.06380252744634163, 155.7186040356210128 ) ) ;
#4477 = CARTESIAN_POINT ( 'NONE',  ( 1.776011971697488701, 33.56672385768830935, 58.26866262513638617 ) ) ;
#4478 = ADVANCED_FACE ( 'NONE', ( #965 ), #3416, .T. ) ;
#4479 = CARTESIAN_POINT ( 'NONE',  ( 2.567542197372857160, 44.01398118106109791, 192.4700077841475832 ) ) ;
#4480 = CARTESIAN_POINT ( 'NONE',  ( 6.218476790328001158, 42.28550686164089711, 146.9142196045556261 ) ) ;
#4481 = DIRECTION ( 'NONE',  ( 0.000000000000000000, 0.000000000000000000, 1.000000000000000000 ) ) ;
#4482 = CARTESIAN_POINT ( 'NONE',  ( -1.585105225643784310, 28.62474442760698068, 400.8281577764561803 ) ) ;
#4483 = CARTESIAN_POINT ( 'NONE',  ( -36.00285309233927933, -6.792297079197776810, 479.3729591887034758 ) ) ;
#4484 = DIRECTION ( 'NONE',  ( -1.000000000000000000, 0.000000000000000000, -0.000000000000000000 ) ) ;
#4485 = CARTESIAN_POINT ( 'NONE',  ( -85.69083615468348114, 1.184676353268040661, 66.40827568370886524 ) ) ;
#4486 = CARTESIAN_POINT ( 'NONE',  ( -39.83570236460563763, 31.21514816738372744, 69.16083407968436347 ) ) ;
#4487 = CARTESIAN_POINT ( 'NONE',  ( -2.865643619534015141, -19.79597498845155457, -71.17153684286878956 ) ) ;
#4488 = CARTESIAN_POINT ( 'NONE',  ( 0.3275024470585666814, 37.72830036884258931, 83.62249319121330871 ) ) ;
#4489 = CARTESIAN_POINT ( 'NONE',  ( -0.2837273864319290184, 26.60456186948221102, 24.54364196518744379 ) ) ;
#4490 = ORIENTED_EDGE ( 'NONE', *, *, #7096, .F. ) ;
#4491 = CARTESIAN_POINT ( 'NONE',  ( -38.66110202879299607, 31.97462844916265112, 131.7596772602675514 ) ) ;
#4492 = CARTESIAN_POINT ( 'NONE',  ( -7.846345050770216822, 46.81194873575534388, 182.9037947448233012 ) ) ;
#4493 = CARTESIAN_POINT ( 'NONE',  ( -1.546908944631368854, 47.34516280005131250, 208.8949607690099981 ) ) ;
#4494 = CARTESIAN_POINT ( 'NONE',  ( -29.92182627301920661, 37.97493799774523637, 177.5560504421393659 ) ) ;
#4495 = CARTESIAN_POINT ( 'NONE',  ( 42.47235341482619475, 32.03753241268405816, 164.1433465024948646 ) ) ;
#4496 = CARTESIAN_POINT ( 'NONE',  ( 1.885900387860527383, 4.944344929474349115, -41.28297166191669731 ) ) ;
#4497 = DIRECTION ( 'NONE',  ( -0.000000000000000000, -0.000000000000000000, 1.000000000000000000 ) ) ;
#4498 = CARTESIAN_POINT ( 'NONE',  ( -2.010800812738010368, 45.06813037726373494, 125.6496688811247822 ) ) ;
#4499 = CARTESIAN_POINT ( 'NONE',  ( 0.2558020227795668733, 28.70544694511355033, 32.83115743153620514 ) ) ;
#4500 = CARTESIAN_POINT ( 'NONE',  ( -10.24811798180279787, 39.43337803868414682, 83.18633069079341169 ) ) ;
#4501 = CARTESIAN_POINT ( 'NONE',  ( -39.30871457015065573, 33.50939919241005072, 162.4101605619597706 ) ) ;
#4502 = CARTESIAN_POINT ( 'NONE',  ( 149.9999999999992042, -3.609269300846623008, 431.4188600312683661 ) ) ;
#4504 = ORIENTED_EDGE ( 'NONE', *, *, #16, .F. ) ;
#4503 = CARTESIAN_POINT ( 'NONE',  ( 7.732067328197644862, 36.68055370944653504, 86.32810946151725773 ) ) ;
#4505 = EDGE_LOOP ( 'NONE', ( #2906, #4174, #7757 ) ) ;
#4506 = CARTESIAN_POINT ( 'NONE',  ( 3.340573480010778695, -14.94576865527262655, -66.08754007650293261 ) ) ;
#4507 = CARTESIAN_POINT ( 'NONE',  ( -0.3026993437277109567, 36.20655314586358742, 73.21733804281454638 ) ) ;
#4508 = PLANE ( 'NONE',  #2332 ) ;
#4509 = CARTESIAN_POINT ( 'NONE',  ( -25.81364860619649448, 31.40389075190293156, 83.14130620791492277 ) ) ;
#4510 = CARTESIAN_POINT ( 'NONE',  ( 47.40806636295297949, 34.05960162640550237, 194.5688031170403178 ) ) ;
#4511 = DIRECTION ( 'NONE',  ( 1.111307226797637785E-14, 0.005235963831417977596, 0.9999862922474268556 ) ) ;
#4513 = ORIENTED_EDGE ( 'NONE', *, *, #6099, .T. ) ;
#4512 = CARTESIAN_POINT ( 'NONE',  ( 5.882888988652245743, 42.38580333701526115, 298.7586613606674177 ) ) ;
#4514 = CARTESIAN_POINT ( 'NONE',  ( -0.09739888003033829456, 44.27483671690579570, 191.9197505371543286 ) ) ;
#4515 = CARTESIAN_POINT ( 'NONE',  ( -5.980459892260483024, 41.70907040910066854, 134.9229141270720049 ) ) ;
#4516 = CARTESIAN_POINT ( 'NONE',  ( 45.41989498613062892, 31.25143822804270144, 193.5609210104863678 ) ) ;
#4517 = DIRECTION ( 'NONE',  ( 1.000000000000000000, 0.000000000000000000, 0.000000000000000000 ) ) ;
#4518 = CARTESIAN_POINT ( 'NONE',  ( -5.137739235627760692, 43.72929188807277257, 193.4187966662072427 ) ) ;
#4519 = EDGE_CURVE ( 'NONE', #4549, #643, #4934, .T. ) ;
#4520 = CARTESIAN_POINT ( 'NONE',  ( -1.717673231772173903, 23.13963299835682719, 429.9848877918320227 ) ) ;
#4521 = CARTESIAN_POINT ( 'NONE',  ( -45.95965009189017536, 27.17204488600939882, 125.6496688811247822 ) ) ;
#4522 = CARTESIAN_POINT ( 'NONE',  ( 0.4666624454429734725, 44.14368619715546060, 187.8683353890677097 ) ) ;
#4523 = CARTESIAN_POINT ( 'NONE',  ( -28.49463500214571354, -6.821171986367837725, -36.82241012564603722 ) ) ;
#4524 = CARTESIAN_POINT ( 'NONE',  ( 0.000000000000000000, 0.000000000000000000, 214.0493121098461415 ) ) ;
#4525 = CARTESIAN_POINT ( 'NONE',  ( -2.869757525187609293, -24.73004176475694749, -76.23815369158728572 ) ) ;
#4526 = CARTESIAN_POINT ( 'NONE',  ( -10.65231748920743193, 37.32814953505183553, 96.45955583479691597 ) ) ;
#4527 = CARTESIAN_POINT ( 'NONE',  ( 0.000000000000000000, 33.08737644779387921, 37.21554888125716332 ) ) ;
#4528 = ORIENTED_EDGE ( 'NONE', *, *, #1902, .F. ) ;
#4529 = CARTESIAN_POINT ( 'NONE',  ( 0.1341786017373773898, 37.96482485615628377, 85.16488195627246682 ) ) ;
#4530 = CARTESIAN_POINT ( 'NONE',  ( 0.000000000000000000, 28.59958286175763931, 400.6555249589480923 ) ) ;
#4531 = CARTESIAN_POINT ( 'NONE',  ( -2.106244008243392418, 47.39909168233104708, 188.4216521327425085 ) ) ;
#4532 = CARTESIAN_POINT ( 'NONE',  ( -3.060927768717240038, 47.22565156979678136, 207.8175048201278230 ) ) ;
#4533 = CARTESIAN_POINT ( 'NONE',  ( -2.005225952241261655, 23.00456069334608245, 429.7794286210721566 ) ) ;
#4534 = CARTESIAN_POINT ( 'NONE',  ( -7.844114599739925531, 42.06359538247980367, 147.7101987653459787 ) ) ;
#4535 = ORIENTED_EDGE ( 'NONE', *, *, #6645, .F. ) ;
#4536 = CARTESIAN_POINT ( 'NONE',  ( 33.75719699133005491, 34.28550461562807072, 135.9341989142781983 ) ) ;
#4537 = CARTESIAN_POINT ( 'NONE',  ( -28.49463500214571354, -6.821171986367837725, -36.82241012564603722 ) ) ;
#4538 = B_SPLINE_CURVE_WITH_KNOTS ( 'NONE', 3,
 ( #7723, #372, #6679, #3528 ),
 .UNSPECIFIED., .F., .F.,
 ( 4, 4 ),
 ( 0.000000000000000000, 0.0005270694775734753590 ),
 .UNSPECIFIED. ) ;
#4539 = CARTESIAN_POINT ( 'NONE',  ( 2.183279842603908172, 46.66140358860982218, 207.8100105596335538 ) ) ;
#4540 = CARTESIAN_POINT ( 'NONE',  ( 37.13524230543207949, 21.85333522089571545, 59.05363485119795541 ) ) ;
#4541 = AXIS2_PLACEMENT_3D ( 'NONE', #3439, #5802, #7716 ) ;
#4542 = CARTESIAN_POINT ( 'NONE',  ( 21.78611019057491305, 28.35662584930826924, 40.97867392638860906 ) ) ;
#4543 = CARTESIAN_POINT ( 'NONE',  ( 2.469858351745394476, 37.72654402396099016, 58.86823661618673498 ) ) ;
#4544 = CARTESIAN_POINT ( 'NONE',  ( 0.1270546283924227915, 40.57300512362765232, 109.2197812142541693 ) ) ;
#4545 = CIRCLE ( 'NONE', #403, 1.000000000000000888 ) ;
#4546 = CIRCLE ( 'NONE', #4035, 1.000000000000000222 ) ;
#4548 = VERTEX_POINT ( 'NONE', #2287 ) ;
#4547 = CARTESIAN_POINT ( 'NONE',  ( 5.747361832919467339, 38.91218501537728258, 102.3883062812942057 ) ) ;
#4549 = VERTEX_POINT ( 'NONE', #5313 ) ;
#4550 = CARTESIAN_POINT ( 'NONE',  ( 28.58244982384469424, -15.21890313945408657, -45.70561207615780575 ) ) ;
#4551 = CARTESIAN_POINT ( 'NONE',  ( -0.1186907862718400847, 36.18345181981094782, 73.21109684852048360 ) ) ;
#4552 = CARTESIAN_POINT ( 'NONE',  ( 0.000000000000000000, 47.46908510132400494, 209.0584537857835414 ) ) ;
#4553 = CARTESIAN_POINT ( 'NONE',  ( -44.59710504396101527, 26.86073819871377921, 114.3071968959556983 ) ) ;
#4554 = CARTESIAN_POINT ( 'NONE',  ( -7.777986836974810636, 43.17311801696200746, 217.3281480450644096 ) ) ;
#4555 = CARTESIAN_POINT ( 'NONE',  ( 3.066662445442881690, 46.97260807575818831, 190.1228816791381462 ) ) ;
#4556 = CIRCLE ( 'NONE', #3387, 1.000000000000000888 ) ;
#4557 = VECTOR ( 'NONE', #3894, 1000.000000000000000 ) ;
#4558 = DIRECTION ( 'NONE',  ( 0.000000000000000000, 1.000000000000000000, 0.000000000000000000 ) ) ;
#4560 = VERTEX_POINT ( 'NONE', #1079 ) ;
#4559 = CARTESIAN_POINT ( 'NONE',  ( 44.49566077598581870, 36.56622561671095895, 287.9162384457418966 ) ) ;
#4561 = CARTESIAN_POINT ( 'NONE',  ( -0.2296749493148534382, 43.96513849670368757, 214.8301142943346065 ) ) ;
#4562 = AXIS2_PLACEMENT_3D ( 'NONE', #1234, #6132, #544 ) ;
#4563 = CARTESIAN_POINT ( 'NONE',  ( -8.088800255108845150, 41.41832151357230885, 135.9721826698009011 ) ) ;
#4564 = DIRECTION ( 'NONE',  ( 0.000000000000000000, 1.000000000000000000, 0.000000000000000000 ) ) ;
#4565 = CARTESIAN_POINT ( 'NONE',  ( -15.68273848720243357, 42.14379540272183533, 198.8194141283960050 ) ) ;
#4566 = CARTESIAN_POINT ( 'NONE',  ( 6.487160277154800703, 19.72214760585052673, 443.3057579004467357 ) ) ;
#4567 = PLANE ( 'NONE',  #4008 ) ;
#4568 = CARTESIAN_POINT ( 'NONE',  ( 1.557891068959907699, 47.44959015950185233, 187.4281650371936792 ) ) ;
#4569 = CARTESIAN_POINT ( 'NONE',  ( -0.000000000000000000, -5.832248506198543403, -56.54747634531298672 ) ) ;
#4570 = DIRECTION ( 'NONE',  ( 1.000000000000000000, 0.000000000000000000, 0.000000000000000000 ) ) ;
#4571 = CARTESIAN_POINT ( 'NONE',  ( -1.902130867737947373, -5.765155448703533914, -56.51890096845753675 ) ) ;
#4572 = CARTESIAN_POINT ( 'NONE',  ( -6.433924431345166006, 35.62505925479814550, 77.11485451070406327 ) ) ;
#4573 = EDGE_CURVE ( 'NONE', #2382, #5259, #7547, .T. ) ;
#4574 = CARTESIAN_POINT ( 'NONE',  ( 5.036995001873319389, 26.01074430321153486, 25.83127499781213032 ) ) ;
#4575 = ORIENTED_EDGE ( 'NONE', *, *, #7146, .T. ) ;
#4576 = CARTESIAN_POINT ( 'NONE',  ( -0.8363959682624708680, 37.84229201446858326, 85.21733310284091090 ) ) ;
#4577 = CARTESIAN_POINT ( 'NONE',  ( -0.7461940103012556502, 43.80372440424493874, 105.2564511888949568 ) ) ;
#4578 = CARTESIAN_POINT ( 'NONE',  ( 0.000000000000000000, 32.02960972858872424, 380.5868600663628740 ) ) ;
#4579 = CARTESIAN_POINT ( 'NONE',  ( -3.152666119270945089, 43.67753256974977916, 215.5868996673863194 ) ) ;
#4580 = CARTESIAN_POINT ( 'NONE',  ( -38.94971913559402310, 33.49443590255847880, 242.9713308908567342 ) ) ;
#4581 = CARTESIAN_POINT ( 'NONE',  ( -0.5904223920472086995, 32.48870363117342208, 34.84931210984618133 ) ) ;
#4582 = EDGE_CURVE ( 'NONE', #5130, #1583, #889, .T. ) ;
#4583 = ORIENTED_EDGE ( 'NONE', *, *, #3126, .F. ) ;
#4584 = ADVANCED_FACE ( 'NONE', ( #4750 ), #2923, .T. ) ;
#4585 = CARTESIAN_POINT ( 'NONE',  ( -3.268646977093212946, 11.48290530004461019, -28.67737780092130606 ) ) ;
#4586 = CARTESIAN_POINT ( 'NONE',  ( 6.098637220230962441E-15, 42.62030380371323446, 136.6556231944756234 ) ) ;
#4587 = CARTESIAN_POINT ( 'NONE',  ( -3.459930792703080460, 26.18539333677794545, 25.15619017196766904 ) ) ;
#4588 = CARTESIAN_POINT ( 'NONE',  ( -48.09887603462018291, 19.47765558591667556, 290.8986780379959782 ) ) ;
#4590 = ORIENTED_EDGE ( 'NONE', *, *, #1254, .T. ) ;
#4589 = CARTESIAN_POINT ( 'NONE',  ( 7.775679208033551504, 38.63396268523023025, 103.4310045912050668 ) ) ;
#4591 = EDGE_LOOP ( 'NONE', ( #6828, #1619, #4490, #6077 ) ) ;
#4592 = CARTESIAN_POINT ( 'NONE',  ( 150.0000000000000284, 2.675617566335641406, 211.3246760485956202 ) ) ;
#4593 = CARTESIAN_POINT ( 'NONE',  ( -0.3152854162916625125, 37.98766449377531984, 85.16941136848554095 ) ) ;
#4594 = LINE ( 'NONE', #3408, #4557 ) ;
#4595 = CARTESIAN_POINT ( 'NONE',  ( -5.609439945247889803, 31.47164374324015057, 51.22367154504453879 ) ) ;
#4596 = CARTESIAN_POINT ( 'NONE',  ( -12.58831365177849726, 42.50706323854148394, 219.4865450138730409 ) ) ;
#4597 = CARTESIAN_POINT ( 'NONE',  ( 2.738145295489168518, 43.86679528997784416, 189.1554641129578158 ) ) ;
#4598 = CARTESIAN_POINT ( 'NONE',  ( 1.573448402819587994E-14, 43.59248601773754928, 128.6496688811247111 ) ) ;
#4599 = CARTESIAN_POINT ( 'NONE',  ( -1.848321708431225563, 47.83361918596382623, 180.4427191032446558 ) ) ;
#4600 = CARTESIAN_POINT ( 'NONE',  ( 0.2981712342508909264, 44.16936922584383041, 203.5140816729572748 ) ) ;
#4601 = DIRECTION ( 'NONE',  ( 1.000000000000000000, 0.000000000000000000, -0.000000000000000000 ) ) ;
#4602 = CARTESIAN_POINT ( 'NONE',  ( -0.2816234167835481861, 44.10027678992294398, 180.2972721233001892 ) ) ;
#4603 = CARTESIAN_POINT ( 'NONE',  ( 38.69183588737984536, 10.25441671295230073, 424.1220012238796357 ) ) ;
#4604 = CARTESIAN_POINT ( 'NONE',  ( -43.95965009189017536, 30.33988575092048379, 128.6496688811247111 ) ) ;
#4605 = DIRECTION ( 'NONE',  ( -1.000000000000000000, 0.000000000000000000, 0.000000000000000000 ) ) ;
#4606 = CARTESIAN_POINT ( 'NONE',  ( 1.885900387860527383, 4.944344929474349115, -41.28297166191669731 ) ) ;
#4607 = CARTESIAN_POINT ( 'NONE',  ( -2.846830710822273236, -1.888371530433603951, -51.63176871257518741 ) ) ;
#4608 = CARTESIAN_POINT ( 'NONE',  ( 0.3637322989607303936, 36.49250128485497413, 75.10975404427877322 ) ) ;
#4609 = CARTESIAN_POINT ( 'NONE',  ( 0.7072060572467590012, 30.43583695333697037, 41.22538954145779400 ) ) ;
#4610 = EDGE_LOOP ( 'NONE', ( #4528, #4987 ) ) ;
#4611 = CARTESIAN_POINT ( 'NONE',  ( 0.6236465127041916912, 36.24671600741290689, 73.23370670580241892 ) ) ;
#4612 = CARTESIAN_POINT ( 'NONE',  ( -149.9999999999998010, 15.67153765998659942, 312.2062866230721170 ) ) ;
#4613 = CARTESIAN_POINT ( 'NONE',  ( 2.932303270153285624, 46.65093396009445570, 189.6220814850905185 ) ) ;
#4614 = CARTESIAN_POINT ( 'NONE',  ( -149.9999999999994884, 5.740427124744100773, 378.1347507846561484 ) ) ;
#4615 = ORIENTED_EDGE ( 'NONE', *, *, #2433, .F. ) ;
#4616 = CARTESIAN_POINT ( 'NONE',  ( 46.39787868976893748, 29.74055224540435560, 161.5411613694128050 ) ) ;
#4617 = CARTESIAN_POINT ( 'NONE',  ( -12.12700268568815254, 15.00943372669715004, -14.20656591047415240 ) ) ;
#4618 = EDGE_CURVE ( 'NONE', #5041, #6097, #5497, .T. ) ;
#4619 = CARTESIAN_POINT ( 'NONE',  ( 1.185863913725647700, 47.38388060758177289, 208.3534024497454595 ) ) ;
#4620 = CARTESIAN_POINT ( 'NONE',  ( -5.036995001873319389, 26.01074430321153486, 25.83127499781213032 ) ) ;
#4621 = CARTESIAN_POINT ( 'NONE',  ( 1.536255518351238303, 46.03229346627335872, 252.4759691116221347 ) ) ;
#4622 = EDGE_CURVE ( 'NONE', #2706, #1870, #7928, .T. ) ;
#4624 = ORIENTED_EDGE ( 'NONE', *, *, #5456, .T. ) ;
#4623 = CARTESIAN_POINT ( 'NONE',  ( 0.2230571950042307405, 39.62459802188583069, 100.6961456474222842 ) ) ;
#4625 = ORIENTED_EDGE ( 'NONE', *, *, #1063, .T. ) ;
#4626 = CARTESIAN_POINT ( 'NONE',  ( -0.6291954698325915585, 38.02716538536469670, 85.18262584549744076 ) ) ;
#4627 = DIRECTION ( 'NONE',  ( -0.000000000000000000, -0.2207185206826550450, -0.9753375490709154105 ) ) ;
#4628 = CARTESIAN_POINT ( 'NONE',  ( 0.4289379437029745001, 32.20601404366436782, 49.66814877204801348 ) ) ;
#4629 = CARTESIAN_POINT ( 'NONE',  ( 47.73589961774708001, 33.87367153695082322, 193.6189920242501898 ) ) ;
#4630 = LINE ( 'NONE', #7104, #5708 ) ;
#4631 = CARTESIAN_POINT ( 'NONE',  ( 48.09887603462018291, 19.47765558591667556, 290.8986780379959782 ) ) ;
#4632 = CARTESIAN_POINT ( 'NONE',  ( 0.2627236780584578102, 36.41384453789264342, 75.10370822598090967 ) ) ;
#4633 = CARTESIAN_POINT ( 'NONE',  ( 0.1117664553600793559, 44.18544658101828304, 203.4883120605662157 ) ) ;
#4634 = CARTESIAN_POINT ( 'NONE',  ( 14.83488391060845579, 41.59556030182088904, 163.4986971475900646 ) ) ;
#4635 = CARTESIAN_POINT ( 'NONE',  ( 0.000000000000000000, 29.60772684600566151, 44.25520149868791719 ) ) ;
#4636 = CARTESIAN_POINT ( 'NONE',  ( -1.854690840328912849, 43.93724724901663592, 180.6096488311621897 ) ) ;
#4637 = CARTESIAN_POINT ( 'NONE',  ( -2.057388533046267121, 6.867330383723285969, 500.6602980566781298 ) ) ;
#4638 = CARTESIAN_POINT ( 'NONE',  ( 45.95965009189017536, 31.16272714924198439, 125.6496688811247253 ) ) ;
#4639 = LINE ( 'NONE', #2771, #3249 ) ;
#4640 = B_SPLINE_CURVE_WITH_KNOTS ( 'NONE', 3,
 ( #6319, #2266, #1470, #780, #3883, #5134, #5761, #7632, #4540, #7558, #2672, #6405, #863, #5329, #3234, #7210, #3319, #4458, #5716, #4080, #5801, #355, #6928, #6589, #4730, #6365, #3470, #2001, #1389, #2819 ),
 .UNSPECIFIED., .F., .F.,
 ( 4, 2, 2, 2, 2, 2, 2, 2, 2, 2, 2, 2, 2, 2, 4 ),
 ( 0.2282650567046181078, 0.2314008163787820427, 0.2329686962158639962, 0.2345365760529459775, 0.2408080954012738195, 0.2439438550754377544, 0.2470796147496016615, 0.2502153744237656241, 0.2517832542608475777, 0.2533511340979295312, 0.2596226534462573454, 0.2658941727945851041, 0.2690299324687490112, 0.2721656921429129183, 0.2784372114912407326 ),
 .UNSPECIFIED. ) ;
#4641 = CARTESIAN_POINT ( 'NONE',  ( -150.0000000000000000, 6.573444530005628117, 217.0034385749200965 ) ) ;
#4642 = CARTESIAN_POINT ( 'NONE',  ( -1.904943872151217965, -9.951894290560517220, -61.04478972313617646 ) ) ;
#4643 = CARTESIAN_POINT ( 'NONE',  ( -3.106813406582527470, 37.29357649223072002, 84.16802902007778187 ) ) ;
#4644 = CARTESIAN_POINT ( 'NONE',  ( 14.82995286077682273, 26.87758014231376436, 40.13953828633132304 ) ) ;
#4645 = ORIENTED_EDGE ( 'NONE', *, *, #2826, .T. ) ;
#4646 = CARTESIAN_POINT ( 'NONE',  ( -10.90483899938235446, 36.48629179993952931, 89.70670938838793518 ) ) ;
#4647 = CARTESIAN_POINT ( 'NONE',  ( 10.24811798180279787, 39.43337803868414682, 83.18633069079341169 ) ) ;
#4648 = CARTESIAN_POINT ( 'NONE',  ( -42.60652105880237173, 30.35201058883452419, 345.2738653162223272 ) ) ;
#4649 = CARTESIAN_POINT ( 'NONE',  ( -2.937840326670148272, 47.31013791779871269, 188.3441152278332993 ) ) ;
#4650 = CARTESIAN_POINT ( 'NONE',  ( -2.558717127065790464E-14, 44.18889621422121650, 187.8683353890677097 ) ) ;
#4651 = CARTESIAN_POINT ( 'NONE',  ( 1.406557556210300319, 3.019610311274071535, 514.9300709948294070 ) ) ;
#4652 = CARTESIAN_POINT ( 'NONE',  ( 35.77127347892401588, -9.639532146028656712, 488.8322980861877340 ) ) ;
#4653 = EDGE_LOOP ( 'NONE', ( #6370, #1782 ) ) ;
#4654 = CARTESIAN_POINT ( 'NONE',  ( -82.00022190405498179, 13.41533595200248463, 95.17065037251704496 ) ) ;
#4655 = CARTESIAN_POINT ( 'NONE',  ( 2.733580488976792733, 47.26515709648531782, 207.1356967421204445 ) ) ;
#4656 = CARTESIAN_POINT ( 'NONE',  ( 0.000000000000000000, 42.59248601773754928, 128.6496688811247111 ) ) ;
#4657 = CARTESIAN_POINT ( 'NONE',  ( 0.6161072361437418543, 47.71231197339022856, 180.5334442090090192 ) ) ;
#4658 = CARTESIAN_POINT ( 'NONE',  ( 31.97418811868402955, 36.01413553433541637, 150.0532622551858992 ) ) ;
#4659 = EDGE_CURVE ( 'NONE', #5535, #7360, #6798, .T. ) ;
#4661 = ORIENTED_EDGE ( 'NONE', *, *, #5663, .F. ) ;
#4660 = CARTESIAN_POINT ( 'NONE',  ( 6.089007762704987670, 38.86627042587038972, 102.5539283444288827 ) ) ;
#4662 = CARTESIAN_POINT ( 'NONE',  ( 41.25957057413378237, 33.40119992079765154, 204.6190652891771435 ) ) ;
#4663 = AXIS2_PLACEMENT_3D ( 'NONE', #1885, #5021, #1194 ) ;
#4664 = ORIENTED_EDGE ( 'NONE', *, *, #1547, .F. ) ;
#4665 = CARTESIAN_POINT ( 'NONE',  ( -1.573448402819587994E-14, 43.59248601773754928, 125.6496688811247253 ) ) ;
#4666 = CARTESIAN_POINT ( 'NONE',  ( -8.139746238113815480, 32.76137610394444977, 61.03656975722113032 ) ) ;
#4667 = CARTESIAN_POINT ( 'NONE',  ( 1.146769735279868030, 43.86679528997784416, 187.9357635960772654 ) ) ;
#4668 = CARTESIAN_POINT ( 'NONE',  ( 46.75094629537215951, 27.67406671185381484, 135.2858344324822610 ) ) ;
#4669 = AXIS2_PLACEMENT_3D ( 'NONE', #4249, #3023, #5498 ) ;
#4670 = CARTESIAN_POINT ( 'NONE',  ( 149.9999999999999716, 16.36900979716714133, 304.7041830578932036 ) ) ;
#4671 = CARTESIAN_POINT ( 'NONE',  ( 0.4840706626920755484, 44.15309676966925423, 203.5438119251805915 ) ) ;
#4672 = ORIENTED_EDGE ( 'NONE', *, *, #1507, .F. ) ;
#4673 = FACE_OUTER_BOUND ( 'NONE', #4193, .T. ) ;
#4674 = ADVANCED_FACE ( 'NONE', ( #4673 ), #1672, .F. ) ;
#4675 = CARTESIAN_POINT ( 'NONE',  ( -4.778018902651264277, 43.77127183676640954, 193.2719225806074235 ) ) ;
#4676 = CARTESIAN_POINT ( 'NONE',  ( 6.848877587165034697, 9.753616543240035242, 486.0167545655663162 ) ) ;
#4677 = CARTESIAN_POINT ( 'NONE',  ( -38.94878926629487381, 31.16930290207718812, 125.6496688811246401 ) ) ;
#4678 = VECTOR ( 'NONE', #2160, 999.9999999999998863 ) ;
#4679 = DIRECTION ( 'NONE',  ( -1.000000000000000000, 0.000000000000000000, -0.000000000000000000 ) ) ;
#4680 = CARTESIAN_POINT ( 'NONE',  ( -27.93320105887194060, 9.482709585563030785, -10.56185500302712477 ) ) ;
#4681 = PLANE ( 'NONE',  #3499 ) ;
#4682 = CARTESIAN_POINT ( 'NONE',  ( 28.34182685986741390, -0.004202851225297739302, -27.54135597287860193 ) ) ;
#4683 = CARTESIAN_POINT ( 'NONE',  ( 0.4196125654968441698, 43.10282596595013871, 144.9194081416998472 ) ) ;
#4684 = CARTESIAN_POINT ( 'NONE',  ( -2.388520149774412182, 37.38522545149861998, 83.94494910642833929 ) ) ;
#4685 = AXIS2_PLACEMENT_3D ( 'NONE', #2216, #3987, #5157 ) ;
#4686 = VECTOR ( 'NONE', #7275, 1000.000000000000000 ) ;
#4687 = CARTESIAN_POINT ( 'NONE',  ( 11.96117626034398818, 27.25247122513000164, 38.11750839411981673 ) ) ;
#4688 = ORIENTED_EDGE ( 'NONE', *, *, #3279, .T. ) ;
#4689 = CARTESIAN_POINT ( 'NONE',  ( 0.3152854162916625125, 37.98766449377531984, 85.16941136848554095 ) ) ;
#4690 = CARTESIAN_POINT ( 'NONE',  ( 8.431562461238529593, 46.07402497580898171, 158.2968993032507683 ) ) ;
#4691 = CARTESIAN_POINT ( 'NONE',  ( 0.4786979759498021236, 36.01088700303149182, 354.5695205588957037 ) ) ;
#4692 = CARTESIAN_POINT ( 'NONE',  ( -4.011857718731087097, 44.76708995884263942, 125.6496688811248532 ) ) ;
#4693 = CARTESIAN_POINT ( 'NONE',  ( -1.149840688527285160, 46.87182867780229856, 187.9370180888097934 ) ) ;
#4694 = CARTESIAN_POINT ( 'NONE',  ( -2.172075125309121724, 16.89621306203804707, 458.4249543244469578 ) ) ;
#4695 = CARTESIAN_POINT ( 'NONE',  ( -0.03644290303822678850, 41.30206390367992242, 117.7537376136693439 ) ) ;
#4696 = ORIENTED_EDGE ( 'NONE', *, *, #3426, .T. ) ;
#4697 = CARTESIAN_POINT ( 'NONE',  ( 0.000000000000000000, 16.05780648225944418, -18.97418335886999685 ) ) ;
#4698 = CARTESIAN_POINT ( 'NONE',  ( 2.976364228268652656, 32.15867938599801334, 34.90373411060866005 ) ) ;
#4699 = CARTESIAN_POINT ( 'NONE',  ( -15.55331741631335696, 45.35218854345084338, 234.3705618064915370 ) ) ;
#4701 = EDGE_LOOP ( 'NONE', ( #3060, #1023, #3104, #6231 ) ) ;
#4700 = CARTESIAN_POINT ( 'NONE',  ( 44.52643495130072182, 29.39651736911532609, 140.1786678351647879 ) ) ;
#4702 = CARTESIAN_POINT ( 'NONE',  ( 2.532848551756767375, 43.86452296419275854, 207.4379044020369918 ) ) ;
#4703 = CARTESIAN_POINT ( 'NONE',  ( 28.11698015143261742, 5.915450505645251766, -17.51976183688852373 ) ) ;
#4704 = CARTESIAN_POINT ( 'NONE',  ( 14.52258278139374248, 35.95564989687972002, 91.91790531544299370 ) ) ;
#4705 = CARTESIAN_POINT ( 'NONE',  ( -19.57372214606867900, 15.00000000000000000, 184.4493121098462041 ) ) ;
#4706 = CARTESIAN_POINT ( 'NONE',  ( -1.432467092377366136, 31.97933803390192509, 49.75080860163746621 ) ) ;
#4707 = CARTESIAN_POINT ( 'NONE',  ( -25.52205550051560934, 39.39227367961100867, 228.2996161495300669 ) ) ;
#4708 = DIRECTION ( 'NONE',  ( -0.000000000000000000, -0.000000000000000000, 1.000000000000000000 ) ) ;
#4709 = ADVANCED_FACE ( 'NONE', ( #7074 ), #2144, .T. ) ;
#4710 = CARTESIAN_POINT ( 'NONE',  ( -2.548967723434819366, 47.27830257691419291, 207.4168033985740465 ) ) ;
#4711 = CARTESIAN_POINT ( 'NONE',  ( -0.4709684984625378545, 41.02653431879563328, 312.7840159696370392 ) ) ;
#4712 = CARTESIAN_POINT ( 'NONE',  ( -0.1751725819262916206, 35.22849908528539231, 66.58751872502158164 ) ) ;
#4713 = CARTESIAN_POINT ( 'NONE',  ( 42.56907045533310452, 32.08836114034509279, 238.3442432622196918 ) ) ;
#4714 = CARTESIAN_POINT ( 'NONE',  ( -0.5433552477474782316, 44.04788188898776014, 168.5604634901941097 ) ) ;
#4715 = CARTESIAN_POINT ( 'NONE',  ( -0.000000000000000000, -24.70179936576349533, -76.17517795805076730 ) ) ;
#4716 = CARTESIAN_POINT ( 'NONE',  ( 36.00285309233927933, -6.792297079197776810, 479.3729591887034758 ) ) ;
#4717 = CARTESIAN_POINT ( 'NONE',  ( -1.325315780524090936, 31.42306977462209971, 46.81572406280406540 ) ) ;
#4718 = CARTESIAN_POINT ( 'NONE',  ( 0.4666624454429739166, 46.83002249555136132, 208.4485850156316360 ) ) ;
#4719 = ADVANCED_FACE ( 'NONE', ( #6992 ), #4567, .F. ) ;
#4720 = CARTESIAN_POINT ( 'NONE',  ( -84.37654678365758798, 7.016731582859186744, 78.37539727634437270 ) ) ;
#4721 = CARTESIAN_POINT ( 'NONE',  ( 12.50569815975795684, -8.939040514739479804, -53.94021469740130925 ) ) ;
#4722 = CARTESIAN_POINT ( 'NONE',  ( -2.002879806244552974, 42.81907387725327396, 145.2775480826261116 ) ) ;
#4723 = ADVANCED_FACE ( 'NONE', ( #927 ), #3419, .F. ) ;
#4724 = CARTESIAN_POINT ( 'NONE',  ( 6.547953091689253213, 27.91490571339361892, 34.90688806154778945 ) ) ;
#4725 = EDGE_LOOP ( 'NONE', ( #8023, #2641, #1430, #2476, #1465 ) ) ;
#4726 = VERTEX_POINT ( 'NONE', #1447 ) ;
#4727 = CARTESIAN_POINT ( 'NONE',  ( 0.000000000000000000, 47.15829415646652478, 187.8683353890677097 ) ) ;
#4728 = CARTESIAN_POINT ( 'NONE',  ( 23.38038312808035002, 37.38833027712956891, 92.04395209074077400 ) ) ;
#4729 = CARTESIAN_POINT ( 'NONE',  ( -149.9999999999994884, 5.740427124744100773, 378.1347507846561484 ) ) ;
#4730 = CARTESIAN_POINT ( 'NONE',  ( 17.27831158787052956, 25.62948312241316984, 38.52249073191282491 ) ) ;
#4731 = CARTESIAN_POINT ( 'NONE',  ( 47.54450766286623065, 27.13773935310525331, 144.9495844652581411 ) ) ;
#4732 = CARTESIAN_POINT ( 'NONE',  ( 0.000000000000000000, 44.59248601773754928, 122.6496688811247111 ) ) ;
#4733 = CARTESIAN_POINT ( 'NONE',  ( 0.000000000000000000, 13.75622029850556061, 472.5436863909573617 ) ) ;
#4734 = CARTESIAN_POINT ( 'NONE',  ( 0.3801980304384154907, 41.35304654345812736, 117.7455006833677942 ) ) ;
#4735 = CARTESIAN_POINT ( 'NONE',  ( -2.109836334315450479, 3.066047688892955314, 514.8735652113953165 ) ) ;
#4736 = ORIENTED_EDGE ( 'NONE', *, *, #2298, .T. ) ;
#4737 = CARTESIAN_POINT ( 'NONE',  ( -35.52545253109461498, 35.33562080555974205, 161.9957928976499488 ) ) ;
#4738 = CARTESIAN_POINT ( 'NONE',  ( -11.55383968865741373, 26.93463575382700270, 21.23557846822262718 ) ) ;
#4739 = CARTESIAN_POINT ( 'NONE',  ( -2.305531241410820442, 46.80903969351554395, 155.8088301420164328 ) ) ;
#4741 = ORIENTED_EDGE ( 'NONE', *, *, #5537, .F. ) ;
#4740 = CARTESIAN_POINT ( 'NONE',  ( -0.2969273726447778650, 41.34287649584287294, 117.7453463230803692 ) ) ;
#4742 = CARTESIAN_POINT ( 'NONE',  ( 12.32604656146385480, 7.066535420415203994, -30.82130669073084661 ) ) ;
#4743 = CARTESIAN_POINT ( 'NONE',  ( 35.63919075909231537, 31.63133729885009870, 115.0207887993582148 ) ) ;
#4744 = CARTESIAN_POINT ( 'NONE',  ( -7.500000000000000000, 24.87581779792214576, 23.34527260323320164 ) ) ;
#4745 = CARTESIAN_POINT ( 'NONE',  ( -47.46035230259881388, 24.86600625841119339, 113.5877846326299050 ) ) ;
#4746 = LINE ( 'NONE', #2283, #7012 ) ;
#4747 = CARTESIAN_POINT ( 'NONE',  ( 0.000000000000000000, 31.66512795048258866, 47.15714463483438834 ) ) ;
#4748 = CARTESIAN_POINT ( 'NONE',  ( 47.31906922256366244, 16.34140955976334197, 320.0000000000000568 ) ) ;
#4749 = CARTESIAN_POINT ( 'NONE',  ( 1.315462485399597981, 37.52119240654409538, 83.72815763477723294 ) ) ;
#4750 = FACE_OUTER_BOUND ( 'NONE', #3517, .T. ) ;
#4751 = CARTESIAN_POINT ( 'NONE',  ( 9.706193483868752026, -6.012392168603122755, 533.3392366149785175 ) ) ;
#4752 = CARTESIAN_POINT ( 'NONE',  ( -7.499999999999987566, 29.65013954398735407, 44.31502417377331682 ) ) ;
#4753 = CARTESIAN_POINT ( 'NONE',  ( 3.729975680510877911, 47.25529994301189163, 195.5938213818744771 ) ) ;
#4754 = CARTESIAN_POINT ( 'NONE',  ( -3.238742170394931286, 15.77724942527549956, -19.15744003631981229 ) ) ;
#4755 = CARTESIAN_POINT ( 'NONE',  ( 150.0000000000000853, 8.243839277673602695, 220.6305941379857245 ) ) ;
#4756 = CARTESIAN_POINT ( 'NONE',  ( -22.32907759709474504, 40.14410461324194301, 168.9747325200162322 ) ) ;
#4757 = CARTESIAN_POINT ( 'NONE',  ( 31.01201008213248755, 26.10779688422219280, 64.62715453389766651 ) ) ;
#4758 = EDGE_CURVE ( 'NONE', #485, #2386, #7061, .T. ) ;
#4759 = CARTESIAN_POINT ( 'NONE',  ( 29.02821220316760531, 36.61701083946921642, 140.8401574352681962 ) ) ;
#4760 = CARTESIAN_POINT ( 'NONE',  ( 0.000000000000000000, 47.60175118634028735, 187.2656339773372167 ) ) ;
#4761 = CARTESIAN_POINT ( 'NONE',  ( -11.54106037115949945, 18.89842486944788291, 438.8770723758824488 ) ) ;
#4762 = EDGE_CURVE ( 'NONE', #643, #2223, #1608, .T. ) ;
#4763 = CARTESIAN_POINT ( 'NONE',  ( 45.95965009189017536, 31.16272714924198439, 125.6496688811247253 ) ) ;
#4764 = CARTESIAN_POINT ( 'NONE',  ( -33.62640286048624461, 22.26371553182200458, 52.58870768203712487 ) ) ;
#4765 = DIRECTION ( 'NONE',  ( -1.000000000000000000, 0.000000000000000000, 0.000000000000000000 ) ) ;
#4766 = CARTESIAN_POINT ( 'NONE',  ( 0.000000000000000000, -7.286313120370254026, 550.2112436993119218 ) ) ;
#4767 = CARTESIAN_POINT ( 'NONE',  ( -1.259197188826443714, 39.49457231054437756, 100.8072430661454746 ) ) ;
#4768 = CARTESIAN_POINT ( 'NONE',  ( 0.000000000000000000, 6.729893735435778623, 500.8079739285071810 ) ) ;
#4769 = ORIENTED_EDGE ( 'NONE', *, *, #4065, .T. ) ;
#4770 = CARTESIAN_POINT ( 'NONE',  ( -1.245158089499551535, 40.34360460849654828, 109.2598822855999003 ) ) ;
#4771 = CARTESIAN_POINT ( 'NONE',  ( 1.733348263405259271, 31.56952604277959296, 29.57366796039476498 ) ) ;
#4772 = DIRECTION ( 'NONE',  ( 0.000000000000000000, -0.005235963831417927289, -0.9999862922474268556 ) ) ;
#4773 = B_SPLINE_CURVE_WITH_KNOTS ( 'NONE', 3,
 ( #2751, #3280, #4586, #2671, #862, #6404 ),
 .UNSPECIFIED., .F., .F.,
 ( 4, 2, 4 ),
 ( 0.1453083576661289289, 0.1618805072923874544, 0.1784526569186460077 ),
 .UNSPECIFIED. ) ;
#4774 = B_SPLINE_CURVE_WITH_KNOTS ( 'NONE', 3,
 ( #575, #698, #3156, #5634, #6124, #3804 ),
 .UNSPECIFIED., .F., .F.,
 ( 4, 2, 4 ),
 ( 0.05808325213973341422, 0.08661232304832384987, 0.1151413939569142786 ),
 .UNSPECIFIED. ) ;
#4775 = ORIENTED_EDGE ( 'NONE', *, *, #2303, .F. ) ;
#4777 = ORIENTED_EDGE ( 'NONE', *, *, #6894, .T. ) ;
#4776 = CARTESIAN_POINT ( 'NONE',  ( 12.67137156644885110, 38.81886798221148638, 114.7539204377954718 ) ) ;
#4778 = CARTESIAN_POINT ( 'NONE',  ( 1.773339470216845237, 43.92394180489174715, 208.1223261884240685 ) ) ;
#4779 = CARTESIAN_POINT ( 'NONE',  ( 3.289006796241746411, 7.681208134219242645, -36.06530541306337057 ) ) ;
#4780 = CARTESIAN_POINT ( 'NONE',  ( 0.09242142080423657036, 39.35785202681962147, 97.16892783293137370 ) ) ;
#4781 = CARTESIAN_POINT ( 'NONE',  ( -7.507413834886150994, 31.23253839233703388, 52.25050634828144069 ) ) ;
#4782 = CARTESIAN_POINT ( 'NONE',  ( -2.467536090971709672, 47.27192841250256805, 208.4056433915245918 ) ) ;
#4783 = CARTESIAN_POINT ( 'NONE',  ( 13.31731313304985065, 39.58377582248513704, 320.0000000000000568 ) ) ;
#4784 = CARTESIAN_POINT ( 'NONE',  ( 32.77308075012900446, 31.09296833489069911, 100.2447751858306191 ) ) ;
#4785 = CARTESIAN_POINT ( 'NONE',  ( 1.745327627894897260, 43.80374007291730010, 215.1982303263787060 ) ) ;
#4786 = CARTESIAN_POINT ( 'NONE',  ( -1.557891068959907699, 47.44959015950185233, 187.4281650371936792 ) ) ;
#4787 = CARTESIAN_POINT ( 'NONE',  ( 0.000000000000000000, -1.100564968850144654, 529.4234485653213369 ) ) ;
#4788 = CARTESIAN_POINT ( 'NONE',  ( 7.500000000000000000, 26.87530127623825749, 23.34527260323320164 ) ) ;
#4789 = LINE ( 'NONE', #1081, #808 ) ;
#4790 = AXIS2_PLACEMENT_3D ( 'NONE', #5881, #325, #7787 ) ;
#4791 = CARTESIAN_POINT ( 'NONE',  ( 0.9126475175586304944, 20.71106199493173605, -7.133971301115257013 ) ) ;
#4792 = CARTESIAN_POINT ( 'NONE',  ( 11.32133923080468918, 30.04935886603911399, 33.43650446410281063 ) ) ;
#4793 = CARTESIAN_POINT ( 'NONE',  ( 38.29224945306131644, 24.69816985774232876, 75.52085366424485358 ) ) ;
#4794 = VECTOR ( 'NONE', #3154, 1000.000000000000000 ) ;
#4795 = VECTOR ( 'NONE', #953, 1000.000000000000000 ) ;
#4796 = CARTESIAN_POINT ( 'NONE',  ( 44.09385301767472498, 31.77425291537607066, 179.1931328519744966 ) ) ;
#4797 = DIRECTION ( 'NONE',  ( 8.372497766808336842E-17, -0.9999862922474268556, 0.005235963831417927289 ) ) ;
#4798 = CARTESIAN_POINT ( 'NONE',  ( 7.301291994692240550, 46.93704426116289596, 207.1250189900836745 ) ) ;
#4799 = CARTESIAN_POINT ( 'NONE',  ( -55.71564899923829728, 1.205407876259681377, 399.7257200711499081 ) ) ;
#4800 = CARTESIAN_POINT ( 'NONE',  ( 7.500000000000000000, 29.60772684600566151, 44.25520149868791719 ) ) ;
#4801 = CARTESIAN_POINT ( 'NONE',  ( -39.83570236460563052, 22.42589079228451610, 69.16083407968426400 ) ) ;
#4802 = AXIS2_PLACEMENT_3D ( 'NONE', #131, #3813, #3774 ) ;
#4803 = EDGE_CURVE ( 'NONE', #7777, #2242, #6386, .T. ) ;
#4804 = FACE_OUTER_BOUND ( 'NONE', #4701, .T. ) ;
#4805 = CARTESIAN_POINT ( 'NONE',  ( 0.3873919331120707632, 44.30154784800465251, 191.8916235624195963 ) ) ;
#4806 = STYLED_ITEM ( 'NONE', ( #995 ), #5554 ) ;
#4807 = CARTESIAN_POINT ( 'NONE',  ( 1.463589819017925731, -9.937233235580697155, 558.8774522703039338 ) ) ;
#4808 = CARTESIAN_POINT ( 'NONE',  ( -0.9132233813549857082, 39.53811595026079573, 100.7546416586691578 ) ) ;
#4809 = CARTESIAN_POINT ( 'NONE',  ( -26.08387879933072284, 27.48741335969038246, 44.14100691977562718 ) ) ;
#4810 = ORIENTED_EDGE ( 'NONE', *, *, #2396, .T. ) ;
#4811 = CARTESIAN_POINT ( 'NONE',  ( 0.5574386245170200871, 41.69566877311076070, 121.1104652326074103 ) ) ;
#4812 = CARTESIAN_POINT ( 'NONE',  ( 0.000000000000000000, 37.42084218078985458, 58.72214691171561185 ) ) ;
#4813 = CARTESIAN_POINT ( 'NONE',  ( 37.48685809829106574, 25.78194482484485661, 59.87097989812706800 ) ) ;
#4814 = ORIENTED_EDGE ( 'NONE', *, *, #6248, .T. ) ;
#4815 = CARTESIAN_POINT ( 'NONE',  ( 0.4892629760207006240, 44.45612882444888214, 275.6643461148192387 ) ) ;
#4816 = EDGE_CURVE ( 'NONE', #4350, #7205, #5799, .T. ) ;
#4818 = ORIENTED_EDGE ( 'NONE', *, *, #4573, .T. ) ;
#4817 = CARTESIAN_POINT ( 'NONE',  ( -0.1270546283924227915, 40.57300512362765232, 109.2197812142541693 ) ) ;
#4819 = CARTESIAN_POINT ( 'NONE',  ( 1.149192734501017554, 43.97416373063099115, 208.3801834697272852 ) ) ;
#4820 = CARTESIAN_POINT ( 'NONE',  ( 86.78479610272228228, -8.426922040965695970, 51.82892328279097427 ) ) ;
#4821 = CARTESIAN_POINT ( 'NONE',  ( -0.6288477392284699263, 39.44826234199281600, 97.17589352663060254 ) ) ;
#4822 = CARTESIAN_POINT ( 'NONE',  ( -7.233710788552820681, 29.65405401336056457, 43.66128911116491196 ) ) ;
#4823 = DIRECTION ( 'NONE',  ( 0.000000000000000000, 0.9999862922474268556, -0.005235963831417927289 ) ) ;
#4824 = CARTESIAN_POINT ( 'NONE',  ( -0.7261268329091811191, 47.41095452197179583, 209.0580988300311560 ) ) ;
#4825 = CARTESIAN_POINT ( 'NONE',  ( 1.850464964290566172, 28.57020904146000362, 400.4539919784762674 ) ) ;
#4826 = CARTESIAN_POINT ( 'NONE',  ( 21.10646816383503577, 33.43509041058893416, 86.93928269276004528 ) ) ;
#4827 = CARTESIAN_POINT ( 'NONE',  ( 10.29251306018288936, 42.86073336997893790, 218.3737161211807347 ) ) ;
#4828 = CARTESIAN_POINT ( 'NONE',  ( 7.192754217908762904, -10.02745025890519770, 556.6295491338239572 ) ) ;
#4829 = CARTESIAN_POINT ( 'NONE',  ( -19.57372214606865768, 44.70866943328285004, 214.0493121098461700 ) ) ;
#4830 = CARTESIAN_POINT ( 'NONE',  ( 3.066658432861729455, 46.58355838338255950, 206.1954729790534770 ) ) ;
#4831 = CARTESIAN_POINT ( 'NONE',  ( -1.849534121738633852, 16.21802295602805799, -18.86953178114389829 ) ) ;
#4832 = CARTESIAN_POINT ( 'NONE',  ( -5.844229952445242127, 43.31280245187237199, 170.4074901042972954 ) ) ;
#4833 = CARTESIAN_POINT ( 'NONE',  ( -0.4039487958423514380, 32.20297374549819835, 49.66655360345314563 ) ) ;
#4834 = ORIENTED_EDGE ( 'NONE', *, *, #4112, .F. ) ;
#4835 = CARTESIAN_POINT ( 'NONE',  ( 4.687806185425848149, 41.88047316250839458, 134.3329385194881525 ) ) ;
#4836 = CARTESIAN_POINT ( 'NONE',  ( -0.000000000000000000, 47.31456539470629963, 187.8030718701334365 ) ) ;
#4837 = CARTESIAN_POINT ( 'NONE',  ( 6.087201789984794331, 44.18919659100005504, 276.7467911875064033 ) ) ;
#4838 = CARTESIAN_POINT ( 'NONE',  ( -40.00984483757177657, 16.72124631380037485, 402.1504229787130384 ) ) ;
#4839 = LINE ( 'NONE', #1740, #6106 ) ;
#4840 = CARTESIAN_POINT ( 'NONE',  ( 7.500000000000000000, 29.61613033342289825, 35.45677773107466635 ) ) ;
#4841 = CARTESIAN_POINT ( 'NONE',  ( -0.4666624454429734725, 44.14368619715546060, 187.8683353890677097 ) ) ;
#4842 = CARTESIAN_POINT ( 'NONE',  ( -7.118748418129577260, -1.685585176228954429, 528.7463543470161085 ) ) ;
#4843 = CARTESIAN_POINT ( 'NONE',  ( -6.966818138649946590, 39.65105491267390647, 111.5420993885184373 ) ) ;
#4844 = CARTESIAN_POINT ( 'NONE',  ( 150.0000000000000284, -5.251527702307162926, 440.0305525103657374 ) ) ;
#4845 = VERTEX_POINT ( 'NONE', #2177 ) ;
#4846 = CARTESIAN_POINT ( 'NONE',  ( -38.57220635244356544, 34.17076962531694306, 167.5779076696602203 ) ) ;
#4847 = ORIENTED_EDGE ( 'NONE', *, *, #2783, .F. ) ;
#4848 = CARTESIAN_POINT ( 'NONE',  ( 2.238582030903766729, 43.98938502743245493, 105.2905442681973369 ) ) ;
#4849 = CARTESIAN_POINT ( 'NONE',  ( -3.066662445442872365, 46.63744080576727669, 190.4627056561177199 ) ) ;
#4850 = VERTEX_POINT ( 'NONE', #4638 ) ;
#4851 = CARTESIAN_POINT ( 'NONE',  ( -1.713508947173772556, 44.39393462227350540, 275.9439818675760421 ) ) ;
#4852 = ORIENTED_EDGE ( 'NONE', *, *, #7445, .T. ) ;
#4853 = EDGE_CURVE ( 'NONE', #3931, #4845, #1941, .T. ) ;
#4854 = CARTESIAN_POINT ( 'NONE',  ( -0.8988173065986810872, 24.74562245569138952, 4.905429404791115111 ) ) ;
#4855 = CARTESIAN_POINT ( 'NONE',  ( 10.00040305387950568, 36.61895227570447986, 89.15391040662416344 ) ) ;
#4856 = SURFACE_SIDE_STYLE ('',( #652 ) ) ;
#4857 = CARTESIAN_POINT ( 'NONE',  ( -8.262277516860152105, 31.13559688206136045, 52.68050345386842537 ) ) ;
#4858 = EDGE_CURVE ( 'NONE', #399, #2418, #6474, .T. ) ;
#4859 = CARTESIAN_POINT ( 'NONE',  ( 27.36293749090240368, 42.65258728491931350, 213.0227776211862647 ) ) ;
#4860 = CARTESIAN_POINT ( 'NONE',  ( -3.066662445442887908, 46.58356806079918755, 206.1946941784386809 ) ) ;
#4861 = CARTESIAN_POINT ( 'NONE',  ( -0.9419369969250757091, 38.87366631406933948, 332.0309586039868464 ) ) ;
#4862 = CARTESIAN_POINT ( 'NONE',  ( 2.433005146376185035, 36.14124921761811748, 75.42923687654412390 ) ) ;
#4863 = DIRECTION ( 'NONE',  ( 0.000000000000000000, 0.000000000000000000, -1.000000000000000000 ) ) ;
#4864 = PLANE ( 'NONE',  #4028 ) ;
#4865 = CARTESIAN_POINT ( 'NONE',  ( -2.177296947288516193, -4.542331835814525043, 541.4227397640479467 ) ) ;
#4866 = CARTESIAN_POINT ( 'NONE',  ( -0.000000000000000000, 40.35397911979363528, 78.23749820386433385 ) ) ;
#4867 = CARTESIAN_POINT ( 'NONE',  ( 45.95965009189017536, 27.17204488600939882, 125.6496688811247822 ) ) ;
#4868 = B_SPLINE_CURVE_WITH_KNOTS ( 'NONE', 3,
 ( #5854, #5193, #6981, #1401, #7028, #4018, #1482, #7068 ),
 .UNSPECIFIED., .F., .F.,
 ( 4, 2, 2, 4 ),
 ( 0.000000000000000000, 0.0002371522774462579935, 0.0004743045548925159871, 0.0009486091097850467193 ),
 .UNSPECIFIED. ) ;
#4869 = PRODUCT_CONTEXT ( 'NONE', #7783, 'mechanical' ) ;
#4870 = B_SPLINE_CURVE_WITH_KNOTS ( 'NONE', 3,
 ( #2683, #299, #7142, #6533, #877, #2207, #3410, #1598, #2761, #5145, #2647, #6416, #7103, #997 ),
 .UNSPECIFIED., .F., .F.,
 ( 4, 2, 2, 2, 2, 2, 4 ),
 ( -6.000000002264141031E-08, 0.001023800238264057846, 0.002047660476528138322, 0.002559590595660178776, 0.003071520714792219664, 0.003583450833924260118, 0.004095380953056300573 ),
 .UNSPECIFIED. ) ;
#4872 = ORIENTED_EDGE ( 'NONE', *, *, #314, .T. ) ;
#4871 = CARTESIAN_POINT ( 'NONE',  ( 56.19787954467784630, 2.127072668286307255, 212.5857681456718353 ) ) ;
#4873 = CARTESIAN_POINT ( 'NONE',  ( -7.360212911360955346, 43.11468769387151667, 171.1063659873060487 ) ) ;
#4874 = CARTESIAN_POINT ( 'NONE',  ( 5.609439945247889803, 31.47164374324015057, 51.22367154504453879 ) ) ;
#4875 = ORIENTED_EDGE ( 'NONE', *, *, #2303, .T. ) ;
#4876 = CARTESIAN_POINT ( 'NONE',  ( 1.615915815292315205, 42.26883859249662123, 133.2900765123056033 ) ) ;
#4877 = CARTESIAN_POINT ( 'NONE',  ( -8.331372048543480346, 35.09318699577494272, 76.25941292548536410 ) ) ;
#4878 = CARTESIAN_POINT ( 'NONE',  ( 50.07172804542855005, 20.26724883329845284, 270.0327580235693290 ) ) ;
#4879 = CARTESIAN_POINT ( 'NONE',  ( -6.848877587165034697, 9.753616543240035242, 486.0167545655663162 ) ) ;
#4880 = CARTESIAN_POINT ( 'NONE',  ( -8.966662445441365037, 42.86056831700848591, 161.6977400310337032 ) ) ;
#4881 = B_SPLINE_CURVE_WITH_KNOTS ( 'NONE', 3,
 ( #5006, #5127, #1947, #7625, #1297, #4408, #6833, #1255, #6190, #6880 ),
 .UNSPECIFIED., .F., .F.,
 ( 4, 2, 2, 2, 4 ),
 ( 0.06591736601336294077, 0.08576511392655444821, 0.09568898788315018111, 0.1056128618397459140, 0.1453083576661289289 ),
 .UNSPECIFIED. ) ;
#4882 = DIRECTION ( 'NONE',  ( 1.000000000000000000, 0.000000000000000000, 0.000000000000000000 ) ) ;
#4883 = DIRECTION ( 'NONE',  ( -1.000000000000000000, 0.000000000000000000, 0.000000000000000000 ) ) ;
#4884 = CARTESIAN_POINT ( 'NONE',  ( -0.5680412429353668413, 39.58139057561784568, 100.7227988322795937 ) ) ;
#4885 = CARTESIAN_POINT ( 'NONE',  ( 0.000000000000000000, -9.999999999999710454, 558.9422371214541272 ) ) ;
#4886 = ORIENTED_EDGE ( 'NONE', *, *, #5045, .T. ) ;
#4887 = CARTESIAN_POINT ( 'NONE',  ( -0.2985521476366437832, 41.59132609337416397, 121.1329708132642224 ) ) ;
#4888 = EDGE_LOOP ( 'NONE', ( #4893, #6258, #3296, #6759 ) ) ;
#4889 = CARTESIAN_POINT ( 'NONE',  ( -2.972288463451770113, 33.79696142559792804, 41.75401259452486613 ) ) ;
#4890 = CARTESIAN_POINT ( 'NONE',  ( -19.57372214606865057, 41.22380910052544323, 214.0493121098461700 ) ) ;
#4891 = CARTESIAN_POINT ( 'NONE',  ( 0.4709684984625378545, 41.02653431879563328, 312.7840159696370392 ) ) ;
#4893 = ORIENTED_EDGE ( 'NONE', *, *, #2730, .F. ) ;
#4892 = CARTESIAN_POINT ( 'NONE',  ( 4.868530660296688239, 40.68897754526238941, 119.0606932235862274 ) ) ;
#4894 = CARTESIAN_POINT ( 'NONE',  ( 3.196296804781076695, 20.31546560184472128, -7.393096603152921276 ) ) ;
#4895 = CARTESIAN_POINT ( 'NONE',  ( 0.4666624454429763036, 46.83002249555135421, 208.4485850156315792 ) ) ;
#4896 = CARTESIAN_POINT ( 'NONE',  ( 0.000000000000000000, 47.24020393734341638, 208.5710519773350313 ) ) ;
#4897 = CARTESIAN_POINT ( 'NONE',  ( 0.04033932668514933484, 30.52561216978045167, 41.20706815369583609 ) ) ;
#4898 = DIRECTION ( 'NONE',  ( 0.000000000000000000, 0.000000000000000000, -1.000000000000000000 ) ) ;
#4899 = EDGE_CURVE ( 'NONE', #4404, #2875, #2604, .T. ) ;
#4900 = PLANE ( 'NONE',  #7131 ) ;
#4901 = FACE_OUTER_BOUND ( 'NONE', #1215, .T. ) ;
#4902 = FACE_OUTER_BOUND ( 'NONE', #198, .T. ) ;
#4903 = B_SPLINE_CURVE_WITH_KNOTS ( 'NONE', 3,
 ( #6801, #7342, #5590, #3071 ),
 .UNSPECIFIED., .F., .F.,
 ( 4, 4 ),
 ( 1.951563910473907981E-18, 0.0004681965170910776263 ),
 .UNSPECIFIED. ) ;
#4904 = DIRECTION ( 'NONE',  ( 0.000000000000000000, -1.000000000000000000, 0.000000000000000000 ) ) ;
#4905 = CARTESIAN_POINT ( 'NONE',  ( -1.775404981749483246, 43.81174109905075653, 208.1215005247044587 ) ) ;
#4906 = CARTESIAN_POINT ( 'NONE',  ( 3.238742170394931286, 15.77724942527549956, -19.15744003631981229 ) ) ;
#4907 = CARTESIAN_POINT ( 'NONE',  ( 1.461454549969837702, 30.34604311387674969, 41.30909596085570001 ) ) ;
#4908 = ORIENTED_EDGE ( 'NONE', *, *, #7803, .F. ) ;
#4909 = EDGE_CURVE ( 'NONE', #7338, #4331, #778, .T. ) ;
#4910 = CARTESIAN_POINT ( 'NONE',  ( 0.4327486961739450688, 42.51517553432088903, 133.0545520892780189 ) ) ;
#4911 = CARTESIAN_POINT ( 'NONE',  ( 2.932644095187753930, 46.65089421507093448, 189.6232061918065028 ) ) ;
#4912 = CARTESIAN_POINT ( 'NONE',  ( -1.153611605577076649, 47.71663046453083723, 204.9482023332519987 ) ) ;
#4913 = CARTESIAN_POINT ( 'NONE',  ( -9.706193483868752026, -6.012392168603122755, 533.3392366149785175 ) ) ;
#4914 = VECTOR ( 'NONE', #6702, 1000.000000000000000 ) ;
#4915 = CARTESIAN_POINT ( 'NONE',  ( -45.95965009189017536, 31.16272714924198439, 125.6496688811247253 ) ) ;
#4916 = CARTESIAN_POINT ( 'NONE',  ( -12.51122854236293591, -10.32226976056000467, -55.36644004333045643 ) ) ;
#4917 = CARTESIAN_POINT ( 'NONE',  ( 3.729975735673274784, 47.25529943964849622, 195.5937010162963077 ) ) ;
#4918 = CARTESIAN_POINT ( 'NONE',  ( -2.560296908970711272, -8.941921420989110914, 555.3173611246556902 ) ) ;
#4919 = CARTESIAN_POINT ( 'NONE',  ( -6.429196178609147161, 38.82010822441981901, 102.7255474857356461 ) ) ;
#4920 =( GEOMETRIC_REPRESENTATION_CONTEXT ( 3 ) GLOBAL_UNCERTAINTY_ASSIGNED_CONTEXT ( ( #465 ) ) GLOBAL_UNIT_ASSIGNED_CONTEXT ( ( #2552, #7960, #7426 ) ) REPRESENTATION_CONTEXT ( 'NONE', 'WORKASPACE' ) );
#4921 = VECTOR ( 'NONE', #181, 1000.000000000000000 ) ;
#4922 = CARTESIAN_POINT ( 'NONE',  ( 59.99867422257567995, -10.69069057093173214, 448.1085652130877293 ) ) ;
#4923 = ORIENTED_EDGE ( 'NONE', *, *, #4582, .F. ) ;
#4924 = CARTESIAN_POINT ( 'NONE',  ( -17.31799365593810336, 36.88772177408284847, 105.9352206977148541 ) ) ;
#4925 = ORIENTED_EDGE ( 'NONE', *, *, #1615, .F. ) ;
#4926 = CARTESIAN_POINT ( 'NONE',  ( -150.0000000000000568, 14.41729715668834189, 243.9122022442739706 ) ) ;
#4927 = CIRCLE ( 'NONE', #2351, 3.000000000000061728 ) ;
#4928 = AXIS2_PLACEMENT_3D ( 'NONE', #3001, #5472, #7966 ) ;
#4929 = CARTESIAN_POINT ( 'NONE',  ( -36.90388341856657917, 35.40709110275406601, 208.4505601431930017 ) ) ;
#4930 = CARTESIAN_POINT ( 'NONE',  ( -5.833484303085390010, 38.83323711334092820, 331.6529499013212217 ) ) ;
#4932 = EDGE_LOOP ( 'NONE', ( #3932, #672, #1047, #6753 ) ) ;
#4931 = CARTESIAN_POINT ( 'NONE',  ( 35.24352890685372586, 34.48504013772130605, 146.8365765736282356 ) ) ;
#4933 = CARTESIAN_POINT ( 'NONE',  ( 1.711630689862087884, 40.28496874728033106, 109.3526927152133226 ) ) ;
#4934 = LINE ( 'NONE', #6619, #157 ) ;
#4935 = CARTESIAN_POINT ( 'NONE',  ( 0.000000000000000000, 31.36851352753711808, 29.45516409742108621 ) ) ;
#4936 = CARTESIAN_POINT ( 'NONE',  ( 5.966662445441321516, 42.86056831700848591, 161.6977400310337032 ) ) ;
#4937 = CARTESIAN_POINT ( 'NONE',  ( 1.000000000000015987, 43.59248601773754928, 128.6496688811247111 ) ) ;
#4938 = CARTESIAN_POINT ( 'NONE',  ( 0.000000000000000000, 43.59248601773754928, 128.6496688811247111 ) ) ;
#4939 = CARTESIAN_POINT ( 'NONE',  ( 0.9333058635097452038, 11.80632858096668159, -28.47083339118706391 ) ) ;
#4940 = CARTESIAN_POINT ( 'NONE',  ( -3.397539658902559712, 47.20069868564729632, 207.2811420350481342 ) ) ;
#4941 = CARTESIAN_POINT ( 'NONE',  ( -0.6201986524214535557, 17.04685725042859801, 458.4078278594934659 ) ) ;
#4942 = CARTESIAN_POINT ( 'NONE',  ( 0.5844595523451794339, 38.67413547868505930, 92.18648453564750866 ) ) ;
#4943 = CARTESIAN_POINT ( 'NONE',  ( 15.94736781607731757, 42.52846104286394535, 125.6496688811247253 ) ) ;
#4944 = DIRECTION ( 'NONE',  ( 0.000000000000000000, 0.000000000000000000, -1.000000000000000000 ) ) ;
#4945 = CARTESIAN_POINT ( 'NONE',  ( 5.966662445441313523, 140.4685101547768227, 158.1866202483506925 ) ) ;
#4946 = CYLINDRICAL_SURFACE ( 'NONE', #5852, 1.000000000000000222 ) ;
#4947 = DIRECTION ( 'NONE',  ( -1.000000000000000000, 0.000000000000000000, 0.000000000000000000 ) ) ;
#4949 = ORIENTED_EDGE ( 'NONE', *, *, #1511, .F. ) ;
#4948 = CARTESIAN_POINT ( 'NONE',  ( 51.70263860078125617, 19.26326618461806461, 258.1664659383015419 ) ) ;
#4950 = CARTESIAN_POINT ( 'NONE',  ( 6.651507837064502660, 32.95590863251464953, 60.21036480898639809 ) ) ;
#4951 = ORIENTED_EDGE ( 'NONE', *, *, #7950, .F. ) ;
#4952 = CARTESIAN_POINT ( 'NONE',  ( 3.314246904177903463, 43.93495711415064164, 192.7173702200197454 ) ) ;
#4953 = CARTESIAN_POINT ( 'NONE',  ( -9.411248664059916891, 41.83694348303426835, 148.5375939453119543 ) ) ;
#4954 = CARTESIAN_POINT ( 'NONE',  ( -0.5856423267852960413, 43.12180325188484886, 144.9152413910798600 ) ) ;
#4955 = FACE_OUTER_BOUND ( 'NONE', #6379, .T. ) ;
#4956 = EDGE_CURVE ( 'NONE', #1784, #7412, #1840, .T. ) ;
#4957 = CARTESIAN_POINT ( 'NONE',  ( -1.436093927849406482, 36.00353229043267334, 354.6852225388742568 ) ) ;
#4958 = CARTESIAN_POINT ( 'NONE',  ( -149.9999999999995168, -1.113709569569687474, 417.4376239672698148 ) ) ;
#4959 = CARTESIAN_POINT ( 'NONE',  ( -1.573448402819587994E-14, 43.59248601773754928, 128.6496688811247111 ) ) ;
#4960 = CARTESIAN_POINT ( 'NONE',  ( -5.464712794159231279, 43.32557023605854596, 170.1098842390366599 ) ) ;
#4961 = EDGE_CURVE ( 'NONE', #2418, #4549, #6086, .T. ) ;
#4962 = DIRECTION ( 'NONE',  ( -1.000000000000000000, 0.000000000000000000, 0.000000000000000000 ) ) ;
#4963 = CARTESIAN_POINT ( 'NONE',  ( -2.063807534392927412, 43.86679528997784416, 188.3875547825298895 ) ) ;
#4964 = CARTESIAN_POINT ( 'NONE',  ( 0.4633063939149288379, 37.74537682205301081, 83.62821905912092291 ) ) ;
#4965 = CARTESIAN_POINT ( 'NONE',  ( -38.41547136432753717, 25.87728199748557856, 62.71121850980371448 ) ) ;
#4966 = ORIENTED_EDGE ( 'NONE', *, *, #3478, .F. ) ;
#4967 = CARTESIAN_POINT ( 'NONE',  ( -37.62307793873898021, 33.17182659013540302, 141.8431531143643838 ) ) ;
#4968 = ORIENTED_EDGE ( 'NONE', *, *, #2396, .F. ) ;
#4969 = CARTESIAN_POINT ( 'NONE',  ( 0.5416989483541193584, 47.07227379654968757, 229.0552716760062992 ) ) ;
#4970 = DIRECTION ( 'NONE',  ( -0.000000000000000000, -0.000000000000000000, 1.000000000000000000 ) ) ;
#4971 = CARTESIAN_POINT ( 'NONE',  ( 0.4786979759498021236, 36.01088700303149182, 354.5695205588957037 ) ) ;
#4972 = ORIENTED_EDGE ( 'NONE', *, *, #3858, .F. ) ;
#4973 = CARTESIAN_POINT ( 'NONE',  ( 1.892463454547965274, 1.631141071689482525, -46.56294020973754044 ) ) ;
#4974 = CARTESIAN_POINT ( 'NONE',  ( -1.825295035117260989, 20.79892886237578864, -7.076416356319450429 ) ) ;
#4975 = CARTESIAN_POINT ( 'NONE',  ( 0.000000000000000000, 47.46908510132400494, 209.0584537857835414 ) ) ;
#4976 = CARTESIAN_POINT ( 'NONE',  ( -46.58306872789788855, 22.69958552081562075, 93.85375781224558978 ) ) ;
#4977 = CARTESIAN_POINT ( 'NONE',  ( 38.79046212526782966, 34.95030082994419729, 125.6496688811248532 ) ) ;
#4978 = CARTESIAN_POINT ( 'NONE',  ( -0.03317056504885683432, 41.91520860085125832, 126.2563369438815215 ) ) ;
#4979 = CARTESIAN_POINT ( 'NONE',  ( 6.676839218771922546, 36.82455149287467577, 85.76326642092075758 ) ) ;
#4980 = LINE ( 'NONE', #6205, #3898 ) ;
#4981 = CARTESIAN_POINT ( 'NONE',  ( 0.000000000000000000, 45.30957078689160511, 125.6496679993297505 ) ) ;
#4982 = CARTESIAN_POINT ( 'NONE',  ( -13.69755065395001559, 34.60604664773283190, 81.40075657318503488 ) ) ;
#4983 = DIRECTION ( 'NONE',  ( 1.000000000000000000, 0.000000000000000000, 0.000000000000000000 ) ) ;
#4984 = APPLICATION_PROTOCOL_DEFINITION ( 'draft international standard', 'automotive_design', 1998, #7260 ) ;
#4985 = CARTESIAN_POINT ( 'NONE',  ( 45.95965009189017536, 27.17204488600939882, 125.6496688811247822 ) ) ;
#4987 = ORIENTED_EDGE ( 'NONE', *, *, #7445, .F. ) ;
#4986 = CARTESIAN_POINT ( 'NONE',  ( 2.883333089012468431, 37.06396331801435196, 58.55160058116674549 ) ) ;
#4988 = CARTESIAN_POINT ( 'NONE',  ( -0.4262137757327090770, 35.25994143654997970, 66.59934297658620039 ) ) ;
#4989 = CARTESIAN_POINT ( 'NONE',  ( 13.42399492686185347, 42.57363808958415774, 197.3912040648516211 ) ) ;
#4990 = CARTESIAN_POINT ( 'NONE',  ( -47.96962267573668726, 29.97384643593921894, 199.1963173079336684 ) ) ;
#4991 = CARTESIAN_POINT ( 'NONE',  ( 6.628453960350255691, 42.23029037437224531, 147.1118644294049318 ) ) ;
#4992 = CARTESIAN_POINT ( 'NONE',  ( -16.36905300890631665, 45.41528561443361411, 214.0493121098461131 ) ) ;
#4993 = CARTESIAN_POINT ( 'NONE',  ( 12.20178374623678863, 24.99215593519244649, 410.8332455709494866 ) ) ;
#4994 = CARTESIAN_POINT ( 'NONE',  ( 2.152184834420973747, -0.9668156101559031157, 529.2511884921991623 ) ) ;
#4995 = CARTESIAN_POINT ( 'NONE',  ( -42.40693831933030822, 33.14350076537176903, 125.6496688811247822 ) ) ;
#4996 = CARTESIAN_POINT ( 'NONE',  ( -56.52914563521074598, -13.16024702830548954, 195.5971044673015626 ) ) ;
#4997 = CARTESIAN_POINT ( 'NONE',  ( 1.343298410394741627, 47.36144678047762113, 208.9562128835996475 ) ) ;
#4998 = CARTESIAN_POINT ( 'NONE',  ( 28.62580084016314075, -19.75740349066564150, -50.39037838586354923 ) ) ;
#4999 = CARTESIAN_POINT ( 'NONE',  ( 0.1066799600179691165, 37.70049191437762204, 83.61728201165011853 ) ) ;
#5000 = EDGE_CURVE ( 'NONE', #3631, #6564, #1689, .T. ) ;
#5001 = CARTESIAN_POINT ( 'NONE',  ( 23.15346556159978419, 23.74927281811911683, 38.76385060139655536 ) ) ;
#5002 = ORIENTED_EDGE ( 'NONE', *, *, #6600, .F. ) ;
#5003 = CARTESIAN_POINT ( 'NONE',  ( -3.195382238905792427, 38.96381317762928376, 97.74687818553071850 ) ) ;
#5004 = EDGE_CURVE ( 'NONE', #3353, #7986, #541, .T. ) ;
#5005 = CARTESIAN_POINT ( 'NONE',  ( 0.000000000000000000, 47.03654387356198185, 229.1256845389213481 ) ) ;
#5006 = CARTESIAN_POINT ( 'NONE',  ( 0.000000000000000000, 31.66512795048258866, 47.15714463483438834 ) ) ;
#5007 = CARTESIAN_POINT ( 'NONE',  ( -41.23236433532566281, 22.69079723528891179, 379.8779995718708165 ) ) ;
#5008 = CARTESIAN_POINT ( 'NONE',  ( -28.97638771354137077, 38.52075728659399090, 187.8598286825285868 ) ) ;
#5009 = CARTESIAN_POINT ( 'NONE',  ( 0.8531741830748738042, 41.81577488087107497, 126.3319176115960687 ) ) ;
#5010 = CARTESIAN_POINT ( 'NONE',  ( 2.828850581790790741, 5.001803398302538284, -41.24894196002799873 ) ) ;
#5011 = CARTESIAN_POINT ( 'NONE',  ( -0.9333058635097452038, 11.80632858096668159, -28.47083339118706391 ) ) ;
#5012 = CARTESIAN_POINT ( 'NONE',  ( 0.000000000000000000, 42.59248601773754928, 128.6496688811247111 ) ) ;
#5013 = CARTESIAN_POINT ( 'NONE',  ( 2.558717127065790464E-14, 46.86728270824515619, 208.4485850156316360 ) ) ;
#5014 = CARTESIAN_POINT ( 'NONE',  ( 0.2604121596019364770, 26.60184716012330952, 24.54191772071763111 ) ) ;
#5015 = CARTESIAN_POINT ( 'NONE',  ( 0.000000000000000000, 0.000000000000000000, 0.000000000000000000 ) ) ;
#5016 = CARTESIAN_POINT ( 'NONE',  ( 0.000000000000000000, 31.36851352753711808, 29.45516409742108621 ) ) ;
#5017 = CARTESIAN_POINT ( 'NONE',  ( -14.32327914592551110, 39.90446576684612978, 132.8773206456259572 ) ) ;
#5018 = CARTESIAN_POINT ( 'NONE',  ( 11.20234465765202536, 15.65166486234165255, 452.7342830611293607 ) ) ;
#5019 = CARTESIAN_POINT ( 'NONE',  ( 13.45080174699857700, 35.85877772808890285, 89.72065886518782918 ) ) ;
#5020 = CARTESIAN_POINT ( 'NONE',  ( 44.19389177304247340, 32.17940994474963645, 125.6496688811248106 ) ) ;
#5021 = DIRECTION ( 'NONE',  ( 0.000000000000000000, 0.9753375490709155216, -0.2207185206826549617 ) ) ;
#5022 = CARTESIAN_POINT ( 'NONE',  ( -0.6423440669984802343, 35.12630615065892670, 66.60776225413320617 ) ) ;
#5023 = CARTESIAN_POINT ( 'NONE',  ( 39.83570236460563052, 22.42589079228451610, 69.16083407968426400 ) ) ;
#5024 = FACE_OUTER_BOUND ( 'NONE', #4888, .T. ) ;
#5026 = ORIENTED_EDGE ( 'NONE', *, *, #7257, .F. ) ;
#5025 = CARTESIAN_POINT ( 'NONE',  ( 24.45514282142428186, 34.03033067479747587, 71.95588844210854518 ) ) ;
#5027 = CARTESIAN_POINT ( 'NONE',  ( -0.3558425432335389771, 35.25114586686122209, 66.59531299716346098 ) ) ;
#5028 = CARTESIAN_POINT ( 'NONE',  ( -0.4850479182391057020, 44.31051638953911009, 191.8827887927034794 ) ) ;
#5029 = CARTESIAN_POINT ( 'NONE',  ( -0.3008505828078066324, 43.67885739227556741, 156.7888761498734311 ) ) ;
#5030 = CARTESIAN_POINT ( 'NONE',  ( 0.000000000000000000, 47.37507383608854639, 214.0493118915661057 ) ) ;
#5031 = CARTESIAN_POINT ( 'NONE',  ( 13.31731313304985065, 39.58377582248513704, 320.0000000000000568 ) ) ;
#5032 = CARTESIAN_POINT ( 'NONE',  ( 1.459071100982355595, -7.213087860121786932, 550.1242434627826015 ) ) ;
#5033 = CARTESIAN_POINT ( 'NONE',  ( -1.585645677260049604E-14, 35.67235652521586786, 69.87800378086224384 ) ) ;
#5034 = CARTESIAN_POINT ( 'NONE',  ( -28.62580084016314075, -19.75740349066564150, -50.39037838586354923 ) ) ;
#5035 = CARTESIAN_POINT ( 'NONE',  ( 2.631523183476900396, 47.25899675900104313, 208.2721673345861007 ) ) ;
#5036 = CARTESIAN_POINT ( 'NONE',  ( -3.066662445442872365, 46.97260807575818831, 190.4627056561179472 ) ) ;
#5037 = CARTESIAN_POINT ( 'NONE',  ( 0.2024337314658701537, 38.77312591424852428, 92.15554339017441521 ) ) ;
#5038 = DIRECTION ( 'NONE',  ( 0.000000000000000000, -1.000000000000000000, 0.000000000000000000 ) ) ;
#5039 = CARTESIAN_POINT ( 'NONE',  ( 4.289302530696936344, 43.50582844278454786, 169.7449929917404461 ) ) ;
#5040 = VECTOR ( 'NONE', #7770, 1000.000000000000000 ) ;
#5041 = VERTEX_POINT ( 'NONE', #5474 ) ;
#5042 =( GEOMETRIC_REPRESENTATION_CONTEXT ( 3 ) GLOBAL_UNCERTAINTY_ASSIGNED_CONTEXT ( ( #547 ) ) GLOBAL_UNIT_ASSIGNED_CONTEXT ( ( #1502, #5331, #1018 ) ) REPRESENTATION_CONTEXT ( 'NONE', 'WORKASPACE' ) );
#5043 = CARTESIAN_POINT ( 'NONE',  ( -4.041874445202654265, 39.98709194155683377, 110.0738541922884224 ) ) ;
#5044 = CARTESIAN_POINT ( 'NONE',  ( 1.625096845062358186, 47.14373364252509901, 228.9144459501762299 ) ) ;
#5045 = EDGE_CURVE ( 'NONE', #328, #1997, #7353, .T. ) ;
#5046 = DIRECTION ( 'NONE',  ( 0.000000000000000000, 0.000000000000000000, -1.000000000000000000 ) ) ;
#5047 = AXIS2_PLACEMENT_3D ( 'NONE', #1111, #6683, #4220 ) ;
#5048 = CARTESIAN_POINT ( 'NONE',  ( 40.09383699605397311, 32.81979609509872375, 155.5502288790536340 ) ) ;
#5049 = CARTESIAN_POINT ( 'NONE',  ( 6.793985541394117256, 39.61784496611820572, 111.3714970706442386 ) ) ;
#5050 = AXIS2_PLACEMENT_3D ( 'NONE', #4117, #6967, #3928 ) ;
#5051 = CARTESIAN_POINT ( 'NONE',  ( 2.856219491863008830, -8.493023692875212305, -59.56494007984454697 ) ) ;
#5052 = MECHANICAL_DESIGN_GEOMETRIC_PRESENTATION_REPRESENTATION (  '', ( #3513 ), #6100 ) ;
#5053 = CARTESIAN_POINT ( 'NONE',  ( -0.8232861172484648993, 37.52274279518023548, 58.77084347987265289 ) ) ;
#5054 = EDGE_CURVE ( 'NONE', #1136, #3747, #1070, .T. ) ;
#5055 = CARTESIAN_POINT ( 'NONE',  ( 0.3430170601206708469, 47.45176809130164486, 208.4485850156363824 ) ) ;
#5056 = CARTESIAN_POINT ( 'NONE',  ( -44.95965009189017536, 30.33988575092048379, 128.6496688811247111 ) ) ;
#5057 = CARTESIAN_POINT ( 'NONE',  ( -8.882886552732394136, 27.63207824573500559, 36.25852300689967223 ) ) ;
#5058 = ADVANCED_FACE ( 'NONE', ( #7477 ), #7565, .F. ) ;
#5059 = AXIS2_PLACEMENT_3D ( 'NONE', #4433, #3125, #8004 ) ;
#5060 = CARTESIAN_POINT ( 'NONE',  ( -37.83259214101561696, 33.65909856279813539, 151.0833722105215315 ) ) ;
#5061 = AXIS2_PLACEMENT_3D ( 'NONE', #4604, #3910, #5156 ) ;
#5062 = CARTESIAN_POINT ( 'NONE',  ( 38.04577553118386390, 6.899135327763927350, 435.0771627741435736 ) ) ;
#5063 = CARTESIAN_POINT ( 'NONE',  ( 24.42457763064958698, 34.99061586222341447, 107.0985436117437075 ) ) ;
#5064 = FACE_OUTER_BOUND ( 'NONE', #5100, .T. ) ;
#5065 = CARTESIAN_POINT ( 'NONE',  ( 150.0000000000000284, -0.1700441024495829567, 208.5255278475402463 ) ) ;
#5066 = CARTESIAN_POINT ( 'NONE',  ( 2.063807534392926968, 43.81174109905075653, 207.9293656221694562 ) ) ;
#5067 = CARTESIAN_POINT ( 'NONE',  ( -7.512507375654573494, 35.48058626527697612, 77.69255144215313180 ) ) ;
#5068 = DIRECTION ( 'NONE',  ( -0.09666263193471810733, -0.9953172035022067599, 0.000000000000000000 ) ) ;
#5069 = CARTESIAN_POINT ( 'NONE',  ( -0.4840706626920755484, 44.15309676966925423, 203.5438119251805915 ) ) ;
#5070 = DIRECTION ( 'NONE',  ( 0.000000000000000000, 1.000000000000000000, 0.000000000000000000 ) ) ;
#5071 = B_SPLINE_CURVE_WITH_KNOTS ( 'NONE', 3,
 ( #805, #3743, #4917, #6222 ),
 .UNSPECIFIED., .F., .F.,
 ( 4, 4 ),
 ( 0.000000000000000000, 0.01540050929115825869 ),
 .UNSPECIFIED. ) ;
#5073 = ORIENTED_EDGE ( 'NONE', *, *, #1063, .F. ) ;
#5072 = CARTESIAN_POINT ( 'NONE',  ( 77.40947463289504071, 21.01930611802427151, 121.3389839466043583 ) ) ;
#5074 = CARTESIAN_POINT ( 'NONE',  ( -0.3679104567993821684, 33.83180909620220689, 58.10341411410875878 ) ) ;
#5075 = CARTESIAN_POINT ( 'NONE',  ( 42.04095227681943214, 32.86661031525154186, 218.4284132652439325 ) ) ;
#5076 = CARTESIAN_POINT ( 'NONE',  ( 1.532069969869700898, 43.47243914975647527, 157.0425389205853151 ) ) ;
#5077 = CARTESIAN_POINT ( 'NONE',  ( -0.05979984093179467608, 47.00470899458358787, 187.8683353890675107 ) ) ;
#5078 = CARTESIAN_POINT ( 'NONE',  ( -0.4786979759498021236, 36.01088700303149182, 354.5695205588957037 ) ) ;
#5079 = CARTESIAN_POINT ( 'NONE',  ( -35.62511535099858406, -12.77791609919348659, 499.3972652287001210 ) ) ;
#5080 = CARTESIAN_POINT ( 'NONE',  ( -8.884058591930450888, 43.12170442295244044, 211.5706067586317829 ) ) ;
#5081 = CARTESIAN_POINT ( 'NONE',  ( 0.000000000000000000, 0.000000000000000000, 214.0493121098461415 ) ) ;
#5082 = CARTESIAN_POINT ( 'NONE',  ( 87.29032237503307101, -21.66930983638621200, 38.08868808560211505 ) ) ;
#5083 = CARTESIAN_POINT ( 'NONE',  ( -15.57167029504358169, 36.55550943615121895, 99.78381015679852339 ) ) ;
#5084 = CARTESIAN_POINT ( 'NONE',  ( -45.95965009189017536, 27.65776224782523585, 125.6496688811247253 ) ) ;
#5085 = ORIENTED_EDGE ( 'NONE', *, *, #559, .T. ) ;
#5086 = CARTESIAN_POINT ( 'NONE',  ( -26.05225584896579960, 35.27777101657008529, 113.4526831887511236 ) ) ;
#5087 = CARTESIAN_POINT ( 'NONE',  ( -47.66603692990846497, 18.68161657458673020, 299.3736835281314370 ) ) ;
#5088 = CARTESIAN_POINT ( 'NONE',  ( 42.37057105754428221, 31.21514816738372744, 87.97184756611208911 ) ) ;
#5089 = CARTESIAN_POINT ( 'NONE',  ( 0.000000000000000000, 25.90249749234719445, 415.3909803479844527 ) ) ;
#5090 = CARTESIAN_POINT ( 'NONE',  ( 6.160775606238255264, 40.83724339802779468, 123.0440283562801937 ) ) ;
#5091 = CARTESIAN_POINT ( 'NONE',  ( 0.9462317272739826368, 1.580906215184355590, -46.59094046645357423 ) ) ;
#5092 = CARTESIAN_POINT ( 'NONE',  ( 0.8063639006926117681, 46.79634688215201521, 208.4317417307482287 ) ) ;
#5093 = CARTESIAN_POINT ( 'NONE',  ( 0.000000000000000000, 45.30957078689160511, 125.6496679993297505 ) ) ;
#5094 = CARTESIAN_POINT ( 'NONE',  ( -31.44723499877484585, 24.36191061342070441, 56.95384192180519278 ) ) ;
#5095 = CARTESIAN_POINT ( 'NONE',  ( 0.000000000000000000, 40.74795199264384848, 79.83585004708851329 ) ) ;
#5096 = CARTESIAN_POINT ( 'NONE',  ( -19.10425281630534400, 38.48889968940637374, 127.6762436643412144 ) ) ;
#5097 = B_SPLINE_CURVE_WITH_KNOTS ( 'NONE', 3,
 ( #7834, #7181, #1720, #1791 ),
 .UNSPECIFIED., .F., .F.,
 ( 4, 4 ),
 ( 5.117880154264639908E-17, 0.0004688115894955512987 ),
 .UNSPECIFIED. ) ;
#5098 = EDGE_CURVE ( 'NONE', #4247, #5494, #2478, .T. ) ;
#5100 = EDGE_LOOP ( 'NONE', ( #4284, #6973, #2793, #6410, #6022, #1346, #370 ) ) ;
#5099 = CARTESIAN_POINT ( 'NONE',  ( 7.244824211827613603, 37.80356247653784152, 94.60765201020173265 ) ) ;
#5101 = DIRECTION ( 'NONE',  ( -1.000000000000000000, 0.000000000000000000, -0.000000000000000000 ) ) ;
#5102 = ORIENTED_EDGE ( 'NONE', *, *, #5818, .F. ) ;
#5103 = CARTESIAN_POINT ( 'NONE',  ( 87.29032237503307101, -21.66930983638621200, 38.08868808560211505 ) ) ;
#5104 = CARTESIAN_POINT ( 'NONE',  ( 18.26399618324809282, 33.62530922100872033, 82.84385248398369583 ) ) ;
#5105 = CARTESIAN_POINT ( 'NONE',  ( 0.5904223920472086995, 32.48870363117342208, 34.84931210984618133 ) ) ;
#5106 = CARTESIAN_POINT ( 'NONE',  ( -13.94429956090145062, 33.35331556737677516, 73.08085428118226901 ) ) ;
#5107 = CARTESIAN_POINT ( 'NONE',  ( -2.722018874500108598, 43.85051808505310333, 207.1557899582331288 ) ) ;
#5108 = CARTESIAN_POINT ( 'NONE',  ( 8.966662445441365037, 42.86056831700848591, 161.6977400310337032 ) ) ;
#5110 = ORIENTED_EDGE ( 'NONE', *, *, #6839, .F. ) ;
#5109 = CARTESIAN_POINT ( 'NONE',  ( 71.97024598150451880, 26.91823370465814236, 148.0993287817699979 ) ) ;
#5111 = CARTESIAN_POINT ( 'NONE',  ( 14.40253822300233999, 30.31320985235892351, 56.55143623635324701 ) ) ;
#5112 = CARTESIAN_POINT ( 'NONE',  ( 15.68273848720243357, 42.14379540272183533, 198.8194141283960050 ) ) ;
#5113 = CARTESIAN_POINT ( 'NONE',  ( 3.605999134858673738, 43.22716713564827273, 157.6609004484207048 ) ) ;
#5114 = CARTESIAN_POINT ( 'NONE',  ( -0.002912805165458376682, 47.60472475853716645, 187.8683353890675392 ) ) ;
#5115 = CARTESIAN_POINT ( 'NONE',  ( 37.43434600815625402, 3.497723437920143397, 446.0507749091595429 ) ) ;
#5116 = CARTESIAN_POINT ( 'NONE',  ( -2.562910308763635570, -10.10991166068970415, 559.0556826788819080 ) ) ;
#5117 = CARTESIAN_POINT ( 'NONE',  ( 3.072201666935340914, 47.29651594674319881, 188.5067173255237378 ) ) ;
#5118 = CARTESIAN_POINT ( 'NONE',  ( 0.9520731639543362768, -8.547617495532426446, -59.58324036534521895 ) ) ;
#5119 = LINE ( 'NONE', #1451, #7534 ) ;
#5120 = CARTESIAN_POINT ( 'NONE',  ( -1.907686475920280733, -14.87480540429338483, -66.10224707556027113 ) ) ;
#5121 = CARTESIAN_POINT ( 'NONE',  ( 0.4668585772610276963, 38.80631437167760822, 92.16269169895223001 ) ) ;
#5122 = CARTESIAN_POINT ( 'NONE',  ( 45.95965009189017536, 27.17204488600939882, 125.6496688811247822 ) ) ;
#5123 = ORIENTED_EDGE ( 'NONE', *, *, #272, .F. ) ;
#5124 = CARTESIAN_POINT ( 'NONE',  ( -9.074979150773888392, 36.75127529366007195, 88.61566738562871137 ) ) ;
#5125 = CARTESIAN_POINT ( 'NONE',  ( 0.6161072361437418543, 47.71231197339022856, 180.5334442090090192 ) ) ;
#5126 = CARTESIAN_POINT ( 'NONE',  ( -0.4666624454429734725, 46.95419416596106998, 187.8683353890676244 ) ) ;
#5127 = CARTESIAN_POINT ( 'NONE',  ( 1.593777193553691202E-14, 32.94910964602183157, 53.61871814878195863 ) ) ;
#5128 = CARTESIAN_POINT ( 'NONE',  ( -6.000466035610237725, 31.94043151699632688, 379.5629847736018405 ) ) ;
#5129 = CARTESIAN_POINT ( 'NONE',  ( -6.628453960350255691, 42.23029037437224531, 147.1118644294049318 ) ) ;
#5130 = VERTEX_POINT ( 'NONE', #745 ) ;
#5131 = CARTESIAN_POINT ( 'NONE',  ( 25.31148931905830679, 36.49522702731425028, 124.5960175714944000 ) ) ;
#5132 = CARTESIAN_POINT ( 'NONE',  ( -150.0000000000000284, 3.089374213535638791, 211.7316696794227653 ) ) ;
#5133 = CARTESIAN_POINT ( 'NONE',  ( 0.5157171849628837679, 47.43774152586012605, 208.4485850156316644 ) ) ;
#5134 = CARTESIAN_POINT ( 'NONE',  ( 38.79607959269989692, 21.97151828495077552, 64.02023000437732492 ) ) ;
#5135 = CARTESIAN_POINT ( 'NONE',  ( -27.45897660180408195, 25.05241461694969374, 51.56889834547851592 ) ) ;
#5136 =( BOUNDED_CURVE ( )  B_SPLINE_CURVE ( 3, ( #6633, #7940, #7366, #4840 ),
 .UNSPECIFIED., .F., .T. ) 
 B_SPLINE_CURVE_WITH_KNOTS ( ( 4, 4 ),
 ( 3.141592653589793116, 3.316974646084744460 ),
 .UNSPECIFIED. ) 
 CURVE ( )  GEOMETRIC_REPRESENTATION_ITEM ( )  RATIONAL_B_SPLINE_CURVE ( ( 1.000000000000000000, 0.9974384051839799703, 0.9974384051839799703, 1.000000000000000000 ) ) 
 REPRESENTATION_ITEM ( '' )  );
#5137 = CARTESIAN_POINT ( 'NONE',  ( -2.876856005080010270, 40.94758600601111453, 118.2859108012792575 ) ) ;
#5139 = ORIENTED_EDGE ( 'NONE', *, *, #65, .F. ) ;
#5138 = CARTESIAN_POINT ( 'NONE',  ( 1.259197188826443714, 39.49457231054437756, 100.8072430661454746 ) ) ;
#5140 = VERTEX_POINT ( 'NONE', #3811 ) ;
#5141 = CARTESIAN_POINT ( 'NONE',  ( -2.869757525187609293, -24.73004176475694749, -76.23815369158728572 ) ) ;
#5142 = CARTESIAN_POINT ( 'NONE',  ( 0.1273707657143262340, 36.15259351210609395, 73.21209728694913110 ) ) ;
#5143 = DIRECTION ( 'NONE',  ( 0.000000000000000000, -0.9753375490709154105, 0.2207185206826550450 ) ) ;
#5144 = CARTESIAN_POINT ( 'NONE',  ( -29.06488795870288300, 31.87229927035604859, 95.68159302832383162 ) ) ;
#5145 = CARTESIAN_POINT ( 'NONE',  ( -1.302772089559710356, 46.74748252048976838, 208.3165941176586671 ) ) ;
#5146 = ADVANCED_FACE ( 'NONE', ( #664 ), #6770, .F. ) ;
#5147 = LINE ( 'NONE', #7646, #6607 ) ;
#5149 = EDGE_LOOP ( 'NONE', ( #4810, #5702, #2831, #1213 ) ) ;
#5148 = CARTESIAN_POINT ( 'NONE',  ( -0.9785259520414012480, 44.46994292845445074, 275.6022355444260938 ) ) ;
#5150 = CARTESIAN_POINT ( 'NONE',  ( -0.2655677627827520704, 35.23982546808001359, 66.59070761738711042 ) ) ;
#5151 = CARTESIAN_POINT ( 'NONE',  ( -0.3215790466917206603, 43.97217616234991766, 214.8193424367696593 ) ) ;
#5152 = CARTESIAN_POINT ( 'NONE',  ( -1.615915815292315205, 42.26883859249662123, 133.2900765123056033 ) ) ;
#5153 = FACE_OUTER_BOUND ( 'NONE', #7756, .T. ) ;
#5154 = CARTESIAN_POINT ( 'NONE',  ( -7.597825448503313872, 43.42674291540041764, 194.4754690789062010 ) ) ;
#5155 = CARTESIAN_POINT ( 'NONE',  ( -0.5725577439240580047, 23.09808650977305433, 429.9216912165479130 ) ) ;
#5156 = DIRECTION ( 'NONE',  ( -1.000000000000000000, 0.000000000000000000, -0.000000000000000000 ) ) ;
#5157 = DIRECTION ( 'NONE',  ( -1.000000000000000000, 0.000000000000000000, 0.000000000000000000 ) ) ;
#5158 = ADVANCED_FACE ( 'NONE', ( #4902 ), #2009, .T. ) ;
#5159 = B_SPLINE_SURFACE_WITH_KNOTS ( 'NONE', 3, 3, ( 
 ( #5141, #217, #7098, #2642, #6489, #872, #787, #5103, #3363, #5185 ),
 ( #7602, #3244, #914, #7022, #7683, #6976, #3891, #5727, #5225, #5065 ),
 ( #3328, #1477, #5808, #175, #4506, #5846, #4550, #2049, #254, #7721 ),
 ( #3405, #1433, #1551, #2716, #2132, #4011, #957, #6372, #2010, #4592 ),
 ( #3970, #4467, #829, #7063, #1515, #6450, #295, #2757, #3289, #6933 ),
 ( #5769, #7640, #2092, #5886, #2598, #7564, #487, #4820, #7305, #2201 ),
 ( #1031, #6530, #6005, #6565, #7836, #7183, #4215, #6677, #1071, #7266 ),
 ( #5261, #5300, #4135, #4093, #3599, #2834, #2279, #2243, #332, #1638 ),
 ( #3485, #1679, #7226, #6608, #7139, #414, #4054, #5346, #993, #3447 ),
 ( #3526, #2913, #5924, #7795, #4779, #4742, #4703, #450, #5382, #7876 ),
 ( #2314, #1721, #5011, #39, #4416, #2993, #7424, #1914, #3715, #571 ),
 ( #5464, #3029, #1875, #1834, #4372, #6120, #5540, #7994, #6838, #7380 ),
 ( #4333, #4974, #6799, #1349, #4894, #7958, #2426, #4292, #1304, #6760 ),
 ( #3678, #528, #4854, #6886, #2549, #6161, #1261, #651, #6242, #2507 ),
 ( #3152, #5503, #1181, #6079, #5631, #6714, #3639, #7507, #3108, #611 ),
 ( #8029, #3070, #2467, #4935, #2391, #5588, #7467, #3757, #78, #694 ),
 ( #1953, #7340, #1792, #4254, #6515, #2743, #3956, #2586, #2226, #317 ),
 ( #278, #5211, #5053, #6550, #6280, #3994, #7742, #2779, #5246, #7046 ),
 ( #7166, #5871, #6436, #2185, #1014, #4647, #4728, #2119, #2857, #7121 ),
 ( #5944, #5327, #4577, #3191, #1576, #898, #5282, #5670, #7666, #4039 ),
 ( #6471, #979, #1499, #3348, #7819, #7208, #3429, #5908, #118, #353 ),
 ( #2817, #5832, #7779, #7705, #2153, #4690, #1621, #4078, #3800, #734 ),
 ( #7082, #1536, #938, #3393, #1088, #552, #5365, #3506, #4878, #7363 ),
 ( #1050, #4912, #2333, #7858, #7322, #4798, #1127, #469, #1814, #3660 ),
 ( #3010, #5483, #6586, #6630, #5441, #5404, #7976, #1699, #3581, #3547 ),
 ( #2933, #6698, #2409, #7937, #4272, #2372, #1661, #7287, #5985, #6025 ),
 ( #6741, #6660, #1204, #1738, #4158, #4837, #6061, #1775, #4196, #6140 ),
 ( #1162, #593, #3052, #3620, #507, #433, #5524, #2897, #8012, #2969 ),
 ( #6102, #2448, #4115, #2299, #7245, #3782, #5740, #5612, #6947, #6264 ),
 ( #2614, #6863, #22, #3861, #7576, #2569, #5031, #677, #5651, #634 ),
 ( #6339, #62, #2024, #2655, #1855, #6911, #800, #3214, #2491, #717 ),
 ( #4957, #1284, #5078, #1330, #1895, #100, #7449, #3260, #3175, #3090 ),
 ( #140, #1983, #6217, #4354, #6179, #5693, #7532, #4441, #3738, #3135 ),
 ( #4482, #4313, #7487, #1373, #3822, #6302, #6819, #2530, #1409, #759 ),
 ( #189, #7405, #6780, #1243, #5567, #3697, #4993, #1935, #4395, #4066 ),
 ( #4520, #1526, #5155, #6504, #6991, #6385, #7073, #5860, #306, #3985 ),
 ( #5822, #1446, #7654, #2106, #6426, #4566, #4026, #842, #3909, #342 ),
 ( #5273, #3302, #383, #267, #5784, #2769, #3339, #4603, #3947, #2806 ),
 ( #5237, #968, #3418, #2063, #7036, #926, #887, #5898, #1490, #6461 ),
 ( #7769, #2731, #2176, #2214, #3378, #4676, #7731, #5115, #5200, #231 ),
 ( #4637, #7155, #2143, #1607, #7695, #7112, #1564, #6540, #1003, #3458 ),
 ( #5935, #7616, #2691, #7967, #7848, #5974, #3649, #2400, #3496, #424 ),
 ( #6655, #2888, #3537, #4787, #5393, #7277, #1731, #4716, #460, #2924 ),
 ( #4865, #6016, #2255, #5355, #2289, #4146, #4751, #1763, #6576, #7196 ),
 ( #6089, #3002, #1649, #6129, #7886, #1041, #497, #2324, #4187, #1688 ),
 ( #7352, #3571, #4226, #1152, #7808, #7236, #1117, #6621, #3610, #6050 ),
 ( #2957, #540, #5428, #2362, #5473, #4828, #1803, #7315, #2845, #4262 ),
 ( #6725, #1193, #5316, #4105, #744, #7436, #3041, #7389, #1396, #2012 ) ),
 .UNSPECIFIED., .F., .F., .F.,
 ( 4, 3, 1, 1, 1, 1, 1, 1, 1, 1, 1, 1, 1, 1, 1, 1, 1, 1, 1, 1, 1, 1, 1, 1, 1, 3, 1, 1, 1, 1, 1, 1, 1, 1, 1, 1, 1, 1, 1, 1, 1, 4 ),
 ( 4, 3, 1, 1, 1, 4 ),
 ( 0.4847573055477913950, 0.4990857812012456374, 0.5032524761466716789, 0.5074191710920973319, 0.5115858660375233180, 0.5157525609829490820, 0.5199192559283750681, 0.5240859508738008321, 0.5324193407646525822, 0.5407527306555042212, 0.5490861205463560824, 0.5574195104372077214, 0.5657529003280594715, 0.5740862902189111105, 0.5824196801097627496, 0.5990864598914662498, 0.6157532396731697499, 0.6324200194548732501, 0.6490867992365765282, 0.6657535790182800284, 0.6824203587999835285, 0.6990871385816868067, 0.7157539183633904178, 0.7324206981450935849, 0.7490874779267970851, 0.7657542577085005853, 0.7934811804762516019, 0.8212081032440026185, 0.8350715646278780158, 0.8489350260117537461, 0.8627984873956292544, 0.8766619487795048737, 0.8905254101633801600, 0.9043888715472557793, 0.9182523329311313987, 0.9321157943150069070, 0.9459792556988821932, 0.9598427170827579236, 0.9737061784666334319, 0.9806379091585710750, 0.9841037745045400076, 0.9875696398505088291 ),
 ( -0.01000000000000000021, 0.000000000000000000, 0.03502224838491098391, 0.09383257832149248523, 0.1938325783214923659, 1.000000000000000000 ),
 .UNSPECIFIED. ) ;
#5160 = CARTESIAN_POINT ( 'NONE',  ( -86.87707805841237985, -10.34748271511437778, 49.68820832564044565 ) ) ;
#5161 = CARTESIAN_POINT ( 'NONE',  ( -2.853196301606920837, -5.731608919956029169, -56.50461328002980821 ) ) ;
#5162 = ADVANCED_FACE ( 'NONE', ( #6809 ), #4384, .F. ) ;
#5163 = CARTESIAN_POINT ( 'NONE',  ( -38.05404286470385244, 30.74583328861447384, 117.6899145417294221 ) ) ;
#5164 = CARTESIAN_POINT ( 'NONE',  ( 0.7522428960698155365, 26.48586559991848333, 24.54658038139638165 ) ) ;
#5165 = CARTESIAN_POINT ( 'NONE',  ( 2.704637789588524743, 43.69390305239785022, 169.1518475570265991 ) ) ;
#5166 = ORIENTED_EDGE ( 'NONE', *, *, #7612, .F. ) ;
#5167 = CARTESIAN_POINT ( 'NONE',  ( -45.79286475850418725, 28.38369932594221368, 136.3569893953960843 ) ) ;
#5168 = CARTESIAN_POINT ( 'NONE',  ( -149.9999999999999716, 14.23858967693923105, 324.3781664693334506 ) ) ;
#5169 = CARTESIAN_POINT ( 'NONE',  ( 2.982758472624786883, 46.64510054777562686, 189.7878266790975772 ) ) ;
#5170 = CARTESIAN_POINT ( 'NONE',  ( -1.774539791774050856, 44.03559102027881522, 203.8173757309942289 ) ) ;
#5171 = CARTESIAN_POINT ( 'NONE',  ( 1.585105225643784310, 28.62474442760698068, 400.8281577764561803 ) ) ;
#5172 = CARTESIAN_POINT ( 'NONE',  ( -17.33294847277055339, 41.11174173896124273, 165.3240422717321110 ) ) ;
#5173 = ORIENTED_EDGE ( 'NONE', *, *, #7336, .F. ) ;
#5174 = CARTESIAN_POINT ( 'NONE',  ( 10.01243234742356414, 40.28768717824512180, 125.0856925675669942 ) ) ;
#5175 = CARTESIAN_POINT ( 'NONE',  ( -55.69582423788891390, 7.770729441803534421, 222.6473521244176652 ) ) ;
#5176 = FACE_OUTER_BOUND ( 'NONE', #7571, .T. ) ;
#5177 = AXIS2_PLACEMENT_3D ( 'NONE', #4399, #681, #4962 ) ;
#5178 = CARTESIAN_POINT ( 'NONE',  ( 6.480909335331581644, 31.51093002447665725, 35.27240459414694840 ) ) ;
#5179 = CARTESIAN_POINT ( 'NONE',  ( -149.9999999999993463, 17.39257541835625176, 283.2293150073691663 ) ) ;
#5180 = CARTESIAN_POINT ( 'NONE',  ( -5.851353646205041947, 40.55712323368186389, 119.5228871073751691 ) ) ;
#5181 = CIRCLE ( 'NONE', #409, 0.5999999999999978684 ) ;
#5183 = ORIENTED_EDGE ( 'NONE', *, *, #7299, .F. ) ;
#5182 = CARTESIAN_POINT ( 'NONE',  ( 27.45904811184346173, 35.14856345302744245, 119.1638168378097618 ) ) ;
#5184 = ORIENTED_EDGE ( 'NONE', *, *, #7712, .T. ) ;
#5185 = CARTESIAN_POINT ( 'NONE',  ( 150.0000000000000284, -1.592874936842195055, 207.1259537470125736 ) ) ;
#5186 =( BOUNDED_SURFACE ( )  B_SPLINE_SURFACE ( 3, 2, ( 
 ( #4895, #6887, #1350 ),
 ( #7381, #5055, #6800 ),
 ( #6281, #3192, #5671 ),
 ( #2588, #1794, #4255 ) ),
 .UNSPECIFIED., .F., .F., .T. ) 
 B_SPLINE_SURFACE_WITH_KNOTS ( ( 4, 4 ),
 ( 3, 3 ),
 ( 0.000000000000000000, 0.0005185829087857669797 ),
 ( 0.000000000000000000, 1.000000000000000000 ),
 .UNSPECIFIED. ) 
 GEOMETRIC_REPRESENTATION_ITEM ( )  RATIONAL_B_SPLINE_SURFACE ( (
 ( 1.000000000000000000, 0.7014168260485257322, 1.000000000000000000),
 ( 1.000000000000000000, 0.7013665541999989372, 1.000000000000000000),
 ( 1.000000000000000000, 0.7013164866924245233, 1.000000000000000000),
 ( 1.000000000000000000, 0.7012667286859447513, 1.000000000000000000) ) ) 
 REPRESENTATION_ITEM ( '' )  SURFACE ( )  );
#5187 = CARTESIAN_POINT ( 'NONE',  ( 54.55796727852851546, 23.68212795233687729, 151.5879235846110475 ) ) ;
#5188 = CARTESIAN_POINT ( 'NONE',  ( 0.000000000000000000, 42.59248601773754928, 122.6496688811247111 ) ) ;
#5189 = CARTESIAN_POINT ( 'NONE',  ( -4.845923036278456664, 31.56558446335844081, 50.85207991089468038 ) ) ;
#5190 = CARTESIAN_POINT ( 'NONE',  ( 43.18509172019248155, 36.25464947387357029, 202.4099852598871223 ) ) ;
#5191 = CIRCLE ( 'NONE', #5446, 1.000000000000000222 ) ;
#5192 = VECTOR ( 'NONE', #4564, 1000.000000000000000 ) ;
#5193 = CARTESIAN_POINT ( 'NONE',  ( -2.603968909317082589E-14, 46.94747019700833590, 208.4485850156316360 ) ) ;
#5195 = VERTEX_POINT ( 'NONE', #129 ) ;
#5194 = CARTESIAN_POINT ( 'NONE',  ( 150.0000000000006821, 17.36217657815118542, 276.3178635875777900 ) ) ;
#5196 = CARTESIAN_POINT ( 'NONE',  ( 5.440260614420722618, 34.52197114827175284, 68.08263983235590899 ) ) ;
#5197 = CARTESIAN_POINT ( 'NONE',  ( 6.697665788641262274, 43.51001492458538422, 205.5709421813670872 ) ) ;
#5198 = CARTESIAN_POINT ( 'NONE',  ( -45.95965009189017536, 31.16272714924198439, 125.6496688811247253 ) ) ;
#5199 = CARTESIAN_POINT ( 'NONE',  ( 0.3629704027438872549, 44.16431780738425061, 180.2327950828497478 ) ) ;
#5200 = CARTESIAN_POINT ( 'NONE',  ( 56.79090820126123873, -0.6367270459114310333, 407.3366011671671458 ) ) ;
#5201 = CARTESIAN_POINT ( 'NONE',  ( -8.046221188284620851, 40.62185159204860696, 125.6496688811248106 ) ) ;
#5202 = CARTESIAN_POINT ( 'NONE',  ( 0.000000000000000000, 24.87581779792214576, 23.34527260323320164 ) ) ;
#5203 = CARTESIAN_POINT ( 'NONE',  ( -12.50569815975795684, -8.939040514739479804, -53.94021469740130925 ) ) ;
#5204 = CARTESIAN_POINT ( 'NONE',  ( -3.725064797236206093, 47.18508823153483434, 205.8604671828092307 ) ) ;
#5205 = CARTESIAN_POINT ( 'NONE',  ( 0.000000000000000000, -10.00000000000000000, -61.05776287854492068 ) ) ;
#5206 = CARTESIAN_POINT ( 'NONE',  ( 0.4568606608480465514, 36.50416720010122162, 75.11445108392523196 ) ) ;
#5207 = CARTESIAN_POINT ( 'NONE',  ( 7.719643488809967202, 27.77442729243315611, 35.56939208672823582 ) ) ;
#5208 = EDGE_CURVE ( 'NONE', #3427, #6564, #8003, .T. ) ;
#5209 = ORIENTED_EDGE ( 'NONE', *, *, #7854, .F. ) ;
#5210 = CARTESIAN_POINT ( 'NONE',  ( -35.63919075909231537, 31.63133729885009870, 115.0207887993582148 ) ) ;
#5211 = CARTESIAN_POINT ( 'NONE',  ( -1.646572234496929799, 37.62464340957060926, 58.81954004802969393 ) ) ;
#5212 = CARTESIAN_POINT ( 'NONE',  ( -50.11171787444065728, 9.594334424904452874, 362.2731057270540305 ) ) ;
#5213 = EDGE_CURVE ( 'NONE', #6751, #7984, #2600, .T. ) ;
#5214 = CARTESIAN_POINT ( 'NONE',  ( -7.499999999999987566, 29.65013954398735407, 44.31502417377331682 ) ) ;
#5215 = CARTESIAN_POINT ( 'NONE',  ( -149.9999999999996589, 3.010335517173705178, 393.8851699768119943 ) ) ;
#5216 = ORIENTED_EDGE ( 'NONE', *, *, #5452, .T. ) ;
#5217 = CARTESIAN_POINT ( 'NONE',  ( 3.931118945290508204, 41.13467136896714749, 122.0279176881610681 ) ) ;
#5218 = CARTESIAN_POINT ( 'NONE',  ( -55.92567994943940590, 5.748511191116895347, 218.7264803032683460 ) ) ;
#5219 = CARTESIAN_POINT ( 'NONE',  ( -1.573448402819587994E-14, 43.59248601773754928, 128.6496688811247111 ) ) ;
#5220 = CARTESIAN_POINT ( 'NONE',  ( -42.25888208890366116, 20.51793509890882561, 67.30938195805883595 ) ) ;
#5221 = CARTESIAN_POINT ( 'NONE',  ( 1.625096845062358186, 47.14373364252509901, 228.9144459501762299 ) ) ;
#5223 = ORIENTED_EDGE ( 'NONE', *, *, #1113, .F. ) ;
#5222 = CARTESIAN_POINT ( 'NONE',  ( 42.40733376104111585, 30.20192635663012837, 134.9141662587683754 ) ) ;
#5224 = ORIENTED_EDGE ( 'NONE', *, *, #6359, .F. ) ;
#5225 = CARTESIAN_POINT ( 'NONE',  ( 56.50313792499103016, -10.80253914119058045, 197.8140775424655544 ) ) ;
#5226 = CARTESIAN_POINT ( 'NONE',  ( 0.2847643119027181147, 44.02083846997419414, 168.5757567249692102 ) ) ;
#5227 = CARTESIAN_POINT ( 'NONE',  ( -0.5015823108654486884, 38.01112077084520990, 85.17725578798608410 ) ) ;
#5228 = LINE ( 'NONE', #4095, #7279 ) ;
#5229 = CARTESIAN_POINT ( 'NONE',  ( 0.2995684576989210979, 33.82329621789313023, 58.09928050248762332 ) ) ;
#5230 = CARTESIAN_POINT ( 'NONE',  ( 49.06494013789126285, 33.05050087376877599, 187.6924931863528343 ) ) ;
#5231 = CARTESIAN_POINT ( 'NONE',  ( -7.500000000000000000, 29.60772684600566151, 44.25520149868791719 ) ) ;
#5232 = CARTESIAN_POINT ( 'NONE',  ( -0.5768058027885383243, 47.66852144650732015, 205.0091658014256382 ) ) ;
#5233 = CARTESIAN_POINT ( 'NONE',  ( -0.1391087557042866851, 43.95816889768386915, 214.8413350479933968 ) ) ;
#5234 = CARTESIAN_POINT ( 'NONE',  ( 9.113732867565333962, 42.49274849355882822, 160.2236867250458658 ) ) ;
#5235 = CARTESIAN_POINT ( 'NONE',  ( 5.966662445441326845, 42.85055069676063511, 158.6977513598284588 ) ) ;
#5236 = CARTESIAN_POINT ( 'NONE',  ( -38.46190794426814819, 34.54225940004855744, 222.7874425819186968 ) ) ;
#5237 = CARTESIAN_POINT ( 'NONE',  ( -1.930653681019943724, 13.87290448054163683, 472.4794235559970730 ) ) ;
#5238 = CARTESIAN_POINT ( 'NONE',  ( -3.066662445442872365, 46.58797009215936669, 205.8542147485816258 ) ) ;
#5239 = DIRECTION ( 'NONE',  ( 0.000000000000000000, 0.000000000000000000, -1.000000000000000000 ) ) ;
#5240 = CARTESIAN_POINT ( 'NONE',  ( 2.846830710822273236, -1.888371530433603951, -51.63176871257518741 ) ) ;
#5241 = CARTESIAN_POINT ( 'NONE',  ( 12.51122854236293591, -10.32226976056000467, -55.36644004333045643 ) ) ;
#5242 = CARTESIAN_POINT ( 'NONE',  ( -0.08344858511513376931, 36.43634355610694087, 75.10156452250730297 ) ) ;
#5243 = CARTESIAN_POINT ( 'NONE',  ( -0.2790696575550217773, 28.70822125129512159, 32.83271540691800539 ) ) ;
#5244 = ORIENTED_EDGE ( 'NONE', *, *, #4899, .F. ) ;
#5245 = CARTESIAN_POINT ( 'NONE',  ( -2.362763836908236659, 35.87213016188101733, 73.54423829534418644 ) ) ;
#5246 = CARTESIAN_POINT ( 'NONE',  ( 54.00102207192544768, 15.29528807115969968, 241.2492155879526479 ) ) ;
#5247 = CARTESIAN_POINT ( 'NONE',  ( 0.4709684984625378545, 40.21920836791927201, 320.0003648965263210 ) ) ;
#5248 = ADVANCED_FACE ( 'NONE', ( #706 ), #2439, .F. ) ;
#5249 = CARTESIAN_POINT ( 'NONE',  ( 10.04578611950417866, 40.24626424246233114, 125.6496688811246401 ) ) ;
#5250 = CARTESIAN_POINT ( 'NONE',  ( -6.953941588068372148, 6.120562770953910992, 500.2070897956710951 ) ) ;
#5251 = CARTESIAN_POINT ( 'NONE',  ( -2.152184834420973747, -0.9668156101559031157, 529.2511884921991623 ) ) ;
#5252 = ORIENTED_EDGE ( 'NONE', *, *, #5392, .T. ) ;
#5253 = CARTESIAN_POINT ( 'NONE',  ( -150.0000000000000000, 6.573444530005628117, 217.0034385749200965 ) ) ;
#5254 = CARTESIAN_POINT ( 'NONE',  ( 3.639036235359315086, 47.18444691124344814, 206.7039428277957995 ) ) ;
#5255 = CARTESIAN_POINT ( 'NONE',  ( -35.87462405318740366, 21.74506528669064309, 54.91992776747650851 ) ) ;
#5256 = CARTESIAN_POINT ( 'NONE',  ( 1.848321708431225563, 47.83361918596382623, 180.4427191032446558 ) ) ;
#5257 = ADVANCED_FACE ( 'NONE', ( #7390 ), #1969, .F. ) ;
#5259 = VERTEX_POINT ( 'NONE', #3729 ) ;
#5258 = CARTESIAN_POINT ( 'NONE',  ( 12.93274394987873066, 37.88116739159419666, 106.4100013806602902 ) ) ;
#5260 = ORIENTED_EDGE ( 'NONE', *, *, #709, .T. ) ;
#5261 = CARTESIAN_POINT ( 'NONE',  ( -2.838695181821947688, 1.681375928194609459, -46.53493995302151376 ) ) ;
#5262 = CARTESIAN_POINT ( 'NONE',  ( -0.4798083864254958364, 43.93984341339271538, 168.6540875092097451 ) ) ;
#5263 = CARTESIAN_POINT ( 'NONE',  ( 6.857594143293758826, 35.29223101881731850, 75.44949555365447225 ) ) ;
#5264 = CARTESIAN_POINT ( 'NONE',  ( 5.966662445441321516, 42.84486042551422713, 158.6977811542913628 ) ) ;
#5265 = CARTESIAN_POINT ( 'NONE',  ( -21.85590877423020828, 30.76780572225905885, 70.71187559412938128 ) ) ;
#5266 = CARTESIAN_POINT ( 'NONE',  ( 0.8067805704859046800, 43.86679528997784416, 187.8683353890677097 ) ) ;
#5267 = LINE ( 'NONE', #5108, #1313 ) ;
#5268 = CARTESIAN_POINT ( 'NONE',  ( 6.087201789984794331, 44.18919659100005504, 276.7467911875064033 ) ) ;
#5269 = CARTESIAN_POINT ( 'NONE',  ( 0.6225900396152649341, 36.36870608604021271, 75.12677912018241955 ) ) ;
#5270 = CARTESIAN_POINT ( 'NONE',  ( -0.4913624557476656829, 44.04244526747444155, 168.5634920937141601 ) ) ;
#5271 = CARTESIAN_POINT ( 'NONE',  ( -3.629282466097071946, 47.24146835687763968, 189.6293035684812196 ) ) ;
#5272 = CARTESIAN_POINT ( 'NONE',  ( -10.96645060036625807, 42.97263250476321161, 196.0432156905397676 ) ) ;
#5273 = CARTESIAN_POINT ( 'NONE',  ( -1.860595957264360667, 17.11377713728215255, 458.4002198587525072 ) ) ;
#5274 = CARTESIAN_POINT ( 'NONE',  ( 0.7317949095089628653, -9.968616617790203804, 558.9098446958789737 ) ) ;
#5275 = CARTESIAN_POINT ( 'NONE',  ( 2.932935320464695739, 43.89729320496125808, 189.6239011906759799 ) ) ;
#5276 = CARTESIAN_POINT ( 'NONE',  ( 2.856219491863008830, -8.493023692875212305, -59.56494007984454697 ) ) ;
#5277 = CARTESIAN_POINT ( 'NONE',  ( 28.49463500214571354, -6.821171986367837725, -36.82241012564603722 ) ) ;
#5278 = CARTESIAN_POINT ( 'NONE',  ( -0.9828454332530879300, 36.32351723646309694, 75.15582840151407140 ) ) ;
#5279 = CARTESIAN_POINT ( 'NONE',  ( -0.2721041209304846942, 30.55369904747144005, 41.21848353296582701 ) ) ;
#5280 = ORIENTED_EDGE ( 'NONE', *, *, #4065, .F. ) ;
#5281 = CARTESIAN_POINT ( 'NONE',  ( -1.364439309333571604, 35.99758737551218957, 73.31331849152179814 ) ) ;
#5282 = CARTESIAN_POINT ( 'NONE',  ( 22.01802724243391651, 40.49517762205267246, 116.2537897038075414 ) ) ;
#5283 = CARTESIAN_POINT ( 'NONE',  ( -149.9999999999995737, 11.19476107030966361, 345.2779431210030907 ) ) ;
#5284 = LINE ( 'NONE', #5946, #6736 ) ;
#5285 = CARTESIAN_POINT ( 'NONE',  ( -0.8679469414840492725, 47.52118765921378696, 187.8760694331415095 ) ) ;
#5286 = CARTESIAN_POINT ( 'NONE',  ( 16.01722933144543504, 38.97812789336335015, 125.6496688811247537 ) ) ;
#5287 = CARTESIAN_POINT ( 'NONE',  ( -1.811250222719423375, 44.09021383283478457, 192.2764104317311933 ) ) ;
#5288 = CARTESIAN_POINT ( 'NONE',  ( -6.848877587165034697, 9.753616543240035242, 486.0167545655663162 ) ) ;
#5289 = ORIENTED_EDGE ( 'NONE', *, *, #5759, .T. ) ;
#5290 = EDGE_CURVE ( 'NONE', #1239, #871, #6475, .T. ) ;
#5291 = CARTESIAN_POINT ( 'NONE',  ( 0.9391192593045467607, 7.969336849332791850, -35.88766685587286531 ) ) ;
#5292 = CARTESIAN_POINT ( 'NONE',  ( -48.48195559769727936, 28.63297736426487816, 164.2614623668004583 ) ) ;
#5293 = CARTESIAN_POINT ( 'NONE',  ( -149.9999999999993463, 17.13590603533871715, 269.4952211729575993 ) ) ;
#5295 = ORIENTED_EDGE ( 'NONE', *, *, #1217, .T. ) ;
#5294 = CARTESIAN_POINT ( 'NONE',  ( -0.2963803186161813041, 40.59396979303947006, 109.2191838984847720 ) ) ;
#5296 = B_SPLINE_CURVE_WITH_KNOTS ( 'NONE', 3,
 ( #5013, #8031, #2509, #1183, #4896, #7509, #1957, #4975 ),
 .UNSPECIFIED., .F., .F.,
 ( 4, 2, 2, 4 ),
 ( 0.000000000000000000, 0.0002371522774462579935, 0.0004743045548925159871, 0.0009486091097850467193 ),
 .UNSPECIFIED. ) ;
#5297 = ADVANCED_FACE ( 'NONE', ( #5810 ), #4508, .T. ) ;
#5298 = ORIENTED_EDGE ( 'NONE', *, *, #1716, .T. ) ;
#5299 = MECHANICAL_DESIGN_GEOMETRIC_PRESENTATION_REPRESENTATION (  '', ( #4142 ), #5042 ) ;
#5300 = CARTESIAN_POINT ( 'NONE',  ( -1.892463454547965274, 1.631141071689482525, -46.56294020973754044 ) ) ;
#5301 = CARTESIAN_POINT ( 'NONE',  ( 0.3298391376698168731, 39.32802877967283450, 97.17649365165607378 ) ) ;
#5302 = CYLINDRICAL_SURFACE ( 'NONE', #2222, 29.59999999999998721 ) ;
#5303 = CARTESIAN_POINT ( 'NONE',  ( -0.4991885498586111636, 32.09249067548580570, 49.65405121101265706 ) ) ;
#5304 = CARTESIAN_POINT ( 'NONE',  ( -7.149355281172790733, 43.25121417870777663, 217.0667560260353355 ) ) ;
#5305 = ADVANCED_FACE ( 'NONE', ( #3291 ), #959, .F. ) ;
#5306 = LINE ( 'NONE', #3603, #2610 ) ;
#5307 = CARTESIAN_POINT ( 'NONE',  ( -1.349535228643196083, 47.37086737401080683, 208.3006657236219326 ) ) ;
#5308 = VECTOR ( 'NONE', #6256, 1000.000000000000000 ) ;
#5309 = CARTESIAN_POINT ( 'NONE',  ( -1.730417408365614973, 47.76473948255436142, 204.8872388650783591 ) ) ;
#5310 = CARTESIAN_POINT ( 'NONE',  ( 39.37658225924008804, 28.35280703797645074, 103.1581149044872632 ) ) ;
#5311 = CARTESIAN_POINT ( 'NONE',  ( 29.47565862104757528, 38.35023962253366392, 221.4073026659808932 ) ) ;
#5312 = CARTESIAN_POINT ( 'NONE',  ( 0.2761831496301277444, 43.96161530316136634, 168.6271196106334571 ) ) ;
#5313 = CARTESIAN_POINT ( 'NONE',  ( 9.244463733058732095E-30, 44.59248601773754928, 125.6496688811247253 ) ) ;
#5314 = CARTESIAN_POINT ( 'NONE',  ( 0.3125600076653655135, 44.15935736667346134, 180.2365180446876423 ) ) ;
#5315 = VECTOR ( 'NONE', #462, 1000.000000000000114 ) ;
#5316 = CARTESIAN_POINT ( 'NONE',  ( -0.7317949095089628653, -9.968616617790203804, 558.9098446958789737 ) ) ;
#5317 = CARTESIAN_POINT ( 'NONE',  ( -41.95432709138347604, 36.85094628014302742, 203.9176755059698678 ) ) ;
#5318 = CARTESIAN_POINT ( 'NONE',  ( 1.772612485579541541, 44.01373920013634944, 188.1942056974796742 ) ) ;
#5319 = CARTESIAN_POINT ( 'NONE',  ( -82.00022190405498179, 13.41533595200248463, 95.17065037251704496 ) ) ;
#5320 = DIRECTION ( 'NONE',  ( 1.000000000000000000, 0.000000000000000000, -0.000000000000000000 ) ) ;
#5321 = CARTESIAN_POINT ( 'NONE',  ( 56.38420455136408549, -2.341849795747153795, 206.2968260904183353 ) ) ;
#5322 = CARTESIAN_POINT ( 'NONE',  ( -6.424972988195708723, 42.86718142958859090, 158.8865659730962534 ) ) ;
#5323 = CARTESIAN_POINT ( 'NONE',  ( -0.1331093292844701126, 30.53684502588962246, 41.21105493416862942 ) ) ;
#5324 = VERTEX_POINT ( 'NONE', #2718 ) ;
#5325 = VERTEX_POINT ( 'NONE', #831 ) ;
#5326 = CARTESIAN_POINT ( 'NONE',  ( -9.303892832365569632, 34.96016962846630349, 76.80823478982456720 ) ) ;
#5327 = CARTESIAN_POINT ( 'NONE',  ( -1.492388020602511300, 43.89655471583869684, 105.2734977285461468 ) ) ;
#5328 = CARTESIAN_POINT ( 'NONE',  ( 0.000000000000000000, 10.33405387878785753, 486.6586544760494917 ) ) ;
#5329 = CARTESIAN_POINT ( 'NONE',  ( 32.42178892480836083, 22.46901625581695328, 50.86910566212303308 ) ) ;
#5330 = CARTESIAN_POINT ( 'NONE',  ( 0.000000000000000000, 47.60175118634028735, 187.2656339773372167 ) ) ;
#5331 =( NAMED_UNIT ( * ) PLANE_ANGLE_UNIT ( ) SI_UNIT ( $, .RADIAN. ) );
#5332 = CARTESIAN_POINT ( 'NONE',  ( 0.2897359416560671974, 44.29257931929760161, 191.9004582732296740 ) ) ;
#5333 = CARTESIAN_POINT ( 'NONE',  ( 1.996956094114173741, 10.46350476607578983, 486.5475114404366082 ) ) ;
#5334 = CARTESIAN_POINT ( 'NONE',  ( -2.208464464562812868, 41.03234933018125474, 118.0844796792074618 ) ) ;
#5335 = ORIENTED_EDGE ( 'NONE', *, *, #5508, .F. ) ;
#5336 = CARTESIAN_POINT ( 'NONE',  ( -31.83688587722395624, 36.46076737855642591, 156.8179440895367236 ) ) ;
#5337 = B_SPLINE_SURFACE_WITH_KNOTS ( 'NONE', 3, 3, ( 
 ( #7957, #4091, #6563, #5463, #2876, #6713, #1179, #3638, #6119, #1029, #4047, #5377, #7908, #6599, #7333, #7416, #7668, #4579, #7896, #6552, #7521, #3124, #4471, #747, #3204, #5602, #5304, #4554, #7026, #4596, #3975, #3367, #2917, #4707, #908, #5841, #6275, #6879, #4580, #3351 ),
 ( #4161, #981, #7491, #5487, #2413, #7367, #7811, #5979, #584, #6208, #749, #5069, #2016, #7645, #5875, #5170, #1666, #438, #3512, #2902, #5370, #2231, #5990, #7863, #7250, #6664, #5949, #6066, #4164, #1626, #395, #7901, #6634, #7214, #2863, #7170, #1093, #2338, #3552, #6030 ),
 ( #474, #2938, #4805, #1132, #5332, #513, #7292, #7824, #4120, #1743, #4201, #3586, #2974, #5448, #2821, #5287, #7111, #6425, #3338, #3301, #4675, #4518, #2142, #5858, #925, #3376, #5154, #3946, #5272, #3984, #4565, #305, #7154, #2768, #2844, #230, #1002, #5236, #2175, #1606 ),
 ( #5783, #3908, #4025, #5199, #5314, #2805, #2062, #2690, #841, #4064, #4602, #6539, #3457, #7768, #7730, #4636, #6990, #6384, #6503, #2728, #1445, #7652, #5821, #1563, #2105, #7035, #966, #5934, #3417, #382, #1489, #5897, #341, #2213, #886, #266, #7694, #7072, #1525, #6460 ),
 ( #4225, #6723, #1191, #3040, #3971, #5226, #4012, #6490, #3406, #2794, #176, #5262, #1434, #7758, #2202, #3892, #5770, #3679, #612, #4191, #1768, #7932, #4832, #6733, #6691, #4873, #1176, #5501, #159, #3711, #6835, #1299, #691, #5008, #7501, #1949, #4411, #6882, #1344, #3795 ),
 ( #5666, #7551, #1996, #857, #7853, #4152, #2851, #1045, #3501, #6963, #7010, #5939, #5796, #5981, #2079, #1614, #3923, #2893, #3314, #7202, #429, #388, #5361, #5322, #5398, #245, #1422, #6398, #2705, #2294, #5172, #4756, #7673, #4494, #818, #2929, #6626, #2219, #3464, #7813 ),
 ( #7241, #1694, #4111, #4683, #6358, #1083, #3878, #464, #7161, #3274, #4072, #6544, #1009, #3541, #2259, #4722, #2037, #1656, #6020, #6582, #5755, #205, #2668, #5129, #7627, #4534, #1463, #4953, #5521, #5564, #5480, #1772, #4234, #8009, #4392, #6694, #1160, #6215, #7359, #4990 ),
 ( #6176, #631, #6137, #4910, #4310, #1240, #6778, #2488, #3694, #3088, #7446, #6336, #7529, #839, #5152, #3820, #756, #3257, #5737, #3905, #186, #4515, #6987, #6382, #3299, #4563, #375, #7188, #3287, #4381, #5628, #7422, #7330, #5336, #4737, #4846, #1098, #400, #1214, #4170 ),
 ( #478, #4811, #6752, #6638, #7985, #7297, #1171, #3632, #7906, #1061, #4887, #562, #3591, #6071, #1711, #6669, #1671, #3670, #7373, #3557, #3020, #2868, #7829, #7946, #1823, #4246, #3518, #1747, #4206, #2381, #1137, #5995, #2272, #6036, #5493, #2943, #518, #4126, #5375, #2419 ),
 ( #2980, #4283, #7219, #443, #6597, #5455, #2907, #1783, #7868, #2308, #2345, #6707, #6112, #4770, #7256, #5412, #3706, #5043, #3184, #7459, #5578, #7544, #1866, #8020, #1381, #3832, #6312, #5533, #1418, #6829, #4323, #3790, #4362, #5621, #4967, #769, #153, #6874, #1992, #4451 ),
 ( #6958, #1293, #5661, #2540, #1905, #31, #3748, #644, #6230, #6790, #6272, #686, #2500, #3145, #71, #2456, #5003, #1252, #726, #6921, #7496, #3225, #1944, #6188, #4405, #1339, #109, #2578, #5703, #4924, #2623, #5086, #7585, #2033, #4491, #7413, #6151, #3099, #602, #3061 ),
 ( #2118, #897, #7120, #852, #7003, #4689, #3428, #4529, #1458, #2816, #7704, #3917, #4576, #5831, #6435, #277, #2742, #5751, #1498, #3955, #3347, #5907, #6394, #7778, #2152, #5124, #3310, #4646, #6470, #2700, #5793, #2664, #2184, #5210, #937, #240, #5167, #7623, #6514, #6351 ),
 ( #4611, #7081, #5870, #1534, #7665, #3872, #3993, #978, #3392, #316, #2074, #7045, #352, #5281, #2778, #5245, #199, #7741, #1575, #4038, #2225, #7165, #813, #3269, #4877, #5326, #391, #4236, #1698, #6697, #2896, #1620, #7286, #505, #6549, #5943, #6060, #2297, #4077, #2408 ) ),
 .UNSPECIFIED., .F., .F., .F.,
 ( 4, 3, 3, 3, 4 ),
 ( 4, 3, 3, 3, 3, 3, 3, 3, 3, 3, 3, 3, 3, 4 ),
 ( 0.000000000000000000, 0.02371035208815308604, 0.04742070417630606105, 0.07113105626445903606, 0.09484140835261212210 ),
 ( -0.0009637171250099557315, -0.0001467510766555659872, 0.0006702149716988237572, 0.002304147068407603246, 0.005572011261825162223, 0.01210773964866027931, 0.02517919642233051522, 0.03171492480916563578, 0.03825065319600075286, 0.05132210996967098704, 0.1036079370643519237, 0.2081795912537137971, 0.3127512454430756983, 0.4173228996324375717 ),
 .UNSPECIFIED. ) ;
#5338 = CARTESIAN_POINT ( 'NONE',  ( 0.8834387404823768053, 28.31537238341890372, 17.13475425666132068 ) ) ;
#5339 = CARTESIAN_POINT ( 'NONE',  ( 18.75320629264960459, 28.97914495660673140, 39.18181308280495756 ) ) ;
#5340 = CARTESIAN_POINT ( 'NONE',  ( -6.403712080581203558, 45.57724494206407684, 254.1058661924230933 ) ) ;
#5341 = CYLINDRICAL_SURFACE ( 'NONE', #1187, 1.000000000000000888 ) ;
#5343 = VERTEX_POINT ( 'NONE', #5188 ) ;
#5342 = CARTESIAN_POINT ( 'NONE',  ( -0.3801980304384154907, 41.35304654345812736, 117.7455006833677942 ) ) ;
#5344 = CARTESIAN_POINT ( 'NONE',  ( 2.722018874500108598, 43.85051808505310333, 207.1557899582331288 ) ) ;
#5345 = EDGE_LOOP ( 'NONE', ( #4267, #1259, #1292, #546 ) ) ;
#5346 = CARTESIAN_POINT ( 'NONE',  ( 86.04165046946579309, -0.9836248390333799385, 62.57548133218611497 ) ) ;
#5347 = CARTESIAN_POINT ( 'NONE',  ( -0.02628743762855355326, 39.37276365039301851, 97.16514492356903077 ) ) ;
#5348 = CARTESIAN_POINT ( 'NONE',  ( -0.4790321504287265442, 33.72670288963720964, 58.09668996317849121 ) ) ;
#5349 = CARTESIAN_POINT ( 'NONE',  ( -0.5149308928087797943, 47.42800047514611350, 209.0582023389947892 ) ) ;
#5350 = EDGE_CURVE ( 'NONE', #1710, #1997, #6978, .T. ) ;
#5351 = FACE_OUTER_BOUND ( 'NONE', #2389, .T. ) ;
#5352 = CARTESIAN_POINT ( 'NONE',  ( 149.9999999999995737, 11.19476107030966361, 345.2779431210030907 ) ) ;
#5353 = CARTESIAN_POINT ( 'NONE',  ( -3.066662445442872365, 43.83285165301852260, 205.8542147485816258 ) ) ;
#5354 = CARTESIAN_POINT ( 'NONE',  ( -28.62580084016314075, -19.75740349066564150, -50.39037838586354923 ) ) ;
#5355 = CARTESIAN_POINT ( 'NONE',  ( 0.000000000000000000, -4.664387618694376236, 541.5776915351184471 ) ) ;
#5356 = CARTESIAN_POINT ( 'NONE',  ( -30.15471307803262135, 41.73418671722522078, 212.1105404625341180 ) ) ;
#5357 = CARTESIAN_POINT ( 'NONE',  ( 5.464782804719563458, 43.50151392623327951, 212.8950858635551810 ) ) ;
#5358 = CARTESIAN_POINT ( 'NONE',  ( 2.650316221447130527, 28.51110833786872334, 17.25647961524052931 ) ) ;
#5359 = B_SPLINE_CURVE_WITH_KNOTS ( 'NONE', 3,
 ( #6267, #6183, #1899, #2618 ),
 .UNSPECIFIED., .F., .F.,
 ( 4, 4 ),
 ( 2.220446049250313081E-16, 0.01539158859555753329 ),
 .UNSPECIFIED. ) ;
#5360 = CARTESIAN_POINT ( 'NONE',  ( 0.000000000000000000, 24.65191137066539895, 4.845070576238386550 ) ) ;
#5361 = CARTESIAN_POINT ( 'NONE',  ( -6.028965747663612262, 42.91954091971629737, 158.7009669399720906 ) ) ;
#5362 = CARTESIAN_POINT ( 'NONE',  ( -0.3761498061418362959, 28.71972417004100819, 32.83979365163018826 ) ) ;
#5363 = CARTESIAN_POINT ( 'NONE',  ( 3.025320400198470150, 41.25118072673842562, 121.6867762539084339 ) ) ;
#5364 = CARTESIAN_POINT ( 'NONE',  ( -27.77416402040308441, 35.72417201422751276, 125.6496688811248106 ) ) ;
#5365 = CARTESIAN_POINT ( 'NONE',  ( 17.90558932272608672, 45.27588651669087483, 188.1410139065363012 ) ) ;
#5366 = CARTESIAN_POINT ( 'NONE',  ( -11.20234465765202536, 15.65166486234165255, 452.7342830611293607 ) ) ;
#5367 = DIRECTION ( 'NONE',  ( 0.0001000150857126695300, -0.005235963805235900256, -0.9999862872459867047 ) ) ;
#5368 = CARTESIAN_POINT ( 'NONE',  ( 0.1749054424453651557, 47.58514089559101734, 187.2655654064047042 ) ) ;
#5369 = LINE ( 'NONE', #7900, #1432 ) ;
#5370 = CARTESIAN_POINT ( 'NONE',  ( -4.641278093632678292, 43.74543570144401627, 204.7465887824146762 ) ) ;
#5371 = CARTESIAN_POINT ( 'NONE',  ( -10.02488928357590936, 1.340599469649716324, 507.8357256156867834 ) ) ;
#5372 = CARTESIAN_POINT ( 'NONE',  ( -2.253072885109139278, 40.27482153654210606, 109.5533938414953923 ) ) ;
#5373 = CARTESIAN_POINT ( 'NONE',  ( -1.406557556210300319, 3.019610311274071535, 514.9300709948294070 ) ) ;
#5374 = ORIENTED_EDGE ( 'NONE', *, *, #6057, .F. ) ;
#5375 = CARTESIAN_POINT ( 'NONE',  ( -47.73077409305695795, 29.65291211942639293, 176.8530344199435831 ) ) ;
#5376 = CARTESIAN_POINT ( 'NONE',  ( 1.492388020602511300, 43.89655471583869684, 105.2734977285461468 ) ) ;
#5377 = CARTESIAN_POINT ( 'NONE',  ( -0.4941426846766366898, 43.90838243491766235, 214.9345953600575854 ) ) ;
#5378 = CARTESIAN_POINT ( 'NONE',  ( -3.049499001492033567, 46.63796943460188515, 190.1212088255780941 ) ) ;
#5379 = ORIENTED_EDGE ( 'NONE', *, *, #6155, .T. ) ;
#5381 = ORIENTED_EDGE ( 'NONE', *, *, #3722, .T. ) ;
#5380 = CARTESIAN_POINT ( 'NONE',  ( -0.04232899266398476579, 40.56250266162179230, 109.2216116471922760 ) ) ;
#5382 = CARTESIAN_POINT ( 'NONE',  ( 56.19787954467784630, 2.127072668286307255, 212.5857681456718353 ) ) ;
#5383 = CARTESIAN_POINT ( 'NONE',  ( 5.237430573016530033, 37.27536480957357412, 86.59741221121177546 ) ) ;
#5384 = LINE ( 'NONE', #4744, #1578 ) ;
#5385 = CARTESIAN_POINT ( 'NONE',  ( -1.082928273163285215, 30.39095393734211115, 41.25334370667984984 ) ) ;
#5386 = CARTESIAN_POINT ( 'NONE',  ( 36.91887491065311622, 39.11645134019176595, 208.4541397292010458 ) ) ;
#5387 = CARTESIAN_POINT ( 'NONE',  ( -0.9340820867619217260, 47.39424894788419351, 209.0372510050042081 ) ) ;
#5388 = CARTESIAN_POINT ( 'NONE',  ( 47.31906922256367665, 15.57846502002442612, 326.4192049172317525 ) ) ;
#5389 = CARTESIAN_POINT ( 'NONE',  ( 3.106813406582527470, 37.29357649223072002, 84.16802902007778187 ) ) ;
#5390 = FACE_OUTER_BOUND ( 'NONE', #4322, .T. ) ;
#5391 = CARTESIAN_POINT ( 'NONE',  ( 2.558717127065790464E-14, 44.18889621422121650, 187.8683353890677097 ) ) ;
#5392 = EDGE_CURVE ( 'NONE', #6957, #369, #7145, .T. ) ;
#5393 = CARTESIAN_POINT ( 'NONE',  ( 2.512478394710995655, -1.256705077567221052, 529.6245464009108446 ) ) ;
#5394 = CARTESIAN_POINT ( 'NONE',  ( -39.19416884732452644, 38.12118259686899080, 206.6336462554845923 ) ) ;
#5395 = DIRECTION ( 'NONE',  ( 0.000000000000000000, -1.000000000000000000, 0.000000000000000000 ) ) ;
#5396 = CARTESIAN_POINT ( 'NONE',  ( 1.849534121738633852, 16.21802295602805799, -18.86953178114389829 ) ) ;
#5397 = CARTESIAN_POINT ( 'NONE',  ( 0.000000000000000000, 31.36851352753711808, 29.45516409742108621 ) ) ;
#5398 = CARTESIAN_POINT ( 'NONE',  ( -6.816458306920807786, 42.81441070352149580, 159.0737822690278165 ) ) ;
#5399 = B_SPLINE_SURFACE_WITH_KNOTS ( 'NONE', 3, 3, ( 
 ( #4525, #3827, #682, #6268, #7538, #104, #2619, #5082, #4358, #2029 ),
 ( #4487, #7620, #2535, #1452, #6952, #6824, #4998, #3265, #5745, #3786 ),
 ( #1289, #5120, #2068, #6997, #721, #6390, #3744, #848, #2496, #7492 ),
 ( #2180, #4642, #6430, #5205, #6543, #5241, #5827, #1570, #5938, #7116 ),
 ( #1494, #2258, #4032, #3423, #387, #4721, #3951, #2695, #7736, #3343 ),
 ( #5161, #4571, #6509, #974, #5902, #347, #5277, #3989, #7660, #271 ),
 ( #4607, #2735, #2218, #7041, #2850, #7699, #892, #4110, #5321, #2147 ),
 ( #7201, #2811, #7077, #6466, #7773, #5866, #4682, #7160, #2112, #932 ),
 ( #4071, #1008, #2773, #1530, #7812, #3463, #1613, #1655, #3384, #6581 ),
 ( #3307, #5789, #311, #236, #4305, #3500, #545, #5517, #4871, #1693 ),
 ( #2366, #3005, #7930, #6625, #1044, #6659, #3653, #1122, #6689, #4755 ),
 ( #2442, #4831, #1156, #6134, #4906, #4151, #428, #5434, #1082, #2404 ),
 ( #2293, #2963, #1766, #4230, #7318, #5477, #1735, #2892, #3540, #6019 ),
 ( #463, #7971, #7240, #5360, #4266, #6731, #1197, #7852, #5980, #4190 ),
 ( #3613, #7282, #501, #7889, #587, #3045, #6094, #7355, #1806, #7397 ),
 ( #1848, #6055, #2928, #5397, #2328, #4792, #3575, #55, #3816, #1929 ),
 ( #5644, #94, #2056, #5606, #6173, #669, #3128, #5072, #2522, #6940 ),
 ( #1236, #5559, #7609, #3252, #4986, #2563, #5025, #1402, #751, #6332 ),
 ( #5733, #3854, #1974, #4435, #7481, #7525, #13, #5109, #182, #4389 ),
 ( #6773, #3691, #6295, #2649, #2606, #7440, #6905, #1367, #3208, #5686 ),
 ( #628, #6858, #793, #1322, #134, #2483, #3732, #3083, #4948, #7570 ),
 ( #2018, #1888, #6813, #4475, #3776, #1276, #6210, #6257, #711, #3168 ),
 ( #4599, #7148, #1602, #2209, #301, #7106, #1440, #835, #963, #5194 ),
 ( #5309, #261, #5232, #3295, #7029, #7727, #3452, #6499, #2840, #3901 ),
 ( #338, #2172, #1483, #5777, #7069, #5930, #3940, #921, #6419, #3412 ),
 ( #6456, #2723, #880, #7689, #2686, #7802, #2138, #3979, #4631, #3372 ),
 ( #2763, #5148, #1557, #2800, #4020, #5268, #3333, #4559, #5893, #4670 ),
 ( #5815, #4060, #223, #6535, #377, #4512, #6982, #7647, #2100, #2398 ),
 ( #577, #3533, #4711, #1077, #457, #7274, #5470, #2320, #6651, #3035 ),
 ( #1799, #1112, #2999, #7964, #1727, #7190, #4783, #3645, #4748, #3569 ),
 ( #1149, #4861, #4183, #2920, #7233, #6011, #421, #5510, #5388, #6048 ),
 ( #7882, #1645, #4141, #6616, #535, #494, #7346, #2954, #4099, #1037 ),
 ( #6719, #5424, #7923, #2360, #4260, #4221, #1188, #6127, #1685, #5352 ),
 ( #2250, #2883, #7843, #6572, #4825, #2285, #7312, #1760, #6684, #3606 ),
 ( #3491, #6085, #5969, #5595, #2005, #3, #3844, #3766, #1227, #2473 ),
 ( #1268, #701, #6166, #6322, #6931, #6201, #124, #3239, #2432, #7514 ),
 ( #3807, #621, #6847, #1312, #1964, #3160, #5548, #7999, #46, #2594 ),
 ( #84, #3075, #4941, #4464, #1392, #4425, #5018, #7432, #6893, #4341 ),
 ( #1357, #3117, #6806, #740, #3724, #657, #2514, #5062, #7473, #7562 ),
 ( #5676, #6286, #3197, #1921, #4378, #2270, #6521, #5722, #1096, #1582 ),
 ( #7597, #321, #6557, #4768, #7827, #4168, #2636, #7173, #1669, #3475 ),
 ( #4735, #5373, #2905, #2784, #944, #170, #7866, #6477, #5877, #7254 ),
 ( #5251, #3435, #7785, #360, #2235, #1629, #2045, #2823, #4085, #1022 ),
 ( #7746, #1708, #5952, #6971, #2189, #6595, #398, #4652, #7127, #4502 ),
 ( #2867, #7217, #4044, #4124, #3999, #441, #1059, #3516, #5993, #2306 ),
 ( #6667, #5453, #6788, #5491, #6069, #1821, #6186, #7371, #4360, #1745 ),
 ( #4281, #3668, #642, #2498, #4203, #2941, #7983, #3589, #4922, #5410 ),
 ( #2417, #6750, #1211, #4885, #5531, #4244, #7904, #516, #2978, #4844 ) ),
 .UNSPECIFIED., .F., .F., .F.,
 ( 4, 3, 1, 1, 1, 1, 1, 1, 1, 1, 1, 1, 1, 1, 1, 1, 1, 1, 1, 1, 1, 1, 1, 1, 1, 3, 1, 1, 1, 1, 1, 1, 1, 1, 1, 1, 1, 1, 1, 1, 1, 4 ),
 ( 4, 3, 1, 1, 1, 4 ),
 ( 0.4847573055477913950, 0.4990857812012456374, 0.5032524761466716789, 0.5074191710920973319, 0.5115858660375233180, 0.5157525609829490820, 0.5199192559283750681, 0.5240859508738008321, 0.5324193407646525822, 0.5407527306555042212, 0.5490861205463560824, 0.5574195104372077214, 0.5657529003280594715, 0.5740862902189111105, 0.5824196801097627496, 0.5990864598914662498, 0.6157532396731697499, 0.6324200194548732501, 0.6490867992365765282, 0.6657535790182800284, 0.6824203587999835285, 0.6990871385816868067, 0.7157539183633904178, 0.7324206981450935849, 0.7490874779267970851, 0.7657542577085005853, 0.7934811804762516019, 0.8212081032440026185, 0.8350715646278780158, 0.8489350260117537461, 0.8627984873956292544, 0.8766619487795048737, 0.8905254101633801600, 0.9043888715472557793, 0.9182523329311313987, 0.9321157943150069070, 0.9459792556988821932, 0.9598427170827579236, 0.9737061784666334319, 0.9806379091585710750, 0.9841037745045400076, 0.9875696398505088291 ),
 ( -0.01000000000000000021, 0.000000000000000000, 0.03502224838491098391, 0.09383257832149248523, 0.1938325783214923659, 1.000000000000000000 ),
 .UNSPECIFIED. ) ;
#5400 = CARTESIAN_POINT ( 'NONE',  ( 22.54374937448066163, 27.56174673895884908, 54.62861001813051587 ) ) ;
#5401 = CARTESIAN_POINT ( 'NONE',  ( 31.83688587722395624, 36.46076737855642591, 156.8179440895367236 ) ) ;
#5402 = CARTESIAN_POINT ( 'NONE',  ( -21.94185693488388367, 37.46534168822807942, 125.6496688811248248 ) ) ;
#5403 = EDGE_CURVE ( 'NONE', #5645, #6042, #4250, .T. ) ;
#5404 = CARTESIAN_POINT ( 'NONE',  ( 6.814411576723173880, 46.50797352682411656, 230.8815100217026668 ) ) ;
#5405 = CARTESIAN_POINT ( 'NONE',  ( -10.87137964986494865, 12.27380154565681281, 466.5267389959417415 ) ) ;
#5406 = DIRECTION ( 'NONE',  ( -0.000000000000000000, -0.005235963831417887390, -0.9999862922474268556 ) ) ;
#5407 = EDGE_CURVE ( 'NONE', #2057, #4007, #4594, .T. ) ;
#5408 = CARTESIAN_POINT ( 'NONE',  ( 3.066662445442872365, 43.83285165301852260, 205.8542147485816258 ) ) ;
#5409 = CARTESIAN_POINT ( 'NONE',  ( -6.635576956857332398, 39.69658477832656018, 111.3737267334885814 ) ) ;
#5410 = CARTESIAN_POINT ( 'NONE',  ( 149.9999999999998579, -5.139754097654222420, 439.4216061485305431 ) ) ;
#5411 = ORIENTED_EDGE ( 'NONE', *, *, #6346, .F. ) ;
#5412 = CARTESIAN_POINT ( 'NONE',  ( -2.177870899758768797, 40.22581148224816872, 109.4740708833820833 ) ) ;
#5413 = CARTESIAN_POINT ( 'NONE',  ( 2.546057378257033932, 34.45886955982916078, 42.11624028194231784 ) ) ;
#5414 = CARTESIAN_POINT ( 'NONE',  ( 39.05835238344336346, 26.00629093788133872, 65.02907959871579635 ) ) ;
#5415 = CARTESIAN_POINT ( 'NONE',  ( -49.06417272001105800, 29.16463068100256706, 187.6998463610378280 ) ) ;
#5416 = CARTESIAN_POINT ( 'NONE',  ( -1.649437573462356754, 40.21924920216152088, 320.0000000000000568 ) ) ;
#5418 = VERTEX_POINT ( 'NONE', #6374 ) ;
#5417 = CARTESIAN_POINT ( 'NONE',  ( 0.3817386966902039380, 40.50982932861347052, 109.2426241707382388 ) ) ;
#5419 = CARTESIAN_POINT ( 'NONE',  ( 41.86736718527676970, 30.86366961639959428, 138.5509334093737266 ) ) ;
#5420 = DIRECTION ( 'NONE',  ( -1.000000000000000000, 0.000000000000000000, 0.000000000000000000 ) ) ;
#5421 = CARTESIAN_POINT ( 'NONE',  ( -6.462515037236397752, 29.74886045500375431, 43.23802714783032286 ) ) ;
#5422 = CARTESIAN_POINT ( 'NONE',  ( 0.000000000000000000, 140.4685101547768227, 158.1866202483506640 ) ) ;
#5423 = CARTESIAN_POINT ( 'NONE',  ( 7.318364664277154930E-14, 44.03830431302345261, 210.3156457726300630 ) ) ;
#5424 = CARTESIAN_POINT ( 'NONE',  ( -1.005968528606214107, 32.03284778517833331, 380.7173133528380049 ) ) ;
#5425 = VECTOR ( 'NONE', #2689, 1000.000000000000000 ) ;
#5426 = CARTESIAN_POINT ( 'NONE',  ( 43.87703489051275341, 28.01767961464163648, 121.1703322537150740 ) ) ;
#5427 = CARTESIAN_POINT ( 'NONE',  ( 3.152666119270945089, 43.67753256974977916, 215.5868996673863194 ) ) ;
#5428 = CARTESIAN_POINT ( 'NONE',  ( -0.7315842355799940799, -9.573308037895744249, 557.6533037653249494 ) ) ;
#5429 = CARTESIAN_POINT ( 'NONE',  ( -32.83717416366979336, 40.77583032539788377, 210.9823958526795309 ) ) ;
#5430 = LINE ( 'NONE', #2364, #6362 ) ;
#5431 = VECTOR ( 'NONE', #6010, 1000.000000000000000 ) ;
#5432 = CARTESIAN_POINT ( 'NONE',  ( -150.0000000000000284, 11.30624670738853510, 229.7266311706955264 ) ) ;
#5433 = APPLICATION_PROTOCOL_DEFINITION ( 'draft international standard', 'automotive_design', 1998, #7783 ) ;
#5435 = EDGE_LOOP ( 'NONE', ( #5280, #4852, #1788, #4177 ) ) ;
#5434 = CARTESIAN_POINT ( 'NONE',  ( 84.37654678365758798, 7.016731582859186744, 78.37539727634437270 ) ) ;
#5436 = CARTESIAN_POINT ( 'NONE',  ( 41.20063482607532990, 24.02519603175413465, 81.52183347648796996 ) ) ;
#5437 = VERTEX_POINT ( 'NONE', #1553 ) ;
#5438 = VECTOR ( 'NONE', #1316, 1000.000000000000000 ) ;
#5439 = CARTESIAN_POINT ( 'NONE',  ( -0.04456271635739999376, 42.46911583896250875, 133.0652366755853961 ) ) ;
#5440 = CARTESIAN_POINT ( 'NONE',  ( -10.04578611950417866, 40.24626424246233114, 125.6496688811246401 ) ) ;
#5441 = CARTESIAN_POINT ( 'NONE',  ( 1.897151511910303734, 46.91140964979707206, 229.3722862163716343 ) ) ;
#5442 = CARTESIAN_POINT ( 'NONE',  ( -2.088373853475112618, 20.02118164067743322, 444.1606853142330920 ) ) ;
#5443 =( BOUNDED_SURFACE ( )  B_SPLINE_SURFACE ( 3, 2, ( 
 ( #1684, #533, #4098 ),
 ( #6571, #6047, #4824 ),
 ( #7232, #6534, #5387 ),
 ( #7311, #3568, #3490 ),
 ( #1759, #5307, #5469 ),
 ( #1600, #5967, #1076 ),
 ( #1148, #3532, #7881 ),
 ( #2319, #2998, #4782 ),
 ( #7963, #1726, #7801 ),
 ( #2397, #4182, #7147 ),
 ( #4059, #4710, #1036 ),
 ( #420, #2882, #6165 ),
 ( #7513, #7345, #4940 ),
 ( #3723, #6200, #7998 ),
 ( #4860, #2471, #1963 ),
 ( #2513, #576, #1838 ) ),
 .UNSPECIFIED., .F., .F., .T. ) 
 B_SPLINE_SURFACE_WITH_KNOTS ( ( 4, 2, 2, 2, 2, 2, 2, 4 ),
 ( 3, 3 ),
 ( -1.734723475976807094E-18, 0.0006263355286690947205, 0.001252671057338191176, 0.001879006586007287739, 0.002505342114676384086, 0.003131677643345480433, 0.003758013172014577213, 0.005010684229352769907 ),
 ( 0.000000000000000000, 1.000000000000000000 ),
 .UNSPECIFIED. ) 
 GEOMETRIC_REPRESENTATION_ITEM ( )  RATIONAL_B_SPLINE_SURFACE ( (
 ( 1.000000000000000000, 0.7014168260485751372, 1.000000000000000000),
 ( 1.000000000000000000, 0.6995744850121289327, 1.000000000000000000),
 ( 1.000000000000000000, 0.6977695212106183043, 1.000000000000000000),
 ( 1.000000000000000000, 0.6941557071660966471, 1.000000000000000000),
 ( 1.000000000000000000, 0.6923265358712237250, 1.000000000000000000),
 ( 1.000000000000000000, 0.6887336132372258168, 1.000000000000000000),
 ( 1.000000000000000000, 0.6870161031773509563, 1.000000000000000000),
 ( 1.000000000000000000, 0.6836973425960173323, 1.000000000000000000),
 ( 1.000000000000000000, 0.6820944818621456074, 1.000000000000000000),
 ( 1.000000000000000000, 0.6791451487444947199, 1.000000000000000000),
 ( 1.000000000000000000, 0.6778182052337505814, 1.000000000000000000),
 ( 1.000000000000000000, 0.6754677042816087384, 1.000000000000000000),
 ( 1.000000000000000000, 0.6744718720100881804, 1.000000000000000000),
 ( 1.000000000000000000, 0.6721115829841731726, 1.000000000000000000),
 ( 1.000000000000000000, 0.6714208126114816766, 1.000000000000000000),
 ( 1.000000000000000000, 0.6718120075627984633, 1.000000000000000000) ) ) 
 REPRESENTATION_ITEM ( '' )  SURFACE ( )  );
#5444 = DIRECTION ( 'NONE',  ( 0.000000000000000000, -1.000000000000000000, 0.000000000000000000 ) ) ;
#5445 = CARTESIAN_POINT ( 'NONE',  ( 0.000000000000000000, 42.59248601773754928, 122.6496688811247111 ) ) ;
#5446 = AXIS2_PLACEMENT_3D ( 'NONE', #3662, #7324, #1053 ) ;
#5447 = FACE_OUTER_BOUND ( 'NONE', #991, .T. ) ;
#5448 = CARTESIAN_POINT ( 'NONE',  ( -1.052559937667438383, 44.16574883596299372, 192.0962543169629839 ) ) ;
#5449 = VECTOR ( 'NONE', #3003, 1000.000000000000000 ) ;
#5450 = CARTESIAN_POINT ( 'NONE',  ( -7.182069076493386106, -7.765377059782173852, 549.2849336186909568 ) ) ;
#5451 = CARTESIAN_POINT ( 'NONE',  ( 0.4217533618813472107, 39.70507108418998143, 100.6910122597934958 ) ) ;
#5452 = EDGE_CURVE ( 'NONE', #4404, #4845, #7065, .T. ) ;
#5453 = CARTESIAN_POINT ( 'NONE',  ( -1.462097396393197579, -8.755891532203142091, 555.1105562664688478 ) ) ;
#5454 = ORIENTED_EDGE ( 'NONE', *, *, #7754, .T. ) ;
#5455 = CARTESIAN_POINT ( 'NONE',  ( 0.3239978746031991763, 40.53870300193528919, 109.1379545040837087 ) ) ;
#5456 = EDGE_CURVE ( 'NONE', #2678, #7119, #6452, .T. ) ;
#5457 = PRODUCT_DEFINITION_FORMATION_WITH_SPECIFIED_SOURCE ( 'ANY', '', #7231, .NOT_KNOWN. ) ;
#5458 = CARTESIAN_POINT ( 'NONE',  ( 1.578577519813644470, 40.94661473732806911, 79.90822356737034227 ) ) ;
#5459 = CARTESIAN_POINT ( 'NONE',  ( -32.83041601732361414, 37.12677886134064664, 210.9852142319369648 ) ) ;
#5460 = CARTESIAN_POINT ( 'NONE',  ( -13.89565711704575790, 43.38650797797856740, 278.5011269604131598 ) ) ;
#5462 = ORIENTED_EDGE ( 'NONE', *, *, #3828, .T. ) ;
#5461 = CARTESIAN_POINT ( 'NONE',  ( -0.2552796127009648308, 41.33778614201271040, 117.7456367083475612 ) ) ;
#5463 = CARTESIAN_POINT ( 'NONE',  ( 0.2756269980032870492, 43.96865732952680617, 214.8247283655521471 ) ) ;
#5464 = CARTESIAN_POINT ( 'NONE',  ( -2.774301182607950889, 16.29813119291236490, -18.81720599228084723 ) ) ;
#5465 = CARTESIAN_POINT ( 'NONE',  ( 0.8060695413331119275, 39.26801365468369198, 97.22245766396403610 ) ) ;
#5466 = DIRECTION ( 'NONE',  ( 1.000000000000000000, 0.000000000000000000, 0.000000000000000000 ) ) ;
#5467 = CARTESIAN_POINT ( 'NONE',  ( -43.48251464180317072, 24.82048088091934801, 94.52847084419713042 ) ) ;
#5468 = DIRECTION ( 'NONE',  ( 0.000000000000000000, -1.000000000000000000, 0.000000000000000000 ) ) ;
#5469 = CARTESIAN_POINT ( 'NONE',  ( -1.547500203495446147, 47.34511552392994815, 208.8947713478967785 ) ) ;
#5470 = CARTESIAN_POINT ( 'NONE',  ( 13.31731313304985065, 40.34142002891250200, 313.2908567742186392 ) ) ;
#5471 = CARTESIAN_POINT ( 'NONE',  ( -0.4157206803865505229, 37.73941063613767710, 83.62620015764841241 ) ) ;
#5472 = DIRECTION ( 'NONE',  ( 0.000000000000000000, 0.000000000000000000, -1.000000000000000000 ) ) ;
#5473 = CARTESIAN_POINT ( 'NONE',  ( 2.562172481296778770, -9.718372356699223502, 557.8072730852924224 ) ) ;
#5474 = CARTESIAN_POINT ( 'NONE',  ( 1.097754699641573239E-14, 43.73125660884991106, 161.6931810761359998 ) ) ;
#5475 = CARTESIAN_POINT ( 'NONE',  ( 1.137783081270668850, 46.76369990517237341, 208.3661744145332761 ) ) ;
#5476 = CARTESIAN_POINT ( 'NONE',  ( 0.000000000000000000, 0.000000000000000000, 0.000000000000000000 ) ) ;
#5478 = ORIENTED_EDGE ( 'NONE', *, *, #1212, .F. ) ;
#5477 = CARTESIAN_POINT ( 'NONE',  ( 11.95892245156395362, 19.47318974129438018, -2.636757449170115120 ) ) ;
#5479 = CARTESIAN_POINT ( 'NONE',  ( -0.2858362893147029515, 32.18849763268229225, 49.65888201772675359 ) ) ;
#5480 = CARTESIAN_POINT ( 'NONE',  ( -17.91077268852857074, 40.40395828025138769, 154.0001945241503734 ) ) ;
#5481 = CARTESIAN_POINT ( 'NONE',  ( -0.2658801324999279236, 42.49540532844996932, 133.0572963933635435 ) ) ;
#5482 = CARTESIAN_POINT ( 'NONE',  ( -0.1703117198989723691, 47.46562279059622824, 208.4485850156220863 ) ) ;
#5483 = CARTESIAN_POINT ( 'NONE',  ( -1.083397896708238717, 47.10800371953739329, 228.9848588130912788 ) ) ;
#5484 = CARTESIAN_POINT ( 'NONE',  ( 0.000000000000000000, 13.75622029850556061, 472.5436863909573617 ) ) ;
#5485 = LINE ( 'NONE', #7978, #286 ) ;
#5486 = CARTESIAN_POINT ( 'NONE',  ( -8.212831456577696088E-15, 44.00394914640106236, 212.1825541888416637 ) ) ;
#5487 = CARTESIAN_POINT ( 'NONE',  ( 0.3087721197069598356, 44.22131555746675957, 203.4371419031151902 ) ) ;
#5488 = LINE ( 'NONE', #4277, #4914 ) ;
#5489 = CARTESIAN_POINT ( 'NONE',  ( 2.177296947288516193, -4.542331835814525043, 541.4227397640479467 ) ) ;
#5490 = CARTESIAN_POINT ( 'NONE',  ( -7.775679208033551504, 38.63396268523023025, 103.4310045912050668 ) ) ;
#5491 = CARTESIAN_POINT ( 'NONE',  ( 0.000000000000000000, -8.823511411159953965, 555.1857276250582345 ) ) ;
#5492 = ORIENTED_EDGE ( 'NONE', *, *, #7595, .F. ) ;
#5493 = CARTESIAN_POINT ( 'NONE',  ( -36.58505384868496435, 34.36902473110814782, 151.9266289684611877 ) ) ;
#5494 = VERTEX_POINT ( 'NONE', #5264 ) ;
#5495 = CARTESIAN_POINT ( 'NONE',  ( -51.70263860078125617, 19.26326618461806461, 258.1664659383015419 ) ) ;
#5496 = EDGE_CURVE ( 'NONE', #6193, #6584, #4241, .T. ) ;
#5497 = B_SPLINE_CURVE_WITH_KNOTS ( 'NONE', 3,
 ( #6575, #7885, #6654, #5391 ),
 .UNSPECIFIED., .F., .F.,
 ( 4, 4 ),
 ( 0.1814583397158075206, 0.2076901053868109581 ),
 .UNSPECIFIED. ) ;
#5498 = DIRECTION ( 'NONE',  ( 1.000000000000000000, 0.000000000000000000, 0.000000000000000000 ) ) ;
#5499 = ORIENTED_EDGE ( 'NONE', *, *, #1257, .F. ) ;
#5500 = CARTESIAN_POINT ( 'NONE',  ( 0.9490617160165060184, 42.54358218907552924, 298.1207295063137508 ) ) ;
#5501 = CARTESIAN_POINT ( 'NONE',  ( -8.822325477228174506, 42.91043633887806408, 171.8303285579100361 ) ) ;
#5502 = ORIENTED_EDGE ( 'NONE', *, *, #5915, .F. ) ;
#5503 = CARTESIAN_POINT ( 'NONE',  ( -1.766877480964753611, 28.41324036064381175, 17.19561693595092322 ) ) ;
#5504 = LINE ( 'NONE', #1182, #2984 ) ;
#5505 = CARTESIAN_POINT ( 'NONE',  ( -8.966662445441768270, 43.24284350512597541, 199.5159835995207231 ) ) ;
#5506 = CARTESIAN_POINT ( 'NONE',  ( 0.2721041209304846942, 30.55369904747144005, 41.21848353296582701 ) ) ;
#5507 = CARTESIAN_POINT ( 'NONE',  ( 45.95965009189017536, 31.16272714924198439, 125.6496688811247253 ) ) ;
#5508 = EDGE_CURVE ( 'NONE', #6174, #56, #3850, .T. ) ;
#5509 = CARTESIAN_POINT ( 'NONE',  ( 0.3968604504902096264, 41.96694321030496866, 126.2443705332876362 ) ) ;
#5510 = CARTESIAN_POINT ( 'NONE',  ( 42.82036082025610568, 32.84028577497314672, 328.7149750000689892 ) ) ;
#5511 = CARTESIAN_POINT ( 'NONE',  ( 6.507065319015288729, 43.32672867745229439, 216.8095703413563911 ) ) ;
#5512 = CARTESIAN_POINT ( 'NONE',  ( 5.464759468020171873, 43.50509757435047220, 212.6617321076849976 ) ) ;
#5513 = CARTESIAN_POINT ( 'NONE',  ( 0.000000000000000000, 140.4842180462710530, 161.1865791250929192 ) ) ;
#5514 = CARTESIAN_POINT ( 'NONE',  ( -0.000000000000000000, 42.58778130680296670, 94.54483785002985030 ) ) ;
#5515 = CARTESIAN_POINT ( 'NONE',  ( 0.000000000000000000, 42.86056831700848591, 161.6977400310335895 ) ) ;
#5516 = CARTESIAN_POINT ( 'NONE',  ( -1.146769735279868030, 46.84802417386053719, 208.3811568086220802 ) ) ;
#5518 = ORIENTED_EDGE ( 'NONE', *, *, #772, .T. ) ;
#5517 = CARTESIAN_POINT ( 'NONE',  ( 85.69083615468348114, 1.184676353268040661, 66.40827568370886524 ) ) ;
#5519 = CARTESIAN_POINT ( 'NONE',  ( -0.1479011894024702123, 32.17155572631957483, 49.65205579558342208 ) ) ;
#5520 = ORIENTED_EDGE ( 'NONE', *, *, #106, .F. ) ;
#5521 = CARTESIAN_POINT ( 'NONE',  ( -12.51053590417972217, 41.38079234975585763, 150.2116627403439395 ) ) ;
#5522 = CARTESIAN_POINT ( 'NONE',  ( -0.5302990733815206026, 43.11547748925668344, 144.9166303197529544 ) ) ;
#5523 = DIRECTION ( 'NONE',  ( 0.000000000000000000, -0.9999451834084188695, -0.01047044308056617815 ) ) ;
#5524 = CARTESIAN_POINT ( 'NONE',  ( 13.42993013484968756, 41.72605030748574251, 299.6411483311551933 ) ) ;
#5525 = CARTESIAN_POINT ( 'NONE',  ( 0.000000000000000000, 2.926735556036303532, 515.0430825616978154 ) ) ;
#5526 = FACE_OUTER_BOUND ( 'NONE', #2380, .T. ) ;
#5527 = CARTESIAN_POINT ( 'NONE',  ( -3.335770872489703276, -10.08423850523609744, -61.08048033209797012 ) ) ;
#5528 = DIRECTION ( 'NONE',  ( 0.000000000000000000, 0.005235963831417927289, 0.9999862922474268556 ) ) ;
#5529 = CARTESIAN_POINT ( 'NONE',  ( -35.66697731966415574, -11.64039430091011873, 495.5372216640326997 ) ) ;
#5530 = CARTESIAN_POINT ( 'NONE',  ( -0.2230571950042307405, 39.62459802188583069, 100.6961456474222842 ) ) ;
#5531 = CARTESIAN_POINT ( 'NONE',  ( 2.562910308763635570, -10.10991166068970415, 559.0556826788819080 ) ) ;
#5532 = VERTEX_POINT ( 'NONE', #5105 ) ;
#5533 = CARTESIAN_POINT ( 'NONE',  ( -10.31144182482017158, 39.11378308796710712, 113.2996130869223492 ) ) ;
#5534 = CARTESIAN_POINT ( 'NONE',  ( 0.000000000000000000, 43.71089409265118064, 105.2394046492437667 ) ) ;
#5535 = VERTEX_POINT ( 'NONE', #3936 ) ;
#5536 = CARTESIAN_POINT ( 'NONE',  ( 0.9419369969250757091, 38.87366631406933948, 332.0309586039868464 ) ) ;
#5537 = EDGE_CURVE ( 'NONE', #1583, #2457, #4538, .T. ) ;
#5538 = ORIENTED_EDGE ( 'NONE', *, *, #2433, .T. ) ;
#5539 = DIRECTION ( 'NONE',  ( -1.000000000000000000, 0.000000000000000000, 0.000000000000000000 ) ) ;
#5540 = CARTESIAN_POINT ( 'NONE',  ( 27.66326358064004864, 13.52599411192533374, -1.587463340206875628 ) ) ;
#5541 = B_SPLINE_CURVE_WITH_KNOTS ( 'NONE', 3,
 ( #989, #366, #7753, #3521 ),
 .UNSPECIFIED., .F., .F.,
 ( 4, 4 ),
 ( 0.000000000000000000, 0.0005940712269790211341 ),
 .UNSPECIFIED. ) ;
#5542 = B_SPLINE_CURVE_WITH_KNOTS ( 'NONE', 3,
 ( #7309, #1758, #6681, #7187, #4258, #7344 ),
 .UNSPECIFIED., .F., .F.,
 ( 4, 2, 4 ),
 ( 0.1453083576661289289, 0.1618805072923874544, 0.1784526569186460077 ),
 .UNSPECIFIED. ) ;
#5543 = CARTESIAN_POINT ( 'NONE',  ( 5.464712794159235720, 42.86056831700848591, 161.6977400310335895 ) ) ;
#5544 = CARTESIAN_POINT ( 'NONE',  ( -7.885465724467748849, 31.18425548383369517, 52.46377024075248130 ) ) ;
#5545 = PLANE ( 'NONE',  #2737 ) ;
#5546 = CARTESIAN_POINT ( 'NONE',  ( 7.311264929626632103, 40.97697353611277293, 128.7631847640133174 ) ) ;
#5547 = CARTESIAN_POINT ( 'NONE',  ( 0.2535747200407998392, 41.94974035443492255, 126.2457881842643559 ) ) ;
#5548 = CARTESIAN_POINT ( 'NONE',  ( 11.54106037115949945, 18.89842486944788291, 438.8770723758824488 ) ) ;
#5549 = EDGE_CURVE ( 'NONE', #399, #7319, #5228, .T. ) ;
#5550 = CARTESIAN_POINT ( 'NONE',  ( -0.2896035927104385621, 38.78407528246099645, 92.15686746142388586 ) ) ;
#5551 = CARTESIAN_POINT ( 'NONE',  ( 41.50725250184586201, 33.60784175131259133, 125.6496688811246116 ) ) ;
#5552 = CARTESIAN_POINT ( 'NONE',  ( 43.95965009189017536, 30.33988575092048379, 125.6496688811247253 ) ) ;
#5553 = ADVANCED_FACE ( 'NONE', ( #489 ), #6007, .F. ) ;
#5554 = MANIFOLD_SOLID_BREP ( 'Lustro1[2]', #1307 ) ;
#5555 = CARTESIAN_POINT ( 'NONE',  ( 2.998894493888452750, 46.84802417386053719, 206.5337240110004586 ) ) ;
#5556 = DIRECTION ( 'NONE',  ( 0.000000000000000000, 0.000000000000000000, -1.000000000000000000 ) ) ;
#5557 = CARTESIAN_POINT ( 'NONE',  ( -45.57108383004835872, 30.91616100142127621, 120.9178266072664911 ) ) ;
#5558 = PRESENTATION_LAYER_ASSIGNMENT (  '', '', ( #4142 ) ) ;
#5560 = VERTEX_POINT ( 'NONE', #6567 ) ;
#5559 = CARTESIAN_POINT ( 'NONE',  ( -1.646572234496929799, 37.62464340957060926, 58.81954004802969393 ) ) ;
#5561 = CARTESIAN_POINT ( 'NONE',  ( 4.144407140083289143, 30.02825860342468189, 42.12142796581873228 ) ) ;
#5562 = ORIENTED_EDGE ( 'NONE', *, *, #6496, .T. ) ;
#5563 = CARTESIAN_POINT ( 'NONE',  ( 20.89831155422233877, 40.97010476223421449, 190.8155927646771204 ) ) ;
#5564 = CARTESIAN_POINT ( 'NONE',  ( -15.32984081842600688, 40.90188102381210200, 152.0398947296793040 ) ) ;
#5565 = CARTESIAN_POINT ( 'NONE',  ( 41.33302968505914521, 32.97251127034650153, 173.3855202608173443 ) ) ;
#5566 = CARTESIAN_POINT ( 'NONE',  ( -13.12388218419876118, 45.96321100637539558, 214.0493121098461415 ) ) ;
#5567 = CARTESIAN_POINT ( 'NONE',  ( 1.925100097286686074, 25.85227023461058238, 415.2282052245307113 ) ) ;
#5568 = CARTESIAN_POINT ( 'NONE',  ( 1.434789889613982350, -1.011398729720650369, 529.3086085165732584 ) ) ;
#5569 = AXIS2_PLACEMENT_3D ( 'NONE', #6650, #3604, #2953 ) ;
#5570 = CARTESIAN_POINT ( 'NONE',  ( -8.700276638711796906, 43.12864966517705767, 212.8970381941021230 ) ) ;
#5571 = CARTESIAN_POINT ( 'NONE',  ( 1.913171683458406047, -24.72062763175912892, -76.21716178040844625 ) ) ;
#5572 = CARTESIAN_POINT ( 'NONE',  ( 2.927717217722735299, 47.23589859368286881, 207.9782904502817189 ) ) ;
#5573 = CARTESIAN_POINT ( 'NONE',  ( -35.60447105139471802, -13.62282190332221887, 502.3110443960222824 ) ) ;
#5574 = CARTESIAN_POINT ( 'NONE',  ( -42.40733376104111585, 30.20192635663012837, 134.9141662587683754 ) ) ;
#5575 = AXIS2_PLACEMENT_3D ( 'NONE', #5639, #4261, #2436 ) ;
#5576 = CARTESIAN_POINT ( 'NONE',  ( -32.89178247024806723, 26.24054940983693385, 51.50960319821990652 ) ) ;
#5577 = ORIENTED_EDGE ( 'NONE', *, *, #6496, .F. ) ;
#5578 = CARTESIAN_POINT ( 'NONE',  ( -5.883518503245654507, 39.74199646788341767, 110.9154722088632639 ) ) ;
#5579 = ORIENTED_EDGE ( 'NONE', *, *, #1466, .T. ) ;
#5580 = CARTESIAN_POINT ( 'NONE',  ( -59.97550560955480847, 34.43158503966466810, 201.9292928342558184 ) ) ;
#5581 = CIRCLE ( 'NONE', #4422, 0.5999999999999980904 ) ;
#5582 = CIRCLE ( 'NONE', #2114, 0.5999999999999979794 ) ;
#5583 = CARTESIAN_POINT ( 'NONE',  ( -2.558717127065790464E-14, 110.3999999999999773, 187.8683353890677097 ) ) ;
#5584 = CARTESIAN_POINT ( 'NONE',  ( -13.31731313304985065, 39.58377582248513704, 320.0000000000000568 ) ) ;
#5586 = VERTEX_POINT ( 'NONE', #1640 ) ;
#5585 = CARTESIAN_POINT ( 'NONE',  ( -0.4173256925539102213, 41.96939810237161339, 126.2443333161405121 ) ) ;
#5587 = CARTESIAN_POINT ( 'NONE',  ( 1.897887140548182083, -1.930630389853631890, -51.65318905880917555 ) ) ;
#5588 = CARTESIAN_POINT ( 'NONE',  ( 11.32133923080468918, 30.04935886603911399, 33.43650446410281063 ) ) ;
#5589 = DIRECTION ( 'NONE',  ( 0.000000000000000000, 0.000000000000000000, 1.000000000000000000 ) ) ;
#5590 = CARTESIAN_POINT ( 'NONE',  ( -0.1555653036061865613, 44.05524179513451344, 208.4485850156317213 ) ) ;
#5591 = CARTESIAN_POINT ( 'NONE',  ( 0.3487962551904564279, 28.71654871783937324, 32.83802033842306400 ) ) ;
#5592 = CARTESIAN_POINT ( 'NONE',  ( -0.4666624454429739166, 46.83002249555136132, 208.4485850156316360 ) ) ;
#5593 = CARTESIAN_POINT ( 'NONE',  ( -3.268646977093212946, 11.48290530004461019, -28.67737780092130606 ) ) ;
#5594 = DIRECTION ( 'NONE',  ( -1.000000000000000000, 0.000000000000000000, 0.000000000000000000 ) ) ;
#5595 = CARTESIAN_POINT ( 'NONE',  ( 0.000000000000000000, 25.90249749234719445, 415.3909803479844527 ) ) ;
#5596 = CARTESIAN_POINT ( 'NONE',  ( 3.823873145752447300, 37.20086989049149651, 84.44363631797659764 ) ) ;
#5597 = CARTESIAN_POINT ( 'NONE',  ( 43.13952530005918362, 32.47809387523883373, 202.3870698862610311 ) ) ;
#5598 = SURFACE_STYLE_USAGE ( .BOTH. , #1924 ) ;
#5599 = PLANE ( 'NONE',  #7792 ) ;
#5600 = CARTESIAN_POINT ( 'NONE',  ( 1.775404981749483246, 43.81174109905075653, 208.1215005247044587 ) ) ;
#5601 = CARTESIAN_POINT ( 'NONE',  ( 0.1751725819262916206, 35.22849908528539231, 66.58751872502158164 ) ) ;
#5602 = CARTESIAN_POINT ( 'NONE',  ( -6.507065319015288729, 43.32672867745229439, 216.8095703413563911 ) ) ;
#5603 = DIRECTION ( 'NONE',  ( 0.000000000000000000, -0.005235963831414302584, -0.9999862922474268556 ) ) ;
#5604 = ADVANCED_FACE ( 'NONE', ( #3487 ), #7307, .F. ) ;
#5605 = CARTESIAN_POINT ( 'NONE',  ( 0.000000000000000000, 29.60772684600566151, 44.25520149868791719 ) ) ;
#5607 = ORIENTED_EDGE ( 'NONE', *, *, #6603, .F. ) ;
#5606 = CARTESIAN_POINT ( 'NONE',  ( 0.000000000000000000, 34.15347802815850997, 41.94911547631893001 ) ) ;
#5608 = CARTESIAN_POINT ( 'NONE',  ( -0.3906803196440752912, 33.83464652330572164, 58.10490640109080829 ) ) ;
#5609 = CARTESIAN_POINT ( 'NONE',  ( -0.4362199267309621598, 44.30603211663226659, 191.8872061873827306 ) ) ;
#5610 = CARTESIAN_POINT ( 'NONE',  ( -0.1493049208350169799, 43.07188283540511975, 144.9289593892576136 ) ) ;
#5611 = CARTESIAN_POINT ( 'NONE',  ( 3.050222097947229205, 47.30767769047504601, 190.1289325589598604 ) ) ;
#5612 = CARTESIAN_POINT ( 'NONE',  ( 42.82036082025610568, 34.45865616707600765, 314.7613887647807474 ) ) ;
#5613 = CARTESIAN_POINT ( 'NONE',  ( -35.61029944830622895, -13.34155306713987343, 501.3379992237896090 ) ) ;
#5614 = CARTESIAN_POINT ( 'NONE',  ( 0.000000000000000000, 45.30957078689160511, 125.6496679993297505 ) ) ;
#5615 = CARTESIAN_POINT ( 'NONE',  ( -150.0000000000000284, -0.1700441024495829567, 208.5255278475402463 ) ) ;
#5616 = CARTESIAN_POINT ( 'NONE',  ( -39.83570236460563763, 22.37346977414276950, 69.16083407968436347 ) ) ;
#5617 = CARTESIAN_POINT ( 'NONE',  ( -1.146769735279868030, 43.86679528997784416, 187.9357635960772654 ) ) ;
#5618 = CARTESIAN_POINT ( 'NONE',  ( -7.928852987484191317, 37.70848995180050167, 94.97672797841545389 ) ) ;
#5619 = CARTESIAN_POINT ( 'NONE',  ( 0.000000000000000000, 43.51960684546740765, 103.5993536916105171 ) ) ;
#5620 = ORIENTED_EDGE ( 'NONE', *, *, #1257, .T. ) ;
#5621 = CARTESIAN_POINT ( 'NONE',  ( -33.75719699133005491, 34.28550461562807072, 135.9341989142781983 ) ) ;
#5622 = CARTESIAN_POINT ( 'NONE',  ( -52.51231461823631719, 36.78377033823687015, 237.1480678699628015 ) ) ;
#5623 = CARTESIAN_POINT ( 'NONE',  ( -0.1727715687104881548, 47.58534326589072094, 187.2655660539892040 ) ) ;
#5624 = CARTESIAN_POINT ( 'NONE',  ( 0.000000000000000000, 42.59248601773754928, 128.6496688811247111 ) ) ;
#5625 = CARTESIAN_POINT ( 'NONE',  ( -51.14854028299649258, 8.032565948868031214, 369.8610693905080211 ) ) ;
#5627 = ORIENTED_EDGE ( 'NONE', *, *, #6194, .T. ) ;
#5626 = CARTESIAN_POINT ( 'NONE',  ( -0.3354588427878761880, 41.95957481025243396, 126.2447140976799886 ) ) ;
#5628 = CARTESIAN_POINT ( 'NONE',  ( -18.48859690428658453, 39.69617482154153976, 142.6763467765686357 ) ) ;
#5629 = CARTESIAN_POINT ( 'NONE',  ( -0.2660445695146709255, 40.53154005278906169, 109.1378732784382493 ) ) ;
#5630 = CARTESIAN_POINT ( 'NONE',  ( -56.33277253066618329, -0.7343208053013621228, 208.3958578420063645 ) ) ;
#5631 = CARTESIAN_POINT ( 'NONE',  ( 3.094001100202671495, 27.87474874546403569, 16.86073679022653593 ) ) ;
#5632 = SURFACE_STYLE_USAGE ( .BOTH. , #4856 ) ;
#5633 = CARTESIAN_POINT ( 'NONE',  ( 0.4018873262272664726, 28.72274279970556066, 32.84157838874761381 ) ) ;
#5634 = CARTESIAN_POINT ( 'NONE',  ( -42.23929188499872112, 24.51093428128917040, 87.90909422625890102 ) ) ;
#5635 = CARTESIAN_POINT ( 'NONE',  ( 25.78828168197237858, 37.61596070762795563, 142.6486045512835403 ) ) ;
#5636 = CARTESIAN_POINT ( 'NONE',  ( -4.770772710122012761, 41.32116224480089528, 127.5351157783044584 ) ) ;
#5637 = CARTESIAN_POINT ( 'NONE',  ( -0.3984630740809138594, 38.79774524162379379, 92.16024172617589727 ) ) ;
#5638 = CARTESIAN_POINT ( 'NONE',  ( 45.95965009189017536, 31.16272714924198439, 125.6496688811247253 ) ) ;
#5639 = CARTESIAN_POINT ( 'NONE',  ( -7.500000000000000000, 24.87581779792214576, 23.34527260323320164 ) ) ;
#5640 = CARTESIAN_POINT ( 'NONE',  ( -0.000000000000000000, 40.59155161074659901, 79.95797442593624282 ) ) ;
#5641 = CARTESIAN_POINT ( 'NONE',  ( -43.87703489051275341, 28.01767961464163648, 121.1703322537150740 ) ) ;
#5642 = CARTESIAN_POINT ( 'NONE',  ( 43.95965009189017536, 30.33988575092048379, 128.6496688811247111 ) ) ;
#5643 = CARTESIAN_POINT ( 'NONE',  ( -39.83570236460562342, 15.00000000000000000, 69.16083407968430663 ) ) ;
#5645 = VERTEX_POINT ( 'NONE', #5926 ) ;
#5644 = CARTESIAN_POINT ( 'NONE',  ( -2.546057378257033932, 34.45886955982916078, 42.11624028194231784 ) ) ;
#5646 = CARTESIAN_POINT ( 'NONE',  ( 7.397051797667992368, 32.85896431121587113, 60.61987692104117542 ) ) ;
#5647 = CARTESIAN_POINT ( 'NONE',  ( 40.95020694412439610, 33.23664285062535129, 226.6674924162128377 ) ) ;
#5648 = ADVANCED_FACE ( 'NONE', ( #3564 ), #6044, .F. ) ;
#5649 = CARTESIAN_POINT ( 'NONE',  ( -0.4064764348197432708, 43.69047639757938839, 156.7842641941216755 ) ) ;
#5650 = CARTESIAN_POINT ( 'NONE',  ( 1.210032403082796693, 47.48769261092240157, 187.9537322648816087 ) ) ;
#5651 = CARTESIAN_POINT ( 'NONE',  ( 47.31906922256366244, 16.34140955976334197, 320.0000000000000568 ) ) ;
#5652 = CARTESIAN_POINT ( 'NONE',  ( -149.9999999999992042, -3.609269300846623008, 431.4188600312683661 ) ) ;
#5653 = CARTESIAN_POINT ( 'NONE',  ( -9.992902507358236264, 43.72814524514276968, 125.6496688811247253 ) ) ;
#5654 = CARTESIAN_POINT ( 'NONE',  ( -12.56828236095124929, -24.59226084328281203, -70.07999748860358125 ) ) ;
#5655 = CARTESIAN_POINT ( 'NONE',  ( 2.117524359208583284, 47.29966809864082933, 208.6377791026608577 ) ) ;
#5656 = CARTESIAN_POINT ( 'NONE',  ( -3.666662445442872009, 46.58797009215936669, 205.8542147485813985 ) ) ;
#5657 = CARTESIAN_POINT ( 'NONE',  ( 0.4157206803865505229, 37.73941063613767710, 83.62620015764841241 ) ) ;
#5658 = CARTESIAN_POINT ( 'NONE',  ( 0.000000000000000000, 40.74795199264384848, 79.83585004708851329 ) ) ;
#5659 = EDGE_CURVE ( 'NONE', #601, #2382, #3105, .T. ) ;
#5660 = VERTEX_POINT ( 'NONE', #1073 ) ;
#5661 = CARTESIAN_POINT ( 'NONE',  ( 0.5045753529647296620, 39.43271697437016599, 97.17203920724431043 ) ) ;
#5662 = CARTESIAN_POINT ( 'NONE',  ( -19.23958081385339014, 44.36215661290071921, 164.4211870057072531 ) ) ;
#5663 = EDGE_CURVE ( 'NONE', #467, #5560, #4545, .T. ) ;
#5664 = SURFACE_STYLE_USAGE ( .BOTH. , #5707 ) ;
#5665 = CARTESIAN_POINT ( 'NONE',  ( -12.20178374623678863, 24.99215593519244649, 410.8332455709494866 ) ) ;
#5666 = CARTESIAN_POINT ( 'NONE',  ( 0.5674389945973644656, 43.70817808776150315, 156.7775956478615456 ) ) ;
#5668 = ORIENTED_EDGE ( 'NONE', *, *, #4816, .T. ) ;
#5667 = CARTESIAN_POINT ( 'NONE',  ( 14.63825879790613449, 39.23625292108027196, 124.6228549669105945 ) ) ;
#5669 = CARTESIAN_POINT ( 'NONE',  ( -56.45112250455159142, -6.087123366960760507, 202.2480236927935380 ) ) ;
#5670 = CARTESIAN_POINT ( 'NONE',  ( 68.02388392350869140, 29.98456005054444162, 166.0820768548770161 ) ) ;
#5671 = CARTESIAN_POINT ( 'NONE',  ( 0.1695364691191852402, 47.45570544020873882, 209.0583716731009361 ) ) ;
#5672 = CARTESIAN_POINT ( 'NONE',  ( 1.325315780524090936, 31.42306977462209971, 46.81572406280406540 ) ) ;
#5673 = CARTESIAN_POINT ( 'NONE',  ( -0.5405869201988939832, 28.61137789526655340, 32.82282420584127891 ) ) ;
#5674 = CARTESIAN_POINT ( 'NONE',  ( 1.697371585504689362, 34.35707238260560814, 42.06053201340118619 ) ) ;
#5675 = CARTESIAN_POINT ( 'NONE',  ( 0.4389629589466393367, 41.97199249184298253, 126.2443193308934752 ) ) ;
#5676 = CARTESIAN_POINT ( 'NONE',  ( -1.996956094114173741, 10.46350476607578983, 486.5475114404366082 ) ) ;
#5677 = CARTESIAN_POINT ( 'NONE',  ( 24.89974172835702504, 33.89936965973987526, 99.09551553371925081 ) ) ;
#5678 = CARTESIAN_POINT ( 'NONE',  ( 36.95561291021273576, 35.77782376313858492, 125.6496688811245832 ) ) ;
#5679 = B_SPLINE_SURFACE_WITH_KNOTS ( 'NONE', 3, 1, ( 
 ( #6204, #1843 ),
 ( #4300, #1883 ),
 ( #4343, #2517 ),
 ( #6768, #6897 ) ),
 .UNSPECIFIED., .F., .F., .F.,
 ( 4, 4 ),
 ( 2, 2 ),
 ( 0.000000000000000000, 1.000000000000000000 ),
 ( 0.000000000000000000, 1.000000000000000000 ),
 .UNSPECIFIED. ) ;
#5680 = CARTESIAN_POINT ( 'NONE',  ( 3.066662445442871920, 47.24947755034641972, 205.8611414044654566 ) ) ;
#5681 = DIRECTION ( 'NONE',  ( 0.000000000000000000, 0.000000000000000000, -1.000000000000000000 ) ) ;
#5682 = DIRECTION ( 'NONE',  ( 1.000000000000000000, 0.000000000000000000, 0.000000000000000000 ) ) ;
#5683 = CARTESIAN_POINT ( 'NONE',  ( -7.869878013836567376, 35.43204619178587933, 77.88934413379934085 ) ) ;
#5684 = CARTESIAN_POINT ( 'NONE',  ( 0.4666624454429742497, 46.95419416596109130, 187.2683353890677438 ) ) ;
#5685 = CARTESIAN_POINT ( 'NONE',  ( 21.94185693488388367, 37.46534168822807942, 125.6496688811248248 ) ) ;
#5687 = ORIENTED_EDGE ( 'NONE', *, *, #2543, .T. ) ;
#5686 = CARTESIAN_POINT ( 'NONE',  ( 149.9999999999997442, 16.09349136664861390, 256.0566200932159404 ) ) ;
#5688 = CARTESIAN_POINT ( 'NONE',  ( -0.1626930495204702010, 33.80626642674950233, 58.09305665699815791 ) ) ;
#5689 = CARTESIAN_POINT ( 'NONE',  ( -0.2897359416560671974, 44.29257931929760161, 191.9004582732296740 ) ) ;
#5690 = B_SPLINE_CURVE_WITH_KNOTS ( 'NONE', 3,
 ( #64, #1411, #6181, #5033, #7578, #2616, #761, #3138, #3092, #6949 ),
 .UNSPECIFIED., .F., .F.,
 ( 4, 2, 2, 2, 4 ),
 ( 0.06591736601336294077, 0.08576511392655444821, 0.09568898788315018111, 0.1056128618397459140, 0.1453083576661289289 ),
 .UNSPECIFIED. ) ;
#5691 = CARTESIAN_POINT ( 'NONE',  ( 1.114239384173033365, 43.52040005230691122, 156.9543620034599201 ) ) ;
#5692 = CARTESIAN_POINT ( 'NONE',  ( 0.5249420706862313324, 47.55428866429248558, 187.8683353890676528 ) ) ;
#5693 = CARTESIAN_POINT ( 'NONE',  ( 6.000466035610237725, 31.94043151699632688, 379.5629847736018405 ) ) ;
#5694 = CARTESIAN_POINT ( 'NONE',  ( 0.7032787781051501597, 2.973172933655187311, 514.9865767782636112 ) ) ;
#5695 = CARTESIAN_POINT ( 'NONE',  ( 1.000000000000015987, 43.59248601773754928, 128.6496688811247111 ) ) ;
#5696 = DIRECTION ( 'NONE',  ( 8.372382998680531115E-17, -1.000000000000000000, 0.000000000000000000 ) ) ;
#5697 = CARTESIAN_POINT ( 'NONE',  ( -1.825322226245776225, 43.52798288825258766, 161.6942454245747740 ) ) ;
#5698 = CARTESIAN_POINT ( 'NONE',  ( 1.000000000000015987, 43.59248601773754928, 125.6496688811247253 ) ) ;
#5699 = CARTESIAN_POINT ( 'NONE',  ( 0.3549297582790901240, 38.79227892575239167, 92.15871896648509676 ) ) ;
#5700 = CARTESIAN_POINT ( 'NONE',  ( -0.1904157182346306598, 26.59370752707045682, 24.53713278037068335 ) ) ;
#5701 = CARTESIAN_POINT ( 'NONE',  ( 5.072128695999405856, 43.41011454546662662, 170.0676384547313944 ) ) ;
#5702 = ORIENTED_EDGE ( 'NONE', *, *, #115, .F. ) ;
#5703 = CARTESIAN_POINT ( 'NONE',  ( -14.12662989957080839, 37.41823953465267039, 103.6157370788013168 ) ) ;
#5704 = CARTESIAN_POINT ( 'NONE',  ( -15.55331741631335696, 45.35218854345084338, 234.3705618064915370 ) ) ;
#5705 = CARTESIAN_POINT ( 'NONE',  ( -2.983025533779638749, 46.64507039293376067, 189.7888445223217104 ) ) ;
#5706 = EDGE_CURVE ( 'NONE', #5884, #1198, #5384, .T. ) ;
#5707 = SURFACE_SIDE_STYLE ('',( #2625 ) ) ;
#5708 = VECTOR ( 'NONE', #2648, 1000.000000000000000 ) ;
#5709 = EDGE_CURVE ( 'NONE', #687, #7638, #3754, .T. ) ;
#5711 = ORIENTED_EDGE ( 'NONE', *, *, #496, .T. ) ;
#5710 = CARTESIAN_POINT ( 'NONE',  ( 4.206889010218221259, 40.77589974204551027, 118.7740175971679122 ) ) ;
#5712 = CARTESIAN_POINT ( 'NONE',  ( 7.473272571509059325, 40.65569649088671156, 123.7060501078672701 ) ) ;
#5713 = CARTESIAN_POINT ( 'NONE',  ( -12.46229530001277652, -2.572497710891440637, -46.23969499504121217 ) ) ;
#5714 = VECTOR ( 'NONE', #5843, 1000.000000000000000 ) ;
#5715 = CARTESIAN_POINT ( 'NONE',  ( 1.547500203494366344, 47.34511552393038869, 208.8947713478735011 ) ) ;
#5716 = CARTESIAN_POINT ( 'NONE',  ( 29.38567166270431130, 23.05388067150135001, 47.25983946610949715 ) ) ;
#5717 = CARTESIAN_POINT ( 'NONE',  ( 0.2837273864319290184, 26.60456186948221102, 24.54364196518744379 ) ) ;
#5718 = CARTESIAN_POINT ( 'NONE',  ( -24.45514282142428186, 34.03033067479747587, 71.95588844210854518 ) ) ;
#5719 = AXIS2_PLACEMENT_3D ( 'NONE', #6131, #2959, #6623 ) ;
#5720 = CARTESIAN_POINT ( 'NONE',  ( -37.07382004291610400, 34.35577642175571356, 158.1531266890019367 ) ) ;
#5721 = VECTOR ( 'NONE', #1317, 1000.000000000000000 ) ;
#5722 = CARTESIAN_POINT ( 'NONE',  ( 37.43434600815625402, 3.497723437920143397, 446.0507749091595429 ) ) ;
#5724 = ORIENTED_EDGE ( 'NONE', *, *, #272, .T. ) ;
#5723 = CARTESIAN_POINT ( 'NONE',  ( 43.15696473706449154, 29.17462103056950085, 128.0334676114744923 ) ) ;
#5725 = CARTESIAN_POINT ( 'NONE',  ( 9.992902507358236264, 43.72814524514276968, 125.6496688811247253 ) ) ;
#5726 = ORIENTED_EDGE ( 'NONE', *, *, #2437, .T. ) ;
#5727 = CARTESIAN_POINT ( 'NONE',  ( 87.16474666623552991, -18.22885969961632213, 41.61352295269925605 ) ) ;
#5728 = CARTESIAN_POINT ( 'NONE',  ( -0.4928401149751197585, 36.23037153433266866, 73.22707867932723502 ) ) ;
#5729 = CARTESIAN_POINT ( 'NONE',  ( -8.966662445441933471, 43.12864966517708609, 212.8970381941021515 ) ) ;
#5730 = CARTESIAN_POINT ( 'NONE',  ( -8.007688699475490779, 34.18353867412523073, 69.45057880608149503 ) ) ;
#5731 = CARTESIAN_POINT ( 'NONE',  ( 48.29812752918638097, 33.54346625270795101, 191.6673315795659676 ) ) ;
#5732 = CARTESIAN_POINT ( 'NONE',  ( 47.41400113168730712, 28.05056191291043177, 144.9364004704856939 ) ) ;
#5734 = ORIENTED_EDGE ( 'NONE', *, *, #7950, .T. ) ;
#5733 = CARTESIAN_POINT ( 'NONE',  ( -2.367866279720466594, 41.04594610967017587, 79.94441032751126386 ) ) ;
#5735 = CARTESIAN_POINT ( 'NONE',  ( 1.403479634784894792, 33.61263295392708983, 58.19252124241918267 ) ) ;
#5736 = CARTESIAN_POINT ( 'NONE',  ( 3.408777080412554117, 43.76797032871665749, 181.0742043376092170 ) ) ;
#5737 = CARTESIAN_POINT ( 'NONE',  ( -4.687806185425848149, 41.88047316250839458, 134.3329385194881525 ) ) ;
#5738 = CARTESIAN_POINT ( 'NONE',  ( -0.5137848086918769264, 43.70227752309995850, 156.7798185115875356 ) ) ;
#5739 = CYLINDRICAL_SURFACE ( 'NONE', #2352, 1.000000000000000222 ) ;
#5740 = CARTESIAN_POINT ( 'NONE',  ( 13.31731313304985065, 40.34142002891250200, 313.2908567742186392 ) ) ;
#5741 = CARTESIAN_POINT ( 'NONE',  ( -46.66372885059913500, 34.46892834322856203, 196.4195398845035641 ) ) ;
#5742 = CARTESIAN_POINT ( 'NONE',  ( 8.795409177669759160, 43.12517931502189583, 212.2342561932642013 ) ) ;
#5743 = CARTESIAN_POINT ( 'NONE',  ( -150.0000000000000568, 3.860833271709796399, 212.5989338358691612 ) ) ;
#5744 = CARTESIAN_POINT ( 'NONE',  ( 2.466478939058954101, 47.27201194336765866, 208.4064366394262890 ) ) ;
#5745 = CARTESIAN_POINT ( 'NONE',  ( 56.50313792499103016, -10.80253914119058045, 197.8140775424655544 ) ) ;
#5746 = CARTESIAN_POINT ( 'NONE',  ( -6.554056582153574340, 37.89810180486042412, 94.24574089301256663 ) ) ;
#5747 = CARTESIAN_POINT ( 'NONE',  ( 2.675938609117602951, 26.27144699080756496, 24.88670562812880149 ) ) ;
#5748 = B_SPLINE_CURVE_WITH_KNOTS ( 'NONE', 3,
 ( #4058, #3331, #5230, #2170, #5731, #4629, #4510, #6980, #5812, #5775, #1438, #258, #2720, #5190, #2395, #7270, #4097, #4139, #5386, #6009, #7880, #1796, #1683, #4859, #6569, #2838, #2318, #3489 ),
 .UNSPECIFIED., .F., .F.,
 ( 4, 2, 2, 2, 2, 2, 2, 2, 2, 2, 2, 2, 2, 4 ),
 ( 0.000000000000000000, 0.006096219031379800611, 0.009144328547069700483, 0.01219243806275960122, 0.01524054757844950196, 0.01676460233629445754, 0.01828865709413941137, 0.02438487612551929959, 0.02743298564120927666, 0.03048109515689925025, 0.03657731418827919745, 0.03962542370396917452, 0.04267353321965915158, 0.04876975225103910572 ),
 .UNSPECIFIED. ) ;
#5749 = CARTESIAN_POINT ( 'NONE',  ( 14.34831546755199305, 42.05659129418643261, 174.8800468489623086 ) ) ;
#5750 = ORIENTED_EDGE ( 'NONE', *, *, #7941, .F. ) ;
#5751 = CARTESIAN_POINT ( 'NONE',  ( -4.262935847960567237, 37.40427115155296889, 86.14273107040344257 ) ) ;
#5752 = CARTESIAN_POINT ( 'NONE',  ( -43.14658061911373466, 35.50342271598734101, 304.1660564602935892 ) ) ;
#5753 = CARTESIAN_POINT ( 'NONE',  ( 45.95965009189017536, 31.21514816738373099, 125.6496688811248106 ) ) ;
#5754 = CARTESIAN_POINT ( 'NONE',  ( 1.192598390898780503, 20.17127465771984873, 444.2396516818456007 ) ) ;
#5755 = CARTESIAN_POINT ( 'NONE',  ( -5.391161752328090806, 42.39496714226764595, 146.5282425022909081 ) ) ;
#5756 = B_SPLINE_SURFACE_WITH_KNOTS ( 'NONE', 3, 3, ( 
 ( #6221, #5571, #4444, #2617, #7490, #5654, #2533, #3139, #4996, #2027 ),
 ( #1858, #4398, #1246, #638, #7536, #25, #5034, #1898, #6867, #5615 ),
 ( #6744, #2494, #6144, #3093, #7452, #1986, #3741, #6914, #680, #1207 ),
 ( #3663, #596, #1333, #3055, #5527, #4916, #4317, #6783, #3700, #6182 ),
 ( #5276, #4030, #5118, #7619, #3421, #5203, #2067, #5160, #6429, #7039 ),
 ( #3342, #6342, #2110, #4569, #1493, #6508, #4523, #345, #7698, #5743 ),
 ( #5240, #7076, #3305, #6995, #3263, #2772, #891, #1529, #845, #5787 ),
 ( #971, #3950, #1450, #2146, #3912, #6388, #7734, #234, #3988, #7658 ),
 ( #5825, #4606, #7772, #2694, #3864, #6464, #930, #2179, #3382, #4641 ),
 ( #5863, #309, #7115, #1569, #5901, #2809, #804, #4485, #6950, #1412 ),
 ( #192, #2658, #4939, #4069, #5593, #5978, #4680, #1043, #427, #7239 ),
 ( #6624, #5396, #1006, #2292, #4754, #1692, #4338, #4720, #6199, #2327 ),
 ( #7200, #2960, #4791, #2891, #1653, #3461, #500, #7281, #1734, #6579 ),
 ( #386, #7429, #7158, #4150, #1120, #3574, #6054, #5319, #4108, #5432 ),
 ( #5358, #8034, #1878, #6804, #1611, #2849, #1266, #3721, #167, #7634 ),
 ( #699, #1919, #4460, #5016, #1427, #6844, #1310, #2003, #782, #3237 ),
 ( #2043, #5674, #3762, #7512, #1961, #1354, #4421, #6969, #6247, #6891 ),
 ( #4543, #3805, #3157, #3321, #122, #6284, #5718, #2592, #7560, #3842 ),
 ( #1472, #2634, #3885, #5095, #7594, #4500, #865, #44, #6367, #824 ),
 ( #2512, #3283, #5763, #211, #2674, #6445, #6483, #7752, #326, #2196 ),
 ( #7679, #3401, #5882, #2790, #7831, #5842, #1675, #1590, #7058, #291 ),
 ( #7093, #4050, #1510, #4130, #4739, #4005, #5957, #1065, #250, #5293 ),
 ( #5256, #6526, #4657, #7133, #909, #7717, #1027, #988, #2753, #3441 ),
 ( #5919, #6601, #3965, #7222, #365, #2828, #2871, #5803, #3357, #5179 ),
 ( #5221, #7177, #2128, #2162, #7788, #2240, #4699, #1633, #4088, #952 ),
 ( #4621, #1546, #6560, #3479, #406, #5340, #2275, #2711, #4588, #6075 ),
 ( #1910, #7335, #4815, #4289, #4851, #6116, #5460, #4329, #648, #7376 ),
 ( #2422, #5500, #7990, #3103, #3635, #7301, #1829, #1141, #523, #7419 ),
 ( #3674, #1789, #4891, #6757, #1219, #6642, #7953, #6040, #2987, #2387 ),
 ( #1175, #6795, #567, #1102, #5416, #7464, #5584, #6156, #607, #3066 ),
 ( #3595, #5536, #8024, #2461, #2350, #4930, #1871, #3710, #1256, #483 ),
 ( #6191, #2503, #4971, #3560, #2947, #7912, #1750, #4210, #6673, #1298 ),
 ( #244, #6881, #776, #1343, #3273, #5128, #6316, #2582, #3794, #112 ),
 ( #5171, #7550, #3836, #2036, #6925, #3149, #1995, #5007, #6962, #204 ),
 ( #7626, #731, #4410, #5089, #3228, #1421, #5665, #7008, #5625, #3877 ),
 ( #2078, #6357, #3187, #2545, #4533, #1948, #2704, #4454, #6834, #1385 ),
 ( #817, #5754, #1462, #3922, #6277, #6397, #856, #7672, #4367, #4614 ),
 ( #5912, #283, #7086, #2865, #4694, #943, #1540, #902, #396, #6519 ),
 ( #3396, #5876, #2747, #4733, #7050, #2188, #359, #983, #3434, #5215 ),
 ( #5333, #4043, #3998, #2822, #7215, #5288, #2903, #320, #1056, #2233 ),
 ( #1667, #3514, #2782, #1503, #7171, #5250, #5950, #6440, #7745, #1627 ),
 ( #4121, #4651, #6593, #5991, #7825, #4083, #5371, #7124, #1581, #6555 ),
 ( #1019, #439, #2939, #7981, #3665, #4842, #6147, #6665, #7902, #3627 ),
 ( #5489, #1133, #2452, #7251, #6108, #598, #3057, #1819, #3587, #4166 ),
 ( #1705, #6184, #6067, #4766, #2975, #5450, #4242, #5529, #2377, #6703 ),
 ( #1167, #7409, #557, #8016, #4918, #3016, #2339, #4319, #1862, #2415 ),
 ( #7369, #4278, #1094, #640, #6785, #6748, #3702, #7864, #6635, #1209 ),
 ( #3553, #4807, #6032, #7293, #7581, #4446, #3141, #5573, #3180, #194 ) ),
 .UNSPECIFIED., .F., .F., .F.,
 ( 4, 3, 1, 1, 1, 1, 1, 1, 1, 1, 1, 1, 1, 1, 1, 1, 1, 1, 1, 1, 1, 1, 1, 1, 1, 3, 1, 1, 1, 1, 1, 1, 1, 1, 1, 1, 1, 1, 1, 1, 1, 4 ),
 ( 4, 3, 1, 1, 1, 4 ),
 ( 0.4847573055477913950, 0.4990857812012456374, 0.5032524761466716789, 0.5074191710920973319, 0.5115858660375233180, 0.5157525609829490820, 0.5199192559283750681, 0.5240859508738008321, 0.5324193407646525822, 0.5407527306555042212, 0.5490861205463560824, 0.5574195104372077214, 0.5657529003280594715, 0.5740862902189111105, 0.5824196801097627496, 0.5990864598914662498, 0.6157532396731697499, 0.6324200194548732501, 0.6490867992365765282, 0.6657535790182800284, 0.6824203587999835285, 0.6990871385816868067, 0.7157539183633904178, 0.7324206981450935849, 0.7490874779267970851, 0.7657542577085005853, 0.7934811804762516019, 0.8212081032440026185, 0.8350715646278780158, 0.8489350260117537461, 0.8627984873956292544, 0.8766619487795048737, 0.8905254101633801600, 0.9043888715472557793, 0.9182523329311313987, 0.9321157943150069070, 0.9459792556988821932, 0.9598427170827579236, 0.9737061784666334319, 0.9806379091585710750, 0.9841037745045400076, 0.9875696398505088291 ),
 ( -0.01000000000000000021, 0.000000000000000000, 0.03502224838491098391, 0.09383257832149248523, 0.1938325783214923659, 1.000000000000000000 ),
 .UNSPECIFIED. ) ;
#5757 = CARTESIAN_POINT ( 'NONE',  ( 2.820546398810834354, 41.57202036098292552, 126.7857209149602937 ) ) ;
#5758 = CARTESIAN_POINT ( 'NONE',  ( -0.1554090677336924797, 41.64678354182220232, 121.1114095634052887 ) ) ;
#5759 = EDGE_CURVE ( 'NONE', #7828, #3673, #6081, .T. ) ;
#5760 = CARTESIAN_POINT ( 'NONE',  ( 1.904943872151217965, -9.951894290560517220, -61.04478972313617646 ) ) ;
#5761 = CARTESIAN_POINT ( 'NONE',  ( 38.65417775653946109, 21.94635152145152901, 63.51377170649949733 ) ) ;
#5762 = CARTESIAN_POINT ( 'NONE',  ( 0.02270544502666119874, 28.67772733616434166, 32.81907671481382494 ) ) ;
#5763 = CARTESIAN_POINT ( 'NONE',  ( 0.7461940103012556502, 43.80372440424493874, 105.2564511888949568 ) ) ;
#5764 = CARTESIAN_POINT ( 'NONE',  ( -0.2032259538433572876, 41.28160808009332072, 117.7612475671141397 ) ) ;
#5766 = ORIENTED_EDGE ( 'NONE', *, *, #1370, .F. ) ;
#5765 = CARTESIAN_POINT ( 'NONE',  ( -0.3573846340941198019, 39.69704936580215104, 100.6892903059945041 ) ) ;
#5767 = EDGE_CURVE ( 'NONE', #1870, #1294, #1713, .T. ) ;
#5768 = ORIENTED_EDGE ( 'NONE', *, *, #6682, .T. ) ;
#5769 = CARTESIAN_POINT ( 'NONE',  ( -2.853196301606920837, -5.731608919956029169, -56.50461328002980821 ) ) ;
#5770 = CARTESIAN_POINT ( 'NONE',  ( -2.704637789588524743, 43.69390305239785022, 169.1518475570265991 ) ) ;
#5771 = CARTESIAN_POINT ( 'NONE',  ( 0.000000000000000000, 43.59248601773754928, 128.6496688811247111 ) ) ;
#5772 = CARTESIAN_POINT ( 'NONE',  ( 6.005015594473364082, 42.84486170921906734, 158.6980263216222227 ) ) ;
#5773 = CARTESIAN_POINT ( 'NONE',  ( 0.2203882565096915991, 35.23416324703044467, 66.58889763887897573 ) ) ;
#5774 = ADVANCED_FACE ( 'NONE', ( #2836 ), #5302, .T. ) ;
#5775 = CARTESIAN_POINT ( 'NONE',  ( 45.55714058771309283, 35.05360530465038948, 198.6361801565789733 ) ) ;
#5776 = CARTESIAN_POINT ( 'NONE',  ( 0.000000000000000000, 44.59248601773754928, 128.6496688811247111 ) ) ;
#5778 = ORIENTED_EDGE ( 'NONE', *, *, #2783, .T. ) ;
#5777 = CARTESIAN_POINT ( 'NONE',  ( 0.000000000000000000, 47.03654387356198185, 229.1256845389213481 ) ) ;
#5779 = CARTESIAN_POINT ( 'NONE',  ( 14.18120868405252288, 31.93191867532917172, 64.78672742979955501 ) ) ;
#5780 = CARTESIAN_POINT ( 'NONE',  ( -0.07476466723809407910, 44.20147516159072154, 203.4635326077552975 ) ) ;
#5781 = CARTESIAN_POINT ( 'NONE',  ( 4.973804309468448537, 42.44922665877091106, 146.3405840936668767 ) ) ;
#5782 = CARTESIAN_POINT ( 'NONE',  ( -19.57372214606865057, 41.22380910052544323, 214.0493121098461700 ) ) ;
#5783 = CARTESIAN_POINT ( 'NONE',  ( 0.5142015829932919946, 44.17919913926343867, 180.2216261414487519 ) ) ;
#5784 = CARTESIAN_POINT ( 'NONE',  ( 2.172075125309121724, 16.89621306203804707, 458.4249543244469578 ) ) ;
#5785 = CARTESIAN_POINT ( 'NONE',  ( 0.000000000000000000, 43.59248601773754928, 122.6496688811247111 ) ) ;
#5786 = CARTESIAN_POINT ( 'NONE',  ( 0.8087640766215772326, 44.11018225537815596, 187.8683353890677381 ) ) ;
#5787 = CARTESIAN_POINT ( 'NONE',  ( -150.0000000000000284, 4.861445216433631700, 214.0141223977753668 ) ) ;
#5788 = CARTESIAN_POINT ( 'NONE',  ( 7.500000000000000000, 24.87581779792214576, 23.34527260323320164 ) ) ;
#5789 = CARTESIAN_POINT ( 'NONE',  ( -1.878238518609093521, 8.033333812045590605, -35.84821112819088995 ) ) ;
#5790 = CARTESIAN_POINT ( 'NONE',  ( -4.620196790949894883, 35.86251913622646015, 76.22616347147913984 ) ) ;
#5791 = CARTESIAN_POINT ( 'NONE',  ( -0.3303235793864645609, 26.60999443741172499, 24.54735099216829752 ) ) ;
#5792 = ORIENTED_EDGE ( 'NONE', *, *, #7749, .F. ) ;
#5793 = CARTESIAN_POINT ( 'NONE',  ( -20.79605534202208261, 34.88074639640734631, 97.00564384254009553 ) ) ;
#5794 = CARTESIAN_POINT ( 'NONE',  ( -5.873798239311764924, 35.98697079100605123, 353.7225482438468589 ) ) ;
#5795 = CARTESIAN_POINT ( 'NONE',  ( -5.464782804719563458, 43.50151392623327951, 212.8950858635551810 ) ) ;
#5796 = CARTESIAN_POINT ( 'NONE',  ( -0.6954082866474184943, 43.56771489846578049, 156.8908824466876695 ) ) ;
#5797 = CARTESIAN_POINT ( 'NONE',  ( 16.32820472261907341, 39.28237870455942726, 129.0445790045671686 ) ) ;
#5798 = CARTESIAN_POINT ( 'NONE',  ( 1.866611727019490408, 11.87816490467868569, -28.42495731499281675 ) ) ;
#5799 = B_SPLINE_CURVE_WITH_KNOTS ( 'NONE', 3,
 ( #7732, #2107, #3948, #5238 ),
 .UNSPECIFIED., .F., .F.,
 ( 4, 4 ),
 ( 2.220446049250313081E-16, 0.01539158859555753329 ),
 .UNSPECIFIED. ) ;
#5800 = CARTESIAN_POINT ( 'NONE',  ( 2.187377882989505196E-14, 43.63286535125890708, 158.6936551324427569 ) ) ;
#5801 = CARTESIAN_POINT ( 'NONE',  ( 26.01029351360121566, 23.75428891968878986, 44.01518090383350312 ) ) ;
#5802 = DIRECTION ( 'NONE',  ( -0.000000000000000000, -0.000000000000000000, 1.000000000000000000 ) ) ;
#5803 = CARTESIAN_POINT ( 'NONE',  ( -52.51231461823631719, 36.78377033823687015, 237.1480678699628015 ) ) ;
#5804 = CARTESIAN_POINT ( 'NONE',  ( 0.4021344055080351976, 40.60704979473250376, 109.2205735589334950 ) ) ;
#5806 = ORIENTED_EDGE ( 'NONE', *, *, #6740, .F. ) ;
#5805 = CARTESIAN_POINT ( 'NONE',  ( 10.44288910722660368, 38.26041020803937442, 104.8617255701134354 ) ) ;
#5807 = VERTEX_POINT ( 'NONE', #3110 ) ;
#5808 = CARTESIAN_POINT ( 'NONE',  ( -0.9538432379601403666, -14.88770259644060800, -66.09957415697023464 ) ) ;
#5809 = LINE ( 'NONE', #5771, #1972 ) ;
#5810 = FACE_OUTER_BOUND ( 'NONE', #5941, .T. ) ;
#5811 = CARTESIAN_POINT ( 'NONE',  ( -3.322269119238386192, 31.75121227868651985, 50.23247075633206293 ) ) ;
#5812 = CARTESIAN_POINT ( 'NONE',  ( 46.24720666150945192, 34.69234499057586874, 197.3204526716033342 ) ) ;
#5813 = EDGE_CURVE ( 'NONE', #1140, #7972, #4903, .T. ) ;
#5814 = CARTESIAN_POINT ( 'NONE',  ( -2.063807534392926968, 43.81174109905075653, 207.9293656221694562 ) ) ;
#5816 = ORIENTED_EDGE ( 'NONE', *, *, #1024, .F. ) ;
#5815 = CARTESIAN_POINT ( 'NONE',  ( -1.423592574024759250, 42.54900955428178833, 298.0807919074272831 ) ) ;
#5817 = CARTESIAN_POINT ( 'NONE',  ( 1.007180111889490082, 35.08076942479503657, 66.63612503058416792 ) ) ;
#5818 = EDGE_CURVE ( 'NONE', #2501, #2638, #85, .T. ) ;
#5819 = CARTESIAN_POINT ( 'NONE',  ( 0.01856406591467356718, 44.19348525860551291, 203.4754272543707145 ) ) ;
#5820 = CARTESIAN_POINT ( 'NONE',  ( -5.464712794159227727, 140.7486342197576619, 211.6858868835880116 ) ) ;
#5821 = CARTESIAN_POINT ( 'NONE',  ( -5.670844760524749617, 43.50005719562575024, 181.9865804280521218 ) ) ;
#5822 = CARTESIAN_POINT ( 'NONE',  ( -1.788897586348170865, 20.19855326254756278, 444.2540033977297185 ) ) ;
#5823 = CARTESIAN_POINT ( 'NONE',  ( -4.035349159710969857, 41.31211090880582759, 125.6496688811248106 ) ) ;
#5824 = CARTESIAN_POINT ( 'NONE',  ( 0.5246593421263852086, 47.55137746071891058, 187.2654246439283270 ) ) ;
#5825 = CARTESIAN_POINT ( 'NONE',  ( 2.828850581790790741, 5.001803398302538284, -41.24894196002799873 ) ) ;
#5826 = DIRECTION ( 'NONE',  ( -0.000000000000000000, -0.000000000000000000, 1.000000000000000000 ) ) ;
#5827 = CARTESIAN_POINT ( 'NONE',  ( 28.53909880752624773, -10.68040278824253164, -41.02084576645206937 ) ) ;
#5828 = CARTESIAN_POINT ( 'NONE',  ( -35.31348384059965895, 31.53247868720991676, 112.6537336032796901 ) ) ;
#5829 = CARTESIAN_POINT ( 'NONE',  ( 5.765491611762167068, 28.00778354283583482, 34.47927601084473537 ) ) ;
#5830 = ORIENTED_EDGE ( 'NONE', *, *, #2628, .T. ) ;
#5831 = CARTESIAN_POINT ( 'NONE',  ( -1.323236023834682529, 37.78073448526563993, 85.27179629661384297 ) ) ;
#5832 = CARTESIAN_POINT ( 'NONE',  ( -1.316609496952878322, 47.20928880869866617, 155.6670790133530033 ) ) ;
#5833 = CARTESIAN_POINT ( 'NONE',  ( -47.38663189115487739, 17.64475135442224030, 308.9228235057746019 ) ) ;
#5834 = CARTESIAN_POINT ( 'NONE',  ( -0.5249420706862313324, 47.55428866429248558, 187.8683353890676528 ) ) ;
#5835 = DIRECTION ( 'NONE',  ( 0.000000000000000000, 1.000000000000000000, -0.000000000000000000 ) ) ;
#5836 = ORIENTED_EDGE ( 'NONE', *, *, #2583, .F. ) ;
#5837 = CARTESIAN_POINT ( 'NONE',  ( -0.4986895543083221805, 41.68853167478478383, 121.1101581135434913 ) ) ;
#5838 = CARTESIAN_POINT ( 'NONE',  ( -12.32604656146385480, 7.066535420415203994, -30.82130669073084661 ) ) ;
#5839 = VECTOR ( 'NONE', #6658, 1000.000000000000227 ) ;
#5840 = CARTESIAN_POINT ( 'NONE',  ( -15.01387908070908495, 24.82202245978825061, 32.06501678705751601 ) ) ;
#5841 = CARTESIAN_POINT ( 'NONE',  ( -31.29004893728617276, 37.23574513048534840, 233.9237701376939356 ) ) ;
#5842 = CARTESIAN_POINT ( 'NONE',  ( -9.038935942379033861, 44.65478929440413225, 133.3990811073386169 ) ) ;
#5843 = DIRECTION ( 'NONE',  ( 0.000000000000000000, 1.000000000000000000, 0.000000000000000000 ) ) ;
#5845 = ORIENTED_EDGE ( 'NONE', *, *, #5290, .F. ) ;
#5844 = CARTESIAN_POINT ( 'NONE',  ( -0.3359204079505164753, 39.69437375645151178, 100.6888687639811195 ) ) ;
#5846 = CARTESIAN_POINT ( 'NONE',  ( 12.53024648189237311, -15.07893345480093927, -60.27095919175482663 ) ) ;
#5847 = MANIFOLD_SOLID_BREP ( 'Zapas-PRINT 2025 — pins-2', #6994 ) ;
#5848 = CARTESIAN_POINT ( 'NONE',  ( 40.63680420335268906, 28.84994865377140627, 111.6072480254918133 ) ) ;
#5849 = CARTESIAN_POINT ( 'NONE',  ( 2.558717127065790464E-14, 46.99903241368054552, 187.8683353890677097 ) ) ;
#5850 = CARTESIAN_POINT ( 'NONE',  ( -4.775565042365249369, 33.19480214535429496, 59.26400410804205876 ) ) ;
#5851 = CARTESIAN_POINT ( 'NONE',  ( 0.8067805704859046800, 46.97260807575818831, 187.8683353890677097 ) ) ;
#5852 = AXIS2_PLACEMENT_3D ( 'NONE', #7438, #2015, #4983 ) ;
#5853 = VECTOR ( 'NONE', #384, 1000.000000000000000 ) ;
#5854 = CARTESIAN_POINT ( 'NONE',  ( -2.558717127065790464E-14, 46.86728270824515619, 208.4485850156316360 ) ) ;
#5855 = CARTESIAN_POINT ( 'NONE',  ( 1.741729438769013871, 34.98913069427066347, 66.76412490434121594 ) ) ;
#5856 = CARTESIAN_POINT ( 'NONE',  ( 32.20223243720680273, 37.20347048437674431, 224.6592420032624204 ) ) ;
#5857 = CARTESIAN_POINT ( 'NONE',  ( 1.573448402819587994E-14, 43.59248601773754928, 128.6496688811247111 ) ) ;
#5858 = CARTESIAN_POINT ( 'NONE',  ( -5.853336319562680856, 43.64474989055954524, 193.7153785728573041 ) ) ;
#5859 = EDGE_CURVE ( 'NONE', #6420, #2755, #5296, .T. ) ;
#5860 = CARTESIAN_POINT ( 'NONE',  ( 40.00984483757177657, 16.72124631380037485, 402.1504229787130384 ) ) ;
#5861 = CARTESIAN_POINT ( 'NONE',  ( -21.94185693488388367, 37.46534168822807942, 125.6496688811248248 ) ) ;
#5862 = CARTESIAN_POINT ( 'NONE',  ( -5.464782804719563458, 43.50151392623327951, 212.8950858635551810 ) ) ;
#5863 = CARTESIAN_POINT ( 'NONE',  ( 2.817357777913640060, 8.097330774758388472, -35.80875540050892170 ) ) ;
#5864 = CARTESIAN_POINT ( 'NONE',  ( 6.050914662495685548, 41.15021586131377518, 128.1336183590528321 ) ) ;
#5865 = DIRECTION ( 'NONE',  ( 0.000000000000000000, 0.000000000000000000, -1.000000000000000000 ) ) ;
#5866 = CARTESIAN_POINT ( 'NONE',  ( 12.42468602756070162, 0.8701743984461717263, -41.28002289990918428 ) ) ;
#5867 = CARTESIAN_POINT ( 'NONE',  ( -1.673148373524536048, 37.47587008819560594, 83.80042145866093506 ) ) ;
#5868 = CARTESIAN_POINT ( 'NONE',  ( -0.3023221115894526023, 28.71099644381102678, 32.83439919035195942 ) ) ;
#5869 = ORIENTED_EDGE ( 'NONE', *, *, #722, .F. ) ;
#5870 = CARTESIAN_POINT ( 'NONE',  ( 0.4928401149751197585, 36.23037153433266866, 73.22707867932723502 ) ) ;
#5871 = CARTESIAN_POINT ( 'NONE',  ( -1.578577519813644470, 40.94661473732806911, 79.90822356737034227 ) ) ;
#5872 = CARTESIAN_POINT ( 'NONE',  ( -1.649437573462356754, 40.21924920216152088, 320.0000000000000568 ) ) ;
#5873 = ADVANCED_FACE ( 'NONE', ( #7469 ), #1306, .F. ) ;
#5874 = CARTESIAN_POINT ( 'NONE',  ( -0.3937888668149036597, 32.51212710827751096, 34.84931210984620265 ) ) ;
#5875 = CARTESIAN_POINT ( 'NONE',  ( -1.408612794786728850, 44.07001452638805006, 203.7248423275139828 ) ) ;
#5876 = CARTESIAN_POINT ( 'NONE',  ( 1.287102454013295816, 13.83400975319627690, 472.5008445009838169 ) ) ;
#5877 = CARTESIAN_POINT ( 'NONE',  ( 58.62154318630234684, -4.489909763417698763, 423.0794994535144156 ) ) ;
#5878 = ORIENTED_EDGE ( 'NONE', *, *, #5452, .F. ) ;
#5879 = CARTESIAN_POINT ( 'NONE',  ( -3.147860296435570415, 24.32371408104542709, 4.633680387658797528 ) ) ;
#5880 = CARTESIAN_POINT ( 'NONE',  ( 0.9340820867596129062, 47.39424894788447062, 209.0372510049983248 ) ) ;
#5881 = CARTESIAN_POINT ( 'NONE',  ( -43.95965009189017536, 30.33988575092048379, 122.6496688811247111 ) ) ;
#5882 = CARTESIAN_POINT ( 'NONE',  ( 0.7020998398433726528, 45.86371172239648786, 130.5683831685448695 ) ) ;
#5883 = CARTESIAN_POINT ( 'NONE',  ( -42.95965009189016826, 30.33988575092048379, 128.6496688811247111 ) ) ;
#5884 = VERTEX_POINT ( 'NONE', #696 ) ;
#5885 = VERTEX_POINT ( 'NONE', #6888 ) ;
#5886 = CARTESIAN_POINT ( 'NONE',  ( 0.000000000000000000, -5.832248506198543403, -56.54747634531298672 ) ) ;
#5887 = CARTESIAN_POINT ( 'NONE',  ( 0.3500724089163927411, 37.90373587005856137, 85.17318296800412725 ) ) ;
#5888 = CARTESIAN_POINT ( 'NONE',  ( -3.066662445442872365, 110.3999999999999773, 190.4627056561177199 ) ) ;
#5889 = CARTESIAN_POINT ( 'NONE',  ( -37.16610986586072585, 27.74572975723627977, 90.29351796491941684 ) ) ;
#5890 = CARTESIAN_POINT ( 'NONE',  ( -0.4666624454429739166, 44.02985687234174605, 208.4485850156316360 ) ) ;
#5891 = B_SPLINE_CURVE_WITH_KNOTS ( 'NONE', 3,
 ( #4195, #2264, #6585, #3617 ),
 .UNSPECIFIED., .F., .F.,
 ( 4, 4 ),
 ( 0.000000000000000000, 1.000000000000000000 ),
 .UNSPECIFIED. ) ;
#5892 = CARTESIAN_POINT ( 'NONE',  ( -0.5904223920472085885, 15.00000000000000000, 34.84931210984616712 ) ) ;
#5893 = CARTESIAN_POINT ( 'NONE',  ( 47.66603692990846497, 18.68161657458673020, 299.3736835281314370 ) ) ;
#5894 = CARTESIAN_POINT ( 'NONE',  ( 3.958767835150443837, 34.71070189539629780, 67.44080427576369630 ) ) ;
#5895 = CARTESIAN_POINT ( 'NONE',  ( 41.78831225357067325, 33.23797010085574755, 196.7388177065772652 ) ) ;
#5896 = CARTESIAN_POINT ( 'NONE',  ( -3.066662445442872365, 46.63744080576727669, 190.4627056561177199 ) ) ;
#5897 = CARTESIAN_POINT ( 'NONE',  ( -20.89831155422233877, 40.97010476223421449, 190.8155927646771204 ) ) ;
#5898 = CARTESIAN_POINT ( 'NONE',  ( 38.04577553118386390, 6.899135327763927350, 435.0771627741435736 ) ) ;
#5899 = CARTESIAN_POINT ( 'NONE',  ( -47.73589961774708001, 33.87367153695082322, 193.6189920242501898 ) ) ;
#5900 = CARTESIAN_POINT ( 'NONE',  ( 0.000000000000000000, 45.30957078689160511, 125.6496679993297505 ) ) ;
#5901 = CARTESIAN_POINT ( 'NONE',  ( -3.289006796241746411, 7.681208134219242645, -36.06530541306337057 ) ) ;
#5902 = CARTESIAN_POINT ( 'NONE',  ( 3.330844985526232982, -5.949735992423210718, -56.59751504260918864 ) ) ;
#5903 = CARTESIAN_POINT ( 'NONE',  ( -0.4424623427963534916, 36.39130051082877060, 75.11225447951659362 ) ) ;
#5904 = EDGE_CURVE ( 'NONE', #6487, #6056, #615, .T. ) ;
#5905 = CARTESIAN_POINT ( 'NONE',  ( 0.3521520213161284940, 28.63346773284234459, 32.81581942396110207 ) ) ;
#5906 = EDGE_LOOP ( 'NONE', ( #4925, #6213, #6706, #7552, #2080 ) ) ;
#5907 = CARTESIAN_POINT ( 'NONE',  ( -6.692395191935965215, 37.08056624108414923, 87.32025607694306757 ) ) ;
#5908 = CARTESIAN_POINT ( 'NONE',  ( 63.98600082019655133, 32.47793740598321932, 184.0516963749373076 ) ) ;
#5909 = CARTESIAN_POINT ( 'NONE',  ( -48.87671600598984867, 11.59101201867309783, 351.9235384047881894 ) ) ;
#5910 = CARTESIAN_POINT ( 'NONE',  ( -2.422366359291625582, 46.71359717006883017, 188.7448744459651095 ) ) ;
#5911 = CARTESIAN_POINT ( 'NONE',  ( 19.97235384300964967, 37.99866458490337351, 125.6496688811247537 ) ) ;
#5912 = CARTESIAN_POINT ( 'NONE',  ( 1.860595957264360667, 17.11377713728215255, 458.4002198587525072 ) ) ;
#5913 = EDGE_CURVE ( 'NONE', #3129, #56, #1652, .T. ) ;
#5914 = ORIENTED_EDGE ( 'NONE', *, *, #5663, .T. ) ;
#5915 = EDGE_CURVE ( 'NONE', #2714, #293, #3641, .T. ) ;
#5916 = CARTESIAN_POINT ( 'NONE',  ( -27.66326358064004864, 13.52599411192533374, -1.587463340206875628 ) ) ;
#5917 = CARTESIAN_POINT ( 'NONE',  ( 2.802254818182556395, 46.60342907959971370, 207.0065186537320017 ) ) ;
#5918 = DIRECTION ( 'NONE',  ( 0.000000000000000000, 0.005235963831418928224, 0.9999862922474268556 ) ) ;
#5919 = CARTESIAN_POINT ( 'NONE',  ( 1.730417408365614973, 47.76473948255436142, 204.8872388650783591 ) ) ;
#5920 = CARTESIAN_POINT ( 'NONE',  ( 41.36851911876856036, 32.64735339584985496, 166.8010163486508759 ) ) ;
#5922 = ORIENTED_EDGE ( 'NONE', *, *, #455, .F. ) ;
#5921 = CARTESIAN_POINT ( 'NONE',  ( -0.3386864461448267360, 40.59920313491442556, 109.2196357298308698 ) ) ;
#5923 = CARTESIAN_POINT ( 'NONE',  ( 36.51043905184170768, 35.57930988655755300, 208.7297388326495025 ) ) ;
#5924 = CARTESIAN_POINT ( 'NONE',  ( -0.9391192593045467607, 7.969336849332791850, -35.88766685587286531 ) ) ;
#5925 = CARTESIAN_POINT ( 'NONE',  ( 51.11079760983847819, 26.21308253659980636, 151.6677146780280339 ) ) ;
#5926 = CARTESIAN_POINT ( 'NONE',  ( -3.066662445442872365, 43.88633703986032231, 190.4627056561177199 ) ) ;
#5927 = CARTESIAN_POINT ( 'NONE',  ( 0.1939271870853729596, 32.17720273666915176, 49.65386454734743182 ) ) ;
#5928 = CARTESIAN_POINT ( 'NONE',  ( -45.95965009189017536, 27.17204488600939882, 125.6496688811247822 ) ) ;
#5929 = CARTESIAN_POINT ( 'NONE',  ( 3.066662445442872365, 43.88633703986032231, 190.4627056561177199 ) ) ;
#5930 = CARTESIAN_POINT ( 'NONE',  ( 6.814411576723173880, 46.50797352682411656, 230.8815100217026668 ) ) ;
#5931 = CARTESIAN_POINT ( 'NONE',  ( -0.4083337693452422368, 36.49810758367754460, 75.11210039485146694 ) ) ;
#5932 = CARTESIAN_POINT ( 'NONE',  ( 5.229391553127606507, 43.02326626989945169, 158.3381290195769964 ) ) ;
#5933 = CARTESIAN_POINT ( 'NONE',  ( -0.5246593421263852086, 47.55137746071891058, 187.2654246439283270 ) ) ;
#5934 = CARTESIAN_POINT ( 'NONE',  ( -8.546937978052039142, 43.12317858607551813, 183.3096734795714440 ) ) ;
#5935 = CARTESIAN_POINT ( 'NONE',  ( -2.109836334315450479, 3.066047688892955314, 514.8735652113953165 ) ) ;
#5936 = CARTESIAN_POINT ( 'NONE',  ( -27.36293749090240368, 42.65258728491931350, 213.0227776211862647 ) ) ;
#5937 = CARTESIAN_POINT ( 'NONE',  ( 2.983094196825140543, 43.89259554956956322, 189.7891869021838716 ) ) ;
#5938 = CARTESIAN_POINT ( 'NONE',  ( 56.45112250455159142, -6.087123366960760507, 202.2480236927935380 ) ) ;
#5939 = CARTESIAN_POINT ( 'NONE',  ( -0.4859927378846110035, 43.59137232154521513, 156.8591426683015300 ) ) ;
#5940 = CARTESIAN_POINT ( 'NONE',  ( 4.200220925464160260, 28.18926783939450331, 33.75723452941087999 ) ) ;
#5941 = EDGE_LOOP ( 'NONE', ( #5922, #5668, #1865, #7020 ) ) ;
#5942 = VERTEX_POINT ( 'NONE', #6122 ) ;
#5943 = CARTESIAN_POINT ( 'NONE',  ( -43.94162256908041542, 27.81146509703092917, 119.1982657495240261 ) ) ;
#5944 = CARTESIAN_POINT ( 'NONE',  ( -2.238582030903766729, 43.98938502743245493, 105.2905442681973369 ) ) ;
#5945 = CARTESIAN_POINT ( 'NONE',  ( 0.4709684984625378545, 41.02653431879563328, 312.7840159696370392 ) ) ;
#5946 = CARTESIAN_POINT ( 'NONE',  ( 0.000000000000000000, 29.60772684600566151, 44.25520149868791719 ) ) ;
#5947 = CARTESIAN_POINT ( 'NONE',  ( -5.464712794159266807, 43.51203873718162640, 212.1950211597117004 ) ) ;
#5948 = CARTESIAN_POINT ( 'NONE',  ( 2.421002015926365658, 46.71376839161987959, 188.7432899326864799 ) ) ;
#5949 = CARTESIAN_POINT ( 'NONE',  ( -7.362086778798640374, 43.42800336116560800, 205.8534502590912609 ) ) ;
#5950 = CARTESIAN_POINT ( 'NONE',  ( -10.27266192055210858, 5.123073895678157186, 494.0455122256950062 ) ) ;
#5951 = CARTESIAN_POINT ( 'NONE',  ( -41.36851911876856036, 32.64735339584985496, 166.8010163486508759 ) ) ;
#5952 = CARTESIAN_POINT ( 'NONE',  ( -0.7257656490961721385, -4.623702357734425838, 541.5260409447616894 ) ) ;
#5953 = ORIENTED_EDGE ( 'NONE', *, *, #1844, .F. ) ;
#5954 = CARTESIAN_POINT ( 'NONE',  ( 0.000000000000000000, 24.65191137066539895, 4.845070576238386550 ) ) ;
#5955 = EDGE_CURVE ( 'NONE', #5325, #8026, #6755, .T. ) ;
#5956 = CARTESIAN_POINT ( 'NONE',  ( -39.29340324692148556, 21.11795571329721355, 60.93925227300984915 ) ) ;
#5957 = CARTESIAN_POINT ( 'NONE',  ( -19.23958081385339014, 44.36215661290071921, 164.4211870057072531 ) ) ;
#5958 = CLOSED_SHELL ( 'NONE', ( #5873, #3323, #3814, #3625, #7212, #870, #755, #1859, #1610, #3132, #4719, #7993, #61, #4674, #6407, #1155, #6724, #5648 ) ) ;
#5960 = VERTEX_POINT ( 'NONE', #7382 ) ;
#5959 = CARTESIAN_POINT ( 'NONE',  ( 3.612948385285928321, 40.09976115397785890, 110.0117838294830932 ) ) ;
#5961 = CARTESIAN_POINT ( 'NONE',  ( 19.57372214606865057, 41.22380910052544323, 214.0493121098461700 ) ) ;
#5962 = CIRCLE ( 'NONE', #4, 1.000000000000000222 ) ;
#5963 = CARTESIAN_POINT ( 'NONE',  ( 8.832067485218184189, 38.20014272797691746, 100.4760165836704573 ) ) ;
#5964 = DIRECTION ( 'NONE',  ( 0.000000000000000000, 0.9999862922474268556, -0.005235963831417927289 ) ) ;
#5965 = CARTESIAN_POINT ( 'NONE',  ( -4.023785015433555046, 33.28853813862026811, 58.96312270140795420 ) ) ;
#5966 = CARTESIAN_POINT ( 'NONE',  ( -3.729975735673274784, 47.25529943964849622, 195.5937010162963077 ) ) ;
#5967 = CARTESIAN_POINT ( 'NONE',  ( -1.658064542916633632, 47.34650740811839853, 208.1667073940970454 ) ) ;
#5968 = AXIS2_PLACEMENT_3D ( 'NONE', #656, #3115, #5594 ) ;
#5969 = CARTESIAN_POINT ( 'NONE',  ( -0.5496791856790375075, 25.91683902096197656, 415.4374579817630888 ) ) ;
#5970 = CARTESIAN_POINT ( 'NONE',  ( 0.6028360122320496339, 37.61110602142149872, 83.64579598623170398 ) ) ;
#5971 = CARTESIAN_POINT ( 'NONE',  ( 33.87450255857313408, 36.01820121571823563, 236.9086946312360737 ) ) ;
#5972 = CARTESIAN_POINT ( 'NONE',  ( 1.910429079689343501, -19.79771651802625598, -71.15970442798436579 ) ) ;
#5973 = VECTOR ( 'NONE', #2335, 1000.000000000000000 ) ;
#5974 = CARTESIAN_POINT ( 'NONE',  ( 7.045124004950711338, 2.314038226187245861, 514.4354252516325232 ) ) ;
#5975 = CARTESIAN_POINT ( 'NONE',  ( -5.464782804719576781, 140.7522993944396603, 212.3858772881615096 ) ) ;
#5976 = VECTOR ( 'NONE', #6896, 1000.000000000000000 ) ;
#5977 = CARTESIAN_POINT ( 'NONE',  ( 3.066662445442863039, 46.63744080576727669, 190.4627056561178051 ) ) ;
#5978 = CARTESIAN_POINT ( 'NONE',  ( -12.24542331509240611, 10.79387684120225543, -23.56345594219629547 ) ) ;
#5979 = CARTESIAN_POINT ( 'NONE',  ( 0.07476466723809407910, 44.20147516159072154, 203.4635326077552975 ) ) ;
#5980 = CARTESIAN_POINT ( 'NONE',  ( 55.43352450434293388, 9.557879841706116153, 226.4234727364798800 ) ) ;
#5981 = CARTESIAN_POINT ( 'NONE',  ( -1.114239384173033365, 43.52040005230691122, 156.9543620034599201 ) ) ;
#5982 = CARTESIAN_POINT ( 'NONE',  ( 31.44723499877484585, 24.36191061342070441, 56.95384192180519278 ) ) ;
#5983 = CARTESIAN_POINT ( 'NONE',  ( 0.7530634641720742595, 41.53540146153790857, 121.1832156547747701 ) ) ;
#5984 = CARTESIAN_POINT ( 'NONE',  ( -45.95965009189017536, 27.17204488600939882, 125.6496688811247822 ) ) ;
#5985 = CARTESIAN_POINT ( 'NONE',  ( 48.09887603462018291, 19.47765558591667556, 290.8986780379959782 ) ) ;
#5986 = CARTESIAN_POINT ( 'NONE',  ( 1.860595957264360667, 17.11377713728215255, 458.4002198587525072 ) ) ;
#5987 = CARTESIAN_POINT ( 'NONE',  ( 7.500000000000000000, 29.60772684600566151, 44.25520149868791719 ) ) ;
#5988 = CARTESIAN_POINT ( 'NONE',  ( -18.21335741446182155, 25.42868112006652481, 38.97149620378731782 ) ) ;
#5989 = CARTESIAN_POINT ( 'NONE',  ( 2.558717127065790464E-14, 44.18889621422121650, 187.8683353890677097 ) ) ;
#5990 = CARTESIAN_POINT ( 'NONE',  ( -5.335532672978006374, 43.66841535216067882, 205.0172191410984794 ) ) ;
#5991 = CARTESIAN_POINT ( 'NONE',  ( 0.000000000000000000, 2.926735556036303532, 515.0430825616978154 ) ) ;
#5992 = CARTESIAN_POINT ( 'NONE',  ( -0.8711720493221336570, 41.19925975862944512, 117.8251513396264443 ) ) ;
#5993 = CARTESIAN_POINT ( 'NONE',  ( 59.89900058819404194, -9.567402936609459729, 443.5936951987583257 ) ) ;
#5994 = VERTEX_POINT ( 'NONE', #1835 ) ;
#5995 = CARTESIAN_POINT ( 'NONE',  ( -24.57072278915081753, 37.71268303805841526, 135.7393519542376055 ) ) ;
#5996 = PRODUCT_DEFINITION_SHAPE ( 'NONE', 'NONE',  #7051 ) ;
#5997 = CARTESIAN_POINT ( 'NONE',  ( -149.9999999999997442, 16.09349136664861390, 256.0566200932159404 ) ) ;
#5998 = CARTESIAN_POINT ( 'NONE',  ( -1.771360456139411843, 46.79494136380169778, 188.1935267930186058 ) ) ;
#5999 = CARTESIAN_POINT ( 'NONE',  ( 0.000000000000000000, 110.3999999999999773, 187.8683353890677097 ) ) ;
#6000 = DIRECTION ( 'NONE',  ( 0.000000000000000000, 0.000000000000000000, -1.000000000000000000 ) ) ;
#6001 = EDGE_CURVE ( 'NONE', #5807, #56, #1643, .T. ) ;
#6003 = ORIENTED_EDGE ( 'NONE', *, *, #2116, .T. ) ;
#6002 = CARTESIAN_POINT ( 'NONE',  ( 5.971161094532574154, 39.78741193560367151, 111.0398630631434571 ) ) ;
#6004 = CARTESIAN_POINT ( 'NONE',  ( 30.60386744454129726, 37.95608591760043282, 211.9216485923682853 ) ) ;
#6005 = CARTESIAN_POINT ( 'NONE',  ( -0.9489435702740910417, -1.972889249273659606, -51.67460940504316369 ) ) ;
#6006 = CARTESIAN_POINT ( 'NONE',  ( 39.67758785218430262, 30.54741994254591475, 121.6615352536651216 ) ) ;
#6007 = PLANE ( 'NONE',  #7910 ) ;
#6008 = CARTESIAN_POINT ( 'NONE',  ( -22.19982907435543140, 29.16477623060895752, 62.67024280612998410 ) ) ;
#6009 = CARTESIAN_POINT ( 'NONE',  ( 34.52513865784450786, 40.11388073726423187, 210.0680442825797059 ) ) ;
#6010 = DIRECTION ( 'NONE',  ( 0.000000000000000000, 1.000000000000000000, 0.000000000000000000 ) ) ;
#6011 = CARTESIAN_POINT ( 'NONE',  ( 5.833484303085390010, 38.83323711334092820, 331.6529499013212217 ) ) ;
#6012 = CARTESIAN_POINT ( 'NONE',  ( 2.388520149774412182, 37.38522545149861998, 83.94494910642833929 ) ) ;
#6013 = DIRECTION ( 'NONE',  ( -1.000000000000000000, 0.000000000000000000, -0.000000000000000000 ) ) ;
#6014 = CARTESIAN_POINT ( 'NONE',  ( -2.492660349906653749, 47.35533420403572791, 187.9024098253441366 ) ) ;
#6015 = ADVANCED_FACE ( 'NONE', ( #7016 ), #3193, .F. ) ;
#6016 = CARTESIAN_POINT ( 'NONE',  ( -1.451531298192344277, -4.583017096774475441, 541.4743903544048180 ) ) ;
#6017 = CARTESIAN_POINT ( 'NONE',  ( -43.18509172019248155, 36.25464947387357029, 202.4099852598871223 ) ) ;
#6018 = DIRECTION ( 'NONE',  ( 0.000000000000000000, -1.000000000000000000, 0.000000000000000000 ) ) ;
#6019 = CARTESIAN_POINT ( 'NONE',  ( 149.9999999999999716, 10.35078035734875535, 226.4890547709782993 ) ) ;
#6020 = CARTESIAN_POINT ( 'NONE',  ( -4.553518249964221276, 42.50297733696621805, 146.1637853614825531 ) ) ;
#6021 = CARTESIAN_POINT ( 'NONE',  ( -0.2399060336471307286, 32.18284994730487369, 49.65613748648393511 ) ) ;
#6022 = ORIENTED_EDGE ( 'NONE', *, *, #4622, .T. ) ;
#6023 = CARTESIAN_POINT ( 'NONE',  ( -0.2571189679584107712, 43.08423610133613835, 144.9245633595929519 ) ) ;
#6024 = CARTESIAN_POINT ( 'NONE',  ( -0.5157171849628925386, 47.43774152586020421, 208.4485850156315507 ) ) ;
#6025 = CARTESIAN_POINT ( 'NONE',  ( 149.9999999999997442, 16.89020687609928828, 297.3968004075345561 ) ) ;
#6026 = CARTESIAN_POINT ( 'NONE',  ( 1.287102454013295816, 13.83400975319627690, 472.5008445009838169 ) ) ;
#6027 =( BOUNDED_SURFACE ( )  B_SPLINE_SURFACE ( 3, 2, ( 
 ( #324, #5133, #7677 ),
 ( #2040, #2126, #6480 ),
 ( #5880, #3963, #5092 ),
 ( #7631, #4619, #2084 ),
 ( #5715, #6966, #1544 ),
 ( #906, #7715, #1388 ),
 ( #164, #3839, #4003 ),
 ( #7557, #950, #2630 ),
 ( #7591, #3399, #4539 ),
 ( #1424, #3882, #6364 ),
 ( #1469, #986, #7750 ),
 ( #363, #4655, #4048 ),
 ( #2194, #6524, #5917 ),
 ( #5254, #7130, #1588 ),
 ( #3438, #7388, #1802 ),
 ( #6252, #5680, #3078 ) ),
 .UNSPECIFIED., .F., .F., .T. ) 
 B_SPLINE_SURFACE_WITH_KNOTS ( ( 4, 2, 2, 2, 2, 2, 2, 4 ),
 ( 3, 3 ),
 ( -1.734723475976807094E-18, 0.0006263355286690947205, 0.001252671057338191176, 0.001879006586007287739, 0.002505342114676384086, 0.003131677643345480433, 0.003758013172014577213, 0.005010684229352769907 ),
 ( 0.000000000000000000, 1.000000000000000000 ),
 .UNSPECIFIED. ) 
 GEOMETRIC_REPRESENTATION_ITEM ( )  RATIONAL_B_SPLINE_SURFACE ( (
 ( 1.000000000000000000, 0.7014168260485751372, 1.000000000000000000),
 ( 1.000000000000000000, 0.6995744850054408381, 1.000000000000000000),
 ( 1.000000000000000000, 0.6977695212194903185, 1.000000000000000000),
 ( 1.000000000000000000, 0.6941557071572246329, 1.000000000000000000),
 ( 1.000000000000000000, 0.6923265358792062285, 1.000000000000000000),
 ( 1.000000000000000000, 0.6887336132292433133, 1.000000000000000000),
 ( 1.000000000000000000, 0.6870161031795362083, 1.000000000000000000),
 ( 1.000000000000000000, 0.6836973425938320803, 1.000000000000000000),
 ( 1.000000000000000000, 0.6820944818632337370, 1.000000000000000000),
 ( 1.000000000000000000, 0.6791451487434065903, 1.000000000000000000),
 ( 1.000000000000000000, 0.6778182052361613197, 1.000000000000000000),
 ( 1.000000000000000000, 0.6754677042791980002, 1.000000000000000000),
 ( 1.000000000000000000, 0.6744718720091860131, 1.000000000000000000),
 ( 1.000000000000000000, 0.6721115829859776181, 1.000000000000000000),
 ( 1.000000000000000000, 0.6714208126101263163, 1.000000000000000000),
 ( 1.000000000000000000, 0.6718120075627984633, 1.000000000000000000) ) ) 
 REPRESENTATION_ITEM ( '' )  SURFACE ( )  );
#6028 = CARTESIAN_POINT ( 'NONE',  ( 49.16176366489245453, 32.88963370336595915, 183.6080041517475081 ) ) ;
#6029 = CARTESIAN_POINT ( 'NONE',  ( -0.3111241487478950685, 44.15891893959710757, 187.8683353890677097 ) ) ;
#6030 = CARTESIAN_POINT ( 'NONE',  ( -42.56907045533310452, 32.08836114034509279, 238.3442432622196918 ) ) ;
#6031 = B_SPLINE_CURVE_WITH_KNOTS ( 'NONE', 3,
 ( #7995, #735, #4373, #6840 ),
 .UNSPECIFIED., .F., .F.,
 ( 4, 4 ),
 ( 1.408535627889794322E-19, 0.006017731610462674456 ),
 .UNSPECIFIED. ) ;
#6032 = CARTESIAN_POINT ( 'NONE',  ( 0.7317949095089628653, -9.968616617790203804, 558.9098446958789737 ) ) ;
#6033 = CARTESIAN_POINT ( 'NONE',  ( -23.94018025664827221, 35.94394029130017287, 115.1013983758244024 ) ) ;
#6034 = CARTESIAN_POINT ( 'NONE',  ( -39.05835238344336346, 26.00629093788133872, 65.02907959871579635 ) ) ;
#6035 = ORIENTED_EDGE ( 'NONE', *, *, #1753, .F. ) ;
#6036 = CARTESIAN_POINT ( 'NONE',  ( -32.80663302592628128, 35.49301778528868567, 146.3833932018646919 ) ) ;
#6037 = CARTESIAN_POINT ( 'NONE',  ( -2.458911498200082146, 45.48680964656614378, 130.5876176261108412 ) ) ;
#6038 = CARTESIAN_POINT ( 'NONE',  ( -0.4666624454429734725, 46.95419416596106998, 187.8683353890677097 ) ) ;
#6039 = ORIENTED_EDGE ( 'NONE', *, *, #5456, .F. ) ;
#6040 = CARTESIAN_POINT ( 'NONE',  ( -42.82036082025610568, 34.45865616707600765, 314.7613887647807474 ) ) ;
#6042 = VERTEX_POINT ( 'NONE', #7168 ) ;
#6041 = CARTESIAN_POINT ( 'NONE',  ( 7.622505428582911691, 39.55943541865995172, 111.8852812039946656 ) ) ;
#6043 = CARTESIAN_POINT ( 'NONE',  ( 6.692395191935965215, 37.08056624108414923, 87.32025607694306757 ) ) ;
#6044 = PLANE ( 'NONE',  #10 ) ;
#6045 = CARTESIAN_POINT ( 'NONE',  ( 0.2952429633089913574, 30.55650889928061176, 41.21996431163887564 ) ) ;
#6046 = CARTESIAN_POINT ( 'NONE',  ( -3.066662445442875917, 46.64169042268456167, 200.7238314996500037 ) ) ;
#6047 = CARTESIAN_POINT ( 'NONE',  ( -0.6871363680220695658, 47.42385136720216821, 208.4453192064795246 ) ) ;
#6048 = CARTESIAN_POINT ( 'NONE',  ( 149.9999999999999716, 14.23858967693923105, 324.3781664693334506 ) ) ;
#6049 = CARTESIAN_POINT ( 'NONE',  ( 4.519380197921140763, 43.54193911213982915, 216.0575246643556397 ) ) ;
#6050 = CARTESIAN_POINT ( 'NONE',  ( 149.9999999999997158, -4.914714336245090465, 438.2002728028813863 ) ) ;
#6051 = CARTESIAN_POINT ( 'NONE',  ( -0.000000000000000000, 40.53568631220283436, 79.55072067714972661 ) ) ;
#6052 = DIRECTION ( 'NONE',  ( 0.09666263193471810733, -0.9953172035022067599, 0.000000000000000000 ) ) ;
#6053 = EDGE_CURVE ( 'NONE', #2183, #8008, #2589, .T. ) ;
#6054 = CARTESIAN_POINT ( 'NONE',  ( -26.84291305568621766, 21.64135502705829950, 20.87972938593452810 ) ) ;
#6056 = VERTEX_POINT ( 'NONE', #7592 ) ;
#6055 = CARTESIAN_POINT ( 'NONE',  ( -1.733348263405259271, 31.56952604277959296, 29.57366796039476498 ) ) ;
#6057 = EDGE_CURVE ( 'NONE', #4726, #7984, #2085, .T. ) ;
#6058 = CARTESIAN_POINT ( 'NONE',  ( 1.842034171289628208, 30.30098621164467332, 41.38871913458380902 ) ) ;
#6059 = CARTESIAN_POINT ( 'NONE',  ( -0.4327486961739450688, 42.51517553432088903, 133.0545520892780189 ) ) ;
#6060 = CARTESIAN_POINT ( 'NONE',  ( -46.82150710905460755, 26.77778520290749853, 127.1160514704201034 ) ) ;
#6061 = CARTESIAN_POINT ( 'NONE',  ( 13.89565711704575790, 43.38650797797856740, 278.5011269604131598 ) ) ;
#6062 = CARTESIAN_POINT ( 'NONE',  ( -1.925100097286686074, 25.85227023461058238, 415.2282052245307113 ) ) ;
#6063 = CARTESIAN_POINT ( 'NONE',  ( -0.4666624454429739166, 110.3999999999999773, 208.4485850156316360 ) ) ;
#6064 = CARTESIAN_POINT ( 'NONE',  ( -35.26784931742217566, 22.02731521249526381, 55.29852414311955044 ) ) ;
#6065 = CARTESIAN_POINT ( 'NONE',  ( 45.18231946155540868, 26.67888323477401968, 116.1835718505993924 ) ) ;
#6066 = CARTESIAN_POINT ( 'NONE',  ( -8.012294543338578379, 43.34357569546181566, 206.1409550546937623 ) ) ;
#6067 = CARTESIAN_POINT ( 'NONE',  ( 0.7295355504911777977, -7.249700490246020479, 550.1677435810472616 ) ) ;
#6068 = CARTESIAN_POINT ( 'NONE',  ( -3.683440759127603492, 39.18462989269522012, 101.4901573593739101 ) ) ;
#6069 = CARTESIAN_POINT ( 'NONE',  ( 2.560296908970711272, -8.941921420989110914, 555.3173611246556902 ) ) ;
#6070 = ORIENTED_EDGE ( 'NONE', *, *, #5290, .T. ) ;
#6071 = CARTESIAN_POINT ( 'NONE',  ( -1.207656483083298093, 41.47933509580559530, 121.2417111430426218 ) ) ;
#6072 = CARTESIAN_POINT ( 'NONE',  ( -2.764266699687509821, 40.40007119318590156, 79.70911587689846556 ) ) ;
#6073 = CARTESIAN_POINT ( 'NONE',  ( 39.67540615207384036, 26.26164365982057447, 67.97129151120390134 ) ) ;
#6074 = CARTESIAN_POINT ( 'NONE',  ( -41.25957057413378237, 33.40119992079765154, 204.6190652891771435 ) ) ;
#6075 = CARTESIAN_POINT ( 'NONE',  ( -149.9999999999997442, 16.89020687609928828, 297.3968004075345561 ) ) ;
#6077 = ORIENTED_EDGE ( 'NONE', *, *, #860, .F. ) ;
#6076 = CARTESIAN_POINT ( 'NONE',  ( 1.539845879084086100, 41.11594975491415482, 117.9468413919474301 ) ) ;
#6078 = CARTESIAN_POINT ( 'NONE',  ( -5.966662445441321516, 42.86056831700848591, 161.6977400310337032 ) ) ;
#6079 = CARTESIAN_POINT ( 'NONE',  ( 0.000000000000000000, 28.21750440619399214, 17.07389157737171459 ) ) ;
#6080 = CARTESIAN_POINT ( 'NONE',  ( 10.90483899938235446, 36.48629179993952931, 89.70670938838793518 ) ) ;
#6081 = LINE ( 'NONE', #7185, #666 ) ;
#6082 = CARTESIAN_POINT ( 'NONE',  ( -41.20063482607532990, 24.02519603175413465, 81.52183347648796996 ) ) ;
#6083 = CARTESIAN_POINT ( 'NONE',  ( 0.4666624454429734725, 110.3999999999999773, 187.8683353890677097 ) ) ;
#6084 = DIRECTION ( 'NONE',  ( -0.000000000000000000, 0.2207185206826550450, 0.9753375490709154105 ) ) ;
#6085 = CARTESIAN_POINT ( 'NONE',  ( -1.099358371358075015, 25.93118054957675866, 415.4839356155417249 ) ) ;
#6086 = CIRCLE ( 'NONE', #542, 1.000000000000000222 ) ;
#6087 = CARTESIAN_POINT ( 'NONE',  ( 38.71531256197197024, 29.54932016329545874, 110.4240147231083142 ) ) ;
#6088 = CYLINDRICAL_SURFACE ( 'NONE', #4928, 1.000000000000000888 ) ;
#6089 = CARTESIAN_POINT ( 'NONE',  ( -2.188606651473533393, -7.176475229997554273, 550.0807433445178276 ) ) ;
#6090 = DIRECTION ( 'NONE',  ( -0.000000000000000000, -0.000000000000000000, 1.000000000000000000 ) ) ;
#6091 = DIRECTION ( 'NONE',  ( 1.000000000000000000, 0.000000000000000000, 0.000000000000000000 ) ) ;
#6092 = VECTOR ( 'NONE', #5070, 1000.000000000000000 ) ;
#6093 = CARTESIAN_POINT ( 'NONE',  ( -44.95965009189017536, 30.33988575092048379, 125.6496688811247253 ) ) ;
#6095 = ORIENTED_EDGE ( 'NONE', *, *, #563, .F. ) ;
#6094 = CARTESIAN_POINT ( 'NONE',  ( 26.35674988608645464, 25.04923993672376170, 32.44508452609948534 ) ) ;
#6096 = CARTESIAN_POINT ( 'NONE',  ( 6.462515037236397752, 29.74886045500375431, 43.23802714783032286 ) ) ;
#6097 = VERTEX_POINT ( 'NONE', #120 ) ;
#6098 = VECTOR ( 'NONE', #822, 1000.000000000000114 ) ;
#6099 = EDGE_CURVE ( 'NONE', #7414, #3129, #4640, .T. ) ;
#6100 =( GEOMETRIC_REPRESENTATION_CONTEXT ( 3 ) GLOBAL_UNCERTAINTY_ASSIGNED_CONTEXT ( ( #3542 ) ) GLOBAL_UNIT_ASSIGNED_CONTEXT ( ( #4382, #6850, #88 ) ) REPRESENTATION_CONTEXT ( 'NONE', 'WORKASPACE' ) );
#6101 = CARTESIAN_POINT ( 'NONE',  ( -4.035349159710969857, 41.31211090880582759, 125.6496688811248106 ) ) ;
#6102 = CARTESIAN_POINT ( 'NONE',  ( -1.412905495387613675, 41.02947630906889032, 312.7536838202627791 ) ) ;
#6103 = CARTESIAN_POINT ( 'NONE',  ( -2.172075125309121724, 16.89621306203804707, 458.4249543244469578 ) ) ;
#6104 = CARTESIAN_POINT ( 'NONE',  ( 42.95965009189016826, 30.33988575092048379, 128.6496688811247111 ) ) ;
#6105 = CARTESIAN_POINT ( 'NONE',  ( -31.78694551174929828, 22.58502305326849680, 50.03549087782688787 ) ) ;
#6106 = VECTOR ( 'NONE', #5406, 1000.000000000000000 ) ;
#6107 = PLANE ( 'NONE',  #3622 ) ;
#6108 = CARTESIAN_POINT ( 'NONE',  ( -2.541794483188228870, -4.806876550188804664, 541.7585835155889527 ) ) ;
#6109 = CARTESIAN_POINT ( 'NONE',  ( -4.291435702889102366, 40.01169818398751943, 110.2635442643581598 ) ) ;
#6110 = CARTESIAN_POINT ( 'NONE',  ( -1.791830667044857384, 32.34558887396804039, 34.84931210984619554 ) ) ;
#6111 = ORIENTED_EDGE ( 'NONE', *, *, #2116, .F. ) ;
#6112 = CARTESIAN_POINT ( 'NONE',  ( -0.7795665027525929824, 40.40170755811080028, 109.2028366593694386 ) ) ;
#6113 = CARTESIAN_POINT ( 'NONE',  ( -25.25810368633090164, 30.80518904790463353, 56.02471470947404697 ) ) ;
#6114 = EDGE_CURVE ( 'NONE', #1784, #1301, #5284, .T. ) ;
#6115 = CARTESIAN_POINT ( 'NONE',  ( -43.72303996828004813, 32.18397839041368513, 201.5943923718121198 ) ) ;
#6116 = CARTESIAN_POINT ( 'NONE',  ( -6.087201789984794331, 44.18919659100005504, 276.7467911875064033 ) ) ;
#6118 = ORIENTED_EDGE ( 'NONE', *, *, #2930, .F. ) ;
#6117 = CARTESIAN_POINT ( 'NONE',  ( 26.90971294975438965, 36.10048010147474429, 126.9995489705191289 ) ) ;
#6119 = CARTESIAN_POINT ( 'NONE',  ( -0.04227827165654021724, 43.94411104515924649, 214.8652050998196046 ) ) ;
#6120 = CARTESIAN_POINT ( 'NONE',  ( 12.12700268568815254, 15.00943372669715004, -14.20656591047415240 ) ) ;
#6121 = CARTESIAN_POINT ( 'NONE',  ( 3.646751034759803112, 43.29422519277227366, 161.6954693881914409 ) ) ;
#6122 = CARTESIAN_POINT ( 'NONE',  ( 0.4666624454429739166, 46.83002249555136132, 208.4485850156316360 ) ) ;
#6123 = CARTESIAN_POINT ( 'NONE',  ( -34.94906044613058071, 25.39182900637882767, 69.85008131506000950 ) ) ;
#6124 = CARTESIAN_POINT ( 'NONE',  ( -41.09686695403526357, 23.57254782636245238, 78.51981356704514781 ) ) ;
#6125 = DIRECTION ( 'NONE',  ( -0.0001000137147306351425, 0.000000000000000000, 0.9999999949986283498 ) ) ;
#6126 = B_SPLINE_CURVE_WITH_KNOTS ( 'NONE', 3,
 ( #6149, #6110, #2343, #1781, #7944, #600, #7411, #560, #1864, #2379, #6705, #3059, #8018, #2454, #1169, #3096, #4809, #4321, #1250, #3704, #5576, #3630, #3555, #29, #3018, #4965, #7456, #1903, #6034, #476, #7295, #3830 ),
 .UNSPECIFIED., .F., .F.,
 ( 4, 2, 2, 2, 2, 2, 2, 2, 2, 2, 2, 2, 2, 2, 2, 4 ),
 ( 0.000000000000000000, 0.003577969370912619483, 0.007155938741825238966, 0.01073390811273786279, 0.01431187748365048487, 0.02146781622547572904, 0.02504578559638835633, 0.02683477028184466304, 0.02862375496730097668, 0.03577969370912618963, 0.03935766308003880304, 0.04293563245095140951, 0.05009157119277662940, 0.05188055587823291875, 0.05366954056368921505, 0.05724750993460178683 ),
 .UNSPECIFIED. ) ;
#6127 = CARTESIAN_POINT ( 'NONE',  ( 41.93462905618955716, 26.32851893096475138, 364.7381377576680279 ) ) ;
#6128 = FACE_OUTER_BOUND ( 'NONE', #549, .T. ) ;
#6129 = CARTESIAN_POINT ( 'NONE',  ( 0.000000000000000000, -7.286313120370254026, 550.2112436993119218 ) ) ;
#6130 = CARTESIAN_POINT ( 'NONE',  ( 0.000000000000000000, 40.59389622558032329, 79.97510268638194475 ) ) ;
#6131 = CARTESIAN_POINT ( 'NONE',  ( -5.464712794159227727, 140.7486342197576619, 211.6858868835880116 ) ) ;
#6132 = DIRECTION ( 'NONE',  ( 0.000000000000000000, -0.9753375490709154105, 0.2207185206826550450 ) ) ;
#6133 = CARTESIAN_POINT ( 'NONE',  ( -0.8067805704859051241, 43.81174109905075653, 208.4485850156316360 ) ) ;
#6134 = CARTESIAN_POINT ( 'NONE',  ( 0.000000000000000000, 16.05780648225944418, -18.97418335886999685 ) ) ;
#6135 = CARTESIAN_POINT ( 'NONE',  ( 7.507413834886150994, 31.23253839233703388, 52.25050634828144069 ) ) ;
#6136 = ORIENTED_EDGE ( 'NONE', *, *, #815, .F. ) ;
#6137 = CARTESIAN_POINT ( 'NONE',  ( 0.4897810171380196365, 42.52192649485111531, 133.0539971129097694 ) ) ;
#6138 = CARTESIAN_POINT ( 'NONE',  ( -0.1552375970349664236, 42.48227983269443797, 133.0601801007951508 ) ) ;
#6139 = CARTESIAN_POINT ( 'NONE',  ( 3.732426848481440462, 47.23294589117399056, 190.2484994011279582 ) ) ;
#6140 = CARTESIAN_POINT ( 'NONE',  ( 149.9999999999999716, 16.36900979716714133, 304.7041830578932036 ) ) ;
#6141 = CARTESIAN_POINT ( 'NONE',  ( -12.20178374623678863, 24.99215593519244649, 410.8332455709494866 ) ) ;
#6142 = B_SPLINE_CURVE_WITH_KNOTS ( 'NONE', 3,
 ( #720, #6784, #2534, #4997, #3179, #6343, #5655, #5744, #5035, #5572, #7537, #2451, #1987, #4445, #6915, #1248, #26, #1376 ),
 .UNSPECIFIED., .F., .F.,
 ( 4, 2, 2, 2, 2, 2, 2, 2, 4 ),
 ( 0.000000000000000000, 0.0006275413240994375148, 0.001255082648198875030, 0.001882623972298312544, 0.002510165296397750059, 0.003137706620497187574, 0.003765247944596625089, 0.004392789268696063038, 0.005020330592795500119 ),
 .UNSPECIFIED. ) ;
#6143 = PLANE ( 'NONE',  #3256 ) ;
#6144 = CARTESIAN_POINT ( 'NONE',  ( 0.9538432379601403666, -14.88770259644060800, -66.09957415697023464 ) ) ;
#6145 = EDGE_CURVE ( 'NONE', #7119, #5535, #165, .T. ) ;
#6146 = CARTESIAN_POINT ( 'NONE',  ( -1.172604987606759517E-14, 140.4685101547768227, 158.1866202483506640 ) ) ;
#6147 = CARTESIAN_POINT ( 'NONE',  ( -9.824827521419905452, -2.593892997156575397, 521.6966707247395334 ) ) ;
#6148 = CARTESIAN_POINT ( 'NONE',  ( 0.3788441177076018462, 39.69972395216630900, 100.6898030253158964 ) ) ;
#6149 = CARTESIAN_POINT ( 'NONE',  ( -0.5904223920472086995, 32.48870363117342208, 34.84931210984618133 ) ) ;
#6150 = ORIENTED_EDGE ( 'NONE', *, *, #815, .T. ) ;
#6151 = CARTESIAN_POINT ( 'NONE',  ( -44.70227301776616002, 29.74285132351428018, 145.6292366798626858 ) ) ;
#6152 = ORIENTED_EDGE ( 'NONE', *, *, #3619, .F. ) ;
#6153 = CARTESIAN_POINT ( 'NONE',  ( 0.000000000000000000, 40.74795199264384848, 79.83585004708851329 ) ) ;
#6154 = CARTESIAN_POINT ( 'NONE',  ( 29.95511779180982614, 26.73476510469992462, 47.77531310254220642 ) ) ;
#6155 = EDGE_CURVE ( 'NONE', #135, #4450, #7556, .T. ) ;
#6156 = CARTESIAN_POINT ( 'NONE',  ( -42.82036082025610568, 33.85106947388772625, 320.0000000000000568 ) ) ;
#6157 = ADVANCED_FACE ( 'NONE', ( #5526, #2374 ), #2301, .T. ) ;
#6159 = ORIENTED_EDGE ( 'NONE', *, *, #1615, .T. ) ;
#6158 = CARTESIAN_POINT ( 'NONE',  ( 26.34960289139895906, 36.91846468857460195, 134.8350243782367670 ) ) ;
#6160 = DIRECTION ( 'NONE',  ( 0.000000000000000000, 0.000000000000000000, -1.000000000000000000 ) ) ;
#6161 = CARTESIAN_POINT ( 'NONE',  ( 11.76711777406544357, 23.42470861069366350, 9.197752124484701142 ) ) ;
#6162 = CARTESIAN_POINT ( 'NONE',  ( 5.464712794159238385, 43.03332182595320177, 161.6968354875096736 ) ) ;
#6163 = CARTESIAN_POINT ( 'NONE',  ( -11.79683098018423237, 29.07633686110774107, 46.35407833691835577 ) ) ;
#6164 = CARTESIAN_POINT ( 'NONE',  ( -0.1555647010529605523, 46.85499551747328439, 208.4485850156316360 ) ) ;
#6165 = CARTESIAN_POINT ( 'NONE',  ( -3.297725378045542666, 47.20790801644114509, 207.4663184890984269 ) ) ;
#6166 = CARTESIAN_POINT ( 'NONE',  ( -0.5725577439240580047, 23.09808650977305433, 429.9216912165479130 ) ) ;
#6167 = CARTESIAN_POINT ( 'NONE',  ( 7.029150374195492823, 36.77664336582725468, 85.95057777218694639 ) ) ;
#6168 = DIRECTION ( 'NONE',  ( -0.000000000000000000, -0.000000000000000000, 1.000000000000000000 ) ) ;
#6169 = CARTESIAN_POINT ( 'NONE',  ( 43.95965009189017536, 30.33988575092048379, 122.6496688811247111 ) ) ;
#6170 = DIRECTION ( 'NONE',  ( 0.000000000000000000, 0.9999862922474268556, -0.005235963831417927289 ) ) ;
#6171 = LINE ( 'NONE', #7522, #2237 ) ;
#6172 = LINE ( 'NONE', #6294, #4409 ) ;
#6174 = VERTEX_POINT ( 'NONE', #4800 ) ;
#6173 = CARTESIAN_POINT ( 'NONE',  ( 2.972288463451770113, 33.79696142559792804, 41.75401259452486613 ) ) ;
#6175 = ORIENTED_EDGE ( 'NONE', *, *, #5098, .T. ) ;
#6176 = CARTESIAN_POINT ( 'NONE',  ( 0.6038456589732275059, 42.53542841600819457, 133.0528871342982029 ) ) ;
#6177 = CARTESIAN_POINT ( 'NONE',  ( 5.121762714612341227, 41.82381461822990332, 134.5196701063286753 ) ) ;
#6178 = CARTESIAN_POINT ( 'NONE',  ( -3.288970006187678319, 47.12931747478673117, 214.0493121098461131 ) ) ;
#6179 = CARTESIAN_POINT ( 'NONE',  ( 1.761563983812512779, 32.02393952748043660, 380.3584216962848927 ) ) ;
#6180 = CARTESIAN_POINT ( 'NONE',  ( -58.62154318630234684, -4.489909763417698763, 423.0794994535144156 ) ) ;
#6181 = CARTESIAN_POINT ( 'NONE',  ( -1.585645677260050235E-14, 34.10473863433794151, 60.10807467141493277 ) ) ;
#6182 = CARTESIAN_POINT ( 'NONE',  ( -150.0000000000000284, 2.675617566335641406, 211.3246760485956202 ) ) ;
#6183 = CARTESIAN_POINT ( 'NONE',  ( 3.066662445442872365, 46.65863794219873739, 195.5933298200449997 ) ) ;
#6184 = CARTESIAN_POINT ( 'NONE',  ( 1.459071100982355595, -7.213087860121786932, 550.1242434627826015 ) ) ;
#6185 = CARTESIAN_POINT ( 'NONE',  ( -0.4091616507609107112, 38.69622644797927080, 92.17113066743138461 ) ) ;
#6186 = CARTESIAN_POINT ( 'NONE',  ( 9.631319324692816153, -9.937326209155806112, 546.2879777790365097 ) ) ;
#6187 = ORIENTED_EDGE ( 'NONE', *, *, #7336, .T. ) ;
#6188 = CARTESIAN_POINT ( 'NONE',  ( -7.451581162186641905, 38.39402223721268825, 99.72917658707251576 ) ) ;
#6189 = CARTESIAN_POINT ( 'NONE',  ( -50.87203371489453474, 19.93273469430910438, 264.0063586441475536 ) ) ;
#6190 = CARTESIAN_POINT ( 'NONE',  ( -8.538092108323341107E-15, 40.91615987813482036, 112.4757386439159035 ) ) ;
#6191 = CARTESIAN_POINT ( 'NONE',  ( 1.436093927849406482, 36.00353229043267334, 354.6852225388742568 ) ) ;
#6193 = VERTEX_POINT ( 'NONE', #7247 ) ;
#6192 = CARTESIAN_POINT ( 'NONE',  ( -0.2535747200407998392, 41.94974035443492255, 126.2457881842643559 ) ) ;
#6194 = EDGE_CURVE ( 'NONE', #1997, #5885, #7897, .T. ) ;
#6195 = CARTESIAN_POINT ( 'NONE',  ( 0.000000000000000000, 0.000000000000000000, 0.000000000000000000 ) ) ;
#6196 = CARTESIAN_POINT ( 'NONE',  ( 0.000000000000000000, 47.60175118634028735, 187.2656339773372167 ) ) ;
#6197 = CARTESIAN_POINT ( 'NONE',  ( -8.498100339280945548, 27.67952912331062976, 36.02614983349715061 ) ) ;
#6198 = CARTESIAN_POINT ( 'NONE',  ( 36.95561318482995716, 35.77782364137420501, 125.6496688811247253 ) ) ;
#6199 = CARTESIAN_POINT ( 'NONE',  ( -55.92567994943940590, 5.748511191116895347, 218.7264803032683460 ) ) ;
#6200 = CARTESIAN_POINT ( 'NONE',  ( -2.999001569622283814, 47.24822444018396084, 206.5288203575024966 ) ) ;
#6201 = CARTESIAN_POINT ( 'NONE',  ( 6.363334136993229251, 22.76016894090687614, 428.8992649007137175 ) ) ;
#6202 = CARTESIAN_POINT ( 'NONE',  ( 0.9350553555137168793, 38.62995354009665050, 92.21719227207977099 ) ) ;
#6203 = DIRECTION ( 'NONE',  ( -1.000000000000000000, -2.553618553574740284E-17, 1.111335831368625778E-14 ) ) ;
#6204 = CARTESIAN_POINT ( 'NONE',  ( -49.16176366489244742, 27.13773935310525331, 183.6080041517474797 ) ) ;
#6205 = CARTESIAN_POINT ( 'NONE',  ( 7.500000000000000000, 26.87530127623825749, 23.34527260323320164 ) ) ;
#6206 = CARTESIAN_POINT ( 'NONE',  ( -0.000000000000000000, 44.15902035039328410, 109.7649551230209397 ) ) ;
#6207 = DIRECTION ( 'NONE',  ( -0.9953172035022068709, 0.09666263193471785753, -0.000000000000000000 ) ) ;
#6208 = CARTESIAN_POINT ( 'NONE',  ( -0.1117664553600793559, 44.18544658101828304, 203.4883120605662157 ) ) ;
#6209 = CARTESIAN_POINT ( 'NONE',  ( -43.77116713507209766, 29.66057717686768314, 102.0313887503347701 ) ) ;
#6211 = ORIENTED_EDGE ( 'NONE', *, *, #1659, .F. ) ;
#6210 = CARTESIAN_POINT ( 'NONE',  ( 19.23958081385339014, 44.36215661290071921, 164.4211870057072531 ) ) ;
#6212 = CARTESIAN_POINT ( 'NONE',  ( 45.28774722722824464, 25.57354817110060452, 107.4618791573631853 ) ) ;
#6213 = ORIENTED_EDGE ( 'NONE', *, *, #1562, .F. ) ;
#6214 = CARTESIAN_POINT ( 'NONE',  ( 0.6700567196970291794, 44.20243510341874327, 192.0297347447348386 ) ) ;
#6215 = CARTESIAN_POINT ( 'NONE',  ( -42.94108263562269912, 32.50611150811590733, 187.9659752792758809 ) ) ;
#6216 = CARTESIAN_POINT ( 'NONE',  ( 0.05027990157686675066, 46.87124949330021195, 208.4485850156316928 ) ) ;
#6217 = CARTESIAN_POINT ( 'NONE',  ( -0.5029842643031070537, 32.03122875688352877, 380.6520867096004395 ) ) ;
#6218 = CARTESIAN_POINT ( 'NONE',  ( -149.9999999999997158, -4.914714336245090465, 438.2002728028813863 ) ) ;
#6219 = VECTOR ( 'NONE', #6580, 999.9999999999998863 ) ;
#6220 = CARTESIAN_POINT ( 'NONE',  ( -2.010799431549816330, 45.06813054309728273, 125.6496688811247253 ) ) ;
#6221 = CARTESIAN_POINT ( 'NONE',  ( 2.869757525187609293, -24.73004176475694749, -76.23815369158728572 ) ) ;
#6222 = CARTESIAN_POINT ( 'NONE',  ( 3.732329755606725641, 47.23383139352144156, 190.4602416727404943 ) ) ;
#6223 = CARTESIAN_POINT ( 'NONE',  ( -0.4666624454429734725, 43.86679528997784416, 187.8683353890677097 ) ) ;
#6224 = CARTESIAN_POINT ( 'NONE',  ( 0.3936713675372361387, 37.73663366949320874, 83.62519762452127736 ) ) ;
#6225 = AXIS2_PLACEMENT_3D ( 'NONE', #4665, #2316, #1596 ) ;
#6226 = COLOUR_RGB ( '',0.7921568627450980005, 0.8196078431372548767, 0.9333333333333333481 ) ;
#6227 = CARTESIAN_POINT ( 'NONE',  ( 12.10704230761984945, 25.18622829111965444, 29.98301724568456805 ) ) ;
#6228 = B_SPLINE_CURVE_WITH_KNOTS ( 'NONE', 3,
 ( #2430, #82, #3112, #7384, #1309, #2554 ),
 .UNSPECIFIED., .F., .F.,
 ( 4, 2, 4 ),
 ( 0.0003081126230502099833, 0.02556168012269355652, 0.05081524762233689818 ),
 .UNSPECIFIED. ) ;
#6229 = ORIENTED_EDGE ( 'NONE', *, *, #5709, .F. ) ;
#6230 = CARTESIAN_POINT ( 'NONE',  ( 0.02628743762855355326, 39.37276365039301851, 97.16514492356903077 ) ) ;
#6231 = ORIENTED_EDGE ( 'NONE', *, *, #6053, .F. ) ;
#6232 = CARTESIAN_POINT ( 'NONE',  ( -6.087201789984794331, 44.18919659100005504, 276.7467911875064033 ) ) ;
#6233 = AXIS2_PLACEMENT_3D ( 'NONE', #7840, #4898, #7511 ) ;
#6234 = AXIS2_PLACEMENT_3D ( 'NONE', #1407, #1561, #3860 ) ;
#6235 = CARTESIAN_POINT ( 'NONE',  ( -2.986908303416692334, 47.31311427379849022, 189.8044935643520148 ) ) ;
#6236 = CARTESIAN_POINT ( 'NONE',  ( -2.117524359208583284, 47.29966809864082933, 208.6377791026608577 ) ) ;
#6237 = AXIS2_PLACEMENT_3D ( 'NONE', #5476, #2403, #6730 ) ;
#6239 = ORIENTED_EDGE ( 'NONE', *, *, #2966, .T. ) ;
#6238 = CARTESIAN_POINT ( 'NONE',  ( 42.16891908244041787, 31.96790258149126274, 160.1591665815813599 ) ) ;
#6240 = CARTESIAN_POINT ( 'NONE',  ( -0.3239978746031991763, 40.53870300193528919, 109.1379545040837087 ) ) ;
#6241 = CARTESIAN_POINT ( 'NONE',  ( -28.42755645119725472, -3.288475361452404488, -32.29124967184177564 ) ) ;
#6242 = CARTESIAN_POINT ( 'NONE',  ( 55.43352450434293388, 9.557879841706116153, 226.4234727364798800 ) ) ;
#6243 = CARTESIAN_POINT ( 'NONE',  ( 0.000000000000000000, 44.59248601773754928, 128.6496688811247111 ) ) ;
#6244 = DIRECTION ( 'NONE',  ( -1.000000000000000000, 0.000000000000000000, 0.000000000000000000 ) ) ;
#6245 = CARTESIAN_POINT ( 'NONE',  ( 0.1436837427916754228, 26.58828709704091864, 24.53445987790897576 ) ) ;
#6246 = DIRECTION ( 'NONE',  ( 0.000000000000000000, 0.000000000000000000, -1.000000000000000000 ) ) ;
#6247 = CARTESIAN_POINT ( 'NONE',  ( -54.48274488411642125, 13.81017118001468269, 236.9137207598040220 ) ) ;
#6248 = EDGE_CURVE ( 'NONE', #7628, #1140, #7289, .T. ) ;
#6249 = CARTESIAN_POINT ( 'NONE',  ( -5.464782804719576781, 140.7522993944396603, 212.3858772881615096 ) ) ;
#6250 = CARTESIAN_POINT ( 'NONE',  ( -0.3766993691611252859, 38.79501254530068621, 92.15943202334284479 ) ) ;
#6251 = CARTESIAN_POINT ( 'NONE',  ( 42.40693831933030822, 33.14350076537176903, 125.6496688811247822 ) ) ;
#6252 = CARTESIAN_POINT ( 'NONE',  ( 3.725064797236203429, 47.18508823153484855, 205.8604671828092876 ) ) ;
#6253 = CARTESIAN_POINT ( 'NONE',  ( 1.146769735279868030, 43.81174109905075653, 208.3811568086220802 ) ) ;
#6254 = CARTESIAN_POINT ( 'NONE',  ( -0.4599260445529751995, 35.14907451359087531, 66.59358086590771109 ) ) ;
#6255 = CARTESIAN_POINT ( 'NONE',  ( 0.4666624454429734725, 44.14368619715546060, 187.8683353890677097 ) ) ;
#6256 = DIRECTION ( 'NONE',  ( 0.000000000000000000, -0.005235963831417928156, -0.9999862922474268556 ) ) ;
#6258 = ORIENTED_EDGE ( 'NONE', *, *, #4622, .F. ) ;
#6257 = CARTESIAN_POINT ( 'NONE',  ( 59.97550560955480847, 34.43158503966466810, 201.9292928342558184 ) ) ;
#6259 = CARTESIAN_POINT ( 'NONE',  ( -0.4164714735852811378, 33.83781692868713264, 58.10638984904377935 ) ) ;
#6260 = EDGE_CURVE ( 'NONE', #7180, #1943, #6377, .T. ) ;
#6261 = CARTESIAN_POINT ( 'NONE',  ( 35.82931914579889110, 35.77334387120422576, 219.0348754841752452 ) ) ;
#6262 = CARTESIAN_POINT ( 'NONE',  ( 27.28026215986088943, 38.33759264841741299, 162.3701898403189148 ) ) ;
#6263 = CARTESIAN_POINT ( 'NONE',  ( 0.000000000000000000, 42.86056831700848591, 161.6977400310335895 ) ) ;
#6264 = CARTESIAN_POINT ( 'NONE',  ( 150.0000000000000000, 15.08964599839784171, 317.3683508197350989 ) ) ;
#6265 = CARTESIAN_POINT ( 'NONE',  ( -59.30832987030501613, -6.507826170023203183, 431.3161633550269016 ) ) ;
#6266 = CARTESIAN_POINT ( 'NONE',  ( 3.732426945970975574, 47.23294504281854245, 190.2482966605806212 ) ) ;
#6267 = CARTESIAN_POINT ( 'NONE',  ( 3.066662445442872365, 46.63744080576727669, 190.4627056561177199 ) ) ;
#6268 = CARTESIAN_POINT ( 'NONE',  ( 0.000000000000000000, -24.70179936576349533, -76.17517795805076730 ) ) ;
#6269 = CARTESIAN_POINT ( 'NONE',  ( -1.286675162972685138, 38.58551927344351640, 92.26973242505076200 ) ) ;
#6270 = CARTESIAN_POINT ( 'NONE',  ( 31.83973894963756379, 22.40296449142858748, 49.37620541646428762 ) ) ;
#6271 = ORIENTED_EDGE ( 'NONE', *, *, #357, .F. ) ;
#6272 = CARTESIAN_POINT ( 'NONE',  ( -0.3298391376698168731, 39.32802877967283450, 97.17649365165607378 ) ) ;
#6273 = CARTESIAN_POINT ( 'NONE',  ( -1.793437411546241478, 45.87555291334074070, 252.9410945478491897 ) ) ;
#6274 = CARTESIAN_POINT ( 'NONE',  ( -0.3433203612590178810, 47.44185142841585190, 209.0582864432512906 ) ) ;
#6275 = CARTESIAN_POINT ( 'NONE',  ( -33.87450255857313408, 36.01820121571823563, 236.9086946312360737 ) ) ;
#6276 = CARTESIAN_POINT ( 'NONE',  ( -3.146896805639176620E-14, 41.87538907178089431, 125.6496688811249385 ) ) ;
#6277 = CARTESIAN_POINT ( 'NONE',  ( -2.088373853475112618, 20.02118164067743322, 444.1606853142330920 ) ) ;
#6278 = CARTESIAN_POINT ( 'NONE',  ( 3.110351319552131066, 40.10749695218385824, 109.7168272197196046 ) ) ;
#6279 = CARTESIAN_POINT ( 'NONE',  ( -3.302423590642567852, 4.628195515106217073, -41.47021073289514703 ) ) ;
#6280 = CARTESIAN_POINT ( 'NONE',  ( 2.883333089012468431, 37.06396331801435196, 58.55160058116674549 ) ) ;
#6281 = CARTESIAN_POINT ( 'NONE',  ( 0.1220467417523515563, 46.85766774906640819, 208.4485850156317213 ) ) ;
#6282 = CARTESIAN_POINT ( 'NONE',  ( 0.1904157182346306598, 26.59370752707045682, 24.53713278037068335 ) ) ;
#6283 =( BOUNDED_SURFACE ( )  B_SPLINE_SURFACE ( 3, 2, ( 
 ( #3375, #1488, #2141 ),
 ( #840, #6338, #7729 ),
 ( #2654, #3945, #6424 ),
 ( #3337, #5114, #5077 ) ),
 .UNSPECIFIED., .F., .F., .F. ) 
 B_SPLINE_SURFACE_WITH_KNOTS ( ( 4, 4 ),
 ( 3, 3 ),
 ( -1.387778780781445676E-17, 0.0005288795391151968235 ),
 ( 0.000000000000000000, 1.000000000000000000 ),
 .UNSPECIFIED. ) 
 GEOMETRIC_REPRESENTATION_ITEM ( )  RATIONAL_B_SPLINE_SURFACE ( (
 ( 1.000000000000000000, 0.7053895229237540088, 1.000000000000000000),
 ( 1.000000000000000000, 0.7054317065918047636, 1.000000000000000000),
 ( 1.000000000000000000, 0.7054731662606641418, 1.000000000000000000),
 ( 1.000000000000000000, 0.7055137990425597305, 1.000000000000000000) ) ) 
 REPRESENTATION_ITEM ( '' )  SURFACE ( )  );
#6284 = CARTESIAN_POINT ( 'NONE',  ( -10.71961130750829305, 36.07779793481478237, 62.31912070581579144 ) ) ;
#6285 = CARTESIAN_POINT ( 'NONE',  ( 3.146896805639176620E-14, 41.87538907178089431, 125.6496688811249385 ) ) ;
#6286 = CARTESIAN_POINT ( 'NONE',  ( -1.331304062742782568, 10.42035447031314632, 486.5845591189742549 ) ) ;
#6287 = CARTESIAN_POINT ( 'NONE',  ( 1.638813229290470908, 38.54082379753555898, 92.34100148034620759 ) ) ;
#6288 = FACE_OUTER_BOUND ( 'NONE', #2236, .T. ) ;
#6289 = DIRECTION ( 'NONE',  ( 0.000000000000000000, -1.000000000000000000, 0.000000000000000000 ) ) ;
#6290 = DIRECTION ( 'NONE',  ( 0.000000000000000000, 0.000000000000000000, -1.000000000000000000 ) ) ;
#6291 = CARTESIAN_POINT ( 'NONE',  ( 0.8067805704859051241, 46.84802417386053719, 208.4485850156316360 ) ) ;
#6292 = CARTESIAN_POINT ( 'NONE',  ( -3.958767835150443837, 34.71070189539629780, 67.44080427576369630 ) ) ;
#6293 = CARTESIAN_POINT ( 'NONE',  ( 0.000000000000000000, 44.59248601773754928, 128.6496688811247111 ) ) ;
#6294 = CARTESIAN_POINT ( 'NONE',  ( 44.95965009189017536, 30.33988575092048379, 128.6496688811247111 ) ) ;
#6296 = ORIENTED_EDGE ( 'NONE', *, *, #6301, .F. ) ;
#6295 = CARTESIAN_POINT ( 'NONE',  ( -0.7461940103012556502, 43.80372440424493874, 105.2564511888949568 ) ) ;
#6297 = CARTESIAN_POINT ( 'NONE',  ( 17.00163517345336928, 29.93039864510893722, 58.59103842627882131 ) ) ;
#6298 = CARTESIAN_POINT ( 'NONE',  ( 5.297959279925042786, 43.54537519337113594, 181.8281804728607653 ) ) ;
#6299 = CARTESIAN_POINT ( 'NONE',  ( -0.1433722446350675084, 43.66148583811580153, 156.7977386777201048 ) ) ;
#6300 = CARTESIAN_POINT ( 'NONE',  ( 3.406033183647948270, 47.26302154841547321, 189.0394588610165556 ) ) ;
#6301 = EDGE_CURVE ( 'NONE', #5325, #8026, #554, .T. ) ;
#6302 = CARTESIAN_POINT ( 'NONE',  ( 6.132859819528112766, 28.43009116092171595, 399.5846028973078319 ) ) ;
#6303 = CARTESIAN_POINT ( 'NONE',  ( 2.193146094589796480, -8.722081592724736154, 555.0729705871741544 ) ) ;
#6304 = CARTESIAN_POINT ( 'NONE',  ( 3.567114036825362877, 47.24731414593711065, 189.4252221973757173 ) ) ;
#6305 = CARTESIAN_POINT ( 'NONE',  ( -5.464712794159238385, 43.03332182595320177, 161.6968354875096736 ) ) ;
#6306 = EDGE_CURVE ( 'NONE', #7984, #2678, #4839, .T. ) ;
#6307 = CARTESIAN_POINT ( 'NONE',  ( 13.10337437447693354, 42.52469349691357081, 214.0493121098461700 ) ) ;
#6308 = CARTESIAN_POINT ( 'NONE',  ( -1.000000000000015987, 43.59248601773754928, 125.6496688811247253 ) ) ;
#6309 = CARTESIAN_POINT ( 'NONE',  ( -1.638813229290470908, 38.54082379753555898, 92.34100148034620759 ) ) ;
#6310 = CARTESIAN_POINT ( 'NONE',  ( -0.003289816202865658828, 26.57204200211326395, 24.52796821898353485 ) ) ;
#6311 = EDGE_LOOP ( 'NONE', ( #6211, #3713, #2607, #956 ) ) ;
#6312 = CARTESIAN_POINT ( 'NONE',  ( -9.458283386052546149, 39.24082805054879231, 112.8010192189577623 ) ) ;
#6313 = CARTESIAN_POINT ( 'NONE',  ( 0.000000000000000000, 47.62041242848380307, 205.0701292695992777 ) ) ;
#6314 = CARTESIAN_POINT ( 'NONE',  ( -3.049606421456158678, 46.63795958589461321, 190.1220633713528514 ) ) ;
#6315 = DIRECTION ( 'NONE',  ( 1.000000000000000000, 0.000000000000000000, -0.000000000000000000 ) ) ;
#6316 = CARTESIAN_POINT ( 'NONE',  ( -12.86356880811151981, 31.41958604971774349, 377.2397787413708556 ) ) ;
#6317 = CARTESIAN_POINT ( 'NONE',  ( 1.902130867737947373, -5.765155448703533914, -56.51890096845753675 ) ) ;
#6318 = CYLINDRICAL_SURFACE ( 'NONE', #2472, 1.000000000000000222 ) ;
#6319 = CARTESIAN_POINT ( 'NONE',  ( 39.83570236460563052, 22.42589079228451610, 69.16083407968426400 ) ) ;
#6320 = CARTESIAN_POINT ( 'NONE',  ( -0.7298143248848694142, 28.58929921108726901, 32.83699884914690870 ) ) ;
#6321 = CARTESIAN_POINT ( 'NONE',  ( 0.4218234887397744881, 41.35812741954064364, 117.7458650399727418 ) ) ;
#6322 = CARTESIAN_POINT ( 'NONE',  ( 0.000000000000000000, 23.07731326548116613, 429.8900929289059150 ) ) ;
#6323 = CARTESIAN_POINT ( 'NONE',  ( 20.72421402191563544, 34.68788216744135156, 95.06619335699505768 ) ) ;
#6324 = FACE_BOUND ( 'NONE', #262, .T. ) ;
#6325 = ORIENTED_EDGE ( 'NONE', *, *, #6787, .F. ) ;
#6326 = CARTESIAN_POINT ( 'NONE',  ( 0.000000000000000000, 45.30957078689160511, 125.6496679993297505 ) ) ;
#6327 = CARTESIAN_POINT ( 'NONE',  ( 1.862960317769940533, 35.93508975837292496, 73.41125464786081523 ) ) ;
#6328 = CARTESIAN_POINT ( 'NONE',  ( 7.500000000000000000, 29.60772684600566151, 44.25520149868791719 ) ) ;
#6329 = CARTESIAN_POINT ( 'NONE',  ( -0.2779665885061164965, 35.17179985603292636, 66.58563374627438236 ) ) ;
#6330 = CARTESIAN_POINT ( 'NONE',  ( -2.802247006235846882, 43.84481859551600991, 207.0067667567496130 ) ) ;
#6331 = PLANE ( 'NONE',  #527 ) ;
#6333 = EDGE_LOOP ( 'NONE', ( #3183, #5768, #4090, #1280, #5518 ) ) ;
#6332 = CARTESIAN_POINT ( 'NONE',  ( 150.0000000000000568, 14.41729715668834189, 243.9122022442739706 ) ) ;
#6334 = CARTESIAN_POINT ( 'NONE',  ( -0.3451405939546890456, 33.82897166909868503, 58.10192182712670217 ) ) ;
#6335 = CARTESIAN_POINT ( 'NONE',  ( 5.497459568604256219, 43.68731193937913559, 193.5656707518070334 ) ) ;
#6336 = CARTESIAN_POINT ( 'NONE',  ( -0.5089756914984346903, 42.40295359850788515, 133.1092198027535858 ) ) ;
#6337 = CARTESIAN_POINT ( 'NONE',  ( 5.804819271328046426, 42.34023700195427153, 146.7212310534232813 ) ) ;
#6338 = CARTESIAN_POINT ( 'NONE',  ( 0.3490159470105796968, 47.57130205990600302, 187.8683353890675960 ) ) ;
#6339 = CARTESIAN_POINT ( 'NONE',  ( -1.412905495387613675, 38.87119500223062829, 332.0564048275492723 ) ) ;
#6340 = CARTESIAN_POINT ( 'NONE',  ( -2.560296908970711272, -8.941921420989110914, 555.3173611246556902 ) ) ;
#6341 = CARTESIAN_POINT ( 'NONE',  ( 43.95965009189017536, 30.33988575092048379, 125.6496688811247253 ) ) ;
#6342 = CARTESIAN_POINT ( 'NONE',  ( 1.902130867737947373, -5.765155448703533914, -56.51890096845753675 ) ) ;
#6343 = CARTESIAN_POINT ( 'NONE',  ( 1.933654648260686226, 47.31430325912668877, 208.7355669309950201 ) ) ;
#6344 = CARTESIAN_POINT ( 'NONE',  ( -2.545275847175163086, 46.97260807575818831, 188.8676678262996518 ) ) ;
#6345 = CARTESIAN_POINT ( 'NONE',  ( -33.99743209328332938, 33.54855140924520640, 127.6220195864440399 ) ) ;
#6346 = EDGE_CURVE ( 'NONE', #5343, #5140, #5191, .T. ) ;
#6347 = FACE_OUTER_BOUND ( 'NONE', #7030, .T. ) ;
#6348 = CARTESIAN_POINT ( 'NONE',  ( 8.822325477228174506, 42.91043633887806408, 171.8303285579100361 ) ) ;
#6349 = EDGE_LOOP ( 'NONE', ( #5223, #2777, #2198, #1770 ) ) ;
#6350 = AXIS2_PLACEMENT_3D ( 'NONE', #5583, #6924, #6315 ) ;
#6351 = CARTESIAN_POINT ( 'NONE',  ( -53.53631383660904675, 25.12306604620506789, 159.5366113987795131 ) ) ;
#6352 = CARTESIAN_POINT ( 'NONE',  ( -48.09887603462018291, 19.47765558591667556, 290.8986780379959782 ) ) ;
#6353 = FACE_OUTER_BOUND ( 'NONE', #2117, .T. ) ;
#6354 = VECTOR ( 'NONE', #5367, 1000.000000000000114 ) ;
#6355 = CARTESIAN_POINT ( 'NONE',  ( -3.703760565026848806, 47.18270334893846041, 206.2815367584350952 ) ) ;
#6356 = VECTOR ( 'NONE', #222, 1000.000000000000000 ) ;
#6357 = CARTESIAN_POINT ( 'NONE',  ( 1.145115487848116009, 23.11885975406494254, 429.9532895041899678 ) ) ;
#6358 = CARTESIAN_POINT ( 'NONE',  ( 0.3642693113751057088, 43.09650020462139253, 144.9207970467758742 ) ) ;
#6359 = EDGE_CURVE ( 'NONE', #7638, #5560, #4160, .T. ) ;
#6360 = ADVANCED_FACE ( 'NONE', ( #3508 ), #4275, .F. ) ;
#6361 = CARTESIAN_POINT ( 'NONE',  ( 47.73077409305695795, 29.65291211942639293, 176.8530344199435831 ) ) ;
#6362 = VECTOR ( 'NONE', #5395, 1000.000000000000000 ) ;
#6363 = CARTESIAN_POINT ( 'NONE',  ( -28.52649240996227320, -9.360615050134562409, -39.65852415072266979 ) ) ;
#6364 = CARTESIAN_POINT ( 'NONE',  ( 2.422485906458592630, 46.63839692601325737, 207.5719129161021215 ) ) ;
#6365 = CARTESIAN_POINT ( 'NONE',  ( 15.38697414688435927, 26.03476855658966826, 37.70309874982183374 ) ) ;
#6366 = CARTESIAN_POINT ( 'NONE',  ( -6.939183831652796286, 27.86846679867251098, 35.12069408689931294 ) ) ;
#6367 = CARTESIAN_POINT ( 'NONE',  ( -53.35623814217884586, 16.83228722618856921, 246.4189050667629601 ) ) ;
#6368 = CARTESIAN_POINT ( 'NONE',  ( 0.2117244505062904625, 40.58348969458782562, 109.2193123591432453 ) ) ;
#6370 = ORIENTED_EDGE ( 'NONE', *, *, #3178, .T. ) ;
#6369 = CARTESIAN_POINT ( 'NONE',  ( -0.2117244505062904625, 40.58348969458782562, 109.2193123591432453 ) ) ;
#6371 = ORIENTED_EDGE ( 'NONE', *, *, #4858, .F. ) ;
#6372 = CARTESIAN_POINT ( 'NONE',  ( 86.91359524864041930, -11.34795942607654595, 48.66319268689352384 ) ) ;
#6373 = CARTESIAN_POINT ( 'NONE',  ( 2.301745195032053548, 37.65622154719689263, 85.49618751329903432 ) ) ;
#6374 = CARTESIAN_POINT ( 'NONE',  ( -3.146896805639176620E-14, 41.87538907178089431, 125.6496688811249385 ) ) ;
#6375 = CARTESIAN_POINT ( 'NONE',  ( -1.007180111889490082, 35.08076942479503657, 66.63612503058416792 ) ) ;
#6376 = CARTESIAN_POINT ( 'NONE',  ( 0.4666624454429734725, 46.97260807575818831, 187.8683353890677097 ) ) ;
#6377 = B_SPLINE_CURVE_WITH_KNOTS ( 'NONE', 3,
 ( #4763, #7860, #3012, #4198, #1857, #1816, #4316, #1701 ),
 .UNSPECIFIED., .F., .F.,
 ( 4, 2, 2, 4 ),
 ( 0.05809546356088537977, 0.07235929548108760434, 0.08662312740128982891, 0.1151507912416942503 ),
 .UNSPECIFIED. ) ;
#6378 = LINE ( 'NONE', #5231, #7664 ) ;
#6379 = EDGE_LOOP ( 'NONE', ( #7021, #4370, #7945, #6690 ) ) ;
#6380 = CARTESIAN_POINT ( 'NONE',  ( 43.48251464180317072, 24.82048088091934801, 94.52847084419713042 ) ) ;
#6381 = CARTESIAN_POINT ( 'NONE',  ( 16.22354064954539510, 41.86677804866826591, 187.6956145594969882 ) ) ;
#6382 = CARTESIAN_POINT ( 'NONE',  ( -6.831934932504801772, 41.59339931915589972, 135.3371628857136102 ) ) ;
#6383 = CARTESIAN_POINT ( 'NONE',  ( 42.94108263562269912, 32.50611150811590733, 187.9659752792758809 ) ) ;
#6384 = CARTESIAN_POINT ( 'NONE',  ( -3.408777080412554117, 43.76797032871665749, 181.0742043376092170 ) ) ;
#6385 = CARTESIAN_POINT ( 'NONE',  ( 6.363334136993229251, 22.76016894090687614, 428.8992649007137175 ) ) ;
#6386 = LINE ( 'NONE', #7037, #521 ) ;
#6387 = CARTESIAN_POINT ( 'NONE',  ( 13.12388218419876118, 45.96321100637539558, 214.0493121098461415 ) ) ;
#6388 = CARTESIAN_POINT ( 'NONE',  ( -12.42468602756070162, 0.8701743984461717263, -41.28002289990918428 ) ) ;
#6389 = DIRECTION ( 'NONE',  ( -0.000000000000000000, -1.000000000000000000, -0.000000000000000000 ) ) ;
#6390 = CARTESIAN_POINT ( 'NONE',  ( 12.53024648189237311, -15.07893345480093927, -60.27095919175482663 ) ) ;
#6391 = CARTESIAN_POINT ( 'NONE',  ( -7.029150374195492823, 36.77664336582725468, 85.95057777218694639 ) ) ;
#6392 = CARTESIAN_POINT ( 'NONE',  ( 0.000000000000000000, 15.00000000000000000, 34.84931210984616712 ) ) ;
#6393 = VERTEX_POINT ( 'NONE', #6104 ) ;
#6394 = CARTESIAN_POINT ( 'NONE',  ( -7.174723310332784543, 37.01515882351735343, 87.57204674507018183 ) ) ;
#6395 = CARTESIAN_POINT ( 'NONE',  ( -6.132859819528112766, 28.43009116092171595, 399.5846028973078319 ) ) ;
#6396 = CARTESIAN_POINT ( 'NONE',  ( 8.046221188284620851, 40.62185159204860696, 125.6496688811248106 ) ) ;
#6397 = CARTESIAN_POINT ( 'NONE',  ( -6.487160277154800703, 19.72214760585052673, 443.3057579004467357 ) ) ;
#6398 = CARTESIAN_POINT ( 'NONE',  ( -9.113732867565333962, 42.49274849355882822, 160.2236867250458658 ) ) ;
#6400 = EDGE_LOOP ( 'NONE', ( #7495, #2622, #5411 ) ) ;
#6399 = CARTESIAN_POINT ( 'NONE',  ( 3.471886863629905395, 41.48876817582650034, 127.0221465585570115 ) ) ;
#6401 = CARTESIAN_POINT ( 'NONE',  ( 7.040411409788942976, 40.71651751976848743, 123.4820575563295790 ) ) ;
#6402 = CARTESIAN_POINT ( 'NONE',  ( -80.59194385665391280, 16.18280436951648937, 103.7926928775323461 ) ) ;
#6403 = EDGE_CURVE ( 'NONE', #7205, #2463, #5485, .T. ) ;
#6404 = CARTESIAN_POINT ( 'NONE',  ( 2.187377882989505196E-14, 43.63286535125890708, 158.6936551324427569 ) ) ;
#6405 = CARTESIAN_POINT ( 'NONE',  ( 34.19717336228087845, 22.17428447682153347, 53.47640322395384516 ) ) ;
#6406 = CARTESIAN_POINT ( 'NONE',  ( 24.21939355716626707, 27.86145890298278616, 42.66591345759309206 ) ) ;
#6407 = ADVANCED_FACE ( 'NONE', ( #7365 ), #6143, .T. ) ;
#6408 = CARTESIAN_POINT ( 'NONE',  ( 0.2136216091474547885, 41.33269105965767665, 117.7462486494230944 ) ) ;
#6410 = ORIENTED_EDGE ( 'NONE', *, *, #2873, .F. ) ;
#6409 = CARTESIAN_POINT ( 'NONE',  ( 1.605491833723492690, 39.45075727073987792, 100.8776509495023959 ) ) ;
#6411 = ORIENTED_EDGE ( 'NONE', *, *, #7554, .T. ) ;
#6412 = CARTESIAN_POINT ( 'NONE',  ( 8.966662445441933471, 43.12864966517708609, 212.8970381941021515 ) ) ;
#6413 = CARTESIAN_POINT ( 'NONE',  ( 46.82150710905460755, 26.77778520290749853, 127.1160514704201034 ) ) ;
#6414 = DIRECTION ( 'NONE',  ( 1.000000000000000000, 0.000000000000000000, 0.000000000000000000 ) ) ;
#6415 = CARTESIAN_POINT ( 'NONE',  ( -3.218074973323464150, 34.80452880709191987, 67.14852522444445526 ) ) ;
#6416 = CARTESIAN_POINT ( 'NONE',  ( -0.8060764416218137995, 46.79637530971888282, 208.4317521061554714 ) ) ;
#6417 = B_SPLINE_CURVE_WITH_KNOTS ( 'NONE', 3,
 ( #5947, #394, #2860, #7579, #4960, #6305 ),
 .UNSPECIFIED., .F., .F.,
 ( 4, 2, 4 ),
 ( 0.0003081126230502099833, 0.02556168012269355652, 0.05081524762233689818 ),
 .UNSPECIFIED. ) ;
#6418 = CARTESIAN_POINT ( 'NONE',  ( -5.992231780927470552, 42.84675616651767172, 158.6978529534098072 ) ) ;
#6420 = VERTEX_POINT ( 'NONE', #8014 ) ;
#6419 = CARTESIAN_POINT ( 'NONE',  ( 48.66052223538312660, 20.01856953383997606, 283.3055368768748394 ) ) ;
#6421 = CARTESIAN_POINT ( 'NONE',  ( 8.368324420179792611, 34.13472305100874848, 69.65580189073747874 ) ) ;
#6422 = CARTESIAN_POINT ( 'NONE',  ( 0.1327634761024131249, 43.93700586790405538, 214.8784139834819200 ) ) ;
#6423 = CARTESIAN_POINT ( 'NONE',  ( -0.2847643119027181147, 44.02083846997419414, 168.5757567249692102 ) ) ;
#6424 = CARTESIAN_POINT ( 'NONE',  ( 0.1157063347074010623, 46.98806938827686253, 187.8683353890675107 ) ) ;
#6425 = CARTESIAN_POINT ( 'NONE',  ( -3.314246904177903463, 43.93495711415064164, 192.7173702200197454 ) ) ;
#6426 = CARTESIAN_POINT ( 'NONE',  ( 2.088373853475112618, 20.02118164067743322, 444.1606853142330920 ) ) ;
#6427 = CARTESIAN_POINT ( 'NONE',  ( -9.620743624274640027, -11.03377133881076233, 549.8478901275921089 ) ) ;
#6428 = CARTESIAN_POINT ( 'NONE',  ( -7.623194668007250208, 43.26522439345894355, 212.8963230839620451 ) ) ;
#6429 = CARTESIAN_POINT ( 'NONE',  ( -56.44355950920334664, -5.401506154520962610, 202.8927154750770683 ) ) ;
#6430 = CARTESIAN_POINT ( 'NONE',  ( -0.9524719360756089825, -9.975947145280258610, -61.05127630084054857 ) ) ;
#6431 = CARTESIAN_POINT ( 'NONE',  ( -8.079400087720337353, 36.63239043754605717, 86.52003872132418394 ) ) ;
#6432 = CARTESIAN_POINT ( 'NONE',  ( 1.108269134256820276, 28.54514184272870381, 32.86534813575817537 ) ) ;
#6433 = CARTESIAN_POINT ( 'NONE',  ( -0.5142015829932919946, 44.17919913926343867, 180.2216261414487519 ) ) ;
#6434 = VERTEX_POINT ( 'NONE', #595 ) ;
#6435 = CARTESIAN_POINT ( 'NONE',  ( -1.812138725965408037, 37.71872070249668951, 85.36751184039594875 ) ) ;
#6436 = CARTESIAN_POINT ( 'NONE',  ( -0.7892887599068222348, 40.84728336498595525, 79.87203680722943488 ) ) ;
#6437 = CARTESIAN_POINT ( 'NONE',  ( 1.099358371358075015, 25.93118054957675866, 415.4839356155417249 ) ) ;
#6438 = CARTESIAN_POINT ( 'NONE',  ( -2.721910974986907039, 46.67643229115227399, 189.1608878323136764 ) ) ;
#6439 = CARTESIAN_POINT ( 'NONE',  ( 1.771360456139411843, 46.79494136380169778, 188.1935267930186058 ) ) ;
#6440 = CARTESIAN_POINT ( 'NONE',  ( -36.87704838372232530, 0.06862354129085444787, 457.0708091009332747 ) ) ;
#6441 = ORIENTED_EDGE ( 'NONE', *, *, #1946, .T. ) ;
#6442 = CARTESIAN_POINT ( 'NONE',  ( -0.04195781172263831488, 41.63294629670351554, 121.1150971301237718 ) ) ;
#6443 = CARTESIAN_POINT ( 'NONE',  ( -11.76711777406544357, 23.42470861069366350, 9.197752124484701142 ) ) ;
#6444 = CARTESIAN_POINT ( 'NONE',  ( -45.22436093088582965, 19.91791448452044122, 73.67951164310782985 ) ) ;
#6445 = CARTESIAN_POINT ( 'NONE',  ( -9.650457210473206260, 42.47422119080876257, 108.3197917343866408 ) ) ;
#6446 = EDGE_CURVE ( 'NONE', #5586, #4850, #878, .T. ) ;
#6448 = ORIENTED_EDGE ( 'NONE', *, *, #7749, .T. ) ;
#6447 = CARTESIAN_POINT ( 'NONE',  ( 39.32903526701460351, 31.92868827068638637, 136.9057292979403258 ) ) ;
#6449 = ORIENTED_EDGE ( 'NONE', *, *, #6831, .F. ) ;
#6450 = CARTESIAN_POINT ( 'NONE',  ( 12.50569815975795684, -8.939040514739479804, -53.94021469740130925 ) ) ;
#6451 = CARTESIAN_POINT ( 'NONE',  ( 11.18254302125321331, 34.69368754165344626, 77.95343873027628945 ) ) ;
#6452 = LINE ( 'NONE', #2681, #7676 ) ;
#6453 = CARTESIAN_POINT ( 'NONE',  ( -7.025013102056283820, 32.90758858832018063, 60.41319580045584559 ) ) ;
#6454 = CARTESIAN_POINT ( 'NONE',  ( 2.738145295489168518, 46.97260807575818831, 189.1554641129578158 ) ) ;
#6455 = LINE ( 'NONE', #920, #4921 ) ;
#6456 = CARTESIAN_POINT ( 'NONE',  ( -1.536255518351238303, 46.03229346627335872, 252.4759691116221347 ) ) ;
#6457 = CARTESIAN_POINT ( 'NONE',  ( -0.2298050388773870134, 36.47567305647665847, 75.10429509378202795 ) ) ;
#6458 = CARTESIAN_POINT ( 'NONE',  ( 15.16986290641980339, 42.21967723455651367, 209.8191231313795981 ) ) ;
#6459 = DIRECTION ( 'NONE',  ( 0.000000000000000000, 0.000000000000000000, 1.000000000000000000 ) ) ;
#6460 = CARTESIAN_POINT ( 'NONE',  ( -44.66016847429774828, 31.53239650545481254, 222.7596157466440445 ) ) ;
#6461 = CARTESIAN_POINT ( 'NONE',  ( 149.9999999999996589, 3.010335517173705178, 393.8851699768119943 ) ) ;
#6462 = CARTESIAN_POINT ( 'NONE',  ( -7.193853010854474483, -10.41107745454391420, 557.8597997808570881 ) ) ;
#6463 = CARTESIAN_POINT ( 'NONE',  ( -43.95965009189017536, 30.33988575092048379, 125.6496688811247253 ) ) ;
#6464 = CARTESIAN_POINT ( 'NONE',  ( -12.37917598823336540, 4.075400731689930112, -36.12926134960945035 ) ) ;
#6465 = DIRECTION ( 'NONE',  ( 1.000000000000000000, 0.000000000000000000, 0.000000000000000000 ) ) ;
#6466 = CARTESIAN_POINT ( 'NONE',  ( 0.000000000000000000, 1.530671358679228655, -46.61894072316960802 ) ) ;
#6467 = CARTESIAN_POINT ( 'NONE',  ( 0.3191061398313750352, 36.48689313044975080, 75.10772437639298005 ) ) ;
#6468 = CARTESIAN_POINT ( 'NONE',  ( 1.873886904356900862, 28.45679859910310228, 33.00404330438971812 ) ) ;
#6469 = EDGE_LOOP ( 'NONE', ( #7255, #3847, #6175, #3436 ) ) ;
#6470 = CARTESIAN_POINT ( 'NONE',  ( -14.52258278139374248, 35.95564989687972002, 91.91790531544299370 ) ) ;
#6471 = CARTESIAN_POINT ( 'NONE',  ( -2.106299519530117959, 46.03114097764294144, 130.5598387451737779 ) ) ;
#6472 = CARTESIAN_POINT ( 'NONE',  ( -5.833484303085390010, 40.92873967100756971, 312.9953586469236484 ) ) ;
#6473 = CARTESIAN_POINT ( 'NONE',  ( 3.066662445442872365, 46.63744080576727669, 190.4627056561177199 ) ) ;
#6474 = CIRCLE ( 'NONE', #1567, 1.000000000000000222 ) ;
#6475 = B_SPLINE_CURVE_WITH_KNOTS ( 'NONE', 3,
 ( #5849, #2051, #1479, #789 ),
 .UNSPECIFIED., .F., .F.,
 ( 4, 4 ),
 ( 5.117880154264639908E-17, 0.0004688115894955512987 ),
 .UNSPECIFIED. ) ;
#6476 = COLOUR_RGB ( '',0.7921568627450980005, 0.8196078431372548767, 0.9333333333333333481 ) ;
#6477 = CARTESIAN_POINT ( 'NONE',  ( 36.39338372330776394, -3.366029079672264057, 468.1666420047091037 ) ) ;
#6478 = ORIENTED_EDGE ( 'NONE', *, *, #3284, .F. ) ;
#6479 = CARTESIAN_POINT ( 'NONE',  ( -149.9999999999999716, 10.35078035734875535, 226.4890547709782993 ) ) ;
#6480 = CARTESIAN_POINT ( 'NONE',  ( 0.6375381938055046938, 46.81301361531161120, 208.4485850156316360 ) ) ;
#6481 = CIRCLE ( 'NONE', #5968, 1.000000000000000888 ) ;
#6482 = CARTESIAN_POINT ( 'NONE',  ( -7.017968731553916761, 25.78674426291697941, 26.89718135338417326 ) ) ;
#6483 = CARTESIAN_POINT ( 'NONE',  ( -22.01802724243391651, 40.49517762205267246, 116.2537897038075414 ) ) ;
#6484 = CARTESIAN_POINT ( 'NONE',  ( 34.52400408080006855, 35.18495597804556496, 154.1031944720939180 ) ) ;
#6485 = MECHANICAL_DESIGN_GEOMETRIC_PRESENTATION_REPRESENTATION (  '', ( #940 ), #4920 ) ;
#6487 = VERTEX_POINT ( 'NONE', #5695 ) ;
#6486 = CARTESIAN_POINT ( 'NONE',  ( -0.4679998816216810464, 40.61518638057997777, 109.2218030358405514 ) ) ;
#6488 = ORIENTED_EDGE ( 'NONE', *, *, #1217, .F. ) ;
#6489 = CARTESIAN_POINT ( 'NONE',  ( 3.350178695052929978, -24.66882895534568121, -76.10165956531285758 ) ) ;
#6490 = CARTESIAN_POINT ( 'NONE',  ( 0.1316625916869920976, 44.00476989210981316, 168.5868007672538624 ) ) ;
#6491 = CARTESIAN_POINT ( 'NONE',  ( -0.5582433140298689311, 36.23854377026026441, 73.23039269029585796 ) ) ;
#6492 = CARTESIAN_POINT ( 'NONE',  ( -1.772612485579541541, 44.01373920013634944, 188.1942056974796742 ) ) ;
#6493 = CARTESIAN_POINT ( 'NONE',  ( -11.44310412879595340, 32.32175235968178839, 62.94403856607640080 ) ) ;
#6494 = CARTESIAN_POINT ( 'NONE',  ( -2.423034289935355634, 43.87290006364960249, 207.5713423370654880 ) ) ;
#6495 = CIRCLE ( 'NONE', #1066, 0.5999999999999980904 ) ;
#6496 = EDGE_CURVE ( 'NONE', #1784, #1851, #5690, .T. ) ;
#6497 = CIRCLE ( 'NONE', #7523, 1.000000000000000222 ) ;
#6498 = CARTESIAN_POINT ( 'NONE',  ( 48.88661817481857952, 28.84062732959467823, 173.9313856131321927 ) ) ;
#6499 = CARTESIAN_POINT ( 'NONE',  ( 52.51231461823631719, 36.78377033823687015, 237.1480678699628015 ) ) ;
#6500 = CARTESIAN_POINT ( 'NONE',  ( 8.007688699475490779, 34.18353867412523073, 69.45057880608149503 ) ) ;
#6501 = CARTESIAN_POINT ( 'NONE',  ( 36.36941963161082469, 35.68589031833932523, 186.7975523094604569 ) ) ;
#6502 = CARTESIAN_POINT ( 'NONE',  ( 8.966662445441672347, 43.18783216155693339, 188.1261572865645064 ) ) ;
#6503 = CARTESIAN_POINT ( 'NONE',  ( -4.168541300569536645, 43.67962800610581553, 181.3681578294701637 ) ) ;
#6504 = CARTESIAN_POINT ( 'NONE',  ( 0.000000000000000000, 23.07731326548116613, 429.8900929289059150 ) ) ;
#6505 = CARTESIAN_POINT ( 'NONE',  ( -49.06494013789126285, 33.05050087376877599, 187.6924931863528343 ) ) ;
#6506 = FACE_OUTER_BOUND ( 'NONE', #4591, .T. ) ;
#6507 = EDGE_CURVE ( 'NONE', #8026, #1710, #7835, .T. ) ;
#6508 = CARTESIAN_POINT ( 'NONE',  ( -12.49172242615647477, -6.277043314077721980, -50.97366954480303747 ) ) ;
#6509 = CARTESIAN_POINT ( 'NONE',  ( -0.9510654338689736864, -5.798701977451038658, -56.53318865688525818 ) ) ;
#6510 = EDGE_CURVE ( 'NONE', #3747, #2242, #7055, .T. ) ;
#6511 = CARTESIAN_POINT ( 'NONE',  ( 0.3860330341529862874, 36.49530443426625936, 75.11092721956512719 ) ) ;
#6512 = CARTESIAN_POINT ( 'NONE',  ( 17.50823650491738448, 26.50814129914983752, 42.30826301745107543 ) ) ;
#6513 = ORIENTED_EDGE ( 'NONE', *, *, #4265, .T. ) ;
#6514 = CARTESIAN_POINT ( 'NONE',  ( -51.11079760983847819, 26.21308253659980636, 151.6677146780280339 ) ) ;
#6515 = CARTESIAN_POINT ( 'NONE',  ( 2.972288463451770113, 33.79696142559792804, 41.75401259452486613 ) ) ;
#6516 = CARTESIAN_POINT ( 'NONE',  ( 0.5029842643031070537, 32.03122875688352877, 380.6520867096004395 ) ) ;
#6517 = CARTESIAN_POINT ( 'NONE',  ( -2.802163063343689142, 46.66659685965978355, 189.3100880429597055 ) ) ;
#6518 = CARTESIAN_POINT ( 'NONE',  ( 8.966662445441933471, 42.93931789672131316, 176.7376644400902705 ) ) ;
#6519 = CARTESIAN_POINT ( 'NONE',  ( -150.0000000000003126, 4.384157842436207098, 385.9904724453040785 ) ) ;
#6520 = B_SPLINE_CURVE_WITH_KNOTS ( 'NONE', 3,
 ( #3498, #3651, #426, #583 ),
 .UNSPECIFIED., .F., .F.,
 ( 4, 4 ),
 ( 1.951563910473907981E-18, 0.0004681965170910776263 ),
 .UNSPECIFIED. ) ;
#6521 = CARTESIAN_POINT ( 'NONE',  ( 10.55815539007339510, 8.766027140151836150, 480.2865580578388176 ) ) ;
#6522 = ORIENTED_EDGE ( 'NONE', *, *, #1703, .F. ) ;
#6523 = CARTESIAN_POINT ( 'NONE',  ( 0.000000000000000000, 20.62319512748768346, -7.191526245911063597 ) ) ;
#6524 = CARTESIAN_POINT ( 'NONE',  ( 2.811332342325376654, 47.25988868923044350, 206.9876598285480327 ) ) ;
#6525 = CARTESIAN_POINT ( 'NONE',  ( -5.966662445441321516, 42.86056831700848591, 161.6977400310337032 ) ) ;
#6526 = CARTESIAN_POINT ( 'NONE',  ( 1.232214472287483709, 47.77296557967702739, 180.4880816561268375 ) ) ;
#6528 = ORIENTED_EDGE ( 'NONE', *, *, #1464, .F. ) ;
#6527 = CARTESIAN_POINT ( 'NONE',  ( -0.4217533618813472107, 39.70507108418998143, 100.6910122597934958 ) ) ;
#6529 = CARTESIAN_POINT ( 'NONE',  ( 38.06231726350882383, 34.89105426724536585, 207.5700138891928361 ) ) ;
#6530 = CARTESIAN_POINT ( 'NONE',  ( -1.897887140548182083, -1.930630389853631890, -51.65318905880917555 ) ) ;
#6531 = CARTESIAN_POINT ( 'NONE',  ( 3.195382238905792427, 38.96381317762928376, 97.74687818553071850 ) ) ;
#6532 = CARTESIAN_POINT ( 'NONE',  ( 0.2399060336471307286, 32.18284994730487369, 49.65613748648393511 ) ) ;
#6533 = CARTESIAN_POINT ( 'NONE',  ( -2.736213125826711945, 46.60891240251953604, 207.1644506552606515 ) ) ;
#6534 = CARTESIAN_POINT ( 'NONE',  ( -0.8554508100735889187, 47.41031132366435941, 208.4252136859596760 ) ) ;
#6535 = CARTESIAN_POINT ( 'NONE',  ( 0.000000000000000000, 42.53272745866301818, 298.2006047040866861 ) ) ;
#6536 = CARTESIAN_POINT ( 'NONE',  ( 6.912277079970377436, 34.32960824110287490, 68.84686540134921984 ) ) ;
#6537 = CARTESIAN_POINT ( 'NONE',  ( -0.3560967081494585407, 44.22531133232795497, 203.4321415101823902 ) ) ;
#6538 = CARTESIAN_POINT ( 'NONE',  ( -56.52914563521074598, -13.16024702830548954, 195.5971044673015626 ) ) ;
#6539 = CARTESIAN_POINT ( 'NONE',  ( -0.4793067485686602347, 44.08031082526967026, 180.3252812339152342 ) ) ;
#6540 = CARTESIAN_POINT ( 'NONE',  ( 36.87704838372232530, 0.06862354129085444787, 457.0708091009332747 ) ) ;
#6541 = CARTESIAN_POINT ( 'NONE',  ( -13.10337437447693354, 42.52469349691357081, 214.0493121098461700 ) ) ;
#6542 = DIRECTION ( 'NONE',  ( 0.000000000000000000, 0.000000000000000000, -1.000000000000000000 ) ) ;
#6543 = CARTESIAN_POINT ( 'NONE',  ( 3.335770872489703276, -10.08423850523609744, -61.08048033209797012 ) ) ;
#6544 = CARTESIAN_POINT ( 'NONE',  ( -0.4974842146915228747, 42.99716296002655014, 144.9841812355275579 ) ) ;
#6545 = CARTESIAN_POINT ( 'NONE',  ( -3.162444189952995810, 36.04905264966131284, 75.65827712226108304 ) ) ;
#6546 = CARTESIAN_POINT ( 'NONE',  ( -0.2258264361734714232, 30.54807934385309665, 41.21552197561971553 ) ) ;
#6547 = ADVANCED_FACE ( 'NONE', ( #719 ), #144, .T. ) ;
#6548 = ORIENTED_EDGE ( 'NONE', *, *, #7257, .T. ) ;
#6549 = CARTESIAN_POINT ( 'NONE',  ( -40.63680420335268906, 28.84994865377140627, 111.6072480254918133 ) ) ;
#6550 = CARTESIAN_POINT ( 'NONE',  ( 0.000000000000000000, 37.42084218078985458, 58.72214691171561185 ) ) ;
#6551 = CARTESIAN_POINT ( 'NONE',  ( -42.82036082025610568, 33.85106947388772625, 320.0000000000000568 ) ) ;
#6552 = CARTESIAN_POINT ( 'NONE',  ( -4.180189836888331456, 43.57636415343272773, 215.9362730375010244 ) ) ;
#6553 = CARTESIAN_POINT ( 'NONE',  ( 6.309460606550978845, 30.06000340959646522, 44.89313294846517266 ) ) ;
#6554 = LINE ( 'NONE', #3473, #1568 ) ;
#6555 = CARTESIAN_POINT ( 'NONE',  ( -149.9999999999995168, -1.113709569569687474, 417.4376239672698148 ) ) ;
#6556 = CARTESIAN_POINT ( 'NONE',  ( 0.2963803186161813041, 40.59396979303947006, 109.2191838984847720 ) ) ;
#6557 = CARTESIAN_POINT ( 'NONE',  ( -0.6857961776820891142, 6.775705951531614701, 500.7587486378974972 ) ) ;
#6558 = CARTESIAN_POINT ( 'NONE',  ( 2.817357777913640060, 8.097330774758388472, -35.80875540050892170 ) ) ;
#6559 = CARTESIAN_POINT ( 'NONE',  ( 12.19452602093912574, 30.33319907688692041, 36.56938273048655930 ) ) ;
#6560 = CARTESIAN_POINT ( 'NONE',  ( 0.5120851727837461009, 45.98408210575418309, 252.6190356612356140 ) ) ;
#6562 = ORIENTED_EDGE ( 'NONE', *, *, #7000, .T. ) ;
#6561 = CARTESIAN_POINT ( 'NONE',  ( 0.2119944303818521170, 40.53094160612252495, 109.2310563988976497 ) ) ;
#6563 = CARTESIAN_POINT ( 'NONE',  ( 0.3215790466917206603, 43.97217616234991766, 214.8193424367696593 ) ) ;
#6564 = VERTEX_POINT ( 'NONE', #3863 ) ;
#6565 = CARTESIAN_POINT ( 'NONE',  ( 0.000000000000000000, -2.015148108693687767, -51.69602975127715183 ) ) ;
#6566 = CARTESIAN_POINT ( 'NONE',  ( -0.4424391598386206992, 39.42494429054195848, 97.17011204929525547 ) ) ;
#6567 = CARTESIAN_POINT ( 'NONE',  ( 42.95965009189016826, 30.33988575092048379, 122.6496688811247111 ) ) ;
#6568 = CARTESIAN_POINT ( 'NONE',  ( 0.2858362893147029515, 32.18849763268229225, 49.65888201772675359 ) ) ;
#6569 = CARTESIAN_POINT ( 'NONE',  ( 26.41759092109768758, 42.94156518286773405, 213.2638101541633091 ) ) ;
#6570 = B_SPLINE_SURFACE_WITH_KNOTS ( 'NONE', 3, 1, ( 
 ( #1817, #1778 ),
 ( #4731, #7822 ),
 ( #1091, #3624 ),
 ( #6701, #2336 ) ),
 .UNSPECIFIED., .F., .F., .F.,
 ( 4, 4 ),
 ( 2, 2 ),
 ( 0.000000000000000000, 1.000000000000000000 ),
 ( 0.000000000000000000, 1.000000000000000000 ),
 .UNSPECIFIED. ) ;
#6571 = CARTESIAN_POINT ( 'NONE',  ( -0.6375381938204043308, 46.81301361531012617, 208.4485850156316360 ) ) ;
#6572 = CARTESIAN_POINT ( 'NONE',  ( 0.000000000000000000, 28.59958286175763931, 400.6555249589480923 ) ) ;
#6573 = CARTESIAN_POINT ( 'NONE',  ( -0.2744718502044876662, 36.48128434856630520, 75.10579971736082427 ) ) ;
#6574 = CARTESIAN_POINT ( 'NONE',  ( 0.6830940241798795221, 43.91790324852035354, 168.6865531934248565 ) ) ;
#6575 = CARTESIAN_POINT ( 'NONE',  ( 1.097754699641573239E-14, 43.73125660884991106, 161.6931810761359998 ) ) ;
#6576 = CARTESIAN_POINT ( 'NONE',  ( 59.71558549167485808, -8.266634582424307709, 438.4425714590527150 ) ) ;
#6577 = CARTESIAN_POINT ( 'NONE',  ( -44.54904232686244114, 35.57008232047638785, 200.3439194167243897 ) ) ;
#6578 = CARTESIAN_POINT ( 'NONE',  ( 3.066662445306835849, 47.30612138985477344, 200.7158430613056623 ) ) ;
#6579 = CARTESIAN_POINT ( 'NONE',  ( -149.9999999999999716, 10.35078035734875535, 226.4890547709782993 ) ) ;
#6580 = DIRECTION ( 'NONE',  ( 0.000000000000000000, -0.2207185206826549617, -0.9753375490709155216 ) ) ;
#6581 = CARTESIAN_POINT ( 'NONE',  ( 150.0000000000000000, 6.573444530005628117, 217.0034385749200965 ) ) ;
#6582 = CARTESIAN_POINT ( 'NONE',  ( -4.973804309468448537, 42.44922665877091106, 146.3405840936668767 ) ) ;
#6583 = CARTESIAN_POINT ( 'NONE',  ( 45.22436093088582965, 19.91791448452044122, 73.67951164310782985 ) ) ;
#6584 = VERTEX_POINT ( 'NONE', #2571 ) ;
#6585 = CARTESIAN_POINT ( 'NONE',  ( 0.000000000000000000, 47.41032912607161620, 212.3827069737461954 ) ) ;
#6586 = CARTESIAN_POINT ( 'NONE',  ( -0.5416989483541193584, 47.07227379654968757, 229.0552716760062992 ) ) ;
#6587 = CARTESIAN_POINT ( 'NONE',  ( 0.6435512270066479079, 13.79511502585091876, 472.5222654459706177 ) ) ;
#6588 =( BOUNDED_SURFACE ( )  B_SPLINE_SURFACE ( 3, 2, ( 
 ( #4364, #3227, #1383 ),
 ( #3875, #1296, #3792 ),
 ( #6314, #773, #3750 ),
 ( #5705, #6235, #689 ),
 ( #3147, #1341, #1501 ),
 ( #6517, #3350, #7707 ),
 ( #6438, #2820, #2155 ),
 ( #3432, #2745, #3919 ),
 ( #5910, #3395, #4649 ),
 ( #1538, #4531, #1624 ),
 ( #900, #356, #202 ),
 ( #4693, #4041, #854 ),
 ( #7084, #5285, #3996 ),
 ( #5126, #5834, #2076 ) ),
 .UNSPECIFIED., .F., .F., .F. ) 
 B_SPLINE_SURFACE_WITH_KNOTS ( ( 4, 2, 2, 2, 2, 2, 4 ),
 ( 3, 3 ),
 ( -5.464378949326942347E-17, 0.0006267054578862372516, 0.001253410915772529147, 0.001880116373658821151, 0.002506821831545112938, 0.003760232747317696946, 0.005013643663090280519 ),
 ( 0.000000000000000000, 1.000000000000000000 ),
 .UNSPECIFIED. ) 
 GEOMETRIC_REPRESENTATION_ITEM ( )  RATIONAL_B_SPLINE_SURFACE ( (
 ( 1.000000000000000000, 0.6672909721629050050, 1.000000000000000000),
 ( 1.000000000000000000, 0.6671289786912891762, 1.000000000000000000),
 ( 1.000000000000000000, 0.6672645506097076851, 1.000000000000000000),
 ( 1.000000000000000000, 0.6681034552770810375, 1.000000000000000000),
 ( 1.000000000000000000, 0.6688190871246598723, 1.000000000000000000),
 ( 1.000000000000000000, 0.6708054272748756874, 1.000000000000000000),
 ( 1.000000000000000000, 0.6720428117702068604, 1.000000000000000000),
 ( 1.000000000000000000, 0.6749845723970984146, 1.000000000000000000),
 ( 1.000000000000000000, 0.6766963204612702620, 1.000000000000000000),
 ( 1.000000000000000000, 0.6823481638773777336, 1.000000000000000000),
 ( 1.000000000000000000, 0.6867268797195664742, 1.000000000000000000),
 ( 1.000000000000000000, 0.6960110574896304358, 1.000000000000000000),
 ( 1.000000000000000000, 0.7007796212762569255, 1.000000000000000000),
 ( 1.000000000000000000, 0.7053895229237344688, 1.000000000000000000) ) ) 
 REPRESENTATION_ITEM ( '' )  SURFACE ( )  );
#6589 = CARTESIAN_POINT ( 'NONE',  ( 18.21335741446182155, 25.42868112006652481, 38.97149620378731782 ) ) ;
#6590 = CARTESIAN_POINT ( 'NONE',  ( -9.534540714439822651, 27.28357035261317165, 35.81730359036865963 ) ) ;
#6591 = EDGE_CURVE ( 'NONE', #7638, #687, #4556, .T. ) ;
#6592 = DIRECTION ( 'NONE',  ( 0.000000000000000000, -1.000000000000000000, 0.000000000000000000 ) ) ;
#6593 = CARTESIAN_POINT ( 'NONE',  ( 0.7032787781051501597, 2.973172933655187311, 514.9865767782636112 ) ) ;
#6594 = CARTESIAN_POINT ( 'NONE',  ( 0.4232799447619919886, 40.60966423043306861, 109.2209730905780418 ) ) ;
#6595 = CARTESIAN_POINT ( 'NONE',  ( 7.162406742956792804, -5.196939195804247902, 540.7780944250159791 ) ) ;
#6596 = ORIENTED_EDGE ( 'NONE', *, *, #6693, .T. ) ;
#6597 = CARTESIAN_POINT ( 'NONE',  ( 0.3807471904002299179, 40.54571454217782644, 109.1388643784302275 ) ) ;
#6598 = CARTESIAN_POINT ( 'NONE',  ( 0.8232861172484648993, 37.52274279518023548, 58.77084347987265289 ) ) ;
#6599 = CARTESIAN_POINT ( 'NONE',  ( -1.033572846384001931, 43.86454619651004094, 215.0330035964746855 ) ) ;
#6600 = EDGE_CURVE ( 'NONE', #3325, #1030, #7178, .T. ) ;
#6601 = CARTESIAN_POINT ( 'NONE',  ( 1.153611605577076649, 47.71663046453083723, 204.9482023332519987 ) ) ;
#6602 = VECTOR ( 'NONE', #2123, 1000.000000000000000 ) ;
#6603 = EDGE_CURVE ( 'NONE', #3268, #2501, #2071, .T. ) ;
#6605 = ORIENTED_EDGE ( 'NONE', *, *, #7607, .F. ) ;
#6604 = CARTESIAN_POINT ( 'NONE',  ( 1.205536586344722716, 41.15774996728061552, 117.8780222483174072 ) ) ;
#6606 = CARTESIAN_POINT ( 'NONE',  ( 28.77176739654492721, 38.60691255187092708, 212.5881705498182157 ) ) ;
#6607 = VECTOR ( 'NONE', #4558, 1000.000000000000000 ) ;
#6608 = CARTESIAN_POINT ( 'NONE',  ( 0.000000000000000000, 4.829427991817969890, -41.35103106569409448 ) ) ;
#6609 = CARTESIAN_POINT ( 'NONE',  ( 42.93470249388735027, 29.46668913369164855, 128.8556232452298218 ) ) ;
#6610 = CARTESIAN_POINT ( 'NONE',  ( 43.95965009189017536, 30.33988575092048379, 125.6496688811247253 ) ) ;
#6611 = CARTESIAN_POINT ( 'NONE',  ( -6.848430186759308924, 29.70163159211368509, 43.44560396663988655 ) ) ;
#6612 = CARTESIAN_POINT ( 'NONE',  ( -3.066662445577176044, 47.32563611268071213, 195.5826105267977368 ) ) ;
#6613 = FACE_OUTER_BOUND ( 'NONE', #5149, .T. ) ;
#6614 = CIRCLE ( 'NONE', #7403, 1.000000000000000888 ) ;
#6615 = B_SPLINE_CURVE_WITH_KNOTS ( 'NONE', 3,
 ( #2551, #1262, #7508, #4417 ),
 .UNSPECIFIED., .F., .F.,
 ( 4, 4 ),
 ( 1.273929709481671919E-16, 0.003256908337452636779 ),
 .UNSPECIFIED. ) ;
#6616 = CARTESIAN_POINT ( 'NONE',  ( 0.000000000000000000, 36.01456435933089750, 354.5116695689063704 ) ) ;
#6617 = CARTESIAN_POINT ( 'NONE',  ( 6.433924431345166006, 35.62505925479814550, 77.11485451070406327 ) ) ;
#6618 = CARTESIAN_POINT ( 'NONE',  ( 38.94971913559402310, 33.49443590255847880, 242.9713308908567342 ) ) ;
#6619 = CARTESIAN_POINT ( 'NONE',  ( 0.000000000000000000, 44.59248601773754928, 128.6496688811247111 ) ) ;
#6620 = VECTOR ( 'NONE', #2145, 1000.000000000000000 ) ;
#6621 = CARTESIAN_POINT ( 'NONE',  ( 35.62511535099858406, -12.77791609919348659, 499.3972652287001210 ) ) ;
#6622 = CARTESIAN_POINT ( 'NONE',  ( -3.289365579185329125, 43.70127904429273968, 214.0493121098461984 ) ) ;
#6623 = DIRECTION ( 'NONE',  ( -8.372382998680531115E-17, -1.000000000000000000, 0.000000000000000000 ) ) ;
#6624 = CARTESIAN_POINT ( 'NONE',  ( 2.774301182607950889, 16.29813119291236490, -18.81720599228084723 ) ) ;
#6625 = CARTESIAN_POINT ( 'NONE',  ( 0.000000000000000000, 11.73449225725467926, -28.51670946738130752 ) ) ;
#6626 = CARTESIAN_POINT ( 'NONE',  ( -39.07886594259075252, 34.46193020959753284, 191.7681850080188610 ) ) ;
#6627 = CARTESIAN_POINT ( 'NONE',  ( 3.322269119238386192, 31.75121227868651985, 50.23247075633206293 ) ) ;
#6628 = CARTESIAN_POINT ( 'NONE',  ( 51.34172555383074865, 27.39137958430218234, 175.4372464484529814 ) ) ;
#6629 = CARTESIAN_POINT ( 'NONE',  ( 2.558717127065790464E-14, 46.99903241368054552, 187.8683353890677097 ) ) ;
#6630 = CARTESIAN_POINT ( 'NONE',  ( 0.000000000000000000, 47.03654387356198185, 229.1256845389213481 ) ) ;
#6631 = CARTESIAN_POINT ( 'NONE',  ( -39.35302601131734690, 13.53690614029605221, 413.1562519541586767 ) ) ;
#6632 = CARTESIAN_POINT ( 'NONE',  ( 42.95965009189016826, 30.33988575092048379, 128.6496688811247111 ) ) ;
#6633 = CARTESIAN_POINT ( 'NONE',  ( 0.5904223920472085885, 29.47866109171257776, 34.84931210984616712 ) ) ;
#6634 = CARTESIAN_POINT ( 'NONE',  ( -23.14416995700089430, 40.44789542545262151, 215.2854681466101283 ) ) ;
#6635 = CARTESIAN_POINT ( 'NONE',  ( -59.99867422257567995, -10.69069057093173214, 448.1085652130877293 ) ) ;
#6636 = CARTESIAN_POINT ( 'NONE',  ( -26.90971294975438965, 36.10048010147474429, 126.9995489705191289 ) ) ;
#6637 = VERTEX_POINT ( 'NONE', #3740 ) ;
#6638 = CARTESIAN_POINT ( 'NONE',  ( 0.4399404841981351955, 41.68139457621333577, 121.1098509895288515 ) ) ;
#6639 = CARTESIAN_POINT ( 'NONE',  ( -63.98600082019655133, 32.47793740598321932, 184.0516963749373076 ) ) ;
#6640 = CARTESIAN_POINT ( 'NONE',  ( 0.000000000000000000, 47.46908510132400494, 209.0584537857835414 ) ) ;
#6641 = ORIENTED_EDGE ( 'NONE', *, *, #259, .T. ) ;
#6642 = CARTESIAN_POINT ( 'NONE',  ( -5.833484303085390010, 40.92873967100756971, 312.9953586469236484 ) ) ;
#6644 = EDGE_LOOP ( 'NONE', ( #685, #770, #3693, #3315 ) ) ;
#6643 = CARTESIAN_POINT ( 'NONE',  ( 30.36364301686182188, 35.30369548257255730, 130.8948448011331323 ) ) ;
#6645 = EDGE_CURVE ( 'NONE', #5195, #3797, #2550, .T. ) ;
#6646 = CARTESIAN_POINT ( 'NONE',  ( 6.985661713061554146, 38.45857035419818715, 99.48276118778892396 ) ) ;
#6647 = CARTESIAN_POINT ( 'NONE',  ( -30.54600847627812854, 27.67561966786831107, 72.35640273541140743 ) ) ;
#6648 = EDGE_CURVE ( 'NONE', #2877, #8008, #2861, .T. ) ;
#6649 = DIRECTION ( 'NONE',  ( 0.000000000000000000, 0.005235963831418928224, 0.9999862922474268556 ) ) ;
#6650 = CARTESIAN_POINT ( 'NONE',  ( 1.573448402819587994E-14, 43.59248601773754928, 122.6496688811247111 ) ) ;
#6651 = CARTESIAN_POINT ( 'NONE',  ( 47.31906922256365533, 16.80001900358779210, 316.1413866361843361 ) ) ;
#6652 = CARTESIAN_POINT ( 'NONE',  ( 46.02352825587487217, 27.25697339231243177, 126.8678331720395676 ) ) ;
#6653 = CARTESIAN_POINT ( 'NONE',  ( 0.6739527385790917702, 43.89377035544845285, 214.9673981055299521 ) ) ;
#6654 = CARTESIAN_POINT ( 'NONE',  ( 7.659888348610088826E-14, 44.15264857105376706, 179.1467401898371463 ) ) ;
#6655 = CARTESIAN_POINT ( 'NONE',  ( -2.152184834420973747, -0.9668156101559031157, 529.2511884921991623 ) ) ;
#6656 = CARTESIAN_POINT ( 'NONE',  ( -21.58485858277613900, 44.26522223550509239, 214.0493121098461700 ) ) ;
#6657 = LINE ( 'NONE', #1119, #5315 ) ;
#6658 = DIRECTION ( 'NONE',  ( 0.000000000000000000, 0.2207185206826549062, 0.9753375490709154105 ) ) ;
#6659 = CARTESIAN_POINT ( 'NONE',  ( 12.24542331509240611, 10.79387684120225543, -23.56345594219629547 ) ) ;
#6660 = CARTESIAN_POINT ( 'NONE',  ( -0.9785259520414012480, 44.46994292845445074, 275.6022355444260938 ) ) ;
#6661 = CARTESIAN_POINT ( 'NONE',  ( -54.57948805689258620, 2.996616612384304545, 392.2234430773698364 ) ) ;
#6662 = CARTESIAN_POINT ( 'NONE',  ( -38.79046212526782966, 34.95030082994419729, 125.6496688811248532 ) ) ;
#6663 = LINE ( 'NONE', #2337, #4274 ) ;
#6664 = CARTESIAN_POINT ( 'NONE',  ( -6.697665788641262274, 43.51001492458538422, 205.5709421813670872 ) ) ;
#6665 = CARTESIAN_POINT ( 'NONE',  ( -36.00285309233927933, -6.792297079197776810, 479.3729591887034758 ) ) ;
#6666 = CARTESIAN_POINT ( 'NONE',  ( -14.95319033331676906, 38.43922144568876575, 116.3440725132859370 ) ) ;
#6667 = CARTESIAN_POINT ( 'NONE',  ( -2.193146094589796480, -8.722081592724736154, 555.0729705871741544 ) ) ;
#6668 = EDGE_LOOP ( 'NONE', ( #2523, #3224, #5260, #4847 ) ) ;
#6669 = CARTESIAN_POINT ( 'NONE',  ( -2.116823504443131831, 41.36552792553541025, 121.4510648758368774 ) ) ;
#6670 = CARTESIAN_POINT ( 'NONE',  ( 0.000000000000000000, 47.06380252744634163, 155.7186040356210128 ) ) ;
#6671 = CARTESIAN_POINT ( 'NONE',  ( 38.41547136432753717, 25.87728199748557856, 62.71121850980371448 ) ) ;
#6672 = CARTESIAN_POINT ( 'NONE',  ( -47.40358677802594656, 30.21315725929661511, 194.5812432001209515 ) ) ;
#6673 = CARTESIAN_POINT ( 'NONE',  ( -47.69512756224418126, 13.92142524552201266, 338.3749908464645841 ) ) ;
#6675 = ORIENTED_EDGE ( 'NONE', *, *, #270, .T. ) ;
#6674 = CARTESIAN_POINT ( 'NONE',  ( -0.3385640827823345189, 41.34796211187036619, 117.7453826626228022 ) ) ;
#6676 = FACE_OUTER_BOUND ( 'NONE', #1824, .T. ) ;
#6677 = CARTESIAN_POINT ( 'NONE',  ( 86.59048839564125899, -5.768153520067688333, 55.25887913199452584 ) ) ;
#6678 = CARTESIAN_POINT ( 'NONE',  ( -0.3225118099333434407, 39.40992131878568472, 97.16646954961757388 ) ) ;
#6679 = CARTESIAN_POINT ( 'NONE',  ( -0.1749054424453651557, 47.58514089559101734, 187.2655654064047042 ) ) ;
#6680 = CARTESIAN_POINT ( 'NONE',  ( -14.62386776195215887, 28.69450102938866465, 48.31614504290687506 ) ) ;
#6681 = CARTESIAN_POINT ( 'NONE',  ( -6.098637220230962441E-15, 42.62030380371323446, 136.6556231944756234 ) ) ;
#6682 = EDGE_CURVE ( 'NONE', #7972, #6420, #2733, .T. ) ;
#6683 = DIRECTION ( 'NONE',  ( 0.9967580201175774146, -0.08045774873365027502, -0.000000000000000000 ) ) ;
#6684 = CARTESIAN_POINT ( 'NONE',  ( 50.11171787444065728, 9.594334424904452874, 362.2731057270540305 ) ) ;
#6685 = CARTESIAN_POINT ( 'NONE',  ( 1.707438906146775182, 36.23250039123313115, 75.28227318150103997 ) ) ;
#6686 = FACE_BOUND ( 'NONE', #3084, .T. ) ;
#6687 = CARTESIAN_POINT ( 'NONE',  ( -37.69501377494878369, 38.78260950027819831, 207.8742005822218744 ) ) ;
#6688 = CARTESIAN_POINT ( 'NONE',  ( 3.066662445442875917, 46.64169042268456167, 200.7238314996500037 ) ) ;
#6690 = ORIENTED_EDGE ( 'NONE', *, *, #6645, .T. ) ;
#6689 = CARTESIAN_POINT ( 'NONE',  ( 56.08762438136983519, 3.832698960004560895, 215.3449030486479501 ) ) ;
#6691 = CARTESIAN_POINT ( 'NONE',  ( -6.604371854687009602, 43.21397998805966978, 170.7562094640786086 ) ) ;
#6692 = CARTESIAN_POINT ( 'NONE',  ( 44.10902019908935046, 23.35222220576594410, 87.52281328873111477 ) ) ;
#6693 = EDGE_CURVE ( 'NONE', #1710, #328, #143, .T. ) ;
#6694 = CARTESIAN_POINT ( 'NONE',  ( -37.47081299202719862, 34.92832997182813415, 177.1877299895603528 ) ) ;
#6695 = ORIENTED_EDGE ( 'NONE', *, *, #3609, .F. ) ;
#6696 = CARTESIAN_POINT ( 'NONE',  ( 46.56961890987773245, 30.54034029973761477, 185.2268875778310644 ) ) ;
#6697 = CARTESIAN_POINT ( 'NONE',  ( -18.26399618324809282, 33.62530922100872033, 82.84385248398369583 ) ) ;
#6698 = CARTESIAN_POINT ( 'NONE',  ( -1.024170345567492202, 46.00818778601377090, 252.5475023864288744 ) ) ;
#6699 = CARTESIAN_POINT ( 'NONE',  ( -2.005225952241261655, 23.00456069334608245, 429.7794286210721566 ) ) ;
#6700 = DIRECTION ( 'NONE',  ( 0.000000000000000000, 0.000000000000000000, -1.000000000000000000 ) ) ;
#6701 = CARTESIAN_POINT ( 'NONE',  ( 49.16176366489244742, 27.13773935310525331, 183.6080041517474797 ) ) ;
#6702 = DIRECTION ( 'NONE',  ( 1.000000000000000000, 0.000000000000000000, 0.000000000000000000 ) ) ;
#6703 = CARTESIAN_POINT ( 'NONE',  ( -150.0000000000002558, -4.444873476189596495, 435.7468521578524019 ) ) ;
#6704 = CARTESIAN_POINT ( 'NONE',  ( -0.05092223622503081609, 39.64610178408864272, 100.6909725023753737 ) ) ;
#6705 = CARTESIAN_POINT ( 'NONE',  ( -18.75320629264960459, 28.97914495660673140, 39.18181308280495756 ) ) ;
#6706 = ORIENTED_EDGE ( 'NONE', *, *, #6938, .F. ) ;
#6707 = CARTESIAN_POINT ( 'NONE',  ( -0.5467707093791137618, 40.43075903291792628, 109.1743138462541935 ) ) ;
#6708 = ORIENTED_EDGE ( 'NONE', *, *, #4858, .T. ) ;
#6709 = CARTESIAN_POINT ( 'NONE',  ( 2.106299519530117959, 46.03114097764294144, 130.5598387451737779 ) ) ;
#6710 = ORIENTED_EDGE ( 'NONE', *, *, #3126, .T. ) ;
#6712 = ORIENTED_EDGE ( 'NONE', *, *, #7709, .T. ) ;
#6711 = CARTESIAN_POINT ( 'NONE',  ( 14.95319033331676906, 38.43922144568876575, 116.3440725132859370 ) ) ;
#6713 = CARTESIAN_POINT ( 'NONE',  ( 0.1844894630518050527, 43.96167057545649470, 214.8355862338917746 ) ) ;
#6714 = CARTESIAN_POINT ( 'NONE',  ( 11.55383968865741373, 26.93463575382700270, 21.23557846822262718 ) ) ;
#6715 = CARTESIAN_POINT ( 'NONE',  ( 7.499999999999991118, 28.38934737363470617, 38.40283415394303290 ) ) ;
#6716 = CARTESIAN_POINT ( 'NONE',  ( -8.635354187707923401, 31.08709107409840655, 52.89923178693830863 ) ) ;
#6717 = CARTESIAN_POINT ( 'NONE',  ( -3.725064797236206093, 47.18508823153483434, 205.8604671828092307 ) ) ;
#6718 = DIRECTION ( 'NONE',  ( -0.9999999949984913483, -5.236753713039778686E-07, -0.0001000137147306214409 ) ) ;
#6719 = CARTESIAN_POINT ( 'NONE',  ( -1.508952792909321161, 32.03446681347313785, 380.7825399960755135 ) ) ;
#6720 = AXIS2_PLACEMENT_3D ( 'NONE', #690, #73, #2035 ) ;
#6721 = CARTESIAN_POINT ( 'NONE',  ( 4.180189836888331456, 43.57636415343272773, 215.9362730375010244 ) ) ;
#6722 = DIRECTION ( 'NONE',  ( 8.372497766808336842E-17, -0.9999862922474268556, 0.005235963831417927289 ) ) ;
#6723 = CARTESIAN_POINT ( 'NONE',  ( 0.4913624557476656829, 44.04244526747444155, 168.5634920937141601 ) ) ;
#6724 = ADVANCED_FACE ( 'NONE', ( #3460 ), #890, .F. ) ;
#6725 = CARTESIAN_POINT ( 'NONE',  ( -2.195384728526888374, -9.905849853371190505, 558.8450598447288939 ) ) ;
#6726 = CARTESIAN_POINT ( 'NONE',  ( -5.966662445441313523, 140.4685101547768227, 158.1866202483506925 ) ) ;
#6727 = CARTESIAN_POINT ( 'NONE',  ( 5.464712794159238385, 43.03332182595320177, 161.6968354875096736 ) ) ;
#6728 = VECTOR ( 'NONE', #2228, 1000.000000000000000 ) ;
#6729 = AXIS2_PLACEMENT_3D ( 'NONE', #3690, #627, #6772 ) ;
#6730 = DIRECTION ( 'NONE',  ( 1.000000000000000000, 0.000000000000000000, 0.000000000000000000 ) ) ;
#6732 = ORIENTED_EDGE ( 'NONE', *, *, #5004, .T. ) ;
#6731 = CARTESIAN_POINT ( 'NONE',  ( 11.76711777406544357, 23.42470861069366350, 9.197752124484701142 ) ) ;
#6733 = CARTESIAN_POINT ( 'NONE',  ( -6.226451326350037618, 43.26362613515374278, 170.5811312024648885 ) ) ;
#6734 = CARTESIAN_POINT ( 'NONE',  ( 7.617775872104308732, 29.60611247345819308, 43.88113577552164912 ) ) ;
#6735 = VERTEX_POINT ( 'NONE', #5202 ) ;
#6736 = VECTOR ( 'NONE', #7781, 1000.000000000000000 ) ;
#6737 = CIRCLE ( 'NONE', #667, 1.000000000000000888 ) ;
#6738 = CARTESIAN_POINT ( 'NONE',  ( 35.52545253109461498, 35.33562080555974205, 161.9957928976499488 ) ) ;
#6739 = CARTESIAN_POINT ( 'NONE',  ( 0.9440683277474016810, 47.51064471527537592, 187.2652544052731685 ) ) ;
#6740 = EDGE_CURVE ( 'NONE', #2271, #1380, #539, .T. ) ;
#6741 = CARTESIAN_POINT ( 'NONE',  ( -1.467788928062101705, 44.48375703246001933, 275.5401249740329490 ) ) ;
#6742 = CARTESIAN_POINT ( 'NONE',  ( 2.057388533046267121, 6.867330383723285969, 500.6602980566781298 ) ) ;
#6743 = CARTESIAN_POINT ( 'NONE',  ( 0.000000000000000000, 0.000000000000000000, 0.000000000000000000 ) ) ;
#6744 = CARTESIAN_POINT ( 'NONE',  ( 2.861529713880420545, -14.86190821214616165, -66.10491999415030762 ) ) ;
#6745 = EDGE_CURVE ( 'NONE', #5885, #5437, #4639, .T. ) ;
#6746 = VECTOR ( 'NONE', #6764, 1000.000000000000000 ) ;
#6747 = CARTESIAN_POINT ( 'NONE',  ( 5.966662445441313523, 140.4842180462710530, 161.1865791250930329 ) ) ;
#6748 = CARTESIAN_POINT ( 'NONE',  ( -7.192754217908762904, -10.02745025890519770, 556.6295491338239572 ) ) ;
#6749 = CARTESIAN_POINT ( 'NONE',  ( 0.4449291620748309084, 39.70795128743040436, 100.6916344203740152 ) ) ;
#6750 = CARTESIAN_POINT ( 'NONE',  ( -1.463589819017925731, -9.937233235580697155, 558.8774522703039338 ) ) ;
#6751 = VERTEX_POINT ( 'NONE', #7157 ) ;
#6752 = CARTESIAN_POINT ( 'NONE',  ( 0.4986895543083221805, 41.68853167478478383, 121.1101581135434913 ) ) ;
#6753 = ORIENTED_EDGE ( 'NONE', *, *, #5759, .F. ) ;
#6754 = CARTESIAN_POINT ( 'NONE',  ( 1.697371585504689362, 34.35707238260560814, 42.06053201340118619 ) ) ;
#6755 = B_SPLINE_CURVE_WITH_KNOTS ( 'NONE', 3,
 ( #573, #3031, #5505, #7996 ),
 .UNSPECIFIED., .F., .F.,
 ( 4, 4 ),
 ( 0.01586842611837147379, 0.05004107933644420803 ),
 .UNSPECIFIED. ) ;
#6756 = CARTESIAN_POINT ( 'NONE',  ( -23.54853542563446211, 40.24549968093124619, 213.8463197347620337 ) ) ;
#6757 = CARTESIAN_POINT ( 'NONE',  ( 0.000000000000000000, 41.02506332365900477, 312.7991820443241977 ) ) ;
#6759 = ORIENTED_EDGE ( 'NONE', *, *, #6346, .T. ) ;
#6758 = CARTESIAN_POINT ( 'NONE',  ( 6.177356206081538126, 40.51292679602480007, 119.6823151773983227 ) ) ;
#6760 = CARTESIAN_POINT ( 'NONE',  ( 149.9999999999999716, 10.35078035734875535, 226.4890547709782993 ) ) ;
#6761 = CARTESIAN_POINT ( 'NONE',  ( 0.000000000000000000, 0.000000000000000000, 125.6496688811247253 ) ) ;
#6762 = DIRECTION ( 'NONE',  ( 0.000000000000000000, 0.000000000000000000, 1.000000000000000000 ) ) ;
#6763 = CARTESIAN_POINT ( 'NONE',  ( -5.690684738190576297, 29.84331818078390341, 42.82287351021120259 ) ) ;
#6764 = DIRECTION ( 'NONE',  ( 0.000000000000000000, -1.000000000000000000, 0.000000000000000000 ) ) ;
#6765 = CARTESIAN_POINT ( 'NONE',  ( 0.2945205785556735956, 41.95466006229710842, 126.2450973436077817 ) ) ;
#6766 = CARTESIAN_POINT ( 'NONE',  ( 0.4249986410397317838, 37.63352650806667299, 83.63092809312554721 ) ) ;
#6767 = CARTESIAN_POINT ( 'NONE',  ( 47.73296868590679054, 30.02075975021117671, 193.6282002815077874 ) ) ;
#6768 = CARTESIAN_POINT ( 'NONE',  ( -45.95965009189016826, 27.13773935310525331, 125.6496688811247253 ) ) ;
#6769 = DIRECTION ( 'NONE',  ( 0.000000000000000000, -1.000000000000000000, 0.000000000000000000 ) ) ;
#6770 = PLANE ( 'NONE',  #7125 ) ;
#6771 = DIRECTION ( 'NONE',  ( -0.000000000000000000, -1.000000000000000000, -0.000000000000000000 ) ) ;
#6772 = DIRECTION ( 'NONE',  ( 1.000000000000000000, 0.000000000000000000, 0.000000000000000000 ) ) ;
#6774 = ORIENTED_EDGE ( 'NONE', *, *, #2543, .F. ) ;
#6773 = CARTESIAN_POINT ( 'NONE',  ( -2.238582030903766729, 43.98938502743245493, 105.2905442681973369 ) ) ;
#6775 = CARTESIAN_POINT ( 'NONE',  ( 8.001840955655797671, 29.55817093355582159, 44.10098243987838629 ) ) ;
#6776 = ORIENTED_EDGE ( 'NONE', *, *, #6053, .T. ) ;
#6777 = CARTESIAN_POINT ( 'NONE',  ( 2.636089993480690730, 43.85394211672947051, 180.8109276705870627 ) ) ;
#6778 = CARTESIAN_POINT ( 'NONE',  ( 0.2658801324999279236, 42.49540532844996932, 133.0572963933635435 ) ) ;
#6779 = CARTESIAN_POINT ( 'NONE',  ( 3.307075250450862480, 47.27288003861473697, 188.8558987261895652 ) ) ;
#6780 = CARTESIAN_POINT ( 'NONE',  ( -0.5496791856790375075, 25.91683902096197656, 415.4374579817630888 ) ) ;
#6781 = CARTESIAN_POINT ( 'NONE',  ( 1.406557556210300319, 3.019610311274071535, 514.9300709948294070 ) ) ;
#6782 = CARTESIAN_POINT ( 'NONE',  ( 2.135072372851847700, 47.39169403176668283, 187.6655854616839179 ) ) ;
#6783 = CARTESIAN_POINT ( 'NONE',  ( -86.91359524864041930, -11.34795942607654595, 48.66319268689352384 ) ) ;
#6784 = CARTESIAN_POINT ( 'NONE',  ( 0.7260589463866731208, 47.41096000112840869, 209.0580988676761365 ) ) ;
#6785 = CARTESIAN_POINT ( 'NONE',  ( -2.562172481296778770, -9.718372356699223502, 557.8072730852924224 ) ) ;
#6786 = CARTESIAN_POINT ( 'NONE',  ( -1.572170438156514471, 40.36069074394419687, 109.4143004186585699 ) ) ;
#6787 = EDGE_CURVE ( 'NONE', #2183, #3327, #2988, .T. ) ;
#6788 = CARTESIAN_POINT ( 'NONE',  ( -0.7310486981965987896, -8.789701471681548028, 555.1481419457635411 ) ) ;
#6789 = EDGE_LOOP ( 'NONE', ( #2499, #70, #4476, #3656 ) ) ;
#6790 = CARTESIAN_POINT ( 'NONE',  ( -0.09242142080423657036, 39.35785202681962147, 97.16892783293137370 ) ) ;
#6791 = ORIENTED_EDGE ( 'NONE', *, *, #6938, .T. ) ;
#6792 = CARTESIAN_POINT ( 'NONE',  ( 1.153611605577076649, 47.71663046453083723, 204.9482023332519987 ) ) ;
#6793 = B_SPLINE_CURVE_WITH_KNOTS ( 'NONE', 3,
 ( #6038, #7259, #1173, #5998, #2310, #7949, #4287, #1714, #2909, #3064, #2945, #5378, #2385, #4849 ),
 .UNSPECIFIED., .F., .F.,
 ( 4, 2, 2, 2, 2, 2, 4 ),
 ( -5.999999998874213268E-08, 0.001024727169871572120, 0.002049514339743133042, 0.002561907924678885531, 0.003074301509614637586, 0.003586695094550390074, 0.004099088679486142563 ),
 .UNSPECIFIED. ) ;
#6794 = ORIENTED_EDGE ( 'NONE', *, *, #6057, .T. ) ;
#6795 = CARTESIAN_POINT ( 'NONE',  ( 0.9419369969250757091, 40.21919929812739269, 320.0004459445724478 ) ) ;
#6797 = ORIENTED_EDGE ( 'NONE', *, *, #860, .T. ) ;
#6796 = CARTESIAN_POINT ( 'NONE',  ( -0.3968604504902096264, 41.96694321030496866, 126.2443705332876362 ) ) ;
#6798 = LINE ( 'NONE', #2323, #4686 ) ;
#6799 = CARTESIAN_POINT ( 'NONE',  ( -0.9126475175586304944, 20.71106199493173605, -7.133971301115257013 ) ) ;
#6800 = CARTESIAN_POINT ( 'NONE',  ( 0.3422424192458846104, 47.44193843079452222, 209.0582869715377399 ) ) ;
#6801 = CARTESIAN_POINT ( 'NONE',  ( -0.4666624454429739166, 44.02985687234174605, 208.4485850156316360 ) ) ;
#6802 = CARTESIAN_POINT ( 'NONE',  ( 0.1626707609063558213, 28.69435326465766067, 32.82542876246088071 ) ) ;
#6803 = CARTESIAN_POINT ( 'NONE',  ( 8.002564627001241604, 44.09522289772792902, 125.6496688811248106 ) ) ;
#6804 = CARTESIAN_POINT ( 'NONE',  ( 0.000000000000000000, 28.21750440619399214, 17.07389157737171459 ) ) ;
#6805 = CARTESIAN_POINT ( 'NONE',  ( 0.2126220090579013788, 41.94481570279709359, 126.2467817520552842 ) ) ;
#6806 = CARTESIAN_POINT ( 'NONE',  ( -0.6435512270066479079, 13.79511502585091876, 472.5222654459706177 ) ) ;
#6807 = CARTESIAN_POINT ( 'NONE',  ( 38.05404286470385244, 30.74583328861447384, 117.6899145417294221 ) ) ;
#6808 = LINE ( 'NONE', #3200, #3380 ) ;
#6809 = FACE_OUTER_BOUND ( 'NONE', #2166, .T. ) ;
#6810 = CARTESIAN_POINT ( 'NONE',  ( -7.500000000000000000, 15.00000000000000000, 35.45677773107466635 ) ) ;
#6811 = CARTESIAN_POINT ( 'NONE',  ( -8.966662445441944129, 43.11822529551508154, 210.9061484357024199 ) ) ;
#6812 = CARTESIAN_POINT ( 'NONE',  ( 0.000000000000000000, 32.55432374088007919, 34.84931210984609606 ) ) ;
#6814 = ORIENTED_EDGE ( 'NONE', *, *, #5549, .F. ) ;
#6813 = CARTESIAN_POINT ( 'NONE',  ( -0.6583047484764391610, 47.13654566807250035, 155.6928415244869939 ) ) ;
#6815 = CARTESIAN_POINT ( 'NONE',  ( 3.272004988501860279, 33.38227413188624126, 58.66224129477384253 ) ) ;
#6816 = ORIENTED_EDGE ( 'NONE', *, *, #2966, .F. ) ;
#6817 = CARTESIAN_POINT ( 'NONE',  ( 4.925073799325335067, 43.59069319111652163, 181.6697805176693805 ) ) ;
#6818 = CARTESIAN_POINT ( 'NONE',  ( -6.573565534710661851, 46.82407207325600496, 214.0493121098461131 ) ) ;
#6819 = CARTESIAN_POINT ( 'NONE',  ( 12.50381132325683886, 27.83116567873787162, 396.5693299386862805 ) ) ;
#6820 = CARTESIAN_POINT ( 'NONE',  ( -9.652764452307431853, -8.494098938562002488, 541.5631860185608275 ) ) ;
#6821 = CARTESIAN_POINT ( 'NONE',  ( 8.884058591930450888, 43.12170442295244044, 211.5706067586317829 ) ) ;
#6822 = FACE_OUTER_BOUND ( 'NONE', #1431, .T. ) ;
#6823 = FACE_OUTER_BOUND ( 'NONE', #3286, .T. ) ;
#6824 = CARTESIAN_POINT ( 'NONE',  ( 12.54926442142181209, -19.83559714904187743, -65.17547834017919683 ) ) ;
#6825 = CARTESIAN_POINT ( 'NONE',  ( 0.2460297053261907285, 38.77860247392433735, 92.15601667874462066 ) ) ;
#6826 = DIRECTION ( 'NONE',  ( -1.000000000000000000, 0.000000000000000000, 0.000000000000000000 ) ) ;
#6827 = CARTESIAN_POINT ( 'NONE',  ( 4.682300167721802353, 43.45825089253548867, 169.9019702600112964 ) ) ;
#6828 = ORIENTED_EDGE ( 'NONE', *, *, #367, .T. ) ;
#6829 = CARTESIAN_POINT ( 'NONE',  ( -16.82309918927858661, 38.08505023932114142, 117.4898998511410468 ) ) ;
#6830 = CARTESIAN_POINT ( 'NONE',  ( -46.58558245345534488, 37.13275647413672687, 271.3152778191255265 ) ) ;
#6831 = EDGE_CURVE ( 'NONE', #7303, #5418, #1566, .T. ) ;
#6832 = CARTESIAN_POINT ( 'NONE',  ( -0.3487319070039595070, 47.56846342616801593, 187.2654960560321626 ) ) ;
#6833 = CARTESIAN_POINT ( 'NONE',  ( 1.203464411458910080E-14, 37.54752022337576989, 82.95182038454498752 ) ) ;
#6834 = CARTESIAN_POINT ( 'NONE',  ( -52.26163914926329568, 6.411420321105841147, 377.3440233945722184 ) ) ;
#6835 = CARTESIAN_POINT ( 'NONE',  ( -16.76434281188835484, 41.58976069461469649, 176.5718149905979999 ) ) ;
#6836 = CARTESIAN_POINT ( 'NONE',  ( 0.03317056504885683432, 41.91520860085125832, 126.2563369438815215 ) ) ;
#6837 = CARTESIAN_POINT ( 'NONE',  ( -56.47713021477131434, -8.444831254075669591, 200.0310506176295462 ) ) ;
#6838 = CARTESIAN_POINT ( 'NONE',  ( 55.92567994943940590, 5.748511191116895347, 218.7264803032683460 ) ) ;
#6839 = EDGE_CURVE ( 'NONE', #7218, #2824, #6993, .T. ) ;
#6840 = CARTESIAN_POINT ( 'NONE',  ( 5.966662445441326845, 42.85055069676063511, 158.6977513598284588 ) ) ;
#6841 = CARTESIAN_POINT ( 'NONE',  ( -0.000000000000000000, 47.53710451283104987, 187.5808717675923845 ) ) ;
#6842 = CARTESIAN_POINT ( 'NONE',  ( 0.3070254829091967896, 26.60727815344696978, 24.54549647867787243 ) ) ;
#6843 = CARTESIAN_POINT ( 'NONE',  ( 5.464712794159235720, 43.12498449049508764, 212.1970477895286820 ) ) ;
#6844 = CARTESIAN_POINT ( 'NONE',  ( -11.32133923080468918, 30.04935886603911399, 33.43650446410281063 ) ) ;
#6845 = ADVANCED_FACE ( 'NONE', ( #6506 ), #970, .T. ) ;
#6846 = CARTESIAN_POINT ( 'NONE',  ( -5.732124175101611208, 41.19313895600723185, 127.9802080733795862 ) ) ;
#6847 = CARTESIAN_POINT ( 'NONE',  ( -0.5962991954493902513, 20.14399605289213824, 444.2252999659614829 ) ) ;
#6848 = CARTESIAN_POINT ( 'NONE',  ( 6.206854430877400297, 37.94512891613710792, 94.06799362571430834 ) ) ;
#6849 = CARTESIAN_POINT ( 'NONE',  ( 7.500000000000000000, 29.60772684600566151, 44.25520149868791719 ) ) ;
#6850 =( NAMED_UNIT ( * ) PLANE_ANGLE_UNIT ( ) SI_UNIT ( $, .RADIAN. ) );
#6851 = LINE ( 'NONE', #6934, #5438 ) ;
#6852 = DIRECTION ( 'NONE',  ( 0.000000000000000000, 0.000000000000000000, -1.000000000000000000 ) ) ;
#6853 = CARTESIAN_POINT ( 'NONE',  ( 0.2655677627827520704, 35.23982546808001359, 66.59070761738711042 ) ) ;
#6854 = PLANE ( 'NONE',  #4802 ) ;
#6855 = VECTOR ( 'NONE', #3365, 1000.000000000000000 ) ;
#6856 = CARTESIAN_POINT ( 'NONE',  ( -1.573448402819587994E-14, 43.59248601773754928, 128.6496688811247111 ) ) ;
#6857 = AXIS2_PLACEMENT_3D ( 'NONE', #1715, #5046, #2077 ) ;
#6859 = ORIENTED_EDGE ( 'NONE', *, *, #3426, .F. ) ;
#6858 = CARTESIAN_POINT ( 'NONE',  ( -1.404199679686745306, 45.94742635001971109, 130.5641109568593379 ) ) ;
#6860 = CARTESIAN_POINT ( 'NONE',  ( -0.2539856311207899786, 33.81762055075663653, 58.09675299734809784 ) ) ;
#6861 = CARTESIAN_POINT ( 'NONE',  ( 10.96645060036625807, 42.97263250476321161, 196.0432156905397676 ) ) ;
#6862 = CARTESIAN_POINT ( 'NONE',  ( -0.1220467417516429010, 46.85766774905749088, 208.4485850156316928 ) ) ;
#6863 = CARTESIAN_POINT ( 'NONE',  ( -0.9419369969250757091, 40.21919929812739269, 320.0004459445724478 ) ) ;
#6864 = CARTESIAN_POINT ( 'NONE',  ( -7.045124004950711338, 2.314038226187245861, 514.4354252516325232 ) ) ;
#6865 = AXIS2_PLACEMENT_3D ( 'NONE', #493, #998, #376 ) ;
#6866 = CARTESIAN_POINT ( 'NONE',  ( 0.000000000000000000, 47.06380252744634163, 155.7186040356210128 ) ) ;
#6867 = CARTESIAN_POINT ( 'NONE',  ( -56.50313792499103016, -10.80253914119058045, 197.8140775424655544 ) ) ;
#6868 = CARTESIAN_POINT ( 'NONE',  ( -5.464712794159238385, 43.03332182595320177, 161.6968354875096736 ) ) ;
#6869 = CARTESIAN_POINT ( 'NONE',  ( -3.066662445442881690, 43.86679528997784416, 190.1228816791381462 ) ) ;
#6870 = CARTESIAN_POINT ( 'NONE',  ( 0.01821270725319525802, 37.68935146070640485, 83.61725801249268386 ) ) ;
#6871 = AXIS2_PLACEMENT_3D ( 'NONE', #2477, #4944, #7435 ) ;
#6872 = LINE ( 'NONE', #5084, #1058 ) ;
#6873 = ORIENTED_EDGE ( 'NONE', *, *, #6648, .F. ) ;
#6874 = CARTESIAN_POINT ( 'NONE',  ( -46.39787868976893748, 29.74055224540435560, 161.5411613694128050 ) ) ;
#6875 = CARTESIAN_POINT ( 'NONE',  ( -1.713508947173772556, 44.39393462227350540, 275.9439818675760421 ) ) ;
#6876 = CIRCLE ( 'NONE', #947, 1.000000000000000888 ) ;
#6877 = MECHANICAL_DESIGN_GEOMETRIC_PRESENTATION_REPRESENTATION (  '', ( #4806 ), #7392 ) ;
#6878 = CARTESIAN_POINT ( 'NONE',  ( 0.002912805165458376682, 47.60472475853716645, 187.8683353890675392 ) ) ;
#6879 = CARTESIAN_POINT ( 'NONE',  ( -36.45895617986009540, 34.80065730095112286, 239.8936191247781835 ) ) ;
#6880 = CARTESIAN_POINT ( 'NONE',  ( -3.146896805639176620E-14, 41.87538907178089431, 125.6496688811249385 ) ) ;
#6881 = CARTESIAN_POINT ( 'NONE',  ( 1.005968528606214107, 32.03284778517833331, 380.7173133528380049 ) ) ;
#6882 = CARTESIAN_POINT ( 'NONE',  ( -40.64732295280676055, 33.78580741204830673, 205.4663277606753695 ) ) ;
#6884 = VERTEX_POINT ( 'NONE', #5900 ) ;
#6883 = CARTESIAN_POINT ( 'NONE',  ( 7.466661567294751833, 40.33463097243587470, 120.3369681867920633 ) ) ;
#6885 = CARTESIAN_POINT ( 'NONE',  ( -86.91359524864041930, -11.34795942607654595, 48.66319268689352384 ) ) ;
#6886 = CARTESIAN_POINT ( 'NONE',  ( 0.000000000000000000, 24.65191137066539895, 4.845070576238386550 ) ) ;
#6887 = CARTESIAN_POINT ( 'NONE',  ( 0.5157171849628924276, 47.43774152586020421, 208.4485850156315507 ) ) ;
#6888 = CARTESIAN_POINT ( 'NONE',  ( -5.464712794159235720, 43.12498449049508764, 212.1970477895286820 ) ) ;
#6889 = CARTESIAN_POINT ( 'NONE',  ( -47.18827151831826683, 21.11179726610873786, 87.09096987163694337 ) ) ;
#6890 = CARTESIAN_POINT ( 'NONE',  ( 2.010800812738010368, 45.06813037726373494, 125.6496688811247822 ) ) ;
#6891 = CARTESIAN_POINT ( 'NONE',  ( -149.9999999999998863, 13.60113310668955400, 239.5281348986660817 ) ) ;
#6892 = CARTESIAN_POINT ( 'NONE',  ( -1.181396289381206444, 41.77559829923652757, 126.3850315150810957 ) ) ;
#6893 = CARTESIAN_POINT ( 'NONE',  ( 54.57948805689258620, 2.996616612384304545, 392.2234430773698364 ) ) ;
#6894 = EDGE_CURVE ( 'NONE', #1323, #7338, #1400, .T. ) ;
#6895 = CARTESIAN_POINT ( 'NONE',  ( 5.161117628092876330, 38.08545763361028236, 93.55368882209623393 ) ) ;
#6896 = DIRECTION ( 'NONE',  ( -1.000000000000000000, 0.000000000000000000, 0.000000000000000000 ) ) ;
#6897 = CARTESIAN_POINT ( 'NONE',  ( -45.95965009189016826, 32.92393923627010111, 125.6496688811247253 ) ) ;
#6898 = EDGE_CURVE ( 'NONE', #3673, #5994, #7009, .T. ) ;
#6899 = FACE_OUTER_BOUND ( 'NONE', #3046, .T. ) ;
#6900 = DIRECTION ( 'NONE',  ( 0.000000000000000000, -0.005235963831417927289, -0.9999862922474268556 ) ) ;
#6901 = CARTESIAN_POINT ( 'NONE',  ( -36.56538564159615134, 29.10364763957904444, 97.73138214667130796 ) ) ;
#6902 = DIRECTION ( 'NONE',  ( -8.372497766808338075E-17, -0.9999862922474268556, 0.005235963831417927289 ) ) ;
#6903 = B_SPLINE_CURVE_WITH_KNOTS ( 'NONE', 3,
 ( #4801, #2267, #1054, #4239, #3584, #7861, #3509, #7211, #7325, #7899, #6064, #2302, #4764, #1664, #6105, #3471, #3550, #7290, #1741, #4199, #4118, #1165, #2936, #5988, #1130, #555, #510, #4276, #6590, #7979 ),
 .UNSPECIFIED., .F., .F.,
 ( 4, 2, 2, 2, 2, 2, 2, 2, 2, 2, 2, 2, 2, 2, 4 ),
 ( 0.2282650567046181078, 0.2314008163787820427, 0.2329686962158639962, 0.2345365760529459775, 0.2408080954012738195, 0.2439438550754377544, 0.2470796147496016615, 0.2502153744237656241, 0.2517832542608475777, 0.2533511340979295312, 0.2596226534462573454, 0.2658941727945851041, 0.2690299324687490112, 0.2721656921429129183, 0.2784372114912407326 ),
 .UNSPECIFIED. ) ;
#6904 = CARTESIAN_POINT ( 'NONE',  ( -0.4666624454429739166, 43.81174109905075653, 208.4485850156316360 ) ) ;
#6906 = VERTEX_POINT ( 'NONE', #2693 ) ;
#6905 = CARTESIAN_POINT ( 'NONE',  ( 22.01802724243391651, 40.49517762205267246, 116.2537897038075414 ) ) ;
#6907 = CARTESIAN_POINT ( 'NONE',  ( -0.07135906138818012834, 33.79491124146035474, 58.08980843041490516 ) ) ;
#6908 = CARTESIAN_POINT ( 'NONE',  ( 44.66016847429774828, 31.53239650545481254, 222.7596157466440445 ) ) ;
#6909 = CARTESIAN_POINT ( 'NONE',  ( 37.47081299202719862, 34.92832997182813415, 177.1877299895603528 ) ) ;
#6910 = CARTESIAN_POINT ( 'NONE',  ( 3.629465034368984266, 47.24145172789489067, 189.6300302138409393 ) ) ;
#6911 = CARTESIAN_POINT ( 'NONE',  ( 5.833484303085390010, 38.83323711334092820, 331.6529499013212217 ) ) ;
#6912 = CARTESIAN_POINT ( 'NONE',  ( -59.89900058819404194, -9.567402936609459729, 443.5936951987583257 ) ) ;
#6913 = CARTESIAN_POINT ( 'NONE',  ( -19.87111347387259741, 41.59779966158059494, 125.6496688811247253 ) ) ;
#6914 = CARTESIAN_POINT ( 'NONE',  ( -87.03917095743797461, -14.78840956284643582, 45.13835781979638995 ) ) ;
#6915 = CARTESIAN_POINT ( 'NONE',  ( 3.620353236799752850, 47.18619772084795017, 206.6951323552200677 ) ) ;
#6916 = DIRECTION ( 'NONE',  ( 0.000000000000000000, -0.9999451834084188695, -0.01047044308056617815 ) ) ;
#6917 = CARTESIAN_POINT ( 'NONE',  ( -28.00838327393253380, 34.19664680458014061, 111.3280847051004088 ) ) ;
#6918 = CARTESIAN_POINT ( 'NONE',  ( 7.413670879205955799, 25.74118016052085522, 27.12593742701221089 ) ) ;
#6919 = CARTESIAN_POINT ( 'NONE',  ( 6.604371854687009602, 43.21397998805966978, 170.7562094640786086 ) ) ;
#6920 = ORIENTED_EDGE ( 'NONE', *, *, #2480, .T. ) ;
#6921 = CARTESIAN_POINT ( 'NONE',  ( -5.575608442591200919, 38.65020296388524912, 98.77082943797432790 ) ) ;
#6922 = CARTESIAN_POINT ( 'NONE',  ( 0.000000000000000000, 42.53272745866301818, 298.2006047040866861 ) ) ;
#6923 = CARTESIAN_POINT ( 'NONE',  ( -1.993818069374082784E-05, 47.46906435781916400, 209.0584534593283195 ) ) ;
#6924 = DIRECTION ( 'NONE',  ( 0.000000000000000000, 0.000000000000000000, 1.000000000000000000 ) ) ;
#6925 = CARTESIAN_POINT ( 'NONE',  ( -1.850464964290566172, 28.57020904146000362, 400.4539919784762674 ) ) ;
#6926 = CARTESIAN_POINT ( 'NONE',  ( -3.340573480010778695, -14.94576865527262655, -66.08754007650293261 ) ) ;
#6927 = CARTESIAN_POINT ( 'NONE',  ( 0.000000000000000000, 140.4842180462710530, 161.1865791250929192 ) ) ;
#6928 = CARTESIAN_POINT ( 'NONE',  ( 20.97229702865632106, 24.83541990325049298, 40.43354771491713961 ) ) ;
#6929 = CARTESIAN_POINT ( 'NONE',  ( 0.3581938587357624271, 26.61312475623857665, 24.54915655884166981 ) ) ;
#6930 = CARTESIAN_POINT ( 'NONE',  ( 0.04694862236433845065, 41.31229181547323037, 117.7499826369469531 ) ) ;
#6931 = CARTESIAN_POINT ( 'NONE',  ( 2.005225952241261655, 23.00456069334608245, 429.7794286210721566 ) ) ;
#6932 = CARTESIAN_POINT ( 'NONE',  ( -43.95965009189017536, 30.33988575092048379, 125.6496688811247253 ) ) ;
#6933 = CARTESIAN_POINT ( 'NONE',  ( 150.0000000000000284, 3.089374213535638791, 211.7316696794227653 ) ) ;
#6934 = CARTESIAN_POINT ( 'NONE',  ( 0.000000000000000000, 29.52392101739476260, 35.04931211369479627 ) ) ;
#6935 = CARTESIAN_POINT ( 'NONE',  ( 5.981454208122645102E-05, 47.46906121529974598, 209.0584534399840209 ) ) ;
#6936 = CARTESIAN_POINT ( 'NONE',  ( -38.71531256197197024, 29.54932016329545874, 110.4240147231083142 ) ) ;
#6937 = FACE_OUTER_BOUND ( 'NONE', #4610, .T. ) ;
#6938 = EDGE_CURVE ( 'NONE', #3789, #3597, #6657, .T. ) ;
#6939 = CARTESIAN_POINT ( 'NONE',  ( -3.146896805639176620E-14, 41.87538907178089431, 125.6496688811249385 ) ) ;
#6941 = ORIENTED_EDGE ( 'NONE', *, *, #5054, .F. ) ;
#6940 = CARTESIAN_POINT ( 'NONE',  ( 149.9999999999998863, 13.60113310668955400, 239.5281348986660817 ) ) ;
#6942 = CARTESIAN_POINT ( 'NONE',  ( -0.4504149277811642649, 35.26295757814943954, 66.60068310872956943 ) ) ;
#6943 = CARTESIAN_POINT ( 'NONE',  ( 31.40791740341873606, 37.79080290360793981, 201.8077909461006243 ) ) ;
#6944 = CARTESIAN_POINT ( 'NONE',  ( -0.2483578034168936188, 43.67306687422230738, 156.7918303258223318 ) ) ;
#6945 = CARTESIAN_POINT ( 'NONE',  ( -5.464736131164349864, 43.50860587325603746, 212.4283771824704843 ) ) ;
#6946 = B_SPLINE_CURVE_WITH_KNOTS ( 'NONE', 3,
 ( #432, #7321, #6101, #2331, #5440, #7936, #1013, #3505, #5402, #5364, #2371, #1660, #1087, #5984 ),
 .UNSPECIFIED., .F., .F.,
 ( 4, 2, 2, 2, 2, 2, 4 ),
 ( 0.0006129779656265513851, 0.006716508875972020988, 0.01282003978631749037, 0.01892357069666296063, 0.02502710160700842915, 0.03723416342769935578, 0.04944122524839028587 ),
 .UNSPECIFIED. ) ;
#6947 = CARTESIAN_POINT ( 'NONE',  ( 47.31906922256365533, 16.80001900358779210, 316.1413866361843361 ) ) ;
#6948 = CARTESIAN_POINT ( 'NONE',  ( 2.177296947288516193, -4.542331835814525043, 541.4227397640479467 ) ) ;
#6949 = CARTESIAN_POINT ( 'NONE',  ( 3.146896805639176620E-14, 41.87538907178089431, 125.6496688811249385 ) ) ;
#6950 = CARTESIAN_POINT ( 'NONE',  ( -56.19787954467784630, 2.127072668286307255, 212.5857681456718353 ) ) ;
#6951 = CARTESIAN_POINT ( 'NONE',  ( -45.95965009189017536, 22.37346977414277305, 125.6496688811248106 ) ) ;
#6952 = CARTESIAN_POINT ( 'NONE',  ( 3.345376087531854115, -19.80729880530915210, -71.09459982090788799 ) ) ;
#6953 = EDGE_CURVE ( 'NONE', #871, #1583, #6495, .T. ) ;
#6954 = CARTESIAN_POINT ( 'NONE',  ( -44.52643495130072182, 29.39651736911532609, 140.1786678351647879 ) ) ;
#6955 = B_SPLINE_CURVE_WITH_KNOTS ( 'NONE', 3,
 ( #592, #3051, #6945, #7615 ),
 .UNSPECIFIED., .F., .F.,
 ( 4, 4 ),
 ( 9.220324632560272525E-06, 0.0007093641236006485761 ),
 .UNSPECIFIED. ) ;
#6956 = CARTESIAN_POINT ( 'NONE',  ( -0.2370800124795012509, 26.59913394910569195, 24.54032274060198304 ) ) ;
#6957 = VERTEX_POINT ( 'NONE', #2402 ) ;
#6958 = CARTESIAN_POINT ( 'NONE',  ( 0.6288477392284699263, 39.44826234199281600, 97.17589352663060254 ) ) ;
#6959 = CARTESIAN_POINT ( 'NONE',  ( -56.11130722957283723, 35.86224107201260836, 219.6474666994794234 ) ) ;
#6960 = CARTESIAN_POINT ( 'NONE',  ( -0.1157063347074010623, 46.98806938827686253, 187.8683353890675107 ) ) ;
#6961 = CARTESIAN_POINT ( 'NONE',  ( 44.41188465525987539, 31.21514816738373099, 106.8014500770796786 ) ) ;
#6962 = CARTESIAN_POINT ( 'NONE',  ( -50.11171787444065728, 9.594334424904452874, 362.2731057270540305 ) ) ;
#6963 = CARTESIAN_POINT ( 'NONE',  ( -0.06649786478114236288, 43.63819782570047323, 156.8148083830331814 ) ) ;
#6964 = CARTESIAN_POINT ( 'NONE',  ( 45.25857852928233882, 30.85907146017974156, 170.3747827884738797 ) ) ;
#6965 = CARTESIAN_POINT ( 'NONE',  ( 0.000000000000000000, 4.829427991817969890, -41.35103106569409448 ) ) ;
#6966 = CARTESIAN_POINT ( 'NONE',  ( 1.349535228647776863, 47.37086737399764047, 208.3006657236066985 ) ) ;
#6967 = DIRECTION ( 'NONE',  ( 0.000000000000000000, 0.000000000000000000, -1.000000000000000000 ) ) ;
#6968 = CARTESIAN_POINT ( 'NONE',  ( -3.419315568526361204, 28.27941205600841101, 33.42925821746757009 ) ) ;
#6969 = CARTESIAN_POINT ( 'NONE',  ( -77.40947463289504071, 21.01930611802427151, 121.3389839466043583 ) ) ;
#6970 = CARTESIAN_POINT ( 'NONE',  ( -40.09383699605397311, 32.81979609509872375, 155.5502288790536340 ) ) ;
#6971 = CARTESIAN_POINT ( 'NONE',  ( 0.000000000000000000, -4.664387618694376236, 541.5776915351184471 ) ) ;
#6973 = ORIENTED_EDGE ( 'NONE', *, *, #4803, .F. ) ;
#6972 = CARTESIAN_POINT ( 'NONE',  ( 40.79460188880804594, 29.95918789001902738, 122.7260954801791399 ) ) ;
#6974 = ORIENTED_EDGE ( 'NONE', *, *, #7701, .F. ) ;
#6975 = B_SPLINE_SURFACE_WITH_KNOTS ( 'NONE', 3, 1, ( 
 ( #7500, #2544 ),
 ( #3835, #5088 ),
 ( #7587, #6961 ),
 ( #3272, #5753 ) ),
 .UNSPECIFIED., .F., .F., .F.,
 ( 4, 4 ),
 ( 2, 2 ),
 ( 0.000000000000000000, 1.000000000000000000 ),
 ( 0.000000000000000000, 1.000000000000000000 ),
 .UNSPECIFIED. ) ;
#6976 = CARTESIAN_POINT ( 'NONE',  ( 12.54926442142181209, -19.83559714904187743, -65.17547834017919683 ) ) ;
#6977 = CARTESIAN_POINT ( 'NONE',  ( -0.2549164781069008234, 37.98005128123563878, 85.16790156441450677 ) ) ;
#6978 = LINE ( 'NONE', #5729, #19 ) ;
#6979 = CARTESIAN_POINT ( 'NONE',  ( -33.35187396246293901, 29.86441693184065826, 92.60053639705775197 ) ) ;
#6980 = CARTESIAN_POINT ( 'NONE',  ( 46.66372885059913500, 34.46892834322856203, 196.4195398845035641 ) ) ;
#6981 = CARTESIAN_POINT ( 'NONE',  ( 1.664383902556757288E-30, 47.02618027872264150, 208.4644611142317103 ) ) ;
#6983 = VERTEX_POINT ( 'NONE', #4867 ) ;
#6982 = CARTESIAN_POINT ( 'NONE',  ( 13.42993013484968756, 41.72605030748574251, 299.6411483311551933 ) ) ;
#6984 = CARTESIAN_POINT ( 'NONE',  ( 21.85590877423020828, 30.76780572225905885, 70.71187559412938128 ) ) ;
#6985 = CARTESIAN_POINT ( 'NONE',  ( 0.4788051107118245220, 44.22077823714662514, 191.9964749586207802 ) ) ;
#6986 = EDGE_CURVE ( 'NONE', #3931, #4450, #2274, .T. ) ;
#6987 = CARTESIAN_POINT ( 'NONE',  ( -6.407987832992390942, 41.65147280356550397, 135.1274722691391901 ) ) ;
#6988 = CARTESIAN_POINT ( 'NONE',  ( 4.825845904324555846, 43.07463869931191880, 158.1614980810050781 ) ) ;
#6989 = LINE ( 'NONE', #229, #5425 ) ;
#6990 = CARTESIAN_POINT ( 'NONE',  ( -2.636089993480690730, 43.85394211672947051, 180.8109276705870627 ) ) ;
#6991 = CARTESIAN_POINT ( 'NONE',  ( 2.005225952241261655, 23.00456069334608245, 429.7794286210721566 ) ) ;
#6992 = FACE_OUTER_BOUND ( 'NONE', #1891, .T. ) ;
#6993 = LINE ( 'NONE', #344, #408 ) ;
#6994 = CLOSED_SHELL ( 'NONE', ( #2982, #658, #7851, #3579, #6547, #4584, #5257, #2346, #3174, #5774, #6015, #4081, #1797, #7653, #2156, #2121, #213, #1103, #3920, #4309, #7347, #3874, #1021, #5146, #1854, #7089, #2069, #2384, #5297, #1302, #1010, #4709 ) ) ;
#6995 = CARTESIAN_POINT ( 'NONE',  ( -0.000000000000000000, -2.015148108693687767, -51.69602975127715183 ) ) ;
#6996 = DIRECTION ( 'NONE',  ( 1.111335831368625778E-14, 0.000000000000000000, -1.000000000000000000 ) ) ;
#6997 = CARTESIAN_POINT ( 'NONE',  ( 0.000000000000000000, -14.90059978858783118, -66.09690123838019815 ) ) ;
#6998 = CARTESIAN_POINT ( 'NONE',  ( -13.19411633330861200, 36.94346680097690694, 98.06608232352509447 ) ) ;
#6999 = CARTESIAN_POINT ( 'NONE',  ( 0.000000000000000000, 34.50584483302881011, 43.75799236263725334 ) ) ;
#7000 = EDGE_CURVE ( 'NONE', #5560, #467, #1454, .T. ) ;
#7001 = VERTEX_POINT ( 'NONE', #6727 ) ;
#7002 = CIRCLE ( 'NONE', #2466, 0.5999999999999979794 ) ;
#7003 = CARTESIAN_POINT ( 'NONE',  ( 0.3739691512756149194, 37.99507615783626591, 85.17188574129446010 ) ) ;
#7004 = CARTESIAN_POINT ( 'NONE',  ( 1.005968528606214107, 32.03284778517833331, 380.7173133528380049 ) ) ;
#7005 = ADVANCED_FACE ( 'NONE', ( #2926 ), #7952, .T. ) ;
#7006 = LINE ( 'NONE', #1461, #2590 ) ;
#7007 = AXIS2_PLACEMENT_3D ( 'NONE', #3201, #5681, #128 ) ;
#7008 = CARTESIAN_POINT ( 'NONE',  ( -40.64279130071612656, 19.78146202829371347, 391.0697883059202695 ) ) ;
#7009 = B_SPLINE_CURVE_WITH_KNOTS ( 'NONE', 3,
 ( #1449, #3911, #6387, #844, #3304, #233 ),
 .UNSPECIFIED., .F., .F.,
 ( 4, 2, 4 ),
 ( 0.07835304907638580840, 0.08819317195026704637, 0.09803329482414828433 ),
 .UNSPECIFIED. ) ;
#7010 = CARTESIAN_POINT ( 'NONE',  ( -0.2763270845798436737, 43.61486823348437269, 156.8335772343319832 ) ) ;
#7011 = CARTESIAN_POINT ( 'NONE',  ( 10.31144182482017158, 39.11378308796710712, 113.2996130869223492 ) ) ;
#7012 = VECTOR ( 'NONE', #4708, 1000.000000000000000 ) ;
#7013 = CARTESIAN_POINT ( 'NONE',  ( 1.904146327908672554, -8.520320594203820264, -59.57409022259488296 ) ) ;
#7014 = VECTOR ( 'NONE', #6722, 1000.000000000000000 ) ;
#7015 = CARTESIAN_POINT ( 'NONE',  ( 42.95965009189016826, 30.33988575092048379, 125.6496688811247253 ) ) ;
#7016 = FACE_OUTER_BOUND ( 'NONE', #2191, .T. ) ;
#7017 = CARTESIAN_POINT ( 'NONE',  ( -4.248462897288200146, 26.09806881999474015, 25.49373258488989791 ) ) ;
#7018 = CARTESIAN_POINT ( 'NONE',  ( -0.3817386966902039380, 40.50982932861347052, 109.2426241707382388 ) ) ;
#7020 = ORIENTED_EDGE ( 'NONE', *, *, #3567, .T. ) ;
#7019 = CARTESIAN_POINT ( 'NONE',  ( 7.105821175238780540, 38.72730869460587400, 103.0748756993600779 ) ) ;
#7021 = ORIENTED_EDGE ( 'NONE', *, *, #7310, .F. ) ;
#7022 = CARTESIAN_POINT ( 'NONE',  ( 0.000000000000000000, -19.80119957717566237, -71.13603959821548983 ) ) ;
#7023 = CARTESIAN_POINT ( 'NONE',  ( -0.3620337161051778718, 36.21402706492616375, 73.22045066646241196 ) ) ;
#7024 = CARTESIAN_POINT ( 'NONE',  ( 3.987636155465539852E-05, 47.46906278656157241, 209.0584534496562412 ) ) ;
#7025 = CARTESIAN_POINT ( 'NONE',  ( -35.93943474109790515, 30.31806316339447704, 105.1925578749754777 ) ) ;
#7026 = CARTESIAN_POINT ( 'NONE',  ( -10.29251306018288936, 42.86073336997893790, 218.3737161211807347 ) ) ;
#7027 = CARTESIAN_POINT ( 'NONE',  ( 3.066662445442881690, 43.86679528997784416, 190.1228816791381462 ) ) ;
#7028 = CARTESIAN_POINT ( 'NONE',  ( 0.000000000000000000, 47.24020393734341638, 208.5710519773350313 ) ) ;
#7030 = EDGE_LOOP ( 'NONE', ( #3523, #1767, #3594, #3038, #3188, #1807 ) ) ;
#7029 = CARTESIAN_POINT ( 'NONE',  ( 2.020103609511816778, 47.45192383060642527, 205.2836370420775722 ) ) ;
#7031 = CARTESIAN_POINT ( 'NONE',  ( 11.25341018581421437, 33.74419806607691186, 71.29758656798523475 ) ) ;
#7032 = CARTESIAN_POINT ( 'NONE',  ( -0.1844894630518050527, 43.96167057545649470, 214.8355862338917746 ) ) ;
#7033 = CARTESIAN_POINT ( 'NONE',  ( -0.4393696625327470628, 44.03700864818544147, 168.5665206796041673 ) ) ;
#7034 = LINE ( 'NONE', #3259, #3116 ) ;
#7035 = CARTESIAN_POINT ( 'NONE',  ( -7.134744707457001844, 43.31500989894171028, 182.6370753788610841 ) ) ;
#7036 = CARTESIAN_POINT ( 'NONE',  ( 2.253861092064105787, 13.62000221831030800, 472.6187073565538412 ) ) ;
#7037 = CARTESIAN_POINT ( 'NONE',  ( -45.95965009189017536, 27.65776224782523585, 125.6496688811247253 ) ) ;
#7038 = CARTESIAN_POINT ( 'NONE',  ( 3.049539245039347257, 43.88682235081135730, 190.1217284316822997 ) ) ;
#7039 = CARTESIAN_POINT ( 'NONE',  ( -150.0000000000000284, 3.089374213535638791, 211.7316696794227653 ) ) ;
#7040 = CARTESIAN_POINT ( 'NONE',  ( -43.95965009189017536, 30.33988575092048379, 128.6496688811247111 ) ) ;
#7041 = CARTESIAN_POINT ( 'NONE',  ( 0.000000000000000000, -2.015148108693687767, -51.69602975127715183 ) ) ;
#7042 = CARTESIAN_POINT ( 'NONE',  ( -13.45080174699857700, 35.85877772808890285, 89.72065886518782918 ) ) ;
#7043 = CARTESIAN_POINT ( 'NONE',  ( -0.04033932668514933484, 30.52561216978045167, 41.20706815369583609 ) ) ;
#7044 = ORIENTED_EDGE ( 'NONE', *, *, #2192, .F. ) ;
#7045 = CARTESIAN_POINT ( 'NONE',  ( -0.6208287984468036091, 36.09075488206846671, 73.23219248925938984 ) ) ;
#7046 = CARTESIAN_POINT ( 'NONE',  ( 150.0000000000000568, 14.41729715668834189, 243.9122022442739706 ) ) ;
#7047 = CARTESIAN_POINT ( 'NONE',  ( -12.50381132325683886, 27.83116567873787162, 396.5693299386862805 ) ) ;
#7048 = EDGE_CURVE ( 'NONE', #5324, #448, #6520, .T. ) ;
#7049 = LINE ( 'NONE', #7123, #2091 ) ;
#7050 = CARTESIAN_POINT ( 'NONE',  ( -2.253861092064105787, 13.62000221831030800, 472.6187073565538412 ) ) ;
#7051 = PRODUCT_DEFINITION ( 'UNKNOWN', '', #5457, #7775 ) ;
#7052 = VERTEX_POINT ( 'NONE', #5357 ) ;
#7053 = CARTESIAN_POINT ( 'NONE',  ( 9.458283386052546149, 39.24082805054879231, 112.8010192189577623 ) ) ;
#7054 = CARTESIAN_POINT ( 'NONE',  ( -85.15847978174487309, 3.904776106732709806, 71.64136231852130265 ) ) ;
#7055 = B_SPLINE_CURVE_WITH_KNOTS ( 'NONE', 3,
 ( #5614, #6220, #637, #3262, #5653, #24, #6913, #4397, #679, #2532, #1332, #2493, #4995, #7451, #1375, #2026 ),
 .UNSPECIFIED., .F., .F.,
 ( 4, 2, 2, 2, 2, 2, 2, 4 ),
 ( 0.0005121091515825516990, 0.006582343407663460329, 0.01265257766374437015, 0.02479304617590618806, 0.03693351468806800597, 0.04300374894414891319, 0.04603886607218936333, 0.04907398320022982041 ),
 .UNSPECIFIED. ) ;
#7056 = DIRECTION ( 'NONE',  ( -1.000000000000000000, 0.000000000000000000, 0.000000000000000000 ) ) ;
#7057 = CARTESIAN_POINT ( 'NONE',  ( -6.621998174968712014, 25.83188650149380905, 26.67707732658634256 ) ) ;
#7058 = CARTESIAN_POINT ( 'NONE',  ( -51.70263860078125617, 19.26326618461806461, 258.1664659383015419 ) ) ;
#7060 = ORIENTED_EDGE ( 'NONE', *, *, #3770, .F. ) ;
#7059 = CARTESIAN_POINT ( 'NONE',  ( 23.94018025664827221, 35.94394029130017287, 115.1013983758244024 ) ) ;
#7061 = B_SPLINE_CURVE_WITH_KNOTS ( 'NONE', 3,
 ( #1491, #2732, #5823, #5201, #3379, #2064, #888, #268, #5861, #2807, #843, #4677, #307, #4521 ),
 .UNSPECIFIED., .F., .F.,
 ( 4, 2, 2, 2, 2, 2, 4 ),
 ( 0.0006129779656265513851, 0.006716508875972020988, 0.01282003978631749037, 0.01892357069666296063, 0.02502710160700842915, 0.03723416342769935578, 0.04944122524839028587 ),
 .UNSPECIFIED. ) ;
#7062 = ORIENTED_EDGE ( 'NONE', *, *, #6745, .F. ) ;
#7063 = CARTESIAN_POINT ( 'NONE',  ( 0.000000000000000000, -8.574914396861032628, -59.59239050809556204 ) ) ;
#7064 = CARTESIAN_POINT ( 'NONE',  ( 4.367040946219160169, 35.61842248306520986, 74.21636490322848090 ) ) ;
#7065 = LINE ( 'NONE', #3973, #6855 ) ;
#7066 = CARTESIAN_POINT ( 'NONE',  ( -6.369792656357232907, 31.37639465595616528, 51.62654677355696009 ) ) ;
#7067 = DIRECTION ( 'NONE',  ( 0.000000000000000000, 0.000000000000000000, -1.000000000000000000 ) ) ;
#7068 = CARTESIAN_POINT ( 'NONE',  ( 0.000000000000000000, 47.46908510132400494, 209.0584537857835414 ) ) ;
#7069 = CARTESIAN_POINT ( 'NONE',  ( 1.897151511910303734, 46.91140964979707206, 229.3722862163716343 ) ) ;
#7070 = CARTESIAN_POINT ( 'NONE',  ( 5.678851111786372030, 43.62928475641063386, 205.1549513305815253 ) ) ;
#7071 = CARTESIAN_POINT ( 'NONE',  ( 8.966662445441933471, 42.93931789672131316, 176.7376644400902705 ) ) ;
#7072 = CARTESIAN_POINT ( 'NONE',  ( -39.55461544853746148, 34.16403340604842498, 214.1268851712970331 ) ) ;
#7073 = CARTESIAN_POINT ( 'NONE',  ( 11.87753674811280824, 22.01321616650771773, 424.9228753704809378 ) ) ;
#7074 = FACE_OUTER_BOUND ( 'NONE', #3446, .T. ) ;
#7075 = DIRECTION ( 'NONE',  ( 0.000000000000000000, 0.000000000000000000, -1.000000000000000000 ) ) ;
#7076 = CARTESIAN_POINT ( 'NONE',  ( 1.897887140548182083, -1.930630389853631890, -51.65318905880917555 ) ) ;
#7077 = CARTESIAN_POINT ( 'NONE',  ( -0.9462317272739826368, 1.580906215184355590, -46.59094046645357423 ) ) ;
#7078 = CARTESIAN_POINT ( 'NONE',  ( -45.29008091737477315, 28.38945018175855139, 133.5156168537245662 ) ) ;
#7079 = CARTESIAN_POINT ( 'NONE',  ( 1.489892170082656619, 28.50102602413031150, 32.92237755503795427 ) ) ;
#7080 = ORIENTED_EDGE ( 'NONE', *, *, #2633, .F. ) ;
#7081 = CARTESIAN_POINT ( 'NONE',  ( 0.5582433140298689311, 36.23854377026026441, 73.23039269029585796 ) ) ;
#7082 = CARTESIAN_POINT ( 'NONE',  ( -1.848321708431225563, 47.83361918596382623, 180.4427191032446558 ) ) ;
#7083 = CARTESIAN_POINT ( 'NONE',  ( -47.31906922256365533, 16.80001900358779210, 316.1413866361843361 ) ) ;
#7084 = CARTESIAN_POINT ( 'NONE',  ( -0.8059102220277025719, 46.91356562052377654, 187.8683353890676244 ) ) ;
#7085 = CARTESIAN_POINT ( 'NONE',  ( 3.066662445442877694, 46.63656979212799314, 190.2919100154188072 ) ) ;
#7086 = CARTESIAN_POINT ( 'NONE',  ( 0.6201986524214535557, 17.04685725042859801, 458.4078278594934659 ) ) ;
#7087 = VERTEX_POINT ( 'NONE', #3539 ) ;
#7088 = CARTESIAN_POINT ( 'NONE',  ( 13.72407557989067506, 38.60560323764034507, 115.2939885587807396 ) ) ;
#7089 = ADVANCED_FACE ( 'NONE', ( #1691 ), #4148, .F. ) ;
#7090 = CARTESIAN_POINT ( 'NONE',  ( 0.000000000000000000, 11.73449225725467926, -28.51670946738130752 ) ) ;
#7091 = LINE ( 'NONE', #289, #2232 ) ;
#7092 = CARTESIAN_POINT ( 'NONE',  ( -48.88661817481857952, 28.84062732959467823, 173.9313856131321927 ) ) ;
#7093 = CARTESIAN_POINT ( 'NONE',  ( 1.974914245429317816, 47.28203194932483200, 155.6413165022189844 ) ) ;
#7095 = ORIENTED_EDGE ( 'NONE', *, *, #4112, .T. ) ;
#7094 = CARTESIAN_POINT ( 'NONE',  ( 19.92180304278306480, 36.72976153957159795, 111.3718212438061101 ) ) ;
#7096 = EDGE_CURVE ( 'NONE', #2741, #588, #4789, .T. ) ;
#7097 = ORIENTED_EDGE ( 'NONE', *, *, #2066, .F. ) ;
#7098 = CARTESIAN_POINT ( 'NONE',  ( -0.9565858417292030236, -24.71121349876131390, -76.19616986922960677 ) ) ;
#7099 = DIRECTION ( 'NONE',  ( 0.000000000000000000, -1.000000000000000000, 0.000000000000000000 ) ) ;
#7100 = CARTESIAN_POINT ( 'NONE',  ( -2.932935320464695739, 43.89729320496125808, 189.6239011906759799 ) ) ;
#7101 = CARTESIAN_POINT ( 'NONE',  ( -0.6634945834854044655, 33.70391598852854287, 58.11067085143655220 ) ) ;
#7102 = EDGE_CURVE ( 'NONE', #871, #6042, #5430, .T. ) ;
#7103 = CARTESIAN_POINT ( 'NONE',  ( -0.6364666760083895758, 46.81312030510025579, 208.4485830461287890 ) ) ;
#7104 = CARTESIAN_POINT ( 'NONE',  ( -7.500000000000000000, 26.87530127623825749, 23.34527260323320164 ) ) ;
#7105 = B_SPLINE_CURVE_WITH_KNOTS ( 'NONE', 3,
 ( #2161, #7092, #5292, #951, #1589, #3400 ),
 .UNSPECIFIED., .F., .F.,
 ( 4, 2, 4 ),
 ( 0.000000000000000000, 0.02904162606986670711, 0.05808325213973341422 ),
 .UNSPECIFIED. ) ;
#7106 = CARTESIAN_POINT ( 'NONE',  ( 7.846345050770216822, 46.81194873575534388, 182.9037947448233012 ) ) ;
#7107 = CARTESIAN_POINT ( 'NONE',  ( 0.09654538586213126661, 35.19448973182549878, 66.58436280145703279 ) ) ;
#7108 = CARTESIAN_POINT ( 'NONE',  ( 4.290443954675394522, 43.78331709570667840, 204.6140471656289037 ) ) ;
#7109 = CARTESIAN_POINT ( 'NONE',  ( 26.41220509636847424, 39.08927134528171621, 173.1002843992143596 ) ) ;
#7110 = DIRECTION ( 'NONE',  ( -8.372497766808336842E-17, -0.9999862922474268556, 0.005235963831417927289 ) ) ;
#7111 = CARTESIAN_POINT ( 'NONE',  ( -2.567542197372857160, 44.01398118106109791, 192.4700077841475832 ) ) ;
#7112 = CARTESIAN_POINT ( 'NONE',  ( 6.953941588068372148, 6.120562770953910992, 500.2070897956710951 ) ) ;
#7113 = CARTESIAN_POINT ( 'NONE',  ( -49.16176366489245453, 32.88963370336595915, 183.6080041517475081 ) ) ;
#7114 = DIRECTION ( 'NONE',  ( -1.000000000000000000, 0.000000000000000000, 0.000000000000000000 ) ) ;
#7115 = CARTESIAN_POINT ( 'NONE',  ( 0.9391192593045467607, 7.969336849332791850, -35.88766685587286531 ) ) ;
#7116 = CARTESIAN_POINT ( 'NONE',  ( 150.0000000000000284, 2.675617566335641406, 211.3246760485956202 ) ) ;
#7117 = CARTESIAN_POINT ( 'NONE',  ( -0.6225900396152649341, 36.36870608604021271, 75.12677912018241955 ) ) ;
#7118 = CARTESIAN_POINT ( 'NONE',  ( 22.86480379319851153, 25.76926361282198386, 46.64571247969058732 ) ) ;
#7119 = VERTEX_POINT ( 'NONE', #5515 ) ;
#7120 = CARTESIAN_POINT ( 'NONE',  ( 0.5015823108654486884, 38.01112077084520990, 85.17725578798608410 ) ) ;
#7121 = CARTESIAN_POINT ( 'NONE',  ( 150.0000000000000853, 15.27823658166833454, 249.4146832441057597 ) ) ;
#7122 = CARTESIAN_POINT ( 'NONE',  ( 0.9419369969250757091, 38.87366631406933948, 332.0309586039868464 ) ) ;
#7123 = CARTESIAN_POINT ( 'NONE',  ( 0.000000000000000000, 0.000000000000000000, 125.6496688811247253 ) ) ;
#7124 = CARTESIAN_POINT ( 'NONE',  ( -36.39338372330776394, -3.366029079672264057, 468.1666420047091037 ) ) ;
#7125 = AXIS2_PLACEMENT_3D ( 'NONE', #2518, #6900, #51 ) ;
#7126 = AXIS2_PLACEMENT_3D ( 'NONE', #2937, #4200, #3551 ) ;
#7127 = CARTESIAN_POINT ( 'NONE',  ( 59.71558549167485808, -8.266634582424307709, 438.4425714590527150 ) ) ;
#7128 = ORIENTED_EDGE ( 'NONE', *, *, #6510, .F. ) ;
#7129 = CARTESIAN_POINT ( 'NONE',  ( -86.04165046946579309, -0.9836248390333799385, 62.57548133218611497 ) ) ;
#7130 = CARTESIAN_POINT ( 'NONE',  ( 2.999001569633721775, 47.24822444018687406, 206.5288203575032924 ) ) ;
#7131 = AXIS2_PLACEMENT_3D ( 'NONE', #6249, #6718, #6125 ) ;
#7132 = CARTESIAN_POINT ( 'NONE',  ( 39.83570236460560920, 26.40702837116184654, 69.16083407968433505 ) ) ;
#7133 = CARTESIAN_POINT ( 'NONE',  ( 0.000000000000000000, 47.65165836710342973, 180.5788067618912009 ) ) ;
#7134 = VECTOR ( 'NONE', #6000, 1000.000000000000000 ) ;
#7136 = EDGE_LOOP ( 'NONE', ( #7204, #5953, #4625, #5381 ) ) ;
#7135 = CARTESIAN_POINT ( 'NONE',  ( 6.429196178609147161, 38.82010822441981901, 102.7255474857356461 ) ) ;
#7137 = CARTESIAN_POINT ( 'NONE',  ( 39.18310407258634598, 34.38133551503729279, 206.6432784341519664 ) ) ;
#7138 = EDGE_LOOP ( 'NONE', ( #977, #3777, #1220, #3397 ) ) ;
#7139 = CARTESIAN_POINT ( 'NONE',  ( 3.302423590642567852, 4.628195515106217073, -41.47021073289514703 ) ) ;
#7140 = CARTESIAN_POINT ( 'NONE',  ( 2.362763836908236659, 35.87213016188101733, 73.54423829534418644 ) ) ;
#7141 = CARTESIAN_POINT ( 'NONE',  ( -1.403479634784894792, 33.61263295392708983, 58.19252124241918267 ) ) ;
#7142 = CARTESIAN_POINT ( 'NONE',  ( -2.997158024569279711, 46.58725634734113896, 206.5395384060788615 ) ) ;
#7143 = VECTOR ( 'NONE', #4823, 1000.000000000000000 ) ;
#7144 = AXIS2_PLACEMENT_3D ( 'NONE', #190, #3986, #1565 ) ;
#7145 = B_SPLINE_CURVE_WITH_KNOTS ( 'NONE', 3,
 ( #5772, #2013, #7685, #916 ),
 .UNSPECIFIED., .F., .F.,
 ( 4, 4 ),
 ( 2.507625306634141203E-07, 0.01828162974460683862 ),
 .UNSPECIFIED. ) ;
#7146 = EDGE_CURVE ( 'NONE', #2741, #5942, #1787, .T. ) ;
#7147 = CARTESIAN_POINT ( 'NONE',  ( -2.928739895743224686, 47.23581953077436424, 207.9771382700470213 ) ) ;
#7148 = CARTESIAN_POINT ( 'NONE',  ( -1.232214472287483709, 47.77296557967702739, 180.4880816561268375 ) ) ;
#7149 = CARTESIAN_POINT ( 'NONE',  ( 0.4599260445529751995, 35.14907451359087531, 66.59358086590771109 ) ) ;
#7150 = EDGE_CURVE ( 'NONE', #3789, #6906, #9, .T. ) ;
#7151 = CARTESIAN_POINT ( 'NONE',  ( 3.936289177040978249, 43.82053414146576387, 204.4871836865702903 ) ) ;
#7152 = CARTESIAN_POINT ( 'NONE',  ( 46.84405376642479268, 30.65964751099987851, 207.0878397519331315 ) ) ;
#7153 = CARTESIAN_POINT ( 'NONE',  ( -150.0000000000000284, -0.1700441024495829567, 208.5255278475402463 ) ) ;
#7154 = CARTESIAN_POINT ( 'NONE',  ( -23.92178885694114854, 40.30252200235772619, 204.8534245797129074 ) ) ;
#7155 = CARTESIAN_POINT ( 'NONE',  ( -1.371592355364178228, 6.821518167627450779, 500.7095233472878135 ) ) ;
#7156 = CARTESIAN_POINT ( 'NONE',  ( -46.24720666150945192, 34.69234499057586874, 197.3204526716033342 ) ) ;
#7157 = CARTESIAN_POINT ( 'NONE',  ( 5.464712794159266807, 43.51203873718162640, 212.1950211597117004 ) ) ;
#7158 = CARTESIAN_POINT ( 'NONE',  ( 0.8988173065986810872, 24.74562245569138952, 4.905429404791115111 ) ) ;
#7159 = CARTESIAN_POINT ( 'NONE',  ( 43.95965009189017536, 30.33988575092048379, 125.6496688811247253 ) ) ;
#7160 = CARTESIAN_POINT ( 'NONE',  ( 86.34215386717033880, -3.295932708773868125, 58.85122590806797405 ) ) ;
#7161 = CARTESIAN_POINT ( 'NONE',  ( 0.04148973073780413967, 43.05948923038551612, 144.9353303164845954 ) ) ;
#7162 = CARTESIAN_POINT ( 'NONE',  ( -7.732067328197644862, 36.68055370944653504, 86.32810946151725773 ) ) ;
#7163 = CARTESIAN_POINT ( 'NONE',  ( 35.43549339574560975, 23.67140660989171508, 62.33878549813185543 ) ) ;
#7164 = ORIENTED_EDGE ( 'NONE', *, *, #3222, .F. ) ;
#7165 = CARTESIAN_POINT ( 'NONE',  ( -6.857594143293758826, 35.29223101881731850, 75.44949555365447225 ) ) ;
#7166 = CARTESIAN_POINT ( 'NONE',  ( -2.367866279720466594, 41.04594610967017587, 79.94441032751126386 ) ) ;
#7167 = CARTESIAN_POINT ( 'NONE',  ( -1.649437573462356754, 41.01991156795418902, 312.8522970477960143 ) ) ;
#7168 = CARTESIAN_POINT ( 'NONE',  ( -0.4666624454429734725, 44.14368619715546060, 187.8683353890677097 ) ) ;
#7169 = CARTESIAN_POINT ( 'NONE',  ( 31.57476734675940122, 34.37164278338259038, 125.6496688811246685 ) ) ;
#7170 = CARTESIAN_POINT ( 'NONE',  ( -32.20223243720680273, 37.20347048437674431, 224.6592420032624204 ) ) ;
#7171 = CARTESIAN_POINT ( 'NONE',  ( -2.401812407620467660, 6.569449054318622139, 500.9803719639622841 ) ) ;
#7172 = CARTESIAN_POINT ( 'NONE',  ( -6.825406799414573733, 40.42406978351651503, 120.0066065491348297 ) ) ;
#7173 = CARTESIAN_POINT ( 'NONE',  ( 36.87704838372232530, 0.06862354129085444787, 457.0708091009332747 ) ) ;
#7174 = ORIENTED_EDGE ( 'NONE', *, *, #7854, .T. ) ;
#7175 = CARTESIAN_POINT ( 'NONE',  ( 1.797634613197362174, 24.83933354071738009, 4.965788233343842784 ) ) ;
#7176 = CARTESIAN_POINT ( 'NONE',  ( 5.320951020334570458, 31.74158748792890705, 35.11526125519145580 ) ) ;
#7177 = CARTESIAN_POINT ( 'NONE',  ( 1.083397896708238717, 47.10800371953739329, 228.9848588130912788 ) ) ;
#7178 = B_SPLINE_CURVE_WITH_KNOTS ( 'NONE', 3,
 ( #3177, #6821, #5742, #1286 ),
 .UNSPECIFIED., .F., .F.,
 ( 4, 4 ),
 ( 6.437857749532317169E-16, 0.002008659278127703906 ),
 .UNSPECIFIED. ) ;
#7180 = VERTEX_POINT ( 'NONE', #1319 ) ;
#7179 = CARTESIAN_POINT ( 'NONE',  ( -0.4655856396809147091, 41.36346507896490721, 117.7462632606611521 ) ) ;
#7181 = CARTESIAN_POINT ( 'NONE',  ( 0.1555692708014036196, 46.98424456474113953, 187.8683353890677097 ) ) ;
#7182 = ORIENTED_EDGE ( 'NONE', *, *, #1355, .T. ) ;
#7183 = CARTESIAN_POINT ( 'NONE',  ( 12.46229530001277652, -2.572497710891440637, -46.23969499504121217 ) ) ;
#7184 = CARTESIAN_POINT ( 'NONE',  ( 9.074979150773888392, 36.75127529366007195, 88.61566738562871137 ) ) ;
#7185 = CARTESIAN_POINT ( 'NONE',  ( 19.57372214606865768, 15.00000000000000000, 214.0493121098461700 ) ) ;
#7186 = CARTESIAN_POINT ( 'NONE',  ( 0.2539856311207899786, 33.81762055075663653, 58.09675299734809784 ) ) ;
#7187 = CARTESIAN_POINT ( 'NONE',  ( -6.098637220230975063E-15, 43.20391718336936293, 147.6711886649916892 ) ) ;
#7188 = CARTESIAN_POINT ( 'NONE',  ( -9.708764460554501596, 41.18113847250970139, 136.8515011655780711 ) ) ;
#7189 = PLANE ( 'NONE',  #6865 ) ;
#7190 = CARTESIAN_POINT ( 'NONE',  ( 5.833484303085390010, 40.14202268965824771, 320.0000000000000568 ) ) ;
#7191 = CARTESIAN_POINT ( 'NONE',  ( 6.545067930958308189, 34.37791085246480094, 68.65038306595097595 ) ) ;
#7192 = CARTESIAN_POINT ( 'NONE',  ( -0.4134831372272718131, 43.97921384610842210, 214.8085705316374572 ) ) ;
#7193 = CARTESIAN_POINT ( 'NONE',  ( 0.07229335007984349915, 43.98321421925229657, 168.6062036914684654 ) ) ;
#7194 = CARTESIAN_POINT ( 'NONE',  ( -87.29032237503307101, -21.66930983638621200, 38.08868808560211505 ) ) ;
#7195 = EDGE_CURVE ( 'NONE', #135, #5259, #3689, .T. ) ;
#7196 = CARTESIAN_POINT ( 'NONE',  ( 149.9999999999992042, -3.609269300846623008, 431.4188600312683661 ) ) ;
#7197 = CARTESIAN_POINT ( 'NONE',  ( -23.54617954699073579, 43.76827001894377389, 213.8465046904474036 ) ) ;
#7198 = B_SPLINE_CURVE_WITH_KNOTS ( 'NONE', 3,
 ( #4428, #5512, #8001, #3809 ),
 .UNSPECIFIED., .F., .F.,
 ( 4, 4 ),
 ( 9.220324632560272525E-06, 0.0007093641236006485761 ),
 .UNSPECIFIED. ) ;
#7199 = CARTESIAN_POINT ( 'NONE',  ( -0.4666624454429742497, 46.95419416596109130, 187.2683353890677438 ) ) ;
#7200 = CARTESIAN_POINT ( 'NONE',  ( 2.737942552675891594, 20.88679572981984478, -7.018861411523644733 ) ) ;
#7201 = CARTESIAN_POINT ( 'NONE',  ( -2.838695181821947688, 1.681375928194609459, -46.53493995302151376 ) ) ;
#7202 = CARTESIAN_POINT ( 'NONE',  ( -4.825845904324555846, 43.07463869931191880, 158.1614980810050781 ) ) ;
#7203 = CARTESIAN_POINT ( 'NONE',  ( 39.29340324692148556, 21.11795571329721355, 60.93925227300984915 ) ) ;
#7204 = ORIENTED_EDGE ( 'NONE', *, *, #2927, .T. ) ;
#7205 = VERTEX_POINT ( 'NONE', #3730 ) ;
#7206 = FACE_OUTER_BOUND ( 'NONE', #881, .T. ) ;
#7207 = EDGE_CURVE ( 'NONE', #7874, #5325, #2833, .T. ) ;
#7208 = CARTESIAN_POINT ( 'NONE',  ( 9.038935942379033861, 44.65478929440413225, 133.3990811073386169 ) ) ;
#7209 = CARTESIAN_POINT ( 'NONE',  ( 0.5496791856790375075, 25.91683902096197656, 415.4374579817630888 ) ) ;
#7210 = CARTESIAN_POINT ( 'NONE',  ( 30.78599167562258287, 22.77632825530296046, 48.82389453046668848 ) ) ;
#7211 = CARTESIAN_POINT ( 'NONE',  ( -37.89612216560983882, 21.84723355098650899, 61.00115141096082283 ) ) ;
#7212 = ADVANCED_FACE ( 'NONE', ( #1971 ), #6854, .T. ) ;
#7213 = CARTESIAN_POINT ( 'NONE',  ( 44.95965009189017536, 30.33988575092048379, 125.6496688811247253 ) ) ;
#7214 = CARTESIAN_POINT ( 'NONE',  ( -26.30991428902423479, 39.39906752399314627, 218.3463854062954965 ) ) ;
#7215 = CARTESIAN_POINT ( 'NONE',  ( -2.331263078060942462, 10.18293184117968941, 486.7884037760323963 ) ) ;
#7216 = CARTESIAN_POINT ( 'NONE',  ( 0.3593824378511128459, 41.35050491988410926, 117.7454008323940116 ) ) ;
#7217 = CARTESIAN_POINT ( 'NONE',  ( -1.459071100982355595, -7.213087860121786932, 550.1242434627826015 ) ) ;
#7218 = VERTEX_POINT ( 'NONE', #6293 ) ;
#7219 = CARTESIAN_POINT ( 'NONE',  ( 0.5016324536365259767, 40.56062432457748201, 109.1410986603939222 ) ) ;
#7220 = CARTESIAN_POINT ( 'NONE',  ( -3.238742170394931286, 15.77724942527549956, -19.15744003631981229 ) ) ;
#7221 = CARTESIAN_POINT ( 'NONE',  ( 32.89178247024806723, 26.24054940983693385, 51.50960319821990652 ) ) ;
#7222 = CARTESIAN_POINT ( 'NONE',  ( 0.000000000000000000, 47.62041242848380307, 205.0701292695992777 ) ) ;
#7224 = VERTEX_POINT ( 'NONE', #2440 ) ;
#7223 = CARTESIAN_POINT ( 'NONE',  ( -0.2136216091474547885, 41.33269105965767665, 117.7462486494230944 ) ) ;
#7225 = CARTESIAN_POINT ( 'NONE',  ( 32.83041601732361414, 37.12677886134064664, 210.9852142319369648 ) ) ;
#7226 = CARTESIAN_POINT ( 'NONE',  ( -0.9429501939302636915, 4.886886460646159058, -41.31700136380539590 ) ) ;
#7227 = CARTESIAN_POINT ( 'NONE',  ( -0.5620750853058299468, 40.56807921564895025, 109.1422157994816047 ) ) ;
#7228 = DIRECTION ( 'NONE',  ( 1.000000000000000000, 0.000000000000000000, 0.000000000000000000 ) ) ;
#7229 = CARTESIAN_POINT ( 'NONE',  ( -0.1288091360282911935, 32.13767396786337116, 49.64671427714880991 ) ) ;
#7230 = CARTESIAN_POINT ( 'NONE',  ( -3.725064797236205649, 47.18508823153484855, 205.8604671828095150 ) ) ;
#7231 = PRODUCT ( 'HATCH FRONT', 'HATCH FRONT', '', ( #4869 ) ) ;
#7232 = CARTESIAN_POINT ( 'NONE',  ( -0.8063639006718102964, 46.79634688214476057, 208.4317417307523215 ) ) ;
#7233 = CARTESIAN_POINT ( 'NONE',  ( 1.649437573462356754, 38.88726402745196253, 331.8909477606557630 ) ) ;
#7234 = CARTESIAN_POINT ( 'NONE',  ( 4.854932565542712020, 43.50684542222291640, 216.1811155008562935 ) ) ;
#7235 = CARTESIAN_POINT ( 'NONE',  ( 2.861529713880420545, -14.86190821214616165, -66.10491999415030762 ) ) ;
#7236 = CARTESIAN_POINT ( 'NONE',  ( 7.189961064043363770, -9.266056063442162483, 554.1745012121198215 ) ) ;
#7237 = DIRECTION ( 'NONE',  ( 1.000000000000000000, 0.000000000000000000, 0.000000000000000000 ) ) ;
#7238 = DIRECTION ( 'NONE',  ( -0.9953172035022068709, -0.09666263193471785753, 0.000000000000000000 ) ) ;
#7239 = CARTESIAN_POINT ( 'NONE',  ( -150.0000000000000853, 8.243839277673602695, 220.6305941379857245 ) ) ;
#7240 = CARTESIAN_POINT ( 'NONE',  ( -0.8988173065986810872, 24.74562245569138952, 4.905429404791115111 ) ) ;
#7241 = CARTESIAN_POINT ( 'NONE',  ( 0.5856423267852960413, 43.12180325188484886, 144.9152413910798600 ) ) ;
#7242 = CARTESIAN_POINT ( 'NONE',  ( 2.603193413929209665, 30.21087240718051348, 41.54796548204003415 ) ) ;
#7243 = CARTESIAN_POINT ( 'NONE',  ( 32.80663302592628128, 35.49301778528868567, 146.3833932018646919 ) ) ;
#7244 = DIRECTION ( 'NONE',  ( 0.9999999949984913483, -5.236753713039778686E-07, -0.0001000137147306214409 ) ) ;
#7245 = CARTESIAN_POINT ( 'NONE',  ( 1.649437573462356754, 41.01991156795418902, 312.8522970477960143 ) ) ;
#7246 = CARTESIAN_POINT ( 'NONE',  ( -6.953941588068372148, 6.120562770953910992, 500.2070897956710951 ) ) ;
#7247 = CARTESIAN_POINT ( 'NONE',  ( 0.000000000000000000, 47.46908510132400494, 209.0584537857835414 ) ) ;
#7248 = FACE_OUTER_BOUND ( 'NONE', #410, .T. ) ;
#7249 = DIRECTION ( 'NONE',  ( -1.000000000000000000, 0.000000000000000000, 0.000000000000000000 ) ) ;
#7250 = CARTESIAN_POINT ( 'NONE',  ( -6.018456004071335741, 43.58952814580221968, 205.2936149475100649 ) ) ;
#7251 = CARTESIAN_POINT ( 'NONE',  ( 0.000000000000000000, -4.664387618694376236, 541.5776915351184471 ) ) ;
#7252 = CARTESIAN_POINT ( 'NONE',  ( -2.298081123517590640, 39.36312719113087155, 101.0184667162162526 ) ) ;
#7253 = EDGE_CURVE ( 'NONE', #1198, #1301, #791, .T. ) ;
#7254 = CARTESIAN_POINT ( 'NONE',  ( 149.9999999999995168, -1.113709569569687474, 417.4376239672698148 ) ) ;
#7255 = ORIENTED_EDGE ( 'NONE', *, *, #4659, .T. ) ;
#7256 = CARTESIAN_POINT ( 'NONE',  ( -1.711630689862087884, 40.28496874728033106, 109.3526927152133226 ) ) ;
#7257 = EDGE_CURVE ( 'NONE', #3597, #5884, #6171, .T. ) ;
#7258 = CARTESIAN_POINT ( 'NONE',  ( -10.24811798180279787, 39.43337803868414682, 83.18633069079341169 ) ) ;
#7259 = CARTESIAN_POINT ( 'NONE',  ( -0.8058345164804590066, 46.91357465816093963, 187.8683353890677097 ) ) ;
#7260 = APPLICATION_CONTEXT ( 'automotive_design' ) ;
#7261 = PLANE ( 'NONE',  #6857 ) ;
#7263 = ORIENTED_EDGE ( 'NONE', *, *, #1408, .T. ) ;
#7262 = CARTESIAN_POINT ( 'NONE',  ( 7.296136016500052612, 39.60528098586407708, 111.7129544413152473 ) ) ;
#7264 = PLANE ( 'NONE',  #1067 ) ;
#7265 = VECTOR ( 'NONE', #6084, 1000.000000000000000 ) ;
#7266 = CARTESIAN_POINT ( 'NONE',  ( 150.0000000000000284, 4.861445216433631700, 214.0141223977753668 ) ) ;
#7267 = CARTESIAN_POINT ( 'NONE',  ( -0.2632968236027410924, 39.40249580158079823, 97.16565039670815906 ) ) ;
#7268 = DIRECTION ( 'NONE',  ( 0.000000000000000000, 1.000000000000000000, 0.000000000000000000 ) ) ;
#7269 = CARTESIAN_POINT ( 'NONE',  ( -17.00163517345336928, 29.93039864510893722, 58.59103842627882131 ) ) ;
#7270 = CARTESIAN_POINT ( 'NONE',  ( 39.90929788583181903, 37.79714221618947789, 205.9797910198192596 ) ) ;
#7271 = COLOUR_RGB ( '',0.7921568627450980005, 0.8196078431372548767, 0.9333333333333333481 ) ;
#7272 = CARTESIAN_POINT ( 'NONE',  ( 2.558717127065790464E-14, 44.06772692158087068, 208.4485850156316360 ) ) ;
#7273 = AXIS2_PLACEMENT_3D ( 'NONE', #2885, #7884, #2922 ) ;
#7274 = CARTESIAN_POINT ( 'NONE',  ( 5.833484303085390010, 40.92873967100756971, 312.9953586469236484 ) ) ;
#7275 = DIRECTION ( 'NONE',  ( 0.000000000000000000, 0.9999862922474268556, -0.005235963831417927289 ) ) ;
#7276 = VECTOR ( 'NONE', #5468, 1000.000000000000000 ) ;
#7277 = CARTESIAN_POINT ( 'NONE',  ( 7.118748418129577260, -1.685585176228954429, 528.7463543470161085 ) ) ;
#7278 = CARTESIAN_POINT ( 'NONE',  ( 0.000000000000000000, 32.55432374088007919, 34.84931210984609606 ) ) ;
#7279 = VECTOR ( 'NONE', #530, 1000.000000000000000 ) ;
#7280 = CARTESIAN_POINT ( 'NONE',  ( 3.066662445442872365, 46.58797009215936669, 205.8542147485816258 ) ) ;
#7281 = CARTESIAN_POINT ( 'NONE',  ( -83.26671075213897666, 10.37568051067605523, 86.68462678675325606 ) ) ;
#7282 = CARTESIAN_POINT ( 'NONE',  ( -1.766877480964753611, 28.41324036064381175, 17.19561693595092322 ) ) ;
#7283 = UNCERTAINTY_MEASURE_WITH_UNIT (LENGTH_MEASURE( 1.000000000000000082E-05 ), #585, 'distance_accuracy_value', 'NONE');
#7284 = CARTESIAN_POINT ( 'NONE',  ( -0.3317543971833957772, 32.19414543691357977, 49.66174444696368084 ) ) ;
#7285 = CARTESIAN_POINT ( 'NONE',  ( 8.907874794169588384, 41.30033556001151140, 136.4065322976163941 ) ) ;
#7286 = CARTESIAN_POINT ( 'NONE',  ( -32.40008932458724189, 30.95435869075913971, 97.60211638873018103 ) ) ;
#7287 = CARTESIAN_POINT ( 'NONE',  ( 46.58558245345534488, 37.13275647413672687, 271.3152778191255265 ) ) ;
#7288 = CARTESIAN_POINT ( 'NONE',  ( -149.9999999999996589, 3.010335517173705178, 393.8851699768119943 ) ) ;
#7289 = LINE ( 'NONE', #6063, #674 ) ;
#7290 = CARTESIAN_POINT ( 'NONE',  ( -29.74431126800664771, 22.98170914564516920, 47.64472244149919078 ) ) ;
#7291 = CYLINDRICAL_SURFACE ( 'NONE', #7784, 1.000000000000000888 ) ;
#7292 = CARTESIAN_POINT ( 'NONE',  ( 0.1936982634599860587, 44.28372880700204206, 191.9099124642298762 ) ) ;
#7293 = CARTESIAN_POINT ( 'NONE',  ( 0.000000000000000000, -9.999999999999710454, 558.9422371214541272 ) ) ;
#7294 = CARTESIAN_POINT ( 'NONE',  ( -5.064069973348426679, 39.00401419439107542, 102.0570621550248518 ) ) ;
#7295 = CARTESIAN_POINT ( 'NONE',  ( -39.67540615207384036, 26.26164365982057447, 67.97129151120390134 ) ) ;
#7296 = ORIENTED_EDGE ( 'NONE', *, *, #6953, .F. ) ;
#7297 = CARTESIAN_POINT ( 'NONE',  ( 0.3254839392730550229, 41.66748468508487946, 121.1094394585498009 ) ) ;
#7298 = CARTESIAN_POINT ( 'NONE',  ( -2.883333089012468431, 37.06396331801435196, 58.55160058116674549 ) ) ;
#7299 = EDGE_CURVE ( 'NONE', #4350, #5130, #3897, .T. ) ;
#7300 = CARTESIAN_POINT ( 'NONE',  ( -48.29676624685748720, 29.67859503848129776, 191.6730155466848089 ) ) ;
#7301 = CARTESIAN_POINT ( 'NONE',  ( -5.882888988652245743, 42.38580333701526115, 298.7586613606674177 ) ) ;
#7303 = VERTEX_POINT ( 'NONE', #1274 ) ;
#7302 = CARTESIAN_POINT ( 'NONE',  ( 42.96589143617847384, 31.18556485691491176, 153.5005236576155880 ) ) ;
#7304 = CARTESIAN_POINT ( 'NONE',  ( 30.15246705693399321, 38.12048396349433688, 212.0986777313250116 ) ) ;
#7305 = CARTESIAN_POINT ( 'NONE',  ( 56.42444719532452524, -4.100048717234659357, 204.2233583779163268 ) ) ;
#7306 = CARTESIAN_POINT ( 'NONE',  ( -0.5667115460946399175, 39.44048965818713270, 97.17396636635575646 ) ) ;
#7307 = PLANE ( 'NONE',  #2729 ) ;
#7308 = CARTESIAN_POINT ( 'NONE',  ( 0.4167993570966040950, 30.57117149880102147, 41.22842367734894964 ) ) ;
#7309 = CARTESIAN_POINT ( 'NONE',  ( -3.146896805639176620E-14, 41.87538907178089431, 125.6496688811249385 ) ) ;
#7310 = EDGE_CURVE ( 'NONE', #3067, #3797, #5581, .T. ) ;
#7311 = CARTESIAN_POINT ( 'NONE',  ( -1.138881522558996551, 46.76359181241493701, 208.3659106063929016 ) ) ;
#7312 = CARTESIAN_POINT ( 'NONE',  ( 12.50381132325683886, 27.83116567873787162, 396.5693299386862805 ) ) ;
#7313 = CARTESIAN_POINT ( 'NONE',  ( 4.620196790949894883, 35.86251913622646015, 76.22616347147913984 ) ) ;
#7314 = CARTESIAN_POINT ( 'NONE',  ( -3.066662445442855489, 43.90639954786217203, 195.5933403577965919 ) ) ;
#7315 = CARTESIAN_POINT ( 'NONE',  ( 35.61029944830622895, -13.34155306713987343, 501.3379992237896090 ) ) ;
#7316 = CARTESIAN_POINT ( 'NONE',  ( 0.4666624454429734725, 44.14368619715546060, 187.8683353890677097 ) ) ;
#7317 = CARTESIAN_POINT ( 'NONE',  ( 2.181594496811302353, 46.66156646575542766, 207.8115139155796385 ) ) ;
#7319 = VERTEX_POINT ( 'NONE', #7568 ) ;
#7318 = CARTESIAN_POINT ( 'NONE',  ( 3.196296804781076695, 20.31546560184472128, -7.393096603152921276 ) ) ;
#7320 = CARTESIAN_POINT ( 'NONE',  ( 5.980459892260483024, 41.70907040910066854, 134.9229141270720049 ) ) ;
#7321 = CARTESIAN_POINT ( 'NONE',  ( -2.023479284963984437, 41.62386332947151146, 125.6496688811246401 ) ) ;
#7322 = CARTESIAN_POINT ( 'NONE',  ( 2.020103609511816778, 47.45192383060642527, 205.2836370420775722 ) ) ;
#7323 = CARTESIAN_POINT ( 'NONE',  ( -2.331263078060942462, 10.18293184117968941, 486.7884037760323963 ) ) ;
#7324 = DIRECTION ( 'NONE',  ( 0.000000000000000000, 0.000000000000000000, -1.000000000000000000 ) ) ;
#7325 = CARTESIAN_POINT ( 'NONE',  ( -37.13524230543207949, 21.85333522089571545, 59.05363485119795541 ) ) ;
#7326 = CARTESIAN_POINT ( 'NONE',  ( 42.23929188499872112, 24.51093428128915974, 87.90909422625890102 ) ) ;
#7327 = CARTESIAN_POINT ( 'NONE',  ( -6.089007762704987670, 38.86627042587038972, 102.5539283444288827 ) ) ;
#7328 = CARTESIAN_POINT ( 'NONE',  ( -1.573448402819587994E-14, 43.59248601773754928, 128.6496688811247111 ) ) ;
#7329 = ORIENTED_EDGE ( 'NONE', *, *, #5004, .F. ) ;
#7330 = CARTESIAN_POINT ( 'NONE',  ( -28.14831922335329750, 37.58591395155310977, 151.6400952814234984 ) ) ;
#7331 = ORIENTED_EDGE ( 'NONE', *, *, #4413, .T. ) ;
#7332 = CARTESIAN_POINT ( 'NONE',  ( -53.35623814217884586, 16.83228722618856921, 246.4189050667629601 ) ) ;
#7333 = CARTESIAN_POINT ( 'NONE',  ( -1.390798343182223507, 43.83452598308154791, 215.1107656545575537 ) ) ;
#7334 = CARTESIAN_POINT ( 'NONE',  ( -46.28427351914904619, 30.84564869939530496, 197.3603933020089300 ) ) ;
#7335 = CARTESIAN_POINT ( 'NONE',  ( 0.9785259520414012480, 44.46994292845445074, 275.6022355444260938 ) ) ;
#7336 = EDGE_CURVE ( 'NONE', #1380, #3837, #4472, .T. ) ;
#7338 = VERTEX_POINT ( 'NONE', #6255 ) ;
#7337 = CARTESIAN_POINT ( 'NONE',  ( 2.934461067682754276, 40.18782412396819126, 109.7600233946080266 ) ) ;
#7339 = B_SPLINE_CURVE_WITH_KNOTS ( 'NONE', 3,
 ( #3598, #411, #3562, #7915, #4214, #2355, #5344, #4702, #7875, #2390, #4778, #4819, #3483, #4134 ),
 .UNSPECIFIED., .F., .F.,
 ( 4, 2, 2, 2, 2, 2, 4 ),
 ( 2.250130944603392852E-16, 0.0005080578958678380478, 0.001016115791735451232, 0.001524173687603064308, 0.002032231583470677384, 0.003048347375205962082, 0.004064463166941246347 ),
 .UNSPECIFIED. ) ;
#7340 = CARTESIAN_POINT ( 'NONE',  ( -1.697371585504689362, 34.35707238260560814, 42.06053201340118619 ) ) ;
#7341 = CARTESIAN_POINT ( 'NONE',  ( 2.238918295074406206, 39.08609503896092718, 97.49707689092723228 ) ) ;
#7342 = CARTESIAN_POINT ( 'NONE',  ( -0.3111197780304293392, 44.04262091099162291, 208.4485850156316360 ) ) ;
#7343 = CARTESIAN_POINT ( 'NONE',  ( -45.93540797756305949, 24.13656684595811797, 100.6578184848044089 ) ) ;
#7344 = CARTESIAN_POINT ( 'NONE',  ( -2.187377882989505196E-14, 43.63286535125890708, 158.6936551324427569 ) ) ;
#7345 = CARTESIAN_POINT ( 'NONE',  ( -2.811332342331327006, 47.25988868923189301, 206.9876598285478053 ) ) ;
#7346 = CARTESIAN_POINT ( 'NONE',  ( 13.20776690004548115, 35.51755634591616229, 352.3468663762320716 ) ) ;
#7347 = ADVANCED_FACE ( 'NONE', ( #708 ), #7391, .T. ) ;
#7348 = CARTESIAN_POINT ( 'NONE',  ( -0.4399393740147261589, 37.74244407312944105, 83.62721289262069035 ) ) ;
#7349 = CARTESIAN_POINT ( 'NONE',  ( 3.837681931015868741, 43.61008695887174724, 215.8198152474627705 ) ) ;
#7350 = PLANE ( 'NONE',  #5575 ) ;
#7351 = ADVANCED_FACE ( 'NONE', ( #6937 ), #1399, .T. ) ;
#7352 = CARTESIAN_POINT ( 'NONE',  ( -2.193146094589796480, -8.722081592724736154, 555.0729705871741544 ) ) ;
#7353 = LINE ( 'NONE', #5975, #2587 ) ;
#7354 = CARTESIAN_POINT ( 'NONE',  ( -49.16176366489245453, 32.88963370336595915, 183.6080041517475081 ) ) ;
#7356 = ORIENTED_EDGE ( 'NONE', *, *, #3230, .T. ) ;
#7355 = CARTESIAN_POINT ( 'NONE',  ( 80.59194385665391280, 16.18280436951648937, 103.7926928775323461 ) ) ;
#7357 = CARTESIAN_POINT ( 'NONE',  ( -0.05584919403666478710, 32.16026170562041386, 49.64843829205539549 ) ) ;
#7358 = ORIENTED_EDGE ( 'NONE', *, *, #5549, .T. ) ;
#7359 = CARTESIAN_POINT ( 'NONE',  ( -45.41989498613062892, 31.25143822804270144, 193.5609210104863678 ) ) ;
#7360 = VERTEX_POINT ( 'NONE', #92 ) ;
#7361 = CARTESIAN_POINT ( 'NONE',  ( 6.407987832992390942, 41.65147280356550397, 135.1274722691391901 ) ) ;
#7362 = CARTESIAN_POINT ( 'NONE',  ( 3.066476882671614668, 47.30656712028331157, 190.2933180152847967 ) ) ;
#7363 = CARTESIAN_POINT ( 'NONE',  ( 150.0000000000006821, 17.36217657815118542, 276.3178635875777900 ) ) ;
#7364 = CARTESIAN_POINT ( 'NONE',  ( -56.79090820126123873, -0.6367270459114310333, 407.3366011671671458 ) ) ;
#7365 = FACE_OUTER_BOUND ( 'NONE', #2663, .T. ) ;
#7366 = CARTESIAN_POINT ( 'NONE',  ( 5.217544179736568033, 29.52460185390120984, 35.05232067594620560 ) ) ;
#7367 = CARTESIAN_POINT ( 'NONE',  ( 0.2149388538405163640, 44.21338611001680619, 203.4472439285096925 ) ) ;
#7368 = FACE_OUTER_BOUND ( 'NONE', #6469, .T. ) ;
#7369 = CARTESIAN_POINT ( 'NONE',  ( 2.194752706739981907, -9.508866867582225879, 557.5849067725088162 ) ) ;
#7370 = CARTESIAN_POINT ( 'NONE',  ( -7.622505428582911691, 39.55943541865995172, 111.8852812039946656 ) ) ;
#7371 = CARTESIAN_POINT ( 'NONE',  ( 35.62511535099858406, -12.77791609919348659, 499.3972652287001210 ) ) ;
#7372 = ORIENTED_EDGE ( 'NONE', *, *, #6306, .T. ) ;
#7373 = CARTESIAN_POINT ( 'NONE',  ( -4.826482510765695899, 41.01625708727222275, 122.4213360447216559 ) ) ;
#7374 = CARTESIAN_POINT ( 'NONE',  ( -11.07186743597200973, 32.81523294668829749, 45.76036132870854090 ) ) ;
#7375 = CARTESIAN_POINT ( 'NONE',  ( -21.58575651826916086, 40.76341052097487960, 214.0493121098461984 ) ) ;
#7376 = CARTESIAN_POINT ( 'NONE',  ( -149.9999999999999716, 16.36900979716714133, 304.7041830578932036 ) ) ;
#7377 = ORIENTED_EDGE ( 'NONE', *, *, #1659, .T. ) ;
#7378 = CARTESIAN_POINT ( 'NONE',  ( -0.5016324536365259767, 40.56062432457748201, 109.1410986603939222 ) ) ;
#7379 = B_SPLINE_CURVE_WITH_KNOTS ( 'NONE', 3,
 ( #7471, #1877, #4337, #4376 ),
 .UNSPECIFIED., .F., .F.,
 ( 4, 4 ),
 ( 0.3810303249814678273, 0.3880805080006239915 ),
 .UNSPECIFIED. ) ;
#7380 = CARTESIAN_POINT ( 'NONE',  ( 150.0000000000000000, 9.270087174911674666, 223.2766782676432626 ) ) ;
#7381 = CARTESIAN_POINT ( 'NONE',  ( 0.2943612489102107044, 46.84393055153724106, 208.4485850156315792 ) ) ;
#7382 = CARTESIAN_POINT ( 'NONE',  ( 7.500000000000000000, 29.61613033342289825, 35.45677773107466635 ) ) ;
#7383 = CARTESIAN_POINT ( 'NONE',  ( -1.842034171289628208, 30.30098621164467332, 41.38871913458380902 ) ) ;
#7384 = CARTESIAN_POINT ( 'NONE',  ( 5.464712794159183318, 43.50636645854200424, 178.5250041650565436 ) ) ;
#7385 = FACE_OUTER_BOUND ( 'NONE', #7610, .T. ) ;
#7386 = CARTESIAN_POINT ( 'NONE',  ( -0.3495657017747383355, 37.73107893873757490, 83.62329387815267978 ) ) ;
#7387 = CARTESIAN_POINT ( 'NONE',  ( 1.390798343182223507, 43.83452598308154791, 215.1107656545575537 ) ) ;
#7388 = CARTESIAN_POINT ( 'NONE',  ( 3.065739332380957638, 47.24586204959189217, 206.1934330007115932 ) ) ;
#7389 = CARTESIAN_POINT ( 'NONE',  ( 35.60447105139471802, -13.62282190332221887, 502.3110443960222824 ) ) ;
#7390 = FACE_OUTER_BOUND ( 'NONE', #2445, .T. ) ;
#7391 = CYLINDRICAL_SURFACE ( 'NONE', #18, 3.000000000000061728 ) ;
#7392 =( GEOMETRIC_REPRESENTATION_CONTEXT ( 3 ) GLOBAL_UNCERTAINTY_ASSIGNED_CONTEXT ( ( #1278 ) ) GLOBAL_UNIT_ASSIGNED_CONTEXT ( ( #7918, #1033, #416 ) ) REPRESENTATION_CONTEXT ( 'NONE', 'WORKASPACE' ) );
#7393 = ADVANCED_FACE ( 'NONE', ( #2520 ), #4946, .F. ) ;
#7394 = VECTOR ( 'NONE', #2086, 1000.000000000000000 ) ;
#7395 = B_SPLINE_CURVE_WITH_KNOTS ( 'NONE', 3,
 ( #6640, #6923, #7417, #646, #7498, #6274, #729 ),
 .UNSPECIFIED., .F., .F.,
 ( 4, 3, 4 ),
 ( -5.999999999976397685E-08, 0.000000000000000000, 0.0005165058321734448477 ),
 .UNSPECIFIED. ) ;
#7396 = CARTESIAN_POINT ( 'NONE',  ( -2.063807534392926968, 46.84802417386053719, 207.9293656221694562 ) ) ;
#7398 = ORIENTED_EDGE ( 'NONE', *, *, #7310, .T. ) ;
#7397 = CARTESIAN_POINT ( 'NONE',  ( 149.9999999999998295, 12.15754626088404500, 232.9814987402332633 ) ) ;
#7399 = CARTESIAN_POINT ( 'NONE',  ( 7.233710788552820681, 29.65405401336056457, 43.66128911116491196 ) ) ;
#7400 = ORIENTED_EDGE ( 'NONE', *, *, #4961, .F. ) ;
#7401 = CARTESIAN_POINT ( 'NONE',  ( 1.071112618678042860, 44.01988587736931180, 180.4238694394090032 ) ) ;
#7402 = VECTOR ( 'NONE', #626, 1000.000000000000000 ) ;
#7403 = AXIS2_PLACEMENT_3D ( 'NONE', #6932, #4380, #1394 ) ;
#7404 = CARTESIAN_POINT ( 'NONE',  ( 3.073199243074824061, 47.29641507708594617, 188.5080219900442273 ) ) ;
#7405 = CARTESIAN_POINT ( 'NONE',  ( -1.099358371358075015, 25.93118054957675866, 415.4839356155417249 ) ) ;
#7406 = CARTESIAN_POINT ( 'NONE',  ( 0.000000000000000000, -8.823511411159953965, 555.1857276250582345 ) ) ;
#7407 = CARTESIAN_POINT ( 'NONE',  ( 47.41388742469077044, 32.03668511705816968, 144.9348992169705923 ) ) ;
#7408 = CARTESIAN_POINT ( 'NONE',  ( -2.558717127065790464E-14, 46.86728270824515619, 208.4485850156316360 ) ) ;
#7409 = CARTESIAN_POINT ( 'NONE',  ( 1.462097396393197579, -8.755891532203142091, 555.1105562664688478 ) ) ;
#7410 = CARTESIAN_POINT ( 'NONE',  ( -0.8913914071962547592, 40.44627836042493385, 109.2920910452585446 ) ) ;
#7411 = CARTESIAN_POINT ( 'NONE',  ( -9.925151373654561127, 30.80204889234585153, 35.94727183072234311 ) ) ;
#7412 = VERTEX_POINT ( 'NONE', #3248 ) ;
#7413 = CARTESIAN_POINT ( 'NONE',  ( -41.86736718527676970, 30.86366961639959428, 138.5509334093737266 ) ) ;
#7414 = VERTEX_POINT ( 'NONE', #5023 ) ;
#7415 = CARTESIAN_POINT ( 'NONE',  ( 0.7461940103012556502, 43.80372440424493874, 105.2564511888949568 ) ) ;
#7416 = CARTESIAN_POINT ( 'NONE',  ( -1.745327627894897260, 43.80374007291730010, 215.1982303263787060 ) ) ;
#7417 = CARTESIAN_POINT ( 'NONE',  ( -3.987636155465539852E-05, 47.46906278656157241, 209.0584534496562412 ) ) ;
#7418 = CARTESIAN_POINT ( 'NONE',  ( -28.77176739654492721, 38.60691255187092708, 212.5881705498182157 ) ) ;
#7419 = CARTESIAN_POINT ( 'NONE',  ( -149.9999999999998010, 15.67153765998659942, 312.2062866230721170 ) ) ;
#7421 = ORIENTED_EDGE ( 'NONE', *, *, #3667, .T. ) ;
#7420 = CARTESIAN_POINT ( 'NONE',  ( 37.83259214101561696, 33.65909856279813539, 151.0833722105215315 ) ) ;
#7422 = CARTESIAN_POINT ( 'NONE',  ( -23.81619526037264478, 38.67212097301800355, 146.8668557061688489 ) ) ;
#7423 = CARTESIAN_POINT ( 'NONE',  ( -3.306371809915822801, 47.27295034646154193, 188.8546745261925537 ) ) ;
#7424 = CARTESIAN_POINT ( 'NONE',  ( 27.93320105887194060, 9.482709585563030785, -10.56185500302712477 ) ) ;
#7425 = CARTESIAN_POINT ( 'NONE',  ( 9.244463733058732095E-30, 44.59248601773754928, 125.6496688811247253 ) ) ;
#7426 =( NAMED_UNIT ( * ) SI_UNIT ( $, .STERADIAN. ) SOLID_ANGLE_UNIT ( ) );
#7427 = CARTESIAN_POINT ( 'NONE',  ( -7.129361945304552250, 31.28082130084037260, 52.03724245581040009 ) ) ;
#7428 = CARTESIAN_POINT ( 'NONE',  ( 2.558717127065790464E-14, 44.06772692158087068, 208.4485850156316360 ) ) ;
#7429 = CARTESIAN_POINT ( 'NONE',  ( 1.797634613197362174, 24.83933354071738009, 4.965788233343842784 ) ) ;
#7430 = CARTESIAN_POINT ( 'NONE',  ( 9.807436444118158292, 40.62876169179015307, 130.0389650209259855 ) ) ;
#7431 = CARTESIAN_POINT ( 'NONE',  ( 0.1307165870921044859, 41.93496639952143568, 126.2487688876371124 ) ) ;
#7432 = CARTESIAN_POINT ( 'NONE',  ( 38.69183588737984536, 10.25441671295230073, 424.1220012238796357 ) ) ;
#7433 = CARTESIAN_POINT ( 'NONE',  ( 3.753933132969278219, 38.26949863141258845, 92.96853088926474129 ) ) ;
#7434 = CARTESIAN_POINT ( 'NONE',  ( 47.40358677802594656, 30.21315725929661511, 194.5812432001209515 ) ) ;
#7435 = DIRECTION ( 'NONE',  ( 1.000000000000000000, 0.000000000000000000, 0.000000000000000000 ) ) ;
#7436 = CARTESIAN_POINT ( 'NONE',  ( 7.193853010854474483, -10.41107745454391420, 557.8597997808570881 ) ) ;
#7437 = CARTESIAN_POINT ( 'NONE',  ( 1.775404981749483246, 46.84802417386053719, 208.1215005247044587 ) ) ;
#7438 = CARTESIAN_POINT ( 'NONE',  ( 1.573448402819587994E-14, 43.59248601773754928, 128.6496688811247111 ) ) ;
#7439 = CARTESIAN_POINT ( 'NONE',  ( -0.4666624454429739166, 46.84802417386053719, 208.4485850156316360 ) ) ;
#7441 = ORIENTED_EDGE ( 'NONE', *, *, #2775, .F. ) ;
#7440 = CARTESIAN_POINT ( 'NONE',  ( 9.650457210473206260, 42.47422119080876257, 108.3197917343866408 ) ) ;
#7442 = CARTESIAN_POINT ( 'NONE',  ( 33.90749840214521527, 28.48784916350349761, 84.98092442104946542 ) ) ;
#7443 = ORIENTED_EDGE ( 'NONE', *, *, #5955, .T. ) ;
#7444 = CARTESIAN_POINT ( 'NONE',  ( 6.909276503553048343, 43.51533210401189677, 194.1677847704161763 ) ) ;
#7445 = EDGE_CURVE ( 'NONE', #6393, #4560, #1717, .T. ) ;
#7446 = CARTESIAN_POINT ( 'NONE',  ( -0.2875166120487157029, 42.42950977106839616, 133.0866398183606805 ) ) ;
#7447 = CARTESIAN_POINT ( 'NONE',  ( -0.4749558196185825754, 43.10915172727887779, 144.9180192366238202 ) ) ;
#7448 = CARTESIAN_POINT ( 'NONE',  ( 3.066662445442874141, 46.63744080576727669, 190.4627056561179472 ) ) ;
#7449 = CARTESIAN_POINT ( 'NONE',  ( 13.20776690004548115, 35.51755634591616229, 352.3468663762320716 ) ) ;
#7450 = CARTESIAN_POINT ( 'NONE',  ( -150.0000000000002558, -4.444873476189596495, 435.7468521578524019 ) ) ;
#7451 = CARTESIAN_POINT ( 'NONE',  ( -44.19389177304247340, 32.17940994474963645, 125.6496688811248106 ) ) ;
#7452 = CARTESIAN_POINT ( 'NONE',  ( -3.340573480010778695, -14.94576865527262655, -66.08754007650293261 ) ) ;
#7453 = LINE ( 'NONE', #5081, #3371 ) ;
#7454 = CARTESIAN_POINT ( 'NONE',  ( -2.998894493888452750, 46.97260807575818831, 189.7831963936988871 ) ) ;
#7455 = CARTESIAN_POINT ( 'NONE',  ( 0.4399393740147261589, 37.74244407312944105, 83.62721289262069035 ) ) ;
#7456 = CARTESIAN_POINT ( 'NONE',  ( -38.58878154601652000, 25.90277134777780077, 63.28481302820900112 ) ) ;
#7457 = EDGE_CURVE ( 'NONE', #2463, #1140, #7590, .T. ) ;
#7458 = ORIENTED_EDGE ( 'NONE', *, *, #2206, .F. ) ;
#7459 = CARTESIAN_POINT ( 'NONE',  ( -5.424886368047245000, 39.80362645515501185, 110.6944373304881708 ) ) ;
#7460 = CARTESIAN_POINT ( 'NONE',  ( -150.0000000000003695, 17.23251453160983715, 290.2479985875627335 ) ) ;
#7461 = ADVANCED_FACE ( 'NONE', ( #1519 ), #492, .F. ) ;
#7462 = CARTESIAN_POINT ( 'NONE',  ( 0.003168828610392330700, 47.60202435235792962, 187.2656350538348704 ) ) ;
#7463 = CARTESIAN_POINT ( 'NONE',  ( -3.296951540073764786, 47.20796468184335026, 207.4676477642939005 ) ) ;
#7464 = CARTESIAN_POINT ( 'NONE',  ( -5.833484303085390010, 40.14202268965824771, 320.0000000000000568 ) ) ;
#7465 = ORIENTED_EDGE ( 'NONE', *, *, #2054, .T. ) ;
#7466 = CARTESIAN_POINT ( 'NONE',  ( 0.000000000000000000, 1.530671358679228655, -46.61894072316960802 ) ) ;
#7467 = CARTESIAN_POINT ( 'NONE',  ( 25.82676969938875899, 28.08943016872629528, 44.17302050310121331 ) ) ;
#7468 = DIRECTION ( 'NONE',  ( 0.000000000000000000, 1.000000000000000000, 0.000000000000000000 ) ) ;
#7469 = FACE_OUTER_BOUND ( 'NONE', #6668, .T. ) ;
#7470 = CARTESIAN_POINT ( 'NONE',  ( -0.1646114828454131596, 28.65559306778699522, 32.81648880563617610 ) ) ;
#7471 = CARTESIAN_POINT ( 'NONE',  ( 0.000000000000000000, 47.46908510132400494, 209.0584537857835414 ) ) ;
#7472 = CARTESIAN_POINT ( 'NONE',  ( -0.8531741830748738042, 41.81577488087107497, 126.3319176115960687 ) ) ;
#7473 = CARTESIAN_POINT ( 'NONE',  ( 55.71564899923829728, 1.205407876259681377, 399.7257200711499081 ) ) ;
#7474 = CARTESIAN_POINT ( 'NONE',  ( 2.343089361926042891, 38.45143284571964415, 92.48353959093712717 ) ) ;
#7475 = CARTESIAN_POINT ( 'NONE',  ( 0.5246593421263852086, 47.55137746071891058, 187.2654246439283270 ) ) ;
#7476 = DIRECTION ( 'NONE',  ( -1.000000000000000000, 0.000000000000000000, 0.000000000000000000 ) ) ;
#7477 = FACE_OUTER_BOUND ( 'NONE', #7681, .T. ) ;
#7478 = CARTESIAN_POINT ( 'NONE',  ( 0.3679104567993821684, 33.83180909620220689, 58.10341411410875878 ) ) ;
#7479 = DIRECTION ( 'NONE',  ( -0.000000000000000000, -0.000000000000000000, 1.000000000000000000 ) ) ;
#7480 = CARTESIAN_POINT ( 'NONE',  ( 38.94878926629487381, 31.16930290207718812, 125.6496688811246401 ) ) ;
#7482 = ORIENTED_EDGE ( 'NONE', *, *, #972, .T. ) ;
#7481 = CARTESIAN_POINT ( 'NONE',  ( 2.764266699687509821, 40.40007119318590156, 79.70911587689846556 ) ) ;
#7483 = CARTESIAN_POINT ( 'NONE',  ( -0.4009468583039340062, 35.25680453121741920, 66.59800063205457832 ) ) ;
#7484 = CARTESIAN_POINT ( 'NONE',  ( 20.20022560788359201, 41.28411002899719051, 201.6758342554848582 ) ) ;
#7485 = CARTESIAN_POINT ( 'NONE',  ( 7.844114599739925531, 42.06359538247980367, 147.7101987653459787 ) ) ;
#7486 = CARTESIAN_POINT ( 'NONE',  ( 2.422366359282619452, 46.71359717006883017, 188.7448744459561283 ) ) ;
#7487 = CARTESIAN_POINT ( 'NONE',  ( -0.5283684085479281034, 28.60797005037408525, 400.7130692314507883 ) ) ;
#7488 = CARTESIAN_POINT ( 'NONE',  ( 0.000000000000000000, -4.664387618694376236, 541.5776915351184471 ) ) ;
#7489 = DIRECTION ( 'NONE',  ( -0.000000000000000000, -0.000000000000000000, 1.000000000000000000 ) ) ;
#7490 = CARTESIAN_POINT ( 'NONE',  ( -3.350178695052929978, -24.66882895534568121, -76.10165956531285758 ) ) ;
#7491 = CARTESIAN_POINT ( 'NONE',  ( 0.3560967081494585407, 44.22531133232795497, 203.4321415101823902 ) ) ;
#7492 = CARTESIAN_POINT ( 'NONE',  ( 150.0000000000000284, 1.252786731943029253, 209.9251019480679190 ) ) ;
#7493 = CARTESIAN_POINT ( 'NONE',  ( -41.64157118485507425, 31.11313031345780544, 141.7933975905713169 ) ) ;
#7494 = CARTESIAN_POINT ( 'NONE',  ( 27.80485384608771682, 23.06086369616652831, 43.83248306545205963 ) ) ;
#7495 = ORIENTED_EDGE ( 'NONE', *, *, #401, .F. ) ;
#7496 = CARTESIAN_POINT ( 'NONE',  ( -6.047795163741480629, 38.58662571774946315, 99.00312065866556566 ) ) ;
#7497 = CARTESIAN_POINT ( 'NONE',  ( 0.9785259520414012480, 44.46994292845445074, 275.6022355444260938 ) ) ;
#7498 = CARTESIAN_POINT ( 'NONE',  ( -0.1716962566244392141, 47.45553511699145588, 209.0583701773739733 ) ) ;
#7499 = EDGE_CURVE ( 'NONE', #2679, #2382, #3293, .T. ) ;
#7500 = CARTESIAN_POINT ( 'NONE',  ( 39.83570236460563763, 22.37346977414276950, 69.16083407968436347 ) ) ;
#7501 = CARTESIAN_POINT ( 'NONE',  ( -32.39690113381620762, 37.41836638076897259, 191.9588868255092962 ) ) ;
#7502 = EDGE_CURVE ( 'NONE', #135, #2457, #3326, .T. ) ;
#7504 = ORIENTED_EDGE ( 'NONE', *, *, #5213, .F. ) ;
#7503 = CARTESIAN_POINT ( 'NONE',  ( 1.181396289381206444, 41.77559829923652757, 126.3850315150810957 ) ) ;
#7505 = CARTESIAN_POINT ( 'NONE',  ( -0.03412262467559595835, 40.50285497354826703, 109.1401210268464297 ) ) ;
#7506 = CARTESIAN_POINT ( 'NONE',  ( -28.53909880752624773, -10.68040278824253164, -41.02084576645206937 ) ) ;
#7507 = CARTESIAN_POINT ( 'NONE',  ( 80.59194385665391280, 16.18280436951648937, 103.7926928775323461 ) ) ;
#7508 = CARTESIAN_POINT ( 'NONE',  ( 6.544637837065102381, 43.38900151446123488, 212.8956749825492807 ) ) ;
#7509 = CARTESIAN_POINT ( 'NONE',  ( -0.000000000000000000, 47.40719419546563529, 208.7398985315670927 ) ) ;
#7510 = CARTESIAN_POINT ( 'NONE',  ( -22.86480379319851153, 25.76926361282198386, 46.64571247969058732 ) ) ;
#7511 = DIRECTION ( 'NONE',  ( 1.000000000000000000, 0.000000000000000000, 0.000000000000000000 ) ) ;
#7512 = CARTESIAN_POINT ( 'NONE',  ( 0.000000000000000000, 34.15347802815850997, 41.94911547631893001 ) ) ;
#7513 = CARTESIAN_POINT ( 'NONE',  ( -2.802254818183159024, 46.60342907960260561, 207.0065186537305522 ) ) ;
#7514 = CARTESIAN_POINT ( 'NONE',  ( 150.0000000000002274, 7.068232020827782236, 370.3528863233865422 ) ) ;
#7515 = CARTESIAN_POINT ( 'NONE',  ( -0.4668585772610276963, 38.80631437167760822, 92.16269169895223001 ) ) ;
#7516 = CARTESIAN_POINT ( 'NONE',  ( 45.08265051271337143, 31.67875030509478051, 125.6496688811248106 ) ) ;
#7517 = DIRECTION ( 'NONE',  ( 0.000000000000000000, 0.000000000000000000, -1.000000000000000000 ) ) ;
#7518 = LINE ( 'NONE', #1968, #2864 ) ;
#7519 = DIRECTION ( 'NONE',  ( 8.372497766808336842E-17, -0.9999862922474268556, 0.005235963831417927289 ) ) ;
#7520 = CARTESIAN_POINT ( 'NONE',  ( 0.3332808675148991595, 35.24831610404537230, 66.59407953366547872 ) ) ;
#7521 = CARTESIAN_POINT ( 'NONE',  ( -4.519380197921140763, 43.54193911213982915, 216.0575246643556397 ) ) ;
#7522 = CARTESIAN_POINT ( 'NONE',  ( -7.500000000000000000, 26.87530127623825749, 23.34527260323320164 ) ) ;
#7523 = AXIS2_PLACEMENT_3D ( 'NONE', #5857, #3300, #4517 ) ;
#7524 = CARTESIAN_POINT ( 'NONE',  ( -0.4666624454429739166, 44.02985687234174605, 208.4485850156316360 ) ) ;
#7526 = ORIENTED_EDGE ( 'NONE', *, *, #4618, .T. ) ;
#7525 = CARTESIAN_POINT ( 'NONE',  ( 10.24811798180279787, 39.43337803868414682, 83.18633069079341169 ) ) ;
#7527 = CARTESIAN_POINT ( 'NONE',  ( -0.3223598709879866298, 33.82613405146138064, 58.10054425505738607 ) ) ;
#7528 = CARTESIAN_POINT ( 'NONE',  ( 1.433104235392706371, 44.12833015872163145, 192.1796117555229841 ) ) ;
#7529 = CARTESIAN_POINT ( 'NONE',  ( -0.7303953823573218207, 42.37624920336506307, 133.1393505445742846 ) ) ;
#7530 = CARTESIAN_POINT ( 'NONE',  ( 0.2819218483142796883, 43.02218900227638443, 144.9601085263463460 ) ) ;
#7531 = CARTESIAN_POINT ( 'NONE',  ( 3.066662445442866147, 47.30712536645218336, 190.4599388592243088 ) ) ;
#7532 = CARTESIAN_POINT ( 'NONE',  ( 12.86356880811151981, 31.41958604971774349, 377.2397787413708556 ) ) ;
#7533 = CARTESIAN_POINT ( 'NONE',  ( -59.97261899444817601, -10.31809425623221443, 446.5905760905740181 ) ) ;
#7534 = VECTOR ( 'NONE', #6389, 1000.000000000000000 ) ;
#7535 = CARTESIAN_POINT ( 'NONE',  ( 3.711399200786447139, 47.23433744216571029, 190.0397912431369036 ) ) ;
#7536 = CARTESIAN_POINT ( 'NONE',  ( -3.345376087531854115, -19.80729880530915210, -71.09459982090788799 ) ) ;
#7537 = CARTESIAN_POINT ( 'NONE',  ( 3.060927768717240038, 47.22565156979678136, 207.8175048201278230 ) ) ;
#7538 = CARTESIAN_POINT ( 'NONE',  ( 3.350178695052929978, -24.66882895534568121, -76.10165956531285758 ) ) ;
#7539 = CARTESIAN_POINT ( 'NONE',  ( 0.1152417837452290872, 38.76217279489689105, 92.15459681303399009 ) ) ;
#7540 = VECTOR ( 'NONE', #1508, 1000.000000000000000 ) ;
#7541 = CARTESIAN_POINT ( 'NONE',  ( 5.830057061798301632, 25.92217097864746833, 26.23686927299068117 ) ) ;
#7542 = CARTESIAN_POINT ( 'NONE',  ( 5.458179324222323991, 43.36145849866949931, 170.2375642795143449 ) ) ;
#7543 = ORIENTED_EDGE ( 'NONE', *, *, #2054, .F. ) ;
#7544 = CARTESIAN_POINT ( 'NONE',  ( -6.338752022319885882, 39.67992071700081169, 111.1434846397537513 ) ) ;
#7545 = CARTESIAN_POINT ( 'NONE',  ( -2.305531241410820442, 46.80903969351554395, 155.8088301420164328 ) ) ;
#7546 = VECTOR ( 'NONE', #3381, 1000.000000000000000 ) ;
#7547 = CIRCLE ( 'NONE', #949, 1.000000000000000222 ) ;
#7548 = CARTESIAN_POINT ( 'NONE',  ( -0.2911941336025893334, 46.97123519445625561, 187.8683353890676244 ) ) ;
#7549 = CARTESIAN_POINT ( 'NONE',  ( -2.466478939058954101, 47.27201194336765866, 208.4064366394262890 ) ) ;
#7550 = CARTESIAN_POINT ( 'NONE',  ( 1.056736817095856207, 28.61635723899053474, 400.7706135039534843 ) ) ;
#7551 = CARTESIAN_POINT ( 'NONE',  ( 0.5137848086918769264, 43.70227752309995850, 156.7798185115875356 ) ) ;
#7552 = ORIENTED_EDGE ( 'NONE', *, *, #2480, .F. ) ;
#7553 = CARTESIAN_POINT ( 'NONE',  ( 5.883518503245654507, 39.74199646788341767, 110.9154722088632639 ) ) ;
#7554 = EDGE_CURVE ( 'NONE', #7205, #7628, #4870, .T. ) ;
#7555 = CARTESIAN_POINT ( 'NONE',  ( -3.334374282861684691, -8.670514282707921794, -59.62443636531153857 ) ) ;
#7556 = B_SPLINE_CURVE_WITH_KNOTS ( 'NONE', 3,
 ( #5093, #4498, #4692, #1623, #1016, #393, #2859, #7821, #7939, #2899, #6662, #1129, #3583, #3054, #1090, #4915 ),
 .UNSPECIFIED., .F., .F.,
 ( 4, 2, 2, 2, 2, 2, 2, 4 ),
 ( 0.0005121106018610379782, 0.006582344676657136094, 0.01265257875145323410, 0.02479304690104542838, 0.03693351505063762613, 0.04300374912543371286, 0.04603886616283176664, 0.04907398320022982041 ),
 .UNSPECIFIED. ) ;
#7557 = CARTESIAN_POINT ( 'NONE',  ( 2.467536090970820162, 47.27192841250256805, 208.4056433915303899 ) ) ;
#7558 = CARTESIAN_POINT ( 'NONE',  ( 35.76361918649983096, 21.97032733481693967, 56.22559370642327536 ) ) ;
#7559 = CARTESIAN_POINT ( 'NONE',  ( 0.3842692100656165954, 26.61609245660358880, 24.55097804956509577 ) ) ;
#7560 = CARTESIAN_POINT ( 'NONE',  ( -54.00102207192544768, 15.29528807115969968, 241.2492155879526479 ) ) ;
#7561 = CARTESIAN_POINT ( 'NONE',  ( -6.177356206081538126, 40.51292679602480007, 119.6823151773983227 ) ) ;
#7562 = CARTESIAN_POINT ( 'NONE',  ( 149.9999999999996589, 3.010335517173705178, 393.8851699768119943 ) ) ;
#7563 = CARTESIAN_POINT ( 'NONE',  ( 31.59218891721547706, 33.40267774693687386, 115.5576257984571100 ) ) ;
#7564 = CARTESIAN_POINT ( 'NONE',  ( 12.49172242615647477, -6.277043314077721980, -50.97366954480303747 ) ) ;
#7565 = PLANE ( 'NONE',  #1979 ) ;
#7566 = CARTESIAN_POINT ( 'NONE',  ( -8.223862253950064982, 35.38355674427739928, 78.08792030603081002 ) ) ;
#7567 = EDGE_CURVE ( 'NONE', #5586, #3673, #5748, .T. ) ;
#7568 = CARTESIAN_POINT ( 'NONE',  ( -3.146896805639176620E-14, 41.87538907178089431, 125.6496688811249385 ) ) ;
#7569 = CARTESIAN_POINT ( 'NONE',  ( -45.95965009189017536, 31.16272714924198439, 125.6496688811247253 ) ) ;
#7571 = EDGE_LOOP ( 'NONE', ( #4615, #3403, #4818, #4209 ) ) ;
#7570 = CARTESIAN_POINT ( 'NONE',  ( 150.0000000000003126, 16.71071704159100690, 262.7461542768186291 ) ) ;
#7572 = CARTESIAN_POINT ( 'NONE',  ( 0.6634945834854044655, 33.70391598852854287, 58.11067085143655220 ) ) ;
#7573 = CARTESIAN_POINT ( 'NONE',  ( 0.09488683278131274101, 44.25691092099108204, 191.9430083340853059 ) ) ;
#7574 = CARTESIAN_POINT ( 'NONE',  ( 1.573992892581008052, 42.87063887112655181, 145.1663077164454592 ) ) ;
#7575 = PLANE ( 'NONE',  #1954 ) ;
#7576 = CARTESIAN_POINT ( 'NONE',  ( 1.649437573462356754, 40.21924920216152088, 320.0000000000000568 ) ) ;
#7577 = CARTESIAN_POINT ( 'NONE',  ( 2.194752706739981907, -9.508866867582225879, 557.5849067725088162 ) ) ;
#7578 = CARTESIAN_POINT ( 'NONE',  ( 9.025983085941832302E-15, 36.16708655554295859, 73.14066636389816267 ) ) ;
#7579 = CARTESIAN_POINT ( 'NONE',  ( -5.464712794159183318, 43.50636645854200424, 178.5250041650565436 ) ) ;
#7580 = DIRECTION ( 'NONE',  ( 0.000000000000000000, -1.000000000000000000, 0.000000000000000000 ) ) ;
#7581 = CARTESIAN_POINT ( 'NONE',  ( -2.562910308763635570, -10.10991166068970415, 559.0556826788819080 ) ) ;
#7582 = CARTESIAN_POINT ( 'NONE',  ( -37.36584251496854847, 31.80390769688629149, 124.9771673645964398 ) ) ;
#7583 = CARTESIAN_POINT ( 'NONE',  ( 0.000000000000000000, 32.55432374088007919, 34.84931210984609606 ) ) ;
#7584 = EDGE_LOOP ( 'NONE', ( #629, #2089, #1338, #361 ) ) ;
#7585 = CARTESIAN_POINT ( 'NONE',  ( -30.75441988467466814, 34.18135444277226753, 119.2103319931157586 ) ) ;
#7586 = CARTESIAN_POINT ( 'NONE',  ( -149.9999999999999716, 16.36900979716714133, 304.7041830578932036 ) ) ;
#7587 = CARTESIAN_POINT ( 'NONE',  ( 44.41188465525987539, 22.37346977414277305, 106.8014500770796786 ) ) ;
#7588 = CARTESIAN_POINT ( 'NONE',  ( 5.274164293503289969, 40.95704994642476748, 122.6180452230019569 ) ) ;
#7589 = CARTESIAN_POINT ( 'NONE',  ( -28.34182685986741390, -0.004202851225297739302, -27.54135597287860193 ) ) ;
#7590 = B_SPLINE_CURVE_WITH_KNOTS ( 'NONE', 3,
 ( #4345, #1364, #4386, #3852, #1927, #6330, #5107, #3977, #6494, #1555, #7725, #2096, #2053, #5890 ),
 .UNSPECIFIED., .F., .F.,
 ( 4, 2, 2, 2, 2, 2, 4 ),
 ( 2.250130944603392852E-16, 0.0005080578958678380478, 0.001016115791735451232, 0.001524173687603064308, 0.002032231583470677384, 0.003048347375205962082, 0.004064463166941246347 ),
 .UNSPECIFIED. ) ;
#7591 = CARTESIAN_POINT ( 'NONE',  ( 2.632602073938259846, 47.25891193969543025, 208.2712334149724995 ) ) ;
#7592 = CARTESIAN_POINT ( 'NONE',  ( 1.000000000000015987, 43.59248601773754928, 125.6496688811247253 ) ) ;
#7593 = CARTESIAN_POINT ( 'NONE',  ( -1.516293318814301072, 26.40008982353543132, 24.63453273246836162 ) ) ;
#7594 = CARTESIAN_POINT ( 'NONE',  ( -2.764266699687509821, 40.40007119318590156, 79.70911587689846556 ) ) ;
#7595 = EDGE_CURVE ( 'NONE', #3067, #7338, #1642, .T. ) ;
#7596 = CARTESIAN_POINT ( 'NONE',  ( 0.4010107595890949894, 41.35558698149938550, 117.7456828616702609 ) ) ;
#7597 = CARTESIAN_POINT ( 'NONE',  ( -2.057388533046267121, 6.867330383723285969, 500.6602980566781298 ) ) ;
#7599 = ORIENTED_EDGE ( 'NONE', *, *, #496, .F. ) ;
#7598 = CARTESIAN_POINT ( 'NONE',  ( 0.2341199596266093363, 38.71825443764912933, 92.16123489594691875 ) ) ;
#7600 = CARTESIAN_POINT ( 'NONE',  ( 0.000000000000000000, 45.30957078689160511, 125.6496679993297505 ) ) ;
#7601 = VERTEX_POINT ( 'NONE', #5349 ) ;
#7602 = CARTESIAN_POINT ( 'NONE',  ( -2.865643619534015141, -19.79597498845155457, -71.17153684286878956 ) ) ;
#7603 = CARTESIAN_POINT ( 'NONE',  ( 32.40008932458724189, 30.95435869075913971, 97.60211638873018103 ) ) ;
#7604 = CARTESIAN_POINT ( 'NONE',  ( -3.066662445442872365, 43.88566464618944707, 190.2907527626577746 ) ) ;
#7605 = CARTESIAN_POINT ( 'NONE',  ( -16.45910714251911244, 32.96297659616335096, 74.99136019696321398 ) ) ;
#7606 = CARTESIAN_POINT ( 'NONE',  ( 0.4666624454429734725, 43.86679528997784416, 187.8683353890677097 ) ) ;
#7607 = EDGE_CURVE ( 'NONE', #1136, #2057, #5306, .T. ) ;
#7608 = LINE ( 'NONE', #3978, #1833 ) ;
#7610 = EDGE_LOOP ( 'NONE', ( #5562, #3590, #3669, #4291, #2261, #239 ) ) ;
#7609 = CARTESIAN_POINT ( 'NONE',  ( -0.8232861172484648993, 37.52274279518023548, 58.77084347987265289 ) ) ;
#7611 = CARTESIAN_POINT ( 'NONE',  ( 40.60584715063209416, 25.52121534420432880, 88.71782832938963281 ) ) ;
#7612 = EDGE_CURVE ( 'NONE', #2223, #399, #4746, .T. ) ;
#7613 = CARTESIAN_POINT ( 'NONE',  ( 28.07337448926129042, 38.87681900049815198, 198.0574442528655084 ) ) ;
#7614 = CARTESIAN_POINT ( 'NONE',  ( 17.91077268852857074, 40.40395828025138769, 154.0001945241503734 ) ) ;
#7615 = CARTESIAN_POINT ( 'NONE',  ( -5.464712794159266807, 43.51203873718162640, 212.1950211597117004 ) ) ;
#7616 = CARTESIAN_POINT ( 'NONE',  ( -1.406557556210300319, 3.019610311274071535, 514.9300709948294070 ) ) ;
#7617 = DIRECTION ( 'NONE',  ( -0.000000000000000000, 0.000000000000000000, 1.000000000000000000 ) ) ;
#7618 = CARTESIAN_POINT ( 'NONE',  ( 2.936714370183707956, 47.31025213167869481, 188.3428389095206228 ) ) ;
#7619 = CARTESIAN_POINT ( 'NONE',  ( -0.000000000000000000, -8.574914396861032628, -59.59239050809556204 ) ) ;
#7620 = CARTESIAN_POINT ( 'NONE',  ( -1.910429079689343501, -19.79771651802625598, -71.15970442798436579 ) ) ;
#7621 = CARTESIAN_POINT ( 'NONE',  ( 0.3331543697562062145, 38.78954437798859090, 92.15810179813135505 ) ) ;
#7622 = ORIENTED_EDGE ( 'NONE', *, *, #1547, .T. ) ;
#7623 = CARTESIAN_POINT ( 'NONE',  ( -48.65102702312101712, 27.30070951819277880, 143.8583555455623753 ) ) ;
#7624 = CARTESIAN_POINT ( 'NONE',  ( 0.5283684085479281034, 28.60797005037408525, 400.7130692314507883 ) ) ;
#7625 = CARTESIAN_POINT ( 'NONE',  ( 1.585645677260049604E-14, 35.67235652521586786, 69.87800378086224384 ) ) ;
#7626 = CARTESIAN_POINT ( 'NONE',  ( 1.649037557037112522, 25.94552207819153722, 415.5304132493203042 ) ) ;
#7627 = CARTESIAN_POINT ( 'NONE',  ( -7.033674173480145342, 42.17472537707476476, 147.3113092080519380 ) ) ;
#7628 = VERTEX_POINT ( 'NONE', #3531 ) ;
#7629 = CARTESIAN_POINT ( 'NONE',  ( -0.2687923154266008141, 41.66058430399731805, 121.1100961601682968 ) ) ;
#7630 = CARTESIAN_POINT ( 'NONE',  ( -150.0000000000000284, 1.252786731943029253, 209.9251019480679190 ) ) ;
#7631 = CARTESIAN_POINT ( 'NONE',  ( 1.343735389064193875, 47.36141179360698317, 208.9561053944932212 ) ) ;
#7632 = CARTESIAN_POINT ( 'NONE',  ( 37.89612216560983882, 21.84723355098650899, 61.00115141096082283 ) ) ;
#7633 = CARTESIAN_POINT ( 'NONE',  ( 0.2092667532286569820, 28.69989833275040780, 32.82804148077259043 ) ) ;
#7634 = CARTESIAN_POINT ( 'NONE',  ( -149.9999999999998295, 12.15754626088404500, 232.9814987402332633 ) ) ;
#7635 = CARTESIAN_POINT ( 'NONE',  ( 0.2540593615632242841, 40.58873198006790517, 109.2190779315877762 ) ) ;
#7637 = ORIENTED_EDGE ( 'NONE', *, *, #1946, .F. ) ;
#7636 = CARTESIAN_POINT ( 'NONE',  ( 5.064069973348426679, 39.00401419439107542, 102.0570621550248518 ) ) ;
#7638 = VERTEX_POINT ( 'NONE', #3566 ) ;
#7639 = B_SPLINE_SURFACE_WITH_KNOTS ( 'NONE', 3, 1, ( 
 ( #1335, #6223 ),
 ( #1414, #2573 ),
 ( #1939, #5617 ),
 ( #1988, #3220 ),
 ( #2659, #4963 ),
 ( #6344, #3866 ),
 ( #4400, #1900 ),
 ( #7454, #3913 ),
 ( #27, #6869 ),
 ( #5036, #806 ) ),
 .UNSPECIFIED., .F., .F., .F.,
 ( 4, 2, 2, 2, 4 ),
 ( 2, 2 ),
 ( 0.000000000000000000, 0.2500000000000000000, 0.5000000000000000000, 0.7500000000000000000, 1.000000000000000000 ),
 ( 0.000000000000000000, 1.000000000000000000 ),
 .UNSPECIFIED. ) ;
#7640 = CARTESIAN_POINT ( 'NONE',  ( -1.902130867737947373, -5.765155448703533914, -56.51890096845753675 ) ) ;
#7641 = CARTESIAN_POINT ( 'NONE',  ( 21.33143306492407731, 33.09051500739469276, 85.62538381473456184 ) ) ;
#7642 = CARTESIAN_POINT ( 'NONE',  ( -2.983094196825140543, 43.89259554956956322, 189.7891869021838716 ) ) ;
#7643 = CARTESIAN_POINT ( 'NONE',  ( -7.643553221690082999, 34.23243729177413286, 69.24721376085319946 ) ) ;
#7644 = CARTESIAN_POINT ( 'NONE',  ( 2.545275847175163086, 43.86679528997784416, 188.8676678262996518 ) ) ;
#7645 = CARTESIAN_POINT ( 'NONE',  ( -1.040117150238487609, 44.10370609580161272, 203.6437957224744935 ) ) ;
#7646 = CARTESIAN_POINT ( 'NONE',  ( 45.95965009189017536, 27.65776224782523585, 125.6496688811247253 ) ) ;
#7648 = ORIENTED_EDGE ( 'NONE', *, *, #4816, .F. ) ;
#7647 = CARTESIAN_POINT ( 'NONE',  ( 43.14658061911373466, 35.50342271598734101, 304.1660564602935892 ) ) ;
#7649 = CARTESIAN_POINT ( 'NONE',  ( 29.58276128432972030, 30.63415384187179669, 87.87092130248633737 ) ) ;
#7650 = CARTESIAN_POINT ( 'NONE',  ( 0.7129018345023701020, 42.97198205091542178, 145.0151164956309913 ) ) ;
#7651 = LINE ( 'NONE', #2104, #5192 ) ;
#7652 = CARTESIAN_POINT ( 'NONE',  ( -5.297959279925042786, 43.54537519337113594, 181.8281804728607653 ) ) ;
#7653 = ADVANCED_FACE ( 'NONE', ( #1110 ), #3440, .T. ) ;
#7654 = CARTESIAN_POINT ( 'NONE',  ( -0.5962991954493902513, 20.14399605289213824, 444.2252999659614829 ) ) ;
#7655 = CARTESIAN_POINT ( 'NONE',  ( -60.00892403416684573, -10.87759879526569584, 448.8723920580213189 ) ) ;
#7656 = CARTESIAN_POINT ( 'NONE',  ( -8.700276638711796906, 43.12864966517705767, 212.8970381941021230 ) ) ;
#7657 = VECTOR ( 'NONE', #446, 1000.000000000000000 ) ;
#7658 = CARTESIAN_POINT ( 'NONE',  ( -149.9999999999998579, 5.755319606443136671, 215.4903186742444916 ) ) ;
#7659 = DIRECTION ( 'NONE',  ( 0.000000000000000000, 0.000000000000000000, -1.000000000000000000 ) ) ;
#7660 = CARTESIAN_POINT ( 'NONE',  ( 56.42444719532452524, -4.100048717234659357, 204.2233583779163268 ) ) ;
#7661 = CARTESIAN_POINT ( 'NONE',  ( 0.2298050388773870134, 36.47567305647665847, 75.10429509378202795 ) ) ;
#7662 = CARTESIAN_POINT ( 'NONE',  ( 7.808475627090276205, 25.69516347810183987, 27.35915986174315506 ) ) ;
#7663 = VERTEX_POINT ( 'NONE', #1035 ) ;
#7664 = VECTOR ( 'NONE', #2171, 1000.000000000000000 ) ;
#7665 = CARTESIAN_POINT ( 'NONE',  ( 0.3620337161051778718, 36.21402706492616375, 73.22045066646241196 ) ) ;
#7666 = CARTESIAN_POINT ( 'NONE',  ( 52.53891573317806518, 18.24069168520677664, 252.3546242644533777 ) ) ;
#7667 = CARTESIAN_POINT ( 'NONE',  ( 1.508952792909321161, 32.03446681347313785, 380.7825399960755135 ) ) ;
#7668 = CARTESIAN_POINT ( 'NONE',  ( -2.454386197320244545, 43.74216825258880448, 215.3731596700209536 ) ) ;
#7669 = AXIS2_PLACEMENT_3D ( 'NONE', #4217, #4137, #5420 ) ;
#7670 = CARTESIAN_POINT ( 'NONE',  ( 0.000000000000000000, 43.59248601773754928, 122.6496688811247111 ) ) ;
#7671 = VECTOR ( 'NONE', #248, 1000.000000000000000 ) ;
#7672 = CARTESIAN_POINT ( 'NONE',  ( -39.35302601131734690, 13.53690614029605221, 413.1562519541586767 ) ) ;
#7673 = CARTESIAN_POINT ( 'NONE',  ( -26.41220509636847424, 39.08927134528171621, 173.1002843992143596 ) ) ;
#7674 = CARTESIAN_POINT ( 'NONE',  ( 0.07154550806378905115, 41.61907289559373169, 121.1210550245039315 ) ) ;
#7675 = CARTESIAN_POINT ( 'NONE',  ( 2.650316221447130527, 28.51110833786872334, 17.25647961524052931 ) ) ;
#7676 = VECTOR ( 'NONE', #297, 1000.000000000000000 ) ;
#7677 = CARTESIAN_POINT ( 'NONE',  ( 0.4666624454429739166, 46.83002249555134711, 208.4485850156316360 ) ) ;
#7678 = CARTESIAN_POINT ( 'NONE',  ( 25.62762715248674539, 27.57834263459453084, 43.76297563887813880 ) ) ;
#7679 = CARTESIAN_POINT ( 'NONE',  ( 2.106299519530117959, 46.03114097764294144, 130.5598387451737779 ) ) ;
#7680 = CARTESIAN_POINT ( 'NONE',  ( -10.02030171128411418, 39.97647637029416501, 121.6639760816225646 ) ) ;
#7681 = EDGE_LOOP ( 'NONE', ( #4645, #183, #108 ) ) ;
#7682 = ORIENTED_EDGE ( 'NONE', *, *, #4211, .T. ) ;
#7683 = CARTESIAN_POINT ( 'NONE',  ( 3.345376087531854115, -19.80729880530915210, -71.09459982090788799 ) ) ;
#7684 = CARTESIAN_POINT ( 'NONE',  ( 9.303892832365569632, 34.96016962846630349, 76.80823478982456720 ) ) ;
#7685 = CARTESIAN_POINT ( 'NONE',  ( 8.310310928382479645, 42.90754808891568928, 170.6701335449507440 ) ) ;
#7686 = CARTESIAN_POINT ( 'NONE',  ( 0.3088014171484890213, 32.19132147537099797, 49.66025428334815928 ) ) ;
#7687 = CARTESIAN_POINT ( 'NONE',  ( 2.063807534392927412, 46.97260807575818831, 188.3875547825298895 ) ) ;
#7688 = CARTESIAN_POINT ( 'NONE',  ( -5.966662445441326845, 42.85055069676063511, 158.6977513598284588 ) ) ;
#7690 = ORIENTED_EDGE ( 'NONE', *, *, #1355, .F. ) ;
#7689 = CARTESIAN_POINT ( 'NONE',  ( 0.000000000000000000, 45.95997642549459528, 252.6905689360423537 ) ) ;
#7691 = CARTESIAN_POINT ( 'NONE',  ( -0.4330765748737175902, 36.50119275483970682, 75.11327793460343116 ) ) ;
#7692 = CARTESIAN_POINT ( 'NONE',  ( -0.4034212941476461034, 44.22930711256393010, 203.4271410983325552 ) ) ;
#7693 = FACE_OUTER_BOUND ( 'NONE', #2048, .T. ) ;
#7694 = CARTESIAN_POINT ( 'NONE',  ( -36.89659022469601979, 35.39452035505612315, 209.9718689585738787 ) ) ;
#7695 = CARTESIAN_POINT ( 'NONE',  ( 2.401812407620467660, 6.569449054318622139, 500.9803719639622841 ) ) ;
#7696 = CARTESIAN_POINT ( 'NONE',  ( 0.000000000000000000, -9.999999999999710454, 558.9422371214541272 ) ) ;
#7697 = CARTESIAN_POINT ( 'NONE',  ( 0.000000000000000000, 0.000000000000000000, 125.6496688811247253 ) ) ;
#7698 = CARTESIAN_POINT ( 'NONE',  ( -56.42444719532452524, -4.100048717234659357, 204.2233583779163268 ) ) ;
#7699 = CARTESIAN_POINT ( 'NONE',  ( 12.46229530001277652, -2.572497710891440637, -46.23969499504121217 ) ) ;
#7700 = CARTESIAN_POINT ( 'NONE',  ( 0.4330765748737175902, 36.50119275483970682, 75.11327793460343116 ) ) ;
#7701 = EDGE_CURVE ( 'NONE', #5494, #6957, #4927, .T. ) ;
#7702 = CARTESIAN_POINT ( 'NONE',  ( 8.882886552732394136, 27.63207824573500559, 36.25852300689967223 ) ) ;
#7703 = ORIENTED_EDGE ( 'NONE', *, *, #3870, .T. ) ;
#7704 = CARTESIAN_POINT ( 'NONE',  ( -0.3500724089163927411, 37.90373587005856137, 85.17318296800412725 ) ) ;
#7705 = CARTESIAN_POINT ( 'NONE',  ( 0.000000000000000000, 47.06380252744634163, 155.7186040356210128 ) ) ;
#7706 = CARTESIAN_POINT ( 'NONE',  ( 1.412905495387613675, 41.02947630906889032, 312.7536838202627791 ) ) ;
#7707 = CARTESIAN_POINT ( 'NONE',  ( -3.406033183651483665, 47.26302154841508951, 189.0394588610165556 ) ) ;
#7708 = CARTESIAN_POINT ( 'NONE',  ( 0.000000000000000000, 24.87581779792214576, 23.34527260323320164 ) ) ;
#7709 = EDGE_CURVE ( 'NONE', #1000, #5130, #4100, .T. ) ;
#7710 = B_SPLINE_CURVE_WITH_KNOTS ( 'NONE', 3,
 ( #2721, #6498, #3294, #5732, #4668, #2097 ),
 .UNSPECIFIED., .F., .F.,
 ( 4, 2, 4 ),
 ( 0.000000000000000000, 0.02904162606986670711, 0.05808325213973341422 ),
 .UNSPECIFIED. ) ;
#7711 = ORIENTED_EDGE ( 'NONE', *, *, #1599, .F. ) ;
#7712 = EDGE_CURVE ( 'NONE', #3631, #2979, #2952, .T. ) ;
#7713 = CARTESIAN_POINT ( 'NONE',  ( 19.07571074479632145, 38.75914681572574949, 131.2761699877906665 ) ) ;
#7714 = CARTESIAN_POINT ( 'NONE',  ( -3.289006796241746411, 7.681208134219242645, -36.06530541306337057 ) ) ;
#7715 = CARTESIAN_POINT ( 'NONE',  ( 1.658064542915604678, 47.34650740813135172, 208.1667073941108868 ) ) ;
#7716 = DIRECTION ( 'NONE',  ( 1.000000000000000000, 0.000000000000000000, 0.000000000000000000 ) ) ;
#7717 = CARTESIAN_POINT ( 'NONE',  ( -7.846345050770216822, 46.81194873575534388, 182.9037947448233012 ) ) ;
#7719 = EDGE_LOOP ( 'NONE', ( #1635, #6239, #3062, #7263, #1504, #7443, #2425, #6596, #7682, #4875, #1457, #7526, #2547, #3578, #935, #252, #114, #1441, #5244, #2130, #6441 ) ) ;
#7718 = CARTESIAN_POINT ( 'NONE',  ( -0.4674292294413543436, 39.71075037612879299, 100.6922473673963907 ) ) ;
#7720 = ORIENTED_EDGE ( 'NONE', *, *, #7253, .T. ) ;
#7721 = CARTESIAN_POINT ( 'NONE',  ( 150.0000000000000284, 1.252786731943029253, 209.9251019480679190 ) ) ;
#7722 = CARTESIAN_POINT ( 'NONE',  ( 27.46630682827604630, 32.02092658016663052, 91.18844647623627964 ) ) ;
#7723 = CARTESIAN_POINT ( 'NONE',  ( -0.5246593421263852086, 47.55137746071891058, 187.2654246439283270 ) ) ;
#7724 = CARTESIAN_POINT ( 'NONE',  ( 0.2083600435866152512, 33.81194401939408323, 58.09468077028977717 ) ) ;
#7725 = CARTESIAN_POINT ( 'NONE',  ( -1.773339470216845237, 43.92394180489174715, 208.1223261884240685 ) ) ;
#7726 = CARTESIAN_POINT ( 'NONE',  ( 3.520946555146675649E-14, 43.96472117872452401, 214.0493121098461415 ) ) ;
#7727 = CARTESIAN_POINT ( 'NONE',  ( 7.301291994692240550, 46.93704426116289596, 207.1250189900836745 ) ) ;
#7728 = CARTESIAN_POINT ( 'NONE',  ( -0.09571059638873037623, 36.45883133808646193, 75.10102145447842759 ) ) ;
#7729 = CARTESIAN_POINT ( 'NONE',  ( 0.2911941336025893334, 46.97123519445625561, 187.8683353890676244 ) ) ;
#7730 = CARTESIAN_POINT ( 'NONE',  ( -1.463991263753023686, 43.97889981516022573, 180.5090094114497390 ) ) ;
#7731 = CARTESIAN_POINT ( 'NONE',  ( 10.55815539007339510, 8.766027140151836150, 480.2865580578388176 ) ) ;
#7732 = CARTESIAN_POINT ( 'NONE',  ( -3.066662445442872365, 46.63744080576727669, 190.4627056561177199 ) ) ;
#7733 = DIRECTION ( 'NONE',  ( -1.000000000000000000, 0.000000000000000000, 0.000000000000000000 ) ) ;
#7734 = CARTESIAN_POINT ( 'NONE',  ( -28.34182685986741390, -0.004202851225297739302, -27.54135597287860193 ) ) ;
#7735 = CARTESIAN_POINT ( 'NONE',  ( 6.367695841458965056, 41.10705782143378428, 128.2895833834481607 ) ) ;
#7736 = CARTESIAN_POINT ( 'NONE',  ( 56.44355950920334664, -5.401506154520962610, 202.8927154750770683 ) ) ;
#7737 = CARTESIAN_POINT ( 'NONE',  ( -0.2627236780584578102, 36.41384453789264342, 75.10370822598090967 ) ) ;
#7738 = CARTESIAN_POINT ( 'NONE',  ( 0.7298143248848694142, 28.58929921108726901, 32.83699884914690870 ) ) ;
#7739 = B_SPLINE_CURVE_WITH_KNOTS ( 'NONE', 3,
 ( #4466, #2475, #3077, #173, #2639, #6767, #7434, #1882, #3769, #3119, #5597, #48, #4662, #869, #7137, #6529, #1593, #3445, #5923, #2832, #7225, #6004, #7304, #4178, #6606, #1678, #449, #2278, #3524, #5961 ),
 .UNSPECIFIED., .F., .F.,
 ( 4, 2, 2, 2, 2, 2, 2, 2, 2, 2, 2, 2, 2, 2, 4 ),
 ( 5.605063087764202676E-17, 0.006103832593493016892, 0.009155748890239453347, 0.01220766518698589154, 0.01831149778047869506, 0.02136341407722512978, 0.02441533037397156103, 0.02746724667071799922, 0.02899320481909122005, 0.03051916296746443047, 0.03662299556095715419, 0.03814895370933032298, 0.03967491185770348483, 0.04272682815444982934, 0.04883066074794254613 ),
 .UNSPECIFIED. ) ;
#7740 = ORIENTED_EDGE ( 'NONE', *, *, #4762, .F. ) ;
#7741 = CARTESIAN_POINT ( 'NONE',  ( -4.367040946219160169, 35.61842248306520986, 74.21636490322848090 ) ) ;
#7742 = CARTESIAN_POINT ( 'NONE',  ( 24.45514282142428186, 34.03033067479747587, 71.95588844210854518 ) ) ;
#7743 = CARTESIAN_POINT ( 'NONE',  ( 0.9573959518996042473, 36.00720964673208613, 354.6273715488849803 ) ) ;
#7744 = CARTESIAN_POINT ( 'NONE',  ( 8.619407271259760250E-15, 44.00337222131771853, 170.4198217803696309 ) ) ;
#7745 = CARTESIAN_POINT ( 'NONE',  ( -57.77097111345211289, -2.535394609008782663, 415.1043187994338837 ) ) ;
#7746 = CARTESIAN_POINT ( 'NONE',  ( -2.177296947288516193, -4.542331835814525043, 541.4227397640479467 ) ) ;
#7747 = EDGE_LOOP ( 'NONE', ( #4269, #727, #4736, #3065, #4688 ) ) ;
#7748 = CARTESIAN_POINT ( 'NONE',  ( 1.825295035117260989, 20.79892886237578864, -7.076416356319450429 ) ) ;
#7749 = EDGE_CURVE ( 'NONE', #5418, #7360, #5542, .T. ) ;
#7750 = CARTESIAN_POINT ( 'NONE',  ( 2.530384236288282462, 46.62819696585667373, 207.4412564131659451 ) ) ;
#7751 = CARTESIAN_POINT ( 'NONE',  ( -2.675938609117602951, 26.27144699080756496, 24.88670562812880149 ) ) ;
#7752 = CARTESIAN_POINT ( 'NONE',  ( -68.02388392350869140, 29.98456005054444162, 166.0820768548770161 ) ) ;
#7753 = CARTESIAN_POINT ( 'NONE',  ( 0.3937888668149036597, 32.51212710827751096, 34.84931210984620265 ) ) ;
#7754 = EDGE_CURVE ( 'NONE', #3747, #1294, #419, .T. ) ;
#7756 = EDGE_LOOP ( 'NONE', ( #1541, #7703, #7398, #224 ) ) ;
#7755 = CARTESIAN_POINT ( 'NONE',  ( -0.4232799447619919886, 40.60966423043306861, 109.2209730905780418 ) ) ;
#7757 = ORIENTED_EDGE ( 'NONE', *, *, #2687, .T. ) ;
#7758 = CARTESIAN_POINT ( 'NONE',  ( -1.089665299688646893, 43.87402291877562988, 168.7514845618550794 ) ) ;
#7759 = CARTESIAN_POINT ( 'NONE',  ( 3.280958133165344126, 37.53122323659729176, 85.75353885910519125 ) ) ;
#7760 = SURFACE_STYLE_FILL_AREA ( #1108 ) ;
#7761 = CARTESIAN_POINT ( 'NONE',  ( -26.25251533870232379, 29.99903573952534330, 75.19037745280071761 ) ) ;
#7762 = CARTESIAN_POINT ( 'NONE',  ( 0.000000000000000000, 47.60175118634028735, 187.2656339773372167 ) ) ;
#7763 = CARTESIAN_POINT ( 'NONE',  ( -0.5246593421263852086, 47.55137746071891058, 187.2654246439283270 ) ) ;
#7764 = CARTESIAN_POINT ( 'NONE',  ( -0.2203882565096915991, 35.23416324703044467, 66.58889763887897573 ) ) ;
#7765 = CARTESIAN_POINT ( 'NONE',  ( -0.2149388538405163640, 44.21338611001680619, 203.4472439285096925 ) ) ;
#7766 = CARTESIAN_POINT ( 'NONE',  ( -0.2337304051641427849, 44.01548227735273144, 168.5794380723974086 ) ) ;
#7767 = CARTESIAN_POINT ( 'NONE',  ( -12.54926442142181209, -19.83559714904187743, -65.17547834017919683 ) ) ;
#7768 = CARTESIAN_POINT ( 'NONE',  ( -1.071112618678042860, 44.01988587736931180, 180.4238694394090032 ) ) ;
#7769 = CARTESIAN_POINT ( 'NONE',  ( -1.996956094114173741, 10.46350476607578983, 486.5475114404366082 ) ) ;
#7770 = DIRECTION ( 'NONE',  ( 0.000000000000000000, -1.000000000000000000, 0.000000000000000000 ) ) ;
#7771 = CARTESIAN_POINT ( 'NONE',  ( -6.544637837065102381, 43.38900151446123488, 212.8956749825492807 ) ) ;
#7772 = CARTESIAN_POINT ( 'NONE',  ( 0.9429501939302636915, 4.886886460646159058, -41.31700136380539590 ) ) ;
#7773 = CARTESIAN_POINT ( 'NONE',  ( 3.313916258227276757, 1.354737596468937211, -46.71700391772461813 ) ) ;
#7774 = CARTESIAN_POINT ( 'NONE',  ( -1.344655786032070255, 36.27812597804063444, 75.20879133397950511 ) ) ;
#7775 = PRODUCT_DEFINITION_CONTEXT ( 'detailed design', #7260, 'design' ) ;
#7776 = CARTESIAN_POINT ( 'NONE',  ( 0.07084121361005546458, 28.66665573525931876, 32.81682349647370955 ) ) ;
#7777 = VERTEX_POINT ( 'NONE', #5928 ) ;
#7778 = CARTESIAN_POINT ( 'NONE',  ( -7.654305891595941880, 36.94919145959247686, 87.83091989974541036 ) ) ;
#7779 = CARTESIAN_POINT ( 'NONE',  ( -0.6583047484764391610, 47.13654566807250035, 155.6928415244869939 ) ) ;
#7780 = CARTESIAN_POINT ( 'NONE',  ( 1.412905495387613675, 40.21919022833552049, 320.0005269926185747 ) ) ;
#7781 = DIRECTION ( 'NONE',  ( 0.000000000000000000, -0.5783651020807193399, -0.8157780388654496395 ) ) ;
#7782 = CARTESIAN_POINT ( 'NONE',  ( 14.03133231831305494, 39.42462093850586768, 125.6496688811246401 ) ) ;
#7783 = APPLICATION_CONTEXT ( 'automotive_design' ) ;
#7784 = AXIS2_PLACEMENT_3D ( 'NONE', #3015, #1742, #4883 ) ;
#7785 = CARTESIAN_POINT ( 'NONE',  ( -0.7173949448069911750, -1.055981849285397622, 529.3660285409472408 ) ) ;
#7786 = CARTESIAN_POINT ( 'NONE',  ( -28.11698015143261742, 5.915450505645251766, -17.51976183688852373 ) ) ;
#7787 = DIRECTION ( 'NONE',  ( -1.000000000000000000, 0.000000000000000000, 0.000000000000000000 ) ) ;
#7788 = CARTESIAN_POINT ( 'NONE',  ( -1.897151511910303734, 46.91140964979707206, 229.3722862163716343 ) ) ;
#7789 = DIRECTION ( 'NONE',  ( 0.000000000000000000, 0.000000000000000000, -1.000000000000000000 ) ) ;
#7790 = VECTOR ( 'NONE', #3206, 1000.000000000000000 ) ;
#7791 = ADVANCED_FACE ( 'NONE', ( #7962 ), #2881, .F. ) ;
#7792 = AXIS2_PLACEMENT_3D ( 'NONE', #6169, #3079, #50 ) ;
#7794 = ORIENTED_EDGE ( 'NONE', *, *, #4022, .F. ) ;
#7793 = CARTESIAN_POINT ( 'NONE',  ( -0.2540593615632242841, 40.58873198006790517, 109.2190779315877762 ) ) ;
#7795 = CARTESIAN_POINT ( 'NONE',  ( 0.000000000000000000, 7.905339886619993095, -35.92712258355483357 ) ) ;
#7796 = CARTESIAN_POINT ( 'NONE',  ( 26.05225584896579960, 35.27777101657008529, 113.4526831887511236 ) ) ;
#7797 = DIRECTION ( 'NONE',  ( 0.000000000000000000, 0.000000000000000000, -1.000000000000000000 ) ) ;
#7798 = CARTESIAN_POINT ( 'NONE',  ( -0.6853503203660816778, 32.06987647093276195, 49.66803019644719797 ) ) ;
#7799 = CARTESIAN_POINT ( 'NONE',  ( -3.732329755606718091, 47.23383139352144156, 190.4602416727404943 ) ) ;
#7800 = AXIS2_PLACEMENT_3D ( 'NONE', #6463, #5239, #7733 ) ;
#7801 = CARTESIAN_POINT ( 'NONE',  ( -2.632602073935621068, 47.25891193969570736, 208.2712334149696005 ) ) ;
#7802 = CARTESIAN_POINT ( 'NONE',  ( 6.403712080581203558, 45.57724494206407684, 254.1058661924230933 ) ) ;
#7803 = EDGE_CURVE ( 'NONE', #7777, #1889, #4774, .T. ) ;
#7804 = CARTESIAN_POINT ( 'NONE',  ( 44.59710504396101527, 26.86073819871377921, 114.3071968959556983 ) ) ;
#7805 = CARTESIAN_POINT ( 'NONE',  ( 37.41764988679873483, 34.75078482841397687, 231.3809072785232956 ) ) ;
#7806 = CARTESIAN_POINT ( 'NONE',  ( -1.573448402819587994E-14, 43.59248601773754928, 125.6496688811247253 ) ) ;
#7807 = EDGE_CURVE ( 'NONE', #6751, #7001, #6228, .T. ) ;
#7808 = CARTESIAN_POINT ( 'NONE',  ( 2.560296908970711272, -8.941921420989110914, 555.3173611246556902 ) ) ;
#7809 = CARTESIAN_POINT ( 'NONE',  ( -2.558717127065790464E-14, 44.18889621422121650, 187.8683353890677097 ) ) ;
#7810 = CARTESIAN_POINT ( 'NONE',  ( 1.148770943682327683, 44.07635715549272248, 187.9366510161803205 ) ) ;
#7811 = CARTESIAN_POINT ( 'NONE',  ( 0.1682141249730422505, 44.20941579387478271, 203.4526734882581991 ) ) ;
#7812 = CARTESIAN_POINT ( 'NONE',  ( 3.302423590642567852, 4.628195515106217073, -41.47021073289514703 ) ) ;
#7813 = CARTESIAN_POINT ( 'NONE',  ( -46.84405376642479268, 30.65964751099987851, 207.0878397519331315 ) ) ;
#7814 = B_SPLINE_SURFACE_WITH_KNOTS ( 'NONE', 3, 3, ( 
 ( #2431, #5675, #4423, #5509, #4297, #739, #45, #6765, #5547, #6805, #7431, #1267, #4978, #1186, #1880, #4340, #7472, #6892, #1226, #3196, #1920, #3034, #2, #5636, #4377, #6846, #1311, #3644, #3159, #3764, #700, #83, #2555, #5017, #1356, #1798, #123, #4259, #1473, #3930, #5720, #4501, #5951 ),
 ( #2676, #251, #6321, #7596, #4734, #7216, #2234, #2712, #4463, #6408, #783, #6930, #4695, #5764, #3515, #3474, #5992, #3238, #1391, #5334, #5137, #7826, #2269, #397, #866, #5180, #7561, #3843, #7172, #3285, #169, #7680, #2635, #3322, #5096, #2044, #1628, #212, #2593, #2866, #5060, #6970, #1428 ),
 ( #1668, #4122, #6594, #5804, #4084, #2004, #3886, #6556, #7635, #6368, #4544, #1057, #825, #2087, #7018, #1020, #7410, #2416, #6786, #5372, #1780, #4279, #6109, #2940, #7865, #2976, #1863, #5409, #4843, #7903, #7370, #1210, #2378, #6666, #2340, #4202, #6636, #1249, #1134, #7943, #3628, #4320, #3588 ),
 ( #558, #6749, #5451, #3666, #6148, #1820, #1095, #599, #3017, #1744, #3058, #2305, #6704, #5530, #8017, #4884, #4808, #4767, #2453, #7252, #3703, #6068, #2904, #7294, #515, #7327, #4919, #4243, #1168, #440, #5490, #1706, #7982, #4167, #3554, #6033, #475, #2660, #6345, #1378, #3829, #7493, #4447 ),
 ( #5121, #4401, #807, #1453, #641, #5699, #7621, #2030, #6825, #5037, #7539, #148, #1989, #3745, #6185, #3787, #3266, #6269, #6309, #1901, #3142, #195, #2070, #2620, #3095, #723, #5746, #3181, #764, #4359, #5618, #4526, #6998, #5083, #3221, #28, #6917, #1290, #2497, #7582, #1336, #5574, #6954 ),
 ( #4964, #7455, #5657, #6224, #683, #3867, #4488, #1415, #68, #2536, #4999, #6870, #1940, #105, #2574, #2812, #3308, #1495, #5867, #4684, #4643, #1616, #849, #933, #4033, #2774, #3952, #6391, #2148, #7162, #6431, #3990, #7042, #1571, #975, #1531, #273, #893, #5828, #5163, #4073, #2736, #7078 ),
 ( #5206, #7700, #3344, #6511, #4608, #348, #6467, #3386, #7661, #3424, #2220, #312, #5242, #7737, #5903, #7117, #5278, #7774, #2181, #2113, #6545, #3914, #5790, #237, #2696, #4572, #3773, #3812, #5067, #5683, #7566, #2014, #4982, #746, #3203, #130, #5144, #3165, #7025, #6936, #4385, #5641, #3895 ),
 ( #91, #1926, #1437, #4470, #179, #7520, #4431, #6853, #5773, #5601, #2601, #1398, #3851, #6329, #6254, #5022, #6375, #220, #2560, #2519, #6415, #6292, #1318, #790, #1363, #3247, #1970, #832, #7643, #5730, #2052, #2645, #5106, #7605, #2095, #4509, #707, #6979, #6901, #3292, #2682, #4553, #1480 ),
 ( #3937, #3123, #52, #7478, #1554, #4015, #5229, #7186, #7724, #1034, #917, #3366, #1518, #1641, #5348, #7101, #2205, #7141, #3488, #2837, #417, #5965, #5850, #3974, #1682, #2880, #6453, #298, #7839, #4666, #2760, #6493, #2797, #3409, #5265, #7761, #2719, #960, #5889, #335, #2282, #2169, #4745 ),
 ( #4628, #4096, #3449, #1597, #4057, #7686, #6568, #6532, #5927, #996, #373, #2135, #7229, #3330, #5303, #7798, #2246, #4706, #4138, #875, #5811, #257, #5189, #4595, #7066, #2394, #7427, #4781, #5544, #4857, #6716, #3681, #2468, #7269, #6008, #2996, #6647, #2429, #453, #7879, #5467, #7343, #1795 ),
 ( #7308, #2916, #1109, #3565, #7919, #6045, #5506, #2317, #490, #7961, #4897, #1723, #4295, #4257, #2358, #1223, #5385, #1184, #7383, #1836, #574, #2951, #4180, #6763, #5421, #6611, #4822, #1074, #1756, #4218, #3602, #6163, #6680, #3642, #3529, #1146, #616, #6123, #3072, #6082, #3032, #4976, #823 ),
 ( #5633, #2591, #5591, #2673, #3282, #2553, #4499, #7633, #6802, #3841, #5762, #166, #7470, #3194, #5673, #6320, #121, #1917, #4336, #1959, #6968, #4418, #2002, #42, #1308, #6366, #210, #781, #4459, #6197, #5057, #2510, #653, #3236, #7510, #5135, #5094, #1264, #4375, #3111, #1426, #6889, #3884 ),
 ( #7559, #6929, #3719, #6842, #5717, #5014, #3760, #6282, #6245, #697, #3155, #81, #1390, #1352, #2632, #3803, #737, #7593, #2042, #7751, #4587, #7017, #4620, #3477, #7057, #6482, #1509, #987, #2827, #4004, #290, #3964, #5840, #249, #2870, #2752, #1545, #5255, #5956, #5220, #6444, #907, #2195 ) ),
 .UNSPECIFIED., .F., .F., .F.,
 ( 4, 3, 3, 3, 4 ),
 ( 4, 3, 3, 3, 3, 3, 3, 3, 3, 3, 3, 3, 3, 3, 4 ),
 ( 0.000000000000000000, 0.01688495529813904827, 0.03376991059627809655, 0.05065486589441703380, 0.06753982119255608207 ),
 ( -0.0002631078437801016162, 3.513807172731315013E-05, 0.0003333839872347279165, 0.0009298758182495574492, 0.002122859480279216515, 0.004508826804338534645, 0.009280761452457170907, 0.01882463074869444516, 0.02836850004493171595, 0.03314043469305034961, 0.03791236934116899021, 0.07608784652611808030, 0.1524388008960162744, 0.2287897552659144407, 0.3051407096358126347 ),
 .UNSPECIFIED. ) ;
#7815 = CARTESIAN_POINT ( 'NONE',  ( -0.3414796412091707922, 30.56213000908174848, 41.22329275382631408 ) ) ;
#7816 = ORIENTED_EDGE ( 'NONE', *, *, #1, .T. ) ;
#7817 = ORIENTED_EDGE ( 'NONE', *, *, #2887, .T. ) ;
#7818 = PLANE ( 'NONE',  #4403 ) ;
#7819 = CARTESIAN_POINT ( 'NONE',  ( 2.458911498200082146, 45.48680964656614378, 130.5876176261108412 ) ) ;
#7820 = CARTESIAN_POINT ( 'NONE',  ( -38.04577553118386390, 6.899135327763927350, 435.0771627741435736 ) ) ;
#7821 = CARTESIAN_POINT ( 'NONE',  ( -27.59136073858754301, 39.37365502281620877, 125.6496688811246401 ) ) ;
#7822 = CARTESIAN_POINT ( 'NONE',  ( 47.54450766286623065, 32.92393923627010111, 144.9495844652581411 ) ) ;
#7823 = CARTESIAN_POINT ( 'NONE',  ( 42.52189211563295856, 29.31880112443003483, 125.6496688811247253 ) ) ;
#7824 = CARTESIAN_POINT ( 'NONE',  ( 0.09739888003033829456, 44.27483671690579570, 191.9197505371543286 ) ) ;
#7825 = CARTESIAN_POINT ( 'NONE',  ( -2.463040405063526617, 2.764101418705058322, 515.2409785199594126 ) ) ;
#7826 = CARTESIAN_POINT ( 'NONE',  ( -3.541872507649115764, 40.86174287402831595, 118.5299641992235848 ) ) ;
#7827 = CARTESIAN_POINT ( 'NONE',  ( 2.401812407620467660, 6.569449054318622139, 500.9803719639622841 ) ) ;
#7828 = VERTEX_POINT ( 'NONE', #3033 ) ;
#7829 = CARTESIAN_POINT ( 'NONE',  ( -6.602309369726680366, 40.77711957803821718, 123.2602329534994965 ) ) ;
#7830 = CARTESIAN_POINT ( 'NONE',  ( 0.000000000000000000, 28.21750440619399214, 17.07389157737171459 ) ) ;
#7831 = CARTESIAN_POINT ( 'NONE',  ( -2.458911498200082146, 45.48680964656614378, 130.5876176261108412 ) ) ;
#7833 = ORIENTED_EDGE ( 'NONE', *, *, #7954, .T. ) ;
#7832 = CARTESIAN_POINT ( 'NONE',  ( 33.33269708931850772, 34.49308785731280835, 135.1060732246742191 ) ) ;
#7834 = CARTESIAN_POINT ( 'NONE',  ( -2.558717127065790464E-14, 46.99903241368054552, 187.8683353890677097 ) ) ;
#7835 = B_SPLINE_CURVE_WITH_KNOTS ( 'NONE', 3,
 ( #4443, #5080, #3699, #5570 ),
 .UNSPECIFIED., .F., .F.,
 ( 4, 4 ),
 ( 6.437857749532317169E-16, 0.002008659278127703906 ),
 .UNSPECIFIED. ) ;
#7836 = CARTESIAN_POINT ( 'NONE',  ( 3.323413742140344684, -2.163148135800812888, -51.77104861990689955 ) ) ;
#7837 = CARTESIAN_POINT ( 'NONE',  ( -0.6225177170263019866, 40.57553410659205184, 109.1433329366741845 ) ) ;
#7838 = CARTESIAN_POINT ( 'NONE',  ( 5.464712794159227727, 140.4842180462710530, 161.1865791250929192 ) ) ;
#7839 = CARTESIAN_POINT ( 'NONE',  ( -7.769090493279701803, 32.81034003411156164, 60.82655804162651947 ) ) ;
#7840 = CARTESIAN_POINT ( 'NONE',  ( 1.573448402819587994E-14, 43.59248601773754928, 128.6496688811247111 ) ) ;
#7841 = CARTESIAN_POINT ( 'NONE',  ( 0.000000000000000000, 29.52392101739476260, 35.04931211369479627 ) ) ;
#7842 = B_SPLINE_CURVE_WITH_KNOTS ( 'NONE', 3,
 ( #7071, #6502, #2061, #3983 ),
 .UNSPECIFIED., .F., .F.,
 ( 4, 4 ),
 ( 0.01586842611837147379, 0.05004107933644420803 ),
 .UNSPECIFIED. ) ;
#7843 = CARTESIAN_POINT ( 'NONE',  ( -0.5283684085479281034, 28.60797005037408525, 400.7130692314507883 ) ) ;
#7844 = CARTESIAN_POINT ( 'NONE',  ( 35.93943474109790515, 30.31806316339447704, 105.1925578749754777 ) ) ;
#7845 = CARTESIAN_POINT ( 'NONE',  ( -3.066662445442872365, 43.88633703986032231, 190.4627056561177199 ) ) ;
#7846 = CARTESIAN_POINT ( 'NONE',  ( 5.629178650395608940, 42.97140359480787453, 158.5195479797745577 ) ) ;
#7847 = CARTESIAN_POINT ( 'NONE',  ( -1.573448402819587994E-14, 43.59248601773754928, 125.6496688811247253 ) ) ;
#7848 = CARTESIAN_POINT ( 'NONE',  ( 2.463040405063526617, 2.764101418705058322, 515.2409785199594126 ) ) ;
#7849 = CARTESIAN_POINT ( 'NONE',  ( 0.000000000000000000, 31.66512795048258866, 47.15714463483438834 ) ) ;
#7850 = CARTESIAN_POINT ( 'NONE',  ( 3.066662445442876361, 47.24947755034643393, 205.8611414044656556 ) ) ;
#7851 = ADVANCED_FACE ( 'NONE', ( #617 ), #5545, .T. ) ;
#7852 = CARTESIAN_POINT ( 'NONE',  ( 82.00022190405498179, 13.41533595200248463, 95.17065037251704496 ) ) ;
#7853 = CARTESIAN_POINT ( 'NONE',  ( 0.3528222475403410829, 43.68457583545212231, 156.7864870279054799 ) ) ;
#7854 = EDGE_CURVE ( 'NONE', #7087, #3837, #6876, .T. ) ;
#7855 = CARTESIAN_POINT ( 'NONE',  ( 0.3321852897959213236, 30.48071361927815914, 41.20438477476045591 ) ) ;
#7856 = CARTESIAN_POINT ( 'NONE',  ( 5.719241842749829274, 40.89736721801737218, 122.8278237590609052 ) ) ;
#7857 = CARTESIAN_POINT ( 'NONE',  ( 0.000000000000000000, 44.59248601773754928, 122.6496688811247111 ) ) ;
#7858 = CARTESIAN_POINT ( 'NONE',  ( 0.000000000000000000, 47.62041242848380307, 205.0701292695992777 ) ) ;
#7859 = CARTESIAN_POINT ( 'NONE',  ( 0.000000000000000000, 25.90249749234719445, 415.3909803479844527 ) ) ;
#7860 = CARTESIAN_POINT ( 'NONE',  ( 45.57108383004835872, 30.91616100142127621, 120.9178266072664911 ) ) ;
#7861 = CARTESIAN_POINT ( 'NONE',  ( -38.79607959269989692, 21.97151828495077552, 64.02023000437732492 ) ) ;
#7862 = CARTESIAN_POINT ( 'NONE',  ( 5.992231780927470552, 42.84675616651767172, 158.6978529534098072 ) ) ;
#7863 = CARTESIAN_POINT ( 'NONE',  ( -5.678851111786372030, 43.62928475641063386, 205.1549513305815253 ) ) ;
#7864 = CARTESIAN_POINT ( 'NONE',  ( -35.61029944830622895, -13.34155306713987343, 501.3379992237896090 ) ) ;
#7865 = CARTESIAN_POINT ( 'NONE',  ( -5.636448169223042370, 39.83246487545973480, 110.8800538714134660 ) ) ;
#7866 = CARTESIAN_POINT ( 'NONE',  ( 10.02488928357590936, 1.340599469649716324, 507.8357256156867834 ) ) ;
#7867 = EDGE_LOOP ( 'NONE', ( #4213, #5379, #1809, #2699, #1101, #2541, #6003, #3086, #6712, #3654, #2912 ) ) ;
#7868 = CARTESIAN_POINT ( 'NONE',  ( 0.03412262467559595835, 40.50285497354826703, 109.1401210268464297 ) ) ;
#7869 = CARTESIAN_POINT ( 'NONE',  ( -150.0000000000003126, 16.71071704159100690, 262.7461542768186291 ) ) ;
#7870 = CARTESIAN_POINT ( 'NONE',  ( -5.464712794159227727, 140.4842180462710530, 161.1865791250929192 ) ) ;
#7871 = CARTESIAN_POINT ( 'NONE',  ( 7.499999999999987566, 29.65013954398735407, 44.31502417377331682 ) ) ;
#7872 = LINE ( 'NONE', #3358, #4795 ) ;
#7874 = VERTEX_POINT ( 'NONE', #4420 ) ;
#7873 = CARTESIAN_POINT ( 'NONE',  ( 4.967022318603977915, 39.92257075517186848, 110.5604354879534839 ) ) ;
#7875 = CARTESIAN_POINT ( 'NONE',  ( 2.423034289935355634, 43.87290006364960249, 207.5713423370654880 ) ) ;
#7876 = CARTESIAN_POINT ( 'NONE',  ( 150.0000000000000284, 7.321812825929968405, 218.5459688349021121 ) ) ;
#7877 = CARTESIAN_POINT ( 'NONE',  ( 26.77931983816666062, 33.80298609204292148, 102.2930923614579228 ) ) ;
#7878 = DIRECTION ( 'NONE',  ( -0.000000000000000000, -0.000000000000000000, 1.000000000000000000 ) ) ;
#7879 = CARTESIAN_POINT ( 'NONE',  ( -40.60584715063209416, 25.52121534420432880, 88.71782832938963281 ) ) ;
#7880 = CARTESIAN_POINT ( 'NONE',  ( 32.83717416366979336, 40.77583032539788377, 210.9823958526795309 ) ) ;
#7881 = CARTESIAN_POINT ( 'NONE',  ( -2.118442031773510870, 47.29959511757637358, 208.6372626023972146 ) ) ;
#7882 = CARTESIAN_POINT ( 'NONE',  ( -1.436093927849406482, 36.00353229043267334, 354.6852225388742568 ) ) ;
#7883 = CARTESIAN_POINT ( 'NONE',  ( 7.512507375654573494, 35.48058626527697612, 77.69255144215313180 ) ) ;
#7884 = DIRECTION ( 'NONE',  ( -0.000000000000000000, -0.000000000000000000, 1.000000000000000000 ) ) ;
#7885 = CARTESIAN_POINT ( 'NONE',  ( -8.619407271259760250E-15, 44.00337222131771853, 170.4198217803696309 ) ) ;
#7886 = CARTESIAN_POINT ( 'NONE',  ( 2.554997525492479937, -7.414538782993829180, 550.3635908939758110 ) ) ;
#7887 = CARTESIAN_POINT ( 'NONE',  ( -19.57372214606865057, 41.22380910052544323, 214.0493121098461700 ) ) ;
#7888 = CARTESIAN_POINT ( 'NONE',  ( 3.066662445442863039, 46.65863794175308499, 195.5933297012906849 ) ) ;
#7889 = CARTESIAN_POINT ( 'NONE',  ( 0.000000000000000000, 28.21750440619399214, 17.07389157737171459 ) ) ;
#7890 = CARTESIAN_POINT ( 'NONE',  ( 11.79683098018423237, 29.07633686110774107, 46.35407833691835577 ) ) ;
#7891 = ORIENTED_EDGE ( 'NONE', *, *, #156, .T. ) ;
#7892 = EDGE_CURVE ( 'NONE', #3268, #4850, #330, .T. ) ;
#7893 = CARTESIAN_POINT ( 'NONE',  ( -0.3757163752098703902, 42.50842457379066275, 133.0551070656462684 ) ) ;
#7894 = CARTESIAN_POINT ( 'NONE',  ( 5.464712794159227727, 140.4842180462710530, 161.1865791250929192 ) ) ;
#7895 = CARTESIAN_POINT ( 'NONE',  ( -53.41671992373075284, 4.732634878479694329, 384.7797939231693363 ) ) ;
#7896 = CARTESIAN_POINT ( 'NONE',  ( -3.837681931015868741, 43.61008695887174724, 215.8198152474627705 ) ) ;
#7897 = LINE ( 'NONE', #509, #6354 ) ;
#7898 = B_SPLINE_CURVE_WITH_KNOTS ( 'NONE', 3,
 ( #2781, #3433, #5874, #4581 ),
 .UNSPECIFIED., .F., .F.,
 ( 4, 4 ),
 ( 0.000000000000000000, 0.0005940712269790211341 ),
 .UNSPECIFIED. ) ;
#7899 = CARTESIAN_POINT ( 'NONE',  ( -35.76361918649983096, 21.97032733481693967, 56.22559370642327536 ) ) ;
#7900 = CARTESIAN_POINT ( 'NONE',  ( -3.552399940237351197E-15, 42.84486042551422713, 158.6977811542913344 ) ) ;
#7901 = CARTESIAN_POINT ( 'NONE',  ( -19.53686397858720980, 41.39999691309338914, 212.4155773475760611 ) ) ;
#7902 = CARTESIAN_POINT ( 'NONE',  ( -59.30832987030501613, -6.507826170023203183, 431.3161633550269016 ) ) ;
#7903 = CARTESIAN_POINT ( 'NONE',  ( -7.296136016500052612, 39.60528098586407708, 111.7129544413152473 ) ) ;
#7904 = CARTESIAN_POINT ( 'NONE',  ( 9.620743624274640027, -11.03377133881076233, 549.8478901275921089 ) ) ;
#7905 = EDGE_LOOP ( 'NONE', ( #15, #2792, #5289, #3924 ) ) ;
#7906 = CARTESIAN_POINT ( 'NONE',  ( 0.04195781172263831488, 41.63294629670351554, 121.1150971301237718 ) ) ;
#7907 = CARTESIAN_POINT ( 'NONE',  ( 2.600022395107888684, 31.67003230040083039, 29.63291989188160258 ) ) ;
#7908 = CARTESIAN_POINT ( 'NONE',  ( -0.6739527385790917702, 43.89377035544845285, 214.9673981055299521 ) ) ;
#7909 = CARTESIAN_POINT ( 'NONE',  ( 39.46121646127240012, 26.14344142800754867, 66.78960963685585739 ) ) ;
#7910 = AXIS2_PLACEMENT_3D ( 'NONE', #2357, #452, #2995 ) ;
#7911 = CARTESIAN_POINT ( 'NONE',  ( -39.18310407258634598, 34.38133551503729279, 206.6432784341519664 ) ) ;
#7912 = CARTESIAN_POINT ( 'NONE',  ( -5.873798239311764924, 35.98697079100605123, 353.7225482438468589 ) ) ;
#7914 = ORIENTED_EDGE ( 'NONE', *, *, #6603, .T. ) ;
#7913 = CARTESIAN_POINT ( 'NONE',  ( -0.1303056020404346482, 41.32250089494761625, 117.7474725315741892 ) ) ;
#7915 = CARTESIAN_POINT ( 'NONE',  ( 2.983239290054239934, 43.83336225888290727, 206.5271580310887600 ) ) ;
#7916 = AXIS2_PLACEMENT_3D ( 'NONE', #2810, #4070, #6996 ) ;
#7917 = CARTESIAN_POINT ( 'NONE',  ( 5.575608442591200919, 38.65020296388524912, 98.77082943797432790 ) ) ;
#7918 =( LENGTH_UNIT ( ) NAMED_UNIT ( * ) SI_UNIT ( .MILLI., .METRE. ) );
#7919 = CARTESIAN_POINT ( 'NONE',  ( 0.3183682004121023978, 30.55931920472847452, 41.22156706680060978 ) ) ;
#7920 = CARTESIAN_POINT ( 'NONE',  ( -3.066662445442863039, 46.65863794175308499, 195.5933297012906849 ) ) ;
#7921 = VECTOR ( 'NONE', #5466, 1000.000000000000000 ) ;
#7922 = CARTESIAN_POINT ( 'NONE',  ( -3.520946555146675649E-14, 43.96472117872452401, 214.0493121098461415 ) ) ;
#7923 = CARTESIAN_POINT ( 'NONE',  ( -0.5029842643031070537, 32.03122875688352877, 380.6520867096004395 ) ) ;
#7924 = CARTESIAN_POINT ( 'NONE',  ( -0.3275024470585666814, 37.72830036884258931, 83.62249319121330871 ) ) ;
#7925 = CARTESIAN_POINT ( 'NONE',  ( 7.777986836974810636, 43.17311801696200746, 217.3281480450644096 ) ) ;
#7926 = AXIS2_PLACEMENT_3D ( 'NONE', #2808, #3341, #4679 ) ;
#7927 = CARTESIAN_POINT ( 'NONE',  ( -0.000000000000000000, 40.58726035635920937, 79.92663465432134728 ) ) ;
#7928 = CIRCLE ( 'NONE', #4424, 1.000000000000000222 ) ;
#7929 = CARTESIAN_POINT ( 'NONE',  ( 3.066662445442854157, 47.30712536645218336, 190.4599388592242235 ) ) ;
#7931 = ORIENTED_EDGE ( 'NONE', *, *, #7954, .F. ) ;
#7930 = CARTESIAN_POINT ( 'NONE',  ( -0.9333058635097452038, 11.80632858096668159, -28.47083339118706391 ) ) ;
#7932 = CARTESIAN_POINT ( 'NONE',  ( -5.458179324222323991, 43.36145849866949931, 170.2375642795143449 ) ) ;
#7933 = CARTESIAN_POINT ( 'NONE',  ( 1.432467092377366136, 31.97933803390192509, 49.75080860163746621 ) ) ;
#7934 = ORIENTED_EDGE ( 'NONE', *, *, #4519, .F. ) ;
#7935 = CARTESIAN_POINT ( 'NONE',  ( -0.4897810171380196365, 42.52192649485111531, 133.0539971129097694 ) ) ;
#7936 = CARTESIAN_POINT ( 'NONE',  ( -14.03133231831305494, 39.42462093850586768, 125.6496688811246401 ) ) ;
#7937 = CARTESIAN_POINT ( 'NONE',  ( 0.000000000000000000, 45.95997642549459528, 252.6905689360423537 ) ) ;
#7938 = CARTESIAN_POINT ( 'NONE',  ( 1.240397304842907111, 17.08031719385537528, 458.4040238591230150 ) ) ;
#7939 = CARTESIAN_POINT ( 'NONE',  ( -31.38768637884417601, 38.07967219051882068, 125.6496688811247537 ) ) ;
#7940 = CARTESIAN_POINT ( 'NONE',  ( 2.908436645863909042, 29.47866109171258131, 34.84931210984617422 ) ) ;
#7941 = EDGE_CURVE ( 'NONE', #7628, #6420, #4387, .T. ) ;
#7942 = CARTESIAN_POINT ( 'NONE',  ( -0.1555697042094503768, 44.17398764912311293, 187.8683353890677665 ) ) ;
#7943 = CARTESIAN_POINT ( 'NONE',  ( -35.96062484532937020, 33.67333198304530129, 139.5505815197879258 ) ) ;
#7944 = CARTESIAN_POINT ( 'NONE',  ( -6.480909335331581644, 31.51093002447665725, 35.27240459414694840 ) ) ;
#7945 = ORIENTED_EDGE ( 'NONE', *, *, #3284, .T. ) ;
#7946 = CARTESIAN_POINT ( 'NONE',  ( -7.040411409788942976, 40.71651751976848743, 123.4820575563295790 ) ) ;
#7947 = ORIENTED_EDGE ( 'NONE', *, *, #4956, .T. ) ;
#7948 = CARTESIAN_POINT ( 'NONE',  ( -54.82390645621840264, 12.55502082587985413, 233.5480463257898407 ) ) ;
#7949 = CARTESIAN_POINT ( 'NONE',  ( -2.421002015926365658, 46.71376839161987959, 188.7432899326864799 ) ) ;
#7950 = EDGE_CURVE ( 'NONE', #1368, #2748, #654, .T. ) ;
#7951 = CARTESIAN_POINT ( 'NONE',  ( -29.23699137055577779, 38.44571007664789164, 212.4317796753496168 ) ) ;
#7952 =( BOUNDED_SURFACE ( )  B_SPLINE_SURFACE ( 3, 2, ( 
 ( #4264, #7850, #1154 ),
 ( #4107, #6578, #6688 ),
 ( #4753, #2257, #7888 ),
 ( #2326, #7929, #5977 ) ),
 .UNSPECIFIED., .F., .F., .F. ) 
 B_SPLINE_SURFACE_WITH_KNOTS ( ( 4, 4 ),
 ( 3, 3 ),
 ( 3.053113317719180486E-16, 0.01539158859555759228 ),
 ( 0.000000000000000000, 1.000000000000000000 ),
 .UNSPECIFIED. ) 
 GEOMETRIC_REPRESENTATION_ITEM ( )  RATIONAL_B_SPLINE_SURFACE ( (
 ( 1.000000000000000000, 0.6718120075627990184, 1.000000000000000000),
 ( 1.000000000000000000, 0.6702736048281827674, 1.000000000000000000),
 ( 1.000000000000000000, 0.6687607889740364575, 1.000000000000000000),
 ( 1.000000000000000000, 0.6672909721629045610, 1.000000000000000000) ) ) 
 REPRESENTATION_ITEM ( '' )  SURFACE ( )  );
#7953 = CARTESIAN_POINT ( 'NONE',  ( -13.31731313304985065, 40.34142002891250200, 313.2908567742186392 ) ) ;
#7954 = EDGE_CURVE ( 'NONE', #6193, #5994, #7379, .T. ) ;
#7956 = EDGE_LOOP ( 'NONE', ( #4908, #3361, #5620, #3097 ) ) ;
#7955 = CARTESIAN_POINT ( 'NONE',  ( 0.5516229335255542487, 40.48864567255063207, 109.2591131289116788 ) ) ;
#7957 = CARTESIAN_POINT ( 'NONE',  ( 0.4134831372272718131, 43.97921384610842210, 214.8085705316374572 ) ) ;
#7958 = CARTESIAN_POINT ( 'NONE',  ( 11.95892245156395362, 19.47318974129438018, -2.636757449170115120 ) ) ;
#7959 = CARTESIAN_POINT ( 'NONE',  ( 1.760686323158713096, 39.14723596962674890, 97.37217624362548918 ) ) ;
#7960 =( NAMED_UNIT ( * ) PLANE_ANGLE_UNIT ( ) SI_UNIT ( $, .RADIAN. ) );
#7961 = CARTESIAN_POINT ( 'NONE',  ( 0.1331093292844701126, 30.53684502588962246, 41.21105493416862942 ) ) ;
#7962 = FACE_OUTER_BOUND ( 'NONE', #1159, .T. ) ;
#7963 = CARTESIAN_POINT ( 'NONE',  ( -2.183279842594063158, 46.66140358861127169, 207.8100105596433593 ) ) ;
#7964 = CARTESIAN_POINT ( 'NONE',  ( 0.000000000000000000, 40.21921743771114421, 320.0002838484802510 ) ) ;
#7965 = CARTESIAN_POINT ( 'NONE',  ( -0.3936713675372361387, 37.73663366949320874, 83.62519762452127736 ) ) ;
#7966 = DIRECTION ( 'NONE',  ( -1.000000000000000000, 0.000000000000000000, 0.000000000000000000 ) ) ;
#7967 = CARTESIAN_POINT ( 'NONE',  ( 0.000000000000000000, 2.926735556036303532, 515.0430825616978154 ) ) ;
#7968 = DIRECTION ( 'NONE',  ( -8.372497766808336842E-17, -0.9999862922474268556, 0.005235963831417927289 ) ) ;
#7969 = CARTESIAN_POINT ( 'NONE',  ( 0.6364666760083895758, 46.81312030510025579, 208.4485830461287890 ) ) ;
#7970 = PLANE ( 'NONE',  #4562 ) ;
#7972 = VERTEX_POINT ( 'NONE', #7428 ) ;
#7971 = CARTESIAN_POINT ( 'NONE',  ( -1.797634613197362174, 24.83933354071738009, 4.965788233343842784 ) ) ;
#7973 = CARTESIAN_POINT ( 'NONE',  ( 1.809023071493558454, 31.93385503466649666, 49.82869087986012602 ) ) ;
#7974 = CARTESIAN_POINT ( 'NONE',  ( 2.057550515596267893, 42.21427697670294776, 133.4046606450636716 ) ) ;
#7975 = CARTESIAN_POINT ( 'NONE',  ( -0.3422424192458999870, 47.44193843079452222, 209.0582869715377399 ) ) ;
#7976 = CARTESIAN_POINT ( 'NONE',  ( 15.55331741631335696, 45.35218854345084338, 234.3705618064915370 ) ) ;
#7977 = CARTESIAN_POINT ( 'NONE',  ( -51.14854028299649258, 8.032565948868031214, 369.8610693905080211 ) ) ;
#7978 = CARTESIAN_POINT ( 'NONE',  ( -3.066662445442872365, 110.3999999999999773, 205.8542147485816258 ) ) ;
#7979 = CARTESIAN_POINT ( 'NONE',  ( -7.500000000000011546, 27.71448550444515746, 35.45677773107467345 ) ) ;
#7980 = DIRECTION ( 'NONE',  ( 0.000000000000000000, -0.9999862922474268556, 0.005235963831417927289 ) ) ;
#7981 = CARTESIAN_POINT ( 'NONE',  ( 0.000000000000000000, -1.100564968850144654, 529.4234485653213369 ) ) ;
#7982 = CARTESIAN_POINT ( 'NONE',  ( -12.93274394987873066, 37.88116739159419666, 106.4100013806602902 ) ) ;
#7983 = CARTESIAN_POINT ( 'NONE',  ( 9.623729406347049320, -10.66680710752643968, 548.6596272280612538 ) ) ;
#7984 = VERTEX_POINT ( 'NONE', #6843 ) ;
#7985 = CARTESIAN_POINT ( 'NONE',  ( 0.3811914140879481550, 41.67425747764188770, 121.1095438655142118 ) ) ;
#7986 = VERTEX_POINT ( 'NONE', #3761 ) ;
#7987 = CARTESIAN_POINT ( 'NONE',  ( 0.000000000000000000, 31.36851352753711808, 29.45516409742108621 ) ) ;
#7988 = ORIENTED_EDGE ( 'NONE', *, *, #1507, .T. ) ;
#7989 = B_SPLINE_CURVE_WITH_KNOTS ( 'NONE', 3,
 ( #3451, #2919, #2839, #5929 ),
 .UNSPECIFIED., .F., .F.,
 ( 4, 4 ),
 ( 2.775557561562891351E-17, 0.01539160202285660452 ),
 .UNSPECIFIED. ) ;
#7990 = CARTESIAN_POINT ( 'NONE',  ( 0.4745308580082530092, 42.53815482386927016, 298.1606671052002184 ) ) ;
#7992 = ORIENTED_EDGE ( 'NONE', *, *, #2526, .F. ) ;
#7991 = CARTESIAN_POINT ( 'NONE',  ( 4.291435702889102366, 40.01169818398751943, 110.2635442643581598 ) ) ;
#7993 = ADVANCED_FACE ( 'NONE', ( #4346 ), #7970, .F. ) ;
#7994 = CARTESIAN_POINT ( 'NONE',  ( 84.37654678365758798, 7.016731582859186744, 78.37539727634437270 ) ) ;
#7995 = CARTESIAN_POINT ( 'NONE',  ( -2.187377882989505196E-14, 43.63286535125890708, 158.6936551324427569 ) ) ;
#7996 = CARTESIAN_POINT ( 'NONE',  ( -8.966662445441944129, 43.11822529551508154, 210.9061484357024199 ) ) ;
#7997 = CARTESIAN_POINT ( 'NONE',  ( 19.87111428847631700, 41.59779945087804975, 125.6496688811246401 ) ) ;
#7998 = CARTESIAN_POINT ( 'NONE',  ( -3.639036235360200600, 47.18444691124370394, 206.7039428277669231 ) ) ;
#7999 = CARTESIAN_POINT ( 'NONE',  ( 39.35302601131734690, 13.53690614029605221, 413.1562519541586767 ) ) ;
#8000 = CARTESIAN_POINT ( 'NONE',  ( 1.344655786032070255, 36.27812597804063444, 75.20879133397950511 ) ) ;
#8001 = CARTESIAN_POINT ( 'NONE',  ( 5.464736131164349864, 43.50860587325603746, 212.4283771824704843 ) ) ;
#8002 = DIRECTION ( 'NONE',  ( 0.000000000000000000, -0.9999862922474268556, 0.005235963831417927289 ) ) ;
#8003 = LINE ( 'NONE', #6726, #5721 ) ;
#8004 = DIRECTION ( 'NONE',  ( 0.000000000000000000, -0.9999914654931695290, 0.004131457469608316481 ) ) ;
#8005 = CARTESIAN_POINT ( 'NONE',  ( -1.146769735279868030, 43.81174109905075653, 208.3811568086220802 ) ) ;
#8006 = ORIENTED_EDGE ( 'NONE', *, *, #919, .F. ) ;
#8007 = CARTESIAN_POINT ( 'NONE',  ( 7.885465724467748849, 31.18425548383369517, 52.46377024075248130 ) ) ;
#8008 = VERTEX_POINT ( 'NONE', #6093 ) ;
#8009 = CARTESIAN_POINT ( 'NONE',  ( -30.87935607512158143, 37.21785268815082759, 167.1869972658380448 ) ) ;
#8010 = CARTESIAN_POINT ( 'NONE',  ( -0.3110259915201076253, 43.09041273430165120, 144.9223653447606068 ) ) ;
#8011 = CARTESIAN_POINT ( 'NONE',  ( 0.002355746092024465881, 47.47931637357040557, 208.4485850156316928 ) ) ;
#8012 = CARTESIAN_POINT ( 'NONE',  ( 47.38663189115487739, 17.64475135442224030, 308.9228235057746019 ) ) ;
#8013 = CARTESIAN_POINT ( 'NONE',  ( -2.562172481296778770, -9.718372356699223502, 557.8072730852924224 ) ) ;
#8014 = CARTESIAN_POINT ( 'NONE',  ( 2.558717127065790464E-14, 46.86728270824515619, 208.4485850156316360 ) ) ;
#8015 = CARTESIAN_POINT ( 'NONE',  ( 3.146896805639176620E-14, 41.87538907178089431, 125.6496688811249385 ) ) ;
#8016 = CARTESIAN_POINT ( 'NONE',  ( 0.000000000000000000, -8.823511411159953965, 555.1857276250582345 ) ) ;
#8017 = CARTESIAN_POINT ( 'NONE',  ( -0.3954501737255573524, 39.60302788829637421, 100.7068774190848046 ) ) ;
#8018 = CARTESIAN_POINT ( 'NONE',  ( -22.77378101143937172, 28.15462770287103211, 41.62448258700321446 ) ) ;
#8019 = ORIENTED_EDGE ( 'NONE', *, *, #7096, .T. ) ;
#8020 = CARTESIAN_POINT ( 'NONE',  ( -7.245996285987792440, 39.55526987849059140, 111.6056170717010616 ) ) ;
#8021 = ORIENTED_EDGE ( 'NONE', *, *, #1408, .F. ) ;
#8022 = CARTESIAN_POINT ( 'NONE',  ( -9.650457210473206260, 42.47422119080876257, 108.3197917343866408 ) ) ;
#8023 = ORIENTED_EDGE ( 'NONE', *, *, #3708, .T. ) ;
#8024 = CARTESIAN_POINT ( 'NONE',  ( 0.4709684984625378545, 38.87613762590805067, 332.0055123804244204 ) ) ;
#8026 = VERTEX_POINT ( 'NONE', #6811 ) ;
#8025 = CARTESIAN_POINT ( 'NONE',  ( 22.96208557689748275, 37.71301899736980090, 131.1067646488394587 ) ) ;
#8027 = CARTESIAN_POINT ( 'NONE',  ( 0.5467707093791137618, 40.43075903291792628, 109.1743138462541935 ) ) ;
#8028 = CARTESIAN_POINT ( 'NONE',  ( -2.135072372851847700, 47.39169403176668283, 187.6655854616839179 ) ) ;
#8029 = CARTESIAN_POINT ( 'NONE',  ( -2.600022395107888684, 31.67003230040083039, 29.63291989188160258 ) ) ;
#8030 = CARTESIAN_POINT ( 'NONE',  ( 0.000000000000000000, 47.46908510132400494, 209.0584537857835414 ) ) ;
#8031 = CARTESIAN_POINT ( 'NONE',  ( 2.603968909317082589E-14, 46.94747019700833590, 208.4485850156316360 ) ) ;
#8032 = VECTOR ( 'NONE', #6592, 1000.000000000000000 ) ;
#8033 = CARTESIAN_POINT ( 'NONE',  ( 15.94736875620380090, 42.52846082815342754, 125.6496688811248106 ) ) ;
#8034 = CARTESIAN_POINT ( 'NONE',  ( 1.766877480964753611, 28.41324036064381175, 17.19561693595092322 ) ) ;
ENDSEC;
END-ISO-10303-21;
