ISO-10303-21;
HEADER;
FILE_DESCRIPTION (( 'STEP AP214' ),
    '1' );
FILE_NAME ();
FILE_SCHEMA (( 'AUTOMOTIVE_DESIGN' ));
ENDSEC;

DATA;
#1 = ORIENTED_EDGE ( 'NONE', *, *, #213, .F. ) ;
#2 = CARTESIAN_POINT ( 'NONE',  ( 4.794837220817689705, 39.07387076540900495, 297.1387926429225104 ) ) ;
#3 = DIRECTION ( 'NONE',  ( -1.000000000000000000, 1.032216994246328461E-12, -5.341023129373435147E-12 ) ) ;
#4 = CARTESIAN_POINT ( 'NONE',  ( 0.000000000000000000, 0.000000000000000000, 331.4493103031246051 ) ) ;
#5 = CARTESIAN_POINT ( 'NONE',  ( -41.28137124406438119, 30.51880933781948713, 274.0085369962646382 ) ) ;
#6 = CARTESIAN_POINT ( 'NONE',  ( 2.331263078060942462, 10.18293184117968941, 486.7884037760323963 ) ) ;
#7 = DIRECTION ( 'NONE',  ( 0.000000000000000000, 1.000000000000000000, 0.000000000000000000 ) ) ;
#8 = EDGE_LOOP ( 'NONE', ( #3762, #8128, #6302, #2083 ) ) ;
#9 = CARTESIAN_POINT ( 'NONE',  ( 56.33277253066618329, -0.7343208053013621228, 208.3958578420063645 ) ) ;
#10 = CARTESIAN_POINT ( 'NONE',  ( 0.01039337678575912548, 26.16357771467291116, 413.8493118463000542 ) ) ;
#11 = CARTESIAN_POINT ( 'NONE',  ( 22.37390703695765737, 34.39322332286107553, 316.0914593826435066 ) ) ;
#12 = CARTESIAN_POINT ( 'NONE',  ( -18.25149384790075757, 39.67171895209038723, 267.3647874866828715 ) ) ;
#13 = CARTESIAN_POINT ( 'NONE',  ( 0.000000000000000000, 40.74795199264384848, 79.83585004708851329 ) ) ;
#14 = CARTESIAN_POINT ( 'NONE',  ( -35.66697731966415574, -11.64039430091011873, 495.5372216640326997 ) ) ;
#15 = CARTESIAN_POINT ( 'NONE',  ( 5.114281530494254824, 42.14762749882600446, 254.3421020566665618 ) ) ;
#16 = CARTESIAN_POINT ( 'NONE',  ( 1.848321708431225563, 47.83361918596382623, 180.4427191032446558 ) ) ;
#17 = CARTESIAN_POINT ( 'NONE',  ( 2.157746065596713780, 47.43923580062173784, 180.7376766213325539 ) ) ;
#18 = CARTESIAN_POINT ( 'NONE',  ( -21.76892269326260987, 21.31464431961412842, 394.7699973128691795 ) ) ;
#19 = CARTESIAN_POINT ( 'NONE',  ( 8.280529986109206320, 45.25048333086792240, 255.0493124279346659 ) ) ;
#20 = CARTESIAN_POINT ( 'NONE',  ( -3.852346730902185268, 33.45585422306753998, 346.6478289731402356 ) ) ;
#21 = CARTESIAN_POINT ( 'NONE',  ( 149.9999999999992042, -3.609269300846623008, 431.4188600312683661 ) ) ;
#22 = CARTESIAN_POINT ( 'NONE',  ( -3.340573480010778695, -14.94576865527262655, -66.08754007650293261 ) ) ;
#23 = CARTESIAN_POINT ( 'NONE',  ( -1.483479907508673756, 36.60186853936151863, 321.6826986261825709 ) ) ;
#24 = CARTESIAN_POINT ( 'NONE',  ( 10.24806767203980762, 23.47944510489982761, 402.6043373784242476 ) ) ;
#25 = CARTESIAN_POINT ( 'NONE',  ( 8.059105013938532736, 35.88638318914242831, 325.5139621395641711 ) ) ;
#26 = CARTESIAN_POINT ( 'NONE',  ( -150.0000000000000284, 1.252786731943029253, 209.9251019480679190 ) ) ;
#27 = CYLINDRICAL_SURFACE ( 'NONE', #3131, 3.000000000000036859 ) ;
#28 = CARTESIAN_POINT ( 'NONE',  ( -3.066662445442837726, 43.38720806061535740, 279.3396071913397236 ) ) ;
#29 = ORIENTED_EDGE ( 'NONE', *, *, #3637, .F. ) ;
#30 = VERTEX_POINT ( 'NONE', #6731 ) ;
#31 = CARTESIAN_POINT ( 'NONE',  ( 44.49566077598581870, 36.56622561671095895, 287.9162384457418966 ) ) ;
#32 = DIRECTION ( 'NONE',  ( 0.000000000000000000, 0.07497872682632375496, -0.9971851335251161741 ) ) ;
#33 = CARTESIAN_POINT ( 'NONE',  ( -0.02586367085179202413, 29.01311687986347465, 377.4636812631597422 ) ) ;
#34 = CARTESIAN_POINT ( 'NONE',  ( -29.68926043676790982, 34.47577910114835475, 287.7225481717809430 ) ) ;
#35 = CARTESIAN_POINT ( 'NONE',  ( 2.605572066350098748, 36.92961970250381398, 318.6128355119145112 ) ) ;
#36 = CARTESIAN_POINT ( 'NONE',  ( 42.37718265838817899, 30.86041484066960550, 262.7713318501528761 ) ) ;
#37 = CARTESIAN_POINT ( 'NONE',  ( 48.93205100325172197, 30.65684697914166534, 280.3525527939733024 ) ) ;
#38 = CARTESIAN_POINT ( 'NONE',  ( -8.280529986109206320, 45.25048333086792240, 255.0493124279346659 ) ) ;
#39 = CARTESIAN_POINT ( 'NONE',  ( -6.733608421923275245, 13.22468183324905233, 471.8275841911045632 ) ) ;
#40 = CARTESIAN_POINT ( 'NONE',  ( -30.22134598880033707, 22.55377210642732067, 371.2591114627239790 ) ) ;
#41 = CARTESIAN_POINT ( 'NONE',  ( -0.2430473675351488561, 35.53071989827463284, 330.8729260383776705 ) ) ;
#42 = ORIENTED_EDGE ( 'NONE', *, *, #3285, .T. ) ;
#43 = VECTOR ( 'NONE', #2885, 1000.000000000000000 ) ;
#44 = EDGE_CURVE ( 'NONE', #8811, #7409, #5646, .T. ) ;
#45 = CARTESIAN_POINT ( 'NONE',  ( -18.87043270282358165, 35.38126207994288563, 315.9672301349427244 ) ) ;
#46 = ORIENTED_EDGE ( 'NONE', *, *, #6831, .F. ) ;
#47 = CARTESIAN_POINT ( 'NONE',  ( 1.486565392691027387, 38.38932629817583830, 305.1903126770006907 ) ) ;
#48 = CARTESIAN_POINT ( 'NONE',  ( -31.74507025420458106, 16.90482104757840531, 392.7484293493375844 ) ) ;
#49 = CARTESIAN_POINT ( 'NONE',  ( 3.666662445442834262, 44.45300068828723283, 263.9480980988757892 ) ) ;
#50 = CARTESIAN_POINT ( 'NONE',  ( -8.962452841599544584, 42.17411262267275163, 246.7723783973673903 ) ) ;
#51 = VECTOR ( 'NONE', #7, 1000.000000000000000 ) ;
#52 = CARTESIAN_POINT ( 'NONE',  ( 2.005225952241261655, 23.00456069334608245, 429.7794286210721566 ) ) ;
#53 = EDGE_CURVE ( 'NONE', #30, #2788, #6059, .T. ) ;
#54 = CARTESIAN_POINT ( 'NONE',  ( -6.360348988454734176, 37.69151333720613195, 310.2024370132181161 ) ) ;
#55 = ORIENTED_EDGE ( 'NONE', *, *, #4017, .T. ) ;
#56 = CARTESIAN_POINT ( 'NONE',  ( 0.000000000000000000, 4.829427991817969890, -41.35103106569409448 ) ) ;
#57 = CARTESIAN_POINT ( 'NONE',  ( 3.441664271283673138E-14, 41.95769921937832692, 261.3537278318257222 ) ) ;
#58 = EDGE_CURVE ( 'NONE', #134, #7809, #3660, .T. ) ;
#59 = CARTESIAN_POINT ( 'NONE',  ( 6.778492668894985584, 36.98512524090110531, 316.6350583115956283 ) ) ;
#60 = CARTESIAN_POINT ( 'NONE',  ( -44.17636690321285187, 28.12182349060950770, 287.4621672562522008 ) ) ;
#61 = CARTESIAN_POINT ( 'NONE',  ( -2.764266699687509821, 40.40007119318590156, 79.70911587689846556 ) ) ;
#62 = CARTESIAN_POINT ( 'NONE',  ( -35.61029944830622895, -13.34155306713987343, 501.3379992237896090 ) ) ;
#63 = CARTESIAN_POINT ( 'NONE',  ( 1.901613701350220564, 41.82757994458633988, 262.3170731420317452 ) ) ;
#64 = CARTESIAN_POINT ( 'NONE',  ( -5.833484303085390010, 40.14202268965824771, 320.0000000000000568 ) ) ;
#65 = CARTESIAN_POINT ( 'NONE',  ( 52.53891573317806518, 18.24069168520677664, 252.3546242644533777 ) ) ;
#66 = VECTOR ( 'NONE', #7533, 1000.000000000000000 ) ;
#67 = CARTESIAN_POINT ( 'NONE',  ( -36.70973641073500460, 15.40661157400131209, 388.8475170408391364 ) ) ;
#68 = CARTESIAN_POINT ( 'NONE',  ( 42.75445932639104285, 25.75585501620750151, 331.4493103031246051 ) ) ;
#69 = CARTESIAN_POINT ( 'NONE',  ( -1.407859591519782461, 32.39964442547640289, 354.6512177563295154 ) ) ;
#70 = CARTESIAN_POINT ( 'NONE',  ( -1.462097396393197579, -8.755891532203142091, 555.1105562664688478 ) ) ;
#71 = CARTESIAN_POINT ( 'NONE',  ( 5.458102805490555376, 41.02474894761350299, 273.7028173662266113 ) ) ;
#72 = CARTESIAN_POINT ( 'NONE',  ( -0.5283345331162618841, 36.60765521546395007, 321.6924575625919829 ) ) ;
#73 = CARTESIAN_POINT ( 'NONE',  ( 13.08347402637241608, 23.08727797370003287, 400.8631180463175951 ) ) ;
#74 = CARTESIAN_POINT ( 'NONE',  ( 1.854059747382387879, 35.17805025994253754, 333.6643906994105464 ) ) ;
#75 = CARTESIAN_POINT ( 'NONE',  ( 0.9510654338689736864, -5.798701977451038658, -56.53318865688525818 ) ) ;
#76 = CARTESIAN_POINT ( 'NONE',  ( 43.75445932639104285, 25.75585501620750151, 334.4493103031246051 ) ) ;
#77 = CARTESIAN_POINT ( 'NONE',  ( -1.298303087016404511, 25.30134261839244658, 399.3350550220356467 ) ) ;
#78 = ORIENTED_EDGE ( 'NONE', *, *, #4085, .T. ) ;
#79 = EDGE_LOOP ( 'NONE', ( #7386, #7206, #3597, #4910, #5328, #6855, #7861, #4488, #1573, #1031, #5700, #6512, #2642 ) ) ;
#80 = CARTESIAN_POINT ( 'NONE',  ( -0.4892629760207006240, 44.45612882444888214, 275.6643461148192387 ) ) ;
#81 = CARTESIAN_POINT ( 'NONE',  ( 19.35674133744920766, 28.31877764964174560, 364.4354425449736254 ) ) ;
#82 = CARTESIAN_POINT ( 'NONE',  ( -15.47469163025382954, 39.16203449275623427, 282.7235642050479782 ) ) ;
#83 = CARTESIAN_POINT ( 'NONE',  ( 22.36573075125472698, 34.14757010864725117, 318.3129415589142468 ) ) ;
#84 = DIRECTION ( 'NONE',  ( 0.000000000000000000, 1.000000000000000000, 0.000000000000000000 ) ) ;
#85 = DIRECTION ( 'NONE',  ( 0.000000000000000000, -1.000000000000000000, 0.000000000000000000 ) ) ;
#86 = CARTESIAN_POINT ( 'NONE',  ( 150.0000000000000284, 4.861445216433631700, 214.0141223977753668 ) ) ;
#87 = CARTESIAN_POINT ( 'NONE',  ( -2.331263078060942462, 10.18293184117968941, 486.7884037760323963 ) ) ;
#88 = CARTESIAN_POINT ( 'NONE',  ( -7.526780253751312877, 28.78305962243811322, 375.8055985015348597 ) ) ;
#89 = CARTESIAN_POINT ( 'NONE',  ( 11.14819786468067520, 34.05634799499522813, 338.0148138927427226 ) ) ;
#90 = VERTEX_POINT ( 'NONE', #2584 ) ;
#91 = CARTESIAN_POINT ( 'NONE',  ( -4.043188603561760353, 37.33373042571405875, 314.5559081867251052 ) ) ;
#92 = CARTESIAN_POINT ( 'NONE',  ( 6.112820768119901160, 37.34773967685080009, 313.6020345794749460 ) ) ;
#93 = CARTESIAN_POINT ( 'NONE',  ( 0.003294345898725401563, 37.16042184082672861, 334.4493103031246051 ) ) ;
#94 = CARTESIAN_POINT ( 'NONE',  ( 0.000000000000000000, 23.25966121672881570, 402.6247220052615035 ) ) ;
#95 = CARTESIAN_POINT ( 'NONE',  ( -9.171394087895098579, 42.46311117462106921, 237.9665775547480280 ) ) ;
#96 = EDGE_CURVE ( 'NONE', #1940, #1957, #1199, .T. ) ;
#97 = CARTESIAN_POINT ( 'NONE',  ( 6.487160277154800703, 19.72214760585052673, 443.3057579004467357 ) ) ;
#98 = CARTESIAN_POINT ( 'NONE',  ( -0.9462317272739826368, 1.580906215184355590, -46.59094046645357423 ) ) ;
#99 = CARTESIAN_POINT ( 'NONE',  ( -43.94517192328951438, 30.07594613041732146, 264.6402178228379398 ) ) ;
#100 = CARTESIAN_POINT ( 'NONE',  ( 4.749465484803673476, 37.08827747232979277, 316.6016367641133229 ) ) ;
#101 = CARTESIAN_POINT ( 'NONE',  ( -1.083673773743356383, 42.42478592984301144, 253.3558528439345139 ) ) ;
#102 = CARTESIAN_POINT ( 'NONE',  ( -50.87203371489453474, 19.93273469430910438, 264.0063586441475536 ) ) ;
#104 = EDGE_CURVE ( 'NONE', #3635, #3634, #5198, .T. ) ;
#103 = CARTESIAN_POINT ( 'NONE',  ( -0.000000000000000000, 43.84689262819022559, 282.4163233876714116 ) ) ;
#105 = CARTESIAN_POINT ( 'NONE',  ( -0.5922324637856831719, 41.94078955616368631, 261.9100130706390814 ) ) ;
#106 = EDGE_CURVE ( 'NONE', #1193, #1002, #8846, .T. ) ;
#107 = CARTESIAN_POINT ( 'NONE',  ( 53.35623814217884586, 16.83228722618856921, 246.4189050667629601 ) ) ;
#108 = CARTESIAN_POINT ( 'NONE',  ( -3.879983778705418551, 22.68251344347784126, 412.5671631886814339 ) ) ;
#109 = LINE ( 'NONE', #5662, #4091 ) ;
#110 = CARTESIAN_POINT ( 'NONE',  ( -8.829894809291452873, 32.13650527650658262, 353.4324914961387663 ) ) ;
#111 = CARTESIAN_POINT ( 'NONE',  ( 7.192754217908762904, -10.02745025890519770, 556.6295491338239572 ) ) ;
#112 = AXIS2_PLACEMENT_3D ( 'NONE', #4441, #7174, #416 ) ;
#113 = CARTESIAN_POINT ( 'NONE',  ( -56.42444719532452524, -4.100048717234659357, 204.2233583779163268 ) ) ;
#114 = CARTESIAN_POINT ( 'NONE',  ( -3.332410856662358256, 36.79868989192144824, 319.6323653058885270 ) ) ;
#115 = CARTESIAN_POINT ( 'NONE',  ( 1.053675059288652127, 21.45037927530103161, 420.1181084334484126 ) ) ;
#116 = CARTESIAN_POINT ( 'NONE',  ( 7.416344295251965590, 34.99577664867430826, 333.2727651267506417 ) ) ;
#117 = CARTESIAN_POINT ( 'NONE',  ( -56.38420455136408549, -2.341849795747153795, 206.2968260904183353 ) ) ;
#118 = CARTESIAN_POINT ( 'NONE',  ( 3.066662445442833729, 41.65491474906183811, 263.9480980988759597 ) ) ;
#119 = CARTESIAN_POINT ( 'NONE',  ( -3.697024062231994534, 45.05106493880018093, 263.9854789025636137 ) ) ;
#120 = CIRCLE ( 'NONE', #5017, 1.000000000000000888 ) ;
#121 = VERTEX_POINT ( 'NONE', #6685 ) ;
#122 = ORIENTED_EDGE ( 'NONE', *, *, #4241, .F. ) ;
#123 = CARTESIAN_POINT ( 'NONE',  ( 56.11130722957283723, 35.86224107201260836, 219.6474666994794234 ) ) ;
#124 = CARTESIAN_POINT ( 'NONE',  ( -42.93617819007805281, 23.65403478379245783, 332.0098275666802579 ) ) ;
#125 = CARTESIAN_POINT ( 'NONE',  ( 0.4537933133701487209, 27.83957669232613696, 384.7720695895624772 ) ) ;
#126 = CARTESIAN_POINT ( 'NONE',  ( -8.466074827272809245, 40.78867155732476135, 272.5667186584050228 ) ) ;
#127 = CARTESIAN_POINT ( 'NONE',  ( 2.605431075564638821, 36.87278776204196618, 319.1229100403430721 ) ) ;
#128 = PLANE ( 'NONE',  #3360 ) ;
#129 = FACE_OUTER_BOUND ( 'NONE', #3721, .T. ) ;
#130 = CARTESIAN_POINT ( 'NONE',  ( 86.91359524864041930, -11.34795942607654595, 48.66319268689352384 ) ) ;
#131 = CARTESIAN_POINT ( 'NONE',  ( -36.87704838372232530, 0.06862354129085444787, 457.0708091009332747 ) ) ;
#132 = CARTESIAN_POINT ( 'NONE',  ( -3.854725433135243851, 28.95460664262590456, 376.7885611111496473 ) ) ;
#133 = CARTESIAN_POINT ( 'NONE',  ( 14.21586629092771936, 32.64001926578706758, 345.0007856508914870 ) ) ;
#134 = VERTEX_POINT ( 'NONE', #8751 ) ;
#135 = CARTESIAN_POINT ( 'NONE',  ( -32.02915911419848527, 30.58346142164168668, 315.6627984759884384 ) ) ;
#136 = CARTESIAN_POINT ( 'NONE',  ( 18.93312013278735506, 36.36330084524848161, 306.7371163142128694 ) ) ;
#137 = CARTESIAN_POINT ( 'NONE',  ( 2.052071749612309759, 43.23460876173472656, 281.4026425630171957 ) ) ;
#138 = CARTESIAN_POINT ( 'NONE',  ( 1.203986708643585412E-14, 40.47442735768318300, 281.9339774583896769 ) ) ;
#139 = CARTESIAN_POINT ( 'NONE',  ( -48.93205100325172197, 27.03297327124139926, 280.3525527939733024 ) ) ;
#140 = CARTESIAN_POINT ( 'NONE',  ( 35.77127347892401588, -9.639532146028656712, 488.8322980861877340 ) ) ;
#141 = CARTESIAN_POINT ( 'NONE',  ( -2.650316221447130527, 28.51110833786872334, 17.25647961524052931 ) ) ;
#142 = CARTESIAN_POINT ( 'NONE',  ( -18.66928154870921475, 19.45738059915267115, 408.3592809473398120 ) ) ;
#143 = CARTESIAN_POINT ( 'NONE',  ( 18.86710673796456561, 35.28033482550770827, 316.8862829887062844 ) ) ;
#144 = CARTESIAN_POINT ( 'NONE',  ( -1.496880299119806246, 41.84935665084347534, 262.2367003192279071 ) ) ;
#145 = CARTESIAN_POINT ( 'NONE',  ( -6.087201789984794331, 44.18919659100005504, 276.7467911875064033 ) ) ;
#146 = CARTESIAN_POINT ( 'NONE',  ( 0.000000000000000000, 28.68763915894097494, 400.1403184056283067 ) ) ;
#147 = CARTESIAN_POINT ( 'NONE',  ( 5.779331942803774602, 41.56346722915218095, 263.2288880611749278 ) ) ;
#148 = CARTESIAN_POINT ( 'NONE',  ( -1.467788928062101705, 44.48375703246001933, 275.5401249740329490 ) ) ;
#149 = CARTESIAN_POINT ( 'NONE',  ( -6.277951050115532006, 23.86758401926963558, 404.7363086534758736 ) ) ;
#150 = CARTESIAN_POINT ( 'NONE',  ( 2.145165295397433169E-08, 45.74766521858110480, 255.0493127239866169 ) ) ;
#151 = CARTESIAN_POINT ( 'NONE',  ( -33.86320119218772362, 26.50009083005166843, 340.4312356614208284 ) ) ;
#152 = CARTESIAN_POINT ( 'NONE',  ( 35.66697731966415574, -11.64039430091011873, 495.5372216640326997 ) ) ;
#153 = ADVANCED_FACE ( 'NONE', ( #5339 ), #1909, .F. ) ;
#154 = EDGE_CURVE ( 'NONE', #358, #134, #8680, .T. ) ;
#155 = CARTESIAN_POINT ( 'NONE',  ( -0.000000000000000000, -10.00000000000000000, -61.05776287854492068 ) ) ;
#156 = CARTESIAN_POINT ( 'NONE',  ( -25.60194041127298803, 32.44422689751168321, 323.0480712601962523 ) ) ;
#157 = CARTESIAN_POINT ( 'NONE',  ( 2.571617885735974163, 21.38990772674226903, 419.8720023215627180 ) ) ;
#158 = CARTESIAN_POINT ( 'NONE',  ( 14.89482027540842779, 34.19190893977533108, 332.6089626633171292 ) ) ;
#159 = CARTESIAN_POINT ( 'NONE',  ( -12.37917598823336540, 4.075400731689930112, -36.12926134960945035 ) ) ;
#160 = CARTESIAN_POINT ( 'NONE',  ( -5.464782804720353049, 41.98730818261890363, 256.1918974770094906 ) ) ;
#161 = CARTESIAN_POINT ( 'NONE',  ( 2.054704850190767207, 41.84796323914623173, 261.8870331404226590 ) ) ;
#162 = ORIENTED_EDGE ( 'NONE', *, *, #8306, .T. ) ;
#163 = ORIENTED_EDGE ( 'NONE', *, *, #1191, .F. ) ;
#164 = CARTESIAN_POINT ( 'NONE',  ( 149.9999999999993463, 17.39257541835625176, 283.2293150073691663 ) ) ;
#165 = EDGE_CURVE ( 'NONE', #333, #3818, #485, .T. ) ;
#166 = DIRECTION ( 'NONE',  ( -0.9998541083274645747, -0.01708104389933487802, -2.250463315092626710E-13 ) ) ;
#167 = CARTESIAN_POINT ( 'NONE',  ( -0.1025561038603410163, 26.63229138933090567, 392.0685722495397272 ) ) ;
#168 = CARTESIAN_POINT ( 'NONE',  ( 47.83101689446886695, 23.57708041821872413, 319.2981388624024817 ) ) ;
#169 = LINE ( 'NONE', #6134, #955 ) ;
#170 = CARTESIAN_POINT ( 'NONE',  ( -0.003294345898725401563, 37.16042184082672861, 331.4493103031246051 ) ) ;
#171 = CARTESIAN_POINT ( 'NONE',  ( 38.78568941404829928, 36.37538886062574761, 259.6174170682933209 ) ) ;
#172 = CARTESIAN_POINT ( 'NONE',  ( 12.37917598823336540, 4.075400731689930112, -36.12926134960945035 ) ) ;
#173 = CARTESIAN_POINT ( 'NONE',  ( 2.194752706739981907, -9.508866867582225879, 557.5849067725088162 ) ) ;
#174 = CARTESIAN_POINT ( 'NONE',  ( 0.1609494055648549582, 30.18302221746124658, 370.1074716056619991 ) ) ;
#175 = CARTESIAN_POINT ( 'NONE',  ( 13.22274308996712655, 32.78518059678437879, 345.1900808707785018 ) ) ;
#176 = B_SPLINE_CURVE_WITH_KNOTS ( 'NONE', 3,
 ( #7157, #8635, #1839, #3740 ),
 .UNSPECIFIED., .F., .F.,
 ( 4, 4 ),
 ( 0.2908455870965089840, 0.3162801320694683116 ),
 .UNSPECIFIED. ) ;
#177 = ORIENTED_EDGE ( 'NONE', *, *, #4901, .T. ) ;
#178 = CARTESIAN_POINT ( 'NONE',  ( -22.44608577950185335, 35.34350814463670076, 307.1654809312062184 ) ) ;
#179 = CARTESIAN_POINT ( 'NONE',  ( 3.342998375929917554, 38.34190832545486671, 305.3176140943751875 ) ) ;
#180 = DIRECTION ( 'NONE',  ( -1.000000000000000000, 0.000000000000000000, 0.000000000000000000 ) ) ;
#181 = PLANE ( 'NONE',  #6534 ) ;
#182 = CARTESIAN_POINT ( 'NONE',  ( -1.203986708643585412E-14, 40.47442735768318300, 281.9339774583896769 ) ) ;
#183 = CARTESIAN_POINT ( 'NONE',  ( -0.7315842355799940799, -9.573308037895744249, 557.6533037653249494 ) ) ;
#184 = APPLICATION_PROTOCOL_DEFINITION ( 'draft international standard', 'automotive_design', 1998, #6865 ) ;
#185 = CARTESIAN_POINT ( 'NONE',  ( -1.878238518609093521, 8.033333812045590605, -35.84821112819088995 ) ) ;
#186 = AXIS2_PLACEMENT_3D ( 'NONE', #3049, #2965, #7061 ) ;
#187 = CARTESIAN_POINT ( 'NONE',  ( -2.605901902264066816, 37.04272833714330204, 317.5914485432086281 ) ) ;
#188 = CARTESIAN_POINT ( 'NONE',  ( 0.000000000000000000, 42.53272745866301818, 298.2006047040866861 ) ) ;
#189 = CARTESIAN_POINT ( 'NONE',  ( -3.066662445442841722, 45.08294164887544753, 263.9874712922451181 ) ) ;
#190 = ORIENTED_EDGE ( 'NONE', *, *, #1307, .T. ) ;
#191 = CARTESIAN_POINT ( 'NONE',  ( 31.12240087730555516, 35.54158181093155378, 266.9807346957304617 ) ) ;
#192 = AXIS2_PLACEMENT_3D ( 'NONE', #3295, #637, #6817 ) ;
#193 = CARTESIAN_POINT ( 'NONE',  ( -1.083397896708238717, 47.10800371953739329, 228.9848588130912788 ) ) ;
#194 = CARTESIAN_POINT ( 'NONE',  ( -0.6413864210826905055, 25.36622428858276024, 399.0881842023986792 ) ) ;
#195 = LINE ( 'NONE', #280, #7808 ) ;
#196 = CARTESIAN_POINT ( 'NONE',  ( -14.28336427616476989, 33.66316741490159359, 337.6118002790204287 ) ) ;
#197 = CARTESIAN_POINT ( 'NONE',  ( 0.000000000000000000, -9.999999999999710454, 558.9422371214541272 ) ) ;
#198 = CARTESIAN_POINT ( 'NONE',  ( 1.904146327908672554, -8.520320594203820264, -59.57409022259488296 ) ) ;
#199 = CARTESIAN_POINT ( 'NONE',  ( -16.99517643840933800, 35.39844600091342386, 319.6349484497376920 ) ) ;
#200 = CARTESIAN_POINT ( 'NONE',  ( 9.014391379556844441, 20.88382332184651702, 416.8656314731919679 ) ) ;
#201 = CARTESIAN_POINT ( 'NONE',  ( 0.1363449537741289741, 35.66553047750277017, 329.8042875596768226 ) ) ;
#202 = CARTESIAN_POINT ( 'NONE',  ( 0.000000000000000000, 11.73449225725467926, -28.51670946738130752 ) ) ;
#203 = CARTESIAN_POINT ( 'NONE',  ( 2.998894493888414559, 44.80554920341130298, 263.2685888364569564 ) ) ;
#204 = CARTESIAN_POINT ( 'NONE',  ( -7.500000000000000000, 24.36919056684536145, 400.8369885875870864 ) ) ;
#205 = VERTEX_POINT ( 'NONE', #7634 ) ;
#206 = ORIENTED_EDGE ( 'NONE', *, *, #970, .T. ) ;
#207 = EDGE_CURVE ( 'NONE', #5632, #3635, #558, .T. ) ;
#208 = CARTESIAN_POINT ( 'NONE',  ( -0.4786979759498021236, 36.01088700303149182, 354.5695205588957037 ) ) ;
#209 = CARTESIAN_POINT ( 'NONE',  ( -1.098360861419171552, 34.69006166034476735, 337.5978872668983968 ) ) ;
#210 = CARTESIAN_POINT ( 'NONE',  ( 36.94184215808404304, 20.09463062793598098, 367.5587811426929079 ) ) ;
#211 = CARTESIAN_POINT ( 'NONE',  ( 2.605312738557996610, 36.81566137405391714, 319.6325411854656409 ) ) ;
#212 = CARTESIAN_POINT ( 'NONE',  ( -43.44725204242224237, 22.20490192500570359, 341.1764560742331014 ) ) ;
#213 = EDGE_CURVE ( 'NONE', #4052, #6469, #8120, .T. ) ;
#214 = CARTESIAN_POINT ( 'NONE',  ( 30.95556465190999873, 36.31035533139619531, 255.8511747467263717 ) ) ;
#215 = CARTESIAN_POINT ( 'NONE',  ( 45.13153351253470191, 33.15934135980342035, 266.3389940381636052 ) ) ;
#216 = CARTESIAN_POINT ( 'NONE',  ( 0.000000000000000000, 4.829427991817969890, -41.35103106569409448 ) ) ;
#217 = CARTESIAN_POINT ( 'NONE',  ( -9.623729406347049320, -10.66680710752643968, 548.6596272280612538 ) ) ;
#218 = CARTESIAN_POINT ( 'NONE',  ( -0.2771731309760894213, 30.18334288121091546, 370.0500281355811580 ) ) ;
#219 = CARTESIAN_POINT ( 'NONE',  ( 14.28336427616476989, 33.66316741490159359, 337.6118002790204287 ) ) ;
#220 = VERTEX_POINT ( 'NONE', #4766 ) ;
#221 = CARTESIAN_POINT ( 'NONE',  ( -2.612731037275008550, 38.36471892637778325, 305.2660889789474368 ) ) ;
#222 = CARTESIAN_POINT ( 'NONE',  ( 5.455589808022631715, 38.24893086695072952, 305.4731909966652665 ) ) ;
#223 = CARTESIAN_POINT ( 'NONE',  ( 15.58462099615025132, 37.72181005531398768, 331.4493103031246051 ) ) ;
#224 = DIRECTION ( 'NONE',  ( 1.000000000000000000, 0.000000000000000000, 5.341023129373435147E-12 ) ) ;
#225 = CARTESIAN_POINT ( 'NONE',  ( -17.10400581979383006, 41.11891636700752883, 241.6098267947162412 ) ) ;
#226 = CARTESIAN_POINT ( 'NONE',  ( -149.9999999999997442, 16.89020687609928828, 297.3968004075345561 ) ) ;
#227 = CARTESIAN_POINT ( 'NONE',  ( 149.9999999999998579, -5.139754097654222420, 439.4216061485305431 ) ) ;
#228 = CARTESIAN_POINT ( 'NONE',  ( 3.094001100202671495, 27.87474874546403569, 16.86073679022653593 ) ) ;
#229 = CARTESIAN_POINT ( 'NONE',  ( -7.429786971156446818, 36.88828310179026460, 317.1449860124923248 ) ) ;
#230 = CARTESIAN_POINT ( 'NONE',  ( -47.38663189115487739, 17.64475135442224030, 308.9228235057746019 ) ) ;
#231 = CARTESIAN_POINT ( 'NONE',  ( -3.273268472934296458, 45.17143892196385480, 262.3846376155225926 ) ) ;
#232 = CARTESIAN_POINT ( 'NONE',  ( 25.68042915803383153, 37.34182210046627404, 271.0280785302371669 ) ) ;
#233 = CARTESIAN_POINT ( 'NONE',  ( 50.07172804542855005, 20.26724883329845284, 270.0327580235693290 ) ) ;
#234 = CARTESIAN_POINT ( 'NONE',  ( -1.036203219199234749, 25.35881007571481405, 399.0335651421621606 ) ) ;
#235 = CARTESIAN_POINT ( 'NONE',  ( 0.1577725070845181765, 43.88369230578598490, 281.9339774585317286 ) ) ;
#236 = CARTESIAN_POINT ( 'NONE',  ( -30.66779144528453216, 27.85807331192990688, 341.1944197405119894 ) ) ;
#237 = CARTESIAN_POINT ( 'NONE',  ( 2.562910308763635570, -10.10991166068970415, 559.0556826788819080 ) ) ;
#238 = CARTESIAN_POINT ( 'NONE',  ( -3.334374282861684691, -8.670514282707921794, -59.62443636531153857 ) ) ;
#239 = CARTESIAN_POINT ( 'NONE',  ( 0.4558771782561195085, 36.95447397814444912, 318.5989157987925751 ) ) ;
#240 = CARTESIAN_POINT ( 'NONE',  ( 16.28555308840255478, 19.71590433679295273, 411.4235277342278891 ) ) ;
#241 = AXIS2_PLACEMENT_3D ( 'NONE', #5680, #8408, #2326 ) ;
#242 = CARTESIAN_POINT ( 'NONE',  ( 5.432627064955863894, 35.57220960446155544, 329.5470948252400945 ) ) ;
#243 = CARTESIAN_POINT ( 'NONE',  ( 0.000000000000000000, 1.530671358679228655, -46.61894072316960802 ) ) ;
#244 = PLANE ( 'NONE',  #6014 ) ;
#245 = CARTESIAN_POINT ( 'NONE',  ( 0.4666624454428923707, 41.94217851116191298, 261.3537278318258927 ) ) ;
#246 = ORIENTED_EDGE ( 'NONE', *, *, #4908, .F. ) ;
#247 = ORIENTED_EDGE ( 'NONE', *, *, #2864, .F. ) ;
#248 = CARTESIAN_POINT ( 'NONE',  ( 1.850464964290566172, 28.57020904146000362, 400.4539919784762674 ) ) ;
#249 = AXIS2_PLACEMENT_3D ( 'NONE', #2517, #7201, #6622 ) ;
#250 = B_SPLINE_CURVE_WITH_KNOTS ( 'NONE', 3,
 ( #2130, #4884, #4210, #6948, #3695, #7113, #7197, #6445, #5692, #4465, #5054, #7781, #6486, #5011, #6529, #350, #6360, #3104, #893, #2378, #267, #1706, #1617, #5732, #3739, #3611 ),
 .UNSPECIFIED., .F., .F.,
 ( 4, 2, 2, 2, 2, 2, 2, 2, 2, 2, 2, 2, 4 ),
 ( 0.007562451896448153105, 0.009880079311334527548, 0.01219770672622090199, 0.01683296155599359883, 0.01915058897087998369, 0.02146821638576636854, 0.02610347121553904803, 0.03073872604531172406, 0.03305635346019807075, 0.03537398087508440703, 0.04000923570485709346, 0.04232686311974336035, 0.04464449053462962724 ),
 .UNSPECIFIED. ) ;
#251 = CARTESIAN_POINT ( 'NONE',  ( -7.421734179559653199, 35.47037407684512544, 329.4379740897438751 ) ) ;
#252 = CARTESIAN_POINT ( 'NONE',  ( 0.6466548384401430427, 27.83768656907127337, 384.7436173399785275 ) ) ;
#253 = CARTESIAN_POINT ( 'NONE',  ( 47.83157056876451207, 23.61640379153806180, 318.9578585851868411 ) ) ;
#254 = CARTESIAN_POINT ( 'NONE',  ( -2.896825975092652161, 43.85153402987300808, 281.4980911268144723 ) ) ;
#255 = CIRCLE ( 'NONE', #6734, 1.000000000000000888 ) ;
#256 = CARTESIAN_POINT ( 'NONE',  ( 0.000000000000000000, 43.62061748188531851, 282.0667228730396801 ) ) ;
#257 = CARTESIAN_POINT ( 'NONE',  ( -45.77435122676195078, 32.82235328896621240, 267.4074120813296531 ) ) ;
#258 = CARTESIAN_POINT ( 'NONE',  ( 149.9999999999998579, 5.755319606443136671, 215.4903186742444916 ) ) ;
#259 = CARTESIAN_POINT ( 'NONE',  ( 0.000000000000000000, 39.33936579825228819, 327.7014448280340844 ) ) ;
#260 = CARTESIAN_POINT ( 'NONE',  ( -2.491370502553869937, 30.16765539464294932, 369.7105383798196385 ) ) ;
#261 = CARTESIAN_POINT ( 'NONE',  ( 2.484451725476857664, 34.52605103433061373, 338.9242573031800703 ) ) ;
#262 = ORIENTED_EDGE ( 'NONE', *, *, #3406, .T. ) ;
#263 = CIRCLE ( 'NONE', #7602, 1.000000000000000888 ) ;
#264 = CARTESIAN_POINT ( 'NONE',  ( -18.88174364557367824, 35.57882008021758224, 314.1228699173716450 ) ) ;
#265 = EDGE_CURVE ( 'NONE', #6041, #3338, #1277, .T. ) ;
#266 = CARTESIAN_POINT ( 'NONE',  ( 33.69543853957071633, 29.89612793811884117, 314.9538054684611552 ) ) ;
#267 = CARTESIAN_POINT ( 'NONE',  ( 30.80201105603235590, 16.86491870243611402, 394.8642802922685178 ) ) ;
#268 = DIRECTION ( 'NONE',  ( 0.000000000000000000, -1.000000000000000000, 0.000000000000000000 ) ) ;
#269 = CARTESIAN_POINT ( 'NONE',  ( 3.055308605690919332, 45.10460783666371753, 263.6511027115720935 ) ) ;
#270 = CARTESIAN_POINT ( 'NONE',  ( -5.882888988652245743, 42.38580333701526115, 298.7586613606674177 ) ) ;
#271 = CARTESIAN_POINT ( 'NONE',  ( -2.195384728526888374, -9.905849853371190505, 558.8450598447288939 ) ) ;
#272 = CARTESIAN_POINT ( 'NONE',  ( -0.5291728845309937590, 37.12415370193961905, 317.0552354858809849 ) ) ;
#273 = CARTESIAN_POINT ( 'NONE',  ( 0.5416989483541193584, 47.07227379654968757, 229.0552716760062992 ) ) ;
#274 = CARTESIAN_POINT ( 'NONE',  ( -3.676186764062782331, 45.07826545332974177, 263.5663493776237374 ) ) ;
#275 = ORIENTED_EDGE ( 'NONE', *, *, #6547, .T. ) ;
#276 = CARTESIAN_POINT ( 'NONE',  ( 28.50883732786508418, 35.62881153460746475, 280.0493215312087614 ) ) ;
#277 = B_SPLINE_CURVE_WITH_KNOTS ( 'NONE', 3,
 ( #7439, #6958, #4128, #2097, #4031, #3444, #103, #6099 ),
 .UNSPECIFIED., .F., .F.,
 ( 4, 2, 2, 4 ),
 ( 0.000000000000000000, 0.0002465130558875226535, 0.0004930261117750453070, 0.0009860522235499542213 ),
 .UNSPECIFIED. ) ;
#278 = CARTESIAN_POINT ( 'NONE',  ( 0.000000000000000000, 45.95997642549459528, 252.6905689360423537 ) ) ;
#279 = CARTESIAN_POINT ( 'NONE',  ( 0.001459325342811380443, 26.63126605741320319, 392.0560172500474891 ) ) ;
#280 = CARTESIAN_POINT ( 'NONE',  ( -0.4666624454428923707, 110.3999999999999773, 261.3537278318258927 ) ) ;
#281 = CARTESIAN_POINT ( 'NONE',  ( -32.26800899082744678, 28.10835362347127386, 334.6543076916647692 ) ) ;
#282 = LINE ( 'NONE', #8479, #7872 ) ;
#283 = CARTESIAN_POINT ( 'NONE',  ( -28.53909880752624773, -10.68040278824253164, -41.02084576645206937 ) ) ;
#284 = CARTESIAN_POINT ( 'NONE',  ( -38.96839681237973707, 26.97906127350155714, 319.6500962337562441 ) ) ;
#285 = CARTESIAN_POINT ( 'NONE',  ( -0.4799070910600676809, 43.34429703699708369, 235.1319367037015127 ) ) ;
#286 = CARTESIAN_POINT ( 'NONE',  ( 22.29861332689558040, 32.06056740969545871, 335.1603694662017006 ) ) ;
#287 = CARTESIAN_POINT ( 'NONE',  ( -3.289006796241746411, 7.681208134219242645, -36.06530541306337057 ) ) ;
#288 = CARTESIAN_POINT ( 'NONE',  ( 5.464712794160139886, 41.21482910507307196, 256.8357904520240709 ) ) ;
#289 = CARTESIAN_POINT ( 'NONE',  ( -5.464782804720388576, 189.1735176332723825, 267.2588841577981498 ) ) ;
#290 = ORIENTED_EDGE ( 'NONE', *, *, #5892, .F. ) ;
#291 = ORIENTED_EDGE ( 'NONE', *, *, #5574, .T. ) ;
#292 = CARTESIAN_POINT ( 'NONE',  ( 1.761563983812512779, 32.02393952748043660, 380.3584216962848927 ) ) ;
#293 = CARTESIAN_POINT ( 'NONE',  ( 0.2609059817996182140, 35.66407495078997414, 329.8216523587642541 ) ) ;
#294 = CARTESIAN_POINT ( 'NONE',  ( 0.06015058177990323385, 27.84243993760207303, 384.8257995631669246 ) ) ;
#295 = CARTESIAN_POINT ( 'NONE',  ( 18.86192637062078958, 35.02510008457434054, 319.1803082512704464 ) ) ;
#296 = CARTESIAN_POINT ( 'NONE',  ( -0.6379630123529489438, 43.22437796182057212, 281.9339774583897338 ) ) ;
#297 = CARTESIAN_POINT ( 'NONE',  ( -0.000000000000000000, 43.84689262819022559, 282.4163233876714116 ) ) ;
#298 = CARTESIAN_POINT ( 'NONE',  ( -38.78568941404829928, 36.37538886062574761, 259.6174170682933209 ) ) ;
#299 = CARTESIAN_POINT ( 'NONE',  ( 55.69582423788891390, 7.770729441803534421, 222.6473521244176652 ) ) ;
#300 = B_SPLINE_SURFACE_WITH_KNOTS ( 'NONE', 3, 1, ( 
 ( #7228, #340 ),
 ( #3094, #5847 ),
 ( #5347, #4630 ),
 ( #3138, #3268 ) ),
 .UNSPECIFIED., .F., .F., .F.,
 ( 4, 4 ),
 ( 2, 2 ),
 ( 0.4350374910512811999, 1.000000000000000000 ),
 ( 0.000000000000000000, 1.000000000000000000 ),
 .UNSPECIFIED. ) ;
#301 = CARTESIAN_POINT ( 'NONE',  ( -9.620743624274640027, -11.03377133881076233, 549.8478901275921089 ) ) ;
#302 = CARTESIAN_POINT ( 'NONE',  ( 37.14086695756036960, 25.10808262000782420, 339.6679126406559703 ) ) ;
#303 = EDGE_LOOP ( 'NONE', ( #2705, #6793, #8179, #8688, #5284, #2694 ) ) ;
#304 = CARTESIAN_POINT ( 'NONE',  ( 1.484506031025135675, 37.11625096778956845, 317.0665270670627933 ) ) ;
#305 = CARTESIAN_POINT ( 'NONE',  ( -30.49077057673786584, 32.09049804980522680, 308.2457320408929604 ) ) ;
#306 = CARTESIAN_POINT ( 'NONE',  ( 47.84606305708806673, 23.92261435236039091, 316.2536283556628973 ) ) ;
#307 = CARTESIAN_POINT ( 'NONE',  ( 5.464712794160139886, 41.21482910507307196, 256.8357904520240709 ) ) ;
#308 = FACE_OUTER_BOUND ( 'NONE', #4145, .T. ) ;
#309 = CARTESIAN_POINT ( 'NONE',  ( 3.371889397734043836, 45.15529412283427035, 262.5679054471713130 ) ) ;
#310 = CARTESIAN_POINT ( 'NONE',  ( 0.4786979759498021236, 36.01088700303149182, 354.5695205588957037 ) ) ;
#311 = CARTESIAN_POINT ( 'NONE',  ( 149.9999999999997158, -4.914714336245090465, 438.2002728028813863 ) ) ;
#312 = EDGE_CURVE ( 'NONE', #8131, #1013, #3070, .T. ) ;
#313 = CARTESIAN_POINT ( 'NONE',  ( 0.4558368512799504946, 37.06912820865258595, 317.5626655842553987 ) ) ;
#314 = CARTESIAN_POINT ( 'NONE',  ( -149.9999999999999432, 13.01685150340217767, 333.3876767047953535 ) ) ;
#315 = CARTESIAN_POINT ( 'NONE',  ( -2.563252569474140152, 45.20436481259771000, 262.4040474122450632 ) ) ;
#316 = ORIENTED_EDGE ( 'NONE', *, *, #8621, .T. ) ;
#317 = CARTESIAN_POINT ( 'NONE',  ( 31.31262997550867411, 33.70791355064751826, 288.3766268836842528 ) ) ;
#318 = ADVANCED_FACE ( 'NONE', ( #4718 ), #4092, .F. ) ;
#319 = CARTESIAN_POINT ( 'NONE',  ( -1.153611605577076649, 47.71663046453083723, 204.9482023332519987 ) ) ;
#320 = CARTESIAN_POINT ( 'NONE',  ( -23.56314785466597428, 22.14707544287362850, 387.3643448884010354 ) ) ;
#321 = CARTESIAN_POINT ( 'NONE',  ( 2.723286591395924550, 43.28064200072397227, 280.6391774030125248 ) ) ;
#322 = CARTESIAN_POINT ( 'NONE',  ( -37.16341410026193159, 25.97960260364221696, 333.8441556679870246 ) ) ;
#323 = EDGE_CURVE ( 'NONE', #1013, #5586, #3937, .T. ) ;
#324 = CARTESIAN_POINT ( 'NONE',  ( 8.966662445442738161, 41.68708929210457370, 256.1693239052390823 ) ) ;
#325 = B_SPLINE_CURVE_WITH_KNOTS ( 'NONE', 3,
 ( #3719, #1865, #3849, #1727 ),
 .UNSPECIFIED., .F., .F.,
 ( 4, 4 ),
 ( 2.640032290002203297E-17, 0.0004669204754241207617 ),
 .UNSPECIFIED. ) ;
#326 = CARTESIAN_POINT ( 'NONE',  ( 0.8834387404823768053, 28.31537238341890372, 17.13475425666132068 ) ) ;
#327 = CARTESIAN_POINT ( 'NONE',  ( -28.78100391323621920, 31.56629901805736793, 319.6531557209709717 ) ) ;
#328 = CARTESIAN_POINT ( 'NONE',  ( 2.823137704582095786, 43.11679072383503808, 235.7913979581819319 ) ) ;
#329 = CARTESIAN_POINT ( 'NONE',  ( 41.75445932639104285, 25.75585501620750151, 331.4493103031246051 ) ) ;
#330 = CARTESIAN_POINT ( 'NONE',  ( -11.32133923080468918, 30.04935886603911399, 33.43650446410281063 ) ) ;
#331 = CARTESIAN_POINT ( 'NONE',  ( 2.738145295489130326, 44.80554920341130298, 262.6408565557158568 ) ) ;
#332 = CARTESIAN_POINT ( 'NONE',  ( 2.185926744524377074, 40.47778957849398296, 281.2931440514612973 ) ) ;
#333 = VERTEX_POINT ( 'NONE', #2148 ) ;
#334 = ORIENTED_EDGE ( 'NONE', *, *, #3959, .T. ) ;
#335 = CARTESIAN_POINT ( 'NONE',  ( -1.412905495387613675, 41.02947630906889032, 312.7536838202627791 ) ) ;
#336 = CARTESIAN_POINT ( 'NONE',  ( -1.854059747382290846, 35.17805025994254464, 333.6643906994105464 ) ) ;
#337 = CARTESIAN_POINT ( 'NONE',  ( 23.74858263784212298, 23.42832211607347404, 381.2006815917807216 ) ) ;
#338 = CARTESIAN_POINT ( 'NONE',  ( 28.78089579298006839, 31.37756100466804909, 321.3008582238607573 ) ) ;
#339 = LINE ( 'NONE', #8577, #3566 ) ;
#340 = CARTESIAN_POINT ( 'NONE',  ( -44.79208460024205607, 17.08810814811356593, 331.4493103058574661 ) ) ;
#341 = CARTESIAN_POINT ( 'NONE',  ( -0.9247670608693169259, 16.13791471914375109, -18.92185757000694935 ) ) ;
#342 = DIRECTION ( 'NONE',  ( 0.000000000000000000, 0.000000000000000000, -1.000000000000000000 ) ) ;
#343 = CARTESIAN_POINT ( 'NONE',  ( 40.74773878935879878, 23.58032490304830375, 338.9039717209378750 ) ) ;
#344 = AXIS2_PLACEMENT_3D ( 'NONE', #8902, #4185, #1424 ) ;
#345 = ORIENTED_EDGE ( 'NONE', *, *, #8313, .F. ) ;
#346 = CARTESIAN_POINT ( 'NONE',  ( 10.95786067827572907, 30.84755248030244346, 360.3469025587731380 ) ) ;
#347 = CARTESIAN_POINT ( 'NONE',  ( -12.91435255697669682, 37.55817910196157783, 306.1007676558351136 ) ) ;
#348 = CARTESIAN_POINT ( 'NONE',  ( 4.748696830957854331, 36.97721047189327948, 317.6135096847648924 ) ) ;
#349 = CARTESIAN_POINT ( 'NONE',  ( 3.334922603264121932, 37.35883203961724774, 314.5373684202158984 ) ) ;
#350 = CARTESIAN_POINT ( 'NONE',  ( 27.06687137975783841, 17.33233825080074553, 400.7073608534809068 ) ) ;
#351 = DIRECTION ( 'NONE',  ( 0.000000000000000000, -1.000000000000000000, 0.000000000000000000 ) ) ;
#352 = CARTESIAN_POINT ( 'NONE',  ( 2.905012639602394753, 45.22053381835311114, 261.8731684310542391 ) ) ;
#353 = CARTESIAN_POINT ( 'NONE',  ( -44.49566077598581870, 36.56622561671095895, 287.9162384457418966 ) ) ;
#354 = CARTESIAN_POINT ( 'NONE',  ( -19.38059895082086470, 36.93577387937158818, 331.4493103031246619 ) ) ;
#355 = CARTESIAN_POINT ( 'NONE',  ( -6.777389075061290846, 36.87523997918206931, 317.6357214504001263 ) ) ;
#356 = CARTESIAN_POINT ( 'NONE',  ( -1.925100097286686074, 25.85227023461058238, 415.2282052245307113 ) ) ;
#357 = CARTESIAN_POINT ( 'NONE',  ( -3.066658478179203673, 43.35536649599192316, 279.6789850203734318 ) ) ;
#358 = VERTEX_POINT ( 'NONE', #8263 ) ;
#359 = CARTESIAN_POINT ( 'NONE',  ( 28.09905447486535479, 35.19687175235515753, 287.0741877885334929 ) ) ;
#360 = ADVANCED_FACE ( 'NONE', ( #1466 ), #4859, .T. ) ;
#361 = CARTESIAN_POINT ( 'NONE',  ( 150.0000000000001421, 9.607543969010292173, 355.1325008380466102 ) ) ;
#362 = CARTESIAN_POINT ( 'NONE',  ( 2.085665936297694145, 43.82416869276372040, 282.1597056212850134 ) ) ;
#363 = CARTESIAN_POINT ( 'NONE',  ( -1.054552336558371550, 35.53239993622700865, 330.8104843441443563 ) ) ;
#364 = PLANE ( 'NONE',  #1552 ) ;
#365 = ADVANCED_FACE ( 'NONE', ( #2058 ), #3219, .F. ) ;
#366 = CARTESIAN_POINT ( 'NONE',  ( -3.289006796241746411, 7.681208134219242645, -36.06530541306337057 ) ) ;
#367 = CARTESIAN_POINT ( 'NONE',  ( -47.11124502287862015, 24.86424867225715118, 310.2142065013505317 ) ) ;
#368 = PRODUCT ( 'HATCH REAR', 'HATCH REAR', '', ( #5563 ) ) ;
#369 = CARTESIAN_POINT ( 'NONE',  ( -27.20864969482784090, 32.23140519712826091, 319.6510135848499203 ) ) ;
#370 = CARTESIAN_POINT ( 'NONE',  ( 21.34222375377219905, 18.58399855170866033, 407.1251927393859660 ) ) ;
#371 = DIRECTION ( 'NONE',  ( -0.000000000000000000, 0.000000000000000000, 1.000000000000000000 ) ) ;
#372 = EDGE_CURVE ( 'NONE', #7919, #1208, #1951, .T. ) ;
#373 = CARTESIAN_POINT ( 'NONE',  ( 0.8666741317026296354, 31.46901978515835552, 29.51441602890792737 ) ) ;
#374 = CARTESIAN_POINT ( 'NONE',  ( 10.36385552436991198, 41.61507483986792266, 255.0493123534504605 ) ) ;
#375 = FACE_OUTER_BOUND ( 'NONE', #638, .T. ) ;
#376 = EDGE_LOOP ( 'NONE', ( #1148, #7067, #6000, #8444 ) ) ;
#377 = CARTESIAN_POINT ( 'NONE',  ( -11.91793392031589249, 29.59478114338479671, 367.2328988522414193 ) ) ;
#378 = CARTESIAN_POINT ( 'NONE',  ( 0.000000000000000000, 41.02506332365900477, 312.7991820443241977 ) ) ;
#379 = CARTESIAN_POINT ( 'NONE',  ( 2.057388533046267121, 6.867330383723285969, 500.6602980566781298 ) ) ;
#380 = CARTESIAN_POINT ( 'NONE',  ( -42.93574173294479124, 24.03417770708201218, 329.3274508986269780 ) ) ;
#381 = CARTESIAN_POINT ( 'NONE',  ( 15.34389805200103041, 25.40477203654382166, 386.3250526347418941 ) ) ;
#382 = CARTESIAN_POINT ( 'NONE',  ( 14.92969088749623197, 35.53620963218875772, 321.5212545471805470 ) ) ;
#383 = CARTESIAN_POINT ( 'NONE',  ( 5.974697017077270027E-10, 43.83345410576623635, 282.5824894700288610 ) ) ;
#384 = CARTESIAN_POINT ( 'NONE',  ( 0.000000000000000000, 44.80250588595319527, 261.3537278318257790 ) ) ;
#385 = CARTESIAN_POINT ( 'NONE',  ( -40.66737090255153220, 35.43667716898360709, 261.1136629790237293 ) ) ;
#386 = CARTESIAN_POINT ( 'NONE',  ( 54.82390645621840264, 12.55502082587985413, 233.5480463257898407 ) ) ;
#387 = CARTESIAN_POINT ( 'NONE',  ( -6.468616392538223181, 25.69044946229613657, 413.2502128278912323 ) ) ;
#388 = CARTESIAN_POINT ( 'NONE',  ( -0.2780972889480157195, 32.39743659103969975, 354.8495123668081987 ) ) ;
#389 = CIRCLE ( 'NONE', #2266, 1.000000000000000666 ) ;
#390 = CARTESIAN_POINT ( 'NONE',  ( 3.196296804781076695, 20.31546560184472128, -7.393096603152921276 ) ) ;
#391 = ORIENTED_EDGE ( 'NONE', *, *, #868, .T. ) ;
#392 = VECTOR ( 'NONE', #7716, 1000.000000000000114 ) ;
#393 = CARTESIAN_POINT ( 'NONE',  ( 17.79649953353764502, 29.84734270979277326, 358.2778895294682115 ) ) ;
#394 = CARTESIAN_POINT ( 'NONE',  ( -39.06075306997242791, 28.11295413300794976, 309.3276559738174569 ) ) ;
#395 = CARTESIAN_POINT ( 'NONE',  ( 28.78395691333824757, 31.75375636669928880, 317.9981493429077091 ) ) ;
#396 = CARTESIAN_POINT ( 'NONE',  ( 0.7213402193763067682, 37.40422608509396696, 314.4734084136720753 ) ) ;
#397 = DIRECTION ( 'NONE',  ( -0.000000000000000000, -0.000000000000000000, 1.000000000000000000 ) ) ;
#398 = FACE_OUTER_BOUND ( 'NONE', #8284, .T. ) ;
#399 = CARTESIAN_POINT ( 'NONE',  ( 19.49633857543578586, 33.37679312617186156, 331.4493103031248324 ) ) ;
#400 = CARTESIAN_POINT ( 'NONE',  ( 1.099358371358075015, 25.93118054957675866, 415.4839356155417249 ) ) ;
#401 = CARTESIAN_POINT ( 'NONE',  ( -2.063807534392889220, 41.65491474906183811, 261.8729472252879305 ) ) ;
#402 = AXIS2_PLACEMENT_3D ( 'NONE', #3192, #5816, #3059 ) ;
#403 = CARTESIAN_POINT ( 'NONE',  ( -2.606302029207816062, 37.15498288105165869, 316.5683814523122805 ) ) ;
#404 = CARTESIAN_POINT ( 'NONE',  ( 0.000000000000000000, 28.59958286175763931, 400.6555249589480923 ) ) ;
#405 = CARTESIAN_POINT ( 'NONE',  ( -1.332633075447723359, 45.34947426982524377, 260.8754719886787257 ) ) ;
#406 = VERTEX_POINT ( 'NONE', #8840 ) ;
#407 = CARTESIAN_POINT ( 'NONE',  ( 30.10730218820770432, 34.89689914272926075, 280.8564526863059427 ) ) ;
#408 = CARTESIAN_POINT ( 'NONE',  ( 47.31906922256367665, 15.57846502002442612, 326.4192049172317525 ) ) ;
#409 = CARTESIAN_POINT ( 'NONE',  ( -8.662785577371373336, 37.70513593190937485, 308.5484574015777071 ) ) ;
#410 = CARTESIAN_POINT ( 'NONE',  ( 12.54926442142181209, -19.83559714904187743, -65.17547834017919683 ) ) ;
#411 = CARTESIAN_POINT ( 'NONE',  ( 0.000000000000000000, 25.36656775831971444, 399.2299607653508815 ) ) ;
#412 = EDGE_CURVE ( 'NONE', #6746, #205, #8111, .T. ) ;
#413 = CARTESIAN_POINT ( 'NONE',  ( -3.268646977093212946, 11.48290530004461019, -28.67737780092130606 ) ) ;
#414 = DIRECTION ( 'NONE',  ( 1.000000000000000000, 0.000000000000000000, -0.000000000000000000 ) ) ;
#415 = CARTESIAN_POINT ( 'NONE',  ( -7.428853976164271344, 36.77817226064366452, 318.1407440180115032 ) ) ;
#416 = DIRECTION ( 'NONE',  ( 0.000000000000000000, 0.000000000000000000, -1.000000000000000000 ) ) ;
#417 = CARTESIAN_POINT ( 'NONE',  ( -7.500000000000000000, 24.36919056684536145, 400.8369885875870864 ) ) ;
#418 = CARTESIAN_POINT ( 'NONE',  ( -11.76711777406544357, 23.42470861069366350, 9.197752124484701142 ) ) ;
#419 = CARTESIAN_POINT ( 'NONE',  ( -21.34222375377219905, 18.58399855170866033, 407.1251927393859660 ) ) ;
#420 = CARTESIAN_POINT ( 'NONE',  ( 3.066662445442833729, 40.60023194608182706, 279.3396071913396668 ) ) ;
#421 = ORIENTED_EDGE ( 'NONE', *, *, #3580, .F. ) ;
#422 = CARTESIAN_POINT ( 'NONE',  ( -24.22027751951461383, 26.99376124848534175, 362.3067565584516956 ) ) ;
#423 = CARTESIAN_POINT ( 'NONE',  ( 6.363334136993229251, 22.76016894090687614, 428.8992649007137175 ) ) ;
#424 = CARTESIAN_POINT ( 'NONE',  ( 0.7032787781051501597, 2.973172933655187311, 514.9865767782636112 ) ) ;
#425 = CARTESIAN_POINT ( 'NONE',  ( -23.99276334532775579, 32.83802324189740318, 324.8128069218385576 ) ) ;
#426 = CARTESIAN_POINT ( 'NONE',  ( 9.525938916664433265, 26.17739925915181232, 389.2611243821290827 ) ) ;
#427 = CARTESIAN_POINT ( 'NONE',  ( 42.93522425041172141, 25.08453720716995150, 321.0526812673235781 ) ) ;
#428 = PLANE ( 'NONE',  #5727 ) ;
#429 = DIRECTION ( 'NONE',  ( 0.000000000000000000, 0.000000000000000000, 1.000000000000000000 ) ) ;
#430 = CARTESIAN_POINT ( 'NONE',  ( 7.500000000000000000, 18.81336334461916948, 425.6312990209411282 ) ) ;
#431 = CARTESIAN_POINT ( 'NONE',  ( -1.849534121738633852, 16.21802295602805799, -18.86953178114389829 ) ) ;
#432 = EDGE_CURVE ( 'NONE', #1519, #7684, #6916, .T. ) ;
#433 = CARTESIAN_POINT ( 'NONE',  ( 0.000000000000000000, 43.23531604227880365, 281.9339774583896769 ) ) ;
#434 = CARTESIAN_POINT ( 'NONE',  ( 54.48274488411642125, 13.81017118001468269, 236.9137207598040220 ) ) ;
#435 = EDGE_LOOP ( 'NONE', ( #1714, #4952, #4163, #2755, #3296, #4159, #3761 ) ) ;
#436 = CARTESIAN_POINT ( 'NONE',  ( -0.4901558410573429447, 31.31001053915621313, 362.6189545094670166 ) ) ;
#437 = CARTESIAN_POINT ( 'NONE',  ( -1.872376358267160867, 39.91274965173794698, 288.2955072272641814 ) ) ;
#438 = CARTESIAN_POINT ( 'NONE',  ( 14.93306122119243540, 36.01392930220946198, 317.2680274978632156 ) ) ;
#439 = CARTESIAN_POINT ( 'NONE',  ( 6.109343203322126215, 37.13145120475208927, 315.6189318840255851 ) ) ;
#440 = DIRECTION ( 'NONE',  ( -1.000000000000000000, 0.000000000000000000, 0.000000000000000000 ) ) ;
#441 = LINE ( 'NONE', #4597, #6454 ) ;
#442 = CARTESIAN_POINT ( 'NONE',  ( 6.922703436459269000, 35.25202637734479794, 331.4493103031246051 ) ) ;
#443 = CARTESIAN_POINT ( 'NONE',  ( -11.20234465765202536, 15.65166486234165255, 452.7342830611293607 ) ) ;
#444 = CARTESIAN_POINT ( 'NONE',  ( -30.41791799563090848, 33.12035766302754780, 331.4493103031246619 ) ) ;
#445 = CARTESIAN_POINT ( 'NONE',  ( -6.109343203322149307, 37.13145120475206795, 315.6189318840255851 ) ) ;
#446 = CARTESIAN_POINT ( 'NONE',  ( -1.850464964290566172, 28.57020904146000362, 400.4539919784762674 ) ) ;
#447 = CARTESIAN_POINT ( 'NONE',  ( -2.424991761512603983, 44.62231647078521490, 262.2332612481782803 ) ) ;
#448 = ORIENTED_EDGE ( 'NONE', *, *, #8313, .T. ) ;
#449 = CARTESIAN_POINT ( 'NONE',  ( 25.21521408119729912, 36.98650238459671868, 278.4608132091416337 ) ) ;
#450 = CARTESIAN_POINT ( 'NONE',  ( 0.000000000000000000, 32.02960972858872424, 380.5868600663628740 ) ) ;
#451 = CARTESIAN_POINT ( 'NONE',  ( 2.896825975090994820, 43.85153402987352678, 281.4980911268085606 ) ) ;
#452 = CARTESIAN_POINT ( 'NONE',  ( -0.3206274698471616724, 35.53272109372485232, 330.8462621547745357 ) ) ;
#453 = CARTESIAN_POINT ( 'NONE',  ( 10.86021823505048722, 34.91088230658104408, 331.4493103031246051 ) ) ;
#454 = CARTESIAN_POINT ( 'NONE',  ( 0.000000000000000000, 28.21750440619399214, 17.07389157737171459 ) ) ;
#455 = FACE_OUTER_BOUND ( 'NONE', #8040, .T. ) ;
#456 = CARTESIAN_POINT ( 'NONE',  ( -12.86545686490338269, 36.20886351357008692, 318.6724114054665620 ) ) ;
#457 = CARTESIAN_POINT ( 'NONE',  ( -0.02806440367200080735, 43.31649070349387642, 235.1934903435581816 ) ) ;
#458 = CARTESIAN_POINT ( 'NONE',  ( 4.035582428353822415, 34.64824055502381839, 337.3619268746739408 ) ) ;
#459 = CARTESIAN_POINT ( 'NONE',  ( 0.8232861172484648993, 37.52274279518023548, 58.77084347987265289 ) ) ;
#460 = CARTESIAN_POINT ( 'NONE',  ( 0.4279577275095358679, 21.49737293652331971, 420.2581527025057540 ) ) ;
#461 = CARTESIAN_POINT ( 'NONE',  ( 0.000000000000000000, 45.40165219869580682, 260.7912705906431938 ) ) ;
#462 = ORIENTED_EDGE ( 'NONE', *, *, #207, .T. ) ;
#463 = CARTESIAN_POINT ( 'NONE',  ( -27.42881093186087682, 27.05312195357477734, 354.6692942134463920 ) ) ;
#464 = CARTESIAN_POINT ( 'NONE',  ( -2.057388533046267121, 6.867330383723285969, 500.6602980566781298 ) ) ;
#465 = COLOUR_RGB ( '',0.7921568627450980005, 0.8196078431372548767, 0.9333333333333333481 ) ;
#466 = CARTESIAN_POINT ( 'NONE',  ( -149.9999999999992042, -3.609269300846623008, 431.4188600312683661 ) ) ;
#467 = CARTESIAN_POINT ( 'NONE',  ( -6.103923859731519741, 36.00333685329716360, 325.5803491358732344 ) ) ;
#468 = CARTESIAN_POINT ( 'NONE',  ( 2.526127223668672706, 25.32178220161778270, 398.7732597845876512 ) ) ;
#469 = CARTESIAN_POINT ( 'NONE',  ( 27.20851006881076373, 32.03957006606017188, 321.3285459009154579 ) ) ;
#470 = CARTESIAN_POINT ( 'NONE',  ( -2.723756346953267737, 40.51216393228713741, 280.6381545529263803 ) ) ;
#471 = AXIS2_PLACEMENT_3D ( 'NONE', #7308, #1134, #6640 ) ;
#472 = FACE_OUTER_BOUND ( 'NONE', #538, .T. ) ;
#473 = EDGE_CURVE ( 'NONE', #7409, #3015, #277, .T. ) ;
#474 = LINE ( 'NONE', #7407, #2411 ) ;
#475 = CARTESIAN_POINT ( 'NONE',  ( 1.146769735279829616, 40.44237786041291116, 281.8665492513800928 ) ) ;
#476 = CARTESIAN_POINT ( 'NONE',  ( 0.000000000000000000, 43.71089409265118064, 105.2394046492437667 ) ) ;
#477 = ORIENTED_EDGE ( 'NONE', *, *, #5830, .F. ) ;
#478 = EDGE_CURVE ( 'NONE', #2879, #7265, #5525, .T. ) ;
#479 = CARTESIAN_POINT ( 'NONE',  ( 3.697024062231993202, 45.05106493880017382, 263.9854789025636137 ) ) ;
#480 = CARTESIAN_POINT ( 'NONE',  ( -0.1946321303046750495, 31.31105069159852050, 362.5828809027370312 ) ) ;
#481 = CARTESIAN_POINT ( 'NONE',  ( -33.96573479127963680, 31.15088197275034076, 302.3740186855476395 ) ) ;
#482 = CARTESIAN_POINT ( 'NONE',  ( 0.7212407220769364580, 37.06613808559872325, 317.5733618239681846 ) ) ;
#483 = CARTESIAN_POINT ( 'NONE',  ( 7.296738846806617218, 37.66485315517058297, 309.9151353446766279 ) ) ;
#484 = ADVANCED_FACE ( 'NONE', ( #2002 ), #1316, .F. ) ;
#485 = CIRCLE ( 'NONE', #4822, 0.5999999999999972022 ) ;
#486 = B_SPLINE_SURFACE_WITH_KNOTS ( 'NONE', 3, 1, ( 
 ( #6182, #2082 ),
 ( #6714, #8877 ),
 ( #1939, #8926 ),
 ( #7427, #2709 ) ),
 .UNSPECIFIED., .F., .F., .F.,
 ( 4, 4 ),
 ( 2, 2 ),
 ( 0.000000000000000000, 0.4350374910512834203 ),
 ( 0.000000000000000000, 1.000000000000000000 ),
 .UNSPECIFIED. ) ;
#487 = CARTESIAN_POINT ( 'NONE',  ( -3.371198322244095102, 45.15541565756972631, 262.5664877841969087 ) ) ;
#488 = CARTESIAN_POINT ( 'NONE',  ( 35.77589851813026911, 26.91756939136766746, 331.4493103031246051 ) ) ;
#489 = CARTESIAN_POINT ( 'NONE',  ( 1.056736817095856207, 28.61635723899053474, 400.7706135039534843 ) ) ;
#490 = CARTESIAN_POINT ( 'NONE',  ( -26.57791708302912070, 19.93019991170964644, 391.0394519104193023 ) ) ;
#491 = CARTESIAN_POINT ( 'NONE',  ( -13.66482133417764011, 38.02417345137537552, 331.4493103031244914 ) ) ;
#492 = CARTESIAN_POINT ( 'NONE',  ( 0.2557525221692492634, 37.18269570829094306, 316.5276312260765508 ) ) ;
#493 = CARTESIAN_POINT ( 'NONE',  ( 0.5029842643031070537, 32.03122875688352877, 380.6520867096004395 ) ) ;
#494 = CARTESIAN_POINT ( 'NONE',  ( -1.805062433045883985, 45.27883341567967790, 261.7170685623830764 ) ) ;
#495 = VERTEX_POINT ( 'NONE', #4079 ) ;
#496 = CARTESIAN_POINT ( 'NONE',  ( 8.245981321768976358, 39.51685301690606877, 289.2665964086975805 ) ) ;
#497 = CARTESIAN_POINT ( 'NONE',  ( 12.20178374623678863, 24.99215593519244649, 410.8332455709494866 ) ) ;
#498 = CARTESIAN_POINT ( 'NONE',  ( 1.901245047921451992, 43.82133519998558313, 282.2579703095637456 ) ) ;
#499 = EDGE_LOOP ( 'NONE', ( #5078, #8715, #2477, #4006 ) ) ;
#500 = CARTESIAN_POINT ( 'NONE',  ( 12.56828236095124929, -24.59226084328281203, -70.07999748860358125 ) ) ;
#501 = CARTESIAN_POINT ( 'NONE',  ( 2.895088418940286346, 43.85143856313013799, 281.5000559509302889 ) ) ;
#502 = CARTESIAN_POINT ( 'NONE',  ( -12.24542331509240611, 10.79387684120225543, -23.56345594219629547 ) ) ;
#503 = CARTESIAN_POINT ( 'NONE',  ( -3.028315765027005391, 43.85945801138852573, 281.3391086935247358 ) ) ;
#504 = CARTESIAN_POINT ( 'NONE',  ( -5.436505081546867402, 36.83558426431527266, 318.6273007995762327 ) ) ;
#505 = CARTESIAN_POINT ( 'NONE',  ( 8.244695214740238143, 42.26237740441215607, 246.5153005893436671 ) ) ;
#506 = CARTESIAN_POINT ( 'NONE',  ( -25.82676969938875899, 28.08943016872629528, 44.17302050310121331 ) ) ;
#507 = CARTESIAN_POINT ( 'NONE',  ( -9.933963746092876690, 20.75815188814341283, 416.2117471085996385 ) ) ;
#508 = CARTESIAN_POINT ( 'NONE',  ( 0.4666624454428923707, 44.78686955249617796, 261.3537278318258927 ) ) ;
#509 = DIRECTION ( 'NONE',  ( -3.725155386726671668E-13, 0.07576863363418570585, -0.9971254254892956137 ) ) ;
#510 = CARTESIAN_POINT ( 'NONE',  ( 0.3755923800833738668, 32.39696848427800546, 354.8602031185247938 ) ) ;
#511 = CARTESIAN_POINT ( 'NONE',  ( 40.00984483757177657, 16.72124631380037485, 402.1504229787130384 ) ) ;
#512 = CARTESIAN_POINT ( 'NONE',  ( -58.62154318630234684, -4.489909763417698763, 423.0794994535144156 ) ) ;
#513 = CARTESIAN_POINT ( 'NONE',  ( -4.038635122918183384, 36.08498187243775135, 325.6462621028833269 ) ) ;
#514 = CARTESIAN_POINT ( 'NONE',  ( 3.216360456009602409, 25.29866079552287061, 398.6174662360907632 ) ) ;
#515 = CARTESIAN_POINT ( 'NONE',  ( 4.746809949746702451, 36.29657438943605285, 323.6449953932935841 ) ) ;
#516 = CARTESIAN_POINT ( 'NONE',  ( 3.066662445442833729, 110.3999999999999773, 263.9480980988757892 ) ) ;
#517 = DIRECTION ( 'NONE',  ( 0.000000000000000000, 1.000000000000000000, 0.000000000000000000 ) ) ;
#518 = CARTESIAN_POINT ( 'NONE',  ( -12.66938571328080521, 24.59579707530467019, 411.4885891455984392 ) ) ;
#519 = EDGE_LOOP ( 'NONE', ( #7549, #5121, #2958, #5757 ) ) ;
#520 = CARTESIAN_POINT ( 'NONE',  ( 0.000000000000000000, 31.36851352753711808, 29.45516409742108621 ) ) ;
#521 = ORIENTED_EDGE ( 'NONE', *, *, #4349, .F. ) ;
#522 = CARTESIAN_POINT ( 'NONE',  ( -48.13075551968052679, 29.47560257685517016, 297.4378225018646162 ) ) ;
#523 = CARTESIAN_POINT ( 'NONE',  ( 13.04393784398548384, 30.61437862767558826, 359.7631544171999280 ) ) ;
#524 = CARTESIAN_POINT ( 'NONE',  ( -7.509897473222832964, 38.89323915068194992, 297.4634029668256971 ) ) ;
#525 = CARTESIAN_POINT ( 'NONE',  ( 0.3357199725060884266, 37.06813522798682214, 317.5697807055007615 ) ) ;
#526 = CARTESIAN_POINT ( 'NONE',  ( 27.17219513669329345, 21.19649378673130613, 400.6416983652470662 ) ) ;
#527 = CIRCLE ( 'NONE', #8721, 1.000000000000000666 ) ;
#528 = CARTESIAN_POINT ( 'NONE',  ( 3.066662445442833729, 41.67359439997697734, 263.9480980988757892 ) ) ;
#529 = CARTESIAN_POINT ( 'NONE',  ( -5.464712794160139886, 41.21482910507307196, 256.8357904520240709 ) ) ;
#530 = CARTESIAN_POINT ( 'NONE',  ( 0.5029842643031070537, 32.03122875688352877, 380.6520867096004395 ) ) ;
#531 = CARTESIAN_POINT ( 'NONE',  ( -1.407665911017280225, 27.82890995575187887, 384.6256298556013462 ) ) ;
#532 = CARTESIAN_POINT ( 'NONE',  ( -43.75445932639104285, 25.75585501620750151, 328.4493103031245482 ) ) ;
#533 = AXIS2_PLACEMENT_3D ( 'NONE', #6550, #371, #3123 ) ;
#534 = EDGE_CURVE ( 'NONE', #7265, #8875, #4694, .T. ) ;
#535 = CARTESIAN_POINT ( 'NONE',  ( -2.606725520098957638, 37.26695121161856861, 315.5447551870784650 ) ) ;
#536 = CARTESIAN_POINT ( 'NONE',  ( 1.145115487848116009, 23.11885975406494254, 429.9532895041899678 ) ) ;
#537 = CARTESIAN_POINT ( 'NONE',  ( 3.441664271283673138E-14, 41.95769921937832692, 261.3537278318257222 ) ) ;
#538 = EDGE_LOOP ( 'NONE', ( #7410, #2080, #1831, #177 ) ) ;
#539 = CARTESIAN_POINT ( 'NONE',  ( 4.842255911471420760, 39.77798111827195982, 288.7163179243641480 ) ) ;
#540 = LINE ( 'NONE', #4120, #2201 ) ;
#541 = CARTESIAN_POINT ( 'NONE',  ( -2.741371173148319240, 42.32618875082553700, 253.7070981438346848 ) ) ;
#542 = VECTOR ( 'NONE', #8420, 1000.000000000000114 ) ;
#543 = CARTESIAN_POINT ( 'NONE',  ( -1.099358371358075015, 25.93118054957675866, 415.4839356155417249 ) ) ;
#544 = CARTESIAN_POINT ( 'NONE',  ( 0.000000000000000000, 45.52135549521585745, 258.8827850466504970 ) ) ;
#545 = ORIENTED_EDGE ( 'NONE', *, *, #3900, .F. ) ;
#546 = CARTESIAN_POINT ( 'NONE',  ( -2.485850174099054843, 35.52077906616744229, 330.7381160997251186 ) ) ;
#547 = CARTESIAN_POINT ( 'NONE',  ( 41.15213526186705195, 24.56213932722517157, 331.4493103031246051 ) ) ;
#548 = CARTESIAN_POINT ( 'NONE',  ( -79.05674022718464755, 18.70769894339281336, 112.5241708736267157 ) ) ;
#549 = FACE_OUTER_BOUND ( 'NONE', #5756, .T. ) ;
#550 = CARTESIAN_POINT ( 'NONE',  ( -25.60624423866108756, 32.98452314303927579, 318.3629894289706499 ) ) ;
#551 = CARTESIAN_POINT ( 'NONE',  ( 37.33455014957502271, 33.42665800984391922, 257.5062862761473639 ) ) ;
#552 = CARTESIAN_POINT ( 'NONE',  ( 0.6583047484764391610, 47.13654566807250035, 155.6928415244869939 ) ) ;
#553 = CARTESIAN_POINT ( 'NONE',  ( -19.70302434139285808, 18.98391896445296467, 408.5668324410578975 ) ) ;
#554 = CARTESIAN_POINT ( 'NONE',  ( 3.979062107967654249, 37.81111191355238788, 310.2308841296435276 ) ) ;
#555 = CARTESIAN_POINT ( 'NONE',  ( 3.066662445442833729, 41.67359439997697734, 263.9480980988757892 ) ) ;
#556 = CARTESIAN_POINT ( 'NONE',  ( -17.65612162713412658, 28.71012705926257880, 365.1431924732276002 ) ) ;
#557 = CARTESIAN_POINT ( 'NONE',  ( 2.088373853475112618, 20.02118164067743322, 444.1606853142330920 ) ) ;
#558 = LINE ( 'NONE', #7542, #915 ) ;
#559 = CARTESIAN_POINT ( 'NONE',  ( -12.86214630998199127, 35.66370835359493441, 323.4509095842782358 ) ) ;
#560 = CARTESIAN_POINT ( 'NONE',  ( 6.277951050115532006, 23.86758401926963558, 404.7363086534758736 ) ) ;
#561 = CARTESIAN_POINT ( 'NONE',  ( 47.83150404957902424, 23.21868294026116786, 322.3248678831189409 ) ) ;
#562 = CARTESIAN_POINT ( 'NONE',  ( 0.1604940974394999664, 45.39646117180507190, 260.7911836234283101 ) ) ;
#563 = CARTESIAN_POINT ( 'NONE',  ( -150.0000000000000284, 3.089374213535638791, 211.7316696794227653 ) ) ;
#564 = CARTESIAN_POINT ( 'NONE',  ( 5.464782804720353049, 41.98730818261890363, 256.1918974770094906 ) ) ;
#565 = CARTESIAN_POINT ( 'NONE',  ( -44.79208460059816588, 23.12775989327775505, 331.4493103031248324 ) ) ;
#566 = VERTEX_POINT ( 'NONE', #7078 ) ;
#567 = ORIENTED_EDGE ( 'NONE', *, *, #3130, .T. ) ;
#568 = CARTESIAN_POINT ( 'NONE',  ( 2.458911498200082146, 45.48680964656614378, 130.5876176261108412 ) ) ;
#569 = ORIENTED_EDGE ( 'NONE', *, *, #7803, .T. ) ;
#570 = DIRECTION ( 'NONE',  ( -0.000000000000000000, -0.000000000000000000, 1.000000000000000000 ) ) ;
#571 = CARTESIAN_POINT ( 'NONE',  ( 21.05736104776428874, 27.92742824002091240, 363.7276926167196507 ) ) ;
#572 = CARTESIAN_POINT ( 'NONE',  ( -27.49497846975783588, 34.13885831138387061, 300.9557015316953539 ) ) ;
#573 = CARTESIAN_POINT ( 'NONE',  ( 0.3356127973877500725, 36.95386784015600057, 318.6023337561002791 ) ) ;
#574 = CYLINDRICAL_SURFACE ( 'NONE', #2066, 1.000000000000000888 ) ;
#575 = DIRECTION ( 'NONE',  ( 0.000000000000000000, 0.000000000000000000, -1.000000000000000000 ) ) ;
#576 = CARTESIAN_POINT ( 'NONE',  ( -20.53058238246047296, 43.31686987173446823, 255.0493119899616090 ) ) ;
#577 = CARTESIAN_POINT ( 'NONE',  ( -41.23236433532566281, 22.69079723528891179, 379.8779995718708165 ) ) ;
#578 = CARTESIAN_POINT ( 'NONE',  ( -0.4537933133701487209, 27.83957669232613696, 384.7720695895624772 ) ) ;
#579 = CARTESIAN_POINT ( 'NONE',  ( 10.07385594960936892, 35.14116747910920679, 330.2846512241621895 ) ) ;
#580 = CARTESIAN_POINT ( 'NONE',  ( -4.041542457322894855, 37.11256662314746535, 316.5905388842019761 ) ) ;
#581 = CARTESIAN_POINT ( 'NONE',  ( -11.20234465765202536, 15.65166486234165255, 452.7342830611293607 ) ) ;
#582 = DIRECTION ( 'NONE',  ( -0.9999999949984913483, -7.499003778521829525E-06, 9.973355644522820793E-05 ) ) ;
#583 = EDGE_LOOP ( 'NONE', ( #4207, #8657, #2401, #6932 ) ) ;
#584 = CARTESIAN_POINT ( 'NONE',  ( 1.488330719287502379, 39.92573895469773504, 288.2459622465262896 ) ) ;
#585 = DIRECTION ( 'NONE',  ( 0.000000000000000000, 0.07497872682632604480, -0.9971851335251159520 ) ) ;
#586 = CARTESIAN_POINT ( 'NONE',  ( -8.244695214740227485, 42.26237740441215607, 246.5153005893436955 ) ) ;
#587 = ADVANCED_FACE ( 'NONE', ( #4429 ), #5616, .F. ) ;
#588 = CARTESIAN_POINT ( 'NONE',  ( -1.788897586348170865, 20.19855326254756278, 444.2540033977297185 ) ) ;
#589 = EDGE_LOOP ( 'NONE', ( #1334, #1656, #6481, #3320 ) ) ;
#590 = CARTESIAN_POINT ( 'NONE',  ( 28.52649240996227320, -9.360615050134562409, -39.65852415072266979 ) ) ;
#591 = CARTESIAN_POINT ( 'NONE',  ( 3.690885282890258967, 43.96894936874528526, 279.5962015101011389 ) ) ;
#592 = CARTESIAN_POINT ( 'NONE',  ( 0.7461940103012556502, 43.80372440424493874, 105.2564511888949568 ) ) ;
#594 = EDGE_CURVE ( 'NONE', #5418, #7919, #1544, .T. ) ;
#593 = CARTESIAN_POINT ( 'NONE',  ( -2.560296908970711272, -8.941921420989110914, 555.3173611246556902 ) ) ;
#595 = CARTESIAN_POINT ( 'NONE',  ( -3.332890259210015138, 36.96863609708685061, 318.1076023390998557 ) ) ;
#596 = CARTESIAN_POINT ( 'NONE',  ( 4.330780460423929057, 42.20895850876129884, 254.1277545821283184 ) ) ;
#597 = CARTESIAN_POINT ( 'NONE',  ( -49.29743671353512013, 37.20513467868398294, 254.3835889086999487 ) ) ;
#598 = EDGE_CURVE ( 'NONE', #7809, #358, #7037, .T. ) ;
#599 = CARTESIAN_POINT ( 'NONE',  ( -2.774301182607950889, 16.29813119291236490, -18.81720599228084723 ) ) ;
#600 = CARTESIAN_POINT ( 'NONE',  ( -0.6439064240737043532, 21.46413043535089571, 420.1635225391703443 ) ) ;
#601 = CARTESIAN_POINT ( 'NONE',  ( 14.43624244722752081, 44.49716190205091948, 255.0493122078510453 ) ) ;
#602 = CARTESIAN_POINT ( 'NONE',  ( 0.000000000000000000, 43.23531604227880365, 281.9339774583896769 ) ) ;
#603 = CARTESIAN_POINT ( 'NONE',  ( 0.3595368277330835971, 33.48357972714261166, 347.1134762235316202 ) ) ;
#604 = CARTESIAN_POINT ( 'NONE',  ( 0.000000000000000000, 23.07731326548116613, 429.8900929289059150 ) ) ;
#605 = CARTESIAN_POINT ( 'NONE',  ( -87.29032237503307101, -21.66930983638621200, 38.08868808560211505 ) ) ;
#606 = CARTESIAN_POINT ( 'NONE',  ( -1.482937896541829836, 36.36936749631112775, 323.7120358767706421 ) ) ;
#607 = CARTESIAN_POINT ( 'NONE',  ( -0.03120555552134008162, 22.82687143849233635, 413.2937314243127389 ) ) ;
#608 = CARTESIAN_POINT ( 'NONE',  ( 1.103303868676024369, 36.13672989382401823, 325.7332223236550703 ) ) ;
#609 = CARTESIAN_POINT ( 'NONE',  ( -2.185926744524377074, 40.47778957849398296, 281.2931440514612973 ) ) ;
#610 = CARTESIAN_POINT ( 'NONE',  ( -0.000000000000000000, -10.00000000000000000, -61.05776287854492068 ) ) ;
#611 = CARTESIAN_POINT ( 'NONE',  ( 2.575276621184612036E-14, 35.46042503095549847, 331.4493103031279588 ) ) ;
#612 = VERTEX_POINT ( 'NONE', #988 ) ;
#613 = VERTEX_POINT ( 'NONE', #944 ) ;
#614 = CARTESIAN_POINT ( 'NONE',  ( 77.40947463289504071, 21.01930611802427151, 121.3389839466043583 ) ) ;
#615 = VERTEX_POINT ( 'NONE', #7164 ) ;
#616 = CARTESIAN_POINT ( 'NONE',  ( -45.32979445019580567, 27.17150726749209610, 327.2113655738392026 ) ) ;
#617 = CARTESIAN_POINT ( 'NONE',  ( 10.75873108507565412, 28.50718523772502522, 374.6803470310309763 ) ) ;
#618 = AXIS2_PLACEMENT_3D ( 'NONE', #1481, #3558, #8818 ) ;
#619 = CARTESIAN_POINT ( 'NONE',  ( -24.83232690107565688, 36.53010548993810858, 285.7949498999019511 ) ) ;
#620 = CARTESIAN_POINT ( 'NONE',  ( 6.106915472579203197, 36.85560399524087671, 318.1296392484980515 ) ) ;
#621 = CARTESIAN_POINT ( 'NONE',  ( -2.545275847175124895, 40.44237786041291116, 280.9346450211577348 ) ) ;
#622 = CARTESIAN_POINT ( 'NONE',  ( -2.145165295397433169E-08, 42.33955562421409979, 255.0493127239866169 ) ) ;
#623 = CARTESIAN_POINT ( 'NONE',  ( 44.79208460059816588, 23.12775989327775505, 331.4493103031248324 ) ) ;
#624 = B_SPLINE_CURVE_WITH_KNOTS ( 'NONE', 3,
 ( #4423, #5987, #4598, #4552, #488, #1794, #7158, #7961, #5315, #8047, #399, #2471, #3919, #5229, #6619, #8548, #442, #5817, #3193, #5947 ),
 .UNSPECIFIED., .F., .F.,
 ( 4, 2, 2, 2, 2, 2, 2, 2, 2, 4 ),
 ( 0.003273027653110678788, 0.009141074075003009780, 0.01500912049689534164, 0.02087716691878767003, 0.02674521334068000189, 0.03261325976257233028, 0.03848130618446466561, 0.04141532939541082980, 0.04434935260635699400, 0.05021739902824931545 ),
 .UNSPECIFIED. ) ;
#625 = CARTESIAN_POINT ( 'NONE',  ( -58.62154318630234684, -4.489909763417698763, 423.0794994535144156 ) ) ;
#626 = CARTESIAN_POINT ( 'NONE',  ( -10.52556400493853239, 26.06503734415869289, 388.7809831318447209 ) ) ;
#627 = CARTESIAN_POINT ( 'NONE',  ( -3.066662445442843055, 41.65491474906183811, 263.6082741218962155 ) ) ;
#628 = ORIENTED_EDGE ( 'NONE', *, *, #5624, .F. ) ;
#629 = CARTESIAN_POINT ( 'NONE',  ( -28.79857966998858387, 32.02770738354686131, 315.5102458740848306 ) ) ;
#630 = CARTESIAN_POINT ( 'NONE',  ( 0.000000000000000000, 25.36656775831971444, 399.2299607653508815 ) ) ;
#631 = ORIENTED_EDGE ( 'NONE', *, *, #8358, .T. ) ;
#632 = CARTESIAN_POINT ( 'NONE',  ( 24.26796108561500631, 35.42244679458869427, 300.2547589961887411 ) ) ;
#633 = DIRECTION ( 'NONE',  ( 0.0001000150855565489437, 0.07497872645132401537, -0.9971851285376853724 ) ) ;
#634 = CARTESIAN_POINT ( 'NONE',  ( 1.301449182797287385E-13, 42.21799005192732324, 257.1511589280127623 ) ) ;
#635 = CARTESIAN_POINT ( 'NONE',  ( -11.83348334903680943, 41.82105349571516228, 247.8006896294623118 ) ) ;
#636 = CARTESIAN_POINT ( 'NONE',  ( -1.331304062742782568, 10.42035447031314632, 486.5845591189742549 ) ) ;
#637 = DIRECTION ( 'NONE',  ( 0.000000000000000000, 0.000000000000000000, -1.000000000000000000 ) ) ;
#638 = EDGE_LOOP ( 'NONE', ( #1059, #4833, #6455, #3833 ) ) ;
#639 = CARTESIAN_POINT ( 'NONE',  ( -1.897887140548182083, -1.930630389853631890, -51.65318905880917555 ) ) ;
#640 = CARTESIAN_POINT ( 'NONE',  ( -46.58609881065719804, 28.73178070194668976, 268.8419285150320661 ) ) ;
#641 = EDGE_CURVE ( 'NONE', #1923, #6301, #1879, .T. ) ;
#642 = CARTESIAN_POINT ( 'NONE',  ( -51.70263860078125617, 19.26326618461806461, 258.1664659383015419 ) ) ;
#643 = CARTESIAN_POINT ( 'NONE',  ( 0.7310486981965987896, -8.789701471681548028, 555.1481419457635411 ) ) ;
#644 = CARTESIAN_POINT ( 'NONE',  ( 0.4490042884857440852, 42.45783480700288237, 253.2456423972775497 ) ) ;
#645 = CARTESIAN_POINT ( 'NONE',  ( -149.9999999999997442, 16.09349136664861390, 256.0566200932159404 ) ) ;
#646 = CARTESIAN_POINT ( 'NONE',  ( 25.25810368633090164, 30.80518904790463353, 56.02471470947404697 ) ) ;
#647 = CARTESIAN_POINT ( 'NONE',  ( -12.15440032343110488, 23.23033100938510032, 401.4538862775860366 ) ) ;
#648 = CARTESIAN_POINT ( 'NONE',  ( -8.966662445442795004, 40.79772887234982193, 273.2159697483079412 ) ) ;
#649 = CARTESIAN_POINT ( 'NONE',  ( -0.3064969168496061158, 33.48750806823929338, 347.0478594986341250 ) ) ;
#650 = CARTESIAN_POINT ( 'NONE',  ( -0.7173949448069911750, -1.055981849285397622, 529.3660285409472408 ) ) ;
#651 = B_SPLINE_CURVE_WITH_KNOTS ( 'NONE', 3,
 ( #8834, #6719, #544, #8245 ),
 .UNSPECIFIED., .F., .F.,
 ( 4, 4 ),
 ( 0.4471396634420208294, 0.4555920622586801527 ),
 .UNSPECIFIED. ) ;
#652 = ADVANCED_FACE ( 'NONE', ( #1625 ), #7566, .T. ) ;
#653 = CARTESIAN_POINT ( 'NONE',  ( 1.907686475920280733, -14.87480540429338483, -66.10224707556027113 ) ) ;
#654 = CARTESIAN_POINT ( 'NONE',  ( -35.43444498268090115, 28.21773501864045741, 322.6966018515953465 ) ) ;
#655 = CARTESIAN_POINT ( 'NONE',  ( 11.20853491542811398, 23.36146417920840079, 402.0354662630213056 ) ) ;
#656 = CARTESIAN_POINT ( 'NONE',  ( 35.43444498268091536, 28.21773501864045386, 322.6966018515954033 ) ) ;
#657 = CARTESIAN_POINT ( 'NONE',  ( -56.50313792499103016, -10.80253914119058045, 197.8140775424655544 ) ) ;
#658 = CARTESIAN_POINT ( 'NONE',  ( 3.066662445442837726, 43.38720806061535740, 279.3396071913397236 ) ) ;
#659 = ORIENTED_EDGE ( 'NONE', *, *, #5517, .T. ) ;
#660 = VERTEX_POINT ( 'NONE', #5953 ) ;
#661 = CARTESIAN_POINT ( 'NONE',  ( 15.55331741631335696, 45.35218854345084338, 234.3705618064915370 ) ) ;
#662 = ORIENTED_EDGE ( 'NONE', *, *, #3285, .F. ) ;
#663 = CARTESIAN_POINT ( 'NONE',  ( -48.61525873602385417, 30.10376331539984207, 288.9044606252030576 ) ) ;
#664 = CARTESIAN_POINT ( 'NONE',  ( 33.69369752895848791, 23.52896732519134915, 358.0380900160928377 ) ) ;
#665 = CARTESIAN_POINT ( 'NONE',  ( 0.5249723758485898006, 40.71241028059151290, 279.4388295447181463 ) ) ;
#666 = CARTESIAN_POINT ( 'NONE',  ( 30.39798363599423325, 30.99036788974500922, 318.4352733414857539 ) ) ;
#667 = CARTESIAN_POINT ( 'NONE',  ( -3.066662445442843055, 40.44237786041291116, 279.6794311683192404 ) ) ;
#668 = DIRECTION ( 'NONE',  ( 1.000000000000000000, 0.000000000000000000, 0.000000000000000000 ) ) ;
#669 = CARTESIAN_POINT ( 'NONE',  ( 0.000000000000000000, -24.70179936576349533, -76.17517795805076730 ) ) ;
#670 = CARTESIAN_POINT ( 'NONE',  ( 2.152184834420973747, -0.9668156101559031157, 529.2511884921991623 ) ) ;
#671 = CARTESIAN_POINT ( 'NONE',  ( -28.50116157467936162, 21.91214218928241309, 378.0987822202800999 ) ) ;
#672 = CARTESIAN_POINT ( 'NONE',  ( 0.08238321513747241809, 34.53179644732971099, 339.1229450796939773 ) ) ;
#673 = ORIENTED_EDGE ( 'NONE', *, *, #7406, .T. ) ;
#674 = CARTESIAN_POINT ( 'NONE',  ( -28.79214673724711204, 31.93750489276673932, 316.3403703164089507 ) ) ;
#675 = DIRECTION ( 'NONE',  ( -6.590423098898467265E-17, -0.9971851335251159520, -0.07497872682632604480 ) ) ;
#676 = EDGE_LOOP ( 'NONE', ( #6048, #961, #5424, #6900 ) ) ;
#677 = CARTESIAN_POINT ( 'NONE',  ( 2.623474876541413536, 39.16756039716800331, 296.8988425611041180 ) ) ;
#678 = DIRECTION ( 'NONE',  ( 0.000000000000000000, 0.000000000000000000, 1.000000000000000000 ) ) ;
#679 = CARTESIAN_POINT ( 'NONE',  ( -0.4873802908429390457, 45.38535174973728914, 260.7910082619118839 ) ) ;
#680 = CARTESIAN_POINT ( 'NONE',  ( -7.507023827474275102, 42.34578183456676470, 246.2619933319868437 ) ) ;
#681 = CARTESIAN_POINT ( 'NONE',  ( -1.996956094114173741, 10.46350476607578983, 486.5475114404366082 ) ) ;
#682 = CARTESIAN_POINT ( 'NONE',  ( -10.86021823505048722, 34.91088230658104408, 331.4493103031246051 ) ) ;
#683 = VERTEX_POINT ( 'NONE', #6537 ) ;
#684 = CARTESIAN_POINT ( 'NONE',  ( 0.000000000000000000, -2.015148108693687767, -51.69602975127715183 ) ) ;
#685 = B_SPLINE_CURVE_WITH_KNOTS ( 'NONE', 3,
 ( #7757, #1675, #2227, #2353, #6544, #7796, #7211, #6418, #4313, #3669, #4395, #1632, #7881, #7127, #6375, #5154 ),
 .UNSPECIFIED., .F., .F.,
 ( 4, 2, 2, 2, 2, 2, 2, 4 ),
 ( 1.693999886994382596E-16, 0.0005083940010487874792, 0.001016788002097405606, 0.001525182003146023516, 0.002033576004194642076, 0.002541970005243260420, 0.003050364006291877896, 0.004067152008389115017 ),
 .UNSPECIFIED. ) ;
#686 = CARTESIAN_POINT ( 'NONE',  ( -20.54935733385169172, 39.81201358054303796, 255.0493119892904872 ) ) ;
#687 = CARTESIAN_POINT ( 'NONE',  ( -13.54813737520549211, 40.13515756296146009, 273.9508581421432609 ) ) ;
#688 = CARTESIAN_POINT ( 'NONE',  ( -54.82390645621840264, 12.55502082587985413, 233.5480463257898407 ) ) ;
#689 = CARTESIAN_POINT ( 'NONE',  ( -2.562910308763635570, -10.10991166068970415, 559.0556826788819080 ) ) ;
#690 = VECTOR ( 'NONE', #917, 1000.000000000000114 ) ;
#691 = CARTESIAN_POINT ( 'NONE',  ( -0.4103178825103425686, 42.49907041476689784, 253.1178265330522663 ) ) ;
#692 = CARTESIAN_POINT ( 'NONE',  ( 1.974914245429317816, 47.28203194932483200, 155.6413165022189844 ) ) ;
#693 = CARTESIAN_POINT ( 'NONE',  ( 19.23958081385339014, 44.36215661290071921, 164.4211870057072531 ) ) ;
#694 = CARTESIAN_POINT ( 'NONE',  ( -11.96719329242308127, 21.88469921023668263, 408.1961811811664802 ) ) ;
#695 = CARTESIAN_POINT ( 'NONE',  ( 0.000000000000000000, 25.36656775831971444, 399.2299607653508815 ) ) ;
#696 = CARTESIAN_POINT ( 'NONE',  ( -0.4925328532972795825, 33.48817113226890285, 347.0288811769763129 ) ) ;
#697 = CARTESIAN_POINT ( 'NONE',  ( 10.27266192055210858, 5.123073895678157186, 494.0455122256950062 ) ) ;
#698 = AXIS2_PLACEMENT_3D ( 'NONE', #7198, #2514, #7286 ) ;
#699 = CARTESIAN_POINT ( 'NONE',  ( 0.9552145398446717506, -19.79945804760096095, -71.14787201309992781 ) ) ;
#700 = CARTESIAN_POINT ( 'NONE',  ( -24.00014638285695767, 33.24871146226936958, 321.3829948216896923 ) ) ;
#701 = CARTESIAN_POINT ( 'NONE',  ( 28.35425987981149731, 20.66181754262526837, 383.9460901306231904 ) ) ;
#702 = CARTESIAN_POINT ( 'NONE',  ( 2.603986643672329127, 36.12114350425600406, 325.6899034118094391 ) ) ;
#703 = CARTESIAN_POINT ( 'NONE',  ( -87.03917095743797461, -14.78840956284643582, 45.13835781979638995 ) ) ;
#704 = CARTESIAN_POINT ( 'NONE',  ( 0.000000000000000000, 43.23531604227880365, 281.9339774583896769 ) ) ;
#705 = CARTESIAN_POINT ( 'NONE',  ( 0.000000000000000000, 185.1096706392855253, 321.3063183948597725 ) ) ;
#706 = ORIENTED_EDGE ( 'NONE', *, *, #4743, .F. ) ;
#707 = EDGE_LOOP ( 'NONE', ( #3773, #2595, #7550, #5473 ) ) ;
#708 = EDGE_CURVE ( 'NONE', #406, #7919, #2736, .T. ) ;
#709 = CARTESIAN_POINT ( 'NONE',  ( 59.97550560955480847, 34.43158503966466810, 201.9292928342558184 ) ) ;
#710 = CARTESIAN_POINT ( 'NONE',  ( -20.54659206494643087, 32.52337252265841272, 335.4219580465470472 ) ) ;
#711 = CARTESIAN_POINT ( 'NONE',  ( 25.78490570842682672, 26.50315124793270982, 361.5958146426769417 ) ) ;
#712 = CARTESIAN_POINT ( 'NONE',  ( -29.38114293788301978, 33.95814869137397096, 294.5156558505811404 ) ) ;
#713 = CARTESIAN_POINT ( 'NONE',  ( 42.93688162801677066, 25.37051029657303403, 318.5810812356140218 ) ) ;
#714 = ADVANCED_FACE ( 'NONE', ( #8687 ), #2476, .T. ) ;
#715 = CARTESIAN_POINT ( 'NONE',  ( 43.69393294445440290, 30.20197228874202366, 264.3169307905898791 ) ) ;
#716 = CARTESIAN_POINT ( 'NONE',  ( 39.42660889572429994, 36.05714782009419395, 260.0932995455095806 ) ) ;
#717 = CARTESIAN_POINT ( 'NONE',  ( 45.82569442659306702, 23.86344445981060503, 322.9671793198166938 ) ) ;
#718 = CARTESIAN_POINT ( 'NONE',  ( 0.7173949448069911750, -1.055981849285397622, 529.3660285409472408 ) ) ;
#719 = CARTESIAN_POINT ( 'NONE',  ( -11.52518909321262974, 25.95267542916557701, 388.3008418815604159 ) ) ;
#720 = CARTESIAN_POINT ( 'NONE',  ( 0.6882059022438253848, 35.53274490769013028, 330.8283870767982080 ) ) ;
#721 = ORIENTED_EDGE ( 'NONE', *, *, #7419, .F. ) ;
#722 = CARTESIAN_POINT ( 'NONE',  ( -17.00303261524652498, 35.81261310934849007, 315.9055692668057986 ) ) ;
#723 = CARTESIAN_POINT ( 'NONE',  ( 0.000000000000000000, 37.42840340034359770, 307.1936396950425205 ) ) ;
#724 = VERTEX_POINT ( 'NONE', #1030 ) ;
#725 = CARTESIAN_POINT ( 'NONE',  ( 0.3332135232252845247, 38.40545202071111675, 305.1160666081720478 ) ) ;
#726 = CARTESIAN_POINT ( 'NONE',  ( 1.305659868315106387, 43.22029972089209338, 281.8010472961809114 ) ) ;
#727 = CARTESIAN_POINT ( 'NONE',  ( 1.116050611302266127E-14, 42.09068563245797634, 259.2526293898255858 ) ) ;
#728 = CARTESIAN_POINT ( 'NONE',  ( -45.68555551570842255, 28.85887378803766978, 270.8674917357460004 ) ) ;
#729 = CARTESIAN_POINT ( 'NONE',  ( -0.6435512270066479079, 13.79511502585091876, 472.5222654459706177 ) ) ;
#730 = CARTESIAN_POINT ( 'NONE',  ( -0.3111141744299827927, 44.79225421564221676, 261.3537278318258359 ) ) ;
#731 = ORIENTED_EDGE ( 'NONE', *, *, #8572, .T. ) ;
#732 = CARTESIAN_POINT ( 'NONE',  ( 150.0000000000000284, 2.675617566335641406, 211.3246760485956202 ) ) ;
#733 = CARTESIAN_POINT ( 'NONE',  ( -8.248188311713404275, 21.89481178344741963, 412.8571907975976956 ) ) ;
#734 = CARTESIAN_POINT ( 'NONE',  ( 42.94552767142586447, 25.57033405199092257, 316.8137277808968406 ) ) ;
#735 = CARTESIAN_POINT ( 'NONE',  ( 0.6277691709715089718, 42.50925234496399696, 253.0872791413165146 ) ) ;
#736 = CARTESIAN_POINT ( 'NONE',  ( -11.32133923080468918, 30.04935886603911399, 33.43650446410281063 ) ) ;
#737 = CARTESIAN_POINT ( 'NONE',  ( 0.000000000000000000, -9.999999999999710454, 558.9422371214541272 ) ) ;
#738 = CARTESIAN_POINT ( 'NONE',  ( 0.2561210974988155642, 41.90671274152295922, 262.0277463343409181 ) ) ;
#739 = CARTESIAN_POINT ( 'NONE',  ( -56.11130722957283723, 35.86224107201260836, 219.6474666994794234 ) ) ;
#740 = CARTESIAN_POINT ( 'NONE',  ( 0.000000000000000000, 37.42084218078985458, 58.72214691171561185 ) ) ;
#741 = CARTESIAN_POINT ( 'NONE',  ( -33.15791094102966952, 16.51370266510663498, 391.5328385834220626 ) ) ;
#742 = CARTESIAN_POINT ( 'NONE',  ( -9.770080354281045903E-14, 37.85498796716760950, 310.2341831866867210 ) ) ;
#743 = CARTESIAN_POINT ( 'NONE',  ( -16.09556541588332834, 31.27071630505280808, 351.7495214854602068 ) ) ;
#744 = CARTESIAN_POINT ( 'NONE',  ( 2.463040405063526617, 2.764101418705058322, 515.2409785199594126 ) ) ;
#745 = DIRECTION ( 'NONE',  ( 0.9994013588151230421, 0.03459658940540342315, -1.603534044474394683E-13 ) ) ;
#746 = CARTESIAN_POINT ( 'NONE',  ( -0.3349409227980109094, 36.60807506162974789, 321.6944177351070380 ) ) ;
#747 = CARTESIAN_POINT ( 'NONE',  ( 31.61804425272692853, 19.56515577831147468, 381.6657709519793684 ) ) ;
#748 = CARTESIAN_POINT ( 'NONE',  ( 3.330249002698003391, 35.63831496465099491, 329.6547892180512349 ) ) ;
#749 = CARTESIAN_POINT ( 'NONE',  ( -28.58244982384469424, -15.21890313945408657, -45.70561207615780575 ) ) ;
#750 = CARTESIAN_POINT ( 'NONE',  ( -5.464736131126167074, 41.96189170896330012, 256.6579692524757093 ) ) ;
#751 = EDGE_LOOP ( 'NONE', ( #5840, #6810, #5714, #7950 ) ) ;
#752 = VERTEX_POINT ( 'NONE', #7967 ) ;
#753 = CARTESIAN_POINT ( 'NONE',  ( 48.66052223538312660, 20.01856953383997606, 283.3055368768748394 ) ) ;
#754 = CARTESIAN_POINT ( 'NONE',  ( -3.329211904807630518, 34.66679928059427596, 337.4224489052871263 ) ) ;
#755 = CARTESIAN_POINT ( 'NONE',  ( 9.815686422344764850, 29.81097449769441710, 367.9119914097988158 ) ) ;
#756 = CARTESIAN_POINT ( 'NONE',  ( -39.86522937409063161, 29.58389056696450936, 291.6768775190662382 ) ) ;
#757 = ADVANCED_FACE ( 'NONE', ( #2385 ), #4604, .T. ) ;
#758 = CARTESIAN_POINT ( 'NONE',  ( 10.60227413410576602, 36.54164112721421276, 318.1687248798251062 ) ) ;
#759 = CARTESIAN_POINT ( 'NONE',  ( -2.998894493888414559, 40.44237786041291116, 280.0191164537584996 ) ) ;
#760 = CARTESIAN_POINT ( 'NONE',  ( 24.54877487504606748, 42.21902366365255688, 255.0493118463000997 ) ) ;
#761 = CARTESIAN_POINT ( 'NONE',  ( 0.000000000000000000, 7.905339886619993095, -35.92712258355483357 ) ) ;
#762 = CARTESIAN_POINT ( 'NONE',  ( -7.162406742956792804, -5.196939195804247902, 540.7780944250159791 ) ) ;
#763 = CARTESIAN_POINT ( 'NONE',  ( -2.497939340393152463, 28.98902171812535755, 377.0706807968492171 ) ) ;
#764 = CARTESIAN_POINT ( 'NONE',  ( 0.08855976767299962582, 35.53201032376981061, 330.8573813594871353 ) ) ;
#765 = ORIENTED_EDGE ( 'NONE', *, *, #6336, .T. ) ;
#766 = ADVANCED_FACE ( 'NONE', ( #1847 ), #1207, .F. ) ;
#767 = VECTOR ( 'NONE', #1431, 1000.000000000000114 ) ;
#768 = CARTESIAN_POINT ( 'NONE',  ( -17.00747521142072216, 35.91370042817539598, 314.9693833545690040 ) ) ;
#769 = CARTESIAN_POINT ( 'NONE',  ( 30.69076548686742001, 32.69354060239919590, 301.6633441487367691 ) ) ;
#770 = CARTESIAN_POINT ( 'NONE',  ( 0.003294345898725401563, 37.16042184082672861, 328.4493103031245482 ) ) ;
#771 = DIRECTION ( 'NONE',  ( 0.000000000000000000, 0.5273291391947593221, -0.8496610965297364260 ) ) ;
#772 = CARTESIAN_POINT ( 'NONE',  ( 0.4799070910601092033, 43.34429703699708369, 235.1319367037014558 ) ) ;
#773 = VECTOR ( 'NONE', #3356, 1000.000000000000000 ) ;
#774 = CARTESIAN_POINT ( 'NONE',  ( -1.287102454013295816, 13.83400975319627690, 472.5008445009838169 ) ) ;
#775 = CARTESIAN_POINT ( 'NONE',  ( 86.91359524864041930, -11.34795942607654595, 48.66319268689352384 ) ) ;
#776 = CARTESIAN_POINT ( 'NONE',  ( -44.43371826460703744, 29.83019200268941162, 265.3029868598646885 ) ) ;
#777 = CARTESIAN_POINT ( 'NONE',  ( 0.3357327115768495851, 37.18158367539135156, 316.5356863882348648 ) ) ;
#778 = CARTESIAN_POINT ( 'NONE',  ( -44.65153335066310092, 28.39618331097550907, 281.9263449228060949 ) ) ;
#779 = CARTESIAN_POINT ( 'NONE',  ( -56.11130722957283723, 35.86224107201260836, 219.6474666994794234 ) ) ;
#780 = DIRECTION ( 'NONE',  ( 0.000000000000000000, 0.000000000000000000, -1.000000000000000000 ) ) ;
#781 = CARTESIAN_POINT ( 'NONE',  ( 2.711080505810965491, 41.78402653207211870, 262.4778187876394213 ) ) ;
#782 = CARTESIAN_POINT ( 'NONE',  ( 68.02388392350869140, 29.98456005054444162, 166.0820768548770161 ) ) ;
#783 = CARTESIAN_POINT ( 'NONE',  ( -31.38199820617700198, 17.06724821065929731, 392.8754993547135541 ) ) ;
#784 = CARTESIAN_POINT ( 'NONE',  ( 8.966662445442949547, 39.51599730184516091, 290.2403783310925860 ) ) ;
#785 = CARTESIAN_POINT ( 'NONE',  ( -33.81172319317720820, 25.53260306295540616, 346.3453757413150242 ) ) ;
#786 = CARTESIAN_POINT ( 'NONE',  ( 149.9999999999995168, -1.113709569569687474, 417.4376239672698148 ) ) ;
#787 = CARTESIAN_POINT ( 'NONE',  ( -150.0000000000000284, 2.675617566335641406, 211.3246760485956202 ) ) ;
#788 = CARTESIAN_POINT ( 'NONE',  ( -38.96789776793538351, 26.63416489093135198, 322.5752070059790526 ) ) ;
#789 = CARTESIAN_POINT ( 'NONE',  ( -0.3150851794422633301, 21.49399922497260107, 420.2498190360686294 ) ) ;
#790 = CARTESIAN_POINT ( 'NONE',  ( -0.4656050514993544387, 35.17942646532918616, 333.8042978909677458 ) ) ;
#791 = CARTESIAN_POINT ( 'NONE',  ( -3.323413742140344684, -2.163148135800812888, -51.77104861990689955 ) ) ;
#792 = DIRECTION ( 'NONE',  ( 0.000000000000000000, 0.1897509006088690942, -0.9818322645534331983 ) ) ;
#793 = LINE ( 'NONE', #5493, #767 ) ;
#794 = VERTEX_POINT ( 'NONE', #4473 ) ;
#795 = ORIENTED_EDGE ( 'NONE', *, *, #534, .F. ) ;
#796 = CARTESIAN_POINT ( 'NONE',  ( 13.42993013484968756, 41.72605030748574251, 299.6411483311551933 ) ) ;
#797 = CARTESIAN_POINT ( 'NONE',  ( -33.63702070575116210, 27.62770733668778078, 333.3285218116466240 ) ) ;
#798 = CARTESIAN_POINT ( 'NONE',  ( 25.64257422051521829, 25.34339388348032074, 367.8194470192212293 ) ) ;
#799 = CARTESIAN_POINT ( 'NONE',  ( -31.00169773118804528, 33.20072707652336419, 295.0199855162106246 ) ) ;
#800 = CARTESIAN_POINT ( 'NONE',  ( 38.96839832985349972, 27.02156604254547290, 319.2827805845896592 ) ) ;
#801 = CARTESIAN_POINT ( 'NONE',  ( 1.008678122121682470E-08, 26.16404423486584818, 413.8493118439171781 ) ) ;
#802 = CARTESIAN_POINT ( 'NONE',  ( 35.38478444983289961, 38.01517696108416544, 257.5731558881441288 ) ) ;
#803 = CARTESIAN_POINT ( 'NONE',  ( 28.52649240996227320, -9.360615050134562409, -39.65852415072266979 ) ) ;
#804 = CARTESIAN_POINT ( 'NONE',  ( 1.996956094114173741, 10.46350476607578983, 486.5475114404366082 ) ) ;
#805 = CARTESIAN_POINT ( 'NONE',  ( -36.94184215808404304, 20.09463062793598098, 367.5587811426929079 ) ) ;
#806 = CARTESIAN_POINT ( 'NONE',  ( 8.873550694074504364, 33.22711675636364959, 345.9404403234393612 ) ) ;
#807 = ORIENTED_EDGE ( 'NONE', *, *, #5275, .T. ) ;
#808 = CARTESIAN_POINT ( 'NONE',  ( -22.37952929879045172, 34.48957775826488614, 315.2004964348695921 ) ) ;
#809 = CARTESIAN_POINT ( 'NONE',  ( -0.4611496582131794919, 38.41158659192533520, 305.0676031036438758 ) ) ;
#810 = DIRECTION ( 'NONE',  ( 0.000000000000000000, 0.000000000000000000, 1.000000000000000000 ) ) ;
#811 = CARTESIAN_POINT ( 'NONE',  ( 0.003294345898725401563, 37.16042184082672861, 331.4493103031246051 ) ) ;
#812 = CARTESIAN_POINT ( 'NONE',  ( -4.494986300756496078, 42.97192442428352166, 236.3081894456110774 ) ) ;
#813 = CARTESIAN_POINT ( 'NONE',  ( 60.00892403416684573, -10.87759879526569584, 448.8723920580213189 ) ) ;
#814 = CARTESIAN_POINT ( 'NONE',  ( -0.8988173065986810872, 24.74562245569138952, 4.905429404791115111 ) ) ;
#815 = ADVANCED_FACE ( 'NONE', ( #8553 ), #7292, .F. ) ;
#816 = CARTESIAN_POINT ( 'NONE',  ( -21.15890108542896542, 18.78612264345269978, 406.6227797141471569 ) ) ;
#817 = CARTESIAN_POINT ( 'NONE',  ( 1.105589698327656523, 37.17678106999777299, 316.5465042402861968 ) ) ;
#818 = CARTESIAN_POINT ( 'NONE',  ( -40.77986365588720474, 30.23715869220158581, 279.9010564179379799 ) ) ;
#819 = CARTESIAN_POINT ( 'NONE',  ( 1.730417408365614973, 47.76473948255436142, 204.8872388650783591 ) ) ;
#820 = CARTESIAN_POINT ( 'NONE',  ( -30.43539435454004760, 29.36447815839711595, 331.4493103031248893 ) ) ;
#821 = CARTESIAN_POINT ( 'NONE',  ( 49.41977402203644232, 26.58002309791017836, 283.9080698943994321 ) ) ;
#822 = EDGE_CURVE ( 'NONE', #1957, #6612, #3503, .T. ) ;
#823 = CIRCLE ( 'NONE', #5862, 1.000000000000000888 ) ;
#824 = CARTESIAN_POINT ( 'NONE',  ( -0.9490617160165060184, 42.54358218907552924, 298.1207295063137508 ) ) ;
#825 = CARTESIAN_POINT ( 'NONE',  ( -29.69575258243325777, 17.60240274790784198, 394.2255377897466815 ) ) ;
#826 = CARTESIAN_POINT ( 'NONE',  ( -33.03633095656162055, 21.02711613838863158, 389.0746662281788417 ) ) ;
#827 = CARTESIAN_POINT ( 'NONE',  ( -7.692663570022006958, 34.33853322027991339, 338.4139209475419534 ) ) ;
#828 = CARTESIAN_POINT ( 'NONE',  ( -2.152184834420973747, -0.9668156101559031157, 529.2511884921991623 ) ) ;
#829 = VECTOR ( 'NONE', #4297, 1000.000000000000000 ) ;
#830 = CARTESIAN_POINT ( 'NONE',  ( -3.313916258227276757, 1.354737596468937211, -46.71700391772461813 ) ) ;
#831 = CARTESIAN_POINT ( 'NONE',  ( -27.20629842547661781, 31.84270024615725703, 322.9911612667397662 ) ) ;
#832 = CARTESIAN_POINT ( 'NONE',  ( 0.4383766300862175225, 22.81473117536769735, 413.2454347021583203 ) ) ;
#833 = CARTESIAN_POINT ( 'NONE',  ( 38.96501799195608839, 26.09547326630703878, 326.9055219717420755 ) ) ;
#834 = CARTESIAN_POINT ( 'NONE',  ( -150.0000000000000284, 4.861445216433631700, 214.0141223977753668 ) ) ;
#835 = DIRECTION ( 'NONE',  ( -0.000000000000000000, -0.000000000000000000, 1.000000000000000000 ) ) ;
#836 = DIRECTION ( 'NONE',  ( 0.000000000000000000, 1.000000000000000000, 0.000000000000000000 ) ) ;
#837 = CIRCLE ( 'NONE', #6583, 1.000000000000000888 ) ;
#838 = ORIENTED_EDGE ( 'NONE', *, *, #4194, .F. ) ;
#839 = EDGE_LOOP ( 'NONE', ( #2294, #1072, #6118, #5507, #7933, #7412 ) ) ;
#840 = CARTESIAN_POINT ( 'NONE',  ( 0.000000000000000000, 47.06380252744634163, 155.7186040356210128 ) ) ;
#841 = CARTESIAN_POINT ( 'NONE',  ( -0.1332247303598244614, 35.18219636583641119, 333.7696816903089143 ) ) ;
#842 = CARTESIAN_POINT ( 'NONE',  ( -0.5736476297423480641, 26.63727513695780047, 392.1247545072464504 ) ) ;
#843 = CARTESIAN_POINT ( 'NONE',  ( 27.20868460133211997, 32.27936397989529382, 319.2316305058336070 ) ) ;
#844 = DIRECTION ( 'NONE',  ( 1.000000000000000000, 0.000000000000000000, 0.000000000000000000 ) ) ;
#845 = DIRECTION ( 'NONE',  ( 0.000000000000000000, 0.000000000000000000, -1.000000000000000000 ) ) ;
#846 = CARTESIAN_POINT ( 'NONE',  ( 3.323413742140344684, -2.163148135800812888, -51.77104861990689955 ) ) ;
#847 = CARTESIAN_POINT ( 'NONE',  ( 0.7310486981965987896, -8.789701471681548028, 555.1481419457635411 ) ) ;
#848 = CARTESIAN_POINT ( 'NONE',  ( -19.19333969391575323, 27.12954693266385320, 371.0867712626789512 ) ) ;
#849 = CARTESIAN_POINT ( 'NONE',  ( -0.3595368277330835971, 33.48357972714261166, 347.1134762235316202 ) ) ;
#850 = VERTEX_POINT ( 'NONE', #723 ) ;
#851 = CARTESIAN_POINT ( 'NONE',  ( -4.752896045506771472, 37.41700489030178289, 313.5574221576414402 ) ) ;
#852 = CARTESIAN_POINT ( 'NONE',  ( 4.053712977307696974, 38.31296092184192048, 305.3694149436362864 ) ) ;
#853 = CARTESIAN_POINT ( 'NONE',  ( 9.789959243363554720, 38.48233284685087341, 331.4493103031244914 ) ) ;
#854 = CARTESIAN_POINT ( 'NONE',  ( 0.000000000000000000, 23.25966121672881570, 402.6247220052615035 ) ) ;
#855 = CYLINDRICAL_SURFACE ( 'NONE', #4432, 34.40000000000009805 ) ;
#856 = CARTESIAN_POINT ( 'NONE',  ( -0.7295355504911777977, -7.249700490246020479, 550.1677435810472616 ) ) ;
#857 = CARTESIAN_POINT ( 'NONE',  ( 55.14185912003974011, 11.14502422987850849, 230.0543043816361433 ) ) ;
#858 = CARTESIAN_POINT ( 'NONE',  ( -3.500046536259626695, 41.73447638649660263, 262.6598509425124917 ) ) ;
#859 = CARTESIAN_POINT ( 'NONE',  ( 1.536255518351238303, 46.03229346627335872, 252.4759691116221347 ) ) ;
#860 = CARTESIAN_POINT ( 'NONE',  ( -32.21463623280497046, 28.54567803984010865, 331.4493103031246619 ) ) ;
#861 = CARTESIAN_POINT ( 'NONE',  ( 0.2760104287934930234, 41.34495362190273227, 270.8442812721518749 ) ) ;
#862 = ADVANCED_FACE ( 'NONE', ( #3476 ), #2242, .F. ) ;
#863 = CARTESIAN_POINT ( 'NONE',  ( 7.301291994692240550, 46.93704426116289596, 207.1250189900836745 ) ) ;
#864 = CARTESIAN_POINT ( 'NONE',  ( 0.3811866495216058581, 25.38294568066384116, 399.2124619750746319 ) ) ;
#865 = CARTESIAN_POINT ( 'NONE',  ( -41.95442554095437515, 24.94043954472541103, 350.8671110142665270 ) ) ;
#866 = CARTESIAN_POINT ( 'NONE',  ( -2.484451725476857664, 34.52605103433061373, 338.9242573031800703 ) ) ;
#867 = CARTESIAN_POINT ( 'NONE',  ( -2.195384728526888374, -9.905849853371190505, 558.8450598447288939 ) ) ;
#868 = EDGE_CURVE ( 'NONE', #752, #495, #1679, .T. ) ;
#869 = CARTESIAN_POINT ( 'NONE',  ( 0.000000000000000000, 4.829427991817969890, -41.35103106569409448 ) ) ;
#870 = CARTESIAN_POINT ( 'NONE',  ( 0.4559458611502915648, 36.89687886257693350, 319.1165509866281127 ) ) ;
#871 = CARTESIAN_POINT ( 'NONE',  ( 0.4390221064662305217, 21.47100601537583131, 420.1862295920312818 ) ) ;
#872 = CARTESIAN_POINT ( 'NONE',  ( -0.2609059817994984765, 35.66407495078998124, 329.8216523587643110 ) ) ;
#873 = ADVANCED_FACE ( 'NONE', ( #4116 ), #486, .T. ) ;
#874 = CARTESIAN_POINT ( 'NONE',  ( 0.000000000000000000, 4.829427991817969890, -41.35103106569409448 ) ) ;
#875 = FACE_OUTER_BOUND ( 'NONE', #376, .T. ) ;
#876 = CARTESIAN_POINT ( 'NONE',  ( 3.066662445442846163, 41.68440282766588467, 263.7765291779801942 ) ) ;
#877 = VERTEX_POINT ( 'NONE', #537 ) ;
#878 = ORIENTED_EDGE ( 'NONE', *, *, #2921, .T. ) ;
#879 = CARTESIAN_POINT ( 'NONE',  ( -0.4709684984625378545, 40.21920836791927201, 320.0003648965263210 ) ) ;
#880 =( NAMED_UNIT ( * ) SI_UNIT ( $, .STERADIAN. ) SOLID_ANGLE_UNIT ( ) );
#881 = CARTESIAN_POINT ( 'NONE',  ( 6.367281761868368584, 27.66839039504128905, 383.4439211914911994 ) ) ;
#882 = CARTESIAN_POINT ( 'NONE',  ( 1.857856203083106950, 36.88351626832594121, 319.1212686132335534 ) ) ;
#883 = CARTESIAN_POINT ( 'NONE',  ( -35.78659866028929315, 18.04005269825196578, 379.6381129432435273 ) ) ;
#884 = CARTESIAN_POINT ( 'NONE',  ( 38.75922703547988135, 32.65698937380163613, 259.5984239251631038 ) ) ;
#885 = CARTESIAN_POINT ( 'NONE',  ( -7.832022336487479919, 38.63845375602138432, 331.4493103031247756 ) ) ;
#886 = CARTESIAN_POINT ( 'NONE',  ( 3.335770872489703276, -10.08423850523609744, -61.08048033209797012 ) ) ;
#887 = CARTESIAN_POINT ( 'NONE',  ( 0.000000000000000000, 40.21921743771114421, 320.0002838484802510 ) ) ;
#888 = CARTESIAN_POINT ( 'NONE',  ( -0.08406338690362454014, 30.18324465163365744, 370.0756828798382116 ) ) ;
#889 = CARTESIAN_POINT ( 'NONE',  ( 0.02517325022121298314, 33.48594538366501183, 347.0760488833866475 ) ) ;
#890 = ORIENTED_EDGE ( 'NONE', *, *, #3016, .F. ) ;
#891 = CARTESIAN_POINT ( 'NONE',  ( -47.85337207227537704, 23.99658537838402594, 315.5798414340624163 ) ) ;
#892 = CARTESIAN_POINT ( 'NONE',  ( 35.72930169488994068, 30.32149768253932365, 302.7306177985169029 ) ) ;
#893 = CARTESIAN_POINT ( 'NONE',  ( 28.86897637538965355, 17.03313241311483139, 398.1878926395421558 ) ) ;
#894 = PLANE ( 'NONE',  #4302 ) ;
#895 = CARTESIAN_POINT ( 'NONE',  ( -5.509241318674111968E-10, 38.88521462212378310, 331.4493103003381975 ) ) ;
#896 = CARTESIAN_POINT ( 'NONE',  ( -14.61713605283470763, 44.60612277303756201, 256.7277770913618156 ) ) ;
#897 = CARTESIAN_POINT ( 'NONE',  ( 35.62511535099858406, -12.77791609919348659, 499.3972652287001210 ) ) ;
#898 = CARTESIAN_POINT ( 'NONE',  ( 55.69582423788891390, 7.770729441803534421, 222.6473521244176652 ) ) ;
#899 =( GEOMETRIC_REPRESENTATION_CONTEXT ( 3 ) GLOBAL_UNCERTAINTY_ASSIGNED_CONTEXT ( ( #8825 ) ) GLOBAL_UNIT_ASSIGNED_CONTEXT ( ( #4818, #4191, #4909 ) ) REPRESENTATION_CONTEXT ( 'NONE', 'WORKASPACE' ) );
#900 = CARTESIAN_POINT ( 'NONE',  ( -1.484506031025015993, 37.11625096778959687, 317.0665270670627933 ) ) ;
#901 = CARTESIAN_POINT ( 'NONE',  ( -6.403712080581203558, 45.57724494206407684, 254.1058661924230933 ) ) ;
#902 = CARTESIAN_POINT ( 'NONE',  ( 0.000000000000000000, 37.94051747854554435, 339.2489579795957297 ) ) ;
#903 = CARTESIAN_POINT ( 'NONE',  ( 20.24824677114803961, 39.14621493163843979, 268.2567561169077521 ) ) ;
#904 = PRODUCT_DEFINITION_FORMATION_WITH_SPECIFIED_SOURCE ( 'ANY', '', #368, .NOT_KNOWN. ) ;
#905 = CARTESIAN_POINT ( 'NONE',  ( -0.5768058027885383243, 47.66852144650732015, 205.0091658014256382 ) ) ;
#906 = CARTESIAN_POINT ( 'NONE',  ( -31.50414302400009348, 18.34224284469039290, 387.3017905488179053 ) ) ;
#907 = CARTESIAN_POINT ( 'NONE',  ( -44.79208460059819430, 26.80341731187045440, 331.4493103031246619 ) ) ;
#908 = CARTESIAN_POINT ( 'NONE',  ( 0.4419311850217826354, 34.52867411141856735, 339.1633005974155139 ) ) ;
#909 = CARTESIAN_POINT ( 'NONE',  ( 0.3179421776353714701, 43.82866156281300363, 282.5823495050327665 ) ) ;
#910 = EDGE_CURVE ( 'NONE', #5350, #4103, #5366, .T. ) ;
#911 = CARTESIAN_POINT ( 'NONE',  ( 2.846830710822273236, -1.888371530433603951, -51.63176871257518741 ) ) ;
#912 = CARTESIAN_POINT ( 'NONE',  ( -27.20868460133211286, 32.27936397989527961, 319.2316305058336070 ) ) ;
#913 = CARTESIAN_POINT ( 'NONE',  ( 11.77080432093989337, 20.49520311401302664, 414.8871676060167033 ) ) ;
#914 = CARTESIAN_POINT ( 'NONE',  ( 7.421734179559668299, 35.47037407684511834, 329.4379740897438751 ) ) ;
#915 = VECTOR ( 'NONE', #3499, 1000.000000000000000 ) ;
#916 = CARTESIAN_POINT ( 'NONE',  ( -56.33277253066618329, -0.7343208053013621228, 208.3958578420063645 ) ) ;
#917 = DIRECTION ( 'NONE',  ( 6.590423098898467265E-17, -0.9971851335251159520, -0.07497872682632604480 ) ) ;
#918 = CARTESIAN_POINT ( 'NONE',  ( 2.185502863372110305, 41.83568196848641207, 261.9942034907531365 ) ) ;
#919 = ORIENTED_EDGE ( 'NONE', *, *, #5123, .F. ) ;
#920 = VERTEX_POINT ( 'NONE', #3288 ) ;
#921 = CARTESIAN_POINT ( 'NONE',  ( -0.5283684085479281034, 28.60797005037408525, 400.7130692314507883 ) ) ;
#922 = EDGE_CURVE ( 'NONE', #220, #2022, #389, .T. ) ;
#923 = CARTESIAN_POINT ( 'NONE',  ( -10.58935760369998036, 35.25306736790501816, 329.2546789084715897 ) ) ;
#924 = CARTESIAN_POINT ( 'NONE',  ( 0.2498479757966860504, 26.62856520616785261, 392.0240019859153904 ) ) ;
#925 = CARTESIAN_POINT ( 'NONE',  ( 35.43548908653687590, 28.61933113663314643, 319.2709219103737155 ) ) ;
#926 = CARTESIAN_POINT ( 'NONE',  ( -2.723286591404664225, 43.28064200072836343, 280.6391774029995645 ) ) ;
#927 = CARTESIAN_POINT ( 'NONE',  ( 41.23993781169306061, 31.42703146110824264, 261.6332454815799338 ) ) ;
#928 = CARTESIAN_POINT ( 'NONE',  ( 0.01039337678575912548, 23.09037415192558740, 413.8493118463000542 ) ) ;
#929 = CARTESIAN_POINT ( 'NONE',  ( 12.49172242615647477, -6.277043314077721980, -50.97366954480303747 ) ) ;
#930 = CARTESIAN_POINT ( 'NONE',  ( -7.192754217908762904, -10.02745025890519770, 556.6295491338239572 ) ) ;
#931 = CARTESIAN_POINT ( 'NONE',  ( -25.50024273260360985, 24.18363651902794231, 374.0430793957655737 ) ) ;
#932 = CARTESIAN_POINT ( 'NONE',  ( 24.54861200740960570, 30.18121252507058472, 342.7180418464069476 ) ) ;
#933 = EDGE_LOOP ( 'NONE', ( #8511, #4753 ) ) ;
#934 = CARTESIAN_POINT ( 'NONE',  ( 0.2603395618040538761, 38.41011846708905608, 305.0797020750515003 ) ) ;
#935 = CARTESIAN_POINT ( 'NONE',  ( 14.94100076360521179, 36.27271105663802331, 314.8934214659660711 ) ) ;
#936 = CARTESIAN_POINT ( 'NONE',  ( 5.966662445443056129, 37.71010751892143986, 310.2232895710617413 ) ) ;
#937 = CARTESIAN_POINT ( 'NONE',  ( 7.199780051661552882E-18, 38.16041641445455923, 331.4493103031246051 ) ) ;
#938 = CARTESIAN_POINT ( 'NONE',  ( 0.02806440367197630611, 43.31649070349386221, 235.1934903435581532 ) ) ;
#939 = CARTESIAN_POINT ( 'NONE',  ( 0.9573959518996042473, 36.00720964673208613, 354.6273715488849803 ) ) ;
#940 = CARTESIAN_POINT ( 'NONE',  ( 2.562172481296778770, -9.718372356699223502, 557.8072730852924224 ) ) ;
#941 = DIRECTION ( 'NONE',  ( 1.000000000000000000, 0.000000000000000000, 0.000000000000000000 ) ) ;
#942 = CARTESIAN_POINT ( 'NONE',  ( -16.99732549050167307, 35.60727931516733236, 317.7730091217710537 ) ) ;
#943 = CARTESIAN_POINT ( 'NONE',  ( -1.897151511910303734, 46.91140964979707206, 229.3722862163716343 ) ) ;
#944 = CARTESIAN_POINT ( 'NONE',  ( 1.203986708643585412E-14, 40.47442735768318300, 281.9339774583896769 ) ) ;
#945 = ORIENTED_EDGE ( 'NONE', *, *, #7590, .F. ) ;
#946 = CARTESIAN_POINT ( 'NONE',  ( 4.203500821917973695, 41.14970679790086194, 271.5685292541040212 ) ) ;
#947 = CARTESIAN_POINT ( 'NONE',  ( 1.661913757546996440, 42.51371960543011141, 298.3404751548967511 ) ) ;
#948 = CARTESIAN_POINT ( 'NONE',  ( 0.2072073600146288608, 26.63339782390278643, 392.0810569634166995 ) ) ;
#949 = CARTESIAN_POINT ( 'NONE',  ( -0.002921330002014570128, 43.83345489183761856, 282.5824874078609810 ) ) ;
#950 = CARTESIAN_POINT ( 'NONE',  ( -19.79044900244596406, 32.58129946888934825, 336.8039990327135911 ) ) ;
#951 = CARTESIAN_POINT ( 'NONE',  ( 35.60447105139471802, -13.62282190332221887, 502.3110443960222824 ) ) ;
#952 = CARTESIAN_POINT ( 'NONE',  ( 2.853196301606920837, -5.731608919956029169, -56.50461328002980821 ) ) ;
#953 = CARTESIAN_POINT ( 'NONE',  ( -14.93017708634683771, 35.80303684001141562, 319.1616627538168132 ) ) ;
#954 = CARTESIAN_POINT ( 'NONE',  ( 21.55912873203799052, 19.97251246818353110, 400.9692216157296798 ) ) ;
#955 = VECTOR ( 'NONE', #5465, 1000.000000000000114 ) ;
#956 = CARTESIAN_POINT ( 'NONE',  ( 1.478486999819993430, 34.68855720230736495, 337.5691283153362861 ) ) ;
#957 = CARTESIAN_POINT ( 'NONE',  ( -3.302423590642567852, 4.628195515106217073, -41.47021073289514703 ) ) ;
#958 = CARTESIAN_POINT ( 'NONE',  ( 5.464782804720388576, 189.1735176332723825, 267.2588841577981498 ) ) ;
#959 = PLANE ( 'NONE',  #6092 ) ;
#960 = ORIENTED_EDGE ( 'NONE', *, *, #3900, .T. ) ;
#961 = ORIENTED_EDGE ( 'NONE', *, *, #5396, .T. ) ;
#962 = CARTESIAN_POINT ( 'NONE',  ( 47.31906922256366244, 16.34140955976334197, 320.0000000000000568 ) ) ;
#963 = AXIS2_PLACEMENT_3D ( 'NONE', #5918, #6506, #8652 ) ;
#964 = CARTESIAN_POINT ( 'NONE',  ( -7.416344295251946050, 34.99577664867430116, 333.2727651267506985 ) ) ;
#965 = CARTESIAN_POINT ( 'NONE',  ( 13.61334079691739696, 26.93603821695189637, 380.4652544938508072 ) ) ;
#966 = CARTESIAN_POINT ( 'NONE',  ( 7.428202490003748437, 36.66744876244504070, 319.1352941046893079 ) ) ;
#967 = CARTESIAN_POINT ( 'NONE',  ( -1.308650453920309431, 43.81799408430418197, 282.4797896493715257 ) ) ;
#968 = VECTOR ( 'NONE', #7229, 1000.000000000000000 ) ;
#969 = CARTESIAN_POINT ( 'NONE',  ( 5.974697017077270027E-10, 43.83345410576623635, 282.5824894700288610 ) ) ;
#970 = EDGE_CURVE ( 'NONE', #5192, #752, #527, .T. ) ;
#971 = CARTESIAN_POINT ( 'NONE',  ( -42.96603682079152264, 34.27460880931239018, 263.3636148283385978 ) ) ;
#972 = CARTESIAN_POINT ( 'NONE',  ( -1.825295035117260989, 20.79892886237578864, -7.076416356319450429 ) ) ;
#973 = CARTESIAN_POINT ( 'NONE',  ( -2.562910308763635570, -10.10991166068970415, 559.0556826788819080 ) ) ;
#974 = CARTESIAN_POINT ( 'NONE',  ( -1.035104360791343492, 30.18139730459027703, 369.9429313215763955 ) ) ;
#975 = CARTESIAN_POINT ( 'NONE',  ( 0.2970229396243748154, 32.40008842230596287, 354.7851554909937022 ) ) ;
#976 = VERTEX_POINT ( 'NONE', #2758 ) ;
#977 = EDGE_CURVE ( 'NONE', #3474, #1519, #6304, .T. ) ;
#978 = CARTESIAN_POINT ( 'NONE',  ( 0.7212903503676828532, 37.12290093295501237, 317.0574880420298314 ) ) ;
#979 = CARTESIAN_POINT ( 'NONE',  ( -7.455700441146984048, 38.12016318207643906, 305.6293835007047051 ) ) ;
#980 = CARTESIAN_POINT ( 'NONE',  ( 10.60926251151745170, 36.91653260220520139, 314.7422220554056480 ) ) ;
#981 = CARTESIAN_POINT ( 'NONE',  ( 37.56395921713039598, 29.86327505812012362, 331.4493103031245482 ) ) ;
#982 = CARTESIAN_POINT ( 'NONE',  ( -3.066662445442833729, 40.60023194608182706, 279.3396071913396668 ) ) ;
#983 = CARTESIAN_POINT ( 'NONE',  ( 1.620083281009255805, 44.71284088611763252, 261.6168978091060353 ) ) ;
#984 = CARTESIAN_POINT ( 'NONE',  ( -150.0000000000000000, 14.77013292611521500, 320.0000541252218227 ) ) ;
#985 = CARTESIAN_POINT ( 'NONE',  ( -0.7310486981965987896, -8.789701471681548028, 555.1481419457635411 ) ) ;
#986 = CARTESIAN_POINT ( 'NONE',  ( -3.333091792161424038, 37.02499779076156727, 317.5987814240579041 ) ) ;
#987 = CARTESIAN_POINT ( 'NONE',  ( -41.93462905618955716, 26.32851893096475138, 364.7381377576680279 ) ) ;
#988 = CARTESIAN_POINT ( 'NONE',  ( 5.509241318674111968E-10, 38.88521462212378310, 331.4493103003381975 ) ) ;
#989 = CARTESIAN_POINT ( 'NONE',  ( 24.83232690107566754, 36.53010548993809437, 285.7949498999018942 ) ) ;
#990 = CARTESIAN_POINT ( 'NONE',  ( 0.000000000000000000, 42.53272745866301818, 298.2006047040866861 ) ) ;
#991 = CARTESIAN_POINT ( 'NONE',  ( -1.417800101687192615, 25.35032203758582625, 398.9727621427924191 ) ) ;
#992 = CARTESIAN_POINT ( 'NONE',  ( 1.768940506293022796, 43.22627417090649260, 281.5913250607981126 ) ) ;
#993 = CARTESIAN_POINT ( 'NONE',  ( -11.09841856878980337, 33.02431979241228532, 345.5663367025449020 ) ) ;
#994 = CARTESIAN_POINT ( 'NONE',  ( 7.193853010854474483, -10.41107745454391420, 557.8597997808570881 ) ) ;
#995 = CARTESIAN_POINT ( 'NONE',  ( -11.95892245156395362, 19.47318974129438018, -2.636757449170115120 ) ) ;
#996 = CARTESIAN_POINT ( 'NONE',  ( -8.062724197910778656, 36.56488017453555273, 319.6317310498636175 ) ) ;
#997 = CARTESIAN_POINT ( 'NONE',  ( -5.464782804720353049, 41.98730818261890363, 256.1918974770094906 ) ) ;
#998 = CARTESIAN_POINT ( 'NONE',  ( 30.37111288479593085, 29.47808889393062515, 330.7718359612434256 ) ) ;
#999 = CARTESIAN_POINT ( 'NONE',  ( -149.9999999999998863, 13.60113310668955400, 239.5281348986660817 ) ) ;
#1000 = DIRECTION ( 'NONE',  ( 0.000000000000000000, 0.1897509006088690942, -0.9818322645534331983 ) ) ;
#1001 = DIRECTION ( 'NONE',  ( 0.000000000000000000, 0.000000000000000000, -1.000000000000000000 ) ) ;
#1002 = VERTEX_POINT ( 'NONE', #6809 ) ;
#1003 = ORIENTED_EDGE ( 'NONE', *, *, #3071, .F. ) ;
#1004 = CARTESIAN_POINT ( 'NONE',  ( 0.000000000000000000, 32.02960972858872424, 380.5868600663628740 ) ) ;
#1005 = CARTESIAN_POINT ( 'NONE',  ( -0.7173258511514115643, 35.66600625074092790, 329.7781581271915456 ) ) ;
#1006 = CARTESIAN_POINT ( 'NONE',  ( 33.45060280677891740, 20.18279535051817319, 374.9997396386931428 ) ) ;
#1007 = CARTESIAN_POINT ( 'NONE',  ( 33.66898260382097874, 29.19395328784574417, 321.2129914850211776 ) ) ;
#1008 = DIRECTION ( 'NONE',  ( 0.000000000000000000, 0.000000000000000000, -1.000000000000000000 ) ) ;
#1009 = CARTESIAN_POINT ( 'NONE',  ( -46.89974890497296656, 32.21754066120747950, 269.6264808453011028 ) ) ;
#1010 = CARTESIAN_POINT ( 'NONE',  ( 80.59194385665391280, 16.18280436951648937, 103.7926928775323461 ) ) ;
#1011 = CARTESIAN_POINT ( 'NONE',  ( 1.462097396393197579, -8.755891532203142091, 555.1105562664688478 ) ) ;
#1012 = CARTESIAN_POINT ( 'NONE',  ( 3.179906470009636887, 32.38125871339487105, 354.4130359604330351 ) ) ;
#1013 = VERTEX_POINT ( 'NONE', #8828 ) ;
#1014 = B_SPLINE_CURVE_WITH_KNOTS ( 'NONE', 3,
 ( #3097, #1527, #4287, #5766, #7022, #3012, #2929, #7147, #5685, #2330, #7818, #5808, #8413, #2246, #7733, #2969, #5724 ),
 .UNSPECIFIED., .F., .F.,
 ( 4, 1, 1, 1, 1, 1, 1, 1, 1, 1, 2, 2, 4 ),
 ( 0.000000000000000000, 0.2500000000002480793, 0.3750000000003721468, 0.4375000000004341527, 0.4687500000004651279, 0.4843750000004806711, 0.4921875000004893308, 0.4960937500004927170, 0.4980468750004944378, 0.4990234375004943823, 0.4995117187504942713, 0.5000000000004941603, 1.000000000000000000 ),
 .UNSPECIFIED. ) ;
#1015 = EDGE_CURVE ( 'NONE', #4446, #5351, #2754, .T. ) ;
#1016 = CARTESIAN_POINT ( 'NONE',  ( 17.00303261524652143, 35.81261310934849718, 315.9055692668057986 ) ) ;
#1017 = CARTESIAN_POINT ( 'NONE',  ( -1.861953940885622716, 38.38112384090982232, 305.2155714443163106 ) ) ;
#1018 = CARTESIAN_POINT ( 'NONE',  ( 1.105447905394726149, 37.06373119648059600, 317.5769489283615030 ) ) ;
#1019 = CARTESIAN_POINT ( 'NONE',  ( 7.433710307613480062, 37.15999761884187791, 314.6488765593522885 ) ) ;
#1020 = CARTESIAN_POINT ( 'NONE',  ( 7.500000000000000000, 23.25966121672881570, 402.6247220052615035 ) ) ;
#1021 = DIRECTION ( 'NONE',  ( -1.000000000000000000, -4.144127374773674457E-16, 6.390485304648115469E-15 ) ) ;
#1022 = CARTESIAN_POINT ( 'NONE',  ( 2.089710139254493448, 45.25499927983970139, 261.9136605491679006 ) ) ;
#1023 = CARTESIAN_POINT ( 'NONE',  ( -13.20776690004548115, 35.51755634591616229, 352.3468663762320716 ) ) ;
#1024 = B_SPLINE_CURVE_WITH_KNOTS ( 'NONE', 3,
 ( #6175, #2652, #1885, #8919, #1246, #4012, #8870, #8771, #8229, #2075, #8722, #7328, #2603, #1155, #8138, #3918, #6660, #3237 ),
 .UNSPECIFIED., .F., .F.,
 ( 4, 2, 2, 2, 2, 2, 2, 2, 4 ),
 ( 0.000000000000000000, 0.0006277116057582300158, 0.001255423211516460032, 0.001883134817274690048, 0.002510846423032920063, 0.003138558028791150079, 0.003766269634549380095, 0.004393981240307610545, 0.005021692846065840127 ),
 .UNSPECIFIED. ) ;
#1025 = DIRECTION ( 'NONE',  ( 0.000000000000000000, 0.000000000000000000, -1.000000000000000000 ) ) ;
#1026 = EDGE_CURVE ( 'NONE', #3926, #2321, #3387, .T. ) ;
#1027 = EDGE_CURVE ( 'NONE', #6225, #794, #169, .T. ) ;
#1028 = CARTESIAN_POINT ( 'NONE',  ( -20.61681447239114817, 34.73818114864856454, 317.3854894421310746 ) ) ;
#1029 = CARTESIAN_POINT ( 'NONE',  ( 1.412905495387613675, 40.21919022833552049, 320.0005269926185747 ) ) ;
#1030 = CARTESIAN_POINT ( 'NONE',  ( 41.75445932639104285, 25.75585501620750151, 331.4493103031246051 ) ) ;
#1031 = ORIENTED_EDGE ( 'NONE', *, *, #6710, .T. ) ;
#1032 = CARTESIAN_POINT ( 'NONE',  ( 8.339248437605961684, 40.19702457762384284, 280.9880082960173695 ) ) ;
#1033 = CARTESIAN_POINT ( 'NONE',  ( -1.005968528606214107, 32.03284778517833331, 380.7173133528380049 ) ) ;
#1034 = CARTESIAN_POINT ( 'NONE',  ( 0.000000000000000000, -19.80119957717566237, -71.13603959821548983 ) ) ;
#1035 = LINE ( 'NONE', #7085, #4299 ) ;
#1036 = VECTOR ( 'NONE', #84, 1000.000000000000000 ) ;
#1037 = CARTESIAN_POINT ( 'NONE',  ( 0.8988173065986810872, 24.74562245569138952, 4.905429404791115111 ) ) ;
#1038 = CARTESIAN_POINT ( 'NONE',  ( -1.307655765932728364, 43.81799609393072359, 282.4800364565478503 ) ) ;
#1039 = CARTESIAN_POINT ( 'NONE',  ( -1.857856203083015023, 36.88351626832595542, 319.1212686132336103 ) ) ;
#1040 = CARTESIAN_POINT ( 'NONE',  ( -0.7068678119394151693, 43.35822133332050043, 235.1015186225126854 ) ) ;
#1041 = DIRECTION ( 'NONE',  ( 0.000000000000000000, -1.000000000000000000, 0.000000000000000000 ) ) ;
#1042 = B_SPLINE_CURVE_WITH_KNOTS ( 'NONE', 3,
 ( #4481, #7391, #7926, #3120 ),
 .UNSPECIFIED., .F., .F.,
 ( 4, 4 ),
 ( 0.003110651691542412611, 0.01552266366651523961 ),
 .UNSPECIFIED. ) ;
#1043 = CARTESIAN_POINT ( 'NONE',  ( 0.7892887599068222348, 40.84728336498595525, 79.87203680722943488 ) ) ;
#1044 = CARTESIAN_POINT ( 'NONE',  ( -2.933270035642244089, 44.52538288001272804, 263.1104347775938663 ) ) ;
#1045 = CARTESIAN_POINT ( 'NONE',  ( -7.500000000000000000, 20.81336334461917303, 425.6312990209411282 ) ) ;
#1046 = ORIENTED_EDGE ( 'NONE', *, *, #3835, .T. ) ;
#1047 = CARTESIAN_POINT ( 'NONE',  ( -0.9419369969250757091, 38.87366631406933948, 332.0309586039868464 ) ) ;
#1048 = CARTESIAN_POINT ( 'NONE',  ( 0.7173949448069911750, -1.055981849285397622, 529.3660285409472408 ) ) ;
#1049 = CARTESIAN_POINT ( 'NONE',  ( 0.05867372718520566521, 35.66496121437481293, 329.8129774288618137 ) ) ;
#1050 = CARTESIAN_POINT ( 'NONE',  ( 8.516121000718435141, 26.27238574755090994, 389.7319563609348165 ) ) ;
#1051 = CARTESIAN_POINT ( 'NONE',  ( 25.60432822583386425, 32.64414076416477428, 321.3557703613025751 ) ) ;
#1052 = CARTESIAN_POINT ( 'NONE',  ( -1.619521890411986575, 43.22342937126324358, 281.6711460286172723 ) ) ;
#1053 = DIRECTION ( 'NONE',  ( 6.590423098898467265E-17, -0.9971851335251159520, -0.07497872682632604480 ) ) ;
#1054 = CARTESIAN_POINT ( 'NONE',  ( -42.75445932639104285, 25.75585501620750151, 328.4493103031245482 ) ) ;
#1055 = CARTESIAN_POINT ( 'NONE',  ( 82.00022190405498179, 13.41533595200248463, 95.17065037251704496 ) ) ;
#1056 = CARTESIAN_POINT ( 'NONE',  ( -0.3111119886998796602, 40.46959300845973218, 281.9339774583896201 ) ) ;
#1057 = CARTESIAN_POINT ( 'NONE',  ( 0.4845778419794860570, 32.40054150592010274, 354.7632969684732416 ) ) ;
#1058 = CARTESIAN_POINT ( 'NONE',  ( 11.95892245156395362, 19.47318974129438018, -2.636757449170115120 ) ) ;
#1059 = ORIENTED_EDGE ( 'NONE', *, *, #7803, .F. ) ;
#1060 = CARTESIAN_POINT ( 'NONE',  ( 19.49666741033714246, 29.44997670759662256, 357.6776394252050295 ) ) ;
#1061 = CARTESIAN_POINT ( 'NONE',  ( -0.5075683812566161857, 39.95186052082212314, 288.1298410324791917 ) ) ;
#1062 = CARTESIAN_POINT ( 'NONE',  ( 25.60890032301363206, 33.08038250605829944, 317.5049609526885774 ) ) ;
#1063 = CARTESIAN_POINT ( 'NONE',  ( 0.5292004626735115069, 37.29376346335077841, 315.5046814793592489 ) ) ;
#1064 = CARTESIAN_POINT ( 'NONE',  ( 7.471018353685686897, 37.66294152225133729, 309.8216570284459408 ) ) ;
#1065 = CARTESIAN_POINT ( 'NONE',  ( -42.75445932639104285, 25.75585501620750151, 331.4493103031246051 ) ) ;
#1066 = CARTESIAN_POINT ( 'NONE',  ( 0.8075375157829205452, 44.77231811943449458, 261.3537278318257790 ) ) ;
#1067 = CARTESIAN_POINT ( 'NONE',  ( 0.9490617160165060184, 42.54358218907552924, 298.1207295063137508 ) ) ;
#1068 = CARTESIAN_POINT ( 'NONE',  ( -1.146769735279829616, 44.80554920341130298, 261.4211560388353064 ) ) ;
#1069 = CARTESIAN_POINT ( 'NONE',  ( -28.78395691333825468, 31.75375636669929591, 317.9981493429077659 ) ) ;
#1070 = CARTESIAN_POINT ( 'NONE',  ( -5.833484303085390010, 40.14202268965824771, 320.0000000000000568 ) ) ;
#1071 = CARTESIAN_POINT ( 'NONE',  ( -0.8337494042201201161, 45.33835894623729956, 261.3563176996183870 ) ) ;
#1072 = ORIENTED_EDGE ( 'NONE', *, *, #2240, .F. ) ;
#1073 = CARTESIAN_POINT ( 'NONE',  ( 36.34998678973607156, 31.27817752571226251, 290.3526276056508664 ) ) ;
#1074 = EDGE_CURVE ( 'NONE', #1360, #3250, #8194, .T. ) ;
#1075 = CARTESIAN_POINT ( 'NONE',  ( -0.5029842643031070537, 32.03122875688352877, 380.6520867096004395 ) ) ;
#1076 = CARTESIAN_POINT ( 'NONE',  ( 1.308650453918379197, 43.81799408430424592, 282.4797896493712415 ) ) ;
#1077 = CARTESIAN_POINT ( 'NONE',  ( -32.28910772433339105, 28.93905390433088698, 328.2844139923181501 ) ) ;
#1078 = CARTESIAN_POINT ( 'NONE',  ( 30.43539435454004760, 29.36447815839711595, 331.4493103031248893 ) ) ;
#1079 = CARTESIAN_POINT ( 'NONE',  ( -150.0000000000000000, 9.270087174911674666, 223.2766782676432626 ) ) ;
#1080 = CIRCLE ( 'NONE', #1225, 3.000000000000037748 ) ;
#1082 = EDGE_CURVE ( 'NONE', #3199, #2494, #6854, .T. ) ;
#1081 = CARTESIAN_POINT ( 'NONE',  ( -1.899608738344740866, 43.82131526885494566, 282.2587569272807286 ) ) ;
#1083 = CARTESIAN_POINT ( 'NONE',  ( -10.60227413410584241, 36.54164112721423407, 318.1687248798251062 ) ) ;
#1084 = CARTESIAN_POINT ( 'NONE',  ( 36.64618395249095073, 14.14333104381722528, 394.0781532415393826 ) ) ;
#1085 = CARTESIAN_POINT ( 'NONE',  ( 38.96122831792747121, 25.71760091287274008, 329.7427590807699858 ) ) ;
#1086 = CARTESIAN_POINT ( 'NONE',  ( -26.84291305568621766, 21.64135502705829950, 20.87972938593452810 ) ) ;
#1087 = CARTESIAN_POINT ( 'NONE',  ( -6.207215816441135736, 21.16815488850206606, 418.6353407784250180 ) ) ;
#1088 = CARTESIAN_POINT ( 'NONE',  ( 2.983763270882214602, 40.55174709646823317, 280.0104670817523811 ) ) ;
#1089 = ORIENTED_EDGE ( 'NONE', *, *, #4136, .T. ) ;
#1090 = CARTESIAN_POINT ( 'NONE',  ( -9.892428803672592252, 30.95555319703124653, 360.6372645342223677 ) ) ;
#1091 = CARTESIAN_POINT ( 'NONE',  ( -1.996956094114173741, 10.46350476607578983, 486.5475114404366082 ) ) ;
#1092 = CARTESIAN_POINT ( 'NONE',  ( -149.9999999999996589, 3.010335517173705178, 393.8851699768119943 ) ) ;
#1093 = CARTESIAN_POINT ( 'NONE',  ( -4.036551555206215447, 35.13921088441564677, 333.5203555318011013 ) ) ;
#1094 = CARTESIAN_POINT ( 'NONE',  ( 1.033007881290350705, 26.61788799743177591, 391.9123586062596587 ) ) ;
#1095 = CARTESIAN_POINT ( 'NONE',  ( 7.428082550925579675, 36.61162056218987715, 319.6317475508787425 ) ) ;
#1096 = CARTESIAN_POINT ( 'NONE',  ( -1.150998133289903747, 40.45917742441130116, 281.8651863414156082 ) ) ;
#1097 = CARTESIAN_POINT ( 'NONE',  ( 5.464759467979572349, 41.97463618198334956, 256.4249355246578830 ) ) ;
#1098 = CARTESIAN_POINT ( 'NONE',  ( 5.038737633395826698, 23.14374948794803899, 413.5731306694514728 ) ) ;
#1099 = CARTESIAN_POINT ( 'NONE',  ( 0.000000000000000000, 20.62319512748768346, -7.191526245911063597 ) ) ;
#1100 = CARTESIAN_POINT ( 'NONE',  ( -7.370214820744543260, 25.57304968115113653, 413.0653759716408899 ) ) ;
#1101 = CARTESIAN_POINT ( 'NONE',  ( 0.06051846712250876642, 32.39907805723243683, 354.8120771111113072 ) ) ;
#1102 = AXIS2_PLACEMENT_3D ( 'NONE', #8041, #8913, #7322 ) ;
#1103 = B_SPLINE_CURVE_WITH_KNOTS ( 'NONE', 3,
 ( #7576, #4259, #4800, #57 ),
 .UNSPECIFIED., .F., .F.,
 ( 4, 4 ),
 ( 2.640032290002203297E-17, 0.0004669204754241207617 ),
 .UNSPECIFIED. ) ;
#1104 = CARTESIAN_POINT ( 'NONE',  ( 12.37917598823336540, 4.075400731689930112, -36.12926134960945035 ) ) ;
#1105 = ORIENTED_EDGE ( 'NONE', *, *, #4460, .F. ) ;
#1106 = VECTOR ( 'NONE', #8525, 1000.000000000000000 ) ;
#1107 = CARTESIAN_POINT ( 'NONE',  ( 30.52612264850332480, 25.86839868161342793, 353.4639865299649273 ) ) ;
#1108 = CARTESIAN_POINT ( 'NONE',  ( -39.25643550211049160, 28.66272910211723257, 303.4438160244546907 ) ) ;
#1109 = CARTESIAN_POINT ( 'NONE',  ( 14.93202849455258274, 35.96155557762912025, 317.7419323669664664 ) ) ;
#1110 = CARTESIAN_POINT ( 'NONE',  ( -0.05416972675688342537, 37.40820310835614748, 314.4554875871041304 ) ) ;
#1111 = CARTESIAN_POINT ( 'NONE',  ( -0.4777722426654211207, 43.87830855511518280, 281.9339774583894496 ) ) ;
#1112 = CARTESIAN_POINT ( 'NONE',  ( 41.75445932639104285, 25.75585501620750151, 328.4493103031245482 ) ) ;
#1113 = CARTESIAN_POINT ( 'NONE',  ( 3.273268472934638851, 45.17143892196382637, 262.3846376155227063 ) ) ;
#1114 = CARTESIAN_POINT ( 'NONE',  ( 0.000000000000000000, 25.90249749234719445, 415.3909803479844527 ) ) ;
#1115 = CARTESIAN_POINT ( 'NONE',  ( -0.4666624454429352253, 44.80554920341130298, 261.3537278318257790 ) ) ;
#1116 = CIRCLE ( 'NONE', #8019, 1.000000000000000888 ) ;
#1117 = CARTESIAN_POINT ( 'NONE',  ( -35.44227062542300644, 28.83637089804222953, 317.3492761463588181 ) ) ;
#1118 = CARTESIAN_POINT ( 'NONE',  ( 0.9573959518996042473, 36.00720964673208613, 354.6273715488849803 ) ) ;
#1119 = CARTESIAN_POINT ( 'NONE',  ( -2.532150113318948570, 23.09037415192558029, 413.8493118462999973 ) ) ;
#1120 = ORIENTED_EDGE ( 'NONE', *, *, #3184, .F. ) ;
#1121 = CARTESIAN_POINT ( 'NONE',  ( 2.657460395911881879, 40.60598169446872419, 279.8903518163753574 ) ) ;
#1122 = CARTESIAN_POINT ( 'NONE',  ( 47.31906922256366244, 16.34140955976334197, 320.0000000000000568 ) ) ;
#1123 = CARTESIAN_POINT ( 'NONE',  ( 2.052266194398653099, 43.23461480342222529, 281.4025089608480812 ) ) ;
#1124 = CARTESIAN_POINT ( 'NONE',  ( -18.12906212593901145, 33.93650577562220860, 329.6662548574040557 ) ) ;
#1125 = CARTESIAN_POINT ( 'NONE',  ( 45.32979445019580567, 27.17150726749209610, 327.2113655738392026 ) ) ;
#1126 = ADVANCED_FACE ( 'NONE', ( #3430 ), #6902, .F. ) ;
#1127 = CARTESIAN_POINT ( 'NONE',  ( -85.69083615468348114, 1.184676353268040661, 66.40827568370886524 ) ) ;
#1128 = CARTESIAN_POINT ( 'NONE',  ( -3.586790311405050780, 43.92561485952852252, 280.2173678665494663 ) ) ;
#1129 = CARTESIAN_POINT ( 'NONE',  ( -0.7210964629719919250, 36.95206407165310480, 318.6040606173648371 ) ) ;
#1130 = CARTESIAN_POINT ( 'NONE',  ( 1.955701108996325210, 43.18117025368944439, 235.5815853134452311 ) ) ;
#1131 = CARTESIAN_POINT ( 'NONE',  ( 12.80988238873933760, 34.04391186842434536, 336.4693121193431011 ) ) ;
#1132 = CARTESIAN_POINT ( 'NONE',  ( -82.00022190405498179, 13.41533595200248463, 95.17065037251704496 ) ) ;
#1133 = CARTESIAN_POINT ( 'NONE',  ( 0.3150851794422633301, 21.49399922497260107, 420.2498190360686294 ) ) ;
#1134 = DIRECTION ( 'NONE',  ( 0.000000000000000000, -0.07497872682632604480, 0.9971851335251159520 ) ) ;
#1135 = ORIENTED_EDGE ( 'NONE', *, *, #4466, .F. ) ;
#1136 = CARTESIAN_POINT ( 'NONE',  ( -12.02329255287886411, 30.73955176357364394, 360.0565405833239652 ) ) ;
#1137 = CARTESIAN_POINT ( 'NONE',  ( 149.9999999999999716, 1.632909915346569596, 401.7829050630052166 ) ) ;
#1138 = EDGE_CURVE ( 'NONE', #1446, #7265, #3540, .T. ) ;
#1139 = CARTESIAN_POINT ( 'NONE',  ( -2.541794483188228870, -4.806876550188804664, 541.7585835155889527 ) ) ;
#1140 = CARTESIAN_POINT ( 'NONE',  ( -38.96501799195607418, 26.09547326630704234, 326.9055219717420186 ) ) ;
#1141 = CARTESIAN_POINT ( 'NONE',  ( 7.368309092278903627, 25.06701675052491041, 397.1993155472987951 ) ) ;
#1142 = CARTESIAN_POINT ( 'NONE',  ( 1.857266401849674509, 36.59696430027490521, 321.6788210061070572 ) ) ;
#1143 = CARTESIAN_POINT ( 'NONE',  ( 33.03633095656152818, 26.86136150171395442, 389.0746662281788417 ) ) ;
#1144 = CARTESIAN_POINT ( 'NONE',  ( 43.75445932639104285, 25.75585501620750151, 331.4493103031246051 ) ) ;
#1145 = CARTESIAN_POINT ( 'NONE',  ( -5.444883378412469277, 38.04001594648574525, 307.2396270733679557 ) ) ;
#1146 = CARTESIAN_POINT ( 'NONE',  ( -30.24876961798927866, 20.78268195361647130, 395.9548056960611575 ) ) ;
#1147 = CARTESIAN_POINT ( 'NONE',  ( -1.646572234496929799, 37.62464340957060926, 58.81954004802969393 ) ) ;
#1148 = ORIENTED_EDGE ( 'NONE', *, *, #8793, .F. ) ;
#1149 = CARTESIAN_POINT ( 'NONE',  ( 0.000000000000000000, 38.16041641445455923, 334.4493103031246051 ) ) ;
#1150 = CARTESIAN_POINT ( 'NONE',  ( -0.1097043243668661128, 30.18304133485177587, 370.1011337465060365 ) ) ;
#1151 = CARTESIAN_POINT ( 'NONE',  ( -10.72398113676833020, 38.61045067821370935, 297.8723107395859984 ) ) ;
#1152 = CARTESIAN_POINT ( 'NONE',  ( 6.107693259665083474, 36.96648850875678249, 317.1263999882860389 ) ) ;
#1153 = CARTESIAN_POINT ( 'NONE',  ( 5.438967330743590622, 37.16819898478738793, 315.6040503937272774 ) ) ;
#1154 = CARTESIAN_POINT ( 'NONE',  ( 7.949694896139596345, 37.66491778761493237, 309.4774121314763420 ) ) ;
#1155 = CARTESIAN_POINT ( 'NONE',  ( 1.524332621471840676, 45.33678434423754311, 260.9547454177981081 ) ) ;
#1156 = CARTESIAN_POINT ( 'NONE',  ( 1.654078833074120514, 45.29005162166140508, 261.6334963371832032 ) ) ;
#1157 = CARTESIAN_POINT ( 'NONE',  ( -1.925100097286686074, 25.85227023461058238, 415.2282052245307113 ) ) ;
#1158 = CARTESIAN_POINT ( 'NONE',  ( -29.96826339948894713, 20.13054699469969933, 382.8057181788276466 ) ) ;
#1159 = LINE ( 'NONE', #1710, #1407 ) ;
#1160 = CARTESIAN_POINT ( 'NONE',  ( -22.37009247181738658, 34.29540184029170291, 316.9805994399972633 ) ) ;
#1161 = CARTESIAN_POINT ( 'NONE',  ( 0.000000000000000000, 40.21921743771114421, 320.0002838484802510 ) ) ;
#1162 = CARTESIAN_POINT ( 'NONE',  ( -1.183918801313384339, 45.32085597215544936, 261.4310968004748474 ) ) ;
#1163 = ORIENTED_EDGE ( 'NONE', *, *, #2456, .F. ) ;
#1164 = CARTESIAN_POINT ( 'NONE',  ( 21.10113893770187588, 37.11368026769404338, 292.0536139644013929 ) ) ;
#1165 = CARTESIAN_POINT ( 'NONE',  ( -1.412905495387613675, 38.87119500223062829, 332.0564048275492723 ) ) ;
#1166 = FACE_OUTER_BOUND ( 'NONE', #1986, .T. ) ;
#1167 = VERTEX_POINT ( 'NONE', #7855 ) ;
#1168 = CARTESIAN_POINT ( 'NONE',  ( -0.6882059022438253848, 35.53274490769013028, 330.8283870767982080 ) ) ;
#1169 = CARTESIAN_POINT ( 'NONE',  ( 2.543131720836311338E-14, 29.18355625455720670, 376.7101914033981416 ) ) ;
#1170 = CARTESIAN_POINT ( 'NONE',  ( 2.696451919796043484, 24.93304462574336711, 5.026147061896571344 ) ) ;
#1171 = CYLINDRICAL_SURFACE ( 'NONE', #2982, 1.000000000000000666 ) ;
#1172 = CARTESIAN_POINT ( 'NONE',  ( -35.43615697698004396, 28.66336535496297344, 318.8853375545687641 ) ) ;
#1173 = FACE_OUTER_BOUND ( 'NONE', #7309, .T. ) ;
#1174 = LINE ( 'NONE', #6681, #1251 ) ;
#1175 = CARTESIAN_POINT ( 'NONE',  ( -11.55383968865741373, 26.93463575382700270, 21.23557846822262718 ) ) ;
#1176 = CARTESIAN_POINT ( 'NONE',  ( -0.4390221064662305217, 21.47100601537583131, 420.1862295920312818 ) ) ;
#1177 = CARTESIAN_POINT ( 'NONE',  ( 0.3111141744299827927, 44.79225421564221676, 261.3537278318258359 ) ) ;
#1178 = ORIENTED_EDGE ( 'NONE', *, *, #3737, .F. ) ;
#1179 = CARTESIAN_POINT ( 'NONE',  ( -13.04393784398548384, 30.61437862767558826, 359.7631544171999280 ) ) ;
#1180 = CARTESIAN_POINT ( 'NONE',  ( 11.20234465765202536, 15.65166486234165255, 452.7342830611293607 ) ) ;
#1181 = VECTOR ( 'NONE', #6020, 1000.000000000000114 ) ;
#1182 = CARTESIAN_POINT ( 'NONE',  ( -7.162406742956792804, -5.196939195804247902, 540.7780944250159791 ) ) ;
#1183 = CARTESIAN_POINT ( 'NONE',  ( -4.746809949746708668, 36.29657438943605285, 323.6449953932935841 ) ) ;
#1184 = CARTESIAN_POINT ( 'NONE',  ( 0.03911627155664457178, 25.37653405759866843, 399.1654140922812530 ) ) ;
#1185 = CARTESIAN_POINT ( 'NONE',  ( 8.062724197910801749, 36.56488017453555273, 319.6317310498635607 ) ) ;
#1186 = CARTESIAN_POINT ( 'NONE',  ( 37.56395921713039598, 29.86327505812012362, 331.4493103031245482 ) ) ;
#1187 = CIRCLE ( 'NONE', #1339, 1.000000000000000888 ) ;
#1188 = CARTESIAN_POINT ( 'NONE',  ( 0.000000000000000000, 45.40165219869580682, 260.7912705906431938 ) ) ;
#1189 = CARTESIAN_POINT ( 'NONE',  ( -46.88475728340474546, 30.70202150165685495, 315.3919575894317404 ) ) ;
#1190 = CARTESIAN_POINT ( 'NONE',  ( -19.87418806241524649, 22.91260473870642755, 407.5497249708189429 ) ) ;
#1191 = EDGE_CURVE ( 'NONE', #1255, #1446, #339, .T. ) ;
#1192 = CARTESIAN_POINT ( 'NONE',  ( 71.97024598150451880, 26.91823370465814236, 148.0993287817699979 ) ) ;
#1193 = VERTEX_POINT ( 'NONE', #8535 ) ;
#1194 = CARTESIAN_POINT ( 'NONE',  ( -45.06799624063294374, 26.99064727496510940, 329.3322040024341391 ) ) ;
#1195 = CARTESIAN_POINT ( 'NONE',  ( 0.4766228306616924759, 31.31291187957129551, 362.4977127599701703 ) ) ;
#1196 = CARTESIAN_POINT ( 'NONE',  ( -0.1261913062430470855, 39.22433949891409100, 296.6579827370575231 ) ) ;
#1197 = CARTESIAN_POINT ( 'NONE',  ( 12.86673149860349064, 36.31583184009089393, 317.7108556121618790 ) ) ;
#1198 = CARTESIAN_POINT ( 'NONE',  ( 22.08091382019022575, 22.36491206090635941, 405.8997628005499791 ) ) ;
#1199 = CIRCLE ( 'NONE', #7821, 0.6000000000000024203 ) ;
#1200 = CARTESIAN_POINT ( 'NONE',  ( -3.272409930953451340, 45.17157288540076365, 262.3831440471170708 ) ) ;
#1201 = CARTESIAN_POINT ( 'NONE',  ( -0.9565858417292030236, -24.71121349876131390, -76.19616986922960677 ) ) ;
#1202 = CARTESIAN_POINT ( 'NONE',  ( -11.87753674811280824, 22.01321616650771773, 424.9228753704809378 ) ) ;
#1203 = CARTESIAN_POINT ( 'NONE',  ( -25.33781285041083819, 22.96339433716645217, 380.1685337648426639 ) ) ;
#1204 = CARTESIAN_POINT ( 'NONE',  ( 7.500000000000000000, 22.01701753502480940, 413.0240909614261113 ) ) ;
#1205 = CARTESIAN_POINT ( 'NONE',  ( -0.1408982106028648928, 37.29533790731183984, 315.4974903283094250 ) ) ;
#1206 = CARTESIAN_POINT ( 'NONE',  ( -6.487160277154800703, 19.72214760585052673, 443.3057579004467357 ) ) ;
#1207 = CYLINDRICAL_SURFACE ( 'NONE', #1245, 1.000000000000000666 ) ;
#1208 = VERTEX_POINT ( 'NONE', #3093 ) ;
#1209 = CARTESIAN_POINT ( 'NONE',  ( 1.099135672918650775, 39.93715448532102386, 288.1981250260999445 ) ) ;
#1210 = FACE_OUTER_BOUND ( 'NONE', #8824, .T. ) ;
#1211 = CARTESIAN_POINT ( 'NONE',  ( -1.412905495387613675, 40.21919022833552049, 320.0005269926185747 ) ) ;
#1212 = CARTESIAN_POINT ( 'NONE',  ( -6.922703436459269000, 35.25202637734479794, 331.4493103031246051 ) ) ;
#1213 = ORIENTED_EDGE ( 'NONE', *, *, #6165, .T. ) ;
#1214 = CARTESIAN_POINT ( 'NONE',  ( -0.1349733081078320351, 35.53215247776082464, 330.8551575185446154 ) ) ;
#1215 = CARTESIAN_POINT ( 'NONE',  ( 37.55826825644066957, 26.10906260153237923, 331.4493103031246051 ) ) ;
#1216 = CARTESIAN_POINT ( 'NONE',  ( 0.7892887599068222348, 40.84728336498595525, 79.87203680722943488 ) ) ;
#1217 = CARTESIAN_POINT ( 'NONE',  ( -0.6886475869441021080, 43.82234115592543588, 282.5821941207963732 ) ) ;
#1218 = CARTESIAN_POINT ( 'NONE',  ( -6.106580587770169544, 36.80001084908838749, 318.6309684644447771 ) ) ;
#1219 = CARTESIAN_POINT ( 'NONE',  ( 46.30898997490826474, 28.95926405077787891, 265.3466036826563936 ) ) ;
#1220 = CARTESIAN_POINT ( 'NONE',  ( -51.70263860078125617, 19.26326618461806461, 258.1664659383015419 ) ) ;
#1221 = CARTESIAN_POINT ( 'NONE',  ( -0.6406545311296416578, 22.80897701706554415, 413.2206734129608208 ) ) ;
#1222 = LINE ( 'NONE', #1045, #7377 ) ;
#1223 = DIRECTION ( 'NONE',  ( -0.000000000000000000, -0.000000000000000000, 1.000000000000000000 ) ) ;
#1224 = CARTESIAN_POINT ( 'NONE',  ( -21.19683528713663634, 29.05261070540047541, 357.0773893209418475 ) ) ;
#1225 = AXIS2_PLACEMENT_3D ( 'NONE', #4839, #7478, #6717 ) ;
#1226 = CARTESIAN_POINT ( 'NONE',  ( 149.9999999999995453, 8.360301161202400522, 362.6762669712815068 ) ) ;
#1227 = CARTESIAN_POINT ( 'NONE',  ( -10.27266192055210858, 5.123073895678157186, 494.0455122256950062 ) ) ;
#1228 = CARTESIAN_POINT ( 'NONE',  ( -7.426545249005926053, 36.16142932184628478, 323.5852336628178705 ) ) ;
#1229 = CARTESIAN_POINT ( 'NONE',  ( 29.83679928685814886, 18.89278588022660799, 388.5473441715133163 ) ) ;
#1230 = CARTESIAN_POINT ( 'NONE',  ( 18.85872409704739994, 34.55403138795090001, 323.2758622075708104 ) ) ;
#1231 = CARTESIAN_POINT ( 'NONE',  ( 0.3227666929657075356, 45.35591567259291423, 261.3537278318168546 ) ) ;
#1232 = CARTESIAN_POINT ( 'NONE',  ( 2.869757525187609293, -24.73004176475694749, -76.23815369158728572 ) ) ;
#1233 = LINE ( 'NONE', #8081, #8736 ) ;
#1234 = FACE_OUTER_BOUND ( 'NONE', #8860, .T. ) ;
#1235 = ORIENTED_EDGE ( 'NONE', *, *, #4913, .T. ) ;
#1236 = VERTEX_POINT ( 'NONE', #383 ) ;
#1237 = CARTESIAN_POINT ( 'NONE',  ( 0.000000000000000000, 37.42084218078985458, 58.72214691171561185 ) ) ;
#1238 = ORIENTED_EDGE ( 'NONE', *, *, #4901, .F. ) ;
#1239 = FILL_AREA_STYLE ('',( #3374 ) ) ;
#1240 = CARTESIAN_POINT ( 'NONE',  ( 22.79112135319807209, 28.60175516437547927, 356.4758931666230524 ) ) ;
#1241 = CARTESIAN_POINT ( 'NONE',  ( -19.08256746970369022, 37.05576452709491519, 299.2182664798833684 ) ) ;
#1242 = ADVANCED_FACE ( 'NONE', ( #1692 ), #8531, .T. ) ;
#1243 = CARTESIAN_POINT ( 'NONE',  ( 35.43729038759380501, 28.70688425616095074, 318.5013625318874233 ) ) ;
#1244 = CARTESIAN_POINT ( 'NONE',  ( 9.154773945220272324, 25.28361747698076556, 412.6148475058914187 ) ) ;
#1245 = AXIS2_PLACEMENT_3D ( 'NONE', #6580, #3974, #5822 ) ;
#1246 = CARTESIAN_POINT ( 'NONE',  ( 3.532303880344620062, 45.12357208327259173, 262.9526382349275195 ) ) ;
#1247 = CARTESIAN_POINT ( 'NONE',  ( 45.32981957207750412, 23.50657285010502306, 327.2111463904008133 ) ) ;
#1248 = CARTESIAN_POINT ( 'NONE',  ( 0.5962991954493902513, 20.14399605289213824, 444.2252999659614829 ) ) ;
#1249 = CARTESIAN_POINT ( 'NONE',  ( -20.73192452186968637, 25.55892264986808726, 376.8189403319819917 ) ) ;
#1250 = CARTESIAN_POINT ( 'NONE',  ( 0.1349733081078320351, 35.53215247776082464, 330.8551575185446154 ) ) ;
#1251 = VECTOR ( 'NONE', #1861, 1000.000000000000114 ) ;
#1252 = CARTESIAN_POINT ( 'NONE',  ( -25.61096929832742219, 33.12775593241359218, 317.0753915423184708 ) ) ;
#1253 = CARTESIAN_POINT ( 'NONE',  ( -149.9999999999995453, 8.360301161202400522, 362.6762669712815068 ) ) ;
#1254 = DIRECTION ( 'NONE',  ( -6.590423098898467265E-17, -0.9971851335251159520, -0.07497872682632604480 ) ) ;
#1255 = VERTEX_POINT ( 'NONE', #8759 ) ;
#1256 = CARTESIAN_POINT ( 'NONE',  ( 0.3090834659406043183, 39.95635966946449003, 288.1076583426514048 ) ) ;
#1257 = CARTESIAN_POINT ( 'NONE',  ( -48.93205100325172197, 60.00000000000000711, 280.3525527939733024 ) ) ;
#1258 = CARTESIAN_POINT ( 'NONE',  ( -5.209907147245997017, 42.57566702752465204, 245.5167985790459682 ) ) ;
#1259 = AXIS2_PLACEMENT_3D ( 'NONE', #2039, #810, #3479 ) ;
#1260 = CARTESIAN_POINT ( 'NONE',  ( -1.860595957264360667, 17.11377713728215255, 458.4002198587525072 ) ) ;
#1261 = CARTESIAN_POINT ( 'NONE',  ( 2.575276621184612036E-14, 35.46042503095549847, 331.4493103031279588 ) ) ;
#1262 = VERTEX_POINT ( 'NONE', #6788 ) ;
#1263 = CARTESIAN_POINT ( 'NONE',  ( -0.9538432379601403666, -14.88770259644060800, -66.09957415697023464 ) ) ;
#1264 = CARTESIAN_POINT ( 'NONE',  ( 45.06799624063294374, 26.99064727496510940, 329.3322040024341391 ) ) ;
#1265 = CARTESIAN_POINT ( 'NONE',  ( 0.6583047484764391610, 47.13654566807250035, 155.6928415244869939 ) ) ;
#1266 = CARTESIAN_POINT ( 'NONE',  ( -44.79208460059820851, 23.90144965854936032, 331.4493103031245482 ) ) ;
#1267 = CARTESIAN_POINT ( 'NONE',  ( -4.748426111332434196, 36.92123342751128945, 318.1185839581212917 ) ) ;
#1268 = CARTESIAN_POINT ( 'NONE',  ( 33.36135581111662418, 34.96379802448742424, 261.3113295027356457 ) ) ;
#1269 = CARTESIAN_POINT ( 'NONE',  ( -6.814411576723173880, 46.50797352682411656, 230.8815100217026668 ) ) ;
#1270 = CARTESIAN_POINT ( 'NONE',  ( 27.28012801745004268, 17.82243023528065962, 9.515898732818438788 ) ) ;
#1271 = CARTESIAN_POINT ( 'NONE',  ( -0.2296456199235089313, 21.47767806327036766, 420.2065537275910287 ) ) ;
#1272 = DIRECTION ( 'NONE',  ( 0.000000000000000000, 0.000000000000000000, -1.000000000000000000 ) ) ;
#1273 = CARTESIAN_POINT ( 'NONE',  ( 3.066662445442833729, 40.60023194608182706, 279.3396071913396668 ) ) ;
#1274 = CARTESIAN_POINT ( 'NONE',  ( -0.2875489623991434041, 31.31266877637262169, 362.5224514833533362 ) ) ;
#1275 = CARTESIAN_POINT ( 'NONE',  ( 2.331263078060942462, 10.18293184117968941, 486.7884037760323963 ) ) ;
#1276 = B_SPLINE_SURFACE_WITH_KNOTS ( 'NONE', 3, 3, ( 
 ( #3895, #1864, #460, #1133, #7349, #8115, #5433, #8026, #5382, #5249, #1271, #1176, #600, #3942, #6683, #4712, #1955, #4036, #3355, #3848, #1087, #6104, #7307, #8845, #507, #6639, #2676, #3258, #3213, #6729, #8701, #553, #419, #5293, #2007, #5337, #3306, #4762, #6057, #8795, #6596, #3169, #5921 ),
 ( #6009, #2582, #8655, #8068, #2627, #7980, #1814, #2492, #1907, #4572, #4663, #7395, #1221, #3988, #7585, #2224, #6290, #8389, #108, #1418, #3402, #4940, #1461, #6151, #5576, #2905, #694, #8302, #8897, #4181, #8347, #4087, #4223, #6920, #2866, #3539, #8210, #825, #783, #741, #67, #2823, #6961 ),
 ( #7491, #5619, #7002, #1370, #2053, #4266, #2143, #3495, #4808, #1321, #2182, #2102, #3585, #6333, #3448, #7672, #6827, #1507, #5661, #6247, #149, #8259, #2727, #5530, #4897, #7630, #647, #5483, #7538, #4132, #6872, #6199, #18, #2777, #4854, #490, #6372, #3240, #906, #2389, #6458, #7041, #3622 ),
 ( #3666, #7082, #864, #8006, #1842, #1548, #6500, #3921, #1671, #5746, #7754, #7168, #194, #234, #991, #5107, #4310, #7124, #7331, #6415, #5989, #2989, #5065, #3031, #7836, #2268, #4434, #8476, #4981, #6663, #5151, #3750, #2309, #320, #2946, #4600, #7793, #1158, #1629, #4392, #8557, #5826, #8725 ),
 ( #7713, #5703, #5026, #8431, #948, #1590, #4351, #3708, #279, #3073, #5785, #8515, #2350, #4015, #6898, #6804, #2031, #1393, #7515, #4785, #2752, #7561, #1346, #3472, #626, #719, #6757, #6223, #5505, #4831, #4157, #8049, #2560, #4112, #1203, #6850, #671, #8141, #5317, #1888, #4643, #8232, #6082 ),
 ( #3426, #8822, #1984, #6178, #2655, #2078, #2606, #7375, #3970, #6708, #8922, #578, #5362, #5411, #531, #5461, #3283, #4062, #1297, #6036, #8774, #3383, #4740, #8096, #1935, #6129, #4691, #7469, #7423, #2703, #8873, #1249, #3331, #8188, #931, #2845, #2206, #40, #6399, #7065, #805, #2930, #4963 ),
 ( #2292, #5048, #2165, #8414, #2800, #5686, #7108, #7695, #7776, #3562, #7611, #6983, #1528, #4288, #1612, #7023, #763, #8456, #132, #2889, #1571, #88, #4375, #3690, #1444, #5004, #5553, #5599, #3518, #5725, #848, #5644, #6270, #8282, #3647, #6315, #2124, #4878, #4923, #2247, #4205, #7734, #6942 ),
 ( #8372, #8329, #3606, #6354, #174, #7653, #4333, #1486, #4247, #888, #218, #2970, #3013, #974, #6438, #5767, #260, #7819, #8497, #2331, #5089, #4415, #1654, #7148, #5208, #377, #5969, #3128, #6555, #556, #3851, #6060, #4575, #422, #5385, #7310, #6599, #3261, #5252, #6012, #5881, #7983, #1958 ),
 ( #8118, #2585, #8752, #6732, #2630, #5340, #7448, #4622, #4715, #1817, #1274, #3310, #8798, #8613, #2448, #7934, #8071, #1772, #1910, #4666, #3216, #4533, #7266, #1090, #3172, #1136, #1179, #5924, #7398, #3898, #8704, #1224, #6642, #8658, #2495, #463, #2537, #5296, #3991, #8029, #1867, #7352, #3945 ),
 ( #6686, #510, #6249, #2679, #2104, #1372, #5621, #7632, #2779, #6292, #3450, #8304, #4183, #6874, #69, #4225, #3542, #6201, #6782, #4039, #6963, #1323, #110, #2056, #6829, #2868, #4810, #4089, #743, #2729, #3497, #3358, #5485, #8349, #8261, #2825, #2184, #5578, #2145, #785, #4942, #4899, #7674 ),
 ( #8212, #603, #6106, #8848, #5435, #8165, #2009, #1463, #4764, #7493, #649, #696, #3404, #6153, #8899, #7540, #4134, #7587, #20, #5532, #4856, #1420, #6922, #1592, #993, #1550, #7004, #3075, #7170, #8517, #2948, #4312, #4353, #1673, #4394, #3752, #2991, #236, #3710, #151, #8478, #7756, #5828 ),
 ( #908, #5787, #1631, #7084, #6460, #4436, #6502, #2391, #7043, #3668, #1509, #7838, #2352, #2270, #7126, #6417, #866, #6374, #3624, #5748, #2226, #827, #5109, #4983, #5705, #2311, #6334, #196, #2907, #5663, #950, #5067, #7795, #7715, #8559, #3587, #8433, #5028, #281, #3033, #322, #5153, #4268 ),
 ( #8391, #8060, #2483, #4655, #1806, #8647, #6674, #6543, #1718, #1214, #452, #6631, #1168, #363, #5958, #5240, #546, #2573, #3204, #3981, #7298, #3251, #8017, #4563, #3932, #1900, #7387, #8786, #1760, #1124, #7880, #5329, #6001, #7972, #1854, #3884, #7253, #3838, #1077, #8692, #8602, #4478, #6721 ) ),
 .UNSPECIFIED., .F., .F., .F.,
 ( 4, 3, 3, 3, 4 ),
 ( 4, 3, 3, 3, 3, 3, 3, 3, 3, 3, 3, 3, 3, 3, 4 ),
 ( 0.000000000000000000, 0.01989653260281742941, 0.03979306520563485883, 0.05968959780845239926, 0.07958613041126982868 ),
 ( -0.003022969768455560820, -0.001001590742198681756, 9.098770929757775926E-06, 0.001019788284058197308, 0.005062546336571955435, 0.01314806244159947256, 0.02931909465165450507, 0.06166115907176457356, 0.09400322349187464899, 0.1263452879119847105, 0.1910294167522048614, 0.2557135455924249845, 0.3203976744326451076, 0.3850818032728652307, 0.5144500609533054769 ),
 .UNSPECIFIED. ) ;
#1277 = LINE ( 'NONE', #2731, #1506 ) ;
#1278 = CARTESIAN_POINT ( 'NONE',  ( -0.1394462405983072084, 36.37445331581604790, 323.7381187670252984 ) ) ;
#1279 = CARTESIAN_POINT ( 'NONE',  ( -0.2479195006991714578, 22.83222837465944011, 413.3133039940972253 ) ) ;
#1280 = CARTESIAN_POINT ( 'NONE',  ( -0.2584711261432392493, 36.13723883815724491, 325.7709358893534386 ) ) ;
#1281 = CARTESIAN_POINT ( 'NONE',  ( -3.066662445442835505, 40.58714201236323760, 279.5107851961429333 ) ) ;
#1282 = CARTESIAN_POINT ( 'NONE',  ( -87.16474666623552991, -18.22885969961632213, 41.61352295269925605 ) ) ;
#1283 = CARTESIAN_POINT ( 'NONE',  ( 3.694812860762751949, 44.73018828581401607, 269.1210557679027033 ) ) ;
#1284 = CARTESIAN_POINT ( 'NONE',  ( -3.066662445549675375, 44.76024305243166168, 269.1130905223826062 ) ) ;
#1285 = EDGE_LOOP ( 'NONE', ( #316, #8106, #8835, #163 ) ) ;
#1286 = ORIENTED_EDGE ( 'NONE', *, *, #2756, .F. ) ;
#1287 = CARTESIAN_POINT ( 'NONE',  ( 3.035287670926654968, 31.01651801567224354, 29.24765051123930704 ) ) ;
#1288 = ORIENTED_EDGE ( 'NONE', *, *, #8468, .T. ) ;
#1289 = LINE ( 'NONE', #1149, #2548 ) ;
#1290 = CARTESIAN_POINT ( 'NONE',  ( -0.07507529996330997157, 29.01322387806530756, 377.4700694359429463 ) ) ;
#1291 = CARTESIAN_POINT ( 'NONE',  ( -19.54782882255698695, 38.24790609532954733, 283.9252401861793942 ) ) ;
#1292 = CARTESIAN_POINT ( 'NONE',  ( 4.748155391706892381, 36.86525638312930653, 318.6236582314778047 ) ) ;
#1293 = CARTESIAN_POINT ( 'NONE',  ( 0.000000000000000000, 36.16042726719889799, 334.4493103031246051 ) ) ;
#1294 = CARTESIAN_POINT ( 'NONE',  ( -37.56395921713039598, 29.86327505812012362, 331.4493103031245482 ) ) ;
#1295 = CARTESIAN_POINT ( 'NONE',  ( 3.340573480010778695, -14.94576865527262655, -66.08754007650293261 ) ) ;
#1296 = CARTESIAN_POINT ( 'NONE',  ( -52.26163914926329568, 6.411420321105841147, 377.3440233945722184 ) ) ;
#1297 = CARTESIAN_POINT ( 'NONE',  ( -3.857091643668238312, 27.77185592923065371, 384.1274647211394040 ) ) ;
#1298 = CARTESIAN_POINT ( 'NONE',  ( 45.09663631839268305, 23.59264558661250533, 327.1900413675533628 ) ) ;
#1299 = EDGE_CURVE ( 'NONE', #4171, #5954, #7176, .T. ) ;
#1300 = ORIENTED_EDGE ( 'NONE', *, *, #1803, .T. ) ;
#1301 = CARTESIAN_POINT ( 'NONE',  ( -12.87452631578969608, 36.63172168510065774, 314.8174595773630813 ) ) ;
#1302 = DIRECTION ( 'NONE',  ( -1.000000000000000000, 0.000000000000000000, 0.000000000000000000 ) ) ;
#1303 = ORIENTED_EDGE ( 'NONE', *, *, #312, .T. ) ;
#1304 = CARTESIAN_POINT ( 'NONE',  ( 19.08256746970370443, 37.05576452709493651, 299.2182664798830274 ) ) ;
#1305 = FACE_OUTER_BOUND ( 'NONE', #8011, .T. ) ;
#1306 = CARTESIAN_POINT ( 'NONE',  ( 0.02226406143869131757, 44.80322646709594636, 261.3537278318254948 ) ) ;
#1307 = EDGE_CURVE ( 'NONE', #3394, #90, #8250, .T. ) ;
#1308 = CARTESIAN_POINT ( 'NONE',  ( -36.65691253287025120, 33.32057269963603829, 264.0098665162666407 ) ) ;
#1309 = CARTESIAN_POINT ( 'NONE',  ( 150.0000000000000568, 0.2544905633191389405, 409.6453932724846823 ) ) ;
#1310 =( NAMED_UNIT ( * ) PLANE_ANGLE_UNIT ( ) SI_UNIT ( $, .RADIAN. ) );
#1311 = ORIENTED_EDGE ( 'NONE', *, *, #3626, .F. ) ;
#1312 = CARTESIAN_POINT ( 'NONE',  ( 3.330844985526232982, -5.949735992423210718, -56.59751504260918864 ) ) ;
#1313 = ADVANCED_FACE ( 'NONE', ( #4629 ), #6752, .T. ) ;
#1314 = PLANE ( 'NONE',  #5737 ) ;
#1315 = CARTESIAN_POINT ( 'NONE',  ( -52.53891573317806518, 18.24069168520677664, 252.3546242644533777 ) ) ;
#1316 = PLANE ( 'NONE',  #8541 ) ;
#1317 = CARTESIAN_POINT ( 'NONE',  ( -33.67085655245559650, 29.50731058893526892, 318.4804270488016869 ) ) ;
#1318 = CARTESIAN_POINT ( 'NONE',  ( 2.741371173148338780, 42.32618875082551568, 253.7070981438347417 ) ) ;
#1319 = CARTESIAN_POINT ( 'NONE',  ( 0.5120851727837461009, 45.98408210575418309, 252.6190356612356140 ) ) ;
#1320 = CARTESIAN_POINT ( 'NONE',  ( 0.000000000000000000, 40.74795199264384848, 79.83585004708851329 ) ) ;
#1321 = CARTESIAN_POINT ( 'NONE',  ( -0.02943040822820103264, 24.12234222803320094, 406.2812139873414026 ) ) ;
#1322 = CARTESIAN_POINT ( 'NONE',  ( 4.149658159168249760, 45.56441585637873004, 255.0493125756248673 ) ) ;
#1323 = CARTESIAN_POINT ( 'NONE',  ( -7.641036333621944010, 32.20859109644747065, 353.6604636770895809 ) ) ;
#1324 = CARTESIAN_POINT ( 'NONE',  ( 36.00285309233927933, -6.792297079197776810, 479.3729591887034758 ) ) ;
#1325 = DIRECTION ( 'NONE',  ( -0.03459658940540358968, 0.9994013588151228200, 0.000000000000000000 ) ) ;
#1326 = CARTESIAN_POINT ( 'NONE',  ( -14.92232872504065178, 35.09647708758656393, 325.2479052874116405 ) ) ;
#1327 = CARTESIAN_POINT ( 'NONE',  ( 40.63731848421951298, 15.40444059254322795, 381.1309276373086163 ) ) ;
#1328 = CARTESIAN_POINT ( 'NONE',  ( 42.93525635752460090, 24.91619045889872197, 322.4497166857740922 ) ) ;
#1329 = CARTESIAN_POINT ( 'NONE',  ( -45.06804420492548502, 23.32051481160178952, 329.3318359661092245 ) ) ;
#1330 = CARTESIAN_POINT ( 'NONE',  ( 2.861529713880420545, -14.86190821214616165, -66.10491999415030762 ) ) ;
#1331 = FACE_OUTER_BOUND ( 'NONE', #3273, .T. ) ;
#1332 = ORIENTED_EDGE ( 'NONE', *, *, #3079, .F. ) ;
#1333 = VECTOR ( 'NONE', #5259, 1000.000000000000000 ) ;
#1334 = ORIENTED_EDGE ( 'NONE', *, *, #6710, .F. ) ;
#1335 = CARTESIAN_POINT ( 'NONE',  ( 24.45514282142428186, 34.03033067479747587, 71.95588844210854518 ) ) ;
#1336 = EDGE_LOOP ( 'NONE', ( #8554, #7807 ) ) ;
#1337 = CARTESIAN_POINT ( 'NONE',  ( 42.75445932639104285, 25.75585501620750151, 334.4493103031246051 ) ) ;
#1338 = CARTESIAN_POINT ( 'NONE',  ( 0.02319668474644274656, 29.01298966181619576, 377.4572383564612323 ) ) ;
#1339 = AXIS2_PLACEMENT_3D ( 'NONE', #5620, #6962, #6373 ) ;
#1340 = CARTESIAN_POINT ( 'NONE',  ( -1.491837313981480451, 41.29747703570838979, 271.0348508558083154 ) ) ;
#1341 = CARTESIAN_POINT ( 'NONE',  ( 16.99571453683681810, 35.50338626785885054, 318.7048082307198911 ) ) ;
#1342 = CARTESIAN_POINT ( 'NONE',  ( 47.79081939756490982, 28.06067077546803645, 271.9732733398181495 ) ) ;
#1343 = DIRECTION ( 'NONE',  ( 0.000000000000000000, -1.000000000000000000, 0.000000000000000000 ) ) ;
#1344 = CARTESIAN_POINT ( 'NONE',  ( -16.47553093576245331, 44.15828717795491087, 255.0493121349408625 ) ) ;
#1345 = CARTESIAN_POINT ( 'NONE',  ( 0.000000000000000000, 13.75622029850556061, 472.5436863909573617 ) ) ;
#1346 = CARTESIAN_POINT ( 'NONE',  ( -8.516121000718435141, 26.27238574755090994, 389.7319563609348165 ) ) ;
#1347 = CARTESIAN_POINT ( 'NONE',  ( -0.3461595291941653718, 34.52924462963049024, 339.1559640972176908 ) ) ;
#1348 = B_SPLINE_CURVE_WITH_KNOTS ( 'NONE', 3,
 ( #969, #5805, #7103, #8452, #3602, #7144, #2926 ),
 .UNSPECIFIED., .F., .F.,
 ( 4, 3, 4 ),
 ( -5.999999999991845448E-08, 0.000000000000000000, 0.0004768762162522219056 ),
 .UNSPECIFIED. ) ;
#1349 = EDGE_LOOP ( 'NONE', ( #3958, #6763, #2618, #7656 ) ) ;
#1350 = CARTESIAN_POINT ( 'NONE',  ( -30.40738172470365441, 31.21689309876250817, 316.4012726911527693 ) ) ;
#1351 = DIRECTION ( 'NONE',  ( -1.000000000000000000, 0.000000000000000000, 0.000000000000000000 ) ) ;
#1352 = ORIENTED_EDGE ( 'NONE', *, *, #1307, .F. ) ;
#1353 = CARTESIAN_POINT ( 'NONE',  ( 1.103078955720380172, 39.20759294772436476, 296.7474455858873625 ) ) ;
#1354 = CARTESIAN_POINT ( 'NONE',  ( 1.619819178831790385, 43.22343190059798701, 281.6710287318590531 ) ) ;
#1355 = ADVANCED_FACE ( 'NONE', ( #6606 ), #428, .T. ) ;
#1356 = DIRECTION ( 'NONE',  ( 0.000000000000000000, 0.000000000000000000, -1.000000000000000000 ) ) ;
#1357 = CARTESIAN_POINT ( 'NONE',  ( -36.04980481236209755, 33.11676405210776153, 270.4710914715569743 ) ) ;
#1358 = CARTESIAN_POINT ( 'NONE',  ( -0.7032787781051501597, 2.973172933655187311, 514.9865767782636112 ) ) ;
#1359 = CARTESIAN_POINT ( 'NONE',  ( 5.996873100694215204E-05, 45.40164194841052137, 260.7912700365974388 ) ) ;
#1360 = VERTEX_POINT ( 'NONE', #3952 ) ;
#1361 = CARTESIAN_POINT ( 'NONE',  ( 56.44355950920334664, -5.401506154520962610, 202.8927154750770683 ) ) ;
#1362 = DIRECTION ( 'NONE',  ( 0.000000000000000000, 0.000000000000000000, 1.000000000000000000 ) ) ;
#1363 = CARTESIAN_POINT ( 'NONE',  ( -0.04624208550460572054, 41.91530017182198975, 261.9976552027273442 ) ) ;
#1364 = CARTESIAN_POINT ( 'NONE',  ( -10.71961130750829305, 36.07779793481478237, 62.31912070581579144 ) ) ;
#1365 = CARTESIAN_POINT ( 'NONE',  ( -1.003294345898726236, 37.16042184082672861, 334.4493103031246051 ) ) ;
#1366 = CARTESIAN_POINT ( 'NONE',  ( 41.87125349892847481, 30.71038107048621058, 268.1069433464532494 ) ) ;
#1367 = ADVANCED_FACE ( 'NONE', ( #6692 ), #6131, .T. ) ;
#1368 = CARTESIAN_POINT ( 'NONE',  ( -68.02388392350869140, 29.98456005054444162, 166.0820768548770161 ) ) ;
#1369 = CARTESIAN_POINT ( 'NONE',  ( -2.367866279720466594, 41.04594610967017587, 79.94441032751126386 ) ) ;
#1370 = CARTESIAN_POINT ( 'NONE',  ( 0.2895412866256251161, 24.12866615580629670, 406.3142382569381539 ) ) ;
#1371 = CARTESIAN_POINT ( 'NONE',  ( -0.003294345898725401563, 37.16042184082672861, 334.4493103031246051 ) ) ;
#1372 = CARTESIAN_POINT ( 'NONE',  ( 0.08190062001682640869, 32.39836071626905323, 354.8281293385397248 ) ) ;
#1373 = CARTESIAN_POINT ( 'NONE',  ( -1.451531298192344277, -4.583017096774475441, 541.4743903544048180 ) ) ;
#1374 = EDGE_CURVE ( 'NONE', #615, #1894, #5143, .T. ) ;
#1375 = CARTESIAN_POINT ( 'NONE',  ( -12.56828236095124929, -24.59226084328281203, -70.07999748860358125 ) ) ;
#1376 = CARTESIAN_POINT ( 'NONE',  ( -2.604839390531383359, 36.58715582210172812, 321.6710657659560866 ) ) ;
#1377 = CARTESIAN_POINT ( 'NONE',  ( -0.5066989070127417838, 24.13299750668950949, 406.3360408976795952 ) ) ;
#1378 = CARTESIAN_POINT ( 'NONE',  ( 6.773610092472373445, 35.97014948338168949, 325.5582880375394552 ) ) ;
#1379 = CARTESIAN_POINT ( 'NONE',  ( -0.000000000000000000, -14.90059978858783118, -66.09690123838019815 ) ) ;
#1380 = DIRECTION ( 'NONE',  ( 0.000000000000000000, 0.5273291391947594331, -0.8496610965297364260 ) ) ;
#1381 = DIRECTION ( 'NONE',  ( -0.000000000000000000, -0.9971851335251159520, -0.07497872682632604480 ) ) ;
#1382 = VERTEX_POINT ( 'NONE', #8605 ) ;
#1383 = ORIENTED_EDGE ( 'NONE', *, *, #977, .F. ) ;
#1384 = CARTESIAN_POINT ( 'NONE',  ( 0.000000000000000000, 44.44231472044331355, 275.7264566852123266 ) ) ;
#1385 = CARTESIAN_POINT ( 'NONE',  ( -27.15381748465024003, 30.37349658135888930, 334.3769608741816910 ) ) ;
#1386 = CARTESIAN_POINT ( 'NONE',  ( 1.406284830759803262, 29.00392096066334346, 377.2560980031105942 ) ) ;
#1387 = CARTESIAN_POINT ( 'NONE',  ( -28.09905447486534413, 35.19687175235517174, 287.0741877885335498 ) ) ;
#1388 = CARTESIAN_POINT ( 'NONE',  ( 14.93130709771133091, 35.90884023417179804, 318.2152710925299175 ) ) ;
#1389 = CARTESIAN_POINT ( 'NONE',  ( 43.94517192328951438, 30.07594613041732146, 264.6402178228379398 ) ) ;
#1390 = CARTESIAN_POINT ( 'NONE',  ( -0.4666624454429352253, 43.22798668596863791, 281.9339774583896769 ) ) ;
#1391 = CARTESIAN_POINT ( 'NONE',  ( 46.72257249160163894, 24.52859285672225198, 314.4681560580813198 ) ) ;
#1392 = CARTESIAN_POINT ( 'NONE',  ( 0.000000000000000000, 10.33405387878785753, 486.6586544760494917 ) ) ;
#1393 = CARTESIAN_POINT ( 'NONE',  ( -3.205443357861069043, 26.56812441968474658, 391.5001068757327403 ) ) ;
#1394 = CARTESIAN_POINT ( 'NONE',  ( 12.27244077535790190, 34.90616245570622311, 330.1299640136385847 ) ) ;
#1395 = ORIENTED_EDGE ( 'NONE', *, *, #7952, .F. ) ;
#1396 = CARTESIAN_POINT ( 'NONE',  ( -38.97930856699259294, 27.31350610952086910, 316.6991342474489102 ) ) ;
#1397 = CARTESIAN_POINT ( 'NONE',  ( 7.500000000000000000, 23.25966121672881570, 402.6247220052615035 ) ) ;
#1398 = EDGE_LOOP ( 'NONE', ( #8829, #1135, #4027, #7365 ) ) ;
#1399 = CARTESIAN_POINT ( 'NONE',  ( 10.64181970513203979, 37.85784482708309895, 305.8904628632460572 ) ) ;
#1400 = CARTESIAN_POINT ( 'NONE',  ( -33.03633095656161345, 17.14605233795703043, 389.0746662281788417 ) ) ;
#1401 = PLANE ( 'NONE',  #4703 ) ;
#1402 = CARTESIAN_POINT ( 'NONE',  ( -16.69851733214126099, 40.89520421695247876, 250.0264169235916825 ) ) ;
#1403 = CARTESIAN_POINT ( 'NONE',  ( 2.401812407620467660, 6.569449054318622139, 500.9803719639622841 ) ) ;
#1404 = CARTESIAN_POINT ( 'NONE',  ( 0.3249465619375372927, 45.39096940075985742, 260.7910944399914115 ) ) ;
#1405 = ORIENTED_EDGE ( 'NONE', *, *, #154, .T. ) ;
#1406 = CARTESIAN_POINT ( 'NONE',  ( 28.42755645119725472, -3.288475361452404488, -32.29124967184177564 ) ) ;
#1407 = VECTOR ( 'NONE', #1025, 1000.000000000000000 ) ;
#1408 = CARTESIAN_POINT ( 'NONE',  ( -2.145165295397433169E-08, 42.33955562421409979, 255.0493127239866169 ) ) ;
#1409 = CARTESIAN_POINT ( 'NONE',  ( 10.60454115293284616, 36.70342282626427988, 316.7022426590293662 ) ) ;
#1410 = CARTESIAN_POINT ( 'NONE',  ( 0.3785680576200199932, 41.93229190437013898, 261.9391056086477647 ) ) ;
#1411 = CARTESIAN_POINT ( 'NONE',  ( -53.35623814217884586, 16.83228722618856921, 246.4189050667629601 ) ) ;
#1412 = CARTESIAN_POINT ( 'NONE',  ( 2.194752706739981907, -9.508866867582225879, 557.5849067725088162 ) ) ;
#1413 = VECTOR ( 'NONE', #6812, 1000.000000000000000 ) ;
#1414 = CARTESIAN_POINT ( 'NONE',  ( 50.95380431107778207, 27.13877720999602872, 268.4174172486463021 ) ) ;
#1415 = B_SPLINE_CURVE_WITH_KNOTS ( 'NONE', 3,
 ( #7631, #8211, #5484, #8260 ),
 .UNSPECIFIED., .F., .F.,
 ( 4, 4 ),
 ( 0.000000000000000000, 1.040227769084426027E-05 ),
 .UNSPECIFIED. ) ;
#1416 = CARTESIAN_POINT ( 'NONE',  ( 0.7461940103012556502, 43.80372440424493874, 105.2564511888949568 ) ) ;
#1417 = CARTESIAN_POINT ( 'NONE',  ( 10.24811798180279787, 39.43337803868414682, 83.18633069079341169 ) ) ;
#1418 = CARTESIAN_POINT ( 'NONE',  ( -5.158392626784038093, 22.61684470888687670, 412.1922849404305680 ) ) ;
#1419 = CARTESIAN_POINT ( 'NONE',  ( 5.974697017077270027E-10, 43.83345410576623635, 282.5824894700288610 ) ) ;
#1420 = CARTESIAN_POINT ( 'NONE',  ( -7.670996889881518399, 33.29960752652245048, 346.1219432603217570 ) ) ;
#1421 = CARTESIAN_POINT ( 'NONE',  ( 36.87704838372232530, 0.06862354129085444787, 457.0708091009332747 ) ) ;
#1422 = AXIS2_PLACEMENT_3D ( 'NONE', #1748, #1021, #5270 ) ;
#1423 = EDGE_CURVE ( 'NONE', #6746, #4404, #3968, .T. ) ;
#1424 = DIRECTION ( 'NONE',  ( 1.000000000000000000, 0.000000000000000000, 0.000000000000000000 ) ) ;
#1425 = CARTESIAN_POINT ( 'NONE',  ( -25.60432822583385715, 32.64414076416476718, 321.3557703613025751 ) ) ;
#1426 = CARTESIAN_POINT ( 'NONE',  ( 2.538390034727388667, 24.05553099275512707, 405.8947843187411877 ) ) ;
#1427 = CARTESIAN_POINT ( 'NONE',  ( 2.604391224415414818, 36.35562770110396968, 323.6896952973287398 ) ) ;
#1428 = CARTESIAN_POINT ( 'NONE',  ( -3.350178695052929978, -24.66882895534568121, -76.10165956531285758 ) ) ;
#1429 = PLANE ( 'NONE',  #8167 ) ;
#1430 = ADVANCED_FACE ( 'NONE', ( #549 ), #1721, .F. ) ;
#1431 = DIRECTION ( 'NONE',  ( -6.590423098898467265E-17, -0.9971851335251159520, -0.07497872682632604480 ) ) ;
#1432 = ORIENTED_EDGE ( 'NONE', *, *, #7087, .F. ) ;
#1433 = ORIENTED_EDGE ( 'NONE', *, *, #6547, .F. ) ;
#1434 = CARTESIAN_POINT ( 'NONE',  ( -0.5120851727837461009, 45.98408210575418309, 252.6190356612356140 ) ) ;
#1435 = EDGE_CURVE ( 'NONE', #3054, #8529, #5200, .T. ) ;
#1436 = CARTESIAN_POINT ( 'NONE',  ( -4.035582428353784223, 34.64824055502381839, 337.3619268746738271 ) ) ;
#1437 = CARTESIAN_POINT ( 'NONE',  ( 22.49768823640119919, 26.30718662266640706, 369.4563804872955188 ) ) ;
#1438 = CARTESIAN_POINT ( 'NONE',  ( -7.000752742624269942, 40.32335225806186685, 280.7079879318362714 ) ) ;
#1439 = CARTESIAN_POINT ( 'NONE',  ( 2.605736984307098325, 36.98617401982355801, 318.1021420275615696 ) ) ;
#1440 = DIRECTION ( 'NONE',  ( -0.000000000000000000, -0.000000000000000000, 1.000000000000000000 ) ) ;
#1441 = CARTESIAN_POINT ( 'NONE',  ( 42.96603682079152264, 34.27460880931239018, 263.3636148283385978 ) ) ;
#1442 = CARTESIAN_POINT ( 'NONE',  ( -0.9391192593045467607, 7.969336849332791850, -35.88766685587286531 ) ) ;
#1443 = CARTESIAN_POINT ( 'NONE',  ( 1.451531298192344277, -4.583017096774475441, 541.4743903544048180 ) ) ;
#1444 = CARTESIAN_POINT ( 'NONE',  ( -10.75873108507565412, 28.50718523772502522, 374.6803470310309763 ) ) ;
#1445 = CARTESIAN_POINT ( 'NONE',  ( 16.31500808971219740, 34.31053958370964807, 329.8205944804681735 ) ) ;
#1446 = VERTEX_POINT ( 'NONE', #2487 ) ;
#1447 = CARTESIAN_POINT ( 'NONE',  ( -8.068820748394255560, 37.11130461551455539, 314.6675456585629149 ) ) ;
#1448 = CARTESIAN_POINT ( 'NONE',  ( 1.859398661689921406, 37.50038705086523549, 313.4689547350657222 ) ) ;
#1449 = CARTESIAN_POINT ( 'NONE',  ( -42.75445932639104285, 25.75585501620750151, 334.4493103031246051 ) ) ;
#1450 = FACE_OUTER_BOUND ( 'NONE', #435, .T. ) ;
#1451 = CARTESIAN_POINT ( 'NONE',  ( -29.50401516128434309, 36.29321706045687534, 265.8369901822471775 ) ) ;
#1452 = CARTESIAN_POINT ( 'NONE',  ( -1.371592355364178228, 6.821518167627450779, 500.7095233472878135 ) ) ;
#1453 = CARTESIAN_POINT ( 'NONE',  ( 150.0000000000000284, 4.861445216433631700, 214.0141223977753668 ) ) ;
#1454 = CARTESIAN_POINT ( 'NONE',  ( -16.50298817240669891, 40.69340810498631100, 255.0493121339592619 ) ) ;
#1455 = CARTESIAN_POINT ( 'NONE',  ( 14.93440238372081375, 36.06596004122953047, 316.7935579971020275 ) ) ;
#1456 = CARTESIAN_POINT ( 'NONE',  ( -0.4647772760514323753, 41.89773309077894226, 262.0598720908583346 ) ) ;
#1457 = CARTESIAN_POINT ( 'NONE',  ( -48.09887603462018291, 19.47765558591667556, 290.8986780379959782 ) ) ;
#1458 = CARTESIAN_POINT ( 'NONE',  ( -2.554997525492479937, -7.414538782993829180, 550.3635908939758110 ) ) ;
#1459 = CARTESIAN_POINT ( 'NONE',  ( 0.6721914148746035433, 41.88836698697766536, 262.0937977819863249 ) ) ;
#1460 = CARTESIAN_POINT ( 'NONE',  ( 2.305531241410820442, 46.80903969351554395, 155.8088301420164328 ) ) ;
#1461 = CARTESIAN_POINT ( 'NONE',  ( -8.241541558766840581, 22.36273845278471484, 410.6425286602079723 ) ) ;
#1462 = LINE ( 'NONE', #8796, #773 ) ;
#1463 = CARTESIAN_POINT ( 'NONE',  ( -0.02517325022121298314, 33.48594538366501183, 347.0760488833866475 ) ) ;
#1464 = CARTESIAN_POINT ( 'NONE',  ( -2.188606651473533393, -7.176475229997554273, 550.0807433445178276 ) ) ;
#1465 = B_SPLINE_CURVE_WITH_KNOTS ( 'NONE', 3,
 ( #6069, #1056, #3815, #6695 ),
 .UNSPECIFIED., .F., .F.,
 ( 4, 4 ),
 ( 2.363560736018399666E-17, 0.0004667239766061348255 ),
 .UNSPECIFIED. ) ;
#1466 = FACE_OUTER_BOUND ( 'NONE', #8176, .T. ) ;
#1467 = CARTESIAN_POINT ( 'NONE',  ( -42.93522425041170010, 25.08453720716995505, 321.0526812673235213 ) ) ;
#1468 = CARTESIAN_POINT ( 'NONE',  ( 0.2320290867809238489, 22.82025771700548944, 413.2681066091004141 ) ) ;
#1469 = CARTESIAN_POINT ( 'NONE',  ( 20.59458960509003589, 33.43157226369628887, 328.5195199498684246 ) ) ;
#1470 = CARTESIAN_POINT ( 'NONE',  ( -150.0000000000000853, 8.243839277673602695, 220.6305941379857245 ) ) ;
#1471 = PRODUCT_DEFINITION ( 'UNKNOWN', '', #904, #2176 ) ;
#1472 = CARTESIAN_POINT ( 'NONE',  ( 0.01039337678575912548, 26.16357771467291116, 413.8493118463000542 ) ) ;
#1473 = CARTESIAN_POINT ( 'NONE',  ( -41.75445932639104285, 25.75585501620750151, 331.4493103031246051 ) ) ;
#1474 = ORIENTED_EDGE ( 'NONE', *, *, #4515, .T. ) ;
#1475 = ORIENTED_EDGE ( 'NONE', *, *, #5939, .F. ) ;
#1476 = CARTESIAN_POINT ( 'NONE',  ( 0.000000000000000000, 42.53272745866301818, 298.2006047040866861 ) ) ;
#1477 = CARTESIAN_POINT ( 'NONE',  ( -28.73130685361385872, 29.73567570849698427, 334.1156080470680649 ) ) ;
#1478 = CARTESIAN_POINT ( 'NONE',  ( 31.92976321765375047, 23.07043113913695365, 364.5398344472710619 ) ) ;
#1479 = CARTESIAN_POINT ( 'NONE',  ( -36.34998678973605024, 31.27817752571227672, 290.3526276056508664 ) ) ;
#1480 = CARTESIAN_POINT ( 'NONE',  ( 28.78103094330025868, 31.61348352140469586, 319.2412300952484543 ) ) ;
#1481 = CARTESIAN_POINT ( 'NONE',  ( -0.003294345898725401563, 37.16042184082672861, 334.4493103031246051 ) ) ;
#1482 = EDGE_CURVE ( 'NONE', #5351, #2193, #1042, .T. ) ;
#1483 = CARTESIAN_POINT ( 'NONE',  ( -1.203986708643585412E-14, 110.3999999999999773, 261.3537278318257790 ) ) ;
#1484 = CARTESIAN_POINT ( 'NONE',  ( 150.0000000000000284, 3.089374213535638791, 211.7316696794227653 ) ) ;
#1485 = CARTESIAN_POINT ( 'NONE',  ( 0.000000000000000000, -7.286313120370254026, 550.2112436993119218 ) ) ;
#1486 = CARTESIAN_POINT ( 'NONE',  ( 0.01262268959450608269, 30.18317454552761347, 370.0884696267458480 ) ) ;
#1487 = CARTESIAN_POINT ( 'NONE',  ( 26.16351280560486714, 30.62209787959817220, 335.7297990239285355 ) ) ;
#1488 = ORIENTED_EDGE ( 'NONE', *, *, #3617, .F. ) ;
#1489 = VECTOR ( 'NONE', #8808, 1000.000000000000000 ) ;
#1490 = EDGE_CURVE ( 'NONE', #1002, #220, #4566, .T. ) ;
#1491 = CARTESIAN_POINT ( 'NONE',  ( -3.334922603264093066, 37.35883203961723353, 314.5373684202158415 ) ) ;
#1492 = B_SPLINE_CURVE_WITH_KNOTS ( 'NONE', 3,
 ( #8814, #4054, #5981, #479 ),
 .UNSPECIFIED., .F., .F.,
 ( 4, 4 ),
 ( 0.000000000000000000, 0.01543658387653698560 ),
 .UNSPECIFIED. ) ;
#1493 = CARTESIAN_POINT ( 'NONE',  ( 32.30850553473670317, 31.94656292319880819, 302.0179247680924277 ) ) ;
#1494 = DIRECTION ( 'NONE',  ( 0.000000000000000000, 0.000000000000000000, -1.000000000000000000 ) ) ;
#1495 = CARTESIAN_POINT ( 'NONE',  ( 7.500000000000000000, 23.25966121672881570, 402.6247220052615035 ) ) ;
#1496 = CARTESIAN_POINT ( 'NONE',  ( -50.95380431107775365, 27.13877720999602872, 268.4174172486463021 ) ) ;
#1497 = CARTESIAN_POINT ( 'NONE',  ( 59.71558549167485808, -8.266634582424307709, 438.4425714590527150 ) ) ;
#1498 = CARTESIAN_POINT ( 'NONE',  ( 150.0000000000000853, 8.243839277673602695, 220.6305941379857245 ) ) ;
#1499 = CARTESIAN_POINT ( 'NONE',  ( -43.69393294445440290, 30.20197228874202366, 264.3169307905898791 ) ) ;
#1500 = CARTESIAN_POINT ( 'NONE',  ( 38.97930856699260715, 27.31350610952086910, 316.6991342474489102 ) ) ;
#1501 = CARTESIAN_POINT ( 'NONE',  ( -30.10730218820770077, 34.89689914272924653, 280.8564526863058859 ) ) ;
#1502 = CARTESIAN_POINT ( 'NONE',  ( -7.301291994692240550, 46.93704426116289596, 207.1250189900836745 ) ) ;
#1503 = CARTESIAN_POINT ( 'NONE',  ( -6.922703436459269000, 35.25202637734479794, 331.4493103031246051 ) ) ;
#1504 = CARTESIAN_POINT ( 'NONE',  ( 37.28239946173543728, 31.95766616622013601, 277.8945464116980588 ) ) ;
#1505 = CARTESIAN_POINT ( 'NONE',  ( 24.45514282142428186, 34.03033067479747587, 71.95588844210854518 ) ) ;
#1506 = VECTOR ( 'NONE', #2827, 1000.000000000000114 ) ;
#1507 = CARTESIAN_POINT ( 'NONE',  ( -3.227277554158136219, 24.02919717136099464, 405.7348255964488430 ) ) ;
#1508 = CARTESIAN_POINT ( 'NONE',  ( 34.41212933470647783, 21.45714692835721848, 384.3541095030658994 ) ) ;
#1509 = CARTESIAN_POINT ( 'NONE',  ( -0.3151990386997074456, 34.53301019607752664, 339.1045570241726637 ) ) ;
#1510 = CARTESIAN_POINT ( 'NONE',  ( 0.000000000000000000, 2.926735556036303532, 515.0430825616978154 ) ) ;
#1511 = CARTESIAN_POINT ( 'NONE',  ( 1.897887140548182083, -1.930630389853631890, -51.65318905880917555 ) ) ;
#1512 = CARTESIAN_POINT ( 'NONE',  ( -4.039649821963970489, 36.54852667938829569, 321.6557023985493515 ) ) ;
#1513 = CARTESIAN_POINT ( 'NONE',  ( 0.01558622591900195309, 21.48413711423494732, 420.2244002333105755 ) ) ;
#1514 = CARTESIAN_POINT ( 'NONE',  ( 6.766821200848558426, 35.03268741334236580, 333.3229750688477679 ) ) ;
#1515 = CARTESIAN_POINT ( 'NONE',  ( -86.34215386717033880, -3.295932708773868125, 58.85122590806797405 ) ) ;
#1516 = CARTESIAN_POINT ( 'NONE',  ( 44.79208460059816588, 23.12775989327775505, 331.4493103031248324 ) ) ;
#1517 =( LENGTH_UNIT ( ) NAMED_UNIT ( * ) SI_UNIT ( .MILLI., .METRE. ) );
#1518 = ORIENTED_EDGE ( 'NONE', *, *, #5007, .F. ) ;
#1519 = VERTEX_POINT ( 'NONE', #6004 ) ;
#1520 = CARTESIAN_POINT ( 'NONE',  ( -1.536255518351238303, 46.03229346627335872, 252.4759691116221347 ) ) ;
#1521 = CARTESIAN_POINT ( 'NONE',  ( 0.06212538961011857680, 35.18143839570983999, 333.7812400822190284 ) ) ;
#1522 = CARTESIAN_POINT ( 'NONE',  ( 15.52874890721031065, 26.65685901652184242, 379.5715231135860677 ) ) ;
#1523 = CARTESIAN_POINT ( 'NONE',  ( 32.01199370407476152, 30.22851036077920384, 318.8574494640866419 ) ) ;
#1524 = DIRECTION ( 'NONE',  ( 0.000000000000000000, -1.000000000000000000, 0.000000000000000000 ) ) ;
#1525 = CARTESIAN_POINT ( 'NONE',  ( -0.3111118093023508280, 43.23064404089910084, 281.9339774583896201 ) ) ;
#1526 = CARTESIAN_POINT ( 'NONE',  ( 3.334374282861684691, -8.670514282707921794, -59.62443636531153857 ) ) ;
#1527 = CARTESIAN_POINT ( 'NONE',  ( 0.000000000000000000, 38.02191623675273036, 338.5770111213503810 ) ) ;
#1528 = CARTESIAN_POINT ( 'NONE',  ( -0.6519060049759068942, 29.01011125208151498, 377.3702050185880807 ) ) ;
#1529 = CARTESIAN_POINT ( 'NONE',  ( 1.767938450803772987, 33.48600372853083940, 346.8928188639632140 ) ) ;
#1530 = ORIENTED_EDGE ( 'NONE', *, *, #44, .F. ) ;
#1531 = EDGE_CURVE ( 'NONE', #6272, #1940, #8788, .T. ) ;
#1532 = CARTESIAN_POINT ( 'NONE',  ( -1.105823724432690724, 37.51173386338805216, 313.4471815671526542 ) ) ;
#1533 = CARTESIAN_POINT ( 'NONE',  ( 39.06075306997244212, 28.11295413300795332, 309.3276559738174001 ) ) ;
#1534 = CARTESIAN_POINT ( 'NONE',  ( 24.96191191765762696, 35.28848073737330537, 331.4493103031246051 ) ) ;
#1535 = LINE ( 'NONE', #4382, #2998 ) ;
#1536 = CARTESIAN_POINT ( 'NONE',  ( -1.521982811203346886, 43.21336001861667597, 235.4766789910769660 ) ) ;
#1537 = CARTESIAN_POINT ( 'NONE',  ( 149.9999999999995168, -1.113709569569687474, 417.4376239672698148 ) ) ;
#1538 = ADVANCED_FACE ( 'NONE', ( #455 ), #3890, .T. ) ;
#1539 = CARTESIAN_POINT ( 'NONE',  ( 11.55383968865741373, 26.93463575382700270, 21.23557846822262718 ) ) ;
#1540 = CARTESIAN_POINT ( 'NONE',  ( -16.71158238595865342, 19.96938336451205132, 409.5325876277166230 ) ) ;
#1541 = EDGE_CURVE ( 'NONE', #4050, #4052, #8745, .T. ) ;
#1542 = CARTESIAN_POINT ( 'NONE',  ( -13.81126526855386771, 40.58687858483360600, 265.6406179594507648 ) ) ;
#1543 = CARTESIAN_POINT ( 'NONE',  ( 0.000000000000000000, 47.03654387356198185, 229.1256845389213481 ) ) ;
#1544 = LINE ( 'NONE', #3703, #8887 ) ;
#1545 = CARTESIAN_POINT ( 'NONE',  ( 20.63280308582161027, 39.54458986773130391, 260.3628838593343175 ) ) ;
#1546 = AXIS2_PLACEMENT_3D ( 'NONE', #8473, #2262, #1585 ) ;
#1547 = CARTESIAN_POINT ( 'NONE',  ( -1.730417408365614973, 47.76473948255436142, 204.8872388650783591 ) ) ;
#1548 = CARTESIAN_POINT ( 'NONE',  ( 0.1661101975240953377, 25.37961209044132360, 399.1890668984788135 ) ) ;
#1549 = CARTESIAN_POINT ( 'NONE',  ( 0.3072878709010109510, 43.23070936725655855, 281.9339774583894496 ) ) ;
#1550 = CARTESIAN_POINT ( 'NONE',  ( -12.18605229769374887, 32.91380252755302394, 345.3787399788134280 ) ) ;
#1551 = CARTESIAN_POINT ( 'NONE',  ( 0.01039337678575912548, 23.09037415192558740, 413.8493118463000542 ) ) ;
#1552 = AXIS2_PLACEMENT_3D ( 'NONE', #3034, #5829, #8518 ) ;
#1553 = CARTESIAN_POINT ( 'NONE',  ( -3.335770872489703276, -10.08423850523609744, -61.08048033209797012 ) ) ;
#1554 = CARTESIAN_POINT ( 'NONE',  ( -33.66898260382096453, 29.19395328784575128, 321.2129914850212913 ) ) ;
#1555 = CARTESIAN_POINT ( 'NONE',  ( 0.6406545311296416578, 22.80897701706554415, 413.2206734129608208 ) ) ;
#1556 = CARTESIAN_POINT ( 'NONE',  ( 4.037611269541273806, 35.61832351728427426, 329.6189842152072629 ) ) ;
#1557 = CARTESIAN_POINT ( 'NONE',  ( -85.69083615468348114, 1.184676353268040661, 66.40827568370886524 ) ) ;
#1558 = CARTESIAN_POINT ( 'NONE',  ( -7.500000000000000000, 23.25966121672881570, 402.6247220052615035 ) ) ;
#1559 = AXIS2_PLACEMENT_3D ( 'NONE', #3150, #8003, #5902 ) ;
#1560 = ORIENTED_EDGE ( 'NONE', *, *, #265, .F. ) ;
#1561 = VERTEX_POINT ( 'NONE', #6634 ) ;
#1562 = CARTESIAN_POINT ( 'NONE',  ( 52.51231461823631719, 36.78377033823687015, 237.1480678699628015 ) ) ;
#1563 = CARTESIAN_POINT ( 'NONE',  ( -23.93761384091433442, 31.53565844567608778, 334.8993026700990185 ) ) ;
#1564 = CARTESIAN_POINT ( 'NONE',  ( 12.65563674177093922, 27.07562781716692157, 380.9121201839831770 ) ) ;
#1565 = CARTESIAN_POINT ( 'NONE',  ( 1.105162463732377809, 36.89263795587668682, 319.1196428817776791 ) ) ;
#1566 = DIRECTION ( 'NONE',  ( 1.000000000000000000, 0.000000000000000000, 0.000000000000000000 ) ) ;
#1567 = LINE ( 'NONE', #4453, #6656 ) ;
#1568 = CARTESIAN_POINT ( 'NONE',  ( -30.41791799563090848, 33.12035766302754780, 331.4493103031246619 ) ) ;
#1569 = CARTESIAN_POINT ( 'NONE',  ( 150.0000000000000284, 2.675617566335641406, 211.3246760485956202 ) ) ;
#1570 = CARTESIAN_POINT ( 'NONE',  ( -2.562172481296778770, -9.718372356699223502, 557.8072730852924224 ) ) ;
#1571 = CARTESIAN_POINT ( 'NONE',  ( -6.391342296736449491, 28.85784920816957211, 376.1628129182300881 ) ) ;
#1572 = CARTESIAN_POINT ( 'NONE',  ( 6.468443085688534211, 33.37209829668125849, 346.3034461972041527 ) ) ;
#1573 = ORIENTED_EDGE ( 'NONE', *, *, #3580, .T. ) ;
#1574 = CARTESIAN_POINT ( 'NONE',  ( -5.442004383794603051, 37.38532027862439122, 313.5797149641659303 ) ) ;
#1575 = CARTESIAN_POINT ( 'NONE',  ( 0.3353096524673661594, 37.51779063432084627, 313.4257129460386295 ) ) ;
#1576 = DIRECTION ( 'NONE',  ( 0.000000000000000000, 0.000000000000000000, -1.000000000000000000 ) ) ;
#1577 = DIRECTION ( 'NONE',  ( 1.000000000000000000, -2.325887870263784440E-15, 1.860710296211027552E-14 ) ) ;
#1578 = CARTESIAN_POINT ( 'NONE',  ( 3.697115022307936982, 45.06426518965555772, 263.7742111113371948 ) ) ;
#1579 = CARTESIAN_POINT ( 'NONE',  ( 1.412905495387613675, 41.02947630906889032, 312.7536838202627791 ) ) ;
#1580 = CARTESIAN_POINT ( 'NONE',  ( 2.554997525492479937, -7.414538782993829180, 550.3635908939758110 ) ) ;
#1581 = DIRECTION ( 'NONE',  ( 0.000000000000000000, 0.000000000000000000, 1.000000000000000000 ) ) ;
#1582 = CARTESIAN_POINT ( 'NONE',  ( 85.15847978174487309, 3.904776106732709806, 71.64136231852130265 ) ) ;
#1583 = CARTESIAN_POINT ( 'NONE',  ( -10.60281650307469192, 36.59589240618844741, 317.6804871616458286 ) ) ;
#1584 = CARTESIAN_POINT ( 'NONE',  ( -1.661913757546996440, 42.51371960543011141, 298.3404751548967511 ) ) ;
#1585 = DIRECTION ( 'NONE',  ( 1.000000000000000000, 0.000000000000000000, 0.000000000000000000 ) ) ;
#1586 = ORIENTED_EDGE ( 'NONE', *, *, #3835, .F. ) ;
#1587 = CARTESIAN_POINT ( 'NONE',  ( 29.00642624457471896, 35.96101429753218071, 272.9431558567279694 ) ) ;
#1588 = ADVANCED_FACE ( 'NONE', ( #5961 ), #8696, .F. ) ;
#1589 = CARTESIAN_POINT ( 'NONE',  ( 1.793437411546241478, 45.87555291334074070, 252.9410945478491897 ) ) ;
#1590 = CARTESIAN_POINT ( 'NONE',  ( 0.1532007166653269470, 26.63279485933437130, 392.0748076365160841 ) ) ;
#1591 = CARTESIAN_POINT ( 'NONE',  ( 8.966662445443102314, 37.81381102643348413, 307.2226186400166057 ) ) ;
#1592 = CARTESIAN_POINT ( 'NONE',  ( -10.01078483988585788, 33.13483705727154671, 345.7539334262763759 ) ) ;
#1593 = CARTESIAN_POINT ( 'NONE',  ( 3.999592961338987990E-05, 43.83341266176832818, 282.5824861355891926 ) ) ;
#1594 = CARTESIAN_POINT ( 'NONE',  ( -150.0000000000000284, 4.861445216433631700, 214.0141223977753668 ) ) ;
#1595 = CARTESIAN_POINT ( 'NONE',  ( -7.428082550925564576, 36.61162056218988425, 319.6317475508787425 ) ) ;
#1596 = CARTESIAN_POINT ( 'NONE',  ( 12.68010333311381288, 20.34762015684645675, 414.2042232406608377 ) ) ;
#1597 = CARTESIAN_POINT ( 'NONE',  ( 25.58841615933140545, 31.83002792451750906, 328.0830746297837095 ) ) ;
#1598 = CARTESIAN_POINT ( 'NONE',  ( -28.11698015143261742, 5.915450505645251766, -17.51976183688852373 ) ) ;
#1599 = CARTESIAN_POINT ( 'NONE',  ( -3.066662445442833729, 44.45300068828721152, 263.9480980988757892 ) ) ;
#1600 = CARTESIAN_POINT ( 'NONE',  ( -3.630889847869915865, 38.12361463357159863, 307.2459128902498264 ) ) ;
#1601 = EDGE_LOOP ( 'NONE', ( #659, #960, #162, #4590, #8861, #3787, #8629, #6973, #1899, #4447, #7697 ) ) ;
#1602 = EDGE_LOOP ( 'NONE', ( #6212, #1701, #6744, #6236 ) ) ;
#1603 = CARTESIAN_POINT ( 'NONE',  ( 41.93462905618955716, 26.32851893096475138, 364.7381377576680279 ) ) ;
#1604 = CARTESIAN_POINT ( 'NONE',  ( -5.432627064955868335, 35.57220960446156255, 329.5470948252400376 ) ) ;
#1605 = CARTESIAN_POINT ( 'NONE',  ( 0.04880213488508811093, 26.63072588716413591, 392.0496141972210467 ) ) ;
#1606 = CARTESIAN_POINT ( 'NONE',  ( 1.857738242836420417, 36.82620587471573970, 319.6327790918082314 ) ) ;
#1607 = CARTESIAN_POINT ( 'NONE',  ( -2.408981604509757624, 43.90119981355415035, 281.0724097935916461 ) ) ;
#1608 = CARTESIAN_POINT ( 'NONE',  ( 36.75268003405158623, 33.63845455769086357, 258.3056080846876625 ) ) ;
#1609 = CARTESIAN_POINT ( 'NONE',  ( 7.500000000000000000, 23.24985801873180691, 413.0240909614261113 ) ) ;
#1610 = CARTESIAN_POINT ( 'NONE',  ( 12.50569815975795684, -8.939040514739479804, -53.94021469740130925 ) ) ;
#1611 = CARTESIAN_POINT ( 'NONE',  ( -59.99867422257567995, -10.69069057093173214, 448.1085652130877293 ) ) ;
#1612 = CARTESIAN_POINT ( 'NONE',  ( -1.406284830759803262, 29.00392096066334346, 377.2560980031105942 ) ) ;
#1613 = CARTESIAN_POINT ( 'NONE',  ( 16.20211269284890676, 32.34969660379244516, 344.6221952111174005 ) ) ;
#1614 = ORIENTED_EDGE ( 'NONE', *, *, #7481, .T. ) ;
#1615 = CARTESIAN_POINT ( 'NONE',  ( -0.1376944040679944081, 38.40711397728958332, 305.1039188671201146 ) ) ;
#1616 = CARTESIAN_POINT ( 'NONE',  ( 25.62925361155371462, 33.40753978851896022, 314.4935357900153008 ) ) ;
#1617 = CARTESIAN_POINT ( 'NONE',  ( 32.03668176044626392, 16.93274438325534348, 392.0303838916270252 ) ) ;
#1618 = PLANE ( 'NONE',  #5050 ) ;
#1619 = CARTESIAN_POINT ( 'NONE',  ( 3.066662445442834173, 44.45300068828722573, 263.9480980988759597 ) ) ;
#1620 = CARTESIAN_POINT ( 'NONE',  ( -47.31906922256367665, 15.57846502002442612, 326.4192049172317525 ) ) ;
#1621 = CARTESIAN_POINT ( 'NONE',  ( 9.706193483868752026, -6.012392168603122755, 533.3392366149785175 ) ) ;
#1622 = AXIS2_PLACEMENT_3D ( 'NONE', #1919, #8622, #3953 ) ;
#1623 = CARTESIAN_POINT ( 'NONE',  ( -5.437111639715322298, 36.94715430360460573, 317.6208986147022983 ) ) ;
#1624 = CARTESIAN_POINT ( 'NONE',  ( -149.9999999999993463, 17.13590603533871715, 269.4952211729575993 ) ) ;
#1625 = FACE_OUTER_BOUND ( 'NONE', #4002, .T. ) ;
#1626 = CARTESIAN_POINT ( 'NONE',  ( 2.680789838473592201, 41.24186431331872882, 271.2485394314440441 ) ) ;
#1627 = CIRCLE ( 'NONE', #6665, 1.000000000000000666 ) ;
#1628 = CARTESIAN_POINT ( 'NONE',  ( 5.833484303085390010, 40.92873967100756971, 312.9953586469236484 ) ) ;
#1629 = CARTESIAN_POINT ( 'NONE',  ( -31.61804425272692853, 19.56515577831147468, 381.6657709519793684 ) ) ;
#1630 = CARTESIAN_POINT ( 'NONE',  ( 0.3169396261720670016, 43.82867865598480961, 282.5823499253247633 ) ) ;
#1631 = CARTESIAN_POINT ( 'NONE',  ( 0.2503878789573497077, 34.52981516115509208, 339.1486275176778236 ) ) ;
#1632 = CARTESIAN_POINT ( 'NONE',  ( -1.770961084858938994, 41.87160347825097517, 261.6975184746237346 ) ) ;
#1633 = ADVANCED_FACE ( 'NONE', ( #4614 ), #1171, .F. ) ;
#1634 = CARTESIAN_POINT ( 'NONE',  ( 1.902130867737947373, -5.765155448703533914, -56.51890096845753675 ) ) ;
#1635 = CARTESIAN_POINT ( 'NONE',  ( -2.605431075564596188, 36.87278776204197328, 319.1229100403430152 ) ) ;
#1636 = CARTESIAN_POINT ( 'NONE',  ( 16.51317364477104732, 21.11453909359341807, 404.9671071707219880 ) ) ;
#1637 = CARTESIAN_POINT ( 'NONE',  ( 30.38424134601697091, 29.88876614653604236, 327.6454177814185300 ) ) ;
#1638 = CARTESIAN_POINT ( 'NONE',  ( -28.42755645119725472, -3.288475361452404488, -32.29124967184177564 ) ) ;
#1639 = CARTESIAN_POINT ( 'NONE',  ( 1.146769735279829616, 41.65491474906183811, 261.4211560388353064 ) ) ;
#1640 = LINE ( 'NONE', #6468, #8660 ) ;
#1641 = ORIENTED_EDGE ( 'NONE', *, *, #868, .F. ) ;
#1642 = ORIENTED_EDGE ( 'NONE', *, *, #8363, .T. ) ;
#1643 = CARTESIAN_POINT ( 'NONE',  ( 13.31731313304985065, 38.32335583300963577, 331.1613580124958389 ) ) ;
#1644 = EDGE_CURVE ( 'NONE', #4774, #3003, #823, .T. ) ;
#1645 = ADVANCED_FACE ( 'NONE', ( #5452 ), #8132, .F. ) ;
#1646 = CARTESIAN_POINT ( 'NONE',  ( -32.00097254872751762, 29.18982195277994407, 327.4987854599042407 ) ) ;
#1647 = CARTESIAN_POINT ( 'NONE',  ( 45.15854382495105313, 18.39092938591956639, 358.8756656008833943 ) ) ;
#1648 = CARTESIAN_POINT ( 'NONE',  ( 22.36416915361333579, 34.04782356923720954, 319.2006994282220944 ) ) ;
#1649 = CARTESIAN_POINT ( 'NONE',  ( -3.066662445442833729, 43.35539360983665347, 279.6786943204272688 ) ) ;
#1650 = CARTESIAN_POINT ( 'NONE',  ( 32.45932355933747715, 35.65047642367733971, 256.3136994232768870 ) ) ;
#1651 = CARTESIAN_POINT ( 'NONE',  ( -46.55270765736709393, 32.40723812926036373, 268.8722253049751885 ) ) ;
#1652 = CARTESIAN_POINT ( 'NONE',  ( -1.766877480964753611, 28.41324036064381175, 17.19561693595092322 ) ) ;
#1653 = CARTESIAN_POINT ( 'NONE',  ( 2.195384728526888374, -9.905849853371190505, 558.8450598447288939 ) ) ;
#1654 = CARTESIAN_POINT ( 'NONE',  ( -8.729751823989547077, 29.90171058503350920, 368.2471589227118329 ) ) ;
#1655 = CARTESIAN_POINT ( 'NONE',  ( -0.1665722776489958479, 33.48475873475629783, 347.0947622149598715 ) ) ;
#1656 = ORIENTED_EDGE ( 'NONE', *, *, #3887, .F. ) ;
#1657 = CARTESIAN_POINT ( 'NONE',  ( 6.108243240884097425, 37.02147607408855379, 316.6239106201991831 ) ) ;
#1658 = CARTESIAN_POINT ( 'NONE',  ( -6.128415231679942288, 38.20796809134237293, 305.5252244104353849 ) ) ;
#1659 = CARTESIAN_POINT ( 'NONE',  ( 22.37952929879045172, 34.48957775826489325, 315.2004964348694216 ) ) ;
#1660 = CARTESIAN_POINT ( 'NONE',  ( 8.966662445443102314, 37.81381102643348413, 307.2226186400166057 ) ) ;
#1661 = DIRECTION ( 'NONE',  ( -1.000000000000000000, 0.000000000000000000, 0.000000000000000000 ) ) ;
#1662 = CARTESIAN_POINT ( 'NONE',  ( -25.50986363365965914, 38.77656153807662065, 247.0067137197877685 ) ) ;
#1663 = CARTESIAN_POINT ( 'NONE',  ( -42.82036082025610568, 33.85106947388772625, 320.0000000000000568 ) ) ;
#1664 = CARTESIAN_POINT ( 'NONE',  ( -1.434789889613982350, -1.011398729720650369, 529.3086085165732584 ) ) ;
#1665 = CARTESIAN_POINT ( 'NONE',  ( -6.107250357388306128, 36.91119714139333752, 317.6283100325512123 ) ) ;
#1666 = CARTESIAN_POINT ( 'NONE',  ( 0.000000000000000000, 41.02506332365900477, 312.7991820443241977 ) ) ;
#1667 = CARTESIAN_POINT ( 'NONE',  ( -9.880782476074095655, 35.01347060084289353, 331.4493103031244345 ) ) ;
#1668 = VERTEX_POINT ( 'NONE', #4682 ) ;
#1669 = CARTESIAN_POINT ( 'NONE',  ( 21.35165617818744721, 37.69534523971763917, 284.5446480240659639 ) ) ;
#1670 = CARTESIAN_POINT ( 'NONE',  ( 42.82036082025610568, 34.45865616707600765, 314.7613887647807474 ) ) ;
#1671 = CARTESIAN_POINT ( 'NONE',  ( 0.01192091607400923986, 25.37732506605132343, 399.1714532949405907 ) ) ;
#1672 = CARTESIAN_POINT ( 'NONE',  ( 2.803652987703058042, 43.29127520109324223, 280.4890457019287169 ) ) ;
#1673 = CARTESIAN_POINT ( 'NONE',  ( -24.54861200740960570, 30.18121252507058472, 342.7180418464069476 ) ) ;
#1674 = MANIFOLD_SOLID_BREP ( 'Zapas-PRINT 2025 — pins-2', #7686 ) ;
#1675 = CARTESIAN_POINT ( 'NONE',  ( -3.066662445442846163, 41.68440282766588467, 263.7765291779801942 ) ) ;
#1676 = CARTESIAN_POINT ( 'NONE',  ( -3.330844985526232982, -5.949735992423210718, -56.59751504260918864 ) ) ;
#1677 = CARTESIAN_POINT ( 'NONE',  ( -32.01131764101300092, 30.18293461357162855, 319.2579146367575618 ) ) ;
#1678 = CARTESIAN_POINT ( 'NONE',  ( 40.60280021348228274, 13.01145990963888721, 391.2223938166250150 ) ) ;
#1679 = CIRCLE ( 'NONE', #3700, 1.000000000000000666 ) ;
#1680 = CARTESIAN_POINT ( 'NONE',  ( 22.32658493532817445, 32.51827388197344249, 331.7909309837684759 ) ) ;
#1681 = CARTESIAN_POINT ( 'NONE',  ( -25.25810368633090164, 30.80518904790463353, 56.02471470947404697 ) ) ;
#1682 = FACE_OUTER_BOUND ( 'NONE', #1602, .T. ) ;
#1683 = CARTESIAN_POINT ( 'NONE',  ( 1.323505920743789366E-13, 38.16255300590657384, 307.2488406811531263 ) ) ;
#1684 = ORIENTED_EDGE ( 'NONE', *, *, #4959, .T. ) ;
#1685 = VERTEX_POINT ( 'NONE', #4591 ) ;
#1686 = ADVANCED_FACE ( 'NONE', ( #6842 ), #1833, .F. ) ;
#1687 = CARTESIAN_POINT ( 'NONE',  ( -1.056736817095856207, 28.61635723899053474, 400.7706135039534843 ) ) ;
#1688 = VECTOR ( 'NONE', #3153, 1000.000000000000000 ) ;
#1689 = CARTESIAN_POINT ( 'NONE',  ( -4.037611269541280024, 35.61832351728426715, 329.6189842152072060 ) ) ;
#1690 = CARTESIAN_POINT ( 'NONE',  ( 9.406769672657965486, 24.88741264487153160, 396.2171664379781646 ) ) ;
#1691 = CARTESIAN_POINT ( 'NONE',  ( 25.60450281571181108, 32.83907024861267843, 319.6483389834032209 ) ) ;
#1692 = FACE_OUTER_BOUND ( 'NONE', #2597, .T. ) ;
#1693 = ADVANCED_FACE ( 'NONE', ( #6074 ), #2598, .T. ) ;
#1694 = VECTOR ( 'NONE', #3824, 1000.000000000000000 ) ;
#1695 = CARTESIAN_POINT ( 'NONE',  ( 5.974697017077270027E-10, 43.83345410576623635, 282.5824894700288610 ) ) ;
#1696 = CARTESIAN_POINT ( 'NONE',  ( -47.51768434925781293, 31.86777032148204469, 271.1738513455419479 ) ) ;
#1697 = CARTESIAN_POINT ( 'NONE',  ( 150.0000000000000284, 11.30624670738853510, 229.7266311706955264 ) ) ;
#1698 = CARTESIAN_POINT ( 'NONE',  ( 2.193146094589796480, -8.722081592724736154, 555.0729705871741544 ) ) ;
#1699 = CARTESIAN_POINT ( 'NONE',  ( 1.767175384812521122, 32.39706722172866904, 354.6044977399747609 ) ) ;
#1700 = EDGE_CURVE ( 'NONE', #7809, #7614, #1289, .T. ) ;
#1701 = ORIENTED_EDGE ( 'NONE', *, *, #6376, .F. ) ;
#1702 = CARTESIAN_POINT ( 'NONE',  ( 7.430461187508321075, 36.94287417276024854, 316.6462309433259179 ) ) ;
#1703 = CARTESIAN_POINT ( 'NONE',  ( -32.03777713798475446, 30.66917322762008524, 314.8627383332341765 ) ) ;
#1704 = CARTESIAN_POINT ( 'NONE',  ( 7.429786971156468134, 36.88828310179026460, 317.1449860124923248 ) ) ;
#1705 = CARTESIAN_POINT ( 'NONE',  ( 8.071498920122021303, 37.21757071502157288, 313.6691071824129722 ) ) ;
#1706 = CARTESIAN_POINT ( 'NONE',  ( 31.74507025420458106, 16.90482104757840531, 392.7484293493375844 ) ) ;
#1707 = DIRECTION ( 'NONE',  ( -1.000000000000000000, 0.000000000000000000, 0.000000000000000000 ) ) ;
#1708 = CARTESIAN_POINT ( 'NONE',  ( 2.186314625029322833, 44.65395712771882586, 261.9949643512713351 ) ) ;
#1709 = CARTESIAN_POINT ( 'NONE',  ( -43.14658061911373466, 35.50342271598734101, 304.1660564602935892 ) ) ;
#1710 = CARTESIAN_POINT ( 'NONE',  ( 0.000000000000000000, 38.16041641445455923, 334.4493103031246051 ) ) ;
#1711 = CARTESIAN_POINT ( 'NONE',  ( -14.93306122119245849, 36.01392930220944777, 317.2680274978631019 ) ) ;
#1712 = CARTESIAN_POINT ( 'NONE',  ( 1.099358371358075015, 25.93118054957675866, 415.4839356155417249 ) ) ;
#1713 = CARTESIAN_POINT ( 'NONE',  ( -1.911239002405333620, 45.31119465368816179, 261.1144409139559457 ) ) ;
#1714 = ORIENTED_EDGE ( 'NONE', *, *, #5457, .F. ) ;
#1715 = CARTESIAN_POINT ( 'NONE',  ( 0.09240534667960564885, 40.69656313098428058, 279.5142775508323325 ) ) ;
#1716 = CARTESIAN_POINT ( 'NONE',  ( -1.625096845062358186, 47.14373364252509901, 228.9144459501762299 ) ) ;
#1717 = CARTESIAN_POINT ( 'NONE',  ( 1.619521890399771236, 43.22342937126179407, 281.6711460286223314 ) ) ;
#1718 = CARTESIAN_POINT ( 'NONE',  ( -0.08855976767299962582, 35.53201032376981061, 330.8573813594871353 ) ) ;
#1719 = LINE ( 'NONE', #4984, #392 ) ;
#1720 = CARTESIAN_POINT ( 'NONE',  ( -12.12700268568815254, 15.00943372669715004, -14.20656591047415240 ) ) ;
#1721 = CYLINDRICAL_SURFACE ( 'NONE', #4717, 1.000000000000000666 ) ;
#1722 = CARTESIAN_POINT ( 'NONE',  ( -18.86192637062078603, 35.02510008457434765, 319.1803082512705032 ) ) ;
#1723 = CARTESIAN_POINT ( 'NONE',  ( 17.10400581979382650, 41.11891636700753594, 241.6098267947162697 ) ) ;
#1724 = CARTESIAN_POINT ( 'NONE',  ( 14.86904910583279182, 33.71556721810633661, 336.2075551844255301 ) ) ;
#1725 = CARTESIAN_POINT ( 'NONE',  ( -54.00102207192544768, 15.29528807115969968, 241.2492155879526479 ) ) ;
#1726 = CARTESIAN_POINT ( 'NONE',  ( 8.301380403617626413, 41.82965592033205127, 255.0493124271893635 ) ) ;
#1727 = CARTESIAN_POINT ( 'NONE',  ( -3.441664271283673138E-14, 41.95769921937832692, 261.3537278318257222 ) ) ;
#1728 = ORIENTED_EDGE ( 'NONE', *, *, #598, .F. ) ;
#1729 = CARTESIAN_POINT ( 'NONE',  ( -1.436093927849406482, 36.00353229043267334, 354.6852225388742568 ) ) ;
#1730 = CARTESIAN_POINT ( 'NONE',  ( -59.30832987030501613, -6.507826170023203183, 431.3161633550269016 ) ) ;
#1731 = CARTESIAN_POINT ( 'NONE',  ( -30.37111288479593796, 29.47808889393062515, 330.7718359612434824 ) ) ;
#1732 = CARTESIAN_POINT ( 'NONE',  ( 0.6428975989492843324, 26.62337039412950546, 391.9688226877457851 ) ) ;
#1733 = CARTESIAN_POINT ( 'NONE',  ( -0.2572536983151096357, 36.37382078184088385, 323.7455776546480593 ) ) ;
#1734 = CARTESIAN_POINT ( 'NONE',  ( -1.140964300777107088, 43.87208928827806886, 281.8505994916329769 ) ) ;
#1735 = CARTESIAN_POINT ( 'NONE',  ( 0.000000000000000000, 44.95469195551667241, 261.3537278318255517 ) ) ;
#1736 = LINE ( 'NONE', #4497, #968 ) ;
#1737 = CARTESIAN_POINT ( 'NONE',  ( 11.95892245156395362, 19.47318974129438018, -2.636757449170115120 ) ) ;
#1738 = CARTESIAN_POINT ( 'NONE',  ( 3.066662445442833729, 43.40477166021896949, 279.3396071913394394 ) ) ;
#1739 = CARTESIAN_POINT ( 'NONE',  ( 33.86320119218772362, 26.50009083005166843, 340.4312356614208284 ) ) ;
#1740 = CARTESIAN_POINT ( 'NONE',  ( -1.766877480964753611, 28.41324036064381175, 17.19561693595092322 ) ) ;
#1741 = ORIENTED_EDGE ( 'NONE', *, *, #2698, .F. ) ;
#1742 = CARTESIAN_POINT ( 'NONE',  ( 32.16296407755833542, 26.21437704354370268, 346.8370646752635480 ) ) ;
#1743 = CARTESIAN_POINT ( 'NONE',  ( -1.865848264152663472, 39.18837233240936513, 296.8227367152957186 ) ) ;
#1744 = EDGE_CURVE ( 'NONE', #1787, #8703, #1492, .T. ) ;
#1745 = CARTESIAN_POINT ( 'NONE',  ( 24.00462017483650712, 33.69186587210695194, 317.4652604739920321 ) ) ;
#1746 = CARTESIAN_POINT ( 'NONE',  ( 33.68683632521162963, 29.81189936120462036, 315.7381828495498439 ) ) ;
#1747 = CARTESIAN_POINT ( 'NONE',  ( 33.03633095656162055, 21.02711613838863158, 389.0746662281788417 ) ) ;
#1748 = CARTESIAN_POINT ( 'NONE',  ( 8.966662445442736384, 189.1735176332723825, 267.2588841577982066 ) ) ;
#1749 = CARTESIAN_POINT ( 'NONE',  ( 2.424991761505424837, 44.62231647078666441, 262.2332612481711180 ) ) ;
#1750 = CARTESIAN_POINT ( 'NONE',  ( 0.9785259520414012480, 44.46994292845445074, 275.6022355444260938 ) ) ;
#1751 = CARTESIAN_POINT ( 'NONE',  ( 3.066662445442833729, 110.3999999999999773, 263.9480980988757892 ) ) ;
#1752 = EDGE_CURVE ( 'NONE', #4278, #5398, #6755, .T. ) ;
#1753 = CARTESIAN_POINT ( 'NONE',  ( -25.60732372021628933, 33.03263805754817639, 317.9341603075699254 ) ) ;
#1754 = CARTESIAN_POINT ( 'NONE',  ( -1.649437573462356754, 38.88726402745196253, 331.8909477606557630 ) ) ;
#1755 = CARTESIAN_POINT ( 'NONE',  ( -0.4861683123315004296, 45.35034098734979580, 261.3537278318258359 ) ) ;
#1756 = ORIENTED_EDGE ( 'NONE', *, *, #6280, .F. ) ;
#1757 = CARTESIAN_POINT ( 'NONE',  ( 48.61751988538665614, 25.96136710043356643, 294.3231810026355788 ) ) ;
#1758 = CARTESIAN_POINT ( 'NONE',  ( 12.50381132325683886, 27.83116567873787162, 396.5693299386862805 ) ) ;
#1759 = CARTESIAN_POINT ( 'NONE',  ( 0.6464975309852982743, 43.87538888399921433, 281.9332375350528537 ) ) ;
#1760 = CARTESIAN_POINT ( 'NONE',  ( -16.31500808971219740, 34.31053958370964807, 329.8205944804681735 ) ) ;
#1761 = CARTESIAN_POINT ( 'NONE',  ( 7.911792547608027526, 35.18408221006665570, 331.4493103031245482 ) ) ;
#1762 = VECTOR ( 'NONE', #2787, 1000.000000000000114 ) ;
#1763 = CARTESIAN_POINT ( 'NONE',  ( 1.849534121738633852, 16.21802295602805799, -18.86953178114389829 ) ) ;
#1764 = CARTESIAN_POINT ( 'NONE',  ( -3.264252622856761654, 43.87832453291255064, 280.9890136889399059 ) ) ;
#1765 = CARTESIAN_POINT ( 'NONE',  ( -4.040422058982785281, 36.88876539327072379, 318.6200407428097492 ) ) ;
#1766 = CARTESIAN_POINT ( 'NONE',  ( 8.434761306729711805, 42.55753022392826779, 237.6804426705706419 ) ) ;
#1767 = CARTESIAN_POINT ( 'NONE',  ( 4.741952951899990332, 34.62968182945335371, 337.3014048440606985 ) ) ;
#1768 = CARTESIAN_POINT ( 'NONE',  ( 2.469858351745394476, 37.72654402396099016, 58.86823661618673498 ) ) ;
#1769 = CARTESIAN_POINT ( 'NONE',  ( 1.146769735279829616, 44.80554920341130298, 261.4211560388353064 ) ) ;
#1770 = FACE_OUTER_BOUND ( 'NONE', #6025, .T. ) ;
#1771 = ORIENTED_EDGE ( 'NONE', *, *, #1082, .F. ) ;
#1772 = CARTESIAN_POINT ( 'NONE',  ( -3.181580249358208601, 31.29112874163774549, 362.0943010562925224 ) ) ;
#1773 = CARTESIAN_POINT ( 'NONE',  ( 6.487160277154800703, 19.72214760585052673, 443.3057579004467357 ) ) ;
#1774 = MANIFOLD_SOLID_BREP ( 'Lustro1[2]', #7245 ) ;
#1775 = CARTESIAN_POINT ( 'NONE',  ( -9.824827521419905452, -2.593892997156575397, 521.6966707247395334 ) ) ;
#1776 = CARTESIAN_POINT ( 'NONE',  ( -22.32658493532817090, 32.51827388197344249, 331.7909309837684191 ) ) ;
#1777 = CARTESIAN_POINT ( 'NONE',  ( 3.861106001652228059, 26.54409498828376712, 391.3327584921660218 ) ) ;
#1778 = B_SPLINE_CURVE_WITH_KNOTS ( 'NONE', 3,
 ( #7466, #3328, #6079, #4640, #2749, #487, #1200, #8093, #6705, #7372, #4688, #5458, #5502, #5359, #2700, #2557, #7512, #3966 ),
 .UNSPECIFIED., .F., .F.,
 ( 4, 2, 2, 2, 2, 2, 2, 2, 4 ),
 ( 0.000000000000000000, 0.0006277116057582300158, 0.001255423211516460032, 0.001883134817274690048, 0.002510846423032920063, 0.003138558028791150079, 0.003766269634549380095, 0.004393981240307610545, 0.005021692846065840127 ),
 .UNSPECIFIED. ) ;
#1779 = CARTESIAN_POINT ( 'NONE',  ( 7.427602794612901072, 36.38830776116920163, 321.6175613356366512 ) ) ;
#1780 = CARTESIAN_POINT ( 'NONE',  ( 21.25644817526988817, 36.45073334871957371, 331.4493103031246051 ) ) ;
#1781 = LINE ( 'NONE', #3906, #1181 ) ;
#1782 = CARTESIAN_POINT ( 'NONE',  ( -33.22163412420785988, 38.99895523424347488, 256.6291336029117929 ) ) ;
#1783 = CARTESIAN_POINT ( 'NONE',  ( 0.000000000000000000, 11.73449225725467926, -28.51670946738130752 ) ) ;
#1784 = CARTESIAN_POINT ( 'NONE',  ( -19.11250941735427844, 23.10046599506332754, 408.0728612540358426 ) ) ;
#1785 = CARTESIAN_POINT ( 'NONE',  ( 0.6705224582346765994, 32.40064319990521824, 354.7411288279877795 ) ) ;
#1786 = CARTESIAN_POINT ( 'NONE',  ( -0.9333058635097452038, 11.80632858096668159, -28.47083339118706391 ) ) ;
#1787 = VERTEX_POINT ( 'NONE', #4281 ) ;
#1788 = CARTESIAN_POINT ( 'NONE',  ( 0.2771731309760894213, 30.18334288121091546, 370.0500281355811580 ) ) ;
#1789 = CARTESIAN_POINT ( 'NONE',  ( -30.69076548686740935, 32.69354060239921012, 301.6633441487369964 ) ) ;
#1790 = CARTESIAN_POINT ( 'NONE',  ( 3.333334950950767706, 37.08107175711979409, 317.0893938594339261 ) ) ;
#1791 = CARTESIAN_POINT ( 'NONE',  ( 27.22590004286485765, 32.70044424130701799, 315.4330847552677142 ) ) ;
#1792 = CARTESIAN_POINT ( 'NONE',  ( 23.45039593017502710, 22.02182797508326573, 404.6935725838755502 ) ) ;
#1793 = CARTESIAN_POINT ( 'NONE',  ( 0.000000000000000000, 37.42840340034359770, 307.1936396950425205 ) ) ;
#1794 = CARTESIAN_POINT ( 'NONE',  ( 32.21463623280497046, 28.54567803984010865, 331.4493103031246619 ) ) ;
#1795 = CARTESIAN_POINT ( 'NONE',  ( 1.649037557037112522, 25.94552207819153722, 415.5304132493203042 ) ) ;
#1796 = LINE ( 'NONE', #3284, #4153 ) ;
#1797 = ADVANCED_FACE ( 'NONE', ( #7016 ), #4635, .T. ) ;
#1798 = CARTESIAN_POINT ( 'NONE',  ( 0.05382650445867514372, 37.18254297287711552, 316.5303109600198468 ) ) ;
#1799 = CARTESIAN_POINT ( 'NONE',  ( -149.9999999999995737, 11.19476107030966361, 345.2779431210030907 ) ) ;
#1800 = CARTESIAN_POINT ( 'NONE',  ( -2.055360901558041853, 44.66932549983567213, 261.8874805395262797 ) ) ;
#1801 = ORIENTED_EDGE ( 'NONE', *, *, #1541, .F. ) ;
#1802 = CARTESIAN_POINT ( 'NONE',  ( 5.683474540105996731, 41.04605130958323400, 271.8959700424844073 ) ) ;
#1803 = EDGE_CURVE ( 'NONE', #6272, #6612, #3574, .T. ) ;
#1804 = CARTESIAN_POINT ( 'NONE',  ( -0.5496791856790375075, 25.91683902096197656, 415.4374579817630888 ) ) ;
#1805 = CARTESIAN_POINT ( 'NONE',  ( 2.997593098115770349, 43.32662500300998687, 280.0224462408713748 ) ) ;
#1806 = CARTESIAN_POINT ( 'NONE',  ( 0.09990144937621919796, 35.53128161825706854, 330.8662646696218417 ) ) ;
#1807 = CARTESIAN_POINT ( 'NONE',  ( 2.598731557526376967, 43.83794227111683739, 281.7943079890523563 ) ) ;
#1808 = CARTESIAN_POINT ( 'NONE',  ( -55.14185912003974011, 11.14502422987850849, 230.0543043816361433 ) ) ;
#1809 = CARTESIAN_POINT ( 'NONE',  ( -3.690885282890258967, 43.96894936874528526, 279.5962015101011389 ) ) ;
#1810 = CARTESIAN_POINT ( 'NONE',  ( -42.93583748563440139, 25.33008342528296808, 318.9348007653647983 ) ) ;
#1811 = CARTESIAN_POINT ( 'NONE',  ( 19.70302434139285808, 18.98391896445296467, 408.5668324410578975 ) ) ;
#1812 = CARTESIAN_POINT ( 'NONE',  ( -7.500000000000056843, 22.82201237951476713, 408.9657852620900940 ) ) ;
#1813 = CARTESIAN_POINT ( 'NONE',  ( -10.24811798180279787, 39.43337803868414682, 83.18633069079341169 ) ) ;
#1814 = CARTESIAN_POINT ( 'NONE',  ( 0.1372970650199325515, 22.82947263737215238, 413.3035727976256908 ) ) ;
#1815 = CARTESIAN_POINT ( 'NONE',  ( 3.049612787541136516, 44.48023141501953148, 263.6077621680315133 ) ) ;
#1816 = EDGE_LOOP ( 'NONE', ( #2067, #6211, #3439, #2263 ) ) ;
#1817 = CARTESIAN_POINT ( 'NONE',  ( -0.09663039078991059183, 31.31207883295839522, 362.5467257365210685 ) ) ;
#1818 = CARTESIAN_POINT ( 'NONE',  ( -0.6435512270066479079, 13.79511502585091876, 472.5222654459706177 ) ) ;
#1819 = CARTESIAN_POINT ( 'NONE',  ( -2.253861092064105787, 13.62000221831030800, 472.6187073565538412 ) ) ;
#1820 = CARTESIAN_POINT ( 'NONE',  ( -8.059105013938513196, 35.88638318914242831, 325.5139621395641711 ) ) ;
#1821 = CARTESIAN_POINT ( 'NONE',  ( 10.38681583848917001, 24.77224122452926025, 395.6926602551345127 ) ) ;
#1822 = CARTESIAN_POINT ( 'NONE',  ( 27.20864969482784801, 32.23140519712826801, 319.6510135848499203 ) ) ;
#1823 = CARTESIAN_POINT ( 'NONE',  ( 1.960246803595114162, 38.88192829466884604, 331.4493103029142276 ) ) ;
#1824 = DIRECTION ( 'NONE',  ( -3.725155386726671668E-13, -0.07576863363418570585, 0.9971254254892956137 ) ) ;
#1825 = B_SPLINE_CURVE_WITH_KNOTS ( 'NONE', 3,
 ( #5162, #5294, #1177, #508 ),
 .UNSPECIFIED., .F., .F.,
 ( 4, 4 ),
 ( 1.047647159223518602E-18, 0.0004669243331747858464 ),
 .UNSPECIFIED. ) ;
#1826 = LINE ( 'NONE', #4586, #2272 ) ;
#1827 = CARTESIAN_POINT ( 'NONE',  ( -0.9333058635097452038, 11.80632858096668159, -28.47083339118706391 ) ) ;
#1828 = CARTESIAN_POINT ( 'NONE',  ( 1.323505920743789366E-13, 38.16255300590657384, 307.2488406811531263 ) ) ;
#1829 = AXIS2_PLACEMENT_3D ( 'NONE', #3208, #414, #3164 ) ;
#1830 = CARTESIAN_POINT ( 'NONE',  ( 53.35623814217884586, 16.83228722618856921, 246.4189050667629601 ) ) ;
#1831 = ORIENTED_EDGE ( 'NONE', *, *, #4349, .T. ) ;
#1832 = AXIS2_PLACEMENT_3D ( 'NONE', #1449, #4838, #2806 ) ;
#1833 = PLANE ( 'NONE',  #5009 ) ;
#1834 = CARTESIAN_POINT ( 'NONE',  ( -0.5103295079357701436, 30.18272455310265201, 370.1518165605335753 ) ) ;
#1835 = CARTESIAN_POINT ( 'NONE',  ( 0.4771543603516904541, 39.23219867428474572, 296.6059632128149133 ) ) ;
#1836 = CARTESIAN_POINT ( 'NONE',  ( 16.99732549050167307, 35.60727931516733946, 317.7730091217710537 ) ) ;
#1837 = CARTESIAN_POINT ( 'NONE',  ( 4.750309444215846000, 37.19904736300979664, 315.5891900154788914 ) ) ;
#1838 = CARTESIAN_POINT ( 'NONE',  ( 7.370214820744543260, 25.57304968115113653, 413.0653759716408899 ) ) ;
#1839 = CARTESIAN_POINT ( 'NONE',  ( -7.337931125358729267E-14, 39.02077602780727261, 298.8183703257925004 ) ) ;
#1840 = CARTESIAN_POINT ( 'NONE',  ( 2.824464014297620729, 45.16565630686033472, 262.8407211534304793 ) ) ;
#1841 = CARTESIAN_POINT ( 'NONE',  ( -6.132859819528112766, 28.43009116092171595, 399.5846028973078319 ) ) ;
#1842 = CARTESIAN_POINT ( 'NONE',  ( 0.2212296197909732198, 25.38049057031078348, 399.1949222899712595 ) ) ;
#1843 = CARTESIAN_POINT ( 'NONE',  ( -35.78098279692162009, 30.68472455526385545, 331.4493103031245482 ) ) ;
#1844 = VECTOR ( 'NONE', #1577, 1000.000000000000000 ) ;
#1845 = CARTESIAN_POINT ( 'NONE',  ( -35.44008554459495031, 28.79356544533536777, 317.7333594731592825 ) ) ;
#1846 = CARTESIAN_POINT ( 'NONE',  ( -50.11171787444065728, 9.594334424904452874, 362.2731057270540305 ) ) ;
#1847 = FACE_OUTER_BOUND ( 'NONE', #4363, .T. ) ;
#1848 = ORIENTED_EDGE ( 'NONE', *, *, #4080, .F. ) ;
#1849 = CARTESIAN_POINT ( 'NONE',  ( 0.1261913062429691479, 39.22433949891410521, 296.6579827370576936 ) ) ;
#1850 = ADVANCED_FACE ( 'NONE', ( #5590 ), #1855, .T. ) ;
#1851 = CARTESIAN_POINT ( 'NONE',  ( -0.5283684085479281034, 28.60797005037408525, 400.7130692314507883 ) ) ;
#1852 = CARTESIAN_POINT ( 'NONE',  ( 2.185995320609724235, 43.24015463565081774, 281.2930346022166646 ) ) ;
#1853 = ORIENTED_EDGE ( 'NONE', *, *, #1482, .F. ) ;
#1854 = CARTESIAN_POINT ( 'NONE',  ( -26.19620995199198177, 31.50133064195875932, 328.8997939103441013 ) ) ;
#1855 = B_SPLINE_SURFACE_WITH_KNOTS ( 'NONE', 3, 3, ( 
 ( #7552, #8274, #6262, #4869, #2116, #8321, #3599, #209, #2157, #7603, #6975, #754, #1436, #4238, #5677, #5497, #2922, #6347, #8405, #2238, #8224, #2069, #4996, #4196, #710, #4823, #1563, #4914, #1385, #1477, #4954, #4148, #797, #6890, #6306, #124, #2881 ),
 ( #8364, #5636, #1521, #841, #4324, #7057, #3133, #3090, #7938, #336, #2961, #6514, #1093, #5211, #7139, #4449, #5885, #964, #2407, #7099, #5080, #8617, #3725, #6472, #2451, #1776, #6558, #7223, #3045, #6603, #1731, #3855, #4491, #5800, #7768, #380, #5843 ),
 ( #8532, #293, #1049, #7182, #5717, #2284, #1005, #8447, #3808, #2365, #4536, #7269, #1689, #5040, #1604, #5124, #4366, #251, #2323, #923, #7893, #3681, #5759, #7852, #6429, #3764, #8574, #5167, #3005, #8489, #7811, #1646, #4407, #8076, #1140, #5928, #4042 ),
 ( #7497, #2588, #8169, #4579, #8802, #4719, #3902, #5343, #2682, #1914, #6645, #8852, #513, #3264, #1961, #467, #2012, #4767, #1820, #3221, #4670, #1326, #8707, #4093, #6111, #5439, #425, #5300, #2541, #5255, #3363, #3175, #8663, #7452, #2498, #3313, #7986 ),
 ( #5972, #7313, #6785, #1278, #6016, #8032, #8121, #1870, #606, #8756, #4626, #7356, #6063, #1183, #7401, #3949, #6689, #1228, #3995, #6736, #559, #2635, #5390, #7007, #5626, #2872, #7543, #156, #831, #6253, #4228, #7718, #4986, #654, #788, #3590, #8353 ),
 ( #6833, #4903, #5581, #6295, #746, #72, #6205, #2782, #23, #8310, #1376, #3408, #1512, #4138, #8264, #2828, #2733, #4271, #7592, #6156, #3545, #2149, #7635, #6878, #2229, #8903, #700, #1425, #5536, #3453, #4186, #4945, #1554, #6925, #2107, #1467, #4860 ),
 ( #6338, #5488, #2911, #7677, #5666, #8394, #8215, #2059, #4813, #3500, #6966, #114, #2187, #7800, #4357, #2441, #5201, #1595, #996, #3628, #5751, #8606, #199, #5708, #3714, #6379, #6505, #4482, #369, #327, #7927, #2356, #4315, #8481, #284, #5791, #7046 ),
 ( #870, #6548, #2314, #8521, #7214, #5070, #3755, #8436, #6420, #1039, #1635, #4397, #3798, #3121, #7884, #8563, #7129, #2951, #3080, #2274, #5832, #953, #5031, #1722, #7173, #7759, #5113, #7089, #912, #7842, #3036, #1677, #3671, #4440, #5157, #5874, #2394 ),
 ( #239, #2995, #6463, #8697, #3303, #7976, #1129, #6775, #6725, #2672, #4568, #3938, #1765, #8746, #504, #1218, #4615, #6679, #3891, #6635, #456, #3255, #2488, #7259, #5379, #5245, #3209, #6005, #6592, #8112, #2530, #4526, #7392, #1172, #2578, #1810, #6100 ),
 ( #1859, #7345, #6053, #7302, #3350, #8841, #3165, #5962, #5333, #5429, #5289, #595, #7440, #1267, #4032, #8022, #8065, #415, #4709, #1083, #3842, #8791, #5917, #4660, #8651, #1904, #3985, #550, #2624, #1952, #8159, #2003, #1317, #4758, #4081, #7487, #7831 ),
 ( #313, #3661, #5820, #7118, #6366, #7916, #6535, #6494, #2430, #3744, #187, #986, #4516, #8596, #1623, #1665, #355, #4386, #8551, #1583, #8471, #3109, #942, #3701, #5863, #5189, #5740, #1753, #7246, #1069, #2941, #2303, #5058, #2260, #5697, #8426, #5019 ),
 ( #3065, #7748, #8508, #7076, #6451, #272, #2383, #4344, #900, #2343, #6410, #7787, #3026, #5779, #5102, #4427, #5144, #229, #7873, #7162, #2983, #1711, #4471, #7203, #1028, #3784, #3830, #7378, #1988, #6085, #8008, #5319, #6760, #1845, #3286, #7965, #5951 ),
 ( #6578, #492, #1798, #5233, #8776, #3243, #4695, #3923, #3335, #3877, #403, #5415, #580, #1937, #5276, #6624, #6666, #4602, #8098, #8051, #4744, #3154, #1891, #5906, #7425, #1160, #8144, #1252, #2563, #8826, #7473, #7333, #5364, #1117, #3196, #2658, #2609 ),
 ( #5992, #8639, #4645, #1205, #6038, #8729, #3972, #8685, #2519, #6711, #535, #4556, #2474, #4018, #7290, #445, #3475, #6133, #7657, #2081, #4065, #6946, #722, #45, #7519, #5648, #3386, #4115, #4834, #674, #1350, #7564, #8332, #8375, #1396, #2035, #2803 ),
 ( #4208, #8876, #8285, #2210, #8192, #5556, #6227, #2127, #3429, #4882, #2168, #1491, #91, #6273, #4788, #3565, #4251, #7615, #1447, #4967, #1301, #6808, #768, #6987, #2848, #808, #6853, #6181, #8925, #629, #2708, #135, #5464, #4926, #4161, #6318, #2892 ),
 ( #2757, #5509, #8236, #3522, #6901, #5603, #8461, #1532, #4419, #7111, #6443, #5008, #3101, #851, #1574, #2295, #7068, #7738, #5052, #5813, #5854, #7779, #8418, #264, #2974, #4336, #3018, #7863, #2422, #2376, #8544, #1703, #5135, #4292, #7699, #4462, #891 ),
 ( #3609, #934, #2250, #1615, #4379, #7153, #5690, #7027, #3693, #1017, #221, #5771, #3651, #6402, #8501, #1658, #5729, #979, #2335, #6358, #347, #7193, #7824, #3775, #5094, #178, #3736, #8586, #6526, #6484, #305, #2934, #3056, #4637, #394, #7281, #5356 ),
 ( #1835, #3146, #6570, #1196, #4593, #6029, #5266, #4684, #5224, #1743, #6749, #1929, #3325, #7324, #4009, #5898, #7369, #524, #8631, #1151, #7416, #6657, #2465, #1241, #7999, #3914, #6701, #7954, #572, #6076, #1789, #4548, #481, #8816, #1108, #5181, #7907 ),
 ( #8768, #2600, #8090, #4505, #7236, #1061, #3821, #3868, #6614, #437, #3188, #8675, #5942, #2510, #3233, #5983, #1882, #8718, #2554, #5311, #8043, #3962, #3277, #1976, #4871, #2839, #7646, #7605, #3556, #712, #799, #6844, #7554, #4150, #6977, #5454, #8134 ),
 ( #665, #6892, #5592, #3420, #2118, #6798, #4779, #8323, #6171, #8915, #2159, #4917, #6264, #6935, #2745, #6308, #1438, #2648, #4198, #5499, #7463, #82, #5547, #1291, #3465, #5405, #619, #6216, #1387, #34, #2025, #2794, #3512, #1479, #756, #4240, #3376 ),
 ( #4733, #8226, #4056, #8867, #7509, #6123, #2696, #8181, #1340, #4825, #4106, #8276, #2072, #8366, #5638, #2198, #2883, #4956, #126, #7625, #687, #5477, #3577, #3442, #2095, #4801, #2900, #5656, #8204, #1501, #7708, #2859, #7531, #2137, #6193, #60, #2816 ),
 ( #2047, #1410, #4303, #1363, #8890, #1456, #4126, #2178, #144, #4976, #4935, #858, #6956, #7035, #4175, #4892, #4217, #3616, #2771, #6866, #1542, #4261, #12, #7666, #6997, #5568, #2721, #5523, #8383, #4847, #8253, #8295, #7578, #6914, #818, #778, #6327 ),
 ( #735, #2219, #3534, #3489, #6240, #5613, #6284, #101, #8342, #4023, #541, #7525, #8782, #4794, #6044, #4840, #6815, #2132, #4167, #8199, #3481, #7619, #7479, #2087, #6767, #8832, #5560, #5515, #1451, #3342, #2714, #3293, #1357, #2041, #5, #3392, #5470 ),
 ( #4071, #2808, #8289, #2664, #2763, #2615, #6187, #4212, #4121, #4886, #4701, #8242, #7571, #1258, #6859, #5370, #680, #586, #50, #635, #6139, #1402, #6091, #8104, #1943, #7431, #5421, #3435, #8150, #1994, #4750, #6233, #1308, #8882, #6907, #728, #2896 ),
 ( #4383, #772, #6950, #938, #4256, #2172, #3527, #7783, #1536, #6991, #5098, #7828, #812, #3656, #6277, #8379, #2339, #8336, #95, #8422, #2853, #225, #7115, #3022, #2978, #1662, #5013, #5607, #2214, #2938, #2255, #4930, #3570, #7661, #5775, #8465, #1496 ) ),
 .UNSPECIFIED., .F., .F., .F.,
 ( 4, 3, 3, 3, 3, 3, 3, 3, 4 ),
 ( 4, 3, 3, 3, 3, 3, 3, 3, 3, 3, 3, 3, 4 ),
 ( 0.000000000000000000, 0.009581384820798510837, 0.01437207723119782177, 0.01556975033379759399, 0.01676742343639747723, 0.01916276964159713270, 0.03832553928319415437, 0.05748830892479117605, 0.07665107856638830874 ),
 ( -0.003227819047114645346, 0.001021757898229026188, 0.005271334843572697722, 0.01377048873426004079, 0.03076879651563472692, 0.04776710429700941479, 0.06476541207838409919, 0.1327586432038828368, 0.2007518743293815744, 0.2687451054548803397, 0.3367383365803791051, 0.4047315677058778149, 0.5407180299568753457 ),
 .UNSPECIFIED. ) ;
#1856 = CARTESIAN_POINT ( 'NONE',  ( 19.49633857543578586, 33.37679312617186156, 331.4493103031248324 ) ) ;
#1857 = CARTESIAN_POINT ( 'NONE',  ( -3.196296804781076695, 20.31546560184472128, -7.393096603152921276 ) ) ;
#1858 = CARTESIAN_POINT ( 'NONE',  ( -3.363895505131755392, 43.88895046467979455, 280.8041121305302568 ) ) ;
#1859 = CARTESIAN_POINT ( 'NONE',  ( 0.4558570147680349738, 37.01180109339851754, 318.0807906915239869 ) ) ;
#1860 = CARTESIAN_POINT ( 'NONE',  ( -0.2518840197117362401, 43.33044532943898730, 235.1610964201922513 ) ) ;
#1861 = DIRECTION ( 'NONE',  ( 0.000000000000000000, 0.1897509006088693440, -0.9818322645534331983 ) ) ;
#1862 = EDGE_CURVE ( 'NONE', #3596, #2044, #6322, .T. ) ;
#1863 = CARTESIAN_POINT ( 'NONE',  ( -79.05674022718464755, 18.70769894339281336, 112.5241708736267157 ) ) ;
#1864 = CARTESIAN_POINT ( 'NONE',  ( 0.5408302700176028655, 21.50074663853355972, 420.2664864492433594 ) ) ;
#1865 = CARTESIAN_POINT ( 'NONE',  ( 0.3111143267178502758, 41.94753030442571173, 261.3537278318259496 ) ) ;
#1866 = CARTESIAN_POINT ( 'NONE',  ( -6.527574704720540133E-14, 37.11676136745941790, 317.3155726089300970 ) ) ;
#1867 = CARTESIAN_POINT ( 'NONE',  ( -37.07761589126949531, 23.23002758354979491, 351.0560831061801537 ) ) ;
#1868 = CARTESIAN_POINT ( 'NONE',  ( -0.5962991954493902513, 20.14399605289213824, 444.2252999659614829 ) ) ;
#1869 = CARTESIAN_POINT ( 'NONE',  ( 0.000000000000000000, -7.286313120370254026, 550.2112436993119218 ) ) ;
#1870 = CARTESIAN_POINT ( 'NONE',  ( -1.103984686915174596, 36.37234243294829383, 323.7194840513330973 ) ) ;
#1871 = CARTESIAN_POINT ( 'NONE',  ( 1.036203219199234749, 25.35881007571481405, 399.0335651421621606 ) ) ;
#1872 = CARTESIAN_POINT ( 'NONE',  ( 22.36410724061613919, 33.99754456435056937, 319.6425244605550233 ) ) ;
#1873 = CARTESIAN_POINT ( 'NONE',  ( -1.619881326950989742, 40.46334040654370057, 281.6709375215027080 ) ) ;
#1874 = CARTESIAN_POINT ( 'NONE',  ( 0.000000000000000000, 45.39211644644451127, 260.9431598790525300 ) ) ;
#1875 = CARTESIAN_POINT ( 'NONE',  ( -5.464712794160139886, 41.94907476696410953, 256.8909986606661278 ) ) ;
#1876 = CARTESIAN_POINT ( 'NONE',  ( -27.17219513669329345, 21.19649378673130613, 400.6416983652470662 ) ) ;
#1877 = CARTESIAN_POINT ( 'NONE',  ( -1.974914245429317816, 47.28203194932483200, 155.6413165022189844 ) ) ;
#1878 = EDGE_LOOP ( 'NONE', ( #5511, #7013, #4417, #3508, #2386, #945, #2667, #2363, #1560, #3043, #4790, #2249, #3418 ) ) ;
#1879 = B_SPLINE_CURVE_WITH_KNOTS ( 'NONE', 3,
 ( #2861, #902, #3619, #2305, #146, #5060, #6368 ),
 .UNSPECIFIED., .F., .F.,
 ( 4, 1, 1, 1, 4 ),
 ( 0.5643330611253437601, 0.6026717036035960096, 0.6594328888030944746, 0.6878134814028433741, 0.7132797062810228850 ),
 .UNSPECIFIED. ) ;
#1880 = CARTESIAN_POINT ( 'NONE',  ( -48.93205100325172197, 30.65684697914166534, 280.3525527939733024 ) ) ;
#1881 = CARTESIAN_POINT ( 'NONE',  ( 14.02563127562957135, 30.47349775388811466, 359.4677188647342518 ) ) ;
#1882 = CARTESIAN_POINT ( 'NONE',  ( -6.925207578647452067, 39.63378815293573609, 289.0449647461861105 ) ) ;
#1883 = CARTESIAN_POINT ( 'NONE',  ( 30.39912519197030250, 31.03618929742048849, 318.0287822360612040 ) ) ;
#1884 = CARTESIAN_POINT ( 'NONE',  ( 14.34919641443523730, 24.22509138562820041, 410.7715310077356889 ) ) ;
#1885 = CARTESIAN_POINT ( 'NONE',  ( 3.676138006630869981, 45.07829807318918114, 263.5658652043283041 ) ) ;
#1886 = FACE_OUTER_BOUND ( 'NONE', #1601, .T. ) ;
#1887 = CARTESIAN_POINT ( 'NONE',  ( 1.585105225643784310, 28.62474442760698068, 400.8281577764561803 ) ) ;
#1888 = CARTESIAN_POINT ( 'NONE',  ( -33.45060280677891740, 20.18279535051817319, 374.9997396386931428 ) ) ;
#1889 = CARTESIAN_POINT ( 'NONE',  ( -0.8067805704858665994, 44.80554920341130298, 261.3537278318257790 ) ) ;
#1890 = B_SPLINE_CURVE_WITH_KNOTS ( 'NONE', 3,
 ( #2243, #6476, #7772, #8368 ),
 .UNSPECIFIED., .F., .F.,
 ( 4, 4 ),
 ( 0.2638745106976384536, 0.2701955593612655471 ),
 .UNSPECIFIED. ) ;
#1891 = CARTESIAN_POINT ( 'NONE',  ( -17.00000249232250482, 35.71012172118634709, 316.8395631925152998 ) ) ;
#1892 = CARTESIAN_POINT ( 'NONE',  ( -11.87753674811280824, 22.01321616650771773, 424.9228753704809378 ) ) ;
#1893 = CARTESIAN_POINT ( 'NONE',  ( -3.040119870750828568, 45.20405410562089088, 262.0371574924273546 ) ) ;
#1894 = VERTEX_POINT ( 'NONE', #139 ) ;
#1895 = CARTESIAN_POINT ( 'NONE',  ( 22.88707972927340606, 36.57552522417585550, 292.5354745957714613 ) ) ;
#1896 = DIRECTION ( 'NONE',  ( 0.000000000000000000, 0.000000000000000000, -1.000000000000000000 ) ) ;
#1897 = CARTESIAN_POINT ( 'NONE',  ( -0.9419369969250757091, 40.21919929812739269, 320.0004459445724478 ) ) ;
#1898 = CARTESIAN_POINT ( 'NONE',  ( -44.79208460059816588, 23.12775989327775505, 331.4493103031248324 ) ) ;
#1899 = ORIENTED_EDGE ( 'NONE', *, *, #5396, .F. ) ;
#1900 = CARTESIAN_POINT ( 'NONE',  ( -12.27244077535790190, 34.90616245570622311, 330.1299640136385847 ) ) ;
#1901 = CARTESIAN_POINT ( 'NONE',  ( 9.880782476074095655, 35.01347060084289353, 331.4493103031244345 ) ) ;
#1902 = CARTESIAN_POINT ( 'NONE',  ( 1.697371585504689362, 34.35707238260560814, 42.06053201340118619 ) ) ;
#1903 = CARTESIAN_POINT ( 'NONE',  ( -2.433532627247624536, 43.83242884999772571, 281.9288011043739743 ) ) ;
#1904 = CARTESIAN_POINT ( 'NONE',  ( -22.36573075125472698, 34.14757010864725828, 318.3129415589141331 ) ) ;
#1905 = CARTESIAN_POINT ( 'NONE',  ( 28.39131331641008060, 37.23838388436968216, 257.3569689968779244 ) ) ;
#1906 = CARTESIAN_POINT ( 'NONE',  ( -2.020103609511816778, 47.45192383060642527, 205.2836370420775722 ) ) ;
#1907 = CARTESIAN_POINT ( 'NONE',  ( 0.03120555552134008162, 22.82687143849233635, 413.2937314243127389 ) ) ;
#1908 = CARTESIAN_POINT ( 'NONE',  ( 2.425002952251398725, 44.62231760798785984, 262.2332400523153524 ) ) ;
#1909 = CYLINDRICAL_SURFACE ( 'NONE', #4968, 1.000000000000000666 ) ;
#1910 = CARTESIAN_POINT ( 'NONE',  ( -3.851627519599205129, 31.27483707826209169, 361.9745452594089556 ) ) ;
#1911 = CARTESIAN_POINT ( 'NONE',  ( 56.79090820126123873, -0.6367270459114310333, 407.3366011671671458 ) ) ;
#1912 = EDGE_CURVE ( 'NONE', #8570, #2167, #5652, .T. ) ;
#1913 = CARTESIAN_POINT ( 'NONE',  ( -2.512478394710995655, -1.256705077567221052, 529.6245464009108446 ) ) ;
#1914 = CARTESIAN_POINT ( 'NONE',  ( -1.856229105869374951, 36.12973818616897859, 325.7115750405421295 ) ) ;
#1915 = CARTESIAN_POINT ( 'NONE',  ( -0.07443417348299739833, 24.12440990551590758, 406.2924472903335982 ) ) ;
#1916 = CARTESIAN_POINT ( 'NONE',  ( 33.66771859005368128, 29.00952008249500835, 322.7572992744035218 ) ) ;
#1917 = CARTESIAN_POINT ( 'NONE',  ( 0.3239428684495055943, 45.39100411275985891, 260.7910949725090290 ) ) ;
#1918 = VECTOR ( 'NONE', #3792, 1000.000000000000114 ) ;
#1919 = CARTESIAN_POINT ( 'NONE',  ( -24.54877487504607458, 60.00000000000000711, 255.0493118463000997 ) ) ;
#1920 = CARTESIAN_POINT ( 'NONE',  ( -46.88475728340474546, 23.08258537076258321, 315.3919575894317404 ) ) ;
#1921 = ADVANCED_FACE ( 'NONE', ( #7031 ), #855, .T. ) ;
#1922 = CARTESIAN_POINT ( 'NONE',  ( -1.888720756085814578, 26.08570996343815196, 413.8493118463000542 ) ) ;
#1923 = VERTEX_POINT ( 'NONE', #895 ) ;
#1924 = ORIENTED_EDGE ( 'NONE', *, *, #7032, .T. ) ;
#1925 = CARTESIAN_POINT ( 'NONE',  ( 0.000000000000000000, 34.15347802815850997, 41.94911547631893001 ) ) ;
#1926 = VERTEX_POINT ( 'NONE', #182 ) ;
#1927 = PRESENTATION_STYLE_ASSIGNMENT (( #2743 ) ) ;
#1928 = CARTESIAN_POINT ( 'NONE',  ( -0.04690517773315821398, 31.31157128079695795, 362.5648440731657161 ) ) ;
#1929 = CARTESIAN_POINT ( 'NONE',  ( -3.360531067814734651, 39.14038253149751512, 296.9782067304745397 ) ) ;
#1930 = CARTESIAN_POINT ( 'NONE',  ( -0.2557036851402994526, 37.01166911348784794, 318.0821064198340764 ) ) ;
#1931 = CARTESIAN_POINT ( 'NONE',  ( 8.871033271497257289, 37.74402595221453538, 307.9959872812076469 ) ) ;
#1932 = DIRECTION ( 'NONE',  ( -1.000000000000000000, 0.000000000000000000, 0.000000000000000000 ) ) ;
#1933 = CARTESIAN_POINT ( 'NONE',  ( 3.345376087531854115, -19.80729880530915210, -71.09459982090788799 ) ) ;
#1934 = CARTESIAN_POINT ( 'NONE',  ( -6.244008511223442248, 25.66205074593666069, 414.3400517412663362 ) ) ;
#1935 = CARTESIAN_POINT ( 'NONE',  ( -10.65065199882097957, 27.31149265491044886, 381.7882489310418350 ) ) ;
#1936 = CARTESIAN_POINT ( 'NONE',  ( 30.74249716488858297, 29.62634116915819860, 328.4390350174355149 ) ) ;
#1937 = CARTESIAN_POINT ( 'NONE',  ( -4.749465484803661930, 37.08827747232979277, 316.6016367641132092 ) ) ;
#1938 = CARTESIAN_POINT ( 'NONE',  ( 0.000000000000000000, 17.01339730700182074, 458.4116318598639168 ) ) ;
#1939 = CARTESIAN_POINT ( 'NONE',  ( 48.26500663823176041, 30.70202150165685495, 298.3596272055730196 ) ) ;
#1940 = VERTEX_POINT ( 'NONE', #8505 ) ;
#1941 = CARTESIAN_POINT ( 'NONE',  ( 0.1092983264612873984, 39.96045131494918934, 288.0861301439450131 ) ) ;
#1942 = FACE_BOUND ( 'NONE', #6088, .T. ) ;
#1943 = CARTESIAN_POINT ( 'NONE',  ( -23.00640230705646871, 39.22903829534686082, 253.5751152741832470 ) ) ;
#1944 = B_SPLINE_CURVE_WITH_KNOTS ( 'NONE', 3,
 ( #8784, #1404, #2717, #1359, #8058, #2810, #4796 ),
 .UNSPECIFIED., .F., .F.,
 ( 4, 3, 4 ),
 ( 0.000000000000000000, 0.0004875925916603702907, 0.0004876525916603702054 ),
 .UNSPECIFIED. ) ;
#1945 = CARTESIAN_POINT ( 'NONE',  ( 1.649437573462356754, 40.21924920216152088, 320.0000000000000568 ) ) ;
#1946 = CARTESIAN_POINT ( 'NONE',  ( -6.747513246663833009, 37.67747964432135888, 310.1238785738268575 ) ) ;
#1947 = ORIENTED_EDGE ( 'NONE', *, *, #1531, .F. ) ;
#1948 = CARTESIAN_POINT ( 'NONE',  ( 150.0000000000000284, 3.089374213535638791, 211.7316696794227653 ) ) ;
#1949 = CARTESIAN_POINT ( 'NONE',  ( -0.01039337678575912548, 26.16357771467291116, 413.8493118463000542 ) ) ;
#1950 = CARTESIAN_POINT ( 'NONE',  ( -2.458911498200082146, 45.48680964656614378, 130.5876176261108412 ) ) ;
#1951 = LINE ( 'NONE', #6195, #66 ) ;
#1952 = CARTESIAN_POINT ( 'NONE',  ( -28.78282368464991237, 31.70716948502957777, 318.4121143863208658 ) ) ;
#1953 = CARTESIAN_POINT ( 'NONE',  ( 5.989462361602005736, 42.50243976342076024, 245.7633034940330390 ) ) ;
#1954 = CARTESIAN_POINT ( 'NONE',  ( 0.000000000000000000, 47.03654387356198185, 229.1256845389213481 ) ) ;
#1955 = CARTESIAN_POINT ( 'NONE',  ( -2.571617885735974163, 21.38990772674226903, 419.8720023215627180 ) ) ;
#1956 = DIRECTION ( 'NONE',  ( 0.03459658940540358968, 0.9994013588151228200, 0.000000000000000000 ) ) ;
#1957 = VERTEX_POINT ( 'NONE', #5694 ) ;
#1958 = CARTESIAN_POINT ( 'NONE',  ( -45.14185278415437352, 19.37547893444698488, 353.8180257340443404 ) ) ;
#1959 = CARTESIAN_POINT ( 'NONE',  ( 2.253861092064105787, 13.62000221831030800, 472.6187073565538412 ) ) ;
#1960 = CARTESIAN_POINT ( 'NONE',  ( 5.444883378412469277, 38.04001594648574525, 307.2396270733679557 ) ) ;
#1961 = CARTESIAN_POINT ( 'NONE',  ( -5.434237626990667813, 36.03652422321265192, 325.6024102342070705 ) ) ;
#1962 = CARTESIAN_POINT ( 'NONE',  ( 26.57791708302912070, 19.93019991170964644, 391.0394519104193023 ) ) ;
#1963 = CARTESIAN_POINT ( 'NONE',  ( 25.60194041127298803, 32.44422689751168321, 323.0480712601963091 ) ) ;
#1964 = CARTESIAN_POINT ( 'NONE',  ( 30.41791799563090848, 33.12035766302754780, 331.4493103031246619 ) ) ;
#1965 = CARTESIAN_POINT ( 'NONE',  ( 0.9489435702740910417, -1.972889249273659606, -51.67460940504316369 ) ) ;
#1966 = ADVANCED_FACE ( 'NONE', ( #2299 ), #2054, .T. ) ;
#1967 = CARTESIAN_POINT ( 'NONE',  ( -3.066662445442833729, 40.60023194608182706, 279.3396071913396668 ) ) ;
#1968 = LINE ( 'NONE', #8316, #4805 ) ;
#1969 = EDGE_LOOP ( 'NONE', ( #7982, #3805, #2645, #3931, #6084, #7822 ) ) ;
#1970 = EDGE_LOOP ( 'NONE', ( #5401, #3171, #6795, #4729 ) ) ;
#1971 = CARTESIAN_POINT ( 'NONE',  ( 149.9999999999998863, 13.60113310668955400, 239.5281348986660817 ) ) ;
#1972 = VERTEX_POINT ( 'NONE', #5272 ) ;
#1973 = EDGE_CURVE ( 'NONE', #4532, #5221, #624, .T. ) ;
#1974 = DIRECTION ( 'NONE',  ( -0.9999999229084044483, -2.944127191796277424E-05, 0.0003915563775389278444 ) ) ;
#1975 = CARTESIAN_POINT ( 'NONE',  ( 40.71542579803806916, 20.79757185504873007, 355.2046622615439446 ) ) ;
#1976 = CARTESIAN_POINT ( 'NONE',  ( -19.31519814613033859, 37.65183531121223126, 291.5717533330313813 ) ) ;
#1977 = CARTESIAN_POINT ( 'NONE',  ( 1.105357214194817583, 37.00679085333356255, 318.0913705022659883 ) ) ;
#1978 = CARTESIAN_POINT ( 'NONE',  ( -2.063807534392889220, 43.40477166021896949, 281.4147580649274687 ) ) ;
#1979 = AXIS2_PLACEMENT_3D ( 'NONE', #4104, #1974, #7997 ) ;
#1980 = ADVANCED_FACE ( 'NONE', ( #2380 ), #8682, .T. ) ;
#1981 = CARTESIAN_POINT ( 'NONE',  ( -44.79208460059819430, 26.80341731187045440, 331.4493103031246619 ) ) ;
#1982 = DIRECTION ( 'NONE',  ( -0.0001000150855565489437, 0.07497872645132401537, -0.9971851285376853724 ) ) ;
#1983 = CARTESIAN_POINT ( 'NONE',  ( -6.363334136993229251, 22.76016894090687614, 428.8992649007137175 ) ) ;
#1984 = CARTESIAN_POINT ( 'NONE',  ( 0.3462385673244740003, 27.84494425435071463, 384.8775857283515620 ) ) ;
#1985 = CARTESIAN_POINT ( 'NONE',  ( 33.91749751736899299, 28.21654645920278526, 328.1289228888263665 ) ) ;
#1986 = EDGE_LOOP ( 'NONE', ( #1848, #7642, #4321, #7135 ) ) ;
#1987 = UNCERTAINTY_MEASURE_WITH_UNIT (LENGTH_MEASURE( 1.000000000000000082E-05 ), #1517, 'distance_accuracy_value', 'NONE');
#1988 = CARTESIAN_POINT ( 'NONE',  ( -27.21318047119075345, 32.46889914000964694, 317.5446614313851228 ) ) ;
#1989 = CARTESIAN_POINT ( 'NONE',  ( -40.64279130071612656, 19.78146202829371347, 391.0697883059202695 ) ) ;
#1990 = DIRECTION ( 'NONE',  ( 6.590423098898467265E-17, -0.9971851335251159520, -0.07497872682632604480 ) ) ;
#1991 = ORIENTED_EDGE ( 'NONE', *, *, #4290, .F. ) ;
#1992 = CARTESIAN_POINT ( 'NONE',  ( 17.19519493366197338, 37.51767447430398761, 298.8774979522936519 ) ) ;
#1993 = CARTESIAN_POINT ( 'NONE',  ( -0.3249465619375372927, 45.39096940075985742, 260.7910944399914115 ) ) ;
#1994 = CARTESIAN_POINT ( 'NONE',  ( -31.71946337250611236, 35.76500474146940434, 259.9712970085694224 ) ) ;
#1995 = VECTOR ( 'NONE', #7740, 1000.000000000000000 ) ;
#1996 = CARTESIAN_POINT ( 'NONE',  ( 36.87704838372232530, 0.06862354129085444787, 457.0708091009332747 ) ) ;
#1997 = CARTESIAN_POINT ( 'NONE',  ( 2.575276621184612036E-14, 35.46042503095549847, 331.4493103031279588 ) ) ;
#1998 = EDGE_LOOP ( 'NONE', ( #7459, #5647, #8190, #721 ) ) ;
#1999 = CARTESIAN_POINT ( 'NONE',  ( 0.000000000000000000, -14.90059978858783118, -66.09690123838019815 ) ) ;
#2000 = CARTESIAN_POINT ( 'NONE',  ( -2.078812317092659789, 42.26066660077066928, 255.0493126496633067 ) ) ;
#2001 = CARTESIAN_POINT ( 'NONE',  ( -150.0000000000000853, 15.27823658166833454, 249.4146832441057597 ) ) ;
#2002 = FACE_OUTER_BOUND ( 'NONE', #4558, .T. ) ;
#2003 = CARTESIAN_POINT ( 'NONE',  ( -32.01314358733856125, 30.27356629446045133, 318.4584322966506988 ) ) ;
#2004 = CARTESIAN_POINT ( 'NONE',  ( 7.507023827474256450, 42.34578183456676470, 246.2619933319869574 ) ) ;
#2005 = CARTESIAN_POINT ( 'NONE',  ( -52.51231461823631719, 36.78377033823687015, 237.1480678699628015 ) ) ;
#2006 = CARTESIAN_POINT ( 'NONE',  ( 149.9999999999997442, 16.09349136664861390, 256.0566200932159404 ) ) ;
#2007 = CARTESIAN_POINT ( 'NONE',  ( -24.60305461617966927, 17.71803554970876959, 404.2289521765391100 ) ) ;
#2008 = CARTESIAN_POINT ( 'NONE',  ( 0.4666624454430312041, 44.78686955249615664, 260.7537278318256995 ) ) ;
#2009 = CARTESIAN_POINT ( 'NONE',  ( 0.02188091108644782748, 33.48564321916637709, 347.0807266240120725 ) ) ;
#2010 = CARTESIAN_POINT ( 'NONE',  ( 35.62511535099858406, -12.77791609919348659, 499.3972652287001210 ) ) ;
#2011 = CARTESIAN_POINT ( 'NONE',  ( -56.50313792499103016, -10.80253914119058045, 197.8140775424655544 ) ) ;
#2012 = CARTESIAN_POINT ( 'NONE',  ( -6.773610092472370781, 35.97014948338168239, 325.5582880375394552 ) ) ;
#2013 = CARTESIAN_POINT ( 'NONE',  ( 29.96826339948894713, 20.13054699469969933, 382.8057181788276466 ) ) ;
#2014 = CARTESIAN_POINT ( 'NONE',  ( 16.99200396917451172, 34.97316206285404405, 323.3336241497732431 ) ) ;
#2015 = CARTESIAN_POINT ( 'NONE',  ( -44.79208460059816588, 23.12775989327775505, 331.4493103031248324 ) ) ;
#2016 = FACE_OUTER_BOUND ( 'NONE', #5323, .T. ) ;
#2017 = CARTESIAN_POINT ( 'NONE',  ( 3.692761679349534365, 44.37479358340891622, 274.2542332983708206 ) ) ;
#2018 = CARTESIAN_POINT ( 'NONE',  ( 7.199780051661552882E-18, 38.16041641445455923, 331.4493103031246051 ) ) ;
#2019 = EDGE_LOOP ( 'NONE', ( #5279, #3087, #8863, #7151 ) ) ;
#2020 = ORIENTED_EDGE ( 'NONE', *, *, #2973, .T. ) ;
#2021 = CARTESIAN_POINT ( 'NONE',  ( -1.492388020602511300, 43.89655471583869684, 105.2734977285461468 ) ) ;
#2022 = VERTEX_POINT ( 'NONE', #6034 ) ;
#2023 = CARTESIAN_POINT ( 'NONE',  ( -46.72269698266016746, 28.16890702058149998, 314.4668828093558659 ) ) ;
#2024 = CARTESIAN_POINT ( 'NONE',  ( 5.182053699725197582, 28.91552240539585483, 376.4962002530127734 ) ) ;
#2025 = CARTESIAN_POINT ( 'NONE',  ( -31.31262997550868121, 33.70791355064751826, 288.3766268836841959 ) ) ;
#2026 = CARTESIAN_POINT ( 'NONE',  ( 6.776656093993445928, 36.76443743386151652, 318.6346361293133782 ) ) ;
#2027 = CARTESIAN_POINT ( 'NONE',  ( 48.44317501868728471, 27.64745359314383322, 274.4360826624404126 ) ) ;
#2028 = CARTESIAN_POINT ( 'NONE',  ( -32.20913717727860615, 32.31378630073693614, 331.4493103031244914 ) ) ;
#2029 = CARTESIAN_POINT ( 'NONE',  ( 87.03917095743797461, -14.78840956284643582, 45.13835781979638995 ) ) ;
#2030 = CARTESIAN_POINT ( 'NONE',  ( -10.02488928357590936, 1.340599469649716324, 507.8357256156867834 ) ) ;
#2031 = CARTESIAN_POINT ( 'NONE',  ( -2.513864412609956300, 26.58803341048043833, 391.6517352504341147 ) ) ;
#2032 = CARTESIAN_POINT ( 'NONE',  ( 14.31672065723999054, 34.61685599061654273, 329.9752476910231849 ) ) ;
#2033 = ORIENTED_EDGE ( 'NONE', *, *, #5571, .F. ) ;
#2034 = EDGE_CURVE ( 'NONE', #4605, #7683, #7496, .T. ) ;
#2035 = CARTESIAN_POINT ( 'NONE',  ( -42.94552767142585736, 25.57033405199091902, 316.8137277808967838 ) ) ;
#2036 = CARTESIAN_POINT ( 'NONE',  ( -0.6370587904727512685, 43.22439717070368204, 281.9339754729886067 ) ) ;
#2037 = ORIENTED_EDGE ( 'NONE', *, *, #6336, .F. ) ;
#2038 = CARTESIAN_POINT ( 'NONE',  ( 0.5193047721514133519, 39.21837533550547761, 296.6932480420265392 ) ) ;
#2039 = CARTESIAN_POINT ( 'NONE',  ( 0.000000000000000000, 0.000000000000000000, 331.4493103031246051 ) ) ;
#2040 = CARTESIAN_POINT ( 'NONE',  ( -0.3239428684495055943, 45.39100411275985891, 260.7910949725090290 ) ) ;
#2041 = CARTESIAN_POINT ( 'NONE',  ( -37.79366028959619683, 32.25077914734500695, 271.6502399797929002 ) ) ;
#2042 = CARTESIAN_POINT ( 'NONE',  ( -0.6201986524214535557, 17.04685725042859801, 458.4078278594934659 ) ) ;
#2043 = EDGE_CURVE ( 'NONE', #1561, #566, #5476, .T. ) ;
#2044 = VERTEX_POINT ( 'NONE', #7373 ) ;
#2045 = CARTESIAN_POINT ( 'NONE',  ( 0.000000000000000000, -5.832248506198543403, -56.54747634531298672 ) ) ;
#2046 = CARTESIAN_POINT ( 'NONE',  ( -7.500000000000000000, 22.01701753502480940, 413.0240909614261113 ) ) ;
#2047 = CARTESIAN_POINT ( 'NONE',  ( 0.5922324637857184770, 41.94078955616367921, 261.9100130706390246 ) ) ;
#2048 = CARTESIAN_POINT ( 'NONE',  ( 1.316609496952878322, 47.20928880869866617, 155.6670790133530033 ) ) ;
#2049 = CARTESIAN_POINT ( 'NONE',  ( 0.7317949095089628653, -9.968616617790203804, 558.9098446958789737 ) ) ;
#2050 = CARTESIAN_POINT ( 'NONE',  ( 16.69851733214127165, 40.89520421695247165, 250.0264169235916825 ) ) ;
#2051 = CARTESIAN_POINT ( 'NONE',  ( 1.492388020602511300, 43.89655471583869684, 105.2734977285461468 ) ) ;
#2052 = CARTESIAN_POINT ( 'NONE',  ( 9.038935942379033861, 44.65478929440413225, 133.3990811073386169 ) ) ;
#2053 = CARTESIAN_POINT ( 'NONE',  ( 0.2352518795673175789, 24.12758331671878054, 406.3087876165258194 ) ) ;
#2054 =( BOUNDED_SURFACE ( )  B_SPLINE_SURFACE ( 3, 2, ( 
 ( #5734, #3697, #1619 ),
 ( #1578, #4340, #7072 ),
 ( #6447, #269, #3780 ),
 ( #6531, #3151, #5139 ),
 ( #8004, #7869, #5859 ),
 ( #309, #1840, #5186 ),
 ( #1113, #3826, #5903 ),
 ( #8723, #6488, #7199 ),
 ( #352, #4468, #1749 ),
 ( #2558, #4510, #1708 ),
 ( #8592, #1022, #8636 ),
 ( #6661, #3106, #2427 ),
 ( #7329, #1156, #983 ),
 ( #3238, #7287, #3060 ),
 ( #7913, #7241, #1066 ),
 ( #3873, #3741, #6575 ) ),
 .UNSPECIFIED., .F., .F., .F. ) 
 B_SPLINE_SURFACE_WITH_KNOTS ( ( 4, 2, 2, 2, 2, 2, 2, 4 ),
 ( 3, 3 ),
 ( 5.551115123125782702E-17, 0.0006267024524962995762, 0.001253404904992543641, 0.001880107357488787706, 0.002506809809985031771, 0.003133512262481276053, 0.003760214714977519902, 0.005013619619970008032 ),
 ( 0.000000000000000000, 1.000000000000000000 ),
 .UNSPECIFIED. ) 
 GEOMETRIC_REPRESENTATION_ITEM ( )  RATIONAL_B_SPLINE_SURFACE ( (
 ( 1.000000000000000000, 0.6889837825926716786, 1.000000000000000000),
 ( 1.000000000000000000, 0.6904419613841643599, 1.000000000000000000),
 ( 1.000000000000000000, 0.6920086246216953230, 1.000000000000000000),
 ( 1.000000000000000000, 0.6953848213380543486, 1.000000000000000000),
 ( 1.000000000000000000, 0.6972164017686159898, 1.000000000000000000),
 ( 1.000000000000000000, 0.7010327295537810421, 1.000000000000000000),
 ( 1.000000000000000000, 0.7029659783760465741, 1.000000000000000000),
 ( 1.000000000000000000, 0.7068937828506866028, 1.000000000000000000),
 ( 1.000000000000000000, 0.7088910249775390859, 1.000000000000000000),
 ( 1.000000000000000000, 0.7127865484957183195, 1.000000000000000000),
 ( 1.000000000000000000, 0.7146546384826880649, 1.000000000000000000),
 ( 1.000000000000000000, 0.7182444799533672652, 1.000000000000000000),
 ( 1.000000000000000000, 0.7199221191660256647, 1.000000000000000000),
 ( 1.000000000000000000, 0.7245707108752807990, 1.000000000000000000),
 ( 1.000000000000000000, 0.7270493112268320290, 1.000000000000000000),
 ( 1.000000000000000000, 0.7287434562804826488, 1.000000000000000000) ) ) 
 REPRESENTATION_ITEM ( '' )  SURFACE ( )  );
#2055 = PLANE ( 'NONE',  #4378 ) ;
#2056 = CARTESIAN_POINT ( 'NONE',  ( -9.951606821779224177, 32.04519512715140195, 353.1955989802493150 ) ) ;
#2057 = CARTESIAN_POINT ( 'NONE',  ( 2.562172481296778770, -9.718372356699223502, 557.8072730852924224 ) ) ;
#2058 = FACE_OUTER_BOUND ( 'NONE', #4797, .T. ) ;
#2059 = CARTESIAN_POINT ( 'NONE',  ( -1.105044868207545328, 36.83514367126904432, 319.6330325098024332 ) ) ;
#2060 = CARTESIAN_POINT ( 'NONE',  ( -0.1904766443104751739, 22.83076581420520057, 413.3084249614671535 ) ) ;
#2061 = CARTESIAN_POINT ( 'NONE',  ( 33.66528216922770156, 28.82023645456500915, 324.2885823872315996 ) ) ;
#2062 = CARTESIAN_POINT ( 'NONE',  ( -28.49463500214571354, -6.821171986367837725, -36.82241012564603722 ) ) ;
#2063 = CARTESIAN_POINT ( 'NONE',  ( -0.000000000000000000, 45.10376650680655075, 261.2941101474597190 ) ) ;
#2064 = SURFACE_STYLE_FILL_AREA ( #6161 ) ;
#2065 = VERTEX_POINT ( 'NONE', #3381 ) ;
#2066 = AXIS2_PLACEMENT_3D ( 'NONE', #3191, #5901, #440 ) ;
#2067 = ORIENTED_EDGE ( 'NONE', *, *, #1015, .T. ) ;
#2068 = CARTESIAN_POINT ( 'NONE',  ( 1.793437411546241478, 45.87555291334074070, 252.9410945478491897 ) ) ;
#2069 = CARTESIAN_POINT ( 'NONE',  ( -14.86904910583278649, 33.71556721810633661, 336.2075551844254733 ) ) ;
#2070 = CARTESIAN_POINT ( 'NONE',  ( 13.75798019598384414, 28.13312816551689366, 373.5037478704832665 ) ) ;
#2071 = AXIS2_PLACEMENT_3D ( 'NONE', #8611, #6684, #7932 ) ;
#2072 = CARTESIAN_POINT ( 'NONE',  ( -4.203500821917908858, 41.14970679790084773, 271.5685292541039075 ) ) ;
#2073 = CARTESIAN_POINT ( 'NONE',  ( 10.60173176513691118, 36.48738984823999942, 318.6569625980043838 ) ) ;
#2074 = CARTESIAN_POINT ( 'NONE',  ( -2.738145295489130326, 43.40477166021896949, 280.6468487344995992 ) ) ;
#2075 = CARTESIAN_POINT ( 'NONE',  ( 2.608041693207902689, 45.25236832345952109, 261.5778009512508788 ) ) ;
#2076 = CARTESIAN_POINT ( 'NONE',  ( 0.000000000000000000, -10.00000000000000000, -61.05776287854492068 ) ) ;
#2077 = CARTESIAN_POINT ( 'NONE',  ( -6.953941588068372148, 6.120562770953910992, 500.2070897956710951 ) ) ;
#2078 = CARTESIAN_POINT ( 'NONE',  ( 0.1388695337827896836, 27.84362041768251217, 384.8517814709462073 ) ) ;
#2079 = CARTESIAN_POINT ( 'NONE',  ( -0.1476167554291957507, 35.53109437826292094, 330.8684851258737467 ) ) ;
#2080 = ORIENTED_EDGE ( 'NONE', *, *, #8306, .F. ) ;
#2081 = CARTESIAN_POINT ( 'NONE',  ( -10.60647781570488846, 36.81062806897855921, 315.7234095570920545 ) ) ;
#2082 = CARTESIAN_POINT ( 'NONE',  ( 44.79208460024202054, 23.08258537076258321, 331.4493103058576935 ) ) ;
#2083 = ORIENTED_EDGE ( 'NONE', *, *, #3959, .F. ) ;
#2084 = CARTESIAN_POINT ( 'NONE',  ( 43.20803181899297840, 26.87101989795441881, 304.1592171146781425 ) ) ;
#2085 = CARTESIAN_POINT ( 'NONE',  ( 0.003294345898725401563, 37.16042184082672861, 331.4493103031246051 ) ) ;
#2086 = CARTESIAN_POINT ( 'NONE',  ( 3.441664271283673138E-14, 41.95769921937832692, 261.3537278318257222 ) ) ;
#2087 = CARTESIAN_POINT ( 'NONE',  ( -20.63280308582162448, 39.54458986773130391, 260.3628838593342039 ) ) ;
#2088 = EDGE_CURVE ( 'NONE', #2321, #7848, #3329, .T. ) ;
#2089 = CARTESIAN_POINT ( 'NONE',  ( 0.000000000000000000, 2.926735556036303532, 515.0430825616978154 ) ) ;
#2090 = CARTESIAN_POINT ( 'NONE',  ( -32.21463623280497046, 28.54567803984010865, 331.4493103031246619 ) ) ;
#2091 = VERTEX_POINT ( 'NONE', #6080 ) ;
#2092 = CARTESIAN_POINT ( 'NONE',  ( 56.42444719532452524, -4.100048717234659357, 204.2233583779163268 ) ) ;
#2093 = CARTESIAN_POINT ( 'NONE',  ( -26.18819408297670748, 38.12897619667187143, 255.0909429761015872 ) ) ;
#2094 = CARTESIAN_POINT ( 'NONE',  ( 25.61096929832742930, 33.12775593241359218, 317.0753915423185276 ) ) ;
#2095 = CARTESIAN_POINT ( 'NONE',  ( -21.69171109838692857, 38.18031848687778051, 276.9150173456584980 ) ) ;
#2096 = CARTESIAN_POINT ( 'NONE',  ( 0.8486857927523446810, 34.25527520538206261, 42.00482374486006165 ) ) ;
#2098 = ADVANCED_FACE ( 'NONE', ( #1886 ), #8754, .T. ) ;
#2097 = CARTESIAN_POINT ( 'NONE',  ( -0.000000000000000000, 43.55178633070548244, 282.0175698984743917 ) ) ;
#2099 = CARTESIAN_POINT ( 'NONE',  ( -0.2221043461508837857, 42.96213528932826620, 244.2089748040614836 ) ) ;
#2100 = CARTESIAN_POINT ( 'NONE',  ( -17.90558932272608672, 45.27588651669087483, 188.1410139065363012 ) ) ;
#2101 = CARTESIAN_POINT ( 'NONE',  ( 20.62407662905724592, 42.79110105320698665, 140.4219543533417607 ) ) ;
#2102 = CARTESIAN_POINT ( 'NONE',  ( -0.4401135862700856216, 24.11375119755509999, 406.2339327365450004 ) ) ;
#2103 = CARTESIAN_POINT ( 'NONE',  ( -0.003294345898725401563, 37.16042184082672861, 334.4493103031246051 ) ) ;
#2104 = CARTESIAN_POINT ( 'NONE',  ( 0.1318546614912452231, 32.39813877424627009, 354.8334761548685492 ) ) ;
#2105 = CARTESIAN_POINT ( 'NONE',  ( 58.62154318630234684, -4.489909763417698763, 423.0794994535144156 ) ) ;
#2106 = CARTESIAN_POINT ( 'NONE',  ( 3.630889847869915865, 38.12361463357159863, 307.2459128902498264 ) ) ;
#2107 = CARTESIAN_POINT ( 'NONE',  ( -38.96839074248472912, 26.80904219732584437, 321.1193588304226978 ) ) ;
#2108 = CARTESIAN_POINT ( 'NONE',  ( 40.65409201463140221, 16.53362477509535111, 376.0139761313955091 ) ) ;
#2109 = CARTESIAN_POINT ( 'NONE',  ( 23.99276334532775579, 32.83802324189740318, 324.8128069218386145 ) ) ;
#2110 = CARTESIAN_POINT ( 'NONE',  ( -28.53909880752624773, -10.68040278824253164, -41.02084576645206937 ) ) ;
#2111 = FACE_OUTER_BOUND ( 'NONE', #751, .T. ) ;
#2112 = SURFACE_SIDE_STYLE ('',( #2064 ) ) ;
#2113 = ORIENTED_EDGE ( 'NONE', *, *, #6482, .F. ) ;
#2114 = ORIENTED_EDGE ( 'NONE', *, *, #4194, .T. ) ;
#2115 = CARTESIAN_POINT ( 'NONE',  ( 16.66315168157811755, 45.58974530259764180, 211.4847522036016585 ) ) ;
#2116 = CARTESIAN_POINT ( 'NONE',  ( -0.3251958763385239259, 34.68943655668595483, 337.6546290750303569 ) ) ;
#2117 = CARTESIAN_POINT ( 'NONE',  ( 17.49203660301451535, 27.51591842038320834, 371.9002260510071096 ) ) ;
#2118 = CARTESIAN_POINT ( 'NONE',  ( -0.2947602590470545514, 40.69115646233252903, 279.5398578590309171 ) ) ;
#2119 = CARTESIAN_POINT ( 'NONE',  ( 0.1409280461110133664, 37.01133305596930967, 318.0847387524900682 ) ) ;
#2120 = CARTESIAN_POINT ( 'NONE',  ( 0.000000000000000000, 0.000000000000000000, 331.4493103031246051 ) ) ;
#2121 = CARTESIAN_POINT ( 'NONE',  ( -21.25644817526988817, 36.45073334871957371, 331.4493103031246051 ) ) ;
#2122 = CARTESIAN_POINT ( 'NONE',  ( 28.23808762699846042, 3.056412852116027423, -22.60677287783177647 ) ) ;
#2123 = CARTESIAN_POINT ( 'NONE',  ( 1.331304062742782568, 10.42035447031314632, 486.5845591189742549 ) ) ;
#2124 = CARTESIAN_POINT ( 'NONE',  ( -28.75613338586770951, 24.24708037849392639, 366.1794805555950916 ) ) ;
#2125 = CARTESIAN_POINT ( 'NONE',  ( 1.772597211859147315, 35.52731289861504393, 330.7743526856972949 ) ) ;
#2126 = VERTEX_POINT ( 'NONE', #6323 ) ;
#2127 = CARTESIAN_POINT ( 'NONE',  ( -1.105795499104008428, 37.40120967025418963, 314.4824160230480743 ) ) ;
#2128 = VECTOR ( 'NONE', #7213, 1000.000000000000000 ) ;
#2129 = CARTESIAN_POINT ( 'NONE',  ( 1.105823724432715816, 37.51173386338804505, 313.4471815671526542 ) ) ;
#2130 = CARTESIAN_POINT ( 'NONE',  ( 7.500000000000000000, 22.01701753502480940, 413.0240909614261113 ) ) ;
#2131 = LINE ( 'NONE', #6276, #6363 ) ;
#2132 = CARTESIAN_POINT ( 'NONE',  ( -8.076808706768806800, 41.85959223000482865, 255.2307373242527149 ) ) ;
#2133 = CARTESIAN_POINT ( 'NONE',  ( -1.192598390898780503, 20.17127465771984873, 444.2396516818456007 ) ) ;
#2134 = CARTESIAN_POINT ( 'NONE',  ( -0.9520731639543362768, -8.547617495532426446, -59.58324036534521895 ) ) ;
#2135 = FACE_OUTER_BOUND ( 'NONE', #7321, .T. ) ;
#2136 = CARTESIAN_POINT ( 'NONE',  ( 32.02261671216019323, 30.49628130475826282, 316.4621750658965880 ) ) ;
#2137 = CARTESIAN_POINT ( 'NONE',  ( -36.77113863387464221, 31.66455318509527572, 284.1388528436031038 ) ) ;
#2138 = CARTESIAN_POINT ( 'NONE',  ( -2.157746065596713780, 47.43923580062173784, 180.7376766213325539 ) ) ;
#2139 = CARTESIAN_POINT ( 'NONE',  ( -149.9999999999997158, -4.914714336245090465, 438.2002728028813863 ) ) ;
#2140 = AXIS2_PLACEMENT_3D ( 'NONE', #3205, #3982, #5197 ) ;
#2141 = CARTESIAN_POINT ( 'NONE',  ( 18.25149384790075402, 39.67171895209038723, 267.3647874866828715 ) ) ;
#2142 = CARTESIAN_POINT ( 'NONE',  ( -0.7461940103012556502, 43.80372440424493874, 105.2564511888949568 ) ) ;
#2143 = CARTESIAN_POINT ( 'NONE',  ( 0.1267269259329305564, 24.12541961353209174, 406.2978867253875706 ) ) ;
#2144 = CARTESIAN_POINT ( 'NONE',  ( 20.53058238246047296, 43.31686987173446823, 255.0493119899616090 ) ) ;
#2145 = CARTESIAN_POINT ( 'NONE',  ( -32.16296407755833542, 26.21437704354370268, 346.8370646752635480 ) ) ;
#2146 = CARTESIAN_POINT ( 'NONE',  ( -0.7310486981965987896, -8.789701471681548028, 555.1481419457635411 ) ) ;
#2147 = EDGE_CURVE ( 'NONE', #4050, #1360, #5653, .T. ) ;
#2148 = CARTESIAN_POINT ( 'NONE',  ( -0.4873802908429391012, 45.38535174973730335, 260.7910082619117134 ) ) ;
#2149 = CARTESIAN_POINT ( 'NONE',  ( -14.92969088749623729, 35.53620963218874351, 321.5212545471804901 ) ) ;
#2150 = CARTESIAN_POINT ( 'NONE',  ( -0.2586489054086270611, 21.49231236919724353, 420.2456522028500672 ) ) ;
#2151 = CARTESIAN_POINT ( 'NONE',  ( 12.84922003058921547, 34.98970767016938055, 329.1063981717350657 ) ) ;
#2152 = CARTESIAN_POINT ( 'NONE',  ( -150.0000000000000568, 3.860833271709796399, 212.5989338358691612 ) ) ;
#2153 = DIRECTION ( 'NONE',  ( 0.000000000000000000, 0.000000000000000000, -1.000000000000000000 ) ) ;
#2154 = ORIENTED_EDGE ( 'NONE', *, *, #2632, .T. ) ;
#2155 = ORIENTED_EDGE ( 'NONE', *, *, #5111, .T. ) ;
#2156 = CARTESIAN_POINT ( 'NONE',  ( 17.90558932272608672, 45.27588651669087483, 188.1410139065363012 ) ) ;
#2157 = CARTESIAN_POINT ( 'NONE',  ( -1.478486999819866199, 34.68855720230737916, 337.5691283153363429 ) ) ;
#2158 = CARTESIAN_POINT ( 'NONE',  ( 24.22027751951461383, 26.99376124848534175, 362.3067565584516956 ) ) ;
#2159 = CARTESIAN_POINT ( 'NONE',  ( -2.657460395911841022, 40.60598169446873129, 279.8903518163754711 ) ) ;
#2160 = CARTESIAN_POINT ( 'NONE',  ( 27.20932719799834842, 32.32721859434393963, 318.8092047420969948 ) ) ;
#2161 = CARTESIAN_POINT ( 'NONE',  ( -0.4666624454429352253, 43.40477166021896949, 281.9339774583896769 ) ) ;
#2162 = FACE_OUTER_BOUND ( 'NONE', #8402, .T. ) ;
#2163 = CARTESIAN_POINT ( 'NONE',  ( 56.45112250455159142, -6.087123366960760507, 202.2480236927935380 ) ) ;
#2164 = CARTESIAN_POINT ( 'NONE',  ( 2.188606651473533393, -7.176475229997554273, 550.0807433445178276 ) ) ;
#2165 = CARTESIAN_POINT ( 'NONE',  ( 0.3284611501769983954, 29.01391944245660426, 377.5020311659239383 ) ) ;
#2166 = CARTESIAN_POINT ( 'NONE',  ( 1.409889756305609865, 33.48824728706445342, 346.9324434743176084 ) ) ;
#2167 = VERTEX_POINT ( 'NONE', #532 ) ;
#2168 = CARTESIAN_POINT ( 'NONE',  ( -2.607242444058693653, 37.37777468456539509, 314.5188922231583888 ) ) ;
#2169 = CARTESIAN_POINT ( 'NONE',  ( 27.30067097471100368, 33.51253427932304163, 307.8126923851097558 ) ) ;
#2170 = CARTESIAN_POINT ( 'NONE',  ( 2.545017600005300640, 43.26050709465815203, 280.9346539793223769 ) ) ;
#2171 = CARTESIAN_POINT ( 'NONE',  ( 5.464782804720353049, 41.98730818261890363, 256.1918974770094906 ) ) ;
#2172 = CARTESIAN_POINT ( 'NONE',  ( -0.4184931559067517348, 43.28821398336533832, 235.2623194649394804 ) ) ;
#2173 = CARTESIAN_POINT ( 'NONE',  ( 150.0000000000002558, -4.444873476189596495, 435.7468521578524019 ) ) ;
#2174 = CARTESIAN_POINT ( 'NONE',  ( 0.000000000000000000, 20.62319512748768346, -7.191526245911063597 ) ) ;
#2175 = CARTESIAN_POINT ( 'NONE',  ( -48.99589254714335596, 27.14358291691885938, 278.6291300477626578 ) ) ;
#2176 = PRODUCT_DEFINITION_CONTEXT ( 'detailed design', #6865, 'design' ) ;
#2177 = CARTESIAN_POINT ( 'NONE',  ( 20.62216986989061951, 34.88724270140197348, 316.0293447587931155 ) ) ;
#2178 = CARTESIAN_POINT ( 'NONE',  ( -1.087019692520852399, 41.86963477937513289, 262.1616491642425331 ) ) ;
#2179 = CARTESIAN_POINT ( 'NONE',  ( -14.61713605283470763, 44.60612277303756201, 256.7277770913618156 ) ) ;
#2180 = CARTESIAN_POINT ( 'NONE',  ( 22.10539057621121373, 38.56378215763040629, 269.1725774915164493 ) ) ;
#2181 = CARTESIAN_POINT ( 'NONE',  ( -1.316609496952878322, 47.20928880869866617, 155.6670790133530033 ) ) ;
#2182 = CARTESIAN_POINT ( 'NONE',  ( -0.2366820683618335863, 24.11817484140822643, 406.2585125773720733 ) ) ;
#2183 = LINE ( 'NONE', #8477, #3934 ) ;
#2184 = CARTESIAN_POINT ( 'NONE',  ( -29.05659941096637056, 27.46760683364256650, 347.8210840306456362 ) ) ;
#2185 = CARTESIAN_POINT ( 'NONE',  ( 150.0000000000005116, -2.468752498710066856, 425.1262764251987392 ) ) ;
#2186 = CARTESIAN_POINT ( 'NONE',  ( 2.857415808226826837, -9.927841435840775830, -61.03830314543180435 ) ) ;
#2187 = CARTESIAN_POINT ( 'NONE',  ( -4.040126662486679621, 36.77555458557333878, 319.6322231873435840 ) ) ;
#2188 = CARTESIAN_POINT ( 'NONE',  ( 14.72442217628794658, 21.44945499124647981, 406.2843314463586353 ) ) ;
#2189 = CARTESIAN_POINT ( 'NONE',  ( 6.101817672189538300, 35.54022005552467789, 329.5107931707734110 ) ) ;
#2190 = CARTESIAN_POINT ( 'NONE',  ( 1.849534121738633852, 16.21802295602805799, -18.86953178114389829 ) ) ;
#2191 = FACE_OUTER_BOUND ( 'NONE', #7736, .T. ) ;
#2192 =( NAMED_UNIT ( * ) PLANE_ANGLE_UNIT ( ) SI_UNIT ( $, .RADIAN. ) );
#2193 = VERTEX_POINT ( 'NONE', #1204 ) ;
#2194 = ORIENTED_EDGE ( 'NONE', *, *, #6652, .F. ) ;
#2195 = EDGE_CURVE ( 'NONE', #4654, #8318, #5141, .T. ) ;
#2196 = CARTESIAN_POINT ( 'NONE',  ( 1.897151511910303734, 46.91140964979707206, 229.3722862163716343 ) ) ;
#2197 = CARTESIAN_POINT ( 'NONE',  ( 8.594684597542805449, 27.51482948837981013, 382.6496092469673158 ) ) ;
#2198 = CARTESIAN_POINT ( 'NONE',  ( -6.393489824214725559, 40.98580137129851408, 272.0623912322625415 ) ) ;
#2199 = CARTESIAN_POINT ( 'NONE',  ( 0.5288039459202078518, 36.83818302323976468, 319.6332628253946950 ) ) ;
#2200 = EDGE_CURVE ( 'NONE', #1382, #7079, #2987, .T. ) ;
#2201 = VECTOR ( 'NONE', #585, 1000.000000000000114 ) ;
#2202 = CARTESIAN_POINT ( 'NONE',  ( 28.60367788710712134, 37.24799833951984596, 255.3753109550620479 ) ) ;
#2203 = DIRECTION ( 'NONE',  ( -1.000000000000000000, 0.000000000000000000, -2.379070858319133807E-13 ) ) ;
#2204 = CARTESIAN_POINT ( 'NONE',  ( 28.34182685986741390, -0.004202851225297739302, -27.54135597287860193 ) ) ;
#2205 = CARTESIAN_POINT ( 'NONE',  ( -55.71564899923829728, 1.205407876259681377, 399.7257200711499081 ) ) ;
#2206 = CARTESIAN_POINT ( 'NONE',  ( -28.63703828011288621, 23.10987035138994727, 372.1870060101015270 ) ) ;
#2207 = CARTESIAN_POINT ( 'NONE',  ( 40.75493006476639124, 24.42142745321563524, 333.3016356396852302 ) ) ;
#2208 = ADVANCED_FACE ( 'NONE', ( #8007 ), #5990, .F. ) ;
#2209 = ORIENTED_EDGE ( 'NONE', *, *, #1644, .T. ) ;
#2210 = CARTESIAN_POINT ( 'NONE',  ( -0.1407009709329169744, 37.40751803468908321, 314.4599531626880093 ) ) ;
#2211 = CARTESIAN_POINT ( 'NONE',  ( 32.10672132827488667, 31.35486767544724884, 308.4622571912002513 ) ) ;
#2212 = CYLINDRICAL_SURFACE ( 'NONE', #2551, 1.000000000000000666 ) ;
#2213 = CARTESIAN_POINT ( 'NONE',  ( 0.000000000000000000, 45.40165219869580682, 260.7912705906431938 ) ) ;
#2214 = CARTESIAN_POINT ( 'NONE',  ( -30.74327953197885321, 36.65391312000615187, 251.3869023918339280 ) ) ;
#2215 = CARTESIAN_POINT ( 'NONE',  ( -1.463168471159988160, -9.541087452738985064, 557.6191052689168828 ) ) ;
#2216 = CARTESIAN_POINT ( 'NONE',  ( 149.9999999999999716, 10.35078035734875535, 226.4890547709782993 ) ) ;
#2217 = CARTESIAN_POINT ( 'NONE',  ( -19.30523157464331163, 19.28667602356719257, 407.9386677969943094 ) ) ;
#2218 = B_SPLINE_CURVE_WITH_KNOTS ( 'NONE', 3,
 ( #1390, #1525, #2967, #6980 ),
 .UNSPECIFIED., .F., .F.,
 ( 4, 4 ),
 ( 4.336808689942017736E-19, 0.0004667199989830107224 ),
 .UNSPECIFIED. ) ;
#2219 = CARTESIAN_POINT ( 'NONE',  ( 0.4103178825103199756, 42.49907041476689784, 253.1178265330521526 ) ) ;
#2220 = CARTESIAN_POINT ( 'NONE',  ( -1.793437411546241478, 45.87555291334074070, 252.9410945478491897 ) ) ;
#2221 = CARTESIAN_POINT ( 'NONE',  ( -41.15213526186705195, 24.56213932722517157, 331.4493103031246051 ) ) ;
#2222 = CARTESIAN_POINT ( 'NONE',  ( -0.5566957565998221780, 41.37232676736336145, 270.7327469999615914 ) ) ;
#2223 = CARTESIAN_POINT ( 'NONE',  ( 49.32634856228757059, 20.28886164836126582, 276.4091044601491944 ) ) ;
#2224 = CARTESIAN_POINT ( 'NONE',  ( -1.806868595913459608, 22.77178472312596114, 413.0476942147383852 ) ) ;
#2225 = CARTESIAN_POINT ( 'NONE',  ( 37.99703992816784393, 22.90930713482057612, 370.0648631211987549 ) ) ;
#2226 = CARTESIAN_POINT ( 'NONE',  ( -6.480694020707807645, 34.41295695059121584, 338.5453401440744869 ) ) ;
#2227 = CARTESIAN_POINT ( 'NONE',  ( -3.049614923356851914, 41.69579879298075298, 263.6079119138959754 ) ) ;
#2228 = CARTESIAN_POINT ( 'NONE',  ( -28.58244982384469424, -15.21890313945408657, -45.70561207615780575 ) ) ;
#2229 = CARTESIAN_POINT ( 'NONE',  ( -20.61269628077774385, 34.28120116289833419, 321.4371814259357620 ) ) ;
#2230 = CARTESIAN_POINT ( 'NONE',  ( -0.5408302700176028655, 21.50074663853355972, 420.2664864492433594 ) ) ;
#2231 = CARTESIAN_POINT ( 'NONE',  ( 42.93532473086821000, 24.74336811871720698, 323.8348140283931116 ) ) ;
#2232 = CARTESIAN_POINT ( 'NONE',  ( 0.9391192593045467607, 7.969336849332791850, -35.88766685587286531 ) ) ;
#2233 = DIRECTION ( 'NONE',  ( 0.000000000000000000, 0.000000000000000000, 1.000000000000000000 ) ) ;
#2234 = CARTESIAN_POINT ( 'NONE',  ( 1.770961084858938994, 41.87160347825097517, 261.6975184746237346 ) ) ;
#2235 = ORIENTED_EDGE ( 'NONE', *, *, #5281, .T. ) ;
#2236 = ORIENTED_EDGE ( 'NONE', *, *, #6442, .T. ) ;
#2237 = CARTESIAN_POINT ( 'NONE',  ( 7.846345050770216822, 46.81194873575534388, 182.9037947448233012 ) ) ;
#2238 = CARTESIAN_POINT ( 'NONE',  ( -10.56096080597837883, 34.29933720067561609, 336.7321491126161845 ) ) ;
#2239 = CARTESIAN_POINT ( 'NONE',  ( -0.1532007166653269470, 26.63279485933437130, 392.0748076365160841 ) ) ;
#2240 = EDGE_CURVE ( 'NONE', #8499, #406, #1796, .T. ) ;
#2241 = CARTESIAN_POINT ( 'NONE',  ( 30.39684208001816401, 30.94454648206952996, 318.8417644469102470 ) ) ;
#2242 = PLANE ( 'NONE',  #2539 ) ;
#2243 = CARTESIAN_POINT ( 'NONE',  ( 2.145165295397433169E-08, 42.33955562421409979, 255.0493127239866169 ) ) ;
#2244 = CARTESIAN_POINT ( 'NONE',  ( 48.13516415068088605, 31.48880182192486643, 273.1866541910857222 ) ) ;
#2245 = CARTESIAN_POINT ( 'NONE',  ( -2.853196301606920837, -5.731608919956029169, -56.50461328002980821 ) ) ;
#2246 = CARTESIAN_POINT ( 'NONE',  ( 0.000000000000000000, 32.94763869110673227, 374.3303000206013280 ) ) ;
#2247 = CARTESIAN_POINT ( 'NONE',  ( -33.61626971967105959, 22.43333145203285639, 363.7226668297540186 ) ) ;
#2248 = CARTESIAN_POINT ( 'NONE',  ( 21.41289141201225021, 31.16911488338606873, 343.4794222312352758 ) ) ;
#2249 = ORIENTED_EDGE ( 'NONE', *, *, #1490, .T. ) ;
#2250 = CARTESIAN_POINT ( 'NONE',  ( 0.05782471508930819154, 38.40877593386803568, 305.0917711260684086 ) ) ;
#2251 = ADVANCED_FACE ( 'NONE', ( #8050 ), #7915, .T. ) ;
#2252 = CARTESIAN_POINT ( 'NONE',  ( 1.861953940885696879, 38.38112384090982232, 305.2155714443162537 ) ) ;
#2253 = CARTESIAN_POINT ( 'NONE',  ( -42.75445932639104285, 25.75585501620750151, 334.4493103031246051 ) ) ;
#2254 = CARTESIAN_POINT ( 'NONE',  ( 0.000000000000000000, 0.000000000000000000, 331.4493103031246051 ) ) ;
#2255 = CARTESIAN_POINT ( 'NONE',  ( -34.03401044748905235, 35.07909076207161547, 254.4240553622826440 ) ) ;
#2256 = CARTESIAN_POINT ( 'NONE',  ( 0.9419369969250757091, 41.02800531393226180, 312.7688498949498808 ) ) ;
#2257 = CARTESIAN_POINT ( 'NONE',  ( 2.541794483188228870, -4.806876550188804664, 541.7585835155889527 ) ) ;
#2258 = CARTESIAN_POINT ( 'NONE',  ( -0.9391192593045467607, 7.969336849332791850, -35.88766685587286531 ) ) ;
#2259 = CIRCLE ( 'NONE', #7283, 0.6000000000000011990 ) ;
#2260 = CARTESIAN_POINT ( 'NONE',  ( -35.43842379820755895, 28.75040315735894936, 318.1173875092060825 ) ) ;
#2261 = CARTESIAN_POINT ( 'NONE',  ( -7.846345050770216822, 46.81194873575534388, 182.9037947448233012 ) ) ;
#2262 = DIRECTION ( 'NONE',  ( 0.000000000000000000, 0.000000000000000000, -1.000000000000000000 ) ) ;
#2263 = ORIENTED_EDGE ( 'NONE', *, *, #3130, .F. ) ;
#2264 = CARTESIAN_POINT ( 'NONE',  ( 1.888154822145551082, 41.27893946157849570, 271.1060803810202060 ) ) ;
#2265 = B_SPLINE_CURVE_WITH_KNOTS ( 'NONE', 3,
 ( #8898, #554, #6730, #742 ),
 .UNSPECIFIED., .F., .F.,
 ( 4, 4 ),
 ( 1.387778780781445676E-17, 0.005968431096444629796 ),
 .UNSPECIFIED. ) ;
#2266 = AXIS2_PLACEMENT_3D ( 'NONE', #6040, #8100, #4697 ) ;
#2267 = CARTESIAN_POINT ( 'NONE',  ( 0.000000000000000000, 44.44231472044331355, 275.7264566852123266 ) ) ;
#2268 = CARTESIAN_POINT ( 'NONE',  ( -11.36686200432037275, 24.65706980418698890, 395.1681540722908608 ) ) ;
#2269 = CARTESIAN_POINT ( 'NONE',  ( 44.15722549583431800, 22.68431740036543687, 336.3206677078981102 ) ) ;
#2270 = CARTESIAN_POINT ( 'NONE',  ( -1.051065109237590223, 34.53431947642305744, 339.0451833847712351 ) ) ;
#2271 = CARTESIAN_POINT ( 'NONE',  ( -5.974697017077270027E-10, 43.83345410576623635, 282.5824894700288610 ) ) ;
#2272 = VECTOR ( 'NONE', #8174, 1000.000000000000000 ) ;
#2273 = CARTESIAN_POINT ( 'NONE',  ( -12.46229530001277652, -2.572497710891440637, -46.23969499504121217 ) ) ;
#2274 = CARTESIAN_POINT ( 'NONE',  ( -10.60140762427715799, 36.43281107703593591, 319.1446429268490306 ) ) ;
#2275 = CARTESIAN_POINT ( 'NONE',  ( -0.4279577275095358679, 21.49737293652331971, 420.2581527025057540 ) ) ;
#2276 = CARTESIAN_POINT ( 'NONE',  ( 27.19370707681825294, 31.23749322107500603, 327.9376910013571660 ) ) ;
#2277 = CARTESIAN_POINT ( 'NONE',  ( -86.59048839564125899, -5.768153520067688333, 55.25887913199452584 ) ) ;
#2278 = CARTESIAN_POINT ( 'NONE',  ( 2.545275847175124895, 41.65491474906183811, 262.3530602690576643 ) ) ;
#2279 = CARTESIAN_POINT ( 'NONE',  ( -2.578592334472893821, 25.19844955650370721, 399.5008418623442594 ) ) ;
#2280 = AXIS2_PLACEMENT_3D ( 'NONE', #5774, #3872, #1661 ) ;
#2281 = ORIENTED_EDGE ( 'NONE', *, *, #1015, .F. ) ;
#2282 = ORIENTED_EDGE ( 'NONE', *, *, #5835, .F. ) ;
#2283 = CARTESIAN_POINT ( 'NONE',  ( 1.649437573462356754, 38.88726402745196253, 331.8909477606557630 ) ) ;
#2284 = CARTESIAN_POINT ( 'NONE',  ( -0.5250176606282560554, 35.66625696832365833, 329.7868877566377819 ) ) ;
#2285 = CARTESIAN_POINT ( 'NONE',  ( 33.53884191038362417, 21.33769557887436363, 369.4072436434151996 ) ) ;
#2286 = CARTESIAN_POINT ( 'NONE',  ( 28.78169045596157005, 31.66058260335985608, 318.8260794297339089 ) ) ;
#2287 = CARTESIAN_POINT ( 'NONE',  ( -2.600640732666645860, 43.83801307881231679, 281.7926490512824103 ) ) ;
#2288 = CARTESIAN_POINT ( 'NONE',  ( 35.35103101882084076, 34.31025519823177916, 257.5563273043687218 ) ) ;
#2289 = CARTESIAN_POINT ( 'NONE',  ( -39.42660889572429994, 36.05714782009419395, 260.0932995455095806 ) ) ;
#2290 = CARTESIAN_POINT ( 'NONE',  ( 12.46229530001277652, -2.572497710891440637, -46.23969499504121217 ) ) ;
#2291 = CARTESIAN_POINT ( 'NONE',  ( -7.189961064043363770, -9.266056063442162483, 554.1745012121198215 ) ) ;
#2292 = CARTESIAN_POINT ( 'NONE',  ( 0.5312016326890665052, 29.01447662925491855, 377.5276006878008843 ) ) ;
#2293 = CARTESIAN_POINT ( 'NONE',  ( 2.484035839800099232, 33.48151661146361135, 346.8135696432543682 ) ) ;
#2294 = ORIENTED_EDGE ( 'NONE', *, *, #4851, .T. ) ;
#2295 = CARTESIAN_POINT ( 'NONE',  ( -6.112820768119899384, 37.34773967685079299, 313.6020345794748323 ) ) ;
#2296 = CARTESIAN_POINT ( 'NONE',  ( 32.02915911419847816, 30.58346142164167958, 315.6627984759884384 ) ) ;
#2297 = CARTESIAN_POINT ( 'NONE',  ( -43.75445932639104285, 25.75585501620750151, 334.4493103031246051 ) ) ;
#2298 = DIRECTION ( 'NONE',  ( 5.341023129373435147E-12, 0.000000000000000000, -1.000000000000000000 ) ) ;
#2299 = FACE_OUTER_BOUND ( 'NONE', #6070, .T. ) ;
#2300 = CARTESIAN_POINT ( 'NONE',  ( -5.833484303085390010, 38.83323711334092820, 331.6529499013212217 ) ) ;
#2301 = CARTESIAN_POINT ( 'NONE',  ( -1.462097396393197579, -8.755891532203142091, 555.1105562664688478 ) ) ;
#2302 = EDGE_CURVE ( 'NONE', #495, #5295, #1159, .T. ) ;
#2303 = CARTESIAN_POINT ( 'NONE',  ( -32.01429347060235386, 30.31862222814169172, 318.0594151292146989 ) ) ;
#2304 = CARTESIAN_POINT ( 'NONE',  ( -17.90558932272608672, 45.27588651669087483, 188.1410139065363012 ) ) ;
#2305 = CARTESIAN_POINT ( 'NONE',  ( 0.000000000000000000, 32.02960972858872424, 380.5868600663628740 ) ) ;
#2306 = CARTESIAN_POINT ( 'NONE',  ( 24.40533702224936263, 38.34990178903478153, 262.4973914154146541 ) ) ;
#2307 = EDGE_CURVE ( 'NONE', #2879, #121, #8273, .T. ) ;
#2308 = CARTESIAN_POINT ( 'NONE',  ( 44.49566077598581870, 36.56622561671095895, 287.9162384457418966 ) ) ;
#2309 = CARTESIAN_POINT ( 'NONE',  ( -21.96413755926800704, 22.60394710729731216, 388.5014133657939510 ) ) ;
#2310 = CARTESIAN_POINT ( 'NONE',  ( 48.93205100325172197, 30.65684697914166534, 280.3525527939733024 ) ) ;
#2311 = CARTESIAN_POINT ( 'NONE',  ( -12.24372858409486575, 33.94320766699533465, 337.8807737277412571 ) ) ;
#2312 = CARTESIAN_POINT ( 'NONE',  ( 0.1590025564721230800, 43.83114573136394654, 282.5824172364827973 ) ) ;
#2313 = CARTESIAN_POINT ( 'NONE',  ( -12.50569815975795684, -8.939040514739479804, -53.94021469740130925 ) ) ;
#2314 = CARTESIAN_POINT ( 'NONE',  ( 0.05392168345924134437, 36.89693462503002763, 319.1173102665768511 ) ) ;
#2315 = CARTESIAN_POINT ( 'NONE',  ( 3.240779354666108780, 22.71534781077332354, 412.7546023128068100 ) ) ;
#2316 = CARTESIAN_POINT ( 'NONE',  ( 38.96693784260896365, 26.45460101605657854, 324.0186453279001171 ) ) ;
#2317 = CARTESIAN_POINT ( 'NONE',  ( -3.196296804781076695, 20.31546560184472128, -7.393096603152921276 ) ) ;
#2318 = CARTESIAN_POINT ( 'NONE',  ( -0.8079701054360087786, 44.77229927836786061, 261.3537278318257790 ) ) ;
#2319 = CARTESIAN_POINT ( 'NONE',  ( 48.93205100325172197, 27.03297327124139926, 280.3525527939733024 ) ) ;
#2320 = ORIENTED_EDGE ( 'NONE', *, *, #5007, .T. ) ;
#2321 = VERTEX_POINT ( 'NONE', #3241 ) ;
#2322 = CARTESIAN_POINT ( 'NONE',  ( 41.23236433532566281, 22.69079723528891179, 379.8779995718708165 ) ) ;
#2323 = CARTESIAN_POINT ( 'NONE',  ( -8.055258864387718987, 35.42691273505710114, 329.4013150534893839 ) ) ;
#2324 = CARTESIAN_POINT ( 'NONE',  ( 11.66887022682372788, 27.20121380708312486, 381.3538224533871244 ) ) ;
#2325 = CARTESIAN_POINT ( 'NONE',  ( 20.61304776211706269, 34.53646182690577859, 319.1905038397462704 ) ) ;
#2326 = DIRECTION ( 'NONE',  ( 1.000000000000000000, 0.000000000000000000, 0.000000000000000000 ) ) ;
#2327 = CARTESIAN_POINT ( 'NONE',  ( 8.966662445443054352, 37.42840340034360480, 307.1936396950424069 ) ) ;
#2328 = CARTESIAN_POINT ( 'NONE',  ( -48.93205100325172197, 30.65684697914166534, 280.3525527939733024 ) ) ;
#2329 = CARTESIAN_POINT ( 'NONE',  ( 0.000000000000000000, 24.65191137066539895, 4.845070576238386550 ) ) ;
#2330 = CARTESIAN_POINT ( 'NONE',  ( -0.000000000000000000, 32.97614696115862643, 374.1471278626320327 ) ) ;
#2331 = CARTESIAN_POINT ( 'NONE',  ( -5.186880270822276984, 30.10214234105331244, 369.1810876862072064 ) ) ;
#2332 = CARTESIAN_POINT ( 'NONE',  ( 1.770265347451751792, 34.53090243992399877, 338.9848596868718005 ) ) ;
#2333 = EDGE_LOOP ( 'NONE', ( #6356, #4965, #5587, #46 ) ) ;
#2334 = CARTESIAN_POINT ( 'NONE',  ( 47.83678431583805946, 23.77091618969569353, 317.6044795572688599 ) ) ;
#2335 = CARTESIAN_POINT ( 'NONE',  ( -8.092924293943978498, 38.06769951107776251, 305.6815993732130323 ) ) ;
#2336 = CARTESIAN_POINT ( 'NONE',  ( 17.00747521142071861, 35.91370042817539598, 314.9693833545690040 ) ) ;
#2337 = CARTESIAN_POINT ( 'NONE',  ( 1.003294345898726236, 37.16042184082672861, 334.4493103031246051 ) ) ;
#2338 = PLANE ( 'NONE',  #1422 ) ;
#2339 = CARTESIAN_POINT ( 'NONE',  ( -7.677570783041954172, 42.64727743031144058, 237.3989805168060059 ) ) ;
#2340 = CARTESIAN_POINT ( 'NONE',  ( -150.0000000000000000, 15.08964599839784171, 317.3683508197350989 ) ) ;
#2341 = CARTESIAN_POINT ( 'NONE',  ( -2.193146094589796480, -8.722081592724736154, 555.0729705871741544 ) ) ;
#2342 = VECTOR ( 'NONE', #6610, 1000.000000000000000 ) ;
#2343 = CARTESIAN_POINT ( 'NONE',  ( -1.858367448604092198, 37.11050021711579205, 317.0710829063515916 ) ) ;
#2344 = CARTESIAN_POINT ( 'NONE',  ( -13.31731313304985065, 38.32335583300963577, 331.1613580124958389 ) ) ;
#2345 = CARTESIAN_POINT ( 'NONE',  ( -3.066662445442834173, 44.45300068828722573, 263.9480980988759597 ) ) ;
#2346 = CARTESIAN_POINT ( 'NONE',  ( 5.605987860091153685, 40.43295439781875444, 280.4313541022557388 ) ) ;
#2347 = VECTOR ( 'NONE', #4620, 1000.000000000000000 ) ;
#2348 = EDGE_CURVE ( 'NONE', #5353, #6581, #6709, .T. ) ;
#2349 = CARTESIAN_POINT ( 'NONE',  ( 2.020103609511816778, 47.45192383060642527, 205.2836370420775722 ) ) ;
#2350 = CARTESIAN_POINT ( 'NONE',  ( -0.6428975989492843324, 26.62337039412950546, 391.9688226877457851 ) ) ;
#2351 = CARTESIAN_POINT ( 'NONE',  ( 44.79208460059816588, 23.12775989327775505, 331.4493103031248324 ) ) ;
#2352 = CARTESIAN_POINT ( 'NONE',  ( -0.6837793983403717135, 34.53384772165058791, 339.0749075003400321 ) ) ;
#2353 = CARTESIAN_POINT ( 'NONE',  ( -2.983504034819453921, 41.71970135663818979, 263.2762212113416922 ) ) ;
#2354 = ADVANCED_FACE ( 'NONE', ( #5318 ), #3947, .T. ) ;
#2355 = CARTESIAN_POINT ( 'NONE',  ( -150.0000000000000568, 3.860833271709796399, 212.5989338358691612 ) ) ;
#2356 = CARTESIAN_POINT ( 'NONE',  ( -32.01130285209846704, 30.13730342731169998, 319.6549487727014025 ) ) ;
#2357 = CARTESIAN_POINT ( 'NONE',  ( 14.73502825094443835, 41.63300142646055235, 240.3301768421188740 ) ) ;
#2358 = CARTESIAN_POINT ( 'NONE',  ( 20.54659206494643442, 32.52337252265840561, 335.4219580465471040 ) ) ;
#2359 = CARTESIAN_POINT ( 'NONE',  ( 2.737942552675891594, 20.88679572981984478, -7.018861411523644733 ) ) ;
#2360 = DIRECTION ( 'NONE',  ( -1.595576373711320895E-14, -0.07497872682632604480, 0.9971851335251159520 ) ) ;
#2361 = CARTESIAN_POINT ( 'NONE',  ( 42.75445932639104285, 25.75585501620750151, 331.4493103031246051 ) ) ;
#2362 = ORIENTED_EDGE ( 'NONE', *, *, #4355, .T. ) ;
#2363 = ORIENTED_EDGE ( 'NONE', *, *, #2621, .F. ) ;
#2364 = CARTESIAN_POINT ( 'NONE',  ( 13.31731313304985065, 40.34142002891250200, 313.2908567742186392 ) ) ;
#2365 = CARTESIAN_POINT ( 'NONE',  ( -1.855175972608750001, 35.65963942935612607, 329.7255470877130392 ) ) ;
#2366 = CARTESIAN_POINT ( 'NONE',  ( -0.5520737574423627558, 27.84622870540719575, 384.9033848150681365 ) ) ;
#2367 = CARTESIAN_POINT ( 'NONE',  ( 0.7204145174469555046, 36.60682565458875359, 321.6905020490284528 ) ) ;
#2368 = CARTESIAN_POINT ( 'NONE',  ( -0.4777722426654275600, 43.87830855511509043, 281.9339774583896769 ) ) ;
#2369 = LINE ( 'NONE', #5085, #7798 ) ;
#2370 = CARTESIAN_POINT ( 'NONE',  ( -30.18941783152123648, 40.27010191830007813, 255.6965442649676277 ) ) ;
#2371 = CARTESIAN_POINT ( 'NONE',  ( 26.84291305568621766, 21.64135502705829950, 20.87972938593452810 ) ) ;
#2372 = CARTESIAN_POINT ( 'NONE',  ( 0.7315842355799940799, -9.573308037895744249, 557.6533037653249494 ) ) ;
#2373 = CARTESIAN_POINT ( 'NONE',  ( 2.485806971397998666, 32.39191281423320845, 354.5110577072651949 ) ) ;
#2374 = EDGE_LOOP ( 'NONE', ( #2462, #4234, #2536, #7136 ) ) ;
#2375 = CARTESIAN_POINT ( 'NONE',  ( 1.858505633884755870, 37.16668506961620722, 316.5574293937143011 ) ) ;
#2376 = CARTESIAN_POINT ( 'NONE',  ( -28.80705079834550020, 32.11642083250423951, 314.6790193203626700 ) ) ;
#2377 = CARTESIAN_POINT ( 'NONE',  ( 30.42241396816512378, 31.39279703006215527, 314.7708788267984232 ) ) ;
#2378 = CARTESIAN_POINT ( 'NONE',  ( 30.08264010221168050, 16.89688008341986958, 396.2239614168197477 ) ) ;
#2379 = DIRECTION ( 'NONE',  ( 0.000000000000000000, 1.000000000000000000, 0.000000000000000000 ) ) ;
#2380 = FACE_OUTER_BOUND ( 'NONE', #303, .T. ) ;
#2381 = CARTESIAN_POINT ( 'NONE',  ( 1.436093927849406482, 36.00353229043267334, 354.6852225388742568 ) ) ;
#2382 = DIRECTION ( 'NONE',  ( 0.000000000000000000, 0.1897509006088692884, -0.9818322645534331983 ) ) ;
#2383 = CARTESIAN_POINT ( 'NONE',  ( -0.7212903503676697525, 37.12290093295501947, 317.0574880420298314 ) ) ;
#2384 = CARTESIAN_POINT ( 'NONE',  ( 1.649037557037112522, 25.94552207819153722, 415.5304132493203042 ) ) ;
#2385 = FACE_OUTER_BOUND ( 'NONE', #2835, .T. ) ;
#2386 = ORIENTED_EDGE ( 'NONE', *, *, #473, .F. ) ;
#2387 = CARTESIAN_POINT ( 'NONE',  ( 39.86522937409064582, 29.58389056696449870, 291.6768775190662950 ) ) ;
#2388 = CARTESIAN_POINT ( 'NONE',  ( 16.66315168157811755, 45.58974530259764180, 211.4847522036016585 ) ) ;
#2389 = CARTESIAN_POINT ( 'NONE',  ( -33.26000783615020140, 17.77096353733266554, 386.0625510995611194 ) ) ;
#2390 = CARTESIAN_POINT ( 'NONE',  ( -8.947225005317532620, 37.77617864509848289, 307.6139011132675023 ) ) ;
#2391 = CARTESIAN_POINT ( 'NONE',  ( -0.03573785354775644435, 34.53153061319274997, 339.1266178770478064 ) ) ;
#2392 = DIRECTION ( 'NONE',  ( -0.000000000000000000, 0.9971851335251159520, 0.07497872682632604480 ) ) ;
#2393 = CARTESIAN_POINT ( 'NONE',  ( -149.9999999999999716, 10.35078035734875535, 226.4890547709782993 ) ) ;
#2394 = CARTESIAN_POINT ( 'NONE',  ( -47.83101689446884563, 23.57708041821873124, 319.2981388624024248 ) ) ;
#2395 = CARTESIAN_POINT ( 'NONE',  ( 33.05275573680049916, 15.21329512459912081, 396.9679820428511903 ) ) ;
#2396 = AXIS2_PLACEMENT_3D ( 'NONE', #3337, #4162, #1302 ) ;
#2397 = CARTESIAN_POINT ( 'NONE',  ( 25.57091559316708640, 31.40128677424906201, 331.3838776263381192 ) ) ;
#2398 = CARTESIAN_POINT ( 'NONE',  ( -75.08352271041381698, 23.83992530242385399, 133.1794009662679912 ) ) ;
#2399 = CARTESIAN_POINT ( 'NONE',  ( 0.8067805704858665994, 44.80554920341130298, 261.3537278318257790 ) ) ;
#2400 = CARTESIAN_POINT ( 'NONE',  ( -42.75445932639104285, 25.75585501620750151, 328.4493103031245482 ) ) ;
#2401 = ORIENTED_EDGE ( 'NONE', *, *, #3737, .T. ) ;
#2402 = EDGE_LOOP ( 'NONE', ( #2522, #5051, #2919, #1756, #2114, #5399 ) ) ;
#2403 = CARTESIAN_POINT ( 'NONE',  ( 42.82036082025610568, 33.85106947388772625, 320.0000000000000568 ) ) ;
#2404 = VECTOR ( 'NONE', #2382, 1000.000000000000114 ) ;
#2405 = ADVANCED_FACE ( 'NONE', ( #4692 ), #2574, .F. ) ;
#2406 = CARTESIAN_POINT ( 'NONE',  ( 0.000000000000000000, -1.100564968850144654, 529.4234485653213369 ) ) ;
#2407 = CARTESIAN_POINT ( 'NONE',  ( -8.048598006251260983, 34.95329076604843976, 333.2222296153859702 ) ) ;
#2408 = CARTESIAN_POINT ( 'NONE',  ( 13.44711095616327867, 25.68539623579760445, 387.3161604682388202 ) ) ;
#2409 = CARTESIAN_POINT ( 'NONE',  ( 30.39606974471019285, 30.66616984347001562, 321.2719717701688182 ) ) ;
#2410 = CARTESIAN_POINT ( 'NONE',  ( -0.8975805891234424072, 43.82006137336691864, 282.5612626698686540 ) ) ;
#2411 = VECTOR ( 'NONE', #8857, 1000.000000000000000 ) ;
#2412 = DIRECTION ( 'NONE',  ( 6.590423098898467265E-17, -0.9971851335251159520, -0.07497872682632604480 ) ) ;
#2413 = CARTESIAN_POINT ( 'NONE',  ( -47.78858919189465126, 31.70768838674209533, 271.9669597133244565 ) ) ;
#2414 = CARTESIAN_POINT ( 'NONE',  ( 11.32133923080468918, 30.04935886603911399, 33.43650446410281063 ) ) ;
#2415 = ADVANCED_FACE ( 'NONE', ( #2531 ), #5833, .T. ) ;
#2416 = CYLINDRICAL_SURFACE ( 'NONE', #6807, 1.000000000000000888 ) ;
#2417 = CARTESIAN_POINT ( 'NONE',  ( 19.60502923838476264, 30.51564062115853559, 350.7689629438090151 ) ) ;
#2418 = CARTESIAN_POINT ( 'NONE',  ( -2.696451919796043484, 24.93304462574336711, 5.026147061896571344 ) ) ;
#2419 = ORIENTED_EDGE ( 'NONE', *, *, #432, .T. ) ;
#2420 = B_SPLINE_CURVE_WITH_KNOTS ( 'NONE', 3,
 ( #6160, #8908, #8219, #2063, #5670, #4142 ),
 .UNSPECIFIED., .F., .F.,
 ( 4, 2, 4 ),
 ( 0.000000000000000000, 0.0004500830367122018484, 0.0009001660734244036968 ),
 .UNSPECIFIED. ) ;
#2421 = CARTESIAN_POINT ( 'NONE',  ( -0.3916479324336641921, 31.31035724141339216, 362.6069300135180242 ) ) ;
#2422 = CARTESIAN_POINT ( 'NONE',  ( -27.23420792418109926, 32.79067646775324363, 314.5863744919167857 ) ) ;
#2423 = CARTESIAN_POINT ( 'NONE',  ( 10.60281650307462087, 36.59589240618842609, 317.6804871616458286 ) ) ;
#2424 = CARTESIAN_POINT ( 'NONE',  ( 12.87452631578970319, 36.63172168510065774, 314.8174595773630813 ) ) ;
#2425 = DIRECTION ( 'NONE',  ( 1.000000000000000000, 0.000000000000000000, 0.000000000000000000 ) ) ;
#2426 = LINE ( 'NONE', #4509, #3001 ) ;
#2427 = CARTESIAN_POINT ( 'NONE',  ( 1.770499738513268140, 44.69895513508750184, 261.6972011268148890 ) ) ;
#2428 = CARTESIAN_POINT ( 'NONE',  ( -1.661913757546996440, 42.51371960543011141, 298.3404751548967511 ) ) ;
#2429 = DIRECTION ( 'NONE',  ( 0.000000000000000000, 1.000000000000000000, -0.000000000000000000 ) ) ;
#2430 = CARTESIAN_POINT ( 'NONE',  ( -1.484400781209343378, 37.05968530741579769, 317.5805599710440106 ) ) ;
#2431 = CARTESIAN_POINT ( 'NONE',  ( 0.4786979759498021236, 36.01088700303149182, 354.5695205588957037 ) ) ;
#2432 = CARTESIAN_POINT ( 'NONE',  ( -2.096697974152327060, 45.29728660143143770, 261.2131386106781861 ) ) ;
#2433 = ORIENTED_EDGE ( 'NONE', *, *, #3637, .T. ) ;
#2434 = CARTESIAN_POINT ( 'NONE',  ( 4.889674602125152703, 40.48209147113491468, 280.2938432058057288 ) ) ;
#2435 = CARTESIAN_POINT ( 'NONE',  ( 40.64279130071612656, 19.78146202829371347, 391.0697883059202695 ) ) ;
#2436 = CARTESIAN_POINT ( 'NONE',  ( 1.612602634505046817, 43.87528884070996327, 281.6743576274753877 ) ) ;
#2437 = CARTESIAN_POINT ( 'NONE',  ( 87.16474666623552991, -18.22885969961632213, 41.61352295269925605 ) ) ;
#2438 = CARTESIAN_POINT ( 'NONE',  ( -2.575276621184612036E-14, 35.46042503095549847, 331.4493103031279588 ) ) ;
#2439 = CARTESIAN_POINT ( 'NONE',  ( -149.9999999999998295, 12.15754626088404500, 232.9814987402332633 ) ) ;
#2440 = CARTESIAN_POINT ( 'NONE',  ( -2.895088418940286346, 43.85143856313013799, 281.5000559509302889 ) ) ;
#2441 = CARTESIAN_POINT ( 'NONE',  ( -6.106235803148739372, 36.68792110069141188, 319.6318842369614117 ) ) ;
#2442 = PLANE ( 'NONE',  #963 ) ;
#2443 = CARTESIAN_POINT ( 'NONE',  ( 0.1293697170081288261, 34.68856950769134073, 337.6686606080567685 ) ) ;
#2444 = CARTESIAN_POINT ( 'NONE',  ( 0.8988173065986810872, 24.74562245569138952, 4.905429404791115111 ) ) ;
#2445 = DIRECTION ( 'NONE',  ( 1.000000000000000000, 0.000000000000000000, 0.000000000000000000 ) ) ;
#2446 = CARTESIAN_POINT ( 'NONE',  ( 1.776607088420195879, 44.70005074056442140, 261.6817871869837404 ) ) ;
#2447 = VERTEX_POINT ( 'NONE', #8564 ) ;
#2448 = CARTESIAN_POINT ( 'NONE',  ( -1.405829426733955057, 31.31104156388834525, 362.3699920383414792 ) ) ;
#2449 = CARTESIAN_POINT ( 'NONE',  ( 42.82036082025610568, 34.45865616707600765, 314.7613887647807474 ) ) ;
#2450 = CARTESIAN_POINT ( 'NONE',  ( -10.87137964986494865, 12.27380154565681281, 466.5267389959417415 ) ) ;
#2451 = CARTESIAN_POINT ( 'NONE',  ( -20.57488733737019615, 32.98606457870281616, 331.9950276550997614 ) ) ;
#2452 = CARTESIAN_POINT ( 'NONE',  ( 0.2432650220792597906, 25.37337002378804129, 399.1412572816437319 ) ) ;
#2453 = CARTESIAN_POINT ( 'NONE',  ( 47.83101454649960260, 23.53774462849476734, 319.6357998027395979 ) ) ;
#2454 = CARTESIAN_POINT ( 'NONE',  ( -0.4768778034923482623, 43.82595176198701381, 282.5822828858514413 ) ) ;
#2455 = CARTESIAN_POINT ( 'NONE',  ( -3.066662445442833729, 44.45300068828721152, 263.9480980988757892 ) ) ;
#2456 = EDGE_CURVE ( 'NONE', #5264, #2126, #4320, .T. ) ;
#2457 = CARTESIAN_POINT ( 'NONE',  ( 3.066662445442837726, 44.01022151745220157, 279.3869481548268823 ) ) ;
#2458 = CARTESIAN_POINT ( 'NONE',  ( 55.92567994943940590, 5.748511191116895347, 218.7264803032683460 ) ) ;
#2459 = CARTESIAN_POINT ( 'NONE',  ( 2.545275847175124895, 43.40477166021896949, 280.9346450211577348 ) ) ;
#2460 = CARTESIAN_POINT ( 'NONE',  ( -0.08190062001682640869, 32.39836071626905323, 354.8281293385397248 ) ) ;
#2461 = CARTESIAN_POINT ( 'NONE',  ( 12.32604656146385480, 7.066535420415203994, -30.82130669073084661 ) ) ;
#2462 = ORIENTED_EDGE ( 'NONE', *, *, #6876, .T. ) ;
#2463 = ADVANCED_FACE ( 'NONE', ( #5246 ), #3756, .T. ) ;
#2464 = CARTESIAN_POINT ( 'NONE',  ( 37.07761589126949531, 23.23002758354979491, 351.0560831061801537 ) ) ;
#2465 = CARTESIAN_POINT ( 'NONE',  ( -17.19519493366196272, 37.51767447430400892, 298.8774979522936519 ) ) ;
#2466 = CARTESIAN_POINT ( 'NONE',  ( 6.777879465392149250, 36.93033614899326977, 317.1356807802314961 ) ) ;
#2467 = CARTESIAN_POINT ( 'NONE',  ( 25.62121469113575500, 33.31576554808324886, 315.3556336841583629 ) ) ;
#2468 = CARTESIAN_POINT ( 'NONE',  ( 17.56274880224917467, 23.47543707398549628, 409.0485219192503337 ) ) ;
#2469 = ADVANCED_FACE ( 'NONE', ( #1173 ), #2442, .F. ) ;
#2470 = CARTESIAN_POINT ( 'NONE',  ( 7.500000000000000000, 23.24985801873180691, 413.0240909614261113 ) ) ;
#2471 = CARTESIAN_POINT ( 'NONE',  ( 15.70536165350128854, 34.22018547469862426, 331.4493103031248324 ) ) ;
#2472 = CARTESIAN_POINT ( 'NONE',  ( 0.000000000000000000, 23.07731326548116613, 429.8900929289059150 ) ) ;
#2473 = CARTESIAN_POINT ( 'NONE',  ( -15.58462099615025132, 37.72181005531398768, 331.4493103031246051 ) ) ;
#2474 = CARTESIAN_POINT ( 'NONE',  ( -4.042248915920367835, 37.22373558533281113, 315.5743626547416625 ) ) ;
#2475 = CARTESIAN_POINT ( 'NONE',  ( -47.31906922256365533, 16.80001900358779210, 316.1413866361843361 ) ) ;
#2476 = PLANE ( 'NONE',  #6440 ) ;
#2477 = ORIENTED_EDGE ( 'NONE', *, *, #7244, .F. ) ;
#2478 = CARTESIAN_POINT ( 'NONE',  ( 0.4958319903619184399, 40.68534570613873314, 279.5664340229317304 ) ) ;
#2479 = AXIS2_PLACEMENT_3D ( 'NONE', #4, #2762, #5514 ) ;
#2480 = AXIS2_PLACEMENT_3D ( 'NONE', #2361, #6384, #6425 ) ;
#2481 = CARTESIAN_POINT ( 'NONE',  ( -1.056736817095856207, 28.61635723899053474, 400.7706135039534843 ) ) ;
#2482 = CARTESIAN_POINT ( 'NONE',  ( -8.352959341426096529, 37.67888383943964925, 309.0463018841575717 ) ) ;
#2483 = CARTESIAN_POINT ( 'NONE',  ( 0.2430473675351488561, 35.53071989827463284, 330.8729260383776705 ) ) ;
#2484 = CARTESIAN_POINT ( 'NONE',  ( 1.899608738344740866, 43.82131526885494566, 282.2587569272807286 ) ) ;
#2485 =( GEOMETRIC_REPRESENTATION_CONTEXT ( 3 ) GLOBAL_UNCERTAINTY_ASSIGNED_CONTEXT ( ( #5611 ) ) GLOBAL_UNIT_ASSIGNED_CONTEXT ( ( #4026, #1310, #5472 ) ) REPRESENTATION_CONTEXT ( 'NONE', 'WORKASPACE' ) );
#2486 = CARTESIAN_POINT ( 'NONE',  ( -55.92567994943940590, 5.748511191116895347, 218.7264803032683460 ) ) ;
#2487 = CARTESIAN_POINT ( 'NONE',  ( -33.03633095656161345, 17.14605233795703043, 389.0746662281788417 ) ) ;
#2488 = CARTESIAN_POINT ( 'NONE',  ( -16.99571453683682165, 35.50338626785883633, 318.7048082307198911 ) ) ;
#2489 = CARTESIAN_POINT ( 'NONE',  ( 0.1957552123677346045, 43.30253607754875844, 235.2258842669241119 ) ) ;
#2490 = CARTESIAN_POINT ( 'NONE',  ( 31.97301946465162814, 28.36279907524660615, 333.5913966861671156 ) ) ;
#2491 = CARTESIAN_POINT ( 'NONE',  ( 0.000000000000000000, 34.15347802815850997, 41.94911547631893001 ) ) ;
#2492 = CARTESIAN_POINT ( 'NONE',  ( 0.08411748572938995694, 22.82817946053910418, 413.2987206337842281 ) ) ;
#2493 = CARTESIAN_POINT ( 'NONE',  ( 0.4666624454428923707, 110.3999999999999773, 261.3537278318258927 ) ) ;
#2494 = VERTEX_POINT ( 'NONE', #7977 ) ;
#2495 = CARTESIAN_POINT ( 'NONE',  ( -25.90706125550044092, 27.60219853109420640, 355.2718805992783473 ) ) ;
#2496 = CARTESIAN_POINT ( 'NONE',  ( -1.788897586348170865, 20.19855326254756278, 444.2540033977297185 ) ) ;
#2497 = CARTESIAN_POINT ( 'NONE',  ( -2.463040405063526617, 2.764101418705058322, 515.2409785199594126 ) ) ;
#2498 = CARTESIAN_POINT ( 'NONE',  ( -38.96693784260894944, 26.45460101605658210, 324.0186453279000602 ) ) ;
#2499 = CARTESIAN_POINT ( 'NONE',  ( -0.2745486297011840993, 25.38130894042846819, 399.2007688516723647 ) ) ;
#2500 = CARTESIAN_POINT ( 'NONE',  ( 0.5276448955326490386, 36.37434834367294911, 323.7306627255210287 ) ) ;
#2501 = CARTESIAN_POINT ( 'NONE',  ( -3.066662445442833729, 44.01022151745222999, 279.3869481548266549 ) ) ;
#2502 = DIRECTION ( 'NONE',  ( -1.000000000000000000, 0.000000000000000000, 0.000000000000000000 ) ) ;
#2503 = DIRECTION ( 'NONE',  ( 0.000000000000000000, -0.07497872682632604480, 0.9971851335251159520 ) ) ;
#2504 = CARTESIAN_POINT ( 'NONE',  ( -2.650316221447130527, 28.51110833786872334, 17.25647961524052931 ) ) ;
#2505 = CARTESIAN_POINT ( 'NONE',  ( 2.998894493888414559, 43.40477166021896949, 280.0191164537584996 ) ) ;
#2506 = CARTESIAN_POINT ( 'NONE',  ( 9.038935942379033861, 44.65478929440413225, 133.3990811073386169 ) ) ;
#2507 = EDGE_LOOP ( 'NONE', ( #7458, #8195, #673, #1352 ) ) ;
#2508 = ADVANCED_FACE ( 'NONE', ( #4569 ), #2651, .F. ) ;
#2509 = CARTESIAN_POINT ( 'NONE',  ( 1.405829426733955057, 31.31104156388834525, 362.3699920383414792 ) ) ;
#2510 = CARTESIAN_POINT ( 'NONE',  ( -4.842255911471422536, 39.77798111827194560, 288.7163179243639775 ) ) ;
#2511 = CARTESIAN_POINT ( 'NONE',  ( 38.97289126867865861, 27.18964388768311480, 317.8054868175182719 ) ) ;
#2512 = CARTESIAN_POINT ( 'NONE',  ( 2.606725520098999382, 37.26695121161856150, 315.5447551870785219 ) ) ;
#2513 = CARTESIAN_POINT ( 'NONE',  ( -3.066662445442833729, 110.3999999999999773, 263.9480980988757892 ) ) ;
#2514 = DIRECTION ( 'NONE',  ( 0.000000000000000000, 0.000000000000000000, 1.000000000000000000 ) ) ;
#2515 = CARTESIAN_POINT ( 'NONE',  ( -0.01039337678575280588, 60.00000000000000711, 379.4493118462999064 ) ) ;
#2516 = CARTESIAN_POINT ( 'NONE',  ( 1.930653681019943724, 13.87290448054163683, 472.4794235559970730 ) ) ;
#2517 = CARTESIAN_POINT ( 'NONE',  ( 42.75445932639104285, 25.75585501620750151, 334.4493103031246051 ) ) ;
#2518 = EDGE_CURVE ( 'NONE', #6641, #2790, #3757, .T. ) ;
#2519 = CARTESIAN_POINT ( 'NONE',  ( -1.484810246619219454, 37.28510655611633950, 315.5228059591203760 ) ) ;
#2520 = CARTESIAN_POINT ( 'NONE',  ( -5.873798239311764924, 35.98697079100605123, 353.7225482438468589 ) ) ;
#2521 = DIRECTION ( 'NONE',  ( 1.872911856304068683E-14, 0.07497872682632604480, -0.9971851335251159520 ) ) ;
#2522 = ORIENTED_EDGE ( 'NONE', *, *, #5614, .F. ) ;
#2523 = CARTESIAN_POINT ( 'NONE',  ( 7.793981044862587027, 40.85976264080158415, 272.3969498907383695 ) ) ;
#2524 = CARTESIAN_POINT ( 'NONE',  ( 12.86356880811151981, 31.41958604971774349, 377.2397787413708556 ) ) ;
#2525 = CARTESIAN_POINT ( 'NONE',  ( 2.985885189482553326, 43.96129668046593508, 280.0629944241982798 ) ) ;
#2526 = CARTESIAN_POINT ( 'NONE',  ( -1.913171683458406047, -24.72062763175912892, -76.21716178040844625 ) ) ;
#2527 = CARTESIAN_POINT ( 'NONE',  ( 3.958208582359953986, 35.41051481820700531, 331.4493103031246051 ) ) ;
#2528 = CARTESIAN_POINT ( 'NONE',  ( 0.9247670608693169259, 16.13791471914375109, -18.92185757000694935 ) ) ;
#2529 = CARTESIAN_POINT ( 'NONE',  ( -42.75445932639104285, 25.75585501620750151, 334.4493103031246051 ) ) ;
#2530 = CARTESIAN_POINT ( 'NONE',  ( -30.39684208001816756, 30.94454648206953706, 318.8417644469103038 ) ) ;
#2531 = FACE_OUTER_BOUND ( 'NONE', #6887, .T. ) ;
#2532 = CARTESIAN_POINT ( 'NONE',  ( -0.4710613374965889610, 34.68548939295244793, 337.7106459218928194 ) ) ;
#2533 = CARTESIAN_POINT ( 'NONE',  ( -150.0000000000000284, 11.30624670738853510, 229.7266311706955264 ) ) ;
#2534 = DIRECTION ( 'NONE',  ( 1.000000000000000000, 0.000000000000000000, 0.000000000000000000 ) ) ;
#2535 = CARTESIAN_POINT ( 'NONE',  ( 3.066662445442833729, 44.45300068828721152, 263.9480980988757892 ) ) ;
#2536 = ORIENTED_EDGE ( 'NONE', *, *, #5778, .F. ) ;
#2537 = CARTESIAN_POINT ( 'NONE',  ( -28.97746679018209903, 26.46076031759410441, 354.0666403717056596 ) ) ;
#2538 = CARTESIAN_POINT ( 'NONE',  ( 2.005225952241261655, 23.00456069334608245, 429.7794286210721566 ) ) ;
#2539 = AXIS2_PLACEMENT_3D ( 'NONE', #2611, #582, #7474 ) ;
#2540 = CARTESIAN_POINT ( 'NONE',  ( -6.848877587165034697, 9.753616543240035242, 486.0167545655663162 ) ) ;
#2541 = CARTESIAN_POINT ( 'NONE',  ( -27.20210130925716285, 31.64096457112983884, 324.6400045116122328 ) ) ;
#2542 = CARTESIAN_POINT ( 'NONE',  ( 12.49871740824440280, 25.82570833542449407, 387.8117143849872832 ) ) ;
#2543 = CARTESIAN_POINT ( 'NONE',  ( 0.3349409227980088000, 36.60807506162974789, 321.6944177351070380 ) ) ;
#2544 = CARTESIAN_POINT ( 'NONE',  ( 33.03633095656152818, 17.08810814811356593, 389.0746662281788417 ) ) ;
#2545 = CARTESIAN_POINT ( 'NONE',  ( 5.464736131126167074, 41.96189170896330012, 256.6579692524757093 ) ) ;
#2546 = CARTESIAN_POINT ( 'NONE',  ( -44.79208460059819430, 26.80341731187045440, 331.4493103031246619 ) ) ;
#2547 = CARTESIAN_POINT ( 'NONE',  ( -3.739688976175321145, 25.97743121511275532, 413.6962177078002014 ) ) ;
#2548 = VECTOR ( 'NONE', #2646, 1000.000000000000000 ) ;
#2549 = CARTESIAN_POINT ( 'NONE',  ( -2.600022395107888684, 31.67003230040083039, 29.63291989188160258 ) ) ;
#2550 = VERTEX_POINT ( 'NONE', #329 ) ;
#2551 = AXIS2_PLACEMENT_3D ( 'NONE', #93, #8377, #2851 ) ;
#2552 = CARTESIAN_POINT ( 'NONE',  ( -45.82574550216660469, 27.51859052923307658, 322.9667380103297774 ) ) ;
#2553 = CARTESIAN_POINT ( 'NONE',  ( 33.81172319317720820, 25.53260306295540616, 346.3453757413150242 ) ) ;
#2554 = CARTESIAN_POINT ( 'NONE',  ( -8.245981321768955041, 39.51685301690606877, 289.2665964086975805 ) ) ;
#2555 = CARTESIAN_POINT ( 'NONE',  ( 42.93792577039912572, 25.41093716786309642, 318.2273617058631885 ) ) ;
#2556 = CARTESIAN_POINT ( 'NONE',  ( 0.01039337678575912548, 26.16357771467291116, 413.8493118463000542 ) ) ;
#2557 = CARTESIAN_POINT ( 'NONE',  ( -0.9083467764549775225, 45.36917148196623373, 260.8116144115488737 ) ) ;
#2558 = CARTESIAN_POINT ( 'NONE',  ( 2.609545860612856760, 45.25221956667613910, 261.5791118851552710 ) ) ;
#2559 = CARTESIAN_POINT ( 'NONE',  ( 0.5725577439240580047, 23.09808650977305433, 429.9216912165479130 ) ) ;
#2560 = CARTESIAN_POINT ( 'NONE',  ( -22.15935242527341131, 23.89324989498049945, 382.2328294187187794 ) ) ;
#2561 = DIRECTION ( 'NONE',  ( 2.791794712115605328E-13, 0.06238125841852404374, -0.9980523927119866467 ) ) ;
#2562 = VECTOR ( 'NONE', #3423, 1000.000000000000000 ) ;
#2563 = CARTESIAN_POINT ( 'NONE',  ( -27.21531696347633300, 32.51550593342485485, 317.1226058798776535 ) ) ;
#2564 = CARTESIAN_POINT ( 'NONE',  ( -52.26163914926329568, 6.411420321105841147, 377.3440233945722184 ) ) ;
#2565 = CARTESIAN_POINT ( 'NONE',  ( -2.609545860602247469, 45.25221956667663648, 261.5791118851551005 ) ) ;
#2566 = ORIENTED_EDGE ( 'NONE', *, *, #3846, .F. ) ;
#2567 = CARTESIAN_POINT ( 'NONE',  ( 4.115109540754674278, 39.81623869869475385, 288.6084178056468659 ) ) ;
#2568 = DIRECTION ( 'NONE',  ( -6.590423098898467265E-17, 0.9971851335251159520, 0.07497872682632604480 ) ) ;
#2569 = ADVANCED_FACE ( 'NONE', ( #3082 ), #3800, .T. ) ;
#2570 = CARTESIAN_POINT ( 'NONE',  ( -0.4709684984625378545, 40.21920836791927201, 320.0003648965263210 ) ) ;
#2571 = CARTESIAN_POINT ( 'NONE',  ( 2.408981604522188569, 43.90119981355269374, 281.0724097935745363 ) ) ;
#2572 = ORIENTED_EDGE ( 'NONE', *, *, #3361, .F. ) ;
#2573 = CARTESIAN_POINT ( 'NONE',  ( -3.179934549025832169, 35.50845798517548246, 330.7014595289742829 ) ) ;
#2574 = B_SPLINE_SURFACE_WITH_KNOTS ( 'NONE', 3, 3, ( 
 ( #8775, #8923, #41, #2079, #5554, #8823, #6758, #4741, #764, #1250, #4879, #6943, #720, #3384, #8283, #2125, #8142, #5506, #2607, #2753, #6037, #8189, #7612, #579, #8233, #1394, #3332, #2032, #1445, #7516, #6083, #5363, #6130, #8874, #7562, #2656, #8097, #1936, #5412, #1985, #4786, #7470, #1298 ),
 ( #4063, #1347, #6805, #2704, #5462, #4113, #4158, #6851, #672, #3427, #6179, #4832, #6899, #3473, #6224, #2332, #261, #3014, #5768, #8373, #5645, #8330, #6439, #8498, #89, #5049, #5090, #219, #4289, #6316, #5726, #3607, #6355, #2971, #1487, #2846, #5687, #7820, #4964, #7024, #2890, #2207, #2931 ),
 ( #8457, #849, #3519, #1655, #3691, #3648, #4416, #889, #6271, #7066, #7149, #5600, #7696, #5005, #2166, #1529, #2293, #7654, #4248, #4924, #1572, #6984, #806, #3563, #7109, #7777, #175, #133, #1613, #8415, #4376, #2248, #7735, #932, #6400, #4334, #7902, #7277, #4458, #1739, #302, #343, #5894 ),
 ( #5851, #6566, #388, #8540, #7948, #2460, #8582, #4500, #1101, #3864, #975, #1057, #1785, #3142, #4544, #1699, #2373, #1012, #3733, #5132, #6480, #3053, #5809, #7232, #7860, #7190, #3816, #3772, #6523, #3098, #2417, #5176, #8626, #5219, #7906, #6655, #5940, #5265, #1742, #2553, #8674, #7367, #6613 ),
 ( #436, #2421, #3961, #480, #5180, #4592, #1928, #8630, #7323, #4504, #3187, #1195, #3100, #3232, #2509, #5310, #8042, #7235, #8767, #6700, #7998, #3913, #7415, #4683, #346, #5982, #523, #1881, #6027, #393, #1060, #5222, #1240, #3820, #5355, #6525, #3276, #1107, #2599, #8088, #2464, #8717, #5853 ),
 ( #1834, #8585, #7280, #6569, #4547, #1150, #4636, #3145, #5897, #7953, #1788, #3867, #6843, #5546, #4055, #5591, #8322, #5404, #7462, #2744, #4915, #3375, #2838, #755, #3510, #6263, #8866, #6122, #8815, #6934, #81, #571, #8275, #2158, #711, #4778, #6797, #6215, #4105, #664, #3464, #1975, #3324 ),
 ( #5453, #7508, #2695, #8180, #3419, #6891, #1290, #33, #1338, #4008, #7645, #4197, #4149, #6748, #1386, #6075, #7553, #2647, #8133, #2024, #5498, #4732, #6170, #2792, #617, #8914, #8225, #2070, #4824, #2117, #4870, #7604, #1437, #7100, #798, #2923, #5801, #2882, #1478, #2962, #3555, #3682, #1647 ),
 ( #2366, #8448, #8533, #5678, #6392, #5718, #5125, #4282, #6976, #294, #3006, #125, #252, #5760, #7058, #4239, #6307, #5637, #7140, #4997, #881, #8365, #2197, #6430, #3639, #2324, #1564, #965, #1522, #4955, #3046, #3726, #8490, #8406, #7017, #4325, #4408, #4367, #6473, #2285, #210, #5081, #7687 ),
 ( #842, #7812, #5041, #3600, #6348, #2239, #167, #7727, #7769, #1605, #924, #8757, #1732, #1094, #7853, #5929, #6604, #7314, #1777, #3856, #7224, #3809, #1050, #426, #8575, #4450, #2542, #2408, #381, #3176, #3765, #4492, #6515, #337, #7987, #7270, #8664, #5168, #3265, #1006, #6559, #8618, #3134 ),
 ( #6017, #3091, #7894, #2499, #2589, #5886, #6690, #4627, #7357, #1184, #2452, #5212, #5844, #1871, #3950, #7183, #468, #514, #4580, #7939, #4537, #1141, #5256, #1690, #1821, #3903, #6646, #3222, #5973, #8708, #5301, #8033, #4187, #6879, #3996, #4139, #701, #2013, #747, #3501, #8077, #2108, #8853 ),
 ( #6737, #1377, #4768, #6206, #5440, #4861, #5391, #1915, #6926, #7593, #3454, #6786, #8122, #8170, #5537, #8216, #1426, #6834, #4094, #7544, #560, #3409, #2683, #6254, #24, #655, #8265, #73, #3364, #2783, #2636, #4720, #5344, #4671, #7402, #1962, #7498, #1229, #6157, #8904, #4814, #1327, #2734 ),
 ( #3314, #6064, #7453, #8803, #1279, #2060, #4043, #5489, #607, #6112, #1468, #832, #1555, #4987, #5072, #4316, #3546, #2315, #2912, #5667, #4358, #2873, #4398, #7130, #4229, #6296, #7047, #3715, #2188, #1636, #8482, #7801, #954, #7678, #4946, #7636, #5752, #6464, #8311, #7090, #2829, #8437, #3591 ),
 ( #8395, #2230, #2275, #789, #2150, #7719, #5582, #4272, #6339, #1513, #7008, #871, #5709, #115, #5032, #4904, #157, #7760, #6967, #5627, #8354, #3629, #6380, #200, #2952, #6421, #913, #1596, #3672, #240, #2996, #1811, #370, #5114, #6636, #3166, #7843, #7260, #4616, #2395, #1084, #1678, #3122 ) ),
 .UNSPECIFIED., .F., .F., .F.,
 ( 4, 3, 3, 3, 4 ),
 ( 4, 3, 3, 3, 3, 3, 3, 3, 3, 3, 3, 3, 3, 3, 4 ),
 ( 0.7746101032289681720, 0.7945066358317856015, 0.8144031684346031419, 0.8342997010374205713, 0.8541962336402380007 ),
 ( -0.003022969768455560820, -0.001001590742198681756, 9.098770929757775926E-06, 0.001019788284058197308, 0.005062546336571955435, 0.01314806244159947256, 0.02931909465165450507, 0.06166115907176457356, 0.09400322349187464899, 0.1263452879119847105, 0.1910294167522048614, 0.2557135455924249845, 0.3203976744326451076, 0.3850818032728652307, 0.5144500609533054769 ),
 .UNSPECIFIED. ) ;
#2575 = CARTESIAN_POINT ( 'NONE',  ( 24.54877487504606748, 42.21902366365255688, 255.0493118463000997 ) ) ;
#2576 = CARTESIAN_POINT ( 'NONE',  ( -56.19787954467784630, 2.127072668286307255, 212.5857681456718353 ) ) ;
#2577 = CARTESIAN_POINT ( 'NONE',  ( -48.93205100325172197, 27.03297327124139926, 280.3525527939733024 ) ) ;
#2578 = CARTESIAN_POINT ( 'NONE',  ( -38.96905058286641577, 27.06405258851465234, 318.9121376195507196 ) ) ;
#2579 = CARTESIAN_POINT ( 'NONE',  ( 26.69320656979536110, 37.95122995634738317, 256.0642203508536454 ) ) ;
#2580 = CARTESIAN_POINT ( 'NONE',  ( 0.000000000000000000, 47.06380252744634163, 155.7186040356210128 ) ) ;
#2581 = EDGE_CURVE ( 'NONE', #6806, #8499, #5926, .T. ) ;
#2582 = CARTESIAN_POINT ( 'NONE',  ( 0.5246213013585671048, 22.83912349995607727, 413.3376332280503220 ) ) ;
#2583 = CARTESIAN_POINT ( 'NONE',  ( 1.619881326950989742, 40.46334040654370057, 281.6709375215027080 ) ) ;
#2584 = CARTESIAN_POINT ( 'NONE',  ( -0.4666624454429352253, 40.46684894411222189, 281.9339774583896769 ) ) ;
#2585 = CARTESIAN_POINT ( 'NONE',  ( 0.3916479324336641921, 31.31035724141339216, 362.6069300135180242 ) ) ;
#2586 = CARTESIAN_POINT ( 'NONE',  ( 10.87137964986494865, 12.27380154565681281, 466.5267389959417415 ) ) ;
#2587 = CARTESIAN_POINT ( 'NONE',  ( 1.371592355364178228, 6.821518167627450779, 500.7095233472878135 ) ) ;
#2588 = CARTESIAN_POINT ( 'NONE',  ( 0.2584711261434470830, 36.13723883815722360, 325.7709358893533818 ) ) ;
#2589 = CARTESIAN_POINT ( 'NONE',  ( -0.2212296197909732198, 25.38049057031078348, 399.1949222899712595 ) ) ;
#2590 = CARTESIAN_POINT ( 'NONE',  ( 28.77510583977787562, 30.98507946161738857, 324.5532481187169083 ) ) ;
#2591 = CARTESIAN_POINT ( 'NONE',  ( 0.4861683123314623489, 45.35034098734977448, 261.3537278318258927 ) ) ;
#2592 = CARTESIAN_POINT ( 'NONE',  ( 5.464712794160139886, 41.94907476696410953, 256.8909986606661278 ) ) ;
#2593 = LINE ( 'NONE', #6790, #3137 ) ;
#2594 = CARTESIAN_POINT ( 'NONE',  ( 0.4666624454429352253, 43.40477166021896949, 281.9339774583896769 ) ) ;
#2595 = ORIENTED_EDGE ( 'NONE', *, *, #8676, .T. ) ;
#2596 = CARTESIAN_POINT ( 'NONE',  ( -0.8486857927523446810, 34.25527520538206261, 42.00482374486006165 ) ) ;
#2597 = EDGE_LOOP ( 'NONE', ( #1300, #3416, #6743, #1947 ) ) ;
#2598 = PLANE ( 'NONE',  #1102 ) ;
#2599 = CARTESIAN_POINT ( 'NONE',  ( 32.10155984561527731, 25.23265915201381659, 352.8612321787238670 ) ) ;
#2600 = CARTESIAN_POINT ( 'NONE',  ( 0.2965470838997509295, 39.96836686579619169, 288.0436010917597400 ) ) ;
#2601 = CARTESIAN_POINT ( 'NONE',  ( 18.86544375553505404, 35.22987119829011959, 317.3458094155881213 ) ) ;
#2602 = CARTESIAN_POINT ( 'NONE',  ( 8.662785577371373336, 37.70513593190937485, 308.5484574015777071 ) ) ;
#2603 = CARTESIAN_POINT ( 'NONE',  ( 1.909807904606792395, 45.31129668204820149, 261.1137505641831922 ) ) ;
#2604 = CARTESIAN_POINT ( 'NONE',  ( 87.29032237503307101, -21.66930983638621200, 38.08868808560211505 ) ) ;
#2605 = CARTESIAN_POINT ( 'NONE',  ( -39.35302601131734690, 13.53690614029605221, 413.1562519541586767 ) ) ;
#2606 = CARTESIAN_POINT ( 'NONE',  ( 0.08898709294593379338, 27.84333981594092933, 384.8453371852599503 ) ) ;
#2607 = CARTESIAN_POINT ( 'NONE',  ( 3.855949424156257965, 35.49057775053647390, 330.6644315794656563 ) ) ;
#2608 = B_SPLINE_CURVE_WITH_KNOTS ( 'NONE', 3,
 ( #5914, #3839, #2620, #1169, #5959, #411 ),
 .UNSPECIFIED., .F., .F.,
 ( 4, 2, 4 ),
 ( 0.3406522066182079422, 0.3749861814444121477, 0.4093201562706163532 ),
 .UNSPECIFIED. ) ;
#2609 = CARTESIAN_POINT ( 'NONE',  ( -47.83678431583804525, 23.77091618969568998, 317.6044795572688031 ) ) ;
#2610 = CARTESIAN_POINT ( 'NONE',  ( 1.860595957264360667, 17.11377713728215255, 458.4002198587525072 ) ) ;
#2611 = CARTESIAN_POINT ( 'NONE',  ( -5.464712794160148768, 189.1210325244939554, 267.9569137512659722 ) ) ;
#2612 = ORIENTED_EDGE ( 'NONE', *, *, #2916, .F. ) ;
#2613 = CARTESIAN_POINT ( 'NONE',  ( 1.487034957958355941, 39.19877830003005670, 296.7846837923914904 ) ) ;
#2614 = CARTESIAN_POINT ( 'NONE',  ( -0.1407168355443821905, 44.79795794199171155, 261.3537278318255517 ) ) ;
#2615 = CARTESIAN_POINT ( 'NONE',  ( -0.4327884286337586039, 42.92556899380686986, 244.3098010091405001 ) ) ;
#2616 = CARTESIAN_POINT ( 'NONE',  ( 0.000000000000000000, 38.87860893774676185, 331.9800661568619944 ) ) ;
#2617 = LINE ( 'NONE', #8152, #51 ) ;
#2618 = ORIENTED_EDGE ( 'NONE', *, *, #6173, .F. ) ;
#2619 = CARTESIAN_POINT ( 'NONE',  ( 28.66915185648158726, -24.29590384187719465, -55.07514469556929271 ) ) ;
#2620 = CARTESIAN_POINT ( 'NONE',  ( 2.543131720836312285E-14, 32.54850714225273833, 354.1166953649021707 ) ) ;
#2621 = EDGE_CURVE ( 'NONE', #3338, #8131, #8608, .T. ) ;
#2622 = CARTESIAN_POINT ( 'NONE',  ( -9.650457210473206260, 42.47422119080876257, 108.3197917343866408 ) ) ;
#2623 = CARTESIAN_POINT ( 'NONE',  ( -46.72257249160163894, 24.52859285672225198, 314.4681560580813198 ) ) ;
#2624 = CARTESIAN_POINT ( 'NONE',  ( -27.21044022683098973, 32.37456936250490003, 318.3877984968996770 ) ) ;
#2625 = CARTESIAN_POINT ( 'NONE',  ( 1.501923284258165792, 42.40123626597853246, 253.4385497826474705 ) ) ;
#2626 = CARTESIAN_POINT ( 'NONE',  ( -149.9999999999993463, 17.39257541835625176, 283.2293150073691663 ) ) ;
#2627 = CARTESIAN_POINT ( 'NONE',  ( 0.2479195006991714578, 22.83222837465944011, 413.3133039940972253 ) ) ;
#2628 = FACE_OUTER_BOUND ( 'NONE', #4843, .T. ) ;
#2629 = CARTESIAN_POINT ( 'NONE',  ( -9.770080354281045903E-14, 37.85498796716760950, 310.2341831866867210 ) ) ;
#2630 = CARTESIAN_POINT ( 'NONE',  ( 0.1453781810327651469, 31.31122405795402130, 362.5768686151318434 ) ) ;
#2631 = CARTESIAN_POINT ( 'NONE',  ( 38.69183588737984536, 10.25441671295230073, 424.1220012238796357 ) ) ;
#2632 = EDGE_CURVE ( 'NONE', #6469, #2447, #1174, .T. ) ;
#2633 = EDGE_CURVE ( 'NONE', #4335, #5295, #4279, .T. ) ;
#2634 = CARTESIAN_POINT ( 'NONE',  ( 1.913171683458406047, -24.72062763175912892, -76.21716178040844625 ) ) ;
#2635 = CARTESIAN_POINT ( 'NONE',  ( -14.92707513957825505, 35.31843520822448568, 323.3922668670257394 ) ) ;
#2636 = CARTESIAN_POINT ( 'NONE',  ( 18.43806797751997806, 22.09635797275777591, 397.2354327350248013 ) ) ;
#2637 = CARTESIAN_POINT ( 'NONE',  ( 10.59895944754587127, 35.93487479354033098, 323.5104937617361998 ) ) ;
#2638 = CARTESIAN_POINT ( 'NONE',  ( 32.20913717727860615, 32.31378630073693614, 331.4493103031244914 ) ) ;
#2639 = CARTESIAN_POINT ( 'NONE',  ( -28.52649240996227320, -9.360615050134562409, -39.65852415072266979 ) ) ;
#2640 = CARTESIAN_POINT ( 'NONE',  ( 0.000000000000000000, 25.36656775831971444, 399.2299607653508815 ) ) ;
#2641 = CARTESIAN_POINT ( 'NONE',  ( 1.146769735279829616, 43.40477166021896949, 281.8665492513800928 ) ) ;
#2642 = ORIENTED_EDGE ( 'NONE', *, *, #2302, .T. ) ;
#2643 = ORIENTED_EDGE ( 'NONE', *, *, #3685, .F. ) ;
#2644 = CARTESIAN_POINT ( 'NONE',  ( -1.697371585504689362, 34.35707238260560814, 42.06053201340118619 ) ) ;
#2645 = ORIENTED_EDGE ( 'NONE', *, *, #2147, .T. ) ;
#2646 = DIRECTION ( 'NONE',  ( 0.000000000000000000, 0.000000000000000000, -1.000000000000000000 ) ) ;
#2647 = CARTESIAN_POINT ( 'NONE',  ( 3.191061299840267651, 28.97414876124092942, 376.9347415402181127 ) ) ;
#2648 = CARTESIAN_POINT ( 'NONE',  ( -7.678996275988098752, 40.26289501118156267, 280.8474527544140074 ) ) ;
#2649 = CARTESIAN_POINT ( 'NONE',  ( 0.7210964629720558738, 36.95206407165309770, 318.6040606173646665 ) ) ;
#2650 = CARTESIAN_POINT ( 'NONE',  ( -0.3169396261720670016, 43.82867865598480961, 282.5823499253247633 ) ) ;
#2651 = B_SPLINE_SURFACE_WITH_KNOTS ( 'NONE', 3, 3, ( 
 ( #1040, #285, #1860, #457, #2489, #5290, #6593, #3037, #7303, #1130, #328, #3939, #5792, #3081, #8522, #7885, #3210, #1766, #8023, #5963, #2357, #1723, #4483, #7215, #3799, #6549, #5202, #7928, #3892, #4527, #3399, #7441, #551, #8894, #5480, #1219, #1414 ),
 ( #6006, #8113, #2099, #8066, #6680, #8160, #8747, #2724, #6869, #2774, #8207, #7581, #4759, #4850, #1953, #2673, #2004, #505, #3304, #3256, #5526, #2050, #5334, #4804, #7535, #3351, #2579, #1905, #4661, #3445, #1268, #6101, #7393, #3986, #1366, #8842, #4129 ),
 ( #6726, #691, #6776, #6054, #6196, #644, #8792, #7488, #2625, #5380, #1318, #4710, #596, #15, #4033, #6147, #5430, #8256, #4082, #6823, #6413, #4348, #3582, #1545, #5061, #2306, #6917, #7038, #7080, #191, #3664, #6959, #4895, #2863, #7790, #5572, #2986 ),
 ( #105, #6287, #2903, #7628, #738, #7751, #1459, #5617, #6330, #63, #781, #2819, #8298, #4307, #147, #5659, #4220, #8474, #6243, #3537, #4938, #8345, #2141, #903, #2180, #8386, #232, #4178, #1587, #5024, #5744, #3492, #7669, #1504, #4264, #7000, #821 ),
 ( #2222, #4979, #7711, #8429, #861, #3620, #6370, #2944, #5701, #2264, #1626, #3112, #946, #3834, #1802, #6628, #6582, #2523, #8599, #8689, #5823, #6539, #5866, #5955, #4431, #7122, #449, #3158, #276, #407, #5910, #7207, #5280, #4390, #3705, #7294, #5148 ),
 ( #4559, #5237, #8644, #1715, #6456, #2478, #3029, #7969, #4475, #5783, #1121, #4519, #8512, #2434, #2346, #3748, #5193, #5105, #1032, #3881, #7834, #7249, #3788, #3200, #1669, #7166, #989, #6498, #359, #7920, #317, #3069, #8555, #1073, #2387, #7877, #1757 ),
 ( #6089, #6764, #7476, #1941, #1256, #7382, #3976, #1209, #584, #8733, #4606, #2711, #2567, #539, #4022, #3927, #4649, #6670, #496, #8148, #7429, #3339, #5324, #3432, #1164, #1895, #8780, #6716, #8055, #5368, #6136, #6184, #6042, #3389, #6856, #4791, #7522 ),
 ( #8879, #8196, #5467, #1849, #8012, #2038, #3290, #1353, #2613, #8102, #677, #4699, #4118, #2, #7337, #4748, #3247, #8830, #2760, #5996, #2662, #5419, #1992, #1304, #4068, #6811, #632, #6403, #3567, #3652, #769, #1493, #6988, #892, #8286, #2084, #4337 ),
 ( #809, #8419, #3524, #4969, #725, #3478, #5512, #6319, #47, #2252, #5010, #179, #852, #5604, #222, #4294, #8239, #7028, #8333, #1399, #2935, #8376, #4164, #136, #4837, #7616, #2893, #6904, #2169, #6359, #7568, #2211, #4927, #3610, #1533, #6230, #7739 ),
 ( #6274, #5691, #2805, #4883, #1575, #7069, #5557, #2129, #7658, #1448, #5649, #4253, #7701, #4209, #6947, #92, #2850, #5095, #1705, #3694, #8462, #6572, #6444, #4420, #5136, #7780, #8502, #1616, #4380, #3103, #2377, #4464, #266, #7284, #5053, #5772, #3738 ),
 ( #3019, #4550, #1110, #7112, #3870, #7825, #396, #7196, #3148, #5856, #7957, #349, #2975, #6528, #6616, #5226, #7155, #1019, #5900, #980, #2424, #935, #2336, #5731, #3777, #1659, #8633, #2467, #1791, #7238, #3057, #2296, #1746, #6485, #4507, #5814, #306 ),
 ( #8545, #7866, #8589, #5183, #7909, #1063, #3823, #4595, #3190, #8001, #2512, #3916, #7326, #1837, #1153, #439, #5944, #8678, #5268, #8294, #5134, #5093, #1016, #2815, #2177, #11, #6996, #7665, #8500, #2858, #4934, #2136, #4891, #7624, #1500, #734, #5522 ),
 ( #5770, #7192, #4260, #7862, #777, #7577, #6955, #817, #3576, #2375, #6326, #3488, #8543, #100, #5612, #1657, #59, #1702, #4461, #1409, #3774, #1455, #6483, #143, #2770, #5812, #8252, #2094, #4216, #3533, #4846, #3055, #4174, #6913, #4418, #6239, #2334 ),
 ( #5567, #6283, #8341, #7152, #3017, #7823, #978, #3735, #304, #8769, #8632, #1790, #8677, #4594, #7908, #1152, #2466, #1704, #3278, #6030, #5312, #438, #4638, #2601, #5225, #3235, #1745, #1062, #6703, #6658, #5357, #4506, #3869, #4463, #2511, #3189, #3915 ),
 ( #7195, #8044, #7955, #3963, #525, #3822, #482, #1018, #7325, #3776, #6615, #6527, #4549, #348, #7282, #5943, #5267, #3102, #8000, #2423, #1197, #1109, #1836, #5984, #7237, #5855, #8588, #5182, #6571, #395, #1883, #8719, #3147, #7370, #5899, #2555, #4057 ),
 ( #5548, #1930, #8091, #2119, #5406, #7606, #6124, #1977, #6936, #4735, #1439, #3466, #4685, #4826, #7417, #620, #3513, #3421, #7555, #758, #4151, #1388, #8277, #4199, #6893, #83, #6172, #6265, #3377, #4107, #666, #2840, #7464, #1243, #4010, #713, #6750 ),
 ( #8868, #6218, #3326, #6077, #573, #8916, #2649, #4872, #8817, #2795, #35, #8183, #8135, #1292, #6799, #2697, #2026, #5455, #4780, #2073, #7510, #2747, #1341, #6845, #5500, #8227, #5679, #6431, #2160, #2286, #2241, #1523, #7690, #4326, #6309, #4918, #253 ),
 ( #3727, #7728, #4409, #6349, #4242, #3601, #7059, #1565, #7813, #882, #127, #5082, #8407, #4998, #7101, #5639, #7141, #966, #6978, #6474, #4283, #3007, #3640, #295, #2325, #1648, #5593, #7018, #843, #1480, #8491, #8324, #7647, #925, #800, #5042, #168 ),
 ( #8367, #3557, #3683, #2884, #7770, #2199, #2924, #4957, #6393, #1606, #211, #4368, #5761, #2963, #5719, #8449, #3951, #1095, #1185, #7225, #7940, #4538, #7358, #5845, #8534, #1872, #4581, #1691, #1822, #7315, #8619, #6691, #3047, #5802, #8709, #6560, #2453 ),
 ( #7988, #5213, #3904, #3135, #2543, #3092, #2367, #4628, #5302, #1142, #4493, #8576, #5887, #3223, #5930, #8034, #7271, #1779, #5257, #4451, #3857, #382, #5126, #6647, #6605, #5974, #7854, #1051, #469, #338, #2409, #7184, #1007, #3766, #5169, #427, #6516 ),
 ( #7896, #1733, #3810, #3177, #8665, #2500, #6738, #8804, #5538, #5490, #1427, #3315, #2684, #515, #7499, #8171, #8905, #3365, #5441, #2637, #5392, #8123, #2014, #1230, #6018, #4140, #3997, #1963, #4769, #5345, #6065, #8078, #1916, #656, #8854, #1328, #561 ),
 ( #4721, #1280, #7454, #4044, #6787, #7545, #4862, #608, #4815, #4672, #702, #6113, #4095, #3455, #4188, #6880, #1378, #6207, #25, #3266, #8758, #2784, #6835, #8266, #3410, #6158, #2109, #2735, #7594, #2590, #7403, #8217, #2061, #8355, #2316, #2231, #6381 ),
 ( #4988, #872, #4230, #201, #7679, #6927, #8483, #7091, #7048, #2997, #4317, #748, #1556, #5073, #242, #2189, #8396, #914, #4947, #2953, #2151, #4905, #3502, #7720, #1469, #3673, #6422, #1597, #2276, #7009, #1637, #5710, #7802, #8438, #833, #2830, #4359 ),
 ( #790, #3592, #5753, #3630, #6255, #5033, #5668, #7761, #5583, #74, #4273, #8312, #7637, #6968, #3547, #6297, #1514, #116, #2874, #5628, #6340, #158, #2913, #4399, #7304, #1680, #3893, #2397, #7175, #3211, #998, #6637, #8653, #7131, #1085, #3716, #5834 ),
 ( #2532, #5159, #4484, #2443, #7261, #4442, #3845, #7886, #956, #5964, #4570, #4528, #458, #1767, #6465, #7929, #5291, #8699, #8565, #5876, #1131, #1724, #6594, #8523, #2358, #286, #5203, #7844, #8024, #3038, #7978, #2490, #7216, #5793, #3167, #5115, #5919 ) ),
 .UNSPECIFIED., .F., .F., .F.,
 ( 4, 3, 3, 3, 3, 3, 3, 3, 4 ),
 ( 4, 3, 3, 3, 3, 3, 3, 3, 3, 3, 3, 3, 4 ),
 ( 0.7034840213328398262, 0.7226467909744369589, 0.7418095606160339806, 0.7609723302576310022, 0.7633676764628306577, 0.7645653495654305409, 0.7657630226680303132, 0.7705537150784296241, 0.7801350998992281349 ),
 ( -0.003227819047114645779, 0.001021757898229026839, 0.005271334843572699456, 0.01377048873426004426, 0.03076879651563473386, 0.04776710429700942173, 0.06476541207838411307, 0.1327586432038828645, 0.2007518743293816299, 0.2687451054548803953, 0.3367383365803791606, 0.4047315677058779260, 0.5407180299568754567 ),
 .UNSPECIFIED. ) ;
#2652 = CARTESIAN_POINT ( 'NONE',  ( 3.697115140905914643, 45.06428174435298928, 263.7739461525205229 ) ) ;
#2653 = CARTESIAN_POINT ( 'NONE',  ( -2.861529713880420545, -14.86190821214616165, -66.10491999415030762 ) ) ;
#2654 = CARTESIAN_POINT ( 'NONE',  ( -149.9999999999994884, 5.740427124744100773, 378.1347507846561484 ) ) ;
#2655 = CARTESIAN_POINT ( 'NONE',  ( 0.1918621651941086470, 27.84398092945699332, 384.8582364891295242 ) ) ;
#2656 = CARTESIAN_POINT ( 'NONE',  ( 27.69599269083981241, 30.90739893792197535, 328.7467118740859178 ) ) ;
#2657 = ORIENTED_EDGE ( 'NONE', *, *, #2043, .T. ) ;
#2658 = CARTESIAN_POINT ( 'NONE',  ( -42.94148338393681286, 25.49080070570301970, 317.5204570573160368 ) ) ;
#2659 = CARTESIAN_POINT ( 'NONE',  ( -12.20178374623678863, 24.99215593519244649, 410.8332455709494866 ) ) ;
#2660 = CARTESIAN_POINT ( 'NONE',  ( 2.578592334472893821, 25.19844955650370721, 399.5008418623442594 ) ) ;
#2661 = ORIENTED_EDGE ( 'NONE', *, *, #7250, .T. ) ;
#2662 = CARTESIAN_POINT ( 'NONE',  ( 13.01596247217432101, 38.29516664298353135, 298.2045327966661148 ) ) ;
#2663 = CARTESIAN_POINT ( 'NONE',  ( 0.002916558426426163995, 45.40173806813984925, 260.7912716401440321 ) ) ;
#2664 = CARTESIAN_POINT ( 'NONE',  ( 0.003426317605569113856, 42.95007216691107033, 244.2414894466226940 ) ) ;
#2665 = CARTESIAN_POINT ( 'NONE',  ( 53.41671992373075284, 4.732634878479694329, 384.7797939231693363 ) ) ;
#2666 = CARTESIAN_POINT ( 'NONE',  ( -6.164598794397683434, 37.70004893685911185, 310.2225332624773273 ) ) ;
#2667 = ORIENTED_EDGE ( 'NONE', *, *, #3361, .T. ) ;
#2668 = CARTESIAN_POINT ( 'NONE',  ( 150.0000000000000284, 1.252786731943029253, 209.9251019480679190 ) ) ;
#2669 = DIRECTION ( 'NONE',  ( -0.000000000000000000, 1.000000000000000000, -0.000000000000000000 ) ) ;
#2670 = CARTESIAN_POINT ( 'NONE',  ( 2.469858351745394476, 37.72654402396099016, 58.86823661618673498 ) ) ;
#2671 = CARTESIAN_POINT ( 'NONE',  ( -59.99867422257567995, -10.69069057093173214, 448.1085652130877293 ) ) ;
#2672 = CARTESIAN_POINT ( 'NONE',  ( -1.857978767277826071, 36.94053841005809602, 318.6093064517064590 ) ) ;
#2673 = CARTESIAN_POINT ( 'NONE',  ( 6.748243094538130649, 42.42411079899375892, 246.0126484130099982 ) ) ;
#2674 = CARTESIAN_POINT ( 'NONE',  ( 0.6161072361437418543, 47.71231197339022856, 180.5334442090090192 ) ) ;
#2675 = CARTESIAN_POINT ( 'NONE',  ( -1.404199679686745306, 45.94742635001971109, 130.5641109568593379 ) ) ;
#2676 = CARTESIAN_POINT ( 'NONE',  ( -11.77080432093989337, 20.49520311401302664, 414.8871676060167033 ) ) ;
#2677 =( BOUNDED_CURVE ( )  B_SPLINE_CURVE ( 3, ( #1609, #1098, #3813, #928 ),
 .UNSPECIFIED., .F., .T. ) 
 B_SPLINE_CURVE_WITH_KNOTS ( ( 4, 4 ),
 ( 6.063706336018074516, 6.283185307179586232 ),
 .UNSPECIFIED. ) 
 CURVE ( )  GEOMETRIC_REPRESENTATION_ITEM ( )  RATIONAL_B_SPLINE_CURVE ( ( 1.000000000000000000, 0.9959897753719155755, 0.9959897753719155755, 1.000000000000000000 ) ) 
 REPRESENTATION_ITEM ( '' )  );
#2678 = DIRECTION ( 'NONE',  ( -1.000000000000000000, 0.000000000000000000, -0.000000000000000000 ) ) ;
#2679 = CARTESIAN_POINT ( 'NONE',  ( 0.1806022039768354071, 32.39790471317741094, 354.8388215588484513 ) ) ;
#2680 = CARTESIAN_POINT ( 'NONE',  ( 0.000000000000000000, 25.90249749234719445, 415.3909803479844527 ) ) ;
#2681 = CARTESIAN_POINT ( 'NONE',  ( -0.4666624454430312041, 44.78686955249615664, 260.7537278318256995 ) ) ;
#2682 = CARTESIAN_POINT ( 'NONE',  ( -1.482350336967906523, 36.13403552712546940, 325.7224108549085031 ) ) ;
#2683 = CARTESIAN_POINT ( 'NONE',  ( 8.339478566936085357, 23.69641597351434115, 403.7285820944168790 ) ) ;
#2684 = CARTESIAN_POINT ( 'NONE',  ( 4.039147049606638618, 36.31831105001449345, 323.6599010467214157 ) ) ;
#2685 = CARTESIAN_POINT ( 'NONE',  ( -2.055021073560439504, 40.47311655283309761, 281.4004446299917390 ) ) ;
#2686 = ADVANCED_FACE ( 'NONE', ( #5469 ), #1401, .T. ) ;
#2687 = CARTESIAN_POINT ( 'NONE',  ( -3.330844985526232982, -5.949735992423210718, -56.59751504260918864 ) ) ;
#2688 = CARTESIAN_POINT ( 'NONE',  ( -3.066662445442833729, 43.77687888394065396, 274.2114866634577197 ) ) ;
#2689 = SURFACE_STYLE_USAGE ( .BOTH. , #2112 ) ;
#2690 = ORIENTED_EDGE ( 'NONE', *, *, #4241, .T. ) ;
#2691 = EDGE_LOOP ( 'NONE', ( #6538, #7110, #1474, #3866, #731 ) ) ;
#2692 = EDGE_CURVE ( 'NONE', #3747, #877, #7942, .T. ) ;
#2693 = CARTESIAN_POINT ( 'NONE',  ( -2.546057378257033932, 34.45886955982916078, 42.11624028194231784 ) ) ;
#2694 = ORIENTED_EDGE ( 'NONE', *, *, #5675, .F. ) ;
#2695 = CARTESIAN_POINT ( 'NONE',  ( -0.3284611501769983954, 29.01391944245660426, 377.5020311659239383 ) ) ;
#2696 = CARTESIAN_POINT ( 'NONE',  ( -0.6838220461775713632, 41.32991545933906963, 270.9052163511427125 ) ) ;
#2697 = CARTESIAN_POINT ( 'NONE',  ( 6.106580587770133128, 36.80001084908840170, 318.6309684644448339 ) ) ;
#2698 = EDGE_CURVE ( 'NONE', #877, #683, #4749, .T. ) ;
#2699 = CARTESIAN_POINT ( 'NONE',  ( 0.002921330002014570128, 43.83345489183761856, 282.5824874078609810 ) ) ;
#2700 = CARTESIAN_POINT ( 'NONE',  ( -1.321815368022304371, 45.34852105387628995, 260.8935140389548906 ) ) ;
#2701 = CARTESIAN_POINT ( 'NONE',  ( -0.9538432379601403666, -14.88770259644060800, -66.09957415697023464 ) ) ;
#2702 = CARTESIAN_POINT ( 'NONE',  ( 0.7257656490961721385, -4.623702357734425838, 541.5260409447616894 ) ) ;
#2703 = CARTESIAN_POINT ( 'NONE',  ( -17.32795157889490412, 26.32170978150383789, 378.6572596287865622 ) ) ;
#2704 = CARTESIAN_POINT ( 'NONE',  ( -0.1546162343269283923, 34.53038570603679602, 339.1412908585899117 ) ) ;
#2705 = ORIENTED_EDGE ( 'NONE', *, *, #2240, .T. ) ;
#2706 = VECTOR ( 'NONE', #792, 1000.000000000000227 ) ;
#2707 = B_SPLINE_CURVE_WITH_KNOTS ( 'NONE', 3,
 ( #1419, #4713, #8164, #5434 ),
 .UNSPECIFIED., .F., .F.,
 ( 4, 4 ),
 ( 0.000000000000000000, 1.000000000000000000 ),
 .UNSPECIFIED. ) ;
#2708 = CARTESIAN_POINT ( 'NONE',  ( -30.41386939209353457, 31.30558440259427400, 315.5865221750366345 ) ) ;
#2709 = CARTESIAN_POINT ( 'NONE',  ( 48.93205100325172197, 23.08258537076258321, 280.3525527939733024 ) ) ;
#2710 = EDGE_LOOP ( 'NONE', ( #4144, #290, #1853, #2281, #8319, #8086 ) ) ;
#2711 = CARTESIAN_POINT ( 'NONE',  ( 3.387963170037927352, 39.85449627911754789, 288.5005176869296406 ) ) ;
#2712 = CARTESIAN_POINT ( 'NONE',  ( 5.464712794160139886, 41.21482910507307196, 256.8357904520240709 ) ) ;
#2713 = CARTESIAN_POINT ( 'NONE',  ( 43.75445932639104285, 25.75585501620750151, 328.4493103031245482 ) ) ;
#2714 = CARTESIAN_POINT ( 'NONE',  ( -32.75887315309795156, 34.74750024819510941, 268.1392566419339119 ) ) ;
#2715 = VECTOR ( 'NONE', #2379, 1000.000000000000000 ) ;
#2716 = CARTESIAN_POINT ( 'NONE',  ( 54.57948805689258620, 2.996616612384304545, 392.2234430773698364 ) ) ;
#2717 = CARTESIAN_POINT ( 'NONE',  ( 0.1625061289600837067, 45.39639609892320493, 260.7911816863181684 ) ) ;
#2718 = ORIENTED_EDGE ( 'NONE', *, *, #8850, .T. ) ;
#2719 = CARTESIAN_POINT ( 'NONE',  ( 12.51122854236293591, -10.32226976056000467, -55.36644004333045643 ) ) ;
#2720 = LINE ( 'NONE', #8838, #5155 ) ;
#2721 = CARTESIAN_POINT ( 'NONE',  ( -25.68042915803382442, 37.34182210046627404, 271.0280785302371669 ) ) ;
#2722 = CARTESIAN_POINT ( 'NONE',  ( -150.0000000000003126, 16.71071704159100690, 262.7461542768186291 ) ) ;
#2723 = CARTESIAN_POINT ( 'NONE',  ( -9.623729406347049320, -10.66680710752643968, 548.6596272280612538 ) ) ;
#2724 = CARTESIAN_POINT ( 'NONE',  ( 1.081856118003743150, 42.88713795827890607, 244.4259042397985411 ) ) ;
#2725 = CARTESIAN_POINT ( 'NONE',  ( 1.536255518351238303, 46.03229346627335872, 252.4759691116221347 ) ) ;
#2726 = CARTESIAN_POINT ( 'NONE',  ( -0.8486857927523446810, 34.25527520538206261, 42.00482374486006165 ) ) ;
#2727 = CARTESIAN_POINT ( 'NONE',  ( -8.339478566936085357, 23.69641597351434115, 403.7285820944168790 ) ) ;
#2728 = CARTESIAN_POINT ( 'NONE',  ( 6.789434940364204558E-14, 34.08213790315070213, 342.7956709943337614 ) ) ;
#2729 = CARTESIAN_POINT ( 'NONE',  ( -17.90519512719507844, 30.92041844792379379, 351.2595201115294685 ) ) ;
#2730 = CARTESIAN_POINT ( 'NONE',  ( 7.045124004950711338, 2.314038226187245861, 514.4354252516325232 ) ) ;
#2731 = CARTESIAN_POINT ( 'NONE',  ( 0.000000000000000000, 37.42840340034361191, 307.1936396950423500 ) ) ;
#2732 = B_SPLINE_CURVE_WITH_KNOTS ( 'NONE', 3,
 ( #2046, #733, #2899, #3575, #4975, #6325, #7707, #1540, #6995, #142, #2217, #816, #5655, #8382, #4792, #4119, #6137, #8880, #7617, #6905, #6231, #48, #8197, #6989, #7569, #1400 ),
 .UNSPECIFIED., .F., .F.,
 ( 4, 2, 2, 2, 2, 2, 2, 2, 2, 2, 2, 2, 4 ),
 ( 0.007562451896448153105, 0.009880079311334527548, 0.01219770672622090199, 0.01683296155599359883, 0.01915058897087998369, 0.02146821638576636854, 0.02610347121553904803, 0.03073872604531172406, 0.03305635346019807075, 0.03537398087508440703, 0.04000923570485709346, 0.04232686311974336035, 0.04464449053462962724 ),
 .UNSPECIFIED. ) ;
#2733 = CARTESIAN_POINT ( 'NONE',  ( -6.775815138620814970, 36.42866256964165927, 321.6251546966759065 ) ) ;
#2734 = CARTESIAN_POINT ( 'NONE',  ( 45.23899607213295582, 14.20576397933030144, 378.7540912208329473 ) ) ;
#2735 = CARTESIAN_POINT ( 'NONE',  ( 25.59743232729245932, 32.23949390651362279, 324.7264057167254805 ) ) ;
#2736 =( BOUNDED_CURVE ( )  B_SPLINE_CURVE ( 3, ( #8598, #3198, #1119, #5235 ),
 .UNSPECIFIED., .F., .T. ) 
 B_SPLINE_CURVE_WITH_KNOTS ( ( 4, 4 ),
 ( 6.063706336018074516, 6.283185307179586232 ),
 .UNSPECIFIED. ) 
 CURVE ( )  GEOMETRIC_REPRESENTATION_ITEM ( )  RATIONAL_B_SPLINE_CURVE ( ( 1.000000000000000000, 0.9959897753719155755, 0.9959897753719155755, 1.000000000000000000 ) ) 
 REPRESENTATION_ITEM ( '' )  );
#2737 = CARTESIAN_POINT ( 'NONE',  ( 0.9552145398446717506, -19.79945804760096095, -71.14787201309992781 ) ) ;
#2738 = DIRECTION ( 'NONE',  ( 0.000000000000000000, 0.9818322645534333093, 0.1897509006088693717 ) ) ;
#2739 = CARTESIAN_POINT ( 'NONE',  ( -7.199780051661552882E-18, 36.16042726719889799, 331.4493103031246051 ) ) ;
#2740 = ORIENTED_EDGE ( 'NONE', *, *, #58, .F. ) ;
#2741 = VERTEX_POINT ( 'NONE', #3977 ) ;
#2742 = CARTESIAN_POINT ( 'NONE',  ( 6.403712080581203558, 45.57724494206407684, 254.1058661924230933 ) ) ;
#2743 = SURFACE_STYLE_USAGE ( .BOTH. , #8865 ) ;
#2744 = CARTESIAN_POINT ( 'NONE',  ( 5.186880270822276984, 30.10214234105331244, 369.1810876862072064 ) ) ;
#2745 = CARTESIAN_POINT ( 'NONE',  ( -5.605987860091220298, 40.43295439781873313, 280.4313541022556251 ) ) ;
#2746 = ADVANCED_FACE ( 'NONE', ( #7524 ), #3391, .F. ) ;
#2747 = CARTESIAN_POINT ( 'NONE',  ( 14.93058570087008086, 35.85612489071448294, 318.6886098180932549 ) ) ;
#2748 = CARTESIAN_POINT ( 'NONE',  ( 44.43371826460703744, 29.83019200268941162, 265.3029868598646885 ) ) ;
#2749 = CARTESIAN_POINT ( 'NONE',  ( -3.532303880344620062, 45.12357208327259173, 262.9526382349275195 ) ) ;
#2750 = CARTESIAN_POINT ( 'NONE',  ( 150.0000000000000284, 1.252786731943029253, 209.9251019480679190 ) ) ;
#2751 = CARTESIAN_POINT ( 'NONE',  ( 0.7295355504911777977, -7.249700490246020479, 550.1677435810472616 ) ) ;
#2752 = CARTESIAN_POINT ( 'NONE',  ( -6.339685751345562004, 26.43168126176475852, 390.6004150803676680 ) ) ;
#2753 = CARTESIAN_POINT ( 'NONE',  ( 5.207979174417109114, 35.45481728125845677, 330.5903756804484601 ) ) ;
#2754 = B_SPLINE_CURVE_WITH_KNOTS ( 'NONE', 3,
 ( #630, #6087, #2660, #5417, #2925, #5510 ),
 .UNSPECIFIED., .F., .F.,
 ( 4, 2, 4 ),
 ( 6.378401789753216049E-15, 0.003867405450800141115, 0.007734810901593903651 ),
 .UNSPECIFIED. ) ;
#2755 = ORIENTED_EDGE ( 'NONE', *, *, #7700, .F. ) ;
#2756 = EDGE_CURVE ( 'NONE', #5980, #7528, #1080, .T. ) ;
#2757 = CARTESIAN_POINT ( 'NONE',  ( 0.4569563251370831747, 37.52044118856471755, 313.4044739037541376 ) ) ;
#2758 = CARTESIAN_POINT ( 'NONE',  ( -41.75445932639104285, 25.75585501620750151, 334.4493103031246051 ) ) ;
#2759 = ORIENTED_EDGE ( 'NONE', *, *, #3617, .T. ) ;
#2760 = CARTESIAN_POINT ( 'NONE',  ( 8.152714205931989255, 38.83668145618830181, 297.5451845213777347 ) ) ;
#2761 = FACE_BOUND ( 'NONE', #933, .T. ) ;
#2762 = DIRECTION ( 'NONE',  ( 0.000000000000000000, 0.000000000000000000, 1.000000000000000000 ) ) ;
#2763 = CARTESIAN_POINT ( 'NONE',  ( -0.2152517109397604489, 42.93800904449386735, 244.2740040891839044 ) ) ;
#2764 = B_SPLINE_CURVE_WITH_KNOTS ( 'NONE', 3,
 ( #6565, #1922, #2547, #387, #1100, #7319, #4676, #7408, #4499, #518, #6742, #4632, #8671, #1784, #1190, #3141, #3183, #3956, #1876, #7231, #1146, #3319, #5978, #7363 ),
 .UNSPECIFIED., .F., .F.,
 ( 4, 2, 2, 2, 2, 2, 2, 2, 2, 2, 2, 4 ),
 ( 2.890076416031672757E-18, 0.005559835904068653224, 0.008339753856102978535, 0.009729712832120157237, 0.01111967180813733767, 0.01667950771220606115, 0.01945942566424046366, 0.02223934361627486964, 0.02779917952034368506, 0.03335901542441250395, 0.03891885132848131590, 0.04447868723255013479 ),
 .UNSPECIFIED. ) ;
#2765 = CARTESIAN_POINT ( 'NONE',  ( 2.088373853475112618, 20.02118164067743322, 444.1606853142330920 ) ) ;
#2766 = CARTESIAN_POINT ( 'NONE',  ( -6.936201339595167603, 37.67210010694283540, 310.0657100094335874 ) ) ;
#2767 = EDGE_LOOP ( 'NONE', ( #3127, #3723 ) ) ;
#2768 = CARTESIAN_POINT ( 'NONE',  ( 149.9999999999998579, 5.755319606443136671, 215.4903186742444916 ) ) ;
#2769 = CARTESIAN_POINT ( 'NONE',  ( 3.669804392786813363, 43.95389554410947852, 279.8048767567531740 ) ) ;
#2770 = CARTESIAN_POINT ( 'NONE',  ( 20.61859960489097432, 34.78786833289969849, 316.9334412143517739 ) ) ;
#2771 = CARTESIAN_POINT ( 'NONE',  ( -8.621865130301701541, 41.28298763512510305, 264.0127433196860807 ) ) ;
#2772 = CARTESIAN_POINT ( 'NONE',  ( -149.9999999999997442, 16.09349136664861390, 256.0566200932159404 ) ) ;
#2773 = CARTESIAN_POINT ( 'NONE',  ( -7.182069076493386106, -7.765377059782173852, 549.2849336186909568 ) ) ;
#2774 = CARTESIAN_POINT ( 'NONE',  ( 1.932786664391764608, 42.83150726859629742, 244.6125327362995847 ) ) ;
#2775 = CARTESIAN_POINT ( 'NONE',  ( -9.650457210473206260, 42.47422119080876257, 108.3197917343866408 ) ) ;
#2776 = CARTESIAN_POINT ( 'NONE',  ( 2.972288463451770113, 33.79696142559792804, 41.75401259452486613 ) ) ;
#2777 = CARTESIAN_POINT ( 'NONE',  ( -23.37771307148982203, 20.86582876967378297, 393.5280081850213492 ) ) ;
#2778 = CARTESIAN_POINT ( 'NONE',  ( -8.966662445443102314, 37.81381102643348413, 307.2226186400166057 ) ) ;
#2779 = CARTESIAN_POINT ( 'NONE',  ( -0.06051846712250876642, 32.39907805723243683, 354.8120771111113072 ) ) ;
#2780 = CARTESIAN_POINT ( 'NONE',  ( 59.89900058819404194, -9.567402936609459729, 443.5936951987583257 ) ) ;
#2781 = CARTESIAN_POINT ( 'NONE',  ( -12.53024648189237311, -15.07893345480093927, -60.27095919175482663 ) ) ;
#2782 = CARTESIAN_POINT ( 'NONE',  ( -1.104574486108265585, 36.60516653283839617, 321.6865910219013927 ) ) ;
#2783 = CARTESIAN_POINT ( 'NONE',  ( 16.73271251766623990, 22.46728540563450949, 398.4633972957362289 ) ) ;
#2784 = CARTESIAN_POINT ( 'NONE',  ( 14.92232872504063046, 35.09647708758657814, 325.2479052874117542 ) ) ;
#2785 = CARTESIAN_POINT ( 'NONE',  ( 2.856219491863008830, -8.493023692875212305, -59.56494007984454697 ) ) ;
#2786 = PLANE ( 'NONE',  #5298 ) ;
#2787 = DIRECTION ( 'NONE',  ( -6.590423098898467265E-17, -0.9971851335251159520, -0.07497872682632604480 ) ) ;
#2788 = VERTEX_POINT ( 'NONE', #2713 ) ;
#2789 = CIRCLE ( 'NONE', #7086, 1.000000000000000666 ) ;
#2790 = VERTEX_POINT ( 'NONE', #8781 ) ;
#2791 = CARTESIAN_POINT ( 'NONE',  ( 149.9999999999999716, 16.36900979716714133, 304.7041830578932036 ) ) ;
#2792 = CARTESIAN_POINT ( 'NONE',  ( 9.724060096581498058, 28.61637300021609320, 375.0673334092476807 ) ) ;
#2793 = VECTOR ( 'NONE', #5796, 1000.000000000000000 ) ;
#2794 = CARTESIAN_POINT ( 'NONE',  ( -32.93599951424945260, 32.94004800014668888, 289.0307055955874489 ) ) ;
#2795 = CARTESIAN_POINT ( 'NONE',  ( 1.857978767277897347, 36.94053841005808181, 318.6093064517064590 ) ) ;
#2796 = CARTESIAN_POINT ( 'NONE',  ( 9.770080354281045903E-14, 37.85498796716760950, 310.2341831866867210 ) ) ;
#2797 = CARTESIAN_POINT ( 'NONE',  ( 32.48051365082311293, 39.32269646282548337, 256.3608766149677081 ) ) ;
#2798 = CARTESIAN_POINT ( 'NONE',  ( 45.06804420492548502, 23.32051481160178952, 329.3318359661092245 ) ) ;
#2799 = CARTESIAN_POINT ( 'NONE',  ( -7.118748418129577260, -1.685585176228954429, 528.7463543470161085 ) ) ;
#2800 = CARTESIAN_POINT ( 'NONE',  ( 0.1764057853794818165, 29.01350157345911640, 377.4828540473957901 ) ) ;
#2801 = CARTESIAN_POINT ( 'NONE',  ( -3.066662445442843055, 44.80554920341130298, 263.6082741218962155 ) ) ;
#2802 = ORIENTED_EDGE ( 'NONE', *, *, #8621, .F. ) ;
#2803 = CARTESIAN_POINT ( 'NONE',  ( -47.84052227212198716, 23.84739074935593450, 316.9284944285806773 ) ) ;
#2804 = VERTEX_POINT ( 'NONE', #7570 ) ;
#2805 = CARTESIAN_POINT ( 'NONE',  ( -0.05457583657159903456, 37.51937786674635333, 313.4150746469890123 ) ) ;
#2806 = DIRECTION ( 'NONE',  ( -1.000000000000000000, 0.000000000000000000, -0.000000000000000000 ) ) ;
#2807 = DIRECTION ( 'NONE',  ( -6.590423098898467265E-17, -0.9971851335251159520, -0.07497872682632604480 ) ) ;
#2808 = CARTESIAN_POINT ( 'NONE',  ( 0.4451385863772588380, 42.97406578764935148, 244.1790890147221091 ) ) ;
#2809 = CARTESIAN_POINT ( 'NONE',  ( -1.240397304842907111, 17.08031719385537528, 458.4040238591230150 ) ) ;
#2810 = CARTESIAN_POINT ( 'NONE',  ( 1.998957709067112593E-05, 45.40164323944861025, 260.7912700583412970 ) ) ;
#2811 = ORIENTED_EDGE ( 'NONE', *, *, #7747, .F. ) ;
#2812 = CARTESIAN_POINT ( 'NONE',  ( 3.302423590642567852, 4.628195515106217073, -41.47021073289514703 ) ) ;
#2813 = ADVANCED_FACE ( 'NONE', ( #8831 ), #8198, .T. ) ;
#2814 = CARTESIAN_POINT ( 'NONE',  ( -44.67165975878869233, 29.71014154996010959, 265.6434609888639784 ) ) ;
#2815 = CARTESIAN_POINT ( 'NONE',  ( 18.87043270282358520, 35.38126207994287853, 315.9672301349427812 ) ) ;
#2816 = CARTESIAN_POINT ( 'NONE',  ( -48.97993033751974679, 26.31148347074303473, 289.0994461912013662 ) ) ;
#2817 = CARTESIAN_POINT ( 'NONE',  ( 2.106299519530117959, 46.03114097764294144, 130.5598387451737779 ) ) ;
#2818 = CARTESIAN_POINT ( 'NONE',  ( -35.60447105139471802, -13.62282190332221887, 502.3110443960222824 ) ) ;
#2819 = CARTESIAN_POINT ( 'NONE',  ( 3.500046536259640462, 41.73447638649660973, 262.6598509425124917 ) ) ;
#2820 = B_SPLINE_CURVE_WITH_KNOTS ( 'NONE', 3,
 ( #5338, #3896, #7219, #2446, #7981, #1908, #4664, #8568, #7350, #7396, #8702, #1815, #5879, #2535 ),
 .UNSPECIFIED., .F., .F.,
 ( 4, 2, 2, 2, 2, 2, 4 ),
 ( -5.999999998791476677E-08, 0.001024795553129759446, 0.002049651106259506826, 0.002562078882824379757, 0.003074506659389253556, 0.003586934435954126487, 0.004099362212519000286 ),
 .UNSPECIFIED. ) ;
#2821 = CARTESIAN_POINT ( 'NONE',  ( 0.4709684984625378545, 41.02653431879563328, 312.7840159696370392 ) ) ;
#2822 = CARTESIAN_POINT ( 'NONE',  ( 77.40947463289504071, 21.01930611802427151, 121.3389839466043583 ) ) ;
#2823 = CARTESIAN_POINT ( 'NONE',  ( -40.61994468099538125, 14.22763082677922242, 386.1918183818643797 ) ) ;
#2824 = CARTESIAN_POINT ( 'NONE',  ( 16.47553093576245331, 44.15828717795491087, 255.0493121349408625 ) ) ;
#2825 = CARTESIAN_POINT ( 'NONE',  ( -27.51624177503881441, 28.07197767051346204, 348.3129649260528709 ) ) ;
#2826 = CARTESIAN_POINT ( 'NONE',  ( -2.194752706739981907, -9.508866867582225879, 557.5849067725088162 ) ) ;
#2827 = DIRECTION ( 'NONE',  ( 0.000000000000000000, 0.07497872682632604480, -0.9971851335251159520 ) ) ;
#2828 = CARTESIAN_POINT ( 'NONE',  ( -6.105755255327084186, 36.46311842061430042, 321.6327735666790204 ) ) ;
#2829 = CARTESIAN_POINT ( 'NONE',  ( 36.70973641073500460, 15.40661157400131209, 388.8475170408391364 ) ) ;
#2830 = CARTESIAN_POINT ( 'NONE',  ( 42.93546147755542819, 24.39772343835418411, 326.6050087136310935 ) ) ;
#2831 = CARTESIAN_POINT ( 'NONE',  ( -12.49172242615647477, -6.277043314077721980, -50.97366954480303747 ) ) ;
#2832 = DIRECTION ( 'NONE',  ( -1.000000000000000000, 0.000000000000000000, 0.000000000000000000 ) ) ;
#2833 = CARTESIAN_POINT ( 'NONE',  ( 0.000000000000000000, 110.3999999999999773, 281.9339774583896769 ) ) ;
#2834 = EDGE_LOOP ( 'NONE', ( #919, #4836, #8054, #5798 ) ) ;
#2835 = EDGE_LOOP ( 'NONE', ( #6985, #6945, #4347, #1475, #5880, #3230, #5023, #3564, #5495, #3428, #3477, #5782 ) ) ;
#2836 = CARTESIAN_POINT ( 'NONE',  ( 47.66603692990846497, 18.68161657458673020, 299.3736835281314370 ) ) ;
#2837 = DIRECTION ( 'NONE',  ( 0.01708104389933484332, -0.9998541083274644636, 0.000000000000000000 ) ) ;
#2838 = CARTESIAN_POINT ( 'NONE',  ( 8.729751823989547077, 29.90171058503350920, 368.2471589227118329 ) ) ;
#2839 = CARTESIAN_POINT ( 'NONE',  ( -22.88707972927339895, 36.57552522417585550, 292.5354745957715181 ) ) ;
#2840 = CARTESIAN_POINT ( 'NONE',  ( 32.01314358733855414, 30.27356629446044423, 318.4584322966506420 ) ) ;
#2841 = CARTESIAN_POINT ( 'NONE',  ( -0.1569854696256993698, 43.83117457209954182, 282.5824187163717625 ) ) ;
#2842 = CARTESIAN_POINT ( 'NONE',  ( 43.99345688386772935, 33.75005307547659328, 264.6172339938248683 ) ) ;
#2843 = CARTESIAN_POINT ( 'NONE',  ( -1.892463454547965274, 1.631141071689482525, -46.56294020973754044 ) ) ;
#2844 = CARTESIAN_POINT ( 'NONE',  ( -59.71558549167485808, -8.266634582424307709, 438.4425714590527150 ) ) ;
#2845 = CARTESIAN_POINT ( 'NONE',  ( -27.05273057142543891, 23.66596859635257033, 373.1149005574790181 ) ) ;
#2846 = CARTESIAN_POINT ( 'NONE',  ( 27.66582710336799877, 30.03991826825184575, 335.4614969477936484 ) ) ;
#2847 = EDGE_LOOP ( 'NONE', ( #2113, #448, #4249, #4075 ) ) ;
#2848 = CARTESIAN_POINT ( 'NONE',  ( -20.62742544173120862, 34.98516887142680076, 315.1232927763180669 ) ) ;
#2849 = VECTOR ( 'NONE', #1254, 1000.000000000000114 ) ;
#2850 = CARTESIAN_POINT ( 'NONE',  ( 6.783637152445193941, 37.31015907507720186, 313.6243541947838480 ) ) ;
#2851 = DIRECTION ( 'NONE',  ( 1.000000000000000000, 0.000000000000000000, 0.000000000000000000 ) ) ;
#2852 = CARTESIAN_POINT ( 'NONE',  ( -5.966662445443040141, 37.20346721986462768, 310.1851950956178143 ) ) ;
#2853 = CARTESIAN_POINT ( 'NONE',  ( -14.73502825094444191, 41.63300142646053814, 240.3301768421188456 ) ) ;
#2854 = CARTESIAN_POINT ( 'NONE',  ( 38.69183588737984536, 10.25441671295230073, 424.1220012238796357 ) ) ;
#2855 = CARTESIAN_POINT ( 'NONE',  ( -2.737942552675891594, 20.88679572981984478, -7.018861411523644733 ) ) ;
#2856 = AXIS2_PLACEMENT_3D ( 'NONE', #2515, #6896, #6848 ) ;
#2857 = CARTESIAN_POINT ( 'NONE',  ( -47.79081939756490982, 28.06067077546803645, 271.9732733398181495 ) ) ;
#2858 = CARTESIAN_POINT ( 'NONE',  ( 28.79214673724710849, 31.93750489276673576, 316.3403703164089507 ) ) ;
#2859 = CARTESIAN_POINT ( 'NONE',  ( -33.36172068269857505, 33.34208221853076282, 282.4875355790660478 ) ) ;
#2860 = CARTESIAN_POINT ( 'NONE',  ( -6.814411576723173880, 46.50797352682411656, 230.8815100217026668 ) ) ;
#2861 = CARTESIAN_POINT ( 'NONE',  ( -5.509241318674111968E-10, 38.88521462212378310, 331.4493103003381975 ) ) ;
#2862 = VECTOR ( 'NONE', #517, 1000.000000000000000 ) ;
#2863 = CARTESIAN_POINT ( 'NONE',  ( 37.79366028959622525, 32.25077914734500695, 271.6502399797931275 ) ) ;
#2864 = EDGE_CURVE ( 'NONE', #205, #850, #540, .T. ) ;
#2865 = CARTESIAN_POINT ( 'NONE',  ( 51.70263860078125617, 19.26326618461806461, 258.1664659383015419 ) ) ;
#2866 = CARTESIAN_POINT ( 'NONE',  ( -24.79788898693776389, 19.09057077330011154, 398.2779099370834501 ) ) ;
#2867 = CARTESIAN_POINT ( 'NONE',  ( 0.4768778034924981979, 43.82595176198703513, 282.5822828858512139 ) ) ;
#2868 = CARTESIAN_POINT ( 'NONE',  ( -12.10467242528630649, 31.82667714556333749, 352.7176402810686682 ) ) ;
#2869 = CARTESIAN_POINT ( 'NONE',  ( 9.623729406347049320, -10.66680710752643968, 548.6596272280612538 ) ) ;
#2870 = ADVANCED_FACE ( 'NONE', ( #1210 ), #8889, .T. ) ;
#2871 = CARTESIAN_POINT ( 'NONE',  ( -0.000000000000000000, -2.015148108693687767, -51.69602975127715183 ) ) ;
#2872 = CARTESIAN_POINT ( 'NONE',  ( -22.36116391801304815, 33.59045431298385864, 323.1615569377621000 ) ) ;
#2873 = CARTESIAN_POINT ( 'NONE',  ( 7.242739913601105251, 22.45139842822625553, 411.1789427062126379 ) ) ;
#2874 = CARTESIAN_POINT ( 'NONE',  ( 8.048598006251287629, 34.95329076604843976, 333.2222296153859702 ) ) ;
#2875 = CARTESIAN_POINT ( 'NONE',  ( -149.9999999999998579, 5.755319606443136671, 215.4903186742444916 ) ) ;
#2876 = DIRECTION ( 'NONE',  ( 0.000000000000000000, -0.1897509006088693440, 0.9818322645534331983 ) ) ;
#2877 = CARTESIAN_POINT ( 'NONE',  ( 2.723158789591169082, 41.77100548037250149, 262.6485298431855995 ) ) ;
#2878 = ORIENTED_EDGE ( 'NONE', *, *, #312, .F. ) ;
#2879 = VERTEX_POINT ( 'NONE', #3341 ) ;
#2880 = CARTESIAN_POINT ( 'NONE',  ( 150.0000000000006821, 17.36217657815118542, 276.3178635875777900 ) ) ;
#2881 = CARTESIAN_POINT ( 'NONE',  ( -47.84414932138713539, 22.00773534467436576, 331.4862207393973677 ) ) ;
#2882 = CARTESIAN_POINT ( 'NONE',  ( 30.32796318622759557, 23.67885003949015044, 365.3595846661941096 ) ) ;
#2883 = CARTESIAN_POINT ( 'NONE',  ( -7.103505108323401984, 40.92555143301381548, 272.2288124220407326 ) ) ;
#2884 = CARTESIAN_POINT ( 'NONE',  ( 0.1406856069262300557, 36.83897572884195881, 319.6334311277906295 ) ) ;
#2885 = DIRECTION ( 'NONE',  ( 0.000000000000000000, -1.000000000000000000, 0.000000000000000000 ) ) ;
#2886 = CARTESIAN_POINT ( 'NONE',  ( -26.79130003566625007, 34.61032764009687668, 331.4493103031246051 ) ) ;
#2887 = CARTESIAN_POINT ( 'NONE',  ( 86.87707805841237985, -10.34748271511437778, 49.68820832564044565 ) ) ;
#2888 = CARTESIAN_POINT ( 'NONE',  ( -57.77097111345211289, -2.535394609008782663, 415.1043187994338837 ) ) ;
#2889 = CARTESIAN_POINT ( 'NONE',  ( -5.182053699725197582, 28.91552240539585483, 376.4962002530127734 ) ) ;
#2890 = CARTESIAN_POINT ( 'NONE',  ( 37.16341410026193159, 25.97960260364221696, 333.8441556679870246 ) ) ;
#2891 = ORIENTED_EDGE ( 'NONE', *, *, #3413, .T. ) ;
#2892 = CARTESIAN_POINT ( 'NONE',  ( -47.84606305708803831, 23.92261435236039802, 316.2536283556627836 ) ) ;
#2893 = CARTESIAN_POINT ( 'NONE',  ( 24.08645897508376521, 34.77093314468614693, 307.3808128886319651 ) ) ;
#2894 = CARTESIAN_POINT ( 'NONE',  ( 2.997947590748044622, 43.32669485498747974, 280.0215363571135754 ) ) ;
#2895 = FACE_OUTER_BOUND ( 'NONE', #3246, .T. ) ;
#2896 = CARTESIAN_POINT ( 'NONE',  ( -50.37688971782515068, 27.03542822747762031, 273.5577929746339123 ) ) ;
#2897 = CARTESIAN_POINT ( 'NONE',  ( 35.60447105139471802, -13.62282190332221887, 502.3110443960222824 ) ) ;
#2898 = CARTESIAN_POINT ( 'NONE',  ( 28.11698015143261742, 5.915450505645251766, -17.51976183688852373 ) ) ;
#2899 = CARTESIAN_POINT ( 'NONE',  ( -8.993091766848829494, 21.75155211778980302, 412.6646282837465378 ) ) ;
#2900 = CARTESIAN_POINT ( 'NONE',  ( -25.21521408119730268, 36.98650238459673290, 278.4608132091416337 ) ) ;
#2901 = CARTESIAN_POINT ( 'NONE',  ( -16.66315168157811755, 45.58974530259764180, 211.4847522036016585 ) ) ;
#2902 = CARTESIAN_POINT ( 'NONE',  ( -3.532683448830476802, 45.12348189761502937, 262.9537883696985432 ) ) ;
#2903 = CARTESIAN_POINT ( 'NONE',  ( -0.1636369264896194442, 41.92388760212102028, 261.9675640711138840 ) ) ;
#2904 = CARTESIAN_POINT ( 'NONE',  ( -0.4745308580082530092, 42.53815482386927016, 298.1606671052002184 ) ) ;
#2905 = CARTESIAN_POINT ( 'NONE',  ( -11.03573795269403846, 22.01862628658103205, 408.8227765335026902 ) ) ;
#2906 = CARTESIAN_POINT ( 'NONE',  ( -43.52233680794059723, 25.94178337598832584, 341.1922521079177386 ) ) ;
#2907 = CARTESIAN_POINT ( 'NONE',  ( -16.27779588564052204, 33.36627924639688558, 337.3426775323608240 ) ) ;
#2908 = CARTESIAN_POINT ( 'NONE',  ( 150.0000000000002558, -4.444873476189596495, 435.7468521578524019 ) ) ;
#2909 = ADVANCED_FACE ( 'NONE', ( #6186, #1942 ), #4700, .T. ) ;
#2910 = CARTESIAN_POINT ( 'NONE',  ( -86.91359524864041930, -11.34795942607654595, 48.66319268689352384 ) ) ;
#2911 = CARTESIAN_POINT ( 'NONE',  ( 0.05403881342259950205, 36.83916514171084344, 319.6335178882079617 ) ) ;
#2912 = CARTESIAN_POINT ( 'NONE',  ( 3.879983778705418551, 22.68251344347784126, 412.5671631886814339 ) ) ;
#2913 = CARTESIAN_POINT ( 'NONE',  ( 16.95662949348188420, 33.85947910789845849, 332.4039473710402035 ) ) ;
#2914 = CARTESIAN_POINT ( 'NONE',  ( 0.9333058635097452038, 11.80632858096668159, -28.47083339118706391 ) ) ;
#2915 = DIRECTION ( 'NONE',  ( 6.590423098898466033E-17, -0.9971851335251158410, -0.07497872682632604480 ) ) ;
#2916 = EDGE_CURVE ( 'NONE', #5398, #1894, #7430, .T. ) ;
#2917 = FACE_OUTER_BOUND ( 'NONE', #8643, .T. ) ;
#2918 = ORIENTED_EDGE ( 'NONE', *, *, #8299, .T. ) ;
#2919 = ORIENTED_EDGE ( 'NONE', *, *, #2518, .F. ) ;
#2920 = CARTESIAN_POINT ( 'NONE',  ( -1.153611605577076649, 47.71663046453083723, 204.9482023332519987 ) ) ;
#2921 = EDGE_CURVE ( 'NONE', #333, #3157, #7956, .T. ) ;
#2922 = CARTESIAN_POINT ( 'NONE',  ( -6.761236512651837671, 34.54424008616648933, 337.1148885293121680 ) ) ;
#2923 = CARTESIAN_POINT ( 'NONE',  ( 27.18430358550782344, 24.81531071749770234, 366.9993764449960167 ) ) ;
#2924 = CARTESIAN_POINT ( 'NONE',  ( 0.7208842533493251548, 36.83716990591619123, 319.6331860535306078 ) ) ;
#2925 = CARTESIAN_POINT ( 'NONE',  ( 6.310647644256063948, 24.66223763387023027, 400.3648153777331231 ) ) ;
#2926 = CARTESIAN_POINT ( 'NONE',  ( -0.4768778034924910925, 43.82595176198699960, 282.5822828858514981 ) ) ;
#2927 = CARTESIAN_POINT ( 'NONE',  ( -0.003294345898725401563, 37.16042184082672861, 331.4493103031246051 ) ) ;
#2928 = CARTESIAN_POINT ( 'NONE',  ( -2.846830710822273236, -1.888371530433603951, -51.63176871257518741 ) ) ;
#2929 = CARTESIAN_POINT ( 'NONE',  ( -0.000000000000000000, 33.18899474595300347, 372.7748388173413900 ) ) ;
#2930 = CARTESIAN_POINT ( 'NONE',  ( -40.68679240127953989, 18.74469346707640227, 365.7239276562191321 ) ) ;
#2931 = CARTESIAN_POINT ( 'NONE',  ( 45.10002087978347163, 22.85677387757230861, 332.7622862108172512 ) ) ;
#2932 = ORIENTED_EDGE ( 'NONE', *, *, #8182, .T. ) ;
#2933 = PRESENTATION_LAYER_ASSIGNMENT (  '', '', ( #5527 ) ) ;
#2934 = CARTESIAN_POINT ( 'NONE',  ( -32.10672132827489378, 31.35486767544725595, 308.4622571912003650 ) ) ;
#2935 = CARTESIAN_POINT ( 'NONE',  ( 12.91435255697667195, 37.55817910196157783, 306.1007676558352841 ) ) ;
#2936 = CARTESIAN_POINT ( 'NONE',  ( 0.000000000000000000, 37.16042184082672861, 334.4493103031246051 ) ) ;
#2937 = LINE ( 'NONE', #8421, #8668 ) ;
#2938 = CARTESIAN_POINT ( 'NONE',  ( -32.38617831090331123, 35.88586748535620785, 252.8942154290465396 ) ) ;
#2939 = CARTESIAN_POINT ( 'NONE',  ( -1.451531298192344277, -4.583017096774475441, 541.4743903544048180 ) ) ;
#2940 = CARTESIAN_POINT ( 'NONE',  ( 3.289006796241746411, 7.681208134219242645, -36.06530541306337057 ) ) ;
#2941 = CARTESIAN_POINT ( 'NONE',  ( -30.39912519197030605, 31.03618929742049559, 318.0287822360612608 ) ) ;
#2942 = CARTESIAN_POINT ( 'NONE',  ( -5.882888988652245743, 42.38580333701526115, 298.7586613606674177 ) ) ;
#2943 = CARTESIAN_POINT ( 'NONE',  ( -3.697115022307933430, 45.06426518965499639, 263.7742111113460624 ) ) ;
#2944 = CARTESIAN_POINT ( 'NONE',  ( 1.090365611298350412, 41.31448362890726145, 270.9674454845503533 ) ) ;
#2945 = CARTESIAN_POINT ( 'NONE',  ( 49.29743671353512013, 37.20513467868398294, 254.3835889086999487 ) ) ;
#2946 = CARTESIAN_POINT ( 'NONE',  ( -25.16215815006393797, 21.69020377844994485, 386.2272764110081198 ) ) ;
#2947 = DIRECTION ( 'NONE',  ( 1.000000000000000000, 0.000000000000000000, 0.000000000000000000 ) ) ;
#2948 = CARTESIAN_POINT ( 'NONE',  ( -19.71339106643237926, 31.58130453472043797, 343.8602864624130007 ) ) ;
#2949 = DIRECTION ( 'NONE',  ( 1.000000000000000000, -4.144127374773674457E-16, 6.390485304648115469E-15 ) ) ;
#2950 = CARTESIAN_POINT ( 'NONE',  ( -86.87707805841237985, -10.34748271511437778, 49.68820832564044565 ) ) ;
#2951 = CARTESIAN_POINT ( 'NONE',  ( -7.428202490003734226, 36.66744876244504781, 319.1352941046893079 ) ) ;
#2952 = CARTESIAN_POINT ( 'NONE',  ( 9.933963746092876690, 20.75815188814341283, 416.2117471085996385 ) ) ;
#2953 = CARTESIAN_POINT ( 'NONE',  ( 10.58935760370001589, 35.25306736790503237, 329.2546789084715897 ) ) ;
#2954 = CARTESIAN_POINT ( 'NONE',  ( -56.19787954467784630, 2.127072668286307255, 212.5857681456718353 ) ) ;
#2955 = ADVANCED_FACE ( 'NONE', ( #6990 ), #1618, .T. ) ;
#2956 = CARTESIAN_POINT ( 'NONE',  ( 16.50298817240669891, 40.69340810498631100, 255.0493121339592619 ) ) ;
#2957 = LINE ( 'NONE', #5713, #2793 ) ;
#2958 = ORIENTED_EDGE ( 'NONE', *, *, #8062, .F. ) ;
#2959 = ORIENTED_EDGE ( 'NONE', *, *, #2633, .T. ) ;
#2960 = CARTESIAN_POINT ( 'NONE',  ( 5.833484303085390010, 40.14202268965824771, 320.0000000000000568 ) ) ;
#2961 = CARTESIAN_POINT ( 'NONE',  ( -2.602543022667872297, 35.17138250553260548, 333.6170497532980903 ) ) ;
#2962 = CARTESIAN_POINT ( 'NONE',  ( 33.61626971967105959, 22.43333145203285639, 363.7226668297540186 ) ) ;
#2963 = CARTESIAN_POINT ( 'NONE',  ( 4.747842468311010755, 36.75241927922524354, 319.6320810687987546 ) ) ;
#2964 = CARTESIAN_POINT ( 'NONE',  ( -2.039638019020187709, 43.88502809175690800, 281.4119383843346327 ) ) ;
#2965 = DIRECTION ( 'NONE',  ( 3.575276321511214631E-08, 0.000000000000000000, 0.9999999999999993339 ) ) ;
#2966 = ADVANCED_FACE ( 'NONE', ( #8335 ), #894, .F. ) ;
#2967 = CARTESIAN_POINT ( 'NONE',  ( -0.1555573289469122933, 43.23308459658844782, 281.9339774583896201 ) ) ;
#2968 = CARTESIAN_POINT ( 'NONE',  ( 3.313916258227276757, 1.354737596468937211, -46.71700391772461813 ) ) ;
#2969 = CARTESIAN_POINT ( 'NONE',  ( -0.000000000000000000, 28.63026830775089948, 400.7085077931594128 ) ) ;
#2970 = CARTESIAN_POINT ( 'NONE',  ( -0.4681835768718347057, 30.18310525034250347, 370.0237233850082816 ) ) ;
#2971 = CARTESIAN_POINT ( 'NONE',  ( 24.61956057487059368, 31.15207883515786946, 335.9981504939491401 ) ) ;
#2972 = ORIENTED_EDGE ( 'NONE', *, *, #8727, .T. ) ;
#2973 = EDGE_CURVE ( 'NONE', #6581, #1208, #1535, .T. ) ;
#2974 = CARTESIAN_POINT ( 'NONE',  ( -20.63433405444380853, 35.08163949626189293, 314.2152934259170820 ) ) ;
#2975 = CARTESIAN_POINT ( 'NONE',  ( 4.043188603561783445, 37.33373042571407296, 314.5559081867251621 ) ) ;
#2976 = CARTESIAN_POINT ( 'NONE',  ( -5.509241318674111968E-10, 38.88521462212378310, 331.4493103003381975 ) ) ;
#2977 = CARTESIAN_POINT ( 'NONE',  ( 0.3111119886998796602, 40.46959300845973218, 281.9339774583896201 ) ) ;
#2978 = CARTESIAN_POINT ( 'NONE',  ( -23.55185149034365821, 39.40297663844987142, 245.6182827040549910 ) ) ;
#2979 = CARTESIAN_POINT ( 'NONE',  ( 1.423592574024759250, 42.54900955428178833, 298.0807919074272831 ) ) ;
#2980 = CARTESIAN_POINT ( 'NONE',  ( 0.000000000000000000, -9.999999999999710454, 558.9422371214541272 ) ) ;
#2981 = CARTESIAN_POINT ( 'NONE',  ( 27.66326358064004864, 13.52599411192533374, -1.587463340206875628 ) ) ;
#2982 = AXIS2_PLACEMENT_3D ( 'NONE', #8064, #7414, #5403 ) ;
#2983 = CARTESIAN_POINT ( 'NONE',  ( -12.86763501152441869, 36.36898257731363060, 317.2294948403561534 ) ) ;
#2984 = CARTESIAN_POINT ( 'NONE',  ( -149.9999999999998010, 15.67153765998659942, 312.2062866230721170 ) ) ;
#2985 = CARTESIAN_POINT ( 'NONE',  ( 0.000000000000000000, 37.16042184082672861, 334.4493103031246051 ) ) ;
#2986 = CARTESIAN_POINT ( 'NONE',  ( 49.85961770655312364, 26.84856272507733266, 278.7166935975974411 ) ) ;
#2987 = CIRCLE ( 'NONE', #7442, 0.6000000000000047518 ) ;
#2988 = CARTESIAN_POINT ( 'NONE',  ( 48.09887603462018291, 19.47765558591667556, 290.8986780379959782 ) ) ;
#2989 = CARTESIAN_POINT ( 'NONE',  ( -7.368309092278903627, 25.06701675052491041, 397.1993155472987951 ) ) ;
#2990 = CARTESIAN_POINT ( 'NONE',  ( -0.002169421913088400832, 43.88605370360129854, 281.9339774583895633 ) ) ;
#2991 = CARTESIAN_POINT ( 'NONE',  ( -29.13573203175064208, 28.47445334969102149, 341.5755276895856696 ) ) ;
#2992 = CARTESIAN_POINT ( 'NONE',  ( -2.575276621184612036E-14, 35.46042503095549847, 331.4493103031279588 ) ) ;
#2993 = AXIS2_PLACEMENT_3D ( 'NONE', #958, #2360, #5117 ) ;
#2994 = CARTESIAN_POINT ( 'NONE',  ( 0.9462317272739826368, 1.580906215184355590, -46.59094046645357423 ) ) ;
#2995 = CARTESIAN_POINT ( 'NONE',  ( 0.2557315569110159559, 36.95439033186507771, 318.5997695387837894 ) ) ;
#2996 = CARTESIAN_POINT ( 'NONE',  ( 17.99428871489770643, 19.34991165062296048, 409.9951800876428933 ) ) ;
#2997 = CARTESIAN_POINT ( 'NONE',  ( 1.855175972608818169, 35.65963942935611897, 329.7255470877130392 ) ) ;
#2998 = VECTOR ( 'NONE', #5055, 1000.000000000000114 ) ;
#2999 = CARTESIAN_POINT ( 'NONE',  ( 0.9247670608693169259, 16.13791471914375109, -18.92185757000694935 ) ) ;
#3000 = FACE_OUTER_BOUND ( 'NONE', #7574, .T. ) ;
#3001 = VECTOR ( 'NONE', #7240, 1000.000000000000000 ) ;
#3002 = ORIENTED_EDGE ( 'NONE', *, *, #8561, .T. ) ;
#3003 = VERTEX_POINT ( 'NONE', #4296 ) ;
#3004 = CARTESIAN_POINT ( 'NONE',  ( 6.132859819528112766, 28.43009116092171595, 399.5846028973078319 ) ) ;
#3005 = CARTESIAN_POINT ( 'NONE',  ( -27.19370707681825294, 31.23749322107500603, 327.9376910013571091 ) ) ;
#3006 = CARTESIAN_POINT ( 'NONE',  ( 0.2583232344700071570, 27.84116277043815657, 384.7994772277550624 ) ) ;
#3007 = CARTESIAN_POINT ( 'NONE',  ( 14.93017708634683238, 35.80303684001142983, 319.1616627538168700 ) ) ;
#3008 = CARTESIAN_POINT ( 'NONE',  ( -3.364888971291966513, 43.88907027694767748, 280.8020825119707524 ) ) ;
#3009 = CARTESIAN_POINT ( 'NONE',  ( -0.000000000000000000, 43.78781110066709914, 282.2479248373708174 ) ) ;
#3010 = DIRECTION ( 'NONE',  ( -0.9998541083274645747, 0.01708104389933487802, 2.250463315092626710E-13 ) ) ;
#3011 = CARTESIAN_POINT ( 'NONE',  ( 86.34215386717033880, -3.295932708773868125, 58.85122590806797405 ) ) ;
#3012 = CARTESIAN_POINT ( 'NONE',  ( -0.000000000000000000, 33.43062776543909109, 371.2067812169470926 ) ) ;
#3013 = CARTESIAN_POINT ( 'NONE',  ( -0.6571571715116708567, 30.18253593509176014, 369.9967926971976340 ) ) ;
#3014 = CARTESIAN_POINT ( 'NONE',  ( 3.178581364844979884, 34.51546216650509535, 338.8625397106335981 ) ) ;
#3015 = VERTEX_POINT ( 'NONE', #7030 ) ;
#3016 = EDGE_CURVE ( 'NONE', #7521, #3474, #2131, .T. ) ;
#3017 = CARTESIAN_POINT ( 'NONE',  ( 0.3357418835481879582, 37.12499675188873738, 317.0529901314170047 ) ) ;
#3018 = CARTESIAN_POINT ( 'NONE',  ( -24.02429929892633709, 34.02440310928467682, 314.4006970881137590 ) ) ;
#3019 = CARTESIAN_POINT ( 'NONE',  ( -0.4564321585024888051, 37.40904801314466255, 314.4465827537679274 ) ) ;
#3020 = CARTESIAN_POINT ( 'NONE',  ( 44.79208460059819430, 26.80341731187045440, 331.4493103031246619 ) ) ;
#3021 = FACE_OUTER_BOUND ( 'NONE', #4114, .T. ) ;
#3022 = CARTESIAN_POINT ( 'NONE',  ( -21.59383934702765373, 40.02939173882311508, 244.2298516883222419 ) ) ;
#3023 = CARTESIAN_POINT ( 'NONE',  ( -13.42993013484968756, 41.72605030748574251, 299.6411483311551933 ) ) ;
#3024 = CARTESIAN_POINT ( 'NONE',  ( 7.193853010854474483, -10.41107745454391420, 557.8597997808570881 ) ) ;
#3025 = EDGE_CURVE ( 'NONE', #7848, #5494, #4885, .T. ) ;
#3026 = CARTESIAN_POINT ( 'NONE',  ( -4.041189228024158808, 37.05698214205478536, 317.0986269989321613 ) ) ;
#3027 = CARTESIAN_POINT ( 'NONE',  ( 1.153611605577076649, 47.71663046453083723, 204.9482023332519987 ) ) ;
#3028 = CARTESIAN_POINT ( 'NONE',  ( -3.069291117469402863, 45.09345458098632520, 263.8186719878431745 ) ) ;
#3029 = CARTESIAN_POINT ( 'NONE',  ( 0.6956187902802527523, 40.67913581173171167, 279.5938908373919958 ) ) ;
#3030 = CARTESIAN_POINT ( 'NONE',  ( 14.61713605283470763, 44.60612277303756201, 256.7277770913618156 ) ) ;
#3031 = CARTESIAN_POINT ( 'NONE',  ( -9.406769672657965486, 24.88741264487153160, 396.2171664379781646 ) ) ;
#3032 = CARTESIAN_POINT ( 'NONE',  ( 41.95442554095437515, 24.94043954472541103, 350.8671110142665270 ) ) ;
#3033 = CARTESIAN_POINT ( 'NONE',  ( -33.89981069397227742, 27.39876995019492156, 334.3842570171055399 ) ) ;
#3034 = CARTESIAN_POINT ( 'NONE',  ( 42.75445932639104285, 25.75585501620750151, 334.4493103031246051 ) ) ;
#3035 = CARTESIAN_POINT ( 'NONE',  ( -56.44355950920334664, -5.401506154520962610, 202.8927154750770683 ) ) ;
#3036 = CARTESIAN_POINT ( 'NONE',  ( -30.39617429215662980, 30.89820906748816043, 319.2495723660030649 ) ) ;
#3037 = CARTESIAN_POINT ( 'NONE',  ( 1.083306667524099209, 43.24416658580899764, 235.3823528832122918 ) ) ;
#3038 = CARTESIAN_POINT ( 'NONE',  ( 28.73130685361385872, 29.73567570849698427, 334.1156080470680649 ) ) ;
#3039 = CARTESIAN_POINT ( 'NONE',  ( -3.268646977093212946, 11.48290530004461019, -28.67737780092130606 ) ) ;
#3040 = CARTESIAN_POINT ( 'NONE',  ( 5.966662445443049911, 185.1096706392855253, 321.3063183948596588 ) ) ;
#3041 = LINE ( 'NONE', #7012, #7518 ) ;
#3042 = EDGE_LOOP ( 'NONE', ( #6910, #2419, #5519, #7097 ) ) ;
#3043 = ORIENTED_EDGE ( 'NONE', *, *, #7472, .F. ) ;
#3044 = CARTESIAN_POINT ( 'NONE',  ( 42.60652105880237173, 30.35201058883452419, 345.2738653162223272 ) ) ;
#3045 = CARTESIAN_POINT ( 'NONE',  ( -27.17736755311119623, 30.81456009051349909, 331.1802889471367166 ) ) ;
#3046 = CARTESIAN_POINT ( 'NONE',  ( 19.02993805038229524, 25.94031621568596435, 377.7380999803842769 ) ) ;
#3047 = CARTESIAN_POINT ( 'NONE',  ( 33.66902409266704410, 29.37336160451073752, 319.6545923556168418 ) ) ;
#3048 = CARTESIAN_POINT ( 'NONE',  ( -2.788324926395679082, 43.93246643474866175, 280.5197020087622377 ) ) ;
#3049 = CARTESIAN_POINT ( 'NONE',  ( 24.54877487504607458, 60.00000000000000711, 255.0493118463000997 ) ) ;
#3050 = CARTESIAN_POINT ( 'NONE',  ( -45.13153351253470191, 33.15934135980342035, 266.3389940381636052 ) ) ;
#3051 = CARTESIAN_POINT ( 'NONE',  ( -2.799917590529235500, 11.95000122839068979, -28.37908123879857314 ) ) ;
#3052 = FACE_OUTER_BOUND ( 'NONE', #1349, .T. ) ;
#3053 = CARTESIAN_POINT ( 'NONE',  ( 7.641036333621944010, 32.20859109644747065, 353.6604636770895809 ) ) ;
#3054 = VERTEX_POINT ( 'NONE', #3480 ) ;
#3055 = CARTESIAN_POINT ( 'NONE',  ( 32.01819056073936309, 30.40763503508477683, 317.2608791603771010 ) ) ;
#3056 = CARTESIAN_POINT ( 'NONE',  ( -33.76425625444340994, 30.56995655343256857, 308.6787864197514182 ) ) ;
#3057 = CARTESIAN_POINT ( 'NONE',  ( 30.41386939209353102, 31.30558440259426689, 315.5865221750366345 ) ) ;
#3058 = LINE ( 'NONE', #2936, #4438 ) ;
#3059 = DIRECTION ( 'NONE',  ( 0.000000000000000000, 0.1897509006088692884, -0.9818322645534331983 ) ) ;
#3060 = CARTESIAN_POINT ( 'NONE',  ( 1.152399872798631542, 44.75105750813721528, 261.4230071793296020 ) ) ;
#3061 = CARTESIAN_POINT ( 'NONE',  ( -1.676507941506811594, 36.02744328790266337, 354.3090623948346547 ) ) ;
#3062 = EDGE_CURVE ( 'NONE', #1972, #4050, #3654, .T. ) ;
#3063 = CARTESIAN_POINT ( 'NONE',  ( 58.62154318630234684, -4.489909763417698763, 423.0794994535144156 ) ) ;
#3064 = AXIS2_PLACEMENT_3D ( 'NONE', #6607, #5304, #429 ) ;
#3065 = CARTESIAN_POINT ( 'NONE',  ( 0.4558648983517383790, 37.12618728907464316, 317.0440512697344957 ) ) ;
#3066 = CARTESIAN_POINT ( 'NONE',  ( -47.31906922256366244, 16.34140955976334197, 320.0000000000000568 ) ) ;
#3067 = CARTESIAN_POINT ( 'NONE',  ( -1.770499738515467714, 44.69895513508896556, 261.6972011268163669 ) ) ;
#3068 = B_SPLINE_CURVE_WITH_KNOTS ( 'NONE', 3,
 ( #5682, #8409, #6433, #5000, #256, #3009, #297, #1695 ),
 .UNSPECIFIED., .F., .F.,
 ( 4, 2, 2, 4 ),
 ( 0.000000000000000000, 0.0002465130558875226535, 0.0004930261117750453070, 0.0009860522235499542213 ),
 .UNSPECIFIED. ) ;
#3069 = CARTESIAN_POINT ( 'NONE',  ( 32.93599951424945260, 32.94004800014668888, 289.0307055955875057 ) ) ;
#3070 = B_SPLINE_CURVE_WITH_KNOTS ( 'NONE', 3,
 ( #6062, #8308, #2106, #1960 ),
 .UNSPECIFIED., .F., .F.,
 ( 4, 4 ),
 ( 9.574309429461623358E-17, 0.005446269845133704449 ),
 .UNSPECIFIED. ) ;
#3071 = EDGE_CURVE ( 'NONE', #8703, #3373, #4496, .T. ) ;
#3072 = CARTESIAN_POINT ( 'NONE',  ( 1.897151511910303734, 46.91140964979707206, 229.3722862163716343 ) ) ;
#3073 = CARTESIAN_POINT ( 'NONE',  ( -0.04880213488508811093, 26.63072588716413591, 392.0496141972210467 ) ) ;
#3074 = CARTESIAN_POINT ( 'NONE',  ( 0.4777722426654275600, 43.87830855511509043, 281.9339774583896769 ) ) ;
#3075 = CARTESIAN_POINT ( 'NONE',  ( -14.21586629092771936, 32.64001926578706758, 345.0007856508914870 ) ) ;
#3076 = CARTESIAN_POINT ( 'NONE',  ( 0.000000000000000000, 18.81336334461916948, 425.6312990209411282 ) ) ;
#3077 = B_SPLINE_CURVE_WITH_KNOTS ( 'NONE', 3,
 ( #37, #5001, #7608, #3559, #7731, #8453, #2244, #5683, #4330, #3644, #4154, #4828, #6396, #4875, #215, #2842, #1441, #6895, #4202, #716, #171, #4244, #3469, #802, #6220, #6267, #2797, #5596, #4920, #5641, #7692, #760 ),
 .UNSPECIFIED., .F., .F.,
 ( 4, 2, 2, 2, 2, 2, 2, 2, 2, 2, 2, 2, 2, 2, 2, 4 ),
 ( 0.000000000000000000, 0.005123337251096132111, 0.006404171563870126975, 0.007685005876644121839, 0.01024667450219226249, 0.01280834312774040314, 0.01408917744051454285, 0.01537001175328868256, 0.02049334900438496559, 0.02305501762993309930, 0.02561668625548123648, 0.02817835488102936672, 0.03074002350657750043, 0.03330169213212563761, 0.03586336075767378173, 0.04098669800877004915 ),
 .UNSPECIFIED. ) ;
#3078 = CARTESIAN_POINT ( 'NONE',  ( 0.9391192593045467607, 7.969336849332791850, -35.88766685587286531 ) ) ;
#3079 = EDGE_CURVE ( 'NONE', #2065, #613, #4329, .T. ) ;
#3080 = CARTESIAN_POINT ( 'NONE',  ( -8.062843516858418269, 36.62052122536322685, 319.1371638691212524 ) ) ;
#3081 = CARTESIAN_POINT ( 'NONE',  ( 5.319214477233639826, 42.89697386309018867, 236.5728471562130153 ) ) ;
#3082 = FACE_OUTER_BOUND ( 'NONE', #519, .T. ) ;
#3083 = CARTESIAN_POINT ( 'NONE',  ( -2.883333089012468431, 37.06396331801435196, 58.55160058116674549 ) ) ;
#3084 = CARTESIAN_POINT ( 'NONE',  ( -0.4666624454428923707, 44.78686955249617796, 261.3537278318258927 ) ) ;
#3085 = CARTESIAN_POINT ( 'NONE',  ( 2.723756346953267737, 40.51216393228713741, 280.6381545529263803 ) ) ;
#3086 = ORIENTED_EDGE ( 'NONE', *, *, #8410, .F. ) ;
#3087 = ORIENTED_EDGE ( 'NONE', *, *, #8193, .F. ) ;
#3088 = CARTESIAN_POINT ( 'NONE',  ( 1.649437573462356754, 41.01991156795418902, 312.8522970477960143 ) ) ;
#3089 = CARTESIAN_POINT ( 'NONE',  ( -36.87704838372232530, 0.06862354129085444787, 457.0708091009332747 ) ) ;
#3090 = CARTESIAN_POINT ( 'NONE',  ( -1.100216690003734010, 35.18312620151279191, 333.7115558556377550 ) ) ;
#3091 = CARTESIAN_POINT ( 'NONE',  ( -0.4878246621521282189, 25.38458241900000090, 399.2241551651649161 ) ) ;
#3092 = CARTESIAN_POINT ( 'NONE',  ( 0.5283345331162898617, 36.60765521546393586, 321.6924575625919829 ) ) ;
#3093 = CARTESIAN_POINT ( 'NONE',  ( 0.000000000000000000, 23.09037415192559806, 413.8493118462999973 ) ) ;
#3094 = CARTESIAN_POINT ( 'NONE',  ( -42.07443006745447889, 26.86136150171395442, 352.3022309491431656 ) ) ;
#3095 = CARTESIAN_POINT ( 'NONE',  ( -2.145165295397433169E-08, 45.74766521858110480, 255.0493127239866169 ) ) ;
#3096 = CARTESIAN_POINT ( 'NONE',  ( -0.8666741317026296354, 31.46901978515835552, 29.51441602890792737 ) ) ;
#3097 = CARTESIAN_POINT ( 'NONE',  ( 5.509241318674111968E-10, 38.88521462212378310, 331.4493103003381975 ) ) ;
#3098 = CARTESIAN_POINT ( 'NONE',  ( 17.90519512719507844, 30.92041844792379379, 351.2595201115294685 ) ) ;
#3099 = ORIENTED_EDGE ( 'NONE', *, *, #5232, .T. ) ;
#3100 = CARTESIAN_POINT ( 'NONE',  ( 0.6639008682280737039, 31.31281211074484716, 362.4725265853441556 ) ) ;
#3101 = CARTESIAN_POINT ( 'NONE',  ( -4.044357978422422839, 37.44253381417270532, 313.5351867152708110 ) ) ;
#3102 = CARTESIAN_POINT ( 'NONE',  ( 7.429250823638698265, 36.83338182177128317, 317.6431575553733069 ) ) ;
#3103 = CARTESIAN_POINT ( 'NONE',  ( 28.80705079834550020, 32.11642083250423241, 314.6790193203626700 ) ) ;
#3104 = CARTESIAN_POINT ( 'NONE',  ( 28.44191142414713269, 17.09326243298172798, 398.8298970715779319 ) ) ;
#3105 = LINE ( 'NONE', #3779, #6588 ) ;
#3106 = CARTESIAN_POINT ( 'NONE',  ( 1.805062433048234105, 45.27883341567233799, 261.7170685623833606 ) ) ;
#3107 = CARTESIAN_POINT ( 'NONE',  ( -47.66603692990846497, 18.68161657458673020, 299.3736835281314370 ) ) ;
#3108 = CARTESIAN_POINT ( 'NONE',  ( -9.789959243363554720, 38.48233284685087341, 331.4493103031244914 ) ) ;
#3109 = CARTESIAN_POINT ( 'NONE',  ( -14.93202849455260051, 35.96155557762910604, 317.7419323669664095 ) ) ;
#3110 = CARTESIAN_POINT ( 'NONE',  ( -6.244008511223442248, 25.66205074593666069, 414.3400517412663362 ) ) ;
#3111 = CARTESIAN_POINT ( 'NONE',  ( -0.4873802908427971037, 45.38535174973733177, 260.7910082619118270 ) ) ;
#3112 = CARTESIAN_POINT ( 'NONE',  ( 3.452813682165677189, 41.19866325429661913, 271.4062947774348800 ) ) ;
#3113 = CARTESIAN_POINT ( 'NONE',  ( 150.0000000000000000, 14.77013292611521500, 320.0000541252218227 ) ) ;
#3114 = CARTESIAN_POINT ( 'NONE',  ( 2.788324926393383141, 43.93246643475153235, 280.5197020087685473 ) ) ;
#3115 = CARTESIAN_POINT ( 'NONE',  ( -2.865643619534015141, -19.79597498845155457, -71.17153684286878956 ) ) ;
#3116 = CARTESIAN_POINT ( 'NONE',  ( 42.96315962213277828, 23.82309086121978581, 331.4493103031246619 ) ) ;
#3117 = B_SPLINE_CURVE_WITH_KNOTS ( 'NONE', 3,
 ( #3709, #1508, #6459, #2225, #7003, #3032, #4982, #4267 ),
 .UNSPECIFIED., .F., .F.,
 ( 4, 2, 2, 4 ),
 ( 5.605063087764202676E-17, 0.01480410454636612097, 0.02960820909273218643, 0.05921641818546431735 ),
 .UNSPECIFIED. ) ;
#3118 = EDGE_CURVE ( 'NONE', #6094, #7014, #2937, .T. ) ;
#3119 = CARTESIAN_POINT ( 'NONE',  ( -80.59194385665391280, 16.18280436951648937, 103.7926928775323461 ) ) ;
#3120 = CARTESIAN_POINT ( 'NONE',  ( 7.500000000000000000, 22.01701753502480940, 413.0240909614261113 ) ) ;
#3121 = CARTESIAN_POINT ( 'NONE',  ( -4.747962126418208584, 36.80899131015120673, 319.1280925242508602 ) ) ;
#3122 = CARTESIAN_POINT ( 'NONE',  ( 45.29016784782648131, 11.91499786996189947, 388.4671520334824208 ) ) ;
#3123 = DIRECTION ( 'NONE',  ( 1.000000000000000000, 0.000000000000000000, 0.000000000000000000 ) ) ;
#3124 = CARTESIAN_POINT ( 'NONE',  ( 2.367866279720466594, 41.04594610967017587, 79.94441032751126386 ) ) ;
#3125 = CARTESIAN_POINT ( 'NONE',  ( 22.55721861881688639, 39.28313109292242444, 255.0493119175037862 ) ) ;
#3126 = CARTESIAN_POINT ( 'NONE',  ( 0.8098589417109018918, 40.46079461750129269, 281.9339774583895633 ) ) ;
#3127 = ORIENTED_EDGE ( 'NONE', *, *, #8193, .T. ) ;
#3128 = CARTESIAN_POINT ( 'NONE',  ( -13.90261959505029310, 29.33021811408189450, 366.5422412471156122 ) ) ;
#3129 = CARTESIAN_POINT ( 'NONE',  ( -0.9419369969250757091, 40.21919929812739269, 320.0004459445724478 ) ) ;
#3130 = EDGE_CURVE ( 'NONE', #4446, #3250, #6361, .T. ) ;
#3131 = AXIS2_PLACEMENT_3D ( 'NONE', #6882, #2915, #4232 ) ;
#3132 = CARTESIAN_POINT ( 'NONE',  ( -6.953941588068372148, 6.120562770953910992, 500.2070897956710951 ) ) ;
#3133 = CARTESIAN_POINT ( 'NONE',  ( -0.7150868184288529106, 35.18324337856318351, 333.7348630148283632 ) ) ;
#3134 = CARTESIAN_POINT ( 'NONE',  ( 45.19493112998112849, 16.36933170540958926, 368.9086714871650088 ) ) ;
#3135 = CARTESIAN_POINT ( 'NONE',  ( 0.1402167947609870013, 36.60808113503192374, 321.6963830549197496 ) ) ;
#3136 = CARTESIAN_POINT ( 'NONE',  ( -40.98559370940202484, 20.68172321572608752, 355.6838208367684615 ) ) ;
#3137 = VECTOR ( 'NONE', #8712, 1000.000000000000000 ) ;
#3138 = CARTESIAN_POINT ( 'NONE',  ( -33.03633095656152818, 26.86136150171395442, 389.0746662281788417 ) ) ;
#3139 = CARTESIAN_POINT ( 'NONE',  ( 3.690959457694361401, 43.98499257479615210, 279.3850310815438434 ) ) ;
#3140 = CARTESIAN_POINT ( 'NONE',  ( 150.0000000000002558, 12.91824135705855703, 236.2496330257888815 ) ) ;
#3141 = CARTESIAN_POINT ( 'NONE',  ( -22.08091382019022575, 22.36491206090635941, 405.8997628005499791 ) ) ;
#3142 = CARTESIAN_POINT ( 'NONE',  ( 1.042411690745057573, 32.40084658787544214, 354.6967925470168552 ) ) ;
#3143 = CARTESIAN_POINT ( 'NONE',  ( 0.000000000000000000, 11.73449225725467926, -28.51670946738130752 ) ) ;
#3144 = ORIENTED_EDGE ( 'NONE', *, *, #6173, .T. ) ;
#3145 = CARTESIAN_POINT ( 'NONE',  ( -0.01262268959450608269, 30.18317454552761347, 370.0884696267458480 ) ) ;
#3146 = CARTESIAN_POINT ( 'NONE',  ( 0.2749049368707591201, 39.22959732166025049, 296.6232835866002233 ) ) ;
#3147 = CARTESIAN_POINT ( 'NONE',  ( 33.67200293087433494, 29.55159943968340386, 318.0889165755255590 ) ) ;
#3148 = CARTESIAN_POINT ( 'NONE',  ( 1.484997655656303150, 37.39655508588180766, 314.4914953580349106 ) ) ;
#3149 = FACE_OUTER_BOUND ( 'NONE', #3520, .T. ) ;
#3150 = CARTESIAN_POINT ( 'NONE',  ( 5.464712794160148768, 189.1210325244939554, 267.9569137512659722 ) ) ;
#3151 = CARTESIAN_POINT ( 'NONE',  ( 2.995109978902492642, 45.12807831844602191, 263.3198818789490474 ) ) ;
#3152 = CARTESIAN_POINT ( 'NONE',  ( -12.20178374623678863, 24.99215593519244649, 410.8332455709494866 ) ) ;
#3153 = DIRECTION ( 'NONE',  ( 0.000000000000000000, 0.000000000000000000, -1.000000000000000000 ) ) ;
#3154 = CARTESIAN_POINT ( 'NONE',  ( -14.93440238372083328, 36.06596004122952337, 316.7935579971019138 ) ) ;
#3155 = CARTESIAN_POINT ( 'NONE',  ( -5.833484303085390010, 38.83323711334092820, 331.6529499013212217 ) ) ;
#3156 = CARTESIAN_POINT ( 'NONE',  ( 0.000000000000000000, 0.000000000000000000, 0.000000000000000000 ) ) ;
#3157 = VERTEX_POINT ( 'NONE', #5651 ) ;
#3158 = CARTESIAN_POINT ( 'NONE',  ( 26.86202570453119165, 36.30765695960209172, 279.2550673701751975 ) ) ;
#3159 = CARTESIAN_POINT ( 'NONE',  ( 149.9999999999999432, 13.01685150340217767, 333.3876767047953535 ) ) ;
#3160 = CARTESIAN_POINT ( 'NONE',  ( -8.570650335342017812, 37.69505667819357342, 308.7204890704902596 ) ) ;
#3161 = CARTESIAN_POINT ( 'NONE',  ( -1.910429079689343501, -19.79771651802625598, -71.15970442798436579 ) ) ;
#3162 = CARTESIAN_POINT ( 'NONE',  ( 0.8970904936814303454, 43.82006684162668364, 282.5613099631271439 ) ) ;
#3163 = CARTESIAN_POINT ( 'NONE',  ( 1.797634613197362174, 24.83933354071738009, 4.965788233343842784 ) ) ;
#3164 = DIRECTION ( 'NONE',  ( -0.000000000000000000, 0.000000000000000000, -1.000000000000000000 ) ) ;
#3165 = CARTESIAN_POINT ( 'NONE',  ( -0.7211685925244335493, 37.00910107862591047, 318.0887112206665961 ) ) ;
#3166 = CARTESIAN_POINT ( 'NONE',  ( 26.22365888008160439, 17.25226208246192172, 402.7743180594183627 ) ) ;
#3167 = CARTESIAN_POINT ( 'NONE',  ( 38.95575247862763035, 25.32233681010081838, 332.5383978797803479 ) ) ;
#3168 = CARTESIAN_POINT ( 'NONE',  ( 1.797634613197362174, 24.83933354071738009, 4.965788233343842784 ) ) ;
#3169 = CARTESIAN_POINT ( 'NONE',  ( -40.60280021348228274, 13.01145990963888721, 391.2223938166250150 ) ) ;
#3170 = CARTESIAN_POINT ( 'NONE',  ( 3.049690682864143909, 40.57485821788792180, 279.6791281942395813 ) ) ;
#3171 = ORIENTED_EDGE ( 'NONE', *, *, #2034, .T. ) ;
#3172 = CARTESIAN_POINT ( 'NONE',  ( -10.95786067827572907, 30.84755248030244346, 360.3469025587731380 ) ) ;
#3173 = CARTESIAN_POINT ( 'NONE',  ( 6.611810512025710906, 16.54561046290216098, 457.6028839167674960 ) ) ;
#3174 = CARTESIAN_POINT ( 'NONE',  ( 0.6857961776820891142, 6.775705951531614701, 500.7587486378974972 ) ) ;
#3175 = CARTESIAN_POINT ( 'NONE',  ( -32.00680772341571156, 29.57474037847426729, 324.3775425049872183 ) ) ;
#3176 = CARTESIAN_POINT ( 'NONE',  ( 17.14022138931604999, 25.07075761973263894, 385.3083582341777742 ) ) ;
#3177 = CARTESIAN_POINT ( 'NONE',  ( 0.1394462405983072917, 36.37445331581604790, 323.7381187670252984 ) ) ;
#3178 = CARTESIAN_POINT ( 'NONE',  ( -3.049690682864143909, 40.57485821788792180, 279.6791281942395813 ) ) ;
#3179 = B_SPLINE_CURVE_WITH_KNOTS ( 'NONE', 3,
 ( #4736, #5456, #8184, #2027, #7511, #1342, #4108, #3422, #6174, #5501, #2748, #1389, #715, #6219, #36, #927, #4284, #7815, #884, #7691, #1608, #2288, #6395, #1650, #214, #2202, #3729, #7856, #4371, #4958 ),
 .UNSPECIFIED., .F., .F.,
 ( 4, 2, 2, 2, 2, 2, 2, 2, 2, 2, 2, 2, 2, 2, 4 ),
 ( 3.469446951953614189E-18, 0.005110932170847499664, 0.007666398256271328426, 0.01022186434169515719, 0.01533279651254266553, 0.01661052955525444200, 0.01788826259796621673, 0.02044372868338989457, 0.02299919476881357241, 0.02555466085423725026, 0.02811012693966092463, 0.03066559302508459900, 0.03577652519593195468, 0.03833199128135564293, 0.04088745736677931730 ),
 .UNSPECIFIED. ) ;
#3180 = DIRECTION ( 'NONE',  ( -1.000000000000000000, 0.000000000000000000, 0.000000000000000000 ) ) ;
#3181 = CARTESIAN_POINT ( 'NONE',  ( -45.97597456504511371, 32.71559404071515331, 267.7699682363401052 ) ) ;
#3182 = CARTESIAN_POINT ( 'NONE',  ( 0.000000000000000000, 31.36851352753711808, 29.45516409742108621 ) ) ;
#3183 = CARTESIAN_POINT ( 'NONE',  ( -23.45039593017502710, 22.02182797508326573, 404.6935725838755502 ) ) ;
#3184 = EDGE_CURVE ( 'NONE', #5494, #5980, #5559, .T. ) ;
#3185 = CARTESIAN_POINT ( 'NONE',  ( -0.7892887599068222348, 40.84728336498595525, 79.87203680722943488 ) ) ;
#3186 = ORIENTED_EDGE ( 'NONE', *, *, #6938, .T. ) ;
#3187 = CARTESIAN_POINT ( 'NONE',  ( 0.2875489623991434041, 31.31266877637262169, 362.5224514833533362 ) ) ;
#3188 = CARTESIAN_POINT ( 'NONE',  ( -2.640467636226624837, 39.88677104581836375, 288.3945971887397377 ) ) ;
#3189 = CARTESIAN_POINT ( 'NONE',  ( 42.93946124019230126, 25.45103403255907537, 317.8738216955257485 ) ) ;
#3190 = CARTESIAN_POINT ( 'NONE',  ( 1.484810246619346019, 37.28510655611631108, 315.5228059591203760 ) ) ;
#3191 = CARTESIAN_POINT ( 'NONE',  ( -42.75445932639104285, 25.75585501620750151, 334.4493103031246051 ) ) ;
#3192 = CARTESIAN_POINT ( 'NONE',  ( 7.500000000000000000, 18.81336334461916948, 425.6312990209411282 ) ) ;
#3193 = CARTESIAN_POINT ( 'NONE',  ( 1.979833483100076341, 35.45668130126210116, 331.4493103031245482 ) ) ;
#3194 = CARTESIAN_POINT ( 'NONE',  ( -54.57948805689258620, 2.996616612384304545, 392.2234430773698364 ) ) ;
#3195 = CARTESIAN_POINT ( 'NONE',  ( -21.25644817526988817, 36.45073334871957371, 331.4493103031246051 ) ) ;
#3196 = CARTESIAN_POINT ( 'NONE',  ( -38.97503036811662724, 27.23093129496236742, 317.4367026274950945 ) ) ;
#3197 = CARTESIAN_POINT ( 'NONE',  ( -6.132859819528112766, 28.43009116092171595, 399.5846028973078319 ) ) ;
#3198 = CARTESIAN_POINT ( 'NONE',  ( -5.038737633395826698, 23.14374948794803899, 413.5731306694514728 ) ) ;
#3199 = VERTEX_POINT ( 'NONE', #2171 ) ;
#3200 = CARTESIAN_POINT ( 'NONE',  ( 19.54782882255698695, 38.24790609532952601, 283.9252401861796216 ) ) ;
#3201 = CIRCLE ( 'NONE', #8089, 1.000000000000000666 ) ;
#3202 = CARTESIAN_POINT ( 'NONE',  ( 149.9999999999995737, 11.19476107030966361, 345.2779431210030907 ) ) ;
#3203 = CARTESIAN_POINT ( 'NONE',  ( 3.066662445442833729, 43.35539360983747059, 279.6786943204185150 ) ) ;
#3204 = CARTESIAN_POINT ( 'NONE',  ( -3.855949424156257965, 35.49057775053647390, 330.6644315794656563 ) ) ;
#3205 = CARTESIAN_POINT ( 'NONE',  ( -0.01039337678575912548, 60.00000000000000711, 413.8493118463000542 ) ) ;
#3206 = VECTOR ( 'NONE', #1272, 1000.000000000000000 ) ;
#3207 = CARTESIAN_POINT ( 'NONE',  ( -26.35674988608645464, 25.04923993672376170, 32.44508452609948534 ) ) ;
#3208 = CARTESIAN_POINT ( 'NONE',  ( -3.066662445442833729, 110.3999999999999773, 263.9480980988757892 ) ) ;
#3209 = CARTESIAN_POINT ( 'NONE',  ( -24.00100231621342672, 33.54559786271682498, 318.7744323586455835 ) ) ;
#3210 = CARTESIAN_POINT ( 'NONE',  ( 7.677570783041947067, 42.64727743031143348, 237.3989805168060059 ) ) ;
#3211 = CARTESIAN_POINT ( 'NONE',  ( 28.75268816891815504, 30.17079275021633222, 330.9765004338047447 ) ) ;
#3212 = CARTESIAN_POINT ( 'NONE',  ( -55.14185912003974011, 11.14502422987850849, 230.0543043816361433 ) ) ;
#3213 = CARTESIAN_POINT ( 'NONE',  ( -14.49870135746165190, 20.05245424251331343, 412.8383345099492203 ) ) ;
#3214 = CARTESIAN_POINT ( 'NONE',  ( -1.323505920743789366E-13, 38.16255300590657384, 307.2488406811531263 ) ) ;
#3215 = ORIENTED_EDGE ( 'NONE', *, *, #165, .T. ) ;
#3216 = CARTESIAN_POINT ( 'NONE',  ( -6.435912630216335195, 31.18925553609544110, 361.4734255188767520 ) ) ;
#3217 = CARTESIAN_POINT ( 'NONE',  ( 0.000000000000000000, 6.729893735435778623, 500.8079739285071810 ) ) ;
#3218 = AXIS2_PLACEMENT_3D ( 'NONE', #7451, #5580, #5438 ) ;
#3219 = B_SPLINE_SURFACE_WITH_KNOTS ( 'NONE', 3, 3, ( 
 ( #8801, #2634, #3407, #3452, #6784, #1375, #5389, #605, #4137, #5487 ),
 ( #8851, #6877, #699, #8214, #7591, #5535, #6110, #8168, #2011, #7495 ),
 ( #6832, #653, #6155, #6204, #22, #2781, #2228, #8352, #3713, #5665 ),
 ( #2186, #5790, #3544, #155, #1553, #5625, #283, #2910, #6419, #787 ),
 ( #5112, #198, #8520, #4944, #238, #2313, #7676, #2950, #3035, #6965 ),
 ( #952, #1634, #5069, #7045, #1676, #5750, #7841, #6294, #113, #2355 ),
 ( #911, #1511, #5030, #2871, #4270, #2273, #5707, #8435, #6337, #1594 ),
 ( #7758, #8480, #2994, #7006, #830, #8393, #7799, #4985, #6462, #3589 ),
 ( #3670, #7717, #4314, #869, #3627, #6378, #4356, #7088, #4396, #7128 ),
 ( #6545, #7925, #3078, #6677, #366, #3889, #7172, #1127, #2576, #6590 ),
 ( #8562, #6633, #8695, #5156, #413, #502, #5915, #7882, #3935, #4524 ),
 ( #4480, #1763, #2528, #8744, #7257, #1720, #8649, #8604, #2486, #1079 ),
 ( #3840, #8020, #5287, #4613, #1857, #995, #4439, #7343, #7212, #2393 ),
 ( #1170, #3163, #1037, #5331, #8063, #3796, #3754, #5243, #7974, #6504 ),
 ( #5872, #3253, #326, #454, #6003, #5831, #3207, #3119, #1808, #2439 ),
 ( #4565, #5199, #7300, #5960, #7390, #736, #3443, #548, #688, #6194 ),
 ( #6241, #1902, #2096, #4030, #7532, #8789, #6773, #6098, #8839, #3397 ),
 ( #2670, #6145, #4848, #4802, #8110, #1364, #5427, #4658, #3490, #7579 ),
 ( #4078, #8205, #1216, #13, #61, #4176, #8156, #8891, #1411, #2001 ),
 ( #3983, #6915, #592, #6723, #7485, #2622, #3301, #6867, #1315, #2772 ),
 ( #2817, #4756, #6821, #5524, #1950, #8254, #3348, #4707, #642, #2722 ),
 ( #5478, #2048, #1265, #4127, #5569, #6051, #5377, #7438, #102, #1624 ),
 ( #7077, #6998, #7788, #6452, #2138, #2261, #2304, #779, #3578, #3535 ),
 ( #819, #3027, #6285, #7119, #4893, #1502, #2901, #6957, #4387, #4262 ),
 ( #7626, #5020, #273, #1543, #943, #2860, #7749, #3662, #5615, #4304 ),
 ( #859, #8343, #3702, #8384, #2220, #901, #2179, #8296, #1457, #4936 ),
 ( #7036, #4218, #7667, #6328, #4345, #145, #5657, #4977, #7709, #3618 ),
 ( #5059, #6367, #6411, #188, #1584, #2942, #5698, #8427, #230, #2984 ),
 ( #5741, #8472, #8640, #1666, #7917, #6495, #5864, #8597, #2475, #3745 ),
 ( #1029, #3785, #7247, #1161, #6536, #1070, #5952, #5234, #3066, #7966 ),
 ( #5780, #7334, #8686, #5907, #1754, #3155, #2344, #4557, #3924, #8009 ),
 ( #7291, #1118, #2431, #6667, #8509, #2520, #7874, #5103, #5190, #314 ),
 ( #3878, #4517, #493, #6625, #7832, #4428, #7163, #987, #3831, #1799 ),
 ( #6579, #5821, #8552, #404, #446, #3197, #5145, #5277, #1846, #4603 ),
 ( #2384, #1712, #4472, #7204, #356, #3110, #2659, #1989, #3244, #1253 ),
 ( #5320, #536, #8052, #5416, #6713, #5993, #1892, #4745, #2564, #3287 ),
 ( #4646, #8730, #5365, #8145, #7379, #1206, #3973, #6039, #8777, #4696 ),
 ( #2610, #4019, #8099, #1938, #7426, #6761, #581, #3336, #6086, #8827 ),
 ( #4669, #7400, #4490, #6557, #1819, #3994, #2450, #6735, #8031, #1092 ),
 ( #7937, #5210, #7892, #6015, #8755, #2540, #7355, #3807, #5254, #5342 ),
 ( #379, #2587, #3174, #5927, #4625, #3132, #1227, #3089, #7222, #5884 ),
 ( #7268, #7312, #424, #5842, #2497, #6688, #3948, #3263, #512, #8573 ),
 ( #8075, #8616, #1048, #2406, #1913, #6602, #1775, #5166, #1730, #4535 ),
 ( #8662, #7985, #3854, #4578, #1139, #1182, #3901, #5299, #6644, #466 ),
 ( #3220, #5971, #8706, #1869, #1458, #2773, #5378, #14, #3536, #7627 ),
 ( #6868, #8297, #643, #4849, #593, #7486, #5570, #6146, #8892, #2139 ),
 ( #1412, #4803, #6242, #5479, #4894, #3398, #2723, #62, #2671, #3491 ),
 ( #8157, #8206, #2049, #737, #689, #6286, #3349, #2818, #8255, #4219 ) ),
 .UNSPECIFIED., .F., .F., .F.,
 ( 4, 3, 1, 1, 1, 1, 1, 1, 1, 1, 1, 1, 1, 1, 1, 1, 1, 1, 1, 1, 1, 1, 1, 1, 1, 3, 1, 1, 1, 1, 1, 1, 1, 1, 1, 1, 1, 1, 1, 1, 1, 4 ),
 ( 4, 3, 1, 1, 1, 4 ),
 ( 0.4847573055477913950, 0.4990857812012456374, 0.5032524761466716789, 0.5074191710920973319, 0.5115858660375233180, 0.5157525609829490820, 0.5199192559283750681, 0.5240859508738008321, 0.5324193407646525822, 0.5407527306555042212, 0.5490861205463560824, 0.5574195104372077214, 0.5657529003280594715, 0.5740862902189111105, 0.5824196801097627496, 0.5990864598914662498, 0.6157532396731697499, 0.6324200194548732501, 0.6490867992365765282, 0.6657535790182800284, 0.6824203587999835285, 0.6990871385816868067, 0.7157539183633904178, 0.7324206981450935849, 0.7490874779267970851, 0.7657542577085005853, 0.7934811804762516019, 0.8212081032440026185, 0.8350715646278780158, 0.8489350260117537461, 0.8627984873956292544, 0.8766619487795048737, 0.8905254101633801600, 0.9043888715472557793, 0.9182523329311313987, 0.9321157943150069070, 0.9459792556988821932, 0.9598427170827579236, 0.9737061784666334319, 0.9806379091585710750, 0.9841037745045400076, 0.9875696398505088291 ),
 ( -0.01000000000000000021, 0.000000000000000000, 0.03502224838491098391, 0.09383257832149248523, 0.1938325783214923659, 1.000000000000000000 ),
 .UNSPECIFIED. ) ;
#3220 = CARTESIAN_POINT ( 'NONE',  ( 2.188606651473533393, -7.176475229997554273, 550.0807433445178276 ) ) ;
#3221 = CARTESIAN_POINT ( 'NONE',  ( -10.59575883293056542, 35.70760565166187916, 325.4252221439813297 ) ) ;
#3222 = CARTESIAN_POINT ( 'NONE',  ( 13.26529249126784649, 24.38633710474881866, 394.0896392572781792 ) ) ;
#3223 = CARTESIAN_POINT ( 'NONE',  ( 4.747363835882187466, 36.52613115552131262, 321.6480352469901050 ) ) ;
#3224 = CARTESIAN_POINT ( 'NONE',  ( 42.07443006745447889, 17.08810814811356593, 352.3022309491431656 ) ) ;
#3225 = APPLICATION_CONTEXT ( 'automotive_design' ) ;
#3226 = CARTESIAN_POINT ( 'NONE',  ( 9.770080354281045903E-14, 37.85498796716760950, 310.2341831866867210 ) ) ;
#3227 = LINE ( 'NONE', #5977, #2862 ) ;
#3228 = CARTESIAN_POINT ( 'NONE',  ( 7.337931125358729267E-14, 39.02077602780727261, 298.8183703257925004 ) ) ;
#3229 = CARTESIAN_POINT ( 'NONE',  ( -2.469858351745394476, 37.72654402396099016, 58.86823661618673498 ) ) ;
#3230 = ORIENTED_EDGE ( 'NONE', *, *, #4406, .T. ) ;
#3231 =( NAMED_UNIT ( * ) SI_UNIT ( $, .STERADIAN. ) SOLID_ANGLE_UNIT ( ) );
#3232 = CARTESIAN_POINT ( 'NONE',  ( 1.038456943360836382, 31.31261257309193269, 362.4221542360920694 ) ) ;
#3233 = CARTESIAN_POINT ( 'NONE',  ( -5.549037967446752262, 39.73374769408224694, 288.8255223091813377 ) ) ;
#3234 = ADVANCED_FACE ( 'NONE', ( #1450, #6949 ), #181, .T. ) ;
#3235 = CARTESIAN_POINT ( 'NONE',  ( 22.36818518924724941, 34.24649109900700239, 317.4251694686741416 ) ) ;
#3236 = CARTESIAN_POINT ( 'NONE',  ( 6.164598794397683434, 37.70004893685911185, 310.2225332624773273 ) ) ;
#3237 = CARTESIAN_POINT ( 'NONE',  ( 0.4873802908429391012, 45.38535174973730335, 260.7910082619117134 ) ) ;
#3238 = CARTESIAN_POINT ( 'NONE',  ( 1.332633075455021299, 45.34947426982423480, 260.8754719886903217 ) ) ;
#3239 = CARTESIAN_POINT ( 'NONE',  ( 0.5283684085479281034, 28.60797005037408525, 400.7130692314507883 ) ) ;
#3240 = CARTESIAN_POINT ( 'NONE',  ( -29.83679928685814886, 18.89278588022660799, 388.5473441715133163 ) ) ;
#3241 = CARTESIAN_POINT ( 'NONE',  ( -5.464712794160139886, 41.21482910507307196, 256.8357904520240709 ) ) ;
#3242 = EDGE_CURVE ( 'NONE', #8875, #7521, #3526, .T. ) ;
#3243 = CARTESIAN_POINT ( 'NONE',  ( -0.5291820772451570898, 37.18069028907667217, 316.5383841503737017 ) ) ;
#3244 = CARTESIAN_POINT ( 'NONE',  ( -51.14854028299649258, 8.032565948868031214, 369.8610693905080211 ) ) ;
#3245 = CARTESIAN_POINT ( 'NONE',  ( -2.089710139255937182, 45.25499927983239701, 261.9136605491675596 ) ) ;
#3246 = EDGE_LOOP ( 'NONE', ( #4064, #8028, #6715, #4546 ) ) ;
#3247 = CARTESIAN_POINT ( 'NONE',  ( 6.849662414670667054, 38.94422404780959113, 297.3819415605358927 ) ) ;
#3248 = CARTESIAN_POINT ( 'NONE',  ( -1.508952792909321161, 32.03446681347313785, 380.7825399960755135 ) ) ;
#3249 = CARTESIAN_POINT ( 'NONE',  ( 2.532659650634706328, 43.26174075440798816, 280.9236923322378630 ) ) ;
#3250 = VERTEX_POINT ( 'NONE', #94 ) ;
#3251 = CARTESIAN_POINT ( 'NONE',  ( -7.704188304954917577, 35.31840883961971400, 330.4383684205492386 ) ) ;
#3252 = CARTESIAN_POINT ( 'NONE',  ( 3.363895505131755392, 43.88895046467979455, 280.8041121305302568 ) ) ;
#3253 = CARTESIAN_POINT ( 'NONE',  ( 1.766877480964753611, 28.41324036064381175, 17.19561693595092322 ) ) ;
#3254 = CARTESIAN_POINT ( 'NONE',  ( 9.770080354281045903E-14, 37.85498796716760950, 310.2341831866867210 ) ) ;
#3255 = CARTESIAN_POINT ( 'NONE',  ( -14.93058570087010040, 35.85612489071446163, 318.6886098180931981 ) ) ;
#3256 = CARTESIAN_POINT ( 'NONE',  ( 11.83348334903685739, 41.82105349571517650, 247.8006896294620844 ) ) ;
#3257 = CARTESIAN_POINT ( 'NONE',  ( -55.43352450434293388, 9.557879841706116153, 226.4234727364798800 ) ) ;
#3258 = CARTESIAN_POINT ( 'NONE',  ( -12.68010333311381288, 20.34762015684645675, 414.2042232406608377 ) ) ;
#3259 = DIRECTION ( 'NONE',  ( -1.000000000000000000, 0.000000000000000000, -0.000000000000000000 ) ) ;
#3260 = CARTESIAN_POINT ( 'NONE',  ( 0.3111118093023508280, 43.23064404089910084, 281.9339774583896201 ) ) ;
#3261 = CARTESIAN_POINT ( 'NONE',  ( -30.43458038365485407, 24.80392797255299087, 359.4600578696641833 ) ) ;
#3262 = CARTESIAN_POINT ( 'NONE',  ( -0.6201986524214535557, 17.04685725042859801, 458.4078278594934659 ) ) ;
#3263 = CARTESIAN_POINT ( 'NONE',  ( -36.39338372330776394, -3.366029079672264057, 468.1666420047091037 ) ) ;
#3264 = CARTESIAN_POINT ( 'NONE',  ( -4.746197811959328661, 36.06382694959654600, 325.6243899996501341 ) ) ;
#3265 = CARTESIAN_POINT ( 'NONE',  ( 31.73194548145376359, 20.78806871193255645, 376.0297513551407746 ) ) ;
#3266 = CARTESIAN_POINT ( 'NONE',  ( 10.59575883293058673, 35.70760565166189338, 325.4252221439813297 ) ) ;
#3267 = CARTESIAN_POINT ( 'NONE',  ( -3.690959457694364509, 43.98499257479618052, 279.3850310815435591 ) ) ;
#3268 = CARTESIAN_POINT ( 'NONE',  ( -33.03633095656152818, 17.08810814811356593, 389.0746662281788417 ) ) ;
#3269 = LINE ( 'NONE', #4631, #3712 ) ;
#3270 = CARTESIAN_POINT ( 'NONE',  ( 2.738145295489130326, 40.44237786041291116, 280.6468487344995992 ) ) ;
#3271 = ORIENTED_EDGE ( 'NONE', *, *, #8864, .T. ) ;
#3272 = CARTESIAN_POINT ( 'NONE',  ( 2.883333089012468431, 37.06396331801435196, 58.55160058116674549 ) ) ;
#3273 = EDGE_LOOP ( 'NONE', ( #247, #631, #1286, #1120, #6769, #5384, #8527, #4681 ) ) ;
#3274 = AXIS2_PLACEMENT_3D ( 'NONE', #2085, #678, #8287 ) ;
#3275 = SURFACE_STYLE_FILL_AREA ( #6699 ) ;
#3276 = CARTESIAN_POINT ( 'NONE',  ( 28.97746679018209903, 26.46076031759410441, 354.0666403717056596 ) ) ;
#3277 = CARTESIAN_POINT ( 'NONE',  ( -17.40587974819245787, 38.12911147718557459, 291.0974017674002425 ) ) ;
#3278 = CARTESIAN_POINT ( 'NONE',  ( 8.064544141234527785, 36.84059052241364185, 317.1543206519933733 ) ) ;
#3279 = CARTESIAN_POINT ( 'NONE',  ( 30.24876961798927866, 20.78268195361647130, 395.9548056960611575 ) ) ;
#3280 = CARTESIAN_POINT ( 'NONE',  ( 43.75445932639104285, 25.75585501620750151, 334.4493103031246051 ) ) ;
#3281 = CARTESIAN_POINT ( 'NONE',  ( 28.66915185648158726, -24.29590384187719465, -55.07514469556929271 ) ) ;
#3282 = CARTESIAN_POINT ( 'NONE',  ( -2.088373853475112618, 20.02118164067743322, 444.1606853142330920 ) ) ;
#3283 = CARTESIAN_POINT ( 'NONE',  ( -2.504508178232434545, 27.81038804160777289, 384.4308232138786821 ) ) ;
#3284 = CARTESIAN_POINT ( 'NONE',  ( -7.500000000000000000, 60.00000000000000711, 413.0240909614261113 ) ) ;
#3285 = EDGE_CURVE ( 'NONE', #6041, #7014, #7741, .T. ) ;
#3286 = CARTESIAN_POINT ( 'NONE',  ( -38.97289126867864439, 27.18964388768311480, 317.8054868175182150 ) ) ;
#3287 = CARTESIAN_POINT ( 'NONE',  ( -150.0000000000002274, 7.068232020827782236, 370.3528863233865422 ) ) ;
#3288 = CARTESIAN_POINT ( 'NONE',  ( 0.4873802908429391012, 45.38535174973730335, 260.7910082619117134 ) ) ;
#3289 = EDGE_LOOP ( 'NONE', ( #8765, #7504, #246, #4819 ) ) ;
#3290 = CARTESIAN_POINT ( 'NONE',  ( 0.7138961666744022549, 39.21478120624510666, 296.7113138899801470 ) ) ;
#3291 = CARTESIAN_POINT ( 'NONE',  ( -0.4861683123314623489, 45.35034098734977448, 261.3537278318258927 ) ) ;
#3292 = ADVANCED_FACE ( 'NONE', ( #2895 ), #5606, .F. ) ;
#3293 = CARTESIAN_POINT ( 'NONE',  ( -34.39534542889031599, 33.95341868545865083, 269.2977785881371346 ) ) ;
#3294 = CARTESIAN_POINT ( 'NONE',  ( -1.145115487848116009, 23.11885975406494254, 429.9532895041899678 ) ) ;
#3295 = CARTESIAN_POINT ( 'NONE',  ( -42.75445932639104285, 25.75585501620750151, 328.4493103031245482 ) ) ;
#3296 = ORIENTED_EDGE ( 'NONE', *, *, #7039, .F. ) ;
#3297 = CARTESIAN_POINT ( 'NONE',  ( -0.9565858417292030236, -24.71121349876131390, -76.19616986922960677 ) ) ;
#3298 = EDGE_CURVE ( 'NONE', #6427, #7614, #5743, .T. ) ;
#3299 = B_SPLINE_SURFACE_WITH_KNOTS ( 'NONE', 3, 3, ( 
 ( #6586, #2526, #3297, #6049, #7210, #500, #2619, #7341, #5285, #4522 ),
 ( #3115, #3161, #8740, #1034, #3793, #410, #5869, #2437, #5196, #7923 ),
 ( #5913, #7529, #1263, #1999, #4028, #6770, #5520, #4798, #4124, #2668 ),
 ( #7435, #8154, #6143, #4754, #5425, #2719, #3485, #775, #3395, #732 ),
 ( #5565, #8886, #2134, #8202, #5474, #4172, #590, #8107, #1361, #1948 ),
 ( #8292, #7483, #4889, #2045, #1312, #4214, #6863, #4076, #2092, #6819 ),
 ( #4705, #639, #3530, #684, #4844, #6953, #1406, #7575, #7621, #1453 ),
 ( #6279, #3440, #98, #6191, #5375, #3346, #6095, #8836, #9, #2768 ),
 ( #8247, #6911, #6237, #56, #2812, #1104, #5609, #8628, #6365, #6409 ),
 ( #4501, #185, #2258, #3817, #2940, #2461, #2898, #8338, #4545, #5220 ),
 ( #7706, #7949, #1786, #3143, #5738, #7278, #4343, #1582, #5178, #1498 ),
 ( #3865, #6567, #7075, #6611, #5018, #7233, #2981, #5696, #7903, #5895 ),
 ( #2855, #5654, #7746, #2174, #390, #1058, #3615, #8470, #898, #2216 ),
 ( #2418, #6994, #814, #4932, #3659, #6324, #8425, #7663, #4258, #3573 ),
 ( #141, #1740, #8381, #4974, #228, #1539, #4300, #7034, #857, #3910 ),
 ( #2549, #7411, #7995, #520, #1287, #5937, #6072, #6024, #8130, #5400 ),
 ( #2693, #2644, #2596, #1925, #4680, #8812, #4728, #614, #434, #1971 ),
 ( #3229, #1147, #6119, #1237, #3272, #6653, #1335, #4051, #3957, #5449 ),
 ( #5307, #7460, #3185, #6794, #7506, #5352, #8178, #1192, #1830, #7364 ),
 ( #8085, #2021, #4005, #476, #8862, #8764, #6745, #3372, #5979, #4776 ),
 ( #4589, #4102, #8039, #8672, #568, #2506, #7320, #5263, #3322, #8714 ),
 ( #1877, #4633, #6696, #840, #4146, #6346, #4867, #709, #5676, #7601 ),
 ( #3553, #5544, #6303, #6166, #8272, #2237, #2156, #123, #8403, #2880 ),
 ( #7015, #2920, #5634, #7726, #4912, #4995, #2115, #1562, #3598, #164 ),
 ( #3417, #6840, #8362, #5496, #2196, #4953, #661, #6933, #753, #7685 ),
 ( #1520, #8912, #1434, #4280, #2068, #2742, #4195, #8223, #3509, #6261 ),
 ( #4821, #7551, #80, #1384, #6888, #3461, #6213, #31, #2836, #2791 ),
 ( #5588, #8320, #7644, #1476, #4237, #6974, #796, #8615, #8530, #3763 ),
 ( #335, #6513, #4489, #378, #3088, #5209, #2364, #2449, #8488, #7935 ),
 ( #6556, #3129, #879, #5882, #5841, #2960, #8571, #2403, #962, #4323 ),
 ( #7056, #1047, #7810, #7850, #2283, #5165, #1643, #3724, #7891, #4405 ),
 ( #1729, #7138, #208, #7221, #5716, #3636, #7767, #3044, #6428, #5122 ),
 ( #6471, #3806, #6388, #1004, #292, #8445, #5039, #1603, #4365, #7098 ),
 ( #5799, #1687, #921, #3680, #248, #3004, #5758, #2322, #5079, #4448 ),
 ( #7181, #4623, #7984, #2680, #5386, #5297, #4040, #6783, #3899, #1226 ),
 ( #7399, #8849, #3946, #604, #2538, #423, #8705, #511, #6687, #3359 ),
 ( #2496, #6061, #1868, #5436, #557, #1773, #3311, #7353, #6600, #8119 ),
 ( #4534, #5253, #3262, #6643, #8753, #3173, #1180, #2631, #7267, #3992 ),
 ( #8799, #6733, #1818, #6107, #1959, #6013, #2586, #5341, #4716, #7449 ),
 ( #1091, #4576, #8072, #3852, #1275, #5925, #8030, #4667, #1911, #1137 ),
 ( #464, #8659, #7311, #3217, #5970, #8900, #697, #1421, #4090, #4811 ),
 ( #6202, #6923, #4184, #1510, #744, #2730, #7675, #8262, #2105, #786 ),
 ( #828, #3588, #650, #6335, #4135, #5622, #3498, #1324, #6830, #2185 ),
 ( #3405, #1373, #7588, #4943, #4269, #4765, #3543, #7005, #4900, #21 ),
 ( #1464, #6154, #3451, #4226, #8305, #7494, #6250, #152, #2780, #2908 ),
 ( #4857, #70, #2146, #5486, #7633, #5533, #8166, #2010, #8350, #6964 ),
 ( #2826, #5579, #6293, #8213, #2057, #111, #2869, #7541, #6875, #5110 ),
 ( #867, #5664, #3711, #197, #237, #994, #8392, #951, #7839, #4479 ) ),
 .UNSPECIFIED., .F., .F., .F.,
 ( 4, 3, 1, 1, 1, 1, 1, 1, 1, 1, 1, 1, 1, 1, 1, 1, 1, 1, 1, 1, 1, 1, 1, 1, 1, 3, 1, 1, 1, 1, 1, 1, 1, 1, 1, 1, 1, 1, 1, 1, 1, 4 ),
 ( 4, 3, 1, 1, 1, 4 ),
 ( 0.4847573055477913950, 0.4990857812012456374, 0.5032524761466716789, 0.5074191710920973319, 0.5115858660375233180, 0.5157525609829490820, 0.5199192559283750681, 0.5240859508738008321, 0.5324193407646525822, 0.5407527306555042212, 0.5490861205463560824, 0.5574195104372077214, 0.5657529003280594715, 0.5740862902189111105, 0.5824196801097627496, 0.5990864598914662498, 0.6157532396731697499, 0.6324200194548732501, 0.6490867992365765282, 0.6657535790182800284, 0.6824203587999835285, 0.6990871385816868067, 0.7157539183633904178, 0.7324206981450935849, 0.7490874779267970851, 0.7657542577085005853, 0.7934811804762516019, 0.8212081032440026185, 0.8350715646278780158, 0.8489350260117537461, 0.8627984873956292544, 0.8766619487795048737, 0.8905254101633801600, 0.9043888715472557793, 0.9182523329311313987, 0.9321157943150069070, 0.9459792556988821932, 0.9598427170827579236, 0.9737061784666334319, 0.9806379091585710750, 0.9841037745045400076, 0.9875696398505088291 ),
 ( -0.01000000000000000021, 0.000000000000000000, 0.03502224838491098391, 0.09383257832149248523, 0.1938325783214923659, 1.000000000000000000 ),
 .UNSPECIFIED. ) ;
#3300 = LINE ( 'NONE', #4611, #5446 ) ;
#3301 = CARTESIAN_POINT ( 'NONE',  ( -22.01802724243391651, 40.49517762205267246, 116.2537897038075414 ) ) ;
#3302 = CARTESIAN_POINT ( 'NONE',  ( -0.4768778034924910925, 43.82595176198699960, 282.5822828858514981 ) ) ;
#3303 = CARTESIAN_POINT ( 'NONE',  ( -0.3356127973877487403, 36.95386784015600057, 318.6023337561002791 ) ) ;
#3304 = CARTESIAN_POINT ( 'NONE',  ( 8.962452841599562348, 42.17411262267275873, 246.7723783973673619 ) ) ;
#3305 = CARTESIAN_POINT ( 'NONE',  ( 0.5768058027885383243, 47.66852144650732015, 205.0091658014256382 ) ) ;
#3306 = CARTESIAN_POINT ( 'NONE',  ( -27.88693373263371456, 16.75979871027933044, 401.3203048298138924 ) ) ;
#3307 =( BOUNDED_SURFACE ( )  B_SPLINE_SURFACE ( 3, 2, ( 
 ( #3139, #2457, #658 ),
 ( #2017, #7502, #5260 ),
 ( #1283, #7318, #7457 ),
 ( #5348, #4098, #6837 ) ),
 .UNSPECIFIED., .F., .F., .F. ) 
 B_SPLINE_SURFACE_WITH_KNOTS ( ( 4, 4 ),
 ( 3, 3 ),
 ( 5.551115123125782702E-17, 0.01542836563180295315 ),
 ( 0.000000000000000000, 1.000000000000000000 ),
 .UNSPECIFIED. ) 
 GEOMETRIC_REPRESENTATION_ITEM ( )  RATIONAL_B_SPLINE_SURFACE ( (
 ( 1.000000000000000000, 0.6926416748870927176, 1.000000000000000000),
 ( 1.000000000000000000, 0.6915576595379976377, 1.000000000000000000),
 ( 1.000000000000000000, 0.6903210143715304836, 1.000000000000000000),
 ( 1.000000000000000000, 0.6889837825926614645, 1.000000000000000000) ) ) 
 REPRESENTATION_ITEM ( '' )  SURFACE ( )  );
#3308 = LINE ( 'NONE', #3496, #3206 ) ;
#3309 = CARTESIAN_POINT ( 'NONE',  ( 6.789434940364207083E-14, 36.31827148688044105, 324.3873309011291326 ) ) ;
#3310 = CARTESIAN_POINT ( 'NONE',  ( -0.4766228306616924759, 31.31291187957129551, 362.4977127599701703 ) ) ;
#3311 = CARTESIAN_POINT ( 'NONE',  ( 11.54106037115949945, 18.89842486944788291, 438.8770723758824488 ) ) ;
#3312 = CARTESIAN_POINT ( 'NONE',  ( 5.464712794160139886, 41.94907476696410953, 256.8909986606661278 ) ) ;
#3313 = CARTESIAN_POINT ( 'NONE',  ( -42.93532473086818868, 24.74336811871720698, 323.8348140283929979 ) ) ;
#3314 = CARTESIAN_POINT ( 'NONE',  ( -0.6353020104666805556, 22.84188153687125222, 413.3473650551239871 ) ) ;
#3315 = CARTESIAN_POINT ( 'NONE',  ( 3.331484149466574785, 36.34004771059293404, 323.6748067001492473 ) ) ;
#3316 = DIRECTION ( 'NONE',  ( -0.000000000000000000, 0.9818322645534333093, 0.1897509006088693717 ) ) ;
#3317 = CARTESIAN_POINT ( 'NONE',  ( 2.857415808226826837, -9.927841435840775830, -61.03830314543180435 ) ) ;
#3318 = CARTESIAN_POINT ( 'NONE',  ( 7.800950797285817195, 41.80550658965579913, 256.1782277465683819 ) ) ;
#3319 = CARTESIAN_POINT ( 'NONE',  ( -31.84623995339903857, 20.78121346890495857, 392.6125028606182923 ) ) ;
#3320 = ORIENTED_EDGE ( 'NONE', *, *, #6589, .F. ) ;
#3321 = ORIENTED_EDGE ( 'NONE', *, *, #3571, .F. ) ;
#3322 = CARTESIAN_POINT ( 'NONE',  ( 51.70263860078125617, 19.26326618461806461, 258.1664659383015419 ) ) ;
#3323 = ORIENTED_EDGE ( 'NONE', *, *, #2581, .T. ) ;
#3324 = CARTESIAN_POINT ( 'NONE',  ( 45.14185278415437352, 19.37547893444698488, 353.8180257340443404 ) ) ;
#3325 = CARTESIAN_POINT ( 'NONE',  ( -4.077684144316238601, 39.10712664845324582, 297.0584996866983261 ) ) ;
#3326 = CARTESIAN_POINT ( 'NONE',  ( -0.05384544413670989266, 36.95443412618507040, 318.6006216234800377 ) ) ;
#3327 = CARTESIAN_POINT ( 'NONE',  ( 8.710178095437074219, 25.36043286045516609, 412.7342248038339676 ) ) ;
#3328 = CARTESIAN_POINT ( 'NONE',  ( -3.697115140905914643, 45.06428174435298928, 263.7739461525205229 ) ) ;
#3329 = LINE ( 'NONE', #529, #5595 ) ;
#3330 = CARTESIAN_POINT ( 'NONE',  ( 1.860595957264360667, 17.11377713728215255, 458.4002198587525072 ) ) ;
#3331 = CARTESIAN_POINT ( 'NONE',  ( -22.33972714219999745, 25.13000199629484754, 375.8950625003645882 ) ) ;
#3332 = CARTESIAN_POINT ( 'NONE',  ( 13.31757694100388889, 34.77001419406999361, 330.0525742963007474 ) ) ;
#3333 = ORIENTED_EDGE ( 'NONE', *, *, #3242, .F. ) ;
#3334 = UNCERTAINTY_MEASURE_WITH_UNIT (LENGTH_MEASURE( 1.000000000000000082E-05 ), #6121, 'distance_accuracy_value', 'NONE');
#3335 = CARTESIAN_POINT ( 'NONE',  ( -1.484607436223083665, 37.17253616389851345, 316.5519533644152830 ) ) ;
#3336 = CARTESIAN_POINT ( 'NONE',  ( -38.69183588737984536, 10.25441671295230073, 424.1220012238796357 ) ) ;
#3337 = CARTESIAN_POINT ( 'NONE',  ( -0.003294345898725401563, 37.16042184082672861, 334.4493103031246051 ) ) ;
#3338 = VERTEX_POINT ( 'NONE', #1793 ) ;
#3339 = CARTESIAN_POINT ( 'NONE',  ( 15.29013516658599059, 38.53422752570001109, 290.6322897897639450 ) ) ;
#3340 = EDGE_CURVE ( 'NONE', #1957, #3394, #4422, .T. ) ;
#3341 = CARTESIAN_POINT ( 'NONE',  ( -44.79208460059819430, 26.80341731187045440, 331.4493103031246619 ) ) ;
#3342 = CARTESIAN_POINT ( 'NONE',  ( -31.12240087730559068, 35.54158181093156799, 266.9807346957306322 ) ) ;
#3343 = CARTESIAN_POINT ( 'NONE',  ( 0.000000000000000000, 20.11671744806442774, 444.2109482500774220 ) ) ;
#3344 = CARTESIAN_POINT ( 'NONE',  ( -37.55826825644066957, 26.10906260153237923, 331.4493103031246051 ) ) ;
#3345 = VERTEX_POINT ( 'NONE', #2470 ) ;
#3346 = CARTESIAN_POINT ( 'NONE',  ( 12.42468602756070162, 0.8701743984461717263, -41.28002289990918428 ) ) ;
#3347 = CARTESIAN_POINT ( 'NONE',  ( -41.23993781169306061, 31.42703146110824264, 261.6332454815799338 ) ) ;
#3348 = CARTESIAN_POINT ( 'NONE',  ( -20.62407662905724592, 42.79110105320698665, 140.4219543533417607 ) ) ;
#3349 = CARTESIAN_POINT ( 'NONE',  ( -9.620743624274640027, -11.03377133881076233, 549.8478901275921089 ) ) ;
#3350 = CARTESIAN_POINT ( 'NONE',  ( -0.3356663849469190275, 37.01100153407140425, 318.0860572308005203 ) ) ;
#3351 = CARTESIAN_POINT ( 'NONE',  ( 24.92671837744265773, 38.61683559630560580, 254.8002440813297369 ) ) ;
#3352 = ADVANCED_FACE ( 'NONE', ( #8504, #398 ), #7912, .F. ) ;
#3353 = CARTESIAN_POINT ( 'NONE',  ( -48.66052223538312660, 20.01856953383997606, 283.3055368768748394 ) ) ;
#3354 = CARTESIAN_POINT ( 'NONE',  ( 149.9999999999998863, 13.60113310668955400, 239.5281348986660817 ) ) ;
#3355 = CARTESIAN_POINT ( 'NONE',  ( -3.889117808002564569, 21.32045016689783168, 419.5178805158623163 ) ) ;
#3356 = DIRECTION ( 'NONE',  ( 0.000000000000000000, -1.000000000000000000, 0.000000000000000000 ) ) ;
#3357 = CARTESIAN_POINT ( 'NONE',  ( 3.066662445442829732, 40.99237684399689385, 274.2115001541282027 ) ) ;
#3358 = CARTESIAN_POINT ( 'NONE',  ( -21.30486334957444683, 30.11086279439327384, 350.2784057760885617 ) ) ;
#3359 = CARTESIAN_POINT ( 'NONE',  ( 150.0000000000002274, 7.068232020827782236, 370.3528863233865422 ) ) ;
#3360 = AXIS2_PLACEMENT_3D ( 'NONE', #6519, #3768, #6693 ) ;
#3361 = EDGE_CURVE ( 'NONE', #613, #8131, #176, .T. ) ;
#3362 = CARTESIAN_POINT ( 'NONE',  ( 0.000000000000000000, 20.81336334461917303, 425.6312990209411282 ) ) ;
#3363 = CARTESIAN_POINT ( 'NONE',  ( -30.39095678159679892, 30.27990992004583148, 324.4653953118520917 ) ) ;
#3364 = CARTESIAN_POINT ( 'NONE',  ( 14.94162143225504025, 22.80117190232989444, 399.6815815837805985 ) ) ;
#3365 = CARTESIAN_POINT ( 'NONE',  ( 7.426545249005943816, 36.16142932184627767, 323.5852336628178705 ) ) ;
#3366 = CARTESIAN_POINT ( 'NONE',  ( -1.770990332315775406, 40.46585533714804228, 281.5901835729152367 ) ) ;
#3367 = CARTESIAN_POINT ( 'NONE',  ( -3.340573480010778695, -14.94576865527262655, -66.08754007650293261 ) ) ;
#3368 = CARTESIAN_POINT ( 'NONE',  ( -44.79208460024202054, 23.08258537076258321, 331.4493103058576935 ) ) ;
#3369 = CARTESIAN_POINT ( 'NONE',  ( -3.066662445442837726, 44.01022151745220157, 279.3869481548268823 ) ) ;
#3370 = ORIENTED_EDGE ( 'NONE', *, *, #8299, .F. ) ;
#3371 = ORIENTED_EDGE ( 'NONE', *, *, #8627, .T. ) ;
#3372 = CARTESIAN_POINT ( 'NONE',  ( 68.02388392350869140, 29.98456005054444162, 166.0820768548770161 ) ) ;
#3373 = VERTEX_POINT ( 'NONE', #8591 ) ;
#3374 = FILL_AREA_STYLE_COLOUR ( '', #8300 ) ;
#3375 = CARTESIAN_POINT ( 'NONE',  ( 7.572577327797039182, 29.97450930316568574, 368.5644317838403481 ) ) ;
#3376 = CARTESIAN_POINT ( 'NONE',  ( -48.61751988538664193, 25.96136710043356288, 294.3231810026354083 ) ) ;
#3377 = CARTESIAN_POINT ( 'NONE',  ( 27.21044022683099683, 32.37456936250490003, 318.3877984968997339 ) ) ;
#3378 = CARTESIAN_POINT ( 'NONE',  ( -3.066662445442833729, 40.44237786041291116, 279.3396071913394394 ) ) ;
#3379 = VECTOR ( 'NONE', #8797, 1000.000000000000000 ) ;
#3380 = LINE ( 'NONE', #5408, #3720 ) ;
#3381 = CARTESIAN_POINT ( 'NONE',  ( 0.4666624454429352253, 40.46684894411222189, 281.9339774583896769 ) ) ;
#3382 = CARTESIAN_POINT ( 'NONE',  ( -59.30832987030501613, -6.507826170023203183, 431.3161633550269016 ) ) ;
#3383 = CARTESIAN_POINT ( 'NONE',  ( -7.480983179705586572, 27.59160994171054782, 383.0467652192292576 ) ) ;
#3384 = CARTESIAN_POINT ( 'NONE',  ( 1.054552336558371550, 35.53239993622700865, 330.8104843441443563 ) ) ;
#3385 = ORIENTED_EDGE ( 'NONE', *, *, #8918, .T. ) ;
#3386 = CARTESIAN_POINT ( 'NONE',  ( -24.01062454986253414, 33.83628604999307043, 316.1540106662938001 ) ) ;
#3387 = LINE ( 'NONE', #8146, #4868 ) ;
#3388 = ORIENTED_EDGE ( 'NONE', *, *, #6589, .T. ) ;
#3389 = CARTESIAN_POINT ( 'NONE',  ( 36.03964424231300256, 30.79983760412579130, 296.5416227020838846 ) ) ;
#3390 = CARTESIAN_POINT ( 'NONE',  ( 1.140131621892081171, 43.22005924596147963, 281.8509810740818011 ) ) ;
#3391 = PLANE ( 'NONE',  #4994 ) ;
#3392 = CARTESIAN_POINT ( 'NONE',  ( -45.12669979811334997, 28.67054313134150689, 276.3905225893600459 ) ) ;
#3393 = CARTESIAN_POINT ( 'NONE',  ( -0.6656520313713912840, 10.37720417455050104, 486.6216067975119017 ) ) ;
#3394 = VERTEX_POINT ( 'NONE', #982 ) ;
#3395 = CARTESIAN_POINT ( 'NONE',  ( 56.45112250455159142, -6.087123366960760507, 202.2480236927935380 ) ) ;
#3396 = CARTESIAN_POINT ( 'NONE',  ( 3.586790311405050780, 43.92561485952852252, 280.2173678665494663 ) ) ;
#3397 = CARTESIAN_POINT ( 'NONE',  ( -149.9999999999998863, 13.60113310668955400, 239.5281348986660817 ) ) ;
#3398 = CARTESIAN_POINT ( 'NONE',  ( -7.192754217908762904, -10.02745025890519770, 556.6295491338239572 ) ) ;
#3399 = CARTESIAN_POINT ( 'NONE',  ( 34.03401044748904525, 35.07909076207160126, 254.4240553622826440 ) ) ;
#3400 = CARTESIAN_POINT ( 'NONE',  ( -2.305531241410820442, 46.80903969351554395, 155.8088301420164328 ) ) ;
#3401 = CARTESIAN_POINT ( 'NONE',  ( 8.431562461238529593, 46.07402497580898171, 158.2968993032507683 ) ) ;
#3402 = CARTESIAN_POINT ( 'NONE',  ( -6.243938268435370809, 22.54005840366779267, 411.7153567522173034 ) ) ;
#3403 = CARTESIAN_POINT ( 'NONE',  ( 2.145165295397433169E-08, 45.74766521858110480, 255.0493127239866169 ) ) ;
#3404 = CARTESIAN_POINT ( 'NONE',  ( -0.6771440482412792727, 33.48847428906557866, 347.0097310706314602 ) ) ;
#3405 = CARTESIAN_POINT ( 'NONE',  ( -2.177296947288516193, -4.542331835814525043, 541.4227397640479467 ) ) ;
#3406 = EDGE_CURVE ( 'NONE', #7507, #4335, #5451, .T. ) ;
#3407 = CARTESIAN_POINT ( 'NONE',  ( 0.9565858417292030236, -24.71121349876131390, -76.19616986922960677 ) ) ;
#3408 = CARTESIAN_POINT ( 'NONE',  ( -3.331935808045769942, 36.57092220325527876, 321.6633695501087118 ) ) ;
#3409 = CARTESIAN_POINT ( 'NONE',  ( 7.308714808525809126, 23.78199999639198836, 404.2324453739463479 ) ) ;
#3410 = CARTESIAN_POINT ( 'NONE',  ( 20.60482587338349703, 33.85868598821034681, 324.9856463650671117 ) ) ;
#3411 = CARTESIAN_POINT ( 'NONE',  ( -12.51122854236293591, -10.32226976056000467, -55.36644004333045643 ) ) ;
#3412 = CARTESIAN_POINT ( 'NONE',  ( -5.458102805490555376, 41.02474894761350299, 273.7028173662266113 ) ) ;
#3413 = EDGE_CURVE ( 'NONE', #2741, #4677, #441, .T. ) ;
#3414 = DIRECTION ( 'NONE',  ( 1.000000000000000000, 0.000000000000000000, 0.000000000000000000 ) ) ;
#3415 = VERTEX_POINT ( 'NONE', #1112 ) ;
#3416 = ORIENTED_EDGE ( 'NONE', *, *, #822, .F. ) ;
#3417 = CARTESIAN_POINT ( 'NONE',  ( -1.625096845062358186, 47.14373364252509901, 228.9144459501762299 ) ) ;
#3418 = ORIENTED_EDGE ( 'NONE', *, *, #6331, .F. ) ;
#3419 = CARTESIAN_POINT ( 'NONE',  ( -0.1764057853794818165, 29.01350157345911640, 377.4828540473957901 ) ) ;
#3420 = CARTESIAN_POINT ( 'NONE',  ( -0.09240534667957815695, 40.69656313098428058, 279.5142775508323894 ) ) ;
#3421 = CARTESIAN_POINT ( 'NONE',  ( 7.428853976164266903, 36.77817226064365741, 318.1407440180115032 ) ) ;
#3422 = CARTESIAN_POINT ( 'NONE',  ( 46.58609881065719804, 28.73178070194668976, 268.8419285150320661 ) ) ;
#3423 = DIRECTION ( 'NONE',  ( 0.000000000000000000, 0.000000000000000000, -1.000000000000000000 ) ) ;
#3424 = CARTESIAN_POINT ( 'NONE',  ( 56.52914563521074598, -13.16024702830548954, 195.5971044673015626 ) ) ;
#3425 = CARTESIAN_POINT ( 'NONE',  ( -36.00285309233927933, -6.792297079197776810, 479.3729591887034758 ) ) ;
#3426 = CARTESIAN_POINT ( 'NONE',  ( 0.5520737574423627558, 27.84622870540719575, 384.9033848150681365 ) ) ;
#3427 = CARTESIAN_POINT ( 'NONE',  ( 0.1289463798499194402, 34.53203919707927838, 339.1192674685897259 ) ) ;
#3428 = ORIENTED_EDGE ( 'NONE', *, *, #2348, .F. ) ;
#3429 = CARTESIAN_POINT ( 'NONE',  ( -1.484997655656152160, 37.39655508588181476, 314.4914953580350243 ) ) ;
#3430 = FACE_OUTER_BOUND ( 'NONE', #8911, .T. ) ;
#3431 = EDGE_LOOP ( 'NONE', ( #545, #6259, #2236, #521 ) ) ;
#3432 = CARTESIAN_POINT ( 'NONE',  ( 19.31519814613034569, 37.65183531121223126, 291.5717533330313245 ) ) ;
#3433 = LINE ( 'NONE', #6185, #7598 ) ;
#3434 = CARTESIAN_POINT ( 'NONE',  ( 0.004055898084560424256, 45.36649279631252085, 261.3537278318254948 ) ) ;
#3435 = CARTESIAN_POINT ( 'NONE',  ( -28.39131331641008771, 37.23838388436965374, 257.3569689968778675 ) ) ;
#3436 = CIRCLE ( 'NONE', #6168, 1.000000000000000888 ) ;
#3437 = CARTESIAN_POINT ( 'NONE',  ( 6.611810512025710906, 16.54561046290216098, 457.6028839167674960 ) ) ;
#3438 = CARTESIAN_POINT ( 'NONE',  ( -21.36260671368767916, 32.85527891739889839, 331.4493103031245482 ) ) ;
#3439 = ORIENTED_EDGE ( 'NONE', *, *, #1074, .T. ) ;
#3440 = CARTESIAN_POINT ( 'NONE',  ( -1.892463454547965274, 1.631141071689482525, -46.56294020973754044 ) ) ;
#3441 = CARTESIAN_POINT ( 'NONE',  ( -42.75445932639104285, 25.75585501620750151, 331.4493103031246051 ) ) ;
#3442 = CARTESIAN_POINT ( 'NONE',  ( -19.86369045647445475, 38.74783999554558989, 276.1506283744812436 ) ) ;
#3443 = CARTESIAN_POINT ( 'NONE',  ( -25.82676969938875899, 28.08943016872629528, 44.17302050310121331 ) ) ;
#3444 = CARTESIAN_POINT ( 'NONE',  ( -0.000000000000000000, 43.78781110066709914, 282.2479248373708174 ) ) ;
#3445 = CARTESIAN_POINT ( 'NONE',  ( 31.71946337250611947, 35.76500474146939723, 259.9712970085694224 ) ) ;
#3446 = CARTESIAN_POINT ( 'NONE',  ( -59.97550560955480847, 34.43158503966466810, 201.9292928342558184 ) ) ;
#3447 = CARTESIAN_POINT ( 'NONE',  ( -2.238582030903766729, 43.98938502743245493, 105.2905442681973369 ) ) ;
#3448 = CARTESIAN_POINT ( 'NONE',  ( -1.424240510898359791, 24.08938873238193779, 406.0947689251985935 ) ) ;
#3449 = DIRECTION ( 'NONE',  ( -1.000000000000000000, -2.325887870263784440E-15, 1.860710296211027552E-14 ) ) ;
#3450 = CARTESIAN_POINT ( 'NONE',  ( -0.2970229396243748154, 32.40008842230596287, 354.7851554909937022 ) ) ;
#3451 = CARTESIAN_POINT ( 'NONE',  ( -0.7295355504911777977, -7.249700490246020479, 550.1677435810472616 ) ) ;
#3452 = CARTESIAN_POINT ( 'NONE',  ( -0.000000000000000000, -24.70179936576349533, -76.17517795805076730 ) ) ;
#3453 = CARTESIAN_POINT ( 'NONE',  ( -28.78089579298006839, 31.37756100466804909, 321.3008582238608142 ) ) ;
#3454 = CARTESIAN_POINT ( 'NONE',  ( 0.2366820683618335863, 24.11817484140822643, 406.2585125773720733 ) ) ;
#3455 = CARTESIAN_POINT ( 'NONE',  ( 4.746197811959316226, 36.06382694959654600, 325.6243899996501341 ) ) ;
#3456 = CARTESIAN_POINT ( 'NONE',  ( 1.907686475920280733, -14.87480540429338483, -66.10224707556027113 ) ) ;
#3457 = FACE_OUTER_BOUND ( 'NONE', #1878, .T. ) ;
#3458 = CARTESIAN_POINT ( 'NONE',  ( -3.066662445596975317, 44.40259241947622115, 274.2481431840946016 ) ) ;
#3459 = ORIENTED_EDGE ( 'NONE', *, *, #213, .T. ) ;
#3460 = ORIENTED_EDGE ( 'NONE', *, *, #4908, .T. ) ;
#3461 = CARTESIAN_POINT ( 'NONE',  ( 6.087201789984794331, 44.18919659100005504, 276.7467911875064033 ) ) ;
#3462 = B_SPLINE_CURVE_WITH_KNOTS ( 'NONE', 3,
 ( #7446, #2728, #6152, #6780, #4809, #695 ),
 .UNSPECIFIED., .F., .F.,
 ( 4, 2, 4 ),
 ( 0.3406522066182079422, 0.3749861814444121477, 0.4093201562706163532 ),
 .UNSPECIFIED. ) ;
#3463 =( NAMED_UNIT ( * ) PLANE_ANGLE_UNIT ( ) SI_UNIT ( $, .RADIAN. ) );
#3464 = CARTESIAN_POINT ( 'NONE',  ( 37.03672328932728419, 22.22363352771334277, 356.6178820467469563 ) ) ;
#3465 = CARTESIAN_POINT ( 'NONE',  ( -21.35165617818744721, 37.69534523971765339, 284.5446480240657934 ) ) ;
#3466 = CARTESIAN_POINT ( 'NONE',  ( 3.332890259210013362, 36.96863609708685061, 318.1076023390999126 ) ) ;
#3467 = CARTESIAN_POINT ( 'NONE',  ( -2.545275847175124895, 43.40477166021896949, 280.9346450211577348 ) ) ;
#3468 = ADVANCED_FACE ( 'NONE', ( #3021 ), #6618, .T. ) ;
#3469 = CARTESIAN_POINT ( 'NONE',  ( 36.77849454573591004, 37.35482663924436508, 258.3206758343142155 ) ) ;
#3470 = CARTESIAN_POINT ( 'NONE',  ( -24.54877487504606748, 42.21902366365255688, 255.0493118463000997 ) ) ;
#3471 = CARTESIAN_POINT ( 'NONE',  ( 1.459071100982355595, -7.213087860121786932, 550.1242434627826015 ) ) ;
#3472 = CARTESIAN_POINT ( 'NONE',  ( -9.525938916664433265, 26.17739925915181232, 389.2611243821290827 ) ) ;
#3473 = CARTESIAN_POINT ( 'NONE',  ( 1.051065109237590223, 34.53431947642305744, 339.0451833847712351 ) ) ;
#3474 = VERTEX_POINT ( 'NONE', #6487 ) ;
#3475 = CARTESIAN_POINT ( 'NONE',  ( -6.779719075900679570, 37.09470342471676219, 315.6338133743238927 ) ) ;
#3476 = FACE_OUTER_BOUND ( 'NONE', #2333, .T. ) ;
#3477 = ORIENTED_EDGE ( 'NONE', *, *, #5281, .F. ) ;
#3478 = CARTESIAN_POINT ( 'NONE',  ( 0.5274062101127827695, 38.40337733171815415, 305.1283119156487373 ) ) ;
#3479 = DIRECTION ( 'NONE',  ( -1.000000000000000000, 0.000000000000000000, 0.000000000000000000 ) ) ;
#3480 = CARTESIAN_POINT ( 'NONE',  ( 2.145165295397433169E-08, 42.33955562421409979, 255.0493127239866169 ) ) ;
#3481 = CARTESIAN_POINT ( 'NONE',  ( -14.07439316190224865, 41.03859960670575191, 257.3303777767582119 ) ) ;
#3482 = CARTESIAN_POINT ( 'NONE',  ( 40.00984483757177657, 16.72124631380037485, 402.1504229787130384 ) ) ;
#3483 = CARTESIAN_POINT ( 'NONE',  ( -5.966662445443056129, 37.71010751892143986, 310.2232895710617413 ) ) ;
#3484 = ORIENTED_EDGE ( 'NONE', *, *, #3679, .F. ) ;
#3485 = CARTESIAN_POINT ( 'NONE',  ( 28.53909880752624773, -10.68040278824253164, -41.02084576645206937 ) ) ;
#3486 = B_SPLINE_CURVE_WITH_KNOTS ( 'NONE', 3,
 ( #6864, #2175, #4215, #8249, #5426, #2857, #6096, #640, #6192, #2814, #776, #99, #1499, #6144, #5521, #3347, #3531, #7622, #4125, #3487, #7484, #8888, #4933, #6282, #7664, #4845, #5610, #2093, #8339, #6238 ),
 .UNSPECIFIED., .F., .F.,
 ( 4, 2, 2, 2, 2, 2, 2, 2, 2, 2, 2, 2, 2, 2, 4 ),
 ( 3.469446951953614189E-18, 0.005110932170847499664, 0.007666398256271328426, 0.01022186434169515719, 0.01533279651254266553, 0.01661052955525444200, 0.01788826259796621673, 0.02044372868338989457, 0.02299919476881357241, 0.02555466085423725026, 0.02811012693966092463, 0.03066559302508459900, 0.03577652519593195468, 0.03833199128135564293, 0.04088745736677931730 ),
 .UNSPECIFIED. ) ;
#3487 = CARTESIAN_POINT ( 'NONE',  ( -37.43404173647230948, 33.30683281034591658, 258.7137240844784856 ) ) ;
#3488 = CARTESIAN_POINT ( 'NONE',  ( 3.333619429842151760, 37.13685577396514503, 316.5794410042907998 ) ) ;
#3489 = CARTESIAN_POINT ( 'NONE',  ( -0.02227185928372146101, 42.47872348853714186, 253.1793866300457978 ) ) ;
#3490 = CARTESIAN_POINT ( 'NONE',  ( -54.00102207192544768, 15.29528807115969968, 241.2492155879526479 ) ) ;
#3491 = CARTESIAN_POINT ( 'NONE',  ( -149.9999999999998579, -5.139754097654222420, 439.4216061485305431 ) ) ;
#3492 = CARTESIAN_POINT ( 'NONE',  ( 33.87853305579442775, 33.64775045199471037, 275.8926570836015344 ) ) ;
#3493 = CARTESIAN_POINT ( 'NONE',  ( -52.53891573317806518, 18.24069168520677664, 252.3546242644533777 ) ) ;
#3494 = CARTESIAN_POINT ( 'NONE',  ( -1.646572234496929799, 37.62464340957060926, 58.81954004802969393 ) ) ;
#3495 = CARTESIAN_POINT ( 'NONE',  ( 0.07443417348299739833, 24.12440990551590758, 406.2924472903335982 ) ) ;
#3496 = CARTESIAN_POINT ( 'NONE',  ( 41.75445932639104285, 25.75585501620750151, 334.4493103031246051 ) ) ;
#3497 = CARTESIAN_POINT ( 'NONE',  ( -19.60502923838476264, 30.51564062115853559, 350.7689629438090151 ) ) ;
#3498 = CARTESIAN_POINT ( 'NONE',  ( 9.824827521419905452, -2.593892997156575397, 521.6966707247395334 ) ) ;
#3499 = DIRECTION ( 'NONE',  ( 0.000000000000000000, -1.000000000000000000, 0.000000000000000000 ) ) ;
#3500 = CARTESIAN_POINT ( 'NONE',  ( -1.857738242836327380, 36.82620587471575391, 319.6327790918082883 ) ) ;
#3501 = CARTESIAN_POINT ( 'NONE',  ( 33.35530532146455585, 18.97687944392541937, 380.5311453691271595 ) ) ;
#3502 = CARTESIAN_POINT ( 'NONE',  ( 16.97645176134164302, 34.31541402245207451, 328.8119660846319903 ) ) ;
#3503 = B_SPLINE_CURVE_WITH_KNOTS ( 'NONE', 3,
 ( #8010, #357, #5146, #7875, #5865, #5191, #7918, #4789, #8778, #6228, #4066, #7729, #2036, #4746 ),
 .UNSPECIFIED., .F., .F.,
 ( 4, 2, 2, 2, 2, 2, 4 ),
 ( -5.999999996765739151E-08, 0.001022544891851613407, 0.002045149783703194366, 0.002556452229628984087, 0.003067754675554774674, 0.003579057121480564395, 0.004090359567406354549 ),
 .UNSPECIFIED. ) ;
#3504 = CARTESIAN_POINT ( 'NONE',  ( 0.9520731639543362768, -8.547617495532426446, -59.58324036534521895 ) ) ;
#3505 = CARTESIAN_POINT ( 'NONE',  ( 0.006928926598365196116, 26.16372133657195320, 413.8493118462999973 ) ) ;
#3506 = VERTEX_POINT ( 'NONE', #7868 ) ;
#3507 = COLOUR_RGB ( '',0.7921568627450980005, 0.8196078431372548767, 0.9333333333333333481 ) ;
#3508 = ORIENTED_EDGE ( 'NONE', *, *, #7194, .F. ) ;
#3509 = CARTESIAN_POINT ( 'NONE',  ( 48.09887603462018291, 19.47765558591667556, 290.8986780379959782 ) ) ;
#3510 = CARTESIAN_POINT ( 'NONE',  ( 10.86681017133032867, 29.70287782053960868, 367.5724451310201175 ) ) ;
#3511 = CIRCLE ( 'NONE', #8243, 1.000000000000000666 ) ;
#3512 = CARTESIAN_POINT ( 'NONE',  ( -34.59236549755875956, 32.12532100508615684, 289.6905026489432089 ) ) ;
#3513 = CARTESIAN_POINT ( 'NONE',  ( 6.777022584527355953, 36.81983870652179291, 318.1351787898568091 ) ) ;
#3514 = CARTESIAN_POINT ( 'NONE',  ( -3.066662445442843055, 43.40477166021896949, 279.6794311683192404 ) ) ;
#3515 = PLANE ( 'NONE',  #8459 ) ;
#3516 = CARTESIAN_POINT ( 'NONE',  ( 56.38420455136408549, -2.341849795747153795, 206.2968260904183353 ) ) ;
#3517 = CARTESIAN_POINT ( 'NONE',  ( -7.045124004950711338, 2.314038226187245861, 514.4354252516325232 ) ) ;
#3518 = CARTESIAN_POINT ( 'NONE',  ( -15.69004154951760732, 27.85366417325371557, 372.7100658152007213 ) ) ;
#3519 = CARTESIAN_POINT ( 'NONE',  ( -0.2630545490475367232, 33.48416922319186995, 347.1041192556690476 ) ) ;
#3520 = EDGE_LOOP ( 'NONE', ( #4123, #1586, #807, #1311 ) ) ;
#3521 = ADVANCED_FACE ( 'NONE', ( #308 ), #2338, .F. ) ;
#3522 = CARTESIAN_POINT ( 'NONE',  ( -0.1403669079479255566, 37.51858425053358559, 313.4203937965137357 ) ) ;
#3523 = VECTOR ( 'NONE', #6774, 1000.000000000000000 ) ;
#3524 = CARTESIAN_POINT ( 'NONE',  ( -0.05782471508932388732, 38.40877593386802857, 305.0917711260685792 ) ) ;
#3525 = PLANE ( 'NONE',  #1259 ) ;
#3526 = LINE ( 'NONE', #2254, #6698 ) ;
#3527 = CARTESIAN_POINT ( 'NONE',  ( -0.6400976597792000788, 43.27353151751322713, 235.3023306043637604 ) ) ;
#3528 = CARTESIAN_POINT ( 'NONE',  ( 36.39338372330776394, -3.366029079672264057, 468.1666420047091037 ) ) ;
#3529 = EDGE_CURVE ( 'NONE', #6903, #2550, #8901, .T. ) ;
#3530 = CARTESIAN_POINT ( 'NONE',  ( -0.9489435702740910417, -1.972889249273659606, -51.67460940504316369 ) ) ;
#3531 = CARTESIAN_POINT ( 'NONE',  ( -40.64552397080849033, 31.72272860441360010, 261.0945288339129888 ) ) ;
#3532 = ADVANCED_FACE ( 'NONE', ( #5097 ), #5185, .F. ) ;
#3533 = CARTESIAN_POINT ( 'NONE',  ( 28.78779204567957350, 31.84581638188962316, 317.1693970447449260 ) ) ;
#3534 = CARTESIAN_POINT ( 'NONE',  ( 0.1916880476366760178, 42.48897511593109044, 253.1475618635618048 ) ) ;
#3535 = CARTESIAN_POINT ( 'NONE',  ( -150.0000000000006821, 17.36217657815118542, 276.3178635875777900 ) ) ;
#3536 = CARTESIAN_POINT ( 'NONE',  ( -59.89900058819404194, -9.567402936609459729, 443.5936951987583257 ) ) ;
#3537 = CARTESIAN_POINT ( 'NONE',  ( 11.36774614824576801, 40.97622843401271808, 264.8083421684482346 ) ) ;
#3538 = CARTESIAN_POINT ( 'NONE',  ( -2.469858351745394476, 37.72654402396099016, 58.86823661618673498 ) ) ;
#3539 = CARTESIAN_POINT ( 'NONE',  ( -26.40363834981285507, 18.61410324395856009, 396.9267391628233668 ) ) ;
#3540 = B_SPLINE_CURVE_WITH_KNOTS ( 'NONE', 3,
 ( #7226, #883, #5846, #3136, #7185, #212, #6475, #5043 ),
 .UNSPECIFIED., .F., .F.,
 ( 4, 2, 2, 4 ),
 ( 5.763878168445254235E-17, 0.02957606758863285529, 0.04436410138294916844, 0.05915213517726548853 ),
 .UNSPECIFIED. ) ;
#3541 = CARTESIAN_POINT ( 'NONE',  ( -34.41212933470647783, 21.45714692835721848, 384.3541095030658994 ) ) ;
#3542 = CARTESIAN_POINT ( 'NONE',  ( -2.485806971397998666, 32.39191281423320845, 354.5110577072651949 ) ) ;
#3543 = CARTESIAN_POINT ( 'NONE',  ( 9.706193483868752026, -6.012392168603122755, 533.3392366149785175 ) ) ;
#3544 = CARTESIAN_POINT ( 'NONE',  ( 0.9524719360756089825, -9.975947145280258610, -61.05127630084054857 ) ) ;
#3545 = CARTESIAN_POINT ( 'NONE',  ( -12.86455694075793943, 35.88436676686892213, 321.5500604212614917 ) ) ;
#3546 = CARTESIAN_POINT ( 'NONE',  ( 2.553635517619633699, 22.74525417488684909, 412.9165411417154701 ) ) ;
#3547 = CARTESIAN_POINT ( 'NONE',  ( 5.430406490381096241, 35.09483640637754576, 333.4224461542773952 ) ) ;
#3548 = CARTESIAN_POINT ( 'NONE',  ( -150.0000000000000000, 9.270087174911674666, 223.2766782676432626 ) ) ;
#3549 = CARTESIAN_POINT ( 'NONE',  ( 3.066662445442833729, 44.80554920341130298, 263.9480980988759597 ) ) ;
#3550 = FILL_AREA_STYLE ('',( #4773 ) ) ;
#3551 = ORIENTED_EDGE ( 'NONE', *, *, #1074, .F. ) ;
#3552 = VERTEX_POINT ( 'NONE', #937 ) ;
#3553 = CARTESIAN_POINT ( 'NONE',  ( -1.848321708431225563, 47.83361918596382623, 180.4427191032446558 ) ) ;
#3554 = CARTESIAN_POINT ( 'NONE',  ( 5.966662445443060570, 185.3346068197645025, 318.3147629942842514 ) ) ;
#3555 = CARTESIAN_POINT ( 'NONE',  ( 36.98928272370566361, 21.15913207782466188, 362.0883315947199321 ) ) ;
#3556 = CARTESIAN_POINT ( 'NONE',  ( -27.79701647231159001, 34.66786503186951762, 294.0149446601144518 ) ) ;
#3557 = CARTESIAN_POINT ( 'NONE',  ( -0.2559211958557432998, 36.83902793815033760, 319.6336087769332721 ) ) ;
#3558 = DIRECTION ( 'NONE',  ( 0.000000000000000000, 0.000000000000000000, -1.000000000000000000 ) ) ;
#3559 = CARTESIAN_POINT ( 'NONE',  ( 48.51426065915131858, 31.22644477052227785, 274.8454578697404713 ) ) ;
#3560 = CARTESIAN_POINT ( 'NONE',  ( 0.000000000000000000, -2.015148108693687767, -51.69602975127715183 ) ) ;
#3561 = CARTESIAN_POINT ( 'NONE',  ( 0.6656520313713912840, 10.37720417455050104, 486.6216067975119017 ) ) ;
#3562 = CARTESIAN_POINT ( 'NONE',  ( -0.07210698434176385230, 29.01284229461786168, 377.4507412215025965 ) ) ;
#3563 = CARTESIAN_POINT ( 'NONE',  ( 10.01078483988585788, 33.13483705727154671, 345.7539334262763759 ) ) ;
#3564 = ORIENTED_EDGE ( 'NONE', *, *, #6482, .T. ) ;
#3565 = CARTESIAN_POINT ( 'NONE',  ( -6.110871460174893244, 37.24021112503935171, 314.6116358506047277 ) ) ;
#3566 = VECTOR ( 'NONE', #5170, 1000.000000000000000 ) ;
#3567 = CARTESIAN_POINT ( 'NONE',  ( 27.49497846975781101, 34.13885831138387061, 300.9557015316957518 ) ) ;
#3568 = CARTESIAN_POINT ( 'NONE',  ( 0.000000000000000000, 23.25966121672881570, 402.6247220052615035 ) ) ;
#3569 = CARTESIAN_POINT ( 'NONE',  ( 0.1555574946075760079, 40.47211643719168706, 281.9339774583896769 ) ) ;
#3570 = CARTESIAN_POINT ( 'NONE',  ( -37.33455014957500140, 33.42665800984392632, 257.5062862761473070 ) ) ;
#3571 = EDGE_CURVE ( 'NONE', #8153, #5980, #3105, .T. ) ;
#3572 = CARTESIAN_POINT ( 'NONE',  ( 150.0000000000000284, -5.251527702307162926, 440.0305525103657374 ) ) ;
#3573 = CARTESIAN_POINT ( 'NONE',  ( 150.0000000000000284, 11.30624670738853510, 229.7266311706955264 ) ) ;
#3574 = CIRCLE ( 'NONE', #8307, 0.6000000000000011990 ) ;
#3575 = CARTESIAN_POINT ( 'NONE',  ( -10.46189984721614152, 21.44801024820288760, 412.2321141808334346 ) ) ;
#3576 = CARTESIAN_POINT ( 'NONE',  ( 1.484607436223205790, 37.17253616389848503, 316.5519533644152830 ) ) ;
#3577 = CARTESIAN_POINT ( 'NONE',  ( -17.90272761210102814, 39.25677025283398791, 275.4032465350000507 ) ) ;
#3578 = CARTESIAN_POINT ( 'NONE',  ( -50.07172804542855005, 20.26724883329845284, 270.0327580235693290 ) ) ;
#3580 = EDGE_CURVE ( 'NONE', #1926, #4574, #8547, .T. ) ;
#3579 = CARTESIAN_POINT ( 'NONE',  ( -1.979833483100076341, 35.45668130126210116, 331.4493103031245482 ) ) ;
#3581 = AXIS2_PLACEMENT_3D ( 'NONE', #7051, #4190, #4275 ) ;
#3582 = CARTESIAN_POINT ( 'NONE',  ( 18.60026008370046569, 40.08666765134677235, 259.3263284383656355 ) ) ;
#3583 = ADVANCED_FACE ( 'NONE', ( #3696 ), #5858, .F. ) ;
#3584 = CARTESIAN_POINT ( 'NONE',  ( 17.90558932272608672, 45.27588651669087483, 188.1410139065363012 ) ) ;
#3585 = CARTESIAN_POINT ( 'NONE',  ( -0.6398752432160966785, 24.10907818303601857, 406.2075457170515165 ) ) ;
#3586 = CARTESIAN_POINT ( 'NONE',  ( -37.99703992816784393, 22.90930713482057612, 370.0648631211987549 ) ) ;
#3587 = CARTESIAN_POINT ( 'NONE',  ( -27.66582710336799877, 30.03991826825184575, 335.4614969477936484 ) ) ;
#3588 = CARTESIAN_POINT ( 'NONE',  ( -1.434789889613982350, -1.011398729720650369, 529.3086085165732584 ) ) ;
#3589 = CARTESIAN_POINT ( 'NONE',  ( -149.9999999999998579, 5.755319606443136671, 215.4903186742444916 ) ) ;
#3590 = CARTESIAN_POINT ( 'NONE',  ( -42.93525635752457958, 24.91619045889872197, 322.4497166857739217 ) ) ;
#3591 = CARTESIAN_POINT ( 'NONE',  ( 45.26359893721250671, 13.07892484020254109, 383.6242932116866200 ) ) ;
#3592 = CARTESIAN_POINT ( 'NONE',  ( -0.2647535961011791006, 35.18037080807953032, 333.7927619276794076 ) ) ;
#3593 = CARTESIAN_POINT ( 'NONE',  ( 0.000000000000000000, 20.62319512748768346, -7.191526245911063597 ) ) ;
#3594 = CARTESIAN_POINT ( 'NONE',  ( -5.464712794160139886, 41.94907476696410953, 256.8909986606661278 ) ) ;
#3595 = CARTESIAN_POINT ( 'NONE',  ( 2.933634540929972001, 41.73235328798942589, 263.1114192923300266 ) ) ;
#3596 = VERTEX_POINT ( 'NONE', #4467 ) ;
#3597 = ORIENTED_EDGE ( 'NONE', *, *, #6109, .F. ) ;
#3598 = CARTESIAN_POINT ( 'NONE',  ( 49.32634856228757059, 20.28886164836126582, 276.4091044601491944 ) ) ;
#3599 = CARTESIAN_POINT ( 'NONE',  ( -0.7124957321403878607, 34.68995099781513858, 337.6263012843809292 ) ) ;
#3600 = CARTESIAN_POINT ( 'NONE',  ( -0.2595559727767430824, 26.63395172505063968, 392.0872994464066323 ) ) ;
#3601 = CARTESIAN_POINT ( 'NONE',  ( 0.5289212991211873494, 36.89581497518372544, 319.1184641410953873 ) ) ;
#3602 = CARTESIAN_POINT ( 'NONE',  ( -0.1590025564721230800, 43.83114573136394654, 282.5824172364827973 ) ) ;
#3603 = CARTESIAN_POINT ( 'NONE',  ( 3.066662445442833729, 43.77687888394065396, 274.2114866634577197 ) ) ;
#3604 = CARTESIAN_POINT ( 'NONE',  ( 85.69083615468348114, 1.184676353268040661, 66.40827568370886524 ) ) ;
#3605 = CARTESIAN_POINT ( 'NONE',  ( -60.00892403416684573, -10.87759879526569584, 448.8723920580213189 ) ) ;
#3606 = CARTESIAN_POINT ( 'NONE',  ( 0.3106837330295226240, 30.18289463056250455, 370.1264766034963145 ) ) ;
#3607 = CARTESIAN_POINT ( 'NONE',  ( 21.48972883786596455, 32.16029275857154346, 336.5349634916184414 ) ) ;
#3608 = ORIENTED_EDGE ( 'NONE', *, *, #8850, .F. ) ;
#3609 = CARTESIAN_POINT ( 'NONE',  ( 0.4611496582130330535, 38.41158659192534230, 305.0676031036437621 ) ) ;
#3610 = CARTESIAN_POINT ( 'NONE',  ( 35.52975519295310391, 29.75095574662437059, 308.8950762711066886 ) ) ;
#3611 = CARTESIAN_POINT ( 'NONE',  ( 33.03633095656161345, 17.14605233795703043, 389.0746662281788417 ) ) ;
#3612 = DIRECTION ( 'NONE',  ( 0.000000000000000000, -0.5273291391947593221, 0.8496610965297363149 ) ) ;
#3613 = CARTESIAN_POINT ( 'NONE',  ( 0.01039337678575280588, 60.00000000000000711, 379.4493118462999064 ) ) ;
#3614 = CARTESIAN_POINT ( 'NONE',  ( -2.188606651473533393, -7.176475229997554273, 550.0807433445178276 ) ) ;
#3615 = CARTESIAN_POINT ( 'NONE',  ( 27.28012801745004268, 17.82243023528065962, 9.515898732818438788 ) ) ;
#3616 = CARTESIAN_POINT ( 'NONE',  ( -7.935394875815679150, 41.35967743540320640, 263.8138436074955848 ) ) ;
#3617 = EDGE_CURVE ( 'NONE', #752, #4335, #2426, .T. ) ;
#3618 = CARTESIAN_POINT ( 'NONE',  ( -149.9999999999999716, 16.36900979716714133, 304.7041830578932036 ) ) ;
#3619 = CARTESIAN_POINT ( 'NONE',  ( 0.000000000000000000, 35.49721788977392123, 357.8968794387543539 ) ) ;
#3620 = CARTESIAN_POINT ( 'NONE',  ( 0.4805502636171885000, 41.33763137455498082, 270.8741017844389489 ) ) ;
#3621 = CARTESIAN_POINT ( 'NONE',  ( 6.403712080581203558, 45.57724494206407684, 254.1058661924230933 ) ) ;
#3622 = CARTESIAN_POINT ( 'NONE',  ( -45.23899607213295582, 14.20576397933030144, 378.7540912208329473 ) ) ;
#3623 = FACE_OUTER_BOUND ( 'NONE', #676, .T. ) ;
#3624 = CARTESIAN_POINT ( 'NONE',  ( -3.853986696982538707, 34.49936609240992880, 338.7998695322920071 ) ) ;
#3625 = CARTESIAN_POINT ( 'NONE',  ( 0.000000000000000000, 185.3346068197644740, 318.3147629942844219 ) ) ;
#3626 = EDGE_CURVE ( 'NONE', #7600, #1668, #3436, .T. ) ;
#3627 = CARTESIAN_POINT ( 'NONE',  ( -3.302423590642567852, 4.628195515106217073, -41.47021073289514703 ) ) ;
#3628 = CARTESIAN_POINT ( 'NONE',  ( -10.60129078585163143, 36.37791862391824793, 319.6316650458031745 ) ) ;
#3629 = CARTESIAN_POINT ( 'NONE',  ( 7.171420442513722904, 21.07722106815067775, 418.0681226212388992 ) ) ;
#3630 = CARTESIAN_POINT ( 'NONE',  ( 0.1332247303598151078, 35.18219636583641119, 333.7696816903089143 ) ) ;
#3631 = CARTESIAN_POINT ( 'NONE',  ( 0.000000000000000000, 16.05780648225944418, -18.97418335886999685 ) ) ;
#3632 = CARTESIAN_POINT ( 'NONE',  ( -2.983342427300354149, 44.50971160930482284, 263.2755497703300307 ) ) ;
#3633 = CARTESIAN_POINT ( 'NONE',  ( -6.310647644256063948, 24.66223763387023027, 400.3648153777331231 ) ) ;
#3634 = VERTEX_POINT ( 'NONE', #528 ) ;
#3635 = VERTEX_POINT ( 'NONE', #4782 ) ;
#3636 = CARTESIAN_POINT ( 'NONE',  ( 5.873798239311764924, 35.98697079100605123, 353.7225482438468589 ) ) ;
#3637 = EDGE_CURVE ( 'NONE', #2022, #4502, #6753, .T. ) ;
#3638 = DIRECTION ( 'NONE',  ( -6.590423098898466033E-17, -0.9971851335251158410, -0.07497872682632604480 ) ) ;
#3639 = CARTESIAN_POINT ( 'NONE',  ( 10.65065199882097957, 27.31149265491044886, 381.7882489310418350 ) ) ;
#3640 = CARTESIAN_POINT ( 'NONE',  ( 16.99526433945304049, 35.45104437676464215, 319.1705733938972571 ) ) ;
#3641 = CARTESIAN_POINT ( 'NONE',  ( -0.8071801280796301326, 43.22210887100079901, 281.9170514110561498 ) ) ;
#3642 = STYLED_ITEM ( 'NONE', ( #5541 ), #7613 ) ;
#3643 = PLANE ( 'NONE',  #186 ) ;
#3644 = CARTESIAN_POINT ( 'NONE',  ( 46.89974890497296656, 32.21754066120747950, 269.6264808453011028 ) ) ;
#3645 = CARTESIAN_POINT ( 'NONE',  ( 12.42468602756070162, 0.8701743984461717263, -41.28002289990918428 ) ) ;
#3646 = CARTESIAN_POINT ( 'NONE',  ( 1.463589819017925731, -9.937233235580697155, 558.8774522703039338 ) ) ;
#3647 = CARTESIAN_POINT ( 'NONE',  ( -25.64257422051521829, 25.34339388348032074, 367.8194470192212293 ) ) ;
#3648 = CARTESIAN_POINT ( 'NONE',  ( -0.06893507239410863463, 33.48534105466773525, 347.0854043646374976 ) ) ;
#3649 = ORIENTED_EDGE ( 'NONE', *, *, #8062, .T. ) ;
#3650 = AXIS2_PLACEMENT_3D ( 'NONE', #7745, #1581, #941 ) ;
#3651 = CARTESIAN_POINT ( 'NONE',  ( -4.053712977307730725, 38.31296092184191338, 305.3694149436362295 ) ) ;
#3652 = CARTESIAN_POINT ( 'NONE',  ( 29.07302543899814395, 33.44051828159958006, 301.3087635293810536 ) ) ;
#3653 = CARTESIAN_POINT ( 'NONE',  ( 1.960246803595114162, 38.88192829466884604, 331.4493103029142276 ) ) ;
#3654 = LINE ( 'NONE', #8288, #4221 ) ;
#3655 =( BOUNDED_SURFACE ( )  B_SPLINE_SURFACE ( 3, 2, ( 
 ( #5704, #6416, #2867 ),
 ( #1549, #8516, #1630 ),
 ( #8432, #235, #7837 ),
 ( #7042, #2990, #949 ) ),
 .UNSPECIFIED., .F., .F., .F. ) 
 B_SPLINE_SURFACE_WITH_KNOTS ( ( 4, 4 ),
 ( 3, 3 ),
 ( 0.000000000000000000, 0.0004781877497202995488 ),
 ( 0.000000000000000000, 1.000000000000000000 ),
 .UNSPECIFIED. ) 
 GEOMETRIC_REPRESENTATION_ITEM ( )  RATIONAL_B_SPLINE_SURFACE ( (
 ( 1.000000000000000000, 0.6780453355898502510, 1.000000000000000000),
 ( 1.000000000000000000, 0.6780041433285367569, 1.000000000000000000),
 ( 1.000000000000000000, 0.6779622348383529395, 1.000000000000000000),
 ( 1.000000000000000000, 0.6779196428096683213, 1.000000000000000000) ) ) 
 REPRESENTATION_ITEM ( '' )  SURFACE ( )  );
#3656 = CARTESIAN_POINT ( 'NONE',  ( -5.319214477233634497, 42.89697386309018867, 236.5728471562129016 ) ) ;
#3657 = CARTESIAN_POINT ( 'NONE',  ( -1.649437573462356754, 38.88726402745196253, 331.8909477606557630 ) ) ;
#3658 = CARTESIAN_POINT ( 'NONE',  ( -1.463589819017925731, -9.937233235580697155, 558.8774522703039338 ) ) ;
#3659 = CARTESIAN_POINT ( 'NONE',  ( 3.147860296435570415, 24.32371408104542709, 4.633680387658797528 ) ) ;
#3660 = CIRCLE ( 'NONE', #8108, 1.000000000000000666 ) ;
#3661 = CARTESIAN_POINT ( 'NONE',  ( 0.2556758133694971291, 37.06894789511062527, 317.5644433008841361 ) ) ;
#3662 = CARTESIAN_POINT ( 'NONE',  ( -49.29743671353512013, 37.20513467868398294, 254.3835889086999487 ) ) ;
#3663 = CARTESIAN_POINT ( 'NONE',  ( -3.371889397737514837, 45.15529412283374455, 262.5679054471771110 ) ) ;
#3664 = CARTESIAN_POINT ( 'NONE',  ( 32.75887315309791603, 34.74750024819509520, 268.1392566419337413 ) ) ;
#3665 = CARTESIAN_POINT ( 'NONE',  ( 0.000000000000000000, 47.62041242848380307, 205.0701292695992777 ) ) ;
#3666 = CARTESIAN_POINT ( 'NONE',  ( 0.5944626675830362306, 25.38621915544812779, 399.2358484220304149 ) ) ;
#3667 = CARTESIAN_POINT ( 'NONE',  ( -43.75445932639104285, 25.75585501620750151, 331.4493103031246051 ) ) ;
#3668 = CARTESIAN_POINT ( 'NONE',  ( -0.1289463798499194402, 34.53203919707927838, 339.1192674685897259 ) ) ;
#3669 = CARTESIAN_POINT ( 'NONE',  ( -2.185502863372110305, 41.83568196848641207, 261.9942034907531365 ) ) ;
#3670 = CARTESIAN_POINT ( 'NONE',  ( 2.828850581790790741, 5.001803398302538284, -41.24894196002799873 ) ) ;
#3671 = CARTESIAN_POINT ( 'NONE',  ( -33.66903446487854268, 29.41821368367698852, 319.2649925732657152 ) ) ;
#3672 = CARTESIAN_POINT ( 'NONE',  ( 14.49870135746165190, 20.05245424251331343, 412.8383345099492203 ) ) ;
#3673 = CARTESIAN_POINT ( 'NONE',  ( 22.34604435515356613, 32.95842832432757064, 328.3736582022102652 ) ) ;
#3674 = CARTESIAN_POINT ( 'NONE',  ( 2.828850581790790741, 5.001803398302538284, -41.24894196002799873 ) ) ;
#3675 = CARTESIAN_POINT ( 'NONE',  ( 20.54935733385169172, 39.81201358054303796, 255.0493119892904872 ) ) ;
#3676 = CARTESIAN_POINT ( 'NONE',  ( 1.151296007947058886, 41.91337021167969823, 261.4226238901502484 ) ) ;
#3677 = ORIENTED_EDGE ( 'NONE', *, *, #6601, .F. ) ;
#3678 = ORIENTED_EDGE ( 'NONE', *, *, #6376, .T. ) ;
#3679 = EDGE_CURVE ( 'NONE', #1382, #333, #1778, .T. ) ;
#3680 = CARTESIAN_POINT ( 'NONE',  ( 0.000000000000000000, 28.59958286175763931, 400.6555249589480923 ) ) ;
#3681 = CARTESIAN_POINT ( 'NONE',  ( -14.91283589596544346, 34.65256084631072042, 328.9591821281834996 ) ) ;
#3682 = CARTESIAN_POINT ( 'NONE',  ( 40.70110909965880097, 19.77113266106256262, 360.4642949588815668 ) ) ;
#3683 = CARTESIAN_POINT ( 'NONE',  ( -0.05403881342259947429, 36.83916514171084344, 319.6335178882079617 ) ) ;
#3684 = CARTESIAN_POINT ( 'NONE',  ( -3.265496925888840440, 43.87844558361521052, 280.9868668778321990 ) ) ;
#3685 = EDGE_CURVE ( 'NONE', #8811, #2065, #3380, .T. ) ;
#3686 = LINE ( 'NONE', #5044, #7227 ) ;
#3687 = CARTESIAN_POINT ( 'NONE',  ( -48.24095318812902633, 31.41921108450963729, 273.5993751138346397 ) ) ;
#3688 = CARTESIAN_POINT ( 'NONE',  ( -0.9489435702740910417, -1.972889249273659606, -51.67460940504316369 ) ) ;
#3689 = DIRECTION ( 'NONE',  ( 1.000000000000000000, 0.000000000000000000, 0.000000000000000000 ) ) ;
#3690 = CARTESIAN_POINT ( 'NONE',  ( -9.724060096581498058, 28.61637300021609320, 375.0673334092476807 ) ) ;
#3691 = CARTESIAN_POINT ( 'NONE',  ( -0.1183311419497254102, 33.48505349053851887, 347.0900836946053118 ) ) ;
#3692 = ORIENTED_EDGE ( 'NONE', *, *, #8864, .F. ) ;
#3693 = CARTESIAN_POINT ( 'NONE',  ( -1.486565392690929466, 38.38932629817583830, 305.1903126770007475 ) ) ;
#3694 = CARTESIAN_POINT ( 'NONE',  ( 10.61287997747462697, 37.02112284941386378, 313.7586932562767856 ) ) ;
#3695 = CARTESIAN_POINT ( 'NONE',  ( 11.18479138873143874, 21.29099074485751686, 411.9926467979530003 ) ) ;
#3696 = FACE_OUTER_BOUND ( 'NONE', #4866, .T. ) ;
#3697 = CARTESIAN_POINT ( 'NONE',  ( 3.066662445442841722, 45.08294164887544753, 263.9874712922451181 ) ) ;
#3698 = CARTESIAN_POINT ( 'NONE',  ( 0.4745308580082530092, 42.53815482386927016, 298.1606671052002184 ) ) ;
#3699 = CARTESIAN_POINT ( 'NONE',  ( 150.0000000000005116, -2.468752498710066856, 425.1262764251987392 ) ) ;
#3700 = AXIS2_PLACEMENT_3D ( 'NONE', #6762, #4999, #1566 ) ;
#3701 = CARTESIAN_POINT ( 'NONE',  ( -18.86417150439058332, 35.17905023312201962, 317.8048138014873985 ) ) ;
#3702 = CARTESIAN_POINT ( 'NONE',  ( 0.5120851727837461009, 45.98408210575418309, 252.6190356612356140 ) ) ;
#3703 = CARTESIAN_POINT ( 'NONE',  ( -0.01039337678575912548, 60.00000000000000711, 413.8493118463000542 ) ) ;
#3704 = ORIENTED_EDGE ( 'NONE', *, *, #6771, .F. ) ;
#3705 = CARTESIAN_POINT ( 'NONE',  ( 40.27835606771003540, 29.95550804658368804, 285.7935758396112647 ) ) ;
#3706 = COLOUR_RGB ( '',0.7921568627450980005, 0.8196078431372548767, 0.9333333333333333481 ) ;
#3707 = CARTESIAN_POINT ( 'NONE',  ( 47.66603692990846497, 18.68161657458673020, 299.3736835281314370 ) ) ;
#3708 = CARTESIAN_POINT ( 'NONE',  ( 0.05191149105535509262, 26.63178791932744005, 392.0623368625633702 ) ) ;
#3709 = CARTESIAN_POINT ( 'NONE',  ( 33.03633095656162055, 21.02711613838863158, 389.0746662281788417 ) ) ;
#3710 = CARTESIAN_POINT ( 'NONE',  ( -32.22436830950140063, 27.19609493507358877, 340.8128971718032290 ) ) ;
#3711 = CARTESIAN_POINT ( 'NONE',  ( -0.7317949095089628653, -9.968616617790203804, 558.9098446958789737 ) ) ;
#3712 = VECTOR ( 'NONE', #4772, 1000.000000000000000 ) ;
#3713 = CARTESIAN_POINT ( 'NONE',  ( -56.47713021477131434, -8.444831254075669591, 200.0310506176295462 ) ) ;
#3714 = CARTESIAN_POINT ( 'NONE',  ( -20.61297746584919821, 34.48540969410429824, 319.6398393569842256 ) ) ;
#3715 = CARTESIAN_POINT ( 'NONE',  ( 12.88626958704470304, 21.73961780390661502, 407.5588979362304940 ) ) ;
#3716 = CARTESIAN_POINT ( 'NONE',  ( 42.93574173294480545, 24.03417770708200862, 329.3274508986270348 ) ) ;
#3717 = CARTESIAN_POINT ( 'NONE',  ( 1.866611727019490408, 11.87816490467868569, -28.42495731499281675 ) ) ;
#3718 = CARTESIAN_POINT ( 'NONE',  ( 24.54877487504606748, 38.66041352850114521, 255.0493118463000997 ) ) ;
#3719 = CARTESIAN_POINT ( 'NONE',  ( 0.4666624454428923707, 41.94217851116191298, 261.3537278318258927 ) ) ;
#3720 = VECTOR ( 'NONE', #1343, 1000.000000000000000 ) ;
#3721 = EDGE_LOOP ( 'NONE', ( #4236, #8401, #2718, #1288 ) ) ;
#3722 = B_SPLINE_CURVE_WITH_KNOTS ( 'NONE', 3,
 ( #3718, #3125, #3675, #2956, #5205, #374, #1726, #5075, #6424, #6467 ),
 .UNSPECIFIED., .F., .F.,
 ( 4, 2, 2, 2, 4 ),
 ( 3.469446951953614189E-18, 0.006206286047846114318, 0.01241257209569222517, 0.01861885814353833601, 0.02482514419138444686 ),
 .UNSPECIFIED. ) ;
#3723 = ORIENTED_EDGE ( 'NONE', *, *, #4734, .T. ) ;
#3724 = CARTESIAN_POINT ( 'NONE',  ( 42.82036082025610568, 32.84028577497314672, 328.7149750000689892 ) ) ;
#3725 = CARTESIAN_POINT ( 'NONE',  ( -16.95662949348188064, 33.85947910789845139, 332.4039473710401467 ) ) ;
#3726 = CARTESIAN_POINT ( 'NONE',  ( 20.73192452186968637, 25.55892264986808726, 376.8189403319819917 ) ) ;
#3727 = CARTESIAN_POINT ( 'NONE',  ( -0.4559458611503000025, 36.89687886257694061, 319.1165509866281695 ) ) ;
#3728 = CARTESIAN_POINT ( 'NONE',  ( -2.803652987700630206, 43.29127520109324223, 280.4890457019346286 ) ) ;
#3729 = CARTESIAN_POINT ( 'NONE',  ( 27.80215391191102370, 37.55220883816345179, 255.2535817657832808 ) ) ;
#3730 = CARTESIAN_POINT ( 'NONE',  ( -3.692761659997378043, 44.37478939652282151, 274.2542884087052357 ) ) ;
#3731 = CARTESIAN_POINT ( 'NONE',  ( 11.55383968865741373, 26.93463575382700270, 21.23557846822262718 ) ) ;
#3732 = CARTESIAN_POINT ( 'NONE',  ( -149.9999999999998579, -5.139754097654222420, 439.4216061485305431 ) ) ;
#3733 = CARTESIAN_POINT ( 'NONE',  ( 3.851987125250694977, 32.36534565066481406, 354.3111871162745956 ) ) ;
#3734 = ORIENTED_EDGE ( 'NONE', *, *, #8858, .F. ) ;
#3735 = CARTESIAN_POINT ( 'NONE',  ( 1.105525282041032620, 37.12039539498582030, 317.0619931543275243 ) ) ;
#3736 = CARTESIAN_POINT ( 'NONE',  ( -24.08645897508374745, 34.77093314468614693, 307.3808128886321356 ) ) ;
#3737 = EDGE_CURVE ( 'NONE', #4774, #6903, #4109, .T. ) ;
#3738 = CARTESIAN_POINT ( 'NONE',  ( 47.85337207227540546, 23.99658537838401884, 315.5798414340625300 ) ) ;
#3739 = CARTESIAN_POINT ( 'NONE',  ( 32.81798353628519038, 17.07507645727016765, 389.8238467764120401 ) ) ;
#3740 = CARTESIAN_POINT ( 'NONE',  ( -1.323505920743789366E-13, 38.16255300590657384, 307.2488406811531263 ) ) ;
#3741 = CARTESIAN_POINT ( 'NONE',  ( 0.4861683123315004296, 45.35034098734979580, 261.3537278318258359 ) ) ;
#3742 = CARTESIAN_POINT ( 'NONE',  ( -47.31906922256365533, 16.80001900358779210, 316.1413866361843361 ) ) ;
#3743 = CARTESIAN_POINT ( 'NONE',  ( 7.189961064043363770, -9.266056063442162483, 554.1745012121198215 ) ) ;
#3744 = CARTESIAN_POINT ( 'NONE',  ( -1.858234488227584524, 37.05403298399163248, 317.5841894950988831 ) ) ;
#3745 = CARTESIAN_POINT ( 'NONE',  ( -150.0000000000000000, 15.08964599839784171, 317.3683508197350989 ) ) ;
#3746 = CARTESIAN_POINT ( 'NONE',  ( -42.96315962213277828, 23.82309086121978581, 331.4493103031246619 ) ) ;
#3747 = VERTEX_POINT ( 'NONE', #622 ) ;
#3748 = CARTESIAN_POINT ( 'NONE',  ( 6.303370301357693606, 40.37815332794030354, 280.5696710170460051 ) ) ;
#3749 = CARTESIAN_POINT ( 'NONE',  ( 150.0000000000003695, 17.23251453160983715, 290.2479985875627335 ) ) ;
#3750 = CARTESIAN_POINT ( 'NONE',  ( -20.34472915988834529, 23.02063433628974209, 389.6348017708847351 ) ) ;
#3751 = CARTESIAN_POINT ( 'NONE',  ( 0.4666624454429352253, 43.22798668596865213, 281.9339774583897338 ) ) ;
#3752 = CARTESIAN_POINT ( 'NONE',  ( -27.60367261821675200, 29.09083338745213965, 341.9566356386592929 ) ) ;
#3753 = DIRECTION ( 'NONE',  ( 0.000000000000000000, 0.000000000000000000, -1.000000000000000000 ) ) ;
#3754 = CARTESIAN_POINT ( 'NONE',  ( -26.84291305568621766, 21.64135502705829950, 20.87972938593452810 ) ) ;
#3755 = CARTESIAN_POINT ( 'NONE',  ( -0.7210016873249023295, 36.89475596874805774, 319.1188570546561323 ) ) ;
#3756 = PLANE ( 'NONE',  #7154 ) ;
#3757 = LINE ( 'NONE', #6507, #6007 ) ;
#3758 = CARTESIAN_POINT ( 'NONE',  ( 2.696451919796043484, 24.93304462574336711, 5.026147061896571344 ) ) ;
#3759 = CARTESIAN_POINT ( 'NONE',  ( 2.063807534392889220, 41.65491474906183811, 261.8729472252879305 ) ) ;
#3760 = CARTESIAN_POINT ( 'NONE',  ( -1.003294345898726236, 37.16042184082672861, 331.4493103031246051 ) ) ;
#3761 = ORIENTED_EDGE ( 'NONE', *, *, #1490, .F. ) ;
#3762 = ORIENTED_EDGE ( 'NONE', *, *, #6824, .T. ) ;
#3763 = CARTESIAN_POINT ( 'NONE',  ( 149.9999999999998010, 15.67153765998659942, 312.2062866230721170 ) ) ;
#3764 = CARTESIAN_POINT ( 'NONE',  ( -22.34604435515355902, 32.95842832432757064, 328.3736582022102652 ) ) ;
#3765 = CARTESIAN_POINT ( 'NONE',  ( 18.84312813585951218, 24.69329787621553862, 384.2852468008168785 ) ) ;
#3766 = CARTESIAN_POINT ( 'NONE',  ( 35.43545198337557167, 28.39898292433910854, 321.1817806001550366 ) ) ;
#3767 = CARTESIAN_POINT ( 'NONE',  ( -2.185995320619605664, 43.24015463565370965, 281.2930346022067738 ) ) ;
#3768 = DIRECTION ( 'NONE',  ( -2.379070858319133807E-13, 0.000000000000000000, 1.000000000000000000 ) ) ;
#3769 = CARTESIAN_POINT ( 'NONE',  ( -35.38478444983289961, 38.01517696108416544, 257.5731558881441288 ) ) ;
#3770 = CARTESIAN_POINT ( 'NONE',  ( 55.14185912003974011, 11.14502422987850849, 230.0543043816361433 ) ) ;
#3771 = CARTESIAN_POINT ( 'NONE',  ( 0.000000000000000000, -9.999999999999710454, 558.9422371214541272 ) ) ;
#3772 = CARTESIAN_POINT ( 'NONE',  ( 14.12074878327864624, 31.55675850983759290, 352.2342522578128410 ) ) ;
#3773 = ORIENTED_EDGE ( 'NONE', *, *, #8561, .F. ) ;
#3774 = CARTESIAN_POINT ( 'NONE',  ( 12.86880227511912800, 36.42179836127271386, 316.7475528016887552 ) ) ;
#3775 = CARTESIAN_POINT ( 'NONE',  ( -18.93312013278734796, 36.36330084524849582, 306.7371163142128694 ) ) ;
#3776 = CARTESIAN_POINT ( 'NONE',  ( 1.858234488227655357, 37.05403298399161827, 317.5841894950988262 ) ) ;
#3777 = CARTESIAN_POINT ( 'NONE',  ( 20.62742544173120862, 34.98516887142680787, 315.1232927763178964 ) ) ;
#3778 = LINE ( 'NONE', #1020, #542 ) ;
#3779 = CARTESIAN_POINT ( 'NONE',  ( -8.966662445443065010, 185.3346068197645025, 318.3147629942843082 ) ) ;
#3780 = CARTESIAN_POINT ( 'NONE',  ( 3.049680367427075822, 44.48019286821175911, 263.6082112409388287 ) ) ;
#3781 = CARTESIAN_POINT ( 'NONE',  ( -42.60652105880237173, 30.35201058883452419, 345.2738653162223272 ) ) ;
#3782 = CARTESIAN_POINT ( 'NONE',  ( -41.15579822157624790, 28.28116118385899469, 331.4493103031246051 ) ) ;
#3783 = MECHANICAL_DESIGN_GEOMETRIC_PRESENTATION_REPRESENTATION (  '', ( #3642 ), #899 ) ;
#3784 = CARTESIAN_POINT ( 'NONE',  ( -22.36818518924724586, 34.24649109900700950, 317.4251694686740848 ) ) ;
#3785 = CARTESIAN_POINT ( 'NONE',  ( 0.9419369969250757091, 40.21919929812739269, 320.0004459445724478 ) ) ;
#3786 = CARTESIAN_POINT ( 'NONE',  ( -5.966662445443049911, 185.1096706392855253, 321.3063183948596588 ) ) ;
#3787 = ORIENTED_EDGE ( 'NONE', *, *, #3794, .F. ) ;
#3788 = CARTESIAN_POINT ( 'NONE',  ( 17.61656456272296012, 38.74054848006716867, 283.3173055825069468 ) ) ;
#3789 = ADVANCED_FACE ( 'NONE', ( #6033 ), #8819, .T. ) ;
#3790 = CARTESIAN_POINT ( 'NONE',  ( 1.761563983812512779, 32.02393952748043660, 380.3584216962848927 ) ) ;
#3791 = B_SPLINE_CURVE_WITH_KNOTS ( 'NONE', 3,
 ( #2271, #5029, #1593, #4354, #2312, #909, #5068 ),
 .UNSPECIFIED., .F., .F.,
 ( 4, 3, 4 ),
 ( -5.999999999991845448E-08, 0.000000000000000000, 0.0004768762162522219056 ),
 .UNSPECIFIED. ) ;
#3792 = DIRECTION ( 'NONE',  ( -6.590423098898467265E-17, -0.9971851335251159520, -0.07497872682632604480 ) ) ;
#3793 = CARTESIAN_POINT ( 'NONE',  ( 3.345376087531854115, -19.80729880530915210, -71.09459982090788799 ) ) ;
#3794 = EDGE_CURVE ( 'NONE', #8703, #920, #1024, .T. ) ;
#3795 = LINE ( 'NONE', #3625, #8158 ) ;
#3796 = CARTESIAN_POINT ( 'NONE',  ( -11.76711777406544357, 23.42470861069366350, 9.197752124484701142 ) ) ;
#3797 = CARTESIAN_POINT ( 'NONE',  ( -2.083899330413589546, 43.82413781222020077, 282.1607057518242527 ) ) ;
#3798 = CARTESIAN_POINT ( 'NONE',  ( -4.040245872617357570, 36.83231156211959956, 319.1263533845421421 ) ) ;
#3799 = CARTESIAN_POINT ( 'NONE',  ( 23.55185149034366887, 39.40297663844987142, 245.6182827040549910 ) ) ;
#3800 = PLANE ( 'NONE',  #533 ) ;
#3801 = CLOSED_SHELL ( 'NONE', ( #1633, #5933, #3583, #7526, #1242, #652, #4560, #5387, #7698, #862, #1645, #6389, #1538, #2354, #3908, #4454, #484, #6288, #4966, #4252, #4567, #6493, #365, #2870, #3954, #1850, #6434, #3789, #7648, #2909, #2463, #7851 ) ) ;
#3802 = CARTESIAN_POINT ( 'NONE',  ( -2.764266699687509821, 40.40007119318590156, 79.70911587689846556 ) ) ;
#3803 = CARTESIAN_POINT ( 'NONE',  ( 0.8067805704858665994, 41.65491474906183811, 261.3537278318257790 ) ) ;
#3804 = CARTESIAN_POINT ( 'NONE',  ( -0.01039337678575912548, 23.09037415192558740, 413.8493118463000542 ) ) ;
#3805 = ORIENTED_EDGE ( 'NONE', *, *, #3062, .T. ) ;
#3806 = CARTESIAN_POINT ( 'NONE',  ( -1.005968528606214107, 32.03284778517833331, 380.7173133528380049 ) ) ;
#3807 = CARTESIAN_POINT ( 'NONE',  ( -37.43434600815625402, 3.497723437920143397, 446.0507749091595429 ) ) ;
#3808 = CARTESIAN_POINT ( 'NONE',  ( -1.481175217820059897, 35.66337158875414559, 329.7431608111841683 ) ) ;
#3809 = CARTESIAN_POINT ( 'NONE',  ( 7.427903376031997240, 26.35203350465783245, 390.1661857206512423 ) ) ;
#3810 = CARTESIAN_POINT ( 'NONE',  ( -0.05532083226793974712, 36.37429906365154153, 323.7418475132575395 ) ) ;
#3811 = CARTESIAN_POINT ( 'NONE',  ( -1.612602634514170630, 43.87528884071868163, 281.6743576274576526 ) ) ;
#3812 = CARTESIAN_POINT ( 'NONE',  ( 0.003294345898725401563, 37.16042184082672861, 331.4493103031246051 ) ) ;
#3813 = CARTESIAN_POINT ( 'NONE',  ( 2.532150113318948570, 23.09037415192558029, 413.8493118462999973 ) ) ;
#3814 = CARTESIAN_POINT ( 'NONE',  ( 25.82676969938875899, 28.08943016872629528, 44.17302050310121331 ) ) ;
#3815 = CARTESIAN_POINT ( 'NONE',  ( -0.1555574946075760079, 40.47211643719168706, 281.9339774583896769 ) ) ;
#3816 = CARTESIAN_POINT ( 'NONE',  ( 13.13334046697630519, 31.69977961222998530, 352.4766176439891865 ) ) ;
#3817 = CARTESIAN_POINT ( 'NONE',  ( 0.000000000000000000, 7.905339886619993095, -35.92712258355483357 ) ) ;
#3818 = VERTEX_POINT ( 'NONE', #6126 ) ;
#3819 = B_SPLINE_CURVE_WITH_KNOTS ( 'NONE', 3,
 ( #2556, #5269, #5985, #8002, #1838, #3327, #1244, #4596, #8720, #8092, #1884, #7371, #2468, #7959, #5184, #1198, #1792, #6704, #526, #7910, #3279, #8770, #6078, #1747 ),
 .UNSPECIFIED., .F., .F.,
 ( 4, 2, 2, 2, 2, 2, 2, 2, 2, 2, 2, 4 ),
 ( 2.890076416031672757E-18, 0.005559835904068653224, 0.008339753856102978535, 0.009729712832120157237, 0.01111967180813733767, 0.01667950771220606115, 0.01945942566424046366, 0.02223934361627486964, 0.02779917952034368506, 0.03335901542441250395, 0.03891885132848131590, 0.04447868723255013479 ),
 .UNSPECIFIED. ) ;
#3820 = CARTESIAN_POINT ( 'NONE',  ( 24.34909130434925828, 28.10197684773484283, 355.8738868829506714 ) ) ;
#3821 = CARTESIAN_POINT ( 'NONE',  ( -0.7047574784772818735, 39.94695850898842338, 288.1526023636861282 ) ) ;
#3822 = CARTESIAN_POINT ( 'NONE',  ( 0.5291371304180417789, 37.06734153015778332, 317.5715682717715254 ) ) ;
#3823 = CARTESIAN_POINT ( 'NONE',  ( 0.7213731520826424104, 37.29235978224106418, 315.5082964569739943 ) ) ;
#3824 = DIRECTION ( 'NONE',  ( 0.000000000000000000, 1.000000000000000000, 0.000000000000000000 ) ) ;
#3825 = DIRECTION ( 'NONE',  ( 0.000000000000000000, 0.000000000000000000, 1.000000000000000000 ) ) ;
#3826 = CARTESIAN_POINT ( 'NONE',  ( 2.747441001168397179, 45.17845636126395448, 262.6903593786892088 ) ) ;
#3827 = CARTESIAN_POINT ( 'NONE',  ( 0.4709684984625378545, 40.21920836791927201, 320.0003648965263210 ) ) ;
#3828 = CARTESIAN_POINT ( 'NONE',  ( -1.775404981749445055, 44.80554920341130298, 261.6808123227528995 ) ) ;
#3829 = VECTOR ( 'NONE', #4650, 1000.000000000000000 ) ;
#3830 = CARTESIAN_POINT ( 'NONE',  ( -24.00462017483650001, 33.69186587210695194, 317.4652604739919752 ) ) ;
#3831 = CARTESIAN_POINT ( 'NONE',  ( -48.87671600598984867, 11.59101201867309783, 351.9235384047881894 ) ) ;
#3832 = DIRECTION ( 'NONE',  ( 0.000000000000000000, 0.9971851335251159520, 0.07497872682632604480 ) ) ;
#3833 = ORIENTED_EDGE ( 'NONE', *, *, #4301, .F. ) ;
#3834 = CARTESIAN_POINT ( 'NONE',  ( 4.954187961670269758, 41.10075034150510476, 271.7307637307731625 ) ) ;
#3835 = EDGE_CURVE ( 'NONE', #6073, #976, #1116, .T. ) ;
#3836 = CARTESIAN_POINT ( 'NONE',  ( 149.9999999999995453, 8.360301161202400522, 362.6762669712815068 ) ) ;
#3837 = CARTESIAN_POINT ( 'NONE',  ( 3.364888971293960918, 43.88907027694714458, 280.8020825119766073 ) ) ;
#3838 = CARTESIAN_POINT ( 'NONE',  ( -30.74249716488858297, 29.62634116915819860, 328.4390350174355149 ) ) ;
#3839 = CARTESIAN_POINT ( 'NONE',  ( -6.789434940364204558E-14, 34.08213790315070213, 342.7956709943337614 ) ) ;
#3840 = CARTESIAN_POINT ( 'NONE',  ( 2.737942552675891594, 20.88679572981984478, -7.018861411523644733 ) ) ;
#3841 = CARTESIAN_POINT ( 'NONE',  ( -1.511843925738918237, 43.81822717882933205, 282.4186080299304535 ) ) ;
#3842 = CARTESIAN_POINT ( 'NONE',  ( -12.86609418175345176, 36.26234767683047977, 318.1916335088141636 ) ) ;
#3843 = CARTESIAN_POINT ( 'NONE',  ( -6.633573060279360334, 41.90459917886742147, 256.1856785557782814 ) ) ;
#3844 =( GEOMETRIC_REPRESENTATION_CONTEXT ( 3 ) GLOBAL_UNCERTAINTY_ASSIGNED_CONTEXT ( ( #3334 ) ) GLOBAL_UNIT_ASSIGNED_CONTEXT ( ( #6121, #6796, #3231 ) ) REPRESENTATION_CONTEXT ( 'NONE', 'WORKASPACE' ) );
#3845 = CARTESIAN_POINT ( 'NONE',  ( 0.7124957321404550292, 34.68995099781511726, 337.6263012843808724 ) ) ;
#3846 = EDGE_CURVE ( 'NONE', #4278, #612, #7049, .T. ) ;
#3847 = CARTESIAN_POINT ( 'NONE',  ( -149.9999999999999716, 10.35078035734875535, 226.4890547709782993 ) ) ;
#3848 = CARTESIAN_POINT ( 'NONE',  ( -5.154063167787933608, 21.24861165961153731, 419.1347107358867561 ) ) ;
#3849 = CARTESIAN_POINT ( 'NONE',  ( 0.1555598739253232221, 41.95270076418071170, 261.3537278318260064 ) ) ;
#3850 = ORIENTED_EDGE ( 'NONE', *, *, #2633, .F. ) ;
#3851 = CARTESIAN_POINT ( 'NONE',  ( -19.35674133744920766, 28.31877764964174560, 364.4354425449736254 ) ) ;
#3852 = CARTESIAN_POINT ( 'NONE',  ( 0.000000000000000000, 10.33405387878785753, 486.6586544760494917 ) ) ;
#3853 = VECTOR ( 'NONE', #7418, 1000.000000000000114 ) ;
#3854 = CARTESIAN_POINT ( 'NONE',  ( 0.7257656490961721385, -4.623702357734425838, 541.5260409447616894 ) ) ;
#3855 = CARTESIAN_POINT ( 'NONE',  ( -31.98953760067371022, 28.78538503764491452, 330.5671714886822201 ) ) ;
#3856 = CARTESIAN_POINT ( 'NONE',  ( 5.172431289234546981, 26.49603612548180820, 390.9980617250326986 ) ) ;
#3857 = CARTESIAN_POINT ( 'NONE',  ( 12.86455694075792522, 35.88436676686894344, 321.5500604212615485 ) ) ;
#3858 = CARTESIAN_POINT ( 'NONE',  ( -0.8098589417109018918, 40.46079461750129269, 281.9339774583895633 ) ) ;
#3859 = AXIS2_PLACEMENT_3D ( 'NONE', #8046, #6847, #7420 ) ;
#3860 = CARTESIAN_POINT ( 'NONE',  ( 3.666662445442835150, 43.38720806061534319, 279.3396071913396668 ) ) ;
#3861 = CARTESIAN_POINT ( 'NONE',  ( -34.67376643682520410, 38.34518731156141769, 257.2352719519589641 ) ) ;
#3862 = CARTESIAN_POINT ( 'NONE',  ( 149.9999999999998295, 12.15754626088404500, 232.9814987402332633 ) ) ;
#3863 = CARTESIAN_POINT ( 'NONE',  ( 1.775404981749445055, 43.40477166021896949, 281.6068929674624997 ) ) ;
#3864 = CARTESIAN_POINT ( 'NONE',  ( 0.1078193616228819707, 32.39928013024714204, 354.8066927870877407 ) ) ;
#3865 = CARTESIAN_POINT ( 'NONE',  ( -2.774301182607950889, 16.29813119291236490, -18.81720599228084723 ) ) ;
#3866 = ORIENTED_EDGE ( 'NONE', *, *, #6280, .T. ) ;
#3867 = CARTESIAN_POINT ( 'NONE',  ( 0.4681835768718347057, 30.18310525034250347, 370.0237233850082816 ) ) ;
#3868 = CARTESIAN_POINT ( 'NONE',  ( -1.099135672918613249, 39.93715448532103096, 288.1981250261000014 ) ) ;
#3869 = CARTESIAN_POINT ( 'NONE',  ( 33.67368268255311392, 29.59552622416149958, 317.6972958009798731 ) ) ;
#3870 = CARTESIAN_POINT ( 'NONE',  ( 0.3355716686226263845, 37.40683296102206867, 314.4644187382719451 ) ) ;
#3871 = CARTESIAN_POINT ( 'NONE',  ( 0.000000000000000000, 0.000000000000000000, 331.4493103031246051 ) ) ;
#3872 = DIRECTION ( 'NONE',  ( -0.000000000000000000, -0.000000000000000000, -1.000000000000000000 ) ) ;
#3873 = CARTESIAN_POINT ( 'NONE',  ( 0.4873802908427971037, 45.38535174973733177, 260.7910082619118270 ) ) ;
#3874 = CARTESIAN_POINT ( 'NONE',  ( 0.000000000000000000, 32.02960972858872424, 380.5868600663628740 ) ) ;
#3875 = CARTESIAN_POINT ( 'NONE',  ( -2.738145295489130326, 41.65491474906183811, 262.6408565557158568 ) ) ;
#3876 = B_SPLINE_CURVE_WITH_KNOTS ( 'NONE', 3,
 ( #826, #3541, #4311, #3586, #6291, #865, #2906, #907 ),
 .UNSPECIFIED., .F., .F.,
 ( 4, 2, 2, 4 ),
 ( 5.605063087764202676E-17, 0.01480410454636612097, 0.02960820909273218643, 0.05921641818546431735 ),
 .UNSPECIFIED. ) ;
#3877 = CARTESIAN_POINT ( 'NONE',  ( -1.858505633884661057, 37.16668506961622853, 316.5574293937143011 ) ) ;
#3878 = CARTESIAN_POINT ( 'NONE',  ( 1.508952792909321161, 32.03446681347313785, 380.7825399960755135 ) ) ;
#3879 = CARTESIAN_POINT ( 'NONE',  ( -2.186314625022143687, 44.65395712772027537, 261.9949643512641728 ) ) ;
#3880 = ORIENTED_EDGE ( 'NONE', *, *, #6540, .F. ) ;
#3881 = CARTESIAN_POINT ( 'NONE',  ( 10.98025708407743650, 39.93354284339297067, 281.5502304624308749 ) ) ;
#3882 = CARTESIAN_POINT ( 'NONE',  ( 48.87671600598984867, 11.59101201867309783, 351.9235384047881894 ) ) ;
#3883 = CARTESIAN_POINT ( 'NONE',  ( 2.171902395813508413, 43.88977392823287715, 281.3051395883673536 ) ) ;
#3884 = CARTESIAN_POINT ( 'NONE',  ( -27.69599269083981241, 30.90739893792197535, 328.7467118740859178 ) ) ;
#3885 = B_SPLINE_CURVE_WITH_KNOTS ( 'NONE', 3,
 ( #7252, #4477, #2390, #7209, #6542, #409, #3160, #2482, #7971, #8691, #4562, #5283, #8015, #2766, #1946, #54, #2666, #3483 ),
 .UNSPECIFIED., .F., .F.,
 ( 4, 2, 2, 2, 2, 2, 2, 2, 4 ),
 ( 5.661155180775285056E-17, 0.0005861684882794632786, 0.001172336976558869962, 0.001758505464838276645, 0.002344673953117683545, 0.002930842441397090228, 0.003517010929676496912, 0.004103179417955903595, 0.004689347906235309844 ),
 .UNSPECIFIED. ) ;
#3886 = CARTESIAN_POINT ( 'NONE',  ( -48.93205100325172197, 30.65684697914166534, 280.3525527939733024 ) ) ;
#3887 = EDGE_CURVE ( 'NONE', #6612, #4574, #2218, .T. ) ;
#3888 = VECTOR ( 'NONE', #4070, 1000.000000000000000 ) ;
#3889 = CARTESIAN_POINT ( 'NONE',  ( -12.32604656146385480, 7.066535420415203994, -30.82130669073084661 ) ) ;
#3890 = PLANE ( 'NONE',  #1829 ) ;
#3891 = CARTESIAN_POINT ( 'NONE',  ( -8.063112055979269499, 36.67584812926084226, 318.6420569041206363 ) ) ;
#3892 = CARTESIAN_POINT ( 'NONE',  ( 30.74327953197885321, 36.65391312000615898, 251.3869023918338712 ) ) ;
#3893 = CARTESIAN_POINT ( 'NONE',  ( 23.96446363322297657, 31.98801345798461071, 331.5874663055394649 ) ) ;
#3894 = CARTESIAN_POINT ( 'NONE',  ( 2.546057378257033932, 34.45886955982916078, 42.11624028194231784 ) ) ;
#3895 = CARTESIAN_POINT ( 'NONE',  ( 0.6537028069542387687, 21.50412033099639331, 420.2748202764477696 ) ) ;
#3896 = CARTESIAN_POINT ( 'NONE',  ( 0.8079701054360087786, 44.77229927836786061, 261.3537278318257790 ) ) ;
#3897 = ORIENTED_EDGE ( 'NONE', *, *, #1531, .T. ) ;
#3898 = CARTESIAN_POINT ( 'NONE',  ( -17.79649953353764502, 29.84734270979277326, 358.2778895294682115 ) ) ;
#3899 = CARTESIAN_POINT ( 'NONE',  ( 51.14854028299649258, 8.032565948868031214, 369.8610693905080211 ) ) ;
#3900 = EDGE_CURVE ( 'NONE', #8732, #5463, #3077, .T. ) ;
#3901 = CARTESIAN_POINT ( 'NONE',  ( -9.706193483868752026, -6.012392168603122755, 533.3392366149785175 ) ) ;
#3902 = CARTESIAN_POINT ( 'NONE',  ( -0.7189473899350198316, 36.13778855475680274, 325.7440103762583021 ) ) ;
#3903 = CARTESIAN_POINT ( 'NONE',  ( 11.36686200432037275, 24.65706980418698890, 395.1681540722908608 ) ) ;
#3904 = CARTESIAN_POINT ( 'NONE',  ( -0.05450733327603479728, 36.60808720843409958, 321.6983483747325181 ) ) ;
#3905 = CARTESIAN_POINT ( 'NONE',  ( -0.4666624454429352253, 40.46684894411222189, 281.9339774583896769 ) ) ;
#3906 = CARTESIAN_POINT ( 'NONE',  ( -5.966662445443060570, 185.1096706392855253, 321.3063183948596020 ) ) ;
#3907 = CARTESIAN_POINT ( 'NONE',  ( -3.066662445442829732, 40.99237684399689385, 274.2115001541282027 ) ) ;
#3908 = ADVANCED_FACE ( 'NONE', ( #2162 ), #6312, .T. ) ;
#3909 = CARTESIAN_POINT ( 'NONE',  ( 2.063807534392889220, 40.44237786041291116, 281.4147580649274687 ) ) ;
#3910 = CARTESIAN_POINT ( 'NONE',  ( 149.9999999999998295, 12.15754626088404500, 232.9814987402332633 ) ) ;
#3911 = ORIENTED_EDGE ( 'NONE', *, *, #3965, .F. ) ;
#3912 = CARTESIAN_POINT ( 'NONE',  ( -46.05994379176718212, 27.68220849119183313, 320.8426209064932664 ) ) ;
#3913 = CARTESIAN_POINT ( 'NONE',  ( 7.611075777362368733, 31.11757466637248015, 361.1989840938574616 ) ) ;
#3914 = CARTESIAN_POINT ( 'NONE',  ( -22.61867592472889044, 36.00826606424595155, 299.9068933295907300 ) ) ;
#3915 = CARTESIAN_POINT ( 'NONE',  ( 47.83491533769608850, 23.73267890986556949, 317.9424721216129228 ) ) ;
#3916 = CARTESIAN_POINT ( 'NONE',  ( 3.334188387624919869, 37.24842380765583982, 315.5595352940046041 ) ) ;
#3917 = CARTESIAN_POINT ( 'NONE',  ( 8.226303474830821472, 37.67281173339379308, 309.2006119993039306 ) ) ;
#3918 = CARTESIAN_POINT ( 'NONE',  ( 0.9083467764549775225, 45.36917148196623373, 260.8116144115488737 ) ) ;
#3919 = CARTESIAN_POINT ( 'NONE',  ( 13.78123672714420955, 34.54405809929213689, 331.4493103031245482 ) ) ;
#3920 = CARTESIAN_POINT ( 'NONE',  ( -38.69183588737984536, 10.25441671295230073, 424.1220012238796357 ) ) ;
#3921 = CARTESIAN_POINT ( 'NONE',  ( 0.06317283226917624894, 25.37809891242167382, 399.1773920764484842 ) ) ;
#3922 = CARTESIAN_POINT ( 'NONE',  ( -44.79208460059819430, 26.80341731187045440, 331.4493103031246619 ) ) ;
#3923 = CARTESIAN_POINT ( 'NONE',  ( -1.105589698327641868, 37.17678106999778009, 316.5465042402862537 ) ) ;
#3924 = CARTESIAN_POINT ( 'NONE',  ( -47.31906922256367665, 15.57846502002442612, 326.4192049172317525 ) ) ;
#3925 = CARTESIAN_POINT ( 'NONE',  ( -0.9088794413029321895, 45.37077451123985838, 260.7907846456678271 ) ) ;
#3926 = VERTEX_POINT ( 'NONE', #8279 ) ;
#3927 = CARTESIAN_POINT ( 'NONE',  ( 6.237122773047097724, 39.68376792350898796, 288.9352435276836673 ) ) ;
#3928 = CIRCLE ( 'NONE', #5673, 0.6000000000000024203 ) ;
#3929 = CARTESIAN_POINT ( 'NONE',  ( -1.717673231772173903, 23.13963299835682719, 429.9848877918320227 ) ) ;
#3930 = CARTESIAN_POINT ( 'NONE',  ( 1.140414961656382120, 43.22005785590384619, 281.8509200718830812 ) ) ;
#3931 = ORIENTED_EDGE ( 'NONE', *, *, #5991, .T. ) ;
#3932 = CARTESIAN_POINT ( 'NONE',  ( -11.17314836248363541, 35.02366496740771140, 330.2073076189003586 ) ) ;
#3933 = CARTESIAN_POINT ( 'NONE',  ( 44.79208460059819430, 26.80341731187045440, 331.4493103031246619 ) ) ;
#3934 = VECTOR ( 'NONE', #4941, 1000.000000000000000 ) ;
#3935 = CARTESIAN_POINT ( 'NONE',  ( -56.08762438136983519, 3.832698960004560895, 215.3449030486479501 ) ) ;
#3936 = CARTESIAN_POINT ( 'NONE',  ( 0.003294345898725401563, 37.16042184082672861, 334.4493103031246051 ) ) ;
#3937 = B_SPLINE_CURVE_WITH_KNOTS ( 'NONE', 3,
 ( #6924, #6252, #71, #3312 ),
 .UNSPECIFIED., .F., .F.,
 ( 4, 4 ),
 ( 0.01150813530821936936, 0.06201941304630106955 ),
 .UNSPECIFIED. ) ;
#3938 = CARTESIAN_POINT ( 'NONE',  ( -3.332688726258606682, 36.91227440341214816, 318.6164232541417505 ) ) ;
#3939 = CARTESIAN_POINT ( 'NONE',  ( 3.670758124279370094, 43.04687498547685465, 236.0435317350093101 ) ) ;
#3940 = DIRECTION ( 'NONE',  ( 0.000000000000000000, 0.9971851335251159520, 0.07497872682632604480 ) ) ;
#3941 = CARTESIAN_POINT ( 'NONE',  ( -150.0000000000002558, 12.91824135705855703, 236.2496330257888815 ) ) ;
#3942 = CARTESIAN_POINT ( 'NONE',  ( -1.053675059288652127, 21.45037927530103161, 420.1181084334484126 ) ) ;
#3943 = PLANE ( 'NONE',  #2071 ) ;
#3944 = CARTESIAN_POINT ( 'NONE',  ( -2.575276621184612036E-14, 35.46042503095549847, 331.4493103031279588 ) ) ;
#3945 = CARTESIAN_POINT ( 'NONE',  ( -45.12811528435004504, 20.30729046492545109, 348.6764399675506638 ) ) ;
#3946 = CARTESIAN_POINT ( 'NONE',  ( -0.5725577439240580047, 23.09808650977305433, 429.9216912165479130 ) ) ;
#3947 = B_SPLINE_SURFACE_WITH_KNOTS ( 'NONE', 3, 1, ( 
 ( #1115, #5188 ),
 ( #1889, #4644 ),
 ( #1068, #5949 ),
 ( #3828, #4554 ),
 ( #6577, #401 ),
 ( #7376, #5905 ),
 ( #7289, #3875 ),
 ( #8684, #4206 ),
 ( #2801, #627 ),
 ( #4016, #7424 ) ),
 .UNSPECIFIED., .F., .F., .F.,
 ( 4, 2, 2, 2, 4 ),
 ( 2, 2 ),
 ( 0.000000000000000000, 0.2500000000000000000, 0.5000000000000000000, 0.7500000000000000000, 1.000000000000000000 ),
 ( 0.000000000000000000, 1.000000000000000000 ),
 .UNSPECIFIED. ) ;
#3948 = CARTESIAN_POINT ( 'NONE',  ( -10.02488928357590936, 1.340599469649716324, 507.8357256156867834 ) ) ;
#3949 = CARTESIAN_POINT ( 'NONE',  ( -6.104976953502507797, 36.23489525218340646, 323.6151271184231746 ) ) ;
#3950 = CARTESIAN_POINT ( 'NONE',  ( 1.417800101687192615, 25.35032203758582625, 398.9727621427924191 ) ) ;
#3951 = CARTESIAN_POINT ( 'NONE',  ( 6.776295888613997676, 36.65272142901810071, 319.6318004607658168 ) ) ;
#3952 = CARTESIAN_POINT ( 'NONE',  ( 7.500000000000000000, 23.25966121672881570, 402.6247220052615035 ) ) ;
#3953 = DIRECTION ( 'NONE',  ( 0.9999999999999993339, 0.000000000000000000, 3.575276321511214631E-08 ) ) ;
#3954 = ADVANCED_FACE ( 'NONE', ( #129 ), #3515, .T. ) ;
#3955 = CARTESIAN_POINT ( 'NONE',  ( -3.066662445442848384, 41.35023385161311182, 269.0810019716528814 ) ) ;
#3956 = CARTESIAN_POINT ( 'NONE',  ( -25.99550401236636077, 21.43752908361242504, 402.0652452815185143 ) ) ;
#3957 = CARTESIAN_POINT ( 'NONE',  ( 54.00102207192544768, 15.29528807115969968, 241.2492155879526479 ) ) ;
#3958 = ORIENTED_EDGE ( 'NONE', *, *, #4734, .F. ) ;
#3959 = EDGE_CURVE ( 'NONE', #3373, #5632, #8340, .T. ) ;
#3960 = CARTESIAN_POINT ( 'NONE',  ( -44.79208460059819430, 26.80341731187045440, 331.4493103031246619 ) ) ;
#3961 = CARTESIAN_POINT ( 'NONE',  ( -0.2931400288484948269, 31.31070395888752600, 362.5949054779473499 ) ) ;
#3962 = CARTESIAN_POINT ( 'NONE',  ( -15.29013516658598171, 38.53422752570001109, 290.6322897897638882 ) ) ;
#3963 = CARTESIAN_POINT ( 'NONE',  ( 0.1409724155965066117, 37.06851512876809807, 317.5679998151899213 ) ) ;
#3964 = CARTESIAN_POINT ( 'NONE',  ( 8.966662445442725726, 41.26731421385151322, 256.1377608585563053 ) ) ;
#3965 = EDGE_CURVE ( 'NONE', #7684, #2044, #6148, .T. ) ;
#3966 = CARTESIAN_POINT ( 'NONE',  ( -0.4873802908429391012, 45.38535174973730335, 260.7910082619117134 ) ) ;
#3967 = CARTESIAN_POINT ( 'NONE',  ( 3.350178695052929978, -24.66882895534568121, -76.10165956531285758 ) ) ;
#3968 = B_SPLINE_CURVE_WITH_KNOTS ( 'NONE', 3,
 ( #3254, #7975, #7883, #6678 ),
 .UNSPECIFIED., .F., .F.,
 ( 4, 4 ),
 ( 0.3192827270458439282, 0.3406522066182079422 ),
 .UNSPECIFIED. ) ;
#3969 = CARTESIAN_POINT ( 'NONE',  ( -6.487160277154800703, 19.72214760585052673, 443.3057579004467357 ) ) ;
#3970 = CARTESIAN_POINT ( 'NONE',  ( -0.01060741860737725653, 27.84275922939305303, 384.8323801470199328 ) ) ;
#3971 = CARTESIAN_POINT ( 'NONE',  ( -26.79130003566625007, 34.61032764009687668, 331.4493103031246051 ) ) ;
#3972 = CARTESIAN_POINT ( 'NONE',  ( -0.7213731520826169863, 37.29235978224107839, 315.5082964569739943 ) ) ;
#3973 = CARTESIAN_POINT ( 'NONE',  ( -11.54106037115949945, 18.89842486944788291, 438.8770723758824488 ) ) ;
#3974 = DIRECTION ( 'NONE',  ( 0.000000000000000000, 0.000000000000000000, -1.000000000000000000 ) ) ;
#3975 = EDGE_LOOP ( 'NONE', ( #122, #1924, #2972, #4049 ) ) ;
#3976 = CARTESIAN_POINT ( 'NONE',  ( 0.7047574784773275036, 39.94695850898840916, 288.1526023636860714 ) ) ;
#3977 = CARTESIAN_POINT ( 'NONE',  ( 0.000000000000000000, 38.16041641445455923, 328.4493103031245482 ) ) ;
#3978 = CARTESIAN_POINT ( 'NONE',  ( 1.676507941506811594, 36.02744328790266337, 354.3090623948346547 ) ) ;
#3979 = CARTESIAN_POINT ( 'NONE',  ( -3.958208582359953986, 35.41051481820700531, 331.4493103031246051 ) ) ;
#3980 = ORIENTED_EDGE ( 'NONE', *, *, #4460, .T. ) ;
#3981 = CARTESIAN_POINT ( 'NONE',  ( -5.207979174417109114, 35.45481728125845677, 330.5903756804484601 ) ) ;
#3982 = DIRECTION ( 'NONE',  ( -5.341023129373435147E-12, 0.000000000000000000, -1.000000000000000000 ) ) ;
#3983 = CARTESIAN_POINT ( 'NONE',  ( 2.238582030903766729, 43.98938502743245493, 105.2905442681973369 ) ) ;
#3984 = CARTESIAN_POINT ( 'NONE',  ( 0.000000000000000000, 60.00000000000000711, 255.0493127239866169 ) ) ;
#3985 = CARTESIAN_POINT ( 'NONE',  ( -24.00204825049118540, 33.59447692357365156, 318.3381803610415659 ) ) ;
#3986 = CARTESIAN_POINT ( 'NONE',  ( 38.39502618822300661, 32.45050882325276120, 265.3755587929954913 ) ) ;
#3987 = CARTESIAN_POINT ( 'NONE',  ( -150.0000000000006821, 17.36217657815118542, 276.3178635875777900 ) ) ;
#3988 = CARTESIAN_POINT ( 'NONE',  ( -1.045210333216489706, 22.79746870046124130, 413.1711508345658785 ) ) ;
#3989 = CARTESIAN_POINT ( 'NONE',  ( -5.464782804720379694, 41.26731421385152032, 256.1377608585562484 ) ) ;
#3990 = DIRECTION ( 'NONE',  ( -1.000000000000000000, 0.000000000000000000, 0.000000000000000000 ) ) ;
#3991 = CARTESIAN_POINT ( 'NONE',  ( -32.10155984561527731, 25.23265915201381659, 352.8612321787238670 ) ) ;
#3992 = CARTESIAN_POINT ( 'NONE',  ( 150.0000000000003126, 4.384157842436207098, 385.9904724453040785 ) ) ;
#3993 = B_SPLINE_CURVE_WITH_KNOTS ( 'NONE', 3,
 ( #420, #6010, #3170, #1088, #8027, #4487, #3085, #8656, #5838, #332, #8750, #6553, #2583, #5922, #3126, #8069 ),
 .UNSPECIFIED., .F., .F.,
 ( 4, 2, 2, 2, 2, 2, 2, 4 ),
 ( 2.254406477835270152E-16, 0.0005077422019169053335, 0.001015484403833585370, 0.001523226605750265189, 0.002030968807666945226, 0.002538711009583625479, 0.003046453211500305298, 0.004061937615333666672 ),
 .UNSPECIFIED. ) ;
#3994 = CARTESIAN_POINT ( 'NONE',  ( -6.733608421923275245, 13.22468183324905233, 471.8275841911045632 ) ) ;
#3995 = CARTESIAN_POINT ( 'NONE',  ( -8.061028088713912965, 36.11611841618508834, 323.5702856826015363 ) ) ;
#3996 = CARTESIAN_POINT ( 'NONE',  ( 25.16215815006393797, 21.69020377844994485, 386.2272764110081198 ) ) ;
#3997 = CARTESIAN_POINT ( 'NONE',  ( 23.99758239706935825, 33.04575354886610938, 323.1049812536527952 ) ) ;
#3998 = CARTESIAN_POINT ( 'NONE',  ( 0.3036924911606527222, 44.79251113434829534, 261.3537278318258359 ) ) ;
#3999 = CARTESIAN_POINT ( 'NONE',  ( -12.56828236095124929, -24.59226084328281203, -70.07999748860358125 ) ) ;
#4000 = CARTESIAN_POINT ( 'NONE',  ( 1.003294345898726236, 37.16042184082672861, 328.4493103031245482 ) ) ;
#4001 = CARTESIAN_POINT ( 'NONE',  ( 3.066662445442833729, 40.44237786041291116, 279.3396071913394394 ) ) ;
#4002 = EDGE_LOOP ( 'NONE', ( #4634, #8486, #6071, #3484 ) ) ;
#4003 = ORIENTED_EDGE ( 'NONE', *, *, #2692, .T. ) ;
#4004 = PRESENTATION_LAYER_ASSIGNMENT (  '', '', ( #6311 ) ) ;
#4005 = CARTESIAN_POINT ( 'NONE',  ( -0.7461940103012556502, 43.80372440424493874, 105.2564511888949568 ) ) ;
#4006 = ORIENTED_EDGE ( 'NONE', *, *, #7481, .F. ) ;
#4007 = VECTOR ( 'NONE', #3612, 1000.000000000000000 ) ;
#4008 = CARTESIAN_POINT ( 'NONE',  ( 0.07210698434176385230, 29.01284229461786168, 377.4507412215025965 ) ) ;
#4009 = CARTESIAN_POINT ( 'NONE',  ( -5.492088074802285114, 39.03454099034576075, 297.2196905161071072 ) ) ;
#4010 = CARTESIAN_POINT ( 'NONE',  ( 38.97015805787022202, 27.10603159061232859, 318.5432334980588962 ) ) ;
#4011 = CARTESIAN_POINT ( 'NONE',  ( 8.966662445443088103, 37.79404352196230121, 307.4198335489171541 ) ) ;
#4012 = CARTESIAN_POINT ( 'NONE',  ( 3.371198322244095102, 45.15541565756972631, 262.5664877841969087 ) ) ;
#4013 = CARTESIAN_POINT ( 'NONE',  ( 48.61521300242358734, 26.48403073519783746, 288.9056952182621103 ) ) ;
#4014 = CARTESIAN_POINT ( 'NONE',  ( -2.005225952241261655, 23.00456069334608245, 429.7794286210721566 ) ) ;
#4015 = CARTESIAN_POINT ( 'NONE',  ( -1.033007881290350705, 26.61788799743177591, 391.9123586062596587 ) ) ;
#4016 = CARTESIAN_POINT ( 'NONE',  ( -3.066662445442833729, 44.80554920341130298, 263.9480980988759597 ) ) ;
#4017 = EDGE_CURVE ( 'NONE', #2167, #8318, #263, .T. ) ;
#4018 = CARTESIAN_POINT ( 'NONE',  ( -4.750309444215838894, 37.19904736300978954, 315.5891900154787777 ) ) ;
#4019 = CARTESIAN_POINT ( 'NONE',  ( 1.240397304842907111, 17.08031719385537528, 458.4040238591230150 ) ) ;
#4020 = DIRECTION ( 'NONE',  ( 1.000000000000000000, 0.000000000000000000, 0.000000000000000000 ) ) ;
#4021 = ORIENTED_EDGE ( 'NONE', *, *, #910, .F. ) ;
#4022 = CARTESIAN_POINT ( 'NONE',  ( 5.549037967446746045, 39.73374769408224694, 288.8255223091812809 ) ) ;
#4023 = CARTESIAN_POINT ( 'NONE',  ( -1.915072580554861181, 42.37622042759421959, 253.5280659030432275 ) ) ;
#4024 = CARTESIAN_POINT ( 'NONE',  ( 10.87137964986494865, 12.27380154565681281, 466.5267389959417415 ) ) ;
#4025 = EDGE_CURVE ( 'NONE', #1940, #1382, #7895, .T. ) ;
#4026 =( LENGTH_UNIT ( ) NAMED_UNIT ( * ) SI_UNIT ( .MILLI., .METRE. ) );
#4027 = ORIENTED_EDGE ( 'NONE', *, *, #2200, .F. ) ;
#4028 = CARTESIAN_POINT ( 'NONE',  ( 3.340573480010778695, -14.94576865527262655, -66.08754007650293261 ) ) ;
#4029 = CARTESIAN_POINT ( 'NONE',  ( 45.82574550216660469, 27.51859052923307658, 322.9667380103297774 ) ) ;
#4030 = CARTESIAN_POINT ( 'NONE',  ( 0.000000000000000000, 34.15347802815850997, 41.94911547631893001 ) ) ;
#4031 = CARTESIAN_POINT ( 'NONE',  ( 0.000000000000000000, 43.62061748188531851, 282.0667228730396801 ) ) ;
#4032 = CARTESIAN_POINT ( 'NONE',  ( -5.436808360631094850, 36.89136928395993920, 318.1240997071392940 ) ) ;
#4033 = CARTESIAN_POINT ( 'NONE',  ( 5.875189345501554250, 42.08088314872113500, 254.5618060798654483 ) ) ;
#4034 = CARTESIAN_POINT ( 'NONE',  ( -15.55331741631335696, 45.35218854345084338, 234.3705618064915370 ) ) ;
#4035 = CARTESIAN_POINT ( 'NONE',  ( 150.0000000000000000, 9.270087174911674666, 223.2766782676432626 ) ) ;
#4036 = CARTESIAN_POINT ( 'NONE',  ( -3.256645128109880272, 21.35636942054097887, 419.7094654058500964 ) ) ;
#4037 = CARTESIAN_POINT ( 'NONE',  ( -7.500000000000000000, 20.81336334461917303, 425.6312990209411282 ) ) ;
#4038 = CARTESIAN_POINT ( 'NONE',  ( 0.003294345898725401563, 37.16042184082672861, 334.4493103031246051 ) ) ;
#4039 = CARTESIAN_POINT ( 'NONE',  ( -5.196148435732812487, 32.33351952520471428, 354.1074894279576029 ) ) ;
#4040 = CARTESIAN_POINT ( 'NONE',  ( 12.20178374623678863, 24.99215593519244649, 410.8332455709494866 ) ) ;
#4041 = DIRECTION ( 'NONE',  ( 1.000000000000000000, 0.000000000000000000, 0.000000000000000000 ) ) ;
#4042 = CARTESIAN_POINT ( 'NONE',  ( -47.83446837869472290, 22.72087058900679324, 326.3062100174032025 ) ) ;
#4043 = CARTESIAN_POINT ( 'NONE',  ( -0.1372970650199325515, 22.82947263737215238, 413.3035727976256908 ) ) ;
#4044 = CARTESIAN_POINT ( 'NONE',  ( 0.1384124783235811951, 36.13814570304495533, 325.7601750312425111 ) ) ;
#4045 = CARTESIAN_POINT ( 'NONE',  ( -2.803669711678151710, 40.52101719643314937, 280.4892462625142002 ) ) ;
#4046 = CARTESIAN_POINT ( 'NONE',  ( 1.904943872151217965, -9.951894290560517220, -61.04478972313617646 ) ) ;
#4047 = CARTESIAN_POINT ( 'NONE',  ( 5.966662445443050800, 37.42840340034361191, 307.1936396950423500 ) ) ;
#4048 = CARTESIAN_POINT ( 'NONE',  ( 0.000000000000000000, 25.36656775831971444, 399.2299607653508815 ) ) ;
#4049 = ORIENTED_EDGE ( 'NONE', *, *, #1026, .F. ) ;
#4050 = VERTEX_POINT ( 'NONE', #430 ) ;
#4051 = CARTESIAN_POINT ( 'NONE',  ( 75.08352271041381698, 23.83992530242385399, 133.1794009662679912 ) ) ;
#4052 = VERTEX_POINT ( 'NONE', #8494 ) ;
#4053 = B_SPLINE_CURVE_WITH_KNOTS ( 'NONE', 3,
 ( #1188, #1874, #4540, #6649, #1735, #384 ),
 .UNSPECIFIED., .F., .F.,
 ( 4, 2, 4 ),
 ( 0.000000000000000000, 0.0004500830367122018484, 0.0009001660734244036968 ),
 .UNSPECIFIED. ) ;
#4054 = CARTESIAN_POINT ( 'NONE',  ( 3.692761659997378043, 44.37478939652282151, 274.2542884087052357 ) ) ;
#4055 = CARTESIAN_POINT ( 'NONE',  ( 1.404903750502326076, 30.17893196557481517, 369.8865661506198421 ) ) ;
#4056 = CARTESIAN_POINT ( 'NONE',  ( 0.1355858053425449683, 41.35880008831095722, 270.7875662786657927 ) ) ;
#4057 = CARTESIAN_POINT ( 'NONE',  ( 47.83349706556719383, 23.69412889156071600, 318.2807444483995596 ) ) ;
#4058 = CARTESIAN_POINT ( 'NONE',  ( -5.966662445443056129, 37.71010751892143986, 310.2232895710617413 ) ) ;
#4059 = CARTESIAN_POINT ( 'NONE',  ( 1.003294345898726236, 37.16042184082672861, 334.4493103031246051 ) ) ;
#4060 = CARTESIAN_POINT ( 'NONE',  ( -4.149658159168249760, 45.56441585637873004, 255.0493125756248673 ) ) ;
#4061 = CARTESIAN_POINT ( 'NONE',  ( 2.109836334315450479, 3.066047688892955314, 514.8735652113953165 ) ) ;
#4062 = CARTESIAN_POINT ( 'NONE',  ( -3.197023901188299710, 27.79333265897677663, 384.2855406717999927 ) ) ;
#4063 = CARTESIAN_POINT ( 'NONE',  ( -0.4419311850217826354, 34.52867411141856735, 339.1633005974155139 ) ) ;
#4064 = ORIENTED_EDGE ( 'NONE', *, *, #6097, .F. ) ;
#4065 = CARTESIAN_POINT ( 'NONE',  ( -12.87113680230864965, 36.52742992919083065, 315.7836687243532765 ) ) ;
#4066 = CARTESIAN_POINT ( 'NONE',  ( -1.140131621892081171, 43.22005924596147963, 281.8509810740818011 ) ) ;
#4067 = ORIENTED_EDGE ( 'NONE', *, *, #6813, .F. ) ;
#4068 = CARTESIAN_POINT ( 'NONE',  ( 20.85062169721630454, 36.53201529567044759, 299.5625799047367650 ) ) ;
#4069 = FACE_OUTER_BOUND ( 'NONE', #4704, .T. ) ;
#4070 = DIRECTION ( 'NONE',  ( 0.000000000000000000, -1.000000000000000000, 0.000000000000000000 ) ) ;
#4071 = CARTESIAN_POINT ( 'NONE',  ( 0.6670689850758548811, 42.98607662488058878, 244.1481808522434847 ) ) ;
#4072 = EDGE_CURVE ( 'NONE', #3345, #5374, #2677, .T. ) ;
#4073 = CARTESIAN_POINT ( 'NONE',  ( 39.35302601131734690, 13.53690614029605221, 413.1562519541586767 ) ) ;
#4074 = CARTESIAN_POINT ( 'NONE',  ( -19.49633857543578586, 33.37679312617186156, 331.4493103031248324 ) ) ;
#4075 = ORIENTED_EDGE ( 'NONE', *, *, #372, .T. ) ;
#4076 = CARTESIAN_POINT ( 'NONE',  ( 86.78479610272228228, -8.426922040965695970, 51.82892328279097427 ) ) ;
#4077 = CARTESIAN_POINT ( 'NONE',  ( 7.500000000000000000, 20.81336334461917303, 425.6312990209411282 ) ) ;
#4078 = CARTESIAN_POINT ( 'NONE',  ( 2.367866279720466594, 41.04594610967017587, 79.94441032751126386 ) ) ;
#4080 = EDGE_CURVE ( 'NONE', #8924, #8811, #2259, .T. ) ;
#4079 = CARTESIAN_POINT ( 'NONE',  ( -7.199780051661552882E-18, 38.16041641445455923, 331.4493103031246051 ) ) ;
#4081 = CARTESIAN_POINT ( 'NONE',  ( -38.97015805787021492, 27.10603159061233569, 318.5432334980588962 ) ) ;
#4082 = CARTESIAN_POINT ( 'NONE',  ( 8.777655433330542323, 41.77730371292544476, 255.4587679809671670 ) ) ;
#4083 = VECTOR ( 'NONE', #8359, 1000.000000000000000 ) ;
#4084 = CARTESIAN_POINT ( 'NONE',  ( -1.793437411546241478, 45.87555291334074070, 252.9410945478491897 ) ) ;
#4085 = EDGE_CURVE ( 'NONE', #5398, #1561, #6621, .T. ) ;
#4086 = CARTESIAN_POINT ( 'NONE',  ( 0.000000000000000000, 45.77999709477325752, 130.5726553802304295 ) ) ;
#4087 = CARTESIAN_POINT ( 'NONE',  ( -19.92695836266870657, 20.37784511595906167, 402.3094118996823454 ) ) ;
#4088 = CARTESIAN_POINT ( 'NONE',  ( 24.54877487504606748, 42.21902366365255688, 255.0493118463000997 ) ) ;
#4089 = CARTESIAN_POINT ( 'NONE',  ( -14.12074878327864624, 31.55675850983759290, 352.2342522578128410 ) ) ;
#4090 = CARTESIAN_POINT ( 'NONE',  ( 57.77097111345211289, -2.535394609008782663, 415.1043187994338837 ) ) ;
#4091 = VECTOR ( 'NONE', #5747, 1000.000000000000000 ) ;
#4092 = CYLINDRICAL_SURFACE ( 'NONE', #3218, 1.000000000000000888 ) ;
#4093 = CARTESIAN_POINT ( 'NONE',  ( -18.85352768304043636, 34.33759299298893097, 325.0723687042229244 ) ) ;
#4094 = CARTESIAN_POINT ( 'NONE',  ( 3.872503947116438638, 23.99948954508225185, 405.5527932757860299 ) ) ;
#4095 = CARTESIAN_POINT ( 'NONE',  ( 4.038635122918184273, 36.08498187243775135, 325.6462621028833837 ) ) ;
#4096 = CARTESIAN_POINT ( 'NONE',  ( -0.002916558426426163995, 45.40173806813984925, 260.7912716401440321 ) ) ;
#4097 = CARTESIAN_POINT ( 'NONE',  ( 0.9538432379601403666, -14.88770259644060800, -66.09957415697023464 ) ) ;
#4098 = CARTESIAN_POINT ( 'NONE',  ( 3.066662445442823959, 45.08294164887548305, 263.9874712922450612 ) ) ;
#4099 = SURFACE_SIDE_STYLE ('',( #5397 ) ) ;
#4100 = ORIENTED_EDGE ( 'NONE', *, *, #977, .T. ) ;
#4101 = ORIENTED_EDGE ( 'NONE', *, *, #2621, .T. ) ;
#4102 = CARTESIAN_POINT ( 'NONE',  ( -1.404199679686745306, 45.94742635001971109, 130.5641109568593379 ) ) ;
#4103 = VERTEX_POINT ( 'NONE', #7187 ) ;
#4104 = CARTESIAN_POINT ( 'NONE',  ( -5.464712794160148768, 189.1210325244939554, 267.9569137512659722 ) ) ;
#4105 = CARTESIAN_POINT ( 'NONE',  ( 32.02218464877409332, 24.18163422393035233, 358.7481940007658068 ) ) ;
#4106 = CARTESIAN_POINT ( 'NONE',  ( -2.680789838473577991, 41.24186431331872171, 271.2485394314439873 ) ) ;
#4107 = CARTESIAN_POINT ( 'NONE',  ( 28.78282368464990881, 31.70716948502957067, 318.4121143863208090 ) ) ;
#4108 = CARTESIAN_POINT ( 'NONE',  ( 47.51744727040792071, 28.21812508884747928, 271.1728304386993500 ) ) ;
#4109 = LINE ( 'NONE', #3280, #2562 ) ;
#4110 = CARTESIAN_POINT ( 'NONE',  ( -1.913171683458406047, -24.72062763175912892, -76.21716178040844625 ) ) ;
#4111 = CARTESIAN_POINT ( 'NONE',  ( -38.04577553118386390, 6.899135327763927350, 435.0771627741435736 ) ) ;
#4112 = CARTESIAN_POINT ( 'NONE',  ( -23.74858263784212298, 23.42832211607347404, 381.2006815917807216 ) ) ;
#4113 = CARTESIAN_POINT ( 'NONE',  ( -0.05771790305795324039, 34.53095266442716849, 339.1339537687204597 ) ) ;
#4114 = EDGE_LOOP ( 'NONE', ( #3551, #6164, #4880, #3677 ) ) ;
#4115 = CARTESIAN_POINT ( 'NONE',  ( -25.61510724895501312, 33.22250278512417765, 316.2162527215783143 ) ) ;
#4116 = FACE_OUTER_BOUND ( 'NONE', #1970, .T. ) ;
#4117 = ORIENTED_EDGE ( 'NONE', *, *, #7747, .T. ) ;
#4118 = CARTESIAN_POINT ( 'NONE',  ( 4.077684144316232384, 39.10712664845327424, 297.0584996866986103 ) ) ;
#4119 = CARTESIAN_POINT ( 'NONE',  ( -27.06687137975783841, 17.33233825080074553, 400.7073608534809068 ) ) ;
#4120 = CARTESIAN_POINT ( 'NONE',  ( 0.000000000000000000, 37.42840340034361191, 307.1936396950423500 ) ) ;
#4121 = CARTESIAN_POINT ( 'NONE',  ( -1.509845406466406192, 42.86003594818476614, 244.5149230807234346 ) ) ;
#4122 = CARTESIAN_POINT ( 'NONE',  ( 6.953941588068372148, 6.120562770953910992, 500.2070897956710951 ) ) ;
#4123 = ORIENTED_EDGE ( 'NONE', *, *, #8676, .F. ) ;
#4124 = CARTESIAN_POINT ( 'NONE',  ( 56.47713021477131434, -8.444831254075669591, 200.0310506176295462 ) ) ;
#4125 = CARTESIAN_POINT ( 'NONE',  ( -38.75922703547988135, 32.65698937380163613, 259.5984239251631038 ) ) ;
#4126 = CARTESIAN_POINT ( 'NONE',  ( -0.6721914148745723461, 41.88836698697767247, 262.0937977819863818 ) ) ;
#4127 = CARTESIAN_POINT ( 'NONE',  ( 0.000000000000000000, 47.06380252744634163, 155.7186040356210128 ) ) ;
#4128 = CARTESIAN_POINT ( 'NONE',  ( -2.347970148251844774E-32, 43.40061137667192526, 281.9513174277669236 ) ) ;
#4129 = CARTESIAN_POINT ( 'NONE',  ( 50.37688971782516489, 27.03542822747762386, 273.5577929746340260 ) ) ;
#4130 = CARTESIAN_POINT ( 'NONE',  ( -63.98600082019655133, 32.47793740598321932, 184.0516963749373076 ) ) ;
#4131 = CARTESIAN_POINT ( 'NONE',  ( 54.48274488411642125, 13.81017118001468269, 236.9137207598040220 ) ) ;
#4132 = CARTESIAN_POINT ( 'NONE',  ( -16.73271251766623990, 22.46728540563450949, 398.4633972957362289 ) ) ;
#4133 = CARTESIAN_POINT ( 'NONE',  ( 40.98559370940202484, 20.68172321572608752, 355.6838208367684615 ) ) ;
#4134 = CARTESIAN_POINT ( 'NONE',  ( -2.484035839800099232, 33.48151661146361135, 346.8135696432543682 ) ) ;
#4135 = CARTESIAN_POINT ( 'NONE',  ( 2.512478394710995655, -1.256705077567221052, 529.6245464009108446 ) ) ;
#4136 = EDGE_CURVE ( 'NONE', #566, #3157, #7786, .T. ) ;
#4137 = CARTESIAN_POINT ( 'NONE',  ( -56.52914563521074598, -13.16024702830548954, 195.5971044673015626 ) ) ;
#4138 = CARTESIAN_POINT ( 'NONE',  ( -4.747363835882170591, 36.52613115552130552, 321.6480352469899913 ) ) ;
#4139 = CARTESIAN_POINT ( 'NONE',  ( 26.74025636013404750, 21.19308809055084097, 385.0864620824187341 ) ) ;
#4140 = CARTESIAN_POINT ( 'NONE',  ( 22.36116391801305525, 33.59045431298385864, 323.1615569377619863 ) ) ;
#4141 = CARTESIAN_POINT ( 'NONE',  ( 1.910429079689343501, -19.79771651802625598, -71.15970442798436579 ) ) ;
#4142 = CARTESIAN_POINT ( 'NONE',  ( 0.000000000000000000, 44.80250588595319527, 261.3537278318257790 ) ) ;
#4143 = CARTESIAN_POINT ( 'NONE',  ( -3.692761679349534365, 44.37479358340891622, 274.2542332983708206 ) ) ;
#4144 = ORIENTED_EDGE ( 'NONE', *, *, #8417, .F. ) ;
#4145 = EDGE_LOOP ( 'NONE', ( #8177, #1614, #8809, #4021 ) ) ;
#4146 = CARTESIAN_POINT ( 'NONE',  ( 2.305531241410820442, 46.80903969351554395, 155.8088301420164328 ) ) ;
#4147 = PRESENTATION_LAYER_ASSIGNMENT (  '', '', ( #5437 ) ) ;
#4148 = CARTESIAN_POINT ( 'NONE',  ( -31.97301946465162814, 28.36279907524660970, 333.5913966861671156 ) ) ;
#4149 = CARTESIAN_POINT ( 'NONE',  ( 0.6519060049759068942, 29.01011125208151498, 377.3702050185880807 ) ) ;
#4150 = CARTESIAN_POINT ( 'NONE',  ( -36.03964424231298835, 30.79983760412579130, 296.5416227020837709 ) ) ;
#4151 = CARTESIAN_POINT ( 'NONE',  ( 12.86609418175341801, 36.26234767683050109, 318.1916335088142773 ) ) ;
#4152 = CARTESIAN_POINT ( 'NONE',  ( -3.979062107967654249, 37.81111191355238788, 310.2308841296435276 ) ) ;
#4153 = VECTOR ( 'NONE', #4512, 1000.000000000000000 ) ;
#4154 = CARTESIAN_POINT ( 'NONE',  ( 46.55270765736709393, 32.40723812926036373, 268.8722253049751885 ) ) ;
#4155 = CARTESIAN_POINT ( 'NONE',  ( 47.11124502287862015, 24.86424867225715118, 310.2142065013505317 ) ) ;
#4156 = CARTESIAN_POINT ( 'NONE',  ( 0.000000000000000000, 6.729893735435778623, 500.8079739285071810 ) ) ;
#4157 = CARTESIAN_POINT ( 'NONE',  ( -18.84312813585951218, 24.69329787621553862, 384.2852468008168785 ) ) ;
#4158 = CARTESIAN_POINT ( 'NONE',  ( -0.01099002475509839802, 34.53124163880995923, 339.1302858228841046 ) ) ;
#4159 = ORIENTED_EDGE ( 'NONE', *, *, #922, .F. ) ;
#4160 = CIRCLE ( 'NONE', #8451, 1.000000000000000888 ) ;
#4161 = CARTESIAN_POINT ( 'NONE',  ( -38.98564022610212021, 27.39469736959672730, 315.9617993502341733 ) ) ;
#4162 = DIRECTION ( 'NONE',  ( 0.000000000000000000, 0.000000000000000000, -1.000000000000000000 ) ) ;
#4163 = ORIENTED_EDGE ( 'NONE', *, *, #1299, .T. ) ;
#4164 = CARTESIAN_POINT ( 'NONE',  ( 17.05993138950062260, 36.81076260227541752, 306.5240842462083606 ) ) ;
#4165 = CARTESIAN_POINT ( 'NONE',  ( 3.066662445442833729, 43.38720806061537161, 279.3396071913396668 ) ) ;
#4166 = DIRECTION ( 'NONE',  ( 0.000000000000000000, -0.8496610965297365370, -0.5273291391947594331 ) ) ;
#4167 = CARTESIAN_POINT ( 'NONE',  ( -8.777655433330593837, 41.77730371292545897, 255.4587679809671101 ) ) ;
#4168 = AXIS2_PLACEMENT_3D ( 'NONE', #5550, #85, #845 ) ;
#4169 = CARTESIAN_POINT ( 'NONE',  ( 149.9999999999996589, 3.010335517173705178, 393.8851699768119943 ) ) ;
#4170 = CARTESIAN_POINT ( 'NONE',  ( -30.43539435454004760, 29.36447815839711595, 331.4493103031248893 ) ) ;
#4171 = VERTEX_POINT ( 'NONE', #7899 ) ;
#4172 = CARTESIAN_POINT ( 'NONE',  ( 12.50569815975795684, -8.939040514739479804, -53.94021469740130925 ) ) ;
#4173 = CARTESIAN_POINT ( 'NONE',  ( 3.066662445442833729, 43.38720806061537161, 279.3396071913396668 ) ) ;
#4174 = CARTESIAN_POINT ( 'NONE',  ( 33.67589075407620669, 29.63909069958216236, 317.3055629057907367 ) ) ;
#4175 = CARTESIAN_POINT ( 'NONE',  ( -5.779331942803793254, 41.56346722915216674, 263.2288880611749278 ) ) ;
#4176 = CARTESIAN_POINT ( 'NONE',  ( -10.24811798180279787, 39.43337803868414682, 83.18633069079341169 ) ) ;
#4177 = DIRECTION ( 'NONE',  ( 2.379070858319133807E-13, 0.000000000000000000, 1.000000000000000000 ) ) ;
#4178 = CARTESIAN_POINT ( 'NONE',  ( 27.34342770130427525, 36.65141819899922382, 271.9856171934825966 ) ) ;
#4179 = CARTESIAN_POINT ( 'NONE',  ( -2.458911498200082146, 45.48680964656614378, 130.5876176261108412 ) ) ;
#4180 = CARTESIAN_POINT ( 'NONE',  ( -0.6161072361437418543, 47.71231197339022856, 180.5334442090090192 ) ) ;
#4181 = CARTESIAN_POINT ( 'NONE',  ( -16.51317364477104732, 21.11453909359341807, 404.9671071707219880 ) ) ;
#4182 = CARTESIAN_POINT ( 'NONE',  ( 33.03633095656161345, 17.14605233795703043, 389.0746662281788417 ) ) ;
#4183 = CARTESIAN_POINT ( 'NONE',  ( -0.6705224582346765994, 32.40064319990521824, 354.7411288279877795 ) ) ;
#4184 = CARTESIAN_POINT ( 'NONE',  ( -0.7032787781051501597, 2.973172933655187311, 514.9865767782636112 ) ) ;
#4185 = DIRECTION ( 'NONE',  ( -0.000000000000000000, -0.000000000000000000, 1.000000000000000000 ) ) ;
#4186 = CARTESIAN_POINT ( 'NONE',  ( -30.39606974471019285, 30.66616984347001562, 321.2719717701688751 ) ) ;
#4187 = CARTESIAN_POINT ( 'NONE',  ( 21.96413755926800704, 22.60394710729731216, 388.5014133657939510 ) ) ;
#4188 = CARTESIAN_POINT ( 'NONE',  ( 5.434237626990670478, 36.03652422321264481, 325.6024102342070705 ) ) ;
#4189 = CARTESIAN_POINT ( 'NONE',  ( -12.50569815975795684, -8.939040514739479804, -53.94021469740130925 ) ) ;
#4190 = DIRECTION ( 'NONE',  ( -0.000000000000000000, -0.000000000000000000, -1.000000000000000000 ) ) ;
#4191 =( NAMED_UNIT ( * ) PLANE_ANGLE_UNIT ( ) SI_UNIT ( $, .RADIAN. ) );
#4192 = ORIENTED_EDGE ( 'NONE', *, *, #5232, .F. ) ;
#4193 = ORIENTED_EDGE ( 'NONE', *, *, #2456, .T. ) ;
#4194 = EDGE_CURVE ( 'NONE', #5564, #5374, #1736, .T. ) ;
#4195 = CARTESIAN_POINT ( 'NONE',  ( 14.61713605283470763, 44.60612277303756201, 256.7277770913618156 ) ) ;
#4196 = CARTESIAN_POINT ( 'NONE',  ( -18.79457080299728844, 32.98617763562135963, 335.6835466268925074 ) ) ;
#4197 = CARTESIAN_POINT ( 'NONE',  ( 0.4609884451209916856, 29.01134097133431666, 377.3978964872853794 ) ) ;
#4198 = CARTESIAN_POINT ( 'NONE',  ( -8.339248437605977671, 40.19702457762384284, 280.9880082960173695 ) ) ;
#4199 = CARTESIAN_POINT ( 'NONE',  ( 18.86329371375558495, 35.12787298441579509, 318.2632948979496064 ) ) ;
#4200 = ADVANCED_FACE ( 'NONE', ( #5045 ), #3307, .T. ) ;
#4201 = LINE ( 'NONE', #1293, #8519 ) ;
#4202 = CARTESIAN_POINT ( 'NONE',  ( 40.66737090255153220, 35.43667716898360709, 261.1136629790237293 ) ) ;
#4203 = CARTESIAN_POINT ( 'NONE',  ( -1.885900387860527383, 4.944344929474349115, -41.28297166191669731 ) ) ;
#4204 = CARTESIAN_POINT ( 'NONE',  ( 0.000000000000000000, -4.664387618694376236, 541.5776915351184471 ) ) ;
#4205 = CARTESIAN_POINT ( 'NONE',  ( -36.98928272370566361, 21.15913207782466188, 362.0883315947199321 ) ) ;
#4206 = CARTESIAN_POINT ( 'NONE',  ( -2.998894493888414559, 41.65491474906183811, 263.2685888364569564 ) ) ;
#4207 = ORIENTED_EDGE ( 'NONE', *, *, #8182, .F. ) ;
#4208 = CARTESIAN_POINT ( 'NONE',  ( 0.4564321585025893913, 37.40904801314464834, 314.4465827537679843 ) ) ;
#4209 = CARTESIAN_POINT ( 'NONE',  ( 4.752896045506782130, 37.41700489030179710, 313.5574221576414971 ) ) ;
#4210 = CARTESIAN_POINT ( 'NONE',  ( 8.993091766848829494, 21.75155211778980302, 412.6646282837465378 ) ) ;
#4211 = CARTESIAN_POINT ( 'NONE',  ( 0.4666624454429352253, 40.46684894411222189, 281.9339774583896769 ) ) ;
#4212 = CARTESIAN_POINT ( 'NONE',  ( -1.081856118003683642, 42.88713795827892739, 244.4259042397985979 ) ) ;
#4213 = CARTESIAN_POINT ( 'NONE',  ( -1.406557556210300319, 3.019610311274071535, 514.9300709948294070 ) ) ;
#4214 = CARTESIAN_POINT ( 'NONE',  ( 12.49172242615647477, -6.277043314077721980, -50.97366954480303747 ) ) ;
#4215 = CARTESIAN_POINT ( 'NONE',  ( -48.87771972148208022, 27.31043583761969984, 276.9350035888970183 ) ) ;
#4216 = CARTESIAN_POINT ( 'NONE',  ( 27.21531696347634011, 32.51550593342485485, 317.1226058798777103 ) ) ;
#4217 = CARTESIAN_POINT ( 'NONE',  ( -7.230061870604347796, 41.43120315184941660, 263.6172451620074639 ) ) ;
#4218 = CARTESIAN_POINT ( 'NONE',  ( 0.9785259520414012480, 44.46994292845445074, 275.6022355444260938 ) ) ;
#4219 = CARTESIAN_POINT ( 'NONE',  ( -150.0000000000000284, -5.251527702307162926, 440.0305525103657374 ) ) ;
#4220 = CARTESIAN_POINT ( 'NONE',  ( 7.230061870604336249, 41.43120315184943081, 263.6172451620074639 ) ) ;
#4221 = VECTOR ( 'NONE', #6232, 1000.000000000000000 ) ;
#4222 = CARTESIAN_POINT ( 'NONE',  ( 63.98600082019655133, 32.47793740598321932, 184.0516963749373076 ) ) ;
#4223 = CARTESIAN_POINT ( 'NONE',  ( -21.55912873203799052, 19.97251246818353110, 400.9692216157296798 ) ) ;
#4224 = CARTESIAN_POINT ( 'NONE',  ( 8.966662445442738161, 41.68708929210457370, 256.1693239052390823 ) ) ;
#4225 = CARTESIAN_POINT ( 'NONE',  ( -1.767175384812521122, 32.39706722172866904, 354.6044977399747609 ) ) ;
#4226 = CARTESIAN_POINT ( 'NONE',  ( 0.000000000000000000, -7.286313120370254026, 550.2112436993119218 ) ) ;
#4227 = DIRECTION ( 'NONE',  ( 0.000000000000000000, 0.000000000000000000, -1.000000000000000000 ) ) ;
#4228 = CARTESIAN_POINT ( 'NONE',  ( -30.39431449938670937, 30.47548180680072605, 322.8753840770688157 ) ) ;
#4229 = CARTESIAN_POINT ( 'NONE',  ( 10.09582072582513845, 22.14014739174872304, 409.4346495960413677 ) ) ;
#4230 = CARTESIAN_POINT ( 'NONE',  ( -0.05867372718520567909, 35.66496121437481293, 329.8129774288618137 ) ) ;
#4231 = CARTESIAN_POINT ( 'NONE',  ( 0.9462317272739826368, 1.580906215184355590, -46.59094046645357423 ) ) ;
#4232 = DIRECTION ( 'NONE',  ( 0.000000000000000000, 0.07497872682632375496, -0.9971851335251161741 ) ) ;
#4233 = DIRECTION ( 'NONE',  ( 0.000000000000000000, -1.000000000000000000, 0.000000000000000000 ) ) ;
#4234 = ORIENTED_EDGE ( 'NONE', *, *, #1082, .T. ) ;
#4235 = MECHANICAL_DESIGN_GEOMETRIC_PRESENTATION_REPRESENTATION (  '', ( #5527 ), #4951 ) ;
#4236 = ORIENTED_EDGE ( 'NONE', *, *, #5623, .T. ) ;
#4237 = CARTESIAN_POINT ( 'NONE',  ( 1.661913757546996440, 42.51371960543011141, 298.3404751548967511 ) ) ;
#4238 = CARTESIAN_POINT ( 'NONE',  ( -4.741952951899937929, 34.62968182945335371, 337.3014048440605279 ) ) ;
#4239 = CARTESIAN_POINT ( 'NONE',  ( 1.773280000088998332, 27.82273598437051021, 384.5606943083604392 ) ) ;
#4240 = CARTESIAN_POINT ( 'NONE',  ( -43.78489539486621140, 27.76153949755341088, 293.0106509531437950 ) ) ;
#4241 = EDGE_CURVE ( 'NONE', #3506, #3926, #7054, .T. ) ;
#4242 = CARTESIAN_POINT ( 'NONE',  ( 0.3355273033943222405, 36.89646412955891464, 319.1180760254398479 ) ) ;
#4243 = CARTESIAN_POINT ( 'NONE',  ( -1.146769735279829616, 43.40477166021896949, 281.8665492513800928 ) ) ;
#4244 = CARTESIAN_POINT ( 'NONE',  ( 37.46266207075183274, 37.02375715171115189, 258.7315585021237325 ) ) ;
#4245 = CARTESIAN_POINT ( 'NONE',  ( 56.27053592963592621, 0.7516941916051447237, 210.4962128354270590 ) ) ;
#4246 = CARTESIAN_POINT ( 'NONE',  ( -6.848877587165034697, 9.753616543240035242, 486.0167545655663162 ) ) ;
#4247 = CARTESIAN_POINT ( 'NONE',  ( -0.03578595088550830944, 30.18322009423934560, 370.0820965659025319 ) ) ;
#4248 = CARTESIAN_POINT ( 'NONE',  ( 3.852346730902185268, 33.45585422306753998, 346.6478289731402356 ) ) ;
#4249 = ORIENTED_EDGE ( 'NONE', *, *, #594, .T. ) ;
#4250 = EDGE_CURVE ( 'NONE', #6301, #2447, #3269, .T. ) ;
#4251 = CARTESIAN_POINT ( 'NONE',  ( -6.781436714583690240, 37.20305329499509384, 314.6302412411059777 ) ) ;
#4252 = ADVANCED_FACE ( 'NONE', ( #1331 ), #8669, .F. ) ;
#4253 = CARTESIAN_POINT ( 'NONE',  ( 3.335819911338099075, 37.46806273804364906, 313.5129512729002386 ) ) ;
#4254 = CARTESIAN_POINT ( 'NONE',  ( 2.185717218028317532, 43.24013863054332774, 281.2933150900486794 ) ) ;
#4255 = DIRECTION ( 'NONE',  ( 0.000000000000000000, 0.000000000000000000, 1.000000000000000000 ) ) ;
#4256 = CARTESIAN_POINT ( 'NONE',  ( -0.1957552123677570310, 43.30253607754875134, 235.2258842669240835 ) ) ;
#4257 = CARTESIAN_POINT ( 'NONE',  ( 59.99867422257567995, -10.69069057093173214, 448.1085652130877293 ) ) ;
#4258 = CARTESIAN_POINT ( 'NONE',  ( 55.43352450434293388, 9.557879841706116153, 226.4234727364798800 ) ) ;
#4259 = CARTESIAN_POINT ( 'NONE',  ( -0.3111143267178502758, 41.94753030442571173, 261.3537278318259496 ) ) ;
#4260 = CARTESIAN_POINT ( 'NONE',  ( -0.05382650445868907702, 37.18254297287711552, 316.5303109600199036 ) ) ;
#4261 = CARTESIAN_POINT ( 'NONE',  ( -16.03137955822731442, 40.12929876846199306, 266.5027027230668182 ) ) ;
#4262 = CARTESIAN_POINT ( 'NONE',  ( -149.9999999999993463, 17.39257541835625176, 283.2293150073691663 ) ) ;
#4263 = DIRECTION ( 'NONE',  ( 0.000000000000000000, -1.000000000000000000, 0.000000000000000000 ) ) ;
#4264 = CARTESIAN_POINT ( 'NONE',  ( 40.77986365588722606, 30.23715869220158581, 279.9010564179380935 ) ) ;
#4265 = CARTESIAN_POINT ( 'NONE',  ( 0.000000000000000000, 43.71089409265118064, 105.2394046492437667 ) ) ;
#4266 = CARTESIAN_POINT ( 'NONE',  ( 0.1790196783828637006, 24.12642932154827591, 406.3033261604415429 ) ) ;
#4267 = CARTESIAN_POINT ( 'NONE',  ( 44.79208460059819430, 26.80341731187045440, 331.4493103031246619 ) ) ;
#4268 = CARTESIAN_POINT ( 'NONE',  ( -45.10002087978347163, 22.85677387757230861, 332.7622862108172512 ) ) ;
#4269 = CARTESIAN_POINT ( 'NONE',  ( 2.541794483188228870, -4.806876550188804664, 541.7585835155889527 ) ) ;
#4270 = CARTESIAN_POINT ( 'NONE',  ( -3.323413742140344684, -2.163148135800812888, -51.77104861990689955 ) ) ;
#4271 = CARTESIAN_POINT ( 'NONE',  ( -7.427602794612885972, 36.38830776116920873, 321.6175613356366512 ) ) ;
#4272 = CARTESIAN_POINT ( 'NONE',  ( -0.09173614230473166320, 21.48735332861619796, 420.2331686341270256 ) ) ;
#4273 = CARTESIAN_POINT ( 'NONE',  ( 2.602543022667911377, 35.17138250553261258, 333.6170497532982040 ) ) ;
#4274 = CARTESIAN_POINT ( 'NONE',  ( -55.92567994943940590, 5.748511191116895347, 218.7264803032683460 ) ) ;
#4275 = DIRECTION ( 'NONE',  ( -1.000000000000000000, 0.000000000000000000, 0.000000000000000000 ) ) ;
#4276 = FACE_OUTER_BOUND ( 'NONE', #7336, .T. ) ;
#4277 = EDGE_LOOP ( 'NONE', ( #29, #5555, #7293, #6163 ) ) ;
#4278 = VERTEX_POINT ( 'NONE', #2546 ) ;
#4279 = CIRCLE ( 'NONE', #4555, 1.000000000000000666 ) ;
#4280 = CARTESIAN_POINT ( 'NONE',  ( 0.000000000000000000, 45.95997642549459528, 252.6905689360423537 ) ) ;
#4281 = CARTESIAN_POINT ( 'NONE',  ( 3.690959457694359180, 43.98499257479614499, 279.3850310815437865 ) ) ;
#4282 = CARTESIAN_POINT ( 'NONE',  ( -0.03910465210907790312, 27.84305921419934293, 384.8388928995736364 ) ) ;
#4283 = CARTESIAN_POINT ( 'NONE',  ( 12.86508983324062072, 36.15502930325822462, 319.1527521137364261 ) ) ;
#4284 = CARTESIAN_POINT ( 'NONE',  ( 40.64552397080849033, 31.72272860441360010, 261.0945288339129888 ) ) ;
#4285 = CARTESIAN_POINT ( 'NONE',  ( -1.960246803595114162, 38.88192829466884604, 331.4493103029142276 ) ) ;
#4286 = CARTESIAN_POINT ( 'NONE',  ( 28.11698015143261742, 5.915450505645251766, -17.51976183688852373 ) ) ;
#4287 = CARTESIAN_POINT ( 'NONE',  ( -0.000000000000000000, 36.63187176700105852, 349.2845213644740170 ) ) ;
#4288 = CARTESIAN_POINT ( 'NONE',  ( -1.033741124685737311, 29.00765181357590805, 377.3148220811934266 ) ) ;
#4289 = CARTESIAN_POINT ( 'NONE',  ( 16.27779588564052204, 33.36627924639688558, 337.3426775323608240 ) ) ;
#4290 = EDGE_CURVE ( 'NONE', #1972, #6469, #474, .T. ) ;
#4291 = EDGE_LOOP ( 'NONE', ( #1741, #6497, #5450, #1089, #7724 ) ) ;
#4292 = CARTESIAN_POINT ( 'NONE',  ( -35.46162105892823035, 29.08891985096003907, 315.0440944151107487 ) ) ;
#4293 = VECTOR ( 'NONE', #8650, 1000.000000000000000 ) ;
#4294 = CARTESIAN_POINT ( 'NONE',  ( 6.128415231679928965, 38.20796809134238003, 305.5252244104353281 ) ) ;
#4295 = CARTESIAN_POINT ( 'NONE',  ( 19.38059895082086470, 36.93577387937158818, 331.4493103031246619 ) ) ;
#4296 = CARTESIAN_POINT ( 'NONE',  ( 41.75445932639104285, 25.75585501620750151, 334.4493103031246051 ) ) ;
#4297 = DIRECTION ( 'NONE',  ( 0.000000000000000000, 0.000000000000000000, -1.000000000000000000 ) ) ;
#4298 = CARTESIAN_POINT ( 'NONE',  ( 2.512478394710995655, -1.256705077567221052, 529.6245464009108446 ) ) ;
#4299 = VECTOR ( 'NONE', #4437, 1000.000000000000000 ) ;
#4300 = CARTESIAN_POINT ( 'NONE',  ( 26.35674988608645464, 25.04923993672376170, 32.44508452609948534 ) ) ;
#4301 = EDGE_CURVE ( 'NONE', #4377, #1685, #1233, .T. ) ;
#4302 = AXIS2_PLACEMENT_3D ( 'NONE', #7703, #2298, #224 ) ;
#4303 = CARTESIAN_POINT ( 'NONE',  ( 0.1636369264896104236, 41.92388760212102028, 261.9675640711138271 ) ) ;
#4304 = CARTESIAN_POINT ( 'NONE',  ( -150.0000000000003695, 17.23251453160983715, 290.2479985875627335 ) ) ;
#4305 = CARTESIAN_POINT ( 'NONE',  ( -3.066662445442802198, 44.46619855865542092, 263.7770849131621844 ) ) ;
#4306 = VECTOR ( 'NONE', #351, 1000.000000000000000 ) ;
#4307 = CARTESIAN_POINT ( 'NONE',  ( 5.034234746082262291, 41.62418892016555105, 263.0364328937198479 ) ) ;
#4308 = EDGE_CURVE ( 'NONE', #3394, #5543, #4584, .T. ) ;
#4309 = CARTESIAN_POINT ( 'NONE',  ( 149.9999999999993463, 17.39257541835625176, 283.2293150073691663 ) ) ;
#4310 = CARTESIAN_POINT ( 'NONE',  ( -2.526127223668672706, 25.32178220161778270, 398.7732597845876512 ) ) ;
#4311 = CARTESIAN_POINT ( 'NONE',  ( -35.67511337814099903, 21.92823691282474741, 379.6048860149213624 ) ) ;
#4312 = CARTESIAN_POINT ( 'NONE',  ( -21.41289141201225021, 31.16911488338606873, 343.4794222312352758 ) ) ;
#4313 = CARTESIAN_POINT ( 'NONE',  ( -2.425051527945484064, 41.81032557056327192, 262.2332714669864231 ) ) ;
#4314 = CARTESIAN_POINT ( 'NONE',  ( 0.9429501939302636915, 4.886886460646159058, -41.31700136380539590 ) ) ;
#4315 = CARTESIAN_POINT ( 'NONE',  ( -33.66902409266702989, 29.37336160451074463, 319.6545923556168418 ) ) ;
#4316 = CARTESIAN_POINT ( 'NONE',  ( 1.806868595913459608, 22.77178472312596114, 413.0476942147383852 ) ) ;
#4317 = CARTESIAN_POINT ( 'NONE',  ( 2.603177482186158631, 35.65217511056009414, 329.6903196407707810 ) ) ;
#4318 = CARTESIAN_POINT ( 'NONE',  ( -150.0000000000000284, 7.321812825929968405, 218.5459688349021121 ) ) ;
#4319 = CARTESIAN_POINT ( 'NONE',  ( -41.75445932639104285, 25.75585501620750151, 331.4493103031246051 ) ) ;
#4320 = B_SPLINE_CURVE_WITH_KNOTS ( 'NONE', 3,
 ( #997, #3843, #7346, #5158 ),
 .UNSPECIFIED., .F., .F.,
 ( 4, 4 ),
 ( 7.806255641895631925E-18, 0.003514797571193825371 ),
 .UNSPECIFIED. ) ;
#4321 = ORIENTED_EDGE ( 'NONE', *, *, #6771, .T. ) ;
#4322 = ORIENTED_EDGE ( 'NONE', *, *, #5883, .F. ) ;
#4323 = CARTESIAN_POINT ( 'NONE',  ( 150.0000000000000000, 14.77013292611521500, 320.0000541252218227 ) ) ;
#4324 = CARTESIAN_POINT ( 'NONE',  ( -0.3285748503297675205, 35.18295433596297528, 333.7581232983987434 ) ) ;
#4325 = CARTESIAN_POINT ( 'NONE',  ( 27.05273057142543891, 23.66596859635257033, 373.1149005574790181 ) ) ;
#4326 = CARTESIAN_POINT ( 'NONE',  ( 35.43615697698005107, 28.66336535496296634, 318.8853375545687072 ) ) ;
#4327 = CARTESIAN_POINT ( 'NONE',  ( -1.306105691944249081, 43.22030373133418379, 281.8008685236418955 ) ) ;
#4328 = CARTESIAN_POINT ( 'NONE',  ( -0.4666624454429352253, 43.22798668596863791, 281.9339774583896769 ) ) ;
#4329 = B_SPLINE_CURVE_WITH_KNOTS ( 'NONE', 3,
 ( #4211, #2977, #3569, #138 ),
 .UNSPECIFIED., .F., .F.,
 ( 4, 4 ),
 ( 2.363560736018399666E-17, 0.0004667239766061348255 ),
 .UNSPECIFIED. ) ;
#4330 = CARTESIAN_POINT ( 'NONE',  ( 47.51768434925781293, 31.86777032148204469, 271.1738513455419479 ) ) ;
#4331 = CARTESIAN_POINT ( 'NONE',  ( -0.9510654338689736864, -5.798701977451038658, -56.53318865688525818 ) ) ;
#4332 = CARTESIAN_POINT ( 'NONE',  ( -150.0000000000000284, -5.251527702307162926, 440.0305525103657374 ) ) ;
#4333 = CARTESIAN_POINT ( 'NONE',  ( 0.06116350698068609426, 30.18310794018969290, 370.0948016866259422 ) ) ;
#4334 = CARTESIAN_POINT ( 'NONE',  ( 27.60367261821675200, 29.09083338745213965, 341.9566356386592929 ) ) ;
#4335 = VERTEX_POINT ( 'NONE', #6694 ) ;
#4336 = CARTESIAN_POINT ( 'NONE',  ( -22.38692446331394237, 34.58445891230620362, 314.3077169344625190 ) ) ;
#4337 = CARTESIAN_POINT ( 'NONE',  ( 48.08348593338545385, 25.09991168370956061, 304.8681679995185050 ) ) ;
#4338 = CARTESIAN_POINT ( 'NONE',  ( 7.832022336487479919, 38.63845375602138432, 331.4493103031247756 ) ) ;
#4339 = CARTESIAN_POINT ( 'NONE',  ( 0.003294345898725401563, 37.16042184082672861, 334.4493103031246051 ) ) ;
#4340 = CARTESIAN_POINT ( 'NONE',  ( 3.069291117469413077, 45.09345458098636783, 263.8186719878424924 ) ) ;
#4341 = CARTESIAN_POINT ( 'NONE',  ( 1.467788928062101705, 44.48375703246001933, 275.5401249740329490 ) ) ;
#4342 = CARTESIAN_POINT ( 'NONE',  ( 149.9999999999992042, -3.609269300846623008, 431.4188600312683661 ) ) ;
#4343 = CARTESIAN_POINT ( 'NONE',  ( 27.93320105887194060, 9.482709585563030785, -10.56185500302712477 ) ) ;
#4344 = CARTESIAN_POINT ( 'NONE',  ( -1.105525282041021518, 37.12039539498582741, 317.0619931543275811 ) ) ;
#4345 = CARTESIAN_POINT ( 'NONE',  ( -1.713508947173772556, 44.39393462227350540, 275.9439818675760421 ) ) ;
#4346 = DIRECTION ( 'NONE',  ( 0.000000000000000000, -1.000000000000000000, 0.000000000000000000 ) ) ;
#4347 = ORIENTED_EDGE ( 'NONE', *, *, #3016, .T. ) ;
#4348 = CARTESIAN_POINT ( 'NONE',  ( 16.33732662280133852, 40.56263362902627279, 258.3283531075619521 ) ) ;
#4349 = EDGE_CURVE ( 'NONE', #5463, #2091, #2593, .T. ) ;
#4350 = CARTESIAN_POINT ( 'NONE',  ( 1.713508947173772556, 44.39393462227350540, 275.9439818675760421 ) ) ;
#4351 = CARTESIAN_POINT ( 'NONE',  ( 0.1025561038603410163, 26.63229138933090567, 392.0685722495397272 ) ) ;
#4352 = CARTESIAN_POINT ( 'NONE',  ( -42.75445932639104285, 25.75585501620750151, 331.4493103031246051 ) ) ;
#4353 = CARTESIAN_POINT ( 'NONE',  ( -23.00097643038317230, 30.70067465743699131, 343.0987224807574307 ) ) ;
#4354 = CARTESIAN_POINT ( 'NONE',  ( 5.999389434646372813E-05, 43.83341237658171963, 282.5824861269214239 ) ) ;
#4355 = EDGE_CURVE ( 'NONE', #5221, #4742, #1826, .T. ) ;
#4356 = CARTESIAN_POINT ( 'NONE',  ( -28.23808762699846042, 3.056412852116027423, -22.60677287783177647 ) ) ;
#4357 = CARTESIAN_POINT ( 'NONE',  ( -5.436175717683481956, 36.72312077236472305, 319.6319680131570067 ) ) ;
#4358 = CARTESIAN_POINT ( 'NONE',  ( 6.243938268435370809, 22.54005840366779267, 411.7153567522173034 ) ) ;
#4359 = CARTESIAN_POINT ( 'NONE',  ( 47.83446837869473711, 22.72087058900679324, 326.3062100174032594 ) ) ;
#4360 = CARTESIAN_POINT ( 'NONE',  ( -12.42468602756070162, 0.8701743984461717263, -41.28002289990918428 ) ) ;
#4361 = DIRECTION ( 'NONE',  ( -1.872911856304068683E-14, 0.07497872682632604480, -0.9971851335251159520 ) ) ;
#4362 = CARTESIAN_POINT ( 'NONE',  ( -1.815830639292693949, 38.16012656881284215, 307.2486582364514334 ) ) ;
#4363 = EDGE_LOOP ( 'NONE', ( #5542, #1383, #890, #6669 ) ) ;
#4364 = ORIENTED_EDGE ( 'NONE', *, *, #6442, .F. ) ;
#4365 = CARTESIAN_POINT ( 'NONE',  ( 48.87671600598984867, 11.59101201867309783, 351.9235384047881894 ) ) ;
#4366 = CARTESIAN_POINT ( 'NONE',  ( -6.771008279423214482, 35.50823050658779323, 329.4744915163067276 ) ) ;
#4367 = CARTESIAN_POINT ( 'NONE',  ( 30.22134598880033707, 22.55377210642732067, 371.2591114627239790 ) ) ;
#4368 = CARTESIAN_POINT ( 'NONE',  ( 3.332410856662381793, 36.79868989192145534, 319.6323653058886407 ) ) ;
#4369 = CARTESIAN_POINT ( 'NONE',  ( -2.532659650625966652, 43.26174075440359701, 280.9236923322508233 ) ) ;
#4370 = VECTOR ( 'NONE', #8269, 1000.000000000000000 ) ;
#4371 = CARTESIAN_POINT ( 'NONE',  ( 25.37294111822760811, 38.40271415538139621, 255.0493118470246827 ) ) ;
#4372 = CARTESIAN_POINT ( 'NONE',  ( -3.690959457694359180, 43.98499257479614499, 279.3850310815437865 ) ) ;
#4373 = CARTESIAN_POINT ( 'NONE',  ( 56.42444719532452524, -4.100048717234659357, 204.2233583779163268 ) ) ;
#4374 = CARTESIAN_POINT ( 'NONE',  ( -150.0000000000002558, -4.444873476189596495, 435.7468521578524019 ) ) ;
#4375 = CARTESIAN_POINT ( 'NONE',  ( -8.662218210766177151, 28.70827003670665434, 375.4483840848396312 ) ) ;
#4376 = CARTESIAN_POINT ( 'NONE',  ( 19.71339106643237926, 31.58130453472043797, 343.8602864624130007 ) ) ;
#4377 = VERTEX_POINT ( 'NONE', #6650 ) ;
#4378 = AXIS2_PLACEMENT_3D ( 'NONE', #2103, #7586, #2678 ) ;
#4379 = CARTESIAN_POINT ( 'NONE',  ( -0.3332135232252970147, 38.40545202071112385, 305.1160666081718773 ) ) ;
#4380 = CARTESIAN_POINT ( 'NONE',  ( 27.23420792418109571, 32.79067646775324363, 314.5863744919168425 ) ) ;
#4381 = CYLINDRICAL_SURFACE ( 'NONE', #8893, 1.000000000000000888 ) ;
#4382 = CARTESIAN_POINT ( 'NONE',  ( 0.000000000000000000, 23.09037415192560161, 413.8493118462999973 ) ) ;
#4383 = CARTESIAN_POINT ( 'NONE',  ( 0.7068678119394252723, 43.35822133332050043, 235.1015186225126286 ) ) ;
#4384 = CARTESIAN_POINT ( 'NONE',  ( -48.09887603462018291, 19.47765558591667556, 290.8986780379959782 ) ) ;
#4385 = CARTESIAN_POINT ( 'NONE',  ( 0.000000000000000000, -4.664387618694376236, 541.5776915351184471 ) ) ;
#4386 = CARTESIAN_POINT ( 'NONE',  ( -7.429250823638703594, 36.83338182177129028, 317.6431575553733069 ) ) ;
#4387 = CARTESIAN_POINT ( 'NONE',  ( -49.32634856228757059, 20.28886164836126582, 276.4091044601491944 ) ) ;
#4388 = CARTESIAN_POINT ( 'NONE',  ( -10.86021823505048722, 34.91088230658104408, 331.4493103031246051 ) ) ;
#4389 = ORIENTED_EDGE ( 'NONE', *, *, #7354, .F. ) ;
#4390 = CARTESIAN_POINT ( 'NONE',  ( 36.77113863387464221, 31.66455318509527572, 284.1388528436029901 ) ) ;
#4391 = CARTESIAN_POINT ( 'NONE',  ( 47.38663189115487739, 17.64475135442224030, 308.9228235057746019 ) ) ;
#4392 = CARTESIAN_POINT ( 'NONE',  ( -33.35530532146455585, 18.97687944392541937, 380.5311453691271595 ) ) ;
#4393 = DIRECTION ( 'NONE',  ( 0.000000000000000000, -1.000000000000000000, 0.000000000000000000 ) ) ;
#4394 = CARTESIAN_POINT ( 'NONE',  ( -26.09624758443603554, 29.66175039270417457, 342.3373612120564644 ) ) ;
#4395 = CARTESIAN_POINT ( 'NONE',  ( -2.054704850190767207, 41.84796323914623173, 261.8870331404226590 ) ) ;
#4396 = CARTESIAN_POINT ( 'NONE',  ( -56.27053592963592621, 0.7516941916051447237, 210.4962128354270590 ) ) ;
#4397 = CARTESIAN_POINT ( 'NONE',  ( -3.332529618816505224, 36.85563181408799238, 319.1246142448334808 ) ) ;
#4398 = CARTESIAN_POINT ( 'NONE',  ( 8.241541558766840581, 22.36273845278471484, 410.6425286602079723 ) ) ;
#4399 = CARTESIAN_POINT ( 'NONE',  ( 18.82318973941222495, 33.45385527543218984, 332.1991243264309901 ) ) ;
#4400 = CARTESIAN_POINT ( 'NONE',  ( 2.838695181821947688, 1.681375928194609459, -46.53493995302151376 ) ) ;
#4401 = CARTESIAN_POINT ( 'NONE',  ( 2.738145295489130326, 41.65491474906183811, 262.6408565557158568 ) ) ;
#4402 = CARTESIAN_POINT ( 'NONE',  ( -5.444883378412469277, 38.04001594648574525, 307.2396270733679557 ) ) ;
#4403 = ORIENTED_EDGE ( 'NONE', *, *, #5123, .T. ) ;
#4404 = VERTEX_POINT ( 'NONE', #611 ) ;
#4405 = CARTESIAN_POINT ( 'NONE',  ( 149.9999999999999716, 14.23858967693923105, 324.3781664693334506 ) ) ;
#4406 = EDGE_CURVE ( 'NONE', #2044, #121, #3227, .T. ) ;
#4407 = CARTESIAN_POINT ( 'NONE',  ( -33.66040932757574211, 28.44166919870502497, 327.3511486128875845 ) ) ;
#4408 = CARTESIAN_POINT ( 'NONE',  ( 28.63703828011288621, 23.10987035138994727, 372.1870060101015270 ) ) ;
#4409 = CARTESIAN_POINT ( 'NONE',  ( -0.05392168345924064354, 36.89693462503002763, 319.1173102665768511 ) ) ;
#4410 = CARTESIAN_POINT ( 'NONE',  ( -1.768940506294342629, 43.22627417091229773, 281.5913250607972600 ) ) ;
#4411 = DIRECTION ( 'NONE',  ( 1.000000000000000000, 0.000000000000000000, 0.000000000000000000 ) ) ;
#4412 = CARTESIAN_POINT ( 'NONE',  ( -45.35229739929852144, 33.04414197827670563, 266.6921220298418689 ) ) ;
#4413 = CARTESIAN_POINT ( 'NONE',  ( -0.8834387404823768053, 28.31537238341890372, 17.13475425666132068 ) ) ;
#4414 = CARTESIAN_POINT ( 'NONE',  ( -149.9999999999997158, -4.914714336245090465, 438.2002728028813863 ) ) ;
#4415 = CARTESIAN_POINT ( 'NONE',  ( -7.572577327797039182, 29.97450930316568574, 368.5644317838403481 ) ) ;
#4416 = CARTESIAN_POINT ( 'NONE',  ( -0.02188091108644782748, 33.48564321916637709, 347.0807266240120725 ) ) ;
#4417 = ORIENTED_EDGE ( 'NONE', *, *, #7700, .T. ) ;
#4418 = CARTESIAN_POINT ( 'NONE',  ( 38.97503036811664145, 27.23093129496236742, 317.4367026274951513 ) ) ;
#4419 = CARTESIAN_POINT ( 'NONE',  ( -1.485171848660016281, 37.50686299835892612, 313.4580306156978509 ) ) ;
#4420 = CARTESIAN_POINT ( 'NONE',  ( 18.88174364557367468, 35.57882008021758935, 314.1228699173715313 ) ) ;
#4421 = CARTESIAN_POINT ( 'NONE',  ( 42.96450422769291322, 27.52012913465895849, 331.4493103031245482 ) ) ;
#4422 = LINE ( 'NONE', #5228, #4306 ) ;
#4423 = CARTESIAN_POINT ( 'NONE',  ( 44.79208460059816588, 23.12775989327775505, 331.4493103031248324 ) ) ;
#4424 = CARTESIAN_POINT ( 'NONE',  ( -149.9999999999999716, 16.36900979716714133, 304.7041830578932036 ) ) ;
#4425 = CARTESIAN_POINT ( 'NONE',  ( -0.7173949448069911750, -1.055981849285397622, 529.3660285409472408 ) ) ;
#4426 = MECHANICAL_DESIGN_GEOMETRIC_PRESENTATION_REPRESENTATION (  '', ( #5437 ), #3844 ) ;
#4427 = CARTESIAN_POINT ( 'NONE',  ( -6.107693259665104790, 36.96648850875676118, 317.1263999882860389 ) ) ;
#4428 = CARTESIAN_POINT ( 'NONE',  ( -6.000466035610237725, 31.94043151699632688, 379.5629847736018405 ) ) ;
#4429 = FACE_OUTER_BOUND ( 'NONE', #2019, .T. ) ;
#4430 = ORIENTED_EDGE ( 'NONE', *, *, #7905, .F. ) ;
#4431 = CARTESIAN_POINT ( 'NONE',  ( 21.69171109838694278, 38.18031848687777341, 276.9150173456583843 ) ) ;
#4432 = AXIS2_PLACEMENT_3D ( 'NONE', #3613, #6362, #6406 ) ;
#4433 = CARTESIAN_POINT ( 'NONE',  ( 47.31906922256365533, 16.80001900358779210, 316.1413866361843361 ) ) ;
#4434 = CARTESIAN_POINT ( 'NONE',  ( -12.32655886583775384, 24.52801967240479541, 394.6328003312866599 ) ) ;
#4435 = CARTESIAN_POINT ( 'NONE',  ( 3.060350027057730404, 43.98462720845198959, 279.7251131959625923 ) ) ;
#4436 = CARTESIAN_POINT ( 'NONE',  ( 0.05771790305795324039, 34.53095266442716849, 339.1339537687204597 ) ) ;
#4437 = DIRECTION ( 'NONE',  ( 0.000000000000000000, -1.000000000000000000, 0.000000000000000000 ) ) ;
#4438 = VECTOR ( 'NONE', #7702, 1000.000000000000000 ) ;
#4439 = CARTESIAN_POINT ( 'NONE',  ( -27.28012801745004268, 17.82243023528065962, 9.515898732818438788 ) ) ;
#4440 = CARTESIAN_POINT ( 'NONE',  ( -35.43548908653686169, 28.61933113663315353, 319.2709219103737155 ) ) ;
#4441 = CARTESIAN_POINT ( 'NONE',  ( 0.000000000000000000, 0.000000000000000000, 0.000000000000000000 ) ) ;
#4442 = CARTESIAN_POINT ( 'NONE',  ( 0.5195631675010690120, 34.68989566655029932, 337.6405082931221386 ) ) ;
#4443 = CARTESIAN_POINT ( 'NONE',  ( 0.000000000000000000, 28.21750440619399214, 17.07389157737171459 ) ) ;
#4444 = LINE ( 'NONE', #7178, #6162 ) ;
#4445 = CARTESIAN_POINT ( 'NONE',  ( 2.803132257384372217, 41.75803335120657067, 262.7973690252235315 ) ) ;
#4446 = VERTEX_POINT ( 'NONE', #2640 ) ;
#4447 = ORIENTED_EDGE ( 'NONE', *, *, #7194, .T. ) ;
#4448 = CARTESIAN_POINT ( 'NONE',  ( 150.0000000000001421, 9.607543969010292173, 355.1325008380466102 ) ) ;
#4449 = CARTESIAN_POINT ( 'NONE',  ( -6.098613845614837992, 35.06376190985995578, 333.3727106115625816 ) ) ;
#4450 = CARTESIAN_POINT ( 'NONE',  ( 11.52518909321262974, 25.95267542916557701, 388.3008418815604159 ) ) ;
#4451 = CARTESIAN_POINT ( 'NONE',  ( 10.60082343214958378, 36.15834881144749602, 321.5797535216196366 ) ) ;
#4452 = CARTESIAN_POINT ( 'NONE',  ( -3.066662445442833729, 43.38720806061538582, 279.3396071913394394 ) ) ;
#4453 = CARTESIAN_POINT ( 'NONE',  ( 0.000000000000000000, 60.00000000000000711, 413.8493118462999973 ) ) ;
#4454 = ADVANCED_FACE ( 'NONE', ( #7361 ), #6032, .F. ) ;
#4455 = CARTESIAN_POINT ( 'NONE',  ( -48.87816136809507128, 30.93801334373173617, 276.9352209232532687 ) ) ;
#4456 = CARTESIAN_POINT ( 'NONE',  ( 0.000000000000000000, 28.21750440619399214, 17.07389157737171459 ) ) ;
#4457 = CARTESIAN_POINT ( 'NONE',  ( -9.631319324692816153, -9.937326209155806112, 546.2879777790365097 ) ) ;
#4458 = CARTESIAN_POINT ( 'NONE',  ( 32.22436830950140063, 27.19609493507358877, 340.8128971718032290 ) ) ;
#4459 = ORIENTED_EDGE ( 'NONE', *, *, #2195, .F. ) ;
#4460 = EDGE_CURVE ( 'NONE', #3199, #5350, #6623, .T. ) ;
#4461 = CARTESIAN_POINT ( 'NONE',  ( 8.065277180593225737, 36.89498390346105339, 316.6574332864665848 ) ) ;
#4462 = CARTESIAN_POINT ( 'NONE',  ( -42.95941905857619503, 25.72543699549115459, 315.4023404589343613 ) ) ;
#4463 = CARTESIAN_POINT ( 'NONE',  ( 35.44008554459496452, 28.79356544533536777, 317.7333594731593394 ) ) ;
#4464 = CARTESIAN_POINT ( 'NONE',  ( 32.03777713798474736, 30.66917322762008169, 314.8627383332341765 ) ) ;
#4465 = CARTESIAN_POINT ( 'NONE',  ( 18.66928154870921475, 19.45738059915267115, 408.3592809473398120 ) ) ;
#4466 = EDGE_CURVE ( 'NONE', #7079, #1957, #7688, .T. ) ;
#4467 = CARTESIAN_POINT ( 'NONE',  ( -7.199780051661552882E-18, 38.16041641445455923, 334.4493103031246051 ) ) ;
#4468 = CARTESIAN_POINT ( 'NONE',  ( 2.455782059925578853, 45.21747836516247077, 262.2681955257655773 ) ) ;
#4469 = CARTESIAN_POINT ( 'NONE',  ( 0.000000000000000000, 36.01456435933089750, 354.5116695689063704 ) ) ;
#4470 = CARTESIAN_POINT ( 'NONE',  ( 7.500000000000000000, 18.81336334461916948, 425.6312990209411282 ) ) ;
#4471 = CARTESIAN_POINT ( 'NONE',  ( -16.99848743086049296, 35.65887602710526494, 317.3065601553699935 ) ) ;
#4472 = CARTESIAN_POINT ( 'NONE',  ( 0.5496791856790375075, 25.91683902096197656, 415.4374579817630888 ) ) ;
#4473 = CARTESIAN_POINT ( 'NONE',  ( -7.500000000000000000, 23.25966121672881570, 402.6247220052615035 ) ) ;
#4474 = ORIENTED_EDGE ( 'NONE', *, *, #6831, .T. ) ;
#4475 = CARTESIAN_POINT ( 'NONE',  ( 1.489626480616648374, 40.65269960936540627, 279.7072407006610320 ) ) ;
#4476 = CARTESIAN_POINT ( 'NONE',  ( -0.4892629760207006240, 44.45612882444888214, 275.6643461148192387 ) ) ;
#4477 = CARTESIAN_POINT ( 'NONE',  ( -8.966662445443088103, 37.79404352196230121, 307.4198335489171541 ) ) ;
#4478 = CARTESIAN_POINT ( 'NONE',  ( -40.75840335305477424, 25.18583707455381671, 327.5034496081529483 ) ) ;
#4479 = CARTESIAN_POINT ( 'NONE',  ( 150.0000000000000284, -5.251527702307162926, 440.0305525103657374 ) ) ;
#4480 = CARTESIAN_POINT ( 'NONE',  ( 2.774301182607950889, 16.29813119291236490, -18.81720599228084723 ) ) ;
#4481 = CARTESIAN_POINT ( 'NONE',  ( 7.500000000000000000, 24.36919056684536145, 400.8369885875870864 ) ) ;
#4482 = CARTESIAN_POINT ( 'NONE',  ( -25.60450281571180398, 32.83907024861267132, 319.6483389834032209 ) ) ;
#4483 = CARTESIAN_POINT ( 'NONE',  ( 19.47298338864321465, 40.60483130755451953, 242.8894767473136369 ) ) ;
#4484 = CARTESIAN_POINT ( 'NONE',  ( -0.06645644232223994752, 34.68770245869671953, 337.6826921410831801 ) ) ;
#4485 = CARTESIAN_POINT ( 'NONE',  ( -150.0000000000000568, 14.41729715668834189, 243.9122022442739706 ) ) ;
#4486 = CARTESIAN_POINT ( 'NONE',  ( -1.151747945657782823, 44.75111062554286434, 261.4227386465122436 ) ) ;
#4487 = CARTESIAN_POINT ( 'NONE',  ( 2.803669711678151710, 40.52101719643314937, 280.4892462625142002 ) ) ;
#4488 = ORIENTED_EDGE ( 'NONE', *, *, #7250, .F. ) ;
#4489 = CARTESIAN_POINT ( 'NONE',  ( -0.4709684984625378545, 41.02653431879563328, 312.7840159696370392 ) ) ;
#4490 = CARTESIAN_POINT ( 'NONE',  ( 0.6435512270066479079, 13.79511502585091876, 472.5222654459706177 ) ) ;
#4491 = CARTESIAN_POINT ( 'NONE',  ( -33.65084412772713307, 28.04370220864095842, 330.3616161138218104 ) ) ;
#4492 = CARTESIAN_POINT ( 'NONE',  ( 20.54603488240297438, 24.31583813269843475, 383.2621353674560396 ) ) ;
#4493 = CARTESIAN_POINT ( 'NONE',  ( 2.604839390531428212, 36.58715582210172101, 321.6710657659561434 ) ) ;
#4494 = CARTESIAN_POINT ( 'NONE',  ( -1.303995234484927934, 43.87242282049891884, 281.8013942464593811 ) ) ;
#4495 = LINE ( 'NONE', #7898, #5804 ) ;
#4496 = CIRCLE ( 'NONE', #6387, 0.6000000000000047518 ) ;
#4497 = CARTESIAN_POINT ( 'NONE',  ( 0.01039337678575912548, 60.00000000000000711, 413.8493118463000542 ) ) ;
#4498 = CARTESIAN_POINT ( 'NONE',  ( 56.08762438136983519, 3.832698960004560895, 215.3449030486479501 ) ) ;
#4499 = CARTESIAN_POINT ( 'NONE',  ( -10.48173634086030859, 25.03435109199619291, 412.2200886540143756 ) ) ;
#4500 = CARTESIAN_POINT ( 'NONE',  ( 0.01311453119722045049, 32.39885378369428537, 354.8174413586379501 ) ) ;
#4501 = CARTESIAN_POINT ( 'NONE',  ( -2.817357777913640060, 8.097330774758388472, -35.80875540050892170 ) ) ;
#4502 = VERTEX_POINT ( 'NONE', #4000 ) ;
#4503 = ADVANCED_FACE ( 'NONE', ( #4817 ), #6257, .T. ) ;
#4504 = CARTESIAN_POINT ( 'NONE',  ( 0.09663039078991059183, 31.31207883295839522, 362.5467257365210685 ) ) ;
#4505 = CARTESIAN_POINT ( 'NONE',  ( -0.1092983264613126282, 39.96045131494918223, 288.0861301439449562 ) ) ;
#4506 = CARTESIAN_POINT ( 'NONE',  ( 32.01597748502893381, 30.36331190024803206, 317.6602312076173007 ) ) ;
#4507 = CARTESIAN_POINT ( 'NONE',  ( 38.98564022610212731, 27.39469736959671664, 315.9617993502342301 ) ) ;
#4508 = FACE_OUTER_BOUND ( 'NONE', #589, .T. ) ;
#4509 = CARTESIAN_POINT ( 'NONE',  ( -1.003294345898726236, 37.16042184082672861, 334.4493103031246051 ) ) ;
#4510 = CARTESIAN_POINT ( 'NONE',  ( 2.219870547121630899, 45.24267557617385904, 262.0242966991795015 ) ) ;
#4511 = CARTESIAN_POINT ( 'NONE',  ( 0.000000000000000000, 42.53272745866301818, 298.2006047040866861 ) ) ;
#4512 = DIRECTION ( 'NONE',  ( -0.000000000000000000, 1.000000000000000000, -0.000000000000000000 ) ) ;
#4513 = EDGE_CURVE ( 'NONE', #1668, #7600, #4160, .T. ) ;
#4514 = CIRCLE ( 'NONE', #5084, 1.000000000000000888 ) ;
#4515 = EDGE_CURVE ( 'NONE', #6301, #5564, #6203, .T. ) ;
#4516 = CARTESIAN_POINT ( 'NONE',  ( -4.040894311559664054, 37.00110413132742337, 317.6061455544113414 ) ) ;
#4517 = CARTESIAN_POINT ( 'NONE',  ( 1.005968528606214107, 32.03284778517833331, 380.7173133528380049 ) ) ;
#4518 = CARTESIAN_POINT ( 'NONE',  ( -2.447987615930697469, 45.26761101104112583, 261.4469941559935933 ) ) ;
#4519 = CARTESIAN_POINT ( 'NONE',  ( 3.415395272261079196, 40.56861002673753802, 280.0228286433845710 ) ) ;
#4520 = CARTESIAN_POINT ( 'NONE',  ( 47.69512756224418126, 13.92142524552201266, 338.3749908464645841 ) ) ;
#4521 = CARTESIAN_POINT ( 'NONE',  ( 3.265496925878532242, 43.87844558361511815, 280.9868668778380538 ) ) ;
#4522 = CARTESIAN_POINT ( 'NONE',  ( 150.0000000000000284, -1.592874936842195055, 207.1259537470125736 ) ) ;
#4523 = PLANE ( 'NONE',  #2140 ) ;
#4524 = CARTESIAN_POINT ( 'NONE',  ( -150.0000000000000853, 8.243839277673602695, 220.6305941379857245 ) ) ;
#4525 = CARTESIAN_POINT ( 'NONE',  ( -3.524773458002402826, 43.91251472531912015, 280.4195351291480733 ) ) ;
#4526 = CARTESIAN_POINT ( 'NONE',  ( -32.01199370407476152, 30.22851036077921094, 318.8574494640866988 ) ) ;
#4527 = CARTESIAN_POINT ( 'NONE',  ( 32.38617831090330412, 35.88586748535619364, 252.8942154290465396 ) ) ;
#4528 = CARTESIAN_POINT ( 'NONE',  ( 3.329211904807654498, 34.66679928059427596, 337.4224489052871832 ) ) ;
#4529 = CARTESIAN_POINT ( 'NONE',  ( -10.71961130750829305, 36.07779793481478237, 62.31912070581579144 ) ) ;
#4530 = CARTESIAN_POINT ( 'NONE',  ( 0.4666624454429352253, 41.65491474906183811, 261.3537278318257790 ) ) ;
#4531 = PLANE ( 'NONE',  #471 ) ;
#4532 = VERTEX_POINT ( 'NONE', #1516 ) ;
#4533 = CARTESIAN_POINT ( 'NONE',  ( -7.611075777362368733, 31.11757466637248015, 361.1989840938574616 ) ) ;
#4534 = CARTESIAN_POINT ( 'NONE',  ( -1.860595957264360667, 17.11377713728215255, 458.4002198587525072 ) ) ;
#4535 = CARTESIAN_POINT ( 'NONE',  ( -150.0000000000005116, -2.468752498710066856, 425.1262764251987392 ) ) ;
#4536 = CARTESIAN_POINT ( 'NONE',  ( -2.603177482186129765, 35.65217511056009414, 329.6903196407707810 ) ) ;
#4537 = CARTESIAN_POINT ( 'NONE',  ( 6.308818400730547005, 25.14963264051719705, 397.6683618669217708 ) ) ;
#4538 = CARTESIAN_POINT ( 'NONE',  ( 14.93007984657671194, 35.74967139844689967, 319.6335811124895940 ) ) ;
#4539 = CARTESIAN_POINT ( 'NONE',  ( 24.96191191765762696, 35.28848073737330537, 331.4493103031246051 ) ) ;
#4540 = CARTESIAN_POINT ( 'NONE',  ( -0.000000000000000000, 45.32336914314443277, 261.0878856513671735 ) ) ;
#4541 = CARTESIAN_POINT ( 'NONE',  ( -32.48051365082311293, 39.32269646282548337, 256.3608766149677081 ) ) ;
#4542 = CARTESIAN_POINT ( 'NONE',  ( -0.9126475175586304944, 20.71106199493173605, -7.133971301115257013 ) ) ;
#4543 = CARTESIAN_POINT ( 'NONE',  ( 0.8067805704858665994, 40.44237786041291116, 281.9339774583896769 ) ) ;
#4544 = CARTESIAN_POINT ( 'NONE',  ( 1.407859591519782461, 32.39964442547640289, 354.6512177563295154 ) ) ;
#4545 = CARTESIAN_POINT ( 'NONE',  ( 56.19787954467784630, 2.127072668286307255, 212.5857681456718353 ) ) ;
#4546 = ORIENTED_EDGE ( 'NONE', *, *, #3298, .F. ) ;
#4547 = CARTESIAN_POINT ( 'NONE',  ( -0.1609494055648549582, 30.18302221746124658, 370.1074716056619991 ) ) ;
#4548 = CARTESIAN_POINT ( 'NONE',  ( -32.30850553473668896, 31.94656292319882240, 302.0179247680927119 ) ) ;
#4549 = CARTESIAN_POINT ( 'NONE',  ( 4.040894311559639185, 37.00110413132742337, 317.6061455544113983 ) ) ;
#4550 = CARTESIAN_POINT ( 'NONE',  ( -0.2561679233374336562, 37.40856194650574906, 314.4510382597284774 ) ) ;
#4551 = DIRECTION ( 'NONE',  ( -1.000000000000000000, 0.000000000000000000, 0.000000000000000000 ) ) ;
#4552 = CARTESIAN_POINT ( 'NONE',  ( 37.55826825644066957, 26.10906260153237923, 331.4493103031246051 ) ) ;
#4553 = CARTESIAN_POINT ( 'NONE',  ( 0.6201986524214535557, 17.04685725042859801, 458.4078278594934659 ) ) ;
#4554 = CARTESIAN_POINT ( 'NONE',  ( -1.775404981749445055, 41.65491474906183811, 261.6808123227528995 ) ) ;
#4555 = AXIS2_PLACEMENT_3D ( 'NONE', #5997, #1356, #6090 ) ;
#4556 = CARTESIAN_POINT ( 'NONE',  ( -3.334188387624897665, 37.24842380765583272, 315.5595352940044904 ) ) ;
#4557 = CARTESIAN_POINT ( 'NONE',  ( -42.82036082025610568, 32.84028577497314672, 328.7149750000689892 ) ) ;
#4558 = EDGE_LOOP ( 'NONE', ( #421, #6180, #8271, #7567 ) ) ;
#4559 = CARTESIAN_POINT ( 'NONE',  ( -0.5249723758484633462, 40.71241028059153422, 279.4388295447181463 ) ) ;
#4560 = ADVANCED_FACE ( 'NONE', ( #875 ), #27, .T. ) ;
#4561 = CARTESIAN_POINT ( 'NONE',  ( -1.436093927849406482, 36.00353229043267334, 354.6852225388742568 ) ) ;
#4562 = CARTESIAN_POINT ( 'NONE',  ( -7.798762576734595164, 37.66298789882036857, 309.6017612927445839 ) ) ;
#4563 = CARTESIAN_POINT ( 'NONE',  ( -10.07385594960936892, 35.14116747910920679, 330.2846512241621895 ) ) ;
#4564 = CARTESIAN_POINT ( 'NONE',  ( 3.264252622856761654, 43.87832453291255064, 280.9890136889399059 ) ) ;
#4565 = CARTESIAN_POINT ( 'NONE',  ( 2.600022395107888684, 31.67003230040083039, 29.63291989188160258 ) ) ;
#4567 = ADVANCED_FACE ( 'NONE', ( #2111 ), #5492, .F. ) ;
#4566 = LINE ( 'NONE', #7344, #2128 ) ;
#4568 = CARTESIAN_POINT ( 'NONE',  ( -2.605572066350066773, 36.92961970250381398, 318.6128355119145112 ) ) ;
#4569 = FACE_OUTER_BOUND ( 'NONE', #7095, .T. ) ;
#4570 = CARTESIAN_POINT ( 'NONE',  ( 2.602230707412295008, 34.67929860591829083, 337.4818900887994459 ) ) ;
#4571 = CARTESIAN_POINT ( 'NONE',  ( -71.97024598150451880, 26.91823370465814236, 148.0993287817699979 ) ) ;
#4572 = CARTESIAN_POINT ( 'NONE',  ( -0.02144137293911270795, 22.82554869419496768, 413.2886064612703194 ) ) ;
#4573 = CARTESIAN_POINT ( 'NONE',  ( -5.966662445443056129, 37.71010751892143986, 310.2232895710617413 ) ) ;
#4574 = VERTEX_POINT ( 'NONE', #704 ) ;
#4575 = CARTESIAN_POINT ( 'NONE',  ( -22.65564933060240094, 27.48437124903797368, 363.0176984742264494 ) ) ;
#4576 = CARTESIAN_POINT ( 'NONE',  ( -1.331304062742782568, 10.42035447031314632, 486.5845591189742549 ) ) ;
#4577 = CIRCLE ( 'NONE', #8595, 1.000000000000000666 ) ;
#4578 = CARTESIAN_POINT ( 'NONE',  ( 0.000000000000000000, -4.664387618694376236, 541.5776915351184471 ) ) ;
#4579 = CARTESIAN_POINT ( 'NONE',  ( -0.1384124783235811118, 36.13814570304495533, 325.7601750312425111 ) ) ;
#4580 = CARTESIAN_POINT ( 'NONE',  ( 3.866804974384333349, 25.27179226668301126, 398.4427758839760259 ) ) ;
#4581 = CARTESIAN_POINT ( 'NONE',  ( 24.00035593659577415, 33.44673530009708173, 319.6456643819565215 ) ) ;
#4582 = CARTESIAN_POINT ( 'NONE',  ( 38.15527486107346533, 26.86136150171395442, 371.5108534938591447 ) ) ;
#4583 = AXIS2_PLACEMENT_3D ( 'NONE', #2927, #7773, #5890 ) ;
#4584 = B_SPLINE_CURVE_WITH_KNOTS ( 'NONE', 3,
 ( #1967, #3907, #3955, #4724 ),
 .UNSPECIFIED., .F., .F.,
 ( 4, 4 ),
 ( 0.000000000000000000, 0.01542889040407088505 ),
 .UNSPECIFIED. ) ;
#4585 = CARTESIAN_POINT ( 'NONE',  ( -24.54877487504606748, 60.00000000000000711, 255.0493118463000997 ) ) ;
#4586 = CARTESIAN_POINT ( 'NONE',  ( 0.000000000000000000, 0.000000000000000000, 331.4493103031246051 ) ) ;
#4587 = CARTESIAN_POINT ( 'NONE',  ( 3.238742170394931286, 15.77724942527549956, -19.15744003631981229 ) ) ;
#4588 = CARTESIAN_POINT ( 'NONE',  ( 0.000000000000000000, 36.16042726719889799, 334.4493103031246051 ) ) ;
#4589 = CARTESIAN_POINT ( 'NONE',  ( -2.106299519530117959, 46.03114097764294144, 130.5598387451737779 ) ) ;
#4590 = ORIENTED_EDGE ( 'NONE', *, *, #8907, .T. ) ;
#4591 = CARTESIAN_POINT ( 'NONE',  ( 0.000000000000000000, 44.80250588595319527, 261.3537278318257790 ) ) ;
#4592 = CARTESIAN_POINT ( 'NONE',  ( -0.09486616763954427989, 31.31138037787036055, 362.5708543124420657 ) ) ;
#4593 = CARTESIAN_POINT ( 'NONE',  ( -0.3234066728342002706, 39.22156287659643681, 296.6754588262717789 ) ) ;
#4594 = CARTESIAN_POINT ( 'NONE',  ( 4.749043505097586326, 37.03289252698979084, 317.1078601384306239 ) ) ;
#4595 = CARTESIAN_POINT ( 'NONE',  ( 1.105718530900904106, 37.28955242002165704, 315.5155264122034851 ) ) ;
#4596 = CARTESIAN_POINT ( 'NONE',  ( 10.04009983965374175, 25.12066313880340829, 412.3579344221037104 ) ) ;
#4597 = CARTESIAN_POINT ( 'NONE',  ( 0.000000000000000000, 37.16042184082672861, 328.4493103031245482 ) ) ;
#4598 = CARTESIAN_POINT ( 'NONE',  ( 41.15213526186705195, 24.56213932722517157, 331.4493103031246051 ) ) ;
#4599 = CARTESIAN_POINT ( 'NONE',  ( -50.11171787444065728, 9.594334424904452874, 362.2731057270540305 ) ) ;
#4600 = CARTESIAN_POINT ( 'NONE',  ( -26.74025636013404750, 21.19308809055084097, 385.0864620824187341 ) ) ;
#4601 = CARTESIAN_POINT ( 'NONE',  ( -7.832022336487479919, 38.63845375602138432, 331.4493103031247756 ) ) ;
#4602 = CARTESIAN_POINT ( 'NONE',  ( -7.430461187508299759, 36.94287417276024854, 316.6462309433259179 ) ) ;
#4603 = CARTESIAN_POINT ( 'NONE',  ( -150.0000000000001421, 9.607543969010292173, 355.1325008380466102 ) ) ;
#4604 = PLANE ( 'NONE',  #5142 ) ;
#4605 = VERTEX_POINT ( 'NONE', #5585 ) ;
#4606 = CARTESIAN_POINT ( 'NONE',  ( 2.640467636226647485, 39.88677104581836375, 288.3945971887397377 ) ) ;
#4607 = CARTESIAN_POINT ( 'NONE',  ( 50.11171787444065728, 9.594334424904452874, 362.2731057270540305 ) ) ;
#4608 = CARTESIAN_POINT ( 'NONE',  ( 0.8975805891253728630, 43.82006137336686180, 282.5612626698689382 ) ) ;
#4609 = ORIENTED_EDGE ( 'NONE', *, *, #4624, .T. ) ;
#4610 = FACE_OUTER_BOUND ( 'NONE', #2691, .T. ) ;
#4611 = CARTESIAN_POINT ( 'NONE',  ( -1.826276583265159334E-14, 37.42840340034359770, 307.1936396950425205 ) ) ;
#4612 = EDGE_CURVE ( 'NONE', #3415, #2788, #255, .T. ) ;
#4613 = CARTESIAN_POINT ( 'NONE',  ( 0.000000000000000000, 20.62319512748768346, -7.191526245911063597 ) ) ;
#4614 = FACE_OUTER_BOUND ( 'NONE', #8101, .T. ) ;
#4615 = CARTESIAN_POINT ( 'NONE',  ( -6.776656093993471686, 36.76443743386150942, 318.6346361293133214 ) ) ;
#4616 = CARTESIAN_POINT ( 'NONE',  ( 31.25604162895526983, 15.74827716499006769, 398.4128964435070657 ) ) ;
#4617 = CARTESIAN_POINT ( 'NONE',  ( 0.000000000000000000, 185.3346068197644740, 318.3147629942844219 ) ) ;
#4618 = CARTESIAN_POINT ( 'NONE',  ( 0.8834387404823768053, 28.31537238341890372, 17.13475425666132068 ) ) ;
#4619 = CARTESIAN_POINT ( 'NONE',  ( -44.79208460059820851, 23.90144965854936032, 331.4493103031245482 ) ) ;
#4620 = DIRECTION ( 'NONE',  ( 0.000000000000000000, -1.000000000000000000, 0.000000000000000000 ) ) ;
#4621 = DIRECTION ( 'NONE',  ( 1.000000000000000000, 0.000000000000000000, 0.000000000000000000 ) ) ;
#4622 = CARTESIAN_POINT ( 'NONE',  ( -0.001055812173227850190, 31.31176218372355891, 362.5588338338893095 ) ) ;
#4623 = CARTESIAN_POINT ( 'NONE',  ( -1.099358371358075015, 25.93118054957675866, 415.4839356155417249 ) ) ;
#4624 = EDGE_CURVE ( 'NONE', #3926, #5264, #6951, .T. ) ;
#4625 = CARTESIAN_POINT ( 'NONE',  ( -2.401812407620467660, 6.569449054318622139, 500.9803719639622841 ) ) ;
#4626 = CARTESIAN_POINT ( 'NONE',  ( -2.604391224415402384, 36.35562770110395547, 323.6896952973287398 ) ) ;
#4627 = CARTESIAN_POINT ( 'NONE',  ( -0.06317283226917624894, 25.37809891242167382, 399.1773920764484842 ) ) ;
#4628 = CARTESIAN_POINT ( 'NONE',  ( 1.104574486108286679, 36.60516653283838906, 321.6865910219013927 ) ) ;
#4629 = FACE_OUTER_BOUND ( 'NONE', #1998, .T. ) ;
#4630 = CARTESIAN_POINT ( 'NONE',  ( -38.15527486107346533, 17.08810814811356593, 371.5108534938591447 ) ) ;
#4631 = CARTESIAN_POINT ( 'NONE',  ( 0.000000000000000000, 60.00000000000000711, 413.8493118462999973 ) ) ;
#4632 = CARTESIAN_POINT ( 'NONE',  ( -16.77160536706134408, 23.66358827007229948, 409.5034703614609839 ) ) ;
#4633 = CARTESIAN_POINT ( 'NONE',  ( -1.316609496952878322, 47.20928880869866617, 155.6670790133530033 ) ) ;
#4634 = ORIENTED_EDGE ( 'NONE', *, *, #2200, .T. ) ;
#4635 = CYLINDRICAL_SURFACE ( 'NONE', #7589, 3.000000000000036859 ) ;
#4636 = CARTESIAN_POINT ( 'NONE',  ( -0.06116350698068609426, 30.18310794018969290, 370.0948016866259422 ) ) ;
#4637 = CARTESIAN_POINT ( 'NONE',  ( -35.52975519295308260, 29.75095574662436704, 308.8950762711067455 ) ) ;
#4638 = CARTESIAN_POINT ( 'NONE',  ( 16.99848743086048941, 35.65887602710526494, 317.3065601553699935 ) ) ;
#4639 = CARTESIAN_POINT ( 'NONE',  ( 7.798762576734595164, 37.66298789882036857, 309.6017612927445839 ) ) ;
#4640 = CARTESIAN_POINT ( 'NONE',  ( -3.594263644105775590, 45.10785328951531170, 263.1562443248186582 ) ) ;
#4641 = CARTESIAN_POINT ( 'NONE',  ( -14.43624244722752081, 44.49716190205091948, 255.0493122078510453 ) ) ;
#4642 = CARTESIAN_POINT ( 'NONE',  ( 1.005968528606214107, 32.03284778517833331, 380.7173133528380049 ) ) ;
#4643 = CARTESIAN_POINT ( 'NONE',  ( -36.88791745742921790, 18.97224862768940667, 372.9397162057978790 ) ) ;
#4644 = CARTESIAN_POINT ( 'NONE',  ( -0.8067805704858665994, 41.65491474906183811, 261.3537278318257790 ) ) ;
#4645 = CARTESIAN_POINT ( 'NONE',  ( 0.05391794642845448154, 37.29591829222710686, 315.4939017547483786 ) ) ;
#4646 = CARTESIAN_POINT ( 'NONE',  ( 1.788897586348170865, 20.19855326254756278, 444.2540033977297185 ) ) ;
#4647 = DIRECTION ( 'NONE',  ( 1.000000000000000000, 0.000000000000000000, 0.000000000000000000 ) ) ;
#4648 = ORIENTED_EDGE ( 'NONE', *, *, #8460, .T. ) ;
#4649 = CARTESIAN_POINT ( 'NONE',  ( 6.925207578647450291, 39.63378815293572188, 289.0449647461860536 ) ) ;
#4650 = DIRECTION ( 'NONE',  ( 0.000000000000000000, 1.000000000000000000, -0.000000000000000000 ) ) ;
#4651 = VECTOR ( 'NONE', #2502, 1000.000000000000000 ) ;
#4652 = CARTESIAN_POINT ( 'NONE',  ( -0.4786979759498021236, 36.01088700303149182, 354.5695205588957037 ) ) ;
#4653 = CARTESIAN_POINT ( 'NONE',  ( -35.77589851813026911, 26.91756939136766746, 331.4493103031246051 ) ) ;
#4654 = VERTEX_POINT ( 'NONE', #4319 ) ;
#4655 = CARTESIAN_POINT ( 'NONE',  ( 0.1476167554291957507, 35.53109437826292094, 330.8684851258737467 ) ) ;
#4656 = FACE_OUTER_BOUND ( 'NONE', #2847, .T. ) ;
#4657 = CIRCLE ( 'NONE', #5092, 0.5999999999999972022 ) ;
#4658 = CARTESIAN_POINT ( 'NONE',  ( -75.08352271041381698, 23.83992530242385399, 133.1794009662679912 ) ) ;
#4659 = CARTESIAN_POINT ( 'NONE',  ( -45.82569442659306702, 23.86344445981060503, 322.9671793198166938 ) ) ;
#4660 = CARTESIAN_POINT ( 'NONE',  ( -18.86329371375558495, 35.12787298441580219, 318.2632948979495495 ) ) ;
#4661 = CARTESIAN_POINT ( 'NONE',  ( 30.08942006302480010, 36.52553781239197406, 258.6497176429022602 ) ) ;
#4662 = CARTESIAN_POINT ( 'NONE',  ( -7.301291994692240550, 46.93704426116289596, 207.1250189900836745 ) ) ;
#4663 = CARTESIAN_POINT ( 'NONE',  ( -0.2320290867809238489, 22.82025771700548944, 413.2681066091004141 ) ) ;
#4664 = CARTESIAN_POINT ( 'NONE',  ( 2.534351687893541261, 44.60588373240434379, 262.3663782036625776 ) ) ;
#4665 = CARTESIAN_POINT ( 'NONE',  ( -0.003294345898725401563, 37.16042184082672861, 334.4493103031246051 ) ) ;
#4666 = CARTESIAN_POINT ( 'NONE',  ( -5.191722060081199075, 31.24225375151078765, 361.7350336656418790 ) ) ;
#4667 = CARTESIAN_POINT ( 'NONE',  ( 37.43434600815625402, 3.497723437920143397, 446.0507749091595429 ) ) ;
#4668 = B_SPLINE_SURFACE_WITH_KNOTS ( 'NONE', 3, 1, ( 
 ( #3549, #118 ),
 ( #8440, #6552 ),
 ( #203, #5161 ),
 ( #331, #4401 ),
 ( #5837, #2278 ),
 ( #8567, #3759 ),
 ( #5795, #5878 ),
 ( #1769, #1639 ),
 ( #2399, #3803 ),
 ( #7888, #4530 ) ),
 .UNSPECIFIED., .F., .F., .F.,
 ( 4, 2, 2, 2, 4 ),
 ( 2, 2 ),
 ( 0.000000000000000000, 0.2500000000000000000, 0.5000000000000000000, 0.7500000000000000000, 1.000000000000000000 ),
 ( 0.000000000000000000, 1.000000000000000000 ),
 .UNSPECIFIED. ) ;
#4669 = CARTESIAN_POINT ( 'NONE',  ( 1.930653681019943724, 13.87290448054163683, 472.4794235559970730 ) ) ;
#4670 = CARTESIAN_POINT ( 'NONE',  ( -12.85783755018440822, 35.43904145911974268, 325.3360724467638079 ) ) ;
#4671 = CARTESIAN_POINT ( 'NONE',  ( 23.37771307148982203, 20.86582876967378297, 393.5280081850213492 ) ) ;
#4672 = CARTESIAN_POINT ( 'NONE',  ( 1.856229105869423801, 36.12973818616897859, 325.7115750405421295 ) ) ;
#4673 = CARTESIAN_POINT ( 'NONE',  ( -3.066662445442833729, 40.60023194608182706, 279.3396071913396668 ) ) ;
#4674 = CARTESIAN_POINT ( 'NONE',  ( 5.966662445443050800, 37.20346721986462768, 310.1851950956177575 ) ) ;
#4675 = CARTESIAN_POINT ( 'NONE',  ( -44.79208460024202054, 30.70202150165685495, 331.4493103058576935 ) ) ;
#4676 = CARTESIAN_POINT ( 'NONE',  ( -9.154773945220272324, 25.28361747698076556, 412.6148475058914187 ) ) ;
#4677 = VERTEX_POINT ( 'NONE', #5630 ) ;
#4678 = ORIENTED_EDGE ( 'NONE', *, *, #4290, .T. ) ;
#4679 = ADVANCED_FACE ( 'NONE', ( #2191 ), #2786, .T. ) ;
#4680 = CARTESIAN_POINT ( 'NONE',  ( 2.972288463451770113, 33.79696142559792804, 41.75401259452486613 ) ) ;
#4681 = ORIENTED_EDGE ( 'NONE', *, *, #5402, .T. ) ;
#4682 = CARTESIAN_POINT ( 'NONE',  ( -43.75445932639104285, 25.75585501620750151, 331.4493103031246051 ) ) ;
#4683 = CARTESIAN_POINT ( 'NONE',  ( 9.892428803672592252, 30.95555319703124653, 360.6372645342223677 ) ) ;
#4684 = CARTESIAN_POINT ( 'NONE',  ( -1.103078955720314447, 39.20759294772438608, 296.7474455858874194 ) ) ;
#4685 = CARTESIAN_POINT ( 'NONE',  ( 4.040658185271193581, 36.94493476229907003, 318.1130931486106306 ) ) ;
#4686 = EDGE_CURVE ( 'NONE', #794, #6806, #4864, .T. ) ;
#4687 = CARTESIAN_POINT ( 'NONE',  ( 8.352959341426096529, 37.67888383943964925, 309.0463018841575717 ) ) ;
#4688 = CARTESIAN_POINT ( 'NONE',  ( -2.446434804580848610, 45.26775250361986025, 261.4458149891682979 ) ) ;
#4689 = CARTESIAN_POINT ( 'NONE',  ( 56.50313792499103016, -10.80253914119058045, 197.8140775424655544 ) ) ;
#4690 = CARTESIAN_POINT ( 'NONE',  ( -40.64279130071612656, 19.78146202829371347, 391.0697883059202695 ) ) ;
#4691 = CARTESIAN_POINT ( 'NONE',  ( -12.65563674177093922, 27.07562781716692157, 380.9121201839831770 ) ) ;
#4692 = FACE_OUTER_BOUND ( 'NONE', #2710, .T. ) ;
#4693 = B_SPLINE_CURVE_WITH_KNOTS ( 'NONE', 3,
 ( #5175, #6353, #7064, #6437, #887, #6398, #259, #5131 ),
 .UNSPECIFIED., .F., .F.,
 ( 4, 1, 3, 4 ),
 ( 0.4881318631170174505, 0.5117911110038452227, 0.5459105184041022074, 0.5643330611253437601 ),
 .UNSPECIFIED. ) ;
#4694 = B_SPLINE_CURVE_WITH_KNOTS ( 'NONE', 3,
 ( #6822, #3746, #2221, #6496, #7789, #860, #820, #7710, #4978, #7668, #5781, #8510, #8344, #4388, #1667, #5742, #1503, #5021, #3579, #7120 ),
 .UNSPECIFIED., .F., .F.,
 ( 4, 2, 2, 2, 2, 2, 2, 2, 2, 4 ),
 ( 0.003273027653110678788, 0.009141074075003009780, 0.01500912049689534164, 0.02087716691878767003, 0.02674521334068000189, 0.03261325976257233028, 0.03848130618446466561, 0.04141532939541082980, 0.04434935260635699400, 0.05021739902824931545 ),
 .UNSPECIFIED. ) ;
#4695 = CARTESIAN_POINT ( 'NONE',  ( -0.7213179509393188305, 37.17938721605037244, 316.5410908470112190 ) ) ;
#4696 = CARTESIAN_POINT ( 'NONE',  ( -149.9999999999994884, 5.740427124744100773, 378.1347507846561484 ) ) ;
#4697 = DIRECTION ( 'NONE',  ( -1.000000000000000000, 0.000000000000000000, 0.000000000000000000 ) ) ;
#4698 = ORIENTED_EDGE ( 'NONE', *, *, #4136, .F. ) ;
#4699 = CARTESIAN_POINT ( 'NONE',  ( 3.360531067814775508, 39.14038253149755064, 296.9782067304747102 ) ) ;
#4700 = PLANE ( 'NONE',  #2479 ) ;
#4701 = CARTESIAN_POINT ( 'NONE',  ( -2.778669180242376857, 42.77444990941938130, 244.8077520474519702 ) ) ;
#4702 = CARTESIAN_POINT ( 'NONE',  ( 11.54106037115949945, 18.89842486944788291, 438.8770723758824488 ) ) ;
#4703 = AXIS2_PLACEMENT_3D ( 'NONE', #7383, #4166, #8241 ) ;
#4704 = EDGE_LOOP ( 'NONE', ( #795, #8813, #6838, #5037, #3911, #7179, #3333 ) ) ;
#4705 = CARTESIAN_POINT ( 'NONE',  ( -2.846830710822273236, -1.888371530433603951, -51.63176871257518741 ) ) ;
#4706 = CARTESIAN_POINT ( 'NONE',  ( 25.03827203090105868, 31.61797655454644840, 331.4493103031246619 ) ) ;
#4707 = CARTESIAN_POINT ( 'NONE',  ( -63.98600082019655133, 32.47793740598321932, 184.0516963749373076 ) ) ;
#4708 = CARTESIAN_POINT ( 'NONE',  ( 0.000000000000000000, 185.1096706392855253, 321.3063183948597725 ) ) ;
#4709 = CARTESIAN_POINT ( 'NONE',  ( -8.063538007752585557, 36.73086603395777416, 318.1463401903742465 ) ) ;
#4710 = CARTESIAN_POINT ( 'NONE',  ( 3.547279390353604622, 42.27028951869660034, 253.9134071075900749 ) ) ;
#4711 = CARTESIAN_POINT ( 'NONE',  ( 1.730417408365614973, 47.76473948255436142, 204.8872388650783591 ) ) ;
#4712 = CARTESIAN_POINT ( 'NONE',  ( -1.820853967747735336, 21.42051189418823753, 419.9994425737160100 ) ) ;
#4713 = CARTESIAN_POINT ( 'NONE',  ( 0.000000000000000000, 42.52034335199371640, 298.7689177479890645 ) ) ;
#4714 = CARTESIAN_POINT ( 'NONE',  ( 0.4666624454429352253, 43.22798668596863791, 281.9339774583896769 ) ) ;
#4715 = CARTESIAN_POINT ( 'NONE',  ( -0.04890074788760240265, 31.31193134710483861, 362.5527942998130015 ) ) ;
#4716 = CARTESIAN_POINT ( 'NONE',  ( 55.71564899923829728, 1.205407876259681377, 399.7257200711499081 ) ) ;
#4717 = AXIS2_PLACEMENT_3D ( 'NONE', #3936, #5916, #5873 ) ;
#4718 = FACE_OUTER_BOUND ( 'NONE', #4727, .T. ) ;
#4719 = CARTESIAN_POINT ( 'NONE',  ( -0.5267691505645177852, 36.13831788522318789, 325.7494044025599464 ) ) ;
#4720 = CARTESIAN_POINT ( 'NONE',  ( 20.14342343737371266, 21.72543053988104589, 396.0074681743134306 ) ) ;
#4721 = CARTESIAN_POINT ( 'NONE',  ( -0.4587559095047096247, 36.13675077300461425, 325.7763156510007434 ) ) ;
#4722 = CARTESIAN_POINT ( 'NONE',  ( 19.38059895082086470, 36.93577387937158818, 331.4493103031246619 ) ) ;
#4723 = CARTESIAN_POINT ( 'NONE',  ( -12.53024648189237311, -15.07893345480093927, -60.27095919175482663 ) ) ;
#4724 = CARTESIAN_POINT ( 'NONE',  ( -3.066662445442833729, 41.67359439997697734, 263.9480980988757892 ) ) ;
#4725 = CARTESIAN_POINT ( 'NONE',  ( -5.966662445443050800, 37.20346721986462768, 310.1851950956177575 ) ) ;
#4726 = ORIENTED_EDGE ( 'NONE', *, *, #1423, .T. ) ;
#4727 = EDGE_LOOP ( 'NONE', ( #2209, #2932, #5038, #1178 ) ) ;
#4728 = CARTESIAN_POINT ( 'NONE',  ( 25.25810368633090164, 30.80518904790463353, 56.02471470947404697 ) ) ;
#4729 = ORIENTED_EDGE ( 'NONE', *, *, #5517, .F. ) ;
#4730 = VECTOR ( 'NONE', #8749, 1000.000000000000000 ) ;
#4731 = CARTESIAN_POINT ( 'NONE',  ( 5.464712794160148768, 189.1210325244939554, 267.9569137512659722 ) ) ;
#4732 = CARTESIAN_POINT ( 'NONE',  ( 7.526780253751312877, 28.78305962243811322, 375.8055985015348597 ) ) ;
#4733 = CARTESIAN_POINT ( 'NONE',  ( 0.5566957565999280932, 41.37232676736335435, 270.7327469999615346 ) ) ;
#4734 = EDGE_CURVE ( 'NONE', #724, #30, #7450, .T. ) ;
#4735 = CARTESIAN_POINT ( 'NONE',  ( 1.858106627752776463, 36.99728569702484293, 318.0967479734026711 ) ) ;
#4736 = CARTESIAN_POINT ( 'NONE',  ( 48.93205100325172197, 27.03297327124139926, 280.3525527939733024 ) ) ;
#4737 = CARTESIAN_POINT ( 'NONE',  ( -42.96450422769291322, 27.52012913465895849, 331.4493103031245482 ) ) ;
#4738 = CARTESIAN_POINT ( 'NONE',  ( 12.54926442142181209, -19.83559714904187743, -65.17547834017919683 ) ) ;
#4739 = CARTESIAN_POINT ( 'NONE',  ( -149.9999999999999432, 13.01685150340217767, 333.3876767047953535 ) ) ;
#4740 = CARTESIAN_POINT ( 'NONE',  ( -8.594684597542805449, 27.51482948837981013, 382.6496092469673158 ) ) ;
#4741 = CARTESIAN_POINT ( 'NONE',  ( 0.04206816828834844535, 35.53184490005988749, 330.8596034287484144 ) ) ;
#4742 = VERTEX_POINT ( 'NONE', #7596 ) ;
#4743 = EDGE_CURVE ( 'NONE', #3157, #683, #2420, .T. ) ;
#4744 = CARTESIAN_POINT ( 'NONE',  ( -12.86880227511916175, 36.42179836127269965, 316.7475528016885278 ) ) ;
#4745 = CARTESIAN_POINT ( 'NONE',  ( -40.00984483757177657, 16.72124631380037485, 402.1504229787130384 ) ) ;
#4746 = CARTESIAN_POINT ( 'NONE',  ( -0.4666624454429352253, 43.22798668596863791, 281.9339774583896769 ) ) ;
#4747 = ORIENTED_EDGE ( 'NONE', *, *, #6331, .T. ) ;
#4748 = CARTESIAN_POINT ( 'NONE',  ( 6.170875244736501841, 38.98938251907766528, 297.3008160383213863 ) ) ;
#4749 = LINE ( 'NONE', #6858, #3829 ) ;
#4750 = CARTESIAN_POINT ( 'NONE',  ( -33.36135581111661708, 34.96379802448743135, 261.3113295027356457 ) ) ;
#4751 = CARTESIAN_POINT ( 'NONE',  ( 57.77097111345211289, -2.535394609008782663, 415.1043187994338837 ) ) ;
#4752 = CARTESIAN_POINT ( 'NONE',  ( -9.880782476074095655, 35.01347060084289353, 331.4493103031244345 ) ) ;
#4753 = ORIENTED_EDGE ( 'NONE', *, *, #3626, .T. ) ;
#4754 = CARTESIAN_POINT ( 'NONE',  ( 0.000000000000000000, -10.00000000000000000, -61.05776287854492068 ) ) ;
#4755 = CARTESIAN_POINT ( 'NONE',  ( -4.158106844307481786, 42.15336779586922233, 255.0493125753228298 ) ) ;
#4756 = CARTESIAN_POINT ( 'NONE',  ( 1.404199679686745306, 45.94742635001971109, 130.5641109568593379 ) ) ;
#4757 = DIRECTION ( 'NONE',  ( -1.000000000000000000, 0.000000000000000000, 2.379070858319133807E-13 ) ) ;
#4758 = CARTESIAN_POINT ( 'NONE',  ( -35.43729038759379790, 28.70688425616095785, 318.5013625318874233 ) ) ;
#4759 = CARTESIAN_POINT ( 'NONE',  ( 4.407139931267860078, 42.64367483429247585, 245.2770666797815977 ) ) ;
#4760 = CARTESIAN_POINT ( 'NONE',  ( 1.024170345567492202, 46.00818778601377090, 252.5475023864288744 ) ) ;
#4761 = CARTESIAN_POINT ( 'NONE',  ( 149.9999999999993463, 17.13590603533871715, 269.4952211729575993 ) ) ;
#4762 = CARTESIAN_POINT ( 'NONE',  ( -29.55020858518582116, 16.26733533809674270, 399.8662916002094221 ) ) ;
#4763 = LINE ( 'NONE', #5383, #5950 ) ;
#4764 = CARTESIAN_POINT ( 'NONE',  ( -0.07213618635741507468, 33.48622476736003506, 347.0713599224096129 ) ) ;
#4765 = CARTESIAN_POINT ( 'NONE',  ( 7.162406742956792804, -5.196939195804247902, 540.7780944250159791 ) ) ;
#4766 = CARTESIAN_POINT ( 'NONE',  ( 7.199780051661552882E-18, 36.16042726719889799, 331.4493103031246051 ) ) ;
#4767 = CARTESIAN_POINT ( 'NONE',  ( -7.424941559190501472, 35.93107757351256026, 325.5361471384599099 ) ) ;
#4768 = CARTESIAN_POINT ( 'NONE',  ( -0.3981201007422402460, 24.13083183398133258, 406.3251395377628228 ) ) ;
#4769 = CARTESIAN_POINT ( 'NONE',  ( 27.20629842547661781, 31.84270024615725703, 322.9911612667398231 ) ) ;
#4770 = CARTESIAN_POINT ( 'NONE',  ( -45.32981957207750412, 23.50657285010502306, 327.2111463904008133 ) ) ;
#4771 = CARTESIAN_POINT ( 'NONE',  ( -28.66915185648158726, -24.29590384187719465, -55.07514469556929271 ) ) ;
#4772 = DIRECTION ( 'NONE',  ( 0.000000000000000000, -1.000000000000000000, 0.000000000000000000 ) ) ;
#4773 = FILL_AREA_STYLE_COLOUR ( '', #465 ) ;
#4774 = VERTEX_POINT ( 'NONE', #76 ) ;
#4775 = ORIENTED_EDGE ( 'NONE', *, *, #6938, .F. ) ;
#4776 = CARTESIAN_POINT ( 'NONE',  ( 149.9999999999997442, 16.09349136664861390, 256.0566200932159404 ) ) ;
#4777 = ORIENTED_EDGE ( 'NONE', *, *, #4250, .T. ) ;
#4778 = CARTESIAN_POINT ( 'NONE',  ( 27.31587659959020797, 25.96465283864284501, 360.8838523325129586 ) ) ;
#4779 = CARTESIAN_POINT ( 'NONE',  ( -0.6956187902802437595, 40.67913581173171167, 279.5938908373920526 ) ) ;
#4780 = CARTESIAN_POINT ( 'NONE',  ( 8.063112055979249959, 36.67584812926083515, 318.6420569041206363 ) ) ;
#4781 = CARTESIAN_POINT ( 'NONE',  ( -1.775404981749445055, 43.40477166021896949, 281.6068929674624997 ) ) ;
#4782 = CARTESIAN_POINT ( 'NONE',  ( 3.066662445442833729, 40.60023194608182706, 279.3396071913396668 ) ) ;
#4783 = CARTESIAN_POINT ( 'NONE',  ( 56.47713021477131434, -8.444831254075669591, 200.0310506176295462 ) ) ;
#4784 = CARTESIAN_POINT ( 'NONE',  ( -2.253861092064105787, 13.62000221831030800, 472.6187073565538412 ) ) ;
#4785 = CARTESIAN_POINT ( 'NONE',  ( -5.172431289234546981, 26.49603612548180820, 390.9980617250326986 ) ) ;
#4786 = CARTESIAN_POINT ( 'NONE',  ( 37.17427710344018976, 26.77153156894657826, 327.8179406818427992 ) ) ;
#4787 = ORIENTED_EDGE ( 'NONE', *, *, #3184, .T. ) ;
#4788 = CARTESIAN_POINT ( 'NONE',  ( -5.440306205766096248, 37.27736895508360959, 314.5930304601035346 ) ) ;
#4789 = CARTESIAN_POINT ( 'NONE',  ( -1.769049283930309580, 43.22627769079308990, 281.5912485483776209 ) ) ;
#4790 = ORIENTED_EDGE ( 'NONE', *, *, #106, .T. ) ;
#4791 = CARTESIAN_POINT ( 'NONE',  ( 43.49646360692960201, 27.31627969775391662, 298.5849340339110540 ) ) ;
#4792 = CARTESIAN_POINT ( 'NONE',  ( -25.59341244189058528, 17.63873504907162726, 402.4983841396163484 ) ) ;
#4793 = CARTESIAN_POINT ( 'NONE',  ( -0.4666624454428986435, 44.78686955249614954, 261.3537278318258927 ) ) ;
#4794 = CARTESIAN_POINT ( 'NONE',  ( -5.114281530494306338, 42.14762749882601156, 254.3421020566666755 ) ) ;
#4795 = CARTESIAN_POINT ( 'NONE',  ( 6.363334136993229251, 22.76016894090687614, 428.8992649007137175 ) ) ;
#4796 = CARTESIAN_POINT ( 'NONE',  ( 0.000000000000000000, 45.40165219869580682, 260.7912705906431938 ) ) ;
#4797 = EDGE_LOOP ( 'NONE', ( #7517, #6023, #3086, #3388, #3897, #7055, #7563, #878, #4698, #5308, #7053 ) ) ;
#4798 = CARTESIAN_POINT ( 'NONE',  ( 87.03917095743797461, -14.78840956284643582, 45.13835781979638995 ) ) ;
#4799 = ADVANCED_FACE ( 'NONE', ( #3457 ), #1429, .T. ) ;
#4800 = CARTESIAN_POINT ( 'NONE',  ( -0.1555598739253232221, 41.95270076418071170, 261.3537278318260064 ) ) ;
#4801 = CARTESIAN_POINT ( 'NONE',  ( -23.51973174029940239, 37.61279697820997114, 277.6794063168357525 ) ) ;
#4802 = CARTESIAN_POINT ( 'NONE',  ( 0.000000000000000000, 37.42084218078985458, 58.72214691171561185 ) ) ;
#4803 = CARTESIAN_POINT ( 'NONE',  ( 1.463168471159988160, -9.541087452738985064, 557.6191052689168828 ) ) ;
#4804 = CARTESIAN_POINT ( 'NONE',  ( 21.08608623667027970, 39.84124099438812294, 252.3499864670367572 ) ) ;
#4805 = VECTOR ( 'NONE', #4233, 1000.000000000000000 ) ;
#4806 = CARTESIAN_POINT ( 'NONE',  ( -2.613339197210340359, 43.38578146962264270, 105.1797038346670092 ) ) ;
#4807 = CARTESIAN_POINT ( 'NONE',  ( 2.458911498200082146, 45.48680964656614378, 130.5876176261108412 ) ) ;
#4808 = CARTESIAN_POINT ( 'NONE',  ( 0.02238250680520709884, 24.12338407468944368, 406.2868893398336922 ) ) ;
#4809 = CARTESIAN_POINT ( 'NONE',  ( 2.263407560335051699E-13, 27.34992986371533163, 387.9822869230141009 ) ) ;
#4810 = CARTESIAN_POINT ( 'NONE',  ( -13.13334046697630519, 31.69977961222998530, 352.4766176439891865 ) ) ;
#4811 = CARTESIAN_POINT ( 'NONE',  ( 150.0000000000000568, 0.2544905633191389405, 409.6453932724846823 ) ) ;
#4812 = CARTESIAN_POINT ( 'NONE',  ( 0.003294345898725401563, 37.16042184082672861, 334.4493103031246051 ) ) ;
#4813 = CARTESIAN_POINT ( 'NONE',  ( -1.483950994975514304, 36.83147812504666518, 319.6328980449795836 ) ) ;
#4814 = CARTESIAN_POINT ( 'NONE',  ( 36.77173746045040303, 16.62840492261721437, 383.5840722010475474 ) ) ;
#4815 = CARTESIAN_POINT ( 'NONE',  ( 1.482350336967970916, 36.13403552712546229, 325.7224108549085031 ) ) ;
#4816 = CARTESIAN_POINT ( 'NONE',  ( -3.345376087531854115, -19.80729880530915210, -71.09459982090788799 ) ) ;
#4817 = FACE_OUTER_BOUND ( 'NONE', #6972, .T. ) ;
#4818 =( LENGTH_UNIT ( ) NAMED_UNIT ( * ) SI_UNIT ( .MILLI., .METRE. ) );
#4819 = ORIENTED_EDGE ( 'NONE', *, *, #8735, .F. ) ;
#4820 = ORIENTED_EDGE ( 'NONE', *, *, #8248, .T. ) ;
#4821 = CARTESIAN_POINT ( 'NONE',  ( -1.467788928062101705, 44.48375703246001933, 275.5401249740329490 ) ) ;
#4822 = AXIS2_PLACEMENT_3D ( 'NONE', #2681, #745, #1325 ) ;
#4823 = CARTESIAN_POINT ( 'NONE',  ( -22.29861332689557685, 32.06056740969546581, 335.1603694662016437 ) ) ;
#4824 = CARTESIAN_POINT ( 'NONE',  ( 15.69004154951760732, 27.85366417325371557, 372.7100658152007213 ) ) ;
#4825 = CARTESIAN_POINT ( 'NONE',  ( -1.888154822145513112, 41.27893946157849570, 271.1060803810202060 ) ) ;
#4826 = CARTESIAN_POINT ( 'NONE',  ( 4.748426111332372912, 36.92123342751128945, 318.1185839581213486 ) ) ;
#4827 = CYLINDRICAL_SURFACE ( 'NONE', #618, 1.000000000000000666 ) ;
#4828 = CARTESIAN_POINT ( 'NONE',  ( 45.97597456504511371, 32.71559404071515331, 267.7699682363401052 ) ) ;
#4829 = CARTESIAN_POINT ( 'NONE',  ( -1.904943872151217965, -9.951894290560517220, -61.04478972313617646 ) ) ;
#4830 = CARTESIAN_POINT ( 'NONE',  ( 1.406557556210300319, 3.019610311274071535, 514.9300709948294070 ) ) ;
#4831 = CARTESIAN_POINT ( 'NONE',  ( -17.14022138931604999, 25.07075761973263894, 385.3083582341777742 ) ) ;
#4832 = CARTESIAN_POINT ( 'NONE',  ( 0.5001365428917624589, 34.53361184426434960, 339.0897695581244307 ) ) ;
#4833 = ORIENTED_EDGE ( 'NONE', *, *, #7911, .F. ) ;
#4834 = CARTESIAN_POINT ( 'NONE',  ( -27.21958994804749210, 32.60871952025527776, 316.2784947768628854 ) ) ;
#4835 = CARTESIAN_POINT ( 'NONE',  ( -0.003294345898725401563, 37.16042184082672861, 331.4493103031246051 ) ) ;
#4836 = ORIENTED_EDGE ( 'NONE', *, *, #1752, .T. ) ;
#4837 = CARTESIAN_POINT ( 'NONE',  ( 20.68960295614460776, 35.85340449494258763, 306.9512986227095439 ) ) ;
#4838 = DIRECTION ( 'NONE',  ( 0.000000000000000000, 0.000000000000000000, -1.000000000000000000 ) ) ;
#4839 = CARTESIAN_POINT ( 'NONE',  ( -5.966662445443050800, 37.42840340034361191, 307.1936396950423500 ) ) ;
#4840 = CARTESIAN_POINT ( 'NONE',  ( -6.615903989193415491, 42.00886900970306925, 254.7837419909197934 ) ) ;
#4841 = CARTESIAN_POINT ( 'NONE',  ( 2.463040405063526617, 2.764101418705058322, 515.2409785199594126 ) ) ;
#4842 = CARTESIAN_POINT ( 'NONE',  ( 0.4666624454429352253, 43.22798668596863791, 281.9339774583896769 ) ) ;
#4843 = EDGE_LOOP ( 'NONE', ( #4100, #5367, #7279 ) ) ;
#4844 = CARTESIAN_POINT ( 'NONE',  ( 3.323413742140344684, -2.163148135800812888, -51.77104861990689955 ) ) ;
#4845 = CARTESIAN_POINT ( 'NONE',  ( -28.60367788710712134, 37.24799833951984596, 255.3753109550620479 ) ) ;
#4846 = CARTESIAN_POINT ( 'NONE',  ( 30.40299130320946475, 31.12672570848720000, 317.2151381025610135 ) ) ;
#4847 = CARTESIAN_POINT ( 'NONE',  ( -30.61485153275664217, 35.21924047683040726, 273.9185936910182591 ) ) ;
#4848 = CARTESIAN_POINT ( 'NONE',  ( 0.8232861172484648993, 37.52274279518023548, 58.77084347987265289 ) ) ;
#4849 = CARTESIAN_POINT ( 'NONE',  ( 0.000000000000000000, -8.823511411159953965, 555.1857276250582345 ) ) ;
#4850 = CARTESIAN_POINT ( 'NONE',  ( 5.209907147245963266, 42.57566702752463783, 245.5167985790459682 ) ) ;
#4851 = EDGE_CURVE ( 'NONE', #8222, #406, #7639, .T. ) ;
#4852 = CARTESIAN_POINT ( 'NONE',  ( 0.000000000000000000, 45.77999709477325752, 130.5726553802304295 ) ) ;
#4853 = CARTESIAN_POINT ( 'NONE',  ( 150.0000000000000568, 14.41729715668834189, 243.9122022442739706 ) ) ;
#4854 = CARTESIAN_POINT ( 'NONE',  ( -24.98650344971703063, 20.41701321973343752, 392.2860190571735757 ) ) ;
#4855 = CARTESIAN_POINT ( 'NONE',  ( 22.54621404752073488, 42.81341387934571685, 255.0493119178971995 ) ) ;
#4856 = CARTESIAN_POINT ( 'NONE',  ( -6.468443085688534211, 33.37209829668125849, 346.3034461972041527 ) ) ;
#4857 = CARTESIAN_POINT ( 'NONE',  ( -2.193146094589796480, -8.722081592724736154, 555.0729705871741544 ) ) ;
#4858 = ADVANCED_FACE ( 'NONE', ( #8357 ), #4668, .F. ) ;
#4859 = PLANE ( 'NONE',  #8404 ) ;
#4860 = CARTESIAN_POINT ( 'NONE',  ( -47.83100515462251678, 23.38040146959893661, 320.9864435640880060 ) ) ;
#4861 = CARTESIAN_POINT ( 'NONE',  ( -0.1790196783828637006, 24.12642932154827591, 406.3033261604415429 ) ) ;
#4862 = CARTESIAN_POINT ( 'NONE',  ( 0.7189473899350200536, 36.13778855475680274, 325.7440103762583021 ) ) ;
#4863 = CARTESIAN_POINT ( 'NONE',  ( -150.0000000000000284, -1.592874936842195055, 207.1259537470125736 ) ) ;
#4864 = LINE ( 'NONE', #1558, #6885 ) ;
#4865 = ORIENTED_EDGE ( 'NONE', *, *, #7305, .T. ) ;
#4866 = EDGE_LOOP ( 'NONE', ( #4459, #3371, #8739, #55 ) ) ;
#4867 = CARTESIAN_POINT ( 'NONE',  ( 19.23958081385339014, 44.36215661290071921, 164.4211870057072531 ) ) ;
#4868 = VECTOR ( 'NONE', #1990, 1000.000000000000114 ) ;
#4869 = CARTESIAN_POINT ( 'NONE',  ( -0.1293697170081575254, 34.68856950769133363, 337.6686606080567117 ) ) ;
#4870 = CARTESIAN_POINT ( 'NONE',  ( 19.19333969391575323, 27.12954693266385320, 371.0867712626789512 ) ) ;
#4871 = CARTESIAN_POINT ( 'NONE',  ( -21.10113893770186877, 37.11368026769404338, 292.0536139644014497 ) ) ;
#4872 = CARTESIAN_POINT ( 'NONE',  ( 1.105266522994909462, 36.94985051018652911, 318.6057920761704167 ) ) ;
#4873 = FACE_OUTER_BOUND ( 'NONE', #2507, .T. ) ;
#4874 = VECTOR ( 'NONE', #2429, 1000.000000000000000 ) ;
#4875 = CARTESIAN_POINT ( 'NONE',  ( 45.35229739929852144, 33.04414197827670563, 266.6921220298418689 ) ) ;
#4876 = CARTESIAN_POINT ( 'NONE',  ( 86.04165046946579309, -0.9836248390333799385, 62.57548133218611497 ) ) ;
#4877 = CARTESIAN_POINT ( 'NONE',  ( -149.9999999999995168, -1.113709569569687474, 417.4376239672698148 ) ) ;
#4878 = CARTESIAN_POINT ( 'NONE',  ( -30.32796318622759557, 23.67885003949015044, 365.3595846661941096 ) ) ;
#4879 = CARTESIAN_POINT ( 'NONE',  ( 0.3206274698471616724, 35.53272109372485232, 330.8462621547745357 ) ) ;
#4880 = ORIENTED_EDGE ( 'NONE', *, *, #1541, .T. ) ;
#4881 = AXIS2_PLACEMENT_3D ( 'NONE', #7011, #2738, #2876 ) ;
#4882 = CARTESIAN_POINT ( 'NONE',  ( -1.859079251790332510, 37.39029495210967013, 314.5006276464094412 ) ) ;
#4883 = CARTESIAN_POINT ( 'NONE',  ( 0.1403669079478835624, 37.51858425053359980, 313.4203937965137925 ) ) ;
#4884 = CARTESIAN_POINT ( 'NONE',  ( 8.248188311713404275, 21.89481178344741963, 412.8571907975976956 ) ) ;
#4885 = LINE ( 'NONE', #6321, #8661 ) ;
#4886 = CARTESIAN_POINT ( 'NONE',  ( -1.932786664391729747, 42.83150726859630453, 244.6125327362995847 ) ) ;
#4887 = AXIS2_PLACEMENT_3D ( 'NONE', #811, #6446, #4551 ) ;
#4888 = CARTESIAN_POINT ( 'NONE',  ( 37.43434600815625402, 3.497723437920143397, 446.0507749091595429 ) ) ;
#4889 = CARTESIAN_POINT ( 'NONE',  ( -0.9510654338689736864, -5.798701977451038658, -56.53318865688525818 ) ) ;
#4890 = CARTESIAN_POINT ( 'NONE',  ( -8.301380403617626413, 41.82965592033205127, 255.0493124271893635 ) ) ;
#4891 = CARTESIAN_POINT ( 'NONE',  ( 33.68030689712237802, 29.72621965042349146, 316.5220971154125778 ) ) ;
#4892 = CARTESIAN_POINT ( 'NONE',  ( -6.504696906704070081, 41.49733519050079167, 263.4230666115911959 ) ) ;
#4893 = CARTESIAN_POINT ( 'NONE',  ( -2.020103609511816778, 47.45192383060642527, 205.2836370420775722 ) ) ;
#4894 = CARTESIAN_POINT ( 'NONE',  ( -2.562172481296778770, -9.718372356699223502, 557.8072730852924224 ) ) ;
#4895 = CARTESIAN_POINT ( 'NONE',  ( 36.04980481236214018, 33.11676405210776153, 270.4710914715573153 ) ) ;
#4896 = CARTESIAN_POINT ( 'NONE',  ( 2.613339197210340359, 43.38578146962264270, 105.1797038346670092 ) ) ;
#4897 = CARTESIAN_POINT ( 'NONE',  ( -10.24806767203980762, 23.47944510489982761, 402.6043373784242476 ) ) ;
#4898 = CARTESIAN_POINT ( 'NONE',  ( 2.076782819391097323, 45.66962579528814103, 255.0493126497360095 ) ) ;
#4899 = CARTESIAN_POINT ( 'NONE',  ( -40.73790662478028679, 22.67432860228998948, 344.3803557653831149 ) ) ;
#4900 = CARTESIAN_POINT ( 'NONE',  ( 59.71558549167485808, -8.266634582424307709, 438.4425714590527150 ) ) ;
#4901 = EDGE_CURVE ( 'NONE', #2091, #3054, #3722, .T. ) ;
#4902 = DIRECTION ( 'NONE',  ( 0.000000000000000000, 1.000000000000000000, 0.000000000000000000 ) ) ;
#4903 = CARTESIAN_POINT ( 'NONE',  ( 0.2563894880802195519, 36.60776758726441216, 321.7003178556114449 ) ) ;
#4904 = CARTESIAN_POINT ( 'NONE',  ( 1.820853967747735336, 21.42051189418823753, 419.9994425737160100 ) ) ;
#4905 = CARTESIAN_POINT ( 'NONE',  ( 14.91283589596542747, 34.65256084631072753, 328.9591821281835564 ) ) ;
#4906 = CARTESIAN_POINT ( 'NONE',  ( 1.913171683458406047, -24.72062763175912892, -76.21716178040844625 ) ) ;
#4907 = DIRECTION ( 'NONE',  ( 1.000000000000000000, 0.000000000000000000, 0.000000000000000000 ) ) ;
#4908 = EDGE_CURVE ( 'NONE', #7876, #5938, #7133, .T. ) ;
#4909 =( NAMED_UNIT ( * ) SI_UNIT ( $, .STERADIAN. ) SOLID_ANGLE_UNIT ( ) );
#4910 = ORIENTED_EDGE ( 'NONE', *, *, #1423, .F. ) ;
#4911 = ORIENTED_EDGE ( 'NONE', *, *, #2921, .F. ) ;
#4912 = CARTESIAN_POINT ( 'NONE',  ( 2.020103609511816778, 47.45192383060642527, 205.2836370420775722 ) ) ;
#4913 = EDGE_CURVE ( 'NONE', #4502, #2741, #4577, .T. ) ;
#4914 = CARTESIAN_POINT ( 'NONE',  ( -25.54571566278228900, 30.95457751351748854, 334.6381317721403548 ) ) ;
#4915 = CARTESIAN_POINT ( 'NONE',  ( 6.415402831604529510, 30.04730802129786582, 368.8817046449688632 ) ) ;
#4916 = B_SPLINE_CURVE_WITH_KNOTS ( 'NONE', 3,
 ( #3084, #2318, #4486, #5712, #7805, #7931, #7846, #7218, #7263, #1044, #3632, #6383, #7763, #1599 ),
 .UNSPECIFIED., .F., .F.,
 ( 4, 2, 2, 2, 2, 2, 4 ),
 ( -5.999999998791476677E-08, 0.001024795553129759446, 0.002049651106259506826, 0.002562078882824379757, 0.003074506659389253556, 0.003586934435954126487, 0.004099362212519000286 ),
 .UNSPECIFIED. ) ;
#4917 = CARTESIAN_POINT ( 'NONE',  ( -3.415395272261071646, 40.56861002673754513, 280.0228286433846279 ) ) ;
#4918 = CARTESIAN_POINT ( 'NONE',  ( 42.93583748563441560, 25.33008342528297163, 318.9348007653648551 ) ) ;
#4919 = CARTESIAN_POINT ( 'NONE',  ( -3.066662445442833729, 43.40477166021896949, 279.3396071913394394 ) ) ;
#4920 = CARTESIAN_POINT ( 'NONE',  ( 30.18941783152123648, 40.27010191830007813, 255.6965442649676277 ) ) ;
#4921 = CARTESIAN_POINT ( 'NONE',  ( 3.289006796241746411, 7.681208134219242645, -36.06530541306337057 ) ) ;
#4922 = CARTESIAN_POINT ( 'NONE',  ( -2.554997525492479937, -7.414538782993829180, 550.3635908939758110 ) ) ;
#4923 = CARTESIAN_POINT ( 'NONE',  ( -31.92976321765375047, 23.07043113913695365, 364.5398344472710619 ) ) ;
#4924 = CARTESIAN_POINT ( 'NONE',  ( 5.200574811384425011, 33.42478529889862671, 346.4799451902734404 ) ) ;
#4925 = ORIENTED_EDGE ( 'NONE', *, *, #970, .F. ) ;
#4926 = CARTESIAN_POINT ( 'NONE',  ( -35.45310429217512649, 29.00616536400199763, 315.8127216831112491 ) ) ;
#4927 = CARTESIAN_POINT ( 'NONE',  ( 33.76425625444342415, 30.56995655343257212, 308.6787864197513613 ) ) ;
#4928 = FACE_OUTER_BOUND ( 'NONE', #6386, .T. ) ;
#4929 = DIRECTION ( 'NONE',  ( 1.000000000000000000, 0.000000000000000000, 0.000000000000000000 ) ) ;
#4930 = CARTESIAN_POINT ( 'NONE',  ( -35.68184258407478637, 34.27231403878702309, 255.9538952955187199 ) ) ;
#4931 = CARTESIAN_POINT ( 'NONE',  ( 7.192754217908762904, -10.02745025890519770, 556.6295491338239572 ) ) ;
#4932 = CARTESIAN_POINT ( 'NONE',  ( 0.000000000000000000, 24.65191137066539895, 4.845070576238386550 ) ) ;
#4933 = CARTESIAN_POINT ( 'NONE',  ( -34.63776543775227879, 34.64702725585595289, 257.2189136324500396 ) ) ;
#4934 = CARTESIAN_POINT ( 'NONE',  ( 30.40738172470365086, 31.21689309876250107, 316.4012726911527693 ) ) ;
#4935 = CARTESIAN_POINT ( 'NONE',  ( -2.711080505810948615, 41.78402653207212580, 262.4778187876393645 ) ) ;
#4936 = CARTESIAN_POINT ( 'NONE',  ( -149.9999999999997442, 16.89020687609928828, 297.3968004075345561 ) ) ;
#4937 = CARTESIAN_POINT ( 'NONE',  ( -2.948264119680360729, 45.14052308009878089, 263.1546378118400753 ) ) ;
#4938 = CARTESIAN_POINT ( 'NONE',  ( 13.81126526855386594, 40.58687858483360600, 265.6406179594508785 ) ) ;
#4939 = CARTESIAN_POINT ( 'NONE',  ( 59.97550560955480847, 34.43158503966466810, 201.9292928342558184 ) ) ;
#4940 = CARTESIAN_POINT ( 'NONE',  ( -7.242739913601105251, 22.45139842822625553, 411.1789427062126379 ) ) ;
#4941 = DIRECTION ( 'NONE',  ( -0.0003926616677033228486, 0.07497872104609634714, -0.9971850566505228164 ) ) ;
#4942 = CARTESIAN_POINT ( 'NONE',  ( -37.10924142441493245, 24.16905510177880956, 345.3619978734180336 ) ) ;
#4943 = CARTESIAN_POINT ( 'NONE',  ( 0.000000000000000000, -4.664387618694376236, 541.5776915351184471 ) ) ;
#4944 = CARTESIAN_POINT ( 'NONE',  ( -0.000000000000000000, -8.574914396861032628, -59.59239050809556204 ) ) ;
#4945 = CARTESIAN_POINT ( 'NONE',  ( -32.01124369644031731, 29.95477868227198570, 321.2430853164769360 ) ) ;
#4946 = CARTESIAN_POINT ( 'NONE',  ( 24.79788898693776389, 19.09057077330011154, 398.2779099370834501 ) ) ;
#4947 = CARTESIAN_POINT ( 'NONE',  ( 8.055258864387738527, 35.42691273505710114, 329.4013150534893839 ) ) ;
#4948 = CARTESIAN_POINT ( 'NONE',  ( 2.817357777913640060, 8.097330774758388472, -35.80875540050892170 ) ) ;
#4949 = CARTESIAN_POINT ( 'NONE',  ( 0.000000000000000000, 0.000000000000000000, 0.000000000000000000 ) ) ;
#4950 = ORIENTED_EDGE ( 'NONE', *, *, #4466, .T. ) ;
#4951 =( GEOMETRIC_REPRESENTATION_CONTEXT ( 3 ) GLOBAL_UNCERTAINTY_ASSIGNED_CONTEXT ( ( #1987 ) ) GLOBAL_UNIT_ASSIGNED_CONTEXT ( ( #1517, #2192, #7094 ) ) REPRESENTATION_CONTEXT ( 'NONE', 'WORKASPACE' ) );
#4952 = ORIENTED_EDGE ( 'NONE', *, *, #5271, .F. ) ;
#4953 = CARTESIAN_POINT ( 'NONE',  ( 6.814411576723173880, 46.50797352682411656, 230.8815100217026668 ) ) ;
#4954 = CARTESIAN_POINT ( 'NONE',  ( -30.35216315913274343, 29.04923739187179521, 333.8535023666175903 ) ) ;
#4955 = CARTESIAN_POINT ( 'NONE',  ( 17.32795157889490412, 26.32170978150383789, 378.6572596287865622 ) ) ;
#4956 = CARTESIAN_POINT ( 'NONE',  ( -7.793981044862552388, 40.85976264080158415, 272.3969498907384263 ) ) ;
#4957 = CARTESIAN_POINT ( 'NONE',  ( 1.105044868207559539, 36.83514367126903721, 319.6330325098024332 ) ) ;
#4958 = CARTESIAN_POINT ( 'NONE',  ( 24.54877487504606748, 38.66041352850114521, 255.0493118463000997 ) ) ;
#4959 = EDGE_CURVE ( 'NONE', #3818, #7079, #4916, .T. ) ;
#4960 = CARTESIAN_POINT ( 'NONE',  ( 3.066662445442833729, 44.13217983762384478, 269.0809861770245561 ) ) ;
#4961 = CARTESIAN_POINT ( 'NONE',  ( -2.828850581790790741, 5.001803398302538284, -41.24894196002799873 ) ) ;
#4962 = CARTESIAN_POINT ( 'NONE',  ( -2.401812407620467660, 6.569449054318622139, 500.9803719639622841 ) ) ;
#4963 = CARTESIAN_POINT ( 'NONE',  ( -45.17523486574773273, 17.40637983739215855, 363.9333054677224482 ) ) ;
#4964 = CARTESIAN_POINT ( 'NONE',  ( 32.26800899082744678, 28.10835362347127386, 334.6543076916647692 ) ) ;
#4965 = ORIENTED_EDGE ( 'NONE', *, *, #1026, .T. ) ;
#4966 = ADVANCED_FACE ( 'NONE', ( #1682 ), #244, .F. ) ;
#4967 = CARTESIAN_POINT ( 'NONE',  ( -10.60926251151742505, 36.91653260220520849, 314.7422220554054775 ) ) ;
#4968 = AXIS2_PLACEMENT_3D ( 'NONE', #4665, #7397, #3990 ) ;
#4969 = CARTESIAN_POINT ( 'NONE',  ( 0.1376944040679803083, 38.40711397728957621, 305.1039188671202851 ) ) ;
#4970 = CARTESIAN_POINT ( 'NONE',  ( 30.41791799563090848, 33.12035766302754780, 331.4493103031246619 ) ) ;
#4971 = CARTESIAN_POINT ( 'NONE',  ( -1.998957709067112593E-05, 45.40164323944861025, 260.7912700583412970 ) ) ;
#4972 = CARTESIAN_POINT ( 'NONE',  ( -43.75445932639104285, 25.75585501620750151, 334.4493103031246051 ) ) ;
#4973 = CARTESIAN_POINT ( 'NONE',  ( -0.7257656490961721385, -4.623702357734425838, 541.5260409447616894 ) ) ;
#4974 = CARTESIAN_POINT ( 'NONE',  ( 0.000000000000000000, 28.21750440619399214, 17.07389157737171459 ) ) ;
#4975 = CARTESIAN_POINT ( 'NONE',  ( -11.18479138873143874, 21.29099074485751686, 411.9926467979530003 ) ) ;
#4976 = CARTESIAN_POINT ( 'NONE',  ( -1.901613701350187036, 41.82757994458635409, 262.3170731420317452 ) ) ;
#4977 = CARTESIAN_POINT ( 'NONE',  ( -44.49566077598581870, 36.56622561671095895, 287.9162384457418966 ) ) ;
#4978 = CARTESIAN_POINT ( 'NONE',  ( -25.03827203090105868, 31.61797655454644840, 331.4493103031246619 ) ) ;
#4979 = CARTESIAN_POINT ( 'NONE',  ( -0.3468182327295979417, 41.36551339397339433, 270.7603846842433200 ) ) ;
#4980 = CARTESIAN_POINT ( 'NONE',  ( 43.14658061911373466, 35.50342271598734101, 304.1660564602935892 ) ) ;
#4981 = CARTESIAN_POINT ( 'NONE',  ( -15.14275974212803533, 24.10297196943685805, 393.0033171092612179 ) ) ;
#4982 = CARTESIAN_POINT ( 'NONE',  ( 43.52233680794059723, 25.94178337598832584, 341.1922521079177386 ) ) ;
#4983 = CARTESIAN_POINT ( 'NONE',  ( -10.05266714526648286, 34.16948832299511452, 338.1488540577441881 ) ) ;
#4984 = CARTESIAN_POINT ( 'NONE',  ( 0.000000000000000000, 18.81336334461916948, 425.6312990209411282 ) ) ;
#4985 = CARTESIAN_POINT ( 'NONE',  ( -86.34215386717033880, -3.295932708773868125, 58.85122590806797405 ) ) ;
#4986 = CARTESIAN_POINT ( 'NONE',  ( -33.66771859005367418, 29.00952008249501191, 322.7572992744034650 ) ) ;
#4987 = CARTESIAN_POINT ( 'NONE',  ( 1.045210333216489706, 22.79746870046124130, 413.1711508345658785 ) ) ;
#4988 = CARTESIAN_POINT ( 'NONE',  ( -0.4613807731311551641, 35.66331375953696892, 329.8303328955214511 ) ) ;
#4989 = CARTESIAN_POINT ( 'NONE',  ( -0.000000000000000000, -2.015148108693687767, -51.69602975127715183 ) ) ;
#4990 = CARTESIAN_POINT ( 'NONE',  ( -8.487605466593290678E-15, 185.3346068197644740, 318.3147629942844219 ) ) ;
#4991 = CARTESIAN_POINT ( 'NONE',  ( 1.619912141453269783, 41.88277927380740095, 261.6167897708963892 ) ) ;
#4992 = ORIENTED_EDGE ( 'NONE', *, *, #7472, .T. ) ;
#4993 = ORIENTED_EDGE ( 'NONE', *, *, #3118, .F. ) ;
#4994 = AXIS2_PLACEMENT_3D ( 'NONE', #6906, #2568, #5325 ) ;
#4995 = CARTESIAN_POINT ( 'NONE',  ( 7.301291994692240550, 46.93704426116289596, 207.1250189900836745 ) ) ;
#4996 = CARTESIAN_POINT ( 'NONE',  ( -16.92821582292623361, 33.38722256778832786, 335.9457982495079023 ) ) ;
#4997 = CARTESIAN_POINT ( 'NONE',  ( 5.177227128628118180, 27.72890246973840433, 383.8113128198182835 ) ) ;
#4998 = CARTESIAN_POINT ( 'NONE',  ( 4.747962126418216577, 36.80899131015121384, 319.1280925242509738 ) ) ;
#4999 = DIRECTION ( 'NONE',  ( -0.000000000000000000, -0.000000000000000000, -1.000000000000000000 ) ) ;
#5000 = CARTESIAN_POINT ( 'NONE',  ( -0.000000000000000000, 43.55178633070548244, 282.0175698984743917 ) ) ;
#5001 = CARTESIAN_POINT ( 'NONE',  ( 48.99580762856480476, 30.76815887518153048, 278.6314224517525986 ) ) ;
#5002 = CARTESIAN_POINT ( 'NONE',  ( 28.53909880752624773, -10.68040278824253164, -41.02084576645206937 ) ) ;
#5003 = CARTESIAN_POINT ( 'NONE',  ( 0.7317949095089628653, -9.968616617790203804, 558.9098446958789737 ) ) ;
#5004 = CARTESIAN_POINT ( 'NONE',  ( -11.79340207356981018, 28.39799747523395723, 374.2933606528142718 ) ) ;
#5005 = CARTESIAN_POINT ( 'NONE',  ( 1.046366438129278986, 33.48908060265894449, 346.9714308579416411 ) ) ;
#5006 = ORIENTED_EDGE ( 'NONE', *, *, #1138, .T. ) ;
#5007 = EDGE_CURVE ( 'NONE', #2126, #5494, #7093, .T. ) ;
#5008 = CARTESIAN_POINT ( 'NONE',  ( -3.335819911338074650, 37.46806273804363485, 313.5129512729001817 ) ) ;
#5009 = AXIS2_PLACEMENT_3D ( 'NONE', #4731, #6169, #6747 ) ;
#5010 = CARTESIAN_POINT ( 'NONE',  ( 2.612731037275035639, 38.36471892637779746, 305.2660889789474936 ) ) ;
#5011 = CARTESIAN_POINT ( 'NONE',  ( 24.54683883856764126, 17.89243669094708267, 403.6074375272836505 ) ) ;
#5012 = DIRECTION ( 'NONE',  ( 0.000000000000000000, -0.8496610965297365370, -0.5273291391947594331 ) ) ;
#5013 = CARTESIAN_POINT ( 'NONE',  ( -27.30527813734177656, 38.09904799023706801, 248.4431835183588362 ) ) ;
#5014 = CARTESIAN_POINT ( 'NONE',  ( -5.833484303085390010, 40.92873967100756971, 312.9953586469236484 ) ) ;
#5015 = CARTESIAN_POINT ( 'NONE',  ( 7.162406742956792804, -5.196939195804247902, 540.7780944250159791 ) ) ;
#5016 = ADVANCED_FACE ( 'NONE', ( #3000 ), #5755, .F. ) ;
#5017 = AXIS2_PLACEMENT_3D ( 'NONE', #6573, #397, #2425 ) ;
#5018 = CARTESIAN_POINT ( 'NONE',  ( 3.238742170394931286, 15.77724942527549956, -19.15744003631981229 ) ) ;
#5019 = CARTESIAN_POINT ( 'NONE',  ( -47.83349706556717251, 23.69412889156071600, 318.2807444483995027 ) ) ;
#5020 = CARTESIAN_POINT ( 'NONE',  ( 1.083397896708238717, 47.10800371953739329, 228.9848588130912788 ) ) ;
#5021 = CARTESIAN_POINT ( 'NONE',  ( -3.958208582359953986, 35.41051481820700531, 331.4493103031246051 ) ) ;
#5022 = VECTOR ( 'NONE', #575, 1000.000000000000000 ) ;
#5023 = ORIENTED_EDGE ( 'NONE', *, *, #7202, .T. ) ;
#5024 = CARTESIAN_POINT ( 'NONE',  ( 30.61485153275662796, 35.21924047683040726, 273.9185936910182591 ) ) ;
#5025 = CARTESIAN_POINT ( 'NONE',  ( 13.89565711704575790, 43.38650797797856740, 278.5011269604131598 ) ) ;
#5026 = CARTESIAN_POINT ( 'NONE',  ( 0.3642531983009714702, 26.63505952734634974, 392.0997844123864411 ) ) ;
#5027 = CARTESIAN_POINT ( 'NONE',  ( -1.008678122121682470E-08, 26.16404423486584818, 413.8493118439171781 ) ) ;
#5028 = CARTESIAN_POINT ( 'NONE',  ( -30.71813164950109609, 28.78312226255786044, 334.9237662984052122 ) ) ;
#5029 = CARTESIAN_POINT ( 'NONE',  ( 1.999796478214916858E-05, 43.83341294694806578, 282.5824861442569045 ) ) ;
#5030 = CARTESIAN_POINT ( 'NONE',  ( 0.9489435702740910417, -1.972889249273659606, -51.67460940504316369 ) ) ;
#5031 = CARTESIAN_POINT ( 'NONE',  ( -16.99526433945303339, 35.45104437676463505, 319.1705733938972003 ) ) ;
#5032 = CARTESIAN_POINT ( 'NONE',  ( 1.445472008753615922, 21.43581397791122356, 420.0631626997926560 ) ) ;
#5033 = CARTESIAN_POINT ( 'NONE',  ( 0.5225218826414493867, 35.18330196708837576, 333.7465165944236105 ) ) ;
#5034 = CARTESIAN_POINT ( 'NONE',  ( 2.774301182607950889, 16.29813119291236490, -18.81720599228084723 ) ) ;
#5035 = CARTESIAN_POINT ( 'NONE',  ( 0.003294345898725401563, 37.16042184082672861, 328.4493103031245482 ) ) ;
#5036 = DIRECTION ( 'NONE',  ( 0.000000000000000000, -0.9971851335251159520, -0.07497872682632604480 ) ) ;
#5037 = ORIENTED_EDGE ( 'NONE', *, *, #4406, .F. ) ;
#5038 = ORIENTED_EDGE ( 'NONE', *, *, #7689, .T. ) ;
#5039 = CARTESIAN_POINT ( 'NONE',  ( 12.86356880811151981, 31.41958604971774349, 377.2397787413708556 ) ) ;
#5040 = CARTESIAN_POINT ( 'NONE',  ( -4.744973536384568646, 35.59833206991753940, 329.5831792123632340 ) ) ;
#5041 = CARTESIAN_POINT ( 'NONE',  ( -0.3642531983009714702, 26.63505952734634974, 392.0997844123864411 ) ) ;
#5042 = CARTESIAN_POINT ( 'NONE',  ( 42.93523035190101922, 25.28916989954034023, 319.2902641468619436 ) ) ;
#5043 = CARTESIAN_POINT ( 'NONE',  ( -44.79208460059816588, 23.12775989327775505, 331.4493103031248324 ) ) ;
#5044 = CARTESIAN_POINT ( 'NONE',  ( 0.000000000000000000, 18.81336334461916948, 425.6312990209411282 ) ) ;
#5045 = FACE_OUTER_BOUND ( 'NONE', #5091, .T. ) ;
#5046 = CARTESIAN_POINT ( 'NONE',  ( -0.9462317272739826368, 1.580906215184355590, -46.59094046645357423 ) ) ;
#5047 = CARTESIAN_POINT ( 'NONE',  ( -59.97261899444817601, -10.31809425623221443, 446.5905760905740181 ) ) ;
#5048 = CARTESIAN_POINT ( 'NONE',  ( 0.4298313920803267796, 29.01419803116523966, 377.5148159217789612 ) ) ;
#5049 = CARTESIAN_POINT ( 'NONE',  ( 12.24372858409486575, 33.94320766699533465, 337.8807737277412571 ) ) ;
#5050 = AXIS2_PLACEMENT_3D ( 'NONE', #1495, #5012, #771 ) ;
#5051 = ORIENTED_EDGE ( 'NONE', *, *, #5892, .T. ) ;
#5052 = CARTESIAN_POINT ( 'NONE',  ( -8.071498920122003540, 37.21757071502157288, 313.6691071824129153 ) ) ;
#5053 = CARTESIAN_POINT ( 'NONE',  ( 38.99398609764327261, 27.47450367664241355, 315.2246723084101063 ) ) ;
#5054 = CARTESIAN_POINT ( 'NONE',  ( 19.30523157464331163, 19.28667602356719257, 407.9386677969943094 ) ) ;
#5055 = DIRECTION ( 'NONE',  ( 0.000000000000000000, 0.1897509006088693440, -0.9818322645534331983 ) ) ;
#5056 = CARTESIAN_POINT ( 'NONE',  ( -13.31731313304985065, 38.32335583300963577, 331.1613580124958389 ) ) ;
#5057 = CARTESIAN_POINT ( 'NONE',  ( 7.182069076493386106, -7.765377059782173852, 549.2849336186909568 ) ) ;
#5058 = CARTESIAN_POINT ( 'NONE',  ( -33.67200293087433494, 29.55159943968341096, 318.0889165755255590 ) ) ;
#5059 = CARTESIAN_POINT ( 'NONE',  ( 1.423592574024759250, 42.54900955428178833, 298.0807919074272831 ) ) ;
#5060 = CARTESIAN_POINT ( 'NONE',  ( 0.000000000000000000, 26.98594725174494258, 409.4698293939695191 ) ) ;
#5061 = CARTESIAN_POINT ( 'NONE',  ( 22.51907005403548823, 38.94724582838303917, 261.4301376373745143 ) ) ;
#5062 = B_SPLINE_CURVE_WITH_KNOTS ( 'NONE', 3,
 ( #7764, #876, #8400, #6510, #3595, #4445, #2877, #8442, #6343, #918, #161, #2234, #4991, #3676, #7723, #245 ),
 .UNSPECIFIED., .F., .F.,
 ( 4, 2, 2, 2, 2, 2, 2, 4 ),
 ( 1.693999886994382596E-16, 0.0005083940010487874792, 0.001016788002097405606, 0.001525182003146023516, 0.002033576004194642076, 0.002541970005243260420, 0.003050364006291877896, 0.004067152008389115017 ),
 .UNSPECIFIED. ) ;
#5063 = EDGE_CURVE ( 'NONE', #1972, #3345, #4444, .T. ) ;
#5064 = CARTESIAN_POINT ( 'NONE',  ( -0.9419369969250757091, 41.02800531393226180, 312.7688498949498808 ) ) ;
#5065 = CARTESIAN_POINT ( 'NONE',  ( -8.427799783827259361, 24.98440086053262377, 396.7302692276758194 ) ) ;
#5066 = CARTESIAN_POINT ( 'NONE',  ( 5.444883378412449737, 185.3346068197644740, 318.3147629942844219 ) ) ;
#5067 = CARTESIAN_POINT ( 'NONE',  ( -21.48972883786596455, 32.16029275857154346, 336.5349634916184414 ) ) ;
#5068 = CARTESIAN_POINT ( 'NONE',  ( 0.4768778034924910925, 43.82595176198699960, 282.5822828858514981 ) ) ;
#5069 = CARTESIAN_POINT ( 'NONE',  ( 0.9510654338689736864, -5.798701977451038658, -56.53318865688525818 ) ) ;
#5070 = CARTESIAN_POINT ( 'NONE',  ( -0.5289212991211711401, 36.89581497518373965, 319.1184641410953873 ) ) ;
#5071 = B_SPLINE_CURVE_WITH_KNOTS ( 'NONE', 3,
 ( #4182, #6921, #7539, #4133, #6873, #5108, #2269, #2351 ),
 .UNSPECIFIED., .F., .F.,
 ( 4, 2, 2, 4 ),
 ( 5.763878168445254235E-17, 0.02957606758863285529, 0.04436410138294916844, 0.05915213517726548853 ),
 .UNSPECIFIED. ) ;
#5072 = CARTESIAN_POINT ( 'NONE',  ( 1.433485135060372340, 22.78504999724551894, 413.1132707512498428 ) ) ;
#5073 = CARTESIAN_POINT ( 'NONE',  ( 4.744973536384543777, 35.59833206991754651, 329.5831792123632340 ) ) ;
#5074 = CARTESIAN_POINT ( 'NONE',  ( -27.28012801745004268, 17.82243023528065962, 9.515898732818438788 ) ) ;
#5075 = CARTESIAN_POINT ( 'NONE',  ( 4.158106844307481786, 42.15336779586922233, 255.0493125753228298 ) ) ;
#5076 = PLANE ( 'NONE',  #7936 ) ;
#5077 = ORIENTED_EDGE ( 'NONE', *, *, #4072, .T. ) ;
#5078 = ORIENTED_EDGE ( 'NONE', *, *, #6108, .T. ) ;
#5079 = CARTESIAN_POINT ( 'NONE',  ( 50.11171787444065728, 9.594334424904452874, 362.2731057270540305 ) ) ;
#5080 = CARTESIAN_POINT ( 'NONE',  ( -12.83301105733498026, 34.52433877165218945, 332.8139779555940549 ) ) ;
#5081 = CARTESIAN_POINT ( 'NONE',  ( 40.68679240127953989, 18.74469346707640227, 365.7239276562191321 ) ) ;
#5082 = CARTESIAN_POINT ( 'NONE',  ( 3.332529618816529204, 36.85563181408799949, 319.1246142448335945 ) ) ;
#5083 = CARTESIAN_POINT ( 'NONE',  ( -2.707225863512678909, 43.92368378192843892, 280.6665531362260708 ) ) ;
#5084 = AXIS2_PLACEMENT_3D ( 'NONE', #5640, #5128, #4411 ) ;
#5085 = CARTESIAN_POINT ( 'NONE',  ( 0.000000000000000000, 38.16041641445455923, 334.4493103031246051 ) ) ;
#5086 = CARTESIAN_POINT ( 'NONE',  ( 0.4666624454430700064, 43.22798668596865213, 282.5339774583893018 ) ) ;
#5087 = CARTESIAN_POINT ( 'NONE',  ( 3.147860296435570415, 24.32371408104542709, 4.633680387658797528 ) ) ;
#5088 = CARTESIAN_POINT ( 'NONE',  ( 1.463168471159988160, -9.541087452738985064, 557.6191052689168828 ) ) ;
#5089 = CARTESIAN_POINT ( 'NONE',  ( -6.415402831604529510, 30.04730802129786582, 368.8817046449688632 ) ) ;
#5090 = CARTESIAN_POINT ( 'NONE',  ( 13.28614847142689470, 33.81161149915395470, 337.7463616523502878 ) ) ;
#5091 = EDGE_LOOP ( 'NONE', ( #3704, #6841, #8147, #334 ) ) ;
#5092 = AXIS2_PLACEMENT_3D ( 'NONE', #2008, #6200, #1956 ) ;
#5093 = CARTESIAN_POINT ( 'NONE',  ( 14.93708470877757044, 36.17002151926966746, 315.8446189955796513 ) ) ;
#5094 = CARTESIAN_POINT ( 'NONE',  ( -20.68960295614460065, 35.85340449494260184, 306.9512986227095439 ) ) ;
#5095 = CARTESIAN_POINT ( 'NONE',  ( 7.436153655783870775, 37.26668268142350371, 313.6467106639469762 ) ) ;
#5096 = DIRECTION ( 'NONE',  ( 0.000000000000000000, 0.000000000000000000, -1.000000000000000000 ) ) ;
#5097 = FACE_OUTER_BOUND ( 'NONE', #2374, .T. ) ;
#5098 = CARTESIAN_POINT ( 'NONE',  ( -2.823137704582062923, 43.11679072383503808, 235.7913979581819319 ) ) ;
#5099 = CARTESIAN_POINT ( 'NONE',  ( -46.58558245345534488, 37.13275647413672687, 271.3152778191255265 ) ) ;
#5100 = CARTESIAN_POINT ( 'NONE',  ( 9.824827521419905452, -2.593892997156575397, 521.6966707247395334 ) ) ;
#5101 = VECTOR ( 'NONE', #780, 1000.000000000000000 ) ;
#5102 = CARTESIAN_POINT ( 'NONE',  ( -5.437507053938043455, 37.00264086852027390, 317.1171191963404681 ) ) ;
#5103 = CARTESIAN_POINT ( 'NONE',  ( -42.60652105880237173, 30.35201058883452419, 345.2738653162223272 ) ) ;
#5104 = CARTESIAN_POINT ( 'NONE',  ( -2.983404483480919023, 44.50969247127538608, 263.2757507766880281 ) ) ;
#5105 = CARTESIAN_POINT ( 'NONE',  ( 7.678996275988093423, 40.26289501118156267, 280.8474527544140074 ) ) ;
#5106 = CARTESIAN_POINT ( 'NONE',  ( -1.024170345567492202, 46.00818778601377090, 252.5475023864288744 ) ) ;
#5107 = CARTESIAN_POINT ( 'NONE',  ( -1.787242475681019460, 25.34080875892981055, 398.9062613567242011 ) ) ;
#5108 = CARTESIAN_POINT ( 'NONE',  ( 43.44725204242224237, 22.20490192500570359, 341.1764560742331014 ) ) ;
#5109 = CARTESIAN_POINT ( 'NONE',  ( -8.904633119336205382, 34.26410948996861805, 338.2825017510094199 ) ) ;
#5110 = CARTESIAN_POINT ( 'NONE',  ( 149.9999999999998579, -5.139754097654222420, 439.4216061485305431 ) ) ;
#5111 = EDGE_CURVE ( 'NONE', #794, #8443, #6779, .T. ) ;
#5112 = CARTESIAN_POINT ( 'NONE',  ( 2.856219491863008830, -8.493023692875212305, -59.56494007984454697 ) ) ;
#5113 = CARTESIAN_POINT ( 'NONE',  ( -24.00040832503047028, 33.49624125955399734, 319.2113317720231862 ) ) ;
#5114 = CARTESIAN_POINT ( 'NONE',  ( 22.97263918497593238, 18.15101705070871319, 405.6770724579625380 ) ) ;
#5115 = CARTESIAN_POINT ( 'NONE',  ( 42.93617819007806702, 23.65403478379245428, 332.0098275666803147 ) ) ;
#5116 = CARTESIAN_POINT ( 'NONE',  ( 0.8486857927523446810, 34.25527520538206261, 42.00482374486006165 ) ) ;
#5117 = DIRECTION ( 'NONE',  ( -0.000000000000000000, -0.9971851335251159520, -0.07497872682632604480 ) ) ;
#5118 = B_SPLINE_CURVE_WITH_KNOTS ( 'NONE', 3,
 ( #2592, #2545, #1097, #6562 ),
 .UNSPECIFIED., .F., .F.,
 ( 4, 4 ),
 ( 0.01115684053975094653, 0.01185697801813437140 ),
 .UNSPECIFIED. ) ;
#5119 = DIRECTION ( 'NONE',  ( -0.000000000000000000, -0.000000000000000000, 1.000000000000000000 ) ) ;
#5120 = ORIENTED_EDGE ( 'NONE', *, *, #4686, .T. ) ;
#5121 = ORIENTED_EDGE ( 'NONE', *, *, #2348, .T. ) ;
#5122 = CARTESIAN_POINT ( 'NONE',  ( 149.9999999999999432, 13.01685150340217767, 333.3876767047953535 ) ) ;
#5123 = EDGE_CURVE ( 'NONE', #4278, #615, #5966, .T. ) ;
#5124 = CARTESIAN_POINT ( 'NONE',  ( -6.101817672189541852, 35.54022005552467789, 329.5107931707733542 ) ) ;
#5125 = CARTESIAN_POINT ( 'NONE',  ( -0.08898709294593379338, 27.84333981594092933, 384.8453371852599503 ) ) ;
#5126 = CARTESIAN_POINT ( 'NONE',  ( 16.99482483423454227, 35.18805249750857200, 321.4924486730995454 ) ) ;
#5127 = CARTESIAN_POINT ( 'NONE',  ( -3.690812327376098878, 43.95317140472236161, 279.8038806656476822 ) ) ;
#5128 = DIRECTION ( 'NONE',  ( -0.000000000000000000, -0.000000000000000000, 1.000000000000000000 ) ) ;
#5129 = CARTESIAN_POINT ( 'NONE',  ( -27.81750625651865860, 41.17574347910939281, 255.2154784944652874 ) ) ;
#5130 = CARTESIAN_POINT ( 'NONE',  ( -1.866611727019490408, 11.87816490467868569, -28.42495731499281675 ) ) ;
#5131 = CARTESIAN_POINT ( 'NONE',  ( -5.509241318674111968E-10, 38.88521462212378310, 331.4493103003381975 ) ) ;
#5132 = CARTESIAN_POINT ( 'NONE',  ( 5.196148435732812487, 32.33351952520471428, 354.1074894279576029 ) ) ;
#5133 = ORIENTED_EDGE ( 'NONE', *, *, #7752, .T. ) ;
#5134 = CARTESIAN_POINT ( 'NONE',  ( 12.87113680230862123, 36.52742992919083775, 315.7836687243535039 ) ) ;
#5135 = CARTESIAN_POINT ( 'NONE',  ( -33.69543853957071633, 29.89612793811884828, 314.9538054684610984 ) ) ;
#5136 = CARTESIAN_POINT ( 'NONE',  ( 20.63433405444380853, 35.08163949626190004, 314.2152934259169683 ) ) ;
#5137 = CARTESIAN_POINT ( 'NONE',  ( 32.20913717727860615, 32.31378630073693614, 331.4493103031244914 ) ) ;
#5138 = DIRECTION ( 'NONE',  ( 0.000000000000000000, 0.000000000000000000, -1.000000000000000000 ) ) ;
#5139 = CARTESIAN_POINT ( 'NONE',  ( 2.983404483484422887, 44.50969247127683559, 263.2757507767055927 ) ) ;
#5140 = CARTESIAN_POINT ( 'NONE',  ( -13.89565711704575790, 43.38650797797856740, 278.5011269604131598 ) ) ;
#5141 = LINE ( 'NONE', #8550, #1688 ) ;
#5142 = AXIS2_PLACEMENT_3D ( 'NONE', #3156, #4647, #5278 ) ;
#5143 = B_SPLINE_CURVE_WITH_KNOTS ( 'NONE', 3,
 ( #2015, #1329, #4770, #4659, #6591, #2623, #367, #6724, #8790, #2577 ),
 .UNSPECIFIED., .F., .F.,
 ( 4, 2, 2, 2, 4 ),
 ( 0.05915213517726548853, 0.06558017554722538056, 0.07200821591718528647, 0.08486429665710523707, 0.1105764581369453325 ),
 .UNSPECIFIED. ) ;
#5144 = CARTESIAN_POINT ( 'NONE',  ( -6.777879465392165237, 36.93033614899324135, 317.1356807802315529 ) ) ;
#5145 = CARTESIAN_POINT ( 'NONE',  ( -12.50381132325683886, 27.83116567873787162, 396.5693299386862805 ) ) ;
#5146 = CARTESIAN_POINT ( 'NONE',  ( -2.997947590748044622, 43.32669485498747974, 280.0215363571135754 ) ) ;
#5147 = ORIENTED_EDGE ( 'NONE', *, *, #3406, .F. ) ;
#5148 = CARTESIAN_POINT ( 'NONE',  ( 48.97993033751976810, 26.31148347074302052, 289.0994461912014231 ) ) ;
#5149 = VECTOR ( 'NONE', #3940, 999.9999999999998863 ) ;
#5150 = CARTESIAN_POINT ( 'NONE',  ( 52.51231461823631719, 36.78377033823687015, 237.1480678699628015 ) ) ;
#5151 = CARTESIAN_POINT ( 'NONE',  ( -18.64059805668974334, 23.39482792448665904, 390.7603397679208683 ) ) ;
#5152 = CARTESIAN_POINT ( 'NONE',  ( 3.690812327376095769, 43.95317140472170792, 279.8038806656563224 ) ) ;
#5153 = CARTESIAN_POINT ( 'NONE',  ( -40.75493006476639124, 24.42142745321563524, 333.3016356396852302 ) ) ;
#5154 = CARTESIAN_POINT ( 'NONE',  ( -0.4666624454428923707, 41.94217851116191298, 261.3537278318258927 ) ) ;
#5155 = VECTOR ( 'NONE', #2669, 1000.000000000000000 ) ;
#5156 = CARTESIAN_POINT ( 'NONE',  ( 0.000000000000000000, 11.73449225725467926, -28.51670946738130752 ) ) ;
#5157 = CARTESIAN_POINT ( 'NONE',  ( -38.96839832985348551, 27.02156604254548000, 319.2827805845896592 ) ) ;
#5158 = CARTESIAN_POINT ( 'NONE',  ( -8.966662445442738161, 41.68708929210457370, 256.1693239052390823 ) ) ;
#5159 = CARTESIAN_POINT ( 'NONE',  ( -0.2696621150867289374, 34.68653552190095013, 337.6966557783264307 ) ) ;
#5160 = CARTESIAN_POINT ( 'NONE',  ( 0.000000000000000000, 31.36851352753711808, 29.45516409742108621 ) ) ;
#5161 = CARTESIAN_POINT ( 'NONE',  ( 2.998894493888414559, 41.65491474906183811, 263.2685888364569564 ) ) ;
#5162 = CARTESIAN_POINT ( 'NONE',  ( 0.000000000000000000, 44.80250588595319527, 261.3537278318257790 ) ) ;
#5163 = ORIENTED_EDGE ( 'NONE', *, *, #6109, .T. ) ;
#5164 = ADVANCED_FACE ( 'NONE', ( #8163 ), #1276, .T. ) ;
#5165 = CARTESIAN_POINT ( 'NONE',  ( 5.833484303085390010, 38.83323711334092820, 331.6529499013212217 ) ) ;
#5166 = CARTESIAN_POINT ( 'NONE',  ( -36.00285309233927933, -6.792297079197776810, 479.3729591887034758 ) ) ;
#5167 = CARTESIAN_POINT ( 'NONE',  ( -25.58841615933140545, 31.83002792451750906, 328.0830746297836527 ) ) ;
#5168 = CARTESIAN_POINT ( 'NONE',  ( 30.09972751211974540, 21.36830810917279067, 377.0640921861419770 ) ) ;
#5169 = CARTESIAN_POINT ( 'NONE',  ( 38.96839074248474333, 26.80904219732583726, 321.1193588304226409 ) ) ;
#5170 = DIRECTION ( 'NONE',  ( 0.000000000000000000, -1.000000000000000000, 0.000000000000000000 ) ) ;
#5171 = ADVANCED_FACE ( 'NONE', ( #4610 ), #3299, .T. ) ;
#5172 = PLANE ( 'NONE',  #1622 ) ;
#5173 = CARTESIAN_POINT ( 'NONE',  ( 0.000000000000000000, 45.40165219869580682, 260.7912705906431938 ) ) ;
#5174 = CARTESIAN_POINT ( 'NONE',  ( 150.0000000000000284, 7.321812825929968405, 218.5459688349021121 ) ) ;
#5175 = CARTESIAN_POINT ( 'NONE',  ( -5.974697017077270027E-10, 43.83345410576623635, 282.5824894700288610 ) ) ;
#5176 = CARTESIAN_POINT ( 'NONE',  ( 21.30486334957444683, 30.11086279439327384, 350.2784057760885617 ) ) ;
#5177 = EDGE_CURVE ( 'NONE', #850, #5689, #3795, .T. ) ;
#5178 = CARTESIAN_POINT ( 'NONE',  ( 56.08762438136983519, 3.832698960004560895, 215.3449030486479501 ) ) ;
#5179 = ORIENTED_EDGE ( 'NONE', *, *, #2195, .T. ) ;
#5180 = CARTESIAN_POINT ( 'NONE',  ( -0.1453781810327651469, 31.31122405795402130, 362.5768686151318434 ) ) ;
#5181 = CARTESIAN_POINT ( 'NONE',  ( -43.20803181899294998, 26.87101989795442236, 304.1592171146784835 ) ) ;
#5182 = CARTESIAN_POINT ( 'NONE',  ( 25.60732372021629288, 33.03263805754817639, 317.9341603075699823 ) ) ;
#5183 = CARTESIAN_POINT ( 'NONE',  ( 0.1408982106028522086, 37.29533790731183984, 315.4974903283094818 ) ) ;
#5184 = CARTESIAN_POINT ( 'NONE',  ( 19.87418806241524649, 22.91260473870642755, 407.5497249708189429 ) ) ;
#5185 = PLANE ( 'NONE',  #1559 ) ;
#5186 = CARTESIAN_POINT ( 'NONE',  ( 2.803395646931734930, 44.55715795380447730, 262.7980265440973540 ) ) ;
#5187 = CARTESIAN_POINT ( 'NONE',  ( -42.82036082025610568, 34.45865616707600765, 314.7613887647807474 ) ) ;
#5188 = CARTESIAN_POINT ( 'NONE',  ( -0.4666624454429352253, 41.65491474906183811, 261.3537278318257790 ) ) ;
#5189 = CARTESIAN_POINT ( 'NONE',  ( -22.36672983151592575, 34.19721359571955333, 317.8692837739752690 ) ) ;
#5190 = CARTESIAN_POINT ( 'NONE',  ( -47.69512756224418126, 13.92142524552201266, 338.3749908464645841 ) ) ;
#5191 = CARTESIAN_POINT ( 'NONE',  ( -2.185717218028317532, 43.24013863054332774, 281.2933150900486794 ) ) ;
#5192 = VERTEX_POINT ( 'NONE', #5749 ) ;
#5193 = CARTESIAN_POINT ( 'NONE',  ( 7.000752742624235303, 40.32335225806185974, 280.7079879318362714 ) ) ;
#5194 = CARTESIAN_POINT ( 'NONE',  ( 13.31731313304985065, 38.32335583300963577, 331.1613580124958389 ) ) ;
#5195 = CARTESIAN_POINT ( 'NONE',  ( 2.707225863501938168, 43.92368378192331591, 280.6665531362320394 ) ) ;
#5196 = CARTESIAN_POINT ( 'NONE',  ( 56.50313792499103016, -10.80253914119058045, 197.8140775424655544 ) ) ;
#5197 = DIRECTION ( 'NONE',  ( -1.000000000000000000, 0.000000000000000000, 5.341023129373435147E-12 ) ) ;
#5198 = B_SPLINE_CURVE_WITH_KNOTS ( 'NONE', 3,
 ( #1273, #3357, #8070, #555 ),
 .UNSPECIFIED., .F., .F.,
 ( 4, 4 ),
 ( 0.000000000000000000, 0.01542889040407088505 ),
 .UNSPECIFIED. ) ;
#5199 = CARTESIAN_POINT ( 'NONE',  ( 1.733348263405259271, 31.56952604277959296, 29.57366796039476498 ) ) ;
#5200 = LINE ( 'NONE', #3984, #4293 ) ;
#5201 = CARTESIAN_POINT ( 'NONE',  ( -6.776295888613996787, 36.65272142901810071, 319.6318004607658168 ) ) ;
#5202 = CARTESIAN_POINT ( 'NONE',  ( 27.30527813734177656, 38.09904799023707511, 248.4431835183588078 ) ) ;
#5203 = CARTESIAN_POINT ( 'NONE',  ( 23.93761384091433797, 31.53565844567609489, 334.8993026700989049 ) ) ;
#5204 = CARTESIAN_POINT ( 'NONE',  ( -77.40947463289504071, 21.01930611802427151, 121.3389839466043583 ) ) ;
#5205 = CARTESIAN_POINT ( 'NONE',  ( 14.46469702527344836, 41.04716741436546812, 255.0493122068339176 ) ) ;
#5206 = DIRECTION ( 'NONE',  ( 1.000000000000000000, 0.000000000000000000, 0.000000000000000000 ) ) ;
#5207 = ORIENTED_EDGE ( 'NONE', *, *, #7797, .T. ) ;
#5208 = CARTESIAN_POINT ( 'NONE',  ( -10.86681017133032867, 29.70287782053960868, 367.5724451310201175 ) ) ;
#5209 = CARTESIAN_POINT ( 'NONE',  ( 5.833484303085390010, 40.92873967100756971, 312.9953586469236484 ) ) ;
#5210 = CARTESIAN_POINT ( 'NONE',  ( 1.331304062742782568, 10.42035447031314632, 486.5845591189742549 ) ) ;
#5211 = CARTESIAN_POINT ( 'NONE',  ( -4.743517234312282227, 35.12007431298152227, 333.4717058408285766 ) ) ;
#5212 = CARTESIAN_POINT ( 'NONE',  ( 0.4439780220244183284, 25.36993139501673156, 399.1154937325169385 ) ) ;
#5213 = CARTESIAN_POINT ( 'NONE',  ( -0.2563894880802528031, 36.60776758726441926, 321.7003178556115017 ) ) ;
#5214 = CARTESIAN_POINT ( 'NONE',  ( -0.4666624454429352253, 43.22798668596865213, 281.9339774583897338 ) ) ;
#5215 = LINE ( 'NONE', #5932, #4651 ) ;
#5216 = CARTESIAN_POINT ( 'NONE',  ( -24.54877487504606748, 42.21902366365255688, 255.0493118463000997 ) ) ;
#5217 = CARTESIAN_POINT ( 'NONE',  ( 150.0000000000000853, 8.243839277673602695, 220.6305941379857245 ) ) ;
#5218 = CARTESIAN_POINT ( 'NONE',  ( 2.545275847175124895, 40.44237786041291116, 280.9346450211577348 ) ) ;
#5219 = CARTESIAN_POINT ( 'NONE',  ( 24.44885165587943021, 29.14159468640271555, 349.2959643646788095 ) ) ;
#5220 = CARTESIAN_POINT ( 'NONE',  ( 150.0000000000000284, 7.321812825929968405, 218.5459688349021121 ) ) ;
#5221 = VERTEX_POINT ( 'NONE', #2992 ) ;
#5222 = CARTESIAN_POINT ( 'NONE',  ( 21.19683528713663634, 29.05261070540047541, 357.0773893209418475 ) ) ;
#5223 = CIRCLE ( 'NONE', #2480, 1.000000000000000888 ) ;
#5224 = CARTESIAN_POINT ( 'NONE',  ( -1.487034957958290660, 39.19877830003004249, 296.7846837923916041 ) ) ;
#5225 = CARTESIAN_POINT ( 'NONE',  ( 20.61681447239115172, 34.73818114864855744, 317.3854894421311315 ) ) ;
#5226 = CARTESIAN_POINT ( 'NONE',  ( 6.110871460174896797, 37.24021112503935882, 314.6116358506048982 ) ) ;
#5227 = DIRECTION ( 'NONE',  ( 0.000000000000000000, -1.000000000000000000, 0.000000000000000000 ) ) ;
#5228 = CARTESIAN_POINT ( 'NONE',  ( -3.066662445442833729, 110.3999999999999773, 279.3396071913396668 ) ) ;
#5229 = CARTESIAN_POINT ( 'NONE',  ( 10.86021823505048722, 34.91088230658104408, 331.4493103031246051 ) ) ;
#5230 = CARTESIAN_POINT ( 'NONE',  ( -40.00984483757177657, 16.72124631380037485, 402.1504229787130384 ) ) ;
#5231 = CARTESIAN_POINT ( 'NONE',  ( -3.918931428990151122, 38.83786619257990225, 331.4493103031248893 ) ) ;
#5232 = EDGE_CURVE ( 'NONE', #5543, #1167, #685, .T. ) ;
#5233 = CARTESIAN_POINT ( 'NONE',  ( -0.1409531035590930181, 37.18206332413423354, 316.5329986741273274 ) ) ;
#5234 = CARTESIAN_POINT ( 'NONE',  ( -42.82036082025610568, 33.85106947388772625, 320.0000000000000568 ) ) ;
#5235 = CARTESIAN_POINT ( 'NONE',  ( -0.01039337678575912548, 23.09037415192558740, 413.8493118463000542 ) ) ;
#5236 = ORIENTED_EDGE ( 'NONE', *, *, #6824, .F. ) ;
#5237 = CARTESIAN_POINT ( 'NONE',  ( -0.3181892309285713205, 40.70713640993215421, 279.4639185969193136 ) ) ;
#5238 = CARTESIAN_POINT ( 'NONE',  ( 13.20776690004548115, 35.51755634591616229, 352.3468663762320716 ) ) ;
#5239 = CARTESIAN_POINT ( 'NONE',  ( 0.8129841328003767353, 43.87358549764564231, 281.9161110604030682 ) ) ;
#5240 = CARTESIAN_POINT ( 'NONE',  ( -1.772597211859147315, 35.52731289861504393, 330.7743526856972949 ) ) ;
#5241 = VECTOR ( 'NONE', #7618, 1000.000000000000114 ) ;
#5242 = CARTESIAN_POINT ( 'NONE',  ( 21.36260671368767916, 32.85527891739889839, 331.4493103031245482 ) ) ;
#5243 = CARTESIAN_POINT ( 'NONE',  ( -82.00022190405498179, 13.41533595200248463, 95.17065037251704496 ) ) ;
#5244 = CARTESIAN_POINT ( 'NONE',  ( 7.500000000000000000, 18.81336334461916948, 425.6312990209411282 ) ) ;
#5245 = CARTESIAN_POINT ( 'NONE',  ( -22.36473167099352466, 34.09792662157496324, 318.7565993438529972 ) ) ;
#5246 = FACE_OUTER_BOUND ( 'NONE', #4291, .T. ) ;
#5247 = CARTESIAN_POINT ( 'NONE',  ( -7.500000000000011546, 23.60623429176625621, 404.9034496653230804 ) ) ;
#5248 = CARTESIAN_POINT ( 'NONE',  ( -53.35623814217884586, 16.83228722618856921, 246.4189050667629601 ) ) ;
#5249 = CARTESIAN_POINT ( 'NONE',  ( -0.01558622591900195309, 21.48413711423494732, 420.2244002333105755 ) ) ;
#5250 = LINE ( 'NONE', #2493, #2347 ) ;
#5251 = ORIENTED_EDGE ( 'NONE', *, *, #3062, .F. ) ;
#5252 = CARTESIAN_POINT ( 'NONE',  ( -32.02218464877409332, 24.18163422393035233, 358.7481940007658068 ) ) ;
#5253 = CARTESIAN_POINT ( 'NONE',  ( -1.240397304842907111, 17.08031719385537528, 458.4040238591230150 ) ) ;
#5254 = CARTESIAN_POINT ( 'NONE',  ( -56.79090820126123873, -0.6367270459114310333, 407.3366011671671458 ) ) ;
#5255 = CARTESIAN_POINT ( 'NONE',  ( -28.77510583977787917, 30.98507946161739568, 324.5532481187169651 ) ) ;
#5256 = CARTESIAN_POINT ( 'NONE',  ( 8.427799783827259361, 24.98440086053262377, 396.7302692276758194 ) ) ;
#5257 = CARTESIAN_POINT ( 'NONE',  ( 8.062246922120236192, 36.34231597122485624, 321.6099997728332482 ) ) ;
#5258 = CARTESIAN_POINT ( 'NONE',  ( -2.425620167762571278, 40.48935350535302291, 281.0538007710468378 ) ) ;
#5259 = DIRECTION ( 'NONE',  ( 0.000000000000000000, -1.000000000000000000, 0.000000000000000000 ) ) ;
#5260 = CARTESIAN_POINT ( 'NONE',  ( 3.066662445442837726, 43.77687885726771100, 274.2114870175138321 ) ) ;
#5261 = CARTESIAN_POINT ( 'NONE',  ( 149.9999999999999716, 10.35078035734875535, 226.4890547709782993 ) ) ;
#5262 = DIRECTION ( 'NONE',  ( -6.590423098898467265E-17, -0.9971851335251158410, -0.07497872682632604480 ) ) ;
#5263 = CARTESIAN_POINT ( 'NONE',  ( 63.98600082019655133, 32.47793740598321932, 184.0516963749373076 ) ) ;
#5264 = VERTEX_POINT ( 'NONE', #7171 ) ;
#5265 = CARTESIAN_POINT ( 'NONE',  ( 30.59695704689392670, 26.86323599677167095, 347.3292031352384583 ) ) ;
#5266 = CARTESIAN_POINT ( 'NONE',  ( -0.7138961666743199874, 39.21478120624513508, 296.7113138899802038 ) ) ;
#5267 = CARTESIAN_POINT ( 'NONE',  ( 6.777389075061265977, 36.87523997918206931, 317.6357214504001831 ) ) ;
#5268 = CARTESIAN_POINT ( 'NONE',  ( 8.066743259310619862, 37.00377066555587646, 315.6636585554128942 ) ) ;
#5269 = CARTESIAN_POINT ( 'NONE',  ( 1.888720756085814578, 26.08570996343815196, 413.8493118463000542 ) ) ;
#5270 = DIRECTION ( 'NONE',  ( -6.390485304648115469E-15, 0.000000000000000000, -1.000000000000000000 ) ) ;
#5271 = EDGE_CURVE ( 'NONE', #4171, #4605, #1035, .T. ) ;
#5272 = CARTESIAN_POINT ( 'NONE',  ( 7.500000000000000000, 20.81336334461917303, 425.6312990209411282 ) ) ;
#5273 = CARTESIAN_POINT ( 'NONE',  ( 1.287102454013295816, 13.83400975319627690, 472.5008445009838169 ) ) ;
#5274 = DIRECTION ( 'NONE',  ( 0.000000000000000000, 0.000000000000000000, -1.000000000000000000 ) ) ;
#5275 = EDGE_CURVE ( 'NONE', #6073, #1668, #282, .T. ) ;
#5276 = CARTESIAN_POINT ( 'NONE',  ( -5.437993812873235022, 37.05782690727598094, 316.6127629288026810 ) ) ;
#5277 = CARTESIAN_POINT ( 'NONE',  ( -41.23236433532566281, 22.69079723528891179, 379.8779995718708165 ) ) ;
#5278 = DIRECTION ( 'NONE',  ( 0.000000000000000000, 0.000000000000000000, -1.000000000000000000 ) ) ;
#5279 = ORIENTED_EDGE ( 'NONE', *, *, #6045, .F. ) ;
#5280 = CARTESIAN_POINT ( 'NONE',  ( 35.01752991695694561, 32.51907575435107844, 283.3114913455988813 ) ) ;
#5281 = EDGE_CURVE ( 'NONE', #8443, #5353, #1719, .T. ) ;
#5282 = CARTESIAN_POINT ( 'NONE',  ( -0.4709684984625378545, 38.87613762590805067, 332.0055123804244204 ) ) ;
#5283 = CARTESIAN_POINT ( 'NONE',  ( -7.471018353685686897, 37.66294152225133729, 309.8216570284459408 ) ) ;
#5284 = ORIENTED_EDGE ( 'NONE', *, *, #1191, .T. ) ;
#5285 = CARTESIAN_POINT ( 'NONE',  ( 56.52914563521074598, -13.16024702830548954, 195.5971044673015626 ) ) ;
#5286 = CARTESIAN_POINT ( 'NONE',  ( 44.79208460059816588, 23.12775989327775505, 331.4493103031248324 ) ) ;
#5287 = CARTESIAN_POINT ( 'NONE',  ( 0.9126475175586304944, 20.71106199493173605, -7.133971301115257013 ) ) ;
#5288 = DIRECTION ( 'NONE',  ( 0.000000000000000000, 0.000000000000000000, -1.000000000000000000 ) ) ;
#5289 = CARTESIAN_POINT ( 'NONE',  ( -2.605736984307066351, 36.98617401982355801, 318.1021420275615696 ) ) ;
#5290 = CARTESIAN_POINT ( 'NONE',  ( 0.4184931559067542328, 43.28821398336533832, 235.2623194649394520 ) ) ;
#5291 = CARTESIAN_POINT ( 'NONE',  ( 6.761236512651832342, 34.54424008616649644, 337.1148885293121680 ) ) ;
#5292 = CARTESIAN_POINT ( 'NONE',  ( 1.766877480964753611, 28.41324036064381175, 17.19561693595092322 ) ) ;
#5293 = CARTESIAN_POINT ( 'NONE',  ( -22.97263918497593238, 18.15101705070871319, 405.6770724579625380 ) ) ;
#5294 = CARTESIAN_POINT ( 'NONE',  ( 0.1555597375870289845, 44.79746334154018683, 261.3537278318258359 ) ) ;
#5295 = VERTEX_POINT ( 'NONE', #6503 ) ;
#5296 = CARTESIAN_POINT ( 'NONE',  ( -30.52612264850332480, 25.86839868161342793, 353.4639865299649273 ) ) ;
#5297 = CARTESIAN_POINT ( 'NONE',  ( 6.244008511223442248, 25.66205074593666069, 414.3400517412663362 ) ) ;
#5298 = AXIS2_PLACEMENT_3D ( 'NONE', #6929, #5540, #6209 ) ;
#5299 = CARTESIAN_POINT ( 'NONE',  ( -35.77127347892401588, -9.639532146028656712, 488.8322980861877340 ) ) ;
#5300 = CARTESIAN_POINT ( 'NONE',  ( -25.59743232729245932, 32.23949390651362279, 324.7264057167254236 ) ) ;
#5301 = CARTESIAN_POINT ( 'NONE',  ( 18.64059805668974334, 23.39482792448665904, 390.7603397679208683 ) ) ;
#5302 = CARTESIAN_POINT ( 'NONE',  ( 1.483479907508797435, 36.60186853936149731, 321.6826986261825141 ) ) ;
#5303 = CARTESIAN_POINT ( 'NONE',  ( 3.918931428990151122, 38.83786619257990225, 331.4493103031248893 ) ) ;
#5304 = DIRECTION ( 'NONE',  ( 1.000000000000000000, 0.000000000000000000, -0.000000000000000000 ) ) ;
#5305 = CARTESIAN_POINT ( 'NONE',  ( -48.26500663823176041, 30.70202150165685495, 298.3596272055730196 ) ) ;
#5306 = CARTESIAN_POINT ( 'NONE',  ( 3.066662445442843055, 43.40477166021896949, 279.6794311683192404 ) ) ;
#5307 = CARTESIAN_POINT ( 'NONE',  ( -2.367866279720466594, 41.04594610967017587, 79.94441032751126386 ) ) ;
#5308 = ORIENTED_EDGE ( 'NONE', *, *, #2043, .F. ) ;
#5309 = CARTESIAN_POINT ( 'NONE',  ( -47.11137557185369218, 28.49921926414125295, 310.2127205688364029 ) ) ;
#5310 = CARTESIAN_POINT ( 'NONE',  ( 1.766412318821269478, 31.30813071492649513, 362.3161766159863646 ) ) ;
#5311 = CARTESIAN_POINT ( 'NONE',  ( -10.85211911042291177, 39.27199676080334712, 289.7112706010084366 ) ) ;
#5312 = CARTESIAN_POINT ( 'NONE',  ( 12.86763501152438138, 36.36898257731365192, 317.2294948403563808 ) ) ;
#5313 = CARTESIAN_POINT ( 'NONE',  ( 8.570650335342017812, 37.69505667819357342, 308.7204890704902596 ) ) ;
#5314 = DIRECTION ( 'NONE',  ( 0.000000000000000000, 0.000000000000000000, -1.000000000000000000 ) ) ;
#5315 = CARTESIAN_POINT ( 'NONE',  ( 25.03827203090105868, 31.61797655454644840, 331.4493103031246619 ) ) ;
#5316 = CARTESIAN_POINT ( 'NONE',  ( 1.192598390898780503, 20.17127465771984873, 444.2396516818456007 ) ) ;
#5317 = CARTESIAN_POINT ( 'NONE',  ( -31.73194548145376359, 20.78806871193255645, 376.0297513551407746 ) ) ;
#5318 = FACE_OUTER_BOUND ( 'NONE', #6190, .T. ) ;
#5319 = CARTESIAN_POINT ( 'NONE',  ( -32.01597748502893381, 30.36331190024803561, 317.6602312076173007 ) ) ;
#5320 = CARTESIAN_POINT ( 'NONE',  ( 1.717673231772173903, 23.13963299835682719, 429.9848877918320227 ) ) ;
#5321 = CARTESIAN_POINT ( 'NONE',  ( -2.455782059935941231, 45.21747836516100705, 262.2681955257773438 ) ) ;
#5322 = B_SPLINE_CURVE_WITH_KNOTS ( 'NONE', 3,
 ( #1660, #4011, #6659, #1931, #7327, #2602, #5313, #4687, #3917, #1154, #4639, #1064, #483, #8679, #6751, #6031, #3236, #7239 ),
 .UNSPECIFIED., .F., .F.,
 ( 4, 2, 2, 2, 2, 2, 2, 2, 4 ),
 ( 5.661155180775285056E-17, 0.0005861684882794632786, 0.001172336976558869962, 0.001758505464838276645, 0.002344673953117683545, 0.002930842441397090228, 0.003517010929676496912, 0.004103179417955903595, 0.004689347906235309844 ),
 .UNSPECIFIED. ) ;
#5323 = EDGE_LOOP ( 'NONE', ( #6117, #2802, #6524, #345, #6132 ) ) ;
#5324 = CARTESIAN_POINT ( 'NONE',  ( 17.40587974819246497, 38.12911147718557459, 291.0974017674002994 ) ) ;
#5325 = DIRECTION ( 'NONE',  ( 0.000000000000000000, -0.07497872682632604480, 0.9971851335251159520 ) ) ;
#5326 = CARTESIAN_POINT ( 'NONE',  ( 42.60652105880237173, 30.35201058883452419, 345.2738653162223272 ) ) ;
#5327 = CARTESIAN_POINT ( 'NONE',  ( 2.516282378382114882, 43.90794913533844124, 280.9447227168212180 ) ) ;
#5328 = ORIENTED_EDGE ( 'NONE', *, *, #412, .T. ) ;
#5329 = CARTESIAN_POINT ( 'NONE',  ( -21.52726535437725275, 33.07335040501664736, 329.3589033414924074 ) ) ;
#5330 = CARTESIAN_POINT ( 'NONE',  ( 3.028315765027005391, 43.85945801138852573, 281.3391086935247358 ) ) ;
#5331 = CARTESIAN_POINT ( 'NONE',  ( 0.000000000000000000, 24.65191137066539895, 4.845070576238386550 ) ) ;
#5332 = DIRECTION ( 'NONE',  ( -1.000000000000000000, 0.000000000000000000, 0.000000000000000000 ) ) ;
#5333 = CARTESIAN_POINT ( 'NONE',  ( -1.484291449475524605, 37.00284153562551381, 318.0940509463232502 ) ) ;
#5334 = CARTESIAN_POINT ( 'NONE',  ( 19.01166464212731810, 40.40017589591930403, 251.1637130504947208 ) ) ;
#5335 = ADVANCED_FACE ( 'NONE', ( #6461 ), #364, .T. ) ;
#5336 = CARTESIAN_POINT ( 'NONE',  ( -50.87203371489453474, 19.93273469430910438, 264.0063586441475536 ) ) ;
#5337 = CARTESIAN_POINT ( 'NONE',  ( -26.22365888008160439, 17.25226208246192172, 402.7743180594183627 ) ) ;
#5338 = CARTESIAN_POINT ( 'NONE',  ( 0.4666624454428923707, 44.78686955249617796, 261.3537278318258927 ) ) ;
#5339 = FACE_OUTER_BOUND ( 'NONE', #3042, .T. ) ;
#5340 = CARTESIAN_POINT ( 'NONE',  ( 0.09486616763954427989, 31.31138037787036055, 362.5708543124420657 ) ) ;
#5341 = CARTESIAN_POINT ( 'NONE',  ( 38.04577553118386390, 6.899135327763927350, 435.0771627741435736 ) ) ;
#5342 = CARTESIAN_POINT ( 'NONE',  ( -149.9999999999999716, 1.632909915346569596, 401.7829050630052166 ) ) ;
#5343 = CARTESIAN_POINT ( 'NONE',  ( -1.103303868676024146, 36.13672989382401823, 325.7332223236550703 ) ) ;
#5344 = CARTESIAN_POINT ( 'NONE',  ( 21.76892269326260987, 21.31464431961412842, 394.7699973128691795 ) ) ;
#5345 = CARTESIAN_POINT ( 'NONE',  ( 28.77890368801359600, 31.18376402228001254, 322.9338471266088959 ) ) ;
#5346 = CARTESIAN_POINT ( 'NONE',  ( 44.79208460024205607, 26.86136150171395442, 331.4493103058574661 ) ) ;
#5347 = CARTESIAN_POINT ( 'NONE',  ( -38.15527486107346533, 26.86136150171395442, 371.5108534938591447 ) ) ;
#5348 = CARTESIAN_POINT ( 'NONE',  ( 3.697024062231994534, 45.05106493880018093, 263.9854789025636137 ) ) ;
#5349 = CARTESIAN_POINT ( 'NONE',  ( -0.4666624454429352253, 110.3999999999999773, 281.9339774583896769 ) ) ;
#5350 = VERTEX_POINT ( 'NONE', #324 ) ;
#5351 = VERTEX_POINT ( 'NONE', #5789 ) ;
#5352 = CARTESIAN_POINT ( 'NONE',  ( 10.24811798180279787, 39.43337803868414682, 83.18633069079341169 ) ) ;
#5353 = VERTEX_POINT ( 'NONE', #3076 ) ;
#5354 = PRESENTATION_STYLE_ASSIGNMENT (( #8766 ) ) ;
#5355 = CARTESIAN_POINT ( 'NONE',  ( 25.90706125550044092, 27.60219853109420640, 355.2718805992783473 ) ) ;
#5356 = CARTESIAN_POINT ( 'NONE',  ( -47.91184419377411530, 24.58835358657302805, 310.1895460612597049 ) ) ;
#5357 = CARTESIAN_POINT ( 'NONE',  ( 30.40079609246237169, 31.08164201334955123, 317.6220708082651640 ) ) ;
#5358 = LINE ( 'NONE', #3964, #3853 ) ;
#5359 = CARTESIAN_POINT ( 'NONE',  ( -1.524332621471840676, 45.33678434423754311, 260.9547454177981081 ) ) ;
#5360 = CARTESIAN_POINT ( 'NONE',  ( -1.910429079689343501, -19.79771651802625598, -71.15970442798436579 ) ) ;
#5361 = CARTESIAN_POINT ( 'NONE',  ( -11.54106037115949945, 18.89842486944788291, 438.8770723758824488 ) ) ;
#5362 = CARTESIAN_POINT ( 'NONE',  ( -0.6466548384401430427, 27.83768656907127337, 384.7436173399785275 ) ) ;
#5363 = CARTESIAN_POINT ( 'NONE',  ( 21.52726535437725275, 33.07335040501664736, 329.3589033414924074 ) ) ;
#5364 = CARTESIAN_POINT ( 'NONE',  ( -33.67589075407619248, 29.63909069958216236, 317.3055629057906799 ) ) ;
#5365 = CARTESIAN_POINT ( 'NONE',  ( 0.5962991954493902513, 20.14399605289213824, 444.2252999659614829 ) ) ;
#5366 = LINE ( 'NONE', #7565, #2849 ) ;
#5367 = ORIENTED_EDGE ( 'NONE', *, *, #8191, .T. ) ;
#5368 = CARTESIAN_POINT ( 'NONE',  ( 29.38114293788302334, 33.95814869137396386, 294.5156558505810267 ) ) ;
#5369 = CARTESIAN_POINT ( 'NONE',  ( -0.3036924911606527222, 44.79251113434829534, 261.3537278318258359 ) ) ;
#5370 = CARTESIAN_POINT ( 'NONE',  ( -6.748243094538157294, 42.42411079899374471, 246.0126484130098561 ) ) ;
#5371 = VECTOR ( 'NONE', #3414, 1000.000000000000000 ) ;
#5372 = CARTESIAN_POINT ( 'NONE',  ( 5.873798239311764924, 35.98697079100605123, 353.7225482438468589 ) ) ;
#5373 = CARTESIAN_POINT ( 'NONE',  ( -15.70536165350128854, 34.22018547469862426, 331.4493103031248324 ) ) ;
#5374 = VERTEX_POINT ( 'NONE', #1551 ) ;
#5375 = CARTESIAN_POINT ( 'NONE',  ( 3.313916258227276757, 1.354737596468937211, -46.71700391772461813 ) ) ;
#5376 = CARTESIAN_POINT ( 'NONE',  ( 46.72269698266016746, 28.16890702058149998, 314.4668828093558659 ) ) ;
#5377 = CARTESIAN_POINT ( 'NONE',  ( -19.23958081385339014, 44.36215661290071921, 164.4211870057072531 ) ) ;
#5378 = CARTESIAN_POINT ( 'NONE',  ( -9.652764452307431853, -8.494098938562002488, 541.5631860185608275 ) ) ;
#5379 = CARTESIAN_POINT ( 'NONE',  ( -20.61357379705705384, 34.58731117864227400, 318.7391876691322636 ) ) ;
#5380 = CARTESIAN_POINT ( 'NONE',  ( 1.915072580554890269, 42.37622042759419827, 253.5280659030432275 ) ) ;
#5381 = CARTESIAN_POINT ( 'NONE',  ( 1.625096845062358186, 47.14373364252509901, 228.9144459501762299 ) ) ;
#5382 = CARTESIAN_POINT ( 'NONE',  ( 0.03792862258212478799, 21.48575187697609223, 420.2288618597404479 ) ) ;
#5383 = CARTESIAN_POINT ( 'NONE',  ( 5.966662445443040141, 37.20346721986462768, 310.1851950956178143 ) ) ;
#5384 = ORIENTED_EDGE ( 'NONE', *, *, #2088, .F. ) ;
#5385 = CARTESIAN_POINT ( 'NONE',  ( -25.78490570842682672, 26.50315124793270982, 361.5958146426769417 ) ) ;
#5386 = CARTESIAN_POINT ( 'NONE',  ( 1.925100097286686074, 25.85227023461058238, 415.2282052245307113 ) ) ;
#5387 = ADVANCED_FACE ( 'NONE', ( #7044 ), #8560, .F. ) ;
#5388 = VECTOR ( 'NONE', #4902, 1000.000000000000000 ) ;
#5389 = CARTESIAN_POINT ( 'NONE',  ( -28.66915185648158726, -24.29590384187719465, -55.07514469556929271 ) ) ;
#5390 = CARTESIAN_POINT ( 'NONE',  ( -16.99200396917451883, 34.97316206285404405, 323.3336241497731862 ) ) ;
#5391 = CARTESIAN_POINT ( 'NONE',  ( -0.1267269259329305564, 24.12541961353209174, 406.2978867253875706 ) ) ;
#5392 = CARTESIAN_POINT ( 'NONE',  ( 12.86214630998195219, 35.66370835359496283, 323.4509095842784063 ) ) ;
#5393 = CARTESIAN_POINT ( 'NONE',  ( 35.78098279692162009, 30.68472455526385545, 331.4493103031245482 ) ) ;
#5394 = CARTESIAN_POINT ( 'NONE',  ( 2.846830710822273236, -1.888371530433603951, -51.63176871257518741 ) ) ;
#5395 = CARTESIAN_POINT ( 'NONE',  ( -3.066662445442833729, 44.13217983762384478, 269.0809861770245561 ) ) ;
#5396 = EDGE_CURVE ( 'NONE', #3015, #8924, #3791, .T. ) ;
#5397 = SURFACE_STYLE_FILL_AREA ( #3550 ) ;
#5398 = VERTEX_POINT ( 'NONE', #3886 ) ;
#5399 = ORIENTED_EDGE ( 'NONE', *, *, #4072, .F. ) ;
#5400 = CARTESIAN_POINT ( 'NONE',  ( 150.0000000000002558, 12.91824135705855703, 236.2496330257888815 ) ) ;
#5401 = ORIENTED_EDGE ( 'NONE', *, *, #5271, .T. ) ;
#5402 = EDGE_CURVE ( 'NONE', #2804, #850, #3300, .T. ) ;
#5403 = DIRECTION ( 'NONE',  ( -1.000000000000000000, 0.000000000000000000, 0.000000000000000000 ) ) ;
#5404 = CARTESIAN_POINT ( 'NONE',  ( 3.185098698492235147, 30.15496486350508931, 369.5839424086361760 ) ) ;
#5405 = CARTESIAN_POINT ( 'NONE',  ( -23.15548353381790747, 37.14278438410575944, 285.1640558619522494 ) ) ;
#5406 = CARTESIAN_POINT ( 'NONE',  ( 0.3356663849469192495, 37.01100153407140425, 318.0860572308005203 ) ) ;
#5407 = CARTESIAN_POINT ( 'NONE',  ( -0.3072878709010109510, 43.23070936725655855, 281.9339774583894496 ) ) ;
#5408 = CARTESIAN_POINT ( 'NONE',  ( 0.4666624454429352253, 110.3999999999999773, 281.9339774583896769 ) ) ;
#5409 = CARTESIAN_POINT ( 'NONE',  ( -1.907686475920280733, -14.87480540429338483, -66.10224707556027113 ) ) ;
#5410 = CARTESIAN_POINT ( 'NONE',  ( -2.172075125309121724, 16.89621306203804707, 458.4249543244469578 ) ) ;
#5411 = CARTESIAN_POINT ( 'NONE',  ( -1.032377888580131575, 27.83390632256154262, 384.6867128408104577 ) ) ;
#5412 = CARTESIAN_POINT ( 'NONE',  ( 32.28910772433339105, 28.93905390433088698, 328.2844139923181501 ) ) ;
#5413 = ORIENTED_EDGE ( 'NONE', *, *, #8468, .F. ) ;
#5414 = UNCERTAINTY_MEASURE_WITH_UNIT (LENGTH_MEASURE( 1.000000000000000082E-05 ), #6214, 'distance_accuracy_value', 'NONE');
#5415 = CARTESIAN_POINT ( 'NONE',  ( -3.333619429842128667, 37.13685577396513793, 316.5794410042906861 ) ) ;
#5416 = CARTESIAN_POINT ( 'NONE',  ( 0.000000000000000000, 23.07731326548116613, 429.8900929289059150 ) ) ;
#5417 = CARTESIAN_POINT ( 'NONE',  ( 5.085132368270098624, 24.87966606040252060, 400.0144829921829341 ) ) ;
#5418 = VERTEX_POINT ( 'NONE', #1949 ) ;
#5419 = CARTESIAN_POINT ( 'NONE',  ( 15.10557870291814631, 37.90642055864375948, 298.5410153744798549 ) ) ;
#5420 = CARTESIAN_POINT ( 'NONE',  ( -0.4873802908429391012, 45.38535174973730335, 260.7910082619117134 ) ) ;
#5421 = CARTESIAN_POINT ( 'NONE',  ( -26.69320656979536821, 37.95122995634735474, 256.0642203508535886 ) ) ;
#5422 = CARTESIAN_POINT ( 'NONE',  ( 6.848877587165034697, 9.753616543240035242, 486.0167545655663162 ) ) ;
#5423 = CARTESIAN_POINT ( 'NONE',  ( -0.1555597375870289845, 44.79746334154018683, 261.3537278318258359 ) ) ;
#5424 = ORIENTED_EDGE ( 'NONE', *, *, #4080, .T. ) ;
#5425 = CARTESIAN_POINT ( 'NONE',  ( 3.335770872489703276, -10.08423850523609744, -61.08048033209797012 ) ) ;
#5426 = CARTESIAN_POINT ( 'NONE',  ( -48.25507873125059888, 27.77445928117071716, 273.6102243495645325 ) ) ;
#5427 = CARTESIAN_POINT ( 'NONE',  ( -24.45514282142428186, 34.03033067479747587, 71.95588844210854518 ) ) ;
#5428 = DIRECTION ( 'NONE',  ( 0.000000000000000000, -0.9971851335251159520, -0.07497872682632604480 ) ) ;
#5429 = CARTESIAN_POINT ( 'NONE',  ( -1.858106627752705187, 36.99728569702485714, 318.0967479734027279 ) ) ;
#5430 = CARTESIAN_POINT ( 'NONE',  ( 7.356618632885303377, 41.93685487068503193, 255.0056779019741384 ) ) ;
#5431 = CARTESIAN_POINT ( 'NONE',  ( -2.157746065596713780, 47.43923580062173784, 180.7376766213325539 ) ) ;
#5432 = CARTESIAN_POINT ( 'NONE',  ( -0.6583047484764391610, 47.13654566807250035, 155.6928415244869939 ) ) ;
#5433 = CARTESIAN_POINT ( 'NONE',  ( 0.1458392934508238592, 21.48894132387873057, 420.2373190762346553 ) ) ;
#5434 = CARTESIAN_POINT ( 'NONE',  ( 5.509241318674111968E-10, 38.88521462212378310, 331.4493103003381975 ) ) ;
#5435 = CARTESIAN_POINT ( 'NONE',  ( 0.1183311419497254102, 33.48505349053851887, 347.0900836946053118 ) ) ;
#5436 = CARTESIAN_POINT ( 'NONE',  ( 0.000000000000000000, 20.11671744806442774, 444.2109482500774220 ) ) ;
#5437 = STYLED_ITEM ( 'NONE', ( #1927 ), #1674 ) ;
#5438 = DIRECTION ( 'NONE',  ( 1.000000000000000000, 0.000000000000000000, 0.000000000000000000 ) ) ;
#5439 = CARTESIAN_POINT ( 'NONE',  ( -22.35612406372655059, 33.37977898343175553, 324.8989240259115263 ) ) ;
#5440 = CARTESIAN_POINT ( 'NONE',  ( -0.2352518795673175789, 24.12758331671878054, 406.3087876165258194 ) ) ;
#5441 = CARTESIAN_POINT ( 'NONE',  ( 8.061028088713930728, 36.11611841618508834, 323.5702856826015363 ) ) ;
#5442 = CARTESIAN_POINT ( 'NONE',  ( -2.535231552508385722, 40.49633897959859041, 280.9201702960318698 ) ) ;
#5443 = CARTESIAN_POINT ( 'NONE',  ( -86.78479610272228228, -8.426922040965695970, 51.82892328279097427 ) ) ;
#5444 = EDGE_CURVE ( 'NONE', #5221, #4446, #2608, .T. ) ;
#5445 = CARTESIAN_POINT ( 'NONE',  ( -3.066662445442833729, 43.38720806061537161, 279.3396071913396668 ) ) ;
#5446 = VECTOR ( 'NONE', #8787, 1000.000000000000000 ) ;
#5447 = ORIENTED_EDGE ( 'NONE', *, *, #8460, .F. ) ;
#5448 = ORIENTED_EDGE ( 'NONE', *, *, #3529, .F. ) ;
#5449 = CARTESIAN_POINT ( 'NONE',  ( 150.0000000000000568, 14.41729715668834189, 243.9122022442739706 ) ) ;
#5450 = ORIENTED_EDGE ( 'NONE', *, *, #8858, .T. ) ;
#5451 = CIRCLE ( 'NONE', #8743, 1.000000000000000666 ) ;
#5452 = FACE_OUTER_BOUND ( 'NONE', #3975, .T. ) ;
#5453 = CARTESIAN_POINT ( 'NONE',  ( -0.5312016326890665052, 29.01447662925491855, 377.5276006878008843 ) ) ;
#5454 = CARTESIAN_POINT ( 'NONE',  ( -43.49646360692958069, 27.31627969775391662, 298.5849340339111109 ) ) ;
#5455 = CARTESIAN_POINT ( 'NONE',  ( 7.428457128689834654, 36.72296269951603875, 318.6383304806496426 ) ) ;
#5456 = CARTESIAN_POINT ( 'NONE',  ( 48.99589254714335596, 27.14358291691885938, 278.6291300477626578 ) ) ;
#5457 = EDGE_CURVE ( 'NONE', #4605, #1002, #7865, .T. ) ;
#5458 = CARTESIAN_POINT ( 'NONE',  ( -2.095153220187304655, 45.29740668779885482, 261.2122569988541159 ) ) ;
#5459 = CARTESIAN_POINT ( 'NONE',  ( 12.53024648189237311, -15.07893345480093927, -60.27095919175482663 ) ) ;
#5460 = CARTESIAN_POINT ( 'NONE',  ( 0.000000000000000000, -1.100564968850144654, 529.4234485653213369 ) ) ;
#5461 = CARTESIAN_POINT ( 'NONE',  ( -1.773280000088998332, 27.82273598437051021, 384.5606943083604392 ) ) ;
#5462 = CARTESIAN_POINT ( 'NONE',  ( -0.1067304120117177346, 34.53067097847765154, 339.1376225290459843 ) ) ;
#5463 = VERTEX_POINT ( 'NONE', #2575 ) ;
#5464 = CARTESIAN_POINT ( 'NONE',  ( -33.68683632521162963, 29.81189936120463102, 315.7381828495497871 ) ) ;
#5465 = DIRECTION ( 'NONE',  ( 0.000000000000000000, 0.1897509006088692884, -0.9818322645534331983 ) ) ;
#5466 = VERTEX_POINT ( 'NONE', #8742 ) ;
#5467 = CARTESIAN_POINT ( 'NONE',  ( -0.07102406034819033764, 39.22711612123176650, 296.6405066478434946 ) ) ;
#5468 = CARTESIAN_POINT ( 'NONE',  ( 0.8073215231016520610, 43.22210835474044188, 281.9170185761331027 ) ) ;
#5469 = FACE_OUTER_BOUND ( 'NONE', #8221, .T. ) ;
#5470 = CARTESIAN_POINT ( 'NONE',  ( -49.85961770655306680, 26.84856272507732200, 278.7166935975973843 ) ) ;
#5471 = CARTESIAN_POINT ( 'NONE',  ( 149.9999999999999716, 1.632909915346569596, 401.7829050630052166 ) ) ;
#5472 =( NAMED_UNIT ( * ) SI_UNIT ( $, .STERADIAN. ) SOLID_ANGLE_UNIT ( ) );
#5473 = ORIENTED_EDGE ( 'NONE', *, *, #5275, .F. ) ;
#5474 = CARTESIAN_POINT ( 'NONE',  ( 3.334374282861684691, -8.670514282707921794, -59.62443636531153857 ) ) ;
#5475 = CARTESIAN_POINT ( 'NONE',  ( -24.54877487504606748, 38.66041352850114521, 255.0493118463000997 ) ) ;
#5476 = B_SPLINE_CURVE_WITH_KNOTS ( 'NONE', 3,
 ( #3470, #6221, #576, #1344, #4641, #7513, #38, #4060, #5551, #8772 ),
 .UNSPECIFIED., .F., .F.,
 ( 4, 2, 2, 2, 4 ),
 ( 0.000000000000000000, 0.006200269957483346521, 0.01240053991496669304, 0.01860080987245003870, 0.02480107982993339302 ),
 .UNSPECIFIED. ) ;
#5477 = CARTESIAN_POINT ( 'NONE',  ( -15.72543249365326190, 39.69596390789772045, 274.6770523385716274 ) ) ;
#5478 = CARTESIAN_POINT ( 'NONE',  ( 1.974914245429317816, 47.28203194932483200, 155.6413165022189844 ) ) ;
#5479 = CARTESIAN_POINT ( 'NONE',  ( 0.000000000000000000, -9.605528623052503434, 557.6875022617330160 ) ) ;
#5480 = CARTESIAN_POINT ( 'NONE',  ( 42.52946571110216212, 30.80979676558966318, 262.1894168136028043 ) ) ;
#5481 = CARTESIAN_POINT ( 'NONE',  ( 0.000000000000000000, 45.95997642549459528, 252.6905689360423537 ) ) ;
#5482 = CARTESIAN_POINT ( 'NONE',  ( 0.000000000000000000, 34.15347802815850997, 41.94911547631893001 ) ) ;
#5483 = CARTESIAN_POINT ( 'NONE',  ( -13.08347402637241608, 23.08727797370003287, 400.8631180463175951 ) ) ;
#5484 = CARTESIAN_POINT ( 'NONE',  ( -0.006928926598365196116, 26.16372133657195320, 413.8493118462999973 ) ) ;
#5485 = CARTESIAN_POINT ( 'NONE',  ( -22.89604889179062397, 29.65121491090623707, 349.7873078236902415 ) ) ;
#5486 = CARTESIAN_POINT ( 'NONE',  ( 0.000000000000000000, -8.823511411159953965, 555.1857276250582345 ) ) ;
#5487 = CARTESIAN_POINT ( 'NONE',  ( -150.0000000000000284, -1.592874936842195055, 207.1259537470125736 ) ) ;
#5488 = CARTESIAN_POINT ( 'NONE',  ( 0.2559211958557015554, 36.83902793815033050, 319.6336087769331584 ) ) ;
#5489 = CARTESIAN_POINT ( 'NONE',  ( -0.08411748572938995694, 22.82817946053910418, 413.2987206337842281 ) ) ;
#5490 = CARTESIAN_POINT ( 'NONE',  ( 1.856755672499726506, 36.36478756457540840, 323.7045890169566746 ) ) ;
#5491 = CARTESIAN_POINT ( 'NONE',  ( -3.334374282861684691, -8.670514282707921794, -59.62443636531153857 ) ) ;
#5492 = PLANE ( 'NONE',  #7026 ) ;
#5493 = CARTESIAN_POINT ( 'NONE',  ( 5.464712794160148768, 189.1210325244939554, 267.9569137512659722 ) ) ;
#5494 = VERTEX_POINT ( 'NONE', #7299 ) ;
#5495 = ORIENTED_EDGE ( 'NONE', *, *, #2973, .F. ) ;
#5496 = CARTESIAN_POINT ( 'NONE',  ( 0.000000000000000000, 47.03654387356198185, 229.1256845389213481 ) ) ;
#5497 = CARTESIAN_POINT ( 'NONE',  ( -6.094475123785163539, 34.57465195838152994, 337.1773428160958019 ) ) ;
#5498 = CARTESIAN_POINT ( 'NONE',  ( 6.391342296736449491, 28.85784920816957211, 376.1628129182300881 ) ) ;
#5499 = CARTESIAN_POINT ( 'NONE',  ( -10.98025708407749512, 39.93354284339298488, 281.5502304624308749 ) ) ;
#5500 = CARTESIAN_POINT ( 'NONE',  ( 20.61357379705705384, 34.58731117864226690, 318.7391876691324342 ) ) ;
#5501 = CARTESIAN_POINT ( 'NONE',  ( 44.67165975878869233, 29.71014154996010959, 265.6434609888639784 ) ) ;
#5502 = CARTESIAN_POINT ( 'NONE',  ( -1.909807904606792395, 45.31129668204820149, 261.1137505641831922 ) ) ;
#5503 = CARTESIAN_POINT ( 'NONE',  ( -2.857415808226826837, -9.927841435840775830, -61.03830314543180435 ) ) ;
#5504 = CARTESIAN_POINT ( 'NONE',  ( -7.182069076493386106, -7.765377059782173852, 549.2849336186909568 ) ) ;
#5505 = CARTESIAN_POINT ( 'NONE',  ( -15.34389805200103041, 25.40477203654382166, 386.3250526347418941 ) ) ;
#5506 = CARTESIAN_POINT ( 'NONE',  ( 3.179934549025832169, 35.50845798517548246, 330.7014595289742829 ) ) ;
#5507 = ORIENTED_EDGE ( 'NONE', *, *, #4686, .F. ) ;
#5508 = ADVANCED_FACE ( 'NONE', ( #4656 ), #4523, .F. ) ;
#5509 = CARTESIAN_POINT ( 'NONE',  ( 0.2566314387227445204, 37.51984600434831663, 313.4097786836532578 ) ) ;
#5510 = CARTESIAN_POINT ( 'NONE',  ( 7.500000000000000000, 24.36919056684536145, 400.8369885875870864 ) ) ;
#5511 = ORIENTED_EDGE ( 'NONE', *, *, #3413, .F. ) ;
#5512 = CARTESIAN_POINT ( 'NONE',  ( 0.7202873157625708789, 38.40089402396508689, 305.1406432504290365 ) ) ;
#5513 = CARTESIAN_POINT ( 'NONE',  ( 2.738779034718612504, 43.27944527717787082, 280.6451825778605098 ) ) ;
#5514 = DIRECTION ( 'NONE',  ( -1.000000000000000000, 0.000000000000000000, 0.000000000000000000 ) ) ;
#5515 = CARTESIAN_POINT ( 'NONE',  ( -27.82482969807734463, 36.99517943839634171, 264.7161670167899388 ) ) ;
#5516 = CARTESIAN_POINT ( 'NONE',  ( 38.04577553118386390, 6.899135327763927350, 435.0771627741435736 ) ) ;
#5517 = EDGE_CURVE ( 'NONE', #4171, #8732, #6281, .T. ) ;
#5518 = CARTESIAN_POINT ( 'NONE',  ( -0.4666624454428923707, 44.78686955249617796, 261.3537278318258927 ) ) ;
#5519 = ORIENTED_EDGE ( 'NONE', *, *, #3965, .T. ) ;
#5520 = CARTESIAN_POINT ( 'NONE',  ( 28.58244982384469424, -15.21890313945408657, -45.70561207615780575 ) ) ;
#5521 = CARTESIAN_POINT ( 'NONE',  ( -42.37718265838817899, 30.86041484066960550, 262.7713318501528761 ) ) ;
#5522 = CARTESIAN_POINT ( 'NONE',  ( 47.84052227212200137, 23.84739074935593806, 316.9284944285807342 ) ) ;
#5523 = CARTESIAN_POINT ( 'NONE',  ( -27.34342770130426814, 36.65141819899922382, 271.9856171934825966 ) ) ;
#5524 = CARTESIAN_POINT ( 'NONE',  ( 0.000000000000000000, 45.77999709477325752, 130.5726553802304295 ) ) ;
#5525 = LINE ( 'NONE', #1266, #3523 ) ;
#5526 = CARTESIAN_POINT ( 'NONE',  ( 14.38537002215522875, 41.39023253798563218, 248.8891207966885588 ) ) ;
#5527 = STYLED_ITEM ( 'NONE', ( #6258 ), #7623 ) ;
#5528 = CARTESIAN_POINT ( 'NONE',  ( 0.7020998398433726528, 45.86371172239648786, 130.5683831685448695 ) ) ;
#5529 = CARTESIAN_POINT ( 'NONE',  ( -1.848321708431225563, 47.83361918596382623, 180.4427191032446558 ) ) ;
#5530 = CARTESIAN_POINT ( 'NONE',  ( -9.287600428651499485, 23.59742603059125443, 403.1732084938272465 ) ) ;
#5531 = CARTESIAN_POINT ( 'NONE',  ( -8.966662445443102314, 37.81381102643348413, 307.2226186400166057 ) ) ;
#5532 = CARTESIAN_POINT ( 'NONE',  ( -5.200574811384425011, 33.42478529889862671, 346.4799451902734404 ) ) ;
#5533 = CARTESIAN_POINT ( 'NONE',  ( 7.189961064043363770, -9.266056063442162483, 554.1745012121198215 ) ) ;
#5534 = AXIS2_PLACEMENT_3D ( 'NONE', #68, #5577, #6105 ) ;
#5535 = CARTESIAN_POINT ( 'NONE',  ( -12.54926442142181209, -19.83559714904187743, -65.17547834017919683 ) ) ;
#5536 = CARTESIAN_POINT ( 'NONE',  ( -27.20851006881075662, 32.03957006606016478, 321.3285459009154579 ) ) ;
#5537 = CARTESIAN_POINT ( 'NONE',  ( 1.424240510898359791, 24.08938873238193779, 406.0947689251985935 ) ) ;
#5538 = CARTESIAN_POINT ( 'NONE',  ( 1.482937896541882461, 36.36936749631112775, 323.7120358767706421 ) ) ;
#5539 = CARTESIAN_POINT ( 'NONE',  ( -0.000000000000000000, -24.70179936576349533, -76.17517795805076730 ) ) ;
#5540 = DIRECTION ( 'NONE',  ( 0.000000000000000000, -0.9818322645534333093, -0.1897509006088693162 ) ) ;
#5541 = PRESENTATION_STYLE_ASSIGNMENT (( #2689 ) ) ;
#5542 = ORIENTED_EDGE ( 'NONE', *, *, #432, .F. ) ;
#5543 = VERTEX_POINT ( 'NONE', #7255 ) ;
#5544 = CARTESIAN_POINT ( 'NONE',  ( -1.232214472287483709, 47.77296557967702739, 180.4880816561268375 ) ) ;
#5545 = VECTOR ( 'NONE', #5428, 999.9999999999998863 ) ;
#5546 = CARTESIAN_POINT ( 'NONE',  ( 1.035104360791343492, 30.18139730459027703, 369.9429313215763955 ) ) ;
#5547 = CARTESIAN_POINT ( 'NONE',  ( -17.61656456272294946, 38.74054848006714735, 283.3173055825068332 ) ) ;
#5548 = CARTESIAN_POINT ( 'NONE',  ( -0.4558570147680436890, 37.01180109339852464, 318.0807906915241006 ) ) ;
#5549 = LINE ( 'NONE', #2120, #1036 ) ;
#5550 = CARTESIAN_POINT ( 'NONE',  ( -24.54877485359442701, 60.00000000000000711, 279.4493118463001906 ) ) ;
#5551 = CARTESIAN_POINT ( 'NONE',  ( -2.076782819391097323, 45.66962579528814103, 255.0493126497360095 ) ) ;
#5552 = CARTESIAN_POINT ( 'NONE',  ( 0.7032787781051501597, 2.973172933655187311, 514.9865767782636112 ) ) ;
#5553 = CARTESIAN_POINT ( 'NONE',  ( -12.79194951921696344, 28.27286016164848093, 373.9005888981245107 ) ) ;
#5554 = CARTESIAN_POINT ( 'NONE',  ( -0.09990144937621919796, 35.53128161825706854, 330.8662646696218417 ) ) ;
#5555 = ORIENTED_EDGE ( 'NONE', *, *, #7039, .T. ) ;
#5556 = CARTESIAN_POINT ( 'NONE',  ( -0.5291125795124020925, 37.40573429251386273, 314.4689046089840190 ) ) ;
#5557 = CARTESIAN_POINT ( 'NONE',  ( 0.7212232300858916201, 37.51496696719075175, 313.4364345066450710 ) ) ;
#5558 = LINE ( 'NONE', #3568, #1413 ) ;
#5559 = LINE ( 'NONE', #8378, #5241 ) ;
#5560 = CARTESIAN_POINT ( 'NONE',  ( -26.14564423487034972, 37.69714181633580807, 263.5953438513327569 ) ) ;
#5561 = EDGE_CURVE ( 'NONE', #8924, #1787, #6390, .T. ) ;
#5562 = CARTESIAN_POINT ( 'NONE',  ( 150.0000000000003126, 4.384157842436207098, 385.9904724453040785 ) ) ;
#5563 = PRODUCT_CONTEXT ( 'NONE', #3225, 'mechanical' ) ;
#5564 = VERTEX_POINT ( 'NONE', #10 ) ;
#5565 = CARTESIAN_POINT ( 'NONE',  ( -2.856219491863008830, -8.493023692875212305, -59.56494007984454697 ) ) ;
#5566 = CARTESIAN_POINT ( 'NONE',  ( 5.464712794160139886, 41.94907476696410953, 256.8909986606661278 ) ) ;
#5567 = CARTESIAN_POINT ( 'NONE',  ( -0.4558648983518074904, 37.12618728907464316, 317.0440512697345525 ) ) ;
#5568 = CARTESIAN_POINT ( 'NONE',  ( -23.96253438127438784, 37.98134938362237989, 270.0883988661252033 ) ) ;
#5569 = CARTESIAN_POINT ( 'NONE',  ( -2.305531241410820442, 46.80903969351554395, 155.8088301420164328 ) ) ;
#5571 = EDGE_CURVE ( 'NONE', #8570, #4654, #837, .T. ) ;
#5570 = CARTESIAN_POINT ( 'NONE',  ( -9.631319324692816153, -9.937326209155806112, 546.2879777790365097 ) ) ;
#5572 = CARTESIAN_POINT ( 'NONE',  ( 45.12669979811340681, 28.67054313134152466, 276.3905225893601028 ) ) ;
#5573 = CARTESIAN_POINT ( 'NONE',  ( -47.31906922256366244, 16.34140955976334197, 320.0000000000000568 ) ) ;
#5574 = EDGE_CURVE ( 'NONE', #1894, #7778, #3486, .T. ) ;
#5575 = CARTESIAN_POINT ( 'NONE',  ( -1.578577519813644470, 40.94661473732806911, 79.90822356737034227 ) ) ;
#5576 = CARTESIAN_POINT ( 'NONE',  ( -10.09582072582513845, 22.14014739174872304, 409.4346495960413677 ) ) ;
#5577 = DIRECTION ( 'NONE',  ( -0.000000000000000000, -0.000000000000000000, -1.000000000000000000 ) ) ;
#5578 = CARTESIAN_POINT ( 'NONE',  ( -30.59695704689392670, 26.86323599677167095, 347.3292031352384583 ) ) ;
#5579 = CARTESIAN_POINT ( 'NONE',  ( -1.463168471159988160, -9.541087452738985064, 557.6191052689168828 ) ) ;
#5580 = DIRECTION ( 'NONE',  ( 0.000000000000000000, 0.000000000000000000, -1.000000000000000000 ) ) ;
#5581 = CARTESIAN_POINT ( 'NONE',  ( 0.05450733327603211192, 36.60808720843409958, 321.6983483747325181 ) ) ;
#5582 = CARTESIAN_POINT ( 'NONE',  ( -0.1458392934508238592, 21.48894132387873057, 420.2373190762346553 ) ) ;
#5583 = CARTESIAN_POINT ( 'NONE',  ( 1.479818109739626131, 35.18138413714749646, 333.6880611724667460 ) ) ;
#5584 = CARTESIAN_POINT ( 'NONE',  ( -86.91359524864041930, -11.34795942607654595, 48.66319268689352384 ) ) ;
#5585 = CARTESIAN_POINT ( 'NONE',  ( 44.79208460059816588, 23.12775989327775505, 331.4493103031248324 ) ) ;
#5586 = VERTEX_POINT ( 'NONE', #5566 ) ;
#5587 = ORIENTED_EDGE ( 'NONE', *, *, #2088, .T. ) ;
#5588 = CARTESIAN_POINT ( 'NONE',  ( -1.423592574024759250, 42.54900955428178833, 298.0807919074272831 ) ) ;
#5589 = VECTOR ( 'NONE', #675, 1000.000000000000114 ) ;
#5590 = FACE_OUTER_BOUND ( 'NONE', #6886, .T. ) ;
#5591 = CARTESIAN_POINT ( 'NONE',  ( 1.767059334519507363, 30.17517310859752655, 369.8278902270197932 ) ) ;
#5592 = CARTESIAN_POINT ( 'NONE',  ( 0.1099495656878982375, 40.70196979963603923, 279.4886972426339184 ) ) ;
#5593 = CARTESIAN_POINT ( 'NONE',  ( 24.00040832503047739, 33.49624125955401155, 319.2113317720231862 ) ) ;
#5594 = CARTESIAN_POINT ( 'NONE',  ( -2.738145295489130326, 40.44237786041291116, 280.6468487344995992 ) ) ;
#5595 = VECTOR ( 'NONE', #1982, 1000.000000000000227 ) ;
#5596 = CARTESIAN_POINT ( 'NONE',  ( 30.96525200232735386, 39.95795575987726522, 255.8947551156230986 ) ) ;
#5597 = CARTESIAN_POINT ( 'NONE',  ( -1.902130867737947373, -5.765155448703533914, -56.51890096845753675 ) ) ;
#5598 = CARTESIAN_POINT ( 'NONE',  ( 1.434789889613982350, -1.011398729720650369, 529.3086085165732584 ) ) ;
#5599 = CARTESIAN_POINT ( 'NONE',  ( -13.75798019598384414, 28.13312816551689366, 373.5037478704832665 ) ) ;
#5600 = CARTESIAN_POINT ( 'NONE',  ( 0.4925328532972795825, 33.48817113226890285, 347.0288811769763129 ) ) ;
#5601 = EDGE_LOOP ( 'NONE', ( #7434, #2194 ) ) ;
#5602 = VECTOR ( 'NONE', #5096, 1000.000000000000000 ) ;
#5603 = CARTESIAN_POINT ( 'NONE',  ( -0.5289229829124445503, 37.51658351909211575, 313.4310609763912225 ) ) ;
#5604 = CARTESIAN_POINT ( 'NONE',  ( 4.764427578685475062, 38.28401351822898135, 305.4212157928973852 ) ) ;
#5605 = PLANE ( 'NONE',  #7161 ) ;
#5606 = CYLINDRICAL_SURFACE ( 'NONE', #7737, 1.000000000000000666 ) ;
#5607 = CARTESIAN_POINT ( 'NONE',  ( -29.02427883466031489, 37.37648055512160994, 249.9150429550963679 ) ) ;
#5608 = CARTESIAN_POINT ( 'NONE',  ( 52.26163914926329568, 6.411420321105841147, 377.3440233945722184 ) ) ;
#5609 = CARTESIAN_POINT ( 'NONE',  ( 28.23808762699846042, 3.056412852116027423, -22.60677287783177647 ) ) ;
#5610 = CARTESIAN_POINT ( 'NONE',  ( -27.80215391191102370, 37.55220883816345179, 255.2535817657832808 ) ) ;
#5611 = UNCERTAINTY_MEASURE_WITH_UNIT (LENGTH_MEASURE( 1.000000000000000082E-05 ), #4026, 'distance_accuracy_value', 'NONE');
#5612 = CARTESIAN_POINT ( 'NONE',  ( 5.437993812873209265, 37.05782690727600226, 316.6127629288027379 ) ) ;
#5613 = CARTESIAN_POINT ( 'NONE',  ( -0.4490042884856816907, 42.45783480700290369, 253.2456423972776918 ) ) ;
#5614 = EDGE_CURVE ( 'NONE', #2193, #3345, #2720, .T. ) ;
#5615 = CARTESIAN_POINT ( 'NONE',  ( -48.66052223538312660, 20.01856953383997606, 283.3055368768748394 ) ) ;
#5616 = CYLINDRICAL_SURFACE ( 'NONE', #1546, 1.000000000000000888 ) ;
#5617 = CARTESIAN_POINT ( 'NONE',  ( 1.087019692520877934, 41.86963477937513289, 262.1616491642424762 ) ) ;
#5618 = CARTESIAN_POINT ( 'NONE',  ( 75.08352271041381698, 23.83992530242385399, 133.1794009662679912 ) ) ;
#5619 = CARTESIAN_POINT ( 'NONE',  ( 0.5066989070127417838, 24.13299750668950949, 406.3360408976795952 ) ) ;
#5620 = CARTESIAN_POINT ( 'NONE',  ( -42.75445932639104285, 25.75585501620750151, 334.4493103031246051 ) ) ;
#5621 = CARTESIAN_POINT ( 'NONE',  ( 0.03439304440980298777, 32.39860724998167285, 354.8227853485888659 ) ) ;
#5622 = CARTESIAN_POINT ( 'NONE',  ( 7.118748418129577260, -1.685585176228954429, 528.7463543470161085 ) ) ;
#5623 = EDGE_CURVE ( 'NONE', #1167, #877, #1103, .T. ) ;
#5624 = EDGE_CURVE ( 'NONE', #7778, #3747, #8309, .T. ) ;
#5625 = CARTESIAN_POINT ( 'NONE',  ( -12.51122854236293591, -10.32226976056000467, -55.36644004333045643 ) ) ;
#5626 = CARTESIAN_POINT ( 'NONE',  ( -20.60994400753022049, 34.07224285046738288, 323.2187095726665689 ) ) ;
#5627 = CARTESIAN_POINT ( 'NONE',  ( 5.154063167787933608, 21.24861165961153731, 419.1347107358867561 ) ) ;
#5628 = CARTESIAN_POINT ( 'NONE',  ( 10.57761285024858111, 34.78334723554497288, 333.0200875699271705 ) ) ;
#5629 = CARTESIAN_POINT ( 'NONE',  ( -85.15847978174487309, 3.904776106732709806, 71.64136231852130265 ) ) ;
#5630 = CARTESIAN_POINT ( 'NONE',  ( 0.000000000000000000, 36.16042726719889799, 328.4493103031245482 ) ) ;
#5631 = CARTESIAN_POINT ( 'NONE',  ( -7.500000000000000000, 20.81336334461917303, 425.6312990209411282 ) ) ;
#5632 = VERTEX_POINT ( 'NONE', #4173 ) ;
#5633 = ORIENTED_EDGE ( 'NONE', *, *, #1700, .F. ) ;
#5634 = CARTESIAN_POINT ( 'NONE',  ( -0.5768058027885383243, 47.66852144650732015, 205.0091658014256382 ) ) ;
#5635 = ADVANCED_FACE ( 'NONE', ( #2135 ), #1314, .T. ) ;
#5636 = CARTESIAN_POINT ( 'NONE',  ( 0.2647535961011898142, 35.18037080807953032, 333.7927619276793507 ) ) ;
#5637 = CARTESIAN_POINT ( 'NONE',  ( 3.197023901188299710, 27.79333265897677663, 384.2855406717999927 ) ) ;
#5638 = CARTESIAN_POINT ( 'NONE',  ( -5.683474540106049133, 41.04605130958321269, 271.8959700424844073 ) ) ;
#5639 = CARTESIAN_POINT ( 'NONE',  ( 6.106355940104155167, 36.74412177071068442, 319.1316619045320522 ) ) ;
#5640 = CARTESIAN_POINT ( 'NONE',  ( 42.75445932639104285, 25.75585501620750151, 334.4493103031246051 ) ) ;
#5641 = CARTESIAN_POINT ( 'NONE',  ( 27.81750625651865860, 41.17574347910939281, 255.2154784944652874 ) ) ;
#5642 = CARTESIAN_POINT ( 'NONE',  ( 0.000000000000000000, -5.832248506198543403, -56.54747634531298672 ) ) ;
#5643 = CARTESIAN_POINT ( 'NONE',  ( -150.0000000000000568, 0.2544905633191389405, 409.6453932724846823 ) ) ;
#5644 = CARTESIAN_POINT ( 'NONE',  ( -20.89464278481698756, 26.74317544494449805, 370.2733164743508496 ) ) ;
#5645 = CARTESIAN_POINT ( 'NONE',  ( 6.480694020707807645, 34.41295695059121584, 338.5453401440744869 ) ) ;
#5646 = B_SPLINE_CURVE_WITH_KNOTS ( 'NONE', 3,
 ( #4714, #3260, #6781, #602 ),
 .UNSPECIFIED., .F., .F.,
 ( 4, 4 ),
 ( 4.336808689942017736E-19, 0.0004667199989830107224 ),
 .UNSPECIFIED. ) ;
#5647 = ORIENTED_EDGE ( 'NONE', *, *, #2518, .T. ) ;
#5648 = CARTESIAN_POINT ( 'NONE',  ( -22.37390703695765382, 34.39322332286108264, 316.0914593826434498 ) ) ;
#5649 = CARTESIAN_POINT ( 'NONE',  ( 2.607852287749441000, 37.48743515587788977, 313.4908029738016353 ) ) ;
#5650 = FACE_OUTER_BOUND ( 'NONE', #4277, .T. ) ;
#5651 = CARTESIAN_POINT ( 'NONE',  ( 0.000000000000000000, 45.40165219869580682, 260.7912705906431938 ) ) ;
#5652 = LINE ( 'NONE', #4972, #8728 ) ;
#5653 = LINE ( 'NONE', #4470, #2404 ) ;
#5654 = CARTESIAN_POINT ( 'NONE',  ( -1.825295035117260989, 20.79892886237578864, -7.076416356319450429 ) ) ;
#5655 = CARTESIAN_POINT ( 'NONE',  ( -22.32960331534437870, 18.46623086162715666, 405.6696295414720339 ) ) ;
#5656 = CARTESIAN_POINT ( 'NONE',  ( -26.86202570453119520, 36.30765695960210593, 279.2550673701751975 ) ) ;
#5657 = CARTESIAN_POINT ( 'NONE',  ( -13.89565711704575790, 43.38650797797856740, 278.5011269604131598 ) ) ;
#5658 = CARTESIAN_POINT ( 'NONE',  ( -2.824464014297107362, 45.16565630685963839, 262.8407211534302519 ) ) ;
#5659 = CARTESIAN_POINT ( 'NONE',  ( 6.504696906704055870, 41.49733519050080588, 263.4230666115911959 ) ) ;
#5660 = CARTESIAN_POINT ( 'NONE',  ( 48.66052223538312660, 20.01856953383997606, 283.3055368768748394 ) ) ;
#5661 = CARTESIAN_POINT ( 'NONE',  ( -3.872503947116438638, 23.99948954508225185, 405.5527932757860299 ) ) ;
#5662 = CARTESIAN_POINT ( 'NONE',  ( -41.75445932639104285, 25.75585501620750151, 334.4493103031246051 ) ) ;
#5663 = CARTESIAN_POINT ( 'NONE',  ( -18.09116916702596711, 33.00230617920714593, 337.0730345738087408 ) ) ;
#5664 = CARTESIAN_POINT ( 'NONE',  ( -1.463589819017925731, -9.937233235580697155, 558.8774522703039338 ) ) ;
#5665 = CARTESIAN_POINT ( 'NONE',  ( -150.0000000000000284, 1.252786731943029253, 209.9251019480679190 ) ) ;
#5666 = CARTESIAN_POINT ( 'NONE',  ( -0.3354100272750593636, 36.83878631597308129, 319.6333443673732972 ) ) ;
#5667 = CARTESIAN_POINT ( 'NONE',  ( 5.158392626784038093, 22.61684470888687670, 412.1922849404305680 ) ) ;
#5668 = CARTESIAN_POINT ( 'NONE',  ( 0.7150868184288868834, 35.18324337856318351, 333.7348630148283064 ) ) ;
#5669 = CARTESIAN_POINT ( 'NONE',  ( -86.04165046946579309, -0.9836248390333799385, 62.57548133218611497 ) ) ;
#5670 = CARTESIAN_POINT ( 'NONE',  ( 0.000000000000000000, 44.95469195551667241, 261.3537278318255517 ) ) ;
#5671 = DIRECTION ( 'NONE',  ( 1.595576373711320895E-14, -0.07497872682632604480, 0.9971851335251159520 ) ) ;
#5672 = ORIENTED_EDGE ( 'NONE', *, *, #6759, .F. ) ;
#5673 = AXIS2_PLACEMENT_3D ( 'NONE', #3860, #1824, #5976 ) ;
#5674 = EDGE_LOOP ( 'NONE', ( #8885, #5179, #3385, #6792 ) ) ;
#5675 = EDGE_CURVE ( 'NONE', #8499, #1446, #2732, .T. ) ;
#5676 = CARTESIAN_POINT ( 'NONE',  ( 50.87203371489453474, 19.93273469430910438, 264.0063586441475536 ) ) ;
#5677 = CARTESIAN_POINT ( 'NONE',  ( -5.427713734918488520, 34.60506383059657765, 337.2397971028794359 ) ) ;
#5678 = CARTESIAN_POINT ( 'NONE',  ( -0.2433209659042304407, 27.84430203775490043, 384.8646862355368512 ) ) ;
#5679 = CARTESIAN_POINT ( 'NONE',  ( 24.00100231621342672, 33.54559786271682498, 318.7744323586456971 ) ) ;
#5680 = CARTESIAN_POINT ( 'NONE',  ( 0.003294345898725401563, 37.16042184082672861, 334.4493103031246051 ) ) ;
#5681 = ADVANCED_FACE ( 'NONE', ( #1305 ), #7659, .T. ) ;
#5682 = CARTESIAN_POINT ( 'NONE',  ( 0.000000000000000000, 43.23531604227880365, 281.9339774583896769 ) ) ;
#5683 = CARTESIAN_POINT ( 'NONE',  ( 47.78858919189465126, 31.70768838674209533, 271.9669597133244565 ) ) ;
#5684 = CARTESIAN_POINT ( 'NONE',  ( 150.0000000000000568, 3.860833271709796399, 212.5989338358691612 ) ) ;
#5685 = CARTESIAN_POINT ( 'NONE',  ( -0.000000000000000000, 33.00663486714321948, 373.9510729335937640 ) ) ;
#5686 = CARTESIAN_POINT ( 'NONE',  ( 0.1242869290748279260, 29.01333087626714402, 377.4764576087261503 ) ) ;
#5687 = CARTESIAN_POINT ( 'NONE',  ( 29.19197937643454566, 29.41152026540485309, 335.1926316230994303 ) ) ;
#5688 = ADVANCED_FACE ( 'NONE', ( #2761, #4069 ), #3525, .F. ) ;
#5689 = VERTEX_POINT ( 'NONE', #7523 ) ;
#5690 = CARTESIAN_POINT ( 'NONE',  ( -0.7202873157625716560, 38.40089402396507268, 305.1406432504292070 ) ) ;
#5691 = CARTESIAN_POINT ( 'NONE',  ( -0.2566314387226406035, 37.51984600434833794, 313.4097786836532578 ) ) ;
#5692 = CARTESIAN_POINT ( 'NONE',  ( 17.37108130523227345, 19.79899576470305789, 409.1570033736893492 ) ) ;
#5693 = DIRECTION ( 'NONE',  ( 1.000000000000000000, 0.000000000000000000, 0.000000000000000000 ) ) ;
#5694 = CARTESIAN_POINT ( 'NONE',  ( -3.066662445442833729, 43.38720806061537161, 279.3396071913396668 ) ) ;
#5695 = CARTESIAN_POINT ( 'NONE',  ( -1.459071100982355595, -7.213087860121786932, 550.1242434627826015 ) ) ;
#5696 = CARTESIAN_POINT ( 'NONE',  ( 84.37654678365758798, 7.016731582859186744, 78.37539727634437270 ) ) ;
#5697 = CARTESIAN_POINT ( 'NONE',  ( -38.97126553287401407, 27.14801059271002259, 318.1743293765670728 ) ) ;
#5698 = CARTESIAN_POINT ( 'NONE',  ( -13.42993013484968756, 41.72605030748574251, 299.6411483311551933 ) ) ;
#5699 = CARTESIAN_POINT ( 'NONE',  ( -2.995109978902184444, 45.12807831844018835, 263.3198818789495590 ) ) ;
#5700 = ORIENTED_EDGE ( 'NONE', *, *, #8410, .T. ) ;
#5701 = CARTESIAN_POINT ( 'NONE',  ( 1.491837313981530411, 41.29747703570838269, 271.0348508558083154 ) ) ;
#5702 = CARTESIAN_POINT ( 'NONE',  ( 15.55331741631335696, 45.35218854345084338, 234.3705618064915370 ) ) ;
#5703 = CARTESIAN_POINT ( 'NONE',  ( 0.4689504172915145430, 26.63616733131049230, 392.1122694326501801 ) ) ;
#5704 = CARTESIAN_POINT ( 'NONE',  ( 0.4666624454429351143, 43.22798668596866634, 281.9339774583893927 ) ) ;
#5705 = CARTESIAN_POINT ( 'NONE',  ( -11.14819786468067520, 34.05634799499522813, 338.0148138927427226 ) ) ;
#5706 = CARTESIAN_POINT ( 'NONE',  ( -8.966662445442736384, 189.1735176332723825, 267.2588841577982066 ) ) ;
#5707 = CARTESIAN_POINT ( 'NONE',  ( -28.42755645119725472, -3.288475361452404488, -32.29124967184177564 ) ) ;
#5708 = CARTESIAN_POINT ( 'NONE',  ( -18.86184769108225723, 34.97327482385801289, 319.6371542534133141 ) ) ;
#5709 = CARTESIAN_POINT ( 'NONE',  ( 0.6439064240737043532, 21.46413043535089571, 420.1635225391703443 ) ) ;
#5710 = CARTESIAN_POINT ( 'NONE',  ( 32.00097254872751051, 29.18982195277993696, 327.4987854599041839 ) ) ;
#5711 = CARTESIAN_POINT ( 'NONE',  ( -150.0000000000000000, 6.573444530005628117, 217.0034385749200965 ) ) ;
#5712 = CARTESIAN_POINT ( 'NONE',  ( -1.776607088420195879, 44.70005074056442140, 261.6817871869837404 ) ) ;
#5713 = CARTESIAN_POINT ( 'NONE',  ( 0.000000000000000000, 0.000000000000000000, 331.4493103031246051 ) ) ;
#5714 = ORIENTED_EDGE ( 'NONE', *, *, #7032, .F. ) ;
#5715 = EDGE_LOOP ( 'NONE', ( #4992, #42, #4993, #6345 ) ) ;
#5716 = CARTESIAN_POINT ( 'NONE',  ( 1.676507941506811594, 36.02744328790266337, 354.3090623948346547 ) ) ;
#5717 = CARTESIAN_POINT ( 'NONE',  ( -0.3313636347334634191, 35.66609974063072031, 329.7955976904917748 ) ) ;
#5718 = CARTESIAN_POINT ( 'NONE',  ( -0.1388695337827896836, 27.84362041768251217, 384.8517814709462073 ) ) ;
#5719 = CARTESIAN_POINT ( 'NONE',  ( 5.436175717683482844, 36.72312077236472305, 319.6319680131570067 ) ) ;
#5720 = CARTESIAN_POINT ( 'NONE',  ( -2.435458188822984482, 43.83248564057804231, 281.9273504746806793 ) ) ;
#5721 = CARTESIAN_POINT ( 'NONE',  ( 0.000000000000000000, 37.16042184082672861, 328.4493103031245482 ) ) ;
#5722 = CARTESIAN_POINT ( 'NONE',  ( -19.38059895082086470, 36.93577387937158818, 331.4493103031246619 ) ) ;
#5723 = CARTESIAN_POINT ( 'NONE',  ( -0.9429501939302636915, 4.886886460646159058, -41.31700136380539590 ) ) ;
#5724 = CARTESIAN_POINT ( 'NONE',  ( -1.008678122121682470E-08, 26.16404423486584818, 413.8493118439171781 ) ) ;
#5725 = CARTESIAN_POINT ( 'NONE',  ( -17.49203660301451535, 27.51591842038320834, 371.9002260510071096 ) ) ;
#5726 = CARTESIAN_POINT ( 'NONE',  ( 19.79044900244596406, 32.58129946888934825, 336.8039990327135911 ) ) ;
#5727 = AXIS2_PLACEMENT_3D ( 'NONE', #7316, #3316, #7359 ) ;
#5728 = ORIENTED_EDGE ( 'NONE', *, *, #8136, .F. ) ;
#5729 = CARTESIAN_POINT ( 'NONE',  ( -6.801240655337234209, 38.16700531573402344, 305.5772578242055033 ) ) ;
#5730 = EDGE_CURVE ( 'NONE', #660, #8443, #5558, .T. ) ;
#5731 = CARTESIAN_POINT ( 'NONE',  ( 18.87532158467196552, 35.48075998458872249, 315.0460891177663711 ) ) ;
#5732 = CARTESIAN_POINT ( 'NONE',  ( 32.57323261736508613, 17.01782132259723568, 390.5681257234759869 ) ) ;
#5733 = DIRECTION ( 'NONE',  ( 2.791794712115605328E-13, -0.06238125841852404374, 0.9980523927119866467 ) ) ;
#5734 = CARTESIAN_POINT ( 'NONE',  ( 3.697024062231994090, 45.05106493880016671, 263.9854789025636137 ) ) ;
#5735 = CARTESIAN_POINT ( 'NONE',  ( -47.38663189115487739, 17.64475135442224030, 308.9228235057746019 ) ) ;
#5736 = CARTESIAN_POINT ( 'NONE',  ( 2.562910308763635570, -10.10991166068970415, 559.0556826788819080 ) ) ;
#5737 = AXIS2_PLACEMENT_3D ( 'NONE', #4077, #6912, #6820 ) ;
#5738 = CARTESIAN_POINT ( 'NONE',  ( 3.268646977093212946, 11.48290530004461019, -28.67737780092130606 ) ) ;
#5739 =( BOUNDED_SURFACE ( )  B_SPLINE_SURFACE ( 3, 2, ( 
 ( #7285, #1111, #7607 ),
 ( #2650, #8228, #5407 ),
 ( #2841, #6125, #8325 ),
 ( #2699, #7649, #6846 ) ),
 .UNSPECIFIED., .F., .F., .T. ) 
 B_SPLINE_SURFACE_WITH_KNOTS ( ( 4, 4 ),
 ( 3, 3 ),
 ( 0.000000000000000000, 0.0004781877497202995488 ),
 ( 0.000000000000000000, 1.000000000000000000 ),
 .UNSPECIFIED. ) 
 GEOMETRIC_REPRESENTATION_ITEM ( )  RATIONAL_B_SPLINE_SURFACE ( (
 ( 1.000000000000000000, 0.6780453355898502510, 1.000000000000000000),
 ( 1.000000000000000000, 0.6780041433285367569, 1.000000000000000000),
 ( 1.000000000000000000, 0.6779622348383529395, 1.000000000000000000),
 ( 1.000000000000000000, 0.6779196428096683213, 1.000000000000000000) ) ) 
 REPRESENTATION_ITEM ( '' )  SURFACE ( )  );
#5740 = CARTESIAN_POINT ( 'NONE',  ( -24.00309418476894407, 33.64335598443048525, 317.9019283634374347 ) ) ;
#5741 = CARTESIAN_POINT ( 'NONE',  ( 1.412905495387613675, 41.02947630906889032, 312.7536838202627791 ) ) ;
#5742 = CARTESIAN_POINT ( 'NONE',  ( -7.911792547608027526, 35.18408221006665570, 331.4493103031245482 ) ) ;
#5743 = CIRCLE ( 'NONE', #4887, 1.000000000000000666 ) ;
#5744 = CARTESIAN_POINT ( 'NONE',  ( 32.24669229427552608, 34.43349546441255882, 274.9056253873098967 ) ) ;
#5745 = CARTESIAN_POINT ( 'NONE',  ( -0.9785259520414012480, 44.46994292845445074, 275.6022355444260938 ) ) ;
#5746 = CARTESIAN_POINT ( 'NONE',  ( -0.03911627155664457178, 25.37653405759866843, 399.1654140922812530 ) ) ;
#5747 = DIRECTION ( 'NONE',  ( 0.000000000000000000, 0.000000000000000000, -1.000000000000000000 ) ) ;
#5748 = CARTESIAN_POINT ( 'NONE',  ( -5.204797361257655908, 34.46717394421958858, 338.6745291756089955 ) ) ;
#5749 = CARTESIAN_POINT ( 'NONE',  ( -7.199780051661552882E-18, 36.16042726719889799, 331.4493103031246051 ) ) ;
#5750 = CARTESIAN_POINT ( 'NONE',  ( -12.49172242615647477, -6.277043314077721980, -50.97366954480303747 ) ) ;
#5751 = CARTESIAN_POINT ( 'NONE',  ( -12.86498325474409654, 36.10089679598034706, 319.6322137752413823 ) ) ;
#5752 = CARTESIAN_POINT ( 'NONE',  ( 28.04969546612305464, 18.10825299593320281, 395.5761384762850525 ) ) ;
#5753 = CARTESIAN_POINT ( 'NONE',  ( -0.06212538961012876310, 35.18143839570983289, 333.7812400822190284 ) ) ;
#5754 = CARTESIAN_POINT ( 'NONE',  ( -84.37654678365758798, 7.016731582859186744, 78.37539727634437270 ) ) ;
#5755 = PLANE ( 'NONE',  #2993 ) ;
#5756 = EDGE_LOOP ( 'NONE', ( #1405, #7121, #2282, #4117 ) ) ;
#5757 = ORIENTED_EDGE ( 'NONE', *, *, #7655, .T. ) ;
#5758 = CARTESIAN_POINT ( 'NONE',  ( 12.50381132325683886, 27.83116567873787162, 396.5693299386862805 ) ) ;
#5759 = CARTESIAN_POINT ( 'NONE',  ( -16.97645176134164657, 34.31541402245208161, 328.8119660846319903 ) ) ;
#5760 = CARTESIAN_POINT ( 'NONE',  ( 1.032377888580131575, 27.83390632256154262, 384.6867128408104577 ) ) ;
#5761 = CARTESIAN_POINT ( 'NONE',  ( 4.040126662486696496, 36.77555458557334589, 319.6322231873436976 ) ) ;
#5762 = CARTESIAN_POINT ( 'NONE',  ( -2.997593098120626465, 43.32662500300998687, 280.0224462408597219 ) ) ;
#5763 = CARTESIAN_POINT ( 'NONE',  ( 0.000000000000000000, 20.81336334461917303, 425.6312990209411282 ) ) ;
#5764 = DIRECTION ( 'NONE',  ( 0.000000000000000000, 0.000000000000000000, -1.000000000000000000 ) ) ;
#5765 = CARTESIAN_POINT ( 'NONE',  ( 85.15847978174487309, 3.904776106732709806, 71.64136231852130265 ) ) ;
#5766 = CARTESIAN_POINT ( 'NONE',  ( -0.000000000000000000, 34.84410222810685553, 361.8045449251904984 ) ) ;
#5767 = CARTESIAN_POINT ( 'NONE',  ( -1.767059334519507363, 30.17517310859752655, 369.8278902270197932 ) ) ;
#5768 = CARTESIAN_POINT ( 'NONE',  ( 3.853986696982538707, 34.49936609240992880, 338.7998695322920071 ) ) ;
#5769 = EDGE_LOOP ( 'NONE', ( #6598, #8487, #5236, #1395 ) ) ;
#5770 = CARTESIAN_POINT ( 'NONE',  ( -0.4559403900417965949, 37.18297585051819709, 316.5249484060126406 ) ) ;
#5771 = CARTESIAN_POINT ( 'NONE',  ( -3.342998375929928656, 38.34190832545485961, 305.3176140943750170 ) ) ;
#5772 = CARTESIAN_POINT ( 'NONE',  ( 42.95941905857622345, 25.72543699549114748, 315.4023404589344750 ) ) ;
#5773 = CARTESIAN_POINT ( 'NONE',  ( 21.25644817526988817, 36.45073334871957371, 331.4493103031246051 ) ) ;
#5774 = CARTESIAN_POINT ( 'NONE',  ( 42.75445932639104285, 25.75585501620750151, 331.4493103031246051 ) ) ;
#5775 = CARTESIAN_POINT ( 'NONE',  ( -42.52946571110214080, 30.80979676558966673, 262.1894168136027474 ) ) ;
#5776 = CARTESIAN_POINT ( 'NONE',  ( 0.000000000000000000, 41.02506332365900477, 312.7991820443241977 ) ) ;
#5777 = CARTESIAN_POINT ( 'NONE',  ( 9.631319324692816153, -9.937326209155806112, 546.2879777790365097 ) ) ;
#5778 = EDGE_CURVE ( 'NONE', #5938, #2494, #6275, .T. ) ;
#5779 = CARTESIAN_POINT ( 'NONE',  ( -4.749043505097573892, 37.03289252698978373, 317.1078601384305102 ) ) ;
#5780 = CARTESIAN_POINT ( 'NONE',  ( 1.412905495387613675, 38.87119500223062829, 332.0564048275492723 ) ) ;
#5781 = CARTESIAN_POINT ( 'NONE',  ( -19.49633857543578586, 33.37679312617186156, 331.4493103031248324 ) ) ;
#5782 = ORIENTED_EDGE ( 'NONE', *, *, #5730, .F. ) ;
#5783 = CARTESIAN_POINT ( 'NONE',  ( 1.878904452381726209, 40.63712697106651461, 279.7682777392325306 ) ) ;
#5784 = CARTESIAN_POINT ( 'NONE',  ( 149.9999999999997442, 16.89020687609928828, 297.3968004075345561 ) ) ;
#5785 = CARTESIAN_POINT ( 'NONE',  ( -0.2498479757966860504, 26.62856520616785261, 392.0240019859153904 ) ) ;
#5786 = CARTESIAN_POINT ( 'NONE',  ( 0.003294345898725401563, 37.16042184082672861, 328.4493103031245482 ) ) ;
#5787 = CARTESIAN_POINT ( 'NONE',  ( 0.3461595291941653718, 34.52924462963049024, 339.1559640972176908 ) ) ;
#5788 = ADVANCED_FACE ( 'NONE', ( #5650 ), #2212, .F. ) ;
#5789 = CARTESIAN_POINT ( 'NONE',  ( 7.500000000000000000, 24.36919056684536145, 400.8369885875870864 ) ) ;
#5790 = CARTESIAN_POINT ( 'NONE',  ( 1.904943872151217965, -9.951894290560517220, -61.04478972313617646 ) ) ;
#5791 = CARTESIAN_POINT ( 'NONE',  ( -42.93522913160314403, 25.24824336106627243, 319.6427475709542136 ) ) ;
#5792 = CARTESIAN_POINT ( 'NONE',  ( 4.494986300756504960, 42.97192442428352166, 236.3081894456111627 ) ) ;
#5793 = CARTESIAN_POINT ( 'NONE',  ( 35.40993129670999195, 26.85925049449211599, 333.0651471676911797 ) ) ;
#5794 = CARTESIAN_POINT ( 'NONE',  ( -28.23808762699846042, 3.056412852116027423, -22.60677287783177647 ) ) ;
#5795 = CARTESIAN_POINT ( 'NONE',  ( 1.775404981749445055, 44.80554920341130298, 261.6808123227528995 ) ) ;
#5796 = DIRECTION ( 'NONE',  ( 0.000000000000000000, 1.000000000000000000, 0.000000000000000000 ) ) ;
#5797 = EDGE_LOOP ( 'NONE', ( #6167, #1432, #3460, #5839, #3186, #1213, #7165, #662 ) ) ;
#5798 = ORIENTED_EDGE ( 'NONE', *, *, #1374, .F. ) ;
#5799 = CARTESIAN_POINT ( 'NONE',  ( -1.585105225643784310, 28.62474442760698068, 400.8281577764561803 ) ) ;
#5800 = CARTESIAN_POINT ( 'NONE',  ( -35.42097219112724105, 27.26833511005155586, 330.1553304361378878 ) ) ;
#5801 = CARTESIAN_POINT ( 'NONE',  ( 28.75613338586770951, 24.24708037849392639, 366.1794805555950916 ) ) ;
#5802 = CARTESIAN_POINT ( 'NONE',  ( 35.43548166590461079, 28.57526149417434169, 319.6530936483299570 ) ) ;
#5803 = CARTESIAN_POINT ( 'NONE',  ( -0.6464975310054495994, 43.87538888399885195, 281.9332375350527968 ) ) ;
#5804 = VECTOR ( 'NONE', #7944, 1000.000000000000000 ) ;
#5805 = CARTESIAN_POINT ( 'NONE',  ( -1.999796478214916858E-05, 43.83341294694806578, 282.5824861442569045 ) ) ;
#5806 = CARTESIAN_POINT ( 'NONE',  ( -37.46266207075183274, 37.02375715171115189, 258.7315585021237325 ) ) ;
#5807 = CARTESIAN_POINT ( 'NONE',  ( -0.8988173065986810872, 24.74562245569138952, 4.905429404791115111 ) ) ;
#5808 = CARTESIAN_POINT ( 'NONE',  ( -0.000000000000000000, 32.95435323518337611, 374.2871698980849828 ) ) ;
#5809 = CARTESIAN_POINT ( 'NONE',  ( 8.829894809291452873, 32.13650527650658262, 353.4324914961387663 ) ) ;
#5810 = ORIENTED_EDGE ( 'NONE', *, *, #8614, .F. ) ;
#5811 = AXIS2_PLACEMENT_3D ( 'NONE', #4352, #7673, #7083 ) ;
#5812 = CARTESIAN_POINT ( 'NONE',  ( 22.37009247181738658, 34.29540184029169581, 316.9805994399972633 ) ) ;
#5813 = CARTESIAN_POINT ( 'NONE',  ( -10.61287997747459322, 37.02112284941386378, 313.7586932562766719 ) ) ;
#5814 = CARTESIAN_POINT ( 'NONE',  ( 42.95151865983271477, 25.64854662894013515, 316.1076999993336472 ) ) ;
#5815 = CARTESIAN_POINT ( 'NONE',  ( 41.75445932639104285, 25.75585501620750151, 334.4493103031246051 ) ) ;
#5816 = DIRECTION ( 'NONE',  ( 0.000000000000000000, -0.9818322645534333093, -0.1897509006088693162 ) ) ;
#5817 = CARTESIAN_POINT ( 'NONE',  ( 3.958208582359953986, 35.41051481820700531, 331.4493103031246051 ) ) ;
#5818 = CARTESIAN_POINT ( 'NONE',  ( -5.873798239311764924, 35.98697079100605123, 353.7225482438468589 ) ) ;
#5819 = CARTESIAN_POINT ( 'NONE',  ( 0.000000000000000000, -9.605528623052503434, 557.6875022617330160 ) ) ;
#5820 = CARTESIAN_POINT ( 'NONE',  ( 0.05377514131307395417, 37.06889502954936688, 317.5662189248790810 ) ) ;
#5821 = CARTESIAN_POINT ( 'NONE',  ( 1.056736817095856207, 28.61635723899053474, 400.7706135039534843 ) ) ;
#5822 = DIRECTION ( 'NONE',  ( -1.000000000000000000, 0.000000000000000000, 0.000000000000000000 ) ) ;
#5823 = CARTESIAN_POINT ( 'NONE',  ( 13.54813737520552230, 40.13515756296144588, 273.9508581421433746 ) ) ;
#5824 = ADVANCED_FACE ( 'NONE', ( #4928 ), #5605, .F. ) ;
#5825 = CARTESIAN_POINT ( 'NONE',  ( 6.814411576723173880, 46.50797352682411656, 230.8815100217026668 ) ) ;
#5826 = CARTESIAN_POINT ( 'NONE',  ( -40.65409201463140221, 16.53362477509535111, 376.0139761313955091 ) ) ;
#5827 = CARTESIAN_POINT ( 'NONE',  ( 0.8071801280873449613, 43.22210887099645760, 281.9170514110546151 ) ) ;
#5828 = CARTESIAN_POINT ( 'NONE',  ( -45.10711899436870453, 22.04799688331219087, 338.1473699537865514 ) ) ;
#5829 = DIRECTION ( 'NONE',  ( 0.000000000000000000, 0.000000000000000000, -1.000000000000000000 ) ) ;
#5830 = EDGE_CURVE ( 'NONE', #5632, #8811, #7557, .T. ) ;
#5831 = CARTESIAN_POINT ( 'NONE',  ( -11.55383968865741373, 26.93463575382700270, 21.23557846822262718 ) ) ;
#5832 = CARTESIAN_POINT ( 'NONE',  ( -12.86508983324063671, 36.15502930325820330, 319.1527521137363692 ) ) ;
#5833 = PLANE ( 'NONE',  #112 ) ;
#5834 = CARTESIAN_POINT ( 'NONE',  ( 47.83840028814206846, 22.37212106506063591, 328.9151968199671501 ) ) ;
#5835 = EDGE_CURVE ( 'NONE', #4742, #6427, #5871, .T. ) ;
#5836 = CARTESIAN_POINT ( 'NONE',  ( 2.600022395107888684, 31.67003230040083039, 29.63291989188160258 ) ) ;
#5837 = CARTESIAN_POINT ( 'NONE',  ( 2.545275847175124895, 44.80554920341130298, 262.3530602690576643 ) ) ;
#5838 = CARTESIAN_POINT ( 'NONE',  ( 2.425620167762571278, 40.48935350535302291, 281.0538007710468378 ) ) ;
#5839 = ORIENTED_EDGE ( 'NONE', *, *, #5778, .T. ) ;
#5840 = ORIENTED_EDGE ( 'NONE', *, *, #5177, .F. ) ;
#5841 = CARTESIAN_POINT ( 'NONE',  ( 1.649437573462356754, 40.21924920216152088, 320.0000000000000568 ) ) ;
#5842 = CARTESIAN_POINT ( 'NONE',  ( 0.000000000000000000, 2.926735556036303532, 515.0430825616978154 ) ) ;
#5843 = CARTESIAN_POINT ( 'NONE',  ( -47.83840028814204715, 22.37212106506063947, 328.9151968199670932 ) ) ;
#5844 = CARTESIAN_POINT ( 'NONE',  ( 0.6413864210826905055, 25.36622428858276024, 399.0881842023986792 ) ) ;
#5845 = CARTESIAN_POINT ( 'NONE',  ( 18.86184769108226078, 34.97327482385800579, 319.6371542534132573 ) ) ;
#5846 = CARTESIAN_POINT ( 'NONE',  ( -38.08257709996741625, 19.10431350922074856, 370.1095685422583301 ) ) ;
#5847 = CARTESIAN_POINT ( 'NONE',  ( -42.07443006745447889, 17.08810814811356593, 352.3022309491431656 ) ) ;
#5848 = CARTESIAN_POINT ( 'NONE',  ( 0.000000000000000000, 45.63719840482347934, 256.9607154680549570 ) ) ;
#5849 = CARTESIAN_POINT ( 'NONE',  ( 3.035287670926654968, 31.01651801567224354, 29.24765051123930704 ) ) ;
#5850 = CARTESIAN_POINT ( 'NONE',  ( -35.60447105139471802, -13.62282190332221887, 502.3110443960222824 ) ) ;
#5851 = CARTESIAN_POINT ( 'NONE',  ( -0.4730874773749618178, 32.39650039286210870, 354.8708938140704845 ) ) ;
#5852 = ORIENTED_EDGE ( 'NONE', *, *, #2302, .F. ) ;
#5853 = CARTESIAN_POINT ( 'NONE',  ( 45.12811528435004504, 20.30729046492545109, 348.6764399675506638 ) ) ;
#5854 = CARTESIAN_POINT ( 'NONE',  ( -12.87895145369936323, 36.73466139808520836, 313.8489382527488374 ) ) ;
#5855 = CARTESIAN_POINT ( 'NONE',  ( 22.36672983151592575, 34.19721359571954622, 317.8692837739753827 ) ) ;
#5856 = CARTESIAN_POINT ( 'NONE',  ( 1.859079251790449305, 37.39029495210966303, 314.5006276464093844 ) ) ;
#5857 = LINE ( 'NONE', #5815, #1995 ) ;
#5858 = CYLINDRICAL_SURFACE ( 'NONE', #6889, 1.000000000000000888 ) ;
#5859 = CARTESIAN_POINT ( 'NONE',  ( 2.933265724483465231, 44.52537726319675926, 263.1105080856490872 ) ) ;
#5860 = CARTESIAN_POINT ( 'NONE',  ( 0.4892629760207006240, 44.45612882444888214, 275.6643461148192387 ) ) ;
#5861 = DIRECTION ( 'NONE',  ( 0.000000000000000000, 0.9980523927119838712, 0.06238125841856407422 ) ) ;
#5862 = AXIS2_PLACEMENT_3D ( 'NONE', #1337, #570, #8716 ) ;
#5863 = CARTESIAN_POINT ( 'NONE',  ( -20.61545066795325454, 34.68813191442078647, 317.8370487877313622 ) ) ;
#5864 = CARTESIAN_POINT ( 'NONE',  ( -13.31731313304985065, 40.34142002891250200, 313.2908567742186392 ) ) ;
#5865 = CARTESIAN_POINT ( 'NONE',  ( -2.545017600005300640, 43.26050709465815203, 280.9346539793223769 ) ) ;
#5866 = CARTESIAN_POINT ( 'NONE',  ( 17.90272761210103880, 39.25677025283400212, 275.4032465350000507 ) ) ;
#5867 = CARTESIAN_POINT ( 'NONE',  ( -0.9419369969250757091, 38.87366631406933948, 332.0309586039868464 ) ) ;
#5868 = CARTESIAN_POINT ( 'NONE',  ( 3.029912448385740920, 43.85956439629253367, 281.3370363064267394 ) ) ;
#5869 = CARTESIAN_POINT ( 'NONE',  ( 28.62580084016314075, -19.75740349066564150, -50.39037838586354923 ) ) ;
#5870 = CARTESIAN_POINT ( 'NONE',  ( 6.922703436459269000, 35.25202637734479794, 331.4493103031246051 ) ) ;
#5871 = CIRCLE ( 'NONE', #3274, 1.000000000000000666 ) ;
#5872 = CARTESIAN_POINT ( 'NONE',  ( 2.650316221447130527, 28.51110833786872334, 17.25647961524052931 ) ) ;
#5873 = DIRECTION ( 'NONE',  ( 1.000000000000000000, 0.000000000000000000, 0.000000000000000000 ) ) ;
#5874 = CARTESIAN_POINT ( 'NONE',  ( -42.93523035190099790, 25.28916989954034733, 319.2902641468618867 ) ) ;
#5875 = DIRECTION ( 'NONE',  ( 1.000000000000000000, 0.000000000000000000, 0.000000000000000000 ) ) ;
#5876 = CARTESIAN_POINT ( 'NONE',  ( 10.56096080597838593, 34.29933720067559477, 336.7321491126162982 ) ) ;
#5877 = CARTESIAN_POINT ( 'NONE',  ( -26.35674988608645464, 25.04923993672376170, 32.44508452609948534 ) ) ;
#5878 = CARTESIAN_POINT ( 'NONE',  ( 1.775404981749445055, 41.65491474906183811, 261.6808123227528995 ) ) ;
#5879 = CARTESIAN_POINT ( 'NONE',  ( 3.066662445442837726, 44.46614385131265834, 263.7777952504551422 ) ) ;
#5880 = ORIENTED_EDGE ( 'NONE', *, *, #1862, .T. ) ;
#5881 = CARTESIAN_POINT ( 'NONE',  ( -37.03672328932728419, 22.22363352771334277, 356.6178820467469563 ) ) ;
#5882 = CARTESIAN_POINT ( 'NONE',  ( 0.000000000000000000, 40.21921743771114421, 320.0002838484802510 ) ) ;
#5883 = EDGE_CURVE ( 'NONE', #5374, #2447, #3433, .T. ) ;
#5884 = CARTESIAN_POINT ( 'NONE',  ( -150.0000000000000568, 0.2544905633191389405, 409.6453932724846823 ) ) ;
#5885 = CARTESIAN_POINT ( 'NONE',  ( -6.766821200848564644, 35.03268741334235870, 333.3229750688478248 ) ) ;
#5886 = CARTESIAN_POINT ( 'NONE',  ( -0.1661101975240953377, 25.37961209044132360, 399.1890668984788135 ) ) ;
#5887 = CARTESIAN_POINT ( 'NONE',  ( 4.039649821963990028, 36.54852667938830280, 321.6557023985494652 ) ) ;
#5888 = CARTESIAN_POINT ( 'NONE',  ( -0.8129841327747889812, 43.87358549764564231, 281.9161110604202918 ) ) ;
#5889 = DIRECTION ( 'NONE',  ( 0.000000000000000000, 0.000000000000000000, 1.000000000000000000 ) ) ;
#5890 = DIRECTION ( 'NONE',  ( 1.000000000000000000, 0.000000000000000000, 0.000000000000000000 ) ) ;
#5891 = CARTESIAN_POINT ( 'NONE',  ( -2.546057378257033932, 34.45886955982916078, 42.11624028194231784 ) ) ;
#5892 = EDGE_CURVE ( 'NONE', #2193, #2790, #250, .T. ) ;
#5893 = CARTESIAN_POINT ( 'NONE',  ( 3.066662445442843055, 40.44237786041291116, 279.6794311683192404 ) ) ;
#5894 = CARTESIAN_POINT ( 'NONE',  ( 45.10711899436870453, 22.04799688331219087, 338.1473699537865514 ) ) ;
#5895 = CARTESIAN_POINT ( 'NONE',  ( 150.0000000000000000, 9.270087174911674666, 223.2766782676432626 ) ) ;
#5896 = ORIENTED_EDGE ( 'NONE', *, *, #7643, .T. ) ;
#5897 = CARTESIAN_POINT ( 'NONE',  ( 0.03578595088550830944, 30.18322009423934560, 370.0820965659025319 ) ) ;
#5898 = CARTESIAN_POINT ( 'NONE',  ( -6.170875244736459209, 38.98938251907768660, 297.3008160383215568 ) ) ;
#5899 = CARTESIAN_POINT ( 'NONE',  ( 38.97126553287402118, 27.14801059271001549, 318.1743293765670728 ) ) ;
#5900 = CARTESIAN_POINT ( 'NONE',  ( 8.068820748394275100, 37.11130461551454829, 314.6675456585629718 ) ) ;
#5901 = DIRECTION ( 'NONE',  ( 0.000000000000000000, 0.000000000000000000, -1.000000000000000000 ) ) ;
#5902 = DIRECTION ( 'NONE',  ( -9.973355644803246975E-05, 0.000000000000000000, 0.9999999950266088566 ) ) ;
#5903 = CARTESIAN_POINT ( 'NONE',  ( 2.723496163964389538, 44.57328437862618387, 262.6490595689483598 ) ) ;
#5904 = CARTESIAN_POINT ( 'NONE',  ( 0.000000000000000000, 20.11671744806442774, 444.2109482500774220 ) ) ;
#5905 = CARTESIAN_POINT ( 'NONE',  ( -2.545275847175124895, 41.65491474906183811, 262.3530602690576643 ) ) ;
#5906 = CARTESIAN_POINT ( 'NONE',  ( -18.86710673796456206, 35.28033482550771538, 316.8862829887062276 ) ) ;
#5907 = CARTESIAN_POINT ( 'NONE',  ( 0.000000000000000000, 38.87860893774676185, 331.9800661568619944 ) ) ;
#5908 = CARTESIAN_POINT ( 'NONE',  ( -1.620083281005725517, 44.71284088611618301, 261.6168978091045574 ) ) ;
#5909 = ORIENTED_EDGE ( 'NONE', *, *, #7590, .T. ) ;
#5910 = CARTESIAN_POINT ( 'NONE',  ( 31.73451143545314679, 34.11949068063002244, 281.6719941326859953 ) ) ;
#5911 = CARTESIAN_POINT ( 'NONE',  ( -1.585105225643784310, 28.62474442760698068, 400.8281577764561803 ) ) ;
#5912 = CARTESIAN_POINT ( 'NONE',  ( 2.039638019007496084, 43.88502809177072095, 281.4119383843515152 ) ) ;
#5913 = CARTESIAN_POINT ( 'NONE',  ( -2.861529713880420545, -14.86190821214616165, -66.10491999415030762 ) ) ;
#5914 = CARTESIAN_POINT ( 'NONE',  ( -2.575276621184612036E-14, 35.46042503095549847, 331.4493103031279588 ) ) ;
#5915 = CARTESIAN_POINT ( 'NONE',  ( -27.93320105887194060, 9.482709585563030785, -10.56185500302712477 ) ) ;
#5916 = DIRECTION ( 'NONE',  ( 0.000000000000000000, 0.000000000000000000, -1.000000000000000000 ) ) ;
#5917 = CARTESIAN_POINT ( 'NONE',  ( -16.99652001366924736, 35.55533279151308790, 318.2389086762455008 ) ) ;
#5918 = CARTESIAN_POINT ( 'NONE',  ( 42.75445932639104285, 25.75585501620750151, 328.4493103031245482 ) ) ;
#5919 = CARTESIAN_POINT ( 'NONE',  ( 47.84414932138715670, 22.00773534467436221, 331.4862207393974245 ) ) ;
#5920 = CARTESIAN_POINT ( 'NONE',  ( 1.733348263405259271, 31.56952604277959296, 29.57366796039476498 ) ) ;
#5921 = CARTESIAN_POINT ( 'NONE',  ( -45.29016784782648131, 11.91499786996189947, 388.4671520334824208 ) ) ;
#5922 = CARTESIAN_POINT ( 'NONE',  ( 1.150998133289903747, 40.45917742441130116, 281.8651863414156082 ) ) ;
#5923 = EDGE_LOOP ( 'NONE', ( #5909, #1530, #7505, #6627 ) ) ;
#5924 = CARTESIAN_POINT ( 'NONE',  ( -14.02563127562957135, 30.47349775388811466, 359.4677188647342518 ) ) ;
#5925 = CARTESIAN_POINT ( 'NONE',  ( 6.848877587165034697, 9.753616543240035242, 486.0167545655663162 ) ) ;
#5926 = B_SPLINE_CURVE_WITH_KNOTS ( 'NONE', 3,
 ( #417, #5247, #1812, #7347 ),
 .UNSPECIFIED., .F., .F.,
 ( 4, 4 ),
 ( 0.003110651691542412611, 0.01552266366651523961 ),
 .UNSPECIFIED. ) ;
#5927 = CARTESIAN_POINT ( 'NONE',  ( 0.000000000000000000, 6.729893735435778623, 500.8079739285071810 ) ) ;
#5928 = CARTESIAN_POINT ( 'NONE',  ( -42.93546147755540687, 24.39772343835418766, 326.6050087136310367 ) ) ;
#5929 = CARTESIAN_POINT ( 'NONE',  ( 1.778861265854002616, 26.60351469868662022, 391.7844153237355727 ) ) ;
#5930 = CARTESIAN_POINT ( 'NONE',  ( 5.435695372033348960, 36.49757427158695577, 321.6403924366821343 ) ) ;
#5931 = CARTESIAN_POINT ( 'NONE',  ( 13.66482133417764011, 38.02417345137537552, 331.4493103031244914 ) ) ;
#5932 = CARTESIAN_POINT ( 'NONE',  ( 1.826276583265159334E-14, 37.42840340034359770, 307.1936396950425205 ) ) ;
#5933 = ADVANCED_FACE ( 'NONE', ( #7156 ), #4381, .F. ) ;
#5934 = DIRECTION ( 'NONE',  ( -1.000000000000000000, 0.000000000000000000, 0.000000000000000000 ) ) ;
#5935 = CARTESIAN_POINT ( 'NONE',  ( 56.19787954467784630, 2.127072668286307255, 212.5857681456718353 ) ) ;
#5936 = LINE ( 'NONE', #8175, #5371 ) ;
#5937 = CARTESIAN_POINT ( 'NONE',  ( 11.32133923080468918, 30.04935886603911399, 33.43650446410281063 ) ) ;
#5938 = VERTEX_POINT ( 'NONE', #307 ) ;
#5939 = EDGE_CURVE ( 'NONE', #3596, #3474, #3058, .T. ) ;
#5940 = CARTESIAN_POINT ( 'NONE',  ( 29.05659941096637056, 27.46760683364256650, 347.8210840306456362 ) ) ;
#5941 = VECTOR ( 'NONE', #5227, 1000.000000000000000 ) ;
#5942 = CARTESIAN_POINT ( 'NONE',  ( -4.115109540754662731, 39.81623869869473964, 288.6084178056467522 ) ) ;
#5943 = CARTESIAN_POINT ( 'NONE',  ( 6.107250357388273265, 36.91119714139334462, 317.6283100325512692 ) ) ;
#5944 = CARTESIAN_POINT ( 'NONE',  ( 6.779719075900661807, 37.09470342471678350, 315.6338133743238359 ) ) ;
#5945 = CARTESIAN_POINT ( 'NONE',  ( -7.500000000000000000, 18.81336334461916948, 425.6312990209411282 ) ) ;
#5946 = CARTESIAN_POINT ( 'NONE',  ( 0.000000000000000000, 110.3999999999999773, 281.9339774583896769 ) ) ;
#5947 = CARTESIAN_POINT ( 'NONE',  ( -2.575276621184612036E-14, 35.46042503095549847, 331.4493103031279588 ) ) ;
#5948 = CARTESIAN_POINT ( 'NONE',  ( -150.0000000000003126, 4.384157842436207098, 385.9904724453040785 ) ) ;
#5949 = CARTESIAN_POINT ( 'NONE',  ( -1.146769735279829616, 41.65491474906183811, 261.4211560388353064 ) ) ;
#5950 = VECTOR ( 'NONE', #3449, 1000.000000000000000 ) ;
#5951 = CARTESIAN_POINT ( 'NONE',  ( -47.83491533769607429, 23.73267890986556594, 317.9424721216128660 ) ) ;
#5952 = CARTESIAN_POINT ( 'NONE',  ( -13.31731313304985065, 39.58377582248513704, 320.0000000000000568 ) ) ;
#5953 = CARTESIAN_POINT ( 'NONE',  ( 0.000000000000000000, 25.36656775831971444, 399.2299607653508815 ) ) ;
#5954 = VERTEX_POINT ( 'NONE', #6404 ) ;
#5955 = CARTESIAN_POINT ( 'NONE',  ( 19.86369045647446896, 38.74783999554557568, 276.1506283744811299 ) ) ;
#5956 = CARTESIAN_POINT ( 'NONE',  ( 149.9999999999999716, 14.23858967693923105, 324.3781664693334506 ) ) ;
#5957 = CARTESIAN_POINT ( 'NONE',  ( 3.690959457694364509, 43.98499257479618052, 279.3850310815435591 ) ) ;
#5958 = CARTESIAN_POINT ( 'NONE',  ( -1.415970730739193328, 35.53057981483884475, 330.7924709786833546 ) ) ;
#5959 = CARTESIAN_POINT ( 'NONE',  ( -2.263407560335051699E-13, 27.34992986371533163, 387.9822869230141009 ) ) ;
#5960 = CARTESIAN_POINT ( 'NONE',  ( 0.000000000000000000, 31.36851352753711808, 29.45516409742108621 ) ) ;
#5961 = FACE_OUTER_BOUND ( 'NONE', #707, .T. ) ;
#5962 = CARTESIAN_POINT ( 'NONE',  ( -1.105357214194766069, 37.00679085333356966, 318.0913705022661020 ) ) ;
#5963 = CARTESIAN_POINT ( 'NONE',  ( 12.11792521255676824, 42.08543497739227490, 239.1111170914578281 ) ) ;
#5964 = CARTESIAN_POINT ( 'NONE',  ( 1.853068235684093956, 34.68547100351100454, 337.5400489064907106 ) ) ;
#5965 = CARTESIAN_POINT ( 'NONE',  ( 2.238582030903766729, 43.98938502743245493, 105.2905442681973369 ) ) ;
#5966 = LINE ( 'NONE', #4619, #4730 ) ;
#5967 = FACE_OUTER_BOUND ( 'NONE', #1336, .T. ) ;
#5968 = ORIENTED_EDGE ( 'NONE', *, *, #2034, .F. ) ;
#5969 = CARTESIAN_POINT ( 'NONE',  ( -12.92826229666298765, 29.47009250613004383, 366.8890576122657308 ) ) ;
#5970 = CARTESIAN_POINT ( 'NONE',  ( 2.401812407620467660, 6.569449054318622139, 500.9803719639622841 ) ) ;
#5971 = CARTESIAN_POINT ( 'NONE',  ( 1.459071100982355595, -7.213087860121786932, 550.1242434627826015 ) ) ;
#5972 = CARTESIAN_POINT ( 'NONE',  ( 0.4574434776916643797, 36.37346927973842270, 323.7493070287402475 ) ) ;
#5973 = CARTESIAN_POINT ( 'NONE',  ( 15.14275974212803533, 24.10297196943685805, 393.0033171092612179 ) ) ;
#5974 = CARTESIAN_POINT ( 'NONE',  ( 22.36385958862735279, 33.79642854480400160, 321.4098245898869095 ) ) ;
#5975 = CARTESIAN_POINT ( 'NONE',  ( -2.983763270882214602, 40.55174709646823317, 280.0104670817523811 ) ) ;
#5976 = DIRECTION ( 'NONE',  ( 0.000000000000000000, 0.9971254254892962798, 0.07576863363417643549 ) ) ;
#5977 = CARTESIAN_POINT ( 'NONE',  ( 0.000000000000000000, 0.000000000000000000, 331.4493103031246051 ) ) ;
#5978 = CARTESIAN_POINT ( 'NONE',  ( -32.51102693786535980, 20.86292281927875081, 390.8770578122776556 ) ) ;
#5979 = CARTESIAN_POINT ( 'NONE',  ( 52.53891573317806518, 18.24069168520677664, 252.3546242644533777 ) ) ;
#5980 = VERTEX_POINT ( 'NONE', #7826 ) ;
#5981 = CARTESIAN_POINT ( 'NONE',  ( 3.694812887906520515, 44.73019222681658391, 269.1209926928275991 ) ) ;
#5982 = CARTESIAN_POINT ( 'NONE',  ( 12.02329255287886411, 30.73955176357364394, 360.0565405833239652 ) ) ;
#5983 = CARTESIAN_POINT ( 'NONE',  ( -6.237122773047102164, 39.68376792350899507, 288.9352435276837241 ) ) ;
#5984 = CARTESIAN_POINT ( 'NONE',  ( 18.86417150439058332, 35.17905023312201251, 317.8048138014875121 ) ) ;
#5985 = CARTESIAN_POINT ( 'NONE',  ( 3.739688976175321145, 25.97743121511275532, 413.6962177078002014 ) ) ;
#5986 = CARTESIAN_POINT ( 'NONE',  ( -42.75445932639104285, 25.75585501620750151, 334.4493103031246051 ) ) ;
#5987 = CARTESIAN_POINT ( 'NONE',  ( 42.96315962213277828, 23.82309086121978581, 331.4493103031246619 ) ) ;
#5988 = CARTESIAN_POINT ( 'NONE',  ( 1.717673231772173903, 23.13963299835682719, 429.9848877918320227 ) ) ;
#5989 = CARTESIAN_POINT ( 'NONE',  ( -6.308818400730547005, 25.14963264051719705, 397.6683618669217708 ) ) ;
#5990 = CYLINDRICAL_SURFACE ( 'NONE', #249, 1.000000000000000888 ) ;
#5991 = EDGE_CURVE ( 'NONE', #1360, #5351, #3778, .T. ) ;
#5992 = CARTESIAN_POINT ( 'NONE',  ( 0.4560913734217200699, 37.29655297340530495, 315.4867426785687599 ) ) ;
#5993 = CARTESIAN_POINT ( 'NONE',  ( -6.363334136993229251, 22.76016894090687614, 428.8992649007137175 ) ) ;
#5994 = CARTESIAN_POINT ( 'NONE',  ( 0.000000000000000000, 0.000000000000000000, 0.000000000000000000 ) ) ;
#5995 = ORIENTED_EDGE ( 'NONE', *, *, #106, .F. ) ;
#5996 = CARTESIAN_POINT ( 'NONE',  ( 10.72398113676851317, 38.61045067821373777, 297.8723107395859984 ) ) ;
#5997 = CARTESIAN_POINT ( 'NONE',  ( -0.003294345898725401563, 37.16042184082672861, 328.4493103031245482 ) ) ;
#5998 = CARTESIAN_POINT ( 'NONE',  ( 5.833484303085390010, 40.14202268965824771, 320.0000000000000568 ) ) ;
#5999 = CARTESIAN_POINT ( 'NONE',  ( 0.4768778034923482623, 43.82595176198701381, 282.5822828858514413 ) ) ;
#6000 = ORIENTED_EDGE ( 'NONE', *, *, #2756, .T. ) ;
#6001 = CARTESIAN_POINT ( 'NONE',  ( -23.11200457635690597, 32.58407605424548592, 329.2058608741025978 ) ) ;
#6002 = CARTESIAN_POINT ( 'NONE',  ( 32.21463623280497046, 28.54567803984010865, 331.4493103031246619 ) ) ;
#6003 = CARTESIAN_POINT ( 'NONE',  ( -3.094001100202671495, 27.87474874546403569, 16.86073679022653593 ) ) ;
#6004 = CARTESIAN_POINT ( 'NONE',  ( -1.003294345898726236, 37.16042184082672861, 334.4493103031246051 ) ) ;
#6005 = CARTESIAN_POINT ( 'NONE',  ( -25.60516475710588580, 32.93640822853038230, 318.7918185503712607 ) ) ;
#6006 = CARTESIAN_POINT ( 'NONE',  ( -0.6670689850757408612, 42.98607662488058878, 244.1481808522435415 ) ) ;
#6007 = VECTOR ( 'NONE', #1041, 1000.000000000000000 ) ;
#6008 = CARTESIAN_POINT ( 'NONE',  ( -3.035287670926654968, 31.01651801567224354, 29.24765051123930704 ) ) ;
#6009 = CARTESIAN_POINT ( 'NONE',  ( 0.6353020104666805556, 22.84188153687125222, 413.3473650551239871 ) ) ;
#6010 = CARTESIAN_POINT ( 'NONE',  ( 3.066662445442835505, 40.58714201236323760, 279.5107851961429333 ) ) ;
#6011 = DIRECTION ( 'NONE',  ( 0.000000000000000000, 0.9971254254892962798, 0.07576863363417643549 ) ) ;
#6012 = CARTESIAN_POINT ( 'NONE',  ( -33.69369752895848791, 23.52896732519134915, 358.0380900160928377 ) ) ;
#6013 = CARTESIAN_POINT ( 'NONE',  ( 6.733608421923275245, 13.22468183324905233, 471.8275841911045632 ) ) ;
#6014 = AXIS2_PLACEMENT_3D ( 'NONE', #3040, #4361, #6509 ) ;
#6015 = CARTESIAN_POINT ( 'NONE',  ( 0.000000000000000000, 10.33405387878785753, 486.6586544760494917 ) ) ;
#6016 = CARTESIAN_POINT ( 'NONE',  ( -0.3342133134645541848, 36.37460756798055428, 323.7343900207930574 ) ) ;
#6017 = CARTESIAN_POINT ( 'NONE',  ( -0.5944626675830362306, 25.38621915544812779, 399.2358484220304149 ) ) ;
#6018 = CARTESIAN_POINT ( 'NONE',  ( 20.60994400753022759, 34.07224285046738288, 323.2187095726663983 ) ) ;
#6019 = CARTESIAN_POINT ( 'NONE',  ( 44.79208460059819430, 26.80341731187045440, 331.4493103031246619 ) ) ;
#6020 = DIRECTION ( 'NONE',  ( 6.590423098898467265E-17, -0.9971851335251159520, -0.07497872682632604480 ) ) ;
#6021 = CARTESIAN_POINT ( 'NONE',  ( -48.93205100325172197, 30.70202150165685495, 280.3525527939733024 ) ) ;
#6022 = DIRECTION ( 'NONE',  ( 0.000000000000000000, -0.07497872682632604480, 0.9971851335251158410 ) ) ;
#6023 = ORIENTED_EDGE ( 'NONE', *, *, #3846, .T. ) ;
#6024 = CARTESIAN_POINT ( 'NONE',  ( 79.05674022718464755, 18.70769894339281336, 112.5241708736267157 ) ) ;
#6025 = EDGE_LOOP ( 'NONE', ( #4101, #1303, #6441, #7890 ) ) ;
#6026 = SURFACE_SIDE_STYLE ('',( #3275 ) ) ;
#6027 = CARTESIAN_POINT ( 'NONE',  ( 15.98901813891774637, 30.19173600631316390, 358.8768477598030131 ) ) ;
#6028 = B_SPLINE_CURVE_WITH_KNOTS ( 'NONE', 3,
 ( #6248, #648, #7492, #5531 ),
 .UNSPECIFIED., .F., .F.,
 ( 4, 4 ),
 ( 0.0004051512823304900118, 0.05161218015941444054 ),
 .UNSPECIFIED. ) ;
#6029 = CARTESIAN_POINT ( 'NONE',  ( -0.5193047721513226467, 39.21837533550551314, 296.6932480420265961 ) ) ;
#6030 = CARTESIAN_POINT ( 'NONE',  ( 10.60357282154676462, 36.64982020490712955, 317.1916592099979653 ) ) ;
#6031 = CARTESIAN_POINT ( 'NONE',  ( 6.360348988454734176, 37.69151333720613195, 310.2024370132181161 ) ) ;
#6032 = B_SPLINE_SURFACE_WITH_KNOTS ( 'NONE', 3, 1, ( 
 ( #6021, #8126 ),
 ( #5305, #8037 ),
 ( #1189, #1920 ),
 ( #4675, #3368 ) ),
 .UNSPECIFIED., .F., .F., .F.,
 ( 4, 4 ),
 ( 2, 2 ),
 ( 0.000000000000000000, 0.4350374910512834203 ),
 ( 0.000000000000000000, 1.000000000000000000 ),
 .UNSPECIFIED. ) ;
#6033 = FACE_OUTER_BOUND ( 'NONE', #79, .T. ) ;
#6034 = CARTESIAN_POINT ( 'NONE',  ( 1.003294345898726236, 37.16042184082672861, 331.4493103031246051 ) ) ;
#6035 = CARTESIAN_POINT ( 'NONE',  ( -1.761563983812512779, 32.02393952748043660, 380.3584216962848927 ) ) ;
#6036 = CARTESIAN_POINT ( 'NONE',  ( -5.177227128628118180, 27.72890246973840433, 383.8113128198182835 ) ) ;
#6037 = CARTESIAN_POINT ( 'NONE',  ( 6.487716988803021501, 35.39682290674478793, 330.5148004460426137 ) ) ;
#6038 = CARTESIAN_POINT ( 'NONE',  ( -0.3357143676341843297, 37.29475752239657282, 315.5010789018704713 ) ) ;
#6039 = CARTESIAN_POINT ( 'NONE',  ( -39.35302601131734690, 13.53690614029605221, 413.1562519541586767 ) ) ;
#6040 = CARTESIAN_POINT ( 'NONE',  ( 0.003294345898725401563, 37.16042184082672861, 331.4493103031246051 ) ) ;
#6041 = VERTEX_POINT ( 'NONE', #8463 ) ;
#6042 = CARTESIAN_POINT ( 'NONE',  ( 34.27905014441921594, 31.63810148891824880, 296.0322606672455663 ) ) ;
#6043 = CARTESIAN_POINT ( 'NONE',  ( -0.3227666929657075356, 45.35591567259291423, 261.3537278318168546 ) ) ;
#6044 = CARTESIAN_POINT ( 'NONE',  ( -5.875189345501537375, 42.08088314872112790, 254.5618060798654483 ) ) ;
#6045 = EDGE_CURVE ( 'NONE', #724, #3415, #5857, .T. ) ;
#6046 = CARTESIAN_POINT ( 'NONE',  ( -0.5725577439240580047, 23.09808650977305433, 429.9216912165479130 ) ) ;
#6047 = CARTESIAN_POINT ( 'NONE',  ( 0.4768778034924910925, 43.82595176198699960, 282.5822828858514981 ) ) ;
#6048 = ORIENTED_EDGE ( 'NONE', *, *, #473, .T. ) ;
#6049 = CARTESIAN_POINT ( 'NONE',  ( 0.000000000000000000, -24.70179936576349533, -76.17517795805076730 ) ) ;
#6050 = CARTESIAN_POINT ( 'NONE',  ( 46.05994379176718212, 27.68220849119183313, 320.8426209064932664 ) ) ;
#6051 = CARTESIAN_POINT ( 'NONE',  ( -8.431562461238529593, 46.07402497580898171, 158.2968993032507683 ) ) ;
#6052 = CARTESIAN_POINT ( 'NONE',  ( -0.8970904936814303454, 43.82006684162668364, 282.5613099631271439 ) ) ;
#6053 = CARTESIAN_POINT ( 'NONE',  ( 0.05381029272489255832, 37.01166457786722219, 318.0834202741795593 ) ) ;
#6054 = CARTESIAN_POINT ( 'NONE',  ( 0.02227185928374006765, 42.47872348853712055, 253.1793866300458546 ) ) ;
#6055 = CARTESIAN_POINT ( 'NONE',  ( -8.431562461238529593, 46.07402497580898171, 158.2968993032507683 ) ) ;
#6056 = EDGE_CURVE ( 'NONE', #6344, #1923, #6944, .T. ) ;
#6057 = CARTESIAN_POINT ( 'NONE',  ( -31.25604162895526983, 15.74827716499006769, 398.4128964435070657 ) ) ;
#6058 = CARTESIAN_POINT ( 'NONE',  ( 10.33871703697185751, 45.04308650193983254, 255.0493123543488423 ) ) ;
#6059 = LINE ( 'NONE', #7447, #3379 ) ;
#6060 = CARTESIAN_POINT ( 'NONE',  ( -21.05736104776428874, 27.92742824002091240, 363.7276926167196507 ) ) ;
#6061 = CARTESIAN_POINT ( 'NONE',  ( -1.192598390898780503, 20.17127465771984873, 444.2396516818456007 ) ) ;
#6062 = CARTESIAN_POINT ( 'NONE',  ( -1.323505920743789366E-13, 38.16255300590657384, 307.2488406811531263 ) ) ;
#6063 = CARTESIAN_POINT ( 'NONE',  ( -4.039147049606635065, 36.31831105001449345, 323.6599010467213589 ) ) ;
#6064 = CARTESIAN_POINT ( 'NONE',  ( -0.5246213013585671048, 22.83912349995607727, 413.3376332280503220 ) ) ;
#6065 = CARTESIAN_POINT ( 'NONE',  ( 30.39431449938670227, 30.47548180680071894, 322.8753840770687589 ) ) ;
#6066 = CARTESIAN_POINT ( 'NONE',  ( 0.1593433520214383448, 45.36129378076440588, 261.3537278319253119 ) ) ;
#6067 = CARTESIAN_POINT ( 'NONE',  ( -87.29032237503307101, -21.66930983638621200, 38.08868808560211505 ) ) ;
#6068 = CARTESIAN_POINT ( 'NONE',  ( 8.966662445442738161, 41.68708929210457370, 256.1693239052390823 ) ) ;
#6069 = CARTESIAN_POINT ( 'NONE',  ( -0.4666624454429352253, 40.46684894411222189, 281.9339774583896769 ) ) ;
#6070 = EDGE_LOOP ( 'NONE', ( #1003, #8542, #2918, #8331 ) ) ;
#6071 = ORIENTED_EDGE ( 'NONE', *, *, #165, .F. ) ;
#6072 = CARTESIAN_POINT ( 'NONE',  ( 25.82676969938875899, 28.08943016872629528, 44.17302050310121331 ) ) ;
#6073 = VERTEX_POINT ( 'NONE', #2297 ) ;
#6074 = FACE_OUTER_BOUND ( 'NONE', #839, .T. ) ;
#6075 = CARTESIAN_POINT ( 'NONE',  ( 1.770169667304252847, 28.99895454648401483, 377.1942922676901162 ) ) ;
#6076 = CARTESIAN_POINT ( 'NONE',  ( -29.07302543899813330, 33.44051828159959427, 301.3087635293813378 ) ) ;
#6077 = CARTESIAN_POINT ( 'NONE',  ( 0.1408836766255200934, 36.95415098317053548, 318.6014776897901584 ) ) ;
#6078 = CARTESIAN_POINT ( 'NONE',  ( 32.51102693786535980, 20.86292281927875081, 390.8770578122776556 ) ) ;
#6079 = CARTESIAN_POINT ( 'NONE',  ( -3.676138006630869981, 45.07829807318918114, 263.5658652043283041 ) ) ;
#6080 = CARTESIAN_POINT ( 'NONE',  ( 24.54877487504606748, 38.66041352850114521, 255.0493118463000997 ) ) ;
#6081 = CARTESIAN_POINT ( 'NONE',  ( 0.000000000000000000, 17.01339730700182074, 458.4116318598639168 ) ) ;
#6082 = CARTESIAN_POINT ( 'NONE',  ( -45.19493112998112849, 16.36933170540958926, 368.9086714871650088 ) ) ;
#6083 = CARTESIAN_POINT ( 'NONE',  ( 19.82816374015813210, 33.50492809031943153, 329.5125790994482600 ) ) ;
#6084 = ORIENTED_EDGE ( 'NONE', *, *, #1482, .T. ) ;
#6085 = CARTESIAN_POINT ( 'NONE',  ( -28.78561469989581312, 31.79997212645107396, 317.5839104089129705 ) ) ;
#6086 = CARTESIAN_POINT ( 'NONE',  ( -54.57948805689258620, 2.996616612384304545, 392.2234430773698364 ) ) ;
#6087 = CARTESIAN_POINT ( 'NONE',  ( 1.298303087016404511, 25.30134261839244658, 399.3350550220356467 ) ) ;
#6088 = EDGE_LOOP ( 'NONE', ( #2033, #7191 ) ) ;
#6089 = CARTESIAN_POINT ( 'NONE',  ( -0.5010633681001174233, 39.97230447743813642, 288.0223963787665298 ) ) ;
#6090 = DIRECTION ( 'NONE',  ( -1.000000000000000000, 0.000000000000000000, 0.000000000000000000 ) ) ;
#6091 = CARTESIAN_POINT ( 'NONE',  ( -19.01166464212731100, 40.40017589591931113, 251.1637130504947208 ) ) ;
#6092 = AXIS2_PLACEMENT_3D ( 'NONE', #289, #5671, #5036 ) ;
#6093 = CARTESIAN_POINT ( 'NONE',  ( -2.057388533046267121, 6.867330383723285969, 500.6602980566781298 ) ) ;
#6094 = VERTEX_POINT ( 'NONE', #936 ) ;
#6095 = CARTESIAN_POINT ( 'NONE',  ( 28.34182685986741390, -0.004202851225297739302, -27.54135597287860193 ) ) ;
#6096 = CARTESIAN_POINT ( 'NONE',  ( -47.51744727040792071, 28.21812508884747928, 271.1728304386993500 ) ) ;
#6097 = EDGE_CURVE ( 'NONE', #134, #6427, #8503, .T. ) ;
#6098 = CARTESIAN_POINT ( 'NONE',  ( -77.40947463289504071, 21.01930611802427151, 121.3389839466043583 ) ) ;
#6099 = CARTESIAN_POINT ( 'NONE',  ( -5.974697017077270027E-10, 43.83345410576623635, 282.5824894700288610 ) ) ;
#6100 = CARTESIAN_POINT ( 'NONE',  ( -47.83157056876449076, 23.61640379153806180, 318.9578585851867842 ) ) ;
#6101 = CARTESIAN_POINT ( 'NONE',  ( 35.00324824972713600, 34.16259130750545125, 262.6513619969019260 ) ) ;
#6102 = CARTESIAN_POINT ( 'NONE',  ( -19.23958081385339014, 44.36215661290071921, 164.4211870057072531 ) ) ;
#6103 = CARTESIAN_POINT ( 'NONE',  ( 2.883333089012468431, 37.06396331801435196, 58.55160058116674549 ) ) ;
#6104 = CARTESIAN_POINT ( 'NONE',  ( -7.171420442513722904, 21.07722106815067775, 418.0681226212388992 ) ) ;
#6105 = DIRECTION ( 'NONE',  ( -1.000000000000000000, 0.000000000000000000, 0.000000000000000000 ) ) ;
#6106 = CARTESIAN_POINT ( 'NONE',  ( 0.2630545490475367232, 33.48416922319186995, 347.1041192556690476 ) ) ;
#6107 = CARTESIAN_POINT ( 'NONE',  ( 0.000000000000000000, 13.75622029850556061, 472.5436863909573617 ) ) ;
#6108 = EDGE_CURVE ( 'NONE', #1262, #6094, #5322, .T. ) ;
#6109 = EDGE_CURVE ( 'NONE', #4404, #5192, #8634, .T. ) ;
#6110 = CARTESIAN_POINT ( 'NONE',  ( -28.62580084016314075, -19.75740349066564150, -50.39037838586354923 ) ) ;
#6111 = CARTESIAN_POINT ( 'NONE',  ( -20.60482587338348992, 33.85868598821034681, 324.9856463650672254 ) ) ;
#6112 = CARTESIAN_POINT ( 'NONE',  ( 0.02144137293911270795, 22.82554869419496768, 413.2886064612703194 ) ) ;
#6113 = CARTESIAN_POINT ( 'NONE',  ( 3.331072433877050987, 36.10613679527894959, 325.6681342061166333 ) ) ;
#6114 = CARTESIAN_POINT ( 'NONE',  ( 41.15579822157624790, 28.28116118385899469, 331.4493103031246051 ) ) ;
#6115 = CARTESIAN_POINT ( 'NONE',  ( -150.0000000000000284, 2.675617566335641406, 211.3246760485956202 ) ) ;
#6116 = CARTESIAN_POINT ( 'NONE',  ( 6.633573060279360334, 41.90459917886742147, 256.1856785557782814 ) ) ;
#6117 = ORIENTED_EDGE ( 'NONE', *, *, #2307, .F. ) ;
#6118 = ORIENTED_EDGE ( 'NONE', *, *, #2581, .F. ) ;
#6119 = CARTESIAN_POINT ( 'NONE',  ( -0.8232861172484648993, 37.52274279518023548, 58.77084347987265289 ) ) ;
#6120 = EDGE_LOOP ( 'NONE', ( #3370, #7766, #6426, #6229 ) ) ;
#6121 =( LENGTH_UNIT ( ) NAMED_UNIT ( * ) SI_UNIT ( .MILLI., .METRE. ) );
#6122 = CARTESIAN_POINT ( 'NONE',  ( 13.90261959505029310, 29.33021811408189450, 366.5422412471156122 ) ) ;
#6123 = CARTESIAN_POINT ( 'NONE',  ( -0.4805502636171828934, 41.33763137455497372, 270.8741017844389489 ) ) ;
#6124 = CARTESIAN_POINT ( 'NONE',  ( 0.7211685925244961659, 37.00910107862591047, 318.0887112206664256 ) ) ;
#6125 = CARTESIAN_POINT ( 'NONE',  ( -0.1577725070845176492, 43.88369230578598490, 281.9339774585317286 ) ) ;
#6126 = CARTESIAN_POINT ( 'NONE',  ( -0.4666624454428923707, 44.78686955249617796, 261.3537278318258927 ) ) ;
#6127 = CARTESIAN_POINT ( 'NONE',  ( -2.865643619534015141, -19.79597498845155457, -71.17153684286878956 ) ) ;
#6128 = CARTESIAN_POINT ( 'NONE',  ( -150.0000000000005116, -2.468752498710066856, 425.1262764251987392 ) ) ;
#6129 = CARTESIAN_POINT ( 'NONE',  ( -11.66887022682372788, 27.20121380708312486, 381.3538224533871244 ) ) ;
#6130 = CARTESIAN_POINT ( 'NONE',  ( 23.11200457635690597, 32.58407605424548592, 329.2058608741025978 ) ) ;
#6131 =( BOUNDED_SURFACE ( )  B_SPLINE_SURFACE ( 3, 2, ( 
 ( #7404, #2591, #8079 ),
 ( #1917, #1231, #3998 ),
 ( #562, #6066, #8805 ),
 ( #4096, #7500, #8172 ) ),
 .UNSPECIFIED., .F., .F., .F. ) 
 B_SPLINE_SURFACE_WITH_KNOTS ( ( 4, 4 ),
 ( 3, 3 ),
 ( 4.336808689942017736E-19, 0.0004891959335995700424 ),
 ( 0.000000000000000000, 1.000000000000000000 ),
 .UNSPECIFIED. ) 
 GEOMETRIC_REPRESENTATION_ITEM ( )  RATIONAL_B_SPLINE_SURFACE ( (
 ( 1.000000000000000000, 0.7287434562805066296, 1.000000000000000000),
 ( 1.000000000000000000, 0.7287930287055207623, 1.000000000000000000),
 ( 1.000000000000000000, 0.7288432373383267882, 1.000000000000000000),
 ( 1.000000000000000000, 0.7288940299742635576, 1.000000000000000000) ) ) 
 REPRESENTATION_ITEM ( '' )  SURFACE ( )  );
#6132 = ORIENTED_EDGE ( 'NONE', *, *, #7202, .F. ) ;
#6133 = CARTESIAN_POINT ( 'NONE',  ( -7.431809620212005640, 37.05205631470020933, 315.6487208049931041 ) ) ;
#6134 = CARTESIAN_POINT ( 'NONE',  ( -7.500000000000000000, 18.81336334461916948, 425.6312990209411282 ) ) ;
#6135 = ORIENTED_EDGE ( 'NONE', *, *, #6813, .T. ) ;
#6136 = CARTESIAN_POINT ( 'NONE',  ( 31.00169773118804883, 33.20072707652335708, 295.0199855162105109 ) ) ;
#6137 = CARTESIAN_POINT ( 'NONE',  ( -27.54205378727564835, 17.24259419071138311, 400.0882550652045779 ) ) ;
#6138 = CARTESIAN_POINT ( 'NONE',  ( -3.997915409286106143E-05, 45.40164259393093005, 260.7912700474692542 ) ) ;
#6139 = CARTESIAN_POINT ( 'NONE',  ( -14.38537002215521809, 41.39023253798564639, 248.8891207966885872 ) ) ;
#6140 = CARTESIAN_POINT ( 'NONE',  ( 149.9999999999994884, 5.740427124744100773, 378.1347507846561484 ) ) ;
#6141 = CARTESIAN_POINT ( 'NONE',  ( 0.000000000000000000, 44.80250588595319527, 261.3537278318257790 ) ) ;
#6142 = ORIENTED_EDGE ( 'NONE', *, *, #5835, .T. ) ;
#6143 = CARTESIAN_POINT ( 'NONE',  ( -0.9524719360756089825, -9.975947145280258610, -61.05127630084054857 ) ) ;
#6144 = CARTESIAN_POINT ( 'NONE',  ( -42.92001070634990612, 30.58948129754396916, 263.3706977207172599 ) ) ;
#6145 = CARTESIAN_POINT ( 'NONE',  ( 1.646572234496929799, 37.62464340957060926, 58.81954004802969393 ) ) ;
#6146 = CARTESIAN_POINT ( 'NONE',  ( -35.62511535099858406, -12.77791609919348659, 499.3972652287001210 ) ) ;
#6147 = CARTESIAN_POINT ( 'NONE',  ( 6.615903989193428814, 42.00886900970308346, 254.7837419909197934 ) ) ;
#6148 = CIRCLE ( 'NONE', #4583, 1.000000000000000666 ) ;
#6149 = CARTESIAN_POINT ( 'NONE',  ( 1.153611605577076649, 47.71663046453083723, 204.9482023332519987 ) ) ;
#6150 = CARTESIAN_POINT ( 'NONE',  ( -1.232214472287483709, 47.77296557967702739, 180.4880816561268375 ) ) ;
#6151 = CARTESIAN_POINT ( 'NONE',  ( -9.155903498956236675, 22.26166849691641403, 410.0465226585800451 ) ) ;
#6152 = CARTESIAN_POINT ( 'NONE',  ( -2.543131720836312285E-14, 32.54850714225273833, 354.1166953649021707 ) ) ;
#6153 = CARTESIAN_POINT ( 'NONE',  ( -1.046366438129278986, 33.48908060265894449, 346.9714308579416411 ) ) ;
#6154 = CARTESIAN_POINT ( 'NONE',  ( -1.459071100982355595, -7.213087860121786932, 550.1242434627826015 ) ) ;
#6155 = CARTESIAN_POINT ( 'NONE',  ( 0.9538432379601403666, -14.88770259644060800, -66.09957415697023464 ) ) ;
#6156 = CARTESIAN_POINT ( 'NONE',  ( -10.60082343214952338, 36.15834881144747470, 321.5797535216198071 ) ) ;
#6157 = CARTESIAN_POINT ( 'NONE',  ( 31.50414302400009348, 18.34224284469039290, 387.3017905488179053 ) ) ;
#6158 = CARTESIAN_POINT ( 'NONE',  ( 22.35612406372655769, 33.37977898343175553, 324.8989240259114126 ) ) ;
#6159 = CARTESIAN_POINT ( 'NONE',  ( 1.904146327908672554, -8.520320594203820264, -59.57409022259488296 ) ) ;
#6160 = CARTESIAN_POINT ( 'NONE',  ( 0.000000000000000000, 45.40165219869580682, 260.7912705906431938 ) ) ;
#6161 = FILL_AREA_STYLE ('',( #6210 ) ) ;
#6162 = VECTOR ( 'NONE', #1000, 1000.000000000000227 ) ;
#6163 = ORIENTED_EDGE ( 'NONE', *, *, #4913, .F. ) ;
#6164 = ORIENTED_EDGE ( 'NONE', *, *, #2147, .F. ) ;
#6165 = EDGE_CURVE ( 'NONE', #4103, #6554, #5358, .T. ) ;
#6166 = CARTESIAN_POINT ( 'NONE',  ( 0.000000000000000000, 47.65165836710342973, 180.5788067618912009 ) ) ;
#6167 = ORIENTED_EDGE ( 'NONE', *, *, #265, .T. ) ;
#6168 = AXIS2_PLACEMENT_3D ( 'NONE', #1065, #3825, #668 ) ;
#6169 = DIRECTION ( 'NONE',  ( 0.9999999229084044483, -2.944127191796277424E-05, 0.0003915563775389278444 ) ) ;
#6170 = CARTESIAN_POINT ( 'NONE',  ( 8.662218210766177151, 28.70827003670665434, 375.4483840848396312 ) ) ;
#6171 = CARTESIAN_POINT ( 'NONE',  ( -1.489626480616566440, 40.65269960936543470, 279.7072407006611456 ) ) ;
#6172 = CARTESIAN_POINT ( 'NONE',  ( 24.00204825049118540, 33.59447692357365156, 318.3381803610416227 ) ) ;
#6173 = EDGE_CURVE ( 'NONE', #2788, #3415, #120, .T. ) ;
#6174 = CARTESIAN_POINT ( 'NONE',  ( 45.81560561666675824, 29.13041728108228767, 267.3731309027119210 ) ) ;
#6175 = CARTESIAN_POINT ( 'NONE',  ( 3.697024062231993202, 45.05106493880017382, 263.9854789025636137 ) ) ;
#6176 = CARTESIAN_POINT ( 'NONE',  ( 150.0000000000000284, -1.592874936842195055, 207.1259537470125736 ) ) ;
#6177 = CARTESIAN_POINT ( 'NONE',  ( -2.541794483188228870, -4.806876550188804664, 541.7585835155889527 ) ) ;
#6178 = CARTESIAN_POINT ( 'NONE',  ( 0.2433209659042304407, 27.84430203775490043, 384.8646862355368512 ) ) ;
#6179 = CARTESIAN_POINT ( 'NONE',  ( 0.3151990386997074456, 34.53301019607752664, 339.1045570241726637 ) ) ;
#6180 = ORIENTED_EDGE ( 'NONE', *, *, #7305, .F. ) ;
#6181 = CARTESIAN_POINT ( 'NONE',  ( -25.62121469113576211, 33.31576554808324886, 315.3556336841583061 ) ) ;
#6182 = CARTESIAN_POINT ( 'NONE',  ( 44.79208460024202054, 30.70202150165685495, 331.4493103058576935 ) ) ;
#6183 = EDGE_LOOP ( 'NONE', ( #5448, #8374 ) ) ;
#6184 = CARTESIAN_POINT ( 'NONE',  ( 32.62225252449307789, 32.44330546167275031, 295.5243151818399951 ) ) ;
#6185 = CARTESIAN_POINT ( 'NONE',  ( 0.01039337674766038257, 23.09037415192558740, 413.8493118463000542 ) ) ;
#6186 = FACE_OUTER_BOUND ( 'NONE', #6862, .T. ) ;
#6187 = CARTESIAN_POINT ( 'NONE',  ( -0.6491443250904003204, 42.91275864863088430, 244.3485020860265138 ) ) ;
#6188 = CARTESIAN_POINT ( 'NONE',  ( 55.71564899923829728, 1.205407876259681377, 399.7257200711499081 ) ) ;
#6189 = APPLICATION_PROTOCOL_DEFINITION ( 'draft international standard', 'automotive_design', 1998, #3225 ) ;
#6190 = EDGE_LOOP ( 'NONE', ( #5413, #1684, #7482, #3099 ) ) ;
#6191 = CARTESIAN_POINT ( 'NONE',  ( 0.000000000000000000, 1.530671358679228655, -46.61894072316960802 ) ) ;
#6192 = CARTESIAN_POINT ( 'NONE',  ( -45.81560561666675824, 29.13041728108228767, 267.3731309027119210 ) ) ;
#6193 = CARTESIAN_POINT ( 'NONE',  ( -40.27835606771003540, 29.95550804658368804, 285.7935758396112647 ) ) ;
#6194 = CARTESIAN_POINT ( 'NONE',  ( -150.0000000000002558, 12.91824135705855703, 236.2496330257888815 ) ) ;
#6195 = CARTESIAN_POINT ( 'NONE',  ( -0.01039337674766038257, 23.09037415192558740, 413.8493118463000542 ) ) ;
#6196 = CARTESIAN_POINT ( 'NONE',  ( 0.2362317662041379385, 42.46847186114318617, 253.2112113965298477 ) ) ;
#6197 = CARTESIAN_POINT ( 'NONE',  ( -149.9999999999993463, 17.13590603533871715, 269.4952211729575993 ) ) ;
#6198 = CARTESIAN_POINT ( 'NONE',  ( 9.650457210473206260, 42.47422119080876257, 108.3197917343866408 ) ) ;
#6199 = CARTESIAN_POINT ( 'NONE',  ( -20.14342343737371266, 21.72543053988104589, 396.0074681743134306 ) ) ;
#6200 = DIRECTION ( 'NONE',  ( 0.9994013588151230421, -0.03459658940540342315, 1.603534044474394683E-13 ) ) ;
#6201 = CARTESIAN_POINT ( 'NONE',  ( -3.179906470009636887, 32.38125871339487105, 354.4130359604330351 ) ) ;
#6202 = CARTESIAN_POINT ( 'NONE',  ( -2.109836334315450479, 3.066047688892955314, 514.8735652113953165 ) ) ;
#6203 = B_SPLINE_CURVE_WITH_KNOTS ( 'NONE', 3,
 ( #6342, #6299, #3505, #1472 ),
 .UNSPECIFIED., .F., .F.,
 ( 4, 4 ),
 ( 0.000000000000000000, 1.040227769084426027E-05 ),
 .UNSPECIFIED. ) ;
#6204 = CARTESIAN_POINT ( 'NONE',  ( -0.000000000000000000, -14.90059978858783118, -66.09690123838019815 ) ) ;
#6205 = CARTESIAN_POINT ( 'NONE',  ( -0.7204145174469297475, 36.60682565458876070, 321.6905020490284528 ) ) ;
#6206 = CARTESIAN_POINT ( 'NONE',  ( -0.2895412866256251161, 24.12866615580629670, 406.3142382569381539 ) ) ;
#6207 = CARTESIAN_POINT ( 'NONE',  ( 7.424941559190519236, 35.93107757351255316, 325.5361471384599099 ) ) ;
#6208 = CARTESIAN_POINT ( 'NONE',  ( -56.47713021477131434, -8.444831254075669591, 200.0310506176295462 ) ) ;
#6209 = DIRECTION ( 'NONE',  ( 0.000000000000000000, 0.1897509006088692884, -0.9818322645534331983 ) ) ;
#6210 = FILL_AREA_STYLE_COLOUR ( '', #3507 ) ;
#6211 = ORIENTED_EDGE ( 'NONE', *, *, #5991, .F. ) ;
#6212 = ORIENTED_EDGE ( 'NONE', *, *, #412, .F. ) ;
#6213 = CARTESIAN_POINT ( 'NONE',  ( 13.89565711704575790, 43.38650797797856740, 278.5011269604131598 ) ) ;
#6214 =( LENGTH_UNIT ( ) NAMED_UNIT ( * ) SI_UNIT ( .MILLI., .METRE. ) );
#6215 = CARTESIAN_POINT ( 'NONE',  ( 30.43458038365485407, 24.80392797255299087, 359.4600578696641833 ) ) ;
#6216 = CARTESIAN_POINT ( 'NONE',  ( -26.46569068797050051, 35.86348862114663660, 286.4345688442177789 ) ) ;
#6217 = ADVANCED_FACE ( 'NONE', ( #3149 ), #574, .F. ) ;
#6218 = CARTESIAN_POINT ( 'NONE',  ( -0.2557315569110443776, 36.95439033186507771, 318.5997695387839599 ) ) ;
#6219 = CARTESIAN_POINT ( 'NONE',  ( 42.92001070634990612, 30.58948129754396916, 263.3706977207172599 ) ) ;
#6220 = CARTESIAN_POINT ( 'NONE',  ( 34.67376643682520410, 38.34518731156141769, 257.2352719519589641 ) ) ;
#6221 = CARTESIAN_POINT ( 'NONE',  ( -22.54621404752073488, 42.81341387934571685, 255.0493119178971995 ) ) ;
#6222 = CARTESIAN_POINT ( 'NONE',  ( -9.652764452307431853, -8.494098938562002488, 541.5631860185608275 ) ) ;
#6223 = CARTESIAN_POINT ( 'NONE',  ( -13.44711095616327867, 25.68539623579760445, 387.3161604682388202 ) ) ;
#6224 = CARTESIAN_POINT ( 'NONE',  ( 1.413172158439198967, 34.53332814272068418, 339.0151608787176656 ) ) ;
#6225 = VERTEX_POINT ( 'NONE', #5945 ) ;
#6226 = EDGE_CURVE ( 'NONE', #7079, #5543, #8045, .T. ) ;
#6227 = CARTESIAN_POINT ( 'NONE',  ( -0.7213402193762709080, 37.40422608509397406, 314.4734084136720753 ) ) ;
#6228 = CARTESIAN_POINT ( 'NONE',  ( -1.305659868315106387, 43.22029972089209338, 281.8010472961809114 ) ) ;
#6229 = ORIENTED_EDGE ( 'NONE', *, *, #7964, .T. ) ;
#6230 = CARTESIAN_POINT ( 'NONE',  ( 43.02262224852427153, 26.34055992789927103, 309.7594641357410978 ) ) ;
#6231 = CARTESIAN_POINT ( 'NONE',  ( -30.80201105603235590, 16.86491870243611402, 394.8642802922685178 ) ) ;
#6232 = DIRECTION ( 'NONE',  ( 0.000000000000000000, -1.000000000000000000, 0.000000000000000000 ) ) ;
#6233 = CARTESIAN_POINT ( 'NONE',  ( -35.00324824972712889, 34.16259130750545836, 262.6513619969019260 ) ) ;
#6234 = CARTESIAN_POINT ( 'NONE',  ( 150.0000000000002274, 7.068232020827782236, 370.3528863233865422 ) ) ;
#6235 = CARTESIAN_POINT ( 'NONE',  ( -41.15213526186705195, 24.56213932722517157, 331.4493103031246051 ) ) ;
#6236 = ORIENTED_EDGE ( 'NONE', *, *, #8358, .F. ) ;
#6237 = CARTESIAN_POINT ( 'NONE',  ( -0.9429501939302636915, 4.886886460646159058, -41.31700136380539590 ) ) ;
#6238 = CARTESIAN_POINT ( 'NONE',  ( -24.54877487504606748, 38.66041352850114521, 255.0493118463000997 ) ) ;
#6239 = CARTESIAN_POINT ( 'NONE',  ( 42.94148338393681996, 25.49080070570302325, 317.5204570573160936 ) ) ;
#6240 = CARTESIAN_POINT ( 'NONE',  ( -0.2362317662041189537, 42.46847186114320039, 253.2112113965297908 ) ) ;
#6241 = CARTESIAN_POINT ( 'NONE',  ( 2.546057378257033932, 34.45886955982916078, 42.11624028194231784 ) ) ;
#6242 = CARTESIAN_POINT ( 'NONE',  ( 0.7315842355799940799, -9.573308037895744249, 557.6533037653249494 ) ) ;
#6243 = CARTESIAN_POINT ( 'NONE',  ( 8.621865130301701541, 41.28298763512510305, 264.0127433196860807 ) ) ;
#6244 = VECTOR ( 'NONE', #1053, 1000.000000000000114 ) ;
#6245 = CARTESIAN_POINT ( 'NONE',  ( 1.404199679686745306, 45.94742635001971109, 130.5641109568593379 ) ) ;
#6246 = CARTESIAN_POINT ( 'NONE',  ( 11.07186743597200973, 32.81523294668829749, 45.76036132870854090 ) ) ;
#6247 = CARTESIAN_POINT ( 'NONE',  ( -5.162956733033042589, 23.94007429252476982, 405.1887286344602899 ) ) ;
#6248 = CARTESIAN_POINT ( 'NONE',  ( -8.966662445442738161, 41.68708929210457370, 256.1693239052390823 ) ) ;
#6249 = CARTESIAN_POINT ( 'NONE',  ( 0.2780972889480157195, 32.39743659103969975, 354.8495123668081987 ) ) ;
#6250 = CARTESIAN_POINT ( 'NONE',  ( 9.652764452307431853, -8.494098938562002488, 541.5631860185608275 ) ) ;
#6251 = CIRCLE ( 'NONE', #192, 1.000000000000000888 ) ;
#6252 = CARTESIAN_POINT ( 'NONE',  ( 5.451492606731124013, 39.72628978269494127, 290.4870413950667967 ) ) ;
#6253 = CARTESIAN_POINT ( 'NONE',  ( -28.77890368801359955, 31.18376402228001965, 322.9338471266089527 ) ) ;
#6254 = CARTESIAN_POINT ( 'NONE',  ( 9.287600428651499485, 23.59742603059125443, 403.1732084938272465 ) ) ;
#6255 = CARTESIAN_POINT ( 'NONE',  ( 0.3285748503297590273, 35.18295433596298238, 333.7581232983987434 ) ) ;
#6256 = CARTESIAN_POINT ( 'NONE',  ( 2.853196301606920837, -5.731608919956029169, -56.50461328002980821 ) ) ;
#6257 = PLANE ( 'NONE',  #4881 ) ;
#6258 = PRESENTATION_STYLE_ASSIGNMENT (( #6300 ) ) ;
#6259 = ORIENTED_EDGE ( 'NONE', *, *, #8351, .T. ) ;
#6260 = ORIENTED_EDGE ( 'NONE', *, *, #372, .F. ) ;
#6261 = CARTESIAN_POINT ( 'NONE',  ( 149.9999999999997442, 16.89020687609928828, 297.3968004075345561 ) ) ;
#6262 = CARTESIAN_POINT ( 'NONE',  ( 0.06645644232220888903, 34.68770245869671243, 337.6826921410831233 ) ) ;
#6263 = CARTESIAN_POINT ( 'NONE',  ( 11.91793392031589249, 29.59478114338479671, 367.2328988522414193 ) ) ;
#6264 = CARTESIAN_POINT ( 'NONE',  ( -4.152534937193086861, 40.52535074893622635, 280.1583359245952352 ) ) ;
#6265 = CARTESIAN_POINT ( 'NONE',  ( 25.60624423866109112, 32.98452314303927579, 318.3629894289706499 ) ) ;
#6266 = CARTESIAN_POINT ( 'NONE',  ( -1.775404981749445055, 40.44237786041291116, 281.6068929674624997 ) ) ;
#6267 = CARTESIAN_POINT ( 'NONE',  ( 33.22163412420785988, 38.99895523424347488, 256.6291336029117929 ) ) ;
#6268 = CARTESIAN_POINT ( 'NONE',  ( -0.9520731639543362768, -8.547617495532426446, -59.58324036534521895 ) ) ;
#6269 = CARTESIAN_POINT ( 'NONE',  ( -35.77127347892401588, -9.639532146028656712, 488.8322980861877340 ) ) ;
#6270 = CARTESIAN_POINT ( 'NONE',  ( -22.49768823640119919, 26.30718662266640706, 369.4563804872955188 ) ) ;
#6271 = CARTESIAN_POINT ( 'NONE',  ( 0.07213618635741507468, 33.48622476736003506, 347.0713599224096129 ) ) ;
#6272 = VERTEX_POINT ( 'NONE', #6617 ) ;
#6273 = CARTESIAN_POINT ( 'NONE',  ( -4.751454603859426307, 37.30862881181087687, 314.5744479532344258 ) ) ;
#6274 = CARTESIAN_POINT ( 'NONE',  ( -0.4569563251370100110, 37.52044118856473176, 313.4044739037541376 ) ) ;
#6275 = LINE ( 'NONE', #2712, #6450 ) ;
#6276 = CARTESIAN_POINT ( 'NONE',  ( 0.000000000000000000, 36.16042726719889799, 334.4493103031246051 ) ) ;
#6277 = CARTESIAN_POINT ( 'NONE',  ( -6.119650671753207760, 42.81701335569710665, 236.8458736243954945 ) ) ;
#6278 = CARTESIAN_POINT ( 'NONE',  ( 0.000000000000000000, 17.01339730700182074, 458.4116318598639168 ) ) ;
#6279 = CARTESIAN_POINT ( 'NONE',  ( -2.838695181821947688, 1.681375928194609459, -46.53493995302151376 ) ) ;
#6280 = EDGE_CURVE ( 'NONE', #5564, #6641, #3819, .T. ) ;
#6281 = B_SPLINE_CURVE_WITH_KNOTS ( 'NONE', 3,
 ( #3933, #1264, #1125, #4029, #6050, #5376, #7437, #7924, #6772, #7389 ),
 .UNSPECIFIED., .F., .F.,
 ( 4, 2, 2, 2, 4 ),
 ( 0.05921641818546431735, 0.06565017579977684703, 0.07208393341408937671, 0.08495144864271426954, 0.1106864790999639026 ),
 .UNSPECIFIED. ) ;
#6282 = CARTESIAN_POINT ( 'NONE',  ( -32.45932355933747715, 35.65047642367733971, 256.3136994232768870 ) ) ;
#6283 = CARTESIAN_POINT ( 'NONE',  ( -0.2556923377349030191, 37.12595758344328090, 317.0462846648219966 ) ) ;
#6284 = CARTESIAN_POINT ( 'NONE',  ( -0.6605607835715733289, 42.44681851461626820, 253.2823792128299658 ) ) ;
#6285 = CARTESIAN_POINT ( 'NONE',  ( 0.5768058027885383243, 47.66852144650732015, 205.0091658014256382 ) ) ;
#6286 = CARTESIAN_POINT ( 'NONE',  ( -7.193853010854474483, -10.41107745454391420, 557.8597997808570881 ) ) ;
#6287 = CARTESIAN_POINT ( 'NONE',  ( -0.3785680576199701997, 41.93229190437014609, 261.9391056086478216 ) ) ;
#6288 = ADVANCED_FACE ( 'NONE', ( #4508 ), #5739, .T. ) ;
#6289 = CARTESIAN_POINT ( 'NONE',  ( 71.97024598150451880, 26.91823370465814236, 148.0993287817699979 ) ) ;
#6290 = CARTESIAN_POINT ( 'NONE',  ( -2.553635517619633699, 22.74525417488684909, 412.9165411417154701 ) ) ;
#6291 = CARTESIAN_POINT ( 'NONE',  ( -39.05509934958279672, 23.41875919195532418, 365.2780640738445186 ) ) ;
#6292 = CARTESIAN_POINT ( 'NONE',  ( -0.1078193616228819707, 32.39928013024714204, 354.8066927870877407 ) ) ;
#6293 = CARTESIAN_POINT ( 'NONE',  ( -0.7315842355799940799, -9.573308037895744249, 557.6533037653249494 ) ) ;
#6294 = CARTESIAN_POINT ( 'NONE',  ( -86.78479610272228228, -8.426922040965695970, 51.82892328279097427 ) ) ;
#6295 = CARTESIAN_POINT ( 'NONE',  ( -0.1402167947609894161, 36.60808113503192374, 321.6963830549197496 ) ) ;
#6296 = CARTESIAN_POINT ( 'NONE',  ( 11.03573795269403846, 22.01862628658103205, 408.8227765335026902 ) ) ;
#6297 = CARTESIAN_POINT ( 'NONE',  ( 6.098613845614827333, 35.06376190985995578, 333.3727106115625816 ) ) ;
#6298 = CARTESIAN_POINT ( 'NONE',  ( -12.46229530001277652, -2.572497710891440637, -46.23969499504121217 ) ) ;
#6299 = CARTESIAN_POINT ( 'NONE',  ( 0.003464467700612516507, 26.16386474851795541, 413.8493118416964194 ) ) ;
#6300 = SURFACE_STYLE_USAGE ( .BOTH. , #4099 ) ;
#6301 = VERTEX_POINT ( 'NONE', #801 ) ;
#6302 = ORIENTED_EDGE ( 'NONE', *, *, #207, .F. ) ;
#6303 = CARTESIAN_POINT ( 'NONE',  ( -0.6161072361437418543, 47.71231197339022856, 180.5334442090090192 ) ) ;
#6304 = CIRCLE ( 'NONE', #2396, 1.000000000000000666 ) ;
#6305 = B_SPLINE_CURVE_WITH_KNOTS ( 'NONE', 3,
 ( #4048, #77, #2279, #7052, #3633, #204 ),
 .UNSPECIFIED., .F., .F.,
 ( 4, 2, 4 ),
 ( 6.378401789753216049E-15, 0.003867405450800141115, 0.007734810901593903651 ),
 .UNSPECIFIED. ) ;
#6306 = CARTESIAN_POINT ( 'NONE',  ( -38.95575247862762325, 25.32233681010083259, 332.5383978797803479 ) ) ;
#6307 = CARTESIAN_POINT ( 'NONE',  ( 2.504508178232434545, 27.81038804160777289, 384.4308232138786821 ) ) ;
#6308 = CARTESIAN_POINT ( 'NONE',  ( -6.303370301357745120, 40.37815332794029644, 280.5696710170459482 ) ) ;
#6309 = CARTESIAN_POINT ( 'NONE',  ( 38.96905058286642287, 27.06405258851464524, 318.9121376195506627 ) ) ;
#6310 = FACE_OUTER_BOUND ( 'NONE', #5923, .T. ) ;
#6311 = STYLED_ITEM ( 'NONE', ( #5354 ), #1774 ) ;
#6312 = CYLINDRICAL_SURFACE ( 'NONE', #4168, 24.40000000000008740 ) ;
#6313 = CARTESIAN_POINT ( 'NONE',  ( 28.42755645119725472, -3.288475361452404488, -32.29124967184177564 ) ) ;
#6314 = CARTESIAN_POINT ( 'NONE',  ( 0.6857961776820891142, 6.775705951531614701, 500.7587486378974972 ) ) ;
#6315 = CARTESIAN_POINT ( 'NONE',  ( -27.18430358550782344, 24.81531071749770234, 366.9993764449960167 ) ) ;
#6316 = CARTESIAN_POINT ( 'NONE',  ( 18.09116916702596711, 33.00230617920714593, 337.0730345738087408 ) ) ;
#6317 = ORIENTED_EDGE ( 'NONE', *, *, #7419, .T. ) ;
#6318 = CARTESIAN_POINT ( 'NONE',  ( -42.95151865983268635, 25.64854662894014226, 316.1076999993335335 ) ) ;
#6319 = CARTESIAN_POINT ( 'NONE',  ( 1.106049527062146876, 38.39592740845894525, 305.1653059199896916 ) ) ;
#6320 = DIRECTION ( 'NONE',  ( 1.000000000000000000, 0.000000000000000000, 0.000000000000000000 ) ) ;
#6321 = CARTESIAN_POINT ( 'NONE',  ( -5.464782804720379694, 41.26731421385152032, 256.1377608585562484 ) ) ;
#6322 = LINE ( 'NONE', #7742, #829 ) ;
#6323 = CARTESIAN_POINT ( 'NONE',  ( -8.966662445442738161, 41.68708929210457370, 256.1693239052390823 ) ) ;
#6324 = CARTESIAN_POINT ( 'NONE',  ( 11.76711777406544357, 23.42470861069366350, 9.197752124484701142 ) ) ;
#6325 = CARTESIAN_POINT ( 'NONE',  ( -13.32105674269001483, 20.81051767479640802, 411.2060359150538602 ) ) ;
#6326 = CARTESIAN_POINT ( 'NONE',  ( 2.606302029207856030, 37.15498288105165159, 316.5683814523122805 ) ) ;
#6327 = CARTESIAN_POINT ( 'NONE',  ( -49.41977402203640679, 26.58002309791017836, 283.9080698943993752 ) ) ;
#6328 = CARTESIAN_POINT ( 'NONE',  ( 0.000000000000000000, 44.44231472044331355, 275.7264566852123266 ) ) ;
#6329 = CARTESIAN_POINT ( 'NONE',  ( -3.049680367430579242, 44.48019286821320861, 263.6082112409563933 ) ) ;
#6330 = CARTESIAN_POINT ( 'NONE',  ( 1.496880299119848212, 41.84935665084345402, 262.2367003192279071 ) ) ;
#6331 = EDGE_CURVE ( 'NONE', #4677, #220, #4201, .T. ) ;
#6332 = CARTESIAN_POINT ( 'NONE',  ( -1.536255518351238303, 46.03229346627335872, 252.4759691116221347 ) ) ;
#6333 = CARTESIAN_POINT ( 'NONE',  ( -1.039398557108119014, 24.09973215399785573, 406.1547716780646056 ) ) ;
#6334 = CARTESIAN_POINT ( 'NONE',  ( -13.28614847142689470, 33.81161149915395470, 337.7463616523502878 ) ) ;
#6335 = CARTESIAN_POINT ( 'NONE',  ( 0.000000000000000000, -1.100564968850144654, 529.4234485653213369 ) ) ;
#6336 = EDGE_CURVE ( 'NONE', #7614, #1923, #5549, .T. ) ;
#6337 = CARTESIAN_POINT ( 'NONE',  ( -56.38420455136408549, -2.341849795747153795, 206.2968260904183353 ) ) ;
#6338 = CARTESIAN_POINT ( 'NONE',  ( 0.4560628736129909155, 36.83901811841504781, 319.6336978912309519 ) ) ;
#6339 = CARTESIAN_POINT ( 'NONE',  ( -0.03792862258212478799, 21.48575187697609223, 420.2288618597404479 ) ) ;
#6340 = CARTESIAN_POINT ( 'NONE',  ( 12.83301105733497316, 34.52433877165221077, 332.8139779555941118 ) ) ;
#6341 = CARTESIAN_POINT ( 'NONE',  ( -11.95892245156395362, 19.47318974129438018, -2.636757449170115120 ) ) ;
#6342 = CARTESIAN_POINT ( 'NONE',  ( 1.008678122121682470E-08, 26.16404423486584818, 413.8493118439171781 ) ) ;
#6343 = CARTESIAN_POINT ( 'NONE',  ( 2.425051527945484064, 41.81032557056327192, 262.2332714669864231 ) ) ;
#6344 = VERTEX_POINT ( 'NONE', #8278 ) ;
#6345 = ORIENTED_EDGE ( 'NONE', *, *, #8136, .T. ) ;
#6346 = CARTESIAN_POINT ( 'NONE',  ( 8.431562461238529593, 46.07402497580898171, 158.2968993032507683 ) ) ;
#6347 = CARTESIAN_POINT ( 'NONE',  ( -7.408995617691948254, 34.50803480814163038, 337.0515891102119781 ) ) ;
#6348 = CARTESIAN_POINT ( 'NONE',  ( -0.2072073600146288608, 26.63339782390278643, 392.0810569634166995 ) ) ;
#6349 = CARTESIAN_POINT ( 'NONE',  ( 0.1408028099675407985, 36.89669937729447469, 319.1176931460083779 ) ) ;
#6350 = DIRECTION ( 'NONE',  ( 0.000000000000000000, -0.1897509006088692884, 0.9818322645534331983 ) ) ;
#6351 = CARTESIAN_POINT ( 'NONE',  ( 3.066662445442833729, 43.38720806061537161, 279.3396071913396668 ) ) ;
#6352 = CARTESIAN_POINT ( 'NONE',  ( -2.838695181821947688, 1.681375928194609459, -46.53493995302151376 ) ) ;
#6353 = CARTESIAN_POINT ( 'NONE',  ( 0.000000000000000000, 43.40998518954015850, 287.8021543141501297 ) ) ;
#6354 = CARTESIAN_POINT ( 'NONE',  ( 0.2108608480530775320, 30.18297968849499924, 370.1138066049400663 ) ) ;
#6355 = CARTESIAN_POINT ( 'NONE',  ( 23.07560834413632023, 31.68205979071757383, 336.2665019639698016 ) ) ;
#6356 = ORIENTED_EDGE ( 'NONE', *, *, #4624, .F. ) ;
#6357 = ADVANCED_BREP_SHAPE_REPRESENTATION ( 'HATCH REAR', ( #7613, #1674, #7623, #1774, #3650 ), #2485 ) ;
#6358 = CARTESIAN_POINT ( 'NONE',  ( -10.64181970513195097, 37.85784482708305632, 305.8904628632462845 ) ) ;
#6359 = CARTESIAN_POINT ( 'NONE',  ( 28.87481982520083079, 32.82612842416318699, 308.0292068905854421 ) ) ;
#6360 = CARTESIAN_POINT ( 'NONE',  ( 27.54205378727564835, 17.24259419071138311, 400.0882550652045779 ) ) ;
#6361 = LINE ( 'NONE', #854, #4007 ) ;
#6362 = DIRECTION ( 'NONE',  ( 0.000000000000000000, -1.000000000000000000, 0.000000000000000000 ) ) ;
#6363 = VECTOR ( 'NONE', #7782, 1000.000000000000000 ) ;
#6364 = CARTESIAN_POINT ( 'NONE',  ( 0.000000000000000000, -7.286313120370254026, 550.2112436993119218 ) ) ;
#6365 = CARTESIAN_POINT ( 'NONE',  ( 56.27053592963592621, 0.7516941916051447237, 210.4962128354270590 ) ) ;
#6366 = CARTESIAN_POINT ( 'NONE',  ( -0.3357199725060893147, 37.06813522798681504, 317.5697807055007615 ) ) ;
#6367 = CARTESIAN_POINT ( 'NONE',  ( 0.9490617160165060184, 42.54358218907552924, 298.1207295063137508 ) ) ;
#6368 = CARTESIAN_POINT ( 'NONE',  ( 1.008678122121682470E-08, 26.16404423486584818, 413.8493118439171781 ) ) ;
#6369 = ORIENTED_EDGE ( 'NONE', *, *, #5457, .T. ) ;
#6370 = CARTESIAN_POINT ( 'NONE',  ( 0.6838220461775759151, 41.32991545933907673, 270.9052163511427125 ) ) ;
#6371 = CARTESIAN_POINT ( 'NONE',  ( -0.4709684984625378545, 41.02653431879563328, 312.7840159696370392 ) ) ;
#6372 = CARTESIAN_POINT ( 'NONE',  ( -28.20735818494363656, 19.41149289596812721, 389.7933980409662809 ) ) ;
#6373 = DIRECTION ( 'NONE',  ( -1.000000000000000000, 0.000000000000000000, 0.000000000000000000 ) ) ;
#6374 = CARTESIAN_POINT ( 'NONE',  ( -3.178581364844979884, 34.51546216650509535, 338.8625397106335981 ) ) ;
#6375 = CARTESIAN_POINT ( 'NONE',  ( -0.8101568770544540499, 41.93036023138896695, 261.3537278318257790 ) ) ;
#6376 = EDGE_CURVE ( 'NONE', #7996, #6746, #8441, .T. ) ;
#6377 = PRESENTATION_LAYER_ASSIGNMENT (  '', '', ( #3642 ) ) ;
#6378 = CARTESIAN_POINT ( 'NONE',  ( -12.37917598823336540, 4.075400731689930112, -36.12926134960945035 ) ) ;
#6379 = CARTESIAN_POINT ( 'NONE',  ( -22.36410724061613919, 33.99754456435057648, 319.6425244605550802 ) ) ;
#6380 = CARTESIAN_POINT ( 'NONE',  ( 8.135625068586310960, 20.98628724779928589, 417.5009044640527236 ) ) ;
#6381 = CARTESIAN_POINT ( 'NONE',  ( 47.83249215928426423, 23.05274548984304062, 323.6519819278803425 ) ) ;
#6382 = CARTESIAN_POINT ( 'NONE',  ( -27.66326358064004864, 13.52599411192533374, -1.587463340206875628 ) ) ;
#6383 = CARTESIAN_POINT ( 'NONE',  ( -3.049612787541136516, 44.48023141501953148, 263.6077621680315133 ) ) ;
#6384 = DIRECTION ( 'NONE',  ( -0.000000000000000000, -0.000000000000000000, -1.000000000000000000 ) ) ;
#6385 = ORIENTED_EDGE ( 'NONE', *, *, #3025, .T. ) ;
#6386 = EDGE_LOOP ( 'NONE', ( #2891, #4648, #1235 ) ) ;
#6387 = AXIS2_PLACEMENT_3D ( 'NONE', #49, #5733, #7660 ) ;
#6388 = CARTESIAN_POINT ( 'NONE',  ( -0.5029842643031070537, 32.03122875688352877, 380.6520867096004395 ) ) ;
#6389 = ADVANCED_FACE ( 'NONE', ( #4873 ), #8837, .F. ) ;
#6390 = B_SPLINE_CURVE_WITH_KNOTS ( 'NONE', 3,
 ( #6676, #8018, #3162, #6722, #7342, #2484, #8109, #7973, #1807, #501, #5330, #4564, #3252, #8061, #3396, #2769, #591, #6954 ),
 .UNSPECIFIED., .F., .F.,
 ( 4, 2, 2, 2, 2, 2, 2, 2, 4 ),
 ( 0.000000000000000000, 0.0006273900803818696940, 0.001254780160763738954, 0.001882170241145607889, 0.002509560321527476608, 0.003136950401909344675, 0.003764340482291213610, 0.004391730562673081678, 0.005019120643054950613 ),
 .UNSPECIFIED. ) ;
#6391 = CARTESIAN_POINT ( 'NONE',  ( -0.4666624454430700064, 43.22798668596865213, 282.5339774583893018 ) ) ;
#6392 = CARTESIAN_POINT ( 'NONE',  ( -0.1918621651941086470, 27.84398092945699332, 384.8582364891295242 ) ) ;
#6393 = CARTESIAN_POINT ( 'NONE',  ( 1.483950994975632431, 36.83147812504665097, 319.6328980449795267 ) ) ;
#6394 = CARTESIAN_POINT ( 'NONE',  ( -2.052266194397332821, 43.23461480341641305, 281.4025089608488770 ) ) ;
#6395 = CARTESIAN_POINT ( 'NONE',  ( 34.63776543775227879, 34.64702725585595289, 257.2189136324500396 ) ) ;
#6396 = CARTESIAN_POINT ( 'NONE',  ( 45.77435122676195078, 32.82235328896621240, 267.4074120813296531 ) ) ;
#6397 = CARTESIAN_POINT ( 'NONE',  ( 56.33277253066618329, -0.7343208053013621228, 208.3958578420063645 ) ) ;
#6398 = CARTESIAN_POINT ( 'NONE',  ( 0.000000000000000000, 39.78410641463695185, 323.8884699494520305 ) ) ;
#6399 = CARTESIAN_POINT ( 'NONE',  ( -31.83734178653340763, 21.95922805434355851, 370.3314748937763170 ) ) ;
#6400 = CARTESIAN_POINT ( 'NONE',  ( 26.09624758443603554, 29.66175039270417457, 342.3373612120564644 ) ) ;
#6401 = ORIENTED_EDGE ( 'NONE', *, *, #598, .T. ) ;
#6402 = CARTESIAN_POINT ( 'NONE',  ( -4.764427578685532794, 38.28401351822897425, 305.4212157928974420 ) ) ;
#6403 = CARTESIAN_POINT ( 'NONE',  ( 25.88146977768640866, 34.78065255298628244, 300.6052302639422464 ) ) ;
#6404 = CARTESIAN_POINT ( 'NONE',  ( -5.509241318674111968E-10, 38.88521462212378310, 331.4493103003381975 ) ) ;
#6405 = CARTESIAN_POINT ( 'NONE',  ( 0.000000000000000000, 0.000000000000000000, 331.4493103031246051 ) ) ;
#6406 = DIRECTION ( 'NONE',  ( 0.000000000000000000, 0.000000000000000000, -1.000000000000000000 ) ) ;
#6407 = CARTESIAN_POINT ( 'NONE',  ( -6.403712080581203558, 45.57724494206407684, 254.1058661924230933 ) ) ;
#6408 = CARTESIAN_POINT ( 'NONE',  ( -0.7317949095089628653, -9.968616617790203804, 558.9098446958789737 ) ) ;
#6409 = CARTESIAN_POINT ( 'NONE',  ( 150.0000000000000000, 6.573444530005628117, 217.0034385749200965 ) ) ;
#6410 = CARTESIAN_POINT ( 'NONE',  ( -2.606090283762244830, 37.09899871576819663, 317.0801945849291883 ) ) ;
#6411 = CARTESIAN_POINT ( 'NONE',  ( 0.4745308580082530092, 42.53815482386927016, 298.1606671052002184 ) ) ;
#6412 = CARTESIAN_POINT ( 'NONE',  ( -2.747441001170658481, 45.17845636126683928, 262.6903593786952911 ) ) ;
#6413 = CARTESIAN_POINT ( 'NONE',  ( 14.07439316190220957, 41.03859960670576612, 257.3303777767583256 ) ) ;
#6414 = CARTESIAN_POINT ( 'NONE',  ( 46.58558245345534488, 37.13275647413672687, 271.3152778191255265 ) ) ;
#6415 = CARTESIAN_POINT ( 'NONE',  ( -5.167694011133795229, 25.21805520900328901, 398.0933951797464943 ) ) ;
#6416 = CARTESIAN_POINT ( 'NONE',  ( 0.4777722426654211207, 43.87830855511518280, 281.9339774583894496 ) ) ;
#6417 = CARTESIAN_POINT ( 'NONE',  ( -1.770265347451751792, 34.53090243992399877, 338.9848596868718005 ) ) ;
#6418 = CARTESIAN_POINT ( 'NONE',  ( -2.534616652795657288, 41.79711419931523153, 262.3667429836926317 ) ) ;
#6419 = CARTESIAN_POINT ( 'NONE',  ( -56.45112250455159142, -6.087123366960760507, 202.2480236927935380 ) ) ;
#6420 = CARTESIAN_POINT ( 'NONE',  ( -1.484068766842224552, 36.88888052146795360, 319.1204478996788794 ) ) ;
#6421 = CARTESIAN_POINT ( 'NONE',  ( 10.85353611262891071, 20.63248045444030510, 415.5578627440073660 ) ) ;
#6422 = CARTESIAN_POINT ( 'NONE',  ( 23.98312524184455441, 32.42256262796001209, 328.2284582582102530 ) ) ;
#6423 = CARTESIAN_POINT ( 'NONE',  ( -27.93320105887194060, 9.482709585563030785, -10.56185500302712477 ) ) ;
#6424 = CARTESIAN_POINT ( 'NONE',  ( 2.078812317092659789, 42.26066660077066928, 255.0493126496633067 ) ) ;
#6425 = DIRECTION ( 'NONE',  ( -1.000000000000000000, 0.000000000000000000, 0.000000000000000000 ) ) ;
#6426 = ORIENTED_EDGE ( 'NONE', *, *, #6759, .T. ) ;
#6427 = VERTEX_POINT ( 'NONE', #6894 ) ;
#6428 = CARTESIAN_POINT ( 'NONE',  ( 47.69512756224418126, 13.92142524552201266, 338.3749908464645841 ) ) ;
#6429 = CARTESIAN_POINT ( 'NONE',  ( -20.59458960509002878, 33.43157226369628887, 328.5195199498684246 ) ) ;
#6430 = CARTESIAN_POINT ( 'NONE',  ( 9.632433770818231267, 27.42177150273777286, 382.2226754086966025 ) ) ;
#6431 = CARTESIAN_POINT ( 'NONE',  ( 25.60516475710588935, 32.93640822853038230, 318.7918185503713744 ) ) ;
#6432 = CARTESIAN_POINT ( 'NONE',  ( -1.513110319806343140, 43.81823041571867350, 282.4181972101264364 ) ) ;
#6433 = CARTESIAN_POINT ( 'NONE',  ( 2.347970148251844774E-32, 43.40061137667192526, 281.9513174277669236 ) ) ;
#6434 = ADVANCED_FACE ( 'NONE', ( #6979 ), #4827, .F. ) ;
#6435 = CARTESIAN_POINT ( 'NONE',  ( -48.13516415068088605, 31.48880182192486643, 273.1866541910857222 ) ) ;
#6436 = CARTESIAN_POINT ( 'NONE',  ( -1.897887140548182083, -1.930630389853631890, -51.65318905880917555 ) ) ;
#6437 = CARTESIAN_POINT ( 'NONE',  ( 0.000000000000000000, 41.02506332365900477, 312.7991820443241977 ) ) ;
#6438 = CARTESIAN_POINT ( 'NONE',  ( -1.404903750502326076, 30.17893196557481517, 369.8865661506198421 ) ) ;
#6439 = CARTESIAN_POINT ( 'NONE',  ( 8.904633119336205382, 34.26410948996861805, 338.2825017510094199 ) ) ;
#6440 = AXIS2_PLACEMENT_3D ( 'NONE', #5994, #8731, #8053 ) ;
#6441 = ORIENTED_EDGE ( 'NONE', *, *, #8735, .T. ) ;
#6442 = EDGE_CURVE ( 'NONE', #7683, #2091, #3179, .T. ) ;
#6443 = CARTESIAN_POINT ( 'NONE',  ( -2.607852287749395259, 37.48743515587788266, 313.4908029738015784 ) ) ;
#6444 = CARTESIAN_POINT ( 'NONE',  ( 17.01330367565181945, 36.01337400307539838, 314.0310167869734528 ) ) ;
#6445 = CARTESIAN_POINT ( 'NONE',  ( 16.71158238595865342, 19.96938336451205132, 409.5325876277166230 ) ) ;
#6446 = DIRECTION ( 'NONE',  ( 0.000000000000000000, 0.000000000000000000, 1.000000000000000000 ) ) ;
#6447 = CARTESIAN_POINT ( 'NONE',  ( 3.676186764061084133, 45.07826545332910229, 263.5663493776355040 ) ) ;
#6448 = CARTESIAN_POINT ( 'NONE',  ( -6.087201789984794331, 44.18919659100005504, 276.7467911875064033 ) ) ;
#6449 = CARTESIAN_POINT ( 'NONE',  ( -2.194752706739981907, -9.508866867582225879, 557.5849067725088162 ) ) ;
#6450 = VECTOR ( 'NONE', #633, 1000.000000000000227 ) ;
#6451 = CARTESIAN_POINT ( 'NONE',  ( -0.3357418835481996711, 37.12499675188873738, 317.0529901314169479 ) ) ;
#6452 = CARTESIAN_POINT ( 'NONE',  ( 0.000000000000000000, 47.65165836710342973, 180.5788067618912009 ) ) ;
#6453 = CARTESIAN_POINT ( 'NONE',  ( -3.697024062231994090, 45.05106493880016671, 263.9854789025636137 ) ) ;
#6454 = VECTOR ( 'NONE', #268, 1000.000000000000000 ) ;
#6455 = ORIENTED_EDGE ( 'NONE', *, *, #7964, .F. ) ;
#6456 = CARTESIAN_POINT ( 'NONE',  ( 0.2947602590470799755, 40.69115646233252903, 279.5398578590309171 ) ) ;
#6457 = CARTESIAN_POINT ( 'NONE',  ( 56.11130722957283723, 35.86224107201260836, 219.6474666994794234 ) ) ;
#6458 = CARTESIAN_POINT ( 'NONE',  ( -36.77173746045040303, 16.62840492261721437, 383.5840722010475474 ) ) ;
#6459 = CARTESIAN_POINT ( 'NONE',  ( 35.67511337814099903, 21.92823691282474741, 379.6048860149213624 ) ) ;
#6460 = CARTESIAN_POINT ( 'NONE',  ( 0.1067304120117177346, 34.53067097847765154, 339.1376225290459843 ) ) ;
#6461 = FACE_OUTER_BOUND ( 'NONE', #5601, .T. ) ;
#6462 = CARTESIAN_POINT ( 'NONE',  ( -56.33277253066618329, -0.7343208053013621228, 208.3958578420063645 ) ) ;
#6463 = CARTESIAN_POINT ( 'NONE',  ( 0.05384544413671114860, 36.95443412618507040, 318.6006216234800377 ) ) ;
#6464 = CARTESIAN_POINT ( 'NONE',  ( 29.69575258243325777, 17.60240274790784198, 394.2255377897466815 ) ) ;
#6465 = CARTESIAN_POINT ( 'NONE',  ( 5.427713734918476973, 34.60506383059658475, 337.2397971028794359 ) ) ;
#6466 = CARTESIAN_POINT ( 'NONE',  ( -3.313916258227276757, 1.354737596468937211, -46.71700391772461813 ) ) ;
#6467 = CARTESIAN_POINT ( 'NONE',  ( 2.145165295397433169E-08, 42.33955562421409979, 255.0493127239866169 ) ) ;
#6468 = CARTESIAN_POINT ( 'NONE',  ( 0.000000000000000000, 36.16042726719889799, 334.4493103031246051 ) ) ;
#6469 = VERTEX_POINT ( 'NONE', #7019 ) ;
#6470 = EDGE_LOOP ( 'NONE', ( #5006, #8238, #1642, #5896, #3323, #7904 ) ) ;
#6471 = CARTESIAN_POINT ( 'NONE',  ( -1.508952792909321161, 32.03446681347313785, 380.7825399960755135 ) ) ;
#6472 = CARTESIAN_POINT ( 'NONE',  ( -18.82318973941222140, 33.45385527543218984, 332.1991243264310469 ) ) ;
#6473 = CARTESIAN_POINT ( 'NONE',  ( 31.83734178653340763, 21.95922805434355851, 370.3314748937763170 ) ) ;
#6474 = CARTESIAN_POINT ( 'NONE',  ( 10.60140762427722017, 36.43281107703596433, 319.1446429268488600 ) ) ;
#6475 = CARTESIAN_POINT ( 'NONE',  ( -44.15722549583431800, 22.68431740036543687, 336.3206677078981102 ) ) ;
#6476 = CARTESIAN_POINT ( 'NONE',  ( -1.301449182797287385E-13, 42.21799005192732324, 257.1511589280127623 ) ) ;
#6477 = CARTESIAN_POINT ( 'NONE',  ( -48.99580762856480476, 30.76815887518153048, 278.6314224517525986 ) ) ;
#6478 = CARTESIAN_POINT ( 'NONE',  ( 3.196296804781076695, 20.31546560184472128, -7.393096603152921276 ) ) ;
#6479 = CARTESIAN_POINT ( 'NONE',  ( -7.193853010854474483, -10.41107745454391420, 557.8597997808570881 ) ) ;
#6480 = CARTESIAN_POINT ( 'NONE',  ( 6.452177857952435147, 32.28067691638835868, 353.8884358580403955 ) ) ;
#6481 = ORIENTED_EDGE ( 'NONE', *, *, #1803, .F. ) ;
#6482 = EDGE_CURVE ( 'NONE', #8584, #1208, #1567, .T. ) ;
#6483 = CARTESIAN_POINT ( 'NONE',  ( 17.00000249232249772, 35.71012172118634709, 316.8395631925152998 ) ) ;
#6484 = CARTESIAN_POINT ( 'NONE',  ( -28.87481982520083790, 32.82612842416319410, 308.0292068905855558 ) ) ;
#6485 = CARTESIAN_POINT ( 'NONE',  ( 35.45310429217513359, 29.00616536400198697, 315.8127216831113060 ) ) ;
#6486 = CARTESIAN_POINT ( 'NONE',  ( 22.32960331534437870, 18.46623086162715666, 405.6696295414720339 ) ) ;
#6487 = CARTESIAN_POINT ( 'NONE',  ( -7.199780051661552882E-18, 36.16042726719889799, 334.4493103031246051 ) ) ;
#6488 = CARTESIAN_POINT ( 'NONE',  ( 2.563252569476062170, 45.20436481260063033, 262.4040474122506339 ) ) ;
#6489 = CARTESIAN_POINT ( 'NONE',  ( 0.000000000000000000, 38.87860893774676185, 331.9800661568619944 ) ) ;
#6490 = CARTESIAN_POINT ( 'NONE',  ( 59.97261899444817601, -10.31809425623221443, 446.5905760905740181 ) ) ;
#6491 = EDGE_CURVE ( 'NONE', #7521, #7684, #2789, .T. ) ;
#6492 = PRODUCT_DEFINITION_SHAPE ( 'NONE', 'NONE',  #1471 ) ;
#6493 = ADVANCED_FACE ( 'NONE', ( #7186 ), #3643, .F. ) ;
#6494 = CARTESIAN_POINT ( 'NONE',  ( -1.105447905394675523, 37.06373119648060310, 317.5769489283616167 ) ) ;
#6495 = CARTESIAN_POINT ( 'NONE',  ( -5.833484303085390010, 40.92873967100756971, 312.9953586469236484 ) ) ;
#6496 = CARTESIAN_POINT ( 'NONE',  ( -37.55826825644066957, 26.10906260153237923, 331.4493103031246051 ) ) ;
#6497 = ORIENTED_EDGE ( 'NONE', *, *, #2692, .F. ) ;
#6498 = CARTESIAN_POINT ( 'NONE',  ( 26.46569068797051116, 35.86348862114662950, 286.4345688442177220 ) ) ;
#6499 = CARTESIAN_POINT ( 'NONE',  ( 0.000000000000000000, 47.03654387356198185, 229.1256845389213481 ) ) ;
#6500 = CARTESIAN_POINT ( 'NONE',  ( 0.1146415148966357933, 25.37885550143149871, 399.1832294874636773 ) ) ;
#6501 = CARTESIAN_POINT ( 'NONE',  ( 0.6379630123470887426, 43.22437796182068581, 281.9339774583897338 ) ) ;
#6502 = CARTESIAN_POINT ( 'NONE',  ( 0.01099002475509839802, 34.53124163880995923, 339.1302858228841046 ) ) ;
#6503 = CARTESIAN_POINT ( 'NONE',  ( 0.000000000000000000, 38.16041641445455923, 328.4493103031245482 ) ) ;
#6504 = CARTESIAN_POINT ( 'NONE',  ( -150.0000000000000284, 11.30624670738853510, 229.7266311706955264 ) ) ;
#6505 = CARTESIAN_POINT ( 'NONE',  ( -24.00035593659576705, 33.44673530009707463, 319.6456643819565215 ) ) ;
#6506 = DIRECTION ( 'NONE',  ( 0.000000000000000000, 0.000000000000000000, -1.000000000000000000 ) ) ;
#6507 = CARTESIAN_POINT ( 'NONE',  ( 33.03633095656162055, 60.00000000000000711, 389.0746662281788417 ) ) ;
#6508 = CARTESIAN_POINT ( 'NONE',  ( 0.000000000000000000, 37.42084218078985458, 58.72214691171561185 ) ) ;
#6509 = DIRECTION ( 'NONE',  ( 0.000000000000000000, 0.9971851335251159520, 0.07497872682632604480 ) ) ;
#6510 = CARTESIAN_POINT ( 'NONE',  ( 2.983504034819453921, 41.71970135663818979, 263.2762212113416922 ) ) ;
#6511 = ORIENTED_EDGE ( 'NONE', *, *, #5730, .T. ) ;
#6512 = ORIENTED_EDGE ( 'NONE', *, *, #7752, .F. ) ;
#6513 = CARTESIAN_POINT ( 'NONE',  ( -0.9419369969250757091, 41.02800531393226180, 312.7688498949498808 ) ) ;
#6514 = CARTESIAN_POINT ( 'NONE',  ( -3.329585876100149111, 35.15834745584977128, 333.5690052227736260 ) ) ;
#6515 = CARTESIAN_POINT ( 'NONE',  ( 22.15935242527341131, 23.89324989498049945, 382.2328294187187794 ) ) ;
#6516 = CARTESIAN_POINT ( 'NONE',  ( 47.83100515462253810, 23.38040146959893306, 320.9864435640880629 ) ) ;
#6517 = CARTESIAN_POINT ( 'NONE',  ( -2.516282378371554440, 43.90794913533331822, 280.9447227168269592 ) ) ;
#6518 = AXIS2_PLACEMENT_3D ( 'NONE', #8455, #5262, #6022 ) ;
#6519 = CARTESIAN_POINT ( 'NONE',  ( 1.203986708643585412E-14, 110.3999999999999773, 281.9339774583896769 ) ) ;
#6520 = CARTESIAN_POINT ( 'NONE',  ( -3.697024062231993202, 45.05106493880017382, 263.9854789025636137 ) ) ;
#6521 = CARTESIAN_POINT ( 'NONE',  ( -1.733348263405259271, 31.56952604277959296, 29.57366796039476498 ) ) ;
#6522 = CARTESIAN_POINT ( 'NONE',  ( -2.560296908970711272, -8.941921420989110914, 555.3173611246556902 ) ) ;
#6523 = CARTESIAN_POINT ( 'NONE',  ( 16.09556541588332834, 31.27071630505280808, 351.7495214854602068 ) ) ;
#6524 = ORIENTED_EDGE ( 'NONE', *, *, #7254, .F. ) ;
#6525 = CARTESIAN_POINT ( 'NONE',  ( 27.42881093186087682, 27.05312195357477734, 354.6692942134463920 ) ) ;
#6526 = CARTESIAN_POINT ( 'NONE',  ( -27.30067097471098592, 33.51253427932304163, 307.8126923851098127 ) ) ;
#6527 = CARTESIAN_POINT ( 'NONE',  ( 3.333091792161424483, 37.02499779076156727, 317.5987814240579610 ) ) ;
#6528 = CARTESIAN_POINT ( 'NONE',  ( 4.751454603859445847, 37.30862881181089108, 314.5744479532344826 ) ) ;
#6529 = CARTESIAN_POINT ( 'NONE',  ( 25.59341244189058528, 17.63873504907162726, 402.4983841396163484 ) ) ;
#6530 = DIRECTION ( 'NONE',  ( 6.590423098898467265E-17, -0.9971851335251159520, -0.07497872682632604480 ) ) ;
#6531 = CARTESIAN_POINT ( 'NONE',  ( 3.594497051737633786, 45.10778400095122009, 263.1571726631016190 ) ) ;
#6532 = CARTESIAN_POINT ( 'NONE',  ( -47.69512756224418126, 13.92142524552201266, 338.3749908464645841 ) ) ;
#6533 = CARTESIAN_POINT ( 'NONE',  ( -32.20913717727860615, 32.31378630073693614, 331.4493103031244914 ) ) ;
#6534 = AXIS2_PLACEMENT_3D ( 'NONE', #6405, #4255, #5693 ) ;
#6535 = CARTESIAN_POINT ( 'NONE',  ( -0.7212407220768750626, 37.06613808559873036, 317.5733618239683551 ) ) ;
#6536 = CARTESIAN_POINT ( 'NONE',  ( -1.649437573462356754, 40.21924920216152088, 320.0000000000000568 ) ) ;
#6537 = CARTESIAN_POINT ( 'NONE',  ( 0.000000000000000000, 44.80250588595319527, 261.3537278318257790 ) ) ;
#6538 = ORIENTED_EDGE ( 'NONE', *, *, #6056, .T. ) ;
#6539 = CARTESIAN_POINT ( 'NONE',  ( 15.72543249365328322, 39.69596390789772045, 274.6770523385716842 ) ) ;
#6540 = EDGE_CURVE ( 'NONE', #5295, #7507, #8536, .T. ) ;
#6541 = CARTESIAN_POINT ( 'NONE',  ( 1.850464964290566172, 28.57020904146000362, 400.4539919784762674 ) ) ;
#6542 = CARTESIAN_POINT ( 'NONE',  ( -8.813344600305612175, 37.72961217953426427, 308.1860018406188715 ) ) ;
#6543 = CARTESIAN_POINT ( 'NONE',  ( -0.04206816828834844535, 35.53184490005988749, 330.8596034287484144 ) ) ;
#6544 = CARTESIAN_POINT ( 'NONE',  ( -2.933634540929972001, 41.73235328798942589, 263.1114192923300266 ) ) ;
#6545 = CARTESIAN_POINT ( 'NONE',  ( 2.817357777913640060, 8.097330774758388472, -35.80875540050892170 ) ) ;
#6547 = EDGE_CURVE ( 'NONE', #3054, #4377, #1890, .T. ) ;
#6546 = CARTESIAN_POINT ( 'NONE',  ( -2.598731557526376967, 43.83794227111683739, 281.7943079890523563 ) ) ;
#6548 = CARTESIAN_POINT ( 'NONE',  ( 0.2558041227995719868, 36.89684302587181008, 319.1169315072635868 ) ) ;
#6549 = CARTESIAN_POINT ( 'NONE',  ( 25.50986363365967335, 38.77656153807661354, 247.0067137197877685 ) ) ;
#6550 = CARTESIAN_POINT ( 'NONE',  ( -7.500000000000000000, 20.81336334461917303, 425.6312990209411282 ) ) ;
#6551 = CARTESIAN_POINT ( 'NONE',  ( -23.38038312808035002, 37.38833027712956891, 92.04395209074077400 ) ) ;
#6552 = CARTESIAN_POINT ( 'NONE',  ( 3.066662445442843055, 41.65491474906183811, 263.6082741218962155 ) ) ;
#6553 = CARTESIAN_POINT ( 'NONE',  ( 1.770990332315775406, 40.46585533714804228, 281.5901835729152367 ) ) ;
#6554 = VERTEX_POINT ( 'NONE', #2327 ) ;
#6555 = CARTESIAN_POINT ( 'NONE',  ( -15.85133419182490400, 29.05046932998559939, 365.8486085168153181 ) ) ;
#6556 = CARTESIAN_POINT ( 'NONE',  ( -1.412905495387613675, 40.21919022833552049, 320.0005269926185747 ) ) ;
#6557 = CARTESIAN_POINT ( 'NONE',  ( 0.000000000000000000, 13.75622029850556061, 472.5436863909573617 ) ) ;
#6558 = CARTESIAN_POINT ( 'NONE',  ( -23.96446363322297302, 31.98801345798460360, 331.5874663055394649 ) ) ;
#6559 = CARTESIAN_POINT ( 'NONE',  ( 36.88791745742921790, 18.97224862768940667, 372.9397162057978790 ) ) ;
#6560 = CARTESIAN_POINT ( 'NONE',  ( 42.93522913160316534, 25.24824336106626532, 319.6427475709542705 ) ) ;
#6561 = CARTESIAN_POINT ( 'NONE',  ( -1.901245047917302200, 43.82133519998616578, 282.2579703095578338 ) ) ;
#6562 = CARTESIAN_POINT ( 'NONE',  ( 5.464782804720353049, 41.98730818261890363, 256.1918974770094906 ) ) ;
#6563 = CARTESIAN_POINT ( 'NONE',  ( 79.05674022718464755, 18.70769894339281336, 112.5241708736267157 ) ) ;
#6564 = B_SPLINE_SURFACE_WITH_KNOTS ( 'NONE', 3, 3, ( 
 ( #1232, #4906, #6881, #5539, #1428, #3999, #4771, #6067, #7546, #4863 ),
 ( #7501, #4141, #2737, #8806, #4816, #8267, #7595, #1282, #657, #8856 ),
 ( #1330, #3456, #4097, #1379, #3367, #4723, #749, #703, #6208, #26 ),
 ( #3317, #4046, #6836, #610, #6789, #3411, #2110, #5584, #6928, #6115 ),
 ( #2785, #6159, #3504, #8906, #5491, #4189, #2639, #6740, #8218, #563 ),
 ( #6256, #7456, #75, #8173, #2687, #2831, #2062, #5443, #8314, #2152 ),
 ( #5394, #8125, #1965, #4989, #791, #6298, #1638, #2277, #117, #834 ),
 ( #4400, #7132, #4231, #243, #6466, #4360, #8397, #1515, #916, #2875 ),
 ( #3674, #7762, #6969, #874, #957, #159, #5794, #5669, #7721, #5711 ),
 ( #4948, #7092, #2232, #7638, #287, #7804, #1598, #1557, #2954, #4318 ),
 ( #8524, #3717, #2914, #202, #3039, #7050, #6423, #5629, #8356, #1470 ),
 ( #5034, #2190, #2999, #3631, #7680, #8439, #6382, #5754, #4274, #3548 ),
 ( #2359, #7010, #8484, #3593, #2317, #6341, #5074, #7348, #6595, #3847 ),
 ( #3758, #3168, #2444, #6682, #8700, #418, #1086, #1132, #3257, #2533 ),
 ( #7306, #5292, #4618, #4443, #7930, #1175, #5877, #8025, #3212, #8609 ),
 ( #5836, #5920, #373, #5160, #6008, #330, #506, #1863, #8654, #3941 ),
 ( #3894, #8748, #5116, #2491, #7845, #7887, #1681, #5204, #7177, #999 ),
 ( #1768, #6638, #459, #6508, #3083, #4529, #8566, #2398, #1725, #4485 ),
 ( #3124, #7217, #1043, #7262, #3802, #1813, #6551, #4571, #5248, #7979 ),
 ( #5965, #2051, #1416, #7536, #4806, #2775, #7582, #1368, #3493, #645 ),
 ( #6777, #6245, #5528, #4852, #4179, #8067, #6918, #4130, #1220, #6870 ),
 ( #692, #6728, #552, #2580, #3400, #6055, #6102, #3446, #5336, #6197 ),
 ( #16, #7489, #2674, #8257, #5431, #7394, #2100, #739, #6825, #3987 ),
 ( #4711, #6149, #3305, #8161, #1906, #4662, #8208, #2005, #8794, #2626 ),
 ( #5381, #8895, #8114, #1954, #7443, #1269, #4034, #597, #3353, #8843 ),
 ( #2725, #4760, #1319, #5481, #4084, #6407, #896, #5099, #4384, #226 ),
 ( #4341, #1750, #5860, #7159, #8593, #6448, #5140, #353, #3107, #4424 ),
 ( #2979, #1067, #3698, #4511, #2428, #270, #3023, #1709, #5735, #7242 ),
 ( #1579, #2256, #2821, #5776, #8506, #5014, #7743, #5187, #3742, #2340 ),
 ( #7829, #7200, #3827, #7914, #8466, #64, #8549, #1663, #5573, #984 ),
 ( #7870, #7073, #8423, #6489, #3657, #2300, #5056, #7784, #1620, #7116 ),
 ( #2381, #939, #310, #4469, #3061, #5818, #1023, #3781, #6532, #4739 ),
 ( #6662, #4642, #530, #3874, #6035, #7330, #6576, #8140, #6756, #6707 ),
 ( #1887, #489, #3239, #7468, #8821, #1841, #8048, #577, #4599, #8773 ),
 ( #1795, #400, #7374, #1114, #1157, #1934, #3152, #4690, #8724, #8095 ),
 ( #5988, #7422, #2559, #2472, #4014, #1983, #1202, #5230, #1296, #8683 ),
 ( #7962, #5316, #1248, #5904, #3282, #3969, #5361, #2605, #7288, #2654 ),
 ( #3330, #8637, #4553, #6081, #5410, #6620, #443, #3920, #3194, #5948 ),
 ( #2516, #5273, #8005, #1345, #4784, #39, #8231, #4111, #2205, #8187 ),
 ( #804, #2123, #3561, #1392, #87, #4246, #6982, #8281, #7652, #6849 ),
 ( #7560, #8371, #6314, #4156, #4962, #2077, #7694, #131, #2888, #5643 ),
 ( #4061, #4830, #5552, #6803, #6897, #3517, #2030, #7514, #625, #4877 ),
 ( #670, #5598, #718, #5460, #7610, #2799, #6941, #3425, #3382, #6128 ),
 ( #8872, #1443, #2702, #4204, #6177, #762, #8921, #6269, #2844, #8328 ),
 ( #2164, #3471, #2751, #1485, #4922, #5504, #6222, #8581, #7859, #4374 ),
 ( #1698, #1011, #847, #7106, #6522, #2291, #4457, #8539, #5047, #4414 ),
 ( #173, #5088, #2372, #7189, #1570, #930, #217, #7775, #1611, #3732 ),
 ( #1653, #3646, #5003, #3771, #973, #6479, #301, #5850, #3605, #4332 ) ),
 .UNSPECIFIED., .F., .F., .F.,
 ( 4, 3, 1, 1, 1, 1, 1, 1, 1, 1, 1, 1, 1, 1, 1, 1, 1, 1, 1, 1, 1, 1, 1, 1, 1, 3, 1, 1, 1, 1, 1, 1, 1, 1, 1, 1, 1, 1, 1, 1, 1, 4 ),
 ( 4, 3, 1, 1, 1, 4 ),
 ( 0.4847573055477913950, 0.4990857812012456374, 0.5032524761466716789, 0.5074191710920973319, 0.5115858660375233180, 0.5157525609829490820, 0.5199192559283750681, 0.5240859508738008321, 0.5324193407646525822, 0.5407527306555042212, 0.5490861205463560824, 0.5574195104372077214, 0.5657529003280594715, 0.5740862902189111105, 0.5824196801097627496, 0.5990864598914662498, 0.6157532396731697499, 0.6324200194548732501, 0.6490867992365765282, 0.6657535790182800284, 0.6824203587999835285, 0.6990871385816868067, 0.7157539183633904178, 0.7324206981450935849, 0.7490874779267970851, 0.7657542577085005853, 0.7934811804762516019, 0.8212081032440026185, 0.8350715646278780158, 0.8489350260117537461, 0.8627984873956292544, 0.8766619487795048737, 0.8905254101633801600, 0.9043888715472557793, 0.9182523329311313987, 0.9321157943150069070, 0.9459792556988821932, 0.9598427170827579236, 0.9737061784666334319, 0.9806379091585710750, 0.9841037745045400076, 0.9875696398505088291 ),
 ( -0.01000000000000000021, 0.000000000000000000, 0.03502224838491098391, 0.09383257832149248523, 0.1938325783214923659, 1.000000000000000000 ),
 .UNSPECIFIED. ) ;
#6565 = CARTESIAN_POINT ( 'NONE',  ( -0.01039337678575912548, 26.16357771467291116, 413.8493118463000542 ) ) ;
#6566 = CARTESIAN_POINT ( 'NONE',  ( -0.3755923800833738668, 32.39696848427800546, 354.8602031185247938 ) ) ;
#6567 = CARTESIAN_POINT ( 'NONE',  ( -1.849534121738633852, 16.21802295602805799, -18.86953178114389829 ) ) ;
#6568 = ORIENTED_EDGE ( 'NONE', *, *, #5063, .T. ) ;
#6569 = CARTESIAN_POINT ( 'NONE',  ( -0.2108608480530775320, 30.18297968849499924, 370.1138066049400663 ) ) ;
#6570 = CARTESIAN_POINT ( 'NONE',  ( 0.07102406034810611335, 39.22711612123173808, 296.6405066478432673 ) ) ;
#6571 = CARTESIAN_POINT ( 'NONE',  ( 27.21155325566364525, 32.42192013066586753, 317.9663922517024730 ) ) ;
#6572 = CARTESIAN_POINT ( 'NONE',  ( 14.94612756467559223, 36.37401770058030337, 313.9399775198611451 ) ) ;
#6573 = CARTESIAN_POINT ( 'NONE',  ( 42.75445932639104285, 25.75585501620750151, 328.4493103031245482 ) ) ;
#6574 = DIRECTION ( 'NONE',  ( -1.000000000000000000, 0.000000000000000000, 0.000000000000000000 ) ) ;
#6575 = CARTESIAN_POINT ( 'NONE',  ( 0.4666624454429352253, 44.78686955249614243, 261.3537278318258359 ) ) ;
#6576 = CARTESIAN_POINT ( 'NONE',  ( -12.86356880811151981, 31.41958604971774349, 377.2397787413708556 ) ) ;
#6577 = CARTESIAN_POINT ( 'NONE',  ( -2.063807534392889220, 44.80554920341130298, 261.8729472252879305 ) ) ;
#6578 = CARTESIAN_POINT ( 'NONE',  ( 0.4559403900417322575, 37.18297585051819709, 316.5249484060125837 ) ) ;
#6579 = CARTESIAN_POINT ( 'NONE',  ( 1.585105225643784310, 28.62474442760698068, 400.8281577764561803 ) ) ;
#6580 = CARTESIAN_POINT ( 'NONE',  ( -0.003294345898725401563, 37.16042184082672861, 334.4493103031246051 ) ) ;
#6581 = VERTEX_POINT ( 'NONE', #5763 ) ;
#6582 = CARTESIAN_POINT ( 'NONE',  ( 7.103505108323370898, 40.92555143301382259, 272.2288124220407326 ) ) ;
#6583 = AXIS2_PLACEMENT_3D ( 'NONE', #3441, #1362, #8293 ) ;
#6584 = CARTESIAN_POINT ( 'NONE',  ( 5.833484303085390010, 38.83323711334092820, 331.6529499013212217 ) ) ;
#6585 = CARTESIAN_POINT ( 'NONE',  ( 3.605573742860674891, 43.92440156244413885, 280.2256873481330217 ) ) ;
#6586 = CARTESIAN_POINT ( 'NONE',  ( -2.869757525187609293, -24.73004176475694749, -76.23815369158728572 ) ) ;
#6587 = CARTESIAN_POINT ( 'NONE',  ( 15.70536165350128854, 34.22018547469862426, 331.4493103031248324 ) ) ;
#6588 = VECTOR ( 'NONE', #6530, 1000.000000000000114 ) ;
#6589 = EDGE_CURVE ( 'NONE', #1236, #6272, #1348, .T. ) ;
#6590 = CARTESIAN_POINT ( 'NONE',  ( -150.0000000000000284, 7.321812825929968405, 218.5459688349021121 ) ) ;
#6591 = CARTESIAN_POINT ( 'NONE',  ( -46.05986017187403547, 24.03220020951595259, 320.8433875065402958 ) ) ;
#6592 = CARTESIAN_POINT ( 'NONE',  ( -27.20932719799834132, 32.32721859434393963, 318.8092047420968811 ) ) ;
#6593 = CARTESIAN_POINT ( 'NONE',  ( 0.6400976597792026324, 43.27353151751322713, 235.3023306043637319 ) ) ;
#6594 = CARTESIAN_POINT ( 'NONE',  ( 16.92821582292624427, 33.38722256778832786, 335.9457982495079591 ) ) ;
#6595 = CARTESIAN_POINT ( 'NONE',  ( -55.69582423788891390, 7.770729441803534421, 222.6473521244176652 ) ) ;
#6596 = CARTESIAN_POINT ( 'NONE',  ( -36.64618395249095073, 14.14333104381722528, 394.0781532415393826 ) ) ;
#6597 = PLANE ( 'NONE',  #7096 ) ;
#6598 = ORIENTED_EDGE ( 'NONE', *, *, #7911, .T. ) ;
#6599 = CARTESIAN_POINT ( 'NONE',  ( -28.87522849162252925, 25.38429040559791616, 360.1719551010885425 ) ) ;
#6600 = CARTESIAN_POINT ( 'NONE',  ( 53.41671992373075284, 4.732634878479694329, 384.7797939231693363 ) ) ;
#6601 = EDGE_CURVE ( 'NONE', #3250, #4052, #3686, .T. ) ;
#6602 = CARTESIAN_POINT ( 'NONE',  ( -7.118748418129577260, -1.685585176228954429, 528.7463543470161085 ) ) ;
#6603 = CARTESIAN_POINT ( 'NONE',  ( -28.75268816891815860, 30.17079275021633222, 330.9765004338048016 ) ) ;
#6604 = CARTESIAN_POINT ( 'NONE',  ( 2.513864412609956300, 26.58803341048043833, 391.6517352504341147 ) ) ;
#6605 = CARTESIAN_POINT ( 'NONE',  ( 20.61269628077774740, 34.28120116289832708, 321.4371814259357052 ) ) ;
#6606 = FACE_OUTER_BOUND ( 'NONE', #8360, .T. ) ;
#6607 = CARTESIAN_POINT ( 'NONE',  ( 7.500000000000000000, 0.000000000000000000, 0.000000000000000000 ) ) ;
#6608 = CARTESIAN_POINT ( 'NONE',  ( -3.694812887906520515, 44.73019222681658391, 269.1209926928275991 ) ) ;
#6609 = CARTESIAN_POINT ( 'NONE',  ( -2.600022395107888684, 31.67003230040083039, 29.63291989188160258 ) ) ;
#6610 = DIRECTION ( 'NONE',  ( 0.000000000000000000, -1.000000000000000000, 0.000000000000000000 ) ) ;
#6611 = CARTESIAN_POINT ( 'NONE',  ( 0.000000000000000000, 16.05780648225944418, -18.97418335886999685 ) ) ;
#6612 = VERTEX_POINT ( 'NONE', #4328 ) ;
#6613 = CARTESIAN_POINT ( 'NONE',  ( 45.11761713935937479, 21.17764367411882276, 343.4119049606686076 ) ) ;
#6614 = CARTESIAN_POINT ( 'NONE',  ( -1.488330719287428661, 39.92573895469774214, 288.2459622465264033 ) ) ;
#6615 = CARTESIAN_POINT ( 'NONE',  ( 2.605901902264098791, 37.04272833714330204, 317.5914485432086281 ) ) ;
#6616 = CARTESIAN_POINT ( 'NONE',  ( 5.440306205766104242, 37.27736895508361670, 314.5930304601036482 ) ) ;
#6617 = CARTESIAN_POINT ( 'NONE',  ( -0.4768778034924910925, 43.82595176198699960, 282.5822828858514981 ) ) ;
#6618 = PLANE ( 'NONE',  #402 ) ;
#6619 = CARTESIAN_POINT ( 'NONE',  ( 9.880782476074095655, 35.01347060084289353, 331.4493103031244345 ) ) ;
#6620 = CARTESIAN_POINT ( 'NONE',  ( -6.611810512025710906, 16.54561046290216098, 457.6028839167674960 ) ) ;
#6621 = B_SPLINE_CURVE_WITH_KNOTS ( 'NONE', 3,
 ( #2328, #6477, #4455, #7104, #7816, #3687, #6435, #2413, #1696, #1009, #1651, #3181, #257, #4412, #3050, #7145, #971, #8537, #385, #2289, #298, #5806, #8623, #3769, #3861, #1782, #4541, #7274, #2370, #5129, #7857, #5216 ),
 .UNSPECIFIED., .F., .F.,
 ( 4, 2, 2, 2, 2, 2, 2, 2, 2, 2, 2, 2, 2, 2, 2, 4 ),
 ( 0.000000000000000000, 0.005123337251096132111, 0.006404171563870126975, 0.007685005876644121839, 0.01024667450219226249, 0.01280834312774040314, 0.01408917744051454285, 0.01537001175328868256, 0.02049334900438496559, 0.02305501762993309930, 0.02561668625548123648, 0.02817835488102936672, 0.03074002350657750043, 0.03330169213212563761, 0.03586336075767378173, 0.04098669800877004915 ),
 .UNSPECIFIED. ) ;
#6622 = DIRECTION ( 'NONE',  ( 1.000000000000000000, 0.000000000000000000, 0.000000000000000000 ) ) ;
#6623 = B_SPLINE_CURVE_WITH_KNOTS ( 'NONE', 3,
 ( #564, #6116, #3318, #6068 ),
 .UNSPECIFIED., .F., .F.,
 ( 4, 4 ),
 ( 7.806255641895631925E-18, 0.003514797571193825371 ),
 .UNSPECIFIED. ) ;
#6624 = CARTESIAN_POINT ( 'NONE',  ( -6.108243240884119629, 37.02147607408853247, 316.6239106201991831 ) ) ;
#6625 = CARTESIAN_POINT ( 'NONE',  ( 0.000000000000000000, 32.02960972858872424, 380.5868600663628740 ) ) ;
#6626 = CARTESIAN_POINT ( 'NONE',  ( -2.905012639613004044, 45.22053381835260666, 261.8731684310544097 ) ) ;
#6627 = ORIENTED_EDGE ( 'NONE', *, *, #3079, .T. ) ;
#6628 = CARTESIAN_POINT ( 'NONE',  ( 6.393489824214682926, 40.98580137129852830, 272.0623912322625415 ) ) ;
#6629 = CARTESIAN_POINT ( 'NONE',  ( 6.244008511223442248, 25.66205074593666069, 414.3400517412663362 ) ) ;
#6630 = CARTESIAN_POINT ( 'NONE',  ( 2.600640732668302757, 43.83801307881180520, 281.7926490512883220 ) ) ;
#6631 = CARTESIAN_POINT ( 'NONE',  ( -0.5050326850865523021, 35.53291739342169109, 330.8373384431251338 ) ) ;
#6632 = CARTESIAN_POINT ( 'NONE',  ( 35.77589851813026911, 26.91756939136766746, 331.4493103031246051 ) ) ;
#6633 = CARTESIAN_POINT ( 'NONE',  ( 1.866611727019490408, 11.87816490467868569, -28.42495731499281675 ) ) ;
#6634 = CARTESIAN_POINT ( 'NONE',  ( -24.54877487504606748, 42.21902366365255688, 255.0493118463000997 ) ) ;
#6635 = CARTESIAN_POINT ( 'NONE',  ( -10.60173176513698934, 36.48738984824002074, 318.6569625980043838 ) ) ;
#6636 = CARTESIAN_POINT ( 'NONE',  ( 24.60305461617966927, 17.71803554970876959, 404.2289521765391100 ) ) ;
#6637 = CARTESIAN_POINT ( 'NONE',  ( 31.98953760067370311, 28.78538503764491452, 330.5671714886821633 ) ) ;
#6638 = CARTESIAN_POINT ( 'NONE',  ( 1.646572234496929799, 37.62464340957060926, 58.81954004802969393 ) ) ;
#6639 = CARTESIAN_POINT ( 'NONE',  ( -10.85353611262891071, 20.63248045444030510, 415.5578627440073660 ) ) ;
#6640 = DIRECTION ( 'NONE',  ( 0.000000000000000000, -0.9971851335251159520, -0.07497872682632604480 ) ) ;
#6641 = VERTEX_POINT ( 'NONE', #7730 ) ;
#6642 = CARTESIAN_POINT ( 'NONE',  ( -22.79112135319807209, 28.60175516437547927, 356.4758931666230524 ) ) ;
#6643 = CARTESIAN_POINT ( 'NONE',  ( 0.000000000000000000, 17.01339730700182074, 458.4116318598639168 ) ) ;
#6644 = CARTESIAN_POINT ( 'NONE',  ( -59.71558549167485808, -8.266634582424307709, 438.4425714590527150 ) ) ;
#6645 = CARTESIAN_POINT ( 'NONE',  ( -2.603986643672311807, 36.12114350425599696, 325.6899034118094391 ) ) ;
#6646 = CARTESIAN_POINT ( 'NONE',  ( 12.32655886583775384, 24.52801967240479541, 394.6328003312866599 ) ) ;
#6647 = CARTESIAN_POINT ( 'NONE',  ( 18.86153297292814557, 34.76597378099264546, 321.4645382619844440 ) ) ;
#6648 = CARTESIAN_POINT ( 'NONE',  ( 38.15527486107346533, 17.08810814811356593, 371.5108534938591447 ) ) ;
#6649 = CARTESIAN_POINT ( 'NONE',  ( -0.000000000000000000, 45.10376650680655075, 261.2941101474597190 ) ) ;
#6650 = CARTESIAN_POINT ( 'NONE',  ( -3.441664271283673138E-14, 41.95769921937832692, 261.3537278318257222 ) ) ;
#6651 = CARTESIAN_POINT ( 'NONE',  ( 2.738145295489130326, 43.40477166021896949, 280.6468487344995992 ) ) ;
#6652 = EDGE_CURVE ( 'NONE', #3003, #4774, #4514, .T. ) ;
#6653 = CARTESIAN_POINT ( 'NONE',  ( 10.71961130750829305, 36.07779793481478237, 62.31912070581579144 ) ) ;
#6654 = ORIENTED_EDGE ( 'NONE', *, *, #3298, .T. ) ;
#6655 = CARTESIAN_POINT ( 'NONE',  ( 27.51624177503881441, 28.07197767051346204, 348.3129649260528709 ) ) ;
#6656 = VECTOR ( 'NONE', #1524, 1000.000000000000000 ) ;
#6657 = CARTESIAN_POINT ( 'NONE',  ( -15.10557870291813387, 37.90642055864378079, 298.5410153744798549 ) ) ;
#6658 = CARTESIAN_POINT ( 'NONE',  ( 28.78561469989580601, 31.79997212645106686, 317.5839104089129705 ) ) ;
#6659 = CARTESIAN_POINT ( 'NONE',  ( 8.947225005317532620, 37.77617864509848289, 307.6139011132675023 ) ) ;
#6660 = CARTESIAN_POINT ( 'NONE',  ( 0.6991379379944844263, 45.37802826728650274, 260.7908959153720616 ) ) ;
#6661 = CARTESIAN_POINT ( 'NONE',  ( 2.096697974150504074, 45.29728660143150876, 261.2131386106782998 ) ) ;
#6662 = CARTESIAN_POINT ( 'NONE',  ( 1.508952792909321161, 32.03446681347313785, 380.7825399960755135 ) ) ;
#6663 = CARTESIAN_POINT ( 'NONE',  ( -16.93646695349114495, 23.76902151268357244, 391.8858777649570015 ) ) ;
#6664 = CARTESIAN_POINT ( 'NONE',  ( 5.509241318674111968E-10, 38.88521462212378310, 331.4493103003381975 ) ) ;
#6665 = AXIS2_PLACEMENT_3D ( 'NONE', #5786, #7794, #2947 ) ;
#6666 = CARTESIAN_POINT ( 'NONE',  ( -6.778492668895003348, 36.98512524090108400, 316.6350583115956852 ) ) ;
#6667 = CARTESIAN_POINT ( 'NONE',  ( 0.000000000000000000, 36.01456435933089750, 354.5116695689063704 ) ) ;
#6668 = CARTESIAN_POINT ( 'NONE',  ( -0.4666624454429352253, 44.78686955249614243, 261.3537278318258359 ) ) ;
#6669 = ORIENTED_EDGE ( 'NONE', *, *, #6491, .T. ) ;
#6670 = CARTESIAN_POINT ( 'NONE',  ( 7.594446874605475628, 39.57806708093174564, 289.1554278606198523 ) ) ;
#6671 = CARTESIAN_POINT ( 'NONE',  ( 41.93462905618955716, 26.32851893096475138, 364.7381377576680279 ) ) ;
#6672 = CARTESIAN_POINT ( 'NONE',  ( 1.303995234492269617, 43.87242282050760878, 281.8013942464423280 ) ) ;
#6673 = ORIENTED_EDGE ( 'NONE', *, *, #922, .T. ) ;
#6674 = CARTESIAN_POINT ( 'NONE',  ( 0.004501754458458377336, 35.53165615155890578, 330.8618237156183000 ) ) ;
#6675 = B_SPLINE_CURVE_WITH_KNOTS ( 'NONE', 3,
 ( #6141, #5423, #730, #5518 ),
 .UNSPECIFIED., .F., .F.,
 ( 4, 4 ),
 ( 1.047647159223518602E-18, 0.0004669243331747858464 ),
 .UNSPECIFIED. ) ;
#6676 = CARTESIAN_POINT ( 'NONE',  ( 0.4768778034924910925, 43.82595176198699960, 282.5822828858514981 ) ) ;
#6677 = CARTESIAN_POINT ( 'NONE',  ( 0.000000000000000000, 7.905339886619993095, -35.92712258355483357 ) ) ;
#6678 = CARTESIAN_POINT ( 'NONE',  ( 2.575276621184612036E-14, 35.46042503095549847, 331.4493103031279588 ) ) ;
#6679 = CARTESIAN_POINT ( 'NONE',  ( -7.428457128689839095, 36.72296269951604586, 318.6383304806496426 ) ) ;
#6680 = CARTESIAN_POINT ( 'NONE',  ( 0.2152517109397732997, 42.93800904449385314, 244.2740040891839044 ) ) ;
#6681 = CARTESIAN_POINT ( 'NONE',  ( 0.000000000000000000, 23.09037415192560161, 413.8493118462999973 ) ) ;
#6682 = CARTESIAN_POINT ( 'NONE',  ( 0.000000000000000000, 24.65191137066539895, 4.845070576238386550 ) ) ;
#6683 = CARTESIAN_POINT ( 'NONE',  ( -1.445472008753615922, 21.43581397791122356, 420.0631626997926560 ) ) ;
#6684 = DIRECTION ( 'NONE',  ( 2.379070858319133807E-13, 0.000000000000000000, 1.000000000000000000 ) ) ;
#6685 = CARTESIAN_POINT ( 'NONE',  ( 5.509241318674111968E-10, 38.88521462212378310, 331.4493103003381975 ) ) ;
#6686 = CARTESIAN_POINT ( 'NONE',  ( 0.4730874773749618178, 32.39650039286210870, 354.8708938140704845 ) ) ;
#6687 = CARTESIAN_POINT ( 'NONE',  ( 52.26163914926329568, 6.411420321105841147, 377.3440233945722184 ) ) ;
#6688 = CARTESIAN_POINT ( 'NONE',  ( -7.045124004950711338, 2.314038226187245861, 514.4354252516325232 ) ) ;
#6689 = CARTESIAN_POINT ( 'NONE',  ( -6.774910998996948486, 36.20110897177862341, 323.6001862981557906 ) ) ;
#6690 = CARTESIAN_POINT ( 'NONE',  ( -0.1146415148966357933, 25.37885550143149871, 399.1832294874636773 ) ) ;
#6691 = CARTESIAN_POINT ( 'NONE',  ( 32.01130285209846704, 30.13730342731170353, 319.6549487727013457 ) ) ;
#6692 = FACE_OUTER_BOUND ( 'NONE', #6120, .T. ) ;
#6693 = DIRECTION ( 'NONE',  ( 1.000000000000000000, 0.000000000000000000, 2.379070858319133807E-13 ) ) ;
#6694 = CARTESIAN_POINT ( 'NONE',  ( -1.003294345898726236, 37.16042184082672861, 328.4493103031245482 ) ) ;
#6695 = CARTESIAN_POINT ( 'NONE',  ( -1.203986708643585412E-14, 40.47442735768318300, 281.9339774583896769 ) ) ;
#6696 = CARTESIAN_POINT ( 'NONE',  ( -0.6583047484764391610, 47.13654566807250035, 155.6928415244869939 ) ) ;
#6697 = ORIENTED_EDGE ( 'NONE', *, *, #323, .F. ) ;
#6698 = VECTOR ( 'NONE', #8464, 1000.000000000000000 ) ;
#6699 = FILL_AREA_STYLE ('',( #7366 ) ) ;
#6700 = CARTESIAN_POINT ( 'NONE',  ( 5.191722060081199075, 31.24225375151078765, 361.7350336656418790 ) ) ;
#6701 = CARTESIAN_POINT ( 'NONE',  ( -24.26796108561503118, 35.42244679458869427, 300.2547589961883432 ) ) ;
#6702 = EDGE_CURVE ( 'NONE', #3552, #2741, #2369, .T. ) ;
#6703 = CARTESIAN_POINT ( 'NONE',  ( 27.21318047119076056, 32.46889914000964694, 317.5446614313851796 ) ) ;
#6704 = CARTESIAN_POINT ( 'NONE',  ( 25.99550401236636077, 21.43752908361242504, 402.0652452815185143 ) ) ;
#6705 = CARTESIAN_POINT ( 'NONE',  ( -2.903687558361933263, 45.22068834959318195, 261.8716653925709466 ) ) ;
#6706 = CARTESIAN_POINT ( 'NONE',  ( 48.93205100325172197, 27.03297327124139926, 280.3525527939733024 ) ) ;
#6707 = CARTESIAN_POINT ( 'NONE',  ( -149.9999999999995737, 11.19476107030966361, 345.2779431210030907 ) ) ;
#6708 = CARTESIAN_POINT ( 'NONE',  ( -0.06015058177990323385, 27.84243993760207303, 384.8257995631669246 ) ) ;
#6709 = LINE ( 'NONE', #8594, #4874 ) ;
#6710 = EDGE_CURVE ( 'NONE', #4574, #1236, #3068, .T. ) ;
#6711 = CARTESIAN_POINT ( 'NONE',  ( -1.858782004445798774, 37.27905477461708728, 315.5301223684397200 ) ) ;
#6712 = ADVANCED_FACE ( 'NONE', ( #6310 ), #128, .F. ) ;
#6713 = CARTESIAN_POINT ( 'NONE',  ( -2.005225952241261655, 23.00456069334608245, 429.7794286210721566 ) ) ;
#6714 = CARTESIAN_POINT ( 'NONE',  ( 46.88475728340474546, 30.70202150165685495, 315.3919575894317404 ) ) ;
#6715 = ORIENTED_EDGE ( 'NONE', *, *, #1700, .T. ) ;
#6716 = CARTESIAN_POINT ( 'NONE',  ( 26.17358023282845991, 35.32207058706645597, 293.5198995540799842 ) ) ;
#6717 = DIRECTION ( 'NONE',  ( 0.000000000000000000, -0.07497872682632604480, 0.9971851335251158410 ) ) ;
#6718 = CARTESIAN_POINT ( 'NONE',  ( 1.925100097286686074, 25.85227023461058238, 415.2282052245307113 ) ) ;
#6719 = CARTESIAN_POINT ( 'NONE',  ( 0.000000000000000000, 45.63673290156407347, 256.9687710797227282 ) ) ;
#6720 = ORIENTED_EDGE ( 'NONE', *, *, #4851, .F. ) ;
#6721 = CARTESIAN_POINT ( 'NONE',  ( -45.09663631839268305, 23.59264558661250533, 327.1900413675533628 ) ) ;
#6722 = CARTESIAN_POINT ( 'NONE',  ( 1.307655765932728364, 43.81799609393072359, 282.4800364565478503 ) ) ;
#6723 = CARTESIAN_POINT ( 'NONE',  ( 0.000000000000000000, 43.71089409265118064, 105.2394046492437667 ) ) ;
#6724 = CARTESIAN_POINT ( 'NONE',  ( -48.13064493156014834, 25.85282548491335675, 297.4395085350008685 ) ) ;
#6725 = CARTESIAN_POINT ( 'NONE',  ( -1.484182117741705609, 36.94599776383522993, 318.6075419216024329 ) ) ;
#6726 = CARTESIAN_POINT ( 'NONE',  ( -0.6277691709715444990, 42.50925234496400407, 253.0872791413165714 ) ) ;
#6727 = MECHANICAL_DESIGN_GEOMETRIC_PRESENTATION_REPRESENTATION (  '', ( #6311 ), #8587 ) ;
#6728 = CARTESIAN_POINT ( 'NONE',  ( 1.316609496952878322, 47.20928880869866617, 155.6670790133530033 ) ) ;
#6729 = CARTESIAN_POINT ( 'NONE',  ( -16.28555308840255478, 19.71590433679295273, 411.4235277342278891 ) ) ;
#6730 = CARTESIAN_POINT ( 'NONE',  ( 1.990035876832872974, 37.85372335818138367, 310.2340881002598962 ) ) ;
#6731 = CARTESIAN_POINT ( 'NONE',  ( 43.75445932639104285, 25.75585501620750151, 331.4493103031246051 ) ) ;
#6732 = CARTESIAN_POINT ( 'NONE',  ( 0.1946321303046750495, 31.31105069159852050, 362.5828809027370312 ) ) ;
#6733 = CARTESIAN_POINT ( 'NONE',  ( -1.287102454013295816, 13.83400975319627690, 472.5008445009838169 ) ) ;
#6734 = AXIS2_PLACEMENT_3D ( 'NONE', #7722, #835, #4907 ) ;
#6735 = CARTESIAN_POINT ( 'NONE',  ( -38.04577553118386390, 6.899135327763927350, 435.0771627741435736 ) ) ;
#6736 = CARTESIAN_POINT ( 'NONE',  ( -10.59895944754585706, 35.93487479354031677, 323.5104937617361998 ) ) ;
#6737 = CARTESIAN_POINT ( 'NONE',  ( -0.6152777054237242860, 24.13516317393845512, 406.3469423368143794 ) ) ;
#6738 = CARTESIAN_POINT ( 'NONE',  ( 0.7197581593268244093, 36.37367970676473306, 323.7269365007916804 ) ) ;
#6739 = CARTESIAN_POINT ( 'NONE',  ( 42.07443006745447889, 26.86136150171395442, 352.3022309491431656 ) ) ;
#6740 = CARTESIAN_POINT ( 'NONE',  ( -86.87707805841237985, -10.34748271511437778, 49.68820832564044565 ) ) ;
#6741 = CARTESIAN_POINT ( 'NONE',  ( -5.451492606731124013, 39.72628978269494127, 290.4870413950667967 ) ) ;
#6742 = CARTESIAN_POINT ( 'NONE',  ( -14.34919641443523730, 24.22509138562820041, 410.7715310077356889 ) ) ;
#6743 = ORIENTED_EDGE ( 'NONE', *, *, #96, .F. ) ;
#6744 = ORIENTED_EDGE ( 'NONE', *, *, #6993, .T. ) ;
#6745 = CARTESIAN_POINT ( 'NONE',  ( 22.01802724243391651, 40.49517762205267246, 116.2537897038075414 ) ) ;
#6746 = VERTEX_POINT ( 'NONE', #3226 ) ;
#6747 = DIRECTION ( 'NONE',  ( -0.0003915563777086260842, 0.000000000000000000, 0.9999999233417986577 ) ) ;
#6748 = CARTESIAN_POINT ( 'NONE',  ( 1.033741124685737311, 29.00765181357590805, 377.3148220811934266 ) ) ;
#6749 = CARTESIAN_POINT ( 'NONE',  ( -2.623474876541409095, 39.16756039716799620, 296.8988425611040043 ) ) ;
#6750 = CARTESIAN_POINT ( 'NONE',  ( 47.83253381716585295, 23.65526634154938890, 318.6193015167932003 ) ) ;
#6751 = CARTESIAN_POINT ( 'NONE',  ( 6.747513246663833009, 37.67747964432135888, 310.1238785738268575 ) ) ;
#6752 = B_SPLINE_SURFACE_WITH_KNOTS ( 'NONE', 3, 1, ( 
 ( #1143, #2544 ),
 ( #4582, #6648 ),
 ( #6739, #3224 ),
 ( #5346, #8710 ) ),
 .UNSPECIFIED., .F., .F., .F.,
 ( 4, 4 ),
 ( 2, 2 ),
 ( 0.000000000000000000, 0.5649625089487188001 ),
 ( 0.000000000000000000, 1.000000000000000000 ),
 .UNSPECIFIED. ) ;
#6753 = LINE ( 'NONE', #4059, #5022 ) ;
#6754 = CARTESIAN_POINT ( 'NONE',  ( 48.13064493156014834, 25.85282548491335675, 297.4395085350008685 ) ) ;
#6755 = B_SPLINE_CURVE_WITH_KNOTS ( 'NONE', 3,
 ( #3960, #1194, #616, #2552, #3912, #2023, #5309, #522, #663, #1880 ),
 .UNSPECIFIED., .F., .F.,
 ( 4, 2, 2, 2, 4 ),
 ( 0.05921641818546431735, 0.06565017579977684703, 0.07208393341408937671, 0.08495144864271426954, 0.1106864790999639026 ),
 .UNSPECIFIED. ) ;
#6756 = CARTESIAN_POINT ( 'NONE',  ( -48.87671600598984867, 11.59101201867309783, 351.9235384047881894 ) ) ;
#6757 = CARTESIAN_POINT ( 'NONE',  ( -12.49871740824440280, 25.82570833542449407, 387.8117143849872832 ) ) ;
#6758 = CARTESIAN_POINT ( 'NONE',  ( -0.004501754458458377336, 35.53165615155890578, 330.8618237156183000 ) ) ;
#6759 = EDGE_CURVE ( 'NONE', #8059, #1685, #4053, .T. ) ;
#6760 = CARTESIAN_POINT ( 'NONE',  ( -33.67368268255309971, 29.59552622416149958, 317.6972958009798162 ) ) ;
#6761 = CARTESIAN_POINT ( 'NONE',  ( -6.611810512025710906, 16.54561046290216098, 457.6028839167674960 ) ) ;
#6762 = CARTESIAN_POINT ( 'NONE',  ( -0.003294345898725401563, 37.16042184082672861, 331.4493103031246051 ) ) ;
#6763 = ORIENTED_EDGE ( 'NONE', *, *, #6045, .T. ) ;
#6764 = CARTESIAN_POINT ( 'NONE',  ( -0.2965470838997090741, 39.96836686579620590, 288.0436010917597400 ) ) ;
#6765 = CARTESIAN_POINT ( 'NONE',  ( 24.54877485359442701, 60.00000000000000711, 279.4493118463001906 ) ) ;
#6766 = ADVANCED_FACE ( 'NONE', ( #472 ), #5172, .F. ) ;
#6767 = CARTESIAN_POINT ( 'NONE',  ( -22.51907005403549888, 38.94724582838304627, 261.4301376373744006 ) ) ;
#6768 = CARTESIAN_POINT ( 'NONE',  ( 10.55815539007339510, 8.766027140151836150, 480.2865580578388176 ) ) ;
#6769 = ORIENTED_EDGE ( 'NONE', *, *, #3025, .F. ) ;
#6770 = CARTESIAN_POINT ( 'NONE',  ( 12.53024648189237311, -15.07893345480093927, -60.27095919175482663 ) ) ;
#6771 = EDGE_CURVE ( 'NONE', #1787, #5632, #3928, .T. ) ;
#6772 = CARTESIAN_POINT ( 'NONE',  ( 48.61525873602385417, 30.10376331539984207, 288.9044606252030576 ) ) ;
#6773 = CARTESIAN_POINT ( 'NONE',  ( -25.25810368633090164, 30.80518904790463353, 56.02471470947404697 ) ) ;
#6774 = DIRECTION ( 'NONE',  ( 0.000000000000000000, -1.000000000000000000, 0.000000000000000000 ) ) ;
#6775 = CARTESIAN_POINT ( 'NONE',  ( -1.105266522994856615, 36.94985051018653621, 318.6057920761705304 ) ) ;
#6776 = CARTESIAN_POINT ( 'NONE',  ( -0.1916880476366578379, 42.48897511593106202, 253.1475618635618616 ) ) ;
#6777 = CARTESIAN_POINT ( 'NONE',  ( 2.106299519530117959, 46.03114097764294144, 130.5598387451737779 ) ) ;
#6778 = CARTESIAN_POINT ( 'NONE',  ( 3.268646977093212946, 11.48290530004461019, -28.67737780092130606 ) ) ;
#6779 = LINE ( 'NONE', #7445, #8317 ) ;
#6780 = CARTESIAN_POINT ( 'NONE',  ( -2.543131720836311338E-14, 29.18355625455720670, 376.7101914033981416 ) ) ;
#6781 = CARTESIAN_POINT ( 'NONE',  ( 0.1555573289469122933, 43.23308459658844782, 281.9339774583896201 ) ) ;
#6782 = CARTESIAN_POINT ( 'NONE',  ( -3.851987125250694977, 32.36534565066481406, 354.3111871162745956 ) ) ;
#6783 = CARTESIAN_POINT ( 'NONE',  ( 40.64279130071612656, 19.78146202829371347, 391.0697883059202695 ) ) ;
#6784 = CARTESIAN_POINT ( 'NONE',  ( -3.350178695052929978, -24.66882895534568121, -76.10165956531285758 ) ) ;
#6785 = CARTESIAN_POINT ( 'NONE',  ( 0.05532083226793971936, 36.37429906365154153, 323.7418475132575395 ) ) ;
#6786 = CARTESIAN_POINT ( 'NONE',  ( 0.4401135862700856216, 24.11375119755509999, 406.2339327365450004 ) ) ;
#6787 = CARTESIAN_POINT ( 'NONE',  ( 0.3332634205541907257, 36.13843829219727866, 325.7547925773593533 ) ) ;
#6788 = CARTESIAN_POINT ( 'NONE',  ( 8.966662445443102314, 37.81381102643348413, 307.2226186400166057 ) ) ;
#6789 = CARTESIAN_POINT ( 'NONE',  ( -3.335770872489703276, -10.08423850523609744, -61.08048033209797012 ) ) ;
#6790 = CARTESIAN_POINT ( 'NONE',  ( 24.54877487504606748, 60.00000000000000711, 255.0493118463000997 ) ) ;
#6791 = CARTESIAN_POINT ( 'NONE',  ( -3.066662445442837726, 43.77687885726771100, 274.2114870175138321 ) ) ;
#6792 = ORIENTED_EDGE ( 'NONE', *, *, #1912, .F. ) ;
#6793 = ORIENTED_EDGE ( 'NONE', *, *, #708, .T. ) ;
#6794 = CARTESIAN_POINT ( 'NONE',  ( 0.000000000000000000, 40.74795199264384848, 79.83585004708851329 ) ) ;
#6795 = ORIENTED_EDGE ( 'NONE', *, *, #8351, .F. ) ;
#6796 =( NAMED_UNIT ( * ) PLANE_ANGLE_UNIT ( ) SI_UNIT ( $, .RADIAN. ) );
#6797 = CARTESIAN_POINT ( 'NONE',  ( 28.87522849162252925, 25.38429040559791616, 360.1719551010885425 ) ) ;
#6798 = CARTESIAN_POINT ( 'NONE',  ( -0.4958319903619096136, 40.68534570613872603, 279.5664340229317872 ) ) ;
#6799 = CARTESIAN_POINT ( 'NONE',  ( 5.436505081546821216, 36.83558426431529398, 318.6273007995762896 ) ) ;
#6800 = CARTESIAN_POINT ( 'NONE',  ( -1.146769735279829616, 40.44237786041291116, 281.8665492513800928 ) ) ;
#6801 = CARTESIAN_POINT ( 'NONE',  ( -35.78098279692162009, 30.68472455526385545, 331.4493103031245482 ) ) ;
#6802 = CARTESIAN_POINT ( 'NONE',  ( 12.56828236095124929, -24.59226084328281203, -70.07999748860358125 ) ) ;
#6803 = CARTESIAN_POINT ( 'NONE',  ( 0.000000000000000000, 2.926735556036303532, 515.0430825616978154 ) ) ;
#6804 = CARTESIAN_POINT ( 'NONE',  ( -1.778861265854002616, 26.60351469868662022, 391.7844153237355727 ) ) ;
#6805 = CARTESIAN_POINT ( 'NONE',  ( -0.2503878789573497077, 34.52981516115509208, 339.1486275176778236 ) ) ;
#6806 = VERTEX_POINT ( 'NONE', #8036 ) ;
#6807 = AXIS2_PLACEMENT_3D ( 'NONE', #8496, #342, #3689 ) ;
#6808 = CARTESIAN_POINT ( 'NONE',  ( -14.94100076360520823, 36.27271105663802331, 314.8934214659660711 ) ) ;
#6809 = CARTESIAN_POINT ( 'NONE',  ( -2.575276621184612036E-14, 35.46042503095549847, 331.4493103031279588 ) ) ;
#6810 = ORIENTED_EDGE ( 'NONE', *, *, #5402, .F. ) ;
#6811 = CARTESIAN_POINT ( 'NONE',  ( 22.61867592472890465, 36.00826606424595866, 299.9068933295905026 ) ) ;
#6812 = DIRECTION ( 'NONE',  ( 0.000000000000000000, -0.5273291391947593221, 0.8496610965297363149 ) ) ;
#6813 = EDGE_CURVE ( 'NONE', #1561, #7778, #8711, .T. ) ;
#6814 = CARTESIAN_POINT ( 'NONE',  ( -0.1625061289600837067, 45.39639609892320493, 260.7911816863181684 ) ) ;
#6815 = CARTESIAN_POINT ( 'NONE',  ( -7.356618632885294495, 41.93685487068501061, 255.0056779019741384 ) ) ;
#6816 = CARTESIAN_POINT ( 'NONE',  ( -1.930653681019943724, 13.87290448054163683, 472.4794235559970730 ) ) ;
#6817 = DIRECTION ( 'NONE',  ( -1.000000000000000000, 0.000000000000000000, 0.000000000000000000 ) ) ;
#6818 = ORIENTED_EDGE ( 'NONE', *, *, #154, .F. ) ;
#6819 = CARTESIAN_POINT ( 'NONE',  ( 150.0000000000000568, 3.860833271709796399, 212.5989338358691612 ) ) ;
#6820 = DIRECTION ( 'NONE',  ( -1.000000000000000000, 0.000000000000000000, 0.000000000000000000 ) ) ;
#6821 = CARTESIAN_POINT ( 'NONE',  ( 0.7020998398433726528, 45.86371172239648786, 130.5683831685448695 ) ) ;
#6822 = CARTESIAN_POINT ( 'NONE',  ( -44.79208460059816588, 23.12775989327775505, 331.4493103031248324 ) ) ;
#6823 = CARTESIAN_POINT ( 'NONE',  ( 11.58104233957758034, 41.44814964460792339, 256.3708906078247765 ) ) ;
#6824 = EDGE_CURVE ( 'NONE', #3373, #3634, #7360, .T. ) ;
#6825 = CARTESIAN_POINT ( 'NONE',  ( -50.07172804542855005, 20.26724883329845284, 270.0327580235693290 ) ) ;
#6826 = CARTESIAN_POINT ( 'NONE',  ( 23.38038312808035002, 37.38833027712956891, 92.04395209074077400 ) ) ;
#6827 = CARTESIAN_POINT ( 'NONE',  ( -2.538390034727388667, 24.05553099275512707, 405.8947843187411877 ) ) ;
#6828 = CARTESIAN_POINT ( 'NONE',  ( -41.75445932639104285, 25.75585501620750151, 328.4493103031245482 ) ) ;
#6829 = CARTESIAN_POINT ( 'NONE',  ( -11.02813962353276622, 31.93593613635736972, 352.9566196306590200 ) ) ;
#6830 = CARTESIAN_POINT ( 'NONE',  ( 59.30832987030501613, -6.507826170023203183, 431.3161633550269016 ) ) ;
#6831 = EDGE_CURVE ( 'NONE', #5264, #7848, #7990, .T. ) ;
#6832 = CARTESIAN_POINT ( 'NONE',  ( 2.861529713880420545, -14.86190821214616165, -66.10491999415030762 ) ) ;
#6833 = CARTESIAN_POINT ( 'NONE',  ( 0.4565309234637882629, 36.60757514176751215, 321.7022855096425360 ) ) ;
#6834 = CARTESIAN_POINT ( 'NONE',  ( 3.227277554158136219, 24.02919717136099464, 405.7348255964488430 ) ) ;
#6835 = CARTESIAN_POINT ( 'NONE',  ( 16.98681989989688645, 34.75391271605338517, 325.1597381280595300 ) ) ;
#6836 = CARTESIAN_POINT ( 'NONE',  ( 0.9524719360756089825, -9.975947145280258610, -61.05127630084054857 ) ) ;
#6837 = CARTESIAN_POINT ( 'NONE',  ( 3.066662445442831952, 44.45300068828723994, 263.9480980988757892 ) ) ;
#6838 = ORIENTED_EDGE ( 'NONE', *, *, #2307, .T. ) ;
#6839 = ORIENTED_EDGE ( 'NONE', *, *, #8907, .F. ) ;
#6840 = CARTESIAN_POINT ( 'NONE',  ( -1.083397896708238717, 47.10800371953739329, 228.9848588130912788 ) ) ;
#6841 = ORIENTED_EDGE ( 'NONE', *, *, #1744, .T. ) ;
#6842 = FACE_OUTER_BOUND ( 'NONE', #3289, .T. ) ;
#6843 = CARTESIAN_POINT ( 'NONE',  ( 0.6571571715116708567, 30.18253593509176014, 369.9967926971976340 ) ) ;
#6844 = CARTESIAN_POINT ( 'NONE',  ( -32.62225252449307078, 32.44330546167275742, 295.5243151818400520 ) ) ;
#6845 = CARTESIAN_POINT ( 'NONE',  ( 18.86241592312058657, 35.07669573570958477, 318.7217759944117574 ) ) ;
#6846 = CARTESIAN_POINT ( 'NONE',  ( 0.01146946980768576499, 43.23548021502583794, 281.9339774583896201 ) ) ;
#6847 = DIRECTION ( 'NONE',  ( 1.000000000000000000, 0.000000000000000000, 0.000000000000000000 ) ) ;
#6848 = DIRECTION ( 'NONE',  ( 0.000000000000000000, 0.000000000000000000, -1.000000000000000000 ) ) ;
#6849 = CARTESIAN_POINT ( 'NONE',  ( -149.9999999999999716, 1.632909915346569596, 401.7829050630052166 ) ) ;
#6850 = CARTESIAN_POINT ( 'NONE',  ( -26.90259563723897429, 22.45597626939203195, 379.1334722544182227 ) ) ;
#6851 = CARTESIAN_POINT ( 'NONE',  ( 0.03573785354775644435, 34.53153061319274997, 339.1266178770478064 ) ) ;
#6852 = ORIENTED_EDGE ( 'NONE', *, *, #4301, .T. ) ;
#6853 = CARTESIAN_POINT ( 'NONE',  ( -24.01652933940665946, 33.93108685485947973, 315.2781826130489549 ) ) ;
#6854 = LINE ( 'NONE', #8237, #5589 ) ;
#6855 = ORIENTED_EDGE ( 'NONE', *, *, #2864, .T. ) ;
#6856 = CARTESIAN_POINT ( 'NONE',  ( 39.56083243810057581, 29.12330983454086919, 297.5603467717605781 ) ) ;
#6857 = CARTESIAN_POINT ( 'NONE',  ( 0.6370587904727512685, 43.22439717070368204, 281.9339754729886067 ) ) ;
#6858 = CARTESIAN_POINT ( 'NONE',  ( 0.000000000000000000, 110.3999999999999773, 261.3537278318257790 ) ) ;
#6859 = CARTESIAN_POINT ( 'NONE',  ( -5.989462361602039486, 42.50243976342073182, 245.7633034940328685 ) ) ;
#6860 = CARTESIAN_POINT ( 'NONE',  ( 6.733608421923275245, 13.22468183324905233, 471.8275841911045632 ) ) ;
#6861 = CARTESIAN_POINT ( 'NONE',  ( -13.78123672714420955, 34.54405809929213689, 331.4493103031245482 ) ) ;
#6862 = EDGE_LOOP ( 'NONE', ( #3271, #5163, #206, #391, #5133, #2566, #4403 ) ) ;
#6863 = CARTESIAN_POINT ( 'NONE',  ( 28.49463500214571354, -6.821171986367837725, -36.82241012564603722 ) ) ;
#6864 = CARTESIAN_POINT ( 'NONE',  ( -48.93205100325172197, 27.03297327124139926, 280.3525527939733024 ) ) ;
#6865 = APPLICATION_CONTEXT ( 'automotive_design' ) ;
#6866 = CARTESIAN_POINT ( 'NONE',  ( -11.36774614824578755, 40.97622843401271808, 264.8083421684481777 ) ) ;
#6867 = CARTESIAN_POINT ( 'NONE',  ( -68.02388392350869140, 29.98456005054444162, 166.0820768548770161 ) ) ;
#6868 = CARTESIAN_POINT ( 'NONE',  ( 2.193146094589796480, -8.722081592724736154, 555.0729705871741544 ) ) ;
#6869 = CARTESIAN_POINT ( 'NONE',  ( 1.509845406466451712, 42.86003594818475193, 244.5149230807234346 ) ) ;
#6870 = CARTESIAN_POINT ( 'NONE',  ( -150.0000000000003126, 16.71071704159100690, 262.7461542768186291 ) ) ;
#6871 = CARTESIAN_POINT ( 'NONE',  ( 0.000000000000000000, 47.06380252744634163, 155.7186040356210128 ) ) ;
#6872 = CARTESIAN_POINT ( 'NONE',  ( -18.43806797751997806, 22.09635797275777591, 397.2354327350248013 ) ) ;
#6873 = CARTESIAN_POINT ( 'NONE',  ( 41.86154583171057908, 21.20390987205913191, 350.8574250186042036 ) ) ;
#6874 = CARTESIAN_POINT ( 'NONE',  ( -1.042411690745057573, 32.40084658787544214, 354.6967925470168552 ) ) ;
#6875 = CARTESIAN_POINT ( 'NONE',  ( 59.99867422257567995, -10.69069057093173214, 448.1085652130877293 ) ) ;
#6876 = EDGE_CURVE ( 'NONE', #5586, #3199, #5118, .T. ) ;
#6877 = CARTESIAN_POINT ( 'NONE',  ( 1.910429079689343501, -19.79771651802625598, -71.15970442798436579 ) ) ;
#6878 = CARTESIAN_POINT ( 'NONE',  ( -18.86153297292814202, 34.76597378099265256, 321.4645382619845009 ) ) ;
#6879 = CARTESIAN_POINT ( 'NONE',  ( 23.56314785466597428, 22.14707544287362850, 387.3643448884010354 ) ) ;
#6880 = CARTESIAN_POINT ( 'NONE',  ( 6.103923859731521517, 36.00333685329716360, 325.5803491358732344 ) ) ;
#6881 = CARTESIAN_POINT ( 'NONE',  ( 0.9565858417292030236, -24.71121349876131390, -76.19616986922960677 ) ) ;
#6882 = CARTESIAN_POINT ( 'NONE',  ( -5.966662445443060570, 185.3346068197645025, 318.3147629942842514 ) ) ;
#6883 = ADVANCED_FACE ( 'NONE', ( #8760 ), #8667, .T. ) ;
#6884 = CARTESIAN_POINT ( 'NONE',  ( -3.066662445442823959, 45.08294164887548305, 263.9874712922450612 ) ) ;
#6885 = VECTOR ( 'NONE', #1380, 1000.000000000000114 ) ;
#6886 = EDGE_LOOP ( 'NONE', ( #3692, #7340, #291, #8673, #4003, #8416, #4192, #7025, #190, #4865, #2661, #7475, #2690, #4609, #4193, #4820, #8910, #3678, #4726 ) ) ;
#6887 = EDGE_LOOP ( 'NONE', ( #7599, #567, #7180, #3459, #2154, #8878, #8270, #2037, #5633, #6401, #2811, #7471 ) ) ;
#6888 = CARTESIAN_POINT ( 'NONE',  ( 1.713508947173772556, 44.39393462227350540, 275.9439818675760421 ) ) ;
#6889 = AXIS2_PLACEMENT_3D ( 'NONE', #7827, #5138, #1707 ) ;
#6890 = CARTESIAN_POINT ( 'NONE',  ( -35.40993129670998485, 26.85925049449213020, 333.0651471676911797 ) ) ;
#6891 = CARTESIAN_POINT ( 'NONE',  ( -0.1242869290748279260, 29.01333087626714402, 377.4764576087261503 ) ) ;
#6892 = CARTESIAN_POINT ( 'NONE',  ( 0.3181892309287427945, 40.70713640993212579, 279.4639185969192567 ) ) ;
#6893 = CARTESIAN_POINT ( 'NONE',  ( 20.61451223250515596, 34.63772154653152313, 318.2881182284319266 ) ) ;
#6894 = CARTESIAN_POINT ( 'NONE',  ( 1.003294345898726236, 37.16042184082672861, 331.4493103031246051 ) ) ;
#6895 = CARTESIAN_POINT ( 'NONE',  ( 41.26350774512039976, 35.13629602335661417, 261.6553802656896437 ) ) ;
#6896 = DIRECTION ( 'NONE',  ( 0.000000000000000000, -1.000000000000000000, 0.000000000000000000 ) ) ;
#6897 = CARTESIAN_POINT ( 'NONE',  ( -2.463040405063526617, 2.764101418705058322, 515.2409785199594126 ) ) ;
#6898 = CARTESIAN_POINT ( 'NONE',  ( -1.411359692476025440, 26.61125534278971472, 391.8507553603862448 ) ) ;
#6899 = CARTESIAN_POINT ( 'NONE',  ( 0.6837793983403717135, 34.53384772165058791, 339.0749075003400321 ) ) ;
#6900 = ORIENTED_EDGE ( 'NONE', *, *, #44, .T. ) ;
#6901 = CARTESIAN_POINT ( 'NONE',  ( -0.3353096524674044066, 37.51779063432083916, 313.4257129460385727 ) ) ;
#6902 = CYLINDRICAL_SURFACE ( 'NONE', #241, 1.000000000000000666 ) ;
#6903 = VERTEX_POINT ( 'NONE', #1144 ) ;
#6904 = CARTESIAN_POINT ( 'NONE',  ( 25.69356497489738445, 34.14173371200459428, 307.5967526368708604 ) ) ;
#6905 = CARTESIAN_POINT ( 'NONE',  ( -30.08264010221168050, 16.89688008341986958, 396.2239614168197477 ) ) ;
#6906 = CARTESIAN_POINT ( 'NONE',  ( -5.966662445443050800, 37.42840340034361191, 307.1936396950423500 ) ) ;
#6907 = CARTESIAN_POINT ( 'NONE',  ( -41.87125349892845350, 30.71038107048620702, 268.1069433464532494 ) ) ;
#6908 = CARTESIAN_POINT ( 'NONE',  ( 7.045124004950711338, 2.314038226187245861, 514.4354252516325232 ) ) ;
#6909 = CARTESIAN_POINT ( 'NONE',  ( -26.84769820517946926, 30.90228744987071963, 331.4493103031248893 ) ) ;
#6910 = ORIENTED_EDGE ( 'NONE', *, *, #8191, .F. ) ;
#6911 = CARTESIAN_POINT ( 'NONE',  ( -1.885900387860527383, 4.944344929474349115, -41.28297166191669731 ) ) ;
#6912 = DIRECTION ( 'NONE',  ( 0.000000000000000000, 0.000000000000000000, 1.000000000000000000 ) ) ;
#6913 = CARTESIAN_POINT ( 'NONE',  ( 35.44227062542301354, 28.83637089804222953, 317.3492761463588749 ) ) ;
#6914 = CARTESIAN_POINT ( 'NONE',  ( -37.28239946173541597, 31.95766616622013601, 277.8945464116980020 ) ) ;
#6915 = CARTESIAN_POINT ( 'NONE',  ( 1.492388020602511300, 43.89655471583869684, 105.2734977285461468 ) ) ;
#6916 = LINE ( 'NONE', #1365, #5101 ) ;
#6917 = CARTESIAN_POINT ( 'NONE',  ( 26.14564423487036393, 37.69714181633582228, 263.5953438513327001 ) ) ;
#6918 = CARTESIAN_POINT ( 'NONE',  ( -20.62407662905724592, 42.79110105320698665, 140.4219543533417607 ) ) ;
#6919 = CARTESIAN_POINT ( 'NONE',  ( 10.71961130750829305, 36.07779793481478237, 62.31912070581579144 ) ) ;
#6920 = CARTESIAN_POINT ( 'NONE',  ( -23.17850885948787720, 19.53154162074182310, 399.6235657764065650 ) ) ;
#6921 = CARTESIAN_POINT ( 'NONE',  ( 35.78659866028929315, 18.04005269825196578, 379.6381129432435273 ) ) ;
#6922 = CARTESIAN_POINT ( 'NONE',  ( -8.873550694074504364, 33.22711675636364959, 345.9404403234393612 ) ) ;
#6923 = CARTESIAN_POINT ( 'NONE',  ( -1.406557556210300319, 3.019610311274071535, 514.9300709948294070 ) ) ;
#6924 = CARTESIAN_POINT ( 'NONE',  ( 5.444883378412469277, 38.04001594648574525, 307.2396270733679557 ) ) ;
#6925 = CARTESIAN_POINT ( 'NONE',  ( -35.43545198337555746, 28.39898292433911564, 321.1817806001550366 ) ) ;
#6926 = CARTESIAN_POINT ( 'NONE',  ( -0.02238250680520709884, 24.12338407468944368, 406.2868893398336922 ) ) ;
#6927 = CARTESIAN_POINT ( 'NONE',  ( 0.5250176606282557223, 35.66625696832366543, 329.7868877566376682 ) ) ;
#6928 = CARTESIAN_POINT ( 'NONE',  ( -56.45112250455159142, -6.087123366960760507, 202.2480236927935380 ) ) ;
#6929 = CARTESIAN_POINT ( 'NONE',  ( -7.500000000000000000, 18.81336334461916948, 425.6312990209411282 ) ) ;
#6930 = CARTESIAN_POINT ( 'NONE',  ( -3.690959457694361401, 43.98499257479615210, 279.3850310815438434 ) ) ;
#6931 = ORIENTED_EDGE ( 'NONE', *, *, #4515, .F. ) ;
#6932 = ORIENTED_EDGE ( 'NONE', *, *, #3529, .T. ) ;
#6933 = CARTESIAN_POINT ( 'NONE',  ( 49.29743671353512013, 37.20513467868398294, 254.3835889086999487 ) ) ;
#6934 = CARTESIAN_POINT ( 'NONE',  ( 17.65612162713412658, 28.71012705926257880, 365.1431924732276002 ) ) ;
#6935 = CARTESIAN_POINT ( 'NONE',  ( -4.889674602125102076, 40.48209147113490758, 280.2938432058057856 ) ) ;
#6936 = CARTESIAN_POINT ( 'NONE',  ( 1.484291449475615199, 37.00284153562549250, 318.0940509463231933 ) ) ;
#6937 = CARTESIAN_POINT ( 'NONE',  ( -0.8067805704858665994, 43.40477166021896949, 281.9339774583896769 ) ) ;
#6938 = EDGE_CURVE ( 'NONE', #2494, #4103, #4495, .T. ) ;
#6939 = CARTESIAN_POINT ( 'NONE',  ( -3.918931428990151122, 38.83786619257990225, 331.4493103031248893 ) ) ;
#6940 = CARTESIAN_POINT ( 'NONE',  ( 3.302423590642567852, 4.628195515106217073, -41.47021073289514703 ) ) ;
#6941 = CARTESIAN_POINT ( 'NONE',  ( -9.824827521419905452, -2.593892997156575397, 521.6966707247395334 ) ) ;
#6942 = CARTESIAN_POINT ( 'NONE',  ( -45.15854382495105313, 18.39092938591956639, 358.8756656008833943 ) ) ;
#6943 = CARTESIAN_POINT ( 'NONE',  ( 0.5050326850865523021, 35.53291739342169109, 330.8373384431251338 ) ) ;
#6944 = B_SPLINE_CURVE_WITH_KNOTS ( 'NONE', 3,
 ( #3020, #4421, #8590, #981, #8546, #5137, #4970, #7867, #1534, #5773, #4295, #223, #7029, #853, #4338, #7070, #3653, #2976 ),
 .UNSPECIFIED., .F., .F.,
 ( 4, 2, 2, 2, 2, 2, 2, 2, 4 ),
 ( 0.003653831482005600543, 0.009540650297347767414, 0.01542746911268993472, 0.02131428792803210376, 0.02720110674337427106, 0.03308792555871643837, 0.03897474437405860220, 0.04486156318940076604, 0.05074838200474293681 ),
 .UNSPECIFIED. ) ;
#6945 = ORIENTED_EDGE ( 'NONE', *, *, #3242, .T. ) ;
#6946 = CARTESIAN_POINT ( 'NONE',  ( -14.93708470877758820, 36.17002151926966036, 315.8446189955795376 ) ) ;
#6947 = CARTESIAN_POINT ( 'NONE',  ( 5.442004383794607492, 37.38532027862439833, 313.5797149641660440 ) ) ;
#6948 = CARTESIAN_POINT ( 'NONE',  ( 10.46189984721614152, 21.44801024820288760, 412.2321141808334346 ) ) ;
#6949 = FACE_BOUND ( 'NONE', #2767, .T. ) ;
#6950 = CARTESIAN_POINT ( 'NONE',  ( 0.2518840197117096502, 43.33044532943896598, 235.1610964201922229 ) ) ;
#6951 = B_SPLINE_CURVE_WITH_KNOTS ( 'NONE', 3,
 ( #3594, #750, #8315, #160 ),
 .UNSPECIFIED., .F., .F.,
 ( 4, 4 ),
 ( 0.01115684053975094653, 0.01185697801813437140 ),
 .UNSPECIFIED. ) ;
#6952 = CARTESIAN_POINT ( 'NONE',  ( 10.02488928357590936, 1.340599469649716324, 507.8357256156867834 ) ) ;
#6953 = CARTESIAN_POINT ( 'NONE',  ( 12.46229530001277652, -2.572497710891440637, -46.23969499504121217 ) ) ;
#6954 = CARTESIAN_POINT ( 'NONE',  ( 3.690959457694359180, 43.98499257479614499, 279.3850310815437865 ) ) ;
#6955 = CARTESIAN_POINT ( 'NONE',  ( 0.7213179509393360389, 37.17938721605036534, 316.5410908470112190 ) ) ;
#6956 = CARTESIAN_POINT ( 'NONE',  ( -4.267140641170933613, 41.67933265333107329, 262.8481419181161982 ) ) ;
#6957 = CARTESIAN_POINT ( 'NONE',  ( -52.51231461823631719, 36.78377033823687015, 237.1480678699628015 ) ) ;
#6958 = CARTESIAN_POINT ( 'NONE',  ( 2.964413854189072170E-16, 43.31867009981901617, 281.9339774583896769 ) ) ;
#6959 = CARTESIAN_POINT ( 'NONE',  ( 34.39534542889028046, 33.95341868545864372, 269.2977785881369641 ) ) ;
#6960 = CARTESIAN_POINT ( 'NONE',  ( 150.0000000000000853, 15.27823658166833454, 249.4146832441057597 ) ) ;
#6961 = CARTESIAN_POINT ( 'NONE',  ( -45.26359893721250671, 13.07892484020254109, 383.6242932116866200 ) ) ;
#6962 = DIRECTION ( 'NONE',  ( 0.000000000000000000, 0.000000000000000000, -1.000000000000000000 ) ) ;
#6963 = CARTESIAN_POINT ( 'NONE',  ( -6.452177857952435147, 32.28067691638835868, 353.8884358580403955 ) ) ;
#6964 = CARTESIAN_POINT ( 'NONE',  ( 149.9999999999997158, -4.914714336245090465, 438.2002728028813863 ) ) ;
#6965 = CARTESIAN_POINT ( 'NONE',  ( -150.0000000000000284, 3.089374213535638791, 211.7316696794227653 ) ) ;
#6966 = CARTESIAN_POINT ( 'NONE',  ( -2.605312738557953978, 36.81566137405392425, 319.6325411854655840 ) ) ;
#6967 = CARTESIAN_POINT ( 'NONE',  ( 3.889117808002564569, 21.32045016689783168, 419.5178805158623163 ) ) ;
#6968 = CARTESIAN_POINT ( 'NONE',  ( 4.743517234312302655, 35.12007431298150806, 333.4717058408286903 ) ) ;
#6969 = CARTESIAN_POINT ( 'NONE',  ( 0.9429501939302636915, 4.886886460646159058, -41.31700136380539590 ) ) ;
#6970 = CARTESIAN_POINT ( 'NONE',  ( -7.500000000000000000, 23.09037415192560161, 413.8493118462999973 ) ) ;
#6971 = CARTESIAN_POINT ( 'NONE',  ( 0.000000000000000000, 36.16042726719889799, 328.4493103031245482 ) ) ;
#6972 = EDGE_LOOP ( 'NONE', ( #1991, #6568, #5077, #7968, #8785 ) ) ;
#6973 = ORIENTED_EDGE ( 'NONE', *, *, #5561, .F. ) ;
#6974 = CARTESIAN_POINT ( 'NONE',  ( 5.882888988652245743, 42.38580333701526115, 298.7586613606674177 ) ) ;
#6975 = CARTESIAN_POINT ( 'NONE',  ( -2.602230707412252819, 34.67929860591829083, 337.4818900887993891 ) ) ;
#6976 = CARTESIAN_POINT ( 'NONE',  ( 0.01060741860737725653, 27.84275922939305303, 384.8323801470199328 ) ) ;
#6977 = CARTESIAN_POINT ( 'NONE',  ( -39.56083243810056160, 29.12330983454086919, 297.5603467717604644 ) ) ;
#6978 = CARTESIAN_POINT ( 'NONE',  ( 8.062843516858443138, 36.62052122536322685, 319.1371638691211956 ) ) ;
#6979 = FACE_OUTER_BOUND ( 'NONE', #8084, .T. ) ;
#6980 = CARTESIAN_POINT ( 'NONE',  ( 0.000000000000000000, 43.23531604227880365, 281.9339774583896769 ) ) ;
#6981 = CARTESIAN_POINT ( 'NONE',  ( -2.817357777913640060, 8.097330774758388472, -35.80875540050892170 ) ) ;
#6982 = CARTESIAN_POINT ( 'NONE',  ( -10.55815539007339510, 8.766027140151836150, 480.2865580578388176 ) ) ;
#6983 = CARTESIAN_POINT ( 'NONE',  ( -0.4609884451209916856, 29.01134097133431666, 377.3978964872853794 ) ) ;
#6984 = CARTESIAN_POINT ( 'NONE',  ( 7.670996889881518399, 33.29960752652245048, 346.1219432603217570 ) ) ;
#6985 = ORIENTED_EDGE ( 'NONE', *, *, #8363, .F. ) ;
#6986 = ADVANCED_FACE ( 'NONE', ( #8080 ), #300, .F. ) ;
#6987 = CARTESIAN_POINT ( 'NONE',  ( -18.87532158467196908, 35.48075998458871538, 315.0460891177665417 ) ) ;
#6988 = CARTESIAN_POINT ( 'NONE',  ( 33.96573479127966522, 31.15088197275035853, 302.3740186855479237 ) ) ;
#6989 = CARTESIAN_POINT ( 'NONE',  ( -32.57323261736508613, 17.01782132259723568, 390.5681257234759869 ) ) ;
#6990 = FACE_OUTER_BOUND ( 'NONE', #1816, .T. ) ;
#6991 = CARTESIAN_POINT ( 'NONE',  ( -1.955701108996252380, 43.18117025368946571, 235.5815853134452880 ) ) ;
#6992 = CARTESIAN_POINT ( 'NONE',  ( 7.118748418129577260, -1.685585176228954429, 528.7463543470161085 ) ) ;
#6993 = EDGE_CURVE ( 'NONE', #7996, #7528, #1781, .T. ) ;
#6994 = CARTESIAN_POINT ( 'NONE',  ( -1.797634613197362174, 24.83933354071738009, 4.965788233343842784 ) ) ;
#6995 = CARTESIAN_POINT ( 'NONE',  ( -17.37108130523227345, 19.79899576470305789, 409.1570033736893492 ) ) ;
#6996 = CARTESIAN_POINT ( 'NONE',  ( 24.01062454986254480, 33.83628604999307043, 316.1540106662938570 ) ) ;
#6997 = CARTESIAN_POINT ( 'NONE',  ( -22.10539057621121373, 38.56378215763041339, 269.1725774915164493 ) ) ;
#6998 = CARTESIAN_POINT ( 'NONE',  ( 1.232214472287483709, 47.77296557967702739, 180.4880816561268375 ) ) ;
#6999 = CARTESIAN_POINT ( 'NONE',  ( -3.055308605691429147, 45.10460783666949425, 263.6511027115727188 ) ) ;
#7000 = CARTESIAN_POINT ( 'NONE',  ( 44.65153335066313645, 28.39618331097550907, 281.9263449228061518 ) ) ;
#7001 = CARTESIAN_POINT ( 'NONE',  ( -1.492388020602511300, 43.89655471583869684, 105.2734977285461468 ) ) ;
#7002 = CARTESIAN_POINT ( 'NONE',  ( 0.3981201007422402460, 24.13083183398133258, 406.3251395377628228 ) ) ;
#7003 = CARTESIAN_POINT ( 'NONE',  ( 39.05509934958279672, 23.41875919195532418, 365.2780640738445186 ) ) ;
#7004 = CARTESIAN_POINT ( 'NONE',  ( -13.22274308996712655, 32.78518059678437879, 345.1900808707785018 ) ) ;
#7005 = CARTESIAN_POINT ( 'NONE',  ( 35.77127347892401588, -9.639532146028656712, 488.8322980861877340 ) ) ;
#7006 = CARTESIAN_POINT ( 'NONE',  ( 0.000000000000000000, 1.530671358679228655, -46.61894072316960802 ) ) ;
#7007 = CARTESIAN_POINT ( 'NONE',  ( -18.85872409704739994, 34.55403138795090001, 323.2758622075710377 ) ) ;
#7008 = CARTESIAN_POINT ( 'NONE',  ( 0.2296456199235089313, 21.47767806327036766, 420.2065537275910287 ) ) ;
#7009 = CARTESIAN_POINT ( 'NONE',  ( 28.76751014330643130, 30.58771034029214420, 327.7920501029328761 ) ) ;
#7010 = CARTESIAN_POINT ( 'NONE',  ( 1.825295035117260989, 20.79892886237578864, -7.076416356319450429 ) ) ;
#7011 = CARTESIAN_POINT ( 'NONE',  ( 7.500000000000000000, 23.09037415192560161, 413.8493118462999973 ) ) ;
#7012 = CARTESIAN_POINT ( 'NONE',  ( 0.000000000000000000, 0.000000000000000000, 331.4493103031246051 ) ) ;
#7013 = ORIENTED_EDGE ( 'NONE', *, *, #6702, .F. ) ;
#7014 = VERTEX_POINT ( 'NONE', #4674 ) ;
#7015 = CARTESIAN_POINT ( 'NONE',  ( -1.730417408365614973, 47.76473948255436142, 204.8872388650783591 ) ) ;
#7016 = FACE_OUTER_BOUND ( 'NONE', #499, .T. ) ;
#7017 = CARTESIAN_POINT ( 'NONE',  ( 25.50024273260360985, 24.18363651902794231, 374.0430793957655737 ) ) ;
#7018 = CARTESIAN_POINT ( 'NONE',  ( 25.60454646318129690, 32.88780261972465269, 319.2214811389284250 ) ) ;
#7019 = CARTESIAN_POINT ( 'NONE',  ( 0.000000000000000000, 20.81336334461917303, 425.6312990209411282 ) ) ;
#7020 = CARTESIAN_POINT ( 'NONE',  ( 3.066662445442833729, 44.45300068828721152, 263.9480980988757892 ) ) ;
#7021 = CARTESIAN_POINT ( 'NONE',  ( -1.878238518609093521, 8.033333812045590605, -35.84821112819088995 ) ) ;
#7022 = CARTESIAN_POINT ( 'NONE',  ( -0.000000000000000000, 33.90870471094710581, 368.0715387748168723 ) ) ;
#7023 = CARTESIAN_POINT ( 'NONE',  ( -1.770169667304252847, 28.99895454648401483, 377.1942922676901162 ) ) ;
#7024 = CARTESIAN_POINT ( 'NONE',  ( 33.89981069397227742, 27.39876995019492156, 334.3842570171055399 ) ) ;
#7025 = ORIENTED_EDGE ( 'NONE', *, *, #4308, .F. ) ;
#7026 = AXIS2_PLACEMENT_3D ( 'NONE', #4990, #7681, #7547 ) ;
#7027 = CARTESIAN_POINT ( 'NONE',  ( -1.106049527062146431, 38.39592740845893815, 305.1653059199898053 ) ) ;
#7028 = CARTESIAN_POINT ( 'NONE',  ( 7.455700441146991153, 38.12016318207644616, 305.6293835007046482 ) ) ;
#7029 = CARTESIAN_POINT ( 'NONE',  ( 13.66482133417764011, 38.02417345137537552, 331.4493103031244914 ) ) ;
#7030 = CARTESIAN_POINT ( 'NONE',  ( -5.974697017077270027E-10, 43.83345410576623635, 282.5824894700288610 ) ) ;
#7031 = FACE_OUTER_BOUND ( 'NONE', #2402, .T. ) ;
#7032 = EDGE_CURVE ( 'NONE', #3506, #2804, #7405, .T. ) ;
#7033 = CARTESIAN_POINT ( 'NONE',  ( 0.000000000000000000, -1.100564968850144654, 529.4234485653213369 ) ) ;
#7034 = CARTESIAN_POINT ( 'NONE',  ( 80.59194385665391280, 16.18280436951648937, 103.7926928775323461 ) ) ;
#7035 = CARTESIAN_POINT ( 'NONE',  ( -5.034234746082240974, 41.62418892016554395, 263.0364328937198479 ) ) ;
#7036 = CARTESIAN_POINT ( 'NONE',  ( 1.467788928062101705, 44.48375703246001933, 275.5401249740329490 ) ) ;
#7037 = LINE ( 'NONE', #2985, #8446 ) ;
#7038 = CARTESIAN_POINT ( 'NONE',  ( 27.82482969807736239, 36.99517943839635592, 264.7161670167898819 ) ) ;
#7039 = EDGE_CURVE ( 'NONE', #2022, #3552, #3201, .T. ) ;
#7040 = CARTESIAN_POINT ( 'NONE',  ( 149.9999999999999716, 16.36900979716714133, 304.7041830578932036 ) ) ;
#7041 = CARTESIAN_POINT ( 'NONE',  ( -40.63731848421951298, 15.40444059254322795, 381.1309276373086163 ) ) ;
#7042 = CARTESIAN_POINT ( 'NONE',  ( -0.01146946980768576499, 43.23548021502583794, 281.9339774583896201 ) ) ;
#7043 = CARTESIAN_POINT ( 'NONE',  ( -0.08238321513747241809, 34.53179644732971099, 339.1229450796939773 ) ) ;
#7044 = FACE_OUTER_BOUND ( 'NONE', #8569, .T. ) ;
#7045 = CARTESIAN_POINT ( 'NONE',  ( -0.000000000000000000, -5.832248506198543403, -56.54747634531298672 ) ) ;
#7046 = CARTESIAN_POINT ( 'NONE',  ( -47.83101454649958129, 23.53774462849477445, 319.6357998027395411 ) ) ;
#7047 = CARTESIAN_POINT ( 'NONE',  ( 11.96719329242308127, 21.88469921023668263, 408.1961811811664802 ) ) ;
#7048 = CARTESIAN_POINT ( 'NONE',  ( 1.481175217820147605, 35.66337158875413849, 329.7431608111841115 ) ) ;
#7049 = B_SPLINE_CURVE_WITH_KNOTS ( 'NONE', 3,
 ( #1981, #4737, #8185, #1294, #6801, #2028, #1568, #2886, #7650, #2121, #5722, #8411, #8326, #7062, #885, #6939, #4285, #7558 ),
 .UNSPECIFIED., .F., .F.,
 ( 4, 2, 2, 2, 2, 2, 2, 2, 4 ),
 ( 0.003653831482005600543, 0.009540650297347767414, 0.01542746911268993472, 0.02131428792803210376, 0.02720110674337427106, 0.03308792555871643837, 0.03897474437405860220, 0.04486156318940076604, 0.05074838200474293681 ),
 .UNSPECIFIED. ) ;
#7050 = CARTESIAN_POINT ( 'NONE',  ( -12.24542331509240611, 10.79387684120225543, -23.56345594219629547 ) ) ;
#7051 = CARTESIAN_POINT ( 'NONE',  ( 42.75445932639104285, 25.75585501620750151, 331.4493103031246051 ) ) ;
#7052 = CARTESIAN_POINT ( 'NONE',  ( -5.085132368270098624, 24.87966606040252060, 400.0144829921829341 ) ) ;
#7053 = ORIENTED_EDGE ( 'NONE', *, *, #4085, .F. ) ;
#7054 = B_SPLINE_CURVE_WITH_KNOTS ( 'NONE', 3,
 ( #1145, #6741, #3412, #1875 ),
 .UNSPECIFIED., .F., .F.,
 ( 4, 4 ),
 ( 0.01150813530821936936, 0.06201941304630106955 ),
 .UNSPECIFIED. ) ;
#7055 = ORIENTED_EDGE ( 'NONE', *, *, #4025, .T. ) ;
#7056 = CARTESIAN_POINT ( 'NONE',  ( -1.412905495387613675, 38.87119500223062829, 332.0564048275492723 ) ) ;
#7057 = CARTESIAN_POINT ( 'NONE',  ( -0.5225218826414123052, 35.18330196708837576, 333.7465165944236674 ) ) ;
#7058 = CARTESIAN_POINT ( 'NONE',  ( 1.407665911017280225, 27.82890995575187887, 384.6256298556013462 ) ) ;
#7059 = CARTESIAN_POINT ( 'NONE',  ( 0.7210016873249175395, 36.89475596874805063, 319.1188570546561323 ) ) ;
#7060 = CARTESIAN_POINT ( 'NONE',  ( -2.085665936296657197, 43.82416869276286064, 282.1597056212962684 ) ) ;
#7061 = DIRECTION ( 'NONE',  ( -0.9999999999999993339, 0.000000000000000000, 3.575276321511214631E-08 ) ) ;
#7062 = CARTESIAN_POINT ( 'NONE',  ( -9.789959243363554720, 38.48233284685087341, 331.4493103031244914 ) ) ;
#7063 = CARTESIAN_POINT ( 'NONE',  ( 86.59048839564125899, -5.768153520067688333, 55.25887913199452584 ) ) ;
#7064 = CARTESIAN_POINT ( 'NONE',  ( 0.000000000000000000, 42.30162134418959141, 300.4383845965779187 ) ) ;
#7065 = CARTESIAN_POINT ( 'NONE',  ( -33.53884191038362417, 21.33769557887436363, 369.4072436434151996 ) ) ;
#7066 = CARTESIAN_POINT ( 'NONE',  ( 0.1190083324558532801, 33.48648142753587820, 347.0666598376545267 ) ) ;
#7067 = ORIENTED_EDGE ( 'NONE', *, *, #3571, .T. ) ;
#7068 = CARTESIAN_POINT ( 'NONE',  ( -6.783637152445194829, 37.31015907507719476, 313.6243541947837343 ) ) ;
#7069 = CARTESIAN_POINT ( 'NONE',  ( 0.5289229829124795224, 37.51658351909210865, 313.4310609763912225 ) ) ;
#7070 = CARTESIAN_POINT ( 'NONE',  ( 3.918931428990151122, 38.83786619257990225, 331.4493103031248893 ) ) ;
#7071 = DIRECTION ( 'NONE',  ( 0.000000000000000000, 0.000000000000000000, -1.000000000000000000 ) ) ;
#7072 = CARTESIAN_POINT ( 'NONE',  ( 3.066662445442802198, 44.46619855865440485, 263.7770849131753153 ) ) ;
#7073 = CARTESIAN_POINT ( 'NONE',  ( 0.9419369969250757091, 38.87366631406933948, 332.0309586039868464 ) ) ;
#7074 = CARTESIAN_POINT ( 'NONE',  ( 35.61029944830622895, -13.34155306713987343, 501.3379992237896090 ) ) ;
#7075 = CARTESIAN_POINT ( 'NONE',  ( -0.9247670608693169259, 16.13791471914375109, -18.92185757000694935 ) ) ;
#7076 = CARTESIAN_POINT ( 'NONE',  ( -0.1409805500372071085, 37.12542603254542684, 317.0507528470362786 ) ) ;
#7077 = CARTESIAN_POINT ( 'NONE',  ( 1.848321708431225563, 47.83361918596382623, 180.4427191032446558 ) ) ;
#7078 = CARTESIAN_POINT ( 'NONE',  ( -2.145165295397433169E-08, 45.74766521858110480, 255.0493127239866169 ) ) ;
#7079 = VERTEX_POINT ( 'NONE', #2455 ) ;
#7080 = CARTESIAN_POINT ( 'NONE',  ( 29.50401516128435730, 36.29321706045688956, 265.8369901822471206 ) ) ;
#7081 = CARTESIAN_POINT ( 'NONE',  ( -1.423592574024759250, 42.54900955428178833, 298.0807919074272831 ) ) ;
#7082 = CARTESIAN_POINT ( 'NONE',  ( 0.4878246621521282189, 25.38458241900000090, 399.2241551651649161 ) ) ;
#7083 = DIRECTION ( 'NONE',  ( 1.000000000000000000, 0.000000000000000000, 0.000000000000000000 ) ) ;
#7084 = CARTESIAN_POINT ( 'NONE',  ( 0.1546162343269283923, 34.53038570603679602, 339.1412908585899117 ) ) ;
#7085 = CARTESIAN_POINT ( 'NONE',  ( 44.79208460059820851, 23.90144965854936032, 331.4493103031245482 ) ) ;
#7086 = AXIS2_PLACEMENT_3D ( 'NONE', #170, #8493, #844 ) ;
#7087 = EDGE_CURVE ( 'NONE', #7876, #3338, #5215, .T. ) ;
#7088 = CARTESIAN_POINT ( 'NONE',  ( -86.04165046946579309, -0.9836248390333799385, 62.57548133218611497 ) ) ;
#7089 = CARTESIAN_POINT ( 'NONE',  ( -25.60454646318128979, 32.88780261972463848, 319.2214811389284250 ) ) ;
#7090 = CARTESIAN_POINT ( 'NONE',  ( 33.15791094102966952, 16.51370266510663498, 391.5328385834220626 ) ) ;
#7091 = CARTESIAN_POINT ( 'NONE',  ( 1.101942232197722804, 35.66550481557546703, 329.7606988682990163 ) ) ;
#7092 = CARTESIAN_POINT ( 'NONE',  ( 1.878238518609093521, 8.033333812045590605, -35.84821112819088995 ) ) ;
#7093 = LINE ( 'NONE', #8485, #690 ) ;
#7094 =( NAMED_UNIT ( * ) SI_UNIT ( $, .STERADIAN. ) SOLID_ANGLE_UNIT ( ) );
#7095 = EDGE_LOOP ( 'NONE', ( #6369, #5995, #5728, #8117, #5810, #1105, #8016, #6697, #2878, #2572, #1332, #4430, #7725, #5207, #569, #1433, #1238, #4364, #5968 ) ) ;
#7096 = AXIS2_PLACEMENT_3D ( 'NONE', #2400, #7889, #3259 ) ;
#7097 = ORIENTED_EDGE ( 'NONE', *, *, #1862, .F. ) ;
#7098 = CARTESIAN_POINT ( 'NONE',  ( 149.9999999999995737, 11.19476107030966361, 345.2779431210030907 ) ) ;
#7099 = CARTESIAN_POINT ( 'NONE',  ( -10.57761285024851539, 34.78334723554497288, 333.0200875699270568 ) ) ;
#7100 = CARTESIAN_POINT ( 'NONE',  ( 24.07013122845820874, 25.82529025307336568, 368.6379137532583741 ) ) ;
#7101 = CARTESIAN_POINT ( 'NONE',  ( 5.436295804096015871, 36.77950739755917198, 319.1298619072757674 ) ) ;
#7102 = CARTESIAN_POINT ( 'NONE',  ( -3.029912448375432721, 43.85956439629243420, 281.3370363064326511 ) ) ;
#7103 = CARTESIAN_POINT ( 'NONE',  ( -3.999592961338987990E-05, 43.83341266176832818, 282.5824861355891926 ) ) ;
#7104 = CARTESIAN_POINT ( 'NONE',  ( -48.51426065915131858, 31.22644477052227785, 274.8454578697404713 ) ) ;
#7105 = CARTESIAN_POINT ( 'NONE',  ( 12.51122854236293591, -10.32226976056000467, -55.36644004333045643 ) ) ;
#7106 = CARTESIAN_POINT ( 'NONE',  ( 0.000000000000000000, -8.823511411159953965, 555.1857276250582345 ) ) ;
#7107 = B_SPLINE_CURVE_WITH_KNOTS ( 'NONE', 3,
 ( #4088, #4855, #2144, #2824, #601, #6058, #19, #1322, #4898, #3403 ),
 .UNSPECIFIED., .F., .F.,
 ( 4, 2, 2, 2, 4 ),
 ( 0.000000000000000000, 0.006200269957483346521, 0.01240053991496669304, 0.01860080987245003870, 0.02480107982993339302 ),
 .UNSPECIFIED. ) ;
#7108 = CARTESIAN_POINT ( 'NONE',  ( 0.07507529996330997157, 29.01322387806530756, 377.4700694359429463 ) ) ;
#7109 = CARTESIAN_POINT ( 'NONE',  ( 11.09841856878980337, 33.02431979241228532, 345.5663367025449020 ) ) ;
#7110 = ORIENTED_EDGE ( 'NONE', *, *, #641, .T. ) ;
#7111 = CARTESIAN_POINT ( 'NONE',  ( -1.859398661689809273, 37.50038705086524260, 313.4689547350657790 ) ) ;
#7112 = CARTESIAN_POINT ( 'NONE',  ( 0.1407009709328714830, 37.40751803468910452, 314.4599531626880662 ) ) ;
#7113 = CARTESIAN_POINT ( 'NONE',  ( 13.32105674269001483, 20.81051767479640802, 411.2060359150538602 ) ) ;
#7114 = DIRECTION ( 'NONE',  ( -1.000000000000000000, -1.981476982594386177E-15, 1.585181586075508942E-14 ) ) ;
#7115 = CARTESIAN_POINT ( 'NONE',  ( -19.47298338864321821, 40.60483130755451953, 242.8894767473136085 ) ) ;
#7116 = CARTESIAN_POINT ( 'NONE',  ( -149.9999999999999716, 14.23858967693923105, 324.3781664693334506 ) ) ;
#7117 = CARTESIAN_POINT ( 'NONE',  ( 35.66697731966415574, -11.64039430091011873, 495.5372216640326997 ) ) ;
#7118 = CARTESIAN_POINT ( 'NONE',  ( -0.1409724155965076664, 37.06851512876809096, 317.5679998151899213 ) ) ;
#7119 = CARTESIAN_POINT ( 'NONE',  ( 0.000000000000000000, 47.62041242848380307, 205.0701292695992777 ) ) ;
#7120 = CARTESIAN_POINT ( 'NONE',  ( 2.575276621184612036E-14, 35.46042503095549847, 331.4493103031279588 ) ) ;
#7121 = ORIENTED_EDGE ( 'NONE', *, *, #6097, .T. ) ;
#7122 = CARTESIAN_POINT ( 'NONE',  ( 23.51973174029941660, 37.61279697820997114, 277.6794063168356388 ) ) ;
#7123 = CARTESIAN_POINT ( 'NONE',  ( 13.42993013484968756, 41.72605030748574251, 299.6411483311551933 ) ) ;
#7124 = CARTESIAN_POINT ( 'NONE',  ( -3.216360456009602409, 25.29866079552287061, 398.6174662360907632 ) ) ;
#7125 = CARTESIAN_POINT ( 'NONE',  ( -7.500000000000000000, 22.01701753502480940, 413.0240909614261113 ) ) ;
#7126 = CARTESIAN_POINT ( 'NONE',  ( -1.413172158439198967, 34.53332814272068418, 339.0151608787176656 ) ) ;
#7127 = CARTESIAN_POINT ( 'NONE',  ( -1.151296007947058886, 41.91337021167969823, 261.4226238901502484 ) ) ;
#7128 = CARTESIAN_POINT ( 'NONE',  ( -150.0000000000000000, 6.573444530005628117, 217.0034385749200965 ) ) ;
#7129 = CARTESIAN_POINT ( 'NONE',  ( -6.776416076112290909, 36.70873614386220396, 319.1334619017883938 ) ) ;
#7130 = CARTESIAN_POINT ( 'NONE',  ( 9.155903498956236675, 22.26166849691641403, 410.0465226585800451 ) ) ;
#7131 = CARTESIAN_POINT ( 'NONE',  ( 35.42097219112725526, 27.26833511005154520, 330.1553304361378309 ) ) ;
#7132 = CARTESIAN_POINT ( 'NONE',  ( 1.892463454547965274, 1.631141071689482525, -46.56294020973754044 ) ) ;
#7133 = LINE ( 'NONE', #288, #1106 ) ;
#7134 = CARTESIAN_POINT ( 'NONE',  ( 7.199780051661552882E-18, 38.16041641445455923, 334.4493103031246051 ) ) ;
#7135 = ORIENTED_EDGE ( 'NONE', *, *, #5830, .T. ) ;
#7136 = ORIENTED_EDGE ( 'NONE', *, *, #7534, .F. ) ;
#7137 = ADVANCED_FACE ( 'NONE', ( #2016 ), #6564, .F. ) ;
#7138 = CARTESIAN_POINT ( 'NONE',  ( -0.9573959518996042473, 36.00720964673208613, 354.6273715488849803 ) ) ;
#7139 = CARTESIAN_POINT ( 'NONE',  ( -5.430406490381110451, 35.09483640637755286, 333.4224461542773383 ) ) ;
#7140 = CARTESIAN_POINT ( 'NONE',  ( 3.857091643668238312, 27.77185592923065371, 384.1274647211394040 ) ) ;
#7141 = CARTESIAN_POINT ( 'NONE',  ( 6.776416076112293574, 36.70873614386220396, 319.1334619017883938 ) ) ;
#7142 = CARTESIAN_POINT ( 'NONE',  ( -3.060350027058011957, 43.98462720845276408, 279.7251131959523605 ) ) ;
#7143 = ADVANCED_FACE ( 'NONE', ( #3052 ), #2416, .F. ) ;
#7144 = CARTESIAN_POINT ( 'NONE',  ( -0.3179421776353714701, 43.82866156281300363, 282.5823495050327665 ) ) ;
#7145 = CARTESIAN_POINT ( 'NONE',  ( -43.99345688386772935, 33.75005307547659328, 264.6172339938248683 ) ) ;
#7146 = CARTESIAN_POINT ( 'NONE',  ( 11.76711777406544357, 23.42470861069366350, 9.197752124484701142 ) ) ;
#7147 = CARTESIAN_POINT ( 'NONE',  ( -0.000000000000000000, 33.06752959952699200, 373.5589767123708498 ) ) ;
#7148 = CARTESIAN_POINT ( 'NONE',  ( -9.815686422344764850, 29.81097449769441710, 367.9119914097988158 ) ) ;
#7149 = CARTESIAN_POINT ( 'NONE',  ( 0.3064969168496061158, 33.48750806823929338, 347.0478594986341250 ) ) ;
#7150 = VECTOR ( 'NONE', #5332, 1000.000000000000000 ) ;
#7151 = ORIENTED_EDGE ( 'NONE', *, *, #4612, .F. ) ;
#7152 = CARTESIAN_POINT ( 'NONE',  ( 0.1409805500371942577, 37.12542603254542684, 317.0507528470363354 ) ) ;
#7153 = CARTESIAN_POINT ( 'NONE',  ( -0.5274062101127843238, 38.40337733171813994, 305.1283119156489079 ) ) ;
#7154 = AXIS2_PLACEMENT_3D ( 'NONE', #8698, #5875, #8607 ) ;
#7155 = CARTESIAN_POINT ( 'NONE',  ( 6.781436714583689351, 37.20305329499510094, 314.6302412411061482 ) ) ;
#7156 = FACE_OUTER_BOUND ( 'NONE', #5674, .T. ) ;
#7157 = CARTESIAN_POINT ( 'NONE',  ( 1.203986708643585412E-14, 40.47442735768318300, 281.9339774583896769 ) ) ;
#7158 = CARTESIAN_POINT ( 'NONE',  ( 30.43539435454004760, 29.36447815839711595, 331.4493103031248893 ) ) ;
#7159 = CARTESIAN_POINT ( 'NONE',  ( 0.000000000000000000, 44.44231472044331355, 275.7264566852123266 ) ) ;
#7160 = CARTESIAN_POINT ( 'NONE',  ( 36.00285309233927933, -6.792297079197776810, 479.3729591887034758 ) ) ;
#7161 = AXIS2_PLACEMENT_3D ( 'NONE', #770, #1494, #6320 ) ;
#7162 = CARTESIAN_POINT ( 'NONE',  ( -10.60357282154664382, 36.64982020490712245, 317.1916592099978516 ) ) ;
#7163 = CARTESIAN_POINT ( 'NONE',  ( -12.86356880811151981, 31.41958604971774349, 377.2397787413708556 ) ) ;
#7164 = CARTESIAN_POINT ( 'NONE',  ( -44.79208460059816588, 23.12775989327775505, 331.4493103031248324 ) ) ;
#7165 = ORIENTED_EDGE ( 'NONE', *, *, #7244, .T. ) ;
#7166 = CARTESIAN_POINT ( 'NONE',  ( 23.15548353381790747, 37.14278438410575234, 285.1640558619523631 ) ) ;
#7167 = CARTESIAN_POINT ( 'NONE',  ( 150.0000000000000000, 15.08964599839784171, 317.3683508197350989 ) ) ;
#7168 = CARTESIAN_POINT ( 'NONE',  ( -0.4439780220244183284, 25.36993139501673156, 399.1154937325169385 ) ) ;
#7169 = CARTESIAN_POINT ( 'NONE',  ( 3.066662445442833729, 44.01022151745222999, 279.3869481548266549 ) ) ;
#7170 = CARTESIAN_POINT ( 'NONE',  ( -16.20211269284890676, 32.34969660379244516, 344.6221952111174005 ) ) ;
#7171 = CARTESIAN_POINT ( 'NONE',  ( -5.464782804720353049, 41.98730818261890363, 256.1918974770094906 ) ) ;
#7172 = CARTESIAN_POINT ( 'NONE',  ( -28.11698015143261742, 5.915450505645251766, -17.51976183688852373 ) ) ;
#7173 = CARTESIAN_POINT ( 'NONE',  ( -20.61304776211705914, 34.53646182690578570, 319.1905038397463272 ) ) ;
#7174 = DIRECTION ( 'NONE',  ( -1.000000000000000000, 0.000000000000000000, 0.000000000000000000 ) ) ;
#7175 = CARTESIAN_POINT ( 'NONE',  ( 27.17736755311119978, 30.81456009051350620, 331.1802889471368303 ) ) ;
#7176 = B_SPLINE_CURVE_WITH_KNOTS ( 'NONE', 3,
 ( #6019, #8035, #6114, #1186, #5393, #2638, #1964, #8124, #4539, #1780, #4722, #7989, #5931, #7272, #7455, #5303, #1823, #8855 ),
 .UNSPECIFIED., .F., .F.,
 ( 4, 2, 2, 2, 2, 2, 2, 2, 4 ),
 ( 0.003653831482005600543, 0.009540650297347767414, 0.01542746911268993472, 0.02131428792803210376, 0.02720110674337427106, 0.03308792555871643837, 0.03897474437405860220, 0.04486156318940076604, 0.05074838200474293681 ),
 .UNSPECIFIED. ) ;
#7177 = CARTESIAN_POINT ( 'NONE',  ( -54.48274488411642125, 13.81017118001468269, 236.9137207598040220 ) ) ;
#7178 = CARTESIAN_POINT ( 'NONE',  ( 7.500000000000000000, 23.09037415192560161, 413.8493118462999973 ) ) ;
#7179 = ORIENTED_EDGE ( 'NONE', *, *, #6491, .F. ) ;
#7180 = ORIENTED_EDGE ( 'NONE', *, *, #6601, .T. ) ;
#7181 = CARTESIAN_POINT ( 'NONE',  ( -1.649037557037112522, 25.94552207819153722, 415.5304132493203042 ) ) ;
#7182 = CARTESIAN_POINT ( 'NONE',  ( -0.1363449537741288631, 35.66553047750277017, 329.8042875596767658 ) ) ;
#7183 = CARTESIAN_POINT ( 'NONE',  ( 1.787242475681019460, 25.34080875892981055, 398.9062613567242011 ) ) ;
#7184 = CARTESIAN_POINT ( 'NONE',  ( 32.01124369644031731, 29.95477868227198570, 321.2430853164768791 ) ) ;
#7185 = CARTESIAN_POINT ( 'NONE',  ( -41.86154583171057908, 21.20390987205913191, 350.8574250186042036 ) ) ;
#7186 = FACE_OUTER_BOUND ( 'NONE', #8143, .T. ) ;
#7187 = CARTESIAN_POINT ( 'NONE',  ( 8.966662445442725726, 41.26731421385151322, 256.1377608585563053 ) ) ;
#7188 = CARTESIAN_POINT ( 'NONE',  ( 3.094001100202671495, 27.87474874546403569, 16.86073679022653593 ) ) ;
#7189 = CARTESIAN_POINT ( 'NONE',  ( 0.000000000000000000, -9.605528623052503434, 557.6875022617330160 ) ) ;
#7190 = CARTESIAN_POINT ( 'NONE',  ( 12.10467242528630649, 31.82667714556333749, 352.7176402810686682 ) ) ;
#7191 = ORIENTED_EDGE ( 'NONE', *, *, #8627, .F. ) ;
#7192 = CARTESIAN_POINT ( 'NONE',  ( -0.2557525221693672246, 37.18269570829094306, 316.5276312260766076 ) ) ;
#7193 = CARTESIAN_POINT ( 'NONE',  ( -14.98714197323865882, 37.18447085211850123, 306.3124259510217371 ) ) ;
#7194 = EDGE_CURVE ( 'NONE', #3015, #5954, #4693, .T. ) ;
#7195 = CARTESIAN_POINT ( 'NONE',  ( -0.4558368512799693684, 37.06912820865259306, 317.5626655842555124 ) ) ;
#7196 = CARTESIAN_POINT ( 'NONE',  ( 1.105795499104037072, 37.40120967025418963, 314.4824160230480743 ) ) ;
#7197 = CARTESIAN_POINT ( 'NONE',  ( 14.70201088193737782, 20.47688185979635733, 410.5910709380059984 ) ) ;
#7198 = CARTESIAN_POINT ( 'NONE',  ( 0.000000000000000000, 0.000000000000000000, 331.4493103031246051 ) ) ;
#7199 = CARTESIAN_POINT ( 'NONE',  ( 2.534521413436147785, 44.60585899870691406, 262.3665751750186246 ) ) ;
#7200 = CARTESIAN_POINT ( 'NONE',  ( 0.9419369969250757091, 40.21919929812739269, 320.0004459445724478 ) ) ;
#7201 = DIRECTION ( 'NONE',  ( 0.000000000000000000, 0.000000000000000000, -1.000000000000000000 ) ) ;
#7202 = EDGE_CURVE ( 'NONE', #121, #8584, #1014, .T. ) ;
#7203 = CARTESIAN_POINT ( 'NONE',  ( -18.86544375553505049, 35.22987119829012670, 317.3458094155880644 ) ) ;
#7204 = CARTESIAN_POINT ( 'NONE',  ( 0.000000000000000000, 25.90249749234719445, 415.3909803479844527 ) ) ;
#7205 = CARTESIAN_POINT ( 'NONE',  ( -1.654078833072298638, 45.29005162165634601, 261.6334963371887739 ) ) ;
#7206 = ORIENTED_EDGE ( 'NONE', *, *, #7354, .T. ) ;
#7207 = CARTESIAN_POINT ( 'NONE',  ( 33.36172068269858215, 33.34208221853077703, 282.4875355790661047 ) ) ;
#7208 = CARTESIAN_POINT ( 'NONE',  ( 1.649437573462356754, 38.88726402745196253, 331.8909477606557630 ) ) ;
#7209 = CARTESIAN_POINT ( 'NONE',  ( -8.871033271497257289, 37.74402595221453538, 307.9959872812076469 ) ) ;
#7210 = CARTESIAN_POINT ( 'NONE',  ( 3.350178695052929978, -24.66882895534568121, -76.10165956531285758 ) ) ;
#7211 = CARTESIAN_POINT ( 'NONE',  ( -2.723158789591169082, 41.77100548037250149, 262.6485298431855995 ) ) ;
#7212 = CARTESIAN_POINT ( 'NONE',  ( -55.69582423788891390, 7.770729441803534421, 222.6473521244176652 ) ) ;
#7213 = DIRECTION ( 'NONE',  ( 0.000000000000000000, 1.000000000000000000, 0.000000000000000000 ) ) ;
#7214 = CARTESIAN_POINT ( 'NONE',  ( -0.3355273033943215188, 36.89646412955891464, 319.1180760254398479 ) ) ;
#7215 = CARTESIAN_POINT ( 'NONE',  ( 21.59383934702766794, 40.02939173882312218, 244.2298516883222419 ) ) ;
#7216 = CARTESIAN_POINT ( 'NONE',  ( 33.63702070575116920, 27.62770733668776657, 333.3285218116466240 ) ) ;
#7217 = CARTESIAN_POINT ( 'NONE',  ( 1.578577519813644470, 40.94661473732806911, 79.90822356737034227 ) ) ;
#7218 = CARTESIAN_POINT ( 'NONE',  ( -2.723126872720147862, 44.57335254532785740, 262.6484509657298645 ) ) ;
#7219 = CARTESIAN_POINT ( 'NONE',  ( 1.151747945657782823, 44.75111062554286434, 261.4227386465122436 ) ) ;
#7220 = ORIENTED_EDGE ( 'NONE', *, *, #7643, .F. ) ;
#7221 = CARTESIAN_POINT ( 'NONE',  ( 0.000000000000000000, 36.01456435933089750, 354.5116695689063704 ) ) ;
#7222 = CARTESIAN_POINT ( 'NONE',  ( -57.77097111345211289, -2.535394609008782663, 415.1043187994338837 ) ) ;
#7223 = CARTESIAN_POINT ( 'NONE',  ( -25.57091559316708285, 31.40128677424905490, 331.3838776263380623 ) ) ;
#7224 = CARTESIAN_POINT ( 'NONE',  ( 6.339685751345562004, 26.43168126176475852, 390.6004150803676680 ) ) ;
#7225 = CARTESIAN_POINT ( 'NONE',  ( 10.60129078585169538, 36.37791862391827635, 319.6316650458030040 ) ) ;
#7226 = CARTESIAN_POINT ( 'NONE',  ( -33.03633095656161345, 17.14605233795703043, 389.0746662281788417 ) ) ;
#7227 = VECTOR ( 'NONE', #6350, 1000.000000000000114 ) ;
#7228 = CARTESIAN_POINT ( 'NONE',  ( -44.79208460024205607, 26.86136150171395442, 331.4493103058574661 ) ) ;
#7229 = DIRECTION ( 'NONE',  ( 0.000000000000000000, -1.000000000000000000, 0.000000000000000000 ) ) ;
#7230 = CARTESIAN_POINT ( 'NONE',  ( 83.26671075213897666, 10.37568051067605523, 86.68462678675325606 ) ) ;
#7231 = CARTESIAN_POINT ( 'NONE',  ( -29.31608398029594298, 20.86642425336894391, 397.5616617618767350 ) ) ;
#7232 = CARTESIAN_POINT ( 'NONE',  ( 9.951606821779224177, 32.04519512715140195, 353.1955989802493150 ) ) ;
#7233 = CARTESIAN_POINT ( 'NONE',  ( 12.12700268568815254, 15.00943372669715004, -14.20656591047415240 ) ) ;
#7234 = ORIENTED_EDGE ( 'NONE', *, *, #6056, .F. ) ;
#7235 = CARTESIAN_POINT ( 'NONE',  ( 3.181580249358208601, 31.29112874163774549, 362.0943010562925224 ) ) ;
#7236 = CARTESIAN_POINT ( 'NONE',  ( -0.3090834659406274110, 39.95635966946448292, 288.1076583426513480 ) ) ;
#7237 = CARTESIAN_POINT ( 'NONE',  ( 20.61545066795325454, 34.68813191442077937, 317.8370487877314190 ) ) ;
#7238 = CARTESIAN_POINT ( 'NONE',  ( 28.79857966998858387, 32.02770738354685420, 315.5102458740848306 ) ) ;
#7239 = CARTESIAN_POINT ( 'NONE',  ( 5.966662445443056129, 37.71010751892143986, 310.2232895710617413 ) ) ;
#7240 = DIRECTION ( 'NONE',  ( 0.000000000000000000, 0.000000000000000000, -1.000000000000000000 ) ) ;
#7241 = CARTESIAN_POINT ( 'NONE',  ( 0.8337494042231904379, 45.33835894623720009, 261.3563176996184438 ) ) ;
#7242 = CARTESIAN_POINT ( 'NONE',  ( -149.9999999999998010, 15.67153765998659942, 312.2062866230721170 ) ) ;
#7243 = CARTESIAN_POINT ( 'NONE',  ( -24.96191191765762696, 35.28848073737330537, 331.4493103031246051 ) ) ;
#7244 = EDGE_CURVE ( 'NONE', #6554, #7014, #8235, .T. ) ;
#7245 = CLOSED_SHELL ( 'NONE', ( #1126, #7143, #2469, #587, #5824, #5788, #4799, #714, #3234, #2746, #815, #1797, #3521, #5016, #3532, #1686, #8074, #7362, #2251, #4858, #8073, #6712, #2508, #2813, #6766, #1367, #1966, #4200, #8741, #8513, #873, #2098 ) ) ;
#7246 = CARTESIAN_POINT ( 'NONE',  ( -27.21155325566363814, 32.42192013066586753, 317.9663922517024162 ) ) ;
#7247 = CARTESIAN_POINT ( 'NONE',  ( 0.4709684984625378545, 40.21920836791927201, 320.0003648965263210 ) ) ;
#7248 = CARTESIAN_POINT ( 'NONE',  ( -0.8075375157777197055, 44.77231811943471484, 261.3537278318257790 ) ) ;
#7249 = CARTESIAN_POINT ( 'NONE',  ( 15.47469163025383487, 39.16203449275625559, 282.7235642050480919 ) ) ;
#7250 = EDGE_CURVE ( 'NONE', #1926, #5689, #8642, .T. ) ;
#7251 = CARTESIAN_POINT ( 'NONE',  ( 51.14854028299649258, 8.032565948868031214, 369.8610693905080211 ) ) ;
#7252 = CARTESIAN_POINT ( 'NONE',  ( -8.966662445443102314, 37.81381102643348413, 307.2226186400166057 ) ) ;
#7253 = CARTESIAN_POINT ( 'NONE',  ( -29.21924492786419592, 30.26687005354008519, 328.5928734457606879 ) ) ;
#7254 = EDGE_CURVE ( 'NONE', #5418, #1255, #2764, .T. ) ;
#7255 = CARTESIAN_POINT ( 'NONE',  ( -3.066662445442833729, 41.67359439997697734, 263.9480980988757892 ) ) ;
#7256 = B_SPLINE_CURVE_WITH_KNOTS ( 'NONE', 3,
 ( #1683, #4362, #1600, #4402 ),
 .UNSPECIFIED., .F., .F.,
 ( 4, 4 ),
 ( 9.574309429461623358E-17, 0.005446269845133704449 ),
 .UNSPECIFIED. ) ;
#7257 = CARTESIAN_POINT ( 'NONE',  ( -3.238742170394931286, 15.77724942527549956, -19.15744003631981229 ) ) ;
#7258 = CARTESIAN_POINT ( 'NONE',  ( -3.669804392786813363, 43.95389554410947852, 279.8048767567531740 ) ) ;
#7259 = CARTESIAN_POINT ( 'NONE',  ( -18.86241592312058657, 35.07669573570959187, 318.7217759944115869 ) ) ;
#7260 = CARTESIAN_POINT ( 'NONE',  ( 29.55020858518582116, 16.26733533809674270, 399.8662916002094221 ) ) ;
#7261 = CARTESIAN_POINT ( 'NONE',  ( 0.3251958763384975581, 34.68943655668596193, 337.6546290750304138 ) ) ;
#7262 = CARTESIAN_POINT ( 'NONE',  ( 0.000000000000000000, 40.74795199264384848, 79.83585004708851329 ) ) ;
#7263 = CARTESIAN_POINT ( 'NONE',  ( -2.803018829822022440, 44.55724347419683085, 262.7972038020103582 ) ) ;
#7264 = CARTESIAN_POINT ( 'NONE',  ( 5.444883378412440855, 37.42840340034359770, 307.1936396950425205 ) ) ;
#7265 = VERTEX_POINT ( 'NONE', #565 ) ;
#7266 = CARTESIAN_POINT ( 'NONE',  ( -8.786238924508403159, 31.04589379664952276, 360.9245426688382281 ) ) ;
#7267 = CARTESIAN_POINT ( 'NONE',  ( 54.57948805689258620, 2.996616612384304545, 392.2234430773698364 ) ) ;
#7268 = CARTESIAN_POINT ( 'NONE',  ( 2.109836334315450479, 3.066047688892955314, 514.8735652113953165 ) ) ;
#7269 = CARTESIAN_POINT ( 'NONE',  ( -3.330249002697990957, 35.63831496465098780, 329.6547892180511212 ) ) ;
#7270 = CARTESIAN_POINT ( 'NONE',  ( 26.90259563723897429, 22.45597626939203195, 379.1334722544182227 ) ) ;
#7271 = CARTESIAN_POINT ( 'NONE',  ( 6.775815138620812306, 36.42866256964166638, 321.6251546966759065 ) ) ;
#7272 = CARTESIAN_POINT ( 'NONE',  ( 9.789959243363554720, 38.48233284685087341, 331.4493103031244914 ) ) ;
#7273 = CARTESIAN_POINT ( 'NONE',  ( -5.464782804720388576, 189.1735176332723825, 267.2588841577981498 ) ) ;
#7274 = CARTESIAN_POINT ( 'NONE',  ( -30.96525200232735386, 39.95795575987726522, 255.8947551156230986 ) ) ;
#7275 = CARTESIAN_POINT ( 'NONE',  ( -1.797634613197362174, 24.83933354071738009, 4.965788233343842784 ) ) ;
#7276 = LINE ( 'NONE', #5349, #2342 ) ;
#7277 = CARTESIAN_POINT ( 'NONE',  ( 30.66779144528453216, 27.85807331192990688, 341.1944197405119894 ) ) ;
#7278 = CARTESIAN_POINT ( 'NONE',  ( 12.24542331509240611, 10.79387684120225543, -23.56345594219629547 ) ) ;
#7279 = ORIENTED_EDGE ( 'NONE', *, *, #5939, .T. ) ;
#7280 = CARTESIAN_POINT ( 'NONE',  ( -0.3106837330295226240, 30.18289463056250455, 370.1264766034963145 ) ) ;
#7281 = CARTESIAN_POINT ( 'NONE',  ( -43.02262224852426442, 26.34055992789926748, 309.7594641357410978 ) ) ;
#7282 = CARTESIAN_POINT ( 'NONE',  ( 5.437111639715280553, 36.94715430360461994, 317.6208986147023552 ) ) ;
#7283 = AXIS2_PLACEMENT_3D ( 'NONE', #5086, #3010, #7945 ) ;
#7284 = CARTESIAN_POINT ( 'NONE',  ( 35.46162105892823746, 29.08891985096003197, 315.0440944151107487 ) ) ;
#7285 = CARTESIAN_POINT ( 'NONE',  ( -0.4768778034924981979, 43.82595176198703513, 282.5822828858512139 ) ) ;
#7286 = DIRECTION ( 'NONE',  ( 1.000000000000000000, 0.000000000000000000, 0.000000000000000000 ) ) ;
#7287 = CARTESIAN_POINT ( 'NONE',  ( 1.183918801311972135, 45.32085597214526729, 261.4310968004870119 ) ) ;
#7288 = CARTESIAN_POINT ( 'NONE',  ( -53.41671992373075284, 4.732634878479694329, 384.7797939231693363 ) ) ;
#7289 = CARTESIAN_POINT ( 'NONE',  ( -2.738145295489130326, 44.80554920341130298, 262.6408565557158568 ) ) ;
#7290 = CARTESIAN_POINT ( 'NONE',  ( -5.438967330743619044, 37.16819898478736661, 315.6040503937272206 ) ) ;
#7291 = CARTESIAN_POINT ( 'NONE',  ( 1.436093927849406482, 36.00353229043267334, 354.6852225388742568 ) ) ;
#7292 = PLANE ( 'NONE',  #7583 ) ;
#7293 = ORIENTED_EDGE ( 'NONE', *, *, #6702, .T. ) ;
#7294 = CARTESIAN_POINT ( 'NONE',  ( 44.17636690321287318, 28.12182349060948994, 287.4621672562522576 ) ) ;
#7295 = AXIS2_PLACEMENT_3D ( 'NONE', #5706, #2949, #8434 ) ;
#7296 = CARTESIAN_POINT ( 'NONE',  ( 0.000000000000000000, 40.21921743771114421, 320.0002838484802510 ) ) ;
#7297 = CARTESIAN_POINT ( 'NONE',  ( 1.759861688543641334, 43.87780107569739840, 281.5963609325158359 ) ) ;
#7298 = CARTESIAN_POINT ( 'NONE',  ( -6.487716988803021501, 35.39682290674478793, 330.5148004460426137 ) ) ;
#7299 = CARTESIAN_POINT ( 'NONE',  ( -8.966662445442725726, 41.26731421385151322, 256.1377608585563053 ) ) ;
#7300 = CARTESIAN_POINT ( 'NONE',  ( 0.8666741317026296354, 31.46901978515835552, 29.51441602890792737 ) ) ;
#7301 = CARTESIAN_POINT ( 'NONE',  ( -3.690959457694359180, 43.98499257479614499, 279.3850310815437865 ) ) ;
#7302 = CARTESIAN_POINT ( 'NONE',  ( -0.1409280461110132554, 37.01133305596930967, 318.0847387524900682 ) ) ;
#7303 = CARTESIAN_POINT ( 'NONE',  ( 1.521982811203439923, 43.21336001861664045, 235.4766789910768807 ) ) ;
#7304 = CARTESIAN_POINT ( 'NONE',  ( 20.57488733737019970, 32.98606457870281616, 331.9950276550997614 ) ) ;
#7305 = EDGE_CURVE ( 'NONE', #90, #1926, #1465, .T. ) ;
#7306 = CARTESIAN_POINT ( 'NONE',  ( 2.650316221447130527, 28.51110833786872334, 17.25647961524052931 ) ) ;
#7307 = CARTESIAN_POINT ( 'NONE',  ( -8.135625068586310960, 20.98628724779928589, 417.5009044640527236 ) ) ;
#7308 = CARTESIAN_POINT ( 'NONE',  ( 8.487605466593290678E-15, 185.3346068197644740, 318.3147629942844219 ) ) ;
#7309 = EDGE_LOOP ( 'NONE', ( #3144, #8201 ) ) ;
#7310 = CARTESIAN_POINT ( 'NONE',  ( -27.31587659959020797, 25.96465283864284501, 360.8838523325129586 ) ) ;
#7311 = CARTESIAN_POINT ( 'NONE',  ( -0.6857961776820891142, 6.775705951531614701, 500.7587486378974972 ) ) ;
#7312 = CARTESIAN_POINT ( 'NONE',  ( 1.406557556210300319, 3.019610311274071535, 514.9300709948294070 ) ) ;
#7313 = CARTESIAN_POINT ( 'NONE',  ( 0.2572536983153615453, 36.37382078184086254, 323.7455776546479456 ) ) ;
#7314 = CARTESIAN_POINT ( 'NONE',  ( 3.205443357861069043, 26.56812441968474658, 391.5001068757327403 ) ) ;
#7315 = CARTESIAN_POINT ( 'NONE',  ( 28.78100391323621920, 31.56629901805736793, 319.6531557209709149 ) ) ;
#7316 = CARTESIAN_POINT ( 'NONE',  ( -7.500000000000000000, 23.09037415192560161, 413.8493118462999973 ) ) ;
#7317 = DIRECTION ( 'NONE',  ( 0.000000000000000000, -1.000000000000000000, 0.000000000000000000 ) ) ;
#7318 = CARTESIAN_POINT ( 'NONE',  ( 3.066662445549675375, 44.76024305243166168, 269.1130905223826062 ) ) ;
#7319 = CARTESIAN_POINT ( 'NONE',  ( -8.710178095437074219, 25.36043286045516609, 412.7342248038339676 ) ) ;
#7320 = CARTESIAN_POINT ( 'NONE',  ( 20.62407662905724592, 42.79110105320698665, 140.4219543533417607 ) ) ;
#7321 = EDGE_LOOP ( 'NONE', ( #1801, #5251, #4678, #1 ) ) ;
#7322 = DIRECTION ( 'NONE',  ( -0.000000000000000000, 0.000000000000000000, 1.000000000000000000 ) ) ;
#7323 = CARTESIAN_POINT ( 'NONE',  ( 0.04890074788760240265, 31.31193134710483861, 362.5527942998130015 ) ) ;
#7324 = CARTESIAN_POINT ( 'NONE',  ( -4.794837220817742995, 39.07387076540898363, 297.1387926429221693 ) ) ;
#7325 = CARTESIAN_POINT ( 'NONE',  ( 1.484400781209433751, 37.05968530741577638, 317.5805599710439537 ) ) ;
#7326 = CARTESIAN_POINT ( 'NONE',  ( 4.042248915920382935, 37.22373558533281823, 315.5743626547417762 ) ) ;
#7327 = CARTESIAN_POINT ( 'NONE',  ( 8.813344600305612175, 37.72961217953426427, 308.1860018406188715 ) ) ;
#7328 = CARTESIAN_POINT ( 'NONE',  ( 2.095153220187304655, 45.29740668779885482, 261.2122569988541159 ) ) ;
#7329 = CARTESIAN_POINT ( 'NONE',  ( 1.911239002401684761, 45.31119465368865917, 261.1144409139501477 ) ) ;
#7330 = CARTESIAN_POINT ( 'NONE',  ( -6.000466035610237725, 31.94043151699632688, 379.5629847736018405 ) ) ;
#7331 = CARTESIAN_POINT ( 'NONE',  ( -3.866804974384333349, 25.27179226668301126, 398.4427758839760259 ) ) ;
#7332 = CARTESIAN_POINT ( 'NONE',  ( -1.960246803595114162, 38.88192829466884604, 331.4493103029142276 ) ) ;
#7333 = CARTESIAN_POINT ( 'NONE',  ( -32.01819056073936309, 30.40763503508478394, 317.2608791603771010 ) ) ;
#7334 = CARTESIAN_POINT ( 'NONE',  ( 0.9419369969250757091, 38.87366631406933948, 332.0309586039868464 ) ) ;
#7335 = CARTESIAN_POINT ( 'NONE',  ( -2.534521413429140058, 44.60585899870691406, 262.3665751750081085 ) ) ;
#7336 = EDGE_LOOP ( 'NONE', ( #1163, #4474, #6385, #1518 ) ) ;
#7337 = CARTESIAN_POINT ( 'NONE',  ( 5.492088074802337516, 39.03454099034573943, 297.2196905161068798 ) ) ;
#7338 = CARTESIAN_POINT ( 'NONE',  ( 0.000000000000000000, 25.90249749234719445, 415.3909803479844527 ) ) ;
#7339 = CARTESIAN_POINT ( 'NONE',  ( 1.140964300750368920, 43.87208928827807597, 281.8505994916504847 ) ) ;
#7340 = ORIENTED_EDGE ( 'NONE', *, *, #1374, .T. ) ;
#7341 = CARTESIAN_POINT ( 'NONE',  ( 87.29032237503307101, -21.66930983638621200, 38.08868808560211505 ) ) ;
#7342 = CARTESIAN_POINT ( 'NONE',  ( 1.511843925738918237, 43.81822717882933205, 282.4186080299304535 ) ) ;
#7343 = CARTESIAN_POINT ( 'NONE',  ( -83.26671075213897666, 10.37568051067605523, 86.68462678675325606 ) ) ;
#7344 = CARTESIAN_POINT ( 'NONE',  ( 0.000000000000000000, 0.000000000000000000, 331.4493103031246051 ) ) ;
#7345 = CARTESIAN_POINT ( 'NONE',  ( 0.2557036851402565425, 37.01166911348784794, 318.0821064198339627 ) ) ;
#7346 = CARTESIAN_POINT ( 'NONE',  ( -7.800950797285817195, 41.80550658965579913, 256.1782277465683819 ) ) ;
#7347 = CARTESIAN_POINT ( 'NONE',  ( -7.500000000000000000, 22.01701753502480940, 413.0240909614261113 ) ) ;
#7348 = CARTESIAN_POINT ( 'NONE',  ( -83.26671075213897666, 10.37568051067605523, 86.68462678675325606 ) ) ;
#7349 = CARTESIAN_POINT ( 'NONE',  ( 0.2586489054086270611, 21.49231236919724353, 420.2456522028500672 ) ) ;
#7350 = CARTESIAN_POINT ( 'NONE',  ( 2.803018829822022440, 44.55724347419683085, 262.7972038020103582 ) ) ;
#7351 = CARTESIAN_POINT ( 'NONE',  ( -3.666662445442835150, 43.38720806061534319, 279.3396071913396668 ) ) ;
#7352 = CARTESIAN_POINT ( 'NONE',  ( -40.72807446020177480, 21.76833230153167165, 349.8567398098283547 ) ) ;
#7353 = CARTESIAN_POINT ( 'NONE',  ( 39.35302601131734690, 13.53690614029605221, 413.1562519541586767 ) ) ;
#7354 = EDGE_CURVE ( 'NONE', #7507, #5192, #8713, .T. ) ;
#7355 = CARTESIAN_POINT ( 'NONE',  ( -10.55815539007339510, 8.766027140151836150, 480.2865580578388176 ) ) ;
#7356 = CARTESIAN_POINT ( 'NONE',  ( -3.331484149466561018, 36.34004771059293404, 323.6748067001491336 ) ) ;
#7357 = CARTESIAN_POINT ( 'NONE',  ( -0.01192091607400923986, 25.37732506605132343, 399.1714532949405907 ) ) ;
#7358 = CARTESIAN_POINT ( 'NONE',  ( 16.99517643840934156, 35.39844600091343096, 319.6349484497377489 ) ) ;
#7359 = DIRECTION ( 'NONE',  ( 0.000000000000000000, -0.1897509006088693440, 0.9818322645534331983 ) ) ;
#7360 = LINE ( 'NONE', #516, #7670 ) ;
#7361 = FACE_OUTER_BOUND ( 'NONE', #2834, .T. ) ;
#7362 = ADVANCED_FACE ( 'NONE', ( #1234 ), #7993, .T. ) ;
#7363 = CARTESIAN_POINT ( 'NONE',  ( -33.03633095656162055, 21.02711613838863158, 389.0746662281788417 ) ) ;
#7364 = CARTESIAN_POINT ( 'NONE',  ( 150.0000000000000853, 15.27823658166833454, 249.4146832441057597 ) ) ;
#7365 = ORIENTED_EDGE ( 'NONE', *, *, #4025, .F. ) ;
#7366 = FILL_AREA_STYLE_COLOUR ( '', #3706 ) ;
#7367 = CARTESIAN_POINT ( 'NONE',  ( 40.73790662478028679, 22.67432860228998948, 344.3803557653831149 ) ) ;
#7368 = VECTOR ( 'NONE', #1381, 999.9999999999998863 ) ;
#7369 = CARTESIAN_POINT ( 'NONE',  ( -6.849662414670634192, 38.94422404780961244, 297.3819415605360064 ) ) ;
#7370 = CARTESIAN_POINT ( 'NONE',  ( 35.43842379820756605, 28.75040315735894225, 318.1173875092060825 ) ) ;
#7371 = CARTESIAN_POINT ( 'NONE',  ( 16.77160536706134408, 23.66358827007229948, 409.5034703614609839 ) ) ;
#7372 = CARTESIAN_POINT ( 'NONE',  ( -2.608041693207902689, 45.25236832345952109, 261.5778009512508788 ) ) ;
#7373 = CARTESIAN_POINT ( 'NONE',  ( -7.199780051661552882E-18, 38.16041641445455923, 331.4493103031246051 ) ) ;
#7374 = CARTESIAN_POINT ( 'NONE',  ( 0.5496791856790375075, 25.91683902096197656, 415.4374579817630888 ) ) ;
#7375 = CARTESIAN_POINT ( 'NONE',  ( 0.03910465210907790312, 27.84305921419934293, 384.8388928995736364 ) ) ;
#7376 = CARTESIAN_POINT ( 'NONE',  ( -2.545275847175124895, 44.80554920341130298, 262.3530602690576643 ) ) ;
#7377 = VECTOR ( 'NONE', #5206, 1000.000000000000000 ) ;
#7378 = CARTESIAN_POINT ( 'NONE',  ( -25.60890032301362496, 33.08038250605829944, 317.5049609526885206 ) ) ;
#7379 = CARTESIAN_POINT ( 'NONE',  ( -2.088373853475112618, 20.02118164067743322, 444.1606853142330920 ) ) ;
#7380 = CARTESIAN_POINT ( 'NONE',  ( -2.219870547111628678, 45.24267557617528013, 262.0242966991680760 ) ) ;
#7381 = ORIENTED_EDGE ( 'NONE', *, *, #4308, .T. ) ;
#7382 = CARTESIAN_POINT ( 'NONE',  ( 0.5075683812566659237, 39.95186052082210892, 288.1298410324791348 ) ) ;
#7383 = CARTESIAN_POINT ( 'NONE',  ( -7.500000000000000000, 23.25966121672881570, 402.6247220052615035 ) ) ;
#7384 = CARTESIAN_POINT ( 'NONE',  ( 6.132859819528112766, 28.43009116092171595, 399.5846028973078319 ) ) ;
#7385 = CARTESIAN_POINT ( 'NONE',  ( -7.911792547608027526, 35.18408221006665570, 331.4493103031245482 ) ) ;
#7386 = ORIENTED_EDGE ( 'NONE', *, *, #6540, .T. ) ;
#7387 = CARTESIAN_POINT ( 'NONE',  ( -13.31757694100388889, 34.77001419406999361, 330.0525742963007474 ) ) ;
#7388 = CLOSED_SHELL ( 'NONE', ( #1430, #318, #3352, #2208, #5335, #3292, #2415, #360, #3468, #5635, #4503, #6883, #2955, #2405, #2966, #1921, #1313, #5171 ) ) ;
#7389 = CARTESIAN_POINT ( 'NONE',  ( 48.93205100325172197, 30.65684697914166534, 280.3525527939733024 ) ) ;
#7390 = CARTESIAN_POINT ( 'NONE',  ( -3.035287670926654968, 31.01651801567224354, 29.24765051123930704 ) ) ;
#7391 = CARTESIAN_POINT ( 'NONE',  ( 7.500000000000011546, 23.60623429176625621, 404.9034496653230804 ) ) ;
#7392 = CARTESIAN_POINT ( 'NONE',  ( -33.66971017403685096, 29.46302173818713044, 318.8719375220778147 ) ) ;
#7393 = CARTESIAN_POINT ( 'NONE',  ( 36.65691253287026541, 33.32057269963603829, 264.0098665162666407 ) ) ;
#7394 = CARTESIAN_POINT ( 'NONE',  ( -7.846345050770216822, 46.81194873575534388, 182.9037947448233012 ) ) ;
#7395 = CARTESIAN_POINT ( 'NONE',  ( -0.4383766300862175225, 22.81473117536769735, 413.2454347021583203 ) ) ;
#7396 = CARTESIAN_POINT ( 'NONE',  ( 2.933270035642244089, 44.52538288001272804, 263.1104347775938663 ) ) ;
#7397 = DIRECTION ( 'NONE',  ( 0.000000000000000000, 0.000000000000000000, -1.000000000000000000 ) ) ;
#7398 = CARTESIAN_POINT ( 'NONE',  ( -15.98901813891774637, 30.19173600631316390, 358.8768477598030131 ) ) ;
#7399 = CARTESIAN_POINT ( 'NONE',  ( -1.717673231772173903, 23.13963299835682719, 429.9848877918320227 ) ) ;
#7400 = CARTESIAN_POINT ( 'NONE',  ( 1.287102454013295816, 13.83400975319627690, 472.5008445009838169 ) ) ;
#7401 = CARTESIAN_POINT ( 'NONE',  ( -5.435042908008066220, 36.26868153258818950, 323.6300679386905585 ) ) ;
#7402 = CARTESIAN_POINT ( 'NONE',  ( 24.98650344971703063, 20.41701321973343752, 392.2860190571735757 ) ) ;
#7403 = CARTESIAN_POINT ( 'NONE',  ( 30.39095678159679181, 30.27990992004582438, 324.4653953118520349 ) ) ;
#7404 = CARTESIAN_POINT ( 'NONE',  ( 0.4873802908429390457, 45.38535174973728914, 260.7910082619118839 ) ) ;
#7405 = LINE ( 'NONE', #8578, #6244 ) ;
#7406 = EDGE_CURVE ( 'NONE', #6612, #90, #7276, .T. ) ;
#7407 = CARTESIAN_POINT ( 'NONE',  ( 7.500000000000000000, 20.81336334461917303, 425.6312990209411282 ) ) ;
#7408 = CARTESIAN_POINT ( 'NONE',  ( -10.04009983965374175, 25.12066313880340829, 412.3579344221037104 ) ) ;
#7409 = VERTEX_POINT ( 'NONE', #433 ) ;
#7410 = ORIENTED_EDGE ( 'NONE', *, *, #1435, .T. ) ;
#7411 = CARTESIAN_POINT ( 'NONE',  ( -1.733348263405259271, 31.56952604277959296, 29.57366796039476498 ) ) ;
#7412 = ORIENTED_EDGE ( 'NONE', *, *, #7655, .F. ) ;
#7413 = EDGE_CURVE ( 'NONE', #6225, #5353, #5936, .T. ) ;
#7414 = DIRECTION ( 'NONE',  ( 0.000000000000000000, 0.000000000000000000, -1.000000000000000000 ) ) ;
#7415 = CARTESIAN_POINT ( 'NONE',  ( 8.786238924508403159, 31.04589379664952276, 360.9245426688382281 ) ) ;
#7416 = CARTESIAN_POINT ( 'NONE',  ( -13.01596247217429969, 38.29516664298355266, 298.2045327966661148 ) ) ;
#7417 = CARTESIAN_POINT ( 'NONE',  ( 5.436808360631050441, 36.89136928395996051, 318.1240997071393508 ) ) ;
#7418 = DIRECTION ( 'NONE',  ( 6.403569081242488475E-15, -0.07497872682632605867, 0.9971851335251158410 ) ) ;
#7419 = EDGE_CURVE ( 'NONE', #6344, #4532, #1968, .T. ) ;
#7420 = DIRECTION ( 'NONE',  ( 0.000000000000000000, 0.000000000000000000, -1.000000000000000000 ) ) ;
#7421 = CARTESIAN_POINT ( 'NONE',  ( 150.0000000000000284, -0.1700441024495829567, 208.5255278475402463 ) ) ;
#7422 = CARTESIAN_POINT ( 'NONE',  ( 1.145115487848116009, 23.11885975406494254, 429.9532895041899678 ) ) ;
#7423 = CARTESIAN_POINT ( 'NONE',  ( -15.52874890721031065, 26.65685901652184242, 379.5715231135860677 ) ) ;
#7424 = CARTESIAN_POINT ( 'NONE',  ( -3.066662445442833729, 41.65491474906183811, 263.9480980988759597 ) ) ;
#7425 = CARTESIAN_POINT ( 'NONE',  ( -20.61859960489097077, 34.78786833289970559, 316.9334412143517170 ) ) ;
#7426 = CARTESIAN_POINT ( 'NONE',  ( -2.172075125309121724, 16.89621306203804707, 458.4249543244469578 ) ) ;
#7427 = CARTESIAN_POINT ( 'NONE',  ( 48.93205100325172197, 30.70202150165685495, 280.3525527939733024 ) ) ;
#7428 = ORIENTED_EDGE ( 'NONE', *, *, #1435, .F. ) ;
#7429 = CARTESIAN_POINT ( 'NONE',  ( 13.17439058497951798, 38.93934357421444048, 290.1671778121276475 ) ) ;
#7430 = LINE ( 'NONE', #1257, #3888 ) ;
#7431 = CARTESIAN_POINT ( 'NONE',  ( -24.92671837744265773, 38.61683559630560580, 254.8002440813297369 ) ) ;
#7432 = CARTESIAN_POINT ( 'NONE',  ( 0.000000000000000000, 13.75622029850556061, 472.5436863909573617 ) ) ;
#7433 = CARTESIAN_POINT ( 'NONE',  ( -25.03827203090105868, 31.61797655454644840, 331.4493103031246619 ) ) ;
#7434 = ORIENTED_EDGE ( 'NONE', *, *, #1644, .F. ) ;
#7435 = CARTESIAN_POINT ( 'NONE',  ( -2.857415808226826837, -9.927841435840775830, -61.03830314543180435 ) ) ;
#7436 = VECTOR ( 'NONE', #1351, 1000.000000000000000 ) ;
#7437 = CARTESIAN_POINT ( 'NONE',  ( 47.11137557185369218, 28.49921926414125295, 310.2127205688364029 ) ) ;
#7438 = CARTESIAN_POINT ( 'NONE',  ( -59.97550560955480847, 34.43158503966466810, 201.9292928342558184 ) ) ;
#7439 = CARTESIAN_POINT ( 'NONE',  ( 0.000000000000000000, 43.23531604227880365, 281.9339774583896769 ) ) ;
#7440 = CARTESIAN_POINT ( 'NONE',  ( -4.040658185271224667, 36.94493476229907003, 318.1130931486105737 ) ) ;
#7441 = CARTESIAN_POINT ( 'NONE',  ( 35.68184258407477927, 34.27231403878700888, 255.9538952955187199 ) ) ;
#7442 = AXIS2_PLACEMENT_3D ( 'NONE', #7871, #2561, #5861 ) ;
#7443 = CARTESIAN_POINT ( 'NONE',  ( -1.897151511910303734, 46.91140964979707206, 229.3722862163716343 ) ) ;
#7444 = CARTESIAN_POINT ( 'NONE',  ( -2.737942552675891594, 20.88679572981984478, -7.018861411523644733 ) ) ;
#7445 = CARTESIAN_POINT ( 'NONE',  ( -7.500000000000000000, 23.25966121672881570, 402.6247220052615035 ) ) ;
#7446 = CARTESIAN_POINT ( 'NONE',  ( 2.575276621184612036E-14, 35.46042503095549847, 331.4493103031279588 ) ) ;
#7447 = CARTESIAN_POINT ( 'NONE',  ( 43.75445932639104285, 25.75585501620750151, 334.4493103031246051 ) ) ;
#7448 = CARTESIAN_POINT ( 'NONE',  ( 0.04690517773315821398, 31.31157128079695795, 362.5648440731657161 ) ) ;
#7449 = CARTESIAN_POINT ( 'NONE',  ( 149.9999999999996589, 3.010335517173705178, 393.8851699768119943 ) ) ;
#7450 = CIRCLE ( 'NONE', #3581, 1.000000000000000888 ) ;
#7451 = CARTESIAN_POINT ( 'NONE',  ( 42.75445932639104285, 25.75585501620750151, 334.4493103031246051 ) ) ;
#7452 = CARTESIAN_POINT ( 'NONE',  ( -35.43250072702144138, 28.03169130839553702, 324.1986033674543819 ) ) ;
#7453 = CARTESIAN_POINT ( 'NONE',  ( -0.4139405852726348312, 22.83636545478847424, 413.3279014844689527 ) ) ;
#7454 = CARTESIAN_POINT ( 'NONE',  ( -0.05643846390702839805, 36.13785311389263200, 325.7655574851256688 ) ) ;
#7455 = CARTESIAN_POINT ( 'NONE',  ( 7.832022336487479919, 38.63845375602138432, 331.4493103031247756 ) ) ;
#7456 = CARTESIAN_POINT ( 'NONE',  ( 1.902130867737947373, -5.765155448703533914, -56.51890096845753675 ) ) ;
#7457 = CARTESIAN_POINT ( 'NONE',  ( 3.066662445442831952, 44.13217985922651110, 269.0809858295829713 ) ) ;
#7458 = ORIENTED_EDGE ( 'NONE', *, *, #3340, .F. ) ;
#7459 = ORIENTED_EDGE ( 'NONE', *, *, #8572, .F. ) ;
#7460 = CARTESIAN_POINT ( 'NONE',  ( -1.578577519813644470, 40.94661473732806911, 79.90822356737034227 ) ) ;
#7461 = ORIENTED_EDGE ( 'NONE', *, *, #910, .T. ) ;
#7462 = CARTESIAN_POINT ( 'NONE',  ( 3.852359222602249389, 30.13735735602116250, 369.4496575011598907 ) ) ;
#7463 = CARTESIAN_POINT ( 'NONE',  ( -13.33281869778470785, 39.58352050544532830, 282.1298228275890665 ) ) ;
#7464 = CARTESIAN_POINT ( 'NONE',  ( 33.67085655245560361, 29.50731058893526182, 318.4804270488016869 ) ) ;
#7465 = CARTESIAN_POINT ( 'NONE',  ( -2.063807534392889220, 40.44237786041291116, 281.4147580649274687 ) ) ;
#7466 = CARTESIAN_POINT ( 'NONE',  ( -3.697024062231993202, 45.05106493880017382, 263.9854789025636137 ) ) ;
#7467 = CARTESIAN_POINT ( 'NONE',  ( 28.62580084016314075, -19.75740349066564150, -50.39037838586354923 ) ) ;
#7468 = CARTESIAN_POINT ( 'NONE',  ( 0.000000000000000000, 28.59958286175763931, 400.6555249589480923 ) ) ;
#7469 = CARTESIAN_POINT ( 'NONE',  ( -13.61334079691739696, 26.93603821695189637, 380.4652544938508072 ) ) ;
#7470 = CARTESIAN_POINT ( 'NONE',  ( 40.75840335305477424, 25.18583707455381671, 327.5034496081529483 ) ) ;
#7471 = ORIENTED_EDGE ( 'NONE', *, *, #4355, .F. ) ;
#7472 = EDGE_CURVE ( 'NONE', #1193, #6041, #7548, .T. ) ;
#7473 = CARTESIAN_POINT ( 'NONE',  ( -30.40299130320946830, 31.12672570848720710, 317.2151381025610135 ) ) ;
#7474 = DIRECTION ( 'NONE',  ( 9.973355644803246975E-05, 0.000000000000000000, 0.9999999950266088566 ) ) ;
#7475 = ORIENTED_EDGE ( 'NONE', *, *, #7791, .T. ) ;
#7476 = CARTESIAN_POINT ( 'NONE',  ( -0.09048681301802950772, 39.96454296043389576, 288.0646019452386213 ) ) ;
#7477 = CARTESIAN_POINT ( 'NONE',  ( 1.769049283930309580, 43.22627769079308990, 281.5912485483776209 ) ) ;
#7478 = DIRECTION ( 'NONE',  ( -6.590423098898467265E-17, 0.9971851335251158410, 0.07497872682632604480 ) ) ;
#7479 = CARTESIAN_POINT ( 'NONE',  ( -18.60026008370048700, 40.08666765134678656, 259.3263284383656355 ) ) ;
#7480 = CARTESIAN_POINT ( 'NONE',  ( 2.253861092064105787, 13.62000221831030800, 472.6187073565538412 ) ) ;
#7481 = EDGE_CURVE ( 'NONE', #1262, #6554, #8909, .T. ) ;
#7482 = ORIENTED_EDGE ( 'NONE', *, *, #6226, .T. ) ;
#7483 = CARTESIAN_POINT ( 'NONE',  ( -1.902130867737947373, -5.765155448703533914, -56.51890096845753675 ) ) ;
#7484 = CARTESIAN_POINT ( 'NONE',  ( -36.75268003405158623, 33.63845455769086357, 258.3056080846876625 ) ) ;
#7485 = CARTESIAN_POINT ( 'NONE',  ( -2.613339197210340359, 43.38578146962264270, 105.1797038346670092 ) ) ;
#7486 = CARTESIAN_POINT ( 'NONE',  ( -7.189961064043363770, -9.266056063442162483, 554.1745012121198215 ) ) ;
#7487 = CARTESIAN_POINT ( 'NONE',  ( -42.93688162801674935, 25.37051029657303047, 318.5810812356139650 ) ) ;
#7488 = CARTESIAN_POINT ( 'NONE',  ( 1.083673773743405233, 42.42478592984299723, 253.3558528439344570 ) ) ;
#7489 = CARTESIAN_POINT ( 'NONE',  ( 1.232214472287483709, 47.77296557967702739, 180.4880816561268375 ) ) ;
#7490 = CARTESIAN_POINT ( 'NONE',  ( -0.7892887599068222348, 40.84728336498595525, 79.87203680722943488 ) ) ;
#7491 = CARTESIAN_POINT ( 'NONE',  ( 0.6152777054237242860, 24.13516317393845512, 406.3469423368143794 ) ) ;
#7492 = CARTESIAN_POINT ( 'NONE',  ( -8.966662445442949547, 39.51599730184516091, 290.2403783310925860 ) ) ;
#7493 = CARTESIAN_POINT ( 'NONE',  ( -0.1190083324558532801, 33.48648142753587820, 347.0666598376545267 ) ) ;
#7494 = CARTESIAN_POINT ( 'NONE',  ( 7.182069076493386106, -7.765377059782173852, 549.2849336186909568 ) ) ;
#7495 = CARTESIAN_POINT ( 'NONE',  ( -150.0000000000000284, -0.1700441024495829567, 208.5255278475402463 ) ) ;
#7496 = B_SPLINE_CURVE_WITH_KNOTS ( 'NONE', 3,
 ( #623, #2798, #1247, #717, #7559, #1391, #4155, #6754, #4013, #6706 ),
 .UNSPECIFIED., .F., .F.,
 ( 4, 2, 2, 2, 4 ),
 ( 0.05915213517726548853, 0.06558017554722538056, 0.07200821591718528647, 0.08486429665710523707, 0.1105764581369453325 ),
 .UNSPECIFIED. ) ;
#7497 = CARTESIAN_POINT ( 'NONE',  ( 0.4587559095048560631, 36.13675077300460003, 325.7763156510006866 ) ) ;
#7498 = CARTESIAN_POINT ( 'NONE',  ( 28.20735818494363656, 19.41149289596812721, 389.7933980409662809 ) ) ;
#7499 = CARTESIAN_POINT ( 'NONE',  ( 5.435042908008073326, 36.26868153258818239, 323.6300679386905585 ) ) ;
#7500 = CARTESIAN_POINT ( 'NONE',  ( -0.004055898084560424256, 45.36649279631252085, 261.3537278318254948 ) ) ;
#7501 = CARTESIAN_POINT ( 'NONE',  ( 2.865643619534015141, -19.79597498845155457, -71.17153684286878956 ) ) ;
#7502 = CARTESIAN_POINT ( 'NONE',  ( 3.066662445596975317, 44.40259241947622115, 274.2481431840946016 ) ) ;
#7503 = LINE ( 'NONE', #2833, #4370 ) ;
#7504 = ORIENTED_EDGE ( 'NONE', *, *, #7534, .T. ) ;
#7505 = ORIENTED_EDGE ( 'NONE', *, *, #3685, .T. ) ;
#7506 = CARTESIAN_POINT ( 'NONE',  ( 2.764266699687509821, 40.40007119318590156, 79.70911587689846556 ) ) ;
#7507 = VERTEX_POINT ( 'NONE', #6971 ) ;
#7508 = CARTESIAN_POINT ( 'NONE',  ( -0.4298313920803267796, 29.01419803116523966, 377.5148159217789612 ) ) ;
#7509 = CARTESIAN_POINT ( 'NONE',  ( -0.2760104287935247203, 41.34495362190272516, 270.8442812721518180 ) ) ;
#7510 = CARTESIAN_POINT ( 'NONE',  ( 12.86545686490334361, 36.20886351357011534, 318.6724114054666757 ) ) ;
#7511 = CARTESIAN_POINT ( 'NONE',  ( 48.25507873125059888, 27.77445928117071716, 273.6102243495645325 ) ) ;
#7512 = CARTESIAN_POINT ( 'NONE',  ( -0.6991379379944844263, 45.37802826728650274, 260.7908959153720616 ) ) ;
#7513 = CARTESIAN_POINT ( 'NONE',  ( -10.33871703697185751, 45.04308650193983254, 255.0493123543488423 ) ) ;
#7514 = CARTESIAN_POINT ( 'NONE',  ( -36.39338372330776394, -3.366029079672264057, 468.1666420047091037 ) ) ;
#7515 = CARTESIAN_POINT ( 'NONE',  ( -3.861106001652228059, 26.54409498828376712, 391.3327584921660218 ) ) ;
#7516 = CARTESIAN_POINT ( 'NONE',  ( 18.12906212593901145, 33.93650577562220860, 329.6662548574040557 ) ) ;
#7517 = ORIENTED_EDGE ( 'NONE', *, *, #1752, .F. ) ;
#7518 = VECTOR ( 'NONE', #836, 1000.000000000000000 ) ;
#7519 = CARTESIAN_POINT ( 'NONE',  ( -20.62216986989061596, 34.88724270140198058, 316.0293447587930586 ) ) ;
#7520 = DIRECTION ( 'NONE',  ( -0.000000000000000000, -0.000000000000000000, -1.000000000000000000 ) ) ;
#7521 = VERTEX_POINT ( 'NONE', #2739 ) ;
#7522 = CARTESIAN_POINT ( 'NONE',  ( 48.35050290938605855, 25.53063939207156352, 299.5956745010770419 ) ) ;
#7523 = CARTESIAN_POINT ( 'NONE',  ( 1.323505920743789366E-13, 38.16255300590657384, 307.2488406811531263 ) ) ;
#7524 = FACE_OUTER_BOUND ( 'NONE', #5797, .T. ) ;
#7525 = CARTESIAN_POINT ( 'NONE',  ( -3.547279390353612172, 42.27028951869660744, 253.9134071075900749 ) ) ;
#7526 = ADVANCED_FACE ( 'NONE', ( #7597 ), #7951, .T. ) ;
#7527 = CARTESIAN_POINT ( 'NONE',  ( -2.109836334315450479, 3.066047688892955314, 514.8735652113953165 ) ) ;
#7528 = VERTEX_POINT ( 'NONE', #4725 ) ;
#7529 = CARTESIAN_POINT ( 'NONE',  ( -1.907686475920280733, -14.87480540429338483, -66.10224707556027113 ) ) ;
#7530 = CARTESIAN_POINT ( 'NONE',  ( -10.36385552436991198, 41.61507483986792266, 255.0493123534504605 ) ) ;
#7531 = CARTESIAN_POINT ( 'NONE',  ( -35.01752991695695272, 32.51907575435107844, 283.3114913455990518 ) ) ;
#7532 = CARTESIAN_POINT ( 'NONE',  ( -2.972288463451770113, 33.79696142559792804, 41.75401259452486613 ) ) ;
#7534 = EDGE_CURVE ( 'NONE', #5586, #5938, #793, .T. ) ;
#7533 = DIRECTION ( 'NONE',  ( 1.000000000000000000, 1.032216994246328461E-12, -5.341023129373435147E-12 ) ) ;
#7535 = CARTESIAN_POINT ( 'NONE',  ( 23.00640230705646871, 39.22903829534686082, 253.5751152741832470 ) ) ;
#7536 = CARTESIAN_POINT ( 'NONE',  ( 0.000000000000000000, 43.71089409265118064, 105.2394046492437667 ) ) ;
#7537 = CARTESIAN_POINT ( 'NONE',  ( 54.00102207192544768, 15.29528807115969968, 241.2492155879526479 ) ) ;
#7538 = CARTESIAN_POINT ( 'NONE',  ( -14.94162143225504025, 22.80117190232989444, 399.6815815837805985 ) ) ;
#7539 = CARTESIAN_POINT ( 'NONE',  ( 38.08257709996741625, 19.10431350922074856, 370.1095685422583301 ) ) ;
#7540 = CARTESIAN_POINT ( 'NONE',  ( -1.767938450803772987, 33.48600372853083940, 346.8928188639632140 ) ) ;
#7541 = CARTESIAN_POINT ( 'NONE',  ( 35.61029944830622895, -13.34155306713987343, 501.3379992237896090 ) ) ;
#7542 = CARTESIAN_POINT ( 'NONE',  ( 3.066662445442833729, 110.3999999999999773, 279.3396071913396668 ) ) ;
#7543 = CARTESIAN_POINT ( 'NONE',  ( -23.99758239706935825, 33.04575354886610938, 323.1049812536527384 ) ) ;
#7544 = CARTESIAN_POINT ( 'NONE',  ( 5.162956733033042589, 23.94007429252476982, 405.1887286344602899 ) ) ;
#7545 = CARTESIAN_POINT ( 'NONE',  ( 0.5267691505645178962, 36.13831788522318789, 325.7494044025599464 ) ) ;
#7546 = CARTESIAN_POINT ( 'NONE',  ( -56.52914563521074598, -13.16024702830548954, 195.5971044673015626 ) ) ;
#7547 = DIRECTION ( 'NONE',  ( -0.000000000000000000, -0.9971851335251159520, -0.07497872682632604480 ) ) ;
#7548 = LINE ( 'NONE', #705, #7368 ) ;
#7549 = ORIENTED_EDGE ( 'NONE', *, *, #7413, .T. ) ;
#7550 = ORIENTED_EDGE ( 'NONE', *, *, #4513, .F. ) ;
#7551 = CARTESIAN_POINT ( 'NONE',  ( -0.9785259520414012480, 44.46994292845445074, 275.6022355444260938 ) ) ;
#7552 = CARTESIAN_POINT ( 'NONE',  ( 0.4710613374965885169, 34.68548939295244793, 337.7106459218928194 ) ) ;
#7553 = CARTESIAN_POINT ( 'NONE',  ( 2.497939340393152463, 28.98902171812535755, 377.0706807968492171 ) ) ;
#7554 = CARTESIAN_POINT ( 'NONE',  ( -34.27905014441919462, 31.63810148891824880, 296.0322606672453958 ) ) ;
#7555 = CARTESIAN_POINT ( 'NONE',  ( 8.063538007752566017, 36.73086603395776706, 318.1463401903742465 ) ) ;
#7556 = CARTESIAN_POINT ( 'NONE',  ( -1.990035876832872974, 37.85372335818138367, 310.2340881002598962 ) ) ;
#7557 = B_SPLINE_CURVE_WITH_KNOTS ( 'NONE', 3,
 ( #4165, #8334, #2894, #5513, #2170, #4254, #137, #7477, #1354, #726, #3390, #5468, #6857, #8240 ),
 .UNSPECIFIED., .F., .F.,
 ( 4, 2, 2, 2, 2, 2, 4 ),
 ( -5.999999996765739151E-08, 0.001022544891851613407, 0.002045149783703194366, 0.002556452229628984087, 0.003067754675554774674, 0.003579057121480564395, 0.004090359567406354549 ),
 .UNSPECIFIED. ) ;
#7558 = CARTESIAN_POINT ( 'NONE',  ( 5.509241318674111968E-10, 38.88521462212378310, 331.4493103003381975 ) ) ;
#7559 = CARTESIAN_POINT ( 'NONE',  ( 46.05986017187403547, 24.03220020951595259, 320.8433875065402958 ) ) ;
#7560 = CARTESIAN_POINT ( 'NONE',  ( 2.057388533046267121, 6.867330383723285969, 500.6602980566781298 ) ) ;
#7561 = CARTESIAN_POINT ( 'NONE',  ( -7.427903376031997240, 26.35203350465783245, 390.1661857206512423 ) ) ;
#7562 = CARTESIAN_POINT ( 'NONE',  ( 26.19620995199198177, 31.50133064195875932, 328.8997939103441013 ) ) ;
#7563 = ORIENTED_EDGE ( 'NONE', *, *, #3679, .T. ) ;
#7564 = CARTESIAN_POINT ( 'NONE',  ( -32.02261671216020034, 30.49628130475826993, 316.4621750658965880 ) ) ;
#7565 = CARTESIAN_POINT ( 'NONE',  ( 8.966662445442736384, 189.1735176332723825, 267.2588841577982066 ) ) ;
#7566 =( BOUNDED_SURFACE ( )  B_SPLINE_SURFACE ( 3, 2, ( 
 ( #2345, #189, #6453 ),
 ( #4305, #3028, #2943 ),
 ( #6329, #6999, #274 ),
 ( #5104, #5699, #7833 ),
 ( #8428, #4937, #2902 ),
 ( #7750, #5658, #3663 ),
 ( #8385, #6412, #231 ),
 ( #7335, #315, #1893 ),
 ( #447, #5321, #6626 ),
 ( #3879, #7380, #2565 ),
 ( #1800, #3245, #4518 ),
 ( #3067, #494, #2432 ),
 ( #5908, #7205, #1713 ),
 ( #8641, #1162, #405 ),
 ( #7248, #1071, #3925 ),
 ( #6668, #1755, #3111 ) ),
 .UNSPECIFIED., .F., .F., .F. ) 
 B_SPLINE_SURFACE_WITH_KNOTS ( ( 4, 2, 2, 2, 2, 2, 2, 4 ),
 ( 3, 3 ),
 ( 5.551115123125782702E-17, 0.0006267024524962995762, 0.001253404904992543641, 0.001880107357488787706, 0.002506809809985031771, 0.003133512262481276053, 0.003760214714977519902, 0.005013619619970008032 ),
 ( 0.000000000000000000, 1.000000000000000000 ),
 .UNSPECIFIED. ) 
 GEOMETRIC_REPRESENTATION_ITEM ( )  RATIONAL_B_SPLINE_SURFACE ( (
 ( 1.000000000000000000, 0.6889837825926716786, 1.000000000000000000),
 ( 1.000000000000000000, 0.6904419613858812088, 1.000000000000000000),
 ( 1.000000000000000000, 0.6920086246194092627, 1.000000000000000000),
 ( 1.000000000000000000, 0.6953848213403404088, 1.000000000000000000),
 ( 1.000000000000000000, 0.6972164017698136984, 1.000000000000000000),
 ( 1.000000000000000000, 0.7010327295525833335, 1.000000000000000000),
 ( 1.000000000000000000, 0.7029659783747898016, 1.000000000000000000),
 ( 1.000000000000000000, 0.7068937828519433753, 1.000000000000000000),
 ( 1.000000000000000000, 0.7088910249766239291, 1.000000000000000000),
 ( 1.000000000000000000, 0.7127865484966334764, 1.000000000000000000),
 ( 1.000000000000000000, 0.7146546384849963296, 1.000000000000000000),
 ( 1.000000000000000000, 0.7182444799510590006, 1.000000000000000000),
 ( 1.000000000000000000, 0.7199221191677273035, 1.000000000000000000),
 ( 1.000000000000000000, 0.7245707108718775213, 1.000000000000000000),
 ( 1.000000000000000000, 0.7270493112293880955, 1.000000000000000000),
 ( 1.000000000000000000, 0.7287434562804826488, 1.000000000000000000) ) ) 
 REPRESENTATION_ITEM ( '' )  SURFACE ( )  );
#7567 = ORIENTED_EDGE ( 'NONE', *, *, #3887, .T. ) ;
#7568 = CARTESIAN_POINT ( 'NONE',  ( 30.49077057673785518, 32.09049804980521969, 308.2457320408928467 ) ) ;
#7569 = CARTESIAN_POINT ( 'NONE',  ( -32.81798353628519038, 17.07507645727016765, 389.8238467764120401 ) ) ;
#7570 = CARTESIAN_POINT ( 'NONE',  ( -5.444883378412440855, 37.42840340034359770, 307.1936396950425205 ) ) ;
#7571 = CARTESIAN_POINT ( 'NONE',  ( -4.407139931267885835, 42.64367483429248296, 245.2770666797815693 ) ) ;
#7572 = CARTESIAN_POINT ( 'NONE',  ( -0.5962991954493902513, 20.14399605289213824, 444.2252999659614829 ) ) ;
#7573 = CARTESIAN_POINT ( 'NONE',  ( -1.979833483100076341, 35.45668130126210116, 331.4493103031245482 ) ) ;
#7574 = EDGE_LOOP ( 'NONE', ( #3980, #7461, #4775, #1771 ) ) ;
#7575 = CARTESIAN_POINT ( 'NONE',  ( 86.59048839564125899, -5.768153520067688333, 55.25887913199452584 ) ) ;
#7576 = CARTESIAN_POINT ( 'NONE',  ( -0.4666624454428923707, 41.94217851116191298, 261.3537278318258927 ) ) ;
#7577 = CARTESIAN_POINT ( 'NONE',  ( 0.5291820772451758526, 37.18069028907666507, 316.5383841503737017 ) ) ;
#7578 = CARTESIAN_POINT ( 'NONE',  ( -35.53366736465952158, 32.81791990322941643, 276.8912914085780699 ) ) ;
#7579 = CARTESIAN_POINT ( 'NONE',  ( -150.0000000000000568, 14.41729715668834189, 243.9122022442739706 ) ) ;
#7580 = CARTESIAN_POINT ( 'NONE',  ( -1.203986708643585412E-14, 110.3999999999999773, 281.9339774583896769 ) ) ;
#7581 = CARTESIAN_POINT ( 'NONE',  ( 3.604372715289755114, 42.71168264106030676, 245.0373347805172557 ) ) ;
#7582 = CARTESIAN_POINT ( 'NONE',  ( -22.01802724243391651, 40.49517762205267246, 116.2537897038075414 ) ) ;
#7583 = AXIS2_PLACEMENT_3D ( 'NONE', #3786, #2521, #3832 ) ;
#7584 = CARTESIAN_POINT ( 'NONE',  ( -1.974914245429317816, 47.28203194932483200, 155.6413165022189844 ) ) ;
#7585 = CARTESIAN_POINT ( 'NONE',  ( -1.433485135060372340, 22.78504999724551894, 413.1132707512498428 ) ) ;
#7586 = DIRECTION ( 'NONE',  ( 0.000000000000000000, 0.000000000000000000, -1.000000000000000000 ) ) ;
#7587 = CARTESIAN_POINT ( 'NONE',  ( -3.178232690661065174, 33.47138868515199306, 346.7317708645736047 ) ) ;
#7588 = CARTESIAN_POINT ( 'NONE',  ( -0.7257656490961721385, -4.623702357734425838, 541.5260409447616894 ) ) ;
#7589 = AXIS2_PLACEMENT_3D ( 'NONE', #3554, #3638, #32 ) ;
#7590 = EDGE_CURVE ( 'NONE', #613, #7409, #7503, .T. ) ;
#7591 = CARTESIAN_POINT ( 'NONE',  ( -3.345376087531854115, -19.80729880530915210, -71.09459982090788799 ) ) ;
#7592 = CARTESIAN_POINT ( 'NONE',  ( -8.062246922120213100, 36.34231597122485624, 321.6099997728333051 ) ) ;
#7593 = CARTESIAN_POINT ( 'NONE',  ( 0.02943040822820103264, 24.12234222803320094, 406.2812139873414026 ) ) ;
#7594 = CARTESIAN_POINT ( 'NONE',  ( 27.20210130925716285, 31.64096457112983884, 324.6400045116122897 ) ) ;
#7595 = CARTESIAN_POINT ( 'NONE',  ( -28.62580084016314075, -19.75740349066564150, -50.39037838586354923 ) ) ;
#7596 = CARTESIAN_POINT ( 'NONE',  ( 7.199780051661552882E-18, 36.16042726719889799, 331.4493103031246051 ) ) ;
#7597 = FACE_OUTER_BOUND ( 'NONE', #1398, .T. ) ;
#7598 = VECTOR ( 'NONE', #3, 1000.000000000000000 ) ;
#7599 = ORIENTED_EDGE ( 'NONE', *, *, #5444, .T. ) ;
#7600 = VERTEX_POINT ( 'NONE', #1473 ) ;
#7601 = CARTESIAN_POINT ( 'NONE',  ( 149.9999999999993463, 17.13590603533871715, 269.4952211729575993 ) ) ;
#7602 = AXIS2_PLACEMENT_3D ( 'NONE', #1054, #5764, #5934 ) ;
#7603 = CARTESIAN_POINT ( 'NONE',  ( -1.853068235683995146, 34.68547100351101875, 337.5400489064907106 ) ) ;
#7604 = CARTESIAN_POINT ( 'NONE',  ( 20.89464278481698756, 26.74317544494449805, 370.2733164743508496 ) ) ;
#7605 = CARTESIAN_POINT ( 'NONE',  ( -26.17358023282846702, 35.32207058706646308, 293.5198995540798137 ) ) ;
#7606 = CARTESIAN_POINT ( 'NONE',  ( 0.5290742816893353462, 37.01025619127207733, 318.0873815798667010 ) ) ;
#7607 = CARTESIAN_POINT ( 'NONE',  ( -0.4666624454429351143, 43.22798668596866634, 281.9339774583893927 ) ) ;
#7608 = CARTESIAN_POINT ( 'NONE',  ( 48.87816136809507128, 30.93801334373173617, 276.9352209232532687 ) ) ;
#7609 = CARTESIAN_POINT ( 'NONE',  ( 0.000000000000000000, -8.574914396861032628, -59.59239050809556204 ) ) ;
#7610 = CARTESIAN_POINT ( 'NONE',  ( -2.512478394710995655, -1.256705077567221052, 529.6245464009108446 ) ) ;
#7611 = CARTESIAN_POINT ( 'NONE',  ( -0.2677481827230482891, 29.01225282582453247, 377.4247526816681102 ) ) ;
#7612 = CARTESIAN_POINT ( 'NONE',  ( 8.920659621106814541, 35.23999477249464718, 330.3619363950559205 ) ) ;
#7613 = MANIFOLD_SOLID_BREP ( 'Zapas-PRINT 2025 — pins-1', #3801 ) ;
#7614 = VERTEX_POINT ( 'NONE', #2018 ) ;
#7615 = CARTESIAN_POINT ( 'NONE',  ( -7.433710307613464963, 37.15999761884188501, 314.6488765593522885 ) ) ;
#7616 = CARTESIAN_POINT ( 'NONE',  ( 22.44608577950186401, 35.34350814463668655, 307.1654809312062184 ) ) ;
#7617 = CARTESIAN_POINT ( 'NONE',  ( -28.86897637538965355, 17.03313241311483139, 398.1878926395421558 ) ) ;
#7618 = DIRECTION ( 'NONE',  ( -6.403569081242488475E-15, -0.07497872682632605867, 0.9971851335251158410 ) ) ;
#7619 = CARTESIAN_POINT ( 'NONE',  ( -16.33732662280137049, 40.56263362902627279, 258.3283531075618953 ) ) ;
#7620 = CARTESIAN_POINT ( 'NONE',  ( 11.20234465765202536, 15.65166486234165255, 452.7342830611293607 ) ) ;
#7621 = CARTESIAN_POINT ( 'NONE',  ( 56.38420455136408549, -2.341849795747153795, 206.2968260904183353 ) ) ;
#7622 = CARTESIAN_POINT ( 'NONE',  ( -39.40529626383879247, 32.33764696349737022, 260.0769820132288714 ) ) ;
#7623 = MANIFOLD_SOLID_BREP ( 'Lustro1[1]', #7388 ) ;
#7624 = CARTESIAN_POINT ( 'NONE',  ( 35.44664078707911870, 28.92198180345594949, 316.5811094927580029 ) ) ;
#7625 = CARTESIAN_POINT ( 'NONE',  ( -11.15444995691383134, 40.50430722341748435, 273.2457937290714085 ) ) ;
#7626 = CARTESIAN_POINT ( 'NONE',  ( 1.625096845062358186, 47.14373364252509901, 228.9144459501762299 ) ) ;
#7627 = CARTESIAN_POINT ( 'NONE',  ( -150.0000000000002558, -4.444873476189596495, 435.7468521578524019 ) ) ;
#7628 = CARTESIAN_POINT ( 'NONE',  ( 0.04624208550459805306, 41.91530017182198975, 261.9976552027274010 ) ) ;
#7629 = CARTESIAN_POINT ( 'NONE',  ( 150.0000000000003126, 16.71071704159100690, 262.7461542768186291 ) ) ;
#7630 = CARTESIAN_POINT ( 'NONE',  ( -11.20853491542811398, 23.36146417920840079, 402.0354662630213056 ) ) ;
#7631 = CARTESIAN_POINT ( 'NONE',  ( -1.008678122121682470E-08, 26.16404423486584818, 413.8493118439171781 ) ) ;
#7632 = CARTESIAN_POINT ( 'NONE',  ( -0.01311453119722045049, 32.39885378369428537, 354.8174413586379501 ) ) ;
#7633 = CARTESIAN_POINT ( 'NONE',  ( 2.560296908970711272, -8.941921420989110914, 555.3173611246556902 ) ) ;
#7634 = CARTESIAN_POINT ( 'NONE',  ( 0.000000000000000000, 37.20346721986461347, 310.1851950956179280 ) ) ;
#7635 = CARTESIAN_POINT ( 'NONE',  ( -16.99482483423453516, 35.18805249750856490, 321.4924486730994886 ) ) ;
#7636 = CARTESIAN_POINT ( 'NONE',  ( 26.40363834981285507, 18.61410324395856009, 396.9267391628233668 ) ) ;
#7637 = CARTESIAN_POINT ( 'NONE',  ( 4.036551555206230546, 35.13921088441563967, 333.5203555318011581 ) ) ;
#7638 = CARTESIAN_POINT ( 'NONE',  ( 0.000000000000000000, 7.905339886619993095, -35.92712258355483357 ) ) ;
#7639 = LINE ( 'NONE', #6970, #2706 ) ;
#7640 = CARTESIAN_POINT ( 'NONE',  ( -3.066662445442831952, 44.13217985922651110, 269.0809858295829713 ) ) ;
#7641 = ORIENTED_EDGE ( 'NONE', *, *, #5111, .F. ) ;
#7642 = ORIENTED_EDGE ( 'NONE', *, *, #5561, .T. ) ;
#7643 = EDGE_CURVE ( 'NONE', #660, #6806, #6305, .T. ) ;
#7644 = CARTESIAN_POINT ( 'NONE',  ( -0.4745308580082530092, 42.53815482386927016, 298.1606671052002184 ) ) ;
#7645 = CARTESIAN_POINT ( 'NONE',  ( 0.2677481827230482891, 29.01225282582453247, 377.4247526816681102 ) ) ;
#7646 = CARTESIAN_POINT ( 'NONE',  ( -24.55014399334534403, 35.97627614226340143, 293.0248544480451756 ) ) ;
#7647 = CARTESIAN_POINT ( 'NONE',  ( 33.66903446487855689, 29.41821368367698142, 319.2649925732657152 ) ) ;
#7648 = ADVANCED_FACE ( 'NONE', ( #2917 ), #5076, .F. ) ;
#7649 = CARTESIAN_POINT ( 'NONE',  ( 0.002169421913088399965, 43.88605370360129854, 281.9339774583895633 ) ) ;
#7650 = CARTESIAN_POINT ( 'NONE',  ( -24.96191191765762696, 35.28848073737330537, 331.4493103031246051 ) ) ;
#7651 = CARTESIAN_POINT ( 'NONE',  ( 56.44355950920334664, -5.401506154520962610, 202.8927154750770683 ) ) ;
#7652 = CARTESIAN_POINT ( 'NONE',  ( -56.79090820126123873, -0.6367270459114310333, 407.3366011671671458 ) ) ;
#7653 = CARTESIAN_POINT ( 'NONE',  ( 0.1097043243668661128, 30.18304133485177587, 370.1011337465060365 ) ) ;
#7654 = CARTESIAN_POINT ( 'NONE',  ( 3.178232690661065174, 33.47138868515199306, 346.7317708645736047 ) ) ;
#7655 = EDGE_CURVE ( 'NONE', #8222, #6225, #8526, .T. ) ;
#7656 = ORIENTED_EDGE ( 'NONE', *, *, #53, .F. ) ;
#7657 = CARTESIAN_POINT ( 'NONE',  ( -8.066743259310582559, 37.00377066555587646, 315.6636585554128942 ) ) ;
#7658 = CARTESIAN_POINT ( 'NONE',  ( 1.485171848660161498, 37.50686299835891901, 313.4580306156977372 ) ) ;
#7659 = PLANE ( 'NONE',  #1832 ) ;
#7660 = DIRECTION ( 'NONE',  ( 0.000000000000000000, 0.9980523927119838712, 0.06238125841856407422 ) ) ;
#7661 = CARTESIAN_POINT ( 'NONE',  ( -39.06618867008404550, 32.55437092842583979, 259.0673297886324349 ) ) ;
#7662 = CARTESIAN_POINT ( 'NONE',  ( 59.30832987030501613, -6.507826170023203183, 431.3161633550269016 ) ) ;
#7663 = CARTESIAN_POINT ( 'NONE',  ( 82.00022190405498179, 13.41533595200248463, 95.17065037251704496 ) ) ;
#7664 = CARTESIAN_POINT ( 'NONE',  ( -30.95556465190999873, 36.31035533139619531, 255.8511747467263717 ) ) ;
#7665 = CARTESIAN_POINT ( 'NONE',  ( 25.61510724895502378, 33.22250278512417765, 316.2162527215783712 ) ) ;
#7666 = CARTESIAN_POINT ( 'NONE',  ( -20.24824677114803961, 39.14621493163844690, 268.2567561169077521 ) ) ;
#7667 = CARTESIAN_POINT ( 'NONE',  ( 0.4892629760207006240, 44.45612882444888214, 275.6643461148192387 ) ) ;
#7668 = CARTESIAN_POINT ( 'NONE',  ( -21.36260671368767916, 32.85527891739889839, 331.4493103031245482 ) ) ;
#7669 = CARTESIAN_POINT ( 'NONE',  ( 35.53366736465954290, 32.81791990322941643, 276.8912914085781267 ) ) ;
#7670 = VECTOR ( 'NONE', #7317, 1000.000000000000000 ) ;
#7671 = CARTESIAN_POINT ( 'NONE',  ( -2.106299519530117959, 46.03114097764294144, 130.5598387451737779 ) ) ;
#7672 = CARTESIAN_POINT ( 'NONE',  ( -1.795623685508036305, 24.07810281917300088, 406.0281073897127726 ) ) ;
#7673 = DIRECTION ( 'NONE',  ( 0.000000000000000000, 0.000000000000000000, 1.000000000000000000 ) ) ;
#7674 = CARTESIAN_POINT ( 'NONE',  ( -45.11761713935937479, 21.17764367411882276, 343.4119049606686076 ) ) ;
#7675 = CARTESIAN_POINT ( 'NONE',  ( 10.02488928357590936, 1.340599469649716324, 507.8357256156867834 ) ) ;
#7676 = CARTESIAN_POINT ( 'NONE',  ( -28.52649240996227320, -9.360615050134562409, -39.65852415072266979 ) ) ;
#7677 = CARTESIAN_POINT ( 'NONE',  ( -0.1406856069262299447, 36.83897572884195881, 319.6334311277906295 ) ) ;
#7678 = CARTESIAN_POINT ( 'NONE',  ( 23.17850885948787720, 19.53154162074182310, 399.6235657764065650 ) ) ;
#7679 = CARTESIAN_POINT ( 'NONE',  ( 0.3313636347334636412, 35.66609974063072031, 329.7955976904918316 ) ) ;
#7680 = CARTESIAN_POINT ( 'NONE',  ( -3.238742170394931286, 15.77724942527549956, -19.15744003631981229 ) ) ;
#7681 = DIRECTION ( 'NONE',  ( 0.000000000000000000, -0.07497872682632604480, 0.9971851335251159520 ) ) ;
#7682 = DIRECTION ( 'NONE',  ( -1.000000000000000000, 0.000000000000000000, -0.000000000000000000 ) ) ;
#7683 = VERTEX_POINT ( 'NONE', #2319 ) ;
#7684 = VERTEX_POINT ( 'NONE', #3760 ) ;
#7685 = CARTESIAN_POINT ( 'NONE',  ( 150.0000000000003695, 17.23251453160983715, 290.2479985875627335 ) ) ;
#7686 = CLOSED_SHELL ( 'NONE', ( #153, #1588, #5688, #5681, #6217, #766, #1980, #1693, #6986, #7137, #5508, #1355, #2569, #4679, #2686, #5164, #757, #8398 ) ) ;
#7687 = CARTESIAN_POINT ( 'NONE',  ( 45.17523486574773273, 17.40637983739215855, 363.9333054677224482 ) ) ;
#7688 = B_SPLINE_CURVE_WITH_KNOTS ( 'NONE', 3,
 ( #8807, #5395, #2688, #5445 ),
 .UNSPECIFIED., .F., .F.,
 ( 4, 4 ),
 ( 2.224778631027185334E-16, 0.01542836563180272590 ),
 .UNSPECIFIED. ) ;
#7689 = EDGE_CURVE ( 'NONE', #2550, #6903, #5223, .T. ) ;
#7690 = CARTESIAN_POINT ( 'NONE',  ( 33.66971017403686517, 29.46302173818712333, 318.8719375220777579 ) ) ;
#7691 = CARTESIAN_POINT ( 'NONE',  ( 37.43404173647230948, 33.30683281034591658, 258.7137240844784856 ) ) ;
#7692 = CARTESIAN_POINT ( 'NONE',  ( 26.20242085549622857, 41.72819661574137484, 255.0493118463001849 ) ) ;
#7693 = CARTESIAN_POINT ( 'NONE',  ( 12.32604656146385480, 7.066535420415203994, -30.82130669073084661 ) ) ;
#7694 = CARTESIAN_POINT ( 'NONE',  ( -10.27266192055210858, 5.123073895678157186, 494.0455122256950062 ) ) ;
#7695 = CARTESIAN_POINT ( 'NONE',  ( 0.02586367085179202413, 29.01311687986347465, 377.4636812631597422 ) ) ;
#7696 = CARTESIAN_POINT ( 'NONE',  ( 0.6771440482412792727, 33.48847428906557866, 347.0097310706314602 ) ) ;
#7697 = ORIENTED_EDGE ( 'NONE', *, *, #1299, .F. ) ;
#7698 = ADVANCED_FACE ( 'NONE', ( #4276 ), #959, .F. ) ;
#7699 = CARTESIAN_POINT ( 'NONE',  ( -38.99398609764326551, 27.47450367664242066, 315.2246723084100495 ) ) ;
#7700 = EDGE_CURVE ( 'NONE', #3552, #5954, #3041, .T. ) ;
#7701 = CARTESIAN_POINT ( 'NONE',  ( 4.044357978422440603, 37.44253381417271953, 313.5351867152708678 ) ) ;
#7702 = DIRECTION ( 'NONE',  ( 0.000000000000000000, -1.000000000000000000, 0.000000000000000000 ) ) ;
#7703 = CARTESIAN_POINT ( 'NONE',  ( 0.01039337678575912548, 60.00000000000000711, 413.8493118463000542 ) ) ;
#7704 = DIRECTION ( 'NONE',  ( 0.000000000000000000, 0.000000000000000000, -1.000000000000000000 ) ) ;
#7705 = CARTESIAN_POINT ( 'NONE',  ( 9.623729406347049320, -10.66680710752643968, 548.6596272280612538 ) ) ;
#7706 = CARTESIAN_POINT ( 'NONE',  ( -2.799917590529235500, 11.95000122839068979, -28.37908123879857314 ) ) ;
#7707 = CARTESIAN_POINT ( 'NONE',  ( -14.70201088193737782, 20.47688185979635733, 410.5910709380059984 ) ) ;
#7708 = CARTESIAN_POINT ( 'NONE',  ( -31.73451143545313968, 34.11949068063000823, 281.6719941326859384 ) ) ;
#7709 = CARTESIAN_POINT ( 'NONE',  ( -47.66603692990846497, 18.68161657458673020, 299.3736835281314370 ) ) ;
#7710 = CARTESIAN_POINT ( 'NONE',  ( -26.84769820517946926, 30.90228744987071963, 331.4493103031248893 ) ) ;
#7711 = CARTESIAN_POINT ( 'NONE',  ( -0.1355858053425812171, 41.35880008831097854, 270.7875662786658495 ) ) ;
#7712 = CARTESIAN_POINT ( 'NONE',  ( 149.9999999999998010, 15.67153765998659942, 312.2062866230721170 ) ) ;
#7713 = CARTESIAN_POINT ( 'NONE',  ( 0.5736476297423480641, 26.63727513695780047, 392.1247545072464504 ) ) ;
#7714 = CARTESIAN_POINT ( 'NONE',  ( 8.966662445442795004, 40.79772887234982193, 273.2159697483079412 ) ) ;
#7715 = CARTESIAN_POINT ( 'NONE',  ( -24.61956057487059368, 31.15207883515786946, 335.9981504939491401 ) ) ;
#7716 = DIRECTION ( 'NONE',  ( 0.000000000000000000, -0.1897509006088692884, 0.9818322645534331983 ) ) ;
#7717 = CARTESIAN_POINT ( 'NONE',  ( 1.885900387860527383, 4.944344929474349115, -41.28297166191669731 ) ) ;
#7718 = CARTESIAN_POINT ( 'NONE',  ( -32.00972531075981919, 29.76719959132142890, 322.8169210275287355 ) ) ;
#7719 = CARTESIAN_POINT ( 'NONE',  ( -0.1999424445969160136, 21.49052931914126319, 420.2414695183423419 ) ) ;
#7720 = CARTESIAN_POINT ( 'NONE',  ( 18.84313485502650920, 33.90471620306500711, 328.6653816975266409 ) ) ;
#7721 = CARTESIAN_POINT ( 'NONE',  ( -56.27053592963592621, 0.7516941916051447237, 210.4962128354270590 ) ) ;
#7722 = CARTESIAN_POINT ( 'NONE',  ( 42.75445932639104285, 25.75585501620750151, 328.4493103031245482 ) ) ;
#7723 = CARTESIAN_POINT ( 'NONE',  ( 0.8101568770544540499, 41.93036023138896695, 261.3537278318257790 ) ) ;
#7724 = ORIENTED_EDGE ( 'NONE', *, *, #4743, .T. ) ;
#7725 = ORIENTED_EDGE ( 'NONE', *, *, #104, .T. ) ;
#7726 = CARTESIAN_POINT ( 'NONE',  ( 0.000000000000000000, 47.62041242848380307, 205.0701292695992777 ) ) ;
#7727 = CARTESIAN_POINT ( 'NONE',  ( -0.05191149105535509262, 26.63178791932744005, 392.0623368625633702 ) ) ;
#7728 = CARTESIAN_POINT ( 'NONE',  ( -0.2558041227996158407, 36.89684302587181719, 319.1169315072637005 ) ) ;
#7729 = CARTESIAN_POINT ( 'NONE',  ( -0.8073215231016520610, 43.22210835474044188, 281.9170185761331027 ) ) ;
#7730 = CARTESIAN_POINT ( 'NONE',  ( 33.03633095656162055, 21.02711613838863158, 389.0746662281788417 ) ) ;
#7731 = CARTESIAN_POINT ( 'NONE',  ( 48.43052587387994379, 31.28800435136754032, 274.4290486844398060 ) ) ;
#7732 = CARTESIAN_POINT ( 'NONE',  ( -1.904146327908672554, -8.520320594203820264, -59.57409022259488296 ) ) ;
#7733 = CARTESIAN_POINT ( 'NONE',  ( -0.000000000000000000, 30.89080966844853293, 387.5397996250775350 ) ) ;
#7734 = CARTESIAN_POINT ( 'NONE',  ( -40.70110909965880097, 19.77113266106256262, 360.4642949588815668 ) ) ;
#7735 = CARTESIAN_POINT ( 'NONE',  ( 23.00097643038317230, 30.70067465743699131, 343.0987224807574307 ) ) ;
#7736 = EDGE_LOOP ( 'NONE', ( #2155, #2235, #8083, #8361 ) ) ;
#7737 = AXIS2_PLACEMENT_3D ( 'NONE', #4339, #7071, #4929 ) ;
#7738 = CARTESIAN_POINT ( 'NONE',  ( -7.436153655783854788, 37.26668268142350371, 313.6467106639469762 ) ) ;
#7739 = CARTESIAN_POINT ( 'NONE',  ( 47.91184419377412240, 24.58835358657303161, 310.1895460612597049 ) ) ;
#7740 = DIRECTION ( 'NONE',  ( 0.000000000000000000, 0.000000000000000000, -1.000000000000000000 ) ) ;
#7741 = LINE ( 'NONE', #2852, #1844 ) ;
#7742 = CARTESIAN_POINT ( 'NONE',  ( 0.000000000000000000, 38.16041641445455923, 334.4493103031246051 ) ) ;
#7743 = CARTESIAN_POINT ( 'NONE',  ( -13.31731313304985065, 40.34142002891250200, 313.2908567742186392 ) ) ;
#7744 = CARTESIAN_POINT ( 'NONE',  ( 2.560296908970711272, -8.941921420989110914, 555.3173611246556902 ) ) ;
#7745 = CARTESIAN_POINT ( 'NONE',  ( 0.000000000000000000, 0.000000000000000000, 0.000000000000000000 ) ) ;
#7746 = CARTESIAN_POINT ( 'NONE',  ( -0.9126475175586304944, 20.71106199493173605, -7.133971301115257013 ) ) ;
#7747 = EDGE_CURVE ( 'NONE', #4742, #358, #1640, .T. ) ;
#7748 = CARTESIAN_POINT ( 'NONE',  ( 0.2556923377347735671, 37.12595758344328090, 317.0462846648219397 ) ) ;
#7749 = CARTESIAN_POINT ( 'NONE',  ( -15.55331741631335696, 45.35218854345084338, 234.3705618064915370 ) ) ;
#7750 = CARTESIAN_POINT ( 'NONE',  ( -2.803395646929620622, 44.55715795380302779, 262.7980265440922381 ) ) ;
#7751 = CARTESIAN_POINT ( 'NONE',  ( 0.4647772760514664037, 41.89773309077893515, 262.0598720908582209 ) ) ;
#7752 = EDGE_CURVE ( 'NONE', #495, #612, #2957, .T. ) ;
#7753 = CARTESIAN_POINT ( 'NONE',  ( -1.412905495387613675, 41.02947630906889032, 312.7536838202627791 ) ) ;
#7754 = CARTESIAN_POINT ( 'NONE',  ( -0.2432650220792597906, 25.37337002378804129, 399.1412572816437319 ) ) ;
#7755 = CARTESIAN_POINT ( 'NONE',  ( 0.000000000000000000, 23.25966121672881570, 402.6247220052615035 ) ) ;
#7756 = CARTESIAN_POINT ( 'NONE',  ( -40.74773878935879878, 23.58032490304830375, 338.9039717209378750 ) ) ;
#7757 = CARTESIAN_POINT ( 'NONE',  ( -3.066662445442833729, 41.67359439997697734, 263.9480980988757892 ) ) ;
#7758 = CARTESIAN_POINT ( 'NONE',  ( 2.838695181821947688, 1.681375928194609459, -46.53493995302151376 ) ) ;
#7759 = CARTESIAN_POINT ( 'NONE',  ( -22.36416915361333579, 34.04782356923721665, 319.2006994282221513 ) ) ;
#7760 = CARTESIAN_POINT ( 'NONE',  ( 3.256645128109880272, 21.35636942054097887, 419.7094654058500964 ) ) ;
#7761 = CARTESIAN_POINT ( 'NONE',  ( 1.100216690003761988, 35.18312620151279901, 333.7115558556377550 ) ) ;
#7762 = CARTESIAN_POINT ( 'NONE',  ( 1.885900387860527383, 4.944344929474349115, -41.28297166191669731 ) ) ;
#7763 = CARTESIAN_POINT ( 'NONE',  ( -3.066662445442837726, 44.46614385131265834, 263.7777952504551422 ) ) ;
#7764 = CARTESIAN_POINT ( 'NONE',  ( 3.066662445442833729, 41.67359439997697734, 263.9480980988757892 ) ) ;
#7765 = ORIENTED_EDGE ( 'NONE', *, *, #1973, .T. ) ;
#7766 = ORIENTED_EDGE ( 'NONE', *, *, #8800, .T. ) ;
#7767 = CARTESIAN_POINT ( 'NONE',  ( 13.20776690004548115, 35.51755634591616229, 352.3468663762320716 ) ) ;
#7768 = CARTESIAN_POINT ( 'NONE',  ( -38.96122831792745700, 25.71760091287275074, 329.7427590807700426 ) ) ;
#7769 = CARTESIAN_POINT ( 'NONE',  ( -0.001459325342811380443, 26.63126605741320319, 392.0560172500474891 ) ) ;
#7770 = CARTESIAN_POINT ( 'NONE',  ( 0.3354100272750595857, 36.83878631597308129, 319.6333443673732972 ) ) ;
#7771 = CARTESIAN_POINT ( 'NONE',  ( -2.424928868779835600, 43.25369911660119016, 281.0545319268622393 ) ) ;
#7772 = CARTESIAN_POINT ( 'NONE',  ( -1.116050611302266127E-14, 42.09068563245797634, 259.2526293898255858 ) ) ;
#7773 = DIRECTION ( 'NONE',  ( -0.000000000000000000, -0.000000000000000000, -1.000000000000000000 ) ) ;
#7774 = CARTESIAN_POINT ( 'NONE',  ( 0.000000000000000000, 1.530671358679228655, -46.61894072316960802 ) ) ;
#7775 = CARTESIAN_POINT ( 'NONE',  ( -35.61029944830622895, -13.34155306713987343, 501.3379992237896090 ) ) ;
#7776 = CARTESIAN_POINT ( 'NONE',  ( -0.02319668474644274656, 29.01298966181619576, 377.4572383564612323 ) ) ;
#7777 = CARTESIAN_POINT ( 'NONE',  ( 12.18605229769374887, 32.91380252755302394, 345.3787399788134280 ) ) ;
#7778 = VERTEX_POINT ( 'NONE', #7847 ) ;
#7779 = CARTESIAN_POINT ( 'NONE',  ( -14.94612756467559045, 36.37401770058030337, 313.9399775198611451 ) ) ;
#7780 = CARTESIAN_POINT ( 'NONE',  ( 22.38692446331394237, 34.58445891230621072, 314.3077169344624053 ) ) ;
#7781 = CARTESIAN_POINT ( 'NONE',  ( 21.15890108542896542, 18.78612264345269978, 406.6227797141471569 ) ) ;
#7782 = DIRECTION ( 'NONE',  ( -0.000000000000000000, -0.000000000000000000, 1.000000000000000000 ) ) ;
#7783 = CARTESIAN_POINT ( 'NONE',  ( -1.083306667524096767, 43.24416658580899764, 235.3823528832123202 ) ) ;
#7784 = CARTESIAN_POINT ( 'NONE',  ( -42.82036082025610568, 32.84028577497314672, 328.7149750000689892 ) ) ;
#7785 = CARTESIAN_POINT ( 'NONE',  ( -2.177296947288516193, -4.542331835814525043, 541.4227397640479467 ) ) ;
#7786 = B_SPLINE_CURVE_WITH_KNOTS ( 'NONE', 3,
 ( #3095, #5848, #8579, #5173 ),
 .UNSPECIFIED., .F., .F.,
 ( 4, 4 ),
 ( 0.000000000000000000, 1.000000000000000000 ),
 .UNSPECIFIED. ) ;
#7787 = CARTESIAN_POINT ( 'NONE',  ( -3.333334950950744169, 37.08107175711979409, 317.0893938594338124 ) ) ;
#7788 = CARTESIAN_POINT ( 'NONE',  ( 0.6161072361437418543, 47.71231197339022856, 180.5334442090090192 ) ) ;
#7789 = CARTESIAN_POINT ( 'NONE',  ( -35.77589851813026911, 26.91756939136766746, 331.4493103031246051 ) ) ;
#7790 = CARTESIAN_POINT ( 'NONE',  ( 41.28137124406441671, 30.51880933781948713, 274.0085369962649224 ) ) ;
#7791 = EDGE_CURVE ( 'NONE', #5689, #3506, #7256, .T. ) ;
#7792 = CARTESIAN_POINT ( 'NONE',  ( 0.000000000000000000, 41.02506332365900477, 312.7991820443241977 ) ) ;
#7793 = CARTESIAN_POINT ( 'NONE',  ( -28.35425987981149731, 20.66181754262526837, 383.9460901306231904 ) ) ;
#7794 = DIRECTION ( 'NONE',  ( -0.000000000000000000, -0.000000000000000000, 1.000000000000000000 ) ) ;
#7795 = CARTESIAN_POINT ( 'NONE',  ( -23.07560834413632023, 31.68205979071757383, 336.2665019639698016 ) ) ;
#7796 = CARTESIAN_POINT ( 'NONE',  ( -2.803132257384372217, 41.75803335120657067, 262.7973690252235315 ) ) ;
#7797 = EDGE_CURVE ( 'NONE', #3634, #8234, #5062, .T. ) ;
#7798 = VECTOR ( 'NONE', #1008, 1000.000000000000000 ) ;
#7799 = CARTESIAN_POINT ( 'NONE',  ( -28.34182685986741390, -0.004202851225297739302, -27.54135597287860193 ) ) ;
#7800 = CARTESIAN_POINT ( 'NONE',  ( -4.747842468311001873, 36.75241927922523644, 319.6320810687986409 ) ) ;
#7801 = CARTESIAN_POINT ( 'NONE',  ( 19.92695836266870657, 20.37784511595906167, 402.3094118996823454 ) ) ;
#7802 = CARTESIAN_POINT ( 'NONE',  ( 33.66040932757574922, 28.44166919870502142, 327.3511486128876413 ) ) ;
#7803 = EDGE_CURVE ( 'NONE', #8234, #4377, #325, .T. ) ;
#7804 = CARTESIAN_POINT ( 'NONE',  ( -12.32604656146385480, 7.066535420415203994, -30.82130669073084661 ) ) ;
#7805 = CARTESIAN_POINT ( 'NONE',  ( -2.066214727982301103, 44.66987313353617139, 261.8751206245502772 ) ) ;
#7806 = CARTESIAN_POINT ( 'NONE',  ( -0.003294345898725401563, 37.16042184082672861, 328.4493103031245482 ) ) ;
#7807 = ORIENTED_EDGE ( 'NONE', *, *, #8918, .F. ) ;
#7808 = VECTOR ( 'NONE', #4393, 1000.000000000000000 ) ;
#7809 = VERTEX_POINT ( 'NONE', #7134 ) ;
#7810 = CARTESIAN_POINT ( 'NONE',  ( -0.4709684984625378545, 38.87613762590805067, 332.0055123804244204 ) ) ;
#7811 = CARTESIAN_POINT ( 'NONE',  ( -30.38424134601697801, 29.88876614653604946, 327.6454177814185300 ) ) ;
#7812 = CARTESIAN_POINT ( 'NONE',  ( -0.4689504172915145430, 26.63616733131049230, 392.1122694326501801 ) ) ;
#7813 = CARTESIAN_POINT ( 'NONE',  ( 1.484068766842340903, 36.88888052146793228, 319.1204478996788225 ) ) ;
#7814 = CARTESIAN_POINT ( 'NONE',  ( -3.605573742864663700, 43.92440156244309435, 280.2256873481446178 ) ) ;
#7815 = CARTESIAN_POINT ( 'NONE',  ( 39.40529626383879247, 32.33764696349737022, 260.0769820132288714 ) ) ;
#7816 = CARTESIAN_POINT ( 'NONE',  ( -48.43052587387994379, 31.28800435136754032, 274.4290486844398060 ) ) ;
#7817 = CARTESIAN_POINT ( 'NONE',  ( 55.43352450434293388, 9.557879841706116153, 226.4234727364798800 ) ) ;
#7818 = CARTESIAN_POINT ( 'NONE',  ( -0.000000000000000000, 32.96089287321816386, 374.2451570317580263 ) ) ;
#7819 = CARTESIAN_POINT ( 'NONE',  ( -3.185098698492235147, 30.15496486350508931, 369.5839424086361760 ) ) ;
#7820 = CARTESIAN_POINT ( 'NONE',  ( 30.71813164950109609, 28.78312226255786044, 334.9237662984052122 ) ) ;
#7821 = AXIS2_PLACEMENT_3D ( 'NONE', #7351, #509, #6011 ) ;
#7822 = ORIENTED_EDGE ( 'NONE', *, *, #5614, .T. ) ;
#7823 = CARTESIAN_POINT ( 'NONE',  ( 0.5291728845310079699, 37.12415370193961195, 317.0552354858809849 ) ) ;
#7824 = CARTESIAN_POINT ( 'NONE',  ( -17.05993138950061905, 36.81076260227541752, 306.5240842462084174 ) ) ;
#7825 = CARTESIAN_POINT ( 'NONE',  ( 0.5291125795124416165, 37.40573429251385562, 314.4689046089840190 ) ) ;
#7826 = CARTESIAN_POINT ( 'NONE',  ( -8.966662445443054352, 37.42840340034360480, 307.1936396950424069 ) ) ;
#7827 = CARTESIAN_POINT ( 'NONE',  ( -42.75445932639104285, 25.75585501620750151, 334.4493103031246051 ) ) ;
#7828 = CARTESIAN_POINT ( 'NONE',  ( -3.670758124279358103, 43.04687498547685465, 236.0435317350092532 ) ) ;
#7829 = CARTESIAN_POINT ( 'NONE',  ( 1.412905495387613675, 40.21919022833552049, 320.0005269926185747 ) ) ;
#7830 = CARTESIAN_POINT ( 'NONE',  ( -2.152184834420973747, -0.9668156101559031157, 529.2511884921991623 ) ) ;
#7831 = CARTESIAN_POINT ( 'NONE',  ( -47.83253381716583164, 23.65526634154938890, 318.6193015167931435 ) ) ;
#7832 = CARTESIAN_POINT ( 'NONE',  ( -1.761563983812512779, 32.02393952748043660, 380.3584216962848927 ) ) ;
#7833 = CARTESIAN_POINT ( 'NONE',  ( -3.594497051735935145, 45.10778400095058771, 263.1571726631133856 ) ) ;
#7834 = CARTESIAN_POINT ( 'NONE',  ( 13.33281869778471140, 39.58352050544534961, 282.1298228275891802 ) ) ;
#7835 = CARTESIAN_POINT ( 'NONE',  ( 13.31731313304985065, 40.34142002891250200, 313.2908567742186392 ) ) ;
#7836 = CARTESIAN_POINT ( 'NONE',  ( -10.38681583848917001, 24.77224122452926025, 395.6926602551345127 ) ) ;
#7837 = CARTESIAN_POINT ( 'NONE',  ( 0.1569854696256993698, 43.83117457209954182, 282.5824187163717625 ) ) ;
#7838 = CARTESIAN_POINT ( 'NONE',  ( -0.5001365428917624589, 34.53361184426434960, 339.0897695581244307 ) ) ;
#7839 = CARTESIAN_POINT ( 'NONE',  ( 60.00892403416684573, -10.87759879526569584, 448.8723920580213189 ) ) ;
#7840 = PRODUCT_RELATED_PRODUCT_CATEGORY ( 'part', '', ( #368 ) ) ;
#7841 = CARTESIAN_POINT ( 'NONE',  ( -28.49463500214571354, -6.821171986367837725, -36.82241012564603722 ) ) ;
#7842 = CARTESIAN_POINT ( 'NONE',  ( -28.78103094330025513, 31.61348352140469586, 319.2412300952485111 ) ) ;
#7843 = CARTESIAN_POINT ( 'NONE',  ( 27.88693373263371456, 16.75979871027933044, 401.3203048298138924 ) ) ;
#7844 = CARTESIAN_POINT ( 'NONE',  ( 25.54571566278229255, 30.95457751351749209, 334.6381317721402979 ) ) ;
#7845 = CARTESIAN_POINT ( 'NONE',  ( -2.972288463451770113, 33.79696142559792804, 41.75401259452486613 ) ) ;
#7846 = CARTESIAN_POINT ( 'NONE',  ( -2.534351687893541261, 44.60588373240434379, 262.3663782036625776 ) ) ;
#7847 = CARTESIAN_POINT ( 'NONE',  ( -24.54877487504606748, 38.66041352850114521, 255.0493118463000997 ) ) ;
#7848 = VERTEX_POINT ( 'NONE', #3989 ) ;
#7849 = EDGE_LOOP ( 'NONE', ( #4777, #4322, #838, #6931 ) ) ;
#7850 = CARTESIAN_POINT ( 'NONE',  ( 0.000000000000000000, 38.87860893774676185, 331.9800661568619944 ) ) ;
#7851 = ADVANCED_FACE ( 'NONE', ( #5967 ), #6597, .F. ) ;
#7852 = CARTESIAN_POINT ( 'NONE',  ( -18.84313485502650565, 33.90471620306500711, 328.6653816975266409 ) ) ;
#7853 = CARTESIAN_POINT ( 'NONE',  ( 1.411359692476025440, 26.61125534278971472, 391.8507553603862448 ) ) ;
#7854 = CARTESIAN_POINT ( 'NONE',  ( 24.00014638285696478, 33.24871146226937668, 321.3829948216896923 ) ) ;
#7855 = CARTESIAN_POINT ( 'NONE',  ( -0.4666624454428923707, 41.94217851116191298, 261.3537278318258927 ) ) ;
#7856 = CARTESIAN_POINT ( 'NONE',  ( 26.18819408297670748, 38.12897619667187143, 255.0909429761015872 ) ) ;
#7857 = CARTESIAN_POINT ( 'NONE',  ( -26.20242085549622857, 41.72819661574137484, 255.0493118463001849 ) ) ;
#7858 = CARTESIAN_POINT ( 'NONE',  ( 12.12700268568815254, 15.00943372669715004, -14.20656591047415240 ) ) ;
#7859 = CARTESIAN_POINT ( 'NONE',  ( -59.89900058819404194, -9.567402936609459729, 443.5936951987583257 ) ) ;
#7860 = CARTESIAN_POINT ( 'NONE',  ( 11.02813962353276622, 31.93593613635736972, 352.9566196306590200 ) ) ;
#7861 = ORIENTED_EDGE ( 'NONE', *, *, #5177, .T. ) ;
#7862 = CARTESIAN_POINT ( 'NONE',  ( 0.1409531035590802228, 37.18206332413423354, 316.5329986741273842 ) ) ;
#7863 = CARTESIAN_POINT ( 'NONE',  ( -25.62925361155371817, 33.40753978851896022, 314.4935357900152439 ) ) ;
#7864 = AXIS2_PLACEMENT_3D ( 'NONE', #1751, #7963, #5274 ) ;
#7865 = B_SPLINE_CURVE_WITH_KNOTS ( 'NONE', 3,
 ( #5286, #3116, #547, #1215, #6632, #6002, #1078, #8648, #4706, #5242, #1856, #6587, #8693, #453, #1901, #1761, #5870, #2527, #8603, #2438 ),
 .UNSPECIFIED., .F., .F.,
 ( 4, 2, 2, 2, 2, 2, 2, 2, 2, 4 ),
 ( 0.003273027653110678788, 0.009141074075003009780, 0.01500912049689534164, 0.02087716691878767003, 0.02674521334068000189, 0.03261325976257233028, 0.03848130618446466561, 0.04141532939541082980, 0.04434935260635699400, 0.05021739902824931545 ),
 .UNSPECIFIED. ) ;
#7866 = CARTESIAN_POINT ( 'NONE',  ( -0.2558728910382956911, 37.29617195798626028, 315.4903243485859434 ) ) ;
#7867 = CARTESIAN_POINT ( 'NONE',  ( 26.79130003566625007, 34.61032764009687668, 331.4493103031246051 ) ) ;
#7868 = CARTESIAN_POINT ( 'NONE',  ( -5.444883378412469277, 38.04001594648574525, 307.2396270733679557 ) ) ;
#7869 = CARTESIAN_POINT ( 'NONE',  ( 2.948264119680056972, 45.14052308009804193, 263.1546378118404164 ) ) ;
#7870 = CARTESIAN_POINT ( 'NONE',  ( 1.412905495387613675, 38.87119500223062829, 332.0564048275492723 ) ) ;
#7871 = CARTESIAN_POINT ( 'NONE',  ( -3.666662445442834262, 44.45300068828723283, 263.9480980988757892 ) ) ;
#7872 = VECTOR ( 'NONE', #3753, 1000.000000000000000 ) ;
#7873 = CARTESIAN_POINT ( 'NONE',  ( -8.064544141234485153, 36.84059052241364185, 317.1543206519933733 ) ) ;
#7874 = CARTESIAN_POINT ( 'NONE',  ( -13.20776690004548115, 35.51755634591616229, 352.3468663762320716 ) ) ;
#7875 = CARTESIAN_POINT ( 'NONE',  ( -2.738779034718612504, 43.27944527717787082, 280.6451825778605098 ) ) ;
#7876 = VERTEX_POINT ( 'NONE', #7264 ) ;
#7877 = CARTESIAN_POINT ( 'NONE',  ( 43.78489539486622562, 27.76153949755341444, 293.0106509531439656 ) ) ;
#7878 = CARTESIAN_POINT ( 'NONE',  ( -0.5120851727837461009, 45.98408210575418309, 252.6190356612356140 ) ) ;
#7879 = CARTESIAN_POINT ( 'NONE',  ( 1.513110319802193349, 43.81823041571924904, 282.4181972101205815 ) ) ;
#7880 = CARTESIAN_POINT ( 'NONE',  ( -19.82816374015813210, 33.50492809031943153, 329.5125790994482600 ) ) ;
#7881 = CARTESIAN_POINT ( 'NONE',  ( -1.619912141453269783, 41.88277927380740095, 261.6167897708963892 ) ) ;
#7882 = CARTESIAN_POINT ( 'NONE',  ( -85.15847978174487309, 3.904776106732709806, 71.64136231852130265 ) ) ;
#7883 = CARTESIAN_POINT ( 'NONE',  ( -6.789434940364207083E-14, 36.31827148688044105, 324.3873309011291326 ) ) ;
#7884 = CARTESIAN_POINT ( 'NONE',  ( -5.436295804096013207, 36.77950739755917198, 319.1298619072757674 ) ) ;
#7885 = CARTESIAN_POINT ( 'NONE',  ( 6.898610727397569420, 42.73214539300427361, 237.1224270706007360 ) ) ;
#7886 = CARTESIAN_POINT ( 'NONE',  ( 1.098360861419226842, 34.69006166034475314, 337.5978872668983968 ) ) ;
#7887 = CARTESIAN_POINT ( 'NONE',  ( -11.07186743597200973, 32.81523294668829749, 45.76036132870854090 ) ) ;
#7888 = CARTESIAN_POINT ( 'NONE',  ( 0.4666624454429352253, 44.80554920341130298, 261.3537278318257790 ) ) ;
#7889 = DIRECTION ( 'NONE',  ( 0.000000000000000000, 0.000000000000000000, -1.000000000000000000 ) ) ;
#7890 = ORIENTED_EDGE ( 'NONE', *, *, #7087, .T. ) ;
#7891 = CARTESIAN_POINT ( 'NONE',  ( 47.31906922256367665, 15.57846502002442612, 326.4192049172317525 ) ) ;
#7892 = CARTESIAN_POINT ( 'NONE',  ( 0.6656520313713912840, 10.37720417455050104, 486.6216067975119017 ) ) ;
#7893 = CARTESIAN_POINT ( 'NONE',  ( -12.84922003058924211, 34.98970767016935923, 329.1063981717350089 ) ) ;
#7894 = CARTESIAN_POINT ( 'NONE',  ( -0.3811866495216058581, 25.38294568066384116, 399.2124619750746319 ) ) ;
#7895 = B_SPLINE_CURVE_WITH_KNOTS ( 'NONE', 3,
 ( #4372, #3730, #6608, #6520 ),
 .UNSPECIFIED., .F., .F.,
 ( 4, 4 ),
 ( 0.000000000000000000, 0.01543658387653698560 ),
 .UNSPECIFIED. ) ;
#7896 = CARTESIAN_POINT ( 'NONE',  ( -0.4574434776914868550, 36.37346927973843691, 323.7493070287403611 ) ) ;
#7897 = CARTESIAN_POINT ( 'NONE',  ( -1.140414961664096838, 43.22005785589950477, 281.8509200718814895 ) ) ;
#7898 = CARTESIAN_POINT ( 'NONE',  ( 5.464782804720379694, 41.26731421385152032, 256.1377608585562484 ) ) ;
#7899 = CARTESIAN_POINT ( 'NONE',  ( 44.79208460059819430, 26.80341731187045440, 331.4493103031246619 ) ) ;
#7900 = CARTESIAN_POINT ( 'NONE',  ( 27.93320105887194060, 9.482709585563030785, -10.56185500302712477 ) ) ;
#7901 = CARTESIAN_POINT ( 'NONE',  ( 0.4666624454429352253, 40.44237786041291116, 281.9339774583896769 ) ) ;
#7902 = CARTESIAN_POINT ( 'NONE',  ( 29.13573203175064208, 28.47445334969102149, 341.5755276895856696 ) ) ;
#7903 = CARTESIAN_POINT ( 'NONE',  ( 55.92567994943940590, 5.748511191116895347, 218.7264803032683460 ) ) ;
#7904 = ORIENTED_EDGE ( 'NONE', *, *, #5675, .T. ) ;
#7905 = EDGE_CURVE ( 'NONE', #3635, #2065, #3993, .T. ) ;
#7906 = CARTESIAN_POINT ( 'NONE',  ( 26.00165441996824001, 28.63197446189919404, 348.8046209056673774 ) ) ;
#7907 = CARTESIAN_POINT ( 'NONE',  ( -48.08348593338542543, 25.09991168370956416, 304.8681679995187324 ) ) ;
#7908 = CARTESIAN_POINT ( 'NONE',  ( 5.437507053938018586, 37.00264086852030232, 317.1171191963405249 ) ) ;
#7909 = CARTESIAN_POINT ( 'NONE',  ( 0.3357143676341727834, 37.29475752239657282, 315.5010789018705282 ) ) ;
#7910 = CARTESIAN_POINT ( 'NONE',  ( 29.31608398029594298, 20.86642425336894391, 397.5616617618767350 ) ) ;
#7911 = EDGE_CURVE ( 'NONE', #5466, #8234, #5250, .T. ) ;
#7912 = PLANE ( 'NONE',  #698 ) ;
#7913 = CARTESIAN_POINT ( 'NONE',  ( 0.9088794412974361414, 45.37077451124004313, 260.7907846456678271 ) ) ;
#7914 = CARTESIAN_POINT ( 'NONE',  ( 0.000000000000000000, 40.21921743771114421, 320.0002838484802510 ) ) ;
#7915 = PLANE ( 'NONE',  #7864 ) ;
#7916 = CARTESIAN_POINT ( 'NONE',  ( -0.5291371304179747215, 37.06734153015779043, 317.5715682717716959 ) ) ;
#7917 = CARTESIAN_POINT ( 'NONE',  ( -1.649437573462356754, 41.01991156795418902, 312.8522970477960143 ) ) ;
#7918 = CARTESIAN_POINT ( 'NONE',  ( -2.052071749612309759, 43.23460876173472656, 281.4026425630171957 ) ) ;
#7919 = VERTEX_POINT ( 'NONE', #3804 ) ;
#7920 = CARTESIAN_POINT ( 'NONE',  ( 29.68926043676790272, 34.47577910114835475, 287.7225481717809998 ) ) ;
#7921 = CARTESIAN_POINT ( 'NONE',  ( 0.000000000000000000, 28.59958286175763931, 400.6555249589480923 ) ) ;
#7922 = CARTESIAN_POINT ( 'NONE',  ( 0.6888740553517656018, 43.82233729507756692, 282.5821940213526204 ) ) ;
#7923 = CARTESIAN_POINT ( 'NONE',  ( 150.0000000000000284, -0.1700441024495829567, 208.5255278475402463 ) ) ;
#7924 = CARTESIAN_POINT ( 'NONE',  ( 48.13075551968052679, 29.47560257685517016, 297.4378225018646162 ) ) ;
#7925 = CARTESIAN_POINT ( 'NONE',  ( 1.878238518609093521, 8.033333812045590605, -35.84821112819088995 ) ) ;
#7926 = CARTESIAN_POINT ( 'NONE',  ( 7.500000000000056843, 22.82201237951476713, 408.9657852620900940 ) ) ;
#7927 = CARTESIAN_POINT ( 'NONE',  ( -30.39615338266734312, 30.85180122268453218, 319.6540522468361587 ) ) ;
#7928 = CARTESIAN_POINT ( 'NONE',  ( 29.02427883466031489, 37.37648055512161704, 249.9150429550963395 ) ) ;
#7929 = CARTESIAN_POINT ( 'NONE',  ( 6.094475123785154658, 34.57465195838153704, 337.1773428160958019 ) ) ;
#7930 = CARTESIAN_POINT ( 'NONE',  ( -3.094001100202671495, 27.87474874546403569, 16.86073679022653593 ) ) ;
#7931 = CARTESIAN_POINT ( 'NONE',  ( -2.425002952251398725, 44.62231760798785984, 262.2332400523153524 ) ) ;
#7932 = DIRECTION ( 'NONE',  ( 1.000000000000000000, 0.000000000000000000, -2.379070858319133807E-13 ) ) ;
#7933 = ORIENTED_EDGE ( 'NONE', *, *, #1027, .F. ) ;
#7934 = CARTESIAN_POINT ( 'NONE',  ( -1.766412318821269478, 31.30813071492649513, 362.3161766159863646 ) ) ;
#7935 = CARTESIAN_POINT ( 'NONE',  ( 150.0000000000000000, 15.08964599839784171, 317.3683508197350989 ) ) ;
#7936 = AXIS2_PLACEMENT_3D ( 'NONE', #7806, #1001, #7682 ) ;
#7937 = CARTESIAN_POINT ( 'NONE',  ( 1.996956094114173741, 10.46350476607578983, 486.5475114404366082 ) ) ;
#7938 = CARTESIAN_POINT ( 'NONE',  ( -1.479818109739500231, 35.18138413714750357, 333.6880611724668029 ) ) ;
#7939 = CARTESIAN_POINT ( 'NONE',  ( 5.167694011133795229, 25.21805520900328901, 398.0933951797464943 ) ) ;
#7940 = CARTESIAN_POINT ( 'NONE',  ( 12.86498325474408411, 36.10089679598036838, 319.6322137752414392 ) ) ;
#7941 = CARTESIAN_POINT ( 'NONE',  ( -1.759861688529235524, 43.87780107571119004, 281.5963609325339121 ) ) ;
#7942 = B_SPLINE_CURVE_WITH_KNOTS ( 'NONE', 3,
 ( #8734, #634, #727, #2086 ),
 .UNSPECIFIED., .F., .F.,
 ( 4, 4 ),
 ( 0.2638745106976384536, 0.2701955593612655471 ),
 .UNSPECIFIED. ) ;
#7943 = CIRCLE ( 'NONE', #5811, 1.000000000000000888 ) ;
#7944 = DIRECTION ( 'NONE',  ( 1.000000000000000000, -1.981476982594386177E-15, 1.585181586075508942E-14 ) ) ;
#7945 = DIRECTION ( 'NONE',  ( -0.01708104389933484332, -0.9998541083274644636, 0.000000000000000000 ) ) ;
#7946 = CARTESIAN_POINT ( 'NONE',  ( 27.66326358064004864, 13.52599411192533374, -1.587463340206875628 ) ) ;
#7947 = CARTESIAN_POINT ( 'NONE',  ( 2.063807534392889220, 43.40477166021896949, 281.4147580649274687 ) ) ;
#7948 = CARTESIAN_POINT ( 'NONE',  ( -0.1318546614912452231, 32.39813877424627009, 354.8334761548685492 ) ) ;
#7949 = CARTESIAN_POINT ( 'NONE',  ( -1.866611727019490408, 11.87816490467868569, -28.42495731499281675 ) ) ;
#7950 = ORIENTED_EDGE ( 'NONE', *, *, #7791, .F. ) ;
#7951 =( BOUNDED_SURFACE ( )  B_SPLINE_SURFACE ( 3, 2, ( 
 ( #28, #3369, #6930 ),
 ( #6791, #3458, #4143 ),
 ( #7640, #1284, #8127 ),
 ( #8859, #6884, #119 ) ),
 .UNSPECIFIED., .F., .F., .F. ) 
 B_SPLINE_SURFACE_WITH_KNOTS ( ( 4, 4 ),
 ( 3, 3 ),
 ( 5.551115123125782702E-17, 0.01542836563180295315 ),
 ( 0.000000000000000000, 1.000000000000000000 ),
 .UNSPECIFIED. ) 
 GEOMETRIC_REPRESENTATION_ITEM ( )  RATIONAL_B_SPLINE_SURFACE ( (
 ( 1.000000000000000000, 0.6926416748870927176, 1.000000000000000000),
 ( 1.000000000000000000, 0.6915576595379976377, 1.000000000000000000),
 ( 1.000000000000000000, 0.6903210143715304836, 1.000000000000000000),
 ( 1.000000000000000000, 0.6889837825926614645, 1.000000000000000000) ) ) 
 REPRESENTATION_ITEM ( '' )  SURFACE ( )  );
#7952 = EDGE_CURVE ( 'NONE', #5466, #3373, #2820, .T. ) ;
#7953 = CARTESIAN_POINT ( 'NONE',  ( 0.08406338690362454014, 30.18324465163365744, 370.0756828798382116 ) ) ;
#7954 = CARTESIAN_POINT ( 'NONE',  ( -25.88146977768643353, 34.78065255298628244, 300.6052302639418485 ) ) ;
#7955 = CARTESIAN_POINT ( 'NONE',  ( -0.05377514131307518236, 37.06889502954937399, 317.5662189248790810 ) ) ;
#7956 = B_SPLINE_CURVE_WITH_KNOTS ( 'NONE', 3,
 ( #5420, #1993, #6814, #8881, #6138, #4971, #2213 ),
 .UNSPECIFIED., .F., .F.,
 ( 4, 3, 4 ),
 ( 0.000000000000000000, 0.0004875925916603702907, 0.0004876525916603702054 ),
 .UNSPECIFIED. ) ;
#7957 = CARTESIAN_POINT ( 'NONE',  ( 2.607242444058741615, 37.37777468456540220, 314.5188922231585025 ) ) ;
#7958 = B_SPLINE_CURVE_WITH_KNOTS ( 'NONE', 3,
 ( #4224, #7714, #784, #1591 ),
 .UNSPECIFIED., .F., .F.,
 ( 4, 4 ),
 ( 0.0004051512823304900118, 0.05161218015941444054 ),
 .UNSPECIFIED. ) ;
#7959 = CARTESIAN_POINT ( 'NONE',  ( 19.11250941735427844, 23.10046599506332754, 408.0728612540358426 ) ) ;
#7960 = CARTESIAN_POINT ( 'NONE',  ( -0.003294345898725401563, 37.16042184082672861, 328.4493103031245482 ) ) ;
#7961 = CARTESIAN_POINT ( 'NONE',  ( 26.84769820517946926, 30.90228744987071963, 331.4493103031248893 ) ) ;
#7962 = CARTESIAN_POINT ( 'NONE',  ( 1.788897586348170865, 20.19855326254756278, 444.2540033977297185 ) ) ;
#7963 = DIRECTION ( 'NONE',  ( -1.000000000000000000, 0.000000000000000000, 0.000000000000000000 ) ) ;
#7964 = EDGE_CURVE ( 'NONE', #1685, #5466, #1825, .T. ) ;
#7965 = CARTESIAN_POINT ( 'NONE',  ( -42.93946124019229416, 25.45103403255907182, 317.8738216955256917 ) ) ;
#7966 = CARTESIAN_POINT ( 'NONE',  ( -150.0000000000000000, 14.77013292611521500, 320.0000541252218227 ) ) ;
#7967 = CARTESIAN_POINT ( 'NONE',  ( -1.003294345898726236, 37.16042184082672861, 331.4493103031246051 ) ) ;
#7968 = ORIENTED_EDGE ( 'NONE', *, *, #5883, .T. ) ;
#7969 = CARTESIAN_POINT ( 'NONE',  ( 1.095192390116921599, 40.66671602291768295, 279.6488044663125265 ) ) ;
#7970 = CARTESIAN_POINT ( 'NONE',  ( 41.23236433532566281, 22.69079723528891179, 379.8779995718708165 ) ) ;
#7971 = CARTESIAN_POINT ( 'NONE',  ( -8.226303474830821472, 37.67281173339379308, 309.2006119993039306 ) ) ;
#7972 = CARTESIAN_POINT ( 'NONE',  ( -24.65410726417444565, 32.04270334810212262, 329.0528273922233780 ) ) ;
#7973 = CARTESIAN_POINT ( 'NONE',  ( 2.433532627247624536, 43.83242884999772571, 281.9288011043739743 ) ) ;
#7974 = CARTESIAN_POINT ( 'NONE',  ( -55.43352450434293388, 9.557879841706116153, 226.4234727364798800 ) ) ;
#7975 = CARTESIAN_POINT ( 'NONE',  ( 6.527574704720540133E-14, 37.11676136745941790, 317.3155726089300970 ) ) ;
#7976 = CARTESIAN_POINT ( 'NONE',  ( -0.5290114329605596355, 36.95317085238639265, 318.6031948879619904 ) ) ;
#7977 = CARTESIAN_POINT ( 'NONE',  ( 5.464782804720379694, 41.26731421385152032, 256.1377608585562484 ) ) ;
#7978 = CARTESIAN_POINT ( 'NONE',  ( 30.35216315913274343, 29.04923739187179521, 333.8535023666175903 ) ) ;
#7979 = CARTESIAN_POINT ( 'NONE',  ( -150.0000000000000853, 15.27823658166833454, 249.4146832441057597 ) ) ;
#7980 = CARTESIAN_POINT ( 'NONE',  ( 0.1904766443104751739, 22.83076581420520057, 413.3084249614671535 ) ) ;
#7981 = CARTESIAN_POINT ( 'NONE',  ( 2.066214727982301103, 44.66987313353617139, 261.8751206245502772 ) ) ;
#7982 = ORIENTED_EDGE ( 'NONE', *, *, #5063, .F. ) ;
#7983 = CARTESIAN_POINT ( 'NONE',  ( -40.71542579803806916, 20.79757185504873007, 355.2046622615439446 ) ) ;
#7984 = CARTESIAN_POINT ( 'NONE',  ( -0.5496791856790375075, 25.91683902096197656, 415.4374579817630888 ) ) ;
#7985 = CARTESIAN_POINT ( 'NONE',  ( 1.451531298192344277, -4.583017096774475441, 541.4743903544048180 ) ) ;
#7986 = CARTESIAN_POINT ( 'NONE',  ( -47.83249215928424292, 23.05274548984304062, 323.6519819278802288 ) ) ;
#7987 = CARTESIAN_POINT ( 'NONE',  ( 25.33781285041083819, 22.96339433716645217, 380.1685337648426639 ) ) ;
#7988 = CARTESIAN_POINT ( 'NONE',  ( -0.4565309234637939251, 36.60757514176751926, 321.7022855096425360 ) ) ;
#7989 = CARTESIAN_POINT ( 'NONE',  ( 15.58462099615025132, 37.72181005531398768, 331.4493103031246051 ) ) ;
#7990 = LINE ( 'NONE', #7273, #8387 ) ;
#7991 = DIRECTION ( 'NONE',  ( 0.000000000000000000, 1.000000000000000000, 0.000000000000000000 ) ) ;
#7992 = CARTESIAN_POINT ( 'NONE',  ( 0.000000000000000000, 16.05780648225944418, -18.97418335886999685 ) ) ;
#7993 = B_SPLINE_SURFACE_WITH_KNOTS ( 'NONE', 3, 1, ( 
 ( #1738, #4001 ),
 ( #5306, #5893 ),
 ( #2505, #8625 ),
 ( #6651, #3270 ),
 ( #2459, #5218 ),
 ( #7947, #3909 ),
 ( #3863, #8082 ),
 ( #2641, #475 ),
 ( #8762, #4543 ),
 ( #2594, #7901 ) ),
 .UNSPECIFIED., .F., .F., .F.,
 ( 4, 2, 2, 2, 4 ),
 ( 2, 2 ),
 ( 0.000000000000000000, 0.2500000000000000000, 0.5000000000000000000, 0.7500000000000000000, 1.000000000000000000 ),
 ( 0.000000000000000000, 1.000000000000000000 ),
 .UNSPECIFIED. ) ;
#7994 = CARTESIAN_POINT ( 'NONE',  ( 1.153760518114027578E-13, 39.79232617201920164, 290.3787231414647181 ) ) ;
#7995 = CARTESIAN_POINT ( 'NONE',  ( -0.8666741317026296354, 31.46901978515835552, 29.51441602890792737 ) ) ;
#7996 = VERTEX_POINT ( 'NONE', #4573 ) ;
#7997 = DIRECTION ( 'NONE',  ( 0.0003915563777086260842, 0.000000000000000000, 0.9999999233417986577 ) ) ;
#7998 = CARTESIAN_POINT ( 'NONE',  ( 6.435912630216335195, 31.18925553609544110, 361.4734255188767520 ) ) ;
#7999 = CARTESIAN_POINT ( 'NONE',  ( -20.85062169721629033, 36.53201529567043337, 299.5625799047370492 ) ) ;
#8000 = CARTESIAN_POINT ( 'NONE',  ( 8.063963959525882075, 36.78588393865470607, 317.6506234766277998 ) ) ;
#8001 = CARTESIAN_POINT ( 'NONE',  ( 1.858782004445896918, 37.27905477461706596, 315.5301223684397200 ) ) ;
#8002 = CARTESIAN_POINT ( 'NONE',  ( 6.468616392538223181, 25.69044946229613657, 413.2502128278912323 ) ) ;
#8003 = DIRECTION ( 'NONE',  ( 0.9999999949984913483, -7.499003778521829525E-06, 9.973355644522820793E-05 ) ) ;
#8004 = CARTESIAN_POINT ( 'NONE',  ( 3.532683448833947359, 45.12348189761450357, 262.9537883697043412 ) ) ;
#8005 = CARTESIAN_POINT ( 'NONE',  ( 0.6435512270066479079, 13.79511502585091876, 472.5222654459706177 ) ) ;
#8006 = CARTESIAN_POINT ( 'NONE',  ( 0.2745486297011840993, 25.38130894042846819, 399.2007688516723647 ) ) ;
#8007 = FACE_OUTER_BOUND ( 'NONE', #583, .T. ) ;
#8008 = CARTESIAN_POINT ( 'NONE',  ( -30.40079609246237524, 31.08164201334955479, 317.6220708082651640 ) ) ;
#8009 = CARTESIAN_POINT ( 'NONE',  ( -149.9999999999999716, 14.23858967693923105, 324.3781664693334506 ) ) ;
#8010 = CARTESIAN_POINT ( 'NONE',  ( -3.066662445442833729, 43.38720806061537161, 279.3396071913396668 ) ) ;
#8011 = EDGE_LOOP ( 'NONE', ( #1046, #3002 ) ) ;
#8012 = CARTESIAN_POINT ( 'NONE',  ( 0.3234066728341286612, 39.22156287659645102, 296.6754588262718926 ) ) ;
#8013 = AXIS2_PLACEMENT_3D ( 'NONE', #4047, #8761, #2503 ) ;
#8014 = CARTESIAN_POINT ( 'NONE',  ( 6.000466035610237725, 31.94043151699632688, 379.5629847736018405 ) ) ;
#8015 = CARTESIAN_POINT ( 'NONE',  ( -7.296738846806617218, 37.66485315517058297, 309.9151353446766279 ) ) ;
#8016 = ORIENTED_EDGE ( 'NONE', *, *, #6876, .F. ) ;
#8017 = CARTESIAN_POINT ( 'NONE',  ( -8.920659621106814541, 35.23999477249464718, 330.3619363950559205 ) ) ;
#8018 = CARTESIAN_POINT ( 'NONE',  ( 0.6886475869441021080, 43.82234115592543588, 282.5821941207963732 ) ) ;
#8019 = AXIS2_PLACEMENT_3D ( 'NONE', #5986, #5314, #1932 ) ;
#8020 = CARTESIAN_POINT ( 'NONE',  ( 1.825295035117260989, 20.79892886237578864, -7.076416356319450429 ) ) ;
#8021 = DIRECTION ( 'NONE',  ( -1.000000000000000000, 0.000000000000000000, 0.000000000000000000 ) ) ;
#8022 = CARTESIAN_POINT ( 'NONE',  ( -6.106915472579237836, 36.85560399524086250, 318.1296392484979947 ) ) ;
#8023 = CARTESIAN_POINT ( 'NONE',  ( 9.171394087895123448, 42.46311117462106921, 237.9665775547480848 ) ) ;
#8024 = CARTESIAN_POINT ( 'NONE',  ( 27.15381748465024359, 30.37349658135889285, 334.3769608741816910 ) ) ;
#8025 = CARTESIAN_POINT ( 'NONE',  ( -80.59194385665391280, 16.18280436951648937, 103.7926928775323461 ) ) ;
#8026 = CARTESIAN_POINT ( 'NONE',  ( 0.09173614230473166320, 21.48735332861619796, 420.2331686341270256 ) ) ;
#8027 = CARTESIAN_POINT ( 'NONE',  ( 2.934001094853418756, 40.54081365110893387, 280.1751991139818188 ) ) ;
#8028 = ORIENTED_EDGE ( 'NONE', *, *, #58, .T. ) ;
#8029 = CARTESIAN_POINT ( 'NONE',  ( -33.76024519416668568, 24.56511529585914033, 352.2595158212092770 ) ) ;
#8030 = CARTESIAN_POINT ( 'NONE',  ( 10.55815539007339510, 8.766027140151836150, 480.2865580578388176 ) ) ;
#8031 = CARTESIAN_POINT ( 'NONE',  ( -55.71564899923829728, 1.205407876259681377, 399.7257200711499081 ) ) ;
#8032 = CARTESIAN_POINT ( 'NONE',  ( -0.5276448955326487056, 36.37434834367294911, 323.7306627255210287 ) ) ;
#8033 = CARTESIAN_POINT ( 'NONE',  ( 20.34472915988834529, 23.02063433628974209, 389.6348017708847351 ) ) ;
#8034 = CARTESIAN_POINT ( 'NONE',  ( 6.105755255327080633, 36.46311842061430752, 321.6327735666790204 ) ) ;
#8035 = CARTESIAN_POINT ( 'NONE',  ( 42.96450422769291322, 27.52012913465895849, 331.4493103031245482 ) ) ;
#8036 = CARTESIAN_POINT ( 'NONE',  ( -7.500000000000000000, 24.36919056684536145, 400.8369885875870864 ) ) ;
#8037 = CARTESIAN_POINT ( 'NONE',  ( -48.26500663823176041, 23.08258537076258321, 298.3596272055730196 ) ) ;
#8038 = CARTESIAN_POINT ( 'NONE',  ( -1.203986708643585412E-14, 40.47442735768318300, 281.9339774583896769 ) ) ;
#8039 = CARTESIAN_POINT ( 'NONE',  ( -0.7020998398433726528, 45.86371172239648786, 130.5683831685448695 ) ) ;
#8040 = EDGE_LOOP ( 'NONE', ( #8458, #4950, #8763, #7381 ) ) ;
#8041 = CARTESIAN_POINT ( 'NONE',  ( -7.500000000000000000, 0.000000000000000000, 0.000000000000000000 ) ) ;
#8042 = CARTESIAN_POINT ( 'NONE',  ( 2.487578102995898544, 31.30230901700280199, 362.2085457712760785 ) ) ;
#8043 = CARTESIAN_POINT ( 'NONE',  ( -13.17439058497950377, 38.93934357421444048, 290.1671778121275906 ) ) ;
#8044 = CARTESIAN_POINT ( 'NONE',  ( -0.2556758133695545276, 37.06894789511062527, 317.5644433008842498 ) ) ;
#8045 = LINE ( 'NONE', #2513, #5941 ) ;
#8046 = CARTESIAN_POINT ( 'NONE',  ( 0.000000000000000000, 0.000000000000000000, 0.000000000000000000 ) ) ;
#8047 = CARTESIAN_POINT ( 'NONE',  ( 21.36260671368767916, 32.85527891739889839, 331.4493103031245482 ) ) ;
#8048 = CARTESIAN_POINT ( 'NONE',  ( -12.50381132325683886, 27.83116567873787162, 396.5693299386862805 ) ) ;
#8049 = CARTESIAN_POINT ( 'NONE',  ( -20.54603488240297438, 24.31583813269843475, 383.2621353674560396 ) ) ;
#8050 = FACE_OUTER_BOUND ( 'NONE', #8, .T. ) ;
#8051 = CARTESIAN_POINT ( 'NONE',  ( -10.60454115293272537, 36.70342282626427277, 316.7022426590292525 ) ) ;
#8052 = CARTESIAN_POINT ( 'NONE',  ( 0.5725577439240580047, 23.09808650977305433, 429.9216912165479130 ) ) ;
#8053 = DIRECTION ( 'NONE',  ( 0.000000000000000000, 0.000000000000000000, -1.000000000000000000 ) ) ;
#8054 = ORIENTED_EDGE ( 'NONE', *, *, #2916, .T. ) ;
#8055 = CARTESIAN_POINT ( 'NONE',  ( 27.79701647231158290, 34.66786503186951052, 294.0149446601146224 ) ) ;
#8056 = DIRECTION ( 'NONE',  ( 0.000000000000000000, -1.000000000000000000, 0.000000000000000000 ) ) ;
#8057 = CARTESIAN_POINT ( 'NONE',  ( 0.000000000000000000, 23.07731326548116613, 429.8900929289059150 ) ) ;
#8058 = CARTESIAN_POINT ( 'NONE',  ( 3.997915409286106143E-05, 45.40164259393093005, 260.7912700474692542 ) ) ;
#8059 = VERTEX_POINT ( 'NONE', #461 ) ;
#8060 = CARTESIAN_POINT ( 'NONE',  ( 0.3384779825731820124, 35.53034542765026060, 330.8773668877715295 ) ) ;
#8061 = CARTESIAN_POINT ( 'NONE',  ( 3.524773458002402826, 43.91251472531912015, 280.4195351291480733 ) ) ;
#8062 = EDGE_CURVE ( 'NONE', #8222, #6581, #1222, .T. ) ;
#8063 = CARTESIAN_POINT ( 'NONE',  ( -3.147860296435570415, 24.32371408104542709, 4.633680387658797528 ) ) ;
#8064 = CARTESIAN_POINT ( 'NONE',  ( -0.003294345898725401563, 37.16042184082672861, 334.4493103031246051 ) ) ;
#8065 = CARTESIAN_POINT ( 'NONE',  ( -6.777022584527380822, 36.81983870652178581, 318.1351787898567522 ) ) ;
#8066 = CARTESIAN_POINT ( 'NONE',  ( -0.003426317605555252981, 42.95007216691106322, 244.2414894466226940 ) ) ;
#8067 = CARTESIAN_POINT ( 'NONE',  ( -9.038935942379033861, 44.65478929440413225, 133.3990811073386169 ) ) ;
#8068 = CARTESIAN_POINT ( 'NONE',  ( 0.3032598622236592489, 22.83360740136911815, 413.3181698242211723 ) ) ;
#8069 = CARTESIAN_POINT ( 'NONE',  ( 0.4666624454429352253, 40.46684894411222189, 281.9339774583896769 ) ) ;
#8070 = CARTESIAN_POINT ( 'NONE',  ( 3.066662445442848384, 41.35023385161311182, 269.0810019716528814 ) ) ;
#8071 = CARTESIAN_POINT ( 'NONE',  ( -2.487578102995898544, 31.30230901700280199, 362.2085457712760785 ) ) ;
#8072 = CARTESIAN_POINT ( 'NONE',  ( -0.6656520313713912840, 10.37720417455050104, 486.6216067975119017 ) ) ;
#8073 = ADVANCED_FACE ( 'NONE', ( #375 ), #3943, .T. ) ;
#8074 = ADVANCED_FACE ( 'NONE', ( #1770 ), #4531, .F. ) ;
#8075 = CARTESIAN_POINT ( 'NONE',  ( 2.152184834420973747, -0.9668156101559031157, 529.2511884921991623 ) ) ;
#8076 = CARTESIAN_POINT ( 'NONE',  ( -35.42861221570251473, 27.65960388790569979, 327.2026063991723959 ) ) ;
#8077 = CARTESIAN_POINT ( 'NONE',  ( 36.82982745893981047, 17.80032677515331230, 378.2618942034226848 ) ) ;
#8078 = CARTESIAN_POINT ( 'NONE',  ( 32.00972531075981209, 29.76719959132142179, 322.8169210275286787 ) ) ;
#8079 = CARTESIAN_POINT ( 'NONE',  ( 0.4666624454428986435, 44.78686955249614954, 261.3537278318258927 ) ) ;
#8080 = FACE_OUTER_BOUND ( 'NONE', #1285, .T. ) ;
#8081 = CARTESIAN_POINT ( 'NONE',  ( 0.000000000000000000, 110.3999999999999773, 261.3537278318257790 ) ) ;
#8082 = CARTESIAN_POINT ( 'NONE',  ( 1.775404981749445055, 40.44237786041291116, 281.6068929674624997 ) ) ;
#8083 = ORIENTED_EDGE ( 'NONE', *, *, #7413, .F. ) ;
#8084 = EDGE_LOOP ( 'NONE', ( #1488, #4925, #4389, #262 ) ) ;
#8085 = CARTESIAN_POINT ( 'NONE',  ( -2.238582030903766729, 43.98938502743245493, 105.2905442681973369 ) ) ;
#8086 = ORIENTED_EDGE ( 'NONE', *, *, #1973, .F. ) ;
#8087 = SURFACE_STYLE_FILL_AREA ( #1239 ) ;
#8088 = CARTESIAN_POINT ( 'NONE',  ( 33.76024519416668568, 24.56511529585914033, 352.2595158212092770 ) ) ;
#8089 = AXIS2_PLACEMENT_3D ( 'NONE', #3812, #5889, #3180 ) ;
#8090 = CARTESIAN_POINT ( 'NONE',  ( 0.09048681301800218235, 39.96454296043388865, 288.0646019452385644 ) ) ;
#8091 = CARTESIAN_POINT ( 'NONE',  ( -0.05381029272489253057, 37.01166457786722219, 318.0834202741795593 ) ) ;
#8092 = CARTESIAN_POINT ( 'NONE',  ( 12.66938571328080521, 24.59579707530467019, 411.4885891455984392 ) ) ;
#8093 = CARTESIAN_POINT ( 'NONE',  ( -3.038931824933655879, 45.20420631748378071, 262.0356027513757908 ) ) ;
#8094 = CARTESIAN_POINT ( 'NONE',  ( 0.000000000000000000, -19.80119957717566237, -71.13603959821548983 ) ) ;
#8095 = CARTESIAN_POINT ( 'NONE',  ( -149.9999999999995453, 8.360301161202400522, 362.6762669712815068 ) ) ;
#8096 = CARTESIAN_POINT ( 'NONE',  ( -9.632433770818231267, 27.42177150273777286, 382.2226754086966025 ) ) ;
#8097 = CARTESIAN_POINT ( 'NONE',  ( 29.21924492786419592, 30.26687005354008519, 328.5928734457606879 ) ) ;
#8098 = CARTESIAN_POINT ( 'NONE',  ( -8.065277180593184880, 36.89498390346105339, 316.6574332864665848 ) ) ;
#8099 = CARTESIAN_POINT ( 'NONE',  ( 0.6201986524214535557, 17.04685725042859801, 458.4078278594934659 ) ) ;
#8100 = DIRECTION ( 'NONE',  ( 0.000000000000000000, 0.000000000000000000, 1.000000000000000000 ) ) ;
#8101 = EDGE_LOOP ( 'NONE', ( #1641, #2759, #2959, #5852 ) ) ;
#8102 = CARTESIAN_POINT ( 'NONE',  ( 1.865848264152708325, 39.18837233240937934, 296.8227367152956617 ) ) ;
#8103 = CARTESIAN_POINT ( 'NONE',  ( -0.1604940974394999664, 45.39646117180507190, 260.7911836234283101 ) ) ;
#8104 = CARTESIAN_POINT ( 'NONE',  ( -21.08608623667027970, 39.84124099438811584, 252.3499864670367572 ) ) ;
#8105 = CARTESIAN_POINT ( 'NONE',  ( 13.31731313304985065, 39.58377582248513704, 320.0000000000000568 ) ) ;
#8106 = ORIENTED_EDGE ( 'NONE', *, *, #478, .T. ) ;
#8107 = CARTESIAN_POINT ( 'NONE',  ( 86.87707805841237985, -10.34748271511437778, 49.68820832564044565 ) ) ;
#8108 = AXIS2_PLACEMENT_3D ( 'NONE', #4038, #1223, #4621 ) ;
#8109 = CARTESIAN_POINT ( 'NONE',  ( 2.083899330413589546, 43.82413781222020077, 282.1607057518242527 ) ) ;
#8110 = CARTESIAN_POINT ( 'NONE',  ( -2.883333089012468431, 37.06396331801435196, 58.55160058116674549 ) ) ;
#8111 = LINE ( 'NONE', #4708, #5545 ) ;
#8112 = CARTESIAN_POINT ( 'NONE',  ( -28.78169045596157005, 31.66058260335986319, 318.8260794297339658 ) ) ;
#8113 = CARTESIAN_POINT ( 'NONE',  ( -0.4451385863771186169, 42.97406578764935858, 244.1790890147221660 ) ) ;
#8114 = CARTESIAN_POINT ( 'NONE',  ( 0.5416989483541193584, 47.07227379654968757, 229.0552716760062992 ) ) ;
#8115 = CARTESIAN_POINT ( 'NONE',  ( 0.1999424445969160136, 21.49052931914126319, 420.2414695183423419 ) ) ;
#8116 = DIRECTION ( 'NONE',  ( 0.000000000000000000, 0.000000000000000000, -1.000000000000000000 ) ) ;
#8117 = ORIENTED_EDGE ( 'NONE', *, *, #6108, .F. ) ;
#8118 = CARTESIAN_POINT ( 'NONE',  ( 0.4901558410573429447, 31.31001053915621313, 362.6189545094670166 ) ) ;
#8119 = CARTESIAN_POINT ( 'NONE',  ( 149.9999999999994884, 5.740427124744100773, 378.1347507846561484 ) ) ;
#8120 = LINE ( 'NONE', #3362, #5388 ) ;
#8121 = CARTESIAN_POINT ( 'NONE',  ( -0.7197581593268239653, 36.37367970676473306, 323.7269365007916804 ) ) ;
#8122 = CARTESIAN_POINT ( 'NONE',  ( 0.6398752432160966785, 24.10907818303601857, 406.2075457170515165 ) ) ;
#8123 = CARTESIAN_POINT ( 'NONE',  ( 14.92707513957823018, 35.31843520822449989, 323.3922668670257963 ) ) ;
#8124 = CARTESIAN_POINT ( 'NONE',  ( 26.79130003566625007, 34.61032764009687668, 331.4493103031246051 ) ) ;
#8125 = CARTESIAN_POINT ( 'NONE',  ( 1.897887140548182083, -1.930630389853631890, -51.65318905880917555 ) ) ;
#8126 = CARTESIAN_POINT ( 'NONE',  ( -48.93205100325172197, 23.08258537076258321, 280.3525527939733024 ) ) ;
#8127 = CARTESIAN_POINT ( 'NONE',  ( -3.694812860762751949, 44.73018828581401607, 269.1210557679027033 ) ) ;
#8128 = ORIENTED_EDGE ( 'NONE', *, *, #104, .F. ) ;
#8129 = ORIENTED_EDGE ( 'NONE', *, *, #7905, .T. ) ;
#8130 = CARTESIAN_POINT ( 'NONE',  ( 54.82390645621840264, 12.55502082587985413, 233.5480463257898407 ) ) ;
#8131 = VERTEX_POINT ( 'NONE', #3214 ) ;
#8132 = PLANE ( 'NONE',  #1979 ) ;
#8133 = CARTESIAN_POINT ( 'NONE',  ( 3.854725433135243851, 28.95460664262590456, 376.7885611111496473 ) ) ;
#8134 = CARTESIAN_POINT ( 'NONE',  ( -48.35050290938603723, 25.53063939207156352, 299.5956745010770419 ) ) ;
#8135 = CARTESIAN_POINT ( 'NONE',  ( 4.040422058982747977, 36.88876539327072379, 318.6200407428098060 ) ) ;
#8136 = EDGE_CURVE ( 'NONE', #6094, #1193, #2265, .T. ) ;
#8137 = CARTESIAN_POINT ( 'NONE',  ( -2.998894493888414559, 43.40477166021896949, 280.0191164537584996 ) ) ;
#8138 = CARTESIAN_POINT ( 'NONE',  ( 1.321815368022304371, 45.34852105387628995, 260.8935140389548906 ) ) ;
#8139 = CARTESIAN_POINT ( 'NONE',  ( 0.000000000000000000, -14.90059978858783118, -66.09690123838019815 ) ) ;
#8140 = CARTESIAN_POINT ( 'NONE',  ( -41.93462905618955716, 26.32851893096475138, 364.7381377576680279 ) ) ;
#8141 = CARTESIAN_POINT ( 'NONE',  ( -30.09972751211974540, 21.36830810917279067, 377.0640921861419770 ) ) ;
#8142 = CARTESIAN_POINT ( 'NONE',  ( 2.485850174099054843, 35.52077906616744229, 330.7381160997251186 ) ) ;
#8143 = EDGE_LOOP ( 'NONE', ( #3734, #628, #4067, #2657 ) ) ;
#8144 = CARTESIAN_POINT ( 'NONE',  ( -24.00662163317851139, 33.74000593140232951, 317.0281772047592312 ) ) ;
#8145 = CARTESIAN_POINT ( 'NONE',  ( 0.000000000000000000, 20.11671744806442774, 444.2109482500774220 ) ) ;
#8146 = CARTESIAN_POINT ( 'NONE',  ( -5.464712794160148768, 189.1210325244939554, 267.9569137512659722 ) ) ;
#8147 = ORIENTED_EDGE ( 'NONE', *, *, #3071, .T. ) ;
#8148 = CARTESIAN_POINT ( 'NONE',  ( 10.85211911042297572, 39.27199676080335422, 289.7112706010084366 ) ) ;
#8149 = CARTESIAN_POINT ( 'NONE',  ( -0.1593433520214383448, 45.36129378076440588, 261.3537278319253119 ) ) ;
#8150 = CARTESIAN_POINT ( 'NONE',  ( -30.08942006302480721, 36.52553781239195274, 258.6497176429022034 ) ) ;
#8151 = CARTESIAN_POINT ( 'NONE',  ( 56.79090820126123873, -0.6367270459114310333, 407.3366011671671458 ) ) ;
#8152 = CARTESIAN_POINT ( 'NONE',  ( 0.000000000000000000, 60.00000000000000711, 255.0493127239866169 ) ) ;
#8153 = VERTEX_POINT ( 'NONE', #2778 ) ;
#8154 = CARTESIAN_POINT ( 'NONE',  ( -1.904943872151217965, -9.951894290560517220, -61.04478972313617646 ) ) ;
#8155 = CARTESIAN_POINT ( 'NONE',  ( -14.46469702527344836, 41.04716741436546812, 255.0493122068339176 ) ) ;
#8156 = CARTESIAN_POINT ( 'NONE',  ( -23.38038312808035002, 37.38833027712956891, 92.04395209074077400 ) ) ;
#8157 = CARTESIAN_POINT ( 'NONE',  ( 2.195384728526888374, -9.905849853371190505, 558.8450598447288939 ) ) ;
#8158 = VECTOR ( 'NONE', #2392, 999.9999999999998863 ) ;
#8159 = CARTESIAN_POINT ( 'NONE',  ( -30.39798363599423681, 30.99036788974501633, 318.4352733414858108 ) ) ;
#8160 = CARTESIAN_POINT ( 'NONE',  ( 0.4327884286338381514, 42.92556899380683433, 244.3098010091404433 ) ) ;
#8161 = CARTESIAN_POINT ( 'NONE',  ( 0.000000000000000000, 47.62041242848380307, 205.0701292695992777 ) ) ;
#8162 = CARTESIAN_POINT ( 'NONE',  ( 22.01802724243391651, 40.49517762205267246, 116.2537897038075414 ) ) ;
#8163 = FACE_OUTER_BOUND ( 'NONE', #6470, .T. ) ;
#8164 = CARTESIAN_POINT ( 'NONE',  ( 0.000000000000000000, 40.87098994107715555, 315.0578647176079130 ) ) ;
#8165 = CARTESIAN_POINT ( 'NONE',  ( 0.06893507239410863463, 33.48534105466773525, 347.0854043646374976 ) ) ;
#8166 = CARTESIAN_POINT ( 'NONE',  ( 9.631319324692816153, -9.937326209155806112, 546.2879777790365097 ) ) ;
#8167 = AXIS2_PLACEMENT_3D ( 'NONE', #4949, #2832, #2153 ) ;
#8168 = CARTESIAN_POINT ( 'NONE',  ( -87.16474666623552991, -18.22885969961632213, 41.61352295269925605 ) ) ;
#8169 = CARTESIAN_POINT ( 'NONE',  ( 0.05643846390702837029, 36.13785311389263200, 325.7655574851256688 ) ) ;
#8170 = CARTESIAN_POINT ( 'NONE',  ( 1.039398557108119014, 24.09973215399785573, 406.1547716780646056 ) ) ;
#8171 = CARTESIAN_POINT ( 'NONE',  ( 6.104976953502514014, 36.23489525218340646, 323.6151271184231746 ) ) ;
#8172 = CARTESIAN_POINT ( 'NONE',  ( -0.02226406143869131757, 44.80322646709594636, 261.3537278318254948 ) ) ;
#8173 = CARTESIAN_POINT ( 'NONE',  ( -0.000000000000000000, -5.832248506198543403, -56.54747634531298672 ) ) ;
#8174 = DIRECTION ( 'NONE',  ( 0.000000000000000000, 1.000000000000000000, 0.000000000000000000 ) ) ;
#8175 = CARTESIAN_POINT ( 'NONE',  ( -7.500000000000000000, 18.81336334461916948, 425.6312990209411282 ) ) ;
#8176 = EDGE_LOOP ( 'NONE', ( #6818, #1728, #2740 ) ) ;
#8177 = ORIENTED_EDGE ( 'NONE', *, *, #8614, .T. ) ;
#8178 = CARTESIAN_POINT ( 'NONE',  ( 23.38038312808035002, 37.38833027712956891, 92.04395209074077400 ) ) ;
#8179 = ORIENTED_EDGE ( 'NONE', *, *, #594, .F. ) ;
#8180 = CARTESIAN_POINT ( 'NONE',  ( -0.2270909069786540280, 29.01364086312494805, 377.4892464202384872 ) ) ;
#8181 = CARTESIAN_POINT ( 'NONE',  ( -1.090365611298348414, 41.31448362890724724, 270.9674454845504101 ) ) ;
#8182 = EDGE_CURVE ( 'NONE', #3003, #2550, #3308, .T. ) ;
#8183 = CARTESIAN_POINT ( 'NONE',  ( 3.332688726258602241, 36.91227440341214816, 318.6164232541418073 ) ) ;
#8184 = CARTESIAN_POINT ( 'NONE',  ( 48.87771972148208022, 27.31043583761969984, 276.9350035888970183 ) ) ;
#8185 = CARTESIAN_POINT ( 'NONE',  ( -41.15579822157624790, 28.28116118385899469, 331.4493103031246051 ) ) ;
#8186 = CARTESIAN_POINT ( 'NONE',  ( 28.58244982384469424, -15.21890313945408657, -45.70561207615780575 ) ) ;
#8187 = CARTESIAN_POINT ( 'NONE',  ( -149.9999999999996589, 3.010335517173705178, 393.8851699768119943 ) ) ;
#8188 = CARTESIAN_POINT ( 'NONE',  ( -23.91998493740180365, 24.65681925766139670, 374.9690709480651094 ) ) ;
#8189 = CARTESIAN_POINT ( 'NONE',  ( 7.704188304954917577, 35.31840883961971400, 330.4383684205492386 ) ) ;
#8190 = ORIENTED_EDGE ( 'NONE', *, *, #8417, .T. ) ;
#8191 = EDGE_CURVE ( 'NONE', #1519, #3596, #3511, .T. ) ;
#8192 = CARTESIAN_POINT ( 'NONE',  ( -0.3355716686226678513, 37.40683296102205446, 314.4644187382718883 ) ) ;
#8193 = EDGE_CURVE ( 'NONE', #30, #724, #8528, .T. ) ;
#8194 = LINE ( 'NONE', #1397, #7436 ) ;
#8195 = ORIENTED_EDGE ( 'NONE', *, *, #822, .T. ) ;
#8196 = CARTESIAN_POINT ( 'NONE',  ( -0.2749049368708468832, 39.22959732166025049, 296.6232835866001665 ) ) ;
#8197 = CARTESIAN_POINT ( 'NONE',  ( -32.03668176044626392, 16.93274438325534348, 392.0303838916270252 ) ) ;
#8198 = CYLINDRICAL_SURFACE ( 'NONE', #8810, 24.40000000000008740 ) ;
#8199 = CARTESIAN_POINT ( 'NONE',  ( -11.58104233957774376, 41.44814964460795892, 256.3708906078248901 ) ) ;
#8200 = CARTESIAN_POINT ( 'NONE',  ( -0.6857961776820891142, 6.775705951531614701, 500.7587486378974972 ) ) ;
#8201 = ORIENTED_EDGE ( 'NONE', *, *, #4612, .T. ) ;
#8202 = CARTESIAN_POINT ( 'NONE',  ( 0.000000000000000000, -8.574914396861032628, -59.59239050809556204 ) ) ;
#8203 = CARTESIAN_POINT ( 'NONE',  ( -22.55721861881688639, 39.28313109292242444, 255.0493119175037862 ) ) ;
#8204 = CARTESIAN_POINT ( 'NONE',  ( -28.50883732786508773, 35.62881153460747896, 280.0493215312087614 ) ) ;
#8205 = CARTESIAN_POINT ( 'NONE',  ( 1.578577519813644470, 40.94661473732806911, 79.90822356737034227 ) ) ;
#8206 = CARTESIAN_POINT ( 'NONE',  ( 1.463589819017925731, -9.937233235580697155, 558.8774522703039338 ) ) ;
#8207 = CARTESIAN_POINT ( 'NONE',  ( 2.778669180242390624, 42.77444990941938130, 244.8077520474519702 ) ) ;
#8208 = CARTESIAN_POINT ( 'NONE',  ( -16.66315168157811755, 45.58974530259764180, 211.4847522036016585 ) ) ;
#8209 = CARTESIAN_POINT ( 'NONE',  ( -0.7020998398433726528, 45.86371172239648786, 130.5683831685448695 ) ) ;
#8210 = CARTESIAN_POINT ( 'NONE',  ( -28.04969546612305464, 18.10825299593320281, 395.5761384762850525 ) ) ;
#8211 = CARTESIAN_POINT ( 'NONE',  ( -0.003464467700612516507, 26.16386474851795541, 413.8493118416964194 ) ) ;
#8212 = CARTESIAN_POINT ( 'NONE',  ( 0.4560191136925807465, 33.48299024656799361, 347.1228331186740093 ) ) ;
#8213 = CARTESIAN_POINT ( 'NONE',  ( 0.000000000000000000, -9.605528623052503434, 557.6875022617330160 ) ) ;
#8214 = CARTESIAN_POINT ( 'NONE',  ( -0.000000000000000000, -19.80119957717566237, -71.13603959821548983 ) ) ;
#8215 = CARTESIAN_POINT ( 'NONE',  ( -0.7208842533493078353, 36.83716990591619833, 319.6331860535306078 ) ) ;
#8216 = CARTESIAN_POINT ( 'NONE',  ( 1.795623685508036305, 24.07810281917300088, 406.0281073897127726 ) ) ;
#8217 = CARTESIAN_POINT ( 'NONE',  ( 32.00680772341570446, 29.57474037847426018, 324.3775425049871615 ) ) ;
#8218 = CARTESIAN_POINT ( 'NONE',  ( -56.44355950920334664, -5.401506154520962610, 202.8927154750770683 ) ) ;
#8219 = CARTESIAN_POINT ( 'NONE',  ( -0.000000000000000000, 45.32336914314443277, 261.0878856513671735 ) ) ;
#8220 = CARTESIAN_POINT ( 'NONE',  ( 8.966662445443065010, 185.3346068197645025, 318.3147629942843082 ) ) ;
#8221 = EDGE_LOOP ( 'NONE', ( #7220, #6511, #7641, #5120 ) ) ;
#8222 = VERTEX_POINT ( 'NONE', #4037 ) ;
#8223 = CARTESIAN_POINT ( 'NONE',  ( 46.58558245345534488, 37.13275647413672687, 271.3152778191255265 ) ) ;
#8224 = CARTESIAN_POINT ( 'NONE',  ( -12.80988238873933582, 34.04391186842434536, 336.4693121193430443 ) ) ;
#8225 = CARTESIAN_POINT ( 'NONE',  ( 12.79194951921696344, 28.27286016164848093, 373.9005888981245107 ) ) ;
#8226 = CARTESIAN_POINT ( 'NONE',  ( 0.3468182327297201772, 41.36551339397337301, 270.7603846842433200 ) ) ;
#8227 = CARTESIAN_POINT ( 'NONE',  ( 22.36473167099352466, 34.09792662157495613, 318.7565993438531677 ) ) ;
#8228 = CARTESIAN_POINT ( 'NONE',  ( -0.3177763530495823496, 43.88111501222623190, 281.9339774584734073 ) ) ;
#8229 = CARTESIAN_POINT ( 'NONE',  ( 2.903687558361933263, 45.22068834959318195, 261.8716653925709466 ) ) ;
#8230 = CARTESIAN_POINT ( 'NONE',  ( -0.9524719360756089825, -9.975947145280258610, -61.05127630084054857 ) ) ;
#8231 = CARTESIAN_POINT ( 'NONE',  ( -10.87137964986494865, 12.27380154565681281, 466.5267389959417415 ) ) ;
#8232 = CARTESIAN_POINT ( 'NONE',  ( -40.67086554504329854, 17.66280895764747783, 370.8970246254824588 ) ) ;
#8233 = CARTESIAN_POINT ( 'NONE',  ( 11.17314836248363541, 35.02366496740771140, 330.2073076189003586 ) ) ;
#8234 = VERTEX_POINT ( 'NONE', #8303 ) ;
#8235 = CIRCLE ( 'NONE', #6518, 3.000000000000037748 ) ;
#8236 = CARTESIAN_POINT ( 'NONE',  ( 0.05457583657155327950, 37.51937786674633202, 313.4150746469889555 ) ) ;
#8237 = CARTESIAN_POINT ( 'NONE',  ( 5.464782804720388576, 189.1735176332723825, 267.2588841577981498 ) ) ;
#8238 = ORIENTED_EDGE ( 'NONE', *, *, #534, .T. ) ;
#8239 = CARTESIAN_POINT ( 'NONE',  ( 6.801240655337225327, 38.16700531573403055, 305.5772578242053896 ) ) ;
#8240 = CARTESIAN_POINT ( 'NONE',  ( 0.4666624454429352253, 43.22798668596863791, 281.9339774583896769 ) ) ;
#8241 = DIRECTION ( 'NONE',  ( 0.000000000000000000, 0.5273291391947593221, -0.8496610965297364260 ) ) ;
#8242 = CARTESIAN_POINT ( 'NONE',  ( -3.604372715289773321, 42.71168264106030676, 245.0373347805171989 ) ) ;
#8243 = AXIS2_PLACEMENT_3D ( 'NONE', #1371, #8116, #8847 ) ;
#8244 = CARTESIAN_POINT ( 'NONE',  ( 10.27266192055210858, 5.123073895678157186, 494.0455122256950062 ) ) ;
#8245 = CARTESIAN_POINT ( 'NONE',  ( 0.000000000000000000, 45.40165219869580682, 260.7912705906431938 ) ) ;
#8246 = EDGE_LOOP ( 'NONE', ( #6852, #5672, #6839, #7428, #275 ) ) ;
#8247 = CARTESIAN_POINT ( 'NONE',  ( -2.828850581790790741, 5.001803398302538284, -41.24894196002799873 ) ) ;
#8248 = EDGE_CURVE ( 'NONE', #2126, #8153, #6028, .T. ) ;
#8249 = CARTESIAN_POINT ( 'NONE',  ( -48.44317501868728471, 27.64745359314383322, 274.4360826624404126 ) ) ;
#8250 = B_SPLINE_CURVE_WITH_KNOTS ( 'NONE', 3,
 ( #4673, #1281, #3178, #5975, #8666, #4045, #470, #5442, #5258, #609, #2685, #3366, #1873, #1096, #3858, #3905 ),
 .UNSPECIFIED., .F., .F.,
 ( 4, 2, 2, 2, 2, 2, 2, 4 ),
 ( 2.254406477835270152E-16, 0.0005077422019169053335, 0.001015484403833585370, 0.001523226605750265189, 0.002030968807666945226, 0.002538711009583625479, 0.003046453211500305298, 0.004061937615333666672 ),
 .UNSPECIFIED. ) ;
#8251 =( BOUNDED_SURFACE ( )  B_SPLINE_SURFACE ( 3, 2, ( 
 ( #5999, #3074, #3751 ),
 ( #7922, #1759, #6501 ),
 ( #4608, #5239, #5827 ),
 ( #1076, #7339, #3930 ),
 ( #7879, #6672, #8601 ),
 ( #498, #2436, #1717 ),
 ( #362, #7297, #992 ),
 ( #8738, #5912, #1123 ),
 ( #6630, #3883, #1852 ),
 ( #451, #2571, #8646 ),
 ( #5868, #5327, #3249 ),
 ( #4521, #5195, #321 ),
 ( #3837, #3114, #1672 ),
 ( #6585, #2525, #1805 ),
 ( #5152, #4435, #3203 ),
 ( #5957, #7169, #8558 ) ),
 .UNSPECIFIED., .F., .F., .F. ) 
 B_SPLINE_SURFACE_WITH_KNOTS ( ( 4, 2, 2, 2, 2, 2, 2, 4 ),
 ( 3, 3 ),
 ( 1.357421119951851551E-16, 0.0006258167428183602750, 0.001251633485636584808, 0.001877450228454809449, 0.002503266971273033874, 0.003129083714091258298, 0.003754900456909482723, 0.005006533942545931572 ),
 ( 0.000000000000000000, 1.000000000000000000 ),
 .UNSPECIFIED. ) 
 GEOMETRIC_REPRESENTATION_ITEM ( )  RATIONAL_B_SPLINE_SURFACE ( (
 ( 1.000000000000000000, 0.6780453355898899970, 1.000000000000000000),
 ( 1.000000000000000000, 0.6776833541447954135, 1.000000000000000000),
 ( 1.000000000000000000, 0.6774368886137682733, 1.000000000000000000),
 ( 1.000000000000000000, 0.6771394011031728333, 1.000000000000000000),
 ( 1.000000000000000000, 0.6770885410311386909, 1.000000000000000000),
 ( 1.000000000000000000, 0.6772115507152851599, 1.000000000000000000),
 ( 1.000000000000000000, 0.6773770702860374415, 1.000000000000000000),
 ( 1.000000000000000000, 0.6779432847726546418, 1.000000000000000000),
 ( 1.000000000000000000, 0.6783483231433814487, 1.000000000000000000),
 ( 1.000000000000000000, 0.6794438053146490963, 1.000000000000000000),
 ( 1.000000000000000000, 0.6801129533297044505, 1.000000000000000000),
 ( 1.000000000000000000, 0.6817740202761463086, 1.000000000000000000),
 ( 1.000000000000000000, 0.6827473713736096350, 1.000000000000000000),
 ( 1.000000000000000000, 0.6861994555909585181, 1.000000000000000000),
 ( 1.000000000000000000, 0.6891020860441707807, 1.000000000000000000),
 ( 1.000000000000000000, 0.6926416748870882767, 1.000000000000000000) ) ) 
 REPRESENTATION_ITEM ( '' )  SURFACE ( )  );
#8252 = CARTESIAN_POINT ( 'NONE',  ( 24.00662163317851849, 33.74000593140232951, 317.0281772047592881 ) ) ;
#8253 = CARTESIAN_POINT ( 'NONE',  ( -32.24669229427554029, 34.43349546441255882, 274.9056253873099536 ) ) ;
#8254 = CARTESIAN_POINT ( 'NONE',  ( -9.038935942379033861, 44.65478929440413225, 133.3990811073386169 ) ) ;
#8255 = CARTESIAN_POINT ( 'NONE',  ( -60.00892403416684573, -10.87759879526569584, 448.8723920580213189 ) ) ;
#8256 = CARTESIAN_POINT ( 'NONE',  ( 8.076808706768781931, 41.85959223000482154, 255.2307373242528286 ) ) ;
#8257 = CARTESIAN_POINT ( 'NONE',  ( 0.000000000000000000, 47.65165836710342973, 180.5788067618912009 ) ) ;
#8258 = CARTESIAN_POINT ( 'NONE',  ( 7.846345050770216822, 46.81194873575534388, 182.9037947448233012 ) ) ;
#8259 = CARTESIAN_POINT ( 'NONE',  ( -7.308714808525809126, 23.78199999639198836, 404.2324453739463479 ) ) ;
#8260 = CARTESIAN_POINT ( 'NONE',  ( -0.01039337678575912548, 26.16357771467291116, 413.8493118463000542 ) ) ;
#8261 = CARTESIAN_POINT ( 'NONE',  ( -26.00165441996824001, 28.63197446189919404, 348.8046209056673774 ) ) ;
#8262 = CARTESIAN_POINT ( 'NONE',  ( 36.39338372330776394, -3.366029079672264057, 468.1666420047091037 ) ) ;
#8263 = CARTESIAN_POINT ( 'NONE',  ( 7.199780051661552882E-18, 36.16042726719889799, 334.4493103031246051 ) ) ;
#8264 = CARTESIAN_POINT ( 'NONE',  ( -5.435695372033353401, 36.49757427158694867, 321.6403924366821343 ) ) ;
#8265 = CARTESIAN_POINT ( 'NONE',  ( 12.15440032343110488, 23.23033100938510032, 401.4538862775860366 ) ) ;
#8266 = CARTESIAN_POINT ( 'NONE',  ( 18.85352768304043991, 34.33759299298893097, 325.0723687042228107 ) ) ;
#8267 = CARTESIAN_POINT ( 'NONE',  ( -12.54926442142181209, -19.83559714904187743, -65.17547834017919683 ) ) ;
#8268 = DIRECTION ( 'NONE',  ( 1.000000000000000000, 0.000000000000000000, 0.000000000000000000 ) ) ;
#8269 = DIRECTION ( 'NONE',  ( 0.000000000000000000, 1.000000000000000000, 0.000000000000000000 ) ) ;
#8270 = ORIENTED_EDGE ( 'NONE', *, *, #641, .F. ) ;
#8271 = ORIENTED_EDGE ( 'NONE', *, *, #7406, .F. ) ;
#8272 = CARTESIAN_POINT ( 'NONE',  ( 2.157746065596713780, 47.43923580062173784, 180.7376766213325539 ) ) ;
#8273 = B_SPLINE_CURVE_WITH_KNOTS ( 'NONE', 3,
 ( #3922, #8638, #3782, #8726, #1843, #6533, #444, #3971, #7243, #3195, #354, #2473, #491, #3108, #4601, #5231, #7332, #6664 ),
 .UNSPECIFIED., .F., .F.,
 ( 4, 2, 2, 2, 2, 2, 2, 2, 4 ),
 ( 0.003653831482005600543, 0.009540650297347767414, 0.01542746911268993472, 0.02131428792803210376, 0.02720110674337427106, 0.03308792555871643837, 0.03897474437405860220, 0.04486156318940076604, 0.05074838200474293681 ),
 .UNSPECIFIED. ) ;
#8274 = CARTESIAN_POINT ( 'NONE',  ( 0.2696621150867594130, 34.68653552190095013, 337.6966557783264307 ) ) ;
#8275 = CARTESIAN_POINT ( 'NONE',  ( 22.65564933060240094, 27.48437124903797368, 363.0176984742264494 ) ) ;
#8276 = CARTESIAN_POINT ( 'NONE',  ( -3.452813682165641218, 41.19866325429660492, 271.4062947774348231 ) ) ;
#8277 = CARTESIAN_POINT ( 'NONE',  ( 16.99652001366924736, 35.55533279151309500, 318.2389086762455008 ) ) ;
#8278 = CARTESIAN_POINT ( 'NONE',  ( 44.79208460059819430, 26.80341731187045440, 331.4493103031246619 ) ) ;
#8279 = CARTESIAN_POINT ( 'NONE',  ( -5.464712794160139886, 41.94907476696410953, 256.8909986606661278 ) ) ;
#8280 = CARTESIAN_POINT ( 'NONE',  ( 3.330844985526232982, -5.949735992423210718, -56.59751504260918864 ) ) ;
#8281 = CARTESIAN_POINT ( 'NONE',  ( -37.43434600815625402, 3.497723437920143397, 446.0507749091595429 ) ) ;
#8282 = CARTESIAN_POINT ( 'NONE',  ( -24.07013122845820874, 25.82529025307336568, 368.6379137532583741 ) ) ;
#8283 = CARTESIAN_POINT ( 'NONE',  ( 1.415970730739193328, 35.53057981483884475, 330.7924709786833546 ) ) ;
#8284 = EDGE_LOOP ( 'NONE', ( #7765, #2362, #6142, #6654, #765, #7234, #6317 ) ) ;
#8285 = CARTESIAN_POINT ( 'NONE',  ( 0.05416972675683390942, 37.40820310835611906, 314.4554875871040736 ) ) ;
#8286 = CARTESIAN_POINT ( 'NONE',  ( 39.25643550211049870, 28.66272910211724678, 303.4438160244548612 ) ) ;
#8287 = DIRECTION ( 'NONE',  ( -1.000000000000000000, 0.000000000000000000, 0.000000000000000000 ) ) ;
#8288 = CARTESIAN_POINT ( 'NONE',  ( 7.500000000000000000, 20.81336334461917303, 425.6312990209411282 ) ) ;
#8289 = CARTESIAN_POINT ( 'NONE',  ( 0.2221043461508986905, 42.96213528932826620, 244.2089748040614836 ) ) ;
#8290 = CARTESIAN_POINT ( 'NONE',  ( 2.172075125309121724, 16.89621306203804707, 458.4249543244469578 ) ) ;
#8291 = ORIENTED_EDGE ( 'NONE', *, *, #5574, .F. ) ;
#8292 = CARTESIAN_POINT ( 'NONE',  ( -2.853196301606920837, -5.731608919956029169, -56.50461328002980821 ) ) ;
#8293 = DIRECTION ( 'NONE',  ( 1.000000000000000000, 0.000000000000000000, 0.000000000000000000 ) ) ;
#8294 = CARTESIAN_POINT ( 'NONE',  ( 10.60647781570499859, 36.81062806897856632, 315.7234095570921113 ) ) ;
#8295 = CARTESIAN_POINT ( 'NONE',  ( -33.87853305579444196, 33.64775045199471037, 275.8926570836015912 ) ) ;
#8296 = CARTESIAN_POINT ( 'NONE',  ( -46.58558245345534488, 37.13275647413672687, 271.3152778191255265 ) ) ;
#8297 = CARTESIAN_POINT ( 'NONE',  ( 1.462097396393197579, -8.755891532203142091, 555.1105562664688478 ) ) ;
#8298 = CARTESIAN_POINT ( 'NONE',  ( 4.267140641170951376, 41.67933265333108039, 262.8481419181161982 ) ) ;
#8299 = EDGE_CURVE ( 'NONE', #920, #5466, #4657, .T. ) ;
#8300 = COLOUR_RGB ( '',0.7921568627450980005, 0.8196078431372548767, 0.9333333333333333481 ) ;
#8301 = CARTESIAN_POINT ( 'NONE',  ( 50.87203371489453474, 19.93273469430910438, 264.0063586441475536 ) ) ;
#8302 = CARTESIAN_POINT ( 'NONE',  ( -12.88626958704470304, 21.73961780390661502, 407.5588979362304940 ) ) ;
#8303 = CARTESIAN_POINT ( 'NONE',  ( 0.4666624454428923707, 41.94217851116191298, 261.3537278318258927 ) ) ;
#8304 = CARTESIAN_POINT ( 'NONE',  ( -0.4845778419794860570, 32.40054150592010274, 354.7632969684732416 ) ) ;
#8305 = CARTESIAN_POINT ( 'NONE',  ( 2.554997525492479937, -7.414538782993829180, 550.3635908939758110 ) ) ;
#8306 = EDGE_CURVE ( 'NONE', #5463, #8529, #7107, .T. ) ;
#8307 = AXIS2_PLACEMENT_3D ( 'NONE', #6391, #166, #2837 ) ;
#8308 = CARTESIAN_POINT ( 'NONE',  ( 1.815830639292693949, 38.16012656881284215, 307.2486582364514334 ) ) ;
#8309 = B_SPLINE_CURVE_WITH_KNOTS ( 'NONE', 3,
 ( #5475, #8203, #686, #1454, #8155, #7530, #4890, #4755, #2000, #1408 ),
 .UNSPECIFIED., .F., .F.,
 ( 4, 2, 2, 2, 4 ),
 ( 3.469446951953614189E-18, 0.006206286047846114318, 0.01241257209569222517, 0.01861885814353833601, 0.02482514419138444686 ),
 .UNSPECIFIED. ) ;
#8310 = CARTESIAN_POINT ( 'NONE',  ( -1.857266401849577031, 36.59696430027491942, 321.6788210061071140 ) ) ;
#8311 = CARTESIAN_POINT ( 'NONE',  ( 31.38199820617700198, 17.06724821065929731, 392.8754993547135541 ) ) ;
#8312 = CARTESIAN_POINT ( 'NONE',  ( 3.329585876100158437, 35.15834745584977128, 333.5690052227736260 ) ) ;
#8313 = EDGE_CURVE ( 'NONE', #8584, #5418, #1415, .T. ) ;
#8314 = CARTESIAN_POINT ( 'NONE',  ( -56.42444719532452524, -4.100048717234659357, 204.2233583779163268 ) ) ;
#8315 = CARTESIAN_POINT ( 'NONE',  ( -5.464759467979572349, 41.97463618198334956, 256.4249355246578830 ) ) ;
#8316 = CARTESIAN_POINT ( 'NONE',  ( 44.79208460059820851, 23.90144965854936032, 331.4493103031245482 ) ) ;
#8317 = VECTOR ( 'NONE', #2534, 1000.000000000000000 ) ;
#8318 = VERTEX_POINT ( 'NONE', #6828 ) ;
#8319 = ORIENTED_EDGE ( 'NONE', *, *, #5444, .F. ) ;
#8320 = CARTESIAN_POINT ( 'NONE',  ( -0.9490617160165060184, 42.54358218907552924, 298.1207295063137508 ) ) ;
#8321 = CARTESIAN_POINT ( 'NONE',  ( -0.5195631675009960704, 34.68989566655032775, 337.6405082931221955 ) ) ;
#8322 = CARTESIAN_POINT ( 'NONE',  ( 2.491370502553869937, 30.16765539464294932, 369.7105383798196385 ) ) ;
#8323 = CARTESIAN_POINT ( 'NONE',  ( -1.095192390116911829, 40.66671602291767584, 279.6488044663125834 ) ) ;
#8324 = CARTESIAN_POINT ( 'NONE',  ( 32.01131764101300803, 30.18293461357163210, 319.2579146367575049 ) ) ;
#8325 = CARTESIAN_POINT ( 'NONE',  ( -0.1479105166946512451, 43.23320185365510326, 281.9339774583895633 ) ) ;
#8326 = CARTESIAN_POINT ( 'NONE',  ( -13.66482133417764011, 38.02417345137537552, 331.4493103031244914 ) ) ;
#8327 = CARTESIAN_POINT ( 'NONE',  ( 150.0000000000000000, 6.573444530005628117, 217.0034385749200965 ) ) ;
#8328 = CARTESIAN_POINT ( 'NONE',  ( -149.9999999999992042, -3.609269300846623008, 431.4188600312683661 ) ) ;
#8329 = CARTESIAN_POINT ( 'NONE',  ( 0.4105066196567144221, 30.18280958543326520, 370.1391465886978835 ) ) ;
#8330 = CARTESIAN_POINT ( 'NONE',  ( 7.692663570022006958, 34.33853322027991339, 338.4139209475419534 ) ) ;
#8331 = ORIENTED_EDGE ( 'NONE', *, *, #7952, .T. ) ;
#8332 = CARTESIAN_POINT ( 'NONE',  ( -33.68030689712236381, 29.72621965042349146, 316.5220971154125778 ) ) ;
#8333 = CARTESIAN_POINT ( 'NONE',  ( 8.092924293943999814, 38.06769951107777672, 305.6815993732129186 ) ) ;
#8334 = CARTESIAN_POINT ( 'NONE',  ( 3.066658478179203673, 43.35536649599192316, 279.6789850203734318 ) ) ;
#8335 = FACE_OUTER_BOUND ( 'NONE', #7849, .T. ) ;
#8336 = CARTESIAN_POINT ( 'NONE',  ( -8.434761306729695818, 42.55753022392827489, 237.6804426705706419 ) ) ;
#8337 = CARTESIAN_POINT ( 'NONE',  ( 11.87753674811280824, 22.01321616650771773, 424.9228753704809378 ) ) ;
#8338 = CARTESIAN_POINT ( 'NONE',  ( 85.69083615468348114, 1.184676353268040661, 66.40827568370886524 ) ) ;
#8339 = CARTESIAN_POINT ( 'NONE',  ( -25.37294111822760811, 38.40271415538139621, 255.0493118470246827 ) ) ;
#8340 = B_SPLINE_CURVE_WITH_KNOTS ( 'NONE', 3,
 ( #7020, #4960, #3603, #6351 ),
 .UNSPECIFIED., .F., .F.,
 ( 4, 4 ),
 ( 2.224778631027185334E-16, 0.01542836563180272590 ),
 .UNSPECIFIED. ) ;
#8341 = CARTESIAN_POINT ( 'NONE',  ( -0.05378078347379947055, 37.12585531320211629, 317.0485155626556093 ) ) ;
#8342 = CARTESIAN_POINT ( 'NONE',  ( -1.501923284258132041, 42.40123626597856799, 253.4385497826474705 ) ) ;
#8343 = CARTESIAN_POINT ( 'NONE',  ( 1.024170345567492202, 46.00818778601377090, 252.5475023864288744 ) ) ;
#8344 = CARTESIAN_POINT ( 'NONE',  ( -13.78123672714420955, 34.54405809929213689, 331.4493103031245482 ) ) ;
#8345 = CARTESIAN_POINT ( 'NONE',  ( 16.03137955822731087, 40.12929876846199306, 266.5027027230668750 ) ) ;
#8346 = CARTESIAN_POINT ( 'NONE',  ( -0.8232861172484648993, 37.52274279518023548, 58.77084347987265289 ) ) ;
#8347 = CARTESIAN_POINT ( 'NONE',  ( -18.22006600371987872, 20.74619210477624165, 403.6382595352021667 ) ) ;
#8348 = CARTESIAN_POINT ( 'NONE',  ( 3.697024062231993202, 45.05106493880017382, 263.9854789025636137 ) ) ;
#8349 = CARTESIAN_POINT ( 'NONE',  ( -24.44885165587943021, 29.14159468640271555, 349.2959643646788095 ) ) ;
#8350 = CARTESIAN_POINT ( 'NONE',  ( 59.97261899444817601, -10.31809425623221443, 446.5905760905740181 ) ) ;
#8351 = EDGE_CURVE ( 'NONE', #8732, #7683, #1462, .T. ) ;
#8352 = CARTESIAN_POINT ( 'NONE',  ( -87.03917095743797461, -14.78840956284643582, 45.13835781979638995 ) ) ;
#8353 = CARTESIAN_POINT ( 'NONE',  ( -47.83150404957900292, 23.21868294026116786, 322.3248678831187704 ) ) ;
#8354 = CARTESIAN_POINT ( 'NONE',  ( 6.207215816441135736, 21.16815488850206606, 418.6353407784250180 ) ) ;
#8355 = CARTESIAN_POINT ( 'NONE',  ( 35.43250072702145559, 28.03169130839553347, 324.1986033674544387 ) ) ;
#8356 = CARTESIAN_POINT ( 'NONE',  ( -56.08762438136983519, 3.832698960004560895, 215.3449030486479501 ) ) ;
#8357 = FACE_OUTER_BOUND ( 'NONE', #5769, .T. ) ;
#8358 = EDGE_CURVE ( 'NONE', #205, #7528, #4763, .T. ) ;
#8359 = DIRECTION ( 'NONE',  ( 0.000000000000000000, -1.000000000000000000, 0.000000000000000000 ) ) ;
#8360 = EDGE_LOOP ( 'NONE', ( #3649, #2020, #6260, #8779, #6720 ) ) ;
#8361 = ORIENTED_EDGE ( 'NONE', *, *, #1027, .T. ) ;
#8362 = CARTESIAN_POINT ( 'NONE',  ( -0.5416989483541193584, 47.07227379654968757, 229.0552716760062992 ) ) ;
#8363 = EDGE_CURVE ( 'NONE', #8875, #660, #3462, .T. ) ;
#8364 = CARTESIAN_POINT ( 'NONE',  ( 0.4656050514993549938, 35.17942646532918616, 333.8042978909676890 ) ) ;
#8365 = CARTESIAN_POINT ( 'NONE',  ( 7.480983179705586572, 27.59160994171054782, 383.0467652192292576 ) ) ;
#8366 = CARTESIAN_POINT ( 'NONE',  ( -4.954187961670176499, 41.10075034150509055, 271.7307637307729919 ) ) ;
#8367 = CARTESIAN_POINT ( 'NONE',  ( -0.4560628736129987981, 36.83901811841505491, 319.6336978912310087 ) ) ;
#8368 = CARTESIAN_POINT ( 'NONE',  ( -3.441664271283673138E-14, 41.95769921937832692, 261.3537278318257222 ) ) ;
#8369 = DIRECTION ( 'NONE',  ( -2.379070858319133807E-13, 0.000000000000000000, 1.000000000000000000 ) ) ;
#8370 = CARTESIAN_POINT ( 'NONE',  ( -2.856219491863008830, -8.493023692875212305, -59.56494007984454697 ) ) ;
#8371 = CARTESIAN_POINT ( 'NONE',  ( 1.371592355364178228, 6.821518167627450779, 500.7095233472878135 ) ) ;
#8372 = CARTESIAN_POINT ( 'NONE',  ( 0.5103295079357701436, 30.18272455310265201, 370.1518165605335753 ) ) ;
#8373 = CARTESIAN_POINT ( 'NONE',  ( 5.204797361257655908, 34.46717394421958858, 338.6745291756089955 ) ) ;
#8374 = ORIENTED_EDGE ( 'NONE', *, *, #7689, .F. ) ;
#8375 = CARTESIAN_POINT ( 'NONE',  ( -35.44664078707910448, 28.92198180345594949, 316.5811094927580029 ) ) ;
#8376 = CARTESIAN_POINT ( 'NONE',  ( 14.98714197323864639, 37.18447085211850123, 306.3124259510217939 ) ) ;
#8377 = DIRECTION ( 'NONE',  ( 0.000000000000000000, 0.000000000000000000, -1.000000000000000000 ) ) ;
#8378 = CARTESIAN_POINT ( 'NONE',  ( -8.966662445442725726, 41.26731421385151322, 256.1377608585563053 ) ) ;
#8379 = CARTESIAN_POINT ( 'NONE',  ( -6.898610727397580966, 42.73214539300427361, 237.1224270706007360 ) ) ;
#8380 = CARTESIAN_POINT ( 'NONE',  ( 9.652764452307431853, -8.494098938562002488, 541.5631860185608275 ) ) ;
#8381 = CARTESIAN_POINT ( 'NONE',  ( -0.8834387404823768053, 28.31537238341890372, 17.13475425666132068 ) ) ;
#8382 = CARTESIAN_POINT ( 'NONE',  ( -24.54683883856764126, 17.89243669094708267, 403.6074375272836505 ) ) ;
#8383 = CARTESIAN_POINT ( 'NONE',  ( -29.00642624457471186, 35.96101429753218071, 272.9431558567279694 ) ) ;
#8384 = CARTESIAN_POINT ( 'NONE',  ( 0.000000000000000000, 45.95997642549459528, 252.6905689360423537 ) ) ;
#8385 = CARTESIAN_POINT ( 'NONE',  ( -2.723496163971397266, 44.57328437862618387, 262.6490595689588190 ) ) ;
#8386 = CARTESIAN_POINT ( 'NONE',  ( 23.96253438127438784, 37.98134938362237278, 270.0883988661252033 ) ) ;
#8387 = VECTOR ( 'NONE', #2412, 1000.000000000000114 ) ;
#8388 = CARTESIAN_POINT ( 'NONE',  ( 5.882888988652245743, 42.38580333701526115, 298.7586613606674177 ) ) ;
#8389 = CARTESIAN_POINT ( 'NONE',  ( -3.240779354666108780, 22.71534781077332354, 412.7546023128068100 ) ) ;
#8390 = LINE ( 'NONE', #5066, #1918 ) ;
#8391 = CARTESIAN_POINT ( 'NONE',  ( 0.4339086005339550800, 35.52997096635592555, 330.8818076742483640 ) ) ;
#8392 = CARTESIAN_POINT ( 'NONE',  ( 9.620743624274640027, -11.03377133881076233, 549.8478901275921089 ) ) ;
#8393 = CARTESIAN_POINT ( 'NONE',  ( -12.42468602756070162, 0.8701743984461717263, -41.28002289990918428 ) ) ;
#8394 = CARTESIAN_POINT ( 'NONE',  ( -0.5288039459201892001, 36.83818302323977889, 319.6332628253946950 ) ) ;
#8395 = CARTESIAN_POINT ( 'NONE',  ( -0.6537028069542387687, 21.50412033099639331, 420.2748202764477696 ) ) ;
#8396 = CARTESIAN_POINT ( 'NONE',  ( 6.771008279423211818, 35.50823050658780033, 329.4744915163067276 ) ) ;
#8397 = CARTESIAN_POINT ( 'NONE',  ( -28.34182685986741390, -0.004202851225297739302, -27.54135597287860193 ) ) ;
#8398 = ADVANCED_FACE ( 'NONE', ( #2628 ), #2055, .T. ) ;
#8399 = CARTESIAN_POINT ( 'NONE',  ( -42.75445932639104285, 25.75585501620750151, 331.4493103031246051 ) ) ;
#8400 = CARTESIAN_POINT ( 'NONE',  ( 3.049614923356851914, 41.69579879298075298, 263.6079119138959754 ) ) ;
#8401 = ORIENTED_EDGE ( 'NONE', *, *, #2698, .T. ) ;
#8402 = EDGE_LOOP ( 'NONE', ( #78, #6135, #8291, #2612 ) ) ;
#8403 = CARTESIAN_POINT ( 'NONE',  ( 50.07172804542855005, 20.26724883329845284, 270.0327580235693290 ) ) ;
#8404 = AXIS2_PLACEMENT_3D ( 'NONE', #4812, #4227, #4041 ) ;
#8405 = CARTESIAN_POINT ( 'NONE',  ( -8.039388655349235080, 34.46629528664842468, 336.9877011106927966 ) ) ;
#8406 = CARTESIAN_POINT ( 'NONE',  ( 23.91998493740180365, 24.65681925766139670, 374.9690709480651094 ) ) ;
#8407 = CARTESIAN_POINT ( 'NONE',  ( 4.040245872617372669, 36.83231156211960666, 319.1263533845422558 ) ) ;
#8408 = DIRECTION ( 'NONE',  ( 0.000000000000000000, 0.000000000000000000, -1.000000000000000000 ) ) ;
#8409 = CARTESIAN_POINT ( 'NONE',  ( -2.964413854189072170E-16, 43.31867009981901617, 281.9339774583896769 ) ) ;
#8410 = EDGE_CURVE ( 'NONE', #1236, #612, #2707, .T. ) ;
#8411 = CARTESIAN_POINT ( 'NONE',  ( -15.58462099615025132, 37.72181005531398768, 331.4493103031246051 ) ) ;
#8412 = CARTESIAN_POINT ( 'NONE',  ( 86.78479610272228228, -8.426922040965695970, 51.82892328279097427 ) ) ;
#8413 = CARTESIAN_POINT ( 'NONE',  ( -0.000000000000000000, 32.94999299387693270, 374.3151785568080072 ) ) ;
#8414 = CARTESIAN_POINT ( 'NONE',  ( 0.2270909069786540280, 29.01364086312494805, 377.4892464202384872 ) ) ;
#8415 = CARTESIAN_POINT ( 'NONE',  ( 18.01389072085251186, 31.99349418605480722, 344.2411506935907255 ) ) ;
#8416 = ORIENTED_EDGE ( 'NONE', *, *, #5623, .F. ) ;
#8417 = EDGE_CURVE ( 'NONE', #2790, #4532, #5071, .T. ) ;
#8418 = CARTESIAN_POINT ( 'NONE',  ( -17.01330367565181945, 36.01337400307539838, 314.0310167869734528 ) ) ;
#8419 = CARTESIAN_POINT ( 'NONE',  ( -0.2603395618042966819, 38.41011846708904898, 305.0797020750515003 ) ) ;
#8420 = DIRECTION ( 'NONE',  ( 0.000000000000000000, 0.5273291391947594331, -0.8496610965297364260 ) ) ;
#8421 = CARTESIAN_POINT ( 'NONE',  ( 5.966662445443060570, 185.1096706392855253, 321.3063183948596020 ) ) ;
#8422 = CARTESIAN_POINT ( 'NONE',  ( -12.11792521255670430, 42.08543497739226780, 239.1111170914576576 ) ) ;
#8423 = CARTESIAN_POINT ( 'NONE',  ( 0.4709684984625378545, 38.87613762590805067, 332.0055123804244204 ) ) ;
#8424 = CARTESIAN_POINT ( 'NONE',  ( 59.89900058819404194, -9.567402936609459729, 443.5936951987583257 ) ) ;
#8425 = CARTESIAN_POINT ( 'NONE',  ( 26.84291305568621766, 21.64135502705829950, 20.87972938593452810 ) ) ;
#8426 = CARTESIAN_POINT ( 'NONE',  ( -42.93792577039910441, 25.41093716786309287, 318.2273617058631316 ) ) ;
#8427 = CARTESIAN_POINT ( 'NONE',  ( -43.14658061911373466, 35.50342271598734101, 304.1660564602935892 ) ) ;
#8428 = CARTESIAN_POINT ( 'NONE',  ( -2.933265724485579540, 44.52537726319820877, 263.1105080856541463 ) ) ;
#8429 = CARTESIAN_POINT ( 'NONE',  ( 0.07021231172545590316, 41.35187685510685895, 270.8159237754088622 ) ) ;
#8430 = CARTESIAN_POINT ( 'NONE',  ( 6.087201789984794331, 44.18919659100005504, 276.7467911875064033 ) ) ;
#8431 = CARTESIAN_POINT ( 'NONE',  ( 0.2595559727767430824, 26.63395172505063968, 392.0872994464066323 ) ) ;
#8432 = CARTESIAN_POINT ( 'NONE',  ( 0.1479105166946512451, 43.23320185365510326, 281.9339774583895633 ) ) ;
#8433 = CARTESIAN_POINT ( 'NONE',  ( -29.19197937643454566, 29.41152026540485309, 335.1926316230994303 ) ) ;
#8434 = DIRECTION ( 'NONE',  ( 6.390485304648115469E-15, 0.000000000000000000, -1.000000000000000000 ) ) ;
#8435 = CARTESIAN_POINT ( 'NONE',  ( -86.59048839564125899, -5.768153520067688333, 55.25887913199452584 ) ) ;
#8436 = CARTESIAN_POINT ( 'NONE',  ( -1.105162463732364930, 36.89263795587669392, 319.1196428817776791 ) ) ;
#8437 = CARTESIAN_POINT ( 'NONE',  ( 40.61994468099538125, 14.22763082677922242, 386.1918183818643797 ) ) ;
#8438 = CARTESIAN_POINT ( 'NONE',  ( 35.42861221570252894, 27.65960388790569624, 327.2026063991724527 ) ) ;
#8439 = CARTESIAN_POINT ( 'NONE',  ( -12.12700268568815254, 15.00943372669715004, -14.20656591047415240 ) ) ;
#8440 = CARTESIAN_POINT ( 'NONE',  ( 3.066662445442843055, 44.80554920341130298, 263.6082741218962155 ) ) ;
#8441 = B_SPLINE_CURVE_WITH_KNOTS ( 'NONE', 3,
 ( #4058, #4152, #7556, #2796 ),
 .UNSPECIFIED., .F., .F.,
 ( 4, 4 ),
 ( 1.387778780781445676E-17, 0.005968431096444629796 ),
 .UNSPECIFIED. ) ;
#8442 = CARTESIAN_POINT ( 'NONE',  ( 2.534616652795657288, 41.79711419931523153, 262.3667429836926317 ) ) ;
#8443 = VERTEX_POINT ( 'NONE', #7755 ) ;
#8444 = ORIENTED_EDGE ( 'NONE', *, *, #6993, .F. ) ;
#8445 = CARTESIAN_POINT ( 'NONE',  ( 6.000466035610237725, 31.94043151699632688, 379.5629847736018405 ) ) ;
#8446 = VECTOR ( 'NONE', #4346, 1000.000000000000000 ) ;
#8447 = CARTESIAN_POINT ( 'NONE',  ( -1.101942232197722804, 35.66550481557545993, 329.7606988682990732 ) ) ;
#8448 = CARTESIAN_POINT ( 'NONE',  ( -0.4491561645039390260, 27.84558647689721766, 384.8904852548599251 ) ) ;
#8449 = CARTESIAN_POINT ( 'NONE',  ( 6.106235803148740260, 36.68792110069141188, 319.6318842369614117 ) ) ;
#8450 = CARTESIAN_POINT ( 'NONE',  ( -2.171902395826475374, 43.88977392823144896, 281.3051395883497889 ) ) ;
#8451 = AXIS2_PLACEMENT_3D ( 'NONE', #8399, #2233, #8268 ) ;
#8452 = CARTESIAN_POINT ( 'NONE',  ( -5.999389434646372813E-05, 43.83341237658171963, 282.5824861269214239 ) ) ;
#8453 = CARTESIAN_POINT ( 'NONE',  ( 48.24095318812902633, 31.41921108450963729, 273.5993751138346397 ) ) ;
#8454 = CARTESIAN_POINT ( 'NONE',  ( 28.49463500214571354, -6.821171986367837725, -36.82241012564603722 ) ) ;
#8455 = CARTESIAN_POINT ( 'NONE',  ( 5.966662445443050800, 37.42840340034361191, 307.1936396950423500 ) ) ;
#8456 = CARTESIAN_POINT ( 'NONE',  ( -3.191061299840267651, 28.97414876124092942, 376.9347415402181127 ) ) ;
#8457 = CARTESIAN_POINT ( 'NONE',  ( -0.4560191136925807465, 33.48299024656799361, 347.1228331186740093 ) ) ;
#8458 = ORIENTED_EDGE ( 'NONE', *, *, #6226, .F. ) ;
#8459 = AXIS2_PLACEMENT_3D ( 'NONE', #1483, #8369, #2203 ) ;
#8460 = EDGE_CURVE ( 'NONE', #4677, #4502, #1627, .T. ) ;
#8461 = CARTESIAN_POINT ( 'NONE',  ( -0.7212232300858598677, 37.51496696719075885, 313.4364345066450710 ) ) ;
#8462 = CARTESIAN_POINT ( 'NONE',  ( 12.87895145369936500, 36.73466139808520836, 313.8489382527488374 ) ) ;
#8463 = CARTESIAN_POINT ( 'NONE',  ( 0.000000000000000000, 37.20346721986461347, 310.1851950956179280 ) ) ;
#8464 = DIRECTION ( 'NONE',  ( 0.000000000000000000, 1.000000000000000000, 0.000000000000000000 ) ) ;
#8465 = CARTESIAN_POINT ( 'NONE',  ( -46.30898997490823632, 28.95926405077787891, 265.3466036826563936 ) ) ;
#8466 = CARTESIAN_POINT ( 'NONE',  ( -1.649437573462356754, 40.21924920216152088, 320.0000000000000568 ) ) ;
#8467 = CARTESIAN_POINT ( 'NONE',  ( 0.000000000000000000, -8.823511411159953965, 555.1857276250582345 ) ) ;
#8468 = EDGE_CURVE ( 'NONE', #3818, #1167, #195, .T. ) ;
#8469 = SHAPE_DEFINITION_REPRESENTATION ( #6492, #6357 ) ;
#8470 = CARTESIAN_POINT ( 'NONE',  ( 83.26671075213897666, 10.37568051067605523, 86.68462678675325606 ) ) ;
#8471 = CARTESIAN_POINT ( 'NONE',  ( -12.86673149860352261, 36.31583184009087262, 317.7108556121617653 ) ) ;
#8472 = CARTESIAN_POINT ( 'NONE',  ( 0.9419369969250757091, 41.02800531393226180, 312.7688498949498808 ) ) ;
#8473 = CARTESIAN_POINT ( 'NONE',  ( 42.75445932639104285, 25.75585501620750151, 334.4493103031246051 ) ) ;
#8474 = CARTESIAN_POINT ( 'NONE',  ( 7.935394875815683591, 41.35967743540320640, 263.8138436074955848 ) ) ;
#8475 = CARTESIAN_POINT ( 'NONE',  ( 150.0000000000006821, 17.36217657815118542, 276.3178635875777900 ) ) ;
#8476 = CARTESIAN_POINT ( 'NONE',  ( -13.26529249126784649, 24.38633710474881866, 394.0896392572781792 ) ) ;
#8477 = CARTESIAN_POINT ( 'NONE',  ( -5.464712794160139886, 41.21482910507307196, 256.8357904520240709 ) ) ;
#8478 = CARTESIAN_POINT ( 'NONE',  ( -37.14086695756036960, 25.10808262000782420, 339.6679126406559703 ) ) ;
#8479 = CARTESIAN_POINT ( 'NONE',  ( -43.75445932639104285, 25.75585501620750151, 334.4493103031246051 ) ) ;
#8480 = CARTESIAN_POINT ( 'NONE',  ( 1.892463454547965274, 1.631141071689482525, -46.56294020973754044 ) ) ;
#8481 = CARTESIAN_POINT ( 'NONE',  ( -35.43548166590460369, 28.57526149417434880, 319.6530936483299570 ) ) ;
#8482 = CARTESIAN_POINT ( 'NONE',  ( 18.22006600371987872, 20.74619210477624165, 403.6382595352021667 ) ) ;
#8483 = CARTESIAN_POINT ( 'NONE',  ( 0.7173258511514113422, 35.66600625074093500, 329.7781581271914888 ) ) ;
#8484 = CARTESIAN_POINT ( 'NONE',  ( 0.9126475175586304944, 20.71106199493173605, -7.133971301115257013 ) ) ;
#8485 = CARTESIAN_POINT ( 'NONE',  ( -8.966662445442736384, 189.1735176332723825, 267.2588841577982066 ) ) ;
#8486 = ORIENTED_EDGE ( 'NONE', *, *, #4959, .F. ) ;
#8487 = ORIENTED_EDGE ( 'NONE', *, *, #7797, .F. ) ;
#8488 = CARTESIAN_POINT ( 'NONE',  ( 47.31906922256365533, 16.80001900358779210, 316.1413866361843361 ) ) ;
#8489 = CARTESIAN_POINT ( 'NONE',  ( -28.76751014330643486, 30.58771034029215130, 327.7920501029328193 ) ) ;
#8490 = CARTESIAN_POINT ( 'NONE',  ( 22.33972714219999745, 25.13000199629484754, 375.8950625003645882 ) ) ;
#8491 = CARTESIAN_POINT ( 'NONE',  ( 30.39617429215663336, 30.89820906748816398, 319.2495723660030080 ) ) ;
#8492 = CARTESIAN_POINT ( 'NONE',  ( -2.985885189479262625, 43.96129668047181127, 280.0629944242078295 ) ) ;
#8493 = DIRECTION ( 'NONE',  ( -0.000000000000000000, -0.000000000000000000, -1.000000000000000000 ) ) ;
#8494 = CARTESIAN_POINT ( 'NONE',  ( 0.000000000000000000, 18.81336334461916948, 425.6312990209411282 ) ) ;
#8495 = CARTESIAN_POINT ( 'NONE',  ( 84.37654678365758798, 7.016731582859186744, 78.37539727634437270 ) ) ;
#8496 = CARTESIAN_POINT ( 'NONE',  ( 42.75445932639104285, 25.75585501620750151, 334.4493103031246051 ) ) ;
#8497 = CARTESIAN_POINT ( 'NONE',  ( -3.852359222602249389, 30.13735735602116250, 369.4496575011598907 ) ) ;
#8498 = CARTESIAN_POINT ( 'NONE',  ( 10.05266714526648286, 34.16948832299511452, 338.1488540577441881 ) ) ;
#8499 = VERTEX_POINT ( 'NONE', #7125 ) ;
#8500 = CARTESIAN_POINT ( 'NONE',  ( 27.21958994804750276, 32.60871952025527776, 316.2784947768629422 ) ) ;
#8501 = CARTESIAN_POINT ( 'NONE',  ( -5.455589808022650367, 38.24893086695072242, 305.4731909966652665 ) ) ;
#8502 = CARTESIAN_POINT ( 'NONE',  ( 24.02429929892633353, 34.02440310928467682, 314.4006970881138159 ) ) ;
#8503 = LINE ( 'NONE', #2337, #5602 ) ;
#8504 = FACE_BOUND ( 'NONE', #6183, .T. ) ;
#8505 = CARTESIAN_POINT ( 'NONE',  ( -3.690959457694359180, 43.98499257479614499, 279.3850310815437865 ) ) ;
#8506 = CARTESIAN_POINT ( 'NONE',  ( -1.649437573462356754, 41.01991156795418902, 312.8522970477960143 ) ) ;
#8507 = CARTESIAN_POINT ( 'NONE',  ( 9.620743624274640027, -11.03377133881076233, 549.8478901275921089 ) ) ;
#8508 = CARTESIAN_POINT ( 'NONE',  ( 0.05378078347378548174, 37.12585531320211629, 317.0485155626555525 ) ) ;
#8509 = CARTESIAN_POINT ( 'NONE',  ( -1.676507941506811594, 36.02744328790266337, 354.3090623948346547 ) ) ;
#8510 = CARTESIAN_POINT ( 'NONE',  ( -15.70536165350128854, 34.22018547469862426, 331.4493103031248324 ) ) ;
#8511 = ORIENTED_EDGE ( 'NONE', *, *, #4513, .T. ) ;
#8512 = CARTESIAN_POINT ( 'NONE',  ( 4.152534937193116171, 40.52535074893622635, 280.1583359245951783 ) ) ;
#8513 = ADVANCED_FACE ( 'NONE', ( #3623 ), #3655, .T. ) ;
#8514 = CARTESIAN_POINT ( 'NONE',  ( 1.649437573462356754, 41.01991156795418902, 312.8522970477960143 ) ) ;
#8515 = CARTESIAN_POINT ( 'NONE',  ( -0.4478424577787510352, 26.62611159247836667, 391.9970547284888198 ) ) ;
#8516 = CARTESIAN_POINT ( 'NONE',  ( 0.3177763530495819611, 43.88111501222623190, 281.9339774584734073 ) ) ;
#8517 = CARTESIAN_POINT ( 'NONE',  ( -18.01389072085251186, 31.99349418605480722, 344.2411506935907255 ) ) ;
#8518 = DIRECTION ( 'NONE',  ( 1.000000000000000000, 0.000000000000000000, 0.000000000000000000 ) ) ;
#8519 = VECTOR ( 'NONE', #1440, 1000.000000000000000 ) ;
#8520 = CARTESIAN_POINT ( 'NONE',  ( 0.9520731639543362768, -8.547617495532426446, -59.58324036534521895 ) ) ;
#8521 = CARTESIAN_POINT ( 'NONE',  ( -0.1408028099675400768, 36.89669937729447469, 319.1176931460083779 ) ) ;
#8522 = CARTESIAN_POINT ( 'NONE',  ( 6.119650671753191773, 42.81701335569711375, 236.8458736243954945 ) ) ;
#8523 = CARTESIAN_POINT ( 'NONE',  ( 18.79457080299729199, 32.98617763562135252, 335.6835466268925643 ) ) ;
#8524 = CARTESIAN_POINT ( 'NONE',  ( 2.799917590529235500, 11.95000122839068979, -28.37908123879857314 ) ) ;
#8525 = DIRECTION ( 'NONE',  ( 0.0003926616677033228486, 0.07497872104609634714, -0.9971850566505228164 ) ) ;
#8526 = LINE ( 'NONE', #5631, #4083 ) ;
#8527 = ORIENTED_EDGE ( 'NONE', *, *, #8727, .F. ) ;
#8528 = CIRCLE ( 'NONE', #5534, 1.000000000000000888 ) ;
#8529 = VERTEX_POINT ( 'NONE', #150 ) ;
#8530 = CARTESIAN_POINT ( 'NONE',  ( 47.38663189115487739, 17.64475135442224030, 308.9228235057746019 ) ) ;
#8531 =( BOUNDED_SURFACE ( )  B_SPLINE_SURFACE ( 3, 2, ( 
 ( #5214, #2368, #2454 ),
 ( #296, #5803, #8620 ),
 ( #3641, #5888, #2410 ),
 ( #7897, #1734, #967 ),
 ( #4327, #4494, #6432 ),
 ( #1052, #3811, #6561 ),
 ( #4410, #7941, #7060 ),
 ( #6394, #2964, #5720 ),
 ( #3767, #8450, #2287 ),
 ( #7771, #1607, #254 ),
 ( #4369, #6517, #7102 ),
 ( #926, #5083, #3684 ),
 ( #3728, #3048, #3008 ),
 ( #5762, #8492, #7814 ),
 ( #1649, #7142, #5127 ),
 ( #4452, #2501, #3267 ) ),
 .UNSPECIFIED., .F., .F., .F. ) 
 B_SPLINE_SURFACE_WITH_KNOTS ( ( 4, 2, 2, 2, 2, 2, 2, 4 ),
 ( 3, 3 ),
 ( 1.357421119951851551E-16, 0.0006258167428183602750, 0.001251633485636584808, 0.001877450228454809449, 0.002503266971273033874, 0.003129083714091258298, 0.003754900456909482723, 0.005006533942545931572 ),
 ( 0.000000000000000000, 1.000000000000000000 ),
 .UNSPECIFIED. ) 
 GEOMETRIC_REPRESENTATION_ITEM ( )  RATIONAL_B_SPLINE_SURFACE ( (
 ( 1.000000000000000000, 0.6780453355898899970, 1.000000000000000000),
 ( 1.000000000000000000, 0.6776833541430288266, 1.000000000000000000),
 ( 1.000000000000000000, 0.6774368886161205028, 1.000000000000000000),
 ( 1.000000000000000000, 0.6771394011008206038, 1.000000000000000000),
 ( 1.000000000000000000, 0.6770885410350520051, 1.000000000000000000),
 ( 1.000000000000000000, 0.6772115507113718458, 1.000000000000000000),
 ( 1.000000000000000000, 0.6773770702819126299, 1.000000000000000000),
 ( 1.000000000000000000, 0.6779432847767794534, 1.000000000000000000),
 ( 1.000000000000000000, 0.6783483231448622641, 1.000000000000000000),
 ( 1.000000000000000000, 0.6794438053131682809, 1.000000000000000000),
 ( 1.000000000000000000, 0.6801129533304416386, 1.000000000000000000),
 ( 1.000000000000000000, 0.6817740202754091206, 1.000000000000000000),
 ( 1.000000000000000000, 0.6827473713758293039, 1.000000000000000000),
 ( 1.000000000000000000, 0.6861994555865191803, 1.000000000000000000),
 ( 1.000000000000000000, 0.6891020860475048915, 1.000000000000000000),
 ( 1.000000000000000000, 0.6926416748870882767, 1.000000000000000000) ) ) 
 REPRESENTATION_ITEM ( '' )  SURFACE ( )  );
#8532 = CARTESIAN_POINT ( 'NONE',  ( 0.4613807731312394855, 35.66331375953696181, 329.8303328955213942 ) ) ;
#8533 = CARTESIAN_POINT ( 'NONE',  ( -0.3462385673244740003, 27.84494425435071463, 384.8775857283515620 ) ) ;
#8534 = CARTESIAN_POINT ( 'NONE',  ( 20.61297746584920176, 34.48540969410429113, 319.6398393569841687 ) ) ;
#8535 = CARTESIAN_POINT ( 'NONE',  ( -9.770080354281045903E-14, 37.85498796716760950, 310.2341831866867210 ) ) ;
#8536 = LINE ( 'NONE', #5721, #43 ) ;
#8537 = CARTESIAN_POINT ( 'NONE',  ( -41.26350774512039976, 35.13629602335661417, 261.6553802656896437 ) ) ;
#8538 = CARTESIAN_POINT ( 'NONE',  ( 12.24542331509240611, 10.79387684120225543, -23.56345594219629547 ) ) ;
#8539 = CARTESIAN_POINT ( 'NONE',  ( -35.62511535099858406, -12.77791609919348659, 499.3972652287001210 ) ) ;
#8540 = CARTESIAN_POINT ( 'NONE',  ( -0.1806022039768354071, 32.39790471317741094, 354.8388215588484513 ) ) ;
#8541 = AXIS2_PLACEMENT_3D ( 'NONE', #7580, #4177, #4757 ) ;
#8542 = ORIENTED_EDGE ( 'NONE', *, *, #3794, .T. ) ;
#8543 = CARTESIAN_POINT ( 'NONE',  ( 4.041542457322912618, 37.11256662314747246, 316.5905388842020898 ) ) ;
#8544 = CARTESIAN_POINT ( 'NONE',  ( -30.42241396816512733, 31.39279703006216238, 314.7708788267984232 ) ) ;
#8545 = CARTESIAN_POINT ( 'NONE',  ( -0.4560913734217748039, 37.29655297340530495, 315.4867426785688167 ) ) ;
#8546 = CARTESIAN_POINT ( 'NONE',  ( 35.78098279692162009, 30.68472455526385545, 331.4493103031245482 ) ) ;
#8547 = LINE ( 'NONE', #5946, #2715 ) ;
#8548 = CARTESIAN_POINT ( 'NONE',  ( 7.911792547608027526, 35.18408221006665570, 331.4493103031245482 ) ) ;
#8549 = CARTESIAN_POINT ( 'NONE',  ( -13.31731313304985065, 39.58377582248513704, 320.0000000000000568 ) ) ;
#8550 = CARTESIAN_POINT ( 'NONE',  ( -41.75445932639104285, 25.75585501620750151, 334.4493103031246051 ) ) ;
#8551 = CARTESIAN_POINT ( 'NONE',  ( -8.063963959525901615, 36.78588393865471318, 317.6506234766277998 ) ) ;
#8552 = CARTESIAN_POINT ( 'NONE',  ( 0.5283684085479281034, 28.60797005037408525, 400.7130692314507883 ) ) ;
#8553 = FACE_OUTER_BOUND ( 'NONE', #5715, .T. ) ;
#8554 = ORIENTED_EDGE ( 'NONE', *, *, #4017, .F. ) ;
#8555 = CARTESIAN_POINT ( 'NONE',  ( 34.59236549755877377, 32.12532100508614263, 289.6905026489432657 ) ) ;
#8556 = CARTESIAN_POINT ( 'NONE',  ( -0.5416989483541193584, 47.07227379654968757, 229.0552716760062992 ) ) ;
#8557 = CARTESIAN_POINT ( 'NONE',  ( -36.82982745893981047, 17.80032677515331230, 378.2618942034226848 ) ) ;
#8558 = CARTESIAN_POINT ( 'NONE',  ( 3.066662445442833729, 43.38720806061538582, 279.3396071913394394 ) ) ;
#8559 = CARTESIAN_POINT ( 'NONE',  ( -26.16351280560486714, 30.62209787959817220, 335.7297990239285355 ) ) ;
#8560 = PLANE ( 'NONE',  #7295 ) ;
#8561 = EDGE_CURVE ( 'NONE', #976, #6073, #1187, .T. ) ;
#8562 = CARTESIAN_POINT ( 'NONE',  ( 2.799917590529235500, 11.95000122839068979, -28.37908123879857314 ) ) ;
#8563 = CARTESIAN_POINT ( 'NONE',  ( -6.106355940104152502, 36.74412177071068442, 319.1316619045320522 ) ) ;
#8564 = CARTESIAN_POINT ( 'NONE',  ( 0.000000000000000000, 23.09037415192559806, 413.8493118462999973 ) ) ;
#8565 = CARTESIAN_POINT ( 'NONE',  ( 8.039388655349236856, 34.46629528664842468, 336.9877011106927966 ) ) ;
#8566 = CARTESIAN_POINT ( 'NONE',  ( -24.45514282142428186, 34.03033067479747587, 71.95588844210854518 ) ) ;
#8567 = CARTESIAN_POINT ( 'NONE',  ( 2.063807534392889220, 44.80554920341130298, 261.8729472252879305 ) ) ;
#8568 = CARTESIAN_POINT ( 'NONE',  ( 2.723126872720147862, 44.57335254532785740, 262.6484509657298645 ) ) ;
#8569 = EDGE_LOOP ( 'NONE', ( #8612, #2320, #4787, #3321 ) ) ;
#8570 = VERTEX_POINT ( 'NONE', #3667 ) ;
#8571 = CARTESIAN_POINT ( 'NONE',  ( 13.31731313304985065, 39.58377582248513704, 320.0000000000000568 ) ) ;
#8572 = EDGE_CURVE ( 'NONE', #6641, #6344, #3117, .T. ) ;
#8573 = CARTESIAN_POINT ( 'NONE',  ( -149.9999999999995168, -1.113709569569687474, 417.4376239672698148 ) ) ;
#8574 = CARTESIAN_POINT ( 'NONE',  ( -23.98312524184455441, 32.42256262796001209, 328.2284582582101962 ) ) ;
#8575 = CARTESIAN_POINT ( 'NONE',  ( 10.52556400493853239, 26.06503734415869289, 388.7809831318447209 ) ) ;
#8576 = CARTESIAN_POINT ( 'NONE',  ( 3.331935808045793479, 36.57092220325528586, 321.6633695501088255 ) ) ;
#8577 = CARTESIAN_POINT ( 'NONE',  ( -33.03633095656162055, 60.00000000000000711, 389.0746662281788417 ) ) ;
#8578 = CARTESIAN_POINT ( 'NONE',  ( -5.444883378412449737, 185.3346068197644740, 318.3147629942844219 ) ) ;
#8579 = CARTESIAN_POINT ( 'NONE',  ( 0.000000000000000000, 45.52186254279946809, 258.8747015146039416 ) ) ;
#8580 = CARTESIAN_POINT ( 'NONE',  ( -2.696451919796043484, 24.93304462574336711, 5.026147061896571344 ) ) ;
#8581 = CARTESIAN_POINT ( 'NONE',  ( -35.66697731966415574, -11.64039430091011873, 495.5372216640326997 ) ) ;
#8582 = CARTESIAN_POINT ( 'NONE',  ( -0.03439304440980298777, 32.39860724998167285, 354.8227853485888659 ) ) ;
#8583 = AXIS2_PLACEMENT_3D ( 'NONE', #2529, #5288, #8021 ) ;
#8584 = VERTEX_POINT ( 'NONE', #5027 ) ;
#8585 = CARTESIAN_POINT ( 'NONE',  ( -0.4105066196567144221, 30.18280958543326520, 370.1391465886978835 ) ) ;
#8586 = CARTESIAN_POINT ( 'NONE',  ( -25.69356497489736668, 34.14173371200459428, 307.5967526368709741 ) ) ;
#8587 =( GEOMETRIC_REPRESENTATION_CONTEXT ( 3 ) GLOBAL_UNCERTAINTY_ASSIGNED_CONTEXT ( ( #5414 ) ) GLOBAL_UNIT_ASSIGNED_CONTEXT ( ( #6214, #3463, #880 ) ) REPRESENTATION_CONTEXT ( 'NONE', 'WORKASPACE' ) );
#8588 = CARTESIAN_POINT ( 'NONE',  ( 24.00309418476894407, 33.64335598443048525, 317.9019283634374915 ) ) ;
#8589 = CARTESIAN_POINT ( 'NONE',  ( -0.05391794642846828994, 37.29591829222710686, 315.4939017547484355 ) ) ;
#8590 = CARTESIAN_POINT ( 'NONE',  ( 41.15579822157624790, 28.28116118385899469, 331.4493103031246051 ) ) ;
#8591 = CARTESIAN_POINT ( 'NONE',  ( 3.066662445442833729, 44.45300068828721152, 263.9480980988757892 ) ) ;
#8592 = CARTESIAN_POINT ( 'NONE',  ( 2.447987615932520900, 45.26761101104105478, 261.4469941559934796 ) ) ;
#8593 = CARTESIAN_POINT ( 'NONE',  ( -1.713508947173772556, 44.39393462227350540, 275.9439818675760421 ) ) ;
#8594 = CARTESIAN_POINT ( 'NONE',  ( 0.000000000000000000, 20.81336334461917303, 425.6312990209411282 ) ) ;
#8595 = AXIS2_PLACEMENT_3D ( 'NONE', #5035, #8610, #2445 ) ;
#8596 = CARTESIAN_POINT ( 'NONE',  ( -4.748696830957904069, 36.97721047189327948, 317.6135096847648356 ) ) ;
#8597 = CARTESIAN_POINT ( 'NONE',  ( -42.82036082025610568, 34.45865616707600765, 314.7613887647807474 ) ) ;
#8598 = CARTESIAN_POINT ( 'NONE',  ( -7.500000000000000000, 23.24985801873180691, 413.0240909614261113 ) ) ;
#8599 = CARTESIAN_POINT ( 'NONE',  ( 8.466074827272860759, 40.78867155732476846, 272.5667186584049659 ) ) ;
#8600 = CARTESIAN_POINT ( 'NONE',  ( -1.649037557037112522, 25.94552207819153722, 415.5304132493203042 ) ) ;
#8601 = CARTESIAN_POINT ( 'NONE',  ( 1.306105691956464643, 43.22030373133563330, 281.8008685236368365 ) ) ;
#8602 = CARTESIAN_POINT ( 'NONE',  ( -37.17427710344018976, 26.77153156894657826, 327.8179406818427992 ) ) ;
#8603 = CARTESIAN_POINT ( 'NONE',  ( 1.979833483100076341, 35.45668130126210116, 331.4493103031245482 ) ) ;
#8604 = CARTESIAN_POINT ( 'NONE',  ( -84.37654678365758798, 7.016731582859186744, 78.37539727634437270 ) ) ;
#8605 = CARTESIAN_POINT ( 'NONE',  ( -3.697024062231993202, 45.05106493880017382, 263.9854789025636137 ) ) ;
#8606 = CARTESIAN_POINT ( 'NONE',  ( -14.93007984657671727, 35.74967139844688546, 319.6335811124895372 ) ) ;
#8607 = DIRECTION ( 'NONE',  ( 0.000000000000000000, 0.000000000000000000, -1.000000000000000000 ) ) ;
#8608 = LINE ( 'NONE', #4617, #5149 ) ;
#8609 = CARTESIAN_POINT ( 'NONE',  ( -149.9999999999998295, 12.15754626088404500, 232.9814987402332633 ) ) ;
#8610 = DIRECTION ( 'NONE',  ( -0.000000000000000000, -0.000000000000000000, 1.000000000000000000 ) ) ;
#8611 = CARTESIAN_POINT ( 'NONE',  ( 1.203986708643585412E-14, 110.3999999999999773, 261.3537278318257790 ) ) ;
#8612 = ORIENTED_EDGE ( 'NONE', *, *, #8248, .F. ) ;
#8613 = CARTESIAN_POINT ( 'NONE',  ( -1.038456943360836382, 31.31261257309193269, 362.4221542360920694 ) ) ;
#8614 = EDGE_CURVE ( 'NONE', #5350, #1262, #7958, .T. ) ;
#8615 = CARTESIAN_POINT ( 'NONE',  ( 43.14658061911373466, 35.50342271598734101, 304.1660564602935892 ) ) ;
#8616 = CARTESIAN_POINT ( 'NONE',  ( 1.434789889613982350, -1.011398729720650369, 529.3086085165732584 ) ) ;
#8617 = CARTESIAN_POINT ( 'NONE',  ( -14.89482027540843134, 34.19190893977531687, 332.6089626633170724 ) ) ;
#8618 = CARTESIAN_POINT ( 'NONE',  ( 40.67086554504329854, 17.66280895764747783, 370.8970246254824588 ) ) ;
#8619 = CARTESIAN_POINT ( 'NONE',  ( 30.39615338266734312, 30.85180122268453573, 319.6540522468361019 ) ) ;
#8620 = CARTESIAN_POINT ( 'NONE',  ( -0.6888740553532157751, 43.82233729507753850, 282.5821940213526204 ) ) ;
#8621 = EDGE_CURVE ( 'NONE', #1255, #2879, #3876, .T. ) ;
#8622 = DIRECTION ( 'NONE',  ( -3.575276321511214631E-08, 0.000000000000000000, 0.9999999999999993339 ) ) ;
#8623 = CARTESIAN_POINT ( 'NONE',  ( -36.77849454573591004, 37.35482663924436508, 258.3206758343142155 ) ) ;
#8624 = CARTESIAN_POINT ( 'NONE',  ( -1.697371585504689362, 34.35707238260560814, 42.06053201340118619 ) ) ;
#8625 = CARTESIAN_POINT ( 'NONE',  ( 2.998894493888414559, 40.44237786041291116, 280.0191164537584996 ) ) ;
#8626 = CARTESIAN_POINT ( 'NONE',  ( 22.89604889179062397, 29.65121491090623707, 349.7873078236902415 ) ) ;
#8627 = EDGE_CURVE ( 'NONE', #4654, #8570, #7943, .T. ) ;
#8628 = CARTESIAN_POINT ( 'NONE',  ( 86.04165046946579309, -0.9836248390333799385, 62.57548133218611497 ) ) ;
#8629 = ORIENTED_EDGE ( 'NONE', *, *, #1744, .F. ) ;
#8630 = CARTESIAN_POINT ( 'NONE',  ( 0.001055812173227850190, 31.31176218372355891, 362.5588338338893095 ) ) ;
#8631 = CARTESIAN_POINT ( 'NONE',  ( -8.152714205931930636, 38.83668145618830181, 297.5451845213777347 ) ) ;
#8632 = CARTESIAN_POINT ( 'NONE',  ( 2.606090283762284798, 37.09899871576818953, 317.0801945849292451 ) ) ;
#8633 = CARTESIAN_POINT ( 'NONE',  ( 24.01652933940665235, 33.93108685485947973, 315.2781826130490117 ) ) ;
#8634 = LINE ( 'NONE', #3871, #1694 ) ;
#8635 = CARTESIAN_POINT ( 'NONE',  ( -1.153760518114027578E-13, 39.79232617201920164, 290.3787231414647181 ) ) ;
#8636 = CARTESIAN_POINT ( 'NONE',  ( 2.055360901560241427, 44.66932549983713585, 261.8874805395277576 ) ) ;
#8637 = CARTESIAN_POINT ( 'NONE',  ( 1.240397304842907111, 17.08031719385537528, 458.4040238591230150 ) ) ;
#8638 = CARTESIAN_POINT ( 'NONE',  ( -42.96450422769291322, 27.52012913465895849, 331.4493103031245482 ) ) ;
#8639 = CARTESIAN_POINT ( 'NONE',  ( 0.2558728910382006005, 37.29617195798626028, 315.4903243485858866 ) ) ;
#8640 = CARTESIAN_POINT ( 'NONE',  ( 0.4709684984625378545, 41.02653431879563328, 312.7840159696370392 ) ) ;
#8641 = CARTESIAN_POINT ( 'NONE',  ( -1.152399872805692338, 44.75105750814010719, 261.4230071793325578 ) ) ;
#8642 = B_SPLINE_CURVE_WITH_KNOTS ( 'NONE', 3,
 ( #8038, #7994, #3228, #1828 ),
 .UNSPECIFIED., .F., .F.,
 ( 4, 4 ),
 ( 0.2908455870965089840, 0.3162801320694683116 ),
 .UNSPECIFIED. ) ;
#8643 = EDGE_LOOP ( 'NONE', ( #3880, #3850, #5147 ) ) ;
#8644 = CARTESIAN_POINT ( 'NONE',  ( -0.1099495656878686917, 40.70196979963603212, 279.4886972426338048 ) ) ;
#8645 = CARTESIAN_POINT ( 'NONE',  ( 42.82036082025610568, 32.84028577497314672, 328.7149750000689892 ) ) ;
#8646 = CARTESIAN_POINT ( 'NONE',  ( 2.424928868789717029, 43.25369911660408917, 281.0545319268523485 ) ) ;
#8647 = CARTESIAN_POINT ( 'NONE',  ( 0.05107167720526519655, 35.53146740305792406, 330.8640440024881286 ) ) ;
#8648 = CARTESIAN_POINT ( 'NONE',  ( 26.84769820517946926, 30.90228744987071963, 331.4493103031248893 ) ) ;
#8649 = CARTESIAN_POINT ( 'NONE',  ( -27.66326358064004864, 13.52599411192533374, -1.587463340206875628 ) ) ;
#8650 = DIRECTION ( 'NONE',  ( 0.000000000000000000, 1.000000000000000000, 0.000000000000000000 ) ) ;
#8651 = CARTESIAN_POINT ( 'NONE',  ( -20.61451223250515596, 34.63772154653153024, 318.2881182284318129 ) ) ;
#8652 = DIRECTION ( 'NONE',  ( 1.000000000000000000, 0.000000000000000000, 0.000000000000000000 ) ) ;
#8653 = CARTESIAN_POINT ( 'NONE',  ( 33.65084412772714728, 28.04370220864094776, 330.3616161138216967 ) ) ;
#8654 = CARTESIAN_POINT ( 'NONE',  ( -54.82390645621840264, 12.55502082587985413, 233.5480463257898407 ) ) ;
#8655 = CARTESIAN_POINT ( 'NONE',  ( 0.4139405852726348312, 22.83636545478847424, 413.3279014844689527 ) ) ;
#8656 = CARTESIAN_POINT ( 'NONE',  ( 2.535231552508385722, 40.49633897959859041, 280.9201702960318698 ) ) ;
#8657 = ORIENTED_EDGE ( 'NONE', *, *, #6652, .T. ) ;
#8658 = CARTESIAN_POINT ( 'NONE',  ( -24.34909130434925828, 28.10197684773484283, 355.8738868829506714 ) ) ;
#8659 = CARTESIAN_POINT ( 'NONE',  ( -1.371592355364178228, 6.821518167627450779, 500.7095233472878135 ) ) ;
#8660 = VECTOR ( 'NONE', #5119, 1000.000000000000000 ) ;
#8661 = VECTOR ( 'NONE', #7114, 1000.000000000000000 ) ;
#8662 = CARTESIAN_POINT ( 'NONE',  ( 2.177296947288516193, -4.542331835814525043, 541.4227397640479467 ) ) ;
#8663 = CARTESIAN_POINT ( 'NONE',  ( -33.66528216922769445, 28.82023645456501271, 324.2885823872315427 ) ) ;
#8664 = CARTESIAN_POINT ( 'NONE',  ( 28.50116157467936162, 21.91214218928241309, 378.0987822202800999 ) ) ;
#8665 = CARTESIAN_POINT ( 'NONE',  ( 0.3342133134645543513, 36.37460756798055428, 323.7343900207930574 ) ) ;
#8666 = CARTESIAN_POINT ( 'NONE',  ( -2.934001094853418756, 40.54081365110893387, 280.1751991139818188 ) ) ;
#8667 = PLANE ( 'NONE',  #3064 ) ;
#8668 = VECTOR ( 'NONE', #2807, 1000.000000000000114 ) ;
#8669 = PLANE ( 'NONE',  #8013 ) ;
#8670 = CARTESIAN_POINT ( 'NONE',  ( 26.35674988608645464, 25.04923993672376170, 32.44508452609948534 ) ) ;
#8671 = CARTESIAN_POINT ( 'NONE',  ( -17.56274880224917467, 23.47543707398549628, 409.0485219192503337 ) ) ;
#8672 = CARTESIAN_POINT ( 'NONE',  ( 0.000000000000000000, 45.77999709477325752, 130.5726553802304295 ) ) ;
#8673 = ORIENTED_EDGE ( 'NONE', *, *, #5624, .T. ) ;
#8674 = CARTESIAN_POINT ( 'NONE',  ( 37.10924142441493245, 24.16905510177880956, 345.3619978734180336 ) ) ;
#8675 = CARTESIAN_POINT ( 'NONE',  ( -3.387963170037902927, 39.85449627911753367, 288.5005176869295838 ) ) ;
#8676 = EDGE_CURVE ( 'NONE', #976, #7600, #109, .T. ) ;
#8677 = CARTESIAN_POINT ( 'NONE',  ( 4.041189228024177460, 37.05698214205479246, 317.0986269989322750 ) ) ;
#8678 = CARTESIAN_POINT ( 'NONE',  ( 7.431809620212024292, 37.05205631470020933, 315.6487208049931041 ) ) ;
#8679 = CARTESIAN_POINT ( 'NONE',  ( 6.936201339595167603, 37.67210010694283540, 310.0657100094335874 ) ) ;
#8680 = CIRCLE ( 'NONE', #344, 1.000000000000000666 ) ;
#8681 = DIRECTION ( 'NONE',  ( 0.000000000000000000, 0.000000000000000000, -1.000000000000000000 ) ) ;
#8682 = CYLINDRICAL_SURFACE ( 'NONE', #2856, 34.40000000000009805 ) ;
#8683 = CARTESIAN_POINT ( 'NONE',  ( -150.0000000000002274, 7.068232020827782236, 370.3528863233865422 ) ) ;
#8684 = CARTESIAN_POINT ( 'NONE',  ( -2.998894493888414559, 44.80554920341130298, 263.2685888364569564 ) ) ;
#8685 = CARTESIAN_POINT ( 'NONE',  ( -1.105718530900883012, 37.28955242002167125, 315.5155264122035419 ) ) ;
#8686 = CARTESIAN_POINT ( 'NONE',  ( 0.4709684984625378545, 38.87613762590805067, 332.0055123804244204 ) ) ;
#8687 = FACE_OUTER_BOUND ( 'NONE', #8246, .T. ) ;
#8688 = ORIENTED_EDGE ( 'NONE', *, *, #7254, .T. ) ;
#8689 = CARTESIAN_POINT ( 'NONE',  ( 11.15444995691395391, 40.50430722341751277, 273.2457937290716359 ) ) ;
#8690 = CARTESIAN_POINT ( 'NONE',  ( 0.000000000000000000, 36.01456435933089750, 354.5116695689063704 ) ) ;
#8691 = CARTESIAN_POINT ( 'NONE',  ( -7.949694896139596345, 37.66491778761493237, 309.4774121314763420 ) ) ;
#8692 = CARTESIAN_POINT ( 'NONE',  ( -33.91749751736899299, 28.21654645920278526, 328.1289228888263665 ) ) ;
#8693 = CARTESIAN_POINT ( 'NONE',  ( 13.78123672714420955, 34.54405809929213689, 331.4493103031245482 ) ) ;
#8694 = B_SPLINE_CURVE_WITH_KNOTS ( 'NONE', 3,
 ( #1898, #8884, #6235, #3344, #4653, #2090, #4170, #6909, #7433, #3438, #4074, #5373, #6861, #682, #4752, #7385, #1212, #3979, #7573, #1997 ),
 .UNSPECIFIED., .F., .F.,
 ( 4, 2, 2, 2, 2, 2, 2, 2, 2, 4 ),
 ( 0.003273027653110678788, 0.009141074075003009780, 0.01500912049689534164, 0.02087716691878767003, 0.02674521334068000189, 0.03261325976257233028, 0.03848130618446466561, 0.04141532939541082980, 0.04434935260635699400, 0.05021739902824931545 ),
 .UNSPECIFIED. ) ;
#8695 = CARTESIAN_POINT ( 'NONE',  ( 0.9333058635097452038, 11.80632858096668159, -28.47083339118706391 ) ) ;
#8696 = CYLINDRICAL_SURFACE ( 'NONE', #8583, 1.000000000000000888 ) ;
#8697 = CARTESIAN_POINT ( 'NONE',  ( -0.1408836766255188444, 36.95415098317053548, 318.6014776897901584 ) ) ;
#8698 = CARTESIAN_POINT ( 'NONE',  ( 0.000000000000000000, 0.000000000000000000, 0.000000000000000000 ) ) ;
#8699 = CARTESIAN_POINT ( 'NONE',  ( 7.408995617691949143, 34.50803480814163038, 337.0515891102119213 ) ) ;
#8700 = CARTESIAN_POINT ( 'NONE',  ( -3.147860296435570415, 24.32371408104542709, 4.633680387658797528 ) ) ;
#8701 = CARTESIAN_POINT ( 'NONE',  ( -17.99428871489770643, 19.34991165062296048, 409.9951800876428933 ) ) ;
#8702 = CARTESIAN_POINT ( 'NONE',  ( 2.983342427300354149, 44.50971160930482284, 263.2755497703300307 ) ) ;
#8703 = VERTEX_POINT ( 'NONE', #8348 ) ;
#8704 = CARTESIAN_POINT ( 'NONE',  ( -19.49666741033714246, 29.44997670759662256, 357.6776394252050295 ) ) ;
#8705 = CARTESIAN_POINT ( 'NONE',  ( 11.87753674811280824, 22.01321616650771773, 424.9228753704809378 ) ) ;
#8706 = CARTESIAN_POINT ( 'NONE',  ( 0.7295355504911777977, -7.249700490246020479, 550.1677435810472616 ) ) ;
#8707 = CARTESIAN_POINT ( 'NONE',  ( -16.98681989989689356, 34.75391271605338517, 325.1597381280594732 ) ) ;
#8708 = CARTESIAN_POINT ( 'NONE',  ( 16.93646695349114495, 23.76902151268357244, 391.8858777649570015 ) ) ;
#8709 = CARTESIAN_POINT ( 'NONE',  ( 38.96839681237975128, 26.97906127350155003, 319.6500962337562441 ) ) ;
#8710 = CARTESIAN_POINT ( 'NONE',  ( 44.79208460024205607, 17.08810814811356593, 331.4493103058574661 ) ) ;
#8711 = LINE ( 'NONE', #4585, #1333 ) ;
#8712 = DIRECTION ( 'NONE',  ( 0.000000000000000000, -1.000000000000000000, 0.000000000000000000 ) ) ;
#8713 = LINE ( 'NONE', #4588, #1489 ) ;
#8714 = CARTESIAN_POINT ( 'NONE',  ( 150.0000000000003126, 16.71071704159100690, 262.7461542768186291 ) ) ;
#8715 = ORIENTED_EDGE ( 'NONE', *, *, #3118, .T. ) ;
#8716 = DIRECTION ( 'NONE',  ( 1.000000000000000000, 0.000000000000000000, 0.000000000000000000 ) ) ;
#8717 = CARTESIAN_POINT ( 'NONE',  ( 40.72807446020177480, 21.76833230153167165, 349.8567398098283547 ) ) ;
#8718 = CARTESIAN_POINT ( 'NONE',  ( -7.594446874605465858, 39.57806708093175274, 289.1554278606198523 ) ) ;
#8719 = CARTESIAN_POINT ( 'NONE',  ( 32.01429347060235386, 30.31862222814168462, 318.0594151292146421 ) ) ;
#8720 = CARTESIAN_POINT ( 'NONE',  ( 10.48173634086030859, 25.03435109199619291, 412.2200886540143756 ) ) ;
#8721 = AXIS2_PLACEMENT_3D ( 'NONE', #4835, #7520, #4020 ) ;
#8722 = CARTESIAN_POINT ( 'NONE',  ( 2.446434804580848610, 45.26775250361986025, 261.4458149891682979 ) ) ;
#8723 = CARTESIAN_POINT ( 'NONE',  ( 3.040119870750486619, 45.20405410562091220, 262.0371574924272409 ) ) ;
#8724 = CARTESIAN_POINT ( 'NONE',  ( -51.14854028299649258, 8.032565948868031214, 369.8610693905080211 ) ) ;
#8725 = CARTESIAN_POINT ( 'NONE',  ( -45.21696360105704571, 15.28754784236994446, 373.8313813539989496 ) ) ;
#8726 = CARTESIAN_POINT ( 'NONE',  ( -37.56395921713039598, 29.86327505812012362, 331.4493103031245482 ) ) ;
#8727 = EDGE_CURVE ( 'NONE', #2804, #2321, #2183, .T. ) ;
#8728 = VECTOR ( 'NONE', #7704, 1000.000000000000000 ) ;
#8729 = CARTESIAN_POINT ( 'NONE',  ( -0.5292004626734839734, 37.29376346335078551, 315.5046814793592489 ) ) ;
#8730 = CARTESIAN_POINT ( 'NONE',  ( 1.192598390898780503, 20.17127465771984873, 444.2396516818456007 ) ) ;
#8731 = DIRECTION ( 'NONE',  ( -1.000000000000000000, 0.000000000000000000, 0.000000000000000000 ) ) ;
#8732 = VERTEX_POINT ( 'NONE', #2310 ) ;
#8733 = CARTESIAN_POINT ( 'NONE',  ( 1.872376358267217267, 39.91274965173794698, 288.2955072272641246 ) ) ;
#8734 = CARTESIAN_POINT ( 'NONE',  ( -2.145165295397433169E-08, 42.33955562421409979, 255.0493127239866169 ) ) ;
#8735 = EDGE_CURVE ( 'NONE', #1013, #7876, #8390, .T. ) ;
#8736 = VECTOR ( 'NONE', #7991, 1000.000000000000000 ) ;
#8737 = CARTESIAN_POINT ( 'NONE',  ( 42.82036082025610568, 33.85106947388772625, 320.0000000000000568 ) ) ;
#8738 = CARTESIAN_POINT ( 'NONE',  ( 2.435458188821947534, 43.83248564057717545, 281.9273504746919912 ) ) ;
#8739 = ORIENTED_EDGE ( 'NONE', *, *, #1912, .T. ) ;
#8740 = CARTESIAN_POINT ( 'NONE',  ( -0.9552145398446717506, -19.79945804760096095, -71.14787201309992781 ) ) ;
#8741 = ADVANCED_FACE ( 'NONE', ( #1166 ), #8251, .T. ) ;
#8742 = CARTESIAN_POINT ( 'NONE',  ( 0.4666624454428923707, 44.78686955249617796, 261.3537278318258927 ) ) ;
#8743 = AXIS2_PLACEMENT_3D ( 'NONE', #7960, #8681, #6574 ) ;
#8744 = CARTESIAN_POINT ( 'NONE',  ( 0.000000000000000000, 16.05780648225944418, -18.97418335886999685 ) ) ;
#8745 = LINE ( 'NONE', #5244, #7150 ) ;
#8746 = CARTESIAN_POINT ( 'NONE',  ( -4.748155391706963435, 36.86525638312930653, 318.6236582314777479 ) ) ;
#8747 = CARTESIAN_POINT ( 'NONE',  ( 0.6491443250904732620, 42.91275864863085587, 244.3485020860264569 ) ) ;
#8748 = CARTESIAN_POINT ( 'NONE',  ( 1.697371585504689362, 34.35707238260560814, 42.06053201340118619 ) ) ;
#8749 = DIRECTION ( 'NONE',  ( 0.000000000000000000, -1.000000000000000000, 0.000000000000000000 ) ) ;
#8750 = CARTESIAN_POINT ( 'NONE',  ( 2.055021073560439504, 40.47311655283309761, 281.4004446299917390 ) ) ;
#8751 = CARTESIAN_POINT ( 'NONE',  ( 1.003294345898726236, 37.16042184082672861, 334.4493103031246051 ) ) ;
#8752 = CARTESIAN_POINT ( 'NONE',  ( 0.2931400288484948269, 31.31070395888752600, 362.5949054779473499 ) ) ;
#8753 = CARTESIAN_POINT ( 'NONE',  ( 2.172075125309121724, 16.89621306203804707, 458.4249543244469578 ) ) ;
#8754 = B_SPLINE_SURFACE_WITH_KNOTS ( 'NONE', 3, 3, ( 
 ( #8820, #4110, #1201, #669, #3967, #6802, #3281, #2604, #3424, #6176 ),
 ( #6127, #5360, #8871, #8094, #1933, #4738, #7467, #8920, #4689, #7421 ),
 ( #2653, #5409, #2701, #8139, #1295, #5459, #8186, #2029, #4783, #2750 ),
 ( #5503, #4829, #8230, #2076, #886, #7105, #5002, #130, #2163, #1569 ),
 ( #8370, #7732, #6268, #7609, #1526, #1610, #803, #2887, #7651, #1484 ),
 ( #2245, #5597, #4331, #5642, #8280, #929, #8454, #8412, #4373, #5684 ),
 ( #2928, #6436, #3688, #3560, #846, #2290, #6313, #7063, #3516, #86 ),
 ( #6352, #2843, #5046, #7774, #2968, #3645, #2204, #3011, #6397, #258 ),
 ( #4961, #4203, #5723, #216, #6940, #172, #2122, #4876, #4245, #8327 ),
 ( #6981, #7021, #1442, #761, #4921, #7693, #4286, #3604, #5935, #5174 ),
 ( #3051, #5130, #1827, #1783, #6778, #8538, #7900, #5765, #4498, #5217 ),
 ( #599, #431, #341, #7992, #4587, #7858, #7946, #8495, #2458, #4035 ),
 ( #7444, #972, #4542, #1099, #6478, #1737, #1270, #7230, #299, #5261 ),
 ( #8580, #7275, #5807, #2329, #5087, #7146, #2371, #1055, #7817, #1697 ),
 ( #2504, #1652, #4413, #4456, #7188, #3731, #8670, #1010, #3770, #3862 ),
 ( #6609, #6521, #3096, #3182, #5849, #2414, #3814, #6563, #386, #3140 ),
 ( #5891, #8624, #2726, #5482, #2776, #6246, #646, #2822, #4131, #3354 ),
 ( #3538, #3494, #8346, #740, #6103, #6919, #1505, #5618, #7537, #4853 ),
 ( #1369, #5575, #7490, #1320, #8844, #1417, #6826, #6289, #107, #6960 ),
 ( #3447, #7001, #2142, #4265, #4896, #6198, #8162, #782, #65, #2006 ),
 ( #7671, #2675, #8209, #4086, #4807, #2052, #2101, #4222, #2865, #7629 ),
 ( #7584, #2181, #5432, #6871, #1460, #3401, #693, #4939, #8301, #4761 ),
 ( #5529, #6150, #4180, #8896, #17, #8258, #3584, #6457, #233, #8475 ),
 ( #1547, #319, #905, #3665, #2349, #863, #2388, #5150, #2223, #4309 ),
 ( #1716, #193, #8556, #6499, #3072, #5825, #5702, #2945, #5660, #3749 ),
 ( #6332, #5106, #7878, #278, #1589, #3621, #3030, #6414, #2988, #5784 ),
 ( #148, #5745, #4476, #2267, #4350, #8430, #5025, #2308, #3707, #7040 ),
 ( #7081, #824, #2904, #990, #947, #8388, #7123, #4980, #4391, #7712 ),
 ( #7753, #5064, #6371, #7792, #8514, #1628, #7835, #1670, #4433, #7167 ),
 ( #1211, #1897, #2570, #7296, #1945, #5998, #8105, #8737, #1122, #3113 ),
 ( #1165, #5867, #5282, #2616, #7208, #6584, #5194, #8645, #408, #5956 ),
 ( #4561, #8783, #4652, #8690, #3978, #5372, #5238, #5326, #4520, #3159 ),
 ( #3248, #1033, #1075, #450, #3790, #8014, #2524, #6671, #3882, #3202 ),
 ( #5911, #2481, #1851, #7921, #6541, #7384, #1758, #7970, #4607, #361 ),
 ( #8600, #543, #1804, #7338, #6718, #6629, #497, #2435, #7251, #3836 ),
 ( #3929, #3294, #6046, #8057, #52, #4795, #8337, #3482, #5608, #6234 ),
 ( #588, #2133, #7572, #3343, #2765, #97, #4702, #4073, #2665, #6140 ),
 ( #1260, #2809, #2042, #6278, #8290, #3437, #7620, #2854, #2716, #5562 ),
 ( #6816, #774, #729, #7432, #7480, #6860, #4024, #5516, #6188, #4169 ),
 ( #681, #636, #3393, #8883, #6, #5422, #6768, #4888, #8151, #5471 ),
 ( #6093, #1452, #8200, #8833, #1403, #4122, #8244, #1996, #4751, #1309 ),
 ( #7527, #4213, #1358, #2089, #4841, #6908, #6952, #3528, #3063, #1537 ),
 ( #7830, #1664, #4425, #7033, #4298, #6992, #5100, #7160, #7662, #3699 ),
 ( #7785, #2939, #4973, #4385, #2257, #5015, #1621, #140, #1497, #4342 ),
 ( #3614, #5695, #856, #6364, #1580, #5057, #8380, #7117, #8424, #2173 ),
 ( #2341, #2301, #985, #8467, #7744, #3743, #5777, #897, #6490, #311 ),
 ( #6449, #2215, #183, #5819, #940, #4931, #7705, #7074, #4257, #227 ),
 ( #271, #3658, #6408, #2980, #5736, #3024, #8507, #2897, #813, #3572 ) ),
 .UNSPECIFIED., .F., .F., .F.,
 ( 4, 3, 1, 1, 1, 1, 1, 1, 1, 1, 1, 1, 1, 1, 1, 1, 1, 1, 1, 1, 1, 1, 1, 1, 1, 3, 1, 1, 1, 1, 1, 1, 1, 1, 1, 1, 1, 1, 1, 1, 1, 4 ),
 ( 4, 3, 1, 1, 1, 4 ),
 ( 0.4847573055477913950, 0.4990857812012456374, 0.5032524761466716789, 0.5074191710920973319, 0.5115858660375233180, 0.5157525609829490820, 0.5199192559283750681, 0.5240859508738008321, 0.5324193407646525822, 0.5407527306555042212, 0.5490861205463560824, 0.5574195104372077214, 0.5657529003280594715, 0.5740862902189111105, 0.5824196801097627496, 0.5990864598914662498, 0.6157532396731697499, 0.6324200194548732501, 0.6490867992365765282, 0.6657535790182800284, 0.6824203587999835285, 0.6990871385816868067, 0.7157539183633904178, 0.7324206981450935849, 0.7490874779267970851, 0.7657542577085005853, 0.7934811804762516019, 0.8212081032440026185, 0.8350715646278780158, 0.8489350260117537461, 0.8627984873956292544, 0.8766619487795048737, 0.8905254101633801600, 0.9043888715472557793, 0.9182523329311313987, 0.9321157943150069070, 0.9459792556988821932, 0.9598427170827579236, 0.9737061784666334319, 0.9806379091585710750, 0.9841037745045400076, 0.9875696398505088291 ),
 ( -0.01000000000000000021, 0.000000000000000000, 0.03502224838491098391, 0.09383257832149248523, 0.1938325783214923659, 1.000000000000000000 ),
 .UNSPECIFIED. ) ;
#8755 = CARTESIAN_POINT ( 'NONE',  ( -2.331263078060942462, 10.18293184117968941, 486.7884037760323963 ) ) ;
#8756 = CARTESIAN_POINT ( 'NONE',  ( -1.856755672499687204, 36.36478756457540129, 323.7045890169566746 ) ) ;
#8757 = CARTESIAN_POINT ( 'NONE',  ( 0.4478424577787510352, 26.62611159247836667, 391.9970547284888198 ) ) ;
#8758 = CARTESIAN_POINT ( 'NONE',  ( 12.85783755018437446, 35.43904145911976400, 325.3360724467639784 ) ) ;
#8759 = CARTESIAN_POINT ( 'NONE',  ( -33.03633095656162055, 21.02711613838863158, 389.0746662281788417 ) ) ;
#8760 = FACE_OUTER_BOUND ( 'NONE', #1969, .T. ) ;
#8761 = DIRECTION ( 'NONE',  ( 6.590423098898467265E-17, 0.9971851335251159520, 0.07497872682632604480 ) ) ;
#8762 = CARTESIAN_POINT ( 'NONE',  ( 0.8067805704858665994, 43.40477166021896949, 281.9339774583896769 ) ) ;
#8763 = ORIENTED_EDGE ( 'NONE', *, *, #3340, .T. ) ;
#8764 = CARTESIAN_POINT ( 'NONE',  ( 9.650457210473206260, 42.47422119080876257, 108.3197917343866408 ) ) ;
#8765 = ORIENTED_EDGE ( 'NONE', *, *, #323, .T. ) ;
#8766 = SURFACE_STYLE_USAGE ( .BOTH. , #6026 ) ;
#8767 = CARTESIAN_POINT ( 'NONE',  ( 3.851627519599205129, 31.27483707826209169, 361.9745452594089556 ) ) ;
#8768 = CARTESIAN_POINT ( 'NONE',  ( 0.5010633681001401829, 39.97230447743812931, 288.0223963787665298 ) ) ;
#8769 = CARTESIAN_POINT ( 'NONE',  ( 1.858367448604185457, 37.11050021711577784, 317.0710829063515916 ) ) ;
#8770 = CARTESIAN_POINT ( 'NONE',  ( 31.84623995339903857, 20.78121346890495857, 392.6125028606182923 ) ) ;
#8771 = CARTESIAN_POINT ( 'NONE',  ( 3.038931824933655879, 45.20420631748378071, 262.0356027513757908 ) ) ;
#8772 = CARTESIAN_POINT ( 'NONE',  ( -2.145165295397433169E-08, 45.74766521858110480, 255.0493127239866169 ) ) ;
#8773 = CARTESIAN_POINT ( 'NONE',  ( -150.0000000000001421, 9.607543969010292173, 355.1325008380466102 ) ) ;
#8774 = CARTESIAN_POINT ( 'NONE',  ( -6.367281761868368584, 27.66839039504128905, 383.4439211914911994 ) ) ;
#8775 = CARTESIAN_POINT ( 'NONE',  ( -0.4339086005339550800, 35.52997096635592555, 330.8818076742483640 ) ) ;
#8776 = CARTESIAN_POINT ( 'NONE',  ( -0.3357327115768611869, 37.18158367539135156, 316.5356863882348080 ) ) ;
#8777 = CARTESIAN_POINT ( 'NONE',  ( -53.41671992373075284, 4.732634878479694329, 384.7797939231693363 ) ) ;
#8778 = CARTESIAN_POINT ( 'NONE',  ( -1.619819178831790385, 43.22343190059798701, 281.6710287318590531 ) ) ;
#8779 = ORIENTED_EDGE ( 'NONE', *, *, #708, .F. ) ;
#8780 = CARTESIAN_POINT ( 'NONE',  ( 24.55014399334533692, 35.97627614226339432, 293.0248544480453461 ) ) ;
#8781 = CARTESIAN_POINT ( 'NONE',  ( 33.03633095656161345, 17.14605233795703043, 389.0746662281788417 ) ) ;
#8782 = CARTESIAN_POINT ( 'NONE',  ( -4.330780460423959255, 42.20895850876130595, 254.1277545821283752 ) ) ;
#8783 = CARTESIAN_POINT ( 'NONE',  ( -0.9573959518996042473, 36.00720964673208613, 354.6273715488849803 ) ) ;
#8784 = CARTESIAN_POINT ( 'NONE',  ( 0.4873802908429391012, 45.38535174973730335, 260.7910082619117134 ) ) ;
#8785 = ORIENTED_EDGE ( 'NONE', *, *, #2632, .F. ) ;
#8786 = CARTESIAN_POINT ( 'NONE',  ( -14.31672065723999054, 34.61685599061654273, 329.9752476910231849 ) ) ;
#8787 = DIRECTION ( 'NONE',  ( 1.000000000000000000, 0.000000000000000000, 0.000000000000000000 ) ) ;
#8788 = B_SPLINE_CURVE_WITH_KNOTS ( 'NONE', 3,
 ( #3302, #1217, #6052, #1038, #3841, #1081, #3797, #1903, #6546, #2440, #503, #1764, #1858, #4525, #1128, #7258, #1809, #7301 ),
 .UNSPECIFIED., .F., .F.,
 ( 4, 2, 2, 2, 2, 2, 2, 2, 4 ),
 ( 0.000000000000000000, 0.0006273900803818696940, 0.001254780160763738954, 0.001882170241145607889, 0.002509560321527476608, 0.003136950401909344675, 0.003764340482291213610, 0.004391730562673081678, 0.005019120643054950613 ),
 .UNSPECIFIED. ) ;
#8789 = CARTESIAN_POINT ( 'NONE',  ( -11.07186743597200973, 32.81523294668829749, 45.76036132870854090 ) ) ;
#8790 = CARTESIAN_POINT ( 'NONE',  ( -48.61521300242358734, 26.48403073519783746, 288.9056952182621103 ) ) ;
#8791 = CARTESIAN_POINT ( 'NONE',  ( -14.93130709771135045, 35.90884023417178383, 318.2152710925298607 ) ) ;
#8792 = CARTESIAN_POINT ( 'NONE',  ( 0.6605607835716310605, 42.44681851461624689, 253.2823792128298805 ) ) ;
#8793 = EDGE_CURVE ( 'NONE', #8153, #7996, #3885, .T. ) ;
#8794 = CARTESIAN_POINT ( 'NONE',  ( -49.32634856228757059, 20.28886164836126582, 276.4091044601491944 ) ) ;
#8795 = CARTESIAN_POINT ( 'NONE',  ( -33.05275573680049916, 15.21329512459912081, 396.9679820428511903 ) ) ;
#8796 = CARTESIAN_POINT ( 'NONE',  ( 48.93205100325172197, 60.00000000000000711, 280.3525527939733024 ) ) ;
#8797 = DIRECTION ( 'NONE',  ( 0.000000000000000000, 0.000000000000000000, -1.000000000000000000 ) ) ;
#8798 = CARTESIAN_POINT ( 'NONE',  ( -0.6639008682280737039, 31.31281211074484716, 362.4725265853441556 ) ) ;
#8799 = CARTESIAN_POINT ( 'NONE',  ( -1.930653681019943724, 13.87290448054163683, 472.4794235559970730 ) ) ;
#8800 = EDGE_CURVE ( 'NONE', #920, #8059, #1944, .T. ) ;
#8801 = CARTESIAN_POINT ( 'NONE',  ( 2.869757525187609293, -24.73004176475694749, -76.23815369158728572 ) ) ;
#8802 = CARTESIAN_POINT ( 'NONE',  ( -0.3332634205541905592, 36.13843829219727866, 325.7547925773593533 ) ) ;
#8803 = CARTESIAN_POINT ( 'NONE',  ( -0.3032598622236592489, 22.83360740136911815, 413.3181698242211723 ) ) ;
#8804 = CARTESIAN_POINT ( 'NONE',  ( 1.103984686915175262, 36.37234243294829383, 323.7194840513330405 ) ) ;
#8805 = CARTESIAN_POINT ( 'NONE',  ( 0.1407168355443821905, 44.79795794199171155, 261.3537278318255517 ) ) ;
#8806 = CARTESIAN_POINT ( 'NONE',  ( -0.000000000000000000, -19.80119957717566237, -71.13603959821548983 ) ) ;
#8807 = CARTESIAN_POINT ( 'NONE',  ( -3.066662445442833729, 44.45300068828721152, 263.9480980988757892 ) ) ;
#8808 = DIRECTION ( 'NONE',  ( -0.000000000000000000, -0.000000000000000000, 1.000000000000000000 ) ) ;
#8809 = ORIENTED_EDGE ( 'NONE', *, *, #6165, .F. ) ;
#8810 = AXIS2_PLACEMENT_3D ( 'NONE', #6765, #8056, #1896 ) ;
#8811 = VERTEX_POINT ( 'NONE', #4842 ) ;
#8812 = CARTESIAN_POINT ( 'NONE',  ( 11.07186743597200973, 32.81523294668829749, 45.76036132870854090 ) ) ;
#8813 = ORIENTED_EDGE ( 'NONE', *, *, #478, .F. ) ;
#8814 = CARTESIAN_POINT ( 'NONE',  ( 3.690959457694359180, 43.98499257479614499, 279.3850310815437865 ) ) ;
#8815 = CARTESIAN_POINT ( 'NONE',  ( 15.85133419182490400, 29.05046932998559939, 365.8486085168153181 ) ) ;
#8816 = CARTESIAN_POINT ( 'NONE',  ( -35.72930169488991936, 30.32149768253930588, 302.7306177985166755 ) ) ;
#8817 = CARTESIAN_POINT ( 'NONE',  ( 1.484182117741796647, 36.94599776383520862, 318.6075419216023761 ) ) ;
#8818 = DIRECTION ( 'NONE',  ( -1.000000000000000000, 0.000000000000000000, 0.000000000000000000 ) ) ;
#8819 = PLANE ( 'NONE',  #3859 ) ;
#8820 = CARTESIAN_POINT ( 'NONE',  ( -2.869757525187609293, -24.73004176475694749, -76.23815369158728572 ) ) ;
#8821 = CARTESIAN_POINT ( 'NONE',  ( -1.850464964290566172, 28.57020904146000362, 400.4539919784762674 ) ) ;
#8822 = CARTESIAN_POINT ( 'NONE',  ( 0.4491561645039390260, 27.84558647689721766, 384.8904852548599251 ) ) ;
#8823 = CARTESIAN_POINT ( 'NONE',  ( -0.05107167720526519655, 35.53146740305792406, 330.8640440024881286 ) ) ;
#8824 = EDGE_LOOP ( 'NONE', ( #3215, #3608, #706, #4911 ) ) ;
#8825 = UNCERTAINTY_MEASURE_WITH_UNIT (LENGTH_MEASURE( 1.000000000000000082E-05 ), #4818, 'distance_accuracy_value', 'NONE');
#8826 = CARTESIAN_POINT ( 'NONE',  ( -28.78779204567957706, 31.84581638188963026, 317.1693970447449260 ) ) ;
#8827 = CARTESIAN_POINT ( 'NONE',  ( -150.0000000000003126, 4.384157842436207098, 385.9904724453040785 ) ) ;
#8828 = CARTESIAN_POINT ( 'NONE',  ( 5.444883378412469277, 38.04001594648574525, 307.2396270733679557 ) ) ;
#8829 = ORIENTED_EDGE ( 'NONE', *, *, #96, .T. ) ;
#8830 = CARTESIAN_POINT ( 'NONE',  ( 7.509897473222857833, 38.89323915068193571, 297.4634029668256971 ) ) ;
#8831 = FACE_OUTER_BOUND ( 'NONE', #3431, .T. ) ;
#8832 = CARTESIAN_POINT ( 'NONE',  ( -24.40533702224937684, 38.34990178903479574, 262.4973914154145405 ) ) ;
#8833 = CARTESIAN_POINT ( 'NONE',  ( 0.000000000000000000, 6.729893735435778623, 500.8079739285071810 ) ) ;
#8834 = CARTESIAN_POINT ( 'NONE',  ( 2.145165295397433169E-08, 45.74766521858110480, 255.0493127239866169 ) ) ;
#8835 = ORIENTED_EDGE ( 'NONE', *, *, #1138, .F. ) ;
#8836 = CARTESIAN_POINT ( 'NONE',  ( 86.34215386717033880, -3.295932708773868125, 58.85122590806797405 ) ) ;
#8837 = B_SPLINE_SURFACE_WITH_KNOTS ( 'NONE', 3, 1, ( 
 ( #2161, #8917 ),
 ( #6937, #8869 ),
 ( #4243, #6800 ),
 ( #4781, #6266 ),
 ( #1978, #7465 ),
 ( #3467, #621 ),
 ( #2074, #5594 ),
 ( #8137, #759 ),
 ( #3514, #667 ),
 ( #4919, #3378 ) ),
 .UNSPECIFIED., .F., .F., .F.,
 ( 4, 2, 2, 2, 4 ),
 ( 2, 2 ),
 ( 0.000000000000000000, 0.2500000000000000000, 0.5000000000000000000, 0.7500000000000000000, 1.000000000000000000 ),
 ( 0.000000000000000000, 1.000000000000000000 ),
 .UNSPECIFIED. ) ;
#8838 = CARTESIAN_POINT ( 'NONE',  ( 7.500000000000000000, 60.00000000000000711, 413.0240909614261113 ) ) ;
#8839 = CARTESIAN_POINT ( 'NONE',  ( -54.48274488411642125, 13.81017118001468269, 236.9137207598040220 ) ) ;
#8840 = CARTESIAN_POINT ( 'NONE',  ( -7.500000000000000000, 23.24985801873180691, 413.0240909614261113 ) ) ;
#8841 = CARTESIAN_POINT ( 'NONE',  ( -0.5290742816892671785, 37.01025619127208444, 318.0873815798668716 ) ) ;
#8842 = CARTESIAN_POINT ( 'NONE',  ( 45.68555551570843676, 28.85887378803767334, 270.8674917357461140 ) ) ;
#8843 = CARTESIAN_POINT ( 'NONE',  ( -150.0000000000003695, 17.23251453160983715, 290.2479985875627335 ) ) ;
#8844 = CARTESIAN_POINT ( 'NONE',  ( 2.764266699687509821, 40.40007119318590156, 79.70911587689846556 ) ) ;
#8845 = CARTESIAN_POINT ( 'NONE',  ( -9.014391379556844441, 20.88382332184651702, 416.8656314731919679 ) ) ;
#8846 = B_SPLINE_CURVE_WITH_KNOTS ( 'NONE', 3,
 ( #2629, #1866, #3309, #3944 ),
 .UNSPECIFIED., .F., .F.,
 ( 4, 4 ),
 ( 0.3192827270458439282, 0.3406522066182079422 ),
 .UNSPECIFIED. ) ;
#8847 = DIRECTION ( 'NONE',  ( -1.000000000000000000, 0.000000000000000000, 0.000000000000000000 ) ) ;
#8848 = CARTESIAN_POINT ( 'NONE',  ( 0.1665722776489958479, 33.48475873475629783, 347.0947622149598715 ) ) ;
#8849 = CARTESIAN_POINT ( 'NONE',  ( -1.145115487848116009, 23.11885975406494254, 429.9532895041899678 ) ) ;
#8850 = EDGE_CURVE ( 'NONE', #683, #3818, #6675, .T. ) ;
#8851 = CARTESIAN_POINT ( 'NONE',  ( 2.865643619534015141, -19.79597498845155457, -71.17153684286878956 ) ) ;
#8852 = CARTESIAN_POINT ( 'NONE',  ( -3.331072433877038108, 36.10613679527894959, 325.6681342061165196 ) ) ;
#8853 = CARTESIAN_POINT ( 'NONE',  ( 45.21696360105704571, 15.28754784236994446, 373.8313813539989496 ) ) ;
#8854 = CARTESIAN_POINT ( 'NONE',  ( 38.96789776793539772, 26.63416489093134842, 322.5752070059791095 ) ) ;
#8855 = CARTESIAN_POINT ( 'NONE',  ( -5.509241318674111968E-10, 38.88521462212378310, 331.4493103003381975 ) ) ;
#8856 = CARTESIAN_POINT ( 'NONE',  ( -150.0000000000000284, -0.1700441024495829567, 208.5255278475402463 ) ) ;
#8857 = DIRECTION ( 'NONE',  ( -1.000000000000000000, 0.000000000000000000, 0.000000000000000000 ) ) ;
#8858 = EDGE_CURVE ( 'NONE', #3747, #566, #2617, .T. ) ;
#8859 = CARTESIAN_POINT ( 'NONE',  ( -3.066662445442831952, 44.45300068828723994, 263.9480980988757892 ) ) ;
#8860 = EDGE_LOOP ( 'NONE', ( #462, #8129, #2643, #477 ) ) ;
#8861 = ORIENTED_EDGE ( 'NONE', *, *, #8800, .F. ) ;
#8862 = CARTESIAN_POINT ( 'NONE',  ( 2.613339197210340359, 43.38578146962264270, 105.1797038346670092 ) ) ;
#8863 = ORIENTED_EDGE ( 'NONE', *, *, #53, .T. ) ;
#8864 = EDGE_CURVE ( 'NONE', #615, #4404, #8694, .T. ) ;
#8865 = SURFACE_SIDE_STYLE ('',( #8087 ) ) ;
#8866 = CARTESIAN_POINT ( 'NONE',  ( 12.92826229666298765, 29.47009250613004383, 366.8890576122657308 ) ) ;
#8867 = CARTESIAN_POINT ( 'NONE',  ( -0.07021231172548984822, 41.35187685510684474, 270.8159237754088053 ) ) ;
#8868 = CARTESIAN_POINT ( 'NONE',  ( -0.4558771782561179542, 36.95447397814445623, 318.5989157987927456 ) ) ;
#8869 = CARTESIAN_POINT ( 'NONE',  ( -0.8067805704858665994, 40.44237786041291116, 281.9339774583896769 ) ) ;
#8870 = CARTESIAN_POINT ( 'NONE',  ( 3.272409930953451340, 45.17157288540076365, 262.3831440471170708 ) ) ;
#8871 = CARTESIAN_POINT ( 'NONE',  ( -0.9552145398446717506, -19.79945804760096095, -71.14787201309992781 ) ) ;
#8872 = CARTESIAN_POINT ( 'NONE',  ( 2.177296947288516193, -4.542331835814525043, 541.4227397640479467 ) ) ;
#8873 = CARTESIAN_POINT ( 'NONE',  ( -19.02993805038229524, 25.94031621568596435, 377.7380999803842769 ) ) ;
#8874 = CARTESIAN_POINT ( 'NONE',  ( 24.65410726417444565, 32.04270334810212262, 329.0528273922233780 ) ) ;
#8875 = VERTEX_POINT ( 'NONE', #1261 ) ;
#8876 = CARTESIAN_POINT ( 'NONE',  ( 0.2561679233375807607, 37.40856194650572775, 314.4510382597285343 ) ) ;
#8877 = CARTESIAN_POINT ( 'NONE',  ( 46.88475728340474546, 23.08258537076258321, 315.3919575894317404 ) ) ;
#8878 = ORIENTED_EDGE ( 'NONE', *, *, #4250, .F. ) ;
#8879 = CARTESIAN_POINT ( 'NONE',  ( -0.4771543603517713894, 39.23219867428473862, 296.6059632128149133 ) ) ;
#8880 = CARTESIAN_POINT ( 'NONE',  ( -28.44191142414713269, 17.09326243298172798, 398.8298970715779319 ) ) ;
#8881 = CARTESIAN_POINT ( 'NONE',  ( -5.996873100694215204E-05, 45.40164194841052137, 260.7912700365974388 ) ) ;
#8882 = CARTESIAN_POINT ( 'NONE',  ( -38.39502618822298530, 32.45050882325276120, 265.3755587929954913 ) ) ;
#8883 = CARTESIAN_POINT ( 'NONE',  ( 0.000000000000000000, 10.33405387878785753, 486.6586544760494917 ) ) ;
#8884 = CARTESIAN_POINT ( 'NONE',  ( -42.96315962213277828, 23.82309086121978581, 331.4493103031246619 ) ) ;
#8885 = ORIENTED_EDGE ( 'NONE', *, *, #5571, .T. ) ;
#8886 = CARTESIAN_POINT ( 'NONE',  ( -1.904146327908672554, -8.520320594203820264, -59.57409022259488296 ) ) ;
#8887 = VECTOR ( 'NONE', #4263, 1000.000000000000000 ) ;
#8888 = CARTESIAN_POINT ( 'NONE',  ( -35.35103101882084076, 34.31025519823177916, 257.5563273043687218 ) ) ;
#8889 =( BOUNDED_SURFACE ( )  B_SPLINE_SURFACE ( 3, 2, ( 
 ( #4793, #3291, #679 ),
 ( #5369, #6043, #2040 ),
 ( #2614, #8149, #8103 ),
 ( #1306, #3434, #2663 ) ),
 .UNSPECIFIED., .F., .F., .F. ) 
 B_SPLINE_SURFACE_WITH_KNOTS ( ( 4, 4 ),
 ( 3, 3 ),
 ( 4.336808689942017736E-19, 0.0004891959335995700424 ),
 ( 0.000000000000000000, 1.000000000000000000 ),
 .UNSPECIFIED. ) 
 GEOMETRIC_REPRESENTATION_ITEM ( )  RATIONAL_B_SPLINE_SURFACE ( (
 ( 1.000000000000000000, 0.7287434562805066296, 1.000000000000000000),
 ( 1.000000000000000000, 0.7287930287055207623, 1.000000000000000000),
 ( 1.000000000000000000, 0.7288432373383267882, 1.000000000000000000),
 ( 1.000000000000000000, 0.7288940299742635576, 1.000000000000000000) ) ) 
 REPRESENTATION_ITEM ( '' )  SURFACE ( )  );
#8890 = CARTESIAN_POINT ( 'NONE',  ( -0.2561210974988218370, 41.90671274152295922, 262.0277463343408613 ) ) ;
#8891 = CARTESIAN_POINT ( 'NONE',  ( -71.97024598150451880, 26.91823370465814236, 148.0993287817699979 ) ) ;
#8892 = CARTESIAN_POINT ( 'NONE',  ( -59.97261899444817601, -10.31809425623221443, 446.5905760905740181 ) ) ;
#8893 = AXIS2_PLACEMENT_3D ( 'NONE', #2253, #1576, #180 ) ;
#8894 = CARTESIAN_POINT ( 'NONE',  ( 39.06618867008406681, 32.55437092842583269, 259.0673297886324917 ) ) ;
#8895 = CARTESIAN_POINT ( 'NONE',  ( 1.083397896708238717, 47.10800371953739329, 228.9848588130912788 ) ) ;
#8896 = CARTESIAN_POINT ( 'NONE',  ( 0.000000000000000000, 47.65165836710342973, 180.5788067618912009 ) ) ;
#8897 = CARTESIAN_POINT ( 'NONE',  ( -14.72442217628794658, 21.44945499124647981, 406.2843314463586353 ) ) ;
#8898 = CARTESIAN_POINT ( 'NONE',  ( 5.966662445443056129, 37.71010751892143986, 310.2232895710617413 ) ) ;
#8899 = CARTESIAN_POINT ( 'NONE',  ( -1.409889756305609865, 33.48824728706445342, 346.9324434743176084 ) ) ;
#8900 = CARTESIAN_POINT ( 'NONE',  ( 6.953941588068372148, 6.120562770953910992, 500.2070897956710951 ) ) ;
#8901 = CIRCLE ( 'NONE', #2280, 1.000000000000000888 ) ;
#8902 = CARTESIAN_POINT ( 'NONE',  ( 0.003294345898725401563, 37.16042184082672861, 334.4493103031246051 ) ) ;
#8903 = CARTESIAN_POINT ( 'NONE',  ( -22.36385958862734924, 33.79642854480400871, 321.4098245898869664 ) ) ;
#8904 = CARTESIAN_POINT ( 'NONE',  ( 33.26000783615020140, 17.77096353733266554, 386.0625510995611194 ) ) ;
#8905 = CARTESIAN_POINT ( 'NONE',  ( 6.774910998996953815, 36.20110897177863052, 323.6001862981557906 ) ) ;
#8906 = CARTESIAN_POINT ( 'NONE',  ( -0.000000000000000000, -8.574914396861032628, -59.59239050809556204 ) ) ;
#8907 = EDGE_CURVE ( 'NONE', #8529, #8059, #651, .T. ) ;
#8908 = CARTESIAN_POINT ( 'NONE',  ( 0.000000000000000000, 45.39211644644451127, 260.9431598790525300 ) ) ;
#8909 = LINE ( 'NONE', #8220, #1762 ) ;
#8910 = ORIENTED_EDGE ( 'NONE', *, *, #8793, .T. ) ;
#8911 = EDGE_LOOP ( 'NONE', ( #6673, #2433, #5447, #4747 ) ) ;
#8912 = CARTESIAN_POINT ( 'NONE',  ( -1.024170345567492202, 46.00818778601377090, 252.5475023864288744 ) ) ;
#8913 = DIRECTION ( 'NONE',  ( -1.000000000000000000, 0.000000000000000000, -0.000000000000000000 ) ) ;
#8914 = CARTESIAN_POINT ( 'NONE',  ( 11.79340207356981018, 28.39799747523395723, 374.2933606528142718 ) ) ;
#8915 = CARTESIAN_POINT ( 'NONE',  ( -1.878904452381658041, 40.63712697106652882, 279.7682777392325875 ) ) ;
#8916 = CARTESIAN_POINT ( 'NONE',  ( 0.5290114329606289134, 36.95317085238638555, 318.6031948879618767 ) ) ;
#8917 = CARTESIAN_POINT ( 'NONE',  ( -0.4666624454429352253, 40.44237786041291116, 281.9339774583896769 ) ) ;
#8918 = EDGE_CURVE ( 'NONE', #8318, #2167, #6251, .T. ) ;
#8919 = CARTESIAN_POINT ( 'NONE',  ( 3.594263644105775590, 45.10785328951531170, 263.1562443248186582 ) ) ;
#8920 = CARTESIAN_POINT ( 'NONE',  ( 87.16474666623552991, -18.22885969961632213, 41.61352295269925605 ) ) ;
#8921 = CARTESIAN_POINT ( 'NONE',  ( -9.706193483868752026, -6.012392168603122755, 533.3392366149785175 ) ) ;
#8922 = CARTESIAN_POINT ( 'NONE',  ( -0.2583232344700071570, 27.84116277043815657, 384.7994772277550624 ) ) ;
#8923 = CARTESIAN_POINT ( 'NONE',  ( -0.3384779825731820124, 35.53034542765026060, 330.8773668877715295 ) ) ;
#8924 = VERTEX_POINT ( 'NONE', #6047 ) ;
#8925 = CARTESIAN_POINT ( 'NONE',  ( -27.22590004286486476, 32.70044424130701799, 315.4330847552676573 ) ) ;
#8926 = CARTESIAN_POINT ( 'NONE',  ( 48.26500663823176041, 23.08258537076258321, 298.3596272055730196 ) ) ;
ENDSEC;
END-ISO-10303-21;
