ISO-10303-21;
HEADER;
FILE_DESCRIPTION (( 'STEP AP214' ),
    '1' );
FILE_NAME ();
FILE_SCHEMA (( 'AUTOMOTIVE_DESIGN' ));
ENDSEC;

DATA;
#1 = DIRECTION ( 'NONE',  ( -0.000000000000000000, -0.000000000000000000, -1.000000000000000000 ) ) ;
#2 = CARTESIAN_POINT ( 'NONE',  ( -310.0370945548289114, -4.599999999999998757, 197.2839829436722425 ) ) ;
#3 = CARTESIAN_POINT ( 'NONE',  ( -310.0370945548289114, -4.599999999999998757, 194.7839829436721573 ) ) ;
#4 = ORIENTED_EDGE ( 'NONE', *, *, #953, .F. ) ;
#5 = LINE ( 'NONE', #1246, #664 ) ;
#6 = ORIENTED_EDGE ( 'NONE', *, *, #610, .T. ) ;
#7 = EDGE_CURVE ( 'NONE', #230, #1070, #1347, .T. ) ;
#8 = CARTESIAN_POINT ( 'NONE',  ( -310.0370945548289114, 4.000000000000047073, 201.5976914426570659 ) ) ;
#9 = AXIS2_PLACEMENT_3D ( 'NONE', #289, #1563, #898 ) ;
#10 = CIRCLE ( 'NONE', #1072, 1.599999999999990319 ) ;
#11 = AXIS2_PLACEMENT_3D ( 'NONE', #548, #1533, #1680 ) ;
#12 = VECTOR ( 'NONE', #1018, 1000.000000000000000 ) ;
#13 = DIRECTION ( 'NONE',  ( 0.000000000000000000, -1.000000000000000000, 0.000000000000000000 ) ) ;
#14 = CARTESIAN_POINT ( 'NONE',  ( -310.0370945548289114, 4.599999999999998757, 194.7839829436721573 ) ) ;
#15 = CARTESIAN_POINT ( 'NONE',  ( -310.0370945548289114, -16.82382890559056321, 187.2839829527266602 ) ) ;
#16 = AXIS2_PLACEMENT_3D ( 'NONE', #1799, #1286, #580 ) ;
#17 = DIRECTION ( 'NONE',  ( 0.000000000000000000, 1.000000000000000000, 0.000000000000000000 ) ) ;
#18 = CARTESIAN_POINT ( 'NONE',  ( -323.8530715037707637, -9.599999999999969447, 187.2839829436721573 ) ) ;
#19 = VERTEX_POINT ( 'NONE', #252 ) ;
#20 = PRODUCT_DEFINITION_CONTEXT ( 'detailed design', #284, 'design' ) ;
#21 = EDGE_CURVE ( 'NONE', #168, #1248, #357, .T. ) ;
#22 = DIRECTION ( 'NONE',  ( 1.000000000000000000, 0.000000000000000000, 0.000000000000000000 ) ) ;
#23 = FACE_OUTER_BOUND ( 'NONE', #1054, .T. ) ;
#24 = DIRECTION ( 'NONE',  ( 0.000000000000000000, -0.000000000000000000, -1.000000000000000000 ) ) ;
#25 = ORIENTED_EDGE ( 'NONE', *, *, #1371, .T. ) ;
#26 = DIRECTION ( 'NONE',  ( 0.000000000000000000, 0.000000000000000000, 1.000000000000000000 ) ) ;
#27 = ORIENTED_EDGE ( 'NONE', *, *, #1147, .F. ) ;
#28 = CARTESIAN_POINT ( 'NONE',  ( -350.0370945548289114, 9.999999999999985789, 187.2839829436721573 ) ) ;
#29 = CARTESIAN_POINT ( 'NONE',  ( -270.0370945548289114, -9.599999999999969447, 202.2839829436721573 ) ) ;
#30 = ADVANCED_FACE ( 'NONE', ( #950 ), #120, .F. ) ;
#31 = DIRECTION ( 'NONE',  ( 0.000000000000000000, 1.000000000000000000, 0.000000000000000000 ) ) ;
#32 = CARTESIAN_POINT ( 'NONE',  ( -310.0370945548289114, -4.599999999999998757, 196.3839829436721800 ) ) ;
#33 = EDGE_CURVE ( 'NONE', #93, #545, #941, .T. ) ;
#34 = FACE_OUTER_BOUND ( 'NONE', #1080, .T. ) ;
#35 = DIRECTION ( 'NONE',  ( 0.000000000000000000, -1.000000000000000000, -0.000000000000000000 ) ) ;
#36 = ORIENTED_EDGE ( 'NONE', *, *, #681, .F. ) ;
#37 = FACE_OUTER_BOUND ( 'NONE', #1578, .T. ) ;
#38 = ORIENTED_EDGE ( 'NONE', *, *, #350, .T. ) ;
#39 = CARTESIAN_POINT ( 'NONE',  ( -310.0370945548289114, 9.599999999999999645, 197.2839829436722425 ) ) ;
#40 = CARTESIAN_POINT ( 'NONE',  ( -310.0370945548289114, 9.599999999999999645, 0.000000000000000000 ) ) ;
#41 = CARTESIAN_POINT ( 'NONE',  ( -310.0370945548289114, -1.599999999999998979, 0.000000000000000000 ) ) ;
#42 = DIRECTION ( 'NONE',  ( 0.000000000000000000, 9.585446470646862893E-22, -1.000000000000000000 ) ) ;
#43 = CIRCLE ( 'NONE', #1427, 4.000000000000058620 ) ;
#44 = AXIS2_PLACEMENT_3D ( 'NONE', #698, #383, #1517 ) ;
#45 = PLANE ( 'NONE',  #1250 ) ;
#46 = AXIS2_PLACEMENT_3D ( 'NONE', #147, #182, #1146 ) ;
#47 = ORIENTED_EDGE ( 'NONE', *, *, #642, .F. ) ;
#48 = CIRCLE ( 'NONE', #1379, 2.500000000000085265 ) ;
#49 = EDGE_CURVE ( 'NONE', #1064, #311, #948, .T. ) ;
#50 = AXIS2_PLACEMENT_3D ( 'NONE', #1226, #1383, #1612 ) ;
#51 = CARTESIAN_POINT ( 'NONE',  ( -310.0370945548289114, 4.000000000000047073, 201.5976914426570659 ) ) ;
#52 = ORIENTED_EDGE ( 'NONE', *, *, #1554, .F. ) ;
#53 = DIRECTION ( 'NONE',  ( -1.000000000000000000, 0.000000000000000000, 0.000000000000000000 ) ) ;
#54 = CARTESIAN_POINT ( 'NONE',  ( -304.3802403053365424, 5.656854249492369036, 178.7987015694334616 ) ) ;
#55 = DIRECTION ( 'NONE',  ( 0.000000000000000000, 0.000000000000000000, 1.000000000000000000 ) ) ;
#56 = VERTEX_POINT ( 'NONE', #1265 ) ;
#57 = CYLINDRICAL_SURFACE ( 'NONE', #1132, 2.500000000000085265 ) ;
#58 = FACE_OUTER_BOUND ( 'NONE', #1062, .T. ) ;
#59 = VERTEX_POINT ( 'NONE', #1817 ) ;
#60 = EDGE_CURVE ( 'NONE', #1666, #1134, #476, .T. ) ;
#61 = EDGE_CURVE ( 'NONE', #1097, #738, #1403, .T. ) ;
#62 = PRODUCT_CONTEXT ( 'NONE', #1168, 'mechanical' ) ;
#63 = CARTESIAN_POINT ( 'NONE',  ( -302.7802403053365765, 5.656854249492369036, 187.2839829436721573 ) ) ;
#64 = ORIENTED_EDGE ( 'NONE', *, *, #352, .T. ) ;
#65 = VERTEX_POINT ( 'NONE', #1491 ) ;
#66 = DIRECTION ( 'NONE',  ( -1.000000000000000000, 0.000000000000000000, 0.000000000000000000 ) ) ;
#67 = ORIENTED_EDGE ( 'NONE', *, *, #833, .F. ) ;
#68 = DIRECTION ( 'NONE',  ( 0.000000000000000000, 0.000000000000000000, -1.000000000000000000 ) ) ;
#69 = EDGE_CURVE ( 'NONE', #1400, #545, #1731, .T. ) ;
#70 = DIRECTION ( 'NONE',  ( 0.000000000000000000, -1.000000000000000000, -0.000000000000000000 ) ) ;
#71 = EDGE_LOOP ( 'NONE', ( #652, #1476, #1110, #1163 ) ) ;
#72 = VECTOR ( 'NONE', #405, 1000.000000000000000 ) ;
#73 = VECTOR ( 'NONE', #1136, 1000.000000000000000 ) ;
#74 = CIRCLE ( 'NONE', #1432, 4.000000000000058620 ) ;
#75 = DIRECTION ( 'NONE',  ( 0.000000000000000000, 1.000000000000000000, 0.000000000000000000 ) ) ;
#76 = VERTEX_POINT ( 'NONE', #347 ) ;
#77 = PLANE ( 'NONE',  #575 ) ;
#78 = EDGE_CURVE ( 'NONE', #1651, #1244, #1600, .T. ) ;
#79 = DIRECTION ( 'NONE',  ( 0.000000000000000000, 0.000000000000000000, 1.000000000000000000 ) ) ;
#80 = DIRECTION ( 'NONE',  ( 1.000000000000000000, 0.000000000000000000, 0.000000000000000000 ) ) ;
#81 = DIRECTION ( 'NONE',  ( 1.000000000000000000, 0.000000000000000000, 0.000000000000000000 ) ) ;
#82 = ORIENTED_EDGE ( 'NONE', *, *, #1587, .T. ) ;
#83 = CARTESIAN_POINT ( 'NONE',  ( -310.0370945548289114, -4.599999999999998757, 194.7839829436721573 ) ) ;
#84 = ADVANCED_FACE ( 'NONE', ( #468 ), #1035, .F. ) ;
#85 = CARTESIAN_POINT ( 'NONE',  ( -304.3802403053365424, 5.656854249492369036, 202.2839829436721573 ) ) ;
#86 = CARTESIAN_POINT ( 'NONE',  ( -310.0370945548289114, -1.599999999999998979, 194.7839829436721573 ) ) ;
#87 = DIRECTION ( 'NONE',  ( 1.000000000000000000, 0.000000000000000000, 0.000000000000000000 ) ) ;
#88 = ORIENTED_EDGE ( 'NONE', *, *, #684, .T. ) ;
#89 = CARTESIAN_POINT ( 'NONE',  ( -310.0370945548289114, -1.599999999999998979, 196.3839829436721800 ) ) ;
#90 = CARTESIAN_POINT ( 'NONE',  ( -310.0370945548289114, 0.000000000000000000, 201.5976914426570659 ) ) ;
#91 = ORIENTED_EDGE ( 'NONE', *, *, #430, .T. ) ;
#92 = FACE_OUTER_BOUND ( 'NONE', #825, .T. ) ;
#93 = VERTEX_POINT ( 'NONE', #1710 ) ;
#94 = DIRECTION ( 'NONE',  ( -0.000000000000000000, -9.585446470646862893E-22, 1.000000000000000000 ) ) ;
#95 = ORIENTED_EDGE ( 'NONE', *, *, #384, .T. ) ;
#96 = CIRCLE ( 'NONE', #126, 3.000000000000002665 ) ;
#97 = ADVANCED_FACE ( 'NONE', ( #179 ), #620, .F. ) ;
#98 = PRODUCT ( 'MOTOR MOUNT', 'MOTOR MOUNT', '', ( #62 ) ) ;
#99 =( GEOMETRIC_REPRESENTATION_CONTEXT ( 3 ) GLOBAL_UNCERTAINTY_ASSIGNED_CONTEXT ( ( #1644 ) ) GLOBAL_UNIT_ASSIGNED_CONTEXT ( ( #1524, #395, #1665 ) ) REPRESENTATION_CONTEXT ( 'NONE', 'WORKASPACE' ) );
#100 = CIRCLE ( 'NONE', #328, 1.599999999999990319 ) ;
#101 = CARTESIAN_POINT ( 'NONE',  ( -301.3802403053364856, 5.656854249492369036, 178.7987015694334616 ) ) ;
#102 = VERTEX_POINT ( 'NONE', #39 ) ;
#103 = CIRCLE ( 'NONE', #1604, 2.500000000000085265 ) ;
#104 = ORIENTED_EDGE ( 'NONE', *, *, #1456, .F. ) ;
#105 = LINE ( 'NONE', #397, #1802 ) ;
#106 = VERTEX_POINT ( 'NONE', #1174 ) ;
#107 = EDGE_CURVE ( 'NONE', #1504, #830, #1282, .T. ) ;
#108 = CARTESIAN_POINT ( 'NONE',  ( -276.2803184410443578, 16.87838805689228749, 185.2839829436721288 ) ) ;
#109 = VERTEX_POINT ( 'NONE', #1165 ) ;
#110 = EDGE_CURVE ( 'NONE', #59, #1493, #750, .T. ) ;
#111 = LINE ( 'NONE', #1794, #570 ) ;
#112 = VERTEX_POINT ( 'NONE', #1437 ) ;
#113 = CARTESIAN_POINT ( 'NONE',  ( -310.0370945548289114, -4.000000000000047073, 186.2839829436721573 ) ) ;
#114 = ORIENTED_EDGE ( 'NONE', *, *, #572, .T. ) ;
#115 = CARTESIAN_POINT ( 'NONE',  ( -302.7802403053365765, 5.656854249492369036, 185.2839829436721573 ) ) ;
#116 = VERTEX_POINT ( 'NONE', #1703 ) ;
#117 = ORIENTED_EDGE ( 'NONE', *, *, #317, .F. ) ;
#118 = ADVANCED_FACE ( 'NONE', ( #877 ), #882, .T. ) ;
#119 = SURFACE_SIDE_STYLE ('',( #259 ) ) ;
#120 = CYLINDRICAL_SURFACE ( 'NONE', #689, 1.600000000000018074 ) ;
#121 = DIRECTION ( 'NONE',  ( 0.000000000000000000, 0.000000000000000000, -1.000000000000000000 ) ) ;
#122 = ORIENTED_EDGE ( 'NONE', *, *, #60, .F. ) ;
#123 = DIRECTION ( 'NONE',  ( 0.000000000000000000, 1.000000000000000000, 0.000000000000000000 ) ) ;
#124 = ORIENTED_EDGE ( 'NONE', *, *, #1793, .T. ) ;
#125 = ORIENTED_EDGE ( 'NONE', *, *, #953, .T. ) ;
#126 = AXIS2_PLACEMENT_3D ( 'NONE', #1457, #1574, #469 ) ;
#127 = AXIS2_PLACEMENT_3D ( 'NONE', #683, #826, #529 ) ;
#128 = AXIS2_PLACEMENT_3D ( 'NONE', #83, #927, #648 ) ;
#129 = AXIS2_PLACEMENT_3D ( 'NONE', #776, #670, #1077 ) ;
#130 = EDGE_CURVE ( 'NONE', #1172, #1678, #100, .T. ) ;
#131 = CARTESIAN_POINT ( 'NONE',  ( -343.7938706686134651, 16.87838805689228749, 185.2839829436721288 ) ) ;
#132 = VERTEX_POINT ( 'NONE', #730 ) ;
#133 = CARTESIAN_POINT ( 'NONE',  ( -310.0370945548289114, -1.599999999999998979, 194.7839829436721573 ) ) ;
#134 = DIRECTION ( 'NONE',  ( 1.000000000000000000, 0.000000000000000000, -0.000000000000000000 ) ) ;
#135 = ORIENTED_EDGE ( 'NONE', *, *, #516, .T. ) ;
#136 = LINE ( 'NONE', #255, #1257 ) ;
#137 = VERTEX_POINT ( 'NONE', #473 ) ;
#138 = CARTESIAN_POINT ( 'NONE',  ( -310.0370945548289114, -2.471067811865679253, 192.2839829436720720 ) ) ;
#139 = ORIENTED_EDGE ( 'NONE', *, *, #1405, .F. ) ;
#140 = CARTESIAN_POINT ( 'NONE',  ( -307.3802403053365424, -5.656854249492369036, 202.2839829436721573 ) ) ;
#141 = FACE_OUTER_BOUND ( 'NONE', #286, .T. ) ;
#142 = ORIENTED_EDGE ( 'NONE', *, *, #650, .T. ) ;
#143 = EDGE_CURVE ( 'NONE', #335, #498, #236, .T. ) ;
#144 = DIRECTION ( 'NONE',  ( 0.000000000000000000, 0.000000000000000000, 1.000000000000000000 ) ) ;
#145 = ORIENTED_EDGE ( 'NONE', *, *, #69, .F. ) ;
#146 = DIRECTION ( 'NONE',  ( 0.000000000000000000, -0.000000000000000000, -1.000000000000000000 ) ) ;
#147 = CARTESIAN_POINT ( 'NONE',  ( -304.3802403053365424, 5.656854249492369036, 187.2839829436721573 ) ) ;
#148 = LINE ( 'NONE', #1113, #72 ) ;
#149 = DIRECTION ( 'NONE',  ( 0.000000000000000000, 0.000000000000000000, -1.000000000000000000 ) ) ;
#150 = ORIENTED_EDGE ( 'NONE', *, *, #1048, .T. ) ;
#151 = ADVANCED_FACE ( 'NONE', ( #1605 ), #1568, .F. ) ;
#152 = AXIS2_PLACEMENT_3D ( 'NONE', #634, #1498, #1199 ) ;
#153 = VECTOR ( 'NONE', #1307, 1000.000000000000000 ) ;
#154 = DIRECTION ( 'NONE',  ( 0.000000000000000000, 0.000000000000000000, 1.000000000000000000 ) ) ;
#155 = DIRECTION ( 'NONE',  ( 0.000000000000000000, 0.000000000000000000, -1.000000000000000000 ) ) ;
#156 = CARTESIAN_POINT ( 'NONE',  ( -310.0370945548288546, -16.84369435044886387, 186.6193834443647859 ) ) ;
#157 = ORIENTED_EDGE ( 'NONE', *, *, #572, .F. ) ;
#158 = FACE_BOUND ( 'NONE', #442, .T. ) ;
#159 = PLANE ( 'NONE',  #1223 ) ;
#160 = ORIENTED_EDGE ( 'NONE', *, *, #7, .T. ) ;
#161 = ADVANCED_FACE ( 'NONE', ( #1032, #171 ), #1297, .T. ) ;
#162 = DIRECTION ( 'NONE',  ( 0.000000000000000000, 1.000000000000000000, 0.000000000000000000 ) ) ;
#163 = DIRECTION ( 'NONE',  ( -0.000000000000000000, 0.000000000000000000, 1.000000000000000000 ) ) ;
#164 = ADVANCED_FACE ( 'NONE', ( #1152 ), #1453, .F. ) ;
#165 = DIRECTION ( 'NONE',  ( 0.000000000000000000, -0.000000000000000000, -1.000000000000000000 ) ) ;
#166 = DIRECTION ( 'NONE',  ( 0.000000000000000000, -1.000000000000000000, -0.000000000000000000 ) ) ;
#167 = DIRECTION ( 'NONE',  ( -1.000000000000000000, 0.000000000000000000, 0.000000000000000000 ) ) ;
#168 = VERTEX_POINT ( 'NONE', #1017 ) ;
#169 =( NAMED_UNIT ( * ) SI_UNIT ( $, .STERADIAN. ) SOLID_ANGLE_UNIT ( ) );
#170 = ORIENTED_EDGE ( 'NONE', *, *, #1268, .F. ) ;
#171 = FACE_BOUND ( 'NONE', #586, .T. ) ;
#172 = CYLINDRICAL_SURFACE ( 'NONE', #1630, 1.599999999999990319 ) ;
#173 = CARTESIAN_POINT ( 'NONE',  ( -304.3802403053365424, 5.656854249492369036, 202.2839829436721573 ) ) ;
#174 = ADVANCED_FACE ( 'NONE', ( #1462 ), #1580, .F. ) ;
#175 = CARTESIAN_POINT ( 'NONE',  ( -315.6939488043212805, 5.656854249492369036, 178.7987015694334616 ) ) ;
#176 = DIRECTION ( 'NONE',  ( 0.000000000000000000, 0.000000000000000000, -1.000000000000000000 ) ) ;
#177 = EDGE_LOOP ( 'NONE', ( #142, #616, #1086, #38 ) ) ;
#178 = ORIENTED_EDGE ( 'NONE', *, *, #78, .T. ) ;
#179 = FACE_OUTER_BOUND ( 'NONE', #1004, .T. ) ;
#180 = DIRECTION ( 'NONE',  ( 0.000000000000000000, 0.000000000000000000, 1.000000000000000000 ) ) ;
#181 = CIRCLE ( 'NONE', #688, 1.600000000000018074 ) ;
#182 = DIRECTION ( 'NONE',  ( -0.000000000000000000, -0.000000000000000000, -1.000000000000000000 ) ) ;
#183 = EDGE_CURVE ( 'NONE', #1037, #514, #617, .T. ) ;
#184 = CARTESIAN_POINT ( 'NONE',  ( -304.3802403053365424, 5.656854249492369036, 185.2839829436721573 ) ) ;
#185 =( GEOMETRIC_REPRESENTATION_CONTEXT ( 3 ) GLOBAL_UNCERTAINTY_ASSIGNED_CONTEXT ( ( #1662 ) ) GLOBAL_UNIT_ASSIGNED_CONTEXT ( ( #217, #1615, #1489 ) ) REPRESENTATION_CONTEXT ( 'NONE', 'WORKASPACE' ) );
#186 = ORIENTED_EDGE ( 'NONE', *, *, #642, .T. ) ;
#187 = CIRCLE ( 'NONE', #573, 1.599999999999990319 ) ;
#188 = AXIS2_PLACEMENT_3D ( 'NONE', #379, #1642, #1650 ) ;
#189 = SURFACE_SIDE_STYLE ('',( #1451 ) ) ;
#190 = ORIENTED_EDGE ( 'NONE', *, *, #855, .F. ) ;
#191 = DIRECTION ( 'NONE',  ( -0.000000000000000000, -1.000000000000000000, 0.000000000000000000 ) ) ;
#192 = CARTESIAN_POINT ( 'NONE',  ( 0.000000000000000000, 0.000000000000000000, 0.000000000000000000 ) ) ;
#193 = CARTESIAN_POINT ( 'NONE',  ( -310.0370945548289114, -16.87838805689229105, 185.2839829436721857 ) ) ;
#194 = ORIENTED_EDGE ( 'NONE', *, *, #366, .T. ) ;
#195 = FACE_OUTER_BOUND ( 'NONE', #1149, .T. ) ;
#196 = ORIENTED_EDGE ( 'NONE', *, *, #681, .T. ) ;
#197 = EDGE_CURVE ( 'NONE', #19, #392, #1779, .T. ) ;
#198 = CARTESIAN_POINT ( 'NONE',  ( -315.6939488043212805, 5.656854249492369036, 187.2839829436721573 ) ) ;
#199 = DIRECTION ( 'NONE',  ( 0.000000000000000000, 0.000000000000000000, -1.000000000000000000 ) ) ;
#200 = CARTESIAN_POINT ( 'NONE',  ( -310.0370945548289114, 16.82382890559055966, 187.2839829527268023 ) ) ;
#201 = ORIENTED_EDGE ( 'NONE', *, *, #350, .F. ) ;
#202 = CARTESIAN_POINT ( 'NONE',  ( -350.0370945548289114, -9.599999999999969447, 202.2839829436721573 ) ) ;
#203 = ORIENTED_EDGE ( 'NONE', *, *, #1652, .T. ) ;
#204 = EDGE_CURVE ( 'NONE', #486, #56, #571, .T. ) ;
#205 = CARTESIAN_POINT ( 'NONE',  ( -310.0370945548289114, 0.000000000000000000, 186.2839829436721573 ) ) ;
#206 = DIRECTION ( 'NONE',  ( 0.000000000000000000, 1.000000000000000000, 0.000000000000000000 ) ) ;
#207 = CARTESIAN_POINT ( 'NONE',  ( -310.0370945548289114, -4.599999999999998757, 196.3839829436721800 ) ) ;
#208 = CARTESIAN_POINT ( 'NONE',  ( -342.1680346325219375, 16.06547003884652014, 202.2839829436721857 ) ) ;
#209 = AXIS2_PLACEMENT_3D ( 'NONE', #962, #1129, #1797 ) ;
#210 = AXIS2_PLACEMENT_3D ( 'NONE', #520, #1084, #935 ) ;
#211 = CIRCLE ( 'NONE', #918, 2.500000000000085265 ) ;
#212 = AXIS2_PLACEMENT_3D ( 'NONE', #559, #926, #821 ) ;
#213 = LINE ( 'NONE', #227, #264 ) ;
#214 = VERTEX_POINT ( 'NONE', #1076 ) ;
#215 = AXIS2_PLACEMENT_3D ( 'NONE', #1468, #1443, #292 ) ;
#216 = CARTESIAN_POINT ( 'NONE',  ( -310.0370945548289114, -16.06547003884651659, 202.2839829436721573 ) ) ;
#217 =( LENGTH_UNIT ( ) NAMED_UNIT ( * ) SI_UNIT ( .MILLI., .METRE. ) );
#218 = ADVANCED_FACE ( 'NONE', ( #1343, #1638 ), #775, .T. ) ;
#219 = CARTESIAN_POINT ( 'NONE',  ( -343.5063757788478256, 16.73464061200946063, 191.1074556677872351 ) ) ;
#220 = DIRECTION ( 'NONE',  ( -0.000000000000000000, -0.000000000000000000, -1.000000000000000000 ) ) ;
#221 = ORIENTED_EDGE ( 'NONE', *, *, #492, .F. ) ;
#222 = CARTESIAN_POINT ( 'NONE',  ( -310.0370945548289114, -16.73464061200946418, 191.1074556677872636 ) ) ;
#223 = ORIENTED_EDGE ( 'NONE', *, *, #1104, .T. ) ;
#224 = ADVANCED_FACE ( 'NONE', ( #1499 ), #900, .T. ) ;
#225 = CARTESIAN_POINT ( 'NONE',  ( -310.0370945548289114, 0.000000000000000000, 185.2839829436721573 ) ) ;
#226 = DIRECTION ( 'NONE',  ( 0.000000000000000000, 1.000000000000000000, 0.000000000000000000 ) ) ;
#227 = CARTESIAN_POINT ( 'NONE',  ( -310.0370945548289114, 2.471067811865677477, 192.2839829436720720 ) ) ;
#228 = VERTEX_POINT ( 'NONE', #800 ) ;
#229 = FACE_OUTER_BOUND ( 'NONE', #1273, .T. ) ;
#230 = VERTEX_POINT ( 'NONE', #625 ) ;
#231 = CYLINDRICAL_SURFACE ( 'NONE', #297, 3.000000000000058176 ) ;
#232 = ORIENTED_EDGE ( 'NONE', *, *, #249, .F. ) ;
#233 = EDGE_CURVE ( 'NONE', #380, #335, #1188, .T. ) ;
#234 = DIRECTION ( 'NONE',  ( 0.000000000000000000, 0.000000000000000000, 1.000000000000000000 ) ) ;
#235 = ORIENTED_EDGE ( 'NONE', *, *, #143, .T. ) ;
#236 = CIRCLE ( 'NONE', #418, 1.600000000000018074 ) ;
#237 = EDGE_CURVE ( 'NONE', #1550, #1450, #10, .T. ) ;
#238 = AXIS2_PLACEMENT_3D ( 'NONE', #1380, #424, #1690 ) ;
#239 = VECTOR ( 'NONE', #1623, 1000.000000000000000 ) ;
#240 = CARTESIAN_POINT ( 'NONE',  ( -277.9061544771358854, -16.06547003884652014, 202.2839829436721857 ) ) ;
#241 = ORIENTED_EDGE ( 'NONE', *, *, #304, .T. ) ;
#242 = AXIS2_PLACEMENT_3D ( 'NONE', #692, #823, #709 ) ;
#243 = CARTESIAN_POINT ( 'NONE',  ( -297.1553505902457459, -9.599999999999969447, 202.2839829436721573 ) ) ;
#244 = ORIENTED_EDGE ( 'NONE', *, *, #1730, .T. ) ;
#245 = DIRECTION ( 'NONE',  ( 0.000000000000000000, 0.000000000000000000, 1.000000000000000000 ) ) ;
#246 = EDGE_LOOP ( 'NONE', ( #640, #647, #1107, #145, #1460, #1259 ) ) ;
#247 = DIRECTION ( 'NONE',  ( -0.000000000000000000, -1.000000000000000000, 0.000000000000000000 ) ) ;
#248 = ORIENTED_EDGE ( 'NONE', *, *, #1216, .F. ) ;
#249 = EDGE_CURVE ( 'NONE', #795, #1788, #1428, .T. ) ;
#250 = ORIENTED_EDGE ( 'NONE', *, *, #1362, .F. ) ;
#251 = CARTESIAN_POINT ( 'NONE',  ( -310.0370945548289114, -2.925483399593906242, 196.3839829436721800 ) ) ;
#252 = CARTESIAN_POINT ( 'NONE',  ( -323.8530715037707637, -9.599999999999969447, 187.2839829436721573 ) ) ;
#253 = CARTESIAN_POINT ( 'NONE',  ( -310.0370945548289114, 16.82382890559055966, 187.2839829527268023 ) ) ;
#254 = VERTEX_POINT ( 'NONE', #140 ) ;
#255 = CARTESIAN_POINT ( 'NONE',  ( -310.0370945548289114, -9.999999999999996447, 202.2839829436721573 ) ) ;
#256 = VERTEX_POINT ( 'NONE', #656 ) ;
#257 = ORIENTED_EDGE ( 'NONE', *, *, #492, .T. ) ;
#258 = EDGE_CURVE ( 'NONE', #59, #1409, #696, .T. ) ;
#259 = SURFACE_STYLE_FILL_AREA ( #403 ) ;
#260 = CARTESIAN_POINT ( 'NONE',  ( -310.0370945548289114, -2.925483399593906242, 194.7839829436721573 ) ) ;
#261 = DIRECTION ( 'NONE',  ( 0.000000000000000000, 0.000000000000000000, -1.000000000000000000 ) ) ;
#262 = CARTESIAN_POINT ( 'NONE',  ( -310.0370945548289114, -9.585446470646872673E-21, 185.2839829436721573 ) ) ;
#263 = ORIENTED_EDGE ( 'NONE', *, *, #204, .F. ) ;
#264 = VECTOR ( 'NONE', #1235, 1000.000000000000000 ) ;
#265 = CARTESIAN_POINT ( 'NONE',  ( -323.3685742573532025, -9.599999999999965894, 197.2925981128460649 ) ) ;
#266 = ORIENTED_EDGE ( 'NONE', *, *, #1173, .T. ) ;
#267 = VECTOR ( 'NONE', #794, 1000.000000000000000 ) ;
#268 = VECTOR ( 'NONE', #521, 1000.000000000000000 ) ;
#269 = AXIS2_PLACEMENT_3D ( 'NONE', #54, #871, #309 ) ;
#270 = VECTOR ( 'NONE', #957, 1000.000000000000000 ) ;
#271 = EDGE_CURVE ( 'NONE', #1788, #795, #601, .T. ) ;
#272 = VECTOR ( 'NONE', #75, 1000.000000000000000 ) ;
#273 = CARTESIAN_POINT ( 'NONE',  ( -317.2939488043212464, -5.656854249492369036, 185.2839829436721573 ) ) ;
#274 = DIRECTION ( 'NONE',  ( -0.000000000000000000, 1.000000000000000000, -0.000000000000000000 ) ) ;
#275 = ADVANCED_FACE ( 'NONE', ( #1445 ), #172, .F. ) ;
#276 = DIRECTION ( 'NONE',  ( 0.000000000000000000, 0.000000000000000000, 1.000000000000000000 ) ) ;
#277 = ORIENTED_EDGE ( 'NONE', *, *, #1422, .T. ) ;
#278 = CARTESIAN_POINT ( 'NONE',  ( -310.0370945548289114, 9.599999999999999645, 194.7839829436721573 ) ) ;
#279 = EDGE_LOOP ( 'NONE', ( #1302, #114, #727, #1215 ) ) ;
#280 = SPHERICAL_SURFACE ( 'NONE', #1193, 4.000000000000000000 ) ;
#281 = CYLINDRICAL_SURFACE ( 'NONE', #269, 3.000000000000058176 ) ;
#282 = EDGE_CURVE ( 'NONE', #765, #132, #1372, .T. ) ;
#283 = LINE ( 'NONE', #1655, #600 ) ;
#284 = APPLICATION_CONTEXT ( 'automotive_design' ) ;
#285 = CARTESIAN_POINT ( 'NONE',  ( -310.0370945548289114, 9.599999999999999645, 202.2839829436721573 ) ) ;
#286 = EDGE_LOOP ( 'NONE', ( #707, #6, #1436, #812, #435, #925, #1814, #1701, #1781, #221, #88, #1170, #378, #680, #1469, #1531, #828, #1654, #1696, #525, #1024, #346, #1819, #518, #404, #1342, #849, #1728 ) ) ;
#287 = CARTESIAN_POINT ( 'NONE',  ( -315.6939488043212805, -5.656854249492369036, 178.7987015694334616 ) ) ;
#288 = CYLINDRICAL_SURFACE ( 'NONE', #358, 3.000000000000002665 ) ;
#289 = CARTESIAN_POINT ( 'NONE',  ( -310.0370945548289114, 4.599999999999998757, 194.7839829436721573 ) ) ;
#290 = ORIENTED_EDGE ( 'NONE', *, *, #1796, .T. ) ;
#291 = ADVANCED_FACE ( 'NONE', ( #1338, #1470 ), #628, .T. ) ;
#292 = DIRECTION ( 'NONE',  ( 1.000000000000000000, 0.000000000000000000, 0.000000000000000000 ) ) ;
#293 = ORIENTED_EDGE ( 'NONE', *, *, #1159, .F. ) ;
#294 = ADVANCED_FACE ( 'NONE', ( #761 ), #419, .F. ) ;
#295 = CARTESIAN_POINT ( 'NONE',  ( -315.6939488043212805, -5.656854249492369036, 178.7987015694334616 ) ) ;
#296 = CIRCLE ( 'NONE', #1281, 16.87838805689229105 ) ;
#297 = AXIS2_PLACEMENT_3D ( 'NONE', #1354, #1186, #1608 ) ;
#298 = AXIS2_PLACEMENT_3D ( 'NONE', #903, #1439, #199 ) ;
#299 = LINE ( 'NONE', #474, #1486 ) ;
#300 = DIRECTION ( 'NONE',  ( 0.000000000000000000, 0.000000000000000000, 1.000000000000000000 ) ) ;
#301 = VECTOR ( 'NONE', #1702, 1000.000000000000000 ) ;
#302 = CARTESIAN_POINT ( 'NONE',  ( -310.0370945548289114, -4.599999999999998757, 192.2839829436720720 ) ) ;
#303 = ORIENTED_EDGE ( 'NONE', *, *, #1652, .F. ) ;
#304 = EDGE_CURVE ( 'NONE', #1550, #1678, #1446, .T. ) ;
#305 = DIRECTION ( 'NONE',  ( 0.000000000000000000, 0.000000000000000000, 1.000000000000000000 ) ) ;
#306 = ORIENTED_EDGE ( 'NONE', *, *, #643, .T. ) ;
#307 = CARTESIAN_POINT ( 'NONE',  ( -310.0370945548289114, 2.925483399593918232, 194.7839829436721573 ) ) ;
#308 = EDGE_CURVE ( 'NONE', #498, #116, #894, .T. ) ;
#309 = DIRECTION ( 'NONE',  ( 1.000000000000000000, 0.000000000000000000, 0.000000000000000000 ) ) ;
#310 = LINE ( 'NONE', #879, #540 ) ;
#311 = VERTEX_POINT ( 'NONE', #459 ) ;
#312 = LINE ( 'NONE', #1591, #450 ) ;
#313 = EDGE_LOOP ( 'NONE', ( #1756, #1374 ) ) ;
#314 = DIRECTION ( 'NONE',  ( 0.000000000000000000, 0.000000000000000000, -1.000000000000000000 ) ) ;
#315 = LINE ( 'NONE', #29, #12 ) ;
#316 = CARTESIAN_POINT ( 'NONE',  ( -310.0370945548289114, -2.471067811865679253, 197.2839829436722425 ) ) ;
#317 = EDGE_CURVE ( 'NONE', #1620, #738, #1586, .T. ) ;
#318 = DIRECTION ( 'NONE',  ( 0.000000000000000000, 0.000000000000000000, -1.000000000000000000 ) ) ;
#319 = CARTESIAN_POINT ( 'NONE',  ( -318.6939488043213373, 5.656854249492369036, 187.2839829436721573 ) ) ;
#320 = DIRECTION ( 'NONE',  ( 0.000000000000000000, 0.000000000000000000, 1.000000000000000000 ) ) ;
#321 = ORIENTED_EDGE ( 'NONE', *, *, #1587, .F. ) ;
#322 = FACE_OUTER_BOUND ( 'NONE', #1327, .T. ) ;
#323 = EDGE_LOOP ( 'NONE', ( #1641, #963 ) ) ;
#324 = DIRECTION ( 'NONE',  ( 0.000000000000000000, 0.000000000000000000, 1.000000000000000000 ) ) ;
#325 = EDGE_CURVE ( 'NONE', #739, #566, #1359, .T. ) ;
#326 = VECTOR ( 'NONE', #1449, 1000.000000000000000 ) ;
#327 = AXIS2_PLACEMENT_3D ( 'NONE', #1363, #497, #930 ) ;
#328 = AXIS2_PLACEMENT_3D ( 'NONE', #198, #1025, #465 ) ;
#329 = EDGE_CURVE ( 'NONE', #596, #373, #353, .T. ) ;
#330 = DIRECTION ( 'NONE',  ( 0.000000000000000000, 0.000000000000000000, 1.000000000000000000 ) ) ;
#331 = ORIENTED_EDGE ( 'NONE', *, *, #489, .T. ) ;
#332 = AXIS2_PLACEMENT_3D ( 'NONE', #133, #1535, #261 ) ;
#333 = VECTOR ( 'NONE', #123, 1000.000000000000000 ) ;
#334 = DIRECTION ( 'NONE',  ( -1.000000000000000000, 0.000000000000000000, 0.000000000000000000 ) ) ;
#335 = VERTEX_POINT ( 'NONE', #1143 ) ;
#336 = CARTESIAN_POINT ( 'NONE',  ( -304.3802403053365424, 5.656854249492369036, 187.2839829436721573 ) ) ;
#337 = DIRECTION ( 'NONE',  ( 0.000000000000000000, 0.000000000000000000, 1.000000000000000000 ) ) ;
#338 = DIRECTION ( 'NONE',  ( 0.000000000000000000, -1.000000000000000000, -0.000000000000000000 ) ) ;
#339 = CARTESIAN_POINT ( 'NONE',  ( -310.0370945548289114, 16.87838805689228749, 185.2839829436723846 ) ) ;
#340 = ORIENTED_EDGE ( 'NONE', *, *, #643, .F. ) ;
#341 = DIRECTION ( 'NONE',  ( 1.000000000000000000, 0.000000000000000000, 0.000000000000000000 ) ) ;
#342 = EDGE_CURVE ( 'NONE', #254, #65, #420, .T. ) ;
#343 = LINE ( 'NONE', #924, #1049 ) ;
#344 = CARTESIAN_POINT ( 'NONE',  ( -312.6939488043212236, 5.656854249492369036, 178.7987015694334616 ) ) ;
#345 = CARTESIAN_POINT ( 'NONE',  ( -302.7802403053365765, -5.656854249492369036, 185.2839829436721573 ) ) ;
#346 = ORIENTED_EDGE ( 'NONE', *, *, #282, .F. ) ;
#347 = CARTESIAN_POINT ( 'NONE',  ( -302.7802403053365765, -5.656854249492369036, 187.2839829436721573 ) ) ;
#348 = DIRECTION ( 'NONE',  ( -0.000000000000000000, 0.000000000000000000, 1.000000000000000000 ) ) ;
#349 = ORIENTED_EDGE ( 'NONE', *, *, #1048, .F. ) ;
#350 = EDGE_CURVE ( 'NONE', #1637, #1609, #315, .T. ) ;
#351 = CARTESIAN_POINT ( 'NONE',  ( -310.0370945548289114, 16.73464061200946418, 191.1074556677872636 ) ) ;
#352 = EDGE_CURVE ( 'NONE', #1734, #454, #1306, .T. ) ;
#353 = LINE ( 'NONE', #506, #1746 ) ;
#354 = CARTESIAN_POINT ( 'NONE',  ( -310.0370945548289114, -9.599999999999969447, 187.2839829436721573 ) ) ;
#355 = CARTESIAN_POINT ( 'NONE',  ( -342.1680346325219375, -16.06547003884652014, 202.2839829436721857 ) ) ;
#356 = VECTOR ( 'NONE', #245, 1000.000000000000000 ) ;
#357 = CIRCLE ( 'NONE', #127, 3.000000000000002665 ) ;
#358 = AXIS2_PLACEMENT_3D ( 'NONE', #604, #1426, #754 ) ;
#359 = VECTOR ( 'NONE', #165, 1000.000000000000000 ) ;
#360 = CARTESIAN_POINT ( 'NONE',  ( -310.0370945548289114, -16.87838805689229105, 185.2839829436721857 ) ) ;
#361 = VERTEX_POINT ( 'NONE', #751 ) ;
#362 = PRODUCT_DEFINITION_FORMATION_WITH_SPECIFIED_SOURCE ( 'ANY', '', #98, .NOT_KNOWN. ) ;
#363 = CIRCLE ( 'NONE', #50, 1.599999999999990319 ) ;
#364 = PLANE ( 'NONE',  #1547 ) ;
#365 = VERTEX_POINT ( 'NONE', #458 ) ;
#366 = EDGE_CURVE ( 'NONE', #1261, #1493, #1454, .T. ) ;
#367 = FACE_OUTER_BOUND ( 'NONE', #402, .T. ) ;
#368 = ORIENTED_EDGE ( 'NONE', *, *, #1198, .F. ) ;
#369 = CARTESIAN_POINT ( 'NONE',  ( -314.0939488043213146, 5.656854249492369036, 187.2839829436721573 ) ) ;
#370 = VERTEX_POINT ( 'NONE', #1596 ) ;
#371 = LINE ( 'NONE', #936, #1073 ) ;
#372 = DIRECTION ( 'NONE',  ( 0.000000000000000000, 0.000000000000000000, 1.000000000000000000 ) ) ;
#373 = VERTEX_POINT ( 'NONE', #207 ) ;
#374 = EDGE_CURVE ( 'NONE', #1726, #482, #1046, .T. ) ;
#375 = DIRECTION ( 'NONE',  ( -1.000000000000000000, 0.000000000000000000, 0.000000000000000000 ) ) ;
#376 = ORIENTED_EDGE ( 'NONE', *, *, #1796, .F. ) ;
#377 = CARTESIAN_POINT ( 'NONE',  ( -318.6939488043213373, 5.656854249492369036, 178.7987015694334616 ) ) ;
#378 = ORIENTED_EDGE ( 'NONE', *, *, #325, .T. ) ;
#379 = CARTESIAN_POINT ( 'NONE',  ( 0.000000000000000000, 0.000000000000000000, 185.2839829436721573 ) ) ;
#380 = VERTEX_POINT ( 'NONE', #1082 ) ;
#381 = CARTESIAN_POINT ( 'NONE',  ( -310.0370945548289114, -1.150253576477624600E-20, 187.2839829436721573 ) ) ;
#382 = DIRECTION ( 'NONE',  ( 0.000000000000000000, 1.000000000000000000, 0.000000000000000000 ) ) ;
#383 = DIRECTION ( 'NONE',  ( -0.000000000000000000, -0.000000000000000000, -1.000000000000000000 ) ) ;
#384 = EDGE_CURVE ( 'NONE', #739, #1345, #103, .T. ) ;
#385 = FACE_OUTER_BOUND ( 'NONE', #313, .T. ) ;
#386 = ORIENTED_EDGE ( 'NONE', *, *, #1679, .F. ) ;
#387 = VECTOR ( 'NONE', #1648, 1000.000000000000000 ) ;
#388 = AXIS2_PLACEMENT_3D ( 'NONE', #868, #611, #598 ) ;
#389 = CIRCLE ( 'NONE', #1349, 3.000000000000058176 ) ;
#390 = VECTOR ( 'NONE', #1284, 1000.000000000000000 ) ;
#391 = CARTESIAN_POINT ( 'NONE',  ( -350.0370945548289114, -9.999999999999996447, 187.2839829436721573 ) ) ;
#392 = VERTEX_POINT ( 'NONE', #354 ) ;
#393 = ORIENTED_EDGE ( 'NONE', *, *, #1739, .F. ) ;
#394 = AXIS2_PLACEMENT_3D ( 'NONE', #453, #1602, #334 ) ;
#395 =( NAMED_UNIT ( * ) PLANE_ANGLE_UNIT ( ) SI_UNIT ( $, .RADIAN. ) );
#396 = VERTEX_POINT ( 'NONE', #920 ) ;
#397 = CARTESIAN_POINT ( 'NONE',  ( -310.0370945548289114, 4.599999999999998757, 0.000000000000000000 ) ) ;
#398 = VERTEX_POINT ( 'NONE', #1768 ) ;
#399 = EDGE_CURVE ( 'NONE', #102, #454, #48, .T. ) ;
#400 = DIRECTION ( 'NONE',  ( 3.299555145375879997E-15, 1.000000000000000000, 0.000000000000000000 ) ) ;
#401 = ORIENTED_EDGE ( 'NONE', *, *, #455, .T. ) ;
#402 = EDGE_LOOP ( 'NONE', ( #257, #263 ) ) ;
#403 = FILL_AREA_STYLE ('',( #1388 ) ) ;
#404 = ORIENTED_EDGE ( 'NONE', *, *, #1820, .T. ) ;
#405 = DIRECTION ( 'NONE',  ( -0.000000000000000000, 1.000000000000000000, 0.000000000000000000 ) ) ;
#406 = ORIENTED_EDGE ( 'NONE', *, *, #1371, .F. ) ;
#407 = DIRECTION ( 'NONE',  ( 0.000000000000000000, 1.000000000000000000, 0.000000000000000000 ) ) ;
#408 = VERTEX_POINT ( 'NONE', #1234 ) ;
#409 = ADVANCED_FACE ( 'NONE', ( #954 ), #57, .F. ) ;
#410 = LINE ( 'NONE', #1111, #690 ) ;
#411 = ORIENTED_EDGE ( 'NONE', *, *, #833, .T. ) ;
#412 = CARTESIAN_POINT ( 'NONE',  ( -310.0370945548289114, 0.000000000000000000, 0.000000000000000000 ) ) ;
#413 = ORIENTED_EDGE ( 'NONE', *, *, #1541, .F. ) ;
#414 = AXIS2_PLACEMENT_3D ( 'NONE', #1508, #913, #1373 ) ;
#415 = DIRECTION ( 'NONE',  ( 1.000000000000000000, 0.000000000000000000, 0.000000000000000000 ) ) ;
#416 = EDGE_LOOP ( 'NONE', ( #1114, #1783 ) ) ;
#417 = AXIS2_PLACEMENT_3D ( 'NONE', #878, #1448, #741 ) ;
#418 = AXIS2_PLACEMENT_3D ( 'NONE', #1005, #902, #1043 ) ;
#419 = SPHERICAL_SURFACE ( 'NONE', #1712, 4.000000000000000000 ) ;
#420 = CIRCLE ( 'NONE', #895, 3.000000000000002665 ) ;
#421 = EDGE_CURVE ( 'NONE', #1637, #864, #1178, .T. ) ;
#422 = CIRCLE ( 'NONE', #1463, 3.000000000000002665 ) ;
#423 = CYLINDRICAL_SURFACE ( 'NONE', #719, 4.000000000000058620 ) ;
#424 = DIRECTION ( 'NONE',  ( 0.000000000000000000, 0.000000000000000000, 1.000000000000000000 ) ) ;
#425 = DIRECTION ( 'NONE',  ( 0.000000000000000000, 0.000000000000000000, 1.000000000000000000 ) ) ;
#426 = ORIENTED_EDGE ( 'NONE', *, *, #1477, .F. ) ;
#427 = FACE_BOUND ( 'NONE', #807, .T. ) ;
#428 = CARTESIAN_POINT ( 'NONE',  ( -322.9188385194121338, -9.599999999999969447, 202.2839829436721573 ) ) ;
#429 = ORIENTED_EDGE ( 'NONE', *, *, #61, .T. ) ;
#430 = EDGE_CURVE ( 'NONE', #1450, #1550, #661, .T. ) ;
#431 = LINE ( 'NONE', #1056, #842 ) ;
#432 = FACE_OUTER_BOUND ( 'NONE', #1418, .T. ) ;
#433 = EDGE_CURVE ( 'NONE', #408, #365, #1269, .T. ) ;
#434 = DIRECTION ( 'NONE',  ( 0.000000000000000000, -1.000000000000000000, 0.000000000000000000 ) ) ;
#435 = ORIENTED_EDGE ( 'NONE', *, *, #1093, .T. ) ;
#436 = CARTESIAN_POINT ( 'NONE',  ( -312.6939488043212236, 5.656854249492369036, 187.2839829436721573 ) ) ;
#437 = ORIENTED_EDGE ( 'NONE', *, *, #1240, .F. ) ;
#438 = DIRECTION ( 'NONE',  ( 0.000000000000000000, -1.000000000000000000, 0.000000000000000000 ) ) ;
#439 = FACE_OUTER_BOUND ( 'NONE', #1763, .T. ) ;
#440 = LINE ( 'NONE', #904, #753 ) ;
#441 = FACE_OUTER_BOUND ( 'NONE', #959, .T. ) ;
#442 = EDGE_LOOP ( 'NONE', ( #558, #1715 ) ) ;
#443 = ADVANCED_FACE ( 'NONE', ( #427, #158, #1295 ), #974, .T. ) ;
#444 = DIRECTION ( 'NONE',  ( 0.000000000000000000, 0.000000000000000000, 1.000000000000000000 ) ) ;
#445 = DIRECTION ( 'NONE',  ( 0.000000000000000000, 0.000000000000000000, 1.000000000000000000 ) ) ;
#446 = CIRCLE ( 'NONE', #1540, 16.82382890586121249 ) ;
#447 = AXIS2_PLACEMENT_3D ( 'NONE', #891, #740, #445 ) ;
#448 = VECTOR ( 'NONE', #318, 1000.000000000000000 ) ;
#449 = CARTESIAN_POINT ( 'NONE',  ( -296.2211176058871160, 9.599999999999999645, 187.2839829436721573 ) ) ;
#450 = VECTOR ( 'NONE', #26, 1000.000000000000000 ) ;
#451 = FACE_OUTER_BOUND ( 'NONE', #1242, .T. ) ;
#452 = ORIENTED_EDGE ( 'NONE', *, *, #1050, .F. ) ;
#453 = CARTESIAN_POINT ( 'NONE',  ( -315.6939488043212805, -5.656854249492369036, 137.2839829436721573 ) ) ;
#454 = VERTEX_POINT ( 'NONE', #1087 ) ;
#455 = EDGE_CURVE ( 'NONE', #1628, #373, #944, .T. ) ;
#456 = CARTESIAN_POINT ( 'NONE',  ( -310.0370945548288546, -4.599999999999998757, 194.7839829436721573 ) ) ;
#457 = DIRECTION ( 'NONE',  ( 0.000000000000000000, 0.000000000000000000, 1.000000000000000000 ) ) ;
#458 = CARTESIAN_POINT ( 'NONE',  ( -310.0370945548289114, -9.599999999999969447, 187.2839829436721573 ) ) ;
#459 = CARTESIAN_POINT ( 'NONE',  ( -318.6939488043213373, 5.656854249492369036, 202.2839829436721573 ) ) ;
#460 = DIRECTION ( 'NONE',  ( -0.000000000000000000, -0.000000000000000000, -1.000000000000000000 ) ) ;
#461 = CARTESIAN_POINT ( 'NONE',  ( -322.9188385194121338, 9.599999999999999645, 202.2839829436721573 ) ) ;
#462 = ORIENTED_EDGE ( 'NONE', *, *, #1288, .F. ) ;
#463 = CARTESIAN_POINT ( 'NONE',  ( -304.3802403053365424, -5.656854249492369036, 185.2839829436721573 ) ) ;
#464 = ORIENTED_EDGE ( 'NONE', *, *, #433, .F. ) ;
#465 = DIRECTION ( 'NONE',  ( 1.000000000000000000, 0.000000000000000000, 0.000000000000000000 ) ) ;
#466 = ADVANCED_FACE ( 'NONE', ( #1357 ), #619, .F. ) ;
#467 = CARTESIAN_POINT ( 'NONE',  ( -310.0370945548289114, 4.599999999999998757, 0.000000000000000000 ) ) ;
#468 = FACE_OUTER_BOUND ( 'NONE', #874, .T. ) ;
#469 = DIRECTION ( 'NONE',  ( -1.000000000000000000, 0.000000000000000000, 0.000000000000000000 ) ) ;
#470 = ORIENTED_EDGE ( 'NONE', *, *, #1090, .F. ) ;
#471 = PLANE ( 'NONE',  #637 ) ;
#472 = ORIENTED_EDGE ( 'NONE', *, *, #673, .T. ) ;
#473 = CARTESIAN_POINT ( 'NONE',  ( -310.0370945548289114, -4.599999999999998757, 193.1839829436721345 ) ) ;
#474 = CARTESIAN_POINT ( 'NONE',  ( -314.0939488043213146, 5.656854249492369036, 137.2839829436721573 ) ) ;
#475 = VECTOR ( 'NONE', #1473, 1000.000000000000000 ) ;
#476 = CIRCLE ( 'NONE', #1688, 3.000000000000058176 ) ;
#477 = APPLICATION_PROTOCOL_DEFINITION ( 'draft international standard', 'automotive_design', 1998, #284 ) ;
#478 = EDGE_CURVE ( 'NONE', #596, #398, #867, .T. ) ;
#479 = VECTOR ( 'NONE', #1440, 1000.000000000000000 ) ;
#480 = AXIS2_PLACEMENT_3D ( 'NONE', #760, #180, #1249 ) ;
#481 = CARTESIAN_POINT ( 'NONE',  ( -310.0370945548289114, 16.46353444906791808, 196.7741836517220406 ) ) ;
#482 = VERTEX_POINT ( 'NONE', #836 ) ;
#483 = AXIS2_PLACEMENT_3D ( 'NONE', #1695, #407, #144 ) ;
#484 = DIRECTION ( 'NONE',  ( 0.000000000000000000, 1.000000000000000000, 0.000000000000000000 ) ) ;
#485 = CARTESIAN_POINT ( 'NONE',  ( -310.0370945548289683, 1.599999999999998979, 194.7839829436721573 ) ) ;
#486 = VERTEX_POINT ( 'NONE', #89 ) ;
#487 = CARTESIAN_POINT ( 'NONE',  ( -310.0370945548289114, 4.599999999999998757, 0.000000000000000000 ) ) ;
#488 = CARTESIAN_POINT ( 'NONE',  ( -310.0370945548289114, -2.588070547074655276E-20, 202.2839829436721573 ) ) ;
#489 = EDGE_CURVE ( 'NONE', #137, #1376, #371, .T. ) ;
#490 = CYLINDRICAL_SURFACE ( 'NONE', #152, 1.599999999999990319 ) ;
#491 = ORIENTED_EDGE ( 'NONE', *, *, #197, .T. ) ;
#492 = EDGE_CURVE ( 'NONE', #486, #56, #802, .T. ) ;
#493 = LINE ( 'NONE', #1475, #272 ) ;
#494 = EDGE_LOOP ( 'NONE', ( #976, #411 ) ) ;
#495 = FACE_BOUND ( 'NONE', #323, .T. ) ;
#496 = DIRECTION ( 'NONE',  ( 0.000000000000000000, 0.000000000000000000, -1.000000000000000000 ) ) ;
#497 = DIRECTION ( 'NONE',  ( 0.000000000000000000, -1.000000000000000000, 0.000000000000000000 ) ) ;
#498 = VERTEX_POINT ( 'NONE', #883 ) ;
#499 = PRODUCT_RELATED_PRODUCT_CATEGORY ( 'part', '', ( #98 ) ) ;
#500 = CARTESIAN_POINT ( 'NONE',  ( -310.0370945548289114, -16.82382890559056321, 187.2839829527266602 ) ) ;
#501 = CARTESIAN_POINT ( 'NONE',  ( -323.3685742573532025, 9.599999999999997868, 197.2925981128460649 ) ) ;
#502 = DIRECTION ( 'NONE',  ( 0.000000000000000000, 1.000000000000000000, 0.000000000000000000 ) ) ;
#503 = EDGE_LOOP ( 'NONE', ( #967, #1530, #537, #1626 ) ) ;
#504 = ADVANCED_FACE ( 'NONE', ( #1239 ), #960, .F. ) ;
#505 = FACE_OUTER_BOUND ( 'NONE', #1109, .T. ) ;
#506 = CARTESIAN_POINT ( 'NONE',  ( -310.0370945548289114, 2.925483399593918232, 196.3839829436721800 ) ) ;
#507 = AXIS2_PLACEMENT_3D ( 'NONE', #538, #981, #1668 ) ;
#508 = DIRECTION ( 'NONE',  ( 0.000000000000000000, 0.000000000000000000, 1.000000000000000000 ) ) ;
#509 = VECTOR ( 'NONE', #1140, 1000.000000000000000 ) ;
#510 = CARTESIAN_POINT ( 'NONE',  ( -323.8530715037707637, 9.599999999999999645, 187.2839829436721573 ) ) ;
#511 = CIRCLE ( 'NONE', #1378, 3.000000000000058176 ) ;
#512 = VECTOR ( 'NONE', #247, 1000.000000000000000 ) ;
#513 = DIRECTION ( 'NONE',  ( 0.000000000000000000, -0.000000000000000000, -1.000000000000000000 ) ) ;
#514 = VERTEX_POINT ( 'NONE', #15 ) ;
#515 = AXIS2_PLACEMENT_3D ( 'NONE', #1566, #829, #553 ) ;
#516 = EDGE_CURVE ( 'NONE', #1244, #1651, #187, .T. ) ;
#517 = CARTESIAN_POINT ( 'NONE',  ( -310.0370945548289114, 16.87838805689229105, 185.2839829436721573 ) ) ;
#518 = ORIENTED_EDGE ( 'NONE', *, *, #352, .F. ) ;
#519 = CARTESIAN_POINT ( 'NONE',  ( -310.0370945548289114, -16.06547003884651659, 202.2839829436721573 ) ) ;
#520 = CARTESIAN_POINT ( 'NONE',  ( -310.0370945548289114, 4.599999999999998757, 194.7839829436721573 ) ) ;
#521 = DIRECTION ( 'NONE',  ( 0.000000000000000000, 0.000000000000000000, 1.000000000000000000 ) ) ;
#522 = CARTESIAN_POINT ( 'NONE',  ( -310.0370945548289114, 1.599999999999998979, 0.000000000000000000 ) ) ;
#523 = ORIENTED_EDGE ( 'NONE', *, *, #1774, .T. ) ;
#524 = DIRECTION ( 'NONE',  ( 1.000000000000000000, 0.000000000000000000, 0.000000000000000000 ) ) ;
#525 = ORIENTED_EDGE ( 'NONE', *, *, #1173, .F. ) ;
#526 = EDGE_CURVE ( 'NONE', #109, #361, #563, .T. ) ;
#527 = ADVANCED_FACE ( 'NONE', ( #998 ), #280, .F. ) ;
#528 = CARTESIAN_POINT ( 'NONE',  ( -310.0370945548289114, 16.87838805689229105, 185.2839829436721573 ) ) ;
#529 = DIRECTION ( 'NONE',  ( -1.000000000000000000, 0.000000000000000000, 0.000000000000000000 ) ) ;
#530 = CARTESIAN_POINT ( 'NONE',  ( -304.3802403053365424, -5.656854249492369036, 187.2839829436721573 ) ) ;
#531 = ORIENTED_EDGE ( 'NONE', *, *, #1231, .T. ) ;
#532 = CARTESIAN_POINT ( 'NONE',  ( -270.0370945548289114, 9.999999999999985789, 187.2839829436721573 ) ) ;
#533 = ORIENTED_EDGE ( 'NONE', *, *, #1751, .T. ) ;
#534 = ORIENTED_EDGE ( 'NONE', *, *, #308, .F. ) ;
#535 = EDGE_CURVE ( 'NONE', #396, #838, #1576, .T. ) ;
#536 = CYLINDRICAL_SURFACE ( 'NONE', #11, 1.599999999999990319 ) ;
#537 = ORIENTED_EDGE ( 'NONE', *, *, #666, .F. ) ;
#538 = CARTESIAN_POINT ( 'NONE',  ( -310.0370945548289114, 0.000000000000000000, 186.2839829436721573 ) ) ;
#539 = ORIENTED_EDGE ( 'NONE', *, *, #631, .T. ) ;
#540 = VECTOR ( 'NONE', #1636, 1000.000000000000000 ) ;
#541 = AXIS2_PLACEMENT_3D ( 'NONE', #742, #1309, #1557 ) ;
#542 = AXIS2_PLACEMENT_3D ( 'NONE', #771, #629, #1750 ) ;
#543 = FACE_OUTER_BOUND ( 'NONE', #703, .T. ) ;
#544 = ORIENTED_EDGE ( 'NONE', *, *, #769, .F. ) ;
#545 = VERTEX_POINT ( 'NONE', #1561 ) ;
#546 = VECTOR ( 'NONE', #1123, 1000.000000000000000 ) ;
#547 = CARTESIAN_POINT ( 'NONE',  ( -310.0370945548289114, 0.000000000000000000, 186.2839829436721573 ) ) ;
#548 = CARTESIAN_POINT ( 'NONE',  ( -315.6939488043212805, -5.656854249492369036, 137.2839829436721573 ) ) ;
#549 = ORIENTED_EDGE ( 'NONE', *, *, #478, .F. ) ;
#550 = CARTESIAN_POINT ( 'NONE',  ( -296.4034020085262000, 9.600000000000001421, 192.2920252317749430 ) ) ;
#551 = ORIENTED_EDGE ( 'NONE', *, *, #1198, .T. ) ;
#552 = EDGE_CURVE ( 'NONE', #214, #1822, #810, .T. ) ;
#553 = DIRECTION ( 'NONE',  ( -1.000000000000000000, 0.000000000000000000, 0.000000000000000000 ) ) ;
#554 = ORIENTED_EDGE ( 'NONE', *, *, #1090, .T. ) ;
#555 = CARTESIAN_POINT ( 'NONE',  ( -296.7056148523046204, -9.599999999999965894, 197.2925981128460649 ) ) ;
#556 = DIRECTION ( 'NONE',  ( 0.000000000000000000, 0.000000000000000000, 1.000000000000000000 ) ) ;
#557 = CARTESIAN_POINT ( 'NONE',  ( -296.7056148523046204, 9.599999999999997868, 197.2925981128460649 ) ) ;
#558 = ORIENTED_EDGE ( 'NONE', *, *, #535, .T. ) ;
#559 = CARTESIAN_POINT ( 'NONE',  ( -350.0370945548289114, -9.999999999999996447, 202.2839829436721573 ) ) ;
#560 = FACE_OUTER_BOUND ( 'NONE', #694, .T. ) ;
#561 = ORIENTED_EDGE ( 'NONE', *, *, #1081, .F. ) ;
#562 = ADVANCED_FACE ( 'NONE', ( #1045 ), #423, .F. ) ;
#563 = LINE ( 'NONE', #858, #359 ) ;
#564 = CARTESIAN_POINT ( 'NONE',  ( -307.3802403053365992, 5.656854249492369036, 187.2839829436721573 ) ) ;
#565 = DIRECTION ( 'NONE',  ( 0.000000000000000000, -1.000000000000000000, 0.000000000000000000 ) ) ;
#566 = VERTEX_POINT ( 'NONE', #1689 ) ;
#567 = CIRCLE ( 'NONE', #9, 1.600000000000018074 ) ;
#568 = FACE_OUTER_BOUND ( 'NONE', #995, .T. ) ;
#569 = ORIENTED_EDGE ( 'NONE', *, *, #791, .F. ) ;
#570 = VECTOR ( 'NONE', #382, 1000.000000000000000 ) ;
#571 = CIRCLE ( 'NONE', #660, 1.600000000000018074 ) ;
#572 = EDGE_CURVE ( 'NONE', #1247, #581, #74, .T. ) ;
#573 = AXIS2_PLACEMENT_3D ( 'NONE', #911, #723, #1290 ) ;
#574 = ADVANCED_FACE ( 'NONE', ( #1339 ), #991, .T. ) ;
#575 = AXIS2_PLACEMENT_3D ( 'NONE', #391, #945, #1510 ) ;
#576 = CYLINDRICAL_SURFACE ( 'NONE', #1406, 3.000000000000002665 ) ;
#577 = PLANE ( 'NONE',  #1804 ) ;
#578 = CARTESIAN_POINT ( 'NONE',  ( -301.3802403053365424, -5.656854249492369036, 178.7987015694334616 ) ) ;
#579 = EDGE_LOOP ( 'NONE', ( #899, #52, #768, #663 ) ) ;
#580 = DIRECTION ( 'NONE',  ( 0.000000000000000000, 0.000000000000000000, 1.000000000000000000 ) ) ;
#581 = VERTEX_POINT ( 'NONE', #1555 ) ;
#582 = CARTESIAN_POINT ( 'NONE',  ( -315.6939488043212805, -5.656854249492369036, 202.2839829436721573 ) ) ;
#583 = DIRECTION ( 'NONE',  ( 0.000000000000000000, 1.000000000000000000, -0.000000000000000000 ) ) ;
#584 = ADVANCED_FACE ( 'NONE', ( #852 ), #1704, .T. ) ;
#585 = DIRECTION ( 'NONE',  ( 0.000000000000000000, 0.000000000000000000, 1.000000000000000000 ) ) ;
#586 = EDGE_LOOP ( 'NONE', ( #340, #1444 ) ) ;
#587 = B_SPLINE_CURVE_WITH_KNOTS ( 'NONE', 3,
 ( #193, #1311, #156, #1293 ),
 .UNSPECIFIED., .F., .F.,
 ( 4, 4 ),
 ( 0.09373996336700403387, 0.1128314316217833291 ),
 .UNSPECIFIED. ) ;
#588 = PRESENTATION_STYLE_ASSIGNMENT (( #1296 ) ) ;
#589 = ORIENTED_EDGE ( 'NONE', *, *, #1351, .T. ) ;
#590 = DIRECTION ( 'NONE',  ( -1.000000000000000000, 0.000000000000000000, 0.000000000000000000 ) ) ;
#591 = CARTESIAN_POINT ( 'NONE',  ( -315.6939488043212805, 5.656854249492369036, 187.2839829436721573 ) ) ;
#592 = CARTESIAN_POINT ( 'NONE',  ( -317.2939488043212464, 5.656854249492369036, 137.2839829436721573 ) ) ;
#593 = LINE ( 'NONE', #1155, #1546 ) ;
#594 = ADVANCED_FACE ( 'NONE', ( #439 ), #576, .F. ) ;
#595 = DIRECTION ( 'NONE',  ( -1.000000000000000000, 0.000000000000000000, 0.000000000000000000 ) ) ;
#596 = VERTEX_POINT ( 'NONE', #622 ) ;
#597 = CARTESIAN_POINT ( 'NONE',  ( -310.0370945548289114, -1.599999999999998979, 0.000000000000000000 ) ) ;
#598 = DIRECTION ( 'NONE',  ( 0.000000000000000000, 0.000000000000000000, 1.000000000000000000 ) ) ;
#599 = DIRECTION ( 'NONE',  ( 0.000000000000000000, 0.000000000000000000, 1.000000000000000000 ) ) ;
#600 = VECTOR ( 'NONE', #854, 1000.000000000000000 ) ;
#601 = CIRCLE ( 'NONE', #1100, 3.000000000000058176 ) ;
#602 = MECHANICAL_DESIGN_GEOMETRIC_PRESENTATION_REPRESENTATION (  '', ( #1663 ), #99 ) ;
#603 = VECTOR ( 'NONE', #1205, 1000.000000000000000 ) ;
#604 = CARTESIAN_POINT ( 'NONE',  ( -304.3802403053365424, -5.656854249492369036, 178.7987015694334616 ) ) ;
#605 = AXIS2_PLACEMENT_3D ( 'NONE', #463, #444, #1316 ) ;
#606 = DIRECTION ( 'NONE',  ( 0.000000000000000000, 0.000000000000000000, 1.000000000000000000 ) ) ;
#607 = ORIENTED_EDGE ( 'NONE', *, *, #907, .F. ) ;
#608 = DIRECTION ( 'NONE',  ( 0.000000000000000000, -0.000000000000000000, 1.000000000000000000 ) ) ;
#609 = ORIENTED_EDGE ( 'NONE', *, *, #1137, .T. ) ;
#610 = EDGE_CURVE ( 'NONE', #1247, #1545, #431, .T. ) ;
#611 = DIRECTION ( 'NONE',  ( -1.000000000000000000, 0.000000000000000000, 0.000000000000000000 ) ) ;
#612 = DIRECTION ( 'NONE',  ( 1.000000000000000000, 0.000000000000000000, 0.000000000000000000 ) ) ;
#613 = DIRECTION ( 'NONE',  ( 0.000000000000000000, 1.000000000000000000, 0.000000000000000000 ) ) ;
#614 = CARTESIAN_POINT ( 'NONE',  ( -270.0370945548289114, -9.999999999999996447, 187.2839829436721573 ) ) ;
#615 = DIRECTION ( 'NONE',  ( 0.000000000000000000, 0.000000000000000000, -1.000000000000000000 ) ) ;
#616 = ORIENTED_EDGE ( 'NONE', *, *, #929, .T. ) ;
#617 = B_SPLINE_CURVE_WITH_KNOTS ( 'NONE', 3,
 ( #1329, #793, #1224, #500 ),
 .UNSPECIFIED., .F., .F.,
 ( 4, 4 ),
 ( 0.09373996336700403387, 0.1128314316217833291 ),
 .UNSPECIFIED. ) ;
#618 = ORIENTED_EDGE ( 'NONE', *, *, #552, .T. ) ;
#619 = CYLINDRICAL_SURFACE ( 'NONE', #1164, 1.600000000000018074 ) ;
#620 = PLANE ( 'NONE',  #388 ) ;
#621 = EDGE_CURVE ( 'NONE', #795, #1064, #1138, .T. ) ;
#622 = CARTESIAN_POINT ( 'NONE',  ( -310.0370945548289114, -1.599999999999998979, 196.3839829436721800 ) ) ;
#623 = CARTESIAN_POINT ( 'NONE',  ( -304.3802403053365424, -5.656854249492369036, 185.2839829436721573 ) ) ;
#624 = ORIENTED_EDGE ( 'NONE', *, *, #110, .T. ) ;
#625 = CARTESIAN_POINT ( 'NONE',  ( -310.0370945548289114, -9.599999999999999645, 192.2839829436720720 ) ) ;
#626 = LINE ( 'NONE', #1762, #1577 ) ;
#627 = ORIENTED_EDGE ( 'NONE', *, *, #1447, .F. ) ;
#628 = PLANE ( 'NONE',  #1315 ) ;
#629 = DIRECTION ( 'NONE',  ( -0.000000000000000000, 0.000000000000000000, 1.000000000000000000 ) ) ;
#630 = EDGE_CURVE ( 'NONE', #168, #396, #1737, .T. ) ;
#631 = EDGE_CURVE ( 'NONE', #1450, #1172, #299, .T. ) ;
#632 = AXIS2_PLACEMENT_3D ( 'NONE', #1698, #460, #1588 ) ;
#633 = VECTOR ( 'NONE', #1697, 1000.000000000000000 ) ;
#634 = CARTESIAN_POINT ( 'NONE',  ( -304.3802403053365424, 5.656854249492369036, 137.2839829436721573 ) ) ;
#635 = ORIENTED_EDGE ( 'NONE', *, *, #325, .F. ) ;
#636 = ORIENTED_EDGE ( 'NONE', *, *, #1209, .F. ) ;
#637 = AXIS2_PLACEMENT_3D ( 'NONE', #1030, #881, #305 ) ;
#638 = B_SPLINE_CURVE_WITH_KNOTS ( 'NONE', 3,
 ( #700, #557, #550, #994 ),
 .UNSPECIFIED., .F., .F.,
 ( 4, 4 ),
 ( 0.000000000000000000, 0.01502906488338725741 ),
 .UNSPECIFIED. ) ;
#639 = CARTESIAN_POINT ( 'NONE',  ( -304.3802403053365424, -5.656854249492369036, 187.2839829436721573 ) ) ;
#640 = ORIENTED_EDGE ( 'NONE', *, *, #885, .T. ) ;
#641 = DIRECTION ( 'NONE',  ( -0.000000000000000000, 0.000000000000000000, -1.000000000000000000 ) ) ;
#642 = EDGE_CURVE ( 'NONE', #746, #566, #1103, .T. ) ;
#643 = EDGE_CURVE ( 'NONE', #1678, #1172, #1350, .T. ) ;
#644 = CARTESIAN_POINT ( 'NONE',  ( -317.2939488043212464, 5.656854249492369036, 185.2839829436721573 ) ) ;
#645 = CARTESIAN_POINT ( 'NONE',  ( -315.6939488043212805, 5.656854249492369036, 187.2839829436721573 ) ) ;
#646 = DIRECTION ( 'NONE',  ( 0.000000000000000000, 0.000000000000000000, -1.000000000000000000 ) ) ;
#647 = ORIENTED_EDGE ( 'NONE', *, *, #673, .F. ) ;
#648 = DIRECTION ( 'NONE',  ( 0.000000000000000000, 0.000000000000000000, -1.000000000000000000 ) ) ;
#649 = CARTESIAN_POINT ( 'NONE',  ( -310.0370945548289114, -4.000000000000047073, 185.2839829436721573 ) ) ;
#650 = EDGE_CURVE ( 'NONE', #1609, #106, #1805, .T. ) ;
#651 = DIRECTION ( 'NONE',  ( 0.000000000000000000, 0.000000000000000000, 1.000000000000000000 ) ) ;
#652 = ORIENTED_EDGE ( 'NONE', *, *, #1784, .F. ) ;
#653 = B_SPLINE_CURVE_WITH_KNOTS ( 'NONE', 3,
 ( #949, #1516, #555, #243 ),
 .UNSPECIFIED., .F., .F.,
 ( 4, 4 ),
 ( 0.000000000000000000, 0.01502906488338725741 ),
 .UNSPECIFIED. ) ;
#654 = CARTESIAN_POINT ( 'NONE',  ( -310.0370945548289114, 4.599999999999998757, 197.2839829436722425 ) ) ;
#655 = ORIENTED_EDGE ( 'NONE', *, *, #384, .F. ) ;
#656 = CARTESIAN_POINT ( 'NONE',  ( -305.9802403053365651, -5.656854249492369036, 187.2839829436721573 ) ) ;
#657 = VECTOR ( 'NONE', #1415, 1000.000000000000000 ) ;
#658 = DIRECTION ( 'NONE',  ( 1.000000000000000000, 0.000000000000000000, 0.000000000000000000 ) ) ;
#659 = CIRCLE ( 'NONE', #1192, 16.82382890586121249 ) ;
#660 = AXIS2_PLACEMENT_3D ( 'NONE', #86, #1039, #1767 ) ;
#661 = CIRCLE ( 'NONE', #1515, 1.599999999999990319 ) ;
#662 = CARTESIAN_POINT ( 'NONE',  ( -310.0370945548289114, -9.599999999999969447, 0.000000000000000000 ) ) ;
#663 = ORIENTED_EDGE ( 'NONE', *, *, #110, .F. ) ;
#664 = VECTOR ( 'NONE', #149, 1000.000000000000000 ) ;
#665 = DIRECTION ( 'NONE',  ( -1.000000000000000000, 0.000000000000000000, 0.000000000000000000 ) ) ;
#666 = EDGE_CURVE ( 'NONE', #1775, #887, #919, .T. ) ;
#667 = ORIENTED_EDGE ( 'NONE', *, *, #433, .T. ) ;
#668 = CARTESIAN_POINT ( 'NONE',  ( -310.0370945548289114, 9.599999999999999645, 197.2839829436722425 ) ) ;
#669 = VERTEX_POINT ( 'NONE', #1358 ) ;
#670 = DIRECTION ( 'NONE',  ( 0.000000000000000000, 9.585446470646862893E-22, -1.000000000000000000 ) ) ;
#671 = ORIENTED_EDGE ( 'NONE', *, *, #304, .F. ) ;
#672 = ORIENTED_EDGE ( 'NONE', *, *, #1185, .F. ) ;
#673 = EDGE_CURVE ( 'NONE', #93, #1539, #1764, .T. ) ;
#674 = SURFACE_STYLE_USAGE ( .BOTH. , #119 ) ;
#675 = ORIENTED_EDGE ( 'NONE', *, *, #1487, .T. ) ;
#676 = CARTESIAN_POINT ( 'NONE',  ( -314.0939488043213146, -5.656854249492369036, 185.2839829436721573 ) ) ;
#677 = EDGE_LOOP ( 'NONE', ( #549, #1613, #1304, #857 ) ) ;
#678 = LINE ( 'NONE', #856, #1196 ) ;
#679 = ORIENTED_EDGE ( 'NONE', *, *, #1496, .F. ) ;
#680 = ORIENTED_EDGE ( 'NONE', *, *, #1481, .F. ) ;
#681 = EDGE_CURVE ( 'NONE', #1381, #1070, #790, .T. ) ;
#682 = PRESENTATION_STYLE_ASSIGNMENT (( #674 ) ) ;
#683 = CARTESIAN_POINT ( 'NONE',  ( -315.6939488043212805, -5.656854249492369036, 187.2839829436721573 ) ) ;
#684 = EDGE_CURVE ( 'NONE', #486, #1775, #1782, .T. ) ;
#685 = DIRECTION ( 'NONE',  ( -1.000000000000000000, 0.000000000000000000, 0.000000000000000000 ) ) ;
#686 = LINE ( 'NONE', #1811, #356 ) ;
#687 = ORIENTED_EDGE ( 'NONE', *, *, #1670, .F. ) ;
#688 = AXIS2_PLACEMENT_3D ( 'NONE', #3, #565, #1283 ) ;
#689 = AXIS2_PLACEMENT_3D ( 'NONE', #260, #835, #556 ) ;
#690 = VECTOR ( 'NONE', #846, 1000.000000000000000 ) ;
#691 = AXIS2_PLACEMENT_3D ( 'NONE', #488, #1069, #796 ) ;
#692 = CARTESIAN_POINT ( 'NONE',  ( -304.3802403053365424, 5.656854249492369036, 137.2839829436721573 ) ) ;
#693 = EDGE_LOOP ( 'NONE', ( #248, #1294, #1693, #609 ) ) ;
#694 = EDGE_LOOP ( 'NONE', ( #95, #393, #186, #635 ) ) ;
#695 = VECTOR ( 'NONE', #1821, 1000.000000000000000 ) ;
#696 = LINE ( 'NONE', #8, #73 ) ;
#697 = CARTESIAN_POINT ( 'NONE',  ( -305.9802403053365651, 5.656854249492369036, 137.2839829436721573 ) ) ;
#698 = CARTESIAN_POINT ( 'NONE',  ( -315.6939488043212805, 5.656854249492369036, 202.2839829436721573 ) ) ;
#699 = ADVANCED_FACE ( 'NONE', ( #1632 ), #364, .T. ) ;
#700 = CARTESIAN_POINT ( 'NONE',  ( -297.1553505902457459, 9.599999999999999645, 202.2839829436721573 ) ) ;
#701 = EDGE_LOOP ( 'NONE', ( #1218, #1275, #667 ) ) ;
#702 = CARTESIAN_POINT ( 'NONE',  ( -305.9802403053365651, 5.656854249492369036, 187.2839829436721573 ) ) ;
#703 = EDGE_LOOP ( 'NONE', ( #831, #1393, #851, #1801 ) ) ;
#704 = DIRECTION ( 'NONE',  ( 0.000000000000000000, 1.000000000000000000, 0.000000000000000000 ) ) ;
#705 = ORIENTED_EDGE ( 'NONE', *, *, #1467, .T. ) ;
#706 = LINE ( 'NONE', #1390, #1482 ) ;
#707 = ORIENTED_EDGE ( 'NONE', *, *, #1240, .T. ) ;
#708 = ADVANCED_FACE ( 'NONE', ( #1217 ), #937, .F. ) ;
#709 = DIRECTION ( 'NONE',  ( 1.000000000000000000, 0.000000000000000000, 0.000000000000000000 ) ) ;
#710 = ORIENTED_EDGE ( 'NONE', *, *, #342, .T. ) ;
#711 = DIRECTION ( 'NONE',  ( 1.000000000000000000, 0.000000000000000000, 0.000000000000000000 ) ) ;
#712 = CARTESIAN_POINT ( 'NONE',  ( -315.6939488043212805, 5.656854249492369036, 202.2839829436721573 ) ) ;
#713 = LINE ( 'NONE', #1397, #805 ) ;
#714 = CIRCLE ( 'NONE', #1599, 16.87838805689229105 ) ;
#715 = VECTOR ( 'NONE', #1786, 1000.000000000000000 ) ;
#716 = CYLINDRICAL_SURFACE ( 'NONE', #242, 1.599999999999990319 ) ;
#717 = ORIENTED_EDGE ( 'NONE', *, *, #630, .T. ) ;
#718 = AXIS2_PLACEMENT_3D ( 'NONE', #173, #1291, #612 ) ;
#719 = AXIS2_PLACEMENT_3D ( 'NONE', #1145, #1126, #22 ) ;
#720 = EDGE_CURVE ( 'NONE', #1097, #335, #1348, .T. ) ;
#721 = VECTOR ( 'NONE', #1335, 1000.000000000000000 ) ;
#722 = CARTESIAN_POINT ( 'NONE',  ( -310.0370945548289114, 9.599999999999999645, 194.7839829436721573 ) ) ;
#723 = DIRECTION ( 'NONE',  ( 0.000000000000000000, 0.000000000000000000, -1.000000000000000000 ) ) ;
#724 = DIRECTION ( 'NONE',  ( 1.000000000000000000, 0.000000000000000000, 0.000000000000000000 ) ) ;
#725 = CARTESIAN_POINT ( 'NONE',  ( -310.0370945548289114, 2.925483399593918232, 194.7839829436721573 ) ) ;
#726 = PLANE ( 'NONE',  #1346 ) ;
#727 = ORIENTED_EDGE ( 'NONE', *, *, #1000, .F. ) ;
#728 = CARTESIAN_POINT ( 'NONE',  ( -304.3802403053365424, -5.656854249492369036, 187.2839829436721573 ) ) ;
#729 = EDGE_LOOP ( 'NONE', ( #47, #956, #464, #779, #201, #1649 ) ) ;
#730 = CARTESIAN_POINT ( 'NONE',  ( -310.0370945548289114, 4.599999999999998757, 193.1839829436721345 ) ) ;
#731 = DIRECTION ( 'NONE',  ( 1.000000000000000000, 0.000000000000000000, 0.000000000000000000 ) ) ;
#732 = DIRECTION ( 'NONE',  ( -1.000000000000000000, 0.000000000000000000, 0.000000000000000000 ) ) ;
#733 = ADVANCED_FACE ( 'NONE', ( #1212, #1088, #495 ), #1622, .T. ) ;
#734 = DIRECTION ( 'NONE',  ( -0.000000000000000000, 1.000000000000000000, 0.000000000000000000 ) ) ;
#735 = CARTESIAN_POINT ( 'NONE',  ( -304.3802403053365424, -5.656854249492369036, 187.2839829436721573 ) ) ;
#736 = CARTESIAN_POINT ( 'NONE',  ( -304.3802403053365424, 5.656854249492369036, 187.2839829436721573 ) ) ;
#737 = CARTESIAN_POINT ( 'NONE',  ( -310.0370945548289114, -9.599999999999969447, 0.000000000000000000 ) ) ;
#738 = VERTEX_POINT ( 'NONE', #654 ) ;
#739 = VERTEX_POINT ( 'NONE', #1096 ) ;
#740 = DIRECTION ( 'NONE',  ( 0.000000000000000000, 1.000000000000000000, 0.000000000000000000 ) ) ;
#741 = DIRECTION ( 'NONE',  ( 1.000000000000000000, 0.000000000000000000, 0.000000000000000000 ) ) ;
#742 = CARTESIAN_POINT ( 'NONE',  ( -315.6939488043212805, -5.656854249492369036, 185.2839829436721573 ) ) ;
#743 = ADVANCED_FACE ( 'NONE', ( #229 ), #77, .T. ) ;
#744 = DIRECTION ( 'NONE',  ( 0.000000000000000000, 0.000000000000000000, -1.000000000000000000 ) ) ;
#745 = CARTESIAN_POINT ( 'NONE',  ( -315.6939488043212805, 5.656854249492369036, 185.2839829436721573 ) ) ;
#746 = VERTEX_POINT ( 'NONE', #1789 ) ;
#747 = LINE ( 'NONE', #51, #1105 ) ;
#748 = ORIENTED_EDGE ( 'NONE', *, *, #69, .T. ) ;
#749 = VECTOR ( 'NONE', #425, 1000.000000000000000 ) ;
#750 = LINE ( 'NONE', #1736, #1161 ) ;
#751 = CARTESIAN_POINT ( 'NONE',  ( -310.0370945548289114, -4.000000000000047073, 185.2839829436721573 ) ) ;
#752 = DIRECTION ( 'NONE',  ( 0.000000000000000000, 0.000000000000000000, 1.000000000000000000 ) ) ;
#753 = VECTOR ( 'NONE', #206, 1000.000000000000000 ) ;
#754 = DIRECTION ( 'NONE',  ( 1.000000000000000000, 0.000000000000000000, 0.000000000000000000 ) ) ;
#755 = CARTESIAN_POINT ( 'NONE',  ( -310.0370945548289114, 4.599999999999998757, 197.2839829436722425 ) ) ;
#756 = ORIENTED_EDGE ( 'NONE', *, *, #1422, .F. ) ;
#757 = ADVANCED_FACE ( 'NONE', ( #505 ), #1360, .F. ) ;
#758 = DIRECTION ( 'NONE',  ( -0.000000000000000000, -1.000000000000000000, 0.000000000000000000 ) ) ;
#759 = ORIENTED_EDGE ( 'NONE', *, *, #130, .T. ) ;
#760 = CARTESIAN_POINT ( 'NONE',  ( -315.6939488043212805, 5.656854249492369036, 178.7987015694334616 ) ) ;
#761 = FACE_OUTER_BOUND ( 'NONE', #1676, .T. ) ;
#762 = DIRECTION ( 'NONE',  ( 0.000000000000000000, 0.000000000000000000, 1.000000000000000000 ) ) ;
#763 = CYLINDRICAL_SURFACE ( 'NONE', #1042, 1.599999999999990319 ) ;
#764 = ORIENTED_EDGE ( 'NONE', *, *, #1278, .F. ) ;
#765 = VERTEX_POINT ( 'NONE', #803 ) ;
#766 = CARTESIAN_POINT ( 'NONE',  ( -322.9188385194121338, 9.599999999999999645, 202.2839829436721573 ) ) ;
#767 = DIRECTION ( 'NONE',  ( -0.000000000000000000, -0.000000000000000000, -1.000000000000000000 ) ) ;
#768 = ORIENTED_EDGE ( 'NONE', *, *, #1125, .F. ) ;
#769 = EDGE_CURVE ( 'NONE', #1134, #1101, #1375, .T. ) ;
#770 = DIRECTION ( 'NONE',  ( 0.000000000000000000, 0.000000000000000000, 1.000000000000000000 ) ) ;
#771 = CARTESIAN_POINT ( 'NONE',  ( -315.6939488043212805, 5.656854249492369036, 187.2839829436721573 ) ) ;
#772 = EDGE_CURVE ( 'NONE', #19, #973, #1120, .T. ) ;
#773 = DIRECTION ( 'NONE',  ( -1.000000000000000000, 0.000000000000000000, 0.000000000000000000 ) ) ;
#774 = EDGE_LOOP ( 'NONE', ( #1336, #1287, #1117, #1685 ) ) ;
#775 = PLANE ( 'NONE',  #893 ) ;
#776 = CARTESIAN_POINT ( 'NONE',  ( -310.0370945548289114, -2.588070547074655276E-20, 202.2839829436721573 ) ) ;
#777 = EDGE_LOOP ( 'NONE', ( #1598, #1669 ) ) ;
#778 = DIRECTION ( 'NONE',  ( 1.000000000000000000, 0.000000000000000000, 0.000000000000000000 ) ) ;
#779 = ORIENTED_EDGE ( 'NONE', *, *, #1621, .T. ) ;
#780 = EDGE_CURVE ( 'NONE', #1022, #132, #1423, .T. ) ;
#781 = AXIS2_PLACEMENT_3D ( 'NONE', #623, #508, #375 ) ;
#782 = AXIS2_PLACEMENT_3D ( 'NONE', #1176, #613, #324 ) ;
#783 = AXIS2_PLACEMENT_3D ( 'NONE', #712, #1571, #1299 ) ;
#784 = AXIS2_PLACEMENT_3D ( 'NONE', #1298, #31, #154 ) ;
#785 = DIRECTION ( 'NONE',  ( 0.000000000000000000, -9.585446470646862893E-22, 1.000000000000000000 ) ) ;
#786 = CARTESIAN_POINT ( 'NONE',  ( -310.0370945548289114, -16.73464061200946418, 191.1074556677872636 ) ) ;
#787 = VECTOR ( 'NONE', #1326, 1000.000000000000000 ) ;
#788 = CARTESIAN_POINT ( 'NONE',  ( -301.3802403053364856, 5.656854249492369036, 202.2839829436721573 ) ) ;
#789 = ORIENTED_EDGE ( 'NONE', *, *, #183, .F. ) ;
#790 = LINE ( 'NONE', #1386, #1319 ) ;
#791 = EDGE_CURVE ( 'NONE', #1651, #1236, #986, .T. ) ;
#792 = CARTESIAN_POINT ( 'NONE',  ( -310.0370945548289114, 16.73464061200946418, 191.1074556677872636 ) ) ;
#793 = CARTESIAN_POINT ( 'NONE',  ( -310.0370945548288546, -16.86188093636116747, 185.9527166818268995 ) ) ;
#794 = DIRECTION ( 'NONE',  ( 0.000000000000000000, 0.000000000000000000, 1.000000000000000000 ) ) ;
#795 = VERTEX_POINT ( 'NONE', #436 ) ;
#796 = DIRECTION ( 'NONE',  ( 3.455308254102190750E-15, 1.000000000000000000, 0.000000000000000000 ) ) ;
#797 = ORIENTED_EDGE ( 'NONE', *, *, #1793, .F. ) ;
#798 = FACE_OUTER_BOUND ( 'NONE', #1151, .T. ) ;
#799 = ORIENTED_EDGE ( 'NONE', *, *, #1520, .F. ) ;
#800 = CARTESIAN_POINT ( 'NONE',  ( -314.0939488043213146, -5.656854249492369036, 187.2839829436721573 ) ) ;
#801 = LINE ( 'NONE', #202, #1691 ) ;
#802 = LINE ( 'NONE', #41, #448 ) ;
#803 = CARTESIAN_POINT ( 'NONE',  ( -310.0370945548289114, 4.599999999999998757, 192.2839829436720720 ) ) ;
#804 = ORIENTED_EDGE ( 'NONE', *, *, #1060, .F. ) ;
#805 = VECTOR ( 'NONE', #1408, 1000.000000000000000 ) ;
#806 = CARTESIAN_POINT ( 'NONE',  ( -310.0370945548289114, -16.46353444906791808, 196.7741836517220406 ) ) ;
#807 = EDGE_LOOP ( 'NONE', ( #290, #938 ) ) ;
#808 = AXIS2_PLACEMENT_3D ( 'NONE', #1778, #1760, #1369 ) ;
#809 = DIRECTION ( 'NONE',  ( 0.000000000000000000, 0.000000000000000000, 1.000000000000000000 ) ) ;
#810 = CIRCLE ( 'NONE', #1461, 3.000000000000002665 ) ;
#811 = LINE ( 'NONE', #1492, #1166 ) ;
#812 = ORIENTED_EDGE ( 'NONE', *, *, #183, .T. ) ;
#813 = EDGE_CURVE ( 'NONE', #59, #361, #1635, .T. ) ;
#814 = AXIS2_PLACEMENT_3D ( 'NONE', #728, #767, #66 ) ;
#815 = CARTESIAN_POINT ( 'NONE',  ( -310.0370945548289114, 16.46353444906791808, 196.7741836517220406 ) ) ;
#816 = ORIENTED_EDGE ( 'NONE', *, *, #107, .T. ) ;
#817 = CARTESIAN_POINT ( 'NONE',  ( -310.0370945548289114, -2.471067811865679253, 197.2839829436722425 ) ) ;
#818 = VERTEX_POINT ( 'NONE', #1559 ) ;
#819 = LINE ( 'NONE', #578, #509 ) ;
#820 = ORIENTED_EDGE ( 'NONE', *, *, #720, .T. ) ;
#821 = DIRECTION ( 'NONE',  ( -1.000000000000000000, 0.000000000000000000, 0.000000000000000000 ) ) ;
#822 = EDGE_CURVE ( 'NONE', #739, #1775, #5, .T. ) ;
#823 = DIRECTION ( 'NONE',  ( 0.000000000000000000, 0.000000000000000000, 1.000000000000000000 ) ) ;
#824 = ORIENTED_EDGE ( 'NONE', *, *, #1541, .T. ) ;
#825 = EDGE_LOOP ( 'NONE', ( #303, #1095, #1230, #797 ) ) ;
#826 = DIRECTION ( 'NONE',  ( 0.000000000000000000, 0.000000000000000000, 1.000000000000000000 ) ) ;
#827 = CARTESIAN_POINT ( 'NONE',  ( -317.2939488043212464, -5.656854249492369036, 187.2839829436721573 ) ) ;
#828 = ORIENTED_EDGE ( 'NONE', *, *, #1631, .T. ) ;
#829 = DIRECTION ( 'NONE',  ( 0.000000000000000000, 0.000000000000000000, 1.000000000000000000 ) ) ;
#830 = VERTEX_POINT ( 'NONE', #702 ) ;
#831 = ORIENTED_EDGE ( 'NONE', *, *, #61, .F. ) ;
#832 = ADVANCED_FACE ( 'NONE', ( #850 ), #716, .F. ) ;
#833 = EDGE_CURVE ( 'NONE', #380, #116, #1718, .T. ) ;
#834 = LINE ( 'NONE', #817, #1255 ) ;
#835 = DIRECTION ( 'NONE',  ( 0.000000000000000000, 1.000000000000000000, 0.000000000000000000 ) ) ;
#836 = CARTESIAN_POINT ( 'NONE',  ( -310.0370945548289114, 16.82382890559055966, 187.2839829527268023 ) ) ;
#837 = DIRECTION ( 'NONE',  ( 0.000000000000000000, 1.000000000000000000, 0.000000000000000000 ) ) ;
#838 = VERTEX_POINT ( 'NONE', #1392 ) ;
#839 = CIRCLE ( 'NONE', #1190, 2.500000000000085265 ) ;
#840 = VECTOR ( 'NONE', #752, 1000.000000000000000 ) ;
#841 = CIRCLE ( 'NONE', #46, 1.599999999999990319 ) ;
#842 = VECTOR ( 'NONE', #1614, 1000.000000000000000 ) ;
#843 = DIRECTION ( 'NONE',  ( 0.000000000000000000, 1.000000000000000000, 0.000000000000000000 ) ) ;
#844 = ORIENTED_EDGE ( 'NONE', *, *, #1631, .F. ) ;
#845 = EDGE_CURVE ( 'NONE', #1552, #76, #678, .T. ) ;
#846 = DIRECTION ( 'NONE',  ( 1.000000000000000000, 0.000000000000000000, 0.000000000000000000 ) ) ;
#847 = DIRECTION ( 'NONE',  ( 1.000000000000000000, 0.000000000000000000, 0.000000000000000000 ) ) ;
#848 = LINE ( 'NONE', #1106, #749 ) ;
#849 = ORIENTED_EDGE ( 'NONE', *, *, #1611, .F. ) ;
#850 = FACE_OUTER_BOUND ( 'NONE', #1590, .T. ) ;
#851 = ORIENTED_EDGE ( 'NONE', *, *, #885, .F. ) ;
#852 = FACE_OUTER_BOUND ( 'NONE', #1452, .T. ) ;
#853 = DIRECTION ( 'NONE',  ( 6.599110290751759994E-15, 1.000000000000000000, 0.000000000000000000 ) ) ;
#854 = DIRECTION ( 'NONE',  ( 0.000000000000000000, 1.000000000000000000, 0.000000000000000000 ) ) ;
#855 = EDGE_CURVE ( 'NONE', #1200, #19, #1285, .T. ) ;
#856 = CARTESIAN_POINT ( 'NONE',  ( -302.7802403053365765, -5.656854249492369036, 137.2839829436721573 ) ) ;
#857 = ORIENTED_EDGE ( 'NONE', *, *, #1288, .T. ) ;
#858 = CARTESIAN_POINT ( 'NONE',  ( -310.0370945548289114, -4.000000000000047073, 201.5976914426570659 ) ) ;
#859 = DIRECTION ( 'NONE',  ( 0.000000000000000000, -1.000000000000000000, 0.000000000000000000 ) ) ;
#860 = CARTESIAN_POINT ( 'NONE',  ( -310.0370945548289114, 0.000000000000000000, 186.2839829436721573 ) ) ;
#861 = ORIENTED_EDGE ( 'NONE', *, *, #1385, .T. ) ;
#862 = AXIS2_PLACEMENT_3D ( 'NONE', #1640, #1365, #87 ) ;
#863 = CYLINDRICAL_SURFACE ( 'NONE', #215, 3.000000000000002665 ) ;
#864 = VERTEX_POINT ( 'NONE', #285 ) ;
#865 = EDGE_CURVE ( 'NONE', #1381, #112, #136, .T. ) ;
#866 = CIRCLE ( 'NONE', #783, 3.000000000000058176 ) ;
#867 = CIRCLE ( 'NONE', #332, 1.600000000000018074 ) ;
#868 = CARTESIAN_POINT ( 'NONE',  ( -310.0370945548289114, 0.000000000000000000, 0.000000000000000000 ) ) ;
#869 = CIRCLE ( 'NONE', #605, 1.599999999999990319 ) ;
#870 = DIRECTION ( 'NONE',  ( 0.000000000000000000, 0.000000000000000000, 1.000000000000000000 ) ) ;
#871 = DIRECTION ( 'NONE',  ( 0.000000000000000000, 0.000000000000000000, 1.000000000000000000 ) ) ;
#872 = CARTESIAN_POINT ( 'NONE',  ( -310.0370945548288546, 4.599999999999998757, 194.7839829436721573 ) ) ;
#873 = CARTESIAN_POINT ( 'NONE',  ( -310.0370945548289114, -9.999999999999996447, 202.2839829436721573 ) ) ;
#874 = EDGE_LOOP ( 'NONE', ( #244, #844, #961, #636 ) ) ;
#875 = CARTESIAN_POINT ( 'NONE',  ( -322.9188385194121338, -9.599999999999969447, 202.2839829436721573 ) ) ;
#876 = ORIENTED_EDGE ( 'NONE', *, *, #1751, .F. ) ;
#877 = FACE_OUTER_BOUND ( 'NONE', #1480, .T. ) ;
#878 = CARTESIAN_POINT ( 'NONE',  ( -270.0370945548289114, -9.999999999999996447, 202.2839829436721573 ) ) ;
#879 = CARTESIAN_POINT ( 'NONE',  ( -310.0370945548289114, -9.599999999999969447, 0.000000000000000000 ) ) ;
#880 = ORIENTED_EDGE ( 'NONE', *, *, #780, .F. ) ;
#881 = DIRECTION ( 'NONE',  ( 0.000000000000000000, 1.000000000000000000, 0.000000000000000000 ) ) ;
#882 = PLANE ( 'NONE',  #1251 ) ;
#883 = CARTESIAN_POINT ( 'NONE',  ( -310.0370945548289114, 4.599999999999998757, 196.3839829436721800 ) ) ;
#884 = FACE_OUTER_BOUND ( 'NONE', #693, .T. ) ;
#885 = EDGE_CURVE ( 'NONE', #1620, #1539, #1548, .T. ) ;
#886 = CARTESIAN_POINT ( 'NONE',  ( -310.0370945548289114, 4.000000000000047073, 185.2839829436721573 ) ) ;
#887 = VERTEX_POINT ( 'NONE', #1417 ) ;
#888 = FILL_AREA_STYLE_COLOUR ( '', #1749 ) ;
#889 = VERTEX_POINT ( 'NONE', #115 ) ;
#890 = AXIS2_PLACEMENT_3D ( 'NONE', #184, #1148, #167 ) ;
#891 = CARTESIAN_POINT ( 'NONE',  ( -310.0370945548289114, -2.925483399593906242, 194.7839829436721573 ) ) ;
#892 = CARTESIAN_POINT ( 'NONE',  ( -310.0370945548289683, 16.84369435044885677, 186.6193834443649848 ) ) ;
#893 = AXIS2_PLACEMENT_3D ( 'NONE', #1334, #932, #1201 ) ;
#894 = LINE ( 'NONE', #1154, #1543 ) ;
#895 = AXIS2_PLACEMENT_3D ( 'NONE', #1569, #163, #731 ) ;
#896 = AXIS2_PLACEMENT_3D ( 'NONE', #278, #1260, #1108 ) ;
#897 = ADVANCED_FACE ( 'NONE', ( #543 ), #1270, .F. ) ;
#898 = DIRECTION ( 'NONE',  ( 0.000000000000000000, 0.000000000000000000, 1.000000000000000000 ) ) ;
#899 = ORIENTED_EDGE ( 'NONE', *, *, #813, .T. ) ;
#900 = PLANE ( 'NONE',  #1483 ) ;
#901 = ADVANCED_FACE ( 'NONE', ( #975 ), #1133, .T. ) ;
#902 = DIRECTION ( 'NONE',  ( 0.000000000000000000, 1.000000000000000000, 0.000000000000000000 ) ) ;
#903 = CARTESIAN_POINT ( 'NONE',  ( -310.0370945548289114, -9.599999999999999645, 194.7839829436721573 ) ) ;
#904 = CARTESIAN_POINT ( 'NONE',  ( -310.0370945548289114, 9.999999999999985789, 187.2839829436721573 ) ) ;
#905 = LINE ( 'NONE', #1213, #475 ) ;
#906 = VERTEX_POINT ( 'NONE', #966 ) ;
#907 = EDGE_CURVE ( 'NONE', #1248, #838, #1276, .T. ) ;
#908 = DIRECTION ( 'NONE',  ( 0.000000000000000000, 0.000000000000000000, 1.000000000000000000 ) ) ;
#909 = EDGE_LOOP ( 'NONE', ( #523, #705, #1523, #544 ) ) ;
#910 = ADVANCED_FACE ( 'NONE', ( #568 ), #1003, .F. ) ;
#911 = CARTESIAN_POINT ( 'NONE',  ( -315.6939488043212805, -5.656854249492369036, 185.2839829436721573 ) ) ;
#912 = DIRECTION ( 'NONE',  ( 0.000000000000000000, 1.000000000000000000, 0.000000000000000000 ) ) ;
#913 = DIRECTION ( 'NONE',  ( 0.000000000000000000, -1.000000000000000000, 0.000000000000000000 ) ) ;
#914 = ORIENTED_EDGE ( 'NONE', *, *, #430, .F. ) ;
#915 = ADVANCED_FACE ( 'NONE', ( #560 ), #1747, .F. ) ;
#916 = CARTESIAN_POINT ( 'NONE',  ( -310.0370945548289114, 16.06547003884651659, 202.2839829436721573 ) ) ;
#917 = AXIS2_PLACEMENT_3D ( 'NONE', #940, #1753, #1766 ) ;
#918 = AXIS2_PLACEMENT_3D ( 'NONE', #14, #166, #1732 ) ;
#919 = CIRCLE ( 'NONE', #128, 1.600000000000018074 ) ;
#920 = CARTESIAN_POINT ( 'NONE',  ( -318.6939488043212805, -5.656854249492369036, 202.2839829436721573 ) ) ;
#921 = CARTESIAN_POINT ( 'NONE',  ( -342.9641634529647831, 16.46353444906791808, 196.7741836517220122 ) ) ;
#922 = MECHANICAL_DESIGN_GEOMETRIC_PRESENTATION_REPRESENTATION (  '', ( #1135 ), #1806 ) ;
#923 = CARTESIAN_POINT ( 'NONE',  ( -323.6707871011316229, 9.600000000000001421, 192.2920252317749430 ) ) ;
#924 = CARTESIAN_POINT ( 'NONE',  ( -310.0370945548289114, 0.000000000000000000, 185.2839829436721573 ) ) ;
#925 = ORIENTED_EDGE ( 'NONE', *, *, #1144, .F. ) ;
#926 = DIRECTION ( 'NONE',  ( 0.000000000000000000, 0.000000000000000000, 1.000000000000000000 ) ) ;
#927 = DIRECTION ( 'NONE',  ( 0.000000000000000000, 1.000000000000000000, 0.000000000000000000 ) ) ;
#928 = ORIENTED_EDGE ( 'NONE', *, *, #939, .T. ) ;
#929 = EDGE_CURVE ( 'NONE', #106, #864, #1709, .T. ) ;
#930 = DIRECTION ( 'NONE',  ( 0.000000000000000000, 0.000000000000000000, -1.000000000000000000 ) ) ;
#931 = ORIENTED_EDGE ( 'NONE', *, *, #1300, .T. ) ;
#932 = DIRECTION ( 'NONE',  ( 0.000000000000000000, 0.000000000000000000, 1.000000000000000000 ) ) ;
#933 = LINE ( 'NONE', #522, #387 ) ;
#934 = VERTEX_POINT ( 'NONE', #1150 ) ;
#935 = DIRECTION ( 'NONE',  ( 0.000000000000000000, 0.000000000000000000, 1.000000000000000000 ) ) ;
#936 = CARTESIAN_POINT ( 'NONE',  ( -310.0370945548289114, -4.599999999999998757, 0.000000000000000000 ) ) ;
#937 = CYLINDRICAL_SURFACE ( 'NONE', #985, 4.000000000000058620 ) ;
#938 = ORIENTED_EDGE ( 'NONE', *, *, #49, .T. ) ;
#939 = EDGE_CURVE ( 'NONE', #1620, #112, #312, .T. ) ;
#940 = CARTESIAN_POINT ( 'NONE',  ( -315.6939488043212805, -5.656854249492369036, 202.2839829436721573 ) ) ;
#941 = LINE ( 'NONE', #1119, #715 ) ;
#942 = DIRECTION ( 'NONE',  ( -1.000000000000000000, 0.000000000000000000, 0.000000000000000000 ) ) ;
#943 = ORIENTED_EDGE ( 'NONE', *, *, #1137, .F. ) ;
#944 = LINE ( 'NONE', #1245, #1256 ) ;
#945 = DIRECTION ( 'NONE',  ( 0.000000000000000000, 0.000000000000000000, 1.000000000000000000 ) ) ;
#946 = ORIENTED_EDGE ( 'NONE', *, *, #1050, .T. ) ;
#947 = CIRCLE ( 'NONE', #1629, 1.599999999999990319 ) ;
#948 = CIRCLE ( 'NONE', #44, 3.000000000000058176 ) ;
#949 = CARTESIAN_POINT ( 'NONE',  ( -296.2211176058871160, -9.599999999999969447, 187.2839829436721573 ) ) ;
#950 = FACE_OUTER_BOUND ( 'NONE', #1458, .T. ) ;
#951 = VECTOR ( 'NONE', #1232, 1000.000000000000000 ) ;
#952 = VECTOR ( 'NONE', #599, 1000.000000000000000 ) ;
#953 = EDGE_CURVE ( 'NONE', #1552, #370, #869, .T. ) ;
#954 = FACE_OUTER_BOUND ( 'NONE', #1002, .T. ) ;
#955 = CARTESIAN_POINT ( 'NONE',  ( -310.0370945548289114, -4.599999999999998757, 192.2839829436720720 ) ) ;
#956 = ORIENTED_EDGE ( 'NONE', *, *, #1144, .T. ) ;
#957 = DIRECTION ( 'NONE',  ( 0.000000000000000000, 0.000000000000000000, 1.000000000000000000 ) ) ;
#958 = VERTEX_POINT ( 'NONE', #1719 ) ;
#959 = EDGE_LOOP ( 'NONE', ( #1029, #429, #368, #1092 ) ) ;
#960 = CYLINDRICAL_SURFACE ( 'NONE', #480, 3.000000000000058176 ) ;
#961 = ORIENTED_EDGE ( 'NONE', *, *, #399, .T. ) ;
#962 = CARTESIAN_POINT ( 'NONE',  ( -310.0370945548288546, -1.599999999999998979, 194.7839829436721573 ) ) ;
#963 = ORIENTED_EDGE ( 'NONE', *, *, #516, .F. ) ;
#964 = ADVANCED_FACE ( 'NONE', ( #37 ), #471, .T. ) ;
#965 = DIRECTION ( 'NONE',  ( 0.000000000000000000, 0.000000000000000000, -1.000000000000000000 ) ) ;
#966 = CARTESIAN_POINT ( 'NONE',  ( -310.0370945548289114, -16.87838805689229105, 185.2839829436721857 ) ) ;
#967 = ORIENTED_EDGE ( 'NONE', *, *, #204, .T. ) ;
#968 = EDGE_CURVE ( 'NONE', #596, #398, #1040, .T. ) ;
#969 = ORIENTED_EDGE ( 'NONE', *, *, #526, .F. ) ;
#970 = ORIENTED_EDGE ( 'NONE', *, *, #1447, .T. ) ;
#971 = DIRECTION ( 'NONE',  ( 0.000000000000000000, 0.000000000000000000, -1.000000000000000000 ) ) ;
#972 = PLANE ( 'NONE',  #1099 ) ;
#973 = VERTEX_POINT ( 'NONE', #875 ) ;
#974 = PLANE ( 'NONE',  #212 ) ;
#975 = FACE_OUTER_BOUND ( 'NONE', #246, .T. ) ;
#976 = ORIENTED_EDGE ( 'NONE', *, *, #1014, .F. ) ;
#977 = ADVANCED_FACE ( 'NONE', ( #58 ), #863, .F. ) ;
#978 = CARTESIAN_POINT ( 'NONE',  ( -297.1553505902457459, -9.599999999999969447, 202.2839829436721573 ) ) ;
#979 = DIRECTION ( 'NONE',  ( 0.000000000000000000, -0.000000000000000000, -1.000000000000000000 ) ) ;
#980 = AXIS2_PLACEMENT_3D ( 'NONE', #1619, #348, #1627 ) ;
#981 = DIRECTION ( 'NONE',  ( 1.000000000000000000, -0.000000000000000000, -0.000000000000000000 ) ) ;
#982 = ORIENTED_EDGE ( 'NONE', *, *, #929, .F. ) ;
#983 = CIRCLE ( 'NONE', #808, 1.600000000000018074 ) ;
#984 = AXIS2_PLACEMENT_3D ( 'NONE', #295, #1320, #53 ) ;
#985 = AXIS2_PLACEMENT_3D ( 'NONE', #90, #641, #665 ) ;
#986 = LINE ( 'NONE', #1410, #695 ) ;
#987 = ORIENTED_EDGE ( 'NONE', *, *, #33, .F. ) ;
#988 = AXIS2_PLACEMENT_3D ( 'NONE', #639, #220, #1355 ) ;
#989 = MANIFOLD_SOLID_BREP ( 'Zapas-WSZYSTKIE CZʌCIDO DRUKU-1', #1772 ) ;
#990 = ADVANCED_FACE ( 'NONE', ( #195 ), #159, .T. ) ;
#991 = PLANE ( 'NONE',  #784 ) ;
#992 = CARTESIAN_POINT ( 'NONE',  ( -317.2939488043212464, 5.656854249492369036, 187.2839829436721573 ) ) ;
#993 = ADVANCED_FACE ( 'NONE', ( #322 ), #1162, .F. ) ;
#994 = CARTESIAN_POINT ( 'NONE',  ( -296.2211176058871160, 9.599999999999999645, 187.2839829436721573 ) ) ;
#995 = EDGE_LOOP ( 'NONE', ( #1800, #539, #759, #671 ) ) ;
#996 = DIRECTION ( 'NONE',  ( -0.000000000000000000, -0.000000000000000000, 1.000000000000000000 ) ) ;
#997 = ORIENTED_EDGE ( 'NONE', *, *, #1554, .T. ) ;
#998 = FACE_OUTER_BOUND ( 'NONE', #777, .T. ) ;
#999 = LINE ( 'NONE', #467, #1015 ) ;
#1000 = EDGE_CURVE ( 'NONE', #1431, #581, #747, .T. ) ;
#1001 = FACE_OUTER_BOUND ( 'NONE', #701, .T. ) ;
#1002 = EDGE_LOOP ( 'NONE', ( #139, #1741, #1368, #150 ) ) ;
#1003 = CYLINDRICAL_SURFACE ( 'NONE', #515, 1.599999999999990319 ) ;
#1004 = EDGE_LOOP ( 'NONE', ( #1203, #1325, #624, #1575, #1227, #472, #386, #820, #1585, #1495, #534, #551, #117, #928, #1066, #196, #799, #401, #1112, #1583, #462, #331, #349, #25, #1673, #756, #997, #969 ) ) ;
#1005 = CARTESIAN_POINT ( 'NONE',  ( -310.0370945548289114, 4.599999999999998757, 194.7839829436721573 ) ) ;
#1006 = CARTESIAN_POINT ( 'NONE',  ( -318.6939488043212805, -5.656854249492369036, 178.7987015694334616 ) ) ;
#1007 = CARTESIAN_POINT ( 'NONE',  ( -310.0370945548289114, 9.599999999999999645, 187.2839829436721573 ) ) ;
#1008 = DIRECTION ( 'NONE',  ( 0.000000000000000000, 0.000000000000000000, 1.000000000000000000 ) ) ;
#1009 = ORIENTED_EDGE ( 'NONE', *, *, #49, .F. ) ;
#1010 = EDGE_CURVE ( 'NONE', #76, #256, #1352, .T. ) ;
#1011 = CIRCLE ( 'NONE', #980, 3.000000000000002665 ) ;
#1012 =( NAMED_UNIT ( * ) PLANE_ANGLE_UNIT ( ) SI_UNIT ( $, .RADIAN. ) );
#1013 = ORIENTED_EDGE ( 'NONE', *, *, #822, .T. ) ;
#1014 = EDGE_CURVE ( 'NONE', #380, #116, #626, .T. ) ;
#1015 = VECTOR ( 'NONE', #1322, 1000.000000000000000 ) ;
#1016 = VECTOR ( 'NONE', #1324, 1000.000000000000000 ) ;
#1017 = CARTESIAN_POINT ( 'NONE',  ( -318.6939488043212805, -5.656854249492369036, 187.2839829436721573 ) ) ;
#1018 = DIRECTION ( 'NONE',  ( 1.000000000000000000, 0.000000000000000000, 0.000000000000000000 ) ) ;
#1019 = CIRCLE ( 'NONE', #129, 16.06547003884652014 ) ;
#1020 = CARTESIAN_POINT ( 'NONE',  ( -310.0370945548289114, 9.599999999999999645, 0.000000000000000000 ) ) ;
#1021 = FACE_OUTER_BOUND ( 'NONE', #1416, .T. ) ;
#1022 = VERTEX_POINT ( 'NONE', #1500 ) ;
#1023 = DIRECTION ( 'NONE',  ( 0.000000000000000000, 0.000000000000000000, -1.000000000000000000 ) ) ;
#1024 = ORIENTED_EDGE ( 'NONE', *, *, #780, .T. ) ;
#1025 = DIRECTION ( 'NONE',  ( -0.000000000000000000, 0.000000000000000000, 1.000000000000000000 ) ) ;
#1026 = EDGE_CURVE ( 'NONE', #1822, #214, #422, .T. ) ;
#1027 = LINE ( 'NONE', #1581, #153 ) ;
#1028 = CYLINDRICAL_SURFACE ( 'NONE', #1542, 3.000000000000058176 ) ;
#1029 = ORIENTED_EDGE ( 'NONE', *, *, #720, .F. ) ;
#1030 = CARTESIAN_POINT ( 'NONE',  ( -334.4353060057834455, 9.599999999999999645, 237.2839829436721573 ) ) ;
#1031 = ORIENTED_EDGE ( 'NONE', *, *, #1721, .T. ) ;
#1032 = FACE_OUTER_BOUND ( 'NONE', #416, .T. ) ;
#1033 = EDGE_CURVE ( 'NONE', #1037, #1545, #343, .T. ) ;
#1034 = CARTESIAN_POINT ( 'NONE',  ( -310.0370945548289114, -1.150253576477624600E-20, 187.2839829436721573 ) ) ;
#1035 = CYLINDRICAL_SURFACE ( 'NONE', #782, 2.500000000000085265 ) ;
#1036 = CARTESIAN_POINT ( 'NONE',  ( -314.0939488043213146, 5.656854249492369036, 185.2839829436721573 ) ) ;
#1037 = VERTEX_POINT ( 'NONE', #360 ) ;
#1038 = ORIENTED_EDGE ( 'NONE', *, *, #21, .F. ) ;
#1039 = DIRECTION ( 'NONE',  ( 0.000000000000000000, 1.000000000000000000, 0.000000000000000000 ) ) ;
#1040 = LINE ( 'NONE', #597, #721 ) ;
#1041 = EDGE_LOOP ( 'NONE', ( #1442, #91, #241, #306 ) ) ;
#1042 = AXIS2_PLACEMENT_3D ( 'NONE', #1331, #585, #1582 ) ;
#1043 = DIRECTION ( 'NONE',  ( 0.000000000000000000, 0.000000000000000000, 1.000000000000000000 ) ) ;
#1044 = AXIS2_PLACEMENT_3D ( 'NONE', #645, #1208, #685 ) ;
#1045 = FACE_OUTER_BOUND ( 'NONE', #1262, .T. ) ;
#1046 = CIRCLE ( 'NONE', #1716, 16.82382890586121249 ) ;
#1047 = AXIS2_PLACEMENT_3D ( 'NONE', #1279, #13, #68 ) ;
#1048 = EDGE_CURVE ( 'NONE', #230, #1376, #213, .T. ) ;
#1049 = VECTOR ( 'NONE', #502, 1000.000000000000000 ) ;
#1050 = EDGE_CURVE ( 'NONE', #973, #1400, #1019, .T. ) ;
#1051 = CARTESIAN_POINT ( 'NONE',  ( -310.0370945548289114, 2.471067811865677477, 197.2839829436722425 ) ) ;
#1052 = ORIENTED_EDGE ( 'NONE', *, *, #1216, .T. ) ;
#1053 = CARTESIAN_POINT ( 'NONE',  ( -315.6939488043212805, 5.656854249492369036, 185.2839829436721573 ) ) ;
#1054 = EDGE_LOOP ( 'NONE', ( #160, #36, #1633, #1672, #491, #406 ) ) ;
#1055 = CARTESIAN_POINT ( 'NONE',  ( -270.0370945548289114, 9.999999999999985789, 187.2839829436721573 ) ) ;
#1056 = CARTESIAN_POINT ( 'NONE',  ( -310.0370945548289114, -4.000000000000047073, 201.5976914426570659 ) ) ;
#1057 = CARTESIAN_POINT ( 'NONE',  ( -304.3802403053365424, 5.656854249492369036, 185.2839829436721573 ) ) ;
#1058 = ORIENTED_EDGE ( 'NONE', *, *, #1507, .F. ) ;
#1059 = CARTESIAN_POINT ( 'NONE',  ( -310.0370945548289683, 4.599999999999998757, 194.7839829436721573 ) ) ;
#1060 = EDGE_CURVE ( 'NONE', #1381, #973, #801, .T. ) ;
#1061 = CARTESIAN_POINT ( 'NONE',  ( -301.3802403053364856, 5.656854249492369036, 187.2839829436721573 ) ) ;
#1062 = EDGE_LOOP ( 'NONE', ( #618, #1052, #710, #250 ) ) ;
#1063 = DIRECTION ( 'NONE',  ( 0.000000000000000000, 0.000000000000000000, -1.000000000000000000 ) ) ;
#1064 = VERTEX_POINT ( 'NONE', #1787 ) ;
#1065 = CARTESIAN_POINT ( 'NONE',  ( -310.0370945548289683, 16.84369435044885677, 186.6193834443649848 ) ) ;
#1066 = ORIENTED_EDGE ( 'NONE', *, *, #865, .F. ) ;
#1067 = FACE_OUTER_BOUND ( 'NONE', #729, .T. ) ;
#1068 = ORIENTED_EDGE ( 'NONE', *, *, #1738, .T. ) ;
#1069 = DIRECTION ( 'NONE',  ( 0.000000000000000000, -9.585446470646862893E-22, 1.000000000000000000 ) ) ;
#1070 = VERTEX_POINT ( 'NONE', #1344 ) ;
#1071 = VECTOR ( 'NONE', #646, 1000.000000000000000 ) ;
#1072 = AXIS2_PLACEMENT_3D ( 'NONE', #1053, #1610, #80 ) ;
#1073 = VECTOR ( 'NONE', #1502, 1000.000000000000000 ) ;
#1074 = LINE ( 'NONE', #225, #1160 ) ;
#1075 = ORIENTED_EDGE ( 'NONE', *, *, #552, .F. ) ;
#1076 = CARTESIAN_POINT ( 'NONE',  ( -301.3802403053365424, -5.656854249492369036, 187.2839829436721573 ) ) ;
#1077 = DIRECTION ( 'NONE',  ( -3.455308254102190750E-15, 1.000000000000000000, 0.000000000000000000 ) ) ;
#1078 = ORIENTED_EDGE ( 'NONE', *, *, #455, .F. ) ;
#1079 = CARTESIAN_POINT ( 'NONE',  ( -310.0370945548289114, -16.87838805689229105, 185.2839829436721573 ) ) ;
#1080 = EDGE_LOOP ( 'NONE', ( #931, #876, #987 ) ) ;
#1081 = EDGE_CURVE ( 'NONE', #889, #1504, #811, .T. ) ;
#1082 = CARTESIAN_POINT ( 'NONE',  ( -310.0370945548289114, 1.599999999999998979, 193.1839829436721345 ) ) ;
#1083 = CARTESIAN_POINT ( 'NONE',  ( -310.0370945548289114, 9.599999999999999645, 192.2839829436720720 ) ) ;
#1084 = DIRECTION ( 'NONE',  ( 0.000000000000000000, 1.000000000000000000, 0.000000000000000000 ) ) ;
#1085 = LINE ( 'NONE', #377, #1660 ) ;
#1086 = ORIENTED_EDGE ( 'NONE', *, *, #421, .F. ) ;
#1087 = CARTESIAN_POINT ( 'NONE',  ( -310.0370945548289114, 9.599999999999999645, 192.2839829436720720 ) ) ;
#1088 = FACE_BOUND ( 'NONE', #1659, .T. ) ;
#1089 = EDGE_LOOP ( 'NONE', ( #293, #470 ) ) ;
#1090 = EDGE_CURVE ( 'NONE', #228, #1236, #363, .T. ) ;
#1091 = DIRECTION ( 'NONE',  ( 0.000000000000000000, 0.000000000000000000, 1.000000000000000000 ) ) ;
#1092 = ORIENTED_EDGE ( 'NONE', *, *, #143, .F. ) ;
#1093 = EDGE_CURVE ( 'NONE', #514, #365, #493, .T. ) ;
#1094 = PLANE ( 'NONE',  #1459 ) ;
#1095 = ORIENTED_EDGE ( 'NONE', *, *, #1385, .F. ) ;
#1096 = CARTESIAN_POINT ( 'NONE',  ( -310.0370945548289114, -4.599999999999998757, 197.2839829436722425 ) ) ;
#1097 = VERTEX_POINT ( 'NONE', #1214 ) ;
#1098 = ORIENTED_EDGE ( 'NONE', *, *, #21, .T. ) ;
#1099 = AXIS2_PLACEMENT_3D ( 'NONE', #1536, #121, #1258 ) ;
#1100 = AXIS2_PLACEMENT_3D ( 'NONE', #591, #1289, #1153 ) ;
#1101 = VERTEX_POINT ( 'NONE', #788 ) ;
#1102 = COLOUR_RGB ( '',0.7921568627450980005, 0.8196078431372548767, 0.9333333333333333481 ) ;
#1103 = CIRCLE ( 'NONE', #298, 2.500000000000085265 ) ;
#1104 = EDGE_CURVE ( 'NONE', #256, #76, #1777, .T. ) ;
#1105 = VECTOR ( 'NONE', #608, 1000.000000000000000 ) ;
#1106 = CARTESIAN_POINT ( 'NONE',  ( -305.9802403053365651, -5.656854249492369036, 137.2839829436721573 ) ) ;
#1107 = ORIENTED_EDGE ( 'NONE', *, *, #33, .T. ) ;
#1108 = DIRECTION ( 'NONE',  ( 0.000000000000000000, 0.000000000000000000, 1.000000000000000000 ) ) ;
#1109 = EDGE_LOOP ( 'NONE', ( #1271, #1158, #1411, #1394, #789, #1647, #1058, #1720 ) ) ;
#1110 = ORIENTED_EDGE ( 'NONE', *, *, #1328, .T. ) ;
#1111 = CARTESIAN_POINT ( 'NONE',  ( -350.0370945548289114, 9.599999999999999645, 202.2839829436721573 ) ) ;
#1112 = ORIENTED_EDGE ( 'NONE', *, *, #329, .F. ) ;
#1113 = CARTESIAN_POINT ( 'NONE',  ( -310.0370945548289114, 2.925483399593918232, 193.1839829436721345 ) ) ;
#1114 = ORIENTED_EDGE ( 'NONE', *, *, #271, .T. ) ;
#1115 = ADVANCED_FACE ( 'NONE', ( #1067 ), #1202, .T. ) ;
#1116 = CARTESIAN_POINT ( 'NONE',  ( -310.0370945548289114, 0.000000000000000000, 185.2839829436721573 ) ) ;
#1117 = ORIENTED_EDGE ( 'NONE', *, *, #1706, .T. ) ;
#1118 = CARTESIAN_POINT ( 'NONE',  ( -310.0370945548289114, 4.599999999999998757, 196.3839829436721800 ) ) ;
#1119 = CARTESIAN_POINT ( 'NONE',  ( -285.6388831038743774, 9.599999999999999645, 187.2839829436721573 ) ) ;
#1120 = B_SPLINE_CURVE_WITH_KNOTS ( 'NONE', 3,
 ( #18, #1684, #265, #428 ),
 .UNSPECIFIED., .F., .F.,
 ( 4, 4 ),
 ( 0.000000000000000000, 0.01502906488338725741 ),
 .UNSPECIFIED. ) ;
#1121 = FACE_OUTER_BOUND ( 'NONE', #71, .T. ) ;
#1122 = ORIENTED_EDGE ( 'NONE', *, *, #845, .T. ) ;
#1123 = DIRECTION ( 'NONE',  ( 0.000000000000000000, 0.000000000000000000, 1.000000000000000000 ) ) ;
#1124 = ORIENTED_EDGE ( 'NONE', *, *, #769, .T. ) ;
#1125 = EDGE_CURVE ( 'NONE', #1493, #906, #714, .T. ) ;
#1126 = DIRECTION ( 'NONE',  ( 0.000000000000000000, -0.000000000000000000, -1.000000000000000000 ) ) ;
#1127 = CYLINDRICAL_SURFACE ( 'NONE', #238, 1.599999999999990319 ) ;
#1128 = CIRCLE ( 'NONE', #862, 1.599999999999990319 ) ;
#1129 = DIRECTION ( 'NONE',  ( 0.000000000000000000, -1.000000000000000000, 0.000000000000000000 ) ) ;
#1130 = ORIENTED_EDGE ( 'NONE', *, *, #1026, .F. ) ;
#1131 = AXIS2_PLACEMENT_3D ( 'NONE', #336, #1182, #1305 ) ;
#1132 = AXIS2_PLACEMENT_3D ( 'NONE', #1180, #35, #176 ) ;
#1133 = PLANE ( 'NONE',  #16 ) ;
#1134 = VERTEX_POINT ( 'NONE', #1061 ) ;
#1135 = STYLED_ITEM ( 'NONE', ( #588 ), #989 ) ;
#1136 = DIRECTION ( 'NONE',  ( -0.000000000000000000, 0.000000000000000000, 1.000000000000000000 ) ) ;
#1137 = EDGE_CURVE ( 'NONE', #65, #254, #1011, .T. ) ;
#1138 = LINE ( 'NONE', #344, #633 ) ;
#1139 = FACE_BOUND ( 'NONE', #1089, .T. ) ;
#1140 = DIRECTION ( 'NONE',  ( 0.000000000000000000, 0.000000000000000000, 1.000000000000000000 ) ) ;
#1141 = ORIENTED_EDGE ( 'NONE', *, *, #526, .T. ) ;
#1142 = CARTESIAN_POINT ( 'NONE',  ( -312.6939488043212805, -5.656854249492369036, 178.7987015694334616 ) ) ;
#1143 = CARTESIAN_POINT ( 'NONE',  ( -310.0370945548289114, 4.599999999999998757, 193.1839829436721345 ) ) ;
#1144 = EDGE_CURVE ( 'NONE', #746, #365, #1769, .T. ) ;
#1145 = CARTESIAN_POINT ( 'NONE',  ( -310.0370945548289114, 0.000000000000000000, 201.5976914426570659 ) ) ;
#1146 = DIRECTION ( 'NONE',  ( -1.000000000000000000, 0.000000000000000000, 0.000000000000000000 ) ) ;
#1147 = EDGE_CURVE ( 'NONE', #1244, #228, #1479, .T. ) ;
#1148 = DIRECTION ( 'NONE',  ( 0.000000000000000000, 0.000000000000000000, 1.000000000000000000 ) ) ;
#1149 = EDGE_LOOP ( 'NONE', ( #266, #321 ) ) ;
#1150 = CARTESIAN_POINT ( 'NONE',  ( -310.0370945548289114, 16.87838805689228749, 185.2839829436723846 ) ) ;
#1151 = EDGE_LOOP ( 'NONE', ( #1527, #1401, #1124, #1068 ) ) ;
#1152 = FACE_OUTER_BOUND ( 'NONE', #1424, .T. ) ;
#1153 = DIRECTION ( 'NONE',  ( -1.000000000000000000, 0.000000000000000000, 0.000000000000000000 ) ) ;
#1154 = CARTESIAN_POINT ( 'NONE',  ( -310.0370945548289114, -2.925483399593906242, 196.3839829436721800 ) ) ;
#1155 = CARTESIAN_POINT ( 'NONE',  ( -310.0370945548289114, 2.925483399593918232, 193.1839829436721345 ) ) ;
#1156 = PRODUCT_DEFINITION ( 'UNKNOWN', '', #362, #20 ) ;
#1157 = CARTESIAN_POINT ( 'NONE',  ( -310.0370945548289114, -9.599999999999969447, 202.2839829436721573 ) ) ;
#1158 = ORIENTED_EDGE ( 'NONE', *, *, #650, .F. ) ;
#1159 = EDGE_CURVE ( 'NONE', #1236, #228, #1128, .T. ) ;
#1160 = VECTOR ( 'NONE', #912, 1000.000000000000000 ) ;
#1161 = VECTOR ( 'NONE', #162, 1000.000000000000000 ) ;
#1162 = CYLINDRICAL_SURFACE ( 'NONE', #394, 1.599999999999990319 ) ;
#1163 = ORIENTED_EDGE ( 'NONE', *, *, #1033, .T. ) ;
#1164 = AXIS2_PLACEMENT_3D ( 'NONE', #725, #1292, #971 ) ;
#1165 = CARTESIAN_POINT ( 'NONE',  ( -310.0370945548289114, -4.000000000000047073, 186.2839829436721573 ) ) ;
#1166 = VECTOR ( 'NONE', #908, 1000.000000000000000 ) ;
#1167 = FACE_BOUND ( 'NONE', #1222, .T. ) ;
#1168 = APPLICATION_CONTEXT ( 'automotive_design' ) ;
#1169 = CARTESIAN_POINT ( 'NONE',  ( -310.0370945548289114, -1.150253576477624600E-20, 187.2839829436721573 ) ) ;
#1170 = ORIENTED_EDGE ( 'NONE', *, *, #822, .F. ) ;
#1171 = FILL_AREA_STYLE ('',( #888 ) ) ;
#1172 = VERTEX_POINT ( 'NONE', #369 ) ;
#1173 = EDGE_CURVE ( 'NONE', #1022, #818, #933, .T. ) ;
#1174 = CARTESIAN_POINT ( 'NONE',  ( -297.1553505902457459, 9.599999999999999645, 202.2839829436721573 ) ) ;
#1175 = PLANE ( 'NONE',  #1318 ) ;
#1176 = CARTESIAN_POINT ( 'NONE',  ( -310.0370945548289114, -2.471067811865679253, 194.7839829436721573 ) ) ;
#1177 = DIRECTION ( 'NONE',  ( 1.000000000000000000, 0.000000000000000000, 0.000000000000000000 ) ) ;
#1178 = LINE ( 'NONE', #873, #1016 ) ;
#1179 = ORIENTED_EDGE ( 'NONE', *, *, #666, .T. ) ;
#1180 = CARTESIAN_POINT ( 'NONE',  ( -310.0370945548289114, 2.471067811865677477, 194.7839829436721573 ) ) ;
#1181 = ORIENTED_EDGE ( 'NONE', *, *, #197, .F. ) ;
#1182 = DIRECTION ( 'NONE',  ( -0.000000000000000000, -0.000000000000000000, -1.000000000000000000 ) ) ;
#1183 = DIRECTION ( 'NONE',  ( 1.000000000000000000, 0.000000000000000000, 0.000000000000000000 ) ) ;
#1184 = DIRECTION ( 'NONE',  ( 0.000000000000000000, -1.000000000000000000, 0.000000000000000000 ) ) ;
#1185 = EDGE_CURVE ( 'NONE', #1788, #311, #1085, .T. ) ;
#1186 = DIRECTION ( 'NONE',  ( 0.000000000000000000, 0.000000000000000000, 1.000000000000000000 ) ) ;
#1187 = EDGE_LOOP ( 'NONE', ( #1474, #1466, #1277, #1009 ) ) ;
#1188 = LINE ( 'NONE', #1742, #1601 ) ;
#1189 = ORIENTED_EDGE ( 'NONE', *, *, #845, .F. ) ;
#1190 = AXIS2_PLACEMENT_3D ( 'NONE', #1700, #434, #744 ) ;
#1191 = DIRECTION ( 'NONE',  ( -1.000000000000000000, 0.000000000000000000, 0.000000000000000000 ) ) ;
#1192 = AXIS2_PLACEMENT_3D ( 'NONE', #1034, #42, #853 ) ;
#1193 = AXIS2_PLACEMENT_3D ( 'NONE', #205, #1184, #778 ) ;
#1194 = CARTESIAN_POINT ( 'NONE',  ( -310.0370945548289114, 2.471067811865677477, 197.2839829436722425 ) ) ;
#1195 = AXIS2_PLACEMENT_3D ( 'NONE', #192, #762, #1330 ) ;
#1196 = VECTOR ( 'NONE', #1671, 1000.000000000000000 ) ;
#1197 = CARTESIAN_POINT ( 'NONE',  ( -307.3802403053365424, -5.656854249492369036, 187.2839829436721573 ) ) ;
#1198 = EDGE_CURVE ( 'NONE', #498, #738, #105, .T. ) ;
#1199 = DIRECTION ( 'NONE',  ( 1.000000000000000000, 0.000000000000000000, 0.000000000000000000 ) ) ;
#1200 = VERTEX_POINT ( 'NONE', #1274 ) ;
#1201 = DIRECTION ( 'NONE',  ( 1.000000000000000000, 0.000000000000000000, 0.000000000000000000 ) ) ;
#1202 = PLANE ( 'NONE',  #414 ) ;
#1203 = ORIENTED_EDGE ( 'NONE', *, *, #1353, .F. ) ;
#1204 = CARTESIAN_POINT ( 'NONE',  ( -277.1100256566930966, -16.46353444906791808, 196.7741836517220122 ) ) ;
#1205 = DIRECTION ( 'NONE',  ( -0.000000000000000000, -1.000000000000000000, -0.000000000000000000 ) ) ;
#1206 = DIRECTION ( 'NONE',  ( -6.599110290751759994E-15, 1.000000000000000000, 0.000000000000000000 ) ) ;
#1207 = CARTESIAN_POINT ( 'NONE',  ( -310.0370945548289683, 16.86188093636116392, 185.9527166818270985 ) ) ;
#1208 = DIRECTION ( 'NONE',  ( 0.000000000000000000, 0.000000000000000000, 1.000000000000000000 ) ) ;
#1209 = EDGE_CURVE ( 'NONE', #765, #454, #706, .T. ) ;
#1210 = CARTESIAN_POINT ( 'NONE',  ( -314.0939488043213146, -5.656854249492369036, 137.2839829436721573 ) ) ;
#1211 = ORIENTED_EDGE ( 'NONE', *, *, #1147, .T. ) ;
#1212 = FACE_OUTER_BOUND ( 'NONE', #579, .T. ) ;
#1213 = CARTESIAN_POINT ( 'NONE',  ( -334.4353060057834455, 9.599999999999999645, 187.2839829436721573 ) ) ;
#1214 = CARTESIAN_POINT ( 'NONE',  ( -310.0370945548289114, 4.599999999999998757, 192.2839829436720720 ) ) ;
#1215 = ORIENTED_EDGE ( 'NONE', *, *, #1784, .T. ) ;
#1216 = EDGE_CURVE ( 'NONE', #1822, #254, #686, .T. ) ;
#1217 = FACE_OUTER_BOUND ( 'NONE', #279, .T. ) ;
#1218 = ORIENTED_EDGE ( 'NONE', *, *, #1093, .F. ) ;
#1219 = AXIS2_PLACEMENT_3D ( 'NONE', #614, #330, #1589 ) ;
#1220 = AXIS2_PLACEMENT_3D ( 'NONE', #582, #1, #1419 ) ;
#1221 = FACE_OUTER_BOUND ( 'NONE', #1384, .T. ) ;
#1222 = EDGE_LOOP ( 'NONE', ( #1501, #1391 ) ) ;
#1223 = AXIS2_PLACEMENT_3D ( 'NONE', #485, #1303, #1735 ) ;
#1224 = CARTESIAN_POINT ( 'NONE',  ( -310.0370945548288546, -16.84369435044886387, 186.6193834443647859 ) ) ;
#1225 = DIRECTION ( 'NONE',  ( 1.000000000000000000, 0.000000000000000000, 0.000000000000000000 ) ) ;
#1226 = CARTESIAN_POINT ( 'NONE',  ( -315.6939488043212805, -5.656854249492369036, 187.2839829436721573 ) ) ;
#1227 = ORIENTED_EDGE ( 'NONE', *, *, #1300, .F. ) ;
#1228 = EDGE_CURVE ( 'NONE', #106, #1726, #638, .T. ) ;
#1229 = CARTESIAN_POINT ( 'NONE',  ( -310.0370945548289114, 9.599999999999999645, 0.000000000000000000 ) ) ;
#1230 = ORIENTED_EDGE ( 'NONE', *, *, #1081, .T. ) ;
#1231 = EDGE_CURVE ( 'NONE', #1200, #392, #283, .T. ) ;
#1232 = DIRECTION ( 'NONE',  ( -0.000000000000000000, -1.000000000000000000, -0.000000000000000000 ) ) ;
#1233 = ORIENTED_EDGE ( 'NONE', *, *, #237, .F. ) ;
#1234 = CARTESIAN_POINT ( 'NONE',  ( -296.2211176058871160, -9.599999999999969447, 187.2839829436721573 ) ) ;
#1235 = DIRECTION ( 'NONE',  ( -0.000000000000000000, 1.000000000000000000, 0.000000000000000000 ) ) ;
#1236 = VERTEX_POINT ( 'NONE', #827 ) ;
#1237 = CARTESIAN_POINT ( 'NONE',  ( -276.2803184410443578, -16.87838805689228749, 185.2839829436721288 ) ) ;
#1238 = EDGE_LOOP ( 'NONE', ( #627, #1643, #1332, #1506 ) ) ;
#1239 = FACE_OUTER_BOUND ( 'NONE', #1187, .T. ) ;
#1240 = EDGE_CURVE ( 'NONE', #581, #1247, #1314, .T. ) ;
#1241 = FACE_OUTER_BOUND ( 'NONE', #1519, .T. ) ;
#1242 = EDGE_LOOP ( 'NONE', ( #170, #4, #1122, #1592 ) ) ;
#1243 = PLANE ( 'NONE',  #209 ) ;
#1244 = VERTEX_POINT ( 'NONE', #676 ) ;
#1245 = CARTESIAN_POINT ( 'NONE',  ( -310.0370945548289114, -4.599999999999998757, 0.000000000000000000 ) ) ;
#1246 = CARTESIAN_POINT ( 'NONE',  ( -310.0370945548289114, -4.599999999999998757, 0.000000000000000000 ) ) ;
#1247 = VERTEX_POINT ( 'NONE', #113 ) ;
#1248 = VERTEX_POINT ( 'NONE', #1421 ) ;
#1249 = DIRECTION ( 'NONE',  ( -1.000000000000000000, 0.000000000000000000, 0.000000000000000000 ) ) ;
#1250 = AXIS2_PLACEMENT_3D ( 'NONE', #872, #1429, #1008 ) ;
#1251 = AXIS2_PLACEMENT_3D ( 'NONE', #456, #438, #1729 ) ;
#1252 = ADVANCED_FACE ( 'NONE', ( #385 ), #1243, .T. ) ;
#1253 = CARTESIAN_POINT ( 'NONE',  ( -310.0370945548289114, -9.599999999999969447, 202.2839829436721573 ) ) ;
#1254 = EDGE_LOOP ( 'NONE', ( #1075, #1130 ) ) ;
#1255 = VECTOR ( 'NONE', #1785, 1000.000000000000000 ) ;
#1256 = VECTOR ( 'NONE', #965, 1000.000000000000000 ) ;
#1257 = VECTOR ( 'NONE', #1538, 1000.000000000000000 ) ;
#1258 = DIRECTION ( 'NONE',  ( -1.000000000000000000, 0.000000000000000000, 0.000000000000000000 ) ) ;
#1259 = ORIENTED_EDGE ( 'NONE', *, *, #939, .F. ) ;
#1260 = DIRECTION ( 'NONE',  ( -0.000000000000000000, -1.000000000000000000, -0.000000000000000000 ) ) ;
#1261 = VERTEX_POINT ( 'NONE', #253 ) ;
#1262 = EDGE_LOOP ( 'NONE', ( #1141, #1681, #1267, #426 ) ) ;
#1263 = UNCERTAINTY_MEASURE_WITH_UNIT (LENGTH_MEASURE( 1.000000000000000082E-05 ), #1435, 'distance_accuracy_value', 'NONE');
#1264 = CARTESIAN_POINT ( 'NONE',  ( -310.0370945548289114, -16.87838805689229105, 185.2839829436721573 ) ) ;
#1265 = CARTESIAN_POINT ( 'NONE',  ( -310.0370945548289114, -1.599999999999998979, 193.1839829436721345 ) ) ;
#1266 = CARTESIAN_POINT ( 'NONE',  ( -310.0370945548289114, -4.599999999999998757, 0.000000000000000000 ) ) ;
#1267 = ORIENTED_EDGE ( 'NONE', *, *, #258, .T. ) ;
#1268 = EDGE_CURVE ( 'NONE', #370, #256, #848, .T. ) ;
#1269 = LINE ( 'NONE', #1694, #390 ) ;
#1270 = CYLINDRICAL_SURFACE ( 'NONE', #483, 2.500000000000085265 ) ;
#1271 = ORIENTED_EDGE ( 'NONE', *, *, #1228, .F. ) ;
#1272 = FACE_OUTER_BOUND ( 'NONE', #1041, .T. ) ;
#1273 = EDGE_LOOP ( 'NONE', ( #531, #1181, #190 ) ) ;
#1274 = CARTESIAN_POINT ( 'NONE',  ( -310.0370945548289114, -16.82382890559056321, 187.2839829527266602 ) ) ;
#1275 = ORIENTED_EDGE ( 'NONE', *, *, #1434, .T. ) ;
#1276 = LINE ( 'NONE', #1142, #301 ) ;
#1277 = ORIENTED_EDGE ( 'NONE', *, *, #1185, .T. ) ;
#1278 = EDGE_CURVE ( 'NONE', #373, #137, #181, .T. ) ;
#1279 = CARTESIAN_POINT ( 'NONE',  ( -310.0370945548289683, -4.599999999999998757, 194.7839829436721573 ) ) ;
#1280 = FACE_OUTER_BOUND ( 'NONE', #177, .T. ) ;
#1281 = AXIS2_PLACEMENT_3D ( 'NONE', #262, #1682, #837 ) ;
#1282 = CIRCLE ( 'NONE', #1131, 1.599999999999990319 ) ;
#1283 = DIRECTION ( 'NONE',  ( 0.000000000000000000, 0.000000000000000000, -1.000000000000000000 ) ) ;
#1284 = DIRECTION ( 'NONE',  ( -1.000000000000000000, 0.000000000000000000, 0.000000000000000000 ) ) ;
#1285 = CIRCLE ( 'NONE', #1407, 16.82382890586121249 ) ;
#1286 = DIRECTION ( 'NONE',  ( 0.000000000000000000, 1.000000000000000000, 0.000000000000000000 ) ) ;
#1287 = ORIENTED_EDGE ( 'NONE', *, *, #1456, .T. ) ;
#1288 = EDGE_CURVE ( 'NONE', #137, #398, #148, .T. ) ;
#1289 = DIRECTION ( 'NONE',  ( 0.000000000000000000, 0.000000000000000000, 1.000000000000000000 ) ) ;
#1290 = DIRECTION ( 'NONE',  ( 1.000000000000000000, 0.000000000000000000, 0.000000000000000000 ) ) ;
#1291 = DIRECTION ( 'NONE',  ( -0.000000000000000000, 0.000000000000000000, 1.000000000000000000 ) ) ;
#1292 = DIRECTION ( 'NONE',  ( 0.000000000000000000, -1.000000000000000000, -0.000000000000000000 ) ) ;
#1293 = CARTESIAN_POINT ( 'NONE',  ( -310.0370945548289114, -16.82382890559056321, 187.2839829527266602 ) ) ;
#1294 = ORIENTED_EDGE ( 'NONE', *, *, #1026, .T. ) ;
#1295 = FACE_OUTER_BOUND ( 'NONE', #1567, .T. ) ;
#1296 = SURFACE_STYLE_USAGE ( .BOTH. , #189 ) ;
#1297 = PLANE ( 'NONE',  #1513 ) ;
#1298 = CARTESIAN_POINT ( 'NONE',  ( -310.0370945548288546, 1.599999999999998979, 194.7839829436721573 ) ) ;
#1299 = DIRECTION ( 'NONE',  ( -1.000000000000000000, 0.000000000000000000, 0.000000000000000000 ) ) ;
#1300 = EDGE_CURVE ( 'NONE', #93, #1261, #713, .T. ) ;
#1301 = DIRECTION ( 'NONE',  ( -1.000000000000000000, 0.000000000000000000, 0.000000000000000000 ) ) ;
#1302 = ORIENTED_EDGE ( 'NONE', *, *, #610, .F. ) ;
#1303 = DIRECTION ( 'NONE',  ( 0.000000000000000000, 1.000000000000000000, 0.000000000000000000 ) ) ;
#1304 = ORIENTED_EDGE ( 'NONE', *, *, #1278, .T. ) ;
#1305 = DIRECTION ( 'NONE',  ( -1.000000000000000000, 0.000000000000000000, 0.000000000000000000 ) ) ;
#1306 = LINE ( 'NONE', #40, #952 ) ;
#1307 = DIRECTION ( 'NONE',  ( 0.000000000000000000, 1.000000000000000000, -0.000000000000000000 ) ) ;
#1308 = ADVANCED_FACE ( 'NONE', ( #1121, #1526, #1818 ), #972, .T. ) ;
#1309 = DIRECTION ( 'NONE',  ( 0.000000000000000000, 0.000000000000000000, -1.000000000000000000 ) ) ;
#1310 = CARTESIAN_POINT ( 'NONE',  ( -310.0370945548289114, 16.87838805689228749, 185.2839829436723846 ) ) ;
#1311 = CARTESIAN_POINT ( 'NONE',  ( -310.0370945548288546, -16.86188093636116747, 185.9527166818268995 ) ) ;
#1312 = DIRECTION ( 'NONE',  ( 1.000000000000000000, 0.000000000000000000, 0.000000000000000000 ) ) ;
#1313 = EDGE_LOOP ( 'NONE', ( #125, #824 ) ) ;
#1314 = CIRCLE ( 'NONE', #507, 4.000000000000003553 ) ;
#1315 = AXIS2_PLACEMENT_3D ( 'NONE', #1055, #1639, #1225 ) ;
#1316 = DIRECTION ( 'NONE',  ( -1.000000000000000000, 0.000000000000000000, 0.000000000000000000 ) ) ;
#1317 = ORIENTED_EDGE ( 'NONE', *, *, #865, .T. ) ;
#1318 = AXIS2_PLACEMENT_3D ( 'NONE', #1420, #300, #1724 ) ;
#1319 = VECTOR ( 'NONE', #1063, 1000.000000000000000 ) ;
#1320 = DIRECTION ( 'NONE',  ( 0.000000000000000000, 0.000000000000000000, 1.000000000000000000 ) ) ;
#1321 = PRESENTATION_LAYER_ASSIGNMENT (  '', '', ( #1135 ) ) ;
#1322 = DIRECTION ( 'NONE',  ( 0.000000000000000000, 0.000000000000000000, 1.000000000000000000 ) ) ;
#1323 = CARTESIAN_POINT ( 'NONE',  ( -307.3802403053365992, 5.656854249492369036, 178.7987015694334616 ) ) ;
#1324 = DIRECTION ( 'NONE',  ( 0.000000000000000000, 1.000000000000000000, 0.000000000000000000 ) ) ;
#1325 = ORIENTED_EDGE ( 'NONE', *, *, #258, .F. ) ;
#1326 = DIRECTION ( 'NONE',  ( -1.000000000000000000, 0.000000000000000000, 0.000000000000000000 ) ) ;
#1327 = EDGE_LOOP ( 'NONE', ( #27, #135, #1683, #1534 ) ) ;
#1328 = EDGE_CURVE ( 'NONE', #934, #1037, #296, .T. ) ;
#1329 = CARTESIAN_POINT ( 'NONE',  ( -310.0370945548289114, -16.87838805689229105, 185.2839829436721857 ) ) ;
#1330 = DIRECTION ( 'NONE',  ( 1.000000000000000000, 0.000000000000000000, 0.000000000000000000 ) ) ;
#1331 = CARTESIAN_POINT ( 'NONE',  ( -304.3802403053365424, -5.656854249492369036, 137.2839829436721573 ) ) ;
#1332 = ORIENTED_EDGE ( 'NONE', *, *, #535, .F. ) ;
#1333 = ORIENTED_EDGE ( 'NONE', *, *, #1496, .T. ) ;
#1334 = CARTESIAN_POINT ( 'NONE',  ( -270.0370945548289114, 9.999999999999985789, 187.2839829436721573 ) ) ;
#1335 = DIRECTION ( 'NONE',  ( 0.000000000000000000, 0.000000000000000000, -1.000000000000000000 ) ) ;
#1336 = ORIENTED_EDGE ( 'NONE', *, *, #282, .T. ) ;
#1337 = ADVANCED_FACE ( 'NONE', ( #141 ), #1094, .F. ) ;
#1338 = FACE_OUTER_BOUND ( 'NONE', #1254, .T. ) ;
#1339 = FACE_OUTER_BOUND ( 'NONE', #494, .T. ) ;
#1340 = APPLICATION_PROTOCOL_DEFINITION ( 'draft international standard', 'automotive_design', 1998, #1168 ) ;
#1341 = CARTESIAN_POINT ( 'NONE',  ( -310.0370945548289114, 16.87838805689228749, 185.2839829436723846 ) ) ;
#1342 = ORIENTED_EDGE ( 'NONE', *, *, #1507, .T. ) ;
#1343 = FACE_OUTER_BOUND ( 'NONE', #1389, .T. ) ;
#1344 = CARTESIAN_POINT ( 'NONE',  ( -310.0370945548289114, -9.599999999999999645, 197.2839829436722425 ) ) ;
#1345 = VERTEX_POINT ( 'NONE', #955 ) ;
#1346 = AXIS2_PLACEMENT_3D ( 'NONE', #1441, #320, #595 ) ;
#1347 = CIRCLE ( 'NONE', #1744, 2.500000000000085265 ) ;
#1348 = LINE ( 'NONE', #1503, #1776 ) ;
#1349 = AXIS2_PLACEMENT_3D ( 'NONE', #736, #1705, #724 ) ;
#1350 = CIRCLE ( 'NONE', #542, 1.599999999999990319 ) ;
#1351 = EDGE_CURVE ( 'NONE', #887, #1345, #1549, .T. ) ;
#1352 = CIRCLE ( 'NONE', #814, 1.599999999999990319 ) ;
#1353 = EDGE_CURVE ( 'NONE', #1409, #109, #1402, .T. ) ;
#1354 = CARTESIAN_POINT ( 'NONE',  ( -304.3802403053365424, 5.656854249492369036, 178.7987015694334616 ) ) ;
#1355 = DIRECTION ( 'NONE',  ( -1.000000000000000000, 0.000000000000000000, 0.000000000000000000 ) ) ;
#1356 = ORIENTED_EDGE ( 'NONE', *, *, #1820, .F. ) ;
#1357 = FACE_OUTER_BOUND ( 'NONE', #677, .T. ) ;
#1358 = CARTESIAN_POINT ( 'NONE',  ( -305.9802403053365651, 5.656854249492369036, 185.2839829436721573 ) ) ;
#1359 = LINE ( 'NONE', #1194, #239 ) ;
#1360 =( BOUNDED_SURFACE ( )  B_SPLINE_SURFACE ( 3, 3, ( 
 ( #916, #1484, #240, #216 ),
 ( #815, #1521, #1204, #1773 ),
 ( #351, #1757, #1494, #222 ),
 ( #517, #108, #1237, #1079 ) ),
 .UNSPECIFIED., .F., .F., .F. ) 
 B_SPLINE_SURFACE_WITH_KNOTS ( ( 4, 4 ),
 ( 4, 4 ),
 ( 0.7400075533175897169, 0.9062600366329961465 ),
 ( 0.000000000000000000, 1.000000000000000000 ),
 .UNSPECIFIED. ) 
 GEOMETRIC_REPRESENTATION_ITEM ( )  RATIONAL_B_SPLINE_SURFACE ( (
 ( 1.000000000000000000, 0.3333333333333334259, 0.3333333333333334259, 1.000000000000000000),
 ( 1.000000000000000000, 0.3333333333333334259, 0.3333333333333334259, 1.000000000000000000),
 ( 1.000000000000000000, 0.3333333333333334259, 0.3333333333333334259, 1.000000000000000000),
 ( 1.000000000000000000, 0.3333333333333334259, 0.3333333333333334259, 1.000000000000000000) ) ) 
 REPRESENTATION_ITEM ( '' )  SURFACE ( )  );
#1361 = SHAPE_DEFINITION_REPRESENTATION ( #1497, #1471 ) ;
#1362 = EDGE_CURVE ( 'NONE', #214, #65, #819, .T. ) ;
#1363 = CARTESIAN_POINT ( 'NONE',  ( -310.0370945548289683, -1.599999999999998979, 194.7839829436721573 ) ) ;
#1364 = CARTESIAN_POINT ( 'NONE',  ( -304.6797352419482650, -9.599999999999969447, 187.2839829436721573 ) ) ;
#1365 = DIRECTION ( 'NONE',  ( -0.000000000000000000, 0.000000000000000000, 1.000000000000000000 ) ) ;
#1366 = EDGE_LOOP ( 'NONE', ( #1791, #223 ) ) ;
#1367 = CARTESIAN_POINT ( 'NONE',  ( -310.0370945548289114, 2.925483399593918232, 196.3839829436721800 ) ) ;
#1368 = ORIENTED_EDGE ( 'NONE', *, *, #7, .F. ) ;
#1369 = DIRECTION ( 'NONE',  ( 0.000000000000000000, 0.000000000000000000, 1.000000000000000000 ) ) ;
#1370 = ORIENTED_EDGE ( 'NONE', *, *, #233, .T. ) ;
#1371 = EDGE_CURVE ( 'NONE', #230, #392, #1707, .T. ) ;
#1372 = LINE ( 'NONE', #487, #268 ) ;
#1373 = DIRECTION ( 'NONE',  ( 0.000000000000000000, 0.000000000000000000, -1.000000000000000000 ) ) ;
#1374 = ORIENTED_EDGE ( 'NONE', *, *, #478, .T. ) ;
#1375 = LINE ( 'NONE', #101, #546 ) ;
#1376 = VERTEX_POINT ( 'NONE', #302 ) ;
#1377 = CIRCLE ( 'NONE', #890, 1.599999999999990319 ) ;
#1378 = AXIS2_PLACEMENT_3D ( 'NONE', #85, #1625, #658 ) ;
#1379 = AXIS2_PLACEMENT_3D ( 'NONE', #722, #734, #809 ) ;
#1380 = CARTESIAN_POINT ( 'NONE',  ( -315.6939488043212805, 5.656854249492369036, 137.2839829436721573 ) ) ;
#1381 = VERTEX_POINT ( 'NONE', #1157 ) ;
#1382 = AXIS2_PLACEMENT_3D ( 'NONE', #1813, #843, #1529 ) ;
#1383 = DIRECTION ( 'NONE',  ( -0.000000000000000000, 0.000000000000000000, 1.000000000000000000 ) ) ;
#1384 = EDGE_LOOP ( 'NONE', ( #748, #533, #194, #1511, #277, #1754, #1509, #946 ) ) ;
#1385 = EDGE_CURVE ( 'NONE', #889, #669, #1377, .T. ) ;
#1386 = CARTESIAN_POINT ( 'NONE',  ( -310.0370945548289114, -9.599999999999969447, 0.000000000000000000 ) ) ;
#1387 = ADVANCED_FACE ( 'NONE', ( #441 ), #45, .T. ) ;
#1388 = FILL_AREA_STYLE_COLOUR ( '', #1102 ) ;
#1389 = EDGE_LOOP ( 'NONE', ( #1770, #122 ) ) ;
#1390 = CARTESIAN_POINT ( 'NONE',  ( -310.0370945548289114, -2.471067811865679253, 192.2839829436720720 ) ) ;
#1391 = ORIENTED_EDGE ( 'NONE', *, *, #1595, .F. ) ;
#1392 = CARTESIAN_POINT ( 'NONE',  ( -312.6939488043212805, -5.656854249492369036, 202.2839829436721573 ) ) ;
#1393 = ORIENTED_EDGE ( 'NONE', *, *, #1679, .T. ) ;
#1394 = ORIENTED_EDGE ( 'NONE', *, *, #1434, .F. ) ;
#1395 = ADVANCED_FACE ( 'NONE', ( #1021 ), #1028, .F. ) ;
#1396 = DIRECTION ( 'NONE',  ( 0.000000000000000000, 0.000000000000000000, -1.000000000000000000 ) ) ;
#1397 = CARTESIAN_POINT ( 'NONE',  ( -310.0370945548289114, 9.999999999999985789, 187.2839829436721573 ) ) ;
#1398 = VERTEX_POINT ( 'NONE', #755 ) ;
#1399 = CARTESIAN_POINT ( 'NONE',  ( -310.0370945548289114, -2.925483399593906242, 193.1839829436721345 ) ) ;
#1400 = VERTEX_POINT ( 'NONE', #461 ) ;
#1401 = ORIENTED_EDGE ( 'NONE', *, *, #60, .T. ) ;
#1402 = CIRCLE ( 'NONE', #1687, 4.000000000000003553 ) ;
#1403 = CIRCLE ( 'NONE', #210, 2.500000000000085265 ) ;
#1404 = EDGE_LOOP ( 'NONE', ( #861, #675 ) ) ;
#1405 = EDGE_CURVE ( 'NONE', #1628, #1376, #839, .T. ) ;
#1406 = AXIS2_PLACEMENT_3D ( 'NONE', #287, #337, #1425 ) ;
#1407 = AXIS2_PLACEMENT_3D ( 'NONE', #1551, #1677, #400 ) ;
#1408 = DIRECTION ( 'NONE',  ( 0.000000000000000000, 1.000000000000000000, 0.000000000000000000 ) ) ;
#1409 = VERTEX_POINT ( 'NONE', #1597 ) ;
#1410 = CARTESIAN_POINT ( 'NONE',  ( -317.2939488043212464, -5.656854249492369036, 137.2839829436721573 ) ) ;
#1411 = ORIENTED_EDGE ( 'NONE', *, *, #1621, .F. ) ;
#1412 = LINE ( 'NONE', #138, #1714 ) ;
#1413 = CARTESIAN_POINT ( 'NONE',  ( -304.3802403053365424, 5.656854249492369036, 187.2839829436721573 ) ) ;
#1414 = ADVANCED_FACE ( 'NONE', ( #34 ), #726, .T. ) ;
#1415 = DIRECTION ( 'NONE',  ( 0.000000000000000000, 0.000000000000000000, -1.000000000000000000 ) ) ;
#1416 = EDGE_LOOP ( 'NONE', ( #232, #1758, #376, #672 ) ) ;
#1417 = CARTESIAN_POINT ( 'NONE',  ( -310.0370945548289114, -4.599999999999998757, 193.1839829436721345 ) ) ;
#1418 = EDGE_LOOP ( 'NONE', ( #1098, #970 ) ) ;
#1419 = DIRECTION ( 'NONE',  ( -1.000000000000000000, 0.000000000000000000, 0.000000000000000000 ) ) ;
#1420 = CARTESIAN_POINT ( 'NONE',  ( -350.0370945548289114, 9.999999999999985789, 187.2839829436721573 ) ) ;
#1421 = CARTESIAN_POINT ( 'NONE',  ( -312.6939488043212805, -5.656854249492369036, 187.2839829436721573 ) ) ;
#1422 = EDGE_CURVE ( 'NONE', #906, #1200, #587, .T. ) ;
#1423 = LINE ( 'NONE', #1399, #333 ) ;
#1424 = EDGE_LOOP ( 'NONE', ( #82, #1603, #104, #880 ) ) ;
#1425 = DIRECTION ( 'NONE',  ( -1.000000000000000000, 0.000000000000000000, 0.000000000000000000 ) ) ;
#1426 = DIRECTION ( 'NONE',  ( 0.000000000000000000, 0.000000000000000000, 1.000000000000000000 ) ) ;
#1427 = AXIS2_PLACEMENT_3D ( 'NONE', #860, #24, #1177 ) ;
#1428 = CIRCLE ( 'NONE', #1044, 3.000000000000058176 ) ;
#1429 = DIRECTION ( 'NONE',  ( 0.000000000000000000, 1.000000000000000000, 0.000000000000000000 ) ) ;
#1430 = CIRCLE ( 'NONE', #632, 4.000000000000058620 ) ;
#1431 = VERTEX_POINT ( 'NONE', #886 ) ;
#1432 = AXIS2_PLACEMENT_3D ( 'NONE', #1606, #1472, #1191 ) ;
#1433 = AXIS2_PLACEMENT_3D ( 'NONE', #1116, #996, #415 ) ;
#1434 = EDGE_CURVE ( 'NONE', #514, #408, #446, .T. ) ;
#1435 =( LENGTH_UNIT ( ) NAMED_UNIT ( * ) SI_UNIT ( .MILLI., .METRE. ) );
#1436 = ORIENTED_EDGE ( 'NONE', *, *, #1033, .F. ) ;
#1437 = CARTESIAN_POINT ( 'NONE',  ( -310.0370945548289114, 9.599999999999999645, 202.2839829436721573 ) ) ;
#1438 = ADVANCED_FACE ( 'NONE', ( #1001 ), #1733, .T. ) ;
#1439 = DIRECTION ( 'NONE',  ( -0.000000000000000000, -1.000000000000000000, -0.000000000000000000 ) ) ;
#1440 = DIRECTION ( 'NONE',  ( 0.000000000000000000, 0.000000000000000000, 1.000000000000000000 ) ) ;
#1441 = CARTESIAN_POINT ( 'NONE',  ( -350.0370945548289114, 9.999999999999985789, 187.2839829436721573 ) ) ;
#1442 = ORIENTED_EDGE ( 'NONE', *, *, #631, .F. ) ;
#1443 = DIRECTION ( 'NONE',  ( 0.000000000000000000, 0.000000000000000000, 1.000000000000000000 ) ) ;
#1444 = ORIENTED_EDGE ( 'NONE', *, *, #130, .F. ) ;
#1445 = FACE_OUTER_BOUND ( 'NONE', #1790, .T. ) ;
#1446 = LINE ( 'NONE', #592, #840 ) ;
#1447 = EDGE_CURVE ( 'NONE', #1248, #168, #96, .T. ) ;
#1448 = DIRECTION ( 'NONE',  ( 0.000000000000000000, 0.000000000000000000, 1.000000000000000000 ) ) ;
#1449 = DIRECTION ( 'NONE',  ( 0.000000000000000000, 0.000000000000000000, -1.000000000000000000 ) ) ;
#1450 = VERTEX_POINT ( 'NONE', #1036 ) ;
#1451 = SURFACE_STYLE_FILL_AREA ( #1171 ) ;
#1452 = EDGE_LOOP ( 'NONE', ( #1013, #1179, #589, #655 ) ) ;
#1453 = CYLINDRICAL_SURFACE ( 'NONE', #447, 1.600000000000018074 ) ;
#1454 = B_SPLINE_CURVE_WITH_KNOTS ( 'NONE', 3,
 ( #1593, #892, #1553, #1310 ),
 .UNSPECIFIED., .F., .F.,
 ( 4, 4 ),
 ( 0.8871685683782152276, 0.9062600366329940371 ),
 .UNSPECIFIED. ) ;
#1455 = PLANE ( 'NONE',  #417 ) ;
#1456 = EDGE_CURVE ( 'NONE', #132, #1656, #567, .T. ) ;
#1457 = CARTESIAN_POINT ( 'NONE',  ( -315.6939488043212805, -5.656854249492369036, 187.2839829436721573 ) ) ;
#1458 = EDGE_LOOP ( 'NONE', ( #67, #1370, #235, #1658 ) ) ;
#1459 = AXIS2_PLACEMENT_3D ( 'NONE', #412, #134, #276 ) ;
#1460 = ORIENTED_EDGE ( 'NONE', *, *, #1670, .T. ) ;
#1461 = AXIS2_PLACEMENT_3D ( 'NONE', #735, #146, #711 ) ;
#1462 = FACE_OUTER_BOUND ( 'NONE', #503, .T. ) ;
#1463 = AXIS2_PLACEMENT_3D ( 'NONE', #530, #513, #81 ) ;
#1464 = LINE ( 'NONE', #1323, #1771 ) ;
#1465 = ORIENTED_EDGE ( 'NONE', *, *, #1010, .F. ) ;
#1466 = ORIENTED_EDGE ( 'NONE', *, *, #271, .F. ) ;
#1467 = EDGE_CURVE ( 'NONE', #1666, #958, #1464, .T. ) ;
#1468 = CARTESIAN_POINT ( 'NONE',  ( -304.3802403053365424, -5.656854249492369036, 178.7987015694334616 ) ) ;
#1469 = ORIENTED_EDGE ( 'NONE', *, *, #421, .T. ) ;
#1470 = FACE_BOUND ( 'NONE', #1366, .T. ) ;
#1471 = ADVANCED_BREP_SHAPE_REPRESENTATION ( 'MOTOR MOUNT', ( #989, #1634, #1195 ), #185 ) ;
#1472 = DIRECTION ( 'NONE',  ( 0.000000000000000000, 0.000000000000000000, 1.000000000000000000 ) ) ;
#1473 = DIRECTION ( 'NONE',  ( 1.000000000000000000, 0.000000000000000000, 0.000000000000000000 ) ) ;
#1474 = ORIENTED_EDGE ( 'NONE', *, *, #621, .F. ) ;
#1475 = CARTESIAN_POINT ( 'NONE',  ( -310.0370945548289114, -9.999999999999996447, 187.2839829436721573 ) ) ;
#1476 = ORIENTED_EDGE ( 'NONE', *, *, #1611, .T. ) ;
#1477 = EDGE_CURVE ( 'NONE', #109, #1409, #43, .T. ) ;
#1478 = ADVANCED_FACE ( 'NONE', ( #451 ), #763, .F. ) ;
#1479 = LINE ( 'NONE', #1210, #267 ) ;
#1480 = EDGE_LOOP ( 'NONE', ( #1078, #1560, #1537, #764 ) ) ;
#1481 = EDGE_CURVE ( 'NONE', #1637, #566, #310, .T. ) ;
#1482 = VECTOR ( 'NONE', #17, 1000.000000000000000 ) ;
#1483 = AXIS2_PLACEMENT_3D ( 'NONE', #1059, #226, #1618 ) ;
#1484 = CARTESIAN_POINT ( 'NONE',  ( -277.9061544771358854, 16.06547003884652014, 202.2839829436721857 ) ) ;
#1485 = PRESENTATION_LAYER_ASSIGNMENT (  '', '', ( #1663 ) ) ;
#1486 = VECTOR ( 'NONE', #870, 1000.000000000000000 ) ;
#1487 = EDGE_CURVE ( 'NONE', #669, #889, #947, .T. ) ;
#1488 = AXIS2_PLACEMENT_3D ( 'NONE', #1584, #758, #1023 ) ;
#1489 =( NAMED_UNIT ( * ) SI_UNIT ( $, .STERADIAN. ) SOLID_ANGLE_UNIT ( ) );
#1490 = CARTESIAN_POINT ( 'NONE',  ( -343.5063757788478256, -16.73464061200946063, 191.1074556677872351 ) ) ;
#1491 = CARTESIAN_POINT ( 'NONE',  ( -301.3802403053365424, -5.656854249492369036, 202.2839829436721573 ) ) ;
#1492 = CARTESIAN_POINT ( 'NONE',  ( -302.7802403053365765, 5.656854249492369036, 137.2839829436721573 ) ) ;
#1493 = VERTEX_POINT ( 'NONE', #339 ) ;
#1494 = CARTESIAN_POINT ( 'NONE',  ( -276.5678133308099405, -16.73464061200946063, 191.1074556677872351 ) ) ;
#1495 = ORIENTED_EDGE ( 'NONE', *, *, #1014, .T. ) ;
#1496 = EDGE_CURVE ( 'NONE', #1734, #1726, #905, .T. ) ;
#1497 = PRODUCT_DEFINITION_SHAPE ( 'NONE', 'NONE',  #1156 ) ;
#1498 = DIRECTION ( 'NONE',  ( 0.000000000000000000, 0.000000000000000000, 1.000000000000000000 ) ) ;
#1499 = FACE_OUTER_BOUND ( 'NONE', #774, .T. ) ;
#1500 = CARTESIAN_POINT ( 'NONE',  ( -310.0370945548289114, 1.599999999999998979, 193.1839829436721345 ) ) ;
#1501 = ORIENTED_EDGE ( 'NONE', *, *, #1738, .F. ) ;
#1502 = DIRECTION ( 'NONE',  ( 0.000000000000000000, 0.000000000000000000, -1.000000000000000000 ) ) ;
#1503 = CARTESIAN_POINT ( 'NONE',  ( -310.0370945548289114, 4.599999999999998757, 0.000000000000000000 ) ) ;
#1504 = VERTEX_POINT ( 'NONE', #63 ) ;
#1505 = PLANE ( 'NONE',  #327 ) ;
#1506 = ORIENTED_EDGE ( 'NONE', *, *, #630, .F. ) ;
#1507 = EDGE_CURVE ( 'NONE', #482, #934, #1792, .T. ) ;
#1508 = CARTESIAN_POINT ( 'NONE',  ( -315.3944538677096148, -9.599999999999969447, 237.2839829436721573 ) ) ;
#1509 = ORIENTED_EDGE ( 'NONE', *, *, #772, .T. ) ;
#1510 = DIRECTION ( 'NONE',  ( -1.000000000000000000, 0.000000000000000000, 0.000000000000000000 ) ) ;
#1511 = ORIENTED_EDGE ( 'NONE', *, *, #1125, .T. ) ;
#1512 = VECTOR ( 'NONE', #70, 1000.000000000000000 ) ;
#1513 = AXIS2_PLACEMENT_3D ( 'NONE', #28, #770, #590 ) ;
#1514 = CIRCLE ( 'NONE', #718, 3.000000000000058176 ) ;
#1515 = AXIS2_PLACEMENT_3D ( 'NONE', #745, #615, #1312 ) ;
#1516 = CARTESIAN_POINT ( 'NONE',  ( -296.4034020085262000, -9.599999999999971223, 192.2920252317749430 ) ) ;
#1517 = DIRECTION ( 'NONE',  ( -1.000000000000000000, 0.000000000000000000, 0.000000000000000000 ) ) ;
#1518 = DIRECTION ( 'NONE',  ( 0.000000000000000000, 0.000000000000000000, -1.000000000000000000 ) ) ;
#1519 = EDGE_LOOP ( 'NONE', ( #178, #1211, #554, #569 ) ) ;
#1520 = EDGE_CURVE ( 'NONE', #1628, #1070, #1616, .T. ) ;
#1521 = CARTESIAN_POINT ( 'NONE',  ( -277.1100256566930966, 16.46353444906791808, 196.7741836517220122 ) ) ;
#1522 = ORIENTED_EDGE ( 'NONE', *, *, #374, .T. ) ;
#1523 = ORIENTED_EDGE ( 'NONE', *, *, #1595, .T. ) ;
#1524 =( LENGTH_UNIT ( ) NAMED_UNIT ( * ) SI_UNIT ( .MILLI., .METRE. ) );
#1525 = CARTESIAN_POINT ( 'NONE',  ( -310.0370945548289114, -9.599999999999999645, 194.7839829436721573 ) ) ;
#1526 = FACE_BOUND ( 'NONE', #1404, .T. ) ;
#1527 = ORIENTED_EDGE ( 'NONE', *, *, #1467, .F. ) ;
#1528 = ADVANCED_FACE ( 'NONE', ( #92 ), #490, .F. ) ;
#1529 = DIRECTION ( 'NONE',  ( 0.000000000000000000, 0.000000000000000000, 1.000000000000000000 ) ) ;
#1530 = ORIENTED_EDGE ( 'NONE', *, *, #1807, .F. ) ;
#1531 = ORIENTED_EDGE ( 'NONE', *, *, #1721, .F. ) ;
#1532 = EDGE_CURVE ( 'NONE', #838, #396, #1743, .T. ) ;
#1533 = DIRECTION ( 'NONE',  ( 0.000000000000000000, 0.000000000000000000, 1.000000000000000000 ) ) ;
#1534 = ORIENTED_EDGE ( 'NONE', *, *, #1159, .T. ) ;
#1535 = DIRECTION ( 'NONE',  ( 0.000000000000000000, -1.000000000000000000, 0.000000000000000000 ) ) ;
#1536 = CARTESIAN_POINT ( 'NONE',  ( -620.0741891096578229, 0.000000000000000000, 185.2839829436721573 ) ) ;
#1537 = ORIENTED_EDGE ( 'NONE', *, *, #489, .F. ) ;
#1538 = DIRECTION ( 'NONE',  ( 0.000000000000000000, 1.000000000000000000, 0.000000000000000000 ) ) ;
#1539 = VERTEX_POINT ( 'NONE', #1083 ) ;
#1540 = AXIS2_PLACEMENT_3D ( 'NONE', #1169, #1725, #1713 ) ;
#1541 = EDGE_CURVE ( 'NONE', #370, #1552, #1572, .T. ) ;
#1542 = AXIS2_PLACEMENT_3D ( 'NONE', #175, #606, #1301 ) ;
#1543 = VECTOR ( 'NONE', #1723, 1000.000000000000000 ) ;
#1544 = LINE ( 'NONE', #251, #951 ) ;
#1545 = VERTEX_POINT ( 'NONE', #649 ) ;
#1546 = VECTOR ( 'NONE', #583, 1000.000000000000000 ) ;
#1547 = AXIS2_PLACEMENT_3D ( 'NONE', #532, #372, #524 ) ;
#1548 = CIRCLE ( 'NONE', #896, 2.500000000000085265 ) ;
#1549 = LINE ( 'NONE', #1266, #657 ) ;
#1550 = VERTEX_POINT ( 'NONE', #644 ) ;
#1551 = CARTESIAN_POINT ( 'NONE',  ( -310.0370945548289114, -1.150253576477624600E-20, 187.2839829436721573 ) ) ;
#1552 = VERTEX_POINT ( 'NONE', #345 ) ;
#1553 = CARTESIAN_POINT ( 'NONE',  ( -310.0370945548289683, 16.86188093636116392, 185.9527166818270985 ) ) ;
#1554 = EDGE_CURVE ( 'NONE', #906, #361, #1074, .T. ) ;
#1555 = CARTESIAN_POINT ( 'NONE',  ( -310.0370945548289114, 4.000000000000047073, 186.2839829436721573 ) ) ;
#1556 = FACE_OUTER_BOUND ( 'NONE', #909, .T. ) ;
#1557 = DIRECTION ( 'NONE',  ( 1.000000000000000000, 0.000000000000000000, 0.000000000000000000 ) ) ;
#1558 = DIRECTION ( 'NONE',  ( 1.000000000000000000, -0.000000000000000000, -0.000000000000000000 ) ) ;
#1559 = CARTESIAN_POINT ( 'NONE',  ( -310.0370945548289114, 1.599999999999998979, 196.3839829436721800 ) ) ;
#1560 = ORIENTED_EDGE ( 'NONE', *, *, #1405, .T. ) ;
#1561 = CARTESIAN_POINT ( 'NONE',  ( -323.8530715037707637, 9.599999999999999645, 187.2839829436721573 ) ) ;
#1562 = CARTESIAN_POINT ( 'NONE',  ( -304.6797352419482650, -9.599999999999969447, 237.2839829436721573 ) ) ;
#1563 = DIRECTION ( 'NONE',  ( 0.000000000000000000, -1.000000000000000000, -0.000000000000000000 ) ) ;
#1564 = ORIENTED_EDGE ( 'NONE', *, *, #1228, .T. ) ;
#1565 = ADVANCED_FACE ( 'NONE', ( #367 ), #1505, .T. ) ;
#1566 = CARTESIAN_POINT ( 'NONE',  ( -315.6939488043212805, 5.656854249492369036, 137.2839829436721573 ) ) ;
#1567 = EDGE_LOOP ( 'NONE', ( #452, #804, #1317, #687 ) ) ;
#1568 = CYLINDRICAL_SURFACE ( 'NONE', #984, 3.000000000000002665 ) ;
#1569 = CARTESIAN_POINT ( 'NONE',  ( -304.3802403053365424, -5.656854249492369036, 202.2839829436721573 ) ) ;
#1570 = DIRECTION ( 'NONE',  ( 0.000000000000000000, 0.000000000000000000, 1.000000000000000000 ) ) ;
#1571 = DIRECTION ( 'NONE',  ( -0.000000000000000000, -0.000000000000000000, -1.000000000000000000 ) ) ;
#1572 = CIRCLE ( 'NONE', #781, 1.599999999999990319 ) ;
#1573 = VECTOR ( 'NONE', #341, 1000.000000000000000 ) ;
#1574 = DIRECTION ( 'NONE',  ( 0.000000000000000000, 0.000000000000000000, 1.000000000000000000 ) ) ;
#1575 = ORIENTED_EDGE ( 'NONE', *, *, #366, .F. ) ;
#1576 = CIRCLE ( 'NONE', #1220, 3.000000000000002665 ) ;
#1577 = VECTOR ( 'NONE', #651, 1000.000000000000000 ) ;
#1578 = EDGE_LOOP ( 'NONE', ( #1708, #1031, #982, #1564, #679, #64 ) ) ;
#1579 = ADVANCED_FACE ( 'NONE', ( #798 ), #231, .F. ) ;
#1580 = CYLINDRICAL_SURFACE ( 'NONE', #1661, 1.600000000000018074 ) ;
#1581 = CARTESIAN_POINT ( 'NONE',  ( -310.0370945548289114, 2.471067811865677477, 192.2839829436720720 ) ) ;
#1582 = DIRECTION ( 'NONE',  ( 1.000000000000000000, 0.000000000000000000, 0.000000000000000000 ) ) ;
#1583 = ORIENTED_EDGE ( 'NONE', *, *, #968, .T. ) ;
#1584 = CARTESIAN_POINT ( 'NONE',  ( -310.0370945548289114, 2.471067811865677477, 194.7839829436721573 ) ) ;
#1585 = ORIENTED_EDGE ( 'NONE', *, *, #233, .F. ) ;
#1586 = LINE ( 'NONE', #316, #603 ) ;
#1587 = EDGE_CURVE ( 'NONE', #1022, #818, #983, .T. ) ;
#1588 = DIRECTION ( 'NONE',  ( -1.000000000000000000, 0.000000000000000000, 0.000000000000000000 ) ) ;
#1589 = DIRECTION ( 'NONE',  ( 1.000000000000000000, 0.000000000000000000, 0.000000000000000000 ) ) ;
#1590 = EDGE_LOOP ( 'NONE', ( #1815, #203, #1795, #561 ) ) ;
#1591 = CARTESIAN_POINT ( 'NONE',  ( -310.0370945548289114, 9.599999999999999645, 0.000000000000000000 ) ) ;
#1592 = ORIENTED_EDGE ( 'NONE', *, *, #1104, .F. ) ;
#1593 = CARTESIAN_POINT ( 'NONE',  ( -310.0370945548289114, 16.82382890559055966, 187.2839829527268023 ) ) ;
#1594 = FACE_BOUND ( 'NONE', #1812, .T. ) ;
#1595 = EDGE_CURVE ( 'NONE', #958, #1101, #511, .T. ) ;
#1596 = CARTESIAN_POINT ( 'NONE',  ( -305.9802403053365651, -5.656854249492369036, 185.2839829436721573 ) ) ;
#1597 = CARTESIAN_POINT ( 'NONE',  ( -310.0370945548289114, 4.000000000000047073, 186.2839829436721573 ) ) ;
#1598 = ORIENTED_EDGE ( 'NONE', *, *, #1477, .T. ) ;
#1599 = AXIS2_PLACEMENT_3D ( 'NONE', #1780, #94, #1755 ) ;
#1600 = CIRCLE ( 'NONE', #541, 1.599999999999990319 ) ;
#1601 = VECTOR ( 'NONE', #484, 1000.000000000000000 ) ;
#1602 = DIRECTION ( 'NONE',  ( 0.000000000000000000, 0.000000000000000000, 1.000000000000000000 ) ) ;
#1603 = ORIENTED_EDGE ( 'NONE', *, *, #1645, .F. ) ;
#1604 = AXIS2_PLACEMENT_3D ( 'NONE', #1759, #1624, #496 ) ;
#1605 = FACE_OUTER_BOUND ( 'NONE', #1238, .T. ) ;
#1606 = CARTESIAN_POINT ( 'NONE',  ( -310.0370945548289114, 0.000000000000000000, 186.2839829436721573 ) ) ;
#1607 = ADVANCED_FACE ( 'NONE', ( #1221 ), #1765, .F. ) ;
#1608 = DIRECTION ( 'NONE',  ( 1.000000000000000000, 0.000000000000000000, 0.000000000000000000 ) ) ;
#1609 = VERTEX_POINT ( 'NONE', #978 ) ;
#1610 = DIRECTION ( 'NONE',  ( 0.000000000000000000, 0.000000000000000000, -1.000000000000000000 ) ) ;
#1611 = EDGE_CURVE ( 'NONE', #1431, #934, #111, .T. ) ;
#1612 = DIRECTION ( 'NONE',  ( 1.000000000000000000, 0.000000000000000000, 0.000000000000000000 ) ) ;
#1613 = ORIENTED_EDGE ( 'NONE', *, *, #329, .T. ) ;
#1614 = DIRECTION ( 'NONE',  ( -0.000000000000000000, 0.000000000000000000, -1.000000000000000000 ) ) ;
#1615 =( NAMED_UNIT ( * ) PLANE_ANGLE_UNIT ( ) SI_UNIT ( $, .RADIAN. ) );
#1616 = LINE ( 'NONE', #1051, #1512 ) ;
#1617 = ORIENTED_EDGE ( 'NONE', *, *, #1268, .T. ) ;
#1618 = DIRECTION ( 'NONE',  ( 0.000000000000000000, 0.000000000000000000, 1.000000000000000000 ) ) ;
#1619 = CARTESIAN_POINT ( 'NONE',  ( -304.3802403053365424, -5.656854249492369036, 202.2839829436721573 ) ) ;
#1620 = VERTEX_POINT ( 'NONE', #668 ) ;
#1621 = EDGE_CURVE ( 'NONE', #408, #1609, #653, .T. ) ;
#1622 = PLANE ( 'NONE',  #188 ) ;
#1623 = DIRECTION ( 'NONE',  ( -0.000000000000000000, -1.000000000000000000, 0.000000000000000000 ) ) ;
#1624 = DIRECTION ( 'NONE',  ( 0.000000000000000000, 1.000000000000000000, 0.000000000000000000 ) ) ;
#1625 = DIRECTION ( 'NONE',  ( -0.000000000000000000, 0.000000000000000000, 1.000000000000000000 ) ) ;
#1626 = ORIENTED_EDGE ( 'NONE', *, *, #684, .F. ) ;
#1627 = DIRECTION ( 'NONE',  ( 1.000000000000000000, 0.000000000000000000, 0.000000000000000000 ) ) ;
#1628 = VERTEX_POINT ( 'NONE', #2 ) ;
#1629 = AXIS2_PLACEMENT_3D ( 'NONE', #1057, #79, #773 ) ;
#1630 = AXIS2_PLACEMENT_3D ( 'NONE', #1722, #457, #1183 ) ;
#1631 = EDGE_CURVE ( 'NONE', #102, #1398, #834, .T. ) ;
#1632 = FACE_OUTER_BOUND ( 'NONE', #1809, .T. ) ;
#1633 = ORIENTED_EDGE ( 'NONE', *, *, #1060, .T. ) ;
#1634 = MANIFOLD_SOLID_BREP ( 'Zapas-WSZYSTKIE CZʌCIDO DRUKU-2', #1803 ) ;
#1635 = CIRCLE ( 'NONE', #1433, 4.000000000000058620 ) ;
#1636 = DIRECTION ( 'NONE',  ( 0.000000000000000000, 0.000000000000000000, -1.000000000000000000 ) ) ;
#1637 = VERTEX_POINT ( 'NONE', #1253 ) ;
#1638 = FACE_BOUND ( 'NONE', #1748, .T. ) ;
#1639 = DIRECTION ( 'NONE',  ( 0.000000000000000000, 0.000000000000000000, 1.000000000000000000 ) ) ;
#1640 = CARTESIAN_POINT ( 'NONE',  ( -315.6939488043212805, -5.656854249492369036, 187.2839829436721573 ) ) ;
#1641 = ORIENTED_EDGE ( 'NONE', *, *, #78, .F. ) ;
#1642 = DIRECTION ( 'NONE',  ( 0.000000000000000000, 0.000000000000000000, -1.000000000000000000 ) ) ;
#1643 = ORIENTED_EDGE ( 'NONE', *, *, #907, .T. ) ;
#1644 = UNCERTAINTY_MEASURE_WITH_UNIT (LENGTH_MEASURE( 1.000000000000000082E-05 ), #1524, 'distance_accuracy_value', 'NONE');
#1645 = EDGE_CURVE ( 'NONE', #1656, #818, #1544, .T. ) ;
#1646 = CARTESIAN_POINT ( 'NONE',  ( -310.0370945548289114, 16.06547003884651659, 202.2839829436721573 ) ) ;
#1647 = ORIENTED_EDGE ( 'NONE', *, *, #1328, .F. ) ;
#1648 = DIRECTION ( 'NONE',  ( 0.000000000000000000, 0.000000000000000000, 1.000000000000000000 ) ) ;
#1649 = ORIENTED_EDGE ( 'NONE', *, *, #1481, .T. ) ;
#1650 = DIRECTION ( 'NONE',  ( 1.000000000000000000, 0.000000000000000000, 0.000000000000000000 ) ) ;
#1651 = VERTEX_POINT ( 'NONE', #273 ) ;
#1652 = EDGE_CURVE ( 'NONE', #669, #830, #1808, .T. ) ;
#1653 = CARTESIAN_POINT ( 'NONE',  ( -343.7938706686134651, -16.87838805689228749, 185.2839829436721288 ) ) ;
#1654 = ORIENTED_EDGE ( 'NONE', *, *, #1706, .F. ) ;
#1655 = CARTESIAN_POINT ( 'NONE',  ( -310.0370945548289114, -9.999999999999996447, 187.2839829436721573 ) ) ;
#1656 = VERTEX_POINT ( 'NONE', #1118 ) ;
#1657 = DIRECTION ( 'NONE',  ( 0.000000000000000000, 0.000000000000000000, 1.000000000000000000 ) ) ;
#1658 = ORIENTED_EDGE ( 'NONE', *, *, #308, .T. ) ;
#1659 = EDGE_LOOP ( 'NONE', ( #1233, #914 ) ) ;
#1660 = VECTOR ( 'NONE', #234, 1000.000000000000000 ) ;
#1661 = AXIS2_PLACEMENT_3D ( 'NONE', #307, #191, #314 ) ;
#1662 = UNCERTAINTY_MEASURE_WITH_UNIT (LENGTH_MEASURE( 1.000000000000000082E-05 ), #217, 'distance_accuracy_value', 'NONE');
#1663 = STYLED_ITEM ( 'NONE', ( #682 ), #1634 ) ;
#1664 = VECTOR ( 'NONE', #1570, 1000.000000000000000 ) ;
#1665 =( NAMED_UNIT ( * ) SI_UNIT ( $, .STERADIAN. ) SOLID_ANGLE_UNIT ( ) );
#1666 = VERTEX_POINT ( 'NONE', #564 ) ;
#1667 = ADVANCED_FACE ( 'NONE', ( #1241 ), #536, .F. ) ;
#1668 = DIRECTION ( 'NONE',  ( 0.000000000000000000, 0.000000000000000000, -1.000000000000000000 ) ) ;
#1669 = ORIENTED_EDGE ( 'NONE', *, *, #1353, .T. ) ;
#1670 = EDGE_CURVE ( 'NONE', #1400, #112, #410, .T. ) ;
#1671 = DIRECTION ( 'NONE',  ( 0.000000000000000000, 0.000000000000000000, 1.000000000000000000 ) ) ;
#1672 = ORIENTED_EDGE ( 'NONE', *, *, #772, .F. ) ;
#1673 = ORIENTED_EDGE ( 'NONE', *, *, #1231, .F. ) ;
#1674 = ORIENTED_EDGE ( 'NONE', *, *, #342, .F. ) ;
#1675 = DIRECTION ( 'NONE',  ( 0.000000000000000000, 0.000000000000000000, 1.000000000000000000 ) ) ;
#1676 = EDGE_LOOP ( 'NONE', ( #157, #437 ) ) ;
#1677 = DIRECTION ( 'NONE',  ( 0.000000000000000000, 9.585446470646862893E-22, -1.000000000000000000 ) ) ;
#1678 = VERTEX_POINT ( 'NONE', #992 ) ;
#1679 = EDGE_CURVE ( 'NONE', #1097, #1539, #1412, .T. ) ;
#1680 = DIRECTION ( 'NONE',  ( -1.000000000000000000, 0.000000000000000000, 0.000000000000000000 ) ) ;
#1681 = ORIENTED_EDGE ( 'NONE', *, *, #813, .F. ) ;
#1682 = DIRECTION ( 'NONE',  ( -0.000000000000000000, 9.585446470646862893E-22, -1.000000000000000000 ) ) ;
#1683 = ORIENTED_EDGE ( 'NONE', *, *, #791, .T. ) ;
#1684 = CARTESIAN_POINT ( 'NONE',  ( -323.6707871011316229, -9.599999999999971223, 192.2920252317749430 ) ) ;
#1685 = ORIENTED_EDGE ( 'NONE', *, *, #1730, .F. ) ;
#1686 = ADVANCED_FACE ( 'NONE', ( #1272 ), #1127, .F. ) ;
#1687 = AXIS2_PLACEMENT_3D ( 'NONE', #1692, #1558, #1518 ) ;
#1688 = AXIS2_PLACEMENT_3D ( 'NONE', #1413, #979, #847 ) ;
#1689 = CARTESIAN_POINT ( 'NONE',  ( -310.0370945548289114, -9.599999999999999645, 197.2839829436722425 ) ) ;
#1690 = DIRECTION ( 'NONE',  ( -1.000000000000000000, 0.000000000000000000, 0.000000000000000000 ) ) ;
#1691 = VECTOR ( 'NONE', #942, 1000.000000000000000 ) ;
#1692 = CARTESIAN_POINT ( 'NONE',  ( -310.0370945548289114, 0.000000000000000000, 186.2839829436721573 ) ) ;
#1693 = ORIENTED_EDGE ( 'NONE', *, *, #1362, .T. ) ;
#1694 = CARTESIAN_POINT ( 'NONE',  ( -315.3944538677096148, -9.599999999999969447, 187.2839829436721573 ) ) ;
#1695 = CARTESIAN_POINT ( 'NONE',  ( -310.0370945548289114, -2.471067811865679253, 194.7839829436721573 ) ) ;
#1696 = ORIENTED_EDGE ( 'NONE', *, *, #1645, .T. ) ;
#1697 = DIRECTION ( 'NONE',  ( 0.000000000000000000, 0.000000000000000000, 1.000000000000000000 ) ) ;
#1698 = CARTESIAN_POINT ( 'NONE',  ( -310.0370945548289114, 0.000000000000000000, 185.2839829436721573 ) ) ;
#1699 = ADVANCED_FACE ( 'NONE', ( #1556 ), #281, .F. ) ;
#1700 = CARTESIAN_POINT ( 'NONE',  ( -310.0370945548289114, -4.599999999999998757, 194.7839829436721573 ) ) ;
#1701 = ORIENTED_EDGE ( 'NONE', *, *, #1351, .F. ) ;
#1702 = DIRECTION ( 'NONE',  ( 0.000000000000000000, 0.000000000000000000, 1.000000000000000000 ) ) ;
#1703 = CARTESIAN_POINT ( 'NONE',  ( -310.0370945548289114, 1.599999999999998979, 196.3839829436721800 ) ) ;
#1704 = PLANE ( 'NONE',  #1047 ) ;
#1705 = DIRECTION ( 'NONE',  ( 0.000000000000000000, -0.000000000000000000, -1.000000000000000000 ) ) ;
#1706 = EDGE_CURVE ( 'NONE', #1656, #1398, #999, .T. ) ;
#1707 = LINE ( 'NONE', #737, #326 ) ;
#1708 = ORIENTED_EDGE ( 'NONE', *, *, #399, .F. ) ;
#1709 = LINE ( 'NONE', #1727, #787 ) ;
#1710 = CARTESIAN_POINT ( 'NONE',  ( -310.0370945548289114, 9.599999999999999645, 187.2839829436721573 ) ) ;
#1711 = LINE ( 'NONE', #1020, #479 ) ;
#1712 = AXIS2_PLACEMENT_3D ( 'NONE', #547, #1816, #732 ) ;
#1713 = DIRECTION ( 'NONE',  ( -3.299555145375879997E-15, 1.000000000000000000, 0.000000000000000000 ) ) ;
#1714 = VECTOR ( 'NONE', #704, 1000.000000000000000 ) ;
#1715 = ORIENTED_EDGE ( 'NONE', *, *, #1532, .T. ) ;
#1716 = AXIS2_PLACEMENT_3D ( 'NONE', #381, #785, #1206 ) ;
#1717 = ADVANCED_FACE ( 'NONE', ( #1167, #1594, #1280 ), #1455, .T. ) ;
#1718 = CIRCLE ( 'NONE', #1382, 1.600000000000018074 ) ;
#1719 = CARTESIAN_POINT ( 'NONE',  ( -307.3802403053365992, 5.656854249492369036, 202.2839829436721573 ) ) ;
#1720 = ORIENTED_EDGE ( 'NONE', *, *, #374, .F. ) ;
#1721 = EDGE_CURVE ( 'NONE', #102, #864, #1711, .T. ) ;
#1722 = CARTESIAN_POINT ( 'NONE',  ( -304.3802403053365424, -5.656854249492369036, 137.2839829436721573 ) ) ;
#1723 = DIRECTION ( 'NONE',  ( -0.000000000000000000, -1.000000000000000000, -0.000000000000000000 ) ) ;
#1724 = DIRECTION ( 'NONE',  ( -1.000000000000000000, 0.000000000000000000, 0.000000000000000000 ) ) ;
#1725 = DIRECTION ( 'NONE',  ( 0.000000000000000000, -9.585446470646862893E-22, 1.000000000000000000 ) ) ;
#1726 = VERTEX_POINT ( 'NONE', #449 ) ;
#1727 = CARTESIAN_POINT ( 'NONE',  ( -270.0370945548289114, 9.599999999999999645, 202.2839829436721573 ) ) ;
#1728 = ORIENTED_EDGE ( 'NONE', *, *, #1000, .T. ) ;
#1729 = DIRECTION ( 'NONE',  ( 0.000000000000000000, 0.000000000000000000, -1.000000000000000000 ) ) ;
#1730 = EDGE_CURVE ( 'NONE', #765, #1398, #211, .T. ) ;
#1731 = B_SPLINE_CURVE_WITH_KNOTS ( 'NONE', 3,
 ( #766, #501, #923, #510 ),
 .UNSPECIFIED., .F., .F.,
 ( 4, 4 ),
 ( 0.000000000000000000, 0.01502906488338725741 ),
 .UNSPECIFIED. ) ;
#1732 = DIRECTION ( 'NONE',  ( 0.000000000000000000, 0.000000000000000000, 1.000000000000000000 ) ) ;
#1733 = PLANE ( 'NONE',  #1219 ) ;
#1734 = VERTEX_POINT ( 'NONE', #1007 ) ;
#1735 = DIRECTION ( 'NONE',  ( 0.000000000000000000, 0.000000000000000000, 1.000000000000000000 ) ) ;
#1736 = CARTESIAN_POINT ( 'NONE',  ( -310.0370945548289114, 0.000000000000000000, 185.2839829436721573 ) ) ;
#1737 = LINE ( 'NONE', #1006, #1664 ) ;
#1738 = EDGE_CURVE ( 'NONE', #1101, #958, #1514, .T. ) ;
#1739 = EDGE_CURVE ( 'NONE', #746, #1345, #1027, .T. ) ;
#1740 = CARTESIAN_POINT ( 'NONE',  ( -342.9641634529647831, -16.46353444906791808, 196.7741836517220122 ) ) ;
#1741 = ORIENTED_EDGE ( 'NONE', *, *, #1520, .T. ) ;
#1742 = CARTESIAN_POINT ( 'NONE',  ( -310.0370945548289114, -2.925483399593906242, 193.1839829436721345 ) ) ;
#1743 = CIRCLE ( 'NONE', #917, 3.000000000000002665 ) ;
#1744 = AXIS2_PLACEMENT_3D ( 'NONE', #1525, #274, #1396 ) ;
#1745 = VECTOR ( 'NONE', #1091, 1000.000000000000000 ) ;
#1746 = VECTOR ( 'NONE', #338, 1000.000000000000000 ) ;
#1747 = CYLINDRICAL_SURFACE ( 'NONE', #1488, 2.500000000000085265 ) ;
#1748 = EDGE_LOOP ( 'NONE', ( #816, #124 ) ) ;
#1749 = COLOUR_RGB ( '',0.7921568627450980005, 0.8196078431372548767, 0.9333333333333333481 ) ;
#1750 = DIRECTION ( 'NONE',  ( 1.000000000000000000, 0.000000000000000000, 0.000000000000000000 ) ) ;
#1751 = EDGE_CURVE ( 'NONE', #545, #1261, #659, .T. ) ;
#1752 = ADVANCED_FACE ( 'NONE', ( #884 ), #288, .F. ) ;
#1753 = DIRECTION ( 'NONE',  ( -0.000000000000000000, -0.000000000000000000, -1.000000000000000000 ) ) ;
#1754 = ORIENTED_EDGE ( 'NONE', *, *, #855, .T. ) ;
#1755 = DIRECTION ( 'NONE',  ( 0.000000000000000000, 1.000000000000000000, 0.000000000000000000 ) ) ;
#1756 = ORIENTED_EDGE ( 'NONE', *, *, #968, .F. ) ;
#1757 = CARTESIAN_POINT ( 'NONE',  ( -276.5678133308099405, 16.73464061200946063, 191.1074556677872351 ) ) ;
#1758 = ORIENTED_EDGE ( 'NONE', *, *, #621, .T. ) ;
#1759 = CARTESIAN_POINT ( 'NONE',  ( -310.0370945548289114, -4.599999999999998757, 194.7839829436721573 ) ) ;
#1760 = DIRECTION ( 'NONE',  ( 0.000000000000000000, -1.000000000000000000, -0.000000000000000000 ) ) ;
#1761 = ADVANCED_FACE ( 'NONE', ( #432, #1139 ), #1175, .T. ) ;
#1762 = CARTESIAN_POINT ( 'NONE',  ( -310.0370945548289114, 1.599999999999998979, 0.000000000000000000 ) ) ;
#1763 = EDGE_LOOP ( 'NONE', ( #607, #1038, #717, #1798 ) ) ;
#1764 = LINE ( 'NONE', #1229, #270 ) ;
#1765 =( BOUNDED_SURFACE ( )  B_SPLINE_SURFACE ( 3, 3, ( 
 ( #519, #355, #208, #1646 ),
 ( #806, #1740, #921, #481 ),
 ( #786, #1490, #219, #792 ),
 ( #1264, #1653, #131, #528 ) ),
 .UNSPECIFIED., .F., .F., .F. ) 
 B_SPLINE_SURFACE_WITH_KNOTS ( ( 4, 4 ),
 ( 4, 4 ),
 ( 0.7400075533175897169, 0.9062600366329961465 ),
 ( 0.000000000000000000, 1.000000000000000000 ),
 .UNSPECIFIED. ) 
 GEOMETRIC_REPRESENTATION_ITEM ( )  RATIONAL_B_SPLINE_SURFACE ( (
 ( 1.000000000000000000, 0.3333333333333334259, 0.3333333333333334259, 1.000000000000000000),
 ( 1.000000000000000000, 0.3333333333333334259, 0.3333333333333334259, 1.000000000000000000),
 ( 1.000000000000000000, 0.3333333333333334259, 0.3333333333333334259, 1.000000000000000000),
 ( 1.000000000000000000, 0.3333333333333334259, 0.3333333333333334259, 1.000000000000000000) ) ) 
 REPRESENTATION_ITEM ( '' )  SURFACE ( )  );
#1766 = DIRECTION ( 'NONE',  ( -1.000000000000000000, 0.000000000000000000, 0.000000000000000000 ) ) ;
#1767 = DIRECTION ( 'NONE',  ( 0.000000000000000000, 0.000000000000000000, -1.000000000000000000 ) ) ;
#1768 = CARTESIAN_POINT ( 'NONE',  ( -310.0370945548289114, -1.599999999999998979, 193.1839829436721345 ) ) ;
#1769 = LINE ( 'NONE', #662, #1071 ) ;
#1770 = ORIENTED_EDGE ( 'NONE', *, *, #1774, .F. ) ;
#1771 = VECTOR ( 'NONE', #55, 1000.000000000000000 ) ;
#1772 = CLOSED_SHELL ( 'NONE', ( #1395, #151, #910, #1667, #443, #1607, #97, #743, #1414, #733, #1810, #901, #993, #1686, #1387, #897, #574, #30, #118, #409, #1252, #466, #562, #1761, #594, #161, #504, #527 ) ) ;
#1773 = CARTESIAN_POINT ( 'NONE',  ( -310.0370945548289114, -16.46353444906791808, 196.7741836517220406 ) ) ;
#1774 = EDGE_CURVE ( 'NONE', #1134, #1666, #389, .T. ) ;
#1775 = VERTEX_POINT ( 'NONE', #32 ) ;
#1776 = VECTOR ( 'NONE', #1657, 1000.000000000000000 ) ;
#1777 = CIRCLE ( 'NONE', #988, 1.599999999999990319 ) ;
#1778 = CARTESIAN_POINT ( 'NONE',  ( -310.0370945548289114, 1.599999999999998979, 194.7839829436721573 ) ) ;
#1779 = LINE ( 'NONE', #1364, #1573 ) ;
#1780 = CARTESIAN_POINT ( 'NONE',  ( -310.0370945548289114, -9.585446470646872673E-21, 185.2839829436721573 ) ) ;
#1781 = ORIENTED_EDGE ( 'NONE', *, *, #1807, .T. ) ;
#1782 = LINE ( 'NONE', #1367, #512 ) ;
#1783 = ORIENTED_EDGE ( 'NONE', *, *, #249, .T. ) ;
#1784 = EDGE_CURVE ( 'NONE', #1431, #1545, #1430, .T. ) ;
#1785 = DIRECTION ( 'NONE',  ( -0.000000000000000000, -1.000000000000000000, -0.000000000000000000 ) ) ;
#1786 = DIRECTION ( 'NONE',  ( -1.000000000000000000, 0.000000000000000000, 0.000000000000000000 ) ) ;
#1787 = CARTESIAN_POINT ( 'NONE',  ( -312.6939488043212236, 5.656854249492369036, 202.2839829436721573 ) ) ;
#1788 = VERTEX_POINT ( 'NONE', #319 ) ;
#1789 = CARTESIAN_POINT ( 'NONE',  ( -310.0370945548289114, -9.599999999999999645, 192.2839829436720720 ) ) ;
#1790 = EDGE_LOOP ( 'NONE', ( #413, #1617, #1465, #1189 ) ) ;
#1791 = ORIENTED_EDGE ( 'NONE', *, *, #1010, .T. ) ;
#1792 = B_SPLINE_CURVE_WITH_KNOTS ( 'NONE', 3,
 ( #200, #1065, #1207, #1341 ),
 .UNSPECIFIED., .F., .F.,
 ( 4, 4 ),
 ( 0.8871685683782152276, 0.9062600366329940371 ),
 .UNSPECIFIED. ) ;
#1793 = EDGE_CURVE ( 'NONE', #830, #1504, #841, .T. ) ;
#1794 = CARTESIAN_POINT ( 'NONE',  ( -310.0370945548289114, 0.000000000000000000, 185.2839829436721573 ) ) ;
#1795 = ORIENTED_EDGE ( 'NONE', *, *, #107, .F. ) ;
#1796 = EDGE_CURVE ( 'NONE', #311, #1064, #866, .T. ) ;
#1797 = DIRECTION ( 'NONE',  ( 0.000000000000000000, 0.000000000000000000, -1.000000000000000000 ) ) ;
#1798 = ORIENTED_EDGE ( 'NONE', *, *, #1532, .F. ) ;
#1799 = CARTESIAN_POINT ( 'NONE',  ( -285.6388831038743774, 9.599999999999999645, 237.2839829436721573 ) ) ;
#1800 = ORIENTED_EDGE ( 'NONE', *, *, #237, .T. ) ;
#1801 = ORIENTED_EDGE ( 'NONE', *, *, #317, .T. ) ;
#1802 = VECTOR ( 'NONE', #1675, 1000.000000000000000 ) ;
#1803 = CLOSED_SHELL ( 'NONE', ( #1699, #977, #832, #275, #1717, #757, #1337, #1438, #699, #1308, #1115, #964, #1478, #1528, #224, #84, #990, #164, #584, #915, #1565, #174, #708, #291, #1752, #218, #1579, #294 ) ) ;
#1804 = AXIS2_PLACEMENT_3D ( 'NONE', #1562, #859, #155 ) ;
#1805 = CIRCLE ( 'NONE', #691, 16.06547003884652014 ) ;
#1806 =( GEOMETRIC_REPRESENTATION_CONTEXT ( 3 ) GLOBAL_UNCERTAINTY_ASSIGNED_CONTEXT ( ( #1263 ) ) GLOBAL_UNIT_ASSIGNED_CONTEXT ( ( #1435, #1012, #169 ) ) REPRESENTATION_CONTEXT ( 'NONE', 'WORKASPACE' ) );
#1807 = EDGE_CURVE ( 'NONE', #887, #56, #593, .T. ) ;
#1808 = LINE ( 'NONE', #697, #1745 ) ;
#1809 = EDGE_LOOP ( 'NONE', ( #1356, #1333, #1522 ) ) ;
#1810 = ADVANCED_FACE ( 'NONE', ( #23 ), #577, .T. ) ;
#1811 = CARTESIAN_POINT ( 'NONE',  ( -307.3802403053365424, -5.656854249492369036, 178.7987015694334616 ) ) ;
#1812 = EDGE_LOOP ( 'NONE', ( #943, #1674 ) ) ;
#1813 = CARTESIAN_POINT ( 'NONE',  ( -310.0370945548289114, 1.599999999999998979, 194.7839829436721573 ) ) ;
#1814 = ORIENTED_EDGE ( 'NONE', *, *, #1739, .T. ) ;
#1815 = ORIENTED_EDGE ( 'NONE', *, *, #1487, .F. ) ;
#1816 = DIRECTION ( 'NONE',  ( 0.000000000000000000, 1.000000000000000000, 0.000000000000000000 ) ) ;
#1817 = CARTESIAN_POINT ( 'NONE',  ( -310.0370945548289114, 4.000000000000047073, 185.2839829436721573 ) ) ;
#1818 = FACE_BOUND ( 'NONE', #1313, .T. ) ;
#1819 = ORIENTED_EDGE ( 'NONE', *, *, #1209, .T. ) ;
#1820 = EDGE_CURVE ( 'NONE', #1734, #482, #440, .T. ) ;
#1821 = DIRECTION ( 'NONE',  ( 0.000000000000000000, 0.000000000000000000, 1.000000000000000000 ) ) ;
#1822 = VERTEX_POINT ( 'NONE', #1197 ) ;
ENDSEC;
END-ISO-10303-21;
