ISO-10303-21;
HEADER;
FILE_DESCRIPTION (( 'STEP AP214' ),
    '1' );
FILE_NAME ();
FILE_SCHEMA (( 'AUTOMOTIVE_DESIGN' ));
ENDSEC;

DATA;
#1 = CARTESIAN_POINT ( 'NONE',  ( -0.9097087778618729859, -74.87906107041932557, 67.21910057031878694 ) ) ;
#2 = CARTESIAN_POINT ( 'NONE',  ( -27.76366397940585529, 18.58762666801391461, 14.44966888112463899 ) ) ;
#3 = CARTESIAN_POINT ( 'NONE',  ( 1.608424658037057586, -76.32223391540878765, 354.8045545087189794 ) ) ;
#4 = CARTESIAN_POINT ( 'NONE',  ( -2.856219491863008830, -8.493023692875212305, -59.56494007984454697 ) ) ;
#5 = CARTESIAN_POINT ( 'NONE',  ( 50.57228261576265282, -37.62104522030414699, 14.44966888112473136 ) ) ;
#6 = CARTESIAN_POINT ( 'NONE',  ( 84.27759062967341208, -48.53072844917068807, 103.6408433975915813 ) ) ;
#7 = CARTESIAN_POINT ( 'NONE',  ( -17.90558932272608672, 45.27588651669087483, 188.1410139065363012 ) ) ;
#8 = CARTESIAN_POINT ( 'NONE',  ( 149.9999999999998579, 0.7935760625486841802, 209.7766868991116667 ) ) ;
#9 = CARTESIAN_POINT ( 'NONE',  ( 1.465062855051523227, -30.06243940706661277, 558.8774776690271437 ) ) ;
#10 = CARTESIAN_POINT ( 'NONE',  ( -0.000000000000000000, -61.02803244180449127, -7.975560784126410674 ) ) ;
#11 = CARTESIAN_POINT ( 'NONE',  ( 24.25571063400974836, -77.30113989785128581, 188.1552036833147952 ) ) ;
#12 = CARTESIAN_POINT ( 'NONE',  ( -35.35580172540905153, 14.30137331156671010, 14.44966888112472780 ) ) ;
#13 = CARTESIAN_POINT ( 'NONE',  ( 0.000000000000000000, -80.63658243139667547, 275.6662446149163088 ) ) ;
#14 = CARTESIAN_POINT ( 'NONE',  ( -2.600022395107888684, 31.67003230040083039, 29.63291989188160258 ) ) ;
#15 = CARTESIAN_POINT ( 'NONE',  ( 149.9999999999999147, -6.535599991194828817, 431.3880769118694616 ) ) ;
#16 = CARTESIAN_POINT ( 'NONE',  ( 56.00732020532700517, -23.56709823840322571, 221.0780510144691107 ) ) ;
#17 = CARTESIAN_POINT ( 'NONE',  ( -150.0000000000003126, 16.71071704159100690, 262.7461542768186291 ) ) ;
#18 = CARTESIAN_POINT ( 'NONE',  ( -2.152184834420973747, -0.9668156101559031157, 529.2511884921991623 ) ) ;
#19 = CARTESIAN_POINT ( 'NONE',  ( 12.51122854236293591, -10.32226976056000467, -55.36644004333045643 ) ) ;
#20 = CARTESIAN_POINT ( 'NONE',  ( -0.000000000000000000, -17.20581252635716396, -65.23445022726340881 ) ) ;
#21 = CARTESIAN_POINT ( 'NONE',  ( -35.75464570625489102, -26.12279998849253460, 499.3688480653194688 ) ) ;
#22 = CARTESIAN_POINT ( 'NONE',  ( 2.839093634137692224, -54.84256232390895747, -25.58394721281601392 ) ) ;
#23 = CARTESIAN_POINT ( 'NONE',  ( 78.63166401870097388, -56.46246000319813163, 169.1774943972003484 ) ) ;
#24 = CARTESIAN_POINT ( 'NONE',  ( -54.88119694695075879, -26.28245621254035314, 14.44966888112440451 ) ) ;
#25 = CARTESIAN_POINT ( 'NONE',  ( 0.000000000000000000, 27.41454302307128188, 14.44966887986461579 ) ) ;
#26 = CARTESIAN_POINT ( 'NONE',  ( -2.828001305842910096, -79.92228623882898830, 298.3012334944434087 ) ) ;
#27 = CARTESIAN_POINT ( 'NONE',  ( -1.878238518609093521, 8.033333812045590605, -35.84821112819088995 ) ) ;
#28 = CARTESIAN_POINT ( 'NONE',  ( -0.7575357057342070322, -53.81234137143071194, 472.5336757564019763 ) ) ;
#29 = CARTESIAN_POINT ( 'NONE',  ( -1.892729089425128297, -54.75207297308220689, -25.62980566208769417 ) ) ;
#30 = CARTESIAN_POINT ( 'NONE',  ( -63.98600082019655133, 32.47793740598321932, 184.0516963749373076 ) ) ;
#31 = CARTESIAN_POINT ( 'NONE',  ( 44.39786251057335420, 6.866053443437972525, 14.44966888112466386 ) ) ;
#32 = CARTESIAN_POINT ( 'NONE',  ( 52.26163914926329568, 6.411420321105841147, 377.3440233945722184 ) ) ;
#33 = CARTESIAN_POINT ( 'NONE',  ( -87.01365821345798679, -20.15278094844066459, 45.51399683359272075 ) ) ;
#34 = CARTESIAN_POINT ( 'NONE',  ( 2.202733399813407100, -34.81920592913746049, 541.2434878110904037 ) ) ;
#35 = CARTESIAN_POINT ( 'NONE',  ( 150.0000000000000000, 15.08964599839784171, 317.3683508197350989 ) ) ;
#36 = CARTESIAN_POINT ( 'NONE',  ( -55.83428759248237583, -24.18254222406895693, 224.9861096921542867 ) ) ;
#37 = CARTESIAN_POINT ( 'NONE',  ( -0.8506686895733360787, -80.72895800008463141, 180.5990884271745927 ) ) ;
#38 = CARTESIAN_POINT ( 'NONE',  ( -1.908728668469319878, -15.75483860262913360, -73.36751801232517778 ) ) ;
#39 = CARTESIAN_POINT ( 'NONE',  ( -14.18973328338475426, 24.00531559805821757, 14.44966888112471359 ) ) ;
#40 = CARTESIAN_POINT ( 'NONE',  ( 0.8074870792879558223, -79.95457627756196928, 298.1204181408027125 ) ) ;
#41 = CARTESIAN_POINT ( 'NONE',  ( -0.9391192593045467607, 7.969336849332791850, -35.88766685587286531 ) ) ;
#42 = CARTESIAN_POINT ( 'NONE',  ( 56.63649881012312193, -16.68379039945391185, 399.6563628744315224 ) ) ;
#43 = B_SPLINE_CURVE_WITH_KNOTS ( 'NONE', 3,
 ( #1751, #746, #1145, #1370, #1966, #2172, #354 ),
 .UNSPECIFIED., .F., .F.,
 ( 4, 1, 1, 1, 4 ),
 ( 0.000000000000000000, 0.002779303768586320784, 0.005558607537172641569, 0.008337911305758963221, 0.01111721505929026688 ),
 .UNSPECIFIED. ) ;
#44 = CARTESIAN_POINT ( 'NONE',  ( -0.9463645447125641486, -54.66158362225544920, -25.67566411135937798 ) ) ;
#45 = CARTESIAN_POINT ( 'NONE',  ( -5.882888988652245743, 42.38580333701526115, 298.7586613606674177 ) ) ;
#46 = CARTESIAN_POINT ( 'NONE',  ( -2.188606651473533393, -7.176475229997554273, 550.0807433445178276 ) ) ;
#47 = CARTESIAN_POINT ( 'NONE',  ( 54.84161755817451933, -10.59110313536448444, 14.44966888112443293 ) ) ;
#48 = CARTESIAN_POINT ( 'NONE',  ( 149.9999999999995453, 8.360301161202400522, 362.6762669712815068 ) ) ;
#49 = CARTESIAN_POINT ( 'NONE',  ( -0.000000000000000000, -14.60151357395186444, -64.22837653661129309 ) ) ;
#50 = CARTESIAN_POINT ( 'NONE',  ( -12.20178374623678863, 24.99215593519244649, 410.8332455709494866 ) ) ;
#51 = B_SPLINE_SURFACE_WITH_KNOTS ( 'NONE', 3, 3, ( 
 ( #1908, #2312, #898, #1532, #1741, #1494, #924 ),
 ( #1297, #2506, #1521, #1922, #2100, #912, #2543 ),
 ( #2148, #508, #332, #2344, #124, #543, #1718 ),
 ( #2518, #715, #307, #1123, #938, #1545, #1933 ),
 ( #135, #2531, #531, #2136, #343, #356, #1147 ),
 ( #2582, #760, #2594, #2198, #784, #774, #1753 ),
 ( #2003, #1570, #171, #1385, #2210, #795, #1187 ),
 ( #1993, #2555, #208, #2356, #403, #1594, #2395 ),
 ( #1359, #591, #2160, #2371, #997, #1768, #8 ),
 ( #2569, #1399, #1803, #567, #2431, #2446, #1614 ),
 ( #2264, #1461, #1262, #231, #450, #1249, #1035 ),
 ( #853, #2221, #1657, #1432, #2038, #2014, #219 ),
 ( #1815, #807, #2052, #424, #2067, #1475, #1445 ) ),
 .UNSPECIFIED., .F., .F., .F.,
 ( 4, 1, 1, 1, 3, 1, 1, 1, 4 ),
 ( 4, 1, 1, 1, 4 ),
 ( 0.4838313425843963622, 0.4857255507892399016, 0.4876197589940833299, 0.4895139671989267582, 0.4914081754037701866, 0.4933275768531390493, 0.4952469783025079120, 0.4971663797518767747, 0.4990857812012456374 ),
 ( 0.000000000000000000, 0.03502224838491098391, 0.09383257832149248523, 0.1938325783214923659, 1.000000000000000000 ),
 .UNSPECIFIED. ) ;
#52 = VERTEX_POINT ( 'NONE', #704 ) ;
#53 = CARTESIAN_POINT ( 'NONE',  ( 1.473236077383621501, -38.13115696081221273, 529.0716302870806658 ) ) ;
#54 = CARTESIAN_POINT ( 'NONE',  ( 1.649437573462356754, 38.88726402745196253, 331.8909477606557630 ) ) ;
#55 = CARTESIAN_POINT ( 'NONE',  ( -28.54115865743538905, -33.16141307421987960, -37.11849018243989207 ) ) ;
#56 = CARTESIAN_POINT ( 'NONE',  ( 3.071087628444628681, -78.89190049977436558, 130.7173053259860467 ) ) ;
#57 = STYLED_ITEM ( 'NONE', ( #1271 ), #1160 ) ;
#58 = CARTESIAN_POINT ( 'NONE',  ( -7.569788835395953116E-11, -2.015148108697058849, -51.69602975127885713 ) ) ;
#59 = CARTESIAN_POINT ( 'NONE',  ( 2.412636987055586157, -76.31645970640427379, 354.8630076338545791 ) ) ;
#60 = CARTESIAN_POINT ( 'NONE',  ( 150.0000000000000000, 9.270087174911674666, 223.2766782676432626 ) ) ;
#61 = CARTESIAN_POINT ( 'NONE',  ( 58.25290755994795688, -17.92878828863025120, 415.0040466466719522 ) ) ;
#62 = CARTESIAN_POINT ( 'NONE',  ( -0.9322004003340135236, -67.42765022565536981, 16.66953119921915061 ) ) ;
#63 = CARTESIAN_POINT ( 'NONE',  ( -44.49566077598581870, 36.56622561671095895, 287.9162384457418966 ) ) ;
#64 = CARTESIAN_POINT ( 'NONE',  ( 150.0000000000000568, 0.2544905633191389405, 409.6453932724846823 ) ) ;
#65 = CARTESIAN_POINT ( 'NONE',  ( 42.28200079349453944, 8.892185847970958790, 14.44966888112463543 ) ) ;
#66 = CARTESIAN_POINT ( 'NONE',  ( 40.64279130071612656, 19.78146202829371347, 391.0697883059202695 ) ) ;
#67 = CARTESIAN_POINT ( 'NONE',  ( -149.9999999999999716, -0.2670827959631797421, 209.5928532734410794 ) ) ;
#68 = CARTESIAN_POINT ( 'NONE',  ( -5.833484303085390010, 40.92873967100756971, 312.9953586469236484 ) ) ;
#69 = CARTESIAN_POINT ( 'NONE',  ( -60.01452371159473387, -16.93389147502358938, 448.8732548501399719 ) ) ;
#70 = CARTESIAN_POINT ( 'NONE',  ( 0.000000000000000000, 40.21921743771114421, 320.0002838484802510 ) ) ;
#71 = CARTESIAN_POINT ( 'NONE',  ( -12.44940628510439140, -48.11425084438231181, -31.82437816889770232 ) ) ;
#72 = CARTESIAN_POINT ( 'NONE',  ( 82.17685131433721324, -52.69576616589431950, 130.2400176839724679 ) ) ;
#73 = CARTESIAN_POINT ( 'NONE',  ( 0.9538432379601403666, -14.88770259644060800, -66.09957415697023464 ) ) ;
#74 = CARTESIAN_POINT ( 'NONE',  ( -51.97108346590037797, -16.32805575324275793, 270.3847718429076963 ) ) ;
#75 = CARTESIAN_POINT ( 'NONE',  ( -0.8834387404823768053, 28.31537238341890372, 17.13475425666132068 ) ) ;
#76 = CARTESIAN_POINT ( 'NONE',  ( 15.10130860555601195, -55.53012359799495812, 452.8377495693000014 ) ) ;
#77 = CARTESIAN_POINT ( 'NONE',  ( 150.0000000000000284, -4.283190627766861880, 217.9416356570694688 ) ) ;
#78 = CARTESIAN_POINT ( 'NONE',  ( 41.18141847074032569, 9.866409487663414524, 14.44966888112463899 ) ) ;
#79 = CARTESIAN_POINT ( 'NONE',  ( 6.363334136993229251, 22.76016894090687614, 428.8992649007137175 ) ) ;
#80 = CARTESIAN_POINT ( 'NONE',  ( -87.00547208924503195, -21.93348333861890609, 46.26781062850074733 ) ) ;
#81 = CARTESIAN_POINT ( 'NONE',  ( -50.11171787444065728, 9.594334424904452874, 362.2731057270540305 ) ) ;
#82 = ORIENTED_EDGE ( 'NONE', *, *, #1121, .F. ) ;
#83 = CARTESIAN_POINT ( 'NONE',  ( 2.221854853165855292, -42.18654335187017068, 514.6338065425522927 ) ) ;
#84 = CARTESIAN_POINT ( 'NONE',  ( 42.82036082025610568, 33.85106947388772625, 320.0000000000000568 ) ) ;
#85 = CARTESIAN_POINT ( 'NONE',  ( 1.406557556210300319, 3.019610311274071535, 514.9300709948294070 ) ) ;
#86 = CARTESIAN_POINT ( 'NONE',  ( -28.48033564810876683, -40.42996154496707106, -28.30966099296104233 ) ) ;
#87 = CARTESIAN_POINT ( 'NONE',  ( 3.207311803213716228, -72.94667201302964088, 54.26810830571599098 ) ) ;
#88 = SURFACE_SIDE_STYLE ('',( #2045 ) ) ;
#89 = CARTESIAN_POINT ( 'NONE',  ( 1.727077787056223279, -80.24395309123235620, 155.7830524132129995 ) ) ;
#90 = CARTESIAN_POINT ( 'NONE',  ( 54.48274488411642125, 13.81017118001468269, 236.9137207598040220 ) ) ;
#91 = CARTESIAN_POINT ( 'NONE',  ( 2.767282711374470683, -69.95155719551215157, 400.7837281905764826 ) ) ;
#92 = CARTESIAN_POINT ( 'NONE',  ( 3.328324782304616480, -45.70254741371168450, -42.44175074588434171 ) ) ;
#93 = CARTESIAN_POINT ( 'NONE',  ( -1.996956094114173741, 10.46350476607578983, 486.5475114404366082 ) ) ;
#94 = CARTESIAN_POINT ( 'NONE',  ( -3.335770872489703276, -10.08423850523609744, -61.08048033209797012 ) ) ;
#95 = CARTESIAN_POINT ( 'NONE',  ( 0.000000000000000000, 20.11671744806442774, 444.2109482500774220 ) ) ;
#96 = CARTESIAN_POINT ( 'NONE',  ( 47.80818120417778516, -42.17237707052039042, 14.44966888112473846 ) ) ;
#97 = CARTESIAN_POINT ( 'NONE',  ( -13.31731313304985065, 38.32335583300963577, 331.1613580124958389 ) ) ;
#98 = CARTESIAN_POINT ( 'NONE',  ( 0.000000000000000000, -53.77145281460710180, 472.5548515520040951 ) ) ;
#99 = CARTESIAN_POINT ( 'NONE',  ( -0.5029842643031070537, 32.03122875688352877, 380.6520867096004395 ) ) ;
#100 = CARTESIAN_POINT ( 'NONE',  ( 149.9999999999997158, -4.914714336245090465, 438.2002728028813863 ) ) ;
#101 = CARTESIAN_POINT ( 'NONE',  ( 0.6201986524214535557, 17.04685725042859801, 458.4078278594934659 ) ) ;
#102 = CARTESIAN_POINT ( 'NONE',  ( 2.857486613814678833, -36.72815482604211468, -54.59134037008404761 ) ) ;
#103 = CARTESIAN_POINT ( 'NONE',  ( 81.39791087799768832, -53.74601251975116156, 139.2012258197769370 ) ) ;
#104 = CARTESIAN_POINT ( 'NONE',  ( 2.856219491863008830, -8.493023692875212305, -59.56494007984454697 ) ) ;
#105 = CARTESIAN_POINT ( 'NONE',  ( -70.93311456210265931, -60.35109498307495102, 254.3992715977106513 ) ) ;
#106 = CARTESIAN_POINT ( 'NONE',  ( 63.98600082019655133, 32.47793740598321932, 184.0516963749373076 ) ) ;
#107 = CARTESIAN_POINT ( 'NONE',  ( 22.02023117920207085, -74.70289784985359915, 352.5007133517669899 ) ) ;
#108 = CARTESIAN_POINT ( 'NONE',  ( -0.9491780843010453328, -49.17806473323484084, -36.93391071613414312 ) ) ;
#109 = CARTESIAN_POINT ( 'NONE',  ( 54.88119694695075879, -26.28245621254035314, 14.44966888112440451 ) ) ;
#110 = CARTESIAN_POINT ( 'NONE',  ( 1.234885154319283594E-09, -30.77197187330613914, -60.39066745389663993 ) ) ;
#111 = CARTESIAN_POINT ( 'NONE',  ( 0.000000000000000000, 32.02960972858872424, 380.5868600663628740 ) ) ;
#112 = CARTESIAN_POINT ( 'NONE',  ( -11.89296304348726885, -44.16060420333716507, 493.8727832689493766 ) ) ;
#113 = CARTESIAN_POINT ( 'NONE',  ( 2.562172481296778770, -9.718372356699223502, 557.8072730852924224 ) ) ;
#114 = CARTESIAN_POINT ( 'NONE',  ( -54.57948805689258620, 2.996616612384304545, 392.2234430773698364 ) ) ;
#115 = CARTESIAN_POINT ( 'NONE',  ( -56.40443265451214216, -18.27286377055314404, 206.8078958798442955 ) ) ;
#116 = CARTESIAN_POINT ( 'NONE',  ( 0.000000000000000000, 1.530671358679228655, -46.61894072316960802 ) ) ;
#117 = CARTESIAN_POINT ( 'NONE',  ( 0.8768961931546858102, -79.29233118170454020, 130.7114928384509369 ) ) ;
#118 = CARTESIAN_POINT ( 'NONE',  ( 19.23958081385339014, 44.36215661290071921, 164.4211870057072531 ) ) ;
#119 = CARTESIAN_POINT ( 'NONE',  ( -2.419201547309754119, -78.08707853442753333, 332.1141236720588950 ) ) ;
#120 = CARTESIAN_POINT ( 'NONE',  ( 86.81703373585409622, -30.81918751348552377, 55.56389319650747183 ) ) ;
#121 = CARTESIAN_POINT ( 'NONE',  ( 87.16474666623552991, -18.22885969961632213, 41.61352295269925605 ) ) ;
#122 = CARTESIAN_POINT ( 'NONE',  ( -12.51825274770555119, -12.43080600465315655, -57.10933880254535211 ) ) ;
#123 = CARTESIAN_POINT ( 'NONE',  ( -75.08352271041381698, 23.83992530242385399, 133.1794009662679912 ) ) ;
#124 = CARTESIAN_POINT ( 'NONE',  ( 86.99193108400064034, -23.54241203616234301, 47.32158006473023448 ) ) ;
#125 = CARTESIAN_POINT ( 'NONE',  ( 0.6656520313713912840, 10.37720417455050104, 486.6216067975119017 ) ) ;
#126 = CARTESIAN_POINT ( 'NONE',  ( -150.0000000000000284, -2.294455591839802189, 211.4909051585674149 ) ) ;
#127 = CARTESIAN_POINT ( 'NONE',  ( -150.0000000000000284, 3.089374213535638791, 211.7316696794227653 ) ) ;
#128 = CARTESIAN_POINT ( 'NONE',  ( -10.94802051588691683, -78.97284269736714180, 158.3771493138501398 ) ) ;
#129 = CARTESIAN_POINT ( 'NONE',  ( 2.972288463451770113, 33.79696142559792804, 41.75401259452486613 ) ) ;
#130 = CARTESIAN_POINT ( 'NONE',  ( 0.000000000000000000, -76.33378233341784380, 354.6876482584478367 ) ) ;
#131 = CARTESIAN_POINT ( 'NONE',  ( -2.857486613814678833, -36.72815482604211468, -54.59134037008404761 ) ) ;
#132 = CARTESIAN_POINT ( 'NONE',  ( 55.96974745957417952, -17.77714074604126893, 14.44966888112474379 ) ) ;
#133 = CARTESIAN_POINT ( 'NONE',  ( 5.979419974559043283, -65.77970846949446582, 14.44966888112467629 ) ) ;
#134 = CARTESIAN_POINT ( 'NONE',  ( -77.40947463289504071, 21.01930611802427151, 121.3389839466043583 ) ) ;
#135 = CARTESIAN_POINT ( 'NONE',  ( 0.000000000000000000, -22.77222739922079597, -65.24110187591051613 ) ) ;
#136 = CARTESIAN_POINT ( 'NONE',  ( -37.43434600815625402, 3.497723437920143397, 446.0507749091595429 ) ) ;
#137 = CARTESIAN_POINT ( 'NONE',  ( -28.56010164792775896, -29.08120341104138618, -41.03926139230429726 ) ) ;
#138 = CARTESIAN_POINT ( 'NONE',  ( -12.49172242615647477, -6.277043314077721980, -50.97366954480303747 ) ) ;
#139 = CARTESIAN_POINT ( 'NONE',  ( -149.9999999999994316, -6.723485626346573873, 244.2055216643992424 ) ) ;
#140 = CARTESIAN_POINT ( 'NONE',  ( -1.730417408365614973, 47.76473948255436142, 204.8872388650783591 ) ) ;
#141 = CARTESIAN_POINT ( 'NONE',  ( 0.000000000000000000, -73.16061194626165332, 380.8795086327757531 ) ) ;
#142 = CARTESIAN_POINT ( 'NONE',  ( -2.859146521806829266, -32.38448785604758484, -58.99230107827396097 ) ) ;
#143 = CARTESIAN_POINT ( 'NONE',  ( 0.000000000000000000, -73.16061194626165332, 380.8795086327757531 ) ) ;
#144 = CARTESIAN_POINT ( 'NONE',  ( 0.000000000000000000, 27.41454302307128188, 14.44966887986461579 ) ) ;
#145 = CARTESIAN_POINT ( 'NONE',  ( 1.513739695080576819, -66.61468932441512436, 14.44966888112438497 ) ) ;
#146 = CARTESIAN_POINT ( 'NONE',  ( -55.69582423788891390, 7.770729441803534421, 222.6473521244176652 ) ) ;
#147 = CARTESIAN_POINT ( 'NONE',  ( -1.056736817095856207, 28.61635723899053474, 400.7706135039534843 ) ) ;
#148 = CARTESIAN_POINT ( 'NONE',  ( -9.623729406347049320, -10.66680710752643968, 548.6596272280612538 ) ) ;
#149 = CARTESIAN_POINT ( 'NONE',  ( 1.906493783012908727, -30.05065745377266850, -61.04339402987933738 ) ) ;
#150 = CARTESIAN_POINT ( 'NONE',  ( -86.91359524864041930, -11.34795942607654595, 48.66319268689352384 ) ) ;
#151 = CARTESIAN_POINT ( 'NONE',  ( 1.854175965119264857, -69.90848547803236102, 29.26559164781730971 ) ) ;
#152 = CARTESIAN_POINT ( 'NONE',  ( -1.536255518351238303, 46.03229346627335872, 252.4759691116221347 ) ) ;
#153 = CARTESIAN_POINT ( 'NONE',  ( 22.39812758097246714, -77.30628769354220253, 313.2792460946564574 ) ) ;
#154 = CARTESIAN_POINT ( 'NONE',  ( 0.000000000000000000, -30.77197187328679817, -60.39066745389265378 ) ) ;
#155 = CARTESIAN_POINT ( 'NONE',  ( -15.10130860555601195, -55.53012359799495812, 452.8377495693000014 ) ) ;
#156 = CARTESIAN_POINT ( 'NONE',  ( 56.38420455136408549, -2.341849795747153795, 206.2968260904183353 ) ) ;
#157 = CARTESIAN_POINT ( 'NONE',  ( 7.205179228488658438, -29.92782287491368010, 556.6135806630627485 ) ) ;
#158 = CARTESIAN_POINT ( 'NONE',  ( -11.95892245156395362, 19.47318974129438018, -2.636757449170115120 ) ) ;
#159 = CARTESIAN_POINT ( 'NONE',  ( -7.162406742956792804, -5.196939195804247902, 540.7780944250159791 ) ) ;
#160 = CARTESIAN_POINT ( 'NONE',  ( -56.44879077405048662, -15.86144759867543641, 203.3231423214623135 ) ) ;
#161 = CARTESIAN_POINT ( 'NONE',  ( 0.000000000000000000, 16.05780648225944418, -18.97418335886999685 ) ) ;
#162 = CARTESIAN_POINT ( 'NONE',  ( 0.000000000000000000, -69.67755639141779511, 29.14466003684853135 ) ) ;
#163 = CARTESIAN_POINT ( 'NONE',  ( 50.87203371489453474, 19.93273469430910438, 264.0063586441475536 ) ) ;
#164 = CARTESIAN_POINT ( 'NONE',  ( 10.32451202925036782, -80.43253277395770340, 230.8430312159430002 ) ) ;
#165 = CARTESIAN_POINT ( 'NONE',  ( 3.338272447385525865, -30.67582579317320324, -60.41944949853158420 ) ) ;
#166 = CARTESIAN_POINT ( 'NONE',  ( -54.03177036804877531, -29.21987138177417265, 14.44966888112468695 ) ) ;
#167 = CARTESIAN_POINT ( 'NONE',  ( 0.7973366759653679470, -73.16103014370648339, 380.9457871429849547 ) ) ;
#168 = CARTESIAN_POINT ( 'NONE',  ( 0.000000000000000000, -2.015148108693687767, -51.69602975127715183 ) ) ;
#169 = CARTESIAN_POINT ( 'NONE',  ( 2.565700283142039684, -30.22338688482442137, 557.7909106798223320 ) ) ;
#170 = CARTESIAN_POINT ( 'NONE',  ( 0.000000000000000000, 31.36851352753711808, 29.45516409742108621 ) ) ;
#171 = CARTESIAN_POINT ( 'NONE',  ( 12.52666076809941309, -20.01218085035729644, -59.76218313637727420 ) ) ;
#172 = CARTESIAN_POINT ( 'NONE',  ( -7.193853010854474483, -10.41107745454391420, 557.8597997808570881 ) ) ;
#173 = CARTESIAN_POINT ( 'NONE',  ( 0.000000000000000000, -20.52161488527648103, -69.24845940768555863 ) ) ;
#174 = CARTESIAN_POINT ( 'NONE',  ( -150.0000000000000853, 8.243839277673602695, 220.6305941379857245 ) ) ;
#175 = CARTESIAN_POINT ( 'NONE',  ( 0.9322004003340135236, -67.42765022565536981, 16.66953119921915061 ) ) ;
#176 = CARTESIAN_POINT ( 'NONE',  ( 2.020103609511816778, 47.45192383060642527, 205.2836370420775722 ) ) ;
#177 = PRODUCT ( 'NOSE SOLID', 'NOSE SOLID', '', ( #1834 ) ) ;
#178 = CARTESIAN_POINT ( 'NONE',  ( -2.483921725835751992, -81.22834115104863884, 228.8868822765744540 ) ) ;
#179 = CARTESIAN_POINT ( 'NONE',  ( -1.906372435428097756, -30.82687758868057060, -60.37423101935961256 ) ) ;
#180 = CARTESIAN_POINT ( 'NONE',  ( -55.21610821223853094, -24.99820234058821455, 14.44966888112476333 ) ) ;
#181 = CARTESIAN_POINT ( 'NONE',  ( 0.7709161526137604525, -61.01826858222138839, 444.4493698210324624 ) ) ;
#182 = CARTESIAN_POINT ( 'NONE',  ( 3.323413742140344684, -2.163148135800812888, -51.77104861990689955 ) ) ;
#183 = CARTESIAN_POINT ( 'NONE',  ( 60.01452371159473387, -16.93389147502358938, 448.8732548501399719 ) ) ;
#184 = CARTESIAN_POINT ( 'NONE',  ( -2.613339197210340359, 43.38578146962264270, 105.1797038346670092 ) ) ;
#185 = UNCERTAINTY_MEASURE_WITH_UNIT (LENGTH_MEASURE( 1.000000000000000082E-05 ), #1439, 'distance_accuracy_value', 'NONE');
#186 = CARTESIAN_POINT ( 'NONE',  ( -149.9999999999995168, -1.113709569569687474, 417.4376239672698148 ) ) ;
#187 = CARTESIAN_POINT ( 'NONE',  ( -28.56010164792775896, -29.08120341104138618, -41.03926139230429726 ) ) ;
#188 = CARTESIAN_POINT ( 'NONE',  ( 1.825295035117260989, 20.79892886237578864, -7.076416356319450429 ) ) ;
#189 = CARTESIAN_POINT ( 'NONE',  ( -149.9999999999994316, -6.407426975505440936, 237.6716614965829990 ) ) ;
#190 = CARTESIAN_POINT ( 'NONE',  ( -1.083397896708238717, 47.10800371953739329, 228.9848588130912788 ) ) ;
#191 = CARTESIAN_POINT ( 'NONE',  ( 68.88542733032485899, -60.77263504150752738, 287.9158440061798387 ) ) ;
#192 = CARTESIAN_POINT ( 'NONE',  ( -0.000000000000000000, -20.52161488527648103, -69.24845940768555863 ) ) ;
#193 = CARTESIAN_POINT ( 'NONE',  ( -53.03251292158711294, -32.09285174175807498, 14.44966888112468695 ) ) ;
#194 = CARTESIAN_POINT ( 'NONE',  ( -54.82882884360199682, -14.87430972738671997, 384.7481285025984334 ) ) ;
#195 = CARTESIAN_POINT ( 'NONE',  ( 0.000000000000000000, 1.530671358679228655, -46.61894072316960802 ) ) ;
#196 = CARTESIAN_POINT ( 'NONE',  ( 59.78309576887109955, -17.92246368216270014, 438.3755243692378372 ) ) ;
#197 = CARTESIAN_POINT ( 'NONE',  ( -50.07172804542855005, 20.26724883329845284, 270.0327580235693290 ) ) ;
#198 = CARTESIAN_POINT ( 'NONE',  ( 60.00892403416684573, -10.87759879526569584, 448.8723920580213189 ) ) ;
#199 = CARTESIAN_POINT ( 'NONE',  ( 2.177296947288516193, -4.542331835814525043, 541.4227397640479467 ) ) ;
#200 = CARTESIAN_POINT ( 'NONE',  ( -56.00732020532700517, -23.56709823840322571, 221.0780510144691107 ) ) ;
#201 = CARTESIAN_POINT ( 'NONE',  ( -1.612801031539836227, -79.24092566604674914, 312.7536469652993105 ) ) ;
#202 = CARTESIAN_POINT ( 'NONE',  ( -55.58475977844290128, -23.05170393901121884, 14.44966888112469938 ) ) ;
#203 = CARTESIAN_POINT ( 'NONE',  ( -10.16616014304456250, -80.45448556206687840, 254.0478625309324343 ) ) ;
#204 = CARTESIAN_POINT ( 'NONE',  ( 56.44355950920334664, -5.401506154520962610, 202.8927154750770683 ) ) ;
#205 = CARTESIAN_POINT ( 'NONE',  ( -0.7331742326415640054, -32.38625070294835240, 550.0655850862726766 ) ) ;
#206 = CARTESIAN_POINT ( 'NONE',  ( 84.77794262105415157, -46.98596791776946446, 96.39013901449662569 ) ) ;
#207 = CARTESIAN_POINT ( 'NONE',  ( -71.97024598150451880, 26.91823370465814236, 148.0993287817699979 ) ) ;
#208 = CARTESIAN_POINT ( 'NONE',  ( 12.52666076809941309, -19.10255005422854779, -59.76120871818613978 ) ) ;
#209 = CARTESIAN_POINT ( 'NONE',  ( 0.000000000000000000, -30.33587353385017593, 557.6710142431003305 ) ) ;
#210 = CARTESIAN_POINT ( 'NONE',  ( -27.84093464897784997, -61.08184798624968437, 22.23079528764089829 ) ) ;
#211 = CARTESIAN_POINT ( 'NONE',  ( 3.186004677621232517, -74.37526152866328744, 67.01011564915260976 ) ) ;
#212 = CARTESIAN_POINT ( 'NONE',  ( -40.61789724256565393, 10.34353805447633867, 14.44966888112466386 ) ) ;
#213 = CARTESIAN_POINT ( 'NONE',  ( -22.39812758097246714, -77.30628769354220253, 313.2792460946564574 ) ) ;
#214 = CARTESIAN_POINT ( 'NONE',  ( 11.76711777406544357, 23.42470861069366350, 9.197752124484701142 ) ) ;
#215 = CARTESIAN_POINT ( 'NONE',  ( 10.34680381817460670, -36.47895930641133333, 521.4819957935527555 ) ) ;
#216 = CARTESIAN_POINT ( 'NONE',  ( 28.12822759976202391, -55.61360719528205010, 3.146402326122425652 ) ) ;
#217 = CARTESIAN_POINT ( 'NONE',  ( 2.238582030903766729, 43.98938502743245493, 105.2905442681973369 ) ) ;
#218 = CARTESIAN_POINT ( 'NONE',  ( 59.30832987030501613, -6.507826170023203183, 431.3161633550269016 ) ) ;
#219 = CARTESIAN_POINT ( 'NONE',  ( 150.0000000000000284, 2.485015351387261706, 211.1371893023873270 ) ) ;
#220 = CARTESIAN_POINT ( 'NONE',  ( -7.202946821010514533, -29.60372527954621091, 557.8596853781666596 ) ) ;
#221 = CARTESIAN_POINT ( 'NONE',  ( 2.823125890306793284, -61.34099171571923392, -7.807939152224809831 ) ) ;
#222 = CARTESIAN_POINT ( 'NONE',  ( 0.000000000000000000, -78.12119533636627011, 109.5971667831047540 ) ) ;
#223 = ADVANCED_FACE ( 'NONE', ( #1311 ), #51, .T. ) ;
#224 = CARTESIAN_POINT ( 'NONE',  ( -28.66915185648158726, -24.29590384187719465, -55.07514469556929271 ) ) ;
#225 = CARTESIAN_POINT ( 'NONE',  ( 0.000000000000000000, -79.94740425930625349, 298.1605794743937849 ) ) ;
#226 = CARTESIAN_POINT ( 'NONE',  ( 11.95892245156395362, 19.47318974129438018, -2.636757449170115120 ) ) ;
#227 = CARTESIAN_POINT ( 'NONE',  ( 2.611157212676109562, -45.84944482737921589, 500.7944990208144986 ) ) ;
#228 = CARTESIAN_POINT ( 'NONE',  ( 149.9999999999997442, -5.490932798144390503, 226.1862272007494425 ) ) ;
#229 = CARTESIAN_POINT ( 'NONE',  ( 0.5416989483541193584, 47.07227379654968757, 229.0552716760062992 ) ) ;
#230 = CARTESIAN_POINT ( 'NONE',  ( 149.9999999999992042, -3.609269300846623008, 431.4188600312683661 ) ) ;
#231 = CARTESIAN_POINT ( 'NONE',  ( 28.55511034442067597, -12.68875103184912767, -42.68989867672595295 ) ) ;
#232 = CARTESIAN_POINT ( 'NONE',  ( -1.145115487848116009, 23.11885975406494254, 429.9532895041899678 ) ) ;
#233 = CARTESIAN_POINT ( 'NONE',  ( -0.000000000000000000, -20.92609084089645677, -65.55068789015383857 ) ) ;
#234 = ORIENTED_EDGE ( 'NONE', *, *, #390, .T. ) ;
#235 = CARTESIAN_POINT ( 'NONE',  ( -59.92768210513554550, -17.48403991496985910, 443.5587034323733633 ) ) ;
#236 = CARTESIAN_POINT ( 'NONE',  ( 1.889462263423227650, -57.12426579782562186, -19.79649871831375663 ) ) ;
#237 = CARTESIAN_POINT ( 'NONE',  ( -0.9034000945807361127, -76.07609749279302491, 79.94712834674454882 ) ) ;
#238 = CARTESIAN_POINT ( 'NONE',  ( 0.000000000000000000, -29.99999999999976552, -61.05776287854514095 ) ) ;
#239 =( NAMED_UNIT ( * ) PLANE_ANGLE_UNIT ( ) SI_UNIT ( $, .RADIAN. ) );
#240 = CARTESIAN_POINT ( 'NONE',  ( -2.824195916101439163, -78.11084760723777265, 331.9476539022069801 ) ) ;
#241 = CARTESIAN_POINT ( 'NONE',  ( 12.12700268568815254, 15.00943372669715004, -14.20656591047415240 ) ) ;
#242 = CARTESIAN_POINT ( 'NONE',  ( -2.272607117202621207, -53.89411848507793223, 472.4913241651977387 ) ) ;
#243 = CARTESIAN_POINT ( 'NONE',  ( 27.96221361888613899, -59.06693952915642853, 14.51943641524771422 ) ) ;
#244 = CARTESIAN_POINT ( 'NONE',  ( 1.024170345567492202, 46.00818778601377090, 252.5475023864288744 ) ) ;
#245 = CARTESIAN_POINT ( 'NONE',  ( -1.434789889613982350, -1.011398729720650369, 529.3086085165732584 ) ) ;
#246 = CARTESIAN_POINT ( 'NONE',  ( 19.69281385658413086, 22.03919285582231424, 14.44966888112474201 ) ) ;
#247 = CARTESIAN_POINT ( 'NONE',  ( -3.339502511863754908, -17.22908976308067608, -65.23518566034969979 ) ) ;
#248 = CARTESIAN_POINT ( 'NONE',  ( -9.936891661188814950, -33.33549716207983238, 533.1774082778099455 ) ) ;
#249 = CARTESIAN_POINT ( 'NONE',  ( -0.4709684984625378545, 38.87613762590805067, 332.0055123804244204 ) ) ;
#250 = CARTESIAN_POINT ( 'NONE',  ( -149.9999999999999147, -5.299783245063093950, 224.5389727448275607 ) ) ;
#251 = CARTESIAN_POINT ( 'NONE',  ( 3.024307361917272452, -79.82273811651575102, 155.9108010578076176 ) ) ;
#252 = CARTESIAN_POINT ( 'NONE',  ( 0.8189415015716532409, -81.02814259621570159, 252.5640216245713532 ) ) ;
#253 = CARTESIAN_POINT ( 'NONE',  ( -2.737942552675891594, 20.88679572981984478, -7.018861411523644733 ) ) ;
#254 = CARTESIAN_POINT ( 'NONE',  ( -1.491141964375481299, -46.11098264986172524, 500.5213350728506612 ) ) ;
#255 = CARTESIAN_POINT ( 'NONE',  ( 12.30676766400387301, -59.67607458661261433, -3.399091535827473365 ) ) ;
#256 = CARTESIAN_POINT ( 'NONE',  ( -14.61713605283470763, 44.60612277303756201, 256.7277770913618156 ) ) ;
#257 = CARTESIAN_POINT ( 'NONE',  ( -1.406557556210300319, 3.019610311274071535, 514.9300709948294070 ) ) ;
#258 = CARTESIAN_POINT ( 'NONE',  ( -12.52073868771997489, -29.68526867936187941, -55.37486511332178907 ) ) ;
#259 = CARTESIAN_POINT ( 'NONE',  ( -1.649037557037112522, 25.94552207819153722, 415.5304132493203042 ) ) ;
#260 = CARTESIAN_POINT ( 'NONE',  ( -56.46880299837427231, -13.23318156593306938, 200.6018588368896474 ) ) ;
#261 = EDGE_CURVE ( 'NONE', #644, #1674, #1353, .T. ) ;
#262 = CARTESIAN_POINT ( 'NONE',  ( -150.0000000000000000, 15.08964599839784171, 317.3683508197350989 ) ) ;
#263 = CARTESIAN_POINT ( 'NONE',  ( -149.9999999999999147, -6.535599991194828817, 431.3880769118694616 ) ) ;
#264 = CARTESIAN_POINT ( 'NONE',  ( 5.833484303085390010, 40.92873967100756971, 312.9953586469236484 ) ) ;
#265 = B_SPLINE_CURVE_WITH_KNOTS ( 'NONE', 3,
 ( #1372, #580, #2175, #1584, #2420, #2027, #2223 ),
 .UNSPECIFIED., .F., .F.,
 ( 4, 1, 1, 1, 4 ),
 ( 0.000000000000000000, 0.03502224838491098391, 0.09383257832149248523, 0.1938325783214923659, 0.2879650538273584859 ),
 .UNSPECIFIED. ) ;
#266 = CARTESIAN_POINT ( 'NONE',  ( -0.000000000000000000, -36.59772115991504648, -54.64059975019979021 ) ) ;
#267 = CARTESIAN_POINT ( 'NONE',  ( -2.729126333585619069, -75.10286132910425749, 67.31193685844881713 ) ) ;
#268 = PRODUCT_DEFINITION_FORMATION_WITH_SPECIFIED_SOURCE ( 'ANY', '', #177, .NOT_KNOWN. ) ;
#269 = CARTESIAN_POINT ( 'NONE',  ( -87.16474666623552991, -18.22885969961632213, 41.61352295269925605 ) ) ;
#270 = CARTESIAN_POINT ( 'NONE',  ( 1.776206236834663610, -78.31755167793222938, 109.6304450440708109 ) ) ;
#271 = CARTESIAN_POINT ( 'NONE',  ( 27.66326358064004864, 13.52599411192533374, -1.587463340206875628 ) ) ;
#272 = CARTESIAN_POINT ( 'NONE',  ( 11.89296304348726885, -44.16060420333716507, 493.8727832689493766 ) ) ;
#273 = CARTESIAN_POINT ( 'NONE',  ( 12.46987870681236998, -45.06482743648748368, -37.07213124908908952 ) ) ;
#274 = CARTESIAN_POINT ( 'NONE',  ( -48.09887603462018291, 19.47765558591667556, 290.8986780379959782 ) ) ;
#275 = CARTESIAN_POINT ( 'NONE',  ( 9.652764452307431853, -8.494098938562002488, 541.5631860185608275 ) ) ;
#276 = CARTESIAN_POINT ( 'NONE',  ( 43.83787817626068062, -10.85535593286895306, -17.51646627122327970 ) ) ;
#277 = CARTESIAN_POINT ( 'NONE',  ( -150.0000000000000000, -2.188643987900662502, 211.2524680516167450 ) ) ;
#278 = CARTESIAN_POINT ( 'NONE',  ( 1.412905495387613675, 38.87119500223062829, 332.0564048275492723 ) ) ;
#279 = ORIENTED_EDGE ( 'NONE', *, *, #415, .F. ) ;
#280 = CARTESIAN_POINT ( 'NONE',  ( -39.22010252358283822, -33.35922102423977265, 468.0098017817155096 ) ) ;
#281 = CARTESIAN_POINT ( 'NONE',  ( 47.69512756224418126, 13.92142524552201266, 338.3749908464645841 ) ) ;
#282 = CARTESIAN_POINT ( 'NONE',  ( 0.9513459831525490351, -42.52994546482634775, -47.45402240099046764 ) ) ;
#283 = CARTESIAN_POINT ( 'NONE',  ( 11.96595949943099590, -70.14009634802859239, 45.55833029800994183 ) ) ;
#284 = CARTESIAN_POINT ( 'NONE',  ( -11.40571843796385743, 24.87517100001944215, 14.44966888112472247 ) ) ;
#285 = CARTESIAN_POINT ( 'NONE',  ( -149.9999999999993179, -7.133789687153621273, 258.3651265951627352 ) ) ;
#286 = CARTESIAN_POINT ( 'NONE',  ( 10.71961130750829305, 36.07779793481478237, 62.31912070581579144 ) ) ;
#287 = CARTESIAN_POINT ( 'NONE',  ( 2.816532394109467319, -76.35400491161610148, 354.4829322717106379 ) ) ;
#288 = CARTESIAN_POINT ( 'NONE',  ( 3.335853531519196835, -36.44545181815315260, -54.69810555838980548 ) ) ;
#289 = CARTESIAN_POINT ( 'NONE',  ( 55.18588899351941279, -11.87273166572965799, 14.44966888112469050 ) ) ;
#290 = CARTESIAN_POINT ( 'NONE',  ( -12.52666076809941309, -20.01218085035729644, -59.76218313637727420 ) ) ;
#291 = CARTESIAN_POINT ( 'NONE',  ( -13.31731313304985065, 40.34142002891250200, 313.2908567742186392 ) ) ;
#292 = ORIENTED_EDGE ( 'NONE', *, *, #2520, .T. ) ;
#293 = CARTESIAN_POINT ( 'NONE',  ( -41.39979509085041087, -36.12088789856248638, 456.9383330152745657 ) ) ;
#294 = CARTESIAN_POINT ( 'NONE',  ( 42.60652105880237173, 30.35201058883452419, 345.2738653162223272 ) ) ;
#295 = CARTESIAN_POINT ( 'NONE',  ( 2.562910308763635570, -10.10991166068970415, 559.0556826788819080 ) ) ;
#296 = CARTESIAN_POINT ( 'NONE',  ( -6.848877587165034697, 9.753616543240035242, 486.0167545655663162 ) ) ;
#297 = CARTESIAN_POINT ( 'NONE',  ( -86.28112506623055822, -38.72477185917909281, 69.89167966729576165 ) ) ;
#298 = CARTESIAN_POINT ( 'NONE',  ( -2.764806697422658388, -72.01390314074902221, 41.94045750065849631 ) ) ;
#299 = CARTESIAN_POINT ( 'NONE',  ( 1.897887140548182083, -1.930630389853631890, -51.65318905880917555 ) ) ;
#300 = CARTESIAN_POINT ( 'NONE',  ( 2.690748364440484597, -77.29598951330140721, 92.73102917106099596 ) ) ;
#301 = CARTESIAN_POINT ( 'NONE',  ( 23.38038312808035002, 37.38833027712956891, 92.04395209074077400 ) ) ;
#302 = CARTESIAN_POINT ( 'NONE',  ( 2.723464886104488336, -64.19380600909410362, 430.0700492061511113 ) ) ;
#303 = CARTESIAN_POINT ( 'NONE',  ( 150.0000000000001421, -4.846990274006465427, 221.2411216896815631 ) ) ;
#304 = CARTESIAN_POINT ( 'NONE',  ( 150.0000000000000284, -1.592874936842195055, 207.1259537470125736 ) ) ;
#305 = CARTESIAN_POINT ( 'NONE',  ( -28.53909880752624773, -10.68040278824253164, -41.02084576645206937 ) ) ;
#306 = CARTESIAN_POINT ( 'NONE',  ( 0.4709684984625378545, 40.21920836791927201, 320.0003648965263210 ) ) ;
#307 = CARTESIAN_POINT ( 'NONE',  ( 12.52528841461508868, -25.23074271479542574, -58.47951133421699410 ) ) ;
#308 = CARTESIAN_POINT ( 'NONE',  ( 1.481236568777236862, -42.13869903188885502, 514.6909142575296983 ) ) ;
#309 = CARTESIAN_POINT ( 'NONE',  ( 150.0000000000002558, -4.444873476189596495, 435.7468521578524019 ) ) ;
#310 = CARTESIAN_POINT ( 'NONE',  ( -2.172075125309121724, 16.89621306203804707, 458.4249543244469578 ) ) ;
#311 = CARTESIAN_POINT ( 'NONE',  ( -12.50756631249310225, -36.04793490115954313, -49.10606591531024634 ) ) ;
#312 = CARTESIAN_POINT ( 'NONE',  ( -86.87707805841237985, -10.34748271511437778, 49.68820832564044565 ) ) ;
#313 = CARTESIAN_POINT ( 'NONE',  ( 2.552006068720008347, -80.85610238030307073, 180.5122971841198876 ) ) ;
#314 = CARTESIAN_POINT ( 'NONE',  ( -1.578577519813644470, 40.94661473732806911, 79.90822356737034227 ) ) ;
#315 = CARTESIAN_POINT ( 'NONE',  ( 19.59167706095279371, -68.25055659405147424, 396.8613883427952373 ) ) ;
#316 = EDGE_CURVE ( 'NONE', #52, #2449, #2298, .T. ) ;
#317 = CARTESIAN_POINT ( 'NONE',  ( 28.50923218300606976, -37.54719853468355240, -32.12185245721998683 ) ) ;
#318 = CARTESIAN_POINT ( 'NONE',  ( 2.172075125309121724, 16.89621306203804707, 458.4249543244469578 ) ) ;
#319 = CARTESIAN_POINT ( 'NONE',  ( -1.913171683458406047, -24.72062763175912892, -76.21716178040844625 ) ) ;
#320 = CARTESIAN_POINT ( 'NONE',  ( -0.000000000000000000, -10.00000000000000000, -61.05776287854492068 ) ) ;
#321 = CARTESIAN_POINT ( 'NONE',  ( 1.646572234496929799, 37.62464340957060926, 58.81954004802969393 ) ) ;
#322 = CARTESIAN_POINT ( 'NONE',  ( -6.733608421923275245, 13.22468183324905233, 471.8275841911045632 ) ) ;
#323 = CARTESIAN_POINT ( 'NONE',  ( -28.33359194811204773, -49.08639247701021446, -13.24810172851660539 ) ) ;
#324 = CARTESIAN_POINT ( 'NONE',  ( -12.53024648189237311, -15.07893345480093927, -60.27095919175482663 ) ) ;
#325 = CARTESIAN_POINT ( 'NONE',  ( -51.44681795844569905, -14.60335715577652849, 276.6922548152192007 ) ) ;
#326 = CARTESIAN_POINT ( 'NONE',  ( -0.7892887599068222348, 40.84728336498595525, 79.87203680722943488 ) ) ;
#327 = CARTESIAN_POINT ( 'NONE',  ( 64.18198422149610849, -56.45772896838160904, 364.8665635013861674 ) ) ;
#328 = CARTESIAN_POINT ( 'NONE',  ( -2.854037949457646661, -42.64874825957215165, -47.40312731307731298 ) ) ;
#329 = CARTESIAN_POINT ( 'NONE',  ( 0.000000000000000000, -10.00000000000000000, -61.05776287854492068 ) ) ;
#330 = CARTESIAN_POINT ( 'NONE',  ( -12.51377613092571472, -10.98924399065476898, -55.99315137212323634 ) ) ;
#331 = CARTESIAN_POINT ( 'NONE',  ( -25.82676969938875899, 28.08943016872629528, 44.17302050310121331 ) ) ;
#332 = CARTESIAN_POINT ( 'NONE',  ( 12.52343425448173164, -27.58901858298424870, -57.12045228110612527 ) ) ;
#333 = CARTESIAN_POINT ( 'NONE',  ( -6.363334136993229251, 22.76016894090687614, 428.8992649007137175 ) ) ;
#334 = CARTESIAN_POINT ( 'NONE',  ( -56.43770889582800976, -16.63380663107501078, 204.3598371959161284 ) ) ;
#335 = CARTESIAN_POINT ( 'NONE',  ( -0.000000000000000000, -5.832248506198543403, -56.54747634531298672 ) ) ;
#336 = CARTESIAN_POINT ( 'NONE',  ( -11.64684823091062427, -74.50050220641119836, 83.22699558302605283 ) ) ;
#337 = CARTESIAN_POINT ( 'NONE',  ( -1.646572234496929799, 37.62464340957060926, 58.81954004802969393 ) ) ;
#338 = CARTESIAN_POINT ( 'NONE',  ( 2.746151463431661721, -67.22781300615389455, 415.5570418069771677 ) ) ;
#339 = CARTESIAN_POINT ( 'NONE',  ( 56.49003446161335518, -11.57972456495364000, 198.1296599150639679 ) ) ;
#340 = CARTESIAN_POINT ( 'NONE',  ( 56.52914563521074598, -13.16024702830548954, 195.5971044673015626 ) ) ;
#341 = CARTESIAN_POINT ( 'NONE',  ( 54.84161755817451933, -10.59110313536448444, 14.44966888112443293 ) ) ;
#342 = CARTESIAN_POINT ( 'NONE',  ( 0.7892887599068222348, 40.84728336498595525, 79.87203680722943488 ) ) ;
#343 = CARTESIAN_POINT ( 'NONE',  ( 87.01365821345798679, -20.15278094844066459, 45.51399683359272075 ) ) ;
#344 = EDGE_CURVE ( 'NONE', #1674, #2477, #1102, .T. ) ;
#345 = CARTESIAN_POINT ( 'NONE',  ( -150.0000000000000568, 0.2544905633191389405, 409.6453932724846823 ) ) ;
#346 = CARTESIAN_POINT ( 'NONE',  ( 1.906097681204553140, -32.35281470074411914, -59.00256561805846900 ) ) ;
#347 = CARTESIAN_POINT ( 'NONE',  ( -3.313916258227276757, 1.354737596468937211, -46.71700391772461813 ) ) ;
#348 = CARTESIAN_POINT ( 'NONE',  ( -55.07343914957666442, -24.38558908673349634, 237.4814127941238269 ) ) ;
#349 = CARTESIAN_POINT ( 'NONE',  ( 1.713508947173772556, 44.39393462227350540, 275.9439818675760421 ) ) ;
#350 = CARTESIAN_POINT ( 'NONE',  ( -2.435941590407808111, -80.68523458348438737, 275.4795810702132712 ) ) ;
#351 = CARTESIAN_POINT ( 'NONE',  ( 28.55179102718988915, -31.16361899051491235, -39.13079872091756783 ) ) ;
#352 = CARTESIAN_POINT ( 'NONE',  ( -46.66549472394027021, -41.71823739072641501, 435.0488665365572274 ) ) ;
#353 = CARTESIAN_POINT ( 'NONE',  ( -1.902130867737947373, -5.765155448703533914, -56.51890096845753675 ) ) ;
#354 = CARTESIAN_POINT ( 'NONE',  ( -0.000000000000000000, -20.00000000003709033, -65.55068789015383857 ) ) ;
#355 = CARTESIAN_POINT ( 'NONE',  ( -149.9999999999998863, 13.60113310668955400, 239.5281348986660817 ) ) ;
#356 = CARTESIAN_POINT ( 'NONE',  ( 56.47159936981893935, -12.05224377243774292, 200.0484275186357763 ) ) ;
#357 = CARTESIAN_POINT ( 'NONE',  ( -149.9999999999998579, -5.139754097654222420, 439.4216061485305431 ) ) ;
#358 = CARTESIAN_POINT ( 'NONE',  ( -87.06762527551587993, -18.89443869022542444, 42.61142476167932358 ) ) ;
#359 = CARTESIAN_POINT ( 'NONE',  ( -3.289006796241746411, 7.681208134219242645, -36.06530541306337057 ) ) ;
#360 = CARTESIAN_POINT ( 'NONE',  ( -3.227658229780059340, -71.26275059235955212, 41.56619234543141772 ) ) ;
#361 = CARTESIAN_POINT ( 'NONE',  ( 46.58558245345534488, 37.13275647413672687, 271.3152778191255265 ) ) ;
#362 = CARTESIAN_POINT ( 'NONE',  ( 22.92437297788302075, -78.44663433861667556, 256.6691905929424706 ) ) ;
#363 = CARTESIAN_POINT ( 'NONE',  ( -2.860858117247568444, -25.29767303376817367, -65.15059746448423539 ) ) ;
#364 = CARTESIAN_POINT ( 'NONE',  ( 0.000000000000000000, -69.98033210435349361, 400.9895820734195695 ) ) ;
#365 = CARTESIAN_POINT ( 'NONE',  ( 12.50569815975795684, -8.939040514739479804, -53.94021469740130925 ) ) ;
#366 = CARTESIAN_POINT ( 'NONE',  ( 0.000000000000000000, -30.33587353385017593, 557.6710142431003305 ) ) ;
#367 = CARTESIAN_POINT ( 'NONE',  ( -3.094001100202671495, 27.87474874546403569, 16.86073679022653593 ) ) ;
#368 = CARTESIAN_POINT ( 'NONE',  ( -35.77127347892401588, -9.639532146028656712, 488.8322980861877340 ) ) ;
#369 = CARTESIAN_POINT ( 'NONE',  ( 0.9531862177140488779, -30.79942473098368438, -60.38244923662612962 ) ) ;
#370 = CARTESIAN_POINT ( 'NONE',  ( -85.69083615468348114, 1.184676353268040661, 66.40827568370886524 ) ) ;
#371 = CARTESIAN_POINT ( 'NONE',  ( -54.55326597048257753, -23.54786880765232127, 243.8915500169878214 ) ) ;
#372 = CARTESIAN_POINT ( 'NONE',  ( 1.897151511910303734, 46.91140964979707206, 229.3722862163716343 ) ) ;
#373 = CARTESIAN_POINT ( 'NONE',  ( 22.63227638882819903, -78.33003634391359071, 278.4460651522155104 ) ) ;
#374 = CARTESIAN_POINT ( 'NONE',  ( -1.907983706650515865, -20.52011155301030954, -69.25947668484322151 ) ) ;
#375 = CARTESIAN_POINT ( 'NONE',  ( -50.57228261576265282, -37.62104522030414699, 14.44966888112473136 ) ) ;
#376 = CARTESIAN_POINT ( 'NONE',  ( -49.57589482235463407, -44.46701830025540403, 424.1535944136560374 ) ) ;
#377 = CARTESIAN_POINT ( 'NONE',  ( 86.87707805841237985, -10.34748271511437778, 49.68820832564044565 ) ) ;
#378 = CARTESIAN_POINT ( 'NONE',  ( 2.571489208466819054, -34.55098522010052164, 541.5823677263329046 ) ) ;
#379 = CARTESIAN_POINT ( 'NONE',  ( 1.492388020602511300, 43.89655471583869684, 105.2734977285461468 ) ) ;
#380 = CARTESIAN_POINT ( 'NONE',  ( -7.189961064043363770, -9.266056063442162483, 554.1745012121198215 ) ) ;
#381 = CARTESIAN_POINT ( 'NONE',  ( 2.859740674519362980, -30.07598618065912177, -61.03620960554643204 ) ) ;
#382 = CARTESIAN_POINT ( 'NONE',  ( 2.737942552675891594, 20.88679572981984478, -7.018861411523644733 ) ) ;
#383 = CARTESIAN_POINT ( 'NONE',  ( -12.15176156342599434, -65.82501957098369871, 20.76727215959817840 ) ) ;
#384 = CARTESIAN_POINT ( 'NONE',  ( 5.882888988652245743, 42.38580333701526115, 298.7586613606674177 ) ) ;
#385 = CARTESIAN_POINT ( 'NONE',  ( 149.9999999999996589, -7.341834859637557997, 304.9235521739933006 ) ) ;
#386 = CARTESIAN_POINT ( 'NONE',  ( 150.0000000000000284, -2.294455591839802189, 211.4909051585674149 ) ) ;
#387 = CARTESIAN_POINT ( 'NONE',  ( -28.78684773704780753, -58.00117990724859851, 14.44966888112466563 ) ) ;
#388 = CARTESIAN_POINT ( 'NONE',  ( 0.000000000000000000, -60.98929854832451980, 444.4340835014325535 ) ) ;
#389 = CARTESIAN_POINT ( 'NONE',  ( -0.9520731639543362768, -8.547617495532426446, -59.58324036534521895 ) ) ;
#390 = EDGE_CURVE ( 'NONE', #466, #1674, #843, .T. ) ;
#391 = CARTESIAN_POINT ( 'NONE',  ( -1.465062855051523227, -30.06243940706661277, 558.8774776690271437 ) ) ;
#392 = CARTESIAN_POINT ( 'NONE',  ( -59.97550560955480847, 34.43158503966466810, 201.9292928342558184 ) ) ;
#393 = PRESENTATION_LAYER_ASSIGNMENT (  '', '', ( #57 ) ) ;
#394 = CARTESIAN_POINT ( 'NONE',  ( 0.000000000000000000, -1.100564968850144654, 529.4234485653213369 ) ) ;
#395 = CARTESIAN_POINT ( 'NONE',  ( -12.27094413448285515, -61.40847712435508754, 2.567294918576643159 ) ) ;
#396 = CARTESIAN_POINT ( 'NONE',  ( 149.9999999999996874, -7.374312800550632652, 290.7457865829571233 ) ) ;
#397 = CARTESIAN_POINT ( 'NONE',  ( -30.35621898010021269, 17.26525765591273753, 14.44966888112472780 ) ) ;
#398 = CARTESIAN_POINT ( 'NONE',  ( -149.9999999999998010, -7.364023453702118971, 297.7488843286494102 ) ) ;
#399 = CARTESIAN_POINT ( 'NONE',  ( 12.37917598823336540, 4.075400731689930112, -36.12926134960945035 ) ) ;
#400 = CARTESIAN_POINT ( 'NONE',  ( -2.199522697924691794, -32.45993889456657655, 549.9780369062037835 ) ) ;
#401 = CARTESIAN_POINT ( 'NONE',  ( 85.65452299650101509, -43.20316403215120005, 82.17283080015351970 ) ) ;
#402 = CARTESIAN_POINT ( 'NONE',  ( 1.232214472287483709, 47.77296557967702739, 180.4880816561268375 ) ) ;
#403 = CARTESIAN_POINT ( 'NONE',  ( 87.01549444135697797, -17.58056151475303253, 45.30201633886798618 ) ) ;
#404 = CARTESIAN_POINT ( 'NONE',  ( -35.62511535099858406, -12.77791609919348659, 499.3972652287001210 ) ) ;
#405 = CARTESIAN_POINT ( 'NONE',  ( -149.9999999999999716, -5.815855720539390816, 229.4760922283646210 ) ) ;
#406 = CARTESIAN_POINT ( 'NONE',  ( 3.163910250335861818, -75.58718006786318711, 79.77315515597749140 ) ) ;
#407 = CARTESIAN_POINT ( 'NONE',  ( -37.19508911676592078, -52.90187864719356270, 14.44966888112468162 ) ) ;
#408 = CARTESIAN_POINT ( 'NONE',  ( -9.946297514209035739, -77.91804623338890678, 331.7075762636822560 ) ) ;
#409 = CARTESIAN_POINT ( 'NONE',  ( 80.59194385665391280, 16.18280436951648937, 103.7926928775323461 ) ) ;
#410 = CARTESIAN_POINT ( 'NONE',  ( 0.000000000000000000, -38.03999744772360714, 529.1877037132842361 ) ) ;
#411 = CARTESIAN_POINT ( 'NONE',  ( 12.34030392456007874, -57.77846260822059321, -9.290267668106329424 ) ) ;
#412 = CARTESIAN_POINT ( 'NONE',  ( -15.55331741631335696, 45.35218854345084338, 234.3705618064915370 ) ) ;
#413 = CARTESIAN_POINT ( 'NONE',  ( 58.62154318630234684, -4.489909763417698763, 423.0794994535144156 ) ) ;
#414 = CARTESIAN_POINT ( 'NONE',  ( 0.7327440728553614724, -31.04120225396744104, 555.1005256514145003 ) ) ;
#415 = EDGE_CURVE ( 'NONE', #644, #1616, #1324, .T. ) ;
#416 = CARTESIAN_POINT ( 'NONE',  ( 2.843546775554995687, -52.22148843812511387, -31.29894403424213323 ) ) ;
#417 = CARTESIAN_POINT ( 'NONE',  ( -0.8768961931546858102, -79.29233118170454020, 130.7114928384509369 ) ) ;
#418 = CARTESIAN_POINT ( 'NONE',  ( -54.84161755817451933, -10.59110313536448444, 14.44966888112443293 ) ) ;
#419 = CARTESIAN_POINT ( 'NONE',  ( -22.92437297788302075, -78.44663433861667556, 256.6691905929424706 ) ) ;
#420 = CARTESIAN_POINT ( 'NONE',  ( -1.866611727019490408, 11.87816490467868569, -28.42495731499281675 ) ) ;
#421 = CARTESIAN_POINT ( 'NONE',  ( 149.9999999999999716, -6.753162013210366688, 409.5642181840029821 ) ) ;
#422 = CARTESIAN_POINT ( 'NONE',  ( 85.88194324880791442, -41.84413576267165524, 78.01217802691067504 ) ) ;
#423 = CARTESIAN_POINT ( 'NONE',  ( -8.431562461238529593, 46.07402497580898171, 158.2968993032507683 ) ) ;
#424 = CARTESIAN_POINT ( 'NONE',  ( 28.53909880752624773, -10.68040278824253164, -41.02084576645206937 ) ) ;
#425 = CARTESIAN_POINT ( 'NONE',  ( -0.000000000000000000, -25.38635163953088636, -64.23490924815914127 ) ) ;
#426 = ORIENTED_EDGE ( 'NONE', *, *, #926, .T. ) ;
#427 = CARTESIAN_POINT ( 'NONE',  ( 2.199522697924691794, -32.45993889456657655, 549.9780369062037835 ) ) ;
#428 = CARTESIAN_POINT ( 'NONE',  ( 49.32634856228757059, 20.28886164836126582, 276.4091044601491944 ) ) ;
#429 = CARTESIAN_POINT ( 'NONE',  ( -149.9999999999993463, -6.001044110374134100, 231.6658960644401759 ) ) ;
#430 = CARTESIAN_POINT ( 'NONE',  ( 53.11817187396054862, -19.89864609138137652, 258.6481858999812289 ) ) ;
#431 = APPLICATION_PROTOCOL_DEFINITION ( 'draft international standard', 'automotive_design', 1998, #1874 ) ;
#432 = CARTESIAN_POINT ( 'NONE',  ( 1.612801031539836005, -78.09073406363494030, 332.0885217013508850 ) ) ;
#433 = CARTESIAN_POINT ( 'NONE',  ( -0.9247670608693169259, 16.13791471914375109, -18.92185757000694935 ) ) ;
#434 = CARTESIAN_POINT ( 'NONE',  ( -1.481236568777236862, -42.13869903188885502, 514.6909142575296983 ) ) ;
#435 = CARTESIAN_POINT ( 'NONE',  ( -0.9447311317116138252, -57.02838741100779885, -19.84628488989094564 ) ) ;
#436 = CARTESIAN_POINT ( 'NONE',  ( -13.89565711704575790, 43.38650797797856740, 278.5011269604131598 ) ) ;
#437 = CARTESIAN_POINT ( 'NONE',  ( 23.76821253812019208, 20.38777294371783100, 14.44966888112463721 ) ) ;
#438 = CARTESIAN_POINT ( 'NONE',  ( -12.52171634107713771, -29.02471297645433879, -55.99997682248000785 ) ) ;
#439 = CARTESIAN_POINT ( 'NONE',  ( -150.0000000000000000, -6.301194178002449853, 438.1959397251795849 ) ) ;
#440 = CARTESIAN_POINT ( 'NONE',  ( -0.4709684984625378545, 41.02653431879563328, 312.7840159696370392 ) ) ;
#441 = CARTESIAN_POINT ( 'NONE',  ( 1.882083926871195523, -61.23667195774765304, -7.863813029525342557 ) ) ;
#442 = CARTESIAN_POINT ( 'NONE',  ( 11.64684823091062427, -74.50050220641119836, 83.22699558302605283 ) ) ;
#443 = CARTESIAN_POINT ( 'NONE',  ( 2.865643619534015141, -19.79597498845155457, -71.17153684286878956 ) ) ;
#444 = CARTESIAN_POINT ( 'NONE',  ( -150.0000000000003126, -7.116034429661834082, 345.1373952342066787 ) ) ;
#445 = CARTESIAN_POINT ( 'NONE',  ( 85.15847978174487309, 3.904776106732709806, 71.64136231852130265 ) ) ;
#446 = CARTESIAN_POINT ( 'NONE',  ( 2.579801991587056698, -37.88036689222177955, 529.3909613314538092 ) ) ;
#447 = CARTESIAN_POINT ( 'NONE',  ( -1.877997171632521889, -63.01979571325634311, -1.784800666067054786 ) ) ;
#448 = CARTESIAN_POINT ( 'NONE',  ( -47.38663189115487739, 17.64475135442224030, 308.9228235057746019 ) ) ;
#449 = CARTESIAN_POINT ( 'NONE',  ( -0.6857961776820891142, 6.775705951531614701, 500.7587486378974972 ) ) ;
#450 = CARTESIAN_POINT ( 'NONE',  ( 86.95997617036293548, -12.85311528778456314, 47.38662339629473053 ) ) ;
#451 = CARTESIAN_POINT ( 'NONE',  ( 150.0000000000001421, 9.607543969010292173, 355.1325008380466102 ) ) ;
#452 = CARTESIAN_POINT ( 'NONE',  ( -28.56244167989093086, -28.45745451179757879, -41.63881063567173157 ) ) ;
#453 = CARTESIAN_POINT ( 'NONE',  ( 1.585105225643784310, 28.62474442760698068, 400.8281577764561803 ) ) ;
#454 = CARTESIAN_POINT ( 'NONE',  ( 0.000000000000000000, -31.00737454160579176, 555.1382375593252618 ) ) ;
#455 = CARTESIAN_POINT ( 'NONE',  ( -0.000000000000000000, -42.47054406745345290, -47.47946994494704853 ) ) ;
#456 = CARTESIAN_POINT ( 'NONE',  ( -0.8969161214801614213, -77.08697825213100430, 92.67158989399042923 ) ) ;
#457 = CARTESIAN_POINT ( 'NONE',  ( -3.345376087531854115, -19.80729880530915210, -71.09459982090788799 ) ) ;
#458 = CARTESIAN_POINT ( 'NONE',  ( -10.32451202925036782, -80.43253277395770340, 230.8430312159430002 ) ) ;
#459 = CARTESIAN_POINT ( 'NONE',  ( 55.69582423788891390, 7.770729441803534421, 222.6473521244176652 ) ) ;
#460 = CARTESIAN_POINT ( 'NONE',  ( 150.0000000000001137, -6.709418143118766942, 417.3739923013122279 ) ) ;
#461 = CARTESIAN_POINT ( 'NONE',  ( 28.27130430954585449, -51.46891172065748066, -7.894343871436712234 ) ) ;
#462 = CARTESIAN_POINT ( 'NONE',  ( -43.14658061911373466, 35.50342271598734101, 304.1660564602935892 ) ) ;
#463 = CARTESIAN_POINT ( 'NONE',  ( 0.000000000000000000, -1.100564968850144654, 529.4234485653213369 ) ) ;
#464 = CARTESIAN_POINT ( 'NONE',  ( -28.57427626030424506, -20.75748127799988652, -45.25800765374660273 ) ) ;
#465 = CARTESIAN_POINT ( 'NONE',  ( -1.761563983812512779, 32.02393952748043660, 380.3584216962848927 ) ) ;
#466 = VERTEX_POINT ( 'NONE', #1529 ) ;
#467 = CARTESIAN_POINT ( 'NONE',  ( -2.631139656651000802, -49.78120383466286825, 486.6904418004664876 ) ) ;
#468 = CARTESIAN_POINT ( 'NONE',  ( 5.873798239311764924, 35.98697079100605123, 353.7225482438468589 ) ) ;
#469 = CARTESIAN_POINT ( 'NONE',  ( 1.900691666465705643, -46.08062256046360261, -42.27039411635581700 ) ) ;
#470 = CARTESIAN_POINT ( 'NONE',  ( 55.31336439877029676, -24.58736919909167185, 234.0979557279631820 ) ) ;
#471 = CARTESIAN_POINT ( 'NONE',  ( 0.8386816662735409045, -81.05010680783318833, 205.0236440625022283 ) ) ;
#472 = CARTESIAN_POINT ( 'NONE',  ( -1.697371585504689362, 34.35707238260560814, 42.06053201340118619 ) ) ;
#473 = CARTESIAN_POINT ( 'NONE',  ( 9.609684570934760472, -72.95532370068683292, 379.8414546732570898 ) ) ;
#474 = CARTESIAN_POINT ( 'NONE',  ( 149.9999999999992610, -4.580445260560294329, 219.5912975732655923 ) ) ;
#475 = CARTESIAN_POINT ( 'NONE',  ( -2.861529713880420545, -14.86190821214616165, -66.10491999415030762 ) ) ;
#476 = CARTESIAN_POINT ( 'NONE',  ( -0.000000000000000000, -20.00000001528668037, -65.55068789015383857 ) ) ;
#477 = CARTESIAN_POINT ( 'NONE',  ( -5.833484303085390010, 40.14202268965824771, 320.0000000000000568 ) ) ;
#478 = ORIENTED_EDGE ( 'NONE', *, *, #1121, .T. ) ;
#479 = CARTESIAN_POINT ( 'NONE',  ( -2.593811751426483792, -41.87544882610692554, 515.0051337453476208 ) ) ;
#480 = CARTESIAN_POINT ( 'NONE',  ( 1.676507941506811594, 36.02744328790266337, 354.3090623948346547 ) ) ;
#481 = CARTESIAN_POINT ( 'NONE',  ( -2.194752706739981907, -9.508866867582225879, 557.5849067725088162 ) ) ;
#482 = CARTESIAN_POINT ( 'NONE',  ( -6.611810512025710906, 16.54561046290216098, 457.6028839167674960 ) ) ;
#483 = CARTESIAN_POINT ( 'NONE',  ( 1.902691966305098070, -42.58934686219924970, -47.42857485703388676 ) ) ;
#484 = CARTESIAN_POINT ( 'NONE',  ( 0.000000000000000000, -73.34685314614938534, 54.45304635361954126 ) ) ;
#485 = CARTESIAN_POINT ( 'NONE',  ( -28.53909880752624773, -10.68040278824253164, -41.02084576645206937 ) ) ;
#486 = CARTESIAN_POINT ( 'NONE',  ( -25.82653578097723113, -74.08489889032196629, 120.3374760656225675 ) ) ;
#487 = CARTESIAN_POINT ( 'NONE',  ( -0.7020998398433726528, 45.86371172239648786, 130.5683831685448695 ) ) ;
#488 = CARTESIAN_POINT ( 'NONE',  ( 8.628478998019980750, -60.49941334546326033, 443.5166060566979240 ) ) ;
#489 = CARTESIAN_POINT ( 'NONE',  ( -2.856103854656974583, -39.45539619441001378, -51.48475168967285498 ) ) ;
#490 = CARTESIAN_POINT ( 'NONE',  ( 53.41671992373075284, 4.732634878479694329, 384.7797939231693363 ) ) ;
#491 = CARTESIAN_POINT ( 'NONE',  ( 0.000000000000000000, -24.70179936576349533, -76.17517795805076730 ) ) ;
#492 = CARTESIAN_POINT ( 'NONE',  ( 7.453132846343249795, -65.43292540465679963, 14.44966888112474379 ) ) ;
#493 = CARTESIAN_POINT ( 'NONE',  ( -40.64279130071612656, 19.78146202829371347, 391.0697883059202695 ) ) ;
#494 = CARTESIAN_POINT ( 'NONE',  ( -150.0000000000001137, -6.709418143118766942, 417.3739923013122279 ) ) ;
#495 = CARTESIAN_POINT ( 'NONE',  ( 12.86356880811151981, 31.41958604971774349, 377.2397787413708556 ) ) ;
#496 = CARTESIAN_POINT ( 'NONE',  ( 0.000000000000000000, -8.823511411159953965, 555.1857276250582345 ) ) ;
#497 = CARTESIAN_POINT ( 'NONE',  ( 0.000000000000000000, 20.11671744806442774, 444.2109482500774220 ) ) ;
#498 = CARTESIAN_POINT ( 'NONE',  ( -86.87604687215727495, -29.11059297028707604, 53.32909445959997186 ) ) ;
#499 = CARTESIAN_POINT ( 'NONE',  ( 1.902130867737947373, -5.765155448703533914, -56.51890096845753675 ) ) ;
#500 = CARTESIAN_POINT ( 'NONE',  ( -50.97850252568365903, -13.02079588092048823, 283.5227683093291944 ) ) ;
#501 = CARTESIAN_POINT ( 'NONE',  ( -1.404199679686745306, 45.94742635001971109, 130.5641109568593379 ) ) ;
#502 = CARTESIAN_POINT ( 'NONE',  ( 0.000000000000000000, -69.98033210435349361, 400.9895820734195695 ) ) ;
#503 = CARTESIAN_POINT ( 'NONE',  ( 56.33057180552594190, -20.32136135182165759, 210.7129552224659790 ) ) ;
#504 = CARTESIAN_POINT ( 'NONE',  ( -1.287102454013295816, 13.83400975319627690, 472.5008445009838169 ) ) ;
#505 = CARTESIAN_POINT ( 'NONE',  ( 7.194164599021330986, 26.05609142228586705, 14.44966888112472603 ) ) ;
#506 = CARTESIAN_POINT ( 'NONE',  ( 35.31001820729544960, -54.20372554942832721, 14.44966888112472247 ) ) ;
#507 = CARTESIAN_POINT ( 'NONE',  ( -149.9999999999995737, 11.19476107030966361, 345.2779431210030907 ) ) ;
#508 = CARTESIAN_POINT ( 'NONE',  ( 3.339023426598127564, -27.75897115298005602, -62.86067558330405092 ) ) ;
#509 = CARTESIAN_POINT ( 'NONE',  ( -149.9999999999994884, 5.740427124744100773, 378.1347507846561484 ) ) ;
#510 = CARTESIAN_POINT ( 'NONE',  ( 1.904069236437983204, -39.40457213307709594, -51.50523190050400046 ) ) ;
#511 = CARTESIAN_POINT ( 'NONE',  ( -150.0000000000000284, 2.675617566335641406, 211.3246760485956202 ) ) ;
#512 = CARTESIAN_POINT ( 'NONE',  ( -150.0000000000000853, -7.226785652320919517, 263.8358621011154241 ) ) ;
#513 = CARTESIAN_POINT ( 'NONE',  ( 20.62407662905724592, 42.79110105320698665, 140.4219543533417607 ) ) ;
#514 = CARTESIAN_POINT ( 'NONE',  ( -1.594673351930735894, -73.16144834115129925, 381.0120656531940995 ) ) ;
#515 = AXIS2_PLACEMENT_3D ( 'NONE', #981, #2044, #1786 ) ;
#516 = CARTESIAN_POINT ( 'NONE',  ( -0.9520346182189916018, -39.35374807174417811, -51.52571211133515305 ) ) ;
#517 = CARTESIAN_POINT ( 'NONE',  ( 149.9999999999994884, 5.740427124744100773, 378.1347507846561484 ) ) ;
#518 = CARTESIAN_POINT ( 'NONE',  ( 3.340573480010778695, -14.94576865527262655, -66.08754007650293261 ) ) ;
#519 = CARTESIAN_POINT ( 'NONE',  ( 49.05835042274414093, -40.25128016470206660, 14.44966888112469050 ) ) ;
#520 = CARTESIAN_POINT ( 'NONE',  ( 0.000000000000000000, 24.65191137066539895, 4.845070576238386550 ) ) ;
#521 = CARTESIAN_POINT ( 'NONE',  ( -149.9999999999999716, 1.632909915346569596, 401.7829050630052166 ) ) ;
#522 = CARTESIAN_POINT ( 'NONE',  ( 2.861975559975773908, -20.51935988687722201, -69.26498532342205294 ) ) ;
#523 = CARTESIAN_POINT ( 'NONE',  ( 2.853196301606920837, -5.731608919956029169, -56.50461328002980821 ) ) ;
#524 = CARTESIAN_POINT ( 'NONE',  ( 0.000000000000000000, -75.96750286625417914, 79.90848674242489835 ) ) ;
#525 = CARTESIAN_POINT ( 'NONE',  ( 8.431562461238529593, 46.07402497580898171, 158.2968993032507683 ) ) ;
#526 = CARTESIAN_POINT ( 'NONE',  ( 9.118704901277874697, -66.92918793773139896, 414.6566266770050220 ) ) ;
#527 = CARTESIAN_POINT ( 'NONE',  ( -1.906493783012908727, -30.05065745377266850, -61.04339402987933738 ) ) ;
#528 = CARTESIAN_POINT ( 'NONE',  ( -2.869757525187609293, -24.73004176475694749, -76.23815369158728572 ) ) ;
#529 = CARTESIAN_POINT ( 'NONE',  ( -0.000000000000000000, -20.00000000003709033, -65.55068789015383857 ) ) ;
#530 = CARTESIAN_POINT ( 'NONE',  ( -24.45514282142428186, 34.03033067479747587, 71.95588844210854518 ) ) ;
#531 = CARTESIAN_POINT ( 'NONE',  ( 12.52640933473057494, -22.69941056141810876, -59.46196383769050442 ) ) ;
#532 = CARTESIAN_POINT ( 'NONE',  ( 0.000000000000000000, 13.75622029850556061, 472.5436863909573617 ) ) ;
#533 = CARTESIAN_POINT ( 'NONE',  ( -12.52073868771997489, -29.68526867936187941, -55.37486511332178907 ) ) ;
#534 = CARTESIAN_POINT ( 'NONE',  ( -56.45112250455159142, -6.087123366960760507, 202.2480236927935380 ) ) ;
#535 = CARTESIAN_POINT ( 'NONE',  ( -27.23222707604101345, -67.46644474832713456, 55.80701579812455293 ) ) ;
#536 = CARTESIAN_POINT ( 'NONE',  ( -0.4892629760207006240, 44.45612882444888214, 275.6643461148192387 ) ) ;
#537 = CARTESIAN_POINT ( 'NONE',  ( 2.843738381013245498, -80.57978550623415970, 275.8841571824828520 ) ) ;
#538 = CARTESIAN_POINT ( 'NONE',  ( 56.42459147997303859, -17.36136246577859765, 205.4051851891448166 ) ) ;
#539 = CARTESIAN_POINT ( 'NONE',  ( -8.131555872327654200, -53.17059966846706232, 471.8355484568802467 ) ) ;
#540 = CARTESIAN_POINT ( 'NONE',  ( 56.27053592963592621, 0.7516941916051447237, 210.4962128354270590 ) ) ;
#541 = CARTESIAN_POINT ( 'NONE',  ( 31.45721216671695686, -56.61745274269972583, 14.44966888112475267 ) ) ;
#542 = CARTESIAN_POINT ( 'NONE',  ( -23.38038312808035002, 37.38833027712956891, 92.04395209074077400 ) ) ;
#543 = CARTESIAN_POINT ( 'NONE',  ( 56.46417740518614181, -14.23496871108700823, 201.3744527251814986 ) ) ;
#544 = CARTESIAN_POINT ( 'NONE',  ( 2.193146094589796480, -8.722081592724736154, 555.0729705871741544 ) ) ;
#545 = CARTESIAN_POINT ( 'NONE',  ( -28.60699182875744029, -16.13912577991047925, -52.55990815998596588 ) ) ;
#546 = CARTESIAN_POINT ( 'NONE',  ( -28.11698015143261742, 5.915450505645251766, -17.51976183688852373 ) ) ;
#547 = CARTESIAN_POINT ( 'NONE',  ( -27.46242036201467229, -65.54305685625384115, 43.84617519995119750 ) ) ;
#548 = CARTESIAN_POINT ( 'NONE',  ( 16.66315168157811755, 45.58974530259764180, 211.4847522036016585 ) ) ;
#549 = CARTESIAN_POINT ( 'NONE',  ( 0.000000000000000000, -80.63658243139667547, 275.6662446149163088 ) ) ;
#550 = CARTESIAN_POINT ( 'NONE',  ( -0.9530488406022765702, -32.32114154544064633, -59.01283015784298414 ) ) ;
#551 = CARTESIAN_POINT ( 'NONE',  ( -18.54967280091722159, -65.48671766064194344, 411.1240943814369189 ) ) ;
#552 = CARTESIAN_POINT ( 'NONE',  ( -1.892463454547965274, 1.631141071689482525, -46.56294020973754044 ) ) ;
#553 = CARTESIAN_POINT ( 'NONE',  ( -2.202733399813407100, -34.81920592913746049, 541.2434878110904037 ) ) ;
#554 = CARTESIAN_POINT ( 'NONE',  ( -3.196296804781076695, 20.31546560184472128, -7.393096603152921276 ) ) ;
#555 = CARTESIAN_POINT ( 'NONE',  ( -59.71558549167485808, -8.266634582424307709, 438.4425714590527150 ) ) ;
#556 = CARTESIAN_POINT ( 'NONE',  ( -149.9999999999996874, -2.409579751124833802, 211.7503272867475630 ) ) ;
#557 = CARTESIAN_POINT ( 'NONE',  ( -3.268646977093212946, 11.48290530004461019, -28.67737780092130606 ) ) ;
#558 = CARTESIAN_POINT ( 'NONE',  ( -54.81935120649129090, -24.03091502903525267, 240.7408612160144514 ) ) ;
#559 = CARTESIAN_POINT ( 'NONE',  ( 43.14658061911373466, 35.50342271598734101, 304.1660564602935892 ) ) ;
#560 = CARTESIAN_POINT ( 'NONE',  ( 68.31011536970008535, -60.64635181205830605, 304.1661337803504921 ) ) ;
#561 = CARTESIAN_POINT ( 'NONE',  ( 0.000000000000000000, -34.48481854792667889, -56.87675496335153724 ) ) ;
#562 = CARTESIAN_POINT ( 'NONE',  ( -55.93936454724964591, -17.11575058931803284, 14.44966888112470293 ) ) ;
#563 = CARTESIAN_POINT ( 'NONE',  ( -2.792452311205840143, -73.15914732478299243, 380.6473863880630120 ) ) ;
#564 = CARTESIAN_POINT ( 'NONE',  ( 28.34182685986741390, -0.004202851225297739302, -27.54135597287860193 ) ) ;
#565 = CARTESIAN_POINT ( 'NONE',  ( 54.88119694695075879, -26.28245621254035314, 14.44966888112440451 ) ) ;
#566 = CARTESIAN_POINT ( 'NONE',  ( -11.07186743597200973, 32.81523294668829749, 45.76036132870854090 ) ) ;
#567 = CARTESIAN_POINT ( 'NONE',  ( 28.56612419759423815, -14.92499217818708601, -43.99140317503244546 ) ) ;
#568 = CARTESIAN_POINT ( 'NONE',  ( -149.9999999999992042, -3.609269300846623008, 431.4188600312683661 ) ) ;
#569 = CARTESIAN_POINT ( 'NONE',  ( -150.0000000000061959, -0.1741883473882308575, 206.7130701300011140 ) ) ;
#570 = CARTESIAN_POINT ( 'NONE',  ( 0.000000000000000000, 7.905339886619993095, -35.92712258355483357 ) ) ;
#571 = CARTESIAN_POINT ( 'NONE',  ( -11.75744908100403308, -73.26763630587556975, 70.63909645684825023 ) ) ;
#572 = CARTESIAN_POINT ( 'NONE',  ( 7.301291994692240550, 46.93704426116289596, 207.1250189900836745 ) ) ;
#573 = CARTESIAN_POINT ( 'NONE',  ( 22.44372200702941100, -77.87385488063996775, 299.6078077557063466 ) ) ;
#574 = CARTESIAN_POINT ( 'NONE',  ( 86.91444691938527001, -27.77425228407569335, 51.70605009052852097 ) ) ;
#575 = CARTESIAN_POINT ( 'NONE',  ( -31.45721216671695686, -56.61745274269972583, 14.44966888112475267 ) ) ;
#576 = CARTESIAN_POINT ( 'NONE',  ( 2.392010027896103619, -73.16186653859612932, 381.0783441634033011 ) ) ;
#577 = CARTESIAN_POINT ( 'NONE',  ( 86.59048839564125899, -5.768153520067688333, 55.25887913199452584 ) ) ;
#578 = CARTESIAN_POINT ( 'NONE',  ( 7.202946821010514533, -29.60372527954621091, 557.8596853781666596 ) ) ;
#579 = CARTESIAN_POINT ( 'NONE',  ( -52.53891573317806518, 18.24069168520677664, 252.3546242644533777 ) ) ;
#580 = CARTESIAN_POINT ( 'NONE',  ( 3.338484940648333676, -29.91129310357068150, -61.08292434789409242 ) ) ;
#581 = CARTESIAN_POINT ( 'NONE',  ( -7.192754217908762904, -10.02745025890519770, 556.6295491338239572 ) ) ;
#582 = CARTESIAN_POINT ( 'NONE',  ( 0.9429548750100035237, -59.17818107841036124, -13.92422952811984160 ) ) ;
#583 = CARTESIAN_POINT ( 'NONE',  ( 50.07172804542855005, 20.26724883329845284, 270.0327580235693290 ) ) ;
#584 = CARTESIAN_POINT ( 'NONE',  ( -1.655947817223834440, -81.19015855670561166, 228.9565616314966121 ) ) ;
#585 = CARTESIAN_POINT ( 'NONE',  ( -34.67303029964030259, -54.61740656344133527, 14.44966888112475267 ) ) ;
#586 = CARTESIAN_POINT ( 'NONE',  ( 0.7901499301132046682, -69.98854828411587903, 401.0483601051953997 ) ) ;
#587 = CARTESIAN_POINT ( 'NONE',  ( 28.52649240996227320, -9.360615050134562409, -39.65852415072266979 ) ) ;
#588 = CARTESIAN_POINT ( 'NONE',  ( 149.9999999999999716, -6.267256663816664464, 439.4202371970271770 ) ) ;
#589 = CARTESIAN_POINT ( 'NONE',  ( 56.08500672497000750, -23.13107185465961990, 219.0677530512962790 ) ) ;
#590 = CARTESIAN_POINT ( 'NONE',  ( -52.51231461823631719, 36.78377033823687015, 237.1480678699628015 ) ) ;
#591 = CARTESIAN_POINT ( 'NONE',  ( 3.339502511863754908, -17.22908976308067608, -65.23518566034969979 ) ) ;
#592 = CARTESIAN_POINT ( 'NONE',  ( 2.152184834420973747, -0.9668156101559031157, 529.2511884921991623 ) ) ;
#593 = CARTESIAN_POINT ( 'NONE',  ( -0.000000000000000000, -54.57109427142869151, -25.72152256063105824 ) ) ;
#594 = CARTESIAN_POINT ( 'NONE',  ( 77.19680284773126289, -57.48060060327888010, 184.1493712378244538 ) ) ;
#595 = CARTESIAN_POINT ( 'NONE',  ( -5.438244704649842746E-18, -22.77222739922079597, -65.24110187591051613 ) ) ;
#596 = CARTESIAN_POINT ( 'NONE',  ( -55.06673055234453784, -25.64304912405726711, 14.44966888112455905 ) ) ;
#597 = CARTESIAN_POINT ( 'NONE',  ( -9.946297514209035739, -78.98211947631459395, 312.9818156161840079 ) ) ;
#598 = CARTESIAN_POINT ( 'NONE',  ( 55.92567994943940590, 5.748511191116895347, 218.7264803032683460 ) ) ;
#599 = CARTESIAN_POINT ( 'NONE',  ( 2.565489760456064250, -29.89066157883531716, 559.0556382028653388 ) ) ;
#600 = CARTESIAN_POINT ( 'NONE',  ( 3.295740538406582765, -60.66268119429104644, -8.171243665031143522 ) ) ;
#601 = CARTESIAN_POINT ( 'NONE',  ( 0.6583047484764391610, 47.13654566807250035, 155.6928415244869939 ) ) ;
#602 = CARTESIAN_POINT ( 'NONE',  ( 0.000000000000000000, 6.729893735435778623, 500.8079739285071810 ) ) ;
#603 = CARTESIAN_POINT ( 'NONE',  ( -1.513739695080576819, -66.61468932441512436, 14.44966888112438497 ) ) ;
#604 = CARTESIAN_POINT ( 'NONE',  ( -149.9999999999999716, -6.386425012418153635, 435.7336574011089283 ) ) ;
#605 = CARTESIAN_POINT ( 'NONE',  ( 2.816995757448783166, -63.12730469460127125, -1.726755285855712696 ) ) ;
#606 = CARTESIAN_POINT ( 'NONE',  ( 149.9999999999993747, -7.301340216986761611, 270.4454446398847267 ) ) ;
#607 = CARTESIAN_POINT ( 'NONE',  ( -55.18588899351941279, -11.87273166572965799, 14.44966888112469050 ) ) ;
#608 = CARTESIAN_POINT ( 'NONE',  ( 2.419201547309754119, -79.24311493809011608, 312.7383345202945861 ) ) ;
#609 = CARTESIAN_POINT ( 'NONE',  ( 26.84291305568621766, 21.64135502705829950, 20.87972938593452810 ) ) ;
#610 = CARTESIAN_POINT ( 'NONE',  ( 149.9999999999998579, -6.643660690299837412, 425.0789795851339932 ) ) ;
#611 = CARTESIAN_POINT ( 'NONE',  ( 28.20276296147374495, -53.63726394892496074, -2.420270290097158661 ) ) ;
#612 = CARTESIAN_POINT ( 'NONE',  ( 1.974914245429317816, 47.28203194932483200, 155.6413165022189844 ) ) ;
#613 = CARTESIAN_POINT ( 'NONE',  ( -0.7257656490961721385, -4.623702357734425838, 541.5260409447616894 ) ) ;
#614 = CARTESIAN_POINT ( 'NONE',  ( 47.29806128179890123, 3.577693766493800887, 14.44966888112469761 ) ) ;
#615 = CARTESIAN_POINT ( 'NONE',  ( -149.9999999999999716, 0.2662509454560353372, 209.6061587108673052 ) ) ;
#616 = CARTESIAN_POINT ( 'NONE',  ( -5.979419974559043283, -65.77970846949446582, 14.44966888112467629 ) ) ;
#617 = ORIENTED_EDGE ( 'NONE', *, *, #316, .F. ) ;
#618 = FACE_OUTER_BOUND ( 'NONE', #2085, .T. ) ;
#619 = CARTESIAN_POINT ( 'NONE',  ( -3.278462017741254897, -64.57601869945806072, 6.065873492655348365 ) ) ;
#620 = CARTESIAN_POINT ( 'NONE',  ( 26.19634740249509974, -72.84612030575785013, 104.1756435679975539 ) ) ;
#621 = CARTESIAN_POINT ( 'NONE',  ( -0.000000000000000000, -24.70179936576349533, -76.17517795805076730 ) ) ;
#622 = CARTESIAN_POINT ( 'NONE',  ( -149.9999999999997726, -7.192698382104506294, 333.2875603834384606 ) ) ;
#623 = CARTESIAN_POINT ( 'NONE',  ( 150.0000000000000000, 6.573444530005628117, 217.0034385749200965 ) ) ;
#624 = CARTESIAN_POINT ( 'NONE',  ( -2.292446151906562424, -57.57836088090239457, 458.5255481744437134 ) ) ;
#625 = CARTESIAN_POINT ( 'NONE',  ( 0.000000000000000000, -61.02803244180449127, -7.975560784126410674 ) ) ;
#626 = CARTESIAN_POINT ( 'NONE',  ( -2.157746065596713780, 47.43923580062173784, 180.7376766213325539 ) ) ;
#627 = CARTESIAN_POINT ( 'NONE',  ( 40.61789724256565393, 10.34353805447633867, 14.44966888112466386 ) ) ;
#628 = CARTESIAN_POINT ( 'NONE',  ( -0.000000000000000000, -29.31526392690032168, -61.69847574802579260 ) ) ;
#629 = B_SPLINE_CURVE_WITH_KNOTS ( 'NONE', 3,
 ( #2490, #1716, #1508, #1492, #1519, #1727, #1889, #1906, #1543, #1333, #2342, #2098, #1133, #1096, #2331, #1120, #110, #1931 ),
 .UNSPECIFIED., .F., .F.,
 ( 4, 1, 1, 1, 1, 1, 1, 1, 1, 1, 1, 1, 1, 1, 1, 4 ),
 ( 0.4187457479017968609, 0.4290039280699372015, 0.4352222748127751450, 0.4414406215556129220, 0.4476589682984509211, 0.4538773150412886981, 0.4600956617841266416, 0.4663140085269642521, 0.4725323552698022511, 0.4787507020126398616, 0.4849690487554778051, 0.4911873954983158042, 0.4942965688697347204, 0.4974057422411537477, 0.5005149156125725529, 0.5036240889839913581 ),
 .UNSPECIFIED. ) ;
#630 = CARTESIAN_POINT ( 'NONE',  ( -37.45958610077178008, -30.66009847476219363, 479.2217301177743138 ) ) ;
#631 = CARTESIAN_POINT ( 'NONE',  ( -1.412905495387613675, 38.87119500223062829, 332.0564048275492723 ) ) ;
#632 = CARTESIAN_POINT ( 'NONE',  ( 2.808325138103140883, -65.29742391498612619, 6.457020042808796489 ) ) ;
#633 = CARTESIAN_POINT ( 'NONE',  ( 24.79577069751475804, -76.46111962044371069, 164.4670457763833724 ) ) ;
#634 = CARTESIAN_POINT ( 'NONE',  ( -5.437880067484735384E-18, -25.38635163953088636, -64.23490924815914127 ) ) ;
#635 = CARTESIAN_POINT ( 'NONE',  ( -7.521979255611613263E-11, 4.829427991813387777, -41.35103106569681586 ) ) ;
#636 = CARTESIAN_POINT ( 'NONE',  ( -149.9999999999998010, -7.310016231325406011, 312.3034818323457102 ) ) ;
#637 = CARTESIAN_POINT ( 'NONE',  ( -0.9333058635097452038, 11.80632858096668159, -28.47083339118706391 ) ) ;
#638 = CARTESIAN_POINT ( 'NONE',  ( -0.7455709821877406496, -46.06344954640638889, 500.5709811625657153 ) ) ;
#639 = CARTESIAN_POINT ( 'NONE',  ( 55.53696155310775140, -24.60692337282919695, 230.5745149198003503 ) ) ;
#640 = CARTESIAN_POINT ( 'NONE',  ( -149.9999999999997442, 16.89020687609928828, 297.3968004075345561 ) ) ;
#641 = CARTESIAN_POINT ( 'NONE',  ( 37.76303535279640045, 12.66021214145803420, 14.44966888112466386 ) ) ;
#642 = CARTESIAN_POINT ( 'NONE',  ( -3.338764858620204556, -14.64715783392779436, -64.23338534397367994 ) ) ;
#643 = CARTESIAN_POINT ( 'NONE',  ( 0.000000000000000000, 25.90249749234719445, 415.3909803479844527 ) ) ;
#644 = VERTEX_POINT ( 'NONE', #2122 ) ;
#645 = CARTESIAN_POINT ( 'NONE',  ( 2.197594282577284730, -30.09365911059991916, 558.8450979428132541 ) ) ;
#646 = CARTESIAN_POINT ( 'NONE',  ( -149.9999999999992610, -4.580445260560294329, 219.5912975732655923 ) ) ;
#647 = CARTESIAN_POINT ( 'NONE',  ( 73.83880539362290563, -59.24824856767471459, 219.7049704555995788 ) ) ;
#648 = CARTESIAN_POINT ( 'NONE',  ( -3.350178695052929978, -24.66882895534568121, -76.10165956531285758 ) ) ;
#649 = CARTESIAN_POINT ( 'NONE',  ( 2.483921725835751992, -81.22834115104863884, 228.8868822765744540 ) ) ;
#650 = CARTESIAN_POINT ( 'NONE',  ( 0.000000000000000000, 20.62319512748768346, -7.191526245911063597 ) ) ;
#651 = CARTESIAN_POINT ( 'NONE',  ( -1.515071411468414064, -53.85322992825432209, 472.5124999607998575 ) ) ;
#652 = CARTESIAN_POINT ( 'NONE',  ( 86.28112506623055822, -38.72477185917909281, 69.89167966729576165 ) ) ;
#653 = CARTESIAN_POINT ( 'NONE',  ( -47.66603692990846497, 18.68161657458673020, 299.3736835281314370 ) ) ;
#654 = CARTESIAN_POINT ( 'NONE',  ( 2.554997525492479937, -7.414538782993829180, 550.3635908939758110 ) ) ;
#655 = CARTESIAN_POINT ( 'NONE',  ( 35.35580172540905153, 14.30137331156671010, 14.44966888112472780 ) ) ;
#656 = CARTESIAN_POINT ( 'NONE',  ( 40.00984483757177657, 16.72124631380037485, 402.1504229787130384 ) ) ;
#657 = CARTESIAN_POINT ( 'NONE',  ( -150.0000000000002274, 1.461790667337566685, 210.2491275675459406 ) ) ;
#658 = CARTESIAN_POINT ( 'NONE',  ( 0.000000000000000000, 40.21921743771114421, 320.0002838484802510 ) ) ;
#659 = ORIENTED_EDGE ( 'NONE', *, *, #2358, .F. ) ;
#660 = CARTESIAN_POINT ( 'NONE',  ( -150.0000000000000284, -5.251527702307162926, 440.0305525103657374 ) ) ;
#661 = CARTESIAN_POINT ( 'NONE',  ( -0.4786979759498021236, 36.01088700303149182, 354.5695205588957037 ) ) ;
#662 = CARTESIAN_POINT ( 'NONE',  ( 2.847534252903136220, -49.33203741830595135, -36.86095913494749254 ) ) ;
#663 = CARTESIAN_POINT ( 'NONE',  ( 11.75744908100403308, -73.26763630587556975, 70.63909645684825023 ) ) ;
#664 = CARTESIAN_POINT ( 'NONE',  ( -7.105682978573592641E-11, 26.51283623252275845, 11.24123331489050948 ) ) ;
#665 = CARTESIAN_POINT ( 'NONE',  ( -149.9999999999996874, -7.374312800550632652, 290.7457865829571233 ) ) ;
#666 = CARTESIAN_POINT ( 'NONE',  ( 9.650457210473206260, 42.47422119080876257, 108.3197917343866408 ) ) ;
#667 = CARTESIAN_POINT ( 'NONE',  ( -1.541832305227520905, -61.04723861611825697, 444.4646561406323713 ) ) ;
#668 = CARTESIAN_POINT ( 'NONE',  ( 3.324235062990519296, -48.83145490964666635, -37.09813292654701655 ) ) ;
#669 = CARTESIAN_POINT ( 'NONE',  ( -1.860595957264360667, 17.11377713728215255, 458.4002198587525072 ) ) ;
#670 = CARTESIAN_POINT ( 'NONE',  ( 50.63360843699334879, -1.265090832278749966, 14.44966888112466918 ) ) ;
#671 = CARTESIAN_POINT ( 'NONE',  ( -1.788897586348170865, 20.19855326254756278, 444.2540033977297185 ) ) ;
#672 = CARTESIAN_POINT ( 'NONE',  ( -3.339667978339376120, -20.91837205455899706, -65.55095527574184189 ) ) ;
#673 = CARTESIAN_POINT ( 'NONE',  ( 1.099358371358075015, 25.93118054957675866, 415.4839356155417249 ) ) ;
#674 = ORIENTED_EDGE ( 'NONE', *, *, #2164, .F. ) ;
#675 = CARTESIAN_POINT ( 'NONE',  ( -7.687209889246918060, -45.36766707760634887, 500.0252743725675941 ) ) ;
#676 = CARTESIAN_POINT ( 'NONE',  ( -2.193146094589796480, -8.722081592724736154, 555.0729705871741544 ) ) ;
#677 = CARTESIAN_POINT ( 'NONE',  ( 1.788897586348170865, 20.19855326254756278, 444.2540033977297185 ) ) ;
#678 = CARTESIAN_POINT ( 'NONE',  ( -12.49948568607702626, -38.65774659530805479, -46.08202769975808621 ) ) ;
#679 = CARTESIAN_POINT ( 'NONE',  ( 3.227658229780059340, -71.26275059235955212, 41.56619234543141772 ) ) ;
#680 = CARTESIAN_POINT ( 'NONE',  ( -56.50313792499103016, -10.80253914119058045, 197.8140775424655544 ) ) ;
#681 = CARTESIAN_POINT ( 'NONE',  ( -24.79577069751475804, -76.46111962044371069, 164.4670457763833724 ) ) ;
#682 = CARTESIAN_POINT ( 'NONE',  ( 71.97024598150451880, 26.91823370465814236, 148.0993287817699979 ) ) ;
#683 = CARTESIAN_POINT ( 'NONE',  ( 0.000000000000000000, -67.28014553698039890, 415.7242264024383758 ) ) ;
#684 = CARTESIAN_POINT ( 'NONE',  ( 28.52857331650445616, -35.08445464388132962, -35.02227878153339446 ) ) ;
#685 = CARTESIAN_POINT ( 'NONE',  ( 0.000000000000000000, 10.33405387878785753, 486.6586544760494917 ) ) ;
#686 = DIRECTION ( 'NONE',  ( 1.000000000000000000, 0.000000000000000000, -0.000000000000000000 ) ) ;
#687 = CARTESIAN_POINT ( 'NONE',  ( -150.0000000000000284, 2.485015351387261706, 211.1371893023873270 ) ) ;
#688 = CARTESIAN_POINT ( 'NONE',  ( 1.056736817095856207, 28.61635723899053474, 400.7706135039534843 ) ) ;
#689 = VERTEX_POINT ( 'NONE', #1715 ) ;
#690 = CARTESIAN_POINT ( 'NONE',  ( 0.000000000000000000, -42.04301039192621658, 514.8051296874843956 ) ) ;
#691 = CARTESIAN_POINT ( 'NONE',  ( 2.560296908970711272, -8.941921420989110914, 555.3173611246556902 ) ) ;
#692 = CARTESIAN_POINT ( 'NONE',  ( 0.6435512270066479079, 13.79511502585091876, 472.5222654459706177 ) ) ;
#693 = CARTESIAN_POINT ( 'NONE',  ( -56.22136681509284983, -21.95830415264659408, 214.9413780479917762 ) ) ;
#694 = CARTESIAN_POINT ( 'NONE',  ( 150.0000000000001137, -6.578907825803522513, 240.9400978334070942 ) ) ;
#695 = CARTESIAN_POINT ( 'NONE',  ( -0.000000000000000000, -2.015148108693687767, -51.69602975127715183 ) ) ;
#696 = CARTESIAN_POINT ( 'NONE',  ( -3.141201918690920802, -76.61647040634815653, 92.53778539918592116 ) ) ;
#697 = CARTESIAN_POINT ( 'NONE',  ( 54.00102207192544768, 15.29528807115969968, 241.2492155879526479 ) ) ;
#698 = CARTESIAN_POINT ( 'NONE',  ( -2.352348798326850510, -67.32497349626902405, 415.8674364501976015 ) ) ;
#699 = CARTESIAN_POINT ( 'NONE',  ( 56.37431445055649704, -19.28671952799274791, 208.5790185961205907 ) ) ;
#700 = CARTESIAN_POINT ( 'NONE',  ( 0.000000000000000000, 17.01339730700182074, 458.4116318598639168 ) ) ;
#701 = CARTESIAN_POINT ( 'NONE',  ( 55.75759404186181456, -15.13591169915787127, 14.44966888112473846 ) ) ;
#702 = CARTESIAN_POINT ( 'NONE',  ( 28.78684773704780753, -58.00117990724859851, 14.44966888112466563 ) ) ;
#703 = CARTESIAN_POINT ( 'NONE',  ( -13.31731313304985065, 39.58377582248513704, 320.0000000000000568 ) ) ;
#704 = CARTESIAN_POINT ( 'NONE',  ( 0.000000000000000000, -29.99999999999976552, -61.05776287854514095 ) ) ;
#705 = CARTESIAN_POINT ( 'NONE',  ( -38.04577553118386390, 6.899135327763927350, 435.0771627741435736 ) ) ;
#706 = CARTESIAN_POINT ( 'NONE',  ( -56.33057180552594190, -20.32136135182165759, 210.7129552224659790 ) ) ;
#707 = CARTESIAN_POINT ( 'NONE',  ( -12.51122854236293591, -10.32226976056000467, -55.36644004333045643 ) ) ;
#708 = CARTESIAN_POINT ( 'NONE',  ( -77.19680284773126289, -57.48060060327888010, 184.1493712378244538 ) ) ;
#709 = CARTESIAN_POINT ( 'NONE',  ( 52.53891573317806518, 18.24069168520677664, 252.3546242644533777 ) ) ;
#710 = CARTESIAN_POINT ( 'NONE',  ( 17.43097359846064620, -62.41490392309066948, 425.1790130168931796 ) ) ;
#711 = CARTESIAN_POINT ( 'NONE',  ( 12.40008064037153090, -53.40580516364158115, -20.80688927514718856 ) ) ;
#712 = CARTESIAN_POINT ( 'NONE',  ( -51.66669172553178413, -10.71951557125452403, 3.704460084173615719 ) ) ;
#713 = CARTESIAN_POINT ( 'NONE',  ( 48.23813507988286631, -41.53656624397970631, 14.44966888112469050 ) ) ;
#714 = CARTESIAN_POINT ( 'NONE',  ( 1.733348263405259271, 31.56952604277959296, 29.57366796039476498 ) ) ;
#715 = CARTESIAN_POINT ( 'NONE',  ( 3.339393827062566267, -25.34078127246784717, -64.24310610865872206 ) ) ;
#716 = CARTESIAN_POINT ( 'NONE',  ( -149.9999999999995453, 8.360301161202400522, 362.6762669712815068 ) ) ;
#717 = CARTESIAN_POINT ( 'NONE',  ( -86.94688811449927357, -26.38323853107869255, 50.13958749952535499 ) ) ;
#718 = CARTESIAN_POINT ( 'NONE',  ( -56.44355950920334664, -5.401506154520962610, 202.8927154750770683 ) ) ;
#719 = CARTESIAN_POINT ( 'NONE',  ( -11.37866888315511815, -76.76396339257229329, 112.5975321064398287 ) ) ;
#720 = CARTESIAN_POINT ( 'NONE',  ( -1.974914245429317816, 47.28203194932483200, 155.6413165022189844 ) ) ;
#721 = CARTESIAN_POINT ( 'NONE',  ( -2.332915513737719770, -64.33689655870556123, 430.2830148712830578 ) ) ;
#722 = CARTESIAN_POINT ( 'NONE',  ( 12.53379900582034878, -20.54412714915981297, -63.37297438115395209 ) ) ;
#723 = CARTESIAN_POINT ( 'NONE',  ( -28.53909880752624773, -10.68040278824253164, -41.02084576645206937 ) ) ;
#724 = CARTESIAN_POINT ( 'NONE',  ( 0.000000000000000000, -66.77656847523338968, 14.44966889007990218 ) ) ;
#725 = CARTESIAN_POINT ( 'NONE',  ( 0.8666741317026296354, 31.46901978515835552, 29.51441602890792737 ) ) ;
#726 = CARTESIAN_POINT ( 'NONE',  ( -2.401812407620467660, 6.569449054318622139, 500.9803719639622841 ) ) ;
#727 = CARTESIAN_POINT ( 'NONE',  ( 0.9530488406022765702, -32.32114154544064633, -59.01283015784298414 ) ) ;
#728 = CARTESIAN_POINT ( 'NONE',  ( -28.49463500214571354, -6.821171986367837725, -36.82241012564603722 ) ) ;
#729 = CARTESIAN_POINT ( 'NONE',  ( -54.27734884251492531, -22.95835741312304989, 246.9513156457136915 ) ) ;
#730 = CARTESIAN_POINT ( 'NONE',  ( 0.000000000000000000, 47.62041242848380307, 205.0701292695992777 ) ) ;
#731 = CARTESIAN_POINT ( 'NONE',  ( 50.97850252568365903, -13.02079588092048823, 283.5227683093291944 ) ) ;
#732 = CARTESIAN_POINT ( 'NONE',  ( -1.906097681204553140, -32.35281470074411914, -59.00256561805846900 ) ) ;
#733 = CARTESIAN_POINT ( 'NONE',  ( 1.594673351930735894, -73.16144834115129925, 381.0120656531940995 ) ) ;
#734 = CARTESIAN_POINT ( 'NONE',  ( 0.000000000000000000, -19.80119957717566237, -71.13603959821548983 ) ) ;
#735 = CARTESIAN_POINT ( 'NONE',  ( -54.84161755817451933, -10.59110313536448444, 14.44966888112443293 ) ) ;
#736 = CARTESIAN_POINT ( 'NONE',  ( -10.24811798180279787, 39.43337803868414682, 83.18633069079341169 ) ) ;
#737 = CARTESIAN_POINT ( 'NONE',  ( 0.000000000000000000, -9.605528623052503434, 557.6875022617330160 ) ) ;
#738 = CARTESIAN_POINT ( 'NONE',  ( 0.000000000000000000, -15.78242232791483879, -73.34380767225577813 ) ) ;
#739 = CARTESIAN_POINT ( 'NONE',  ( -150.0000000000000284, 4.861445216433631700, 214.0141223977753668 ) ) ;
#740 = CARTESIAN_POINT ( 'NONE',  ( -3.246870559986947402, -69.27317359988197154, 28.93289519100172669 ) ) ;
#741 = CARTESIAN_POINT ( 'NONE',  ( -0.4745308580082530092, 42.53815482386927016, 298.1606671052002184 ) ) ;
#742 = CARTESIAN_POINT ( 'NONE',  ( -1.614974158575911645, -79.96174829581768506, 298.0802568072116401 ) ) ;
#743 = CARTESIAN_POINT ( 'NONE',  ( -2.859558653142146412, -30.85433044637745681, -60.36601280209308840 ) ) ;
#744 = CARTESIAN_POINT ( 'NONE',  ( 0.000000000000000000, -67.28014553698039890, 415.7242264024383758 ) ) ;
#745 = CARTESIAN_POINT ( 'NONE',  ( -0.9524719360756089825, -9.975947145280258610, -61.05127630084054857 ) ) ;
#746 = CARTESIAN_POINT ( 'NONE',  ( -2.471129974942829167E-17, -10.68759205995291062, -61.70114811713823144 ) ) ;
#747 = CARTESIAN_POINT ( 'NONE',  ( -55.14185912003974011, 11.14502422987850849, 230.0543043816361433 ) ) ;
#748 = CARTESIAN_POINT ( 'NONE',  ( -59.97261899444817601, -10.31809425623221443, 446.5905760905740181 ) ) ;
#749 = CARTESIAN_POINT ( 'NONE',  ( -86.97224525266341288, -24.93251910119383652, 48.64210992238586329 ) ) ;
#750 = CARTESIAN_POINT ( 'NONE',  ( -84.37654678365758798, 7.016731582859186744, 78.37539727634437270 ) ) ;
#751 = CARTESIAN_POINT ( 'NONE',  ( -26.98844557016994372, -69.11815856475386965, 67.84482358715571593 ) ) ;
#752 = CARTESIAN_POINT ( 'NONE',  ( 0.000000000000000000, 42.53272745866301818, 298.2006047040866861 ) ) ;
#753 = CARTESIAN_POINT ( 'NONE',  ( -2.516044998820623046, -81.15136288270953457, 204.9043941500345909 ) ) ;
#754 = CARTESIAN_POINT ( 'NONE',  ( 3.338484940648333676, -29.91129310357068150, -61.08292434789409242 ) ) ;
#755 = CARTESIAN_POINT ( 'NONE',  ( -55.96974745957417952, -17.77714074604126893, 14.44966888112474379 ) ) ;
#756 = CARTESIAN_POINT ( 'NONE',  ( -19.59167706095279371, -68.25055659405147424, 396.8613883427952373 ) ) ;
#757 = CARTESIAN_POINT ( 'NONE',  ( 28.53909880752624773, -10.68040278824253164, -41.02084576645206937 ) ) ;
#758 = CARTESIAN_POINT ( 'NONE',  ( -1.468488933208937919, -34.77795532404469725, 541.2956053437288801 ) ) ;
#759 = CARTESIAN_POINT ( 'NONE',  ( -2.972288463451770113, 33.79696142559792804, 41.75401259452486613 ) ) ;
#760 = CARTESIAN_POINT ( 'NONE',  ( 3.339667978339376120, -20.91837205455899706, -65.55095527574184189 ) ) ;
#761 = ADVANCED_FACE ( 'NONE', ( #881 ), #2330, .T. ) ;
#762 = CARTESIAN_POINT ( 'NONE',  ( 0.000000000000000000, 2.926735556036303532, 515.0430825616978154 ) ) ;
#763 = CARTESIAN_POINT ( 'NONE',  ( 2.859146521806829266, -32.38448785604758484, -58.99230107827396097 ) ) ;
#764 = CARTESIAN_POINT ( 'NONE',  ( -27.66326358064004864, 13.52599411192533374, -1.587463340206875628 ) ) ;
#765 = CARTESIAN_POINT ( 'NONE',  ( -11.96595949943099590, -70.14009634802859239, 45.55833029800994183 ) ) ;
#766 = CARTESIAN_POINT ( 'NONE',  ( -0.5416989483541193584, 47.07227379654968757, 229.0552716760062992 ) ) ;
#767 = CARTESIAN_POINT ( 'NONE',  ( 149.9999999999999716, -7.245792911849192386, 324.3392340027225487 ) ) ;
#768 = CARTESIAN_POINT ( 'NONE',  ( 3.336903925863710096, -34.35277345487943990, -56.92351041117078125 ) ) ;
#769 = CARTESIAN_POINT ( 'NONE',  ( -50.63360843699334879, -1.265090832278749966, 14.44966888112466918 ) ) ;
#770 = CARTESIAN_POINT ( 'NONE',  ( -9.609684570934760472, -72.95532370068683292, 379.8414546732570898 ) ) ;
#771 = CARTESIAN_POINT ( 'NONE',  ( 0.000000000000000000, -8.574914396861032628, -59.59239050809556204 ) ) ;
#772 = CARTESIAN_POINT ( 'NONE',  ( 9.677776026443766000, -29.92576783747977132, 546.2450603931980595 ) ) ;
#773 = CARTESIAN_POINT ( 'NONE',  ( 1.316609496952878322, 47.20928880869866617, 155.6670790133530033 ) ) ;
#774 = CARTESIAN_POINT ( 'NONE',  ( 56.47222662334309717, -11.17507154993128893, 199.8818235498100364 ) ) ;
#775 = CARTESIAN_POINT ( 'NONE',  ( -9.706193483868752026, -6.012392168603122755, 533.3392366149785175 ) ) ;
#776 = CARTESIAN_POINT ( 'NONE',  ( -55.92365693612406830, -23.91463003388554753, 223.0509075876335601 ) ) ;
#777 = CARTESIAN_POINT ( 'NONE',  ( -1.423592574024759250, 42.54900955428178833, 298.0807919074272831 ) ) ;
#778 = CARTESIAN_POINT ( 'NONE',  ( 68.17099890686246511, -60.37488438128726642, 314.7623516238141974 ) ) ;
#779 = CARTESIAN_POINT ( 'NONE',  ( -49.85904729122002266, -0.01713402357445669225, 14.44966888112467096 ) ) ;
#780 = CARTESIAN_POINT ( 'NONE',  ( 0.7841162661089502439, -67.29508819007661202, 415.7719630850247654 ) ) ;
#781 = CARTESIAN_POINT ( 'NONE',  ( 12.49172242615647477, -6.277043314077721980, -50.97366954480303747 ) ) ;
#782 = CARTESIAN_POINT ( 'NONE',  ( 54.48099993439645772, -27.75713234975183497, 14.44966888112480774 ) ) ;
#783 = CARTESIAN_POINT ( 'NONE',  ( 1.153611605577076649, 47.71663046453083723, 204.9482023332519987 ) ) ;
#784 = CARTESIAN_POINT ( 'NONE',  ( 87.01549444135696376, -18.87363386220673434, 45.28817246962019283 ) ) ;
#785 = CARTESIAN_POINT ( 'NONE',  ( 0.7295355504911777977, -7.249700490246020479, 550.1677435810472616 ) ) ;
#786 = CARTESIAN_POINT ( 'NONE',  ( 0.000000000000000000, -64.96458158788406934, 6.276552636712047217 ) ) ;
#787 = CARTESIAN_POINT ( 'NONE',  ( 0.000000000000000000, -74.76716094107685251, 67.17268242625377184 ) ) ;
#788 = ADVANCED_FACE ( 'NONE', ( #2111 ), #1979, .T. ) ;
#789 = CARTESIAN_POINT ( 'NONE',  ( -23.30710670916850091, -60.46088973700884139, 14.44966888112466918 ) ) ;
#790 = CARTESIAN_POINT ( 'NONE',  ( 1.612801031539836227, -79.24092566604674914, 312.7536469652993105 ) ) ;
#791 = CARTESIAN_POINT ( 'NONE',  ( 0.000000000000000000, 4.829427991817969890, -41.35103106569409448 ) ) ;
#792 = CARTESIAN_POINT ( 'NONE',  ( 7.226819321699833765, -31.87859651157484819, 549.1866784585372443 ) ) ;
#793 = CARTESIAN_POINT ( 'NONE',  ( 3.288584170553724650, -62.42825712573940677, -2.104179398825560821 ) ) ;
#794 = CARTESIAN_POINT ( 'NONE',  ( 1.730417408365614973, 47.76473948255436142, 204.8872388650783591 ) ) ;
#795 = CARTESIAN_POINT ( 'NONE',  ( 56.47222662334310428, -10.73253813008764013, 199.8898963106549331 ) ) ;
#796 = CARTESIAN_POINT ( 'NONE',  ( 0.000000000000000000, -66.77656847523338968, 14.44966889007990218 ) ) ;
#797 = CARTESIAN_POINT ( 'NONE',  ( 1.465183077307765425, -30.40011078543349399, 557.6025455169326506 ) ) ;
#798 = CARTESIAN_POINT ( 'NONE',  ( -28.04795792027729817, -57.41709659966058865, 8.796145789944512572 ) ) ;
#799 = CARTESIAN_POINT ( 'NONE',  ( -1.701337379146672157, -80.79253019019384396, 180.5556928056472259 ) ) ;
#800 = CARTESIAN_POINT ( 'NONE',  ( -55.76476547961071617, -21.74414438361472079, 14.44966888112469761 ) ) ;
#801 = CARTESIAN_POINT ( 'NONE',  ( -68.88542733032485899, -60.77263504150752738, 287.9158440061798387 ) ) ;
#802 = CARTESIAN_POINT ( 'NONE',  ( 83.26671075213897666, 10.37568051067605523, 86.68462678675325606 ) ) ;
#803 = CARTESIAN_POINT ( 'NONE',  ( 41.39979509085041087, -36.12088789856248638, 456.9383330152745657 ) ) ;
#804 = CARTESIAN_POINT ( 'NONE',  ( 85.14798568923890798, -45.58748624838158747, 90.65197202155556511 ) ) ;
#805 = CARTESIAN_POINT ( 'NONE',  ( -149.9999999999997442, 16.09349136664861390, 256.0566200932159404 ) ) ;
#806 = CARTESIAN_POINT ( 'NONE',  ( 6.953941588068372148, 6.120562770953910992, 500.2070897956710951 ) ) ;
#807 = CARTESIAN_POINT ( 'NONE',  ( 3.335770872489703276, -10.08423850523609744, -61.08048033209797012 ) ) ;
#808 = CARTESIAN_POINT ( 'NONE',  ( -87.01116792292557989, -16.29391453733752115, 45.56449652004324946 ) ) ;
#809 = ORIENTED_EDGE ( 'NONE', *, *, #960, .T. ) ;
#810 = CARTESIAN_POINT ( 'NONE',  ( -35.60447105139471802, -13.62282190332221887, 502.3110443960222824 ) ) ;
#811 = CARTESIAN_POINT ( 'NONE',  ( 1.892729089425128297, -54.75207297308220689, -25.62980566208769417 ) ) ;
#812 = CARTESIAN_POINT ( 'NONE',  ( 11.37866888315511815, -76.76396339257229329, 112.5975321064398287 ) ) ;
#813 = CARTESIAN_POINT ( 'NONE',  ( -5.436718066062481085E-18, -29.31526392690032168, -61.69847574802579260 ) ) ;
#814 = FILL_AREA_STYLE_COLOUR ( '', #841 ) ;
#815 = CARTESIAN_POINT ( 'NONE',  ( -9.865032620002850194, -76.18713589342013393, 353.8900917258144432 ) ) ;
#816 = CARTESIAN_POINT ( 'NONE',  ( 12.32604656146385480, 7.066535420415203994, -30.82130669073084661 ) ) ;
#817 = CARTESIAN_POINT ( 'NONE',  ( 46.66549472394027021, -41.71823739072641501, 435.0488665365572274 ) ) ;
#818 = CARTESIAN_POINT ( 'NONE',  ( 85.40960635100844911, -44.44652362327579453, 86.38817669992579340 ) ) ;
#819 = CARTESIAN_POINT ( 'NONE',  ( 0.000000000000000000, 45.77999709477325752, 130.5726553802304295 ) ) ;
#820 = CARTESIAN_POINT ( 'NONE',  ( 7.162406742956792804, -5.196939195804247902, 540.7780944250159791 ) ) ;
#821 = CARTESIAN_POINT ( 'NONE',  ( 52.77446805626220794, -5.097866354768841646, 14.44966888112466208 ) ) ;
#822 = CARTESIAN_POINT ( 'NONE',  ( -1.192598390898780503, 20.17127465771984873, 444.2396516818456007 ) ) ;
#823 = CARTESIAN_POINT ( 'NONE',  ( -3.339023426598127564, -27.75897115298005602, -62.86067558330405092 ) ) ;
#824 = ORIENTED_EDGE ( 'NONE', *, *, #390, .F. ) ;
#825 = CARTESIAN_POINT ( 'NONE',  ( -2.571489208466819054, -34.55098522010052164, 541.5823677263329046 ) ) ;
#826 = CARTESIAN_POINT ( 'NONE',  ( -0.4709684984625378545, 40.21920836791927201, 320.0003648965263210 ) ) ;
#827 = CARTESIAN_POINT ( 'NONE',  ( 1.885909750020007047, -59.27864651649026939, -13.87110682369680781 ) ) ;
#828 = CARTESIAN_POINT ( 'NONE',  ( 25.35627029098902341, -75.33253253753053968, 140.4857065887874796 ) ) ;
#829 = CARTESIAN_POINT ( 'NONE',  ( -50.27901471516381093, -10.53498303827503335, 299.4734705478629735 ) ) ;
#830 = CARTESIAN_POINT ( 'NONE',  ( -2.650316221447130527, 28.51110833786872334, 17.25647961524052931 ) ) ;
#831 = CARTESIAN_POINT ( 'NONE',  ( -0.7641487173021874746, -57.50757366295151485, 458.5319277877706554 ) ) ;
#832 = CARTESIAN_POINT ( 'NONE',  ( -0.9389985858162609444, -62.91228673191141496, -1.842846046278396877 ) ) ;
#833 = CARTESIAN_POINT ( 'NONE',  ( -13.42993013484968756, 41.72605030748574251, 299.6411483311551933 ) ) ;
#834 = CARTESIAN_POINT ( 'NONE',  ( 0.000000000000000000, -7.286313120370254026, 550.2112436993119218 ) ) ;
#835 = CARTESIAN_POINT ( 'NONE',  ( 0.000000000000000000, -29.99999999999976552, -61.05776287854514095 ) ) ;
#836 = CARTESIAN_POINT ( 'NONE',  ( 0.000000000000000000, 25.90249749234719445, 415.3909803479844527 ) ) ;
#837 = CARTESIAN_POINT ( 'NONE',  ( -12.52308448664570051, -14.78166740391852407, -58.46152406975187432 ) ) ;
#838 = CARTESIAN_POINT ( 'NONE',  ( -5.833484303085390010, 38.83323711334092820, 331.6529499013212217 ) ) ;
#839 = ORIENTED_EDGE ( 'NONE', *, *, #2358, .T. ) ;
#840 = CARTESIAN_POINT ( 'NONE',  ( 0.7342444666044689594, -34.73670471895194112, 541.3477228763673565 ) ) ;
#841 = COLOUR_RGB ( '',0.7921568627450980005, 0.8196078431372548767, 0.9333333333333333481 ) ;
#842 = EDGE_CURVE ( 'NONE', #52, #466, #265, .T. ) ;
#843 = B_SPLINE_CURVE_WITH_KNOTS ( 'NONE', 3,
 ( #109, #2293, #1930, #2133, #1277, #1321, #935, #1080, #2503, #132, #1491, #921, #701, #1308, #2082, #289, #2489, #1887 ),
 .UNSPECIFIED., .F., .F.,
 ( 4, 2, 2, 2, 2, 2, 2, 2, 4 ),
 ( 0.000000000000000000, 0.001979682215345394264, 0.003959364430690788528, 0.005939046646036182792, 0.007918728861381577055, 0.009898411076726971319, 0.01187809329207236558, 0.01385777550741775985, 0.01583745772276315411 ),
 .UNSPECIFIED. ) ;
#844 = CARTESIAN_POINT ( 'NONE',  ( -86.91444691938527001, -27.77425228407569335, 51.70605009052852097 ) ) ;
#845 = CARTESIAN_POINT ( 'NONE',  ( 150.0000000000000853, -7.226785652320919517, 263.8358621011154241 ) ) ;
#846 = CARTESIAN_POINT ( 'NONE',  ( -7.177857637091816702E-11, 24.36235050489288056, 3.979949483977729408 ) ) ;
#847 = CARTESIAN_POINT ( 'NONE',  ( -68.17099890686246511, -60.37488438128726642, 314.7623516238141974 ) ) ;
#848 = CARTESIAN_POINT ( 'NONE',  ( 56.08762438136983519, 3.832698960004560895, 215.3449030486479501 ) ) ;
#849 = CARTESIAN_POINT ( 'NONE',  ( 13.95925193474355730, -51.82216902777723533, 466.5302943809716680 ) ) ;
#850 = CARTESIAN_POINT ( 'NONE',  ( 28.04795792027729817, -57.41709659966058865, 8.796145789944512572 ) ) ;
#851 = CARTESIAN_POINT ( 'NONE',  ( -6.087201789984794331, 44.18919659100005504, 276.7467911875064033 ) ) ;
#852 = CARTESIAN_POINT ( 'NONE',  ( 9.824827521419905452, -2.593892997156575397, 521.6966707247395334 ) ) ;
#853 = CARTESIAN_POINT ( 'NONE',  ( -0.000000000000000000, -10.68759205995291062, -61.70114811713823144 ) ) ;
#854 = CARTESIAN_POINT ( 'NONE',  ( 1.925100097286686074, 25.85227023461058238, 415.2282052245307113 ) ) ;
#855 = CARTESIAN_POINT ( 'NONE',  ( -3.339393827062566267, -25.34078127246784717, -64.24310610865872206 ) ) ;
#856 = CARTESIAN_POINT ( 'NONE',  ( -5.873798239311764924, 35.98697079100605123, 353.7225482438468589 ) ) ;
#857 = CARTESIAN_POINT ( 'NONE',  ( 2.197774615961647804, -30.43222941122515124, 557.5683111538488674 ) ) ;
#858 = CARTESIAN_POINT ( 'NONE',  ( -1.436093927849406482, 36.00353229043267334, 354.6852225388742568 ) ) ;
#859 = CARTESIAN_POINT ( 'NONE',  ( 2.854037949457646661, -42.64874825957215165, -47.40312731307731298 ) ) ;
#860 = CARTESIAN_POINT ( 'NONE',  ( 82.92067076190876662, -51.49750296889394008, 121.3146546891777575 ) ) ;
#861 = CARTESIAN_POINT ( 'NONE',  ( -3.340573480010778695, -14.94576865527262655, -66.08754007650293261 ) ) ;
#862 = CARTESIAN_POINT ( 'NONE',  ( 1.753792386309371620, -79.38127180468424626, 130.7102018128483394 ) ) ;
#863 = CARTESIAN_POINT ( 'NONE',  ( 150.0000000000000853, 15.27823658166833454, 249.4146832441057597 ) ) ;
#864 = CARTESIAN_POINT ( 'NONE',  ( 55.74309498681974873, -15.82797506869048121, 392.1736765880806388 ) ) ;
#865 = CARTESIAN_POINT ( 'NONE',  ( 86.09107473102029928, -40.35637551193459416, 73.91248004646833181 ) ) ;
#866 = CARTESIAN_POINT ( 'NONE',  ( -0.6435512270066479079, 13.79511502585091876, 472.5222654459706177 ) ) ;
#867 = CARTESIAN_POINT ( 'NONE',  ( 14.18973328338475426, 24.00531559805821757, 14.44966888112471359 ) ) ;
#868 = CARTESIAN_POINT ( 'NONE',  ( -3.339617750187601875, -22.74913179382120276, -65.24351231691559860 ) ) ;
#869 = CARTESIAN_POINT ( 'NONE',  ( -47.31906922256365533, 16.80001900358779210, 316.1413866361843361 ) ) ;
#870 = ORIENTED_EDGE ( 'NONE', *, *, #2242, .T. ) ;
#871 = CARTESIAN_POINT ( 'NONE',  ( 0.7406182843886184308, -42.09085471190753935, 514.7480219725069901 ) ) ;
#872 = CARTESIAN_POINT ( 'NONE',  ( -1.508952792909321161, 32.03446681347313785, 380.7825399960755135 ) ) ;
#873 = CARTESIAN_POINT ( 'NONE',  ( 0.7032787781051501597, 2.973172933655187311, 514.9865767782636112 ) ) ;
#874 = CARTESIAN_POINT ( 'NONE',  ( -3.331827532195591246, -42.26250701813299315, -47.56859296547036564 ) ) ;
#875 = CARTESIAN_POINT ( 'NONE',  ( -2.747377982101991911, -73.68964764242637955, 54.61146397935647201 ) ) ;
#876 = CARTESIAN_POINT ( 'NONE',  ( 1.910429079689343501, -19.79771651802625598, -71.15970442798436579 ) ) ;
#877 = CARTESIAN_POINT ( 'NONE',  ( -2.899750788363215204, -80.98006933771337401, 229.3399531088793424 ) ) ;
#878 = CARTESIAN_POINT ( 'NONE',  ( -2.546057378257033932, 34.45886955982916078, 42.11624028194231784 ) ) ;
#879 = CARTESIAN_POINT ( 'NONE',  ( 9.865032620002850194, -76.18713589342013393, 353.8900917258144432 ) ) ;
#880 = CARTESIAN_POINT ( 'NONE',  ( 28.43836731326001299, -43.59040531996306100, -23.48376959379110929 ) ) ;
#881 = FACE_OUTER_BOUND ( 'NONE', #2282, .T. ) ;
#882 = CARTESIAN_POINT ( 'NONE',  ( 3.009592606512863533, -66.36998738452574287, 14.44966888112468162 ) ) ;
#883 = CARTESIAN_POINT ( 'NONE',  ( -6.000466035610237725, 31.94043151699632688, 379.5629847736018405 ) ) ;
#884 = CARTESIAN_POINT ( 'NONE',  ( 0.7455709821877406496, -46.06344954640638889, 500.5709811625657153 ) ) ;
#885 = CARTESIAN_POINT ( 'NONE',  ( 0.000000000000000000, -9.605528623052503434, 557.6875022617330160 ) ) ;
#886 = CARTESIAN_POINT ( 'NONE',  ( 0.000000000000000000, 10.33405387878785753, 486.6586544760494917 ) ) ;
#887 = CARTESIAN_POINT ( 'NONE',  ( -3.336903925863710096, -34.35277345487943990, -56.92351041117078125 ) ) ;
#888 = CARTESIAN_POINT ( 'NONE',  ( 26.98844557016994372, -69.11815856475386965, 67.84482358715571593 ) ) ;
#889 = CARTESIAN_POINT ( 'NONE',  ( 1.904943872151217965, -9.951894290560517220, -61.04478972313617646 ) ) ;
#890 = CARTESIAN_POINT ( 'NONE',  ( 0.000000000000000000, -76.98247262154580994, 92.64187025545516008 ) ) ;
#891 = CARTESIAN_POINT ( 'NONE',  ( -1.492388020602511300, 43.89655471583869684, 105.2734977285461468 ) ) ;
#892 = CARTESIAN_POINT ( 'NONE',  ( 149.9999999999997726, -7.192698382104506294, 333.2875603834384606 ) ) ;
#893 = CARTESIAN_POINT ( 'NONE',  ( -1.900691666465705643, -46.08062256046360261, -42.27039411635581700 ) ) ;
#894 = CARTESIAN_POINT ( 'NONE',  ( 2.253861092064105787, 13.62000221831030800, 472.6187073565538412 ) ) ;
#895 = CARTESIAN_POINT ( 'NONE',  ( -1.907686475920280733, -14.87480540429338483, -66.10224707556027113 ) ) ;
#896 = CARTESIAN_POINT ( 'NONE',  ( 20.49741586367797908, -61.53617672303631281, 14.44966888112472070 ) ) ;
#897 = CARTESIAN_POINT ( 'NONE',  ( -1.676507941506811594, 36.02744328790266337, 354.3090623948346547 ) ) ;
#898 = CARTESIAN_POINT ( 'NONE',  ( 12.52073868771997489, -29.68526867936187941, -55.37486511332178907 ) ) ;
#899 = CARTESIAN_POINT ( 'NONE',  ( 2.272607117202621207, -53.89411848507793223, 472.4913241651977387 ) ) ;
#900 = CARTESIAN_POINT ( 'NONE',  ( 35.61029944830622895, -13.34155306713987343, 501.3379992237896090 ) ) ;
#901 = CARTESIAN_POINT ( 'NONE',  ( -11.20234465765202536, 15.65166486234165255, 452.7342830611293607 ) ) ;
#902 = CARTESIAN_POINT ( 'NONE',  ( -12.42610409642362512, -50.88669372053431061, -26.39278658964152058 ) ) ;
#903 = CARTESIAN_POINT ( 'NONE',  ( -149.9999999999998579, 5.755319606443136671, 215.4903186742444916 ) ) ;
#904 = CARTESIAN_POINT ( 'NONE',  ( -3.071087628444628681, -78.89190049977436558, 130.7173053259860467 ) ) ;
#905 = CARTESIAN_POINT ( 'NONE',  ( 149.9999999999998863, 13.60113310668955400, 239.5281348986660817 ) ) ;
#906 = CARTESIAN_POINT ( 'NONE',  ( -2.412636987055586157, -76.31645970640427379, 354.8630076338545791 ) ) ;
#907 = CARTESIAN_POINT ( 'NONE',  ( 3.334239287029942655, -39.12492672041813080, -51.61791862523669039 ) ) ;
#908 = CARTESIAN_POINT ( 'NONE',  ( 11.20234465765202536, 15.65166486234165255, 452.7342830611293607 ) ) ;
#909 = CARTESIAN_POINT ( 'NONE',  ( 87.29032237503307101, -21.66930983638621200, 38.08868808560211505 ) ) ;
#910 = CARTESIAN_POINT ( 'NONE',  ( -56.45112250455159142, -6.087123366960760507, 202.2480236927935380 ) ) ;
#911 = CARTESIAN_POINT ( 'NONE',  ( -54.00102207192544768, 15.29528807115969968, 241.2492155879526479 ) ) ;
#912 = CARTESIAN_POINT ( 'NONE',  ( 56.45989170817483682, -14.78957809590071903, 201.9769109399703382 ) ) ;
#913 = B_SPLINE_CURVE_WITH_KNOTS ( 'NONE', 3,
 ( #418, #982, #1808, #2380, #769, #779, #1589, #1201, #1001, #1761, #1797, #1607, #2564, #2390, #212, #2192, #12, #397, #2, #1565, #2169, #2410, #1963, #39, #284, #1636, #1821, #1849, #2440, #25 ),
 .UNSPECIFIED., .F., .F.,
 ( 4, 2, 2, 2, 2, 2, 2, 2, 2, 2, 2, 2, 2, 2, 4 ),
 ( 3.227891107075167021E-16, 0.008766158142649978224, 0.01095769767831239125, 0.01314923721397480254, 0.01753231628529962685, 0.02191539535662445290, 0.02410693489228686592, 0.02629847442794927895, 0.03506463257059893451, 0.04383079071324858661, 0.04821386978457340572, 0.05259694885589821789, 0.06136310699854786999, 0.06574618606987270297, 0.07012926514119752208 ),
 .UNSPECIFIED. ) ;
#914 = CARTESIAN_POINT ( 'NONE',  ( 2.057388533046267121, 6.867330383723285969, 500.6602980566781298 ) ) ;
#915 = CARTESIAN_POINT ( 'NONE',  ( -87.01993526408963930, -21.91347889570963048, 45.62676734203259343 ) ) ;
#916 = CARTESIAN_POINT ( 'NONE',  ( -3.334374282861684691, -8.670514282707921794, -59.62443636531153857 ) ) ;
#917 = CARTESIAN_POINT ( 'NONE',  ( -23.30339123873645235, -78.29583701687080577, 234.3245116658933114 ) ) ;
#918 = CARTESIAN_POINT ( 'NONE',  ( -2.238582030903766729, 43.98938502743245493, 105.2905442681973369 ) ) ;
#919 = CARTESIAN_POINT ( 'NONE',  ( -1.612801031539836005, -78.09073406363494030, 332.0885217013508850 ) ) ;
#920 = CARTESIAN_POINT ( 'NONE',  ( -0.9524955379382262777, -36.64119904862406685, -54.62417995682787364 ) ) ;
#921 = CARTESIAN_POINT ( 'NONE',  ( 55.83315699046475089, -15.79554387786393654, 14.44966888112470116 ) ) ;
#922 = CARTESIAN_POINT ( 'NONE',  ( -3.335770872489703276, -10.08423850523609744, -61.08048033209797012 ) ) ;
#923 = CARTESIAN_POINT ( 'NONE',  ( 2.469858351745394476, 37.72654402396099016, 58.86823661618673498 ) ) ;
#924 = CARTESIAN_POINT ( 'NONE',  ( 150.0000000000000284, -2.294455591839802189, 211.4909051585674149 ) ) ;
#925 = CARTESIAN_POINT ( 'NONE',  ( 0.000000000000000000, 6.729893735435778623, 500.8079739285071810 ) ) ;
#926 = EDGE_CURVE ( 'NONE', #689, #2449, #1762, .T. ) ;
#927 = CARTESIAN_POINT ( 'NONE',  ( 0.000000000000000000, -25.26080744263812505, -65.15311114311535334 ) ) ;
#928 = CARTESIAN_POINT ( 'NONE',  ( 2.838695181821947688, 1.681375928194609459, -46.53493995302151376 ) ) ;
#929 = CARTESIAN_POINT ( 'NONE',  ( -3.163910250335861818, -75.58718006786318711, 79.77315515597749140 ) ) ;
#930 = CARTESIAN_POINT ( 'NONE',  ( 0.000000000000000000, 47.03654387356198185, 229.1256845389213481 ) ) ;
#931 = CARTESIAN_POINT ( 'NONE',  ( 67.20797338193762016, -58.80519439979746465, 345.3472472737784642 ) ) ;
#932 = CARTESIAN_POINT ( 'NONE',  ( -2.858386379871645566, -34.59792815607860206, -56.83670432413610030 ) ) ;
#933 = CARTESIAN_POINT ( 'NONE',  ( -11.85566872779999770, -64.30680454787973588, 14.44966888112474024 ) ) ;
#934 = CARTESIAN_POINT ( 'NONE',  ( -64.18198422149610849, -56.45772896838160904, 364.8665635013861674 ) ) ;
#935 = CARTESIAN_POINT ( 'NONE',  ( 55.83571169462646822, -21.08749751770960401, 14.44966888112468695 ) ) ;
#936 = CARTESIAN_POINT ( 'NONE',  ( -86.95997617036293548, -12.85311528778456314, 47.38662339629473053 ) ) ;
#937 = CARTESIAN_POINT ( 'NONE',  ( -2.764266699687509821, 40.40007119318590156, 79.70911587689846556 ) ) ;
#938 = CARTESIAN_POINT ( 'NONE',  ( 87.00547208924503195, -21.93348333861890609, 46.26781062850074733 ) ) ;
#939 = CARTESIAN_POINT ( 'NONE',  ( 0.7173949448069911750, -1.055981849285397622, 529.3660285409472408 ) ) ;
#940 = CARTESIAN_POINT ( 'NONE',  ( -28.57573170820431940, -24.76717753399774935, -44.87947698153151777 ) ) ;
#941 = CARTESIAN_POINT ( 'NONE',  ( -28.34182685986741390, -0.004202851225297739302, -27.54135597287860193 ) ) ;
#942 = CARTESIAN_POINT ( 'NONE',  ( -79.76002310008438201, -55.49146365941793135, 157.1817880118407800 ) ) ;
#943 = CARTESIAN_POINT ( 'NONE',  ( 149.9999999999997442, 16.89020687609928828, 297.3968004075345561 ) ) ;
#944 = CARTESIAN_POINT ( 'NONE',  ( 149.9999999999998010, -7.283625780904996461, 317.3988343436489004 ) ) ;
#945 = CARTESIAN_POINT ( 'NONE',  ( 0.000000000000000000, -29.99999999999976552, -61.05776287854514095 ) ) ;
#946 = CARTESIAN_POINT ( 'NONE',  ( -53.92065336472777659, -13.86360544015033369, 377.3258048594636875 ) ) ;
#947 = CARTESIAN_POINT ( 'NONE',  ( 28.42755645119725472, -3.288475361452404488, -32.29124967184177564 ) ) ;
#948 = CARTESIAN_POINT ( 'NONE',  ( 51.25016846263964965, -36.26862969105060586, 14.44966888112467984 ) ) ;
#949 = CARTESIAN_POINT ( 'NONE',  ( 1.797634613197362174, 24.83933354071738009, 4.965788233343842784 ) ) ;
#950 = CARTESIAN_POINT ( 'NONE',  ( 2.188606651473533393, -7.176475229997554273, 550.0807433445178276 ) ) ;
#951 = CARTESIAN_POINT ( 'NONE',  ( -3.338272447385525865, -30.67582579317320324, -60.41944949853158420 ) ) ;
#952 = CARTESIAN_POINT ( 'NONE',  ( -56.08762438136983519, 3.832698960004560895, 215.3449030486479501 ) ) ;
#953 = CARTESIAN_POINT ( 'NONE',  ( -55.31336439877029676, -24.58736919909167185, 234.0979557279631820 ) ) ;
#954 = CARTESIAN_POINT ( 'NONE',  ( -1.467788928062101705, 44.48375703246001933, 275.5401249740329490 ) ) ;
#955 = CARTESIAN_POINT ( 'NONE',  ( 70.93311456210265931, -60.35109498307495102, 254.3992715977106513 ) ) ;
#956 = CARTESIAN_POINT ( 'NONE',  ( 12.52726884677016272, -25.11469791426084441, -59.37391974723787058 ) ) ;
#957 = CARTESIAN_POINT ( 'NONE',  ( -55.83315699046475089, -15.79554387786393654, 14.44966888112470116 ) ) ;
#958 = CARTESIAN_POINT ( 'NONE',  ( -149.9999999999998010, -6.875459908048366486, 385.8569077436361567 ) ) ;
#959 = CARTESIAN_POINT ( 'NONE',  ( 150.0000000000000284, 3.089374213535638791, 211.7316696794227653 ) ) ;
#960 = EDGE_CURVE ( 'NONE', #2449, #1616, #1295, .T. ) ;
#961 = CARTESIAN_POINT ( 'NONE',  ( 149.9999999999999716, -6.250264775982728338, 440.0305525103658510 ) ) ;
#962 = CARTESIAN_POINT ( 'NONE',  ( -11.32133923080468918, 30.04935886603911399, 33.43650446410281063 ) ) ;
#963 = CARTESIAN_POINT ( 'NONE',  ( -9.620743624274640027, -11.03377133881076233, 549.8478901275921089 ) ) ;
#964 = CARTESIAN_POINT ( 'NONE',  ( -56.45745274585014783, -15.04210054202895464, 202.2962196764084126 ) ) ;
#965 = CARTESIAN_POINT ( 'NONE',  ( 1.849534121738633852, 16.21802295602805799, -18.86953178114389829 ) ) ;
#966 = CARTESIAN_POINT ( 'NONE',  ( -3.207311803213716228, -72.94667201302964088, 54.26810830571599098 ) ) ;
#967 = CARTESIAN_POINT ( 'NONE',  ( -0.5768058027885383243, 47.66852144650732015, 205.0091658014256382 ) ) ;
#968 = CARTESIAN_POINT ( 'NONE',  ( 2.828001305842910096, -79.92228623882898830, 298.3012334944434087 ) ) ;
#969 = CARTESIAN_POINT ( 'NONE',  ( 12.52073868771997489, -29.68526867936187941, -55.37486511332178907 ) ) ;
#970 = CARTESIAN_POINT ( 'NONE',  ( -43.55798104654679292, -47.52714778968164211, 14.44966888112475800 ) ) ;
#971 = CARTESIAN_POINT ( 'NONE',  ( -61.01908247538640495, -54.02036019007341139, 380.0253702763938577 ) ) ;
#972 = CARTESIAN_POINT ( 'NONE',  ( 150.0000000000000284, 4.861445216433631700, 214.0141223977753668 ) ) ;
#973 = CARTESIAN_POINT ( 'NONE',  ( 7.210844044683224929, -30.57681203817481830, 554.1287103108370502 ) ) ;
#974 = CARTESIAN_POINT ( 'NONE',  ( -150.0000000000000853, 15.27823658166833454, 249.4146832441057597 ) ) ;
#975 = CARTESIAN_POINT ( 'NONE',  ( 0.000000000000000000, 28.59958286175763931, 400.6555249589480923 ) ) ;
#976 = CARTESIAN_POINT ( 'NONE',  ( -59.30832987030501613, -6.507826170023203183, 431.3161633550269016 ) ) ;
#977 = CARTESIAN_POINT ( 'NONE',  ( -12.52073868771997489, -29.68526867936187941, -55.37486511332178907 ) ) ;
#978 = CARTESIAN_POINT ( 'NONE',  ( -27.67694786115903938, -63.29158573756551931, 31.98726099646741261 ) ) ;
#979 = CARTESIAN_POINT ( 'NONE',  ( 47.38663189115487739, 17.64475135442224030, 308.9228235057746019 ) ) ;
#980 = CARTESIAN_POINT ( 'NONE',  ( 50.27901471516381093, -10.53498303827503335, 299.4734705478629735 ) ) ;
#981 = CARTESIAN_POINT ( 'NONE',  ( 0.000000000000000000, 0.000000000000000000, 0.000000000000000000 ) ) ;
#982 = CARTESIAN_POINT ( 'NONE',  ( -53.92659977195486221, -7.786831871998018073, 14.44966888112456971 ) ) ;
#983 = CARTESIAN_POINT ( 'NONE',  ( -13.95925193474355730, -51.82216902777723533, 466.5302943809716680 ) ) ;
#984 = CARTESIAN_POINT ( 'NONE',  ( -2.828850581790790741, 5.001803398302538284, -41.24894196002799873 ) ) ;
#985 = CARTESIAN_POINT ( 'NONE',  ( 9.641052513307554861, -29.00805446362254969, 549.8478167743611493 ) ) ;
#986 = CARTESIAN_POINT ( 'NONE',  ( 0.000000000000000000, 47.62041242848380307, 205.0701292695992777 ) ) ;
#987 = CARTESIAN_POINT ( 'NONE',  ( 1.459071100982355595, -7.213087860121786932, 550.1242434627826015 ) ) ;
#988 = CARTESIAN_POINT ( 'NONE',  ( -27.96221361888613899, -59.06693952915642853, 14.51943641524771422 ) ) ;
#989 = CARTESIAN_POINT ( 'NONE',  ( 0.000000000000000000, -79.94740425930625349, 298.1605794743937849 ) ) ;
#990 = CARTESIAN_POINT ( 'NONE',  ( 56.50632531949495529, -9.848536576415984456, 196.0463800343917455 ) ) ;
#991 = CARTESIAN_POINT ( 'NONE',  ( -55.56756113319460866, -13.82273412122125045, 14.44966888112473313 ) ) ;
#992 = CARTESIAN_POINT ( 'NONE',  ( -2.843738381013245498, -80.57978550623415970, 275.8841571824828520 ) ) ;
#993 = CARTESIAN_POINT ( 'NONE',  ( 149.9999999999998579, 5.755319606443136671, 215.4903186742444916 ) ) ;
#994 = CARTESIAN_POINT ( 'NONE',  ( 0.000000000000000000, -32.34940660713923677, 550.1093591763070663 ) ) ;
#995 = CARTESIAN_POINT ( 'NONE',  ( -1.882083926871195523, -61.23667195774765304, -7.863813029525342557 ) ) ;
#996 = CARTESIAN_POINT ( 'NONE',  ( -2.305531241410820442, 46.80903969351554395, 155.8088301420164328 ) ) ;
#997 = CARTESIAN_POINT ( 'NONE',  ( 87.01116792292557989, -16.29391453733752115, 45.56449652004324946 ) ) ;
#998 = CARTESIAN_POINT ( 'NONE',  ( -2.579801991587056698, -37.88036689222177955, 529.3909613314538092 ) ) ;
#999 = CARTESIAN_POINT ( 'NONE',  ( -0.000000000000000000, -56.93250902418997583, -19.89607106146813464 ) ) ;
#1000 = CARTESIAN_POINT ( 'NONE',  ( -1.727077787056223279, -80.24395309123235620, 155.7830524132129995 ) ) ;
#1001 = CARTESIAN_POINT ( 'NONE',  ( -47.29806128179890123, 3.577693766493800887, 14.44966888112469761 ) ) ;
#1002 = CARTESIAN_POINT ( 'NONE',  ( -22.44372200702941100, -77.87385488063996775, 299.6078077557063466 ) ) ;
#1003 = CARTESIAN_POINT ( 'NONE',  ( 26.35674988608645464, 25.04923993672376170, 32.44508452609948534 ) ) ;
#1004 = CARTESIAN_POINT ( 'NONE',  ( 7.503276565262781084, -41.40660083015235671, 514.2053783297276368 ) ) ;
#1005 = CARTESIAN_POINT ( 'NONE',  ( 0.000000000000000000, -64.96458158788406934, 6.276552636712047217 ) ) ;
#1006 = CARTESIAN_POINT ( 'NONE',  ( -49.29743671353512013, 37.20513467868398294, 254.3835889086999487 ) ) ;
#1007 = CARTESIAN_POINT ( 'NONE',  ( 57.77097111345211289, -2.535394609008782663, 415.1043187994338837 ) ) ;
#1008 = CARTESIAN_POINT ( 'NONE',  ( 0.000000000000000000, -10.00000000000000000, -61.05776287854492068 ) ) ;
#1009 = CARTESIAN_POINT ( 'NONE',  ( -60.00640282580248197, -17.01967506032876187, 448.1041599185411428 ) ) ;
#1010 = CARTESIAN_POINT ( 'NONE',  ( 0.9478489251849986363, -52.05305007318202115, -31.38174632094477445 ) ) ;
#1011 = CARTESIAN_POINT ( 'NONE',  ( 11.53317428264779743, -75.55780217182295644, 95.82032470989339856 ) ) ;
#1012 = CARTESIAN_POINT ( 'NONE',  ( -7.376931139001686465E-11, 16.05780648225305285, -18.97418335887417129 ) ) ;
#1013 = CARTESIAN_POINT ( 'NONE',  ( -10.04412368567978575, -80.21168089975681426, 276.6879072761447560 ) ) ;
#1014 = CARTESIAN_POINT ( 'NONE',  ( 0.000000000000000000, 24.65191137066539895, 4.845070576238386550 ) ) ;
#1015 = CARTESIAN_POINT ( 'NONE',  ( 149.9999999999999147, -6.796132829960964017, 401.6833839631873957 ) ) ;
#1016 = CARTESIAN_POINT ( 'NONE',  ( 55.70788126853483391, -24.44302468926918692, 227.5144982594985379 ) ) ;
#1017 = CARTESIAN_POINT ( 'NONE',  ( -150.0000000000003695, 17.23251453160983715, 290.2479985875627335 ) ) ;
#1018 = CARTESIAN_POINT ( 'NONE',  ( -1.451531298192344277, -4.583017096774475441, 541.4743903544048180 ) ) ;
#1019 = CARTESIAN_POINT ( 'NONE',  ( 54.84161755817451933, -10.59110313536448444, 14.44966888112443293 ) ) ;
#1020 = CARTESIAN_POINT ( 'NONE',  ( -56.46417740518614181, -14.23496871108700823, 201.3744527251814986 ) ) ;
#1021 = ORIENTED_EDGE ( 'NONE', *, *, #2520, .F. ) ;
#1022 = CARTESIAN_POINT ( 'NONE',  ( 0.000000000000000000, -34.69545411385917788, 541.3998404090058330 ) ) ;
#1023 = CARTESIAN_POINT ( 'NONE',  ( 13.31731313304985065, 40.34142002891250200, 313.2908567742186392 ) ) ;
#1024 = CARTESIAN_POINT ( 'NONE',  ( -84.77794262105415157, -46.98596791776946446, 96.39013901449662569 ) ) ;
#1025 = CARTESIAN_POINT ( 'NONE',  ( 149.9999999999999432, -7.347273661128304489, 277.1192477896718742 ) ) ;
#1026 =( NAMED_UNIT ( * ) SI_UNIT ( $, .STERADIAN. ) SOLID_ANGLE_UNIT ( ) );
#1027 = CARTESIAN_POINT ( 'NONE',  ( -7.445045761324837474E-11, 11.73449225724894873, -28.51670946738496326 ) ) ;
#1028 = CARTESIAN_POINT ( 'NONE',  ( -2.824195916101439607, -79.22887979903154587, 312.8378994805424327 ) ) ;
#1029 = CARTESIAN_POINT ( 'NONE',  ( -2.696451919796043484, 24.93304462574336711, 5.026147061896571344 ) ) ;
#1030 = CARTESIAN_POINT ( 'NONE',  ( 0.000000000000000000, -53.77145281460710180, 472.5548515520040951 ) ) ;
#1031 = CARTESIAN_POINT ( 'NONE',  ( 3.302439984836303744, -58.72586308767706953, -14.16339988746103984 ) ) ;
#1032 = CARTESIAN_POINT ( 'NONE',  ( -6.403712080581203558, 45.57724494206407684, 254.1058661924230933 ) ) ;
#1033 = EDGE_CURVE ( 'NONE', #1616, #2477, #913, .T. ) ;
#1034 = CARTESIAN_POINT ( 'NONE',  ( 7.118748418129577260, -1.685585176228954429, 528.7463543470161085 ) ) ;
#1035 = CARTESIAN_POINT ( 'NONE',  ( 149.9999999999999147, 2.088888213210255085, 210.7713701710415819 ) ) ;
#1036 = CARTESIAN_POINT ( 'NONE',  ( 12.50381132325683886, 27.83116567873787162, 396.5693299386862805 ) ) ;
#1037 = CARTESIAN_POINT ( 'NONE',  ( -12.52600553416373685, -17.30364316137579550, -59.44928459282142086 ) ) ;
#1038 = CARTESIAN_POINT ( 'NONE',  ( 0.4709684984625378545, 38.87613762590805067, 332.0055123804244204 ) ) ;
#1039 = CARTESIAN_POINT ( 'NONE',  ( -2.566234492211178164, -30.88890228714348751, 555.2703131399168797 ) ) ;
#1040 = CARTESIAN_POINT ( 'NONE',  ( -3.314381414759661748, -54.25418021934429902, -25.88212916072503234 ) ) ;
#1041 = CARTESIAN_POINT ( 'NONE',  ( -1.753792386309371620, -79.38127180468424626, 130.7102018128483394 ) ) ;
#1042 = CARTESIAN_POINT ( 'NONE',  ( 0.000000000000000000, -10.00000000000000000, -61.05776287854492068 ) ) ;
#1043 = CARTESIAN_POINT ( 'NONE',  ( -22.39812758097246714, -76.34959854427935966, 331.2114094747487911 ) ) ;
#1044 = CARTESIAN_POINT ( 'NONE',  ( 28.11698015143261742, 5.915450505645251766, -17.51976183688852373 ) ) ;
#1045 = CARTESIAN_POINT ( 'NONE',  ( -1.473236077383621501, -38.13115696081221273, 529.0716302870806658 ) ) ;
#1046 = CARTESIAN_POINT ( 'NONE',  ( -1.885909750020007047, -59.27864651649026939, -13.87110682369680781 ) ) ;
#1047 = CARTESIAN_POINT ( 'NONE',  ( 0.000000000000000000, 41.02506332365900477, 312.7991820443241977 ) ) ;
#1048 = CARTESIAN_POINT ( 'NONE',  ( -0.7032787781051501597, 2.973172933655187311, 514.9865767782636112 ) ) ;
#1049 = CARTESIAN_POINT ( 'NONE',  ( -51.70446677834862470, -26.88398333393549677, 3.697195693128910499 ) ) ;
#1050 = CARTESIAN_POINT ( 'NONE',  ( 12.20178374623678863, 24.99215593519244649, 410.8332455709494866 ) ) ;
#1051 = CARTESIAN_POINT ( 'NONE',  ( -12.52343425448173164, -27.58901858298424870, -57.12045228110612527 ) ) ;
#1052 = CARTESIAN_POINT ( 'NONE',  ( 0.9573959518996042473, 36.00720964673208613, 354.6273715488849803 ) ) ;
#1053 = CARTESIAN_POINT ( 'NONE',  ( -59.46243121900331374, -18.23192697237507431, 431.2232980163658453 ) ) ;
#1054 = CARTESIAN_POINT ( 'NONE',  ( 150.0000000000000000, 14.77013292611521500, 320.0000541252218227 ) ) ;
#1055 = AXIS2_PLACEMENT_3D ( 'NONE', #1687, #2527, #686 ) ;
#1056 = CARTESIAN_POINT ( 'NONE',  ( -56.42459147997303859, -17.36136246577859765, 205.4051851891448166 ) ) ;
#1057 = CARTESIAN_POINT ( 'NONE',  ( -1.819417555723745972, -74.99096119976178443, 67.26551871438380203 ) ) ;
#1058 = CARTESIAN_POINT ( 'NONE',  ( 1.907686475920280733, -14.87480540429338483, -66.10224707556027113 ) ) ;
#1059 = CARTESIAN_POINT ( 'NONE',  ( 0.8506686895733360787, -80.72895800008463141, 180.5990884271745927 ) ) ;
#1060 = CARTESIAN_POINT ( 'NONE',  ( 55.43352450434293388, 9.557879841706116153, 226.4234727364798800 ) ) ;
#1061 = CARTESIAN_POINT ( 'NONE',  ( 150.0000000000000853, -6.834930632268858552, 393.7681184507002285 ) ) ;
#1062 = CARTESIAN_POINT ( 'NONE',  ( -0.9513459831525490351, -42.52994546482634775, -47.45402240099046764 ) ) ;
#1063 = CARTESIAN_POINT ( 'NONE',  ( 0.5120851727837461009, 45.98408210575418309, 252.6190356612356140 ) ) ;
#1064 = CARTESIAN_POINT ( 'NONE',  ( 35.66697731966415574, -11.64039430091011873, 495.5372216640326997 ) ) ;
#1065 = CARTESIAN_POINT ( 'NONE',  ( -43.87126447065611501, -27.99373808194799196, -17.53171666570640852 ) ) ;
#1066 = CARTESIAN_POINT ( 'NONE',  ( 11.87753674811280824, 22.01321616650771773, 424.9228753704809378 ) ) ;
#1067 = CARTESIAN_POINT ( 'NONE',  ( -12.52528841461508868, -25.23074271479542574, -58.47951133421699410 ) ) ;
#1068 = CARTESIAN_POINT ( 'NONE',  ( -42.60652105880237173, 30.35201058883452419, 345.2738653162223272 ) ) ;
#1069 = ORIENTED_EDGE ( 'NONE', *, *, #926, .F. ) ;
#1070 = CARTESIAN_POINT ( 'NONE',  ( -58.25290755994795688, -17.92878828863025120, 415.0040466466719522 ) ) ;
#1071 = CARTESIAN_POINT ( 'NONE',  ( -0.9419369969250757091, 38.87366631406933948, 332.0309586039868464 ) ) ;
#1072 = CARTESIAN_POINT ( 'NONE',  ( -3.335853531519196835, -36.44545181815315260, -54.69810555838980548 ) ) ;
#1073 = CARTESIAN_POINT ( 'NONE',  ( 3.246870559986947402, -69.27317359988197154, 28.93289519100172669 ) ) ;
#1074 = SURFACE_STYLE_USAGE ( .BOTH. , #88 ) ;
#1075 = CARTESIAN_POINT ( 'NONE',  ( -149.9999999999997442, -7.370038410795642037, 283.8776627504177554 ) ) ;
#1076 = CARTESIAN_POINT ( 'NONE',  ( 0.000000000000000000, 34.15347802815850997, 41.94911547631893001 ) ) ;
#1077 = CARTESIAN_POINT ( 'NONE',  ( 149.9999999999998010, -6.962528604779465446, 370.1972280709401844 ) ) ;
#1078 = CARTESIAN_POINT ( 'NONE',  ( 28.33359194811204773, -49.08639247701021446, -13.24810172851660539 ) ) ;
#1079 = CARTESIAN_POINT ( 'NONE',  ( -1.371592355364178228, 6.821518167627450779, 500.7095233472878135 ) ) ;
#1080 = CARTESIAN_POINT ( 'NONE',  ( 55.93739272539856699, -19.76815394419539729, 14.44966888112468517 ) ) ;
#1081 = CARTESIAN_POINT ( 'NONE',  ( 45.58033148481653996, -45.28082619569684653, 14.44966888112473846 ) ) ;
#1082 = CARTESIAN_POINT ( 'NONE',  ( -42.82036082025610568, 34.45865616707600765, 314.7613887647807474 ) ) ;
#1083 = ORIENTED_EDGE ( 'NONE', *, *, #1033, .T. ) ;
#1084 = CARTESIAN_POINT ( 'NONE',  ( 0.7575357057342070322, -53.81234137143071194, 472.5336757564019763 ) ) ;
#1085 = CARTESIAN_POINT ( 'NONE',  ( -1.412905495387613675, 40.21919022833552049, 320.0005269926185747 ) ) ;
#1086 = CARTESIAN_POINT ( 'NONE',  ( 9.631319324692816153, -9.937326209155806112, 546.2879777790365097 ) ) ;
#1087 = CARTESIAN_POINT ( 'NONE',  ( 0.5725577439240580047, 23.09808650977305433, 429.9216912165479130 ) ) ;
#1088 = CARTESIAN_POINT ( 'NONE',  ( -150.0000000000001421, -4.846990274006465427, 221.2411216896815631 ) ) ;
#1089 = CARTESIAN_POINT ( 'NONE',  ( 27.23222707604101345, -67.46644474832713456, 55.80701579812455293 ) ) ;
#1090 = CARTESIAN_POINT ( 'NONE',  ( 0.9489435702740910417, -1.972889249273659606, -51.67460940504316369 ) ) ;
#1091 = CARTESIAN_POINT ( 'NONE',  ( 0.8969161214801614213, -77.08697825213100430, 92.67158989399042923 ) ) ;
#1092 = CARTESIAN_POINT ( 'NONE',  ( 53.35623814217884586, 16.83228722618856921, 246.4189050667629601 ) ) ;
#1093 = CARTESIAN_POINT ( 'NONE',  ( 9.342783155417013319, -69.69704838428934579, 399.9022282682116156 ) ) ;
#1094 = CARTESIAN_POINT ( 'NONE',  ( 0.000000000000000000, -49.10107839069928559, -36.97038650672747195 ) ) ;
#1095 = CARTESIAN_POINT ( 'NONE',  ( -2.865643619534015141, -19.79597498845155457, -71.17153684286878956 ) ) ;
#1096 = CARTESIAN_POINT ( 'NONE',  ( 1.233990355185962222E-09, -36.59772115997137831, -54.64059975017853787 ) ) ;
#1097 = CARTESIAN_POINT ( 'NONE',  ( 1.005968528606214107, 32.03284778517833331, 380.7173133528380049 ) ) ;
#1098 = CARTESIAN_POINT ( 'NONE',  ( 1.502553249998993978, -50.02918699649805490, 486.4859459190105895 ) ) ;
#1099 = CARTESIAN_POINT ( 'NONE',  ( 7.189961064043363770, -9.266056063442162483, 554.1745012121198215 ) ) ;
#1100 = CARTESIAN_POINT ( 'NONE',  ( 1.331304062742782568, 10.42035447031314632, 486.5845591189742549 ) ) ;
#1101 = CARTESIAN_POINT ( 'NONE',  ( 2.851037499698558353, -46.14933570066592239, -42.23925096343887731 ) ) ;
#1102 = B_SPLINE_CURVE_WITH_KNOTS ( 'NONE', 3,
 ( #1019, #1856, #821, #2473, #670, #2278, #1871, #1670, #614, #2460, #31, #1643, #65, #78, #627, #641, #655, #1420, #2235, #437, #1234, #246, #2251, #867, #1208, #505, #1738, #2097, #1919, #144 ),
 .UNSPECIFIED., .F., .F.,
 ( 4, 2, 2, 2, 2, 2, 2, 2, 2, 2, 2, 2, 2, 2, 4 ),
 ( 3.227891107075167021E-16, 0.008766158142649978224, 0.01095769767831239125, 0.01314923721397480254, 0.01753231628529962685, 0.02191539535662445290, 0.02410693489228686592, 0.02629847442794927895, 0.03506463257059893451, 0.04383079071324858661, 0.04821386978457340572, 0.05259694885589821789, 0.06136310699854786999, 0.06574618606987270297, 0.07012926514119752208 ),
 .UNSPECIFIED. ) ;
#1103 = CARTESIAN_POINT ( 'NONE',  ( -12.46229530001277652, -2.572497710891440637, -46.23969499504121217 ) ) ;
#1104 = CARTESIAN_POINT ( 'NONE',  ( -73.83880539362290563, -59.24824856767471459, 219.7049704555995788 ) ) ;
#1105 = CARTESIAN_POINT ( 'NONE',  ( 77.40947463289504071, 21.01930611802427151, 121.3389839466043583 ) ) ;
#1106 = CARTESIAN_POINT ( 'NONE',  ( 52.55425713041052660, -47.11865743474584178, 413.2414131368510084 ) ) ;
#1107 = CARTESIAN_POINT ( 'NONE',  ( 56.40443265451214216, -18.27286377055314404, 206.8078958798442955 ) ) ;
#1108 = CARTESIAN_POINT ( 'NONE',  ( 149.9999999999996589, 3.010335517173705178, 393.8851699768119943 ) ) ;
#1109 = CARTESIAN_POINT ( 'NONE',  ( -1.910429079689343501, -19.79771651802625598, -71.15970442798436579 ) ) ;
#1110 = CARTESIAN_POINT ( 'NONE',  ( 37.19508911676592078, -52.90187864719356270, 14.44966888112468162 ) ) ;
#1111 = CARTESIAN_POINT ( 'NONE',  ( -10.71961130750829305, 36.07779793481478237, 62.31912070581579144 ) ) ;
#1112 = CARTESIAN_POINT ( 'NONE',  ( -11.87753674811280824, 22.01321616650771773, 424.9228753704809378 ) ) ;
#1113 = CARTESIAN_POINT ( 'NONE',  ( -12.51282440341058688, -34.00991843483502208, -51.29093330795326011 ) ) ;
#1114 = CARTESIAN_POINT ( 'NONE',  ( 0.9462317272739826368, 1.580906215184355590, -46.59094046645357423 ) ) ;
#1115 = CARTESIAN_POINT ( 'NONE',  ( 0.8279739086119172198, -81.15197596236258448, 229.0262409864187703 ) ) ;
#1116 = CARTESIAN_POINT ( 'NONE',  ( 0.000000000000000000, 37.42084218078985458, 58.72214691171561185 ) ) ;
#1117 = CARTESIAN_POINT ( 'NONE',  ( 52.23038633704913991, -11.85043651959518130, 362.2649663133792046 ) ) ;
#1118 = CARTESIAN_POINT ( 'NONE',  ( 56.22136681509284983, -21.95830415264659408, 214.9413780479917762 ) ) ;
#1119 = CARTESIAN_POINT ( 'NONE',  ( -43.83787817626068062, -10.85535593286895306, -17.51646627122327970 ) ) ;
#1120 = CARTESIAN_POINT ( 'NONE',  ( 1.234707177600035976E-09, -32.28946839016258252, -59.02309469762951721 ) ) ;
#1121 = EDGE_CURVE ( 'NONE', #644, #2477, #1705, .T. ) ;
#1122 = CARTESIAN_POINT ( 'NONE',  ( -54.82390645621840264, 12.55502082587985413, 233.5480463257898407 ) ) ;
#1123 = CARTESIAN_POINT ( 'NONE',  ( 28.57099150605616344, -24.86805759457658738, -44.02525675467146726 ) ) ;
#1124 = CARTESIAN_POINT ( 'NONE',  ( 0.5962991954493902513, 20.14399605289213824, 444.2252999659614829 ) ) ;
#1125 = CARTESIAN_POINT ( 'NONE',  ( -56.45479911151812047, -15.32409550601231807, 202.6355672451341263 ) ) ;
#1126 = CARTESIAN_POINT ( 'NONE',  ( -86.78479610272228228, -8.426922040965695970, 51.82892328279097427 ) ) ;
#1127 = CARTESIAN_POINT ( 'NONE',  ( -26.46842816646480756, -71.77572737563548344, 92.04857878244095559 ) ) ;
#1128 = CARTESIAN_POINT ( 'NONE',  ( -0.8232861172484648993, 37.52274279518023548, 58.77084347987265289 ) ) ;
#1129 = CARTESIAN_POINT ( 'NONE',  ( -0.7901499301132046682, -69.98854828411587903, 401.0483601051953997 ) ) ;
#1130 = CARTESIAN_POINT ( 'NONE',  ( 56.43770889582800976, -16.63380663107501078, 204.3598371959161284 ) ) ;
#1131 = CARTESIAN_POINT ( 'NONE',  ( -20.83281673801534950, -71.50086781543122072, 377.4958969591941127 ) ) ;
#1132 = CARTESIAN_POINT ( 'NONE',  ( -0.9552145398446717506, -19.79945804760096095, -71.14787201309992781 ) ) ;
#1133 = CARTESIAN_POINT ( 'NONE',  ( 1.233393218018003174E-09, -39.30292401047710626, -51.54619232213975977 ) ) ;
#1134 = CARTESIAN_POINT ( 'NONE',  ( 0.000000000000000000, 40.74795199264384848, 79.83585004708851329 ) ) ;
#1135 = CARTESIAN_POINT ( 'NONE',  ( 48.87671600598984867, 11.59101201867309783, 351.9235384047881894 ) ) ;
#1136 = CARTESIAN_POINT ( 'NONE',  ( 2.109836334315450479, 3.066047688892955314, 514.8735652113953165 ) ) ;
#1137 = CARTESIAN_POINT ( 'NONE',  ( -3.337791321852436877, -32.17854187891999374, -59.05904342381649741 ) ) ;
#1138 = CARTESIAN_POINT ( 'NONE',  ( -56.33277253066618329, -0.7343208053013621228, 208.3958578420063645 ) ) ;
#1139 = CARTESIAN_POINT ( 'NONE',  ( 2.781263947678897175, -70.02395002133964397, 29.32605745330170066 ) ) ;
#1140 = CARTESIAN_POINT ( 'NONE',  ( -0.6161072361437418543, 47.71231197339022856, 180.5334442090090192 ) ) ;
#1141 = CARTESIAN_POINT ( 'NONE',  ( 0.000000000000000000, -81.11379336801954310, 229.0959203413409284 ) ) ;
#1142 = CARTESIAN_POINT ( 'NONE',  ( 56.44879077405048662, -15.86144759867543641, 203.3231423214623135 ) ) ;
#1143 = CARTESIAN_POINT ( 'NONE',  ( 0.7641487173021874746, -57.50757366295151485, 458.5319277877706554 ) ) ;
#1144 = CARTESIAN_POINT ( 'NONE',  ( -2.846830710822273236, -1.888371530433603951, -51.63176871257518741 ) ) ;
#1145 = CARTESIAN_POINT ( 'NONE',  ( -2.471967271255240624E-17, -12.17473457347223231, -62.84549848010181705 ) ) ;
#1146 = CARTESIAN_POINT ( 'NONE',  ( 1.766877480964753611, 28.41324036064381175, 17.19561693595092322 ) ) ;
#1147 = CARTESIAN_POINT ( 'NONE',  ( 150.0000000000001705, -0.7914195837996991223, 209.7242141555290402 ) ) ;
#1148 = CARTESIAN_POINT ( 'NONE',  ( 1.451531298192344277, -4.583017096774475441, 541.4743903544048180 ) ) ;
#1149 = CARTESIAN_POINT ( 'NONE',  ( -87.11531528694212057, -15.87539848474121840, 39.59608218132605373 ) ) ;
#1150 = CARTESIAN_POINT ( 'NONE',  ( 0.000000000000000000, 11.73449225725467926, -28.51670946738130752 ) ) ;
#1151 = CARTESIAN_POINT ( 'NONE',  ( 0.000000000000000000, -73.34685314614938534, 54.45304635361954126 ) ) ;
#1152 = CARTESIAN_POINT ( 'NONE',  ( 17.90558932272608672, 45.27588651669087483, 188.1410139065363012 ) ) ;
#1153 = CARTESIAN_POINT ( 'NONE',  ( 23.30339123873645235, -78.29583701687080577, 234.3245116658933114 ) ) ;
#1154 = CARTESIAN_POINT ( 'NONE',  ( -0.000000000000000000, -25.26080744263812505, -65.15311114311535334 ) ) ;
#1155 = CARTESIAN_POINT ( 'NONE',  ( -9.342783155417013319, -69.69704838428934579, 399.9022282682116156 ) ) ;
#1156 = CARTESIAN_POINT ( 'NONE',  ( -0.9429501939302636915, 4.886886460646159058, -41.31700136380539590 ) ) ;
#1157 = CARTESIAN_POINT ( 'NONE',  ( 9.651433610354644088, -29.31336495696402267, 548.6446894745539566 ) ) ;
#1158 = CARTESIAN_POINT ( 'NONE',  ( -26.35674988608645464, 25.04923993672376170, 32.44508452609948534 ) ) ;
#1159 = CARTESIAN_POINT ( 'NONE',  ( 0.7317949095089628653, -9.968616617790203804, 558.9098446958789737 ) ) ;
#1160 = MANIFOLD_SOLID_BREP ( 'Lustro1', #1181 ) ;
#1161 = CARTESIAN_POINT ( 'NONE',  ( 0.9543643342346599390, -15.76863046527198620, -73.35566284229047085 ) ) ;
#1162 = CARTESIAN_POINT ( 'NONE',  ( 1.866611727019490408, 11.87816490467868569, -28.42495731499281675 ) ) ;
#1163 = CARTESIAN_POINT ( 'NONE',  ( -53.99376522355691321, -22.28162096595698927, 249.9380143859971497 ) ) ;
#1164 = CARTESIAN_POINT ( 'NONE',  ( 47.66603692990846497, 18.68161657458673020, 299.3736835281314370 ) ) ;
#1165 = CARTESIAN_POINT ( 'NONE',  ( 23.75271063593115173, -77.90926051244422013, 211.4653806746053135 ) ) ;
#1166 = CARTESIAN_POINT ( 'NONE',  ( -0.9539918533252579325, -20.52086321914339351, -69.25396804626439007 ) ) ;
#1167 = CARTESIAN_POINT ( 'NONE',  ( -20.49741586367797908, -61.53617672303631281, 14.44966888112472070 ) ) ;
#1168 = CARTESIAN_POINT ( 'NONE',  ( -55.74309498681974873, -15.82797506869048121, 392.1736765880806388 ) ) ;
#1169 = CARTESIAN_POINT ( 'NONE',  ( -1.897887140548182083, -1.930630389853631890, -51.65318905880917555 ) ) ;
#1170 = CARTESIAN_POINT ( 'NONE',  ( 7.266565677771215981, -34.16443127491972120, 540.6063951576571753 ) ) ;
#1171 = CARTESIAN_POINT ( 'NONE',  ( 0.000000000000000000, 47.06380252744634163, 155.7186040356210128 ) ) ;
#1172 = PRODUCT_DEFINITION_SHAPE ( 'NONE', 'NONE',  #1186 ) ;
#1173 = CARTESIAN_POINT ( 'NONE',  ( -7.182069076493386106, -7.765377059782173852, 549.2849336186909568 ) ) ;
#1174 = CARTESIAN_POINT ( 'NONE',  ( -56.45745274585014783, -15.04210054202895464, 202.2962196764084126 ) ) ;
#1175 = CARTESIAN_POINT ( 'NONE',  ( -85.15847978174487309, 3.904776106732709806, 71.64136231852130265 ) ) ;
#1176 = CARTESIAN_POINT ( 'NONE',  ( 1.864400800668027047, -67.54149748886867144, 16.73083100695098580 ) ) ;
#1177 = CARTESIAN_POINT ( 'NONE',  ( 52.51231461823631719, 36.78377033823687015, 237.1480678699628015 ) ) ;
#1178 = CARTESIAN_POINT ( 'NONE',  ( 10.16616014304456250, -80.45448556206687840, 254.0478625309324343 ) ) ;
#1179 = CARTESIAN_POINT ( 'NONE',  ( 56.47374360373175506, -13.31091255349129732, 200.2129397957361903 ) ) ;
#1180 = CARTESIAN_POINT ( 'NONE',  ( -54.88119694695075879, -26.28245621254035314, 14.44966888112440451 ) ) ;
#1181 = CLOSED_SHELL ( 'NONE', ( #1542, #1395, #1457, #761, #2389, #788, #223 ) ) ;
#1182 = CARTESIAN_POINT ( 'NONE',  ( -8.377149940162730957, -56.92105297426658694, 457.7183155873057672 ) ) ;
#1183 = CARTESIAN_POINT ( 'NONE',  ( 86.78479610272228228, -8.426922040965695970, 51.82892328279097427 ) ) ;
#1184 = CARTESIAN_POINT ( 'NONE',  ( 59.98579577901529802, -17.18205410068656391, 446.5760037899505051 ) ) ;
#1185 = CARTESIAN_POINT ( 'NONE',  ( -50.87203371489453474, 19.93273469430910438, 264.0063586441475536 ) ) ;
#1186 = PRODUCT_DEFINITION ( 'UNKNOWN', '', #268, #1893 ) ;
#1187 = CARTESIAN_POINT ( 'NONE',  ( 149.9999999999999716, -0.002177564301553689460, 209.5994620433538387 ) ) ;
#1188 = CARTESIAN_POINT ( 'NONE',  ( 35.60447105139471802, -13.62282190332221887, 502.3110443960222824 ) ) ;
#1189 = CARTESIAN_POINT ( 'NONE',  ( -2.463040405063526617, 2.764101418705058322, 515.2409785199594126 ) ) ;
#1190 = CARTESIAN_POINT ( 'NONE',  ( -3.302439984836303744, -58.72586308767706953, -14.16339988746103984 ) ) ;
#1191 = CARTESIAN_POINT ( 'NONE',  ( 0.000000000000000000, -81.00153429719892983, 252.6353187087084677 ) ) ;
#1192 = CARTESIAN_POINT ( 'NONE',  ( -45.58033148481653996, -45.28082619569684653, 14.44966888112473846 ) ) ;
#1193 = CARTESIAN_POINT ( 'NONE',  ( 0.000000000000000000, -76.33378233341784380, 354.6876482584478367 ) ) ;
#1194 = CARTESIAN_POINT ( 'NONE',  ( 12.51122854236293591, -10.32226976056000467, -55.36644004333045643 ) ) ;
#1195 = CARTESIAN_POINT ( 'NONE',  ( 0.000000000000000000, -30.00000000000000000, 558.9422371214550367 ) ) ;
#1196 = CARTESIAN_POINT ( 'NONE',  ( -2.796601201002040682, -67.65534475208197307, 16.79213081468282454 ) ) ;
#1197 = CARTESIAN_POINT ( 'NONE',  ( 0.7461940103012556502, 43.80372440424493874, 105.2564511888949568 ) ) ;
#1198 = CARTESIAN_POINT ( 'NONE',  ( -35.66106005593005079, -25.50521667275220139, 502.3113495257247791 ) ) ;
#1199 = CARTESIAN_POINT ( 'NONE',  ( -3.295740538406582765, -60.66268119429104644, -8.171243665031143522 ) ) ;
#1200 = CARTESIAN_POINT ( 'NONE',  ( 11.18219437242983005, -77.94723555207765742, 133.5033614654351481 ) ) ;
#1201 = CARTESIAN_POINT ( 'NONE',  ( -48.19400975682385990, 2.417110685653830249, 14.44966888112467984 ) ) ;
#1202 = CARTESIAN_POINT ( 'NONE',  ( 2.419201547309754119, -78.08707853442753333, 332.1141236720588950 ) ) ;
#1203 = CARTESIAN_POINT ( 'NONE',  ( 55.14185912003974011, 11.14502422987850849, 230.0543043816361433 ) ) ;
#1204 = CARTESIAN_POINT ( 'NONE',  ( -0.7406182843886184308, -42.09085471190753935, 514.7480219725069901 ) ) ;
#1205 = CARTESIAN_POINT ( 'NONE',  ( -2.828864625030010682, -59.37911195457018465, -13.81798411927377579 ) ) ;
#1206 = CARTESIAN_POINT ( 'NONE',  ( -9.650457210473206260, 42.47422119080876257, 108.3197917343866408 ) ) ;
#1207 = CARTESIAN_POINT ( 'NONE',  ( 36.00285309233927933, -6.792297079197776810, 479.3729591887034758 ) ) ;
#1208 = CARTESIAN_POINT ( 'NONE',  ( 11.40571843796385743, 24.87517100001944215, 14.44966888112472247 ) ) ;
#1209 = CARTESIAN_POINT ( 'NONE',  ( -7.210844044683224929, -30.57681203817481830, 554.1287103108370502 ) ) ;
#1210 = CARTESIAN_POINT ( 'NONE',  ( 1.895697850369997273, -52.13726925565357107, -31.34034517759345206 ) ) ;
#1211 = CARTESIAN_POINT ( 'NONE',  ( -1.793832242960322843, -77.19148388271621286, 92.70130953252571260 ) ) ;
#1212 = CARTESIAN_POINT ( 'NONE',  ( -0.000000000000000000, -20.00000000003709033, -65.55068789015383857 ) ) ;
#1213 = FILL_AREA_STYLE ('',( #814 ) ) ;
#1214 = CARTESIAN_POINT ( 'NONE',  ( -69.77666443517387052, -60.65754417310441937, 271.3191305105466995 ) ) ;
#1215 = CARTESIAN_POINT ( 'NONE',  ( 85.69083615468348114, 1.184676353268040661, 66.40827568370886524 ) ) ;
#1216 = CARTESIAN_POINT ( 'NONE',  ( -1.502553249998993978, -50.02918699649805490, 486.4859459190105895 ) ) ;
#1217 = CARTESIAN_POINT ( 'NONE',  ( 12.22027440263713949, -63.51937948498553510, 10.60395131229715382 ) ) ;
#1218 = CARTESIAN_POINT ( 'NONE',  ( 0.6161072361437418543, 47.71231197339022856, 180.5334442090090192 ) ) ;
#1219 = CARTESIAN_POINT ( 'NONE',  ( 35.77127347892401588, -9.639532146028656712, 488.8322980861877340 ) ) ;
#1220 = CARTESIAN_POINT ( 'NONE',  ( -28.56010164792775896, -29.08120341104138618, -41.03926139230429726 ) ) ;
#1221 = CARTESIAN_POINT ( 'NONE',  ( -28.57099150605616344, -24.86805759457658738, -44.02525675467146726 ) ) ;
#1222 = CARTESIAN_POINT ( 'NONE',  ( -7.453132846343249795, -65.43292540465679963, 14.44966888112474379 ) ) ;
#1223 = CARTESIAN_POINT ( 'NONE',  ( 0.7331742326415640054, -32.38625070294835240, 550.0655850862726766 ) ) ;
#1224 = CARTESIAN_POINT ( 'NONE',  ( 149.9999999999999716, 16.36900979716714133, 304.7041830578932036 ) ) ;
#1225 = CARTESIAN_POINT ( 'NONE',  ( 2.828864625030010682, -59.37911195457018465, -13.81798411927377579 ) ) ;
#1226 = CARTESIAN_POINT ( 'NONE',  ( -0.8881031184173318049, -78.21937350714924264, 109.6138059135877825 ) ) ;
#1227 = CARTESIAN_POINT ( 'NONE',  ( -56.52914563521074598, -13.16024702830548954, 195.5971044673015626 ) ) ;
#1228 = CARTESIAN_POINT ( 'NONE',  ( -22.02023117920207085, -74.70289784985359915, 352.5007133517669899 ) ) ;
#1229 = CARTESIAN_POINT ( 'NONE',  ( 3.289006796241746411, 7.681208134219242645, -36.06530541306337057 ) ) ;
#1230 = CARTESIAN_POINT ( 'NONE',  ( 2.676220618036833532, -57.34822367749845284, 458.5462890145608981 ) ) ;
#1231 = CARTESIAN_POINT ( 'NONE',  ( 149.9999999999993463, -6.001044110374134100, 231.6658960644401759 ) ) ;
#1232 = CARTESIAN_POINT ( 'NONE',  ( -1.713508947173772556, 44.39393462227350540, 275.9439818675760421 ) ) ;
#1233 = CARTESIAN_POINT ( 'NONE',  ( -2.109836334315450479, 3.066047688892955314, 514.8735652113953165 ) ) ;
#1234 = CARTESIAN_POINT ( 'NONE',  ( 22.41618667557523281, 20.95793999003684860, 14.44966888112473846 ) ) ;
#1235 = CARTESIAN_POINT ( 'NONE',  ( 0.000000000000000000, 23.07731326548116613, 429.8900929289059150 ) ) ;
#1236 = CARTESIAN_POINT ( 'NONE',  ( -56.47222662334310428, -10.73253813008764013, 199.8898963106549331 ) ) ;
#1237 = B_SPLINE_SURFACE_WITH_KNOTS ( 'NONE', 3, 3, ( 
 ( #2553, #391, #2158, #1195, #599, #578, #985, #1383, #183, #961 ),
 ( #2000, #1555, #1790, #366, #169, #157, #1157, #2580, #2393, #588 ),
 ( #2354, #1765, #1779, #2195, #1592, #973, #772, #1582, #1184, #1978 ),
 ( #400, #1954, #205, #994, #1800, #792, #1601, #2383, #2403, #2567 ),
 ( #553, #758, #1568, #1406, #378, #1170, #2186, #1991, #196, #15 ),
 ( #1416, #1045, #1258, #410, #446, #1867, #215, #1622, #1852, #610 ),
 ( #2427, #434, #1204, #2011, #1610, #1004, #1811, #2247, #2218, #460 ),
 ( #2443, #254, #638, #2035, #227, #2063, #272, #803, #61, #421 ),
 ( #2413, #1216, #1838, #1653, #2456, #1442, #2048, #1245, #2021, #1015 ),
 ( #242, #651, #28, #1030, #1456, #1824, #849, #817, #42, #1061 ),
 ( #624, #1429, #831, #2231, #1230, #1639, #76, #2261, #864, #1668 ),
 ( #2470, #667, #2206, #2318, #2486, #488, #1712, #1106, #2291, #1515 ),
 ( #721, #1318, #1488, #2131, #302, #2512, #710, #2328, #1699, #1077 ),
 ( #698, #2119, #1684, #683, #338, #526, #2500, #1884, #1504, #2306 ),
 ( #1291, #2095, #1129, #502, #91, #1093, #315, #1527, #1117, #1305 ),
 ( #1916, #514, #2108, #141, #1330, #473, #2525, #327, #1928, #1724 ),
 ( #906, #1939, #1902, #130, #287, #879, #107, #931, #1734, #892 ),
 ( #119, #919, #2537, #1472, #2275, #1274, #2079, #2350, #2575, #767 ),
 ( #2549, #201, #2167, #1950, #2378, #2588, #153, #778, #1774, #944 ),
 ( #1577, #742, #1588, #989, #968, #1378, #573, #560, #1352, #2388 ),
 ( #350, #2181, #1551, #549, #537, #1747, #373, #191, #980, #385 ),
 ( #1996, #1795, #1785, #1191, #2154, #1178, #362, #1365, #1986, #2191 ),
 ( #178, #584, #2142, #1141, #1538, #164, #1153, #955, #731, #396 ),
 ( #753, #2338, #1961, #1759, #1341, #2562, #1165, #1390, #1563, #2364 ),
 ( #1973, #799, #37, #1806, #1848, #2437, #11, #647, #1412, #1025 ),
 ( #2398, #1000, #2227, #2043, #251, #1833, #633, #1634, #1597, #606 ),
 ( #2423, #1041, #417, #1425, #56, #1200, #828, #594, #430, #845 ),
 ( #1606, #2408, #1226, #222, #2201, #812, #1649, #23, #1254, #2213 ),
 ( #2257, #1211, #456, #2017, #2031, #1011, #620, #1402, #1619, #2453 ),
 ( #1820, #1438, #237, #2241, #406, #442, #1452, #1241, #2059, #2006 ),
 ( #267, #1057, #1, #787, #211, #663, #1500, #103, #2075, #1468 ),
 ( #875, #1680, #2482, #484, #87, #2302, #888, #72, #1898, #1287 ),
 ( #298, #2496, #1695, #2091, #679, #283, #1089, #860, #2271, #694 ),
 ( #1484, #1270, #1863, #1880, #1073, #2287, #1664, #2466, #470, #1654 ),
 ( #1196, #2196, #62, #2022, #1801, #2232, #2444, #6, #639, #1623 ),
 ( #1443, #2012, #2248, #1005, #2001, #1217, #1812, #206, #1016, #1231 ),
 ( #1407, #447, #832, #1246, #793, #2049, #243, #804, #1417, #1397 ),
 ( #1602, #995, #2404, #625, #600, #255, #850, #818, #2036, #2428 ),
 ( #1205, #1046, #1853, #2207, #1031, #411, #216, #401, #16, #228 ),
 ( #1640, #1430, #435, #1839, #1611, #2414, #611, #422, #589, #2219 ),
 ( #1825, #29, #44, #1458, #1292, #711, #461, #865, #2471, #2096 ),
 ( #2457, #1319, #2513, #2487, #2120, #2064, #1078, #652, #1118, #303 ),
 ( #1669, #1473, #108, #1094, #668, #2501, #2276, #1713, #2307, #474 ),
 ( #1275, #893, #1700, #1517, #92, #273, #880, #1685, #503, #77 ),
 ( #328, #1489, #1062, #2080, #1903, #2319, #2109, #2292, #699, #1505 ),
 ( #489, #1929, #516, #2262, #907, #1306, #317, #120, #1107, #1917 ),
 ( #131, #1885, #920, #1259, #288, #1868, #684, #2155, #538, #1578 ),
 ( #932, #1342, #1735, #561, #768, #2526, #1331, #574, #1130, #2143 ),
 ( #142, #732, #550, #1379, #1539, #2182, #351, #1354, #1142, #2351 ),
 ( #743, #179, #2379, #154, #165, #2538, #1564, #2329, #1951, #1974 ),
 ( #1366, #527, #1552, #945, #754, #969, #2365, #2132, #1940, #386 ),
 ( #363, #1775, #2168, #1154, #1962, #956, #2563, #1760, #1179, #2576 ),
 ( #1987, #374, #1166, #192, #1725, #722, #1528, #2339, #339, #1748 ),
 ( #2550, #38, #1635, #2399, #2439, #2202, #2214, #1391, #990, #2032 ) ),
 .UNSPECIFIED., .F., .F., .F.,
 ( 4, 1, 1, 1, 1, 1, 1, 1, 1, 1, 1, 1, 1, 1, 1, 1, 2, 1, 1, 1, 1, 1, 1, 1, 1, 1, 1, 1, 1, 1, 1, 1, 1, 1, 1, 1, 1, 1, 1, 1, 1, 1, 1, 1, 1, 1, 1, 3, 4 ),
 ( 4, 3, 1, 1, 1, 4 ),
 ( 0.000000000000000000, 0.003438000381725913549, 0.006876000763451830568, 0.01375200152690365767, 0.02750400305380731533, 0.04125600458071097820, 0.05500800610761463760, 0.06876000763451826925, 0.08251200916142198416, 0.09626401068832560193, 0.1100160122152292891, 0.1237680137421329069, 0.1375200152690366218, 0.1512720167959402395, 0.1650240183228439961, 0.1925280213766512039, 0.2200320244304584949, 0.2365194818150795908, 0.2530069391997007977, 0.2694943965843217826, 0.2859818539689429895, 0.3024693113535640854, 0.3189567687381851813, 0.3354442261228062772, 0.3519316835074273730, 0.3684191408920485800, 0.3766628695843591834, 0.3849065982766696759, 0.3931503269689801683, 0.4013940556612907717, 0.4096377843536014862, 0.4178815130459118676, 0.4261252417382224711, 0.4343689704305329635, 0.4384908347766883208, 0.4426126991228435670, 0.4467345634689989242, 0.4508564278151541704, 0.4549782921613095277, 0.4591001565074646629, 0.4632220208536200201, 0.4673438851997751553, 0.4714657495459305125, 0.4755876138920858698, 0.4776485460651635484, 0.4797094782382412270, 0.4817704104113187946, 0.4838313425843963622, 0.4964835579744313887 ),
 ( -0.01000000000000000021, 0.000000000000000000, 0.03502224838491098391, 0.09383257832149248523, 0.1938325783214923659, 1.000000000000000000 ),
 .UNSPECIFIED. ) ;
#1238 = ORIENTED_EDGE ( 'NONE', *, *, #842, .F. ) ;
#1239 = CARTESIAN_POINT ( 'NONE',  ( 1.465488145710722945, -31.07502996632909031, 555.0628137435038525 ) ) ;
#1240 = CARTESIAN_POINT ( 'NONE',  ( -12.30676766400387301, -59.67607458661261433, -3.399091535827473365 ) ) ;
#1241 = CARTESIAN_POINT ( 'NONE',  ( 80.59018846815698112, -54.67136575259554121, 148.1859689518015273 ) ) ;
#1242 = CARTESIAN_POINT ( 'NONE',  ( 0.9552145398446717506, -19.79945804760096095, -71.14787201309992781 ) ) ;
#1243 = CARTESIAN_POINT ( 'NONE',  ( 1.614974158575911645, -79.96174829581768506, 298.0802568072116401 ) ) ;
#1244 = CARTESIAN_POINT ( 'NONE',  ( 150.0000000000000284, 7.321812825929968405, 218.5459688349021121 ) ) ;
#1245 = CARTESIAN_POINT ( 'NONE',  ( 43.91086031887081731, -38.92237591737671210, 445.9643665331878992 ) ) ;
#1246 = CARTESIAN_POINT ( 'NONE',  ( 0.000000000000000000, -62.80477775056648682, -1.900891426489738967 ) ) ;
#1247 = CARTESIAN_POINT ( 'NONE',  ( -149.9999999999998010, 15.67153765998659942, 312.2062866230721170 ) ) ;
#1248 = CARTESIAN_POINT ( 'NONE',  ( 36.87704838372232530, 0.06862354129085444787, 457.0708091009332747 ) ) ;
#1249 = CARTESIAN_POINT ( 'NONE',  ( 56.46072835574226190, -7.100693042511314168, 201.4215304742616581 ) ) ;
#1250 = CARTESIAN_POINT ( 'NONE',  ( -87.01549444135697797, -17.58056151475303253, 45.30201633886798618 ) ) ;
#1251 = CARTESIAN_POINT ( 'NONE',  ( 0.000000000000000000, 28.59958286175763931, 400.6555249589480923 ) ) ;
#1252 = CARTESIAN_POINT ( 'NONE',  ( -149.9999999999999716, -6.250264775982728338, 440.0305525103658510 ) ) ;
#1253 = CARTESIAN_POINT ( 'NONE',  ( -3.328324782304616480, -45.70254741371168450, -42.44175074588434171 ) ) ;
#1254 = CARTESIAN_POINT ( 'NONE',  ( 53.60831894491192884, -21.28402283018909813, 253.8481437945783057 ) ) ;
#1255 = CARTESIAN_POINT ( 'NONE',  ( -12.54926442142181209, -19.83559714904187743, -65.17547834017919683 ) ) ;
#1256 = CARTESIAN_POINT ( 'NONE',  ( -78.63166401870097388, -56.46246000319813163, 169.1774943972003484 ) ) ;
#1257 = CARTESIAN_POINT ( 'NONE',  ( -0.8988173065986810872, 24.74562245569138952, 4.905429404791115111 ) ) ;
#1258 = CARTESIAN_POINT ( 'NONE',  ( -0.7366180386918107503, -38.08557720426791349, 529.1296670001825078 ) ) ;
#1259 = CARTESIAN_POINT ( 'NONE',  ( 0.000000000000000000, -36.59772115991504648, -54.64059975019979021 ) ) ;
#1260 = CARTESIAN_POINT ( 'NONE',  ( 0.4892629760207006240, 44.45612882444888214, 275.6643461148192387 ) ) ;
#1261 = CARTESIAN_POINT ( 'NONE',  ( 0.000000000000000000, -4.664387618694376236, 541.5776915351184471 ) ) ;
#1262 = CARTESIAN_POINT ( 'NONE',  ( 12.51825274770555119, -12.43080600465315655, -57.10933880254535211 ) ) ;
#1263 = CARTESIAN_POINT ( 'NONE',  ( 2.005225952241261655, 23.00456069334608245, 429.7794286210721566 ) ) ;
#1264 = CARTESIAN_POINT ( 'NONE',  ( -56.47222662334311138, -10.28411895141965005, 199.8980764403927708 ) ) ;
#1265 = CARTESIAN_POINT ( 'NONE',  ( -48.87671600598984867, 11.59101201867309783, 351.9235384047881894 ) ) ;
#1266 = ORIENTED_EDGE ( 'NONE', *, *, #415, .T. ) ;
#1267 = CARTESIAN_POINT ( 'NONE',  ( 1.515071411468414064, -53.85322992825432209, 472.5124999607998575 ) ) ;
#1268 = CARTESIAN_POINT ( 'NONE',  ( 13.20776690004548115, 35.51755634591616229, 352.3468663762320716 ) ) ;
#1269 = CARTESIAN_POINT ( 'NONE',  ( -3.334239287029942655, -39.12492672041813080, -51.61791862523669039 ) ) ;
#1270 = CARTESIAN_POINT ( 'NONE',  ( -1.854175965119264857, -69.90848547803236102, 29.26559164781730971 ) ) ;
#1271 = PRESENTATION_STYLE_ASSIGNMENT (( #1074 ) ) ;
#1272 = CARTESIAN_POINT ( 'NONE',  ( 0.8635388935281116396, -80.16739951752704485, 155.8062700475962572 ) ) ;
#1273 = CARTESIAN_POINT ( 'NONE',  ( 0.000000000000000000, 40.74795199264384848, 79.83585004708851329 ) ) ;
#1274 = CARTESIAN_POINT ( 'NONE',  ( 9.946297514209035739, -77.91804623338890678, 331.7075762636822560 ) ) ;
#1275 = CARTESIAN_POINT ( 'NONE',  ( -2.851037499698558353, -46.14933570066592239, -42.23925096343887731 ) ) ;
#1276 = CARTESIAN_POINT ( 'NONE',  ( 2.331263078060942462, 10.18293184117968941, 486.7884037760323963 ) ) ;
#1277 = CARTESIAN_POINT ( 'NONE',  ( 55.58475977844290128, -23.05170393901121884, 14.44966888112469938 ) ) ;
#1278 = CARTESIAN_POINT ( 'NONE',  ( 2.088373853475112618, 20.02118164067743322, 444.1606853142330920 ) ) ;
#1279 = CARTESIAN_POINT ( 'NONE',  ( -149.9999999999999716, -1.955878096332352101, 210.7835374966635698 ) ) ;
#1280 = CARTESIAN_POINT ( 'NONE',  ( -1.925100097286686074, 25.85227023461058238, 415.2282052245307113 ) ) ;
#1281 = EDGE_LOOP ( 'NONE', ( #1238, #292, #659, #2238, #824 ) ) ;
#1282 = CARTESIAN_POINT ( 'NONE',  ( 0.7512766249994969892, -49.98411738027655815, 486.5231119541070370 ) ) ;
#1283 = CARTESIAN_POINT ( 'NONE',  ( 0.000000000000000000, 38.87860893774676185, 331.9800661568619944 ) ) ;
#1284 = CARTESIAN_POINT ( 'NONE',  ( -1.463168471159988160, -9.541087452738985064, 557.6191052689168828 ) ) ;
#1285 = CARTESIAN_POINT ( 'NONE',  ( -11.54106037115949945, 18.89842486944788291, 438.8770723758824488 ) ) ;
#1286 = CARTESIAN_POINT ( 'NONE',  ( -149.9999999999994031, -3.928125979796779355, 216.2976994854811608 ) ) ;
#1287 = CARTESIAN_POINT ( 'NONE',  ( 149.9999999999994316, -6.723485626346573873, 244.2055216643992424 ) ) ;
#1288 = CARTESIAN_POINT ( 'NONE',  ( 0.9524719360756089825, -9.975947145280258610, -61.05127630084054857 ) ) ;
#1289 = CARTESIAN_POINT ( 'NONE',  ( -53.60831894491192884, -21.28402283018909813, 253.8481437945783057 ) ) ;
#1290 = CARTESIAN_POINT ( 'NONE',  ( 11.32133923080468918, 30.04935886603911399, 33.43650446410281063 ) ) ;
#1291 = CARTESIAN_POINT ( 'NONE',  ( -2.370449790339614005, -70.00498064364066408, 401.1659161687470601 ) ) ;
#1292 = CARTESIAN_POINT ( 'NONE',  ( 3.314381414759661748, -54.25418021934429902, -25.88212916072503234 ) ) ;
#1293 = CARTESIAN_POINT ( 'NONE',  ( 12.56828236095124929, -24.59226084328281203, -70.07999748860358125 ) ) ;
#1294 = CARTESIAN_POINT ( 'NONE',  ( -12.51122854236293591, -10.32226976056000467, -55.36644004333045643 ) ) ;
#1295 = B_SPLINE_CURVE_WITH_KNOTS ( 'NONE', 3,
 ( #1367, #596, #180, #2589, #202, #800, #2577, #1392, #1403, #755, #562, #957, #1988, #991, #1579, #607, #1413, #2215 ),
 .UNSPECIFIED., .F., .F.,
 ( 4, 2, 2, 2, 2, 2, 2, 2, 4 ),
 ( 0.000000000000000000, 0.001979682215345394264, 0.003959364430690788528, 0.005939046646036182792, 0.007918728861381577055, 0.009898411076726971319, 0.01187809329207236558, 0.01385777550741775985, 0.01583745772276315411 ),
 .UNSPECIFIED. ) ;
#1296 = CARTESIAN_POINT ( 'NONE',  ( 0.5029842643031070537, 32.03122875688352877, 380.6520867096004395 ) ) ;
#1297 = CARTESIAN_POINT ( 'NONE',  ( 0.000000000000000000, -29.31526392690032168, -61.69847574802579260 ) ) ;
#1298 = CARTESIAN_POINT ( 'NONE',  ( 2.236712946563221838, -46.15851575331706869, 500.4716889831356639 ) ) ;
#1299 = CARTESIAN_POINT ( 'NONE',  ( -1.462097396393197579, -8.755891532203142091, 555.1105562664688478 ) ) ;
#1300 = CARTESIAN_POINT ( 'NONE',  ( -10.87137964986494865, 12.27380154565681281, 466.5267389959417415 ) ) ;
#1301 = CARTESIAN_POINT ( 'NONE',  ( 2.858386379871645566, -34.59792815607860206, -56.83670432413610030 ) ) ;
#1302 = CARTESIAN_POINT ( 'NONE',  ( -3.323413742140344684, -2.163148135800812888, -51.77104861990689955 ) ) ;
#1303 = CARTESIAN_POINT ( 'NONE',  ( -10.72238619017426942, -79.69389547573095456, 182.9438262313445023 ) ) ;
#1304 = CARTESIAN_POINT ( 'NONE',  ( 79.05674022718464755, 18.70769894339281336, 112.5241708736267157 ) ) ;
#1305 = CARTESIAN_POINT ( 'NONE',  ( 149.9999999999998010, -7.053761799304735902, 354.9768882891673911 ) ) ;
#1306 = CARTESIAN_POINT ( 'NONE',  ( 12.49948568607702626, -38.65774659530805479, -46.08202769975808621 ) ) ;
#1307 = CARTESIAN_POINT ( 'NONE',  ( 0.000000000000000000, 13.75622029850556061, 472.5436863909573617 ) ) ;
#1308 = CARTESIAN_POINT ( 'NONE',  ( 55.56756113319460866, -13.82273412122125045, 14.44966888112473313 ) ) ;
#1309 = CARTESIAN_POINT ( 'NONE',  ( -56.45460642272249885, -6.411321107084449800, 201.9595448099630346 ) ) ;
#1310 = CARTESIAN_POINT ( 'NONE',  ( -1.850464964290566172, 28.57020904146000362, 400.4539919784762674 ) ) ;
#1311 = FACE_OUTER_BOUND ( 'NONE', #1281, .T. ) ;
#1312 =( GEOMETRIC_REPRESENTATION_CONTEXT ( 3 ) GLOBAL_UNCERTAINTY_ASSIGNED_CONTEXT ( ( #2125 ) ) GLOBAL_UNIT_ASSIGNED_CONTEXT ( ( #2483, #239, #2272 ) ) REPRESENTATION_CONTEXT ( 'NONE', 'WORKASPACE' ) );
#1313 = CARTESIAN_POINT ( 'NONE',  ( 0.000000000000000000, 17.01339730700182074, 458.4116318598639168 ) ) ;
#1314 = CARTESIAN_POINT ( 'NONE',  ( -86.72886542075875127, -32.80664508143681246, 58.48469824939106587 ) ) ;
#1315 = CARTESIAN_POINT ( 'NONE',  ( -86.04165046946579309, -0.9836248390333799385, 62.57548133218611497 ) ) ;
#1316 = CARTESIAN_POINT ( 'NONE',  ( 2.664309355251995637, -78.41572984871520191, 109.6470841745538394 ) ) ;
#1317 = CARTESIAN_POINT ( 'NONE',  ( 24.45514282142428186, 34.03033067479747587, 71.95588844210854518 ) ) ;
#1318 = CARTESIAN_POINT ( 'NONE',  ( -1.555277009158479995, -64.31489016040870865, 430.2502621335015078 ) ) ;
#1319 = CARTESIAN_POINT ( 'NONE',  ( -1.895697850369997273, -52.13726925565357107, -31.34034517759345206 ) ) ;
#1320 = CARTESIAN_POINT ( 'NONE',  ( 150.0000000000003126, 4.384157842436207098, 385.9904724453040785 ) ) ;
#1321 = CARTESIAN_POINT ( 'NONE',  ( 55.76476547961071617, -21.74414438361472079, 14.44966888112469761 ) ) ;
#1322 = CARTESIAN_POINT ( 'NONE',  ( -28.54490598517484301, -11.31614192894636339, -41.62016438133167640 ) ) ;
#1323 = CARTESIAN_POINT ( 'NONE',  ( -82.00022190405498179, 13.41533595200248463, 95.17065037251704496 ) ) ;
#1324 = B_SPLINE_CURVE_WITH_KNOTS ( 'NONE', 3,
 ( #329, #94, #1726, #723, #1119, #712, #1332 ),
 .UNSPECIFIED., .F., .F.,
 ( 4, 1, 1, 1, 4 ),
 ( 0.000000000000000000, 0.03502224838491098391, 0.09383257832149248523, 0.1938325783214923659, 0.2879234743952966413 ),
 .UNSPECIFIED. ) ;
#1325 = CARTESIAN_POINT ( 'NONE',  ( 0.6857961776820891142, 6.775705951531614701, 500.7587486378974972 ) ) ;
#1326 = CARTESIAN_POINT ( 'NONE',  ( -150.0000000000020748, -1.587699843689278412, 209.8982934823786479 ) ) ;
#1327 = CARTESIAN_POINT ( 'NONE',  ( -28.58244982384469424, -15.21890313945408657, -45.70561207615780575 ) ) ;
#1328 = CARTESIAN_POINT ( 'NONE',  ( 1.831585321401327793, -73.57538281033404814, 54.55865810411082606 ) ) ;
#1329 = CARTESIAN_POINT ( 'NONE',  ( 2.883333089012468431, 37.06396331801435196, 58.55160058116674549 ) ) ;
#1330 = CARTESIAN_POINT ( 'NONE',  ( 2.792452311205840143, -73.15914732478299243, 380.6473863880630120 ) ) ;
#1331 = CARTESIAN_POINT ( 'NONE',  ( 28.54115865743538905, -33.16141307421987960, -37.11849018243989207 ) ) ;
#1332 = CARTESIAN_POINT ( 'NONE',  ( -54.84161755817451933, -10.59110313536448444, 14.44966888112443293 ) ) ;
#1333 = CARTESIAN_POINT ( 'NONE',  ( 1.229692481202549803E-09, -49.10107839079901737, -36.97038650668022086 ) ) ;
#1334 = CARTESIAN_POINT ( 'NONE',  ( -150.0000000000000568, 14.41729715668834189, 243.9122022442739706 ) ) ;
#1335 = APPLICATION_CONTEXT ( 'automotive_design' ) ;
#1336 = CARTESIAN_POINT ( 'NONE',  ( -150.0000000000003126, 4.384157842436207098, 385.9904724453040785 ) ) ;
#1337 = CARTESIAN_POINT ( 'NONE',  ( -12.51967498350162522, -30.42977357820698359, -54.72345505564731383 ) ) ;
#1338 = CARTESIAN_POINT ( 'NONE',  ( -150.0000000000000568, 3.860833271709796399, 212.5989338358691612 ) ) ;
#1339 = CARTESIAN_POINT ( 'NONE',  ( 2.747377982101991911, -73.68964764242637955, 54.61146397935647201 ) ) ;
#1340 = CARTESIAN_POINT ( 'NONE',  ( -1.625096845062358186, 47.14373364252509901, 228.9144459501762299 ) ) ;
#1341 = CARTESIAN_POINT ( 'NONE',  ( 2.937251763210297018, -80.82216800015496005, 205.2920890214520853 ) ) ;
#1342 = CARTESIAN_POINT ( 'NONE',  ( -1.905590919914430303, -34.56022495336129197, -56.85005453720791735 ) ) ;
#1343 = CARTESIAN_POINT ( 'NONE',  ( 1.541832305227520905, -61.04723861611825697, 444.4646561406323713 ) ) ;
#1344 = CARTESIAN_POINT ( 'NONE',  ( 150.0000000000000568, 3.860833271709796399, 212.5989338358691612 ) ) ;
#1345 = CARTESIAN_POINT ( 'NONE',  ( 34.67303029964030259, -54.61740656344133527, 14.44966888112475267 ) ) ;
#1346 = CARTESIAN_POINT ( 'NONE',  ( 2.367866279720466594, 41.04594610967017587, 79.94441032751126386 ) ) ;
#1347 = CARTESIAN_POINT ( 'NONE',  ( 0.000000000000000000, -8.823511411159953965, 555.1857276250582345 ) ) ;
#1348 = CARTESIAN_POINT ( 'NONE',  ( -150.0000000000000284, -2.920986007626674930, 213.0709165688403743 ) ) ;
#1349 = CARTESIAN_POINT ( 'NONE',  ( -150.0000000000000000, 6.573444530005628117, 217.0034385749200965 ) ) ;
#1350 = CARTESIAN_POINT ( 'NONE',  ( 0.000000000000000000, -74.76716094107685251, 67.17268242625377184 ) ) ;
#1351 = CARTESIAN_POINT ( 'NONE',  ( 15.55331741631335696, 45.35218854345084338, 234.3705618064915370 ) ) ;
#1352 = CARTESIAN_POINT ( 'NONE',  ( 50.08248875286928836, -9.736513844828129649, 308.9701551022552621 ) ) ;
#1353 = B_SPLINE_CURVE_WITH_KNOTS ( 'NONE', 3,
 ( #1008, #1827, #19, #1842, #276, #1626, #47 ),
 .UNSPECIFIED., .F., .F.,
 ( 4, 1, 1, 1, 4 ),
 ( 0.000000000000000000, 0.03502224838491098391, 0.09383257832149248523, 0.1938325783214923659, 0.2879234743952966413 ),
 .UNSPECIFIED. ) ;
#1354 = CARTESIAN_POINT ( 'NONE',  ( 86.94688811449927357, -26.38323853107869255, 50.13958749952535499 ) ) ;
#1355 = CARTESIAN_POINT ( 'NONE',  ( -53.04552153445752083, -12.84056040614105143, 369.8509329307035500 ) ) ;
#1356 = CARTESIAN_POINT ( 'NONE',  ( -0.9462317272739826368, 1.580906215184355590, -46.59094046645357423 ) ) ;
#1357 = CARTESIAN_POINT ( 'NONE',  ( 54.03177036804877531, -29.21987138177417265, 14.44966888112468695 ) ) ;
#1358 = CARTESIAN_POINT ( 'NONE',  ( 2.696451919796043484, 24.93304462574336711, 5.026147061896571344 ) ) ;
#1359 = CARTESIAN_POINT ( 'NONE',  ( 0.000000000000000000, -17.20581252635716396, -65.23445022726340881 ) ) ;
#1360 = CARTESIAN_POINT ( 'NONE',  ( 2.195384728526888374, -9.905849853371190505, 558.8450598447288939 ) ) ;
#1361 = CARTESIAN_POINT ( 'NONE',  ( -28.55755565158655784, -29.78391945336318614, -40.41372478741643448 ) ) ;
#1362 = CARTESIAN_POINT ( 'NONE',  ( -150.0000000000000000, 9.270087174911674666, 223.2766782676432626 ) ) ;
#1363 = CARTESIAN_POINT ( 'NONE',  ( -82.17685131433721324, -52.69576616589431950, 130.2400176839724679 ) ) ;
#1364 = CARTESIAN_POINT ( 'NONE',  ( 149.9999999999998010, 15.67153765998659942, 312.2062866230721170 ) ) ;
#1365 = CARTESIAN_POINT ( 'NONE',  ( 69.77666443517387052, -60.65754417310441937, 271.3191305105466995 ) ) ;
#1366 = CARTESIAN_POINT ( 'NONE',  ( -2.859740674519362980, -30.07598618065912177, -61.03620960554643204 ) ) ;
#1367 = CARTESIAN_POINT ( 'NONE',  ( -54.88119694695075879, -26.28245621254035314, 14.44966888112440451 ) ) ;
#1368 = CARTESIAN_POINT ( 'NONE',  ( -9.118704901277874697, -66.92918793773139896, 414.6566266770050220 ) ) ;
#1369 = CARTESIAN_POINT ( 'NONE',  ( 56.33277253066618329, -0.7343208053013621228, 208.3958578420063645 ) ) ;
#1370 = CARTESIAN_POINT ( 'NONE',  ( -2.472870988816087347E-17, -14.60151357395186444, -64.22837653661129309 ) ) ;
#1371 = CARTESIAN_POINT ( 'NONE',  ( -25.25810368633090164, 30.80518904790463353, 56.02471470947404697 ) ) ;
#1372 = CARTESIAN_POINT ( 'NONE',  ( 0.000000000000000000, -29.99999999999976552, -61.05776287854514095 ) ) ;
#1373 = CARTESIAN_POINT ( 'NONE',  ( 1.463168471159988160, -9.541087452738985064, 557.6191052689168828 ) ) ;
#1374 = CARTESIAN_POINT ( 'NONE',  ( -0.000000000000000000, -29.99999999999976552, -61.05776287854514095 ) ) ;
#1375 = CARTESIAN_POINT ( 'NONE',  ( -56.19787954467784630, 2.127072668286307255, 212.5857681456718353 ) ) ;
#1376 = CARTESIAN_POINT ( 'NONE',  ( -26.73315341133391598, -70.54310342772591014, 79.93177024630927008 ) ) ;
#1377 = CARTESIAN_POINT ( 'NONE',  ( 48.09887603462018291, 19.47765558591667556, 290.8986780379959782 ) ) ;
#1378 = CARTESIAN_POINT ( 'NONE',  ( 9.965346631658759335, -79.63111587748716147, 298.7211226056008968 ) ) ;
#1379 = CARTESIAN_POINT ( 'NONE',  ( 0.000000000000000000, -32.28946839013718062, -59.02309469762749217 ) ) ;
#1380 = CARTESIAN_POINT ( 'NONE',  ( -49.05835042274414093, -40.25128016470206660, 14.44966888112469050 ) ) ;
#1381 = CARTESIAN_POINT ( 'NONE',  ( -2.676220618036833532, -57.34822367749845284, 458.5462890145608981 ) ) ;
#1382 = CARTESIAN_POINT ( 'NONE',  ( 12.53024648189237311, -15.07893345480093927, -60.27095919175482663 ) ) ;
#1383 = CARTESIAN_POINT ( 'NONE',  ( 35.66106005593005079, -25.50521667275220139, 502.3113495257247791 ) ) ;
#1384 = CARTESIAN_POINT ( 'NONE',  ( 2.106299519530117959, 46.03114097764294144, 130.5598387451737779 ) ) ;
#1385 = CARTESIAN_POINT ( 'NONE',  ( 28.57427626030424506, -19.90251198791583676, -45.25571403729566100 ) ) ;
#1386 = B_SPLINE_CURVE_WITH_KNOTS ( 'NONE', 3,
 ( #724, #145, #882, #133, #492, #2310, #2528, #896, #1703, #702, #541, #1345, #506, #2146, #1110, #2321, #1920, #2516, #1081, #96, #713, #519, #1530, #5, #948, #2369, #2592, #1357, #782, #565 ),
 .UNSPECIFIED., .F., .F.,
 ( 4, 2, 2, 2, 2, 2, 2, 2, 2, 2, 2, 2, 2, 2, 4 ),
 ( 0.000000000000000000, 0.004541195330395656621, 0.009082390660791313242, 0.01816478132158262301, 0.02724717198237393279, 0.03632956264316524603, 0.03860016030836307954, 0.04087075797356090612, 0.04541195330395656621, 0.05449434396474788639, 0.05676494162994571296, 0.05903553929514354648, 0.06357673462553922739, 0.06811792995593489441, 0.07265912528633057532 ),
 .UNSPECIFIED. ) ;
#1387 = CARTESIAN_POINT ( 'NONE',  ( 0.000000000000000000, -9.999999999999710454, 558.9422371214541272 ) ) ;
#1388 = CARTESIAN_POINT ( 'NONE',  ( -12.22027440263713949, -63.51937948498553510, 10.60395131229715382 ) ) ;
#1389 = CARTESIAN_POINT ( 'NONE',  ( 6.814411576723173880, 46.50797352682411656, 230.8815100217026668 ) ) ;
#1390 = CARTESIAN_POINT ( 'NONE',  ( 72.30406558896707736, -59.87721204194389912, 237.1823519600897896 ) ) ;
#1391 = CARTESIAN_POINT ( 'NONE',  ( 87.11531528694212057, -15.87539848474121840, 39.59608218132605373 ) ) ;
#1392 = CARTESIAN_POINT ( 'NONE',  ( -55.93739272539856699, -19.76815394419539729, 14.44966888112468517 ) ) ;
#1393 = CARTESIAN_POINT ( 'NONE',  ( 2.370449790339614005, -70.00498064364066408, 401.1659161687470601 ) ) ;
#1394 = CARTESIAN_POINT ( 'NONE',  ( 12.46229530001277652, -2.572497710891440637, -46.23969499504121217 ) ) ;
#1395 = ADVANCED_FACE ( 'NONE', ( #1453 ), #1766, .F. ) ;
#1396 = FACE_OUTER_BOUND ( 'NONE', #2254, .T. ) ;
#1397 = CARTESIAN_POINT ( 'NONE',  ( 149.9999999999999716, -5.815855720539390816, 229.4760922283646210 ) ) ;
#1398 = CARTESIAN_POINT ( 'NONE',  ( 1.083397896708238717, 47.10800371953739329, 228.9848588130912788 ) ) ;
#1399 = CARTESIAN_POINT ( 'NONE',  ( 3.338764858620204556, -14.64715783392779436, -64.23338534397367994 ) ) ;
#1400 = CARTESIAN_POINT ( 'NONE',  ( -150.0000000000002558, -4.444873476189596495, 435.7468521578524019 ) ) ;
#1401 = CARTESIAN_POINT ( 'NONE',  ( -28.27130430954585449, -51.46891172065748066, -7.894343871436712234 ) ) ;
#1402 = CARTESIAN_POINT ( 'NONE',  ( 79.76002310008438201, -55.49146365941793135, 157.1817880118407800 ) ) ;
#1403 = CARTESIAN_POINT ( 'NONE',  ( -55.96807519555063948, -19.10345725368317815, 14.44966888112475090 ) ) ;
#1404 = CARTESIAN_POINT ( 'NONE',  ( -67.20797338193762016, -58.80519439979746465, 345.3472472737784642 ) ) ;
#1405 = CARTESIAN_POINT ( 'NONE',  ( 27.93320105887194060, 9.482709585563030785, -10.56185500302712477 ) ) ;
#1406 = CARTESIAN_POINT ( 'NONE',  ( 0.000000000000000000, -34.69545411385917788, 541.3998404090058330 ) ) ;
#1407 = CARTESIAN_POINT ( 'NONE',  ( -2.816995757448783166, -63.12730469460127125, -1.726755285855712696 ) ) ;
#1408 = CARTESIAN_POINT ( 'NONE',  ( -49.32634856228757059, 20.28886164836126582, 276.4091044601491944 ) ) ;
#1409 = CARTESIAN_POINT ( 'NONE',  ( 10.27266192055210858, 5.123073895678157186, 494.0455122256950062 ) ) ;
#1410 = CARTESIAN_POINT ( 'NONE',  ( -7.226819321699833765, -31.87859651157484819, 549.1866784585372443 ) ) ;
#1411 = CARTESIAN_POINT ( 'NONE',  ( 0.9463645447125641486, -54.66158362225544920, -25.67566411135937798 ) ) ;
#1412 = CARTESIAN_POINT ( 'NONE',  ( 51.97108346590037797, -16.32805575324275793, 270.3847718429076963 ) ) ;
#1413 = CARTESIAN_POINT ( 'NONE',  ( -55.03297364938128311, -11.22798592835246545, 14.44966888112469938 ) ) ;
#1414 = CARTESIAN_POINT ( 'NONE',  ( 0.8064005157699181137, -79.23873639400339641, 312.7689594103040918 ) ) ;
#1415 = CARTESIAN_POINT ( 'NONE',  ( 0.000000000000000000, 28.21750440619399214, 17.07389157737171459 ) ) ;
#1416 = CARTESIAN_POINT ( 'NONE',  ( -2.209854116075432362, -38.17673671735651908, 529.0135935739789375 ) ) ;
#1417 = CARTESIAN_POINT ( 'NONE',  ( 55.83428759248237583, -24.18254222406895693, 224.9861096921542867 ) ) ;
#1418 = CARTESIAN_POINT ( 'NONE',  ( -68.02388392350869140, 29.98456005054444162, 166.0820768548770161 ) ) ;
#1419 = CARTESIAN_POINT ( 'NONE',  ( 36.39338372330776394, -3.366029079672264057, 468.1666420047091037 ) ) ;
#1420 = CARTESIAN_POINT ( 'NONE',  ( 30.35621898010021269, 17.26525765591273753, 14.44966888112472780 ) ) ;
#1421 = CARTESIAN_POINT ( 'NONE',  ( -149.9999999999998579, 0.7935760625486841802, 209.7766868991116667 ) ) ;
#1422 = ORIENTED_EDGE ( 'NONE', *, *, #2164, .T. ) ;
#1423 = CARTESIAN_POINT ( 'NONE',  ( -2.565489760456064250, -29.89066157883531716, 559.0556382028653388 ) ) ;
#1424 = CARTESIAN_POINT ( 'NONE',  ( -55.70788126853483391, -24.44302468926918692, 227.5144982594985379 ) ) ;
#1425 = CARTESIAN_POINT ( 'NONE',  ( 0.000000000000000000, -79.20339055872481993, 130.7127838640535344 ) ) ;
#1426 = CARTESIAN_POINT ( 'NONE',  ( -150.0000000000000284, -1.592874936842195055, 207.1259537470125736 ) ) ;
#1427 = CARTESIAN_POINT ( 'NONE',  ( -50.03496671508558791, -9.242290081520904366, 326.4099837110862268 ) ) ;
#1428 = CARTESIAN_POINT ( 'NONE',  ( -2.799917590529235500, 11.95000122839068979, -28.37908123879857314 ) ) ;
#1429 = CARTESIAN_POINT ( 'NONE',  ( -1.528297434604374949, -57.54296727192695471, 458.5287379811071560 ) ) ;
#1430 = CARTESIAN_POINT ( 'NONE',  ( -1.889462263423227650, -57.12426579782562186, -19.79649871831375663 ) ) ;
#1431 = CARTESIAN_POINT ( 'NONE',  ( 0.000000000000000000, 44.44231472044331355, 275.7264566852123266 ) ) ;
#1432 = CARTESIAN_POINT ( 'NONE',  ( 28.54490598517484301, -11.31614192894636339, -41.62016438133167640 ) ) ;
#1433 = CARTESIAN_POINT ( 'NONE',  ( -0.000000000000000000, -22.77222739922079597, -65.24110187591051613 ) ) ;
#1434 = ORIENTED_EDGE ( 'NONE', *, *, #344, .F. ) ;
#1435 = CARTESIAN_POINT ( 'NONE',  ( -149.9999999999999716, -6.267256663816664464, 439.4202371970271770 ) ) ;
#1436 = CARTESIAN_POINT ( 'NONE',  ( 47.31906922256365533, 16.80001900358779210, 316.1413866361843361 ) ) ;
#1437 = CARTESIAN_POINT ( 'NONE',  ( -85.40960635100844911, -44.44652362327579453, 86.38817669992579340 ) ) ;
#1438 = CARTESIAN_POINT ( 'NONE',  ( -1.806800189161472225, -76.18469211933185647, 79.98576995106418508 ) ) ;
#1439 =( LENGTH_UNIT ( ) NAMED_UNIT ( * ) SI_UNIT ( .MILLI., .METRE. ) );
#1440 = CARTESIAN_POINT ( 'NONE',  ( -22.63227638882819903, -78.33003634391359071, 278.4460651522155104 ) ) ;
#1441 = CARTESIAN_POINT ( 'NONE',  ( 56.19787954467784630, 2.127072668286307255, 212.5857681456718353 ) ) ;
#1442 = CARTESIAN_POINT ( 'NONE',  ( 7.899106090145456172, -49.30430213682166141, 485.9199461956914092 ) ) ;
#1443 = CARTESIAN_POINT ( 'NONE',  ( -2.808325138103140883, -65.29742391498612619, 6.457020042808796489 ) ) ;
#1444 = CARTESIAN_POINT ( 'NONE',  ( 0.9785259520414012480, 44.46994292845445074, 275.6022355444260938 ) ) ;
#1445 = CARTESIAN_POINT ( 'NONE',  ( 150.0000000000000284, 2.675617566335641406, 211.3246760485956202 ) ) ;
#1446 = CARTESIAN_POINT ( 'NONE',  ( -28.56612419759423815, -14.92499217818708601, -43.99140317503244546 ) ) ;
#1447 = CARTESIAN_POINT ( 'NONE',  ( -51.14854028299649258, 8.032565948868031214, 369.8610693905080211 ) ) ;
#1448 = EDGE_LOOP ( 'NONE', ( #2267, #478, #1434 ) ) ;
#1449 = CARTESIAN_POINT ( 'NONE',  ( 0.000000000000000000, -38.03999744772360714, 529.1877037132842361 ) ) ;
#1450 = CARTESIAN_POINT ( 'NONE',  ( 1.649437573462356754, 40.21924920216152088, 320.0000000000000568 ) ) ;
#1451 = CARTESIAN_POINT ( 'NONE',  ( -150.0000000000000284, -4.283190627766861880, 217.9416356570694688 ) ) ;
#1452 = CARTESIAN_POINT ( 'NONE',  ( 26.46842816646480756, -71.77572737563548344, 92.04857878244095559 ) ) ;
#1453 = FACE_OUTER_BOUND ( 'NONE', #2071, .T. ) ;
#1454 = CARTESIAN_POINT ( 'NONE',  ( 1.655947817223834440, -81.19015855670561166, 228.9565616314966121 ) ) ;
#1455 = CARTESIAN_POINT ( 'NONE',  ( -2.817357777913640060, 8.097330774758388472, -35.80875540050892170 ) ) ;
#1456 = CARTESIAN_POINT ( 'NONE',  ( 2.653060364666223414, -53.62825189528938807, 472.6290139493366951 ) ) ;
#1457 = ADVANCED_FACE ( 'NONE', ( #618 ), #1633, .F. ) ;
#1458 = CARTESIAN_POINT ( 'NONE',  ( 0.000000000000000000, -54.57109427142869151, -25.72152256063105824 ) ) ;
#1459 = CARTESIAN_POINT ( 'NONE',  ( 0.9490617160165060184, 42.54358218907552924, 298.1207295063137508 ) ) ;
#1460 = CARTESIAN_POINT ( 'NONE',  ( 7.182069076493386106, -7.765377059782173852, 549.2849336186909568 ) ) ;
#1461 = CARTESIAN_POINT ( 'NONE',  ( 3.337544697743264788, -12.24099972263620195, -62.85769682232874800 ) ) ;
#1462 = CARTESIAN_POINT ( 'NONE',  ( -0.000000000000000000, -12.17473457347223231, -62.84549848010181705 ) ) ;
#1463 = CARTESIAN_POINT ( 'NONE',  ( -47.31906922256367665, 15.57846502002442612, 326.4192049172317525 ) ) ;
#1464 = ORIENTED_EDGE ( 'NONE', *, *, #2242, .F. ) ;
#1465 = CARTESIAN_POINT ( 'NONE',  ( -2.565700283142039684, -30.22338688482442137, 557.7909106798223320 ) ) ;
#1466 = CARTESIAN_POINT ( 'NONE',  ( 0.000000000000000000, 36.01456435933089750, 354.5116695689063704 ) ) ;
#1467 = CARTESIAN_POINT ( 'NONE',  ( -56.27949903533040299, -21.20274462632661638, 212.8369442642627973 ) ) ;
#1468 = CARTESIAN_POINT ( 'NONE',  ( 150.0000000000001137, -6.845042883277400847, 247.4697543356704159 ) ) ;
#1469 = CARTESIAN_POINT ( 'NONE',  ( 0.000000000000000000, 27.41454302307128188, 14.44966887986461579 ) ) ;
#1470 = CARTESIAN_POINT ( 'NONE',  ( -2.937251763210297018, -80.82216800015496005, 205.2920890214520853 ) ) ;
#1471 = CARTESIAN_POINT ( 'NONE',  ( 0.000000000000000000, 31.36851352753711808, 29.45516409742108621 ) ) ;
#1472 = CARTESIAN_POINT ( 'NONE',  ( 0.000000000000000000, -78.09804512204975424, 332.0373177599348651 ) ) ;
#1473 = CARTESIAN_POINT ( 'NONE',  ( -1.898356168602090666, -49.25505107577039610, -36.89743492554081428 ) ) ;
#1474 = CARTESIAN_POINT ( 'NONE',  ( 10.87137964986494865, 12.27380154565681281, 466.5267389959417415 ) ) ;
#1475 = CARTESIAN_POINT ( 'NONE',  ( 56.45112250455159142, -6.087123366960760507, 202.2480236927935380 ) ) ;
#1476 = CARTESIAN_POINT ( 'NONE',  ( -0.5962991954493902513, 20.14399605289213824, 444.2252999659614829 ) ) ;
#1477 = CARTESIAN_POINT ( 'NONE',  ( -28.57427626030424506, -19.90251198791583676, -45.25571403729566100 ) ) ;
#1478 = CARTESIAN_POINT ( 'NONE',  ( 0.5496791856790375075, 25.91683902096197656, 415.4374579817630888 ) ) ;
#1479 = CARTESIAN_POINT ( 'NONE',  ( -7.503276565262781084, -41.40660083015235671, 514.2053783297276368 ) ) ;
#1480 = CARTESIAN_POINT ( 'NONE',  ( 0.000000000000000000, 41.02506332365900477, 312.7991820443241977 ) ) ;
#1481 = CARTESIAN_POINT ( 'NONE',  ( 35.62511535099858406, -12.77791609919348659, 499.3972652287001210 ) ) ;
#1482 = CARTESIAN_POINT ( 'NONE',  ( -53.41671992373075284, 4.732634878479694329, 384.7797939231693363 ) ) ;
#1483 = CARTESIAN_POINT ( 'NONE',  ( 0.9503458332328528213, -46.01190942026128283, -42.30153726927275670 ) ) ;
#1484 = CARTESIAN_POINT ( 'NONE',  ( -2.781263947678897175, -70.02395002133964397, 29.32605745330170066 ) ) ;
#1485 = CARTESIAN_POINT ( 'NONE',  ( -150.0000000000000284, -0.1700441024495829567, 208.5255278475402463 ) ) ;
#1486 = CARTESIAN_POINT ( 'NONE',  ( -149.9999999999993747, -7.301340216986761611, 270.4454446398847267 ) ) ;
#1487 = CARTESIAN_POINT ( 'NONE',  ( 0.000000000000000000, 43.71089409265118064, 105.2394046492437667 ) ) ;
#1488 = CARTESIAN_POINT ( 'NONE',  ( -0.7776385045792399975, -64.29288376211187028, 430.2175093957199010 ) ) ;
#1489 = CARTESIAN_POINT ( 'NONE',  ( -1.902691966305098070, -42.58934686219924970, -47.42857485703388676 ) ) ;
#1490 = CARTESIAN_POINT ( 'NONE',  ( 56.79090820126123873, -0.6367270459114310333, 407.3366011671671458 ) ) ;
#1491 = CARTESIAN_POINT ( 'NONE',  ( 55.93936454724964591, -17.11575058931803284, 14.44966888112470293 ) ) ;
#1492 = CARTESIAN_POINT ( 'NONE',  ( 1.216504594803293332E-09, -62.80477775070575319, -1.900891426414538676 ) ) ;
#1493 = CARTESIAN_POINT ( 'NONE',  ( -42.82036082025610568, 32.84028577497314672, 328.7149750000689892 ) ) ;
#1494 = CARTESIAN_POINT ( 'NONE',  ( 56.45745274585014783, -15.04210054202895464, 202.2962196764084126 ) ) ;
#1495 = CARTESIAN_POINT ( 'NONE',  ( -12.87831856078135218, -48.01607411107547563, 480.1927274698377346 ) ) ;
#1496 = CARTESIAN_POINT ( 'NONE',  ( 1.761563983812512779, 32.02393952748043660, 380.3584216962848927 ) ) ;
#1497 = CARTESIAN_POINT ( 'NONE',  ( -2.195384728526888374, -9.905849853371190505, 558.8450598447288939 ) ) ;
#1498 = CARTESIAN_POINT ( 'NONE',  ( 1.371592355364178228, 6.821518167627450779, 500.7095233472878135 ) ) ;
#1499 = CARTESIAN_POINT ( 'NONE',  ( -3.324235062990519296, -48.83145490964666635, -37.09813292654701655 ) ) ;
#1500 = CARTESIAN_POINT ( 'NONE',  ( 26.73315341133391598, -70.54310342772591014, 79.93177024630927008 ) ) ;
#1501 = CARTESIAN_POINT ( 'NONE',  ( -56.47713021477131434, -8.444831254075669591, 200.0310506176295462 ) ) ;
#1502 = CARTESIAN_POINT ( 'NONE',  ( -11.53317428264779743, -75.55780217182295644, 95.82032470989339856 ) ) ;
#1503 = CARTESIAN_POINT ( 'NONE',  ( 3.035287670926654968, 31.01651801567224354, 29.24765051123930704 ) ) ;
#1504 = CARTESIAN_POINT ( 'NONE',  ( 53.04552153445752083, -12.84056040614105143, 369.8509329307035500 ) ) ;
#1505 = CARTESIAN_POINT ( 'NONE',  ( 149.9999999999994031, -3.928125979796779355, 216.2976994854811608 ) ) ;
#1506 = CARTESIAN_POINT ( 'NONE',  ( -1.240397304842907111, 17.08031719385537528, 458.4040238591230150 ) ) ;
#1507 = CARTESIAN_POINT ( 'NONE',  ( 3.345376087531854115, -19.80729880530915210, -71.09459982090788799 ) ) ;
#1508 = CARTESIAN_POINT ( 'NONE',  ( 1.213088180559524978E-09, -64.77541710358144655, 5.560338523464391614 ) ) ;
#1509 = CARTESIAN_POINT ( 'NONE',  ( 0.4786979759498021236, 36.01088700303149182, 354.5695205588957037 ) ) ;
#1510 = CARTESIAN_POINT ( 'NONE',  ( -2.088373853475112618, 20.02118164067743322, 444.1606853142330920 ) ) ;
#1511 = CARTESIAN_POINT ( 'NONE',  ( -12.48741286194582401, -41.71374983840777162, -42.10630112229947741 ) ) ;
#1512 = CARTESIAN_POINT ( 'NONE',  ( -86.34215386717033880, -3.295932708773868125, 58.85122590806797405 ) ) ;
#1513 = CARTESIAN_POINT ( 'NONE',  ( -10.51223536979450479, -80.17534470333454522, 207.1221273497589834 ) ) ;
#1514 = CARTESIAN_POINT ( 'NONE',  ( 54.82390645621840264, 12.55502082587985413, 233.5480463257898407 ) ) ;
#1515 = CARTESIAN_POINT ( 'NONE',  ( 150.0000000000002274, -6.918172500166472005, 377.9878286767907980 ) ) ;
#1516 = ADVANCED_BREP_SHAPE_REPRESENTATION ( 'NOSE SOLID', ( #1160, #515 ), #2529 ) ;
#1517 = CARTESIAN_POINT ( 'NONE',  ( 0.000000000000000000, -45.94319628005896305, -42.33268042218969640 ) ) ;
#1518 = CARTESIAN_POINT ( 'NONE',  ( 12.54926442142181209, -19.83559714904187743, -65.17547834017919683 ) ) ;
#1519 = CARTESIAN_POINT ( 'NONE',  ( 1.219151859985844341E-09, -61.02803244193965782, -7.975560784054025909 ) ) ;
#1520 = CARTESIAN_POINT ( 'NONE',  ( 0.8486857927523446810, 34.25527520538206261, 42.00482374486006165 ) ) ;
#1521 = CARTESIAN_POINT ( 'NONE',  ( 12.52171634107713771, -29.02471297645433879, -55.99997682248000785 ) ) ;
#1522 = CARTESIAN_POINT ( 'NONE',  ( -2.331263078060942462, 10.18293184117968941, 486.7884037760323963 ) ) ;
#1523 = CARTESIAN_POINT ( 'NONE',  ( 2.860858117247568444, -25.29767303376817367, -65.15059746448423539 ) ) ;
#1524 = CARTESIAN_POINT ( 'NONE',  ( -56.42444719532452524, -4.100048717234659357, 204.2233583779163268 ) ) ;
#1525 = CARTESIAN_POINT ( 'NONE',  ( -150.0000000000001990, -6.203234333439552550, 234.3985885455826690 ) ) ;
#1526 = CARTESIAN_POINT ( 'NONE',  ( -1.316609496952878322, 47.20928880869866617, 155.6670790133530033 ) ) ;
#1527 = CARTESIAN_POINT ( 'NONE',  ( 61.01908247538640495, -54.02036019007341139, 380.0253702763938577 ) ) ;
#1528 = CARTESIAN_POINT ( 'NONE',  ( 28.59136176848087985, -20.45315165695411608, -48.71969257075873827 ) ) ;
#1529 = CARTESIAN_POINT ( 'NONE',  ( 54.88119694695075879, -26.28245621254035314, 14.44966888112440451 ) ) ;
#1530 = CARTESIAN_POINT ( 'NONE',  ( 49.44999927515756610, -39.59993105637903454, 14.44966888112473491 ) ) ;
#1531 = CARTESIAN_POINT ( 'NONE',  ( 2.546057378257033932, 34.45886955982916078, 42.11624028194231784 ) ) ;
#1532 = CARTESIAN_POINT ( 'NONE',  ( 28.56010164792775896, -29.08120341104138618, -41.03926139230429726 ) ) ;
#1533 = CARTESIAN_POINT ( 'NONE',  ( -57.77097111345211289, -2.535394609008782663, 415.1043187994338837 ) ) ;
#1534 = CARTESIAN_POINT ( 'NONE',  ( 1.906372435428097756, -30.82687758868057060, -60.37423101935961256 ) ) ;
#1535 = CARTESIAN_POINT ( 'NONE',  ( 0.000000000000000000, 4.829427991817969890, -41.35103106569409448 ) ) ;
#1536 = CARTESIAN_POINT ( 'NONE',  ( -150.0000000000001137, -6.845042883277400847, 247.4697543356704159 ) ) ;
#1537 = CARTESIAN_POINT ( 'NONE',  ( -1.153611605577076649, 47.71663046453083723, 204.9482023332519987 ) ) ;
#1538 = CARTESIAN_POINT ( 'NONE',  ( 2.899750788363215204, -80.98006933771337401, 229.3399531088793424 ) ) ;
#1539 = CARTESIAN_POINT ( 'NONE',  ( 3.337791321852436877, -32.17854187891999374, -59.05904342381649741 ) ) ;
#1540 = CARTESIAN_POINT ( 'NONE',  ( 1.528297434604374949, -57.54296727192695471, 458.5287379811071560 ) ) ;
#1541 = CARTESIAN_POINT ( 'NONE',  ( 150.0000000000000284, -0.1700441024495829567, 208.5255278475402463 ) ) ;
#1542 = ADVANCED_FACE ( 'NONE', ( #1755 ), #2249, .F. ) ;
#1543 = CARTESIAN_POINT ( 'NONE',  ( 1.227970510375090888E-09, -51.96883089081958929, -31.42314746424246863 ) ) ;
#1544 = CARTESIAN_POINT ( 'NONE',  ( 1.697371585504689362, 34.35707238260560814, 42.06053201340118619 ) ) ;
#1545 = CARTESIAN_POINT ( 'NONE',  ( 56.46880299837427231, -13.23318156593306938, 200.6018588368896474 ) ) ;
#1546 = CARTESIAN_POINT ( 'NONE',  ( -59.99867422257567995, -10.69069057093173214, 448.1085652130877293 ) ) ;
#1547 = CARTESIAN_POINT ( 'NONE',  ( -3.342398476326646328, -15.83072453183169692, -73.30228820129572398 ) ) ;
#1548 = CARTESIAN_POINT ( 'NONE',  ( -28.23808762699846042, 3.056412852116027423, -22.60677287783177647 ) ) ;
#1549 = CARTESIAN_POINT ( 'NONE',  ( -12.06213307413887925, -68.15979763467858277, 33.11345634263757631 ) ) ;
#1550 = CARTESIAN_POINT ( 'NONE',  ( 56.11130722957283723, 35.86224107201260836, 219.6474666994794234 ) ) ;
#1551 = CARTESIAN_POINT ( 'NONE',  ( -0.8119805301359361849, -80.65279981542592225, 275.6040234333486296 ) ) ;
#1552 = CARTESIAN_POINT ( 'NONE',  ( -0.9532468915064543635, -30.02532872688621879, -61.05057845421223561 ) ) ;
#1553 = CARTESIAN_POINT ( 'NONE',  ( 2.332915513737719770, -64.33689655870556123, 430.2830148712830578 ) ) ;
#1554 = CARTESIAN_POINT ( 'NONE',  ( 150.0000000000000284, 2.675617566335641406, 211.3246760485956202 ) ) ;
#1555 = CARTESIAN_POINT ( 'NONE',  ( -1.465183077307765425, -30.40011078543349399, 557.6025455169326506 ) ) ;
#1556 = CARTESIAN_POINT ( 'NONE',  ( -150.0000000000002558, 12.91824135705855703, 236.2496330257888815 ) ) ;
#1557 = CARTESIAN_POINT ( 'NONE',  ( -1.585105225643784310, 28.62474442760698068, 400.8281577764561803 ) ) ;
#1558 = CARTESIAN_POINT ( 'NONE',  ( -35.61029944830622895, -13.34155306713987343, 501.3379992237896090 ) ) ;
#1559 = CARTESIAN_POINT ( 'NONE',  ( 0.9536193724158561480, -25.27309597301480792, -65.15227325023830929 ) ) ;
#1560 = CARTESIAN_POINT ( 'NONE',  ( 0.9333058635097452038, 11.80632858096668159, -28.47083339118706391 ) ) ;
#1561 = CARTESIAN_POINT ( 'NONE',  ( -80.59018846815698112, -54.67136575259554121, 148.1859689518015273 ) ) ;
#1562 = CARTESIAN_POINT ( 'NONE',  ( 1.661913757546996440, 42.51371960543011141, 298.3404751548967511 ) ) ;
#1563 = CARTESIAN_POINT ( 'NONE',  ( 51.44681795844569905, -14.60335715577652849, 276.6922548152192007 ) ) ;
#1564 = CARTESIAN_POINT ( 'NONE',  ( 28.55755565158655784, -29.78391945336318614, -40.41372478741643448 ) ) ;
#1565 = CARTESIAN_POINT ( 'NONE',  ( -23.76821253812019208, 20.38777294371783100, 14.44966888112463721 ) ) ;
#1566 = CARTESIAN_POINT ( 'NONE',  ( -8.878133750268590418, -63.84938948047850005, 429.1787040279010625 ) ) ;
#1567 = CARTESIAN_POINT ( 'NONE',  ( 28.23808762699846042, 3.056412852116027423, -22.60677287783177647 ) ) ;
#1568 = CARTESIAN_POINT ( 'NONE',  ( -0.7342444666044689594, -34.73670471895194112, 541.3477228763673565 ) ) ;
#1569 = CARTESIAN_POINT ( 'NONE',  ( -3.147860296435570415, 24.32371408104542709, 4.633680387658797528 ) ) ;
#1570 = CARTESIAN_POINT ( 'NONE',  ( 3.339667978339376120, -20.00000000000000000, -65.55068789015383857 ) ) ;
#1571 = CARTESIAN_POINT ( 'NONE',  ( 7.193853010854474483, -10.41107745454391420, 557.8597997808570881 ) ) ;
#1572 = CARTESIAN_POINT ( 'NONE',  ( -36.39338372330776394, -3.366029079672264057, 468.1666420047091037 ) ) ;
#1573 = CARTESIAN_POINT ( 'NONE',  ( -0.000000000000000000, -32.28946839013718062, -59.02309469762749217 ) ) ;
#1574 = CARTESIAN_POINT ( 'NONE',  ( -55.92567994943940590, 5.748511191116895347, 218.7264803032683460 ) ) ;
#1575 = CARTESIAN_POINT ( 'NONE',  ( -3.264775396501128135, -66.91508424942222177, 16.39354568225414610 ) ) ;
#1576 = CARTESIAN_POINT ( 'NONE',  ( -1.024170345567492202, 46.00818778601377090, 252.5475023864288744 ) ) ;
#1577 = CARTESIAN_POINT ( 'NONE',  ( -2.422461237863867467, -79.96892031407340085, 298.0400954736205108 ) ) ;
#1578 = CARTESIAN_POINT ( 'NONE',  ( 149.9999999999994031, -3.204465285586236778, 213.8695567060612177 ) ) ;
#1579 = CARTESIAN_POINT ( 'NONE',  ( -55.45417592641876325, -13.16990260779951605, 14.44966888112469228 ) ) ;
#1580 = CARTESIAN_POINT ( 'NONE',  ( -2.767282711374470683, -69.95155719551215157, 400.7837281905764826 ) ) ;
#1581 = CARTESIAN_POINT ( 'NONE',  ( 28.49463500214571354, -6.821171986367837725, -36.82241012564603722 ) ) ;
#1582 = CARTESIAN_POINT ( 'NONE',  ( 35.75464570625489102, -26.12279998849253460, 499.3688480653194688 ) ) ;
#1583 = CARTESIAN_POINT ( 'NONE',  ( -51.70263860078125617, 19.26326618461806461, 258.1664659383015419 ) ) ;
#1584 = CARTESIAN_POINT ( 'NONE',  ( 28.56010164792775896, -29.08120341104138618, -41.03926139230429726 ) ) ;
#1585 = CARTESIAN_POINT ( 'NONE',  ( -7.045124004950711338, 2.314038226187245861, 514.4354252516325232 ) ) ;
#1586 = CARTESIAN_POINT ( 'NONE',  ( -56.15644581993174000, -22.59803097290584972, 217.0202573784488322 ) ) ;
#1587 = CARTESIAN_POINT ( 'NONE',  ( 7.846345050770216822, 46.81194873575534388, 182.9037947448233012 ) ) ;
#1588 = CARTESIAN_POINT ( 'NONE',  ( -0.8074870792879558223, -79.95457627756196928, 298.1204181408027125 ) ) ;
#1589 = CARTESIAN_POINT ( 'NONE',  ( -49.45410080995362279, 0.5998908196016191630, 14.44966888112468340 ) ) ;
#1590 = CARTESIAN_POINT ( 'NONE',  ( 1.580299860226409336, -69.99676446387827866, 401.1071381369712299 ) ) ;
#1591 = CARTESIAN_POINT ( 'NONE',  ( -2.857415808226826837, -9.927841435840775830, -61.03830314543180435 ) ) ;
#1592 = CARTESIAN_POINT ( 'NONE',  ( 2.566234492211178164, -30.88890228714348751, 555.2703131399168797 ) ) ;
#1593 = CARTESIAN_POINT ( 'NONE',  ( -149.9999999999993463, 17.39257541835625176, 283.2293150073691663 ) ) ;
#1594 = CARTESIAN_POINT ( 'NONE',  ( 56.47222662334311138, -10.28411895141965005, 199.8980764403927708 ) ) ;
#1595 = CARTESIAN_POINT ( 'NONE',  ( 0.000000000000000000, -7.286313120370254026, 550.2112436993119218 ) ) ;
#1596 = CARTESIAN_POINT ( 'NONE',  ( -12.37144441654984206, -55.69518468390829469, -15.09620900482262407 ) ) ;
#1597 = CARTESIAN_POINT ( 'NONE',  ( 52.53397584031535672, -18.12220844684789967, 264.4259359328573851 ) ) ;
#1598 = CARTESIAN_POINT ( 'NONE',  ( -49.44999927515756610, -39.59993105637903454, 14.44966888112473491 ) ) ;
#1599 = CARTESIAN_POINT ( 'NONE',  ( -149.9999999999998010, -7.283625780904996461, 317.3988343436489004 ) ) ;
#1600 = CARTESIAN_POINT ( 'NONE',  ( 3.094001100202671495, 27.87474874546403569, 16.86073679022653593 ) ) ;
#1601 = CARTESIAN_POINT ( 'NONE',  ( 9.752063943272220925, -31.15933287716348588, 541.4708301244976383 ) ) ;
#1602 = CARTESIAN_POINT ( 'NONE',  ( -2.823125890306793284, -61.34099171571923392, -7.807939152224809831 ) ) ;
#1603 = CARTESIAN_POINT ( 'NONE',  ( 0.5768058027885383243, 47.66852144650732015, 205.0091658014256382 ) ) ;
#1604 = CARTESIAN_POINT ( 'NONE',  ( 0.7325314275257616137, -30.03121970353330639, 558.9098573952411471 ) ) ;
#1605 = CARTESIAN_POINT ( 'NONE',  ( 0.9447311317116138252, -57.02838741100779885, -19.84628488989094564 ) ) ;
#1606 = CARTESIAN_POINT ( 'NONE',  ( -2.664309355251995637, -78.41572984871520191, 109.6470841745538394 ) ) ;
#1607 = CARTESIAN_POINT ( 'NONE',  ( -42.82028258328639936, 8.394137128867896536, 14.44966888112466208 ) ) ;
#1608 = CARTESIAN_POINT ( 'NONE',  ( 0.8042123290185287932, -76.32800812441331573, 354.7461013835834365 ) ) ;
#1609 = CARTESIAN_POINT ( 'NONE',  ( 0.000000000000000000, 7.905339886619993095, -35.92712258355483357 ) ) ;
#1610 = CARTESIAN_POINT ( 'NONE',  ( 2.593811751426483792, -41.87544882610692554, 515.0051337453476208 ) ) ;
#1611 = CARTESIAN_POINT ( 'NONE',  ( 3.308660835176219450, -56.59672135640213497, -20.07043342817914677 ) ) ;
#1612 = CARTESIAN_POINT ( 'NONE',  ( -48.66052223538312660, 20.01856953383997606, 283.3055368768748394 ) ) ;
#1613 = CARTESIAN_POINT ( 'NONE',  ( 150.0000000000005116, -2.468752498710066856, 425.1262764251987392 ) ) ;
#1614 = CARTESIAN_POINT ( 'NONE',  ( 150.0000000000002274, 1.461790667337566685, 210.2491275675459406 ) ) ;
#1615 = CARTESIAN_POINT ( 'NONE',  ( -56.47133056757952829, -9.399880413737685458, 200.1079479669975001 ) ) ;
#1616 = VERTEX_POINT ( 'NONE', #735 ) ;
#1617 = CARTESIAN_POINT ( 'NONE',  ( -10.34680381817460670, -36.47895930641133333, 521.4819957935527555 ) ) ;
#1618 = CARTESIAN_POINT ( 'NONE',  ( -0.000000000000000000, -59.07771564033044598, -13.97735223254287362 ) ) ;
#1619 = CARTESIAN_POINT ( 'NONE',  ( 53.99376522355691321, -22.28162096595698927, 249.9380143859971497 ) ) ;
#1620 = CARTESIAN_POINT ( 'NONE',  ( -9.965346631658759335, -79.63111587748716147, 298.7211226056008968 ) ) ;
#1621 = CARTESIAN_POINT ( 'NONE',  ( 12.24542331509240611, 10.79387684120225543, -23.56345594219629547 ) ) ;
#1622 = CARTESIAN_POINT ( 'NONE',  ( 37.45958610077178008, -30.66009847476219363, 479.2217301177743138 ) ) ;
#1623 = CARTESIAN_POINT ( 'NONE',  ( 150.0000000000001990, -6.203234333439552550, 234.3985885455826690 ) ) ;
#1624 = CARTESIAN_POINT ( 'NONE',  ( -2.458911498200082146, 45.48680964656614378, 130.5876176261108412 ) ) ;
#1625 = CARTESIAN_POINT ( 'NONE',  ( -0.7295355504911777977, -7.249700490246020479, 550.1677435810472616 ) ) ;
#1626 = CARTESIAN_POINT ( 'NONE',  ( 51.66669172553178413, -10.71951557125452403, 3.704460084173615719 ) ) ;
#1627 = CARTESIAN_POINT ( 'NONE',  ( 11.54106037115949945, 18.89842486944788291, 438.8770723758824488 ) ) ;
#1628 = CARTESIAN_POINT ( 'NONE',  ( -12.52666076809941309, -20.90987222074357632, -59.76314476477095639 ) ) ;
#1629 = ORIENTED_EDGE ( 'NONE', *, *, #842, .T. ) ;
#1630 = CARTESIAN_POINT ( 'NONE',  ( -7.205179228488658438, -29.92782287491368010, 556.6135806630627485 ) ) ;
#1631 = CARTESIAN_POINT ( 'NONE',  ( 5.833484303085390010, 40.14202268965824771, 320.0000000000000568 ) ) ;
#1632 = CARTESIAN_POINT ( 'NONE',  ( -85.88194324880791442, -41.84413576267165524, 78.01217802691067504 ) ) ;
#1633 = B_SPLINE_SURFACE_WITH_KNOTS ( 'NONE', 3, 3, ( 
 ( #645, #9, #1604, #2004, #1423, #220, #2225, #1198, #69, #1252 ),
 ( #857, #797, #2421, #209, #1465, #1630, #2041, #2211, #1009, #1435 ),
 ( #2015, #1239, #414, #454, #1039, #1209, #1860, #21, #2239, #439 ),
 ( #427, #2406, #1223, #2028, #1846, #1410, #1818, #1661, #235, #604 ),
 ( #34, #2056, #840, #1022, #825, #2434, #248, #1830, #2268, #263 ),
 ( #2255, #53, #1646, #1449, #998, #2450, #1617, #630, #1053, #1804 ),
 ( #83, #308, #871, #690, #479, #1479, #1892, #280, #1675, #494 ),
 ( #1298, #2478, #884, #1690, #2086, #675, #112, #293, #1070, #2492 ),
 ( #2283, #1098, #1282, #1909, #467, #1877, #1495, #2072, #2296, #2101 ),
 ( #899, #1267, #1084, #98, #2340, #539, #983, #352, #2578, #2156 ),
 ( #2367, #1540, #1143, #2184, #1381, #1182, #155, #376, #1168, #958 ),
 ( #2565, #1343, #181, #388, #2144, #1989, #2170, #1952, #194, #2551 ),
 ( #1553, #1737, #1763, #2352, #2539, #1566, #1777, #1941, #946, #1788 ),
 ( #2590, #1749, #780, #744, #2381, #1368, #551, #1976, #1355, #2391 ),
 ( #1393, #1590, #586, #364, #1580, #1155, #756, #971, #2193, #1964 ),
 ( #576, #733, #167, #143, #563, #770, #1131, #934, #1850, #444 ),
 ( #59, #3, #1608, #1193, #1651, #815, #1228, #1404, #2009, #622 ),
 ( #1202, #432, #2204, #2245, #240, #408, #1043, #1809, #1427, #2229 ),
 ( #608, #790, #1414, #2216, #1028, #597, #213, #847, #2019, #1599 ),
 ( #1822, #1243, #40, #225, #26, #1620, #1002, #2425, #2441, #636 ),
 ( #1836, #2033, #1998, #13, #992, #1013, #1440, #801, #829, #2046 ),
 ( #2411, #1637, #252, #1798, #2401, #203, #419, #1214, #2454, #398 ),
 ( #649, #1454, #1115, #1865, #877, #458, #917, #105, #500, #665 ),
 ( #2498, #1900, #471, #2304, #1470, #1513, #2106, #2273, #325, #1075 ),
 ( #313, #1914, #1059, #2093, #1882, #1303, #2510, #1104, #74, #2468 ),
 ( #2316, #89, #1272, #1697, #1926, #128, #681, #1682, #1722, #1486 ),
 ( #2259, #862, #117, #2061, #904, #1710, #2484, #708, #2523, #512 ),
 ( #1316, #270, #2077, #2117, #2289, #719, #486, #1256, #1289, #285 ),
 ( #300, #1666, #1091, #890, #696, #1502, #2129, #942, #1163, #2535 ),
 ( #1745, #2348, #2326, #524, #929, #336, #1127, #1561, #729, #2376 ),
 ( #1757, #2165, #2560, #1350, #2140, #571, #1376, #1937, #371, #1536 ),
 ( #1339, #1328, #2336, #1151, #966, #1772, #751, #1363, #558, #139 ),
 ( #1732, #2152, #2573, #1948, #360, #765, #535, #2362, #348, #1959 ),
 ( #1139, #151, #2547, #162, #740, #1549, #547, #2179, #953, #189 ),
 ( #1971, #1176, #175, #1984, #1575, #383, #978, #1783, #2586, #1525 ),
 ( #632, #1805, #1819, #786, #619, #1388, #210, #1024, #1424, #429 ),
 ( #605, #2200, #2422, #1832, #2226, #395, #988, #2042, #36, #405 ),
 ( #221, #441, #2240, #10, #1199, #1240, #798, #1437, #776, #2189 ),
 ( #1225, #827, #582, #1618, #1190, #2005, #2030, #1995, #200, #1794 ),
 ( #2596, #236, #1605, #999, #2016, #1596, #2397, #1632, #2436, #250 ),
 ( #22, #811, #1411, #593, #1040, #2212, #1401, #1847, #1586, #2407 ),
 ( #416, #1210, #1010, #2386, #1862, #902, #323, #297, #693, #1088 ),
 ( #662, #1708, #2508, #2256, #1499, #71, #1694, #1648, #1467, #646 ),
 ( #1101, #469, #1483, #1912, #1253, #1897, #2452, #2286, #706, #1451 ),
 ( #859, #483, #282, #455, #874, #1511, #86, #1314, #1663, #1286 ),
 ( #2465, #510, #2270, #2090, #1269, #678, #2058, #1679, #115, #2314 ),
 ( #102, #2074, #2495, #266, #1072, #311, #2301, #498, #1056, #2481 ),
 ( #1301, #2115, #2104, #1879, #887, #1113, #55, #844, #334, #1348 ),
 ( #763, #346, #727, #1573, #1137, #2571, #1924, #717, #160, #1720 ),
 ( #2360, #1534, #369, #2177, #951, #1337, #1361, #2521, #1125, #556 ),
 ( #381, #149, #1770, #2334, #1935, #533, #137, #749, #964, #126 ),
 ( #1523, #2138, #1559, #927, #2162, #1946, #940, #915, #2324, #1326 ),
 ( #522, #1957, #1730, #173, #2127, #2150, #2558, #358, #1743, #2533 ),
 ( #2374, #2545, #1161, #738, #1547, #2346, #545, #1149, #1969, #569 ) ),
 .UNSPECIFIED., .F., .F., .F.,
 ( 4, 1, 1, 1, 1, 1, 1, 1, 1, 1, 1, 1, 1, 1, 1, 1, 2, 1, 1, 1, 1, 1, 1, 1, 1, 1, 1, 1, 1, 1, 1, 1, 1, 1, 1, 1, 1, 1, 1, 1, 1, 1, 1, 1, 1, 1, 1, 3, 4 ),
 ( 4, 3, 1, 1, 1, 4 ),
 ( 0.000000000000000000, 0.003438000381725913549, 0.006876000763451830568, 0.01375200152690365767, 0.02750400305380731533, 0.04125600458071097820, 0.05500800610761463760, 0.06876000763451826925, 0.08251200916142198416, 0.09626401068832560193, 0.1100160122152292891, 0.1237680137421329069, 0.1375200152690366218, 0.1512720167959402395, 0.1650240183228439961, 0.1925280213766512039, 0.2200320244304584949, 0.2365194818150795908, 0.2530069391997007977, 0.2694943965843217826, 0.2859818539689429895, 0.3024693113535640854, 0.3189567687381851813, 0.3354442261228062772, 0.3519316835074273730, 0.3684191408920485800, 0.3766628695843591834, 0.3849065982766696759, 0.3931503269689801683, 0.4013940556612907717, 0.4096377843536014862, 0.4178815130459118676, 0.4261252417382224711, 0.4343689704305329635, 0.4384908347766883208, 0.4426126991228435670, 0.4467345634689989242, 0.4508564278151541704, 0.4549782921613095277, 0.4591001565074646629, 0.4632220208536200201, 0.4673438851997751553, 0.4714657495459305125, 0.4755876138920858698, 0.4776485460651635484, 0.4797094782382412270, 0.4817704104113187946, 0.4838313425843963622, 0.4964835579744313887 ),
 ( -0.01000000000000000021, 0.000000000000000000, 0.03502224838491098391, 0.09383257832149248523, 0.1938325783214923659, 1.000000000000000000 ),
 .UNSPECIFIED. ) ;
#1634 = CARTESIAN_POINT ( 'NONE',  ( 75.48662185392541346, -58.46055935914405666, 202.0099641282430412 ) ) ;
#1635 = CARTESIAN_POINT ( 'NONE',  ( -0.9543643342346599390, -15.76863046527198620, -73.35566284229047085 ) ) ;
#1636 = CARTESIAN_POINT ( 'NONE',  ( -7.194164599021330986, 26.05609142228586705, 14.44966888112472603 ) ) ;
#1637 = CARTESIAN_POINT ( 'NONE',  ( 1.637883003143306482, -81.05475089523247334, 252.4927245404342671 ) ) ;
#1638 = CARTESIAN_POINT ( 'NONE',  ( -1.766877480964753611, 28.41324036064381175, 17.19561693595092322 ) ) ;
#1639 = CARTESIAN_POINT ( 'NONE',  ( 8.377149940162730957, -56.92105297426658694, 457.7183155873057672 ) ) ;
#1640 = CARTESIAN_POINT ( 'NONE',  ( -2.834193395134841698, -57.22014418464343777, -19.74671254673656406 ) ) ;
#1641 = CARTESIAN_POINT ( 'NONE',  ( -1.793437411546241478, 45.87555291334074070, 252.9410945478491897 ) ) ;
#1642 = CARTESIAN_POINT ( 'NONE',  ( -0.7173949448069911750, -1.055981849285397622, 529.3660285409472408 ) ) ;
#1643 = CARTESIAN_POINT ( 'NONE',  ( 42.82028258328639936, 8.394137128867896536, 14.44966888112466208 ) ) ;
#1644 = CARTESIAN_POINT ( 'NONE',  ( -86.99193108400064034, -23.54241203616234301, 47.32158006473023448 ) ) ;
#1645 = CARTESIAN_POINT ( 'NONE',  ( 1.649037557037112522, 25.94552207819153722, 415.5304132493203042 ) ) ;
#1646 = CARTESIAN_POINT ( 'NONE',  ( 0.7366180386918107503, -38.08557720426791349, 529.1296670001825078 ) ) ;
#1647 = CARTESIAN_POINT ( 'NONE',  ( 42.82036082025610568, 32.84028577497314672, 328.7149750000689892 ) ) ;
#1648 = CARTESIAN_POINT ( 'NONE',  ( -86.45130187752889128, -36.93452133926044922, 65.96772859145507084 ) ) ;
#1649 = CARTESIAN_POINT ( 'NONE',  ( 25.82653578097723113, -74.08489889032196629, 120.3374760656225675 ) ) ;
#1650 = CARTESIAN_POINT ( 'NONE',  ( 1.913171683458406047, -24.72062763175912892, -76.21716178040844625 ) ) ;
#1651 = CARTESIAN_POINT ( 'NONE',  ( -2.816532394109467319, -76.35400491161610148, 354.4829322717106379 ) ) ;
#1652 = CARTESIAN_POINT ( 'NONE',  ( 84.37654678365758798, 7.016731582859186744, 78.37539727634437270 ) ) ;
#1653 = CARTESIAN_POINT ( 'NONE',  ( 0.000000000000000000, -49.93904776405505430, 486.5602779892034846 ) ) ;
#1654 = CARTESIAN_POINT ( 'NONE',  ( 149.9999999999994316, -6.407426975505440936, 237.6716614965829990 ) ) ;
#1655 = CARTESIAN_POINT ( 'NONE',  ( 0.9419369969250757091, 41.02800531393226180, 312.7688498949498808 ) ) ;
#1656 = CARTESIAN_POINT ( 'NONE',  ( 2.541794483188228870, -4.806876550188804664, 541.7585835155889527 ) ) ;
#1657 = CARTESIAN_POINT ( 'NONE',  ( 12.51377613092571472, -10.98924399065476898, -55.99315137212323634 ) ) ;
#1658 = CARTESIAN_POINT ( 'NONE',  ( -0.5725577439240580047, 23.09808650977305433, 429.9216912165479130 ) ) ;
#1659 = CARTESIAN_POINT ( 'NONE',  ( -3.339667978339376564, -19.06941346359224809, -65.55041694829863275 ) ) ;
#1660 = CARTESIAN_POINT ( 'NONE',  ( 1.508952792909321161, 32.03446681347313785, 380.7825399960755135 ) ) ;
#1661 = CARTESIAN_POINT ( 'NONE',  ( -35.94395991979105531, -26.96728641447465691, 495.4743664108665939 ) ) ;
#1662 = CARTESIAN_POINT ( 'NONE',  ( -0.9573959518996042473, 36.00720964673208613, 354.6273715488849803 ) ) ;
#1663 = CARTESIAN_POINT ( 'NONE',  ( -56.37431445055649704, -19.28671952799274791, 208.5790185961205907 ) ) ;
#1664 = CARTESIAN_POINT ( 'NONE',  ( 27.46242036201467229, -65.54305685625384115, 43.84617519995119750 ) ) ;
#1665 = CARTESIAN_POINT ( 'NONE',  ( -0.000000000000000000, -14.90059978858783118, -66.09690123838019815 ) ) ;
#1666 = CARTESIAN_POINT ( 'NONE',  ( 1.793832242960322843, -77.19148388271621286, 92.70130953252571260 ) ) ;
#1667 = CARTESIAN_POINT ( 'NONE',  ( 150.0000000000002558, 12.91824135705855703, 236.2496330257888815 ) ) ;
#1668 = CARTESIAN_POINT ( 'NONE',  ( 149.9999999999998010, -6.875459908048366486, 385.8569077436361567 ) ) ;
#1669 = CARTESIAN_POINT ( 'NONE',  ( -2.847534252903136220, -49.33203741830595135, -36.86095913494749254 ) ) ;
#1670 = CARTESIAN_POINT ( 'NONE',  ( 48.19400975682385990, 2.417110685653830249, 14.44966888112467984 ) ) ;
#1671 = CARTESIAN_POINT ( 'NONE',  ( -1.099358371358075015, 25.93118054957675866, 415.4839356155417249 ) ) ;
#1672 = CARTESIAN_POINT ( 'NONE',  ( -56.47159936981893935, -12.05224377243774292, 200.0484275186357763 ) ) ;
#1673 = CARTESIAN_POINT ( 'NONE',  ( -41.93462905618955716, 26.32851893096475138, 364.7381377576680279 ) ) ;
#1674 = VERTEX_POINT ( 'NONE', #341 ) ;
#1675 = CARTESIAN_POINT ( 'NONE',  ( -58.92200651795151600, -18.22782690140883588, 422.9763036885070164 ) ) ;
#1676 = CARTESIAN_POINT ( 'NONE',  ( -0.9419369969250757091, 41.02800531393226180, 312.7688498949498808 ) ) ;
#1677 = CARTESIAN_POINT ( 'NONE',  ( -0.7317949095089628653, -9.968616617790203804, 558.9098446958789737 ) ) ;
#1678 = CARTESIAN_POINT ( 'NONE',  ( -150.0000000000002274, 7.068232020827782236, 370.3528863233865422 ) ) ;
#1679 = CARTESIAN_POINT ( 'NONE',  ( -86.81703373585409622, -30.81918751348552377, 55.56389319650747183 ) ) ;
#1680 = CARTESIAN_POINT ( 'NONE',  ( -1.831585321401327793, -73.57538281033404814, 54.55865810411082606 ) ) ;
#1681 = CARTESIAN_POINT ( 'NONE',  ( -7.548156275243141956E-11, 1.530671358675221416, -46.61894072317185334 ) ) ;
#1682 = CARTESIAN_POINT ( 'NONE',  ( -75.48662185392541346, -58.46055935914405666, 202.0099641282430412 ) ) ;
#1683 = CARTESIAN_POINT ( 'NONE',  ( 75.08352271041381698, 23.83992530242385399, 133.1794009662679912 ) ) ;
#1684 = CARTESIAN_POINT ( 'NONE',  ( -0.7841162661089502439, -67.29508819007661202, 415.7719630850247654 ) ) ;
#1685 = CARTESIAN_POINT ( 'NONE',  ( 86.60081278800824123, -34.97032494195183006, 62.15867829676963652 ) ) ;
#1686 = CARTESIAN_POINT ( 'NONE',  ( 6.611810512025710906, 16.54561046290216098, 457.6028839167674960 ) ) ;
#1687 = CARTESIAN_POINT ( 'NONE',  ( -99.99999999999998579, -61.57547568705305707, 14.44966889007990218 ) ) ;
#1688 = CARTESIAN_POINT ( 'NONE',  ( -3.337544697743264788, -12.24099972263620195, -62.85769682232874800 ) ) ;
#1689 = CARTESIAN_POINT ( 'NONE',  ( -12.86356880811151981, 31.41958604971774349, 377.2397787413708556 ) ) ;
#1690 = CARTESIAN_POINT ( 'NONE',  ( 0.000000000000000000, -46.01591644295105255, 500.6206272522807126 ) ) ;
#1691 = CARTESIAN_POINT ( 'NONE',  ( 0.000000000000000000, 32.02960972858872424, 380.5868600663628740 ) ) ;
#1692 = CARTESIAN_POINT ( 'NONE',  ( 9.623729406347049320, -10.66680710752643968, 548.6596272280612538 ) ) ;
#1693 = CARTESIAN_POINT ( 'NONE',  ( -6.953941588068372148, 6.120562770953910992, 500.2070897956710951 ) ) ;
#1694 = CARTESIAN_POINT ( 'NONE',  ( -28.38936618130549050, -46.46762535783658166, -18.45382494323292377 ) ) ;
#1695 = CARTESIAN_POINT ( 'NONE',  ( -0.9216022324742194627, -71.78285836237012063, 41.82533839465294534 ) ) ;
#1696 = CARTESIAN_POINT ( 'NONE',  ( -3.330844985526232982, -5.949735992423210718, -56.59751504260918864 ) ) ;
#1697 = CARTESIAN_POINT ( 'NONE',  ( 0.000000000000000000, -80.09084594382173350, 155.8294876819795149 ) ) ;
#1698 = CARTESIAN_POINT ( 'NONE',  ( -0.6583047484764391610, 47.13654566807250035, 155.6928415244869939 ) ) ;
#1699 = CARTESIAN_POINT ( 'NONE',  ( 53.92065336472777659, -13.86360544015033369, 377.3258048594636875 ) ) ;
#1700 = CARTESIAN_POINT ( 'NONE',  ( -0.9503458332328528213, -46.01190942026128283, -42.30153726927275670 ) ) ;
#1701 = CARTESIAN_POINT ( 'NONE',  ( 37.43434600815625402, 3.497723437920143397, 446.0507749091595429 ) ) ;
#1702 = CARTESIAN_POINT ( 'NONE',  ( 3.350178695052929978, -24.66882895534568121, -76.10165956531285758 ) ) ;
#1703 = CARTESIAN_POINT ( 'NONE',  ( 23.30710670916850091, -60.46088973700884139, 14.44966888112466918 ) ) ;
#1704 = CARTESIAN_POINT ( 'NONE',  ( 0.9419369969250757091, 38.87366631406933948, 332.0309586039868464 ) ) ;
#1705 = B_SPLINE_CURVE_WITH_KNOTS ( 'NONE', 3,
 ( #1042, #1835, #2076, #58, #1681, #635, #1881, #1027, #1012, #2228, #846, #664, #1469 ),
 .UNSPECIFIED., .F., .F.,
 ( 4, 1, 1, 1, 1, 1, 1, 1, 1, 1, 4 ),
 ( 0.000000000000000000, 0.006304045303008935959, 0.01260809060601728385, 0.01891213590902613567, 0.02521618121203465096, 0.03152022651504350625, 0.03782427181805202154, 0.05043236242406938519, 0.06304045303008658230, 0.07564854363610411248, 0.08553804394350800200 ),
 .UNSPECIFIED. ) ;
#1706 = CARTESIAN_POINT ( 'NONE',  ( 59.99867422257567995, -10.69069057093173214, 448.1085652130877293 ) ) ;
#1707 = CARTESIAN_POINT ( 'NONE',  ( -149.9999999999996589, 3.010335517173705178, 393.8851699768119943 ) ) ;
#1708 = CARTESIAN_POINT ( 'NONE',  ( 1.898356168602090666, -49.25505107577039610, -36.89743492554081428 ) ) ;
#1709 = CARTESIAN_POINT ( 'NONE',  ( 1.904146327908672554, -8.520320594203820264, -59.57409022259488296 ) ) ;
#1710 = CARTESIAN_POINT ( 'NONE',  ( -11.18219437242983005, -77.94723555207765742, 133.5033614654351481 ) ) ;
#1711 = CARTESIAN_POINT ( 'NONE',  ( 150.0000000000000568, 14.41729715668834189, 243.9122022442739706 ) ) ;
#1712 = CARTESIAN_POINT ( 'NONE',  ( 16.27003401340103039, -59.08078754374870556, 439.0693116158055886 ) ) ;
#1713 = CARTESIAN_POINT ( 'NONE',  ( 86.45130187752889128, -36.93452133926044922, 65.96772859145507084 ) ) ;
#1714 = CARTESIAN_POINT ( 'NONE',  ( -1.930653681019943724, 13.87290448054163683, 472.4794235559970730 ) ) ;
#1715 = CARTESIAN_POINT ( 'NONE',  ( 0.000000000000000000, -66.77656847523338968, 14.44966889007990218 ) ) ;
#1716 = CARTESIAN_POINT ( 'NONE',  ( 1.210428842809759587E-09, -66.04203909768150993, 11.02863359051987757 ) ) ;
#1717 = CARTESIAN_POINT ( 'NONE',  ( -83.26671075213897666, 10.37568051067605523, 86.68462678675325606 ) ) ;
#1718 = CARTESIAN_POINT ( 'NONE',  ( 149.9999999999999716, -1.955878096332352101, 210.7835374966635698 ) ) ;
#1719 = CARTESIAN_POINT ( 'NONE',  ( -52.26163914926329568, 6.411420321105841147, 377.3440233945722184 ) ) ;
#1720 = CARTESIAN_POINT ( 'NONE',  ( -149.9999999999994316, -2.616582094362104094, 212.2784760750597570 ) ) ;
#1721 = CARTESIAN_POINT ( 'NONE',  ( 1.885900387860527383, 4.944344929474349115, -41.28297166191669731 ) ) ;
#1722 = CARTESIAN_POINT ( 'NONE',  ( -52.53397584031535672, -18.12220844684789967, 264.4259359328573851 ) ) ;
#1723 = CARTESIAN_POINT ( 'NONE',  ( 9.038935942379033861, 44.65478929440413225, 133.3990811073386169 ) ) ;
#1724 = CARTESIAN_POINT ( 'NONE',  ( 150.0000000000003126, -7.116034429661834082, 345.1373952342066787 ) ) ;
#1725 = CARTESIAN_POINT ( 'NONE',  ( 3.341093964433875296, -20.52424738907802393, -69.22916691682850399 ) ) ;
#1726 = CARTESIAN_POINT ( 'NONE',  ( -12.51122854236293591, -10.32226976056000467, -55.36644004333045643 ) ) ;
#1727 = CARTESIAN_POINT ( 'NONE',  ( 1.221630101971222354E-09, -59.07771564046058899, -13.97735223247405401 ) ) ;
#1728 = CARTESIAN_POINT ( 'NONE',  ( -149.9999999999999716, 10.35078035734875535, 226.4890547709782993 ) ) ;
#1729 = CARTESIAN_POINT ( 'NONE',  ( -38.69183588737984536, 10.25441671295230073, 424.1220012238796357 ) ) ;
#1730 = CARTESIAN_POINT ( 'NONE',  ( 0.9539918533252579325, -20.52086321914339351, -69.25396804626439007 ) ) ;
#1731 = CARTESIAN_POINT ( 'NONE',  ( -3.302423590642567852, 4.628195515106217073, -41.47021073289514703 ) ) ;
#1732 = CARTESIAN_POINT ( 'NONE',  ( 2.764806697422658388, -72.01390314074902221, 41.94045750065849631 ) ) ;
#1733 = CARTESIAN_POINT ( 'NONE',  ( 0.000000000000000000, 45.95997642549459528, 252.6905689360423537 ) ) ;
#1734 = CARTESIAN_POINT ( 'NONE',  ( 50.33058609964169960, -9.487051831254255774, 338.3589487892786565 ) ) ;
#1735 = CARTESIAN_POINT ( 'NONE',  ( -0.9527954599572151517, -34.52252175064398187, -56.86340475027972730 ) ) ;
#1736 = CARTESIAN_POINT ( 'NONE',  ( -14.77468043357019312, -63.45794666278199969, 14.44966888112471892 ) ) ;
#1737 = CARTESIAN_POINT ( 'NONE',  ( 1.555277009158479995, -64.31489016040870865, 430.2502621335015078 ) ) ;
#1738 = CARTESIAN_POINT ( 'NONE',  ( 5.782832780366845782, 26.42365448304882491, 14.44966888112470471 ) ) ;
#1739 = CARTESIAN_POINT ( 'NONE',  ( 0.000000000000000000, -10.68759205995291062, -61.70114811713823144 ) ) ;
#1740 = CARTESIAN_POINT ( 'NONE',  ( 2.650316221447130527, 28.51110833786872334, 17.25647961524052931 ) ) ;
#1741 = CARTESIAN_POINT ( 'NONE',  ( 86.97224525266341288, -24.93251910119383652, 48.64210992238586329 ) ) ;
#1742 = CARTESIAN_POINT ( 'NONE',  ( -36.00285309233927933, -6.792297079197776810, 479.3729591887034758 ) ) ;
#1743 = CARTESIAN_POINT ( 'NONE',  ( -56.49003446161335518, -11.57972456495364000, 198.1296599150639679 ) ) ;
#1744 = CARTESIAN_POINT ( 'NONE',  ( -0.000000000000000000, -8.574914396861032628, -59.59239050809556204 ) ) ;
#1745 = CARTESIAN_POINT ( 'NONE',  ( 2.710200283742208338, -76.29328674587070225, 80.02441155538382134 ) ) ;
#1746 = CARTESIAN_POINT ( 'NONE',  ( 6.087201789984794331, 44.18919659100005504, 276.7467911875064033 ) ) ;
#1747 = CARTESIAN_POINT ( 'NONE',  ( 10.04412368567978575, -80.21168089975681426, 276.6879072761447560 ) ) ;
#1748 = CARTESIAN_POINT ( 'NONE',  ( 150.0000000000041211, -0.8809440955387546346, 208.3056818061898809 ) ) ;
#1749 = CARTESIAN_POINT ( 'NONE',  ( 1.568232532217900488, -67.31003084317281093, 415.8196997676112119 ) ) ;
#1750 = CARTESIAN_POINT ( 'NONE',  ( -2.838695181821947688, 1.681375928194609459, -46.53493995302151376 ) ) ;
#1751 = CARTESIAN_POINT ( 'NONE',  ( 0.000000000000000000, -10.00000000000000000, -61.05776287854492068 ) ) ;
#1752 = CARTESIAN_POINT ( 'NONE',  ( -80.59194385665391280, 16.18280436951648937, 103.7926928775323461 ) ) ;
#1753 = CARTESIAN_POINT ( 'NONE',  ( 149.9999999999999716, -0.2670827959631797421, 209.5928532734410794 ) ) ;
#1754 = CARTESIAN_POINT ( 'NONE',  ( -2.554997525492479937, -7.414538782993829180, 550.3635908939758110 ) ) ;
#1755 = FACE_OUTER_BOUND ( 'NONE', #1829, .T. ) ;
#1756 = CARTESIAN_POINT ( 'NONE',  ( -3.238742170394931286, 15.77724942527549956, -19.15744003631981229 ) ) ;
#1757 = CARTESIAN_POINT ( 'NONE',  ( 2.729126333585619069, -75.10286132910425749, 67.31193685844881713 ) ) ;
#1758 = CARTESIAN_POINT ( 'NONE',  ( -0.9785259520414012480, 44.46994292845445074, 275.6022355444260938 ) ) ;
#1759 = CARTESIAN_POINT ( 'NONE',  ( 0.000000000000000000, -80.99947877039501520, 205.0832690187360470 ) ) ;
#1760 = CARTESIAN_POINT ( 'NONE',  ( 87.01993526408963930, -21.91347889570963048, 45.62676734203259343 ) ) ;
#1761 = CARTESIAN_POINT ( 'NONE',  ( -45.39996420896155627, 5.802143789802242324, 14.44966888112469761 ) ) ;
#1762 = B_SPLINE_CURVE_WITH_KNOTS ( 'NONE', 3,
 ( #796, #603, #1817, #616, #1222, #933, #1736, #1167, #789, #387, #575, #585, #2366, #1975, #407, #2203, #2008, #970, #1192, #1997, #1787, #1380, #1598, #375, #2400, #2183, #193, #166, #1776, #1180 ),
 .UNSPECIFIED., .F., .F.,
 ( 4, 2, 2, 2, 2, 2, 2, 2, 2, 2, 2, 2, 2, 2, 4 ),
 ( 0.000000000000000000, 0.004541195330395656621, 0.009082390660791313242, 0.01816478132158262301, 0.02724717198237393279, 0.03632956264316524603, 0.03860016030836307954, 0.04087075797356090612, 0.04541195330395656621, 0.05449434396474788639, 0.05676494162994571296, 0.05903553929514354648, 0.06357673462553922739, 0.06811792995593489441, 0.07265912528633057532 ),
 .UNSPECIFIED. ) ;
#1763 = CARTESIAN_POINT ( 'NONE',  ( 0.7776385045792399975, -64.29288376211187028, 430.2175093957199010 ) ) ;
#1764 = CARTESIAN_POINT ( 'NONE',  ( 3.302423590642567852, 4.628195515106217073, -41.47021073289514703 ) ) ;
#1765 = CARTESIAN_POINT ( 'NONE',  ( -1.465488145710722945, -31.07502996632909031, 555.0628137435038525 ) ) ;
#1766 = B_SPLINE_SURFACE_WITH_KNOTS ( 'NONE', 3, 3, ( 
 ( #2424, #1650, #2244, #621, #648, #1864, #224, #2258, #1227, #1426 ),
 ( #443, #876, #1242, #2467, #457, #1255, #2060, #269, #680, #1485 ),
 ( #2288, #1058, #73, #1665, #861, #324, #1327, #1947, #1501, #2522 ),
 ( #1899, #889, #1288, #2509, #2105, #707, #485, #150, #534, #511 ),
 ( #104, #1709, #2092, #1744, #916, #2128, #2303, #312, #718, #127 ),
 ( #523, #499, #2335, #335, #1696, #138, #728, #1126, #1524, #1338 ),
 ( #2497, #299, #1090, #695, #1302, #1103, #1936, #1913, #2139, #739 ),
 ( #928, #2325, #1114, #116, #347, #1925, #941, #1512, #1138, #903 ),
 ( #2315, #1721, #2534, #1535, #1731, #2546, #1548, #1315, #2116, #1349 ),
 ( #2375, #2559, #2163, #570, #359, #1970, #546, #370, #1375, #2151 ),
 ( #1958, #1162, #1560, #1150, #557, #2178, #2361, #1175, #952, #174 ),
 ( #1983, #965, #1771, #161, #1756, #2572, #764, #750, #1574, #1362 ),
 ( #382, #188, #2347, #2332, #554, #158, #2554, #1717, #146, #1728 ),
 ( #1358, #949, #2517, #520, #1569, #2159, #2530, #1323, #2343, #2568 ),
 ( #1740, #1146, #1944, #2370, #367, #1921, #1158, #1752, #747, #1967 ),
 ( #1955, #714, #725, #170, #2124, #962, #331, #1767, #1122, #1556 ),
 ( #1531, #1544, #1520, #1932, #759, #566, #1371, #134, #2147, #355 ),
 ( #923, #321, #2542, #2322, #2355, #1111, #530, #123, #911, #1334 ),
 ( #1346, #2135, #342, #1134, #937, #736, #542, #207, #2593, #974 ),
 ( #217, #379, #1197, #2187, #184, #1206, #2384, #1418, #579, #805 ),
 ( #1384, #2208, #1791, #819, #1624, #2429, #2415, #30, #1583, #17 ),
 ( #612, #773, #601, #1171, #996, #423, #1780, #392, #1185, #1802 ),
 ( #2581, #402, #1218, #2197, #626, #1992, #7, #1826, #197, #2174 ),
 ( #794, #783, #1603, #986, #2002, #2220, #2023, #590, #1408, #1593 ),
 ( #2394, #1398, #229, #2013, #1813, #2405, #412, #1006, #1612, #1017 ),
 ( #1980, #244, #1063, #2263, #1641, #1032, #256, #2065, #274, #640 ),
 ( #1869, #1444, #1260, #1431, #1232, #851, #436, #63, #653, #2445 ),
 ( #2233, #1459, #2037, #2250, #1840, #45, #833, #462, #448, #1247 ),
 ( #1854, #1655, #2050, #1047, #2458, #68, #291, #1082, #869, #262 ),
 ( #2476, #2253, #306, #658, #2055, #477, #703, #2505, #2070, #2462 ),
 ( #278, #1704, #1038, #2448, #1890, #838, #97, #1493, #1463, #2099 ),
 ( #1907, #1052, #1509, #1858, #897, #856, #2491, #1068, #2266, #2281 ),
 ( #1660, #1097, #1296, #111, #465, #883, #1689, #1673, #1265, #507 ),
 ( #453, #688, #2311, #1251, #1310, #2084, #1875, #2113, #81, #1845 ),
 ( #1645, #673, #1478, #643, #1280, #2295, #50, #493, #1447, #716 ),
 ( #2494, #2480, #1087, #2313, #2126, #333, #1112, #2519, #1719, #1678 ),
 ( #677, #2507, #1124, #497, #1510, #1934, #1285, #1923, #1482, #509 ),
 ( #2285, #1896, #101, #1313, #310, #482, #901, #1729, #114, #1336 ),
 ( #2114, #2333, #692, #532, #2300, #322, #1300, #705, #2088, #1707 ),
 ( #2532, #1100, #125, #886, #1522, #296, #2103, #136, #2323, #521 ),
 ( #914, #1498, #1325, #925, #726, #1693, #1911, #2137, #1533, #345 ),
 ( #1136, #85, #873, #762, #1189, #1585, #1769, #1572, #2373, #186 ),
 ( #592, #1994, #939, #394, #2584, #2385, #2188, #1742, #976, #2345 ),
 ( #199, #1148, #2595, #1956, #1793, #159, #775, #368, #555, #568 ),
 ( #950, #987, #785, #1595, #1754, #1173, #1981, #2570, #2557, #1400 ),
 ( #544, #1781, #2396, #1347, #2199, #380, #2149, #404, #748, #1945 ),
 ( #2544, #1373, #2359, #737, #2176, #581, #148, #1558, #1546, #357 ),
 ( #1360, #2161, #1159, #1387, #1968, #172, #963, #810, #2463, #660 ) ),
 .UNSPECIFIED., .F., .F., .F.,
 ( 4, 3, 1, 1, 1, 1, 1, 1, 1, 1, 1, 1, 1, 1, 1, 1, 1, 1, 1, 1, 1, 1, 1, 1, 1, 3, 1, 1, 1, 1, 1, 1, 1, 1, 1, 1, 1, 1, 1, 1, 1, 4 ),
 ( 4, 3, 1, 1, 1, 4 ),
 ( 0.4847573055477913950, 0.4990857812012456374, 0.5032524761466716789, 0.5074191710920973319, 0.5115858660375233180, 0.5157525609829490820, 0.5199192559283750681, 0.5240859508738008321, 0.5324193407646525822, 0.5407527306555042212, 0.5490861205463560824, 0.5574195104372077214, 0.5657529003280594715, 0.5740862902189111105, 0.5824196801097627496, 0.5990864598914662498, 0.6157532396731697499, 0.6324200194548732501, 0.6490867992365765282, 0.6657535790182800284, 0.6824203587999835285, 0.6990871385816868067, 0.7157539183633904178, 0.7324206981450935849, 0.7490874779267970851, 0.7657542577085005853, 0.7934811804762516019, 0.8212081032440026185, 0.8350715646278780158, 0.8489350260117537461, 0.8627984873956292544, 0.8766619487795048737, 0.8905254101633801600, 0.9043888715472557793, 0.9182523329311313987, 0.9321157943150069070, 0.9459792556988821932, 0.9598427170827579236, 0.9737061784666334319, 0.9806379091585710750, 0.9841037745045400076, 0.9875696398505088291 ),
 ( -0.01000000000000000021, 0.000000000000000000, 0.03502224838491098391, 0.09383257832149248523, 0.1938325783214923659, 1.000000000000000000 ),
 .UNSPECIFIED. ) ;
#1767 = CARTESIAN_POINT ( 'NONE',  ( -79.05674022718464755, 18.70769894339281336, 112.5241708736267157 ) ) ;
#1768 = CARTESIAN_POINT ( 'NONE',  ( 56.47133056757952829, -9.399880413737685458, 200.1079479669975001 ) ) ;
#1769 = CARTESIAN_POINT ( 'NONE',  ( -10.02488928357590936, 1.340599469649716324, 507.8357256156867834 ) ) ;
#1770 = CARTESIAN_POINT ( 'NONE',  ( 0.9532468915064543635, -30.02532872688621879, -61.05057845421223561 ) ) ;
#1771 = CARTESIAN_POINT ( 'NONE',  ( 0.9247670608693169259, 16.13791471914375109, -18.92185757000694935 ) ) ;
#1772 = CARTESIAN_POINT ( 'NONE',  ( -11.86410883611506328, -71.82656021748414332, 58.07640403734466616 ) ) ;
#1773 = CARTESIAN_POINT ( 'NONE',  ( 149.9999999999993463, 17.39257541835625176, 283.2293150073691663 ) ) ;
#1774 = CARTESIAN_POINT ( 'NONE',  ( 50.03496671508558791, -9.445889722702119684, 316.1574926723979502 ) ) ;
#1775 = CARTESIAN_POINT ( 'NONE',  ( -1.907238744831712296, -25.28538450339149080, -65.15143535736127944 ) ) ;
#1776 = CARTESIAN_POINT ( 'NONE',  ( -54.48099993439645772, -27.75713234975183497, 14.44966888112480774 ) ) ;
#1777 = CARTESIAN_POINT ( 'NONE',  ( -17.43097359846064620, -62.41490392309066948, 425.1790130168931796 ) ) ;
#1778 = CARTESIAN_POINT ( 'NONE',  ( 0.000000000000000000, -10.00000000000000000, -61.05776287854492068 ) ) ;
#1779 = CARTESIAN_POINT ( 'NONE',  ( -0.7327440728553614724, -31.04120225396744104, 555.1005256514145003 ) ) ;
#1780 = CARTESIAN_POINT ( 'NONE',  ( -19.23958081385339014, 44.36215661290071921, 164.4211870057072531 ) ) ;
#1781 = CARTESIAN_POINT ( 'NONE',  ( 1.462097396393197579, -8.755891532203142091, 555.1105562664688478 ) ) ;
#1782 = CARTESIAN_POINT ( 'NONE',  ( -86.97224525266341288, -24.93251910119383652, 48.64210992238586329 ) ) ;
#1783 = CARTESIAN_POINT ( 'NONE',  ( -84.27759062967341208, -48.53072844917068807, 103.6408433975915813 ) ) ;
#1784 = CARTESIAN_POINT ( 'NONE',  ( -0.5120851727837461009, 45.98408210575418309, 252.6190356612356140 ) ) ;
#1785 = CARTESIAN_POINT ( 'NONE',  ( -0.8189415015716532409, -81.02814259621570159, 252.5640216245713532 ) ) ;
#1786 = DIRECTION ( 'NONE',  ( 1.000000000000000000, 0.000000000000000000, 0.000000000000000000 ) ) ;
#1787 = CARTESIAN_POINT ( 'NONE',  ( -48.23813507988286631, -41.53656624397970631, 14.44966888112469050 ) ) ;
#1788 = CARTESIAN_POINT ( 'NONE',  ( -149.9999999999998010, -6.962528604779465446, 370.1972280709401844 ) ) ;
#1789 = CARTESIAN_POINT ( 'NONE',  ( 3.330844985526232982, -5.949735992423210718, -56.59751504260918864 ) ) ;
#1790 = CARTESIAN_POINT ( 'NONE',  ( -0.7325915386538827123, -30.36799215964183318, 557.6367798800164337 ) ) ;
#1791 = CARTESIAN_POINT ( 'NONE',  ( 0.7020998398433726528, 45.86371172239648786, 130.5683831685448695 ) ) ;
#1792 = CARTESIAN_POINT ( 'NONE',  ( 9.620743624274640027, -11.03377133881076233, 549.8478901275921089 ) ) ;
#1793 = CARTESIAN_POINT ( 'NONE',  ( -2.541794483188228870, -4.806876550188804664, 541.7585835155889527 ) ) ;
#1794 = CARTESIAN_POINT ( 'NONE',  ( -149.9999999999997442, -5.490932798144390503, 226.1862272007494425 ) ) ;
#1795 = CARTESIAN_POINT ( 'NONE',  ( -1.637883003143306482, -81.05475089523247334, 252.4927245404342671 ) ) ;
#1796 = CARTESIAN_POINT ( 'NONE',  ( -5.437276906130649067E-18, -27.82684100912216607, -62.84528470255320798 ) ) ;
#1797 = CARTESIAN_POINT ( 'NONE',  ( -44.39786251057335420, 6.866053443437972525, 14.44966888112466386 ) ) ;
#1798 = CARTESIAN_POINT ( 'NONE',  ( 0.000000000000000000, -81.00153429719892983, 252.6353187087084677 ) ) ;
#1799 = CARTESIAN_POINT ( 'NONE',  ( -1.885900387860527383, 4.944344929474349115, -41.28297166191669731 ) ) ;
#1800 = CARTESIAN_POINT ( 'NONE',  ( 2.567741008498936495, -32.22037029964481292, 550.2626658817077896 ) ) ;
#1801 = CARTESIAN_POINT ( 'NONE',  ( 3.264775396501128135, -66.91508424942222177, 16.39354568225414610 ) ) ;
#1802 = CARTESIAN_POINT ( 'NONE',  ( -149.9999999999993463, 17.13590603533871715, 269.4952211729575993 ) ) ;
#1803 = CARTESIAN_POINT ( 'NONE',  ( 12.52308448664570051, -14.78166740391852407, -58.46152406975187432 ) ) ;
#1804 = CARTESIAN_POINT ( 'NONE',  ( -149.9999999999998579, -6.643660690299837412, 425.0789795851339932 ) ) ;
#1805 = CARTESIAN_POINT ( 'NONE',  ( 1.872216758735427256, -65.18647647261876443, 6.396864240776547028 ) ) ;
#1806 = CARTESIAN_POINT ( 'NONE',  ( 0.000000000000000000, -80.66538580997541885, 180.6424840487019594 ) ) ;
#1807 = CARTESIAN_POINT ( 'NONE',  ( 0.000000000000000000, 27.41454302307128188, 14.44966887986461579 ) ) ;
#1808 = CARTESIAN_POINT ( 'NONE',  ( -52.77446805626220794, -5.097866354768841646, 14.44966888112466208 ) ) ;
#1809 = CARTESIAN_POINT ( 'NONE',  ( -68.17099890686246511, -59.87081892651732318, 328.7373264156398136 ) ) ;
#1810 = CARTESIAN_POINT ( 'NONE',  ( 149.9999999999998295, 12.15754626088404500, 232.9814987402332633 ) ) ;
#1811 = CARTESIAN_POINT ( 'NONE',  ( 11.03763994267910142, -40.30552546951252424, 507.6183959855453622 ) ) ;
#1812 = CARTESIAN_POINT ( 'NONE',  ( 27.84093464897784997, -61.08184798624968437, 22.23079528764089829 ) ) ;
#1813 = CARTESIAN_POINT ( 'NONE',  ( -1.897151511910303734, 46.91140964979707206, 229.3722862163716343 ) ) ;
#1814 = CARTESIAN_POINT ( 'NONE',  ( 2.512478394710995655, -1.256705077567221052, 529.6245464009108446 ) ) ;
#1815 = CARTESIAN_POINT ( 'NONE',  ( 0.000000000000000000, -10.00000000000000000, -61.05776287854492068 ) ) ;
#1816 = CARTESIAN_POINT ( 'NONE',  ( -12.52666076809941309, -19.10255005422854779, -59.76120871818613978 ) ) ;
#1817 = CARTESIAN_POINT ( 'NONE',  ( -3.009592606512863533, -66.36998738452574287, 14.44966888112468162 ) ) ;
#1818 = CARTESIAN_POINT ( 'NONE',  ( -9.752063943272220925, -31.15933287716348588, 541.4708301244976383 ) ) ;
#1819 = CARTESIAN_POINT ( 'NONE',  ( 0.9361083793677136278, -65.07552903025141688, 6.336708438744296679 ) ) ;
#1820 = CARTESIAN_POINT ( 'NONE',  ( -2.710200283742208338, -76.29328674587070225, 80.02441155538382134 ) ) ;
#1821 = CARTESIAN_POINT ( 'NONE',  ( -5.782832780366845782, 26.42365448304882491, 14.44966888112470471 ) ) ;
#1822 = CARTESIAN_POINT ( 'NONE',  ( 2.422461237863867467, -79.96892031407340085, 298.0400954736205108 ) ) ;
#1823 = CARTESIAN_POINT ( 'NONE',  ( -0.8666741317026296354, 31.46901978515835552, 29.51441602890792737 ) ) ;
#1824 = CARTESIAN_POINT ( 'NONE',  ( 8.131555872327654200, -53.17059966846706232, 471.8355484568802467 ) ) ;
#1825 = CARTESIAN_POINT ( 'NONE',  ( -2.839093634137692224, -54.84256232390895747, -25.58394721281601392 ) ) ;
#1826 = CARTESIAN_POINT ( 'NONE',  ( -56.11130722957283723, 35.86224107201260836, 219.6474666994794234 ) ) ;
#1827 = CARTESIAN_POINT ( 'NONE',  ( 3.335770872489703276, -10.08423850523609744, -61.08048033209797012 ) ) ;
#1828 = CARTESIAN_POINT ( 'NONE',  ( -56.45989170817483682, -14.78957809590071903, 201.9769109399703382 ) ) ;
#1829 = EDGE_LOOP ( 'NONE', ( #1876, #809, #279, #839, #1021 ) ) ;
#1830 = CARTESIAN_POINT ( 'NONE',  ( -36.41497210522977923, -28.47449571491510412, 488.7194403292959919 ) ) ;
#1831 = CARTESIAN_POINT ( 'NONE',  ( 42.82036082025610568, 34.45865616707600765, 314.7613887647807474 ) ) ;
#1832 = CARTESIAN_POINT ( 'NONE',  ( -0.000000000000000000, -62.80477775056648682, -1.900891426489738967 ) ) ;
#1833 = CARTESIAN_POINT ( 'NONE',  ( 10.94802051588691683, -78.97284269736714180, 158.3771493138501398 ) ) ;
#1834 = PRODUCT_CONTEXT ( 'NONE', #1874, 'mechanical' ) ;
#1835 = CARTESIAN_POINT ( 'NONE',  ( -7.594753821768345491E-11, -8.574914396862824972, -59.59239050809586757 ) ) ;
#1836 = CARTESIAN_POINT ( 'NONE',  ( 2.435941590407808111, -80.68523458348438737, 275.4795810702132712 ) ) ;
#1837 = CARTESIAN_POINT ( 'NONE',  ( 3.147860296435570415, 24.32371408104542709, 4.633680387658797528 ) ) ;
#1838 = CARTESIAN_POINT ( 'NONE',  ( -0.7512766249994969892, -49.98411738027655815, 486.5231119541070370 ) ) ;
#1839 = CARTESIAN_POINT ( 'NONE',  ( 0.000000000000000000, -56.93250902418997583, -19.89607106146813464 ) ) ;
#1840 = CARTESIAN_POINT ( 'NONE',  ( -1.661913757546996440, 42.51371960543011141, 298.3404751548967511 ) ) ;
#1841 = CARTESIAN_POINT ( 'NONE',  ( 0.000000000000000000, 2.926735556036303532, 515.0430825616978154 ) ) ;
#1842 = CARTESIAN_POINT ( 'NONE',  ( 28.53909880752624773, -10.68040278824253164, -41.02084576645206937 ) ) ;
#1843 = CARTESIAN_POINT ( 'NONE',  ( 50.11171787444065728, 9.594334424904452874, 362.2731057270540305 ) ) ;
#1844 = CARTESIAN_POINT ( 'NONE',  ( -28.57278266753127838, -17.32287592967700363, -44.94875114735818755 ) ) ;
#1845 = CARTESIAN_POINT ( 'NONE',  ( -150.0000000000001421, 9.607543969010292173, 355.1325008380466102 ) ) ;
#1846 = CARTESIAN_POINT ( 'NONE',  ( -2.567741008498936495, -32.22037029964481292, 550.2626658817077896 ) ) ;
#1847 = CARTESIAN_POINT ( 'NONE',  ( -86.09107473102029928, -40.35637551193459416, 73.91248004646833181 ) ) ;
#1848 = CARTESIAN_POINT ( 'NONE',  ( 2.979233013950411735, -80.44274170673764957, 180.7944652722967760 ) ) ;
#1849 = CARTESIAN_POINT ( 'NONE',  ( -2.924763811180750128, 27.03535799149072361, 14.44966888112470116 ) ) ;
#1850 = CARTESIAN_POINT ( 'NONE',  ( -51.25947223000092379, -10.64545712083506501, 351.9135237018458042 ) ) ;
#1851 = CARTESIAN_POINT ( 'NONE',  ( 0.000000000000000000, 11.73449225725467926, -28.51670946738130752 ) ) ;
#1852 = CARTESIAN_POINT ( 'NONE',  ( 59.46243121900331374, -18.23192697237507431, 431.2232980163658453 ) ) ;
#1853 = CARTESIAN_POINT ( 'NONE',  ( -0.9429548750100035237, -59.17818107841036124, -13.92422952811984160 ) ) ;
#1854 = CARTESIAN_POINT ( 'NONE',  ( 1.412905495387613675, 41.02947630906889032, 312.7536838202627791 ) ) ;
#1855 = CARTESIAN_POINT ( 'NONE',  ( 7.045124004950711338, 2.314038226187245861, 514.4354252516325232 ) ) ;
#1856 = CARTESIAN_POINT ( 'NONE',  ( 53.92659977195486221, -7.786831871998018073, 14.44966888112456971 ) ) ;
#1857 = CARTESIAN_POINT ( 'NONE',  ( -28.56655353840115907, -27.10183927193698494, -42.71602152552533482 ) ) ;
#1858 = CARTESIAN_POINT ( 'NONE',  ( 0.000000000000000000, 36.01456435933089750, 354.5116695689063704 ) ) ;
#1859 = ORIENTED_EDGE ( 'NONE', *, *, #344, .T. ) ;
#1860 = CARTESIAN_POINT ( 'NONE',  ( -9.677776026443766000, -29.92576783747977132, 546.2450603931980595 ) ) ;
#1861 = CARTESIAN_POINT ( 'NONE',  ( 149.9999999999999716, 14.23858967693923105, 324.3781664693334506 ) ) ;
#1862 = CARTESIAN_POINT ( 'NONE',  ( -3.319580048919993587, -51.67387637798120892, -31.56814357688302053 ) ) ;
#1863 = CARTESIAN_POINT ( 'NONE',  ( -0.9270879825596324286, -69.79302093472507806, 29.20512584233292230 ) ) ;
#1864 = CARTESIAN_POINT ( 'NONE',  ( -12.56828236095124929, -24.59226084328281203, -70.07999748860358125 ) ) ;
#1865 = CARTESIAN_POINT ( 'NONE',  ( 0.000000000000000000, -81.11379336801954310, 229.0959203413409284 ) ) ;
#1866 = CARTESIAN_POINT ( 'NONE',  ( 150.0000000000000284, 11.30624670738853510, 229.7266311706955264 ) ) ;
#1867 = CARTESIAN_POINT ( 'NONE',  ( 7.354715413823783798, -37.44558185051763388, 528.5187147704514246 ) ) ;
#1868 = CARTESIAN_POINT ( 'NONE',  ( 12.50756631249310225, -36.04793490115954313, -49.10606591531024634 ) ) ;
#1869 = CARTESIAN_POINT ( 'NONE',  ( 1.467788928062101705, 44.48375703246001933, 275.5401249740329490 ) ) ;
#1870 = CARTESIAN_POINT ( 'NONE',  ( 59.89900058819404194, -9.567402936609459729, 443.5936951987583257 ) ) ;
#1871 = CARTESIAN_POINT ( 'NONE',  ( 49.45410080995362279, 0.5998908196016191630, 14.44966888112468340 ) ) ;
#1872 = CARTESIAN_POINT ( 'NONE',  ( 51.14854028299649258, 8.032565948868031214, 369.8610693905080211 ) ) ;
#1873 = CARTESIAN_POINT ( 'NONE',  ( -0.000000000000000000, -27.82684100912216607, -62.84528470255320798 ) ) ;
#1874 = APPLICATION_CONTEXT ( 'automotive_design' ) ;
#1875 = CARTESIAN_POINT ( 'NONE',  ( -12.50381132325683886, 27.83116567873787162, 396.5693299386862805 ) ) ;
#1876 = ORIENTED_EDGE ( 'NONE', *, *, #316, .T. ) ;
#1877 = CARTESIAN_POINT ( 'NONE',  ( -7.899106090145456172, -49.30430213682166141, 485.9199461956914092 ) ) ;
#1878 = CARTESIAN_POINT ( 'NONE',  ( 149.9999999999999432, 13.01685150340217767, 333.3876767047953535 ) ) ;
#1879 = CARTESIAN_POINT ( 'NONE',  ( -0.000000000000000000, -34.48481854792667889, -56.87675496335153724 ) ) ;
#1880 = CARTESIAN_POINT ( 'NONE',  ( 0.000000000000000000, -69.67755639141779511, 29.14466003684853135 ) ) ;
#1881 = CARTESIAN_POINT ( 'NONE',  ( -7.491419623756448359E-11, 7.905339886614887845, -35.92712258355798127 ) ) ;
#1882 = CARTESIAN_POINT ( 'NONE',  ( -2.979233013950411735, -80.44274170673764957, 180.7944652722967760 ) ) ;
#1883 = CARTESIAN_POINT ( 'NONE',  ( 11.07186743597200973, 32.81523294668829749, 45.76036132870854090 ) ) ;
#1884 = CARTESIAN_POINT ( 'NONE',  ( 58.36365444063026331, -51.93710639295454001, 391.2153997146278925 ) ) ;
#1885 = CARTESIAN_POINT ( 'NONE',  ( -1.904991075876452555, -36.68467693733309432, -54.60776016345596418 ) ) ;
#1886 = CARTESIAN_POINT ( 'NONE',  ( 55.71564899923829728, 1.205407876259681377, 399.7257200711499081 ) ) ;
#1887 = CARTESIAN_POINT ( 'NONE',  ( 54.84161755817451933, -10.59110313536448444, 14.44966888112443293 ) ) ;
#1888 = CARTESIAN_POINT ( 'NONE',  ( 6.132859819528112766, 28.43009116092171595, 399.5846028973078319 ) ) ;
#1889 = CARTESIAN_POINT ( 'NONE',  ( 1.223931302922503687E-09, -56.93250902431418581, -19.89607106140363513 ) ) ;
#1890 = CARTESIAN_POINT ( 'NONE',  ( -1.649437573462356754, 38.88726402745196253, 331.8909477606557630 ) ) ;
#1891 = VERTEX_POINT ( 'NONE', #529 ) ;
#1892 = CARTESIAN_POINT ( 'NONE',  ( -11.03763994267910142, -40.30552546951252424, 507.6183959855453622 ) ) ;
#1894 = CARTESIAN_POINT ( 'NONE',  ( -1.005968528606214107, 32.03284778517833331, 380.7173133528380049 ) ) ;
#1893 = PRODUCT_DEFINITION_CONTEXT ( 'detailed design', #1335, 'design' ) ;
#1895 = CARTESIAN_POINT ( 'NONE',  ( 59.97261899444817601, -10.31809425623221443, 446.5905760905740181 ) ) ;
#1896 = CARTESIAN_POINT ( 'NONE',  ( 1.240397304842907111, 17.08031719385537528, 458.4040238591230150 ) ) ;
#1897 = CARTESIAN_POINT ( 'NONE',  ( -12.46987870681236998, -45.06482743648748368, -37.07213124908908952 ) ) ;
#1898 = CARTESIAN_POINT ( 'NONE',  ( 54.81935120649129090, -24.03091502903525267, 240.7408612160144514 ) ) ;
#1899 = CARTESIAN_POINT ( 'NONE',  ( 2.857415808226826837, -9.927841435840775830, -61.03830314543180435 ) ) ;
#1900 = CARTESIAN_POINT ( 'NONE',  ( 1.677363332547081809, -81.10073484527136145, 204.9640191062684096 ) ) ;
#1901 = CARTESIAN_POINT ( 'NONE',  ( 2.458911498200082146, 45.48680964656614378, 130.5876176261108412 ) ) ;
#1902 = CARTESIAN_POINT ( 'NONE',  ( -0.8042123290185287932, -76.32800812441331573, 354.7461013835834365 ) ) ;
#1903 = CARTESIAN_POINT ( 'NONE',  ( 3.331827532195591246, -42.26250701813299315, -47.56859296547036564 ) ) ;
#1904 = CARTESIAN_POINT ( 'NONE',  ( 6.848877587165034697, 9.753616543240035242, 486.0167545655663162 ) ) ;
#1905 = CARTESIAN_POINT ( 'NONE',  ( 28.62580084016314075, -19.75740349066564150, -50.39037838586354923 ) ) ;
#1906 = CARTESIAN_POINT ( 'NONE',  ( 1.226047445002764244E-09, -54.57109427154590975, -25.72152256057164976 ) ) ;
#1907 = CARTESIAN_POINT ( 'NONE',  ( 1.436093927849406482, 36.00353229043267334, 354.6852225388742568 ) ) ;
#1908 = CARTESIAN_POINT ( 'NONE',  ( 0.000000000000000000, -29.99999999999976552, -61.05776287854514095 ) ) ;
#1909 = CARTESIAN_POINT ( 'NONE',  ( 0.000000000000000000, -49.93904776405505430, 486.5602779892034846 ) ) ;
#1910 = CARTESIAN_POINT ( 'NONE',  ( -0.7315842355799940799, -9.573308037895744249, 557.6533037653249494 ) ) ;
#1911 = CARTESIAN_POINT ( 'NONE',  ( -10.27266192055210858, 5.123073895678157186, 494.0455122256950062 ) ) ;
#1912 = CARTESIAN_POINT ( 'NONE',  ( -0.000000000000000000, -45.94319628005896305, -42.33268042218969640 ) ) ;
#1913 = CARTESIAN_POINT ( 'NONE',  ( -86.59048839564125899, -5.768153520067688333, 55.25887913199452584 ) ) ;
#1914 = CARTESIAN_POINT ( 'NONE',  ( 1.701337379146672157, -80.79253019019384396, 180.5556928056472259 ) ) ;
#1915 = CARTESIAN_POINT ( 'NONE',  ( -2.106299519530117959, 46.03114097764294144, 130.5598387451737779 ) ) ;
#1916 = CARTESIAN_POINT ( 'NONE',  ( -2.392010027896103619, -73.16186653859612932, 381.0783441634033011 ) ) ;
#1917 = CARTESIAN_POINT ( 'NONE',  ( 150.0000000000000284, -3.556664501064651152, 214.9410095448380389 ) ) ;
#1918 = CARTESIAN_POINT ( 'NONE',  ( -0.6656520313713912840, 10.37720417455050104, 486.6216067975119017 ) ) ;
#1919 = CARTESIAN_POINT ( 'NONE',  ( 1.478587259873037407, 27.28145268214483821, 14.44966888112460701 ) ) ;
#1920 = CARTESIAN_POINT ( 'NONE',  ( 40.20051556432262174, -50.57219508513247064, 14.44966888112475445 ) ) ;
#1921 = CARTESIAN_POINT ( 'NONE',  ( -11.55383968865741373, 26.93463575382700270, 21.23557846822262718 ) ) ;
#1922 = CARTESIAN_POINT ( 'NONE',  ( 28.56244167989093086, -28.45745451179757879, -41.63881063567173157 ) ) ;
#1923 = CARTESIAN_POINT ( 'NONE',  ( -39.35302601131734690, 13.53690614029605221, 413.1562519541586767 ) ) ;
#1924 = CARTESIAN_POINT ( 'NONE',  ( -28.55179102718988915, -31.16361899051491235, -39.13079872091756783 ) ) ;
#1925 = CARTESIAN_POINT ( 'NONE',  ( -12.42468602756070162, 0.8701743984461717263, -41.28002289990918428 ) ) ;
#1926 = CARTESIAN_POINT ( 'NONE',  ( -3.024307361917272452, -79.82273811651575102, 155.9108010578076176 ) ) ;
#1927 = CARTESIAN_POINT ( 'NONE',  ( 51.70263860078125617, 19.26326618461806461, 258.1664659383015419 ) ) ;
#1928 = CARTESIAN_POINT ( 'NONE',  ( 51.25947223000092379, -10.64545712083506501, 351.9135237018458042 ) ) ;
#1929 = CARTESIAN_POINT ( 'NONE',  ( -1.904069236437983204, -39.40457213307709594, -51.50523190050400046 ) ) ;
#1930 = CARTESIAN_POINT ( 'NONE',  ( 55.21610821223853094, -24.99820234058821455, 14.44966888112476333 ) ) ;
#1931 = CARTESIAN_POINT ( 'NONE',  ( 0.000000000000000000, -29.99999999999976552, -61.05776287854514095 ) ) ;
#1932 = CARTESIAN_POINT ( 'NONE',  ( 0.000000000000000000, 34.15347802815850997, 41.94911547631893001 ) ) ;
#1933 = CARTESIAN_POINT ( 'NONE',  ( 150.0000000000000568, -1.459718835421843330, 210.1621749764049412 ) ) ;
#1934 = CARTESIAN_POINT ( 'NONE',  ( -6.487160277154800703, 19.72214760585052673, 443.3057579004467357 ) ) ;
#1935 = CARTESIAN_POINT ( 'NONE',  ( -3.338484940648333676, -29.91129310357068150, -61.08292434789409242 ) ) ;
#1936 = CARTESIAN_POINT ( 'NONE',  ( -28.42755645119725472, -3.288475361452404488, -32.29124967184177564 ) ) ;
#1937 = CARTESIAN_POINT ( 'NONE',  ( -81.39791087799768832, -53.74601251975116156, 139.2012258197769370 ) ) ;
#1938 = CARTESIAN_POINT ( 'NONE',  ( 22.01802724243391651, 40.49517762205267246, 116.2537897038075414 ) ) ;
#1939 = CARTESIAN_POINT ( 'NONE',  ( -1.608424658037057586, -76.32223391540878765, 354.8045545087189794 ) ) ;
#1940 = CARTESIAN_POINT ( 'NONE',  ( 56.45745274585014783, -15.04210054202895464, 202.2962196764084126 ) ) ;
#1941 = CARTESIAN_POINT ( 'NONE',  ( -55.51277816440346413, -49.62266794667421266, 402.2744431189181569 ) ) ;
#1942 = CARTESIAN_POINT ( 'NONE',  ( -0.9565858417292030236, -24.71121349876131390, -76.19616986922960677 ) ) ;
#1943 = CARTESIAN_POINT ( 'NONE',  ( -86.93041700995694043, -11.82659755196117146, 48.20907557975330349 ) ) ;
#1944 = CARTESIAN_POINT ( 'NONE',  ( 0.8834387404823768053, 28.31537238341890372, 17.13475425666132068 ) ) ;
#1945 = CARTESIAN_POINT ( 'NONE',  ( -149.9999999999997158, -4.914714336245090465, 438.2002728028813863 ) ) ;
#1946 = CARTESIAN_POINT ( 'NONE',  ( -12.52726884677016272, -25.11469791426084441, -59.37391974723787058 ) ) ;
#1947 = CARTESIAN_POINT ( 'NONE',  ( -87.03917095743797461, -14.78840956284643582, 45.13835781979638995 ) ) ;
#1948 = CARTESIAN_POINT ( 'NONE',  ( 0.000000000000000000, -71.66733597318066984, 41.76777884165016985 ) ) ;
#1949 = CARTESIAN_POINT ( 'NONE',  ( 150.0000000000003695, 17.23251453160983715, 290.2479985875627335 ) ) ;
#1950 = CARTESIAN_POINT ( 'NONE',  ( 0.000000000000000000, -79.23654712196002947, 312.7842718553088162 ) ) ;
#1951 = CARTESIAN_POINT ( 'NONE',  ( 56.45479911151812047, -15.32409550601231807, 202.6355672451341263 ) ) ;
#1952 = CARTESIAN_POINT ( 'NONE',  ( -52.55425713041052660, -47.11865743474584178, 413.2414131368510084 ) ) ;
#1953 = CARTESIAN_POINT ( 'NONE',  ( 86.91359524864041930, -11.34795942607654595, 48.66319268689352384 ) ) ;
#1954 = CARTESIAN_POINT ( 'NONE',  ( -1.466348465283128011, -32.42309479875746092, 550.0218109962382869 ) ) ;
#1955 = CARTESIAN_POINT ( 'NONE',  ( 2.600022395107888684, 31.67003230040083039, 29.63291989188160258 ) ) ;
#1956 = CARTESIAN_POINT ( 'NONE',  ( 0.000000000000000000, -4.664387618694376236, 541.5776915351184471 ) ) ;
#1957 = CARTESIAN_POINT ( 'NONE',  ( 1.907983706650515865, -20.52011155301030954, -69.25947668484322151 ) ) ;
#1958 = CARTESIAN_POINT ( 'NONE',  ( 2.799917590529235500, 11.95000122839068979, -28.37908123879857314 ) ) ;
#1959 = CARTESIAN_POINT ( 'NONE',  ( -150.0000000000001137, -6.578907825803522513, 240.9400978334070942 ) ) ;
#1960 = CARTESIAN_POINT ( 'NONE',  ( 150.0000000000006821, 17.36217657815118542, 276.3178635875777900 ) ) ;
#1961 = CARTESIAN_POINT ( 'NONE',  ( -0.8386816662735409045, -81.05010680783318833, 205.0236440625022283 ) ) ;
#1962 = CARTESIAN_POINT ( 'NONE',  ( 3.339789452541104708, -25.21777024632435271, -65.15604563236129820 ) ) ;
#1963 = CARTESIAN_POINT ( 'NONE',  ( -18.32257487118438277, 22.55000509941837805, 14.44966888112471004 ) ) ;
#1964 = CARTESIAN_POINT ( 'NONE',  ( -149.9999999999998010, -7.053761799304735902, 354.9768882891673911 ) ) ;
#1965 = CARTESIAN_POINT ( 'NONE',  ( -1.904943872151217965, -9.951894290560517220, -61.04478972313617646 ) ) ;
#1966 = CARTESIAN_POINT ( 'NONE',  ( -2.473417334959952568E-17, -17.20581252635716396, -65.23445022726340881 ) ) ;
#1967 = CARTESIAN_POINT ( 'NONE',  ( -149.9999999999998295, 12.15754626088404500, 232.9814987402332633 ) ) ;
#1968 = CARTESIAN_POINT ( 'NONE',  ( -2.562910308763635570, -10.10991166068970415, 559.0556826788819080 ) ) ;
#1969 = CARTESIAN_POINT ( 'NONE',  ( -56.50632531949495529, -9.848536576415984456, 196.0463800343917455 ) ) ;
#1970 = CARTESIAN_POINT ( 'NONE',  ( -12.32604656146385480, 7.066535420415203994, -30.82130669073084661 ) ) ;
#1971 = CARTESIAN_POINT ( 'NONE',  ( 2.796601201002040682, -67.65534475208197307, 16.79213081468282454 ) ) ;
#1972 = CARTESIAN_POINT ( 'NONE',  ( -1.412905495387613675, 41.02947630906889032, 312.7536838202627791 ) ) ;
#1973 = CARTESIAN_POINT ( 'NONE',  ( -2.552006068720008347, -80.85610238030307073, 180.5122971841198876 ) ) ;
#1974 = CARTESIAN_POINT ( 'NONE',  ( 149.9999999999996874, -2.409579751124833802, 211.7503272867475630 ) ) ;
#1975 = CARTESIAN_POINT ( 'NONE',  ( -36.57047530747182407, -53.34643585201744997, 14.44966888112472070 ) ) ;
#1976 = CARTESIAN_POINT ( 'NONE',  ( -58.36365444063026331, -51.93710639295454001, 391.2153997146278925 ) ) ;
#1977 = CARTESIAN_POINT ( 'NONE',  ( 0.000000000000000000, -5.832248506198543403, -56.54747634531298672 ) ) ;
#1978 = CARTESIAN_POINT ( 'NONE',  ( 150.0000000000000000, -6.301194178002449853, 438.1959397251795849 ) ) ;
#1979 = B_SPLINE_SURFACE_WITH_KNOTS ( 'NONE', 3, 3, ( 
 ( #528, #319, #1942, #491, #1702, #1293, #2540, #909, #340, #304 ),
 ( #1095, #1109, #1132, #734, #1507, #1518, #1905, #121, #2309, #1541 ),
 ( #475, #895, #2515, #2320, #518, #1382, #2591, #2185, #2368, #2145 ),
 ( #1591, #1965, #745, #1778, #1999, #1194, #757, #1953, #2382, #1554 ),
 ( #4, #2579, #389, #771, #2171, #365, #587, #377, #204, #959 ),
 ( #2157, #353, #2353, #1977, #1789, #781, #1581, #1183, #1990, #1344 ),
 ( #1144, #1169, #2392, #168, #182, #1394, #947, #577, #156, #972 ),
 ( #1750, #552, #1356, #195, #2566, #2552, #564, #2194, #1369, #993 ),
 ( #984, #1799, #1156, #791, #1764, #399, #1567, #2341, #540, #623 ),
 ( #1455, #27, #41, #1609, #1229, #816, #1044, #1215, #1441, #1244 ),
 ( #1428, #420, #637, #1851, #2246, #1621, #1405, #445, #848, #2020 ),
 ( #2047, #2230, #433, #2034, #2442, #241, #271, #1652, #598, #60 ),
 ( #253, #2455, #2205, #650, #2010, #226, #2260, #802, #459, #2412 ),
 ( #1029, #2426, #1257, #1014, #1837, #214, #609, #2062, #1060, #1866 ),
 ( #830, #1638, #75, #1415, #1600, #2402, #1003, #409, #1203, #1810 ),
 ( #14, #2217, #1823, #1471, #1503, #1290, #2274, #1304, #1514, #1667 ),
 ( #878, #472, #2511, #1076, #129, #1883, #2118, #1105, #90, #905 ),
 ( #2130, #337, #1128, #1116, #1329, #286, #1317, #1683, #697, #1711 ),
 ( #2485, #314, #326, #1273, #2078, #2469, #301, #682, #1092, #863 ),
 ( #918, #891, #2327, #1487, #2094, #666, #1938, #2107, #709, #2290 ),
 ( #1915, #501, #487, #2317, #1901, #1723, #513, #106, #1927, #2524 ),
 ( #720, #1526, #1698, #2305, #2499, #525, #118, #2574, #163, #2536 ),
 ( #1985, #2349, #1140, #2166, #2387, #1587, #1152, #1550, #583, #1960 ),
 ( #140, #1537, #967, #730, #176, #572, #548, #1177, #428, #1773 ),
 ( #1340, #190, #766, #930, #372, #1389, #1351, #2587, #2153, #1949 ),
 ( #152, #1576, #1784, #1733, #2377, #2190, #2337, #361, #1377, #943 ),
 ( #954, #1758, #536, #2141, #349, #1746, #2548, #2180, #1164, #1224 ),
 ( #777, #2561, #741, #752, #1562, #384, #2363, #559, #979, #1364 ),
 ( #1972, #1676, #440, #1480, #2057, #264, #1023, #1831, #1436, #35 ),
 ( #1085, #2451, #826, #70, #1450, #1631, #2464, #84, #2435, #1054 ),
 ( #631, #1071, #249, #1283, #54, #2284, #2269, #1647, #2073, #1861 ),
 ( #858, #1662, #661, #1466, #480, #468, #1268, #294, #281, #1878 ),
 ( #872, #1894, #99, #1691, #1496, #2297, #495, #2029, #1135, #2556 ),
 ( #1557, #147, #2357, #975, #2583, #1888, #1036, #2053, #1843, #451 ),
 ( #259, #1671, #2279, #836, #854, #2432, #1050, #66, #1872, #48 ),
 ( #2068, #232, #1658, #1235, #1263, #79, #1066, #656, #32, #2474 ),
 ( #671, #822, #1476, #95, #1278, #2418, #1627, #2236, #490, #517 ),
 ( #669, #1506, #2472, #700, #318, #1686, #908, #2121, #2308, #1320 ),
 ( #1714, #504, #866, #1307, #894, #2488, #1474, #2110, #1886, #1108 ),
 ( #93, #2277, #1918, #685, #1276, #1904, #2081, #1701, #1490, #2514 ),
 ( #2502, #1079, #449, #602, #2430, #806, #1409, #1248, #1007, #64 ),
 ( #1233, #257, #1048, #1841, #2051, #1855, #2209, #1419, #413, #2234 ),
 ( #18, #245, #1642, #463, #1814, #1034, #852, #1207, #218, #1613 ),
 ( #2416, #1018, #613, #1261, #1656, #820, #2066, #1219, #2024, #230 ),
 ( #46, #2459, #1625, #834, #654, #1460, #275, #1064, #1870, #309 ),
 ( #676, #1299, #2102, #496, #691, #1099, #1086, #1481, #1895, #100 ),
 ( #481, #1284, #1910, #885, #113, #2087, #1692, #900, #1706, #2493 ),
 ( #1497, #2299, #1677, #2479, #295, #1571, #1792, #1188, #198, #2372 ) ),
 .UNSPECIFIED., .F., .F., .F.,
 ( 4, 3, 1, 1, 1, 1, 1, 1, 1, 1, 1, 1, 1, 1, 1, 1, 1, 1, 1, 1, 1, 1, 1, 1, 1, 3, 1, 1, 1, 1, 1, 1, 1, 1, 1, 1, 1, 1, 1, 1, 1, 4 ),
 ( 4, 3, 1, 1, 1, 4 ),
 ( 0.4847573055477913950, 0.4990857812012456374, 0.5032524761466716789, 0.5074191710920973319, 0.5115858660375233180, 0.5157525609829490820, 0.5199192559283750681, 0.5240859508738008321, 0.5324193407646525822, 0.5407527306555042212, 0.5490861205463560824, 0.5574195104372077214, 0.5657529003280594715, 0.5740862902189111105, 0.5824196801097627496, 0.5990864598914662498, 0.6157532396731697499, 0.6324200194548732501, 0.6490867992365765282, 0.6657535790182800284, 0.6824203587999835285, 0.6990871385816868067, 0.7157539183633904178, 0.7324206981450935849, 0.7490874779267970851, 0.7657542577085005853, 0.7934811804762516019, 0.8212081032440026185, 0.8350715646278780158, 0.8489350260117537461, 0.8627984873956292544, 0.8766619487795048737, 0.8905254101633801600, 0.9043888715472557793, 0.9182523329311313987, 0.9321157943150069070, 0.9459792556988821932, 0.9598427170827579236, 0.9737061784666334319, 0.9806379091585710750, 0.9841037745045400076, 0.9875696398505088291 ),
 ( -0.01000000000000000021, 0.000000000000000000, 0.03502224838491098391, 0.09383257832149248523, 0.1938325783214923659, 1.000000000000000000 ),
 .UNSPECIFIED. ) ;
#1980 = CARTESIAN_POINT ( 'NONE',  ( 1.536255518351238303, 46.03229346627335872, 252.4759691116221347 ) ) ;
#1981 = CARTESIAN_POINT ( 'NONE',  ( -9.652764452307431853, -8.494098938562002488, 541.5631860185608275 ) ) ;
#1982 = CARTESIAN_POINT ( 'NONE',  ( -150.0000000000000284, -2.294455591839802189, 211.4909051585674149 ) ) ;
#1983 = CARTESIAN_POINT ( 'NONE',  ( 2.774301182607950889, 16.29813119291236490, -18.81720599228084723 ) ) ;
#1984 = CARTESIAN_POINT ( 'NONE',  ( 0.000000000000000000, -67.31380296244208239, 16.60823139148731187 ) ) ;
#1985 = CARTESIAN_POINT ( 'NONE',  ( -1.848321708431225563, 47.83361918596382623, 180.4427191032446558 ) ) ;
#1986 = CARTESIAN_POINT ( 'NONE',  ( 50.58346037534592199, -11.64512529226498749, 291.0537216187072431 ) ) ;
#1987 = CARTESIAN_POINT ( 'NONE',  ( -2.861975559975773908, -20.51935988687722201, -69.26498532342205294 ) ) ;
#1988 = CARTESIAN_POINT ( 'NONE',  ( -55.75759404186181456, -15.13591169915787127, 14.44966888112473846 ) ) ;
#1989 = CARTESIAN_POINT ( 'NONE',  ( -8.628478998019980750, -60.49941334546326033, 443.5166060566979240 ) ) ;
#1990 = CARTESIAN_POINT ( 'NONE',  ( 56.42444719532452524, -4.100048717234659357, 204.2233583779163268 ) ) ;
#1991 = CARTESIAN_POINT ( 'NONE',  ( 36.41497210522977923, -28.47449571491510412, 488.7194403292959919 ) ) ;
#1992 = CARTESIAN_POINT ( 'NONE',  ( -7.846345050770216822, 46.81194873575534388, 182.9037947448233012 ) ) ;
#1993 = CARTESIAN_POINT ( 'NONE',  ( 0.000000000000000000, -19.06159204705093302, -65.55068789015382436 ) ) ;
#1994 = CARTESIAN_POINT ( 'NONE',  ( 1.434789889613982350, -1.011398729720650369, 529.3086085165732584 ) ) ;
#1995 = CARTESIAN_POINT ( 'NONE',  ( -85.65452299650101509, -43.20316403215120005, 82.17283080015351970 ) ) ;
#1996 = CARTESIAN_POINT ( 'NONE',  ( -2.456824504714959723, -81.08135919424923088, 252.4214274562971525 ) ) ;
#1997 = CARTESIAN_POINT ( 'NONE',  ( -47.80818120417778516, -42.17237707052039042, 14.44966888112473846 ) ) ;
#1998 = CARTESIAN_POINT ( 'NONE',  ( 0.8119805301359361849, -80.65279981542592225, 275.6040234333486296 ) ) ;
#1999 = CARTESIAN_POINT ( 'NONE',  ( 3.335770872489703276, -10.08423850523609744, -61.08048033209797012 ) ) ;
#2000 = CARTESIAN_POINT ( 'NONE',  ( -2.197774615961647804, -30.43222941122515124, 557.5683111538488674 ) ) ;
#2001 = CARTESIAN_POINT ( 'NONE',  ( 3.278462017741254897, -64.57601869945806072, 6.065873492655348365 ) ) ;
#2002 = CARTESIAN_POINT ( 'NONE',  ( -2.020103609511816778, 47.45192383060642527, 205.2836370420775722 ) ) ;
#2003 = CARTESIAN_POINT ( 'NONE',  ( 0.000000000000000000, -20.00000001528668037, -65.55068789015383857 ) ) ;
#2004 = CARTESIAN_POINT ( 'NONE',  ( 0.000000000000000000, -30.00000000000000000, 558.9422371214550367 ) ) ;
#2005 = CARTESIAN_POINT ( 'NONE',  ( -12.34030392456007874, -57.77846260822059321, -9.290267668106329424 ) ) ;
#2006 = CARTESIAN_POINT ( 'NONE',  ( 149.9999999999992610, -6.948226098560440711, 250.7346351206815598 ) ) ;
#2007 = APPLICATION_PROTOCOL_DEFINITION ( 'draft international standard', 'automotive_design', 1998, #1335 ) ;
#2008 = CARTESIAN_POINT ( 'NONE',  ( -40.20051556432262174, -50.57219508513247064, 14.44966888112475445 ) ) ;
#2009 = CARTESIAN_POINT ( 'NONE',  ( -50.33058609964169960, -9.487051831254255774, 338.3589487892786565 ) ) ;
#2010 = CARTESIAN_POINT ( 'NONE',  ( 3.196296804781076695, 20.31546560184472128, -7.393096603152921276 ) ) ;
#2011 = CARTESIAN_POINT ( 'NONE',  ( 0.000000000000000000, -42.04301039192621658, 514.8051296874843956 ) ) ;
#2012 = CARTESIAN_POINT ( 'NONE',  ( -1.872216758735427256, -65.18647647261876443, 6.396864240776547028 ) ) ;
#2013 = CARTESIAN_POINT ( 'NONE',  ( 0.000000000000000000, 47.03654387356198185, 229.1256845389213481 ) ) ;
#2014 = CARTESIAN_POINT ( 'NONE',  ( 56.45460642272249885, -6.411321107084449800, 201.9595448099630346 ) ) ;
#2015 = CARTESIAN_POINT ( 'NONE',  ( 2.198232218566084750, -31.10885767869073959, 555.0251018355932047 ) ) ;
#2016 = CARTESIAN_POINT ( 'NONE',  ( -3.308660835176219450, -56.59672135640213497, -20.07043342817914677 ) ) ;
#2017 = CARTESIAN_POINT ( 'NONE',  ( 0.000000000000000000, -76.98247262154580994, 92.64187025545516008 ) ) ;
#2018 = CARTESIAN_POINT ( 'NONE',  ( -5.438326496340043572E-18, -20.92609084089645677, -65.55068789015383857 ) ) ;
#2019 = CARTESIAN_POINT ( 'NONE',  ( -50.03496671508558791, -9.445889722702119684, 316.1574926723979502 ) ) ;
#2020 = CARTESIAN_POINT ( 'NONE',  ( 150.0000000000000853, 8.243839277673602695, 220.6305941379857245 ) ) ;
#2021 = CARTESIAN_POINT ( 'NONE',  ( 57.48208732925206021, -17.40021948611592251, 407.2488359997994962 ) ) ;
#2022 = CARTESIAN_POINT ( 'NONE',  ( 0.000000000000000000, -67.31380296244208239, 16.60823139148731187 ) ) ;
#2023 = CARTESIAN_POINT ( 'NONE',  ( -16.66315168157811755, 45.58974530259764180, 211.4847522036016585 ) ) ;
#2024 = CARTESIAN_POINT ( 'NONE',  ( 59.71558549167485808, -8.266634582424307709, 438.4425714590527150 ) ) ;
#2025 = CARTESIAN_POINT ( 'NONE',  ( -3.338484940648333676, -29.91129310357068150, -61.08292434789409242 ) ) ;
#2026 = CARTESIAN_POINT ( 'NONE',  ( -150.0000000000000568, -1.459718835421843330, 210.1621749764049412 ) ) ;
#2027 = CARTESIAN_POINT ( 'NONE',  ( 51.70446677834862470, -26.88398333393549677, 3.697195693128910499 ) ) ;
#2028 = CARTESIAN_POINT ( 'NONE',  ( 0.000000000000000000, -32.34940660713923677, 550.1093591763070663 ) ) ;
#2029 = CARTESIAN_POINT ( 'NONE',  ( 41.93462905618955716, 26.32851893096475138, 364.7381377576680279 ) ) ;
#2030 = CARTESIAN_POINT ( 'NONE',  ( -28.12822759976202391, -55.61360719528205010, 3.146402326122425652 ) ) ;
#2031 = CARTESIAN_POINT ( 'NONE',  ( 3.141201918690920802, -76.61647040634815653, 92.53778539918592116 ) ) ;
#2032 = CARTESIAN_POINT ( 'NONE',  ( 150.0000000000061959, -0.1741883473882308575, 206.7130701300011140 ) ) ;
#2033 = CARTESIAN_POINT ( 'NONE',  ( 1.623961060271872370, -80.66901719945515481, 275.5418022517809504 ) ) ;
#2034 = CARTESIAN_POINT ( 'NONE',  ( 0.000000000000000000, 16.05780648225944418, -18.97418335886999685 ) ) ;
#2035 = CARTESIAN_POINT ( 'NONE',  ( 0.000000000000000000, -46.01591644295105255, 500.6206272522807126 ) ) ;
#2036 = CARTESIAN_POINT ( 'NONE',  ( 55.92365693612406830, -23.91463003388554753, 223.0509075876335601 ) ) ;
#2037 = CARTESIAN_POINT ( 'NONE',  ( 0.4745308580082530092, 42.53815482386927016, 298.1606671052002184 ) ) ;
#2038 = CARTESIAN_POINT ( 'NONE',  ( 86.93041700995694043, -11.82659755196117146, 48.20907557975330349 ) ) ;
#2039 = CARTESIAN_POINT ( 'NONE',  ( -28.57427626030424506, -19.03617148196874709, -45.25338991541245548 ) ) ;
#2040 = ORIENTED_EDGE ( 'NONE', *, *, #960, .F. ) ;
#2041 = CARTESIAN_POINT ( 'NONE',  ( -9.651433610354644088, -29.31336495696402267, 548.6446894745539566 ) ) ;
#2042 = CARTESIAN_POINT ( 'NONE',  ( -85.14798568923890798, -45.58748624838158747, 90.65197202155556511 ) ) ;
#2043 = CARTESIAN_POINT ( 'NONE',  ( 0.000000000000000000, -80.09084594382173350, 155.8294876819795149 ) ) ;
#2044 = DIRECTION ( 'NONE',  ( 0.000000000000000000, 0.000000000000000000, 1.000000000000000000 ) ) ;
#2045 = SURFACE_STYLE_FILL_AREA ( #1213 ) ;
#2046 = CARTESIAN_POINT ( 'NONE',  ( -149.9999999999996589, -7.341834859637557997, 304.9235521739933006 ) ) ;
#2047 = CARTESIAN_POINT ( 'NONE',  ( -2.774301182607950889, 16.29813119291236490, -18.81720599228084723 ) ) ;
#2048 = CARTESIAN_POINT ( 'NONE',  ( 12.87831856078135218, -48.01607411107547563, 480.1927274698377346 ) ) ;
#2049 = CARTESIAN_POINT ( 'NONE',  ( 12.27094413448285515, -61.40847712435508754, 2.567294918576643159 ) ) ;
#2050 = CARTESIAN_POINT ( 'NONE',  ( 0.4709684984625378545, 41.02653431879563328, 312.7840159696370392 ) ) ;
#2051 = CARTESIAN_POINT ( 'NONE',  ( 2.463040405063526617, 2.764101418705058322, 515.2409785199594126 ) ) ;
#2052 = CARTESIAN_POINT ( 'NONE',  ( 12.51122854236293591, -10.32226976056000467, -55.36644004333045643 ) ) ;
#2053 = CARTESIAN_POINT ( 'NONE',  ( 41.23236433532566281, 22.69079723528891179, 379.8779995718708165 ) ) ;
#2054 = CARTESIAN_POINT ( 'NONE',  ( -87.01549444135696376, -18.87363386220673434, 45.28817246962019283 ) ) ;
#2055 = CARTESIAN_POINT ( 'NONE',  ( -1.649437573462356754, 40.21924920216152088, 320.0000000000000568 ) ) ;
#2056 = CARTESIAN_POINT ( 'NONE',  ( 1.468488933208937919, -34.77795532404469725, 541.2956053437288801 ) ) ;
#2057 = CARTESIAN_POINT ( 'NONE',  ( 1.649437573462356754, 41.01991156795418902, 312.8522970477960143 ) ) ;
#2058 = CARTESIAN_POINT ( 'NONE',  ( -28.50923218300606976, -37.54719853468355240, -32.12185245721998683 ) ) ;
#2059 = CARTESIAN_POINT ( 'NONE',  ( 54.27734884251492531, -22.95835741312304989, 246.9513156457136915 ) ) ;
#2060 = CARTESIAN_POINT ( 'NONE',  ( -28.62580084016314075, -19.75740349066564150, -50.39037838586354923 ) ) ;
#2061 = CARTESIAN_POINT ( 'NONE',  ( 0.000000000000000000, -79.20339055872481993, 130.7127838640535344 ) ) ;
#2062 = CARTESIAN_POINT ( 'NONE',  ( 82.00022190405498179, 13.41533595200248463, 95.17065037251704496 ) ) ;
#2063 = CARTESIAN_POINT ( 'NONE',  ( 7.687209889246918060, -45.36766707760634887, 500.0252743725675941 ) ) ;
#2064 = CARTESIAN_POINT ( 'NONE',  ( 12.42610409642362512, -50.88669372053431061, -26.39278658964152058 ) ) ;
#2065 = CARTESIAN_POINT ( 'NONE',  ( -46.58558245345534488, 37.13275647413672687, 271.3152778191255265 ) ) ;
#2066 = CARTESIAN_POINT ( 'NONE',  ( 9.706193483868752026, -6.012392168603122755, 533.3392366149785175 ) ) ;
#2067 = CARTESIAN_POINT ( 'NONE',  ( 86.91359524864041930, -11.34795942607654595, 48.66319268689352384 ) ) ;
#2068 = CARTESIAN_POINT ( 'NONE',  ( -1.717673231772173903, 23.13963299835682719, 429.9848877918320227 ) ) ;
#2069 = CARTESIAN_POINT ( 'NONE',  ( -150.0000000000001705, -0.7914195837996991223, 209.7242141555290402 ) ) ;
#2070 = CARTESIAN_POINT ( 'NONE',  ( -47.31906922256366244, 16.34140955976334197, 320.0000000000000568 ) ) ;
#2071 = EDGE_LOOP ( 'NONE', ( #1266, #1083, #82 ) ) ;
#2072 = CARTESIAN_POINT ( 'NONE',  ( -43.91086031887081731, -38.92237591737671210, 445.9643665331878992 ) ) ;
#2073 = CARTESIAN_POINT ( 'NONE',  ( 47.31906922256367665, 15.57846502002442612, 326.4192049172317525 ) ) ;
#2074 = CARTESIAN_POINT ( 'NONE',  ( 1.904991075876452555, -36.68467693733309432, -54.60776016345596418 ) ) ;
#2075 = CARTESIAN_POINT ( 'NONE',  ( 54.55326597048257753, -23.54786880765232127, 243.8915500169878214 ) ) ;
#2076 = CARTESIAN_POINT ( 'NONE',  ( -7.586715088814947331E-11, -5.832248506200865101, -56.54747634531368305 ) ) ;
#2077 = CARTESIAN_POINT ( 'NONE',  ( 0.8881031184173318049, -78.21937350714924264, 109.6138059135877825 ) ) ;
#2078 = CARTESIAN_POINT ( 'NONE',  ( 2.764266699687509821, 40.40007119318590156, 79.70911587689846556 ) ) ;
#2079 = CARTESIAN_POINT ( 'NONE',  ( 22.39812758097246714, -76.34959854427935966, 331.2114094747487911 ) ) ;
#2080 = CARTESIAN_POINT ( 'NONE',  ( 0.000000000000000000, -42.47054406745345290, -47.47946994494704853 ) ) ;
#2081 = CARTESIAN_POINT ( 'NONE',  ( 10.55815539007339510, 8.766027140151836150, 480.2865580578388176 ) ) ;
#2082 = CARTESIAN_POINT ( 'NONE',  ( 55.45417592641876325, -13.16990260779951605, 14.44966888112469228 ) ) ;
#2083 = CARTESIAN_POINT ( 'NONE',  ( -3.339667978339376120, -20.00000000000000000, -65.55068789015383857 ) ) ;
#2084 = CARTESIAN_POINT ( 'NONE',  ( -6.132859819528112766, 28.43009116092171595, 399.5846028973078319 ) ) ;
#2085 = EDGE_LOOP ( 'NONE', ( #426, #617, #674 ) ) ;
#2086 = CARTESIAN_POINT ( 'NONE',  ( -2.611157212676109562, -45.84944482737921589, 500.7944990208144986 ) ) ;
#2087 = CARTESIAN_POINT ( 'NONE',  ( 7.192754217908762904, -10.02745025890519770, 556.6295491338239572 ) ) ;
#2088 = CARTESIAN_POINT ( 'NONE',  ( -55.71564899923829728, 1.205407876259681377, 399.7257200711499081 ) ) ;
#2089 = PRODUCT_RELATED_PRODUCT_CATEGORY ( 'part', '', ( #177 ) ) ;
#2090 = CARTESIAN_POINT ( 'NONE',  ( -0.000000000000000000, -39.30292401041126737, -51.54619232216629854 ) ) ;
#2091 = CARTESIAN_POINT ( 'NONE',  ( 0.000000000000000000, -71.66733597318066984, 41.76777884165016985 ) ) ;
#2092 = CARTESIAN_POINT ( 'NONE',  ( 0.9520731639543362768, -8.547617495532426446, -59.58324036534521895 ) ) ;
#2093 = CARTESIAN_POINT ( 'NONE',  ( 0.000000000000000000, -80.66538580997541885, 180.6424840487019594 ) ) ;
#2094 = CARTESIAN_POINT ( 'NONE',  ( 2.613339197210340359, 43.38578146962264270, 105.1797038346670092 ) ) ;
#2095 = CARTESIAN_POINT ( 'NONE',  ( -1.580299860226409336, -69.99676446387827866, 401.1071381369712299 ) ) ;
#2096 = CARTESIAN_POINT ( 'NONE',  ( 149.9999999999993747, -5.086072248670411078, 222.8904789473830022 ) ) ;
#2097 = CARTESIAN_POINT ( 'NONE',  ( 2.924763811180750128, 27.03535799149072361, 14.44966888112470116 ) ) ;
#2098 = CARTESIAN_POINT ( 'NONE',  ( 1.232501067875207764E-09, -42.47054406753041178, -47.47946994491409356 ) ) ;
#2099 = CARTESIAN_POINT ( 'NONE',  ( -149.9999999999999716, 14.23858967693923105, 324.3781664693334506 ) ) ;
#2100 = CARTESIAN_POINT ( 'NONE',  ( 86.97938509403867613, -24.49467447047619473, 48.17492741003592727 ) ) ;
#2101 = CARTESIAN_POINT ( 'NONE',  ( -149.9999999999999147, -6.796132829960964017, 401.6833839631873957 ) ) ;
#2102 = CARTESIAN_POINT ( 'NONE',  ( -0.7310486981965987896, -8.789701471681548028, 555.1481419457635411 ) ) ;
#2103 = CARTESIAN_POINT ( 'NONE',  ( -10.55815539007339510, 8.766027140151836150, 480.2865580578388176 ) ) ;
#2104 = CARTESIAN_POINT ( 'NONE',  ( 0.9527954599572151517, -34.52252175064398187, -56.86340475027972730 ) ) ;
#2105 = CARTESIAN_POINT ( 'NONE',  ( -3.335770872489703276, -10.08423850523609744, -61.08048033209797012 ) ) ;
#2106 = CARTESIAN_POINT ( 'NONE',  ( -23.75271063593115173, -77.90926051244422013, 211.4653806746053135 ) ) ;
#2107 = CARTESIAN_POINT ( 'NONE',  ( 68.02388392350869140, 29.98456005054444162, 166.0820768548770161 ) ) ;
#2108 = CARTESIAN_POINT ( 'NONE',  ( -0.7973366759653679470, -73.16103014370648339, 380.9457871429849547 ) ) ;
#2109 = CARTESIAN_POINT ( 'NONE',  ( 28.48033564810876683, -40.42996154496707106, -28.30966099296104233 ) ) ;
#2110 = CARTESIAN_POINT ( 'NONE',  ( 38.04577553118386390, 6.899135327763927350, 435.0771627741435736 ) ) ;
#2111 = FACE_OUTER_BOUND ( 'NONE', #1448, .T. ) ;
#2112 = CARTESIAN_POINT ( 'NONE',  ( -56.46072835574226190, -7.100693042511314168, 201.4215304742616581 ) ) ;
#2113 = CARTESIAN_POINT ( 'NONE',  ( -41.23236433532566281, 22.69079723528891179, 379.8779995718708165 ) ) ;
#2114 = CARTESIAN_POINT ( 'NONE',  ( 1.930653681019943724, 13.87290448054163683, 472.4794235559970730 ) ) ;
#2115 = CARTESIAN_POINT ( 'NONE',  ( 1.905590919914430303, -34.56022495336129197, -56.85005453720791735 ) ) ;
#2116 = CARTESIAN_POINT ( 'NONE',  ( -56.27053592963592621, 0.7516941916051447237, 210.4962128354270590 ) ) ;
#2117 = CARTESIAN_POINT ( 'NONE',  ( 0.000000000000000000, -78.12119533636627011, 109.5971667831047540 ) ) ;
#2118 = CARTESIAN_POINT ( 'NONE',  ( 25.25810368633090164, 30.80518904790463353, 56.02471470947404697 ) ) ;
#2119 = CARTESIAN_POINT ( 'NONE',  ( -1.568232532217900488, -67.31003084317281093, 415.8196997676112119 ) ) ;
#2120 = CARTESIAN_POINT ( 'NONE',  ( 3.319580048919993587, -51.67387637798120892, -31.56814357688302053 ) ) ;
#2121 = CARTESIAN_POINT ( 'NONE',  ( 38.69183588737984536, 10.25441671295230073, 424.1220012238796357 ) ) ;
#2122 = CARTESIAN_POINT ( 'NONE',  ( 0.000000000000000000, -10.00000000000000000, -61.05776287854492068 ) ) ;
#2123 = CARTESIAN_POINT ( 'NONE',  ( -149.9999999999999147, 2.088888213210255085, 210.7713701710415819 ) ) ;
#2124 = CARTESIAN_POINT ( 'NONE',  ( -3.035287670926654968, 31.01651801567224354, 29.24765051123930704 ) ) ;
#2125 = UNCERTAINTY_MEASURE_WITH_UNIT (LENGTH_MEASURE( 1.000000000000000082E-05 ), #2483, 'distance_accuracy_value', 'NONE');
#2126 = CARTESIAN_POINT ( 'NONE',  ( -2.005225952241261655, 23.00456069334608245, 429.7794286210721566 ) ) ;
#2127 = CARTESIAN_POINT ( 'NONE',  ( -3.341093964433875296, -20.52424738907802393, -69.22916691682850399 ) ) ;
#2128 = CARTESIAN_POINT ( 'NONE',  ( -12.50569815975795684, -8.939040514739479804, -53.94021469740130925 ) ) ;
#2129 = CARTESIAN_POINT ( 'NONE',  ( -26.19634740249509974, -72.84612030575785013, 104.1756435679975539 ) ) ;
#2130 = CARTESIAN_POINT ( 'NONE',  ( -2.469858351745394476, 37.72654402396099016, 58.86823661618673498 ) ) ;
#2131 = CARTESIAN_POINT ( 'NONE',  ( 0.000000000000000000, -64.27087736381501770, 430.1847566579382942 ) ) ;
#2132 = CARTESIAN_POINT ( 'NONE',  ( 86.97224525266341288, -24.93251910119383652, 48.64210992238586329 ) ) ;
#2133 = CARTESIAN_POINT ( 'NONE',  ( 55.47593822853480106, -23.70265242622761193, 14.44966888112475445 ) ) ;
#2134 = CARTESIAN_POINT ( 'NONE',  ( -28.55511034442067597, -12.68875103184912767, -42.68989867672595295 ) ) ;
#2135 = CARTESIAN_POINT ( 'NONE',  ( 1.578577519813644470, 40.94661473732806911, 79.90822356737034227 ) ) ;
#2136 = CARTESIAN_POINT ( 'NONE',  ( 28.57367444973878889, -22.46176645351027190, -44.96980912847601530 ) ) ;
#2137 = CARTESIAN_POINT ( 'NONE',  ( -36.87704838372232530, 0.06862354129085444787, 457.0708091009332747 ) ) ;
#2138 = CARTESIAN_POINT ( 'NONE',  ( 1.907238744831712296, -25.28538450339149080, -65.15143535736127944 ) ) ;
#2139 = CARTESIAN_POINT ( 'NONE',  ( -56.38420455136408549, -2.341849795747153795, 206.2968260904183353 ) ) ;
#2140 = CARTESIAN_POINT ( 'NONE',  ( -3.186004677621232517, -74.37526152866328744, 67.01011564915260976 ) ) ;
#2141 = CARTESIAN_POINT ( 'NONE',  ( 0.000000000000000000, 44.44231472044331355, 275.7264566852123266 ) ) ;
#2142 = CARTESIAN_POINT ( 'NONE',  ( -0.8279739086119172198, -81.15197596236258448, 229.0262409864187703 ) ) ;
#2143 = CARTESIAN_POINT ( 'NONE',  ( 150.0000000000000284, -2.920986007626674930, 213.0709165688403743 ) ) ;
#2144 = CARTESIAN_POINT ( 'NONE',  ( -2.699921698077906385, -60.88783897603897088, 444.3805473732407449 ) ) ;
#2145 = CARTESIAN_POINT ( 'NONE',  ( 150.0000000000000284, 1.252786731943029253, 209.9251019480679190 ) ) ;
#2146 = CARTESIAN_POINT ( 'NONE',  ( 36.57047530747182407, -53.34643585201744997, 14.44966888112472070 ) ) ;
#2147 = CARTESIAN_POINT ( 'NONE',  ( -54.48274488411642125, 13.81017118001468269, 236.9137207598040220 ) ) ;
#2148 = CARTESIAN_POINT ( 'NONE',  ( 0.000000000000000000, -27.82684100912216607, -62.84528470255320798 ) ) ;
#2149 = CARTESIAN_POINT ( 'NONE',  ( -9.631319324692816153, -9.937326209155806112, 546.2879777790365097 ) ) ;
#2150 = CARTESIAN_POINT ( 'NONE',  ( -12.53379900582034878, -20.54412714915981297, -63.37297438115395209 ) ) ;
#2151 = CARTESIAN_POINT ( 'NONE',  ( -150.0000000000000284, 7.321812825929968405, 218.5459688349021121 ) ) ;
#2152 = CARTESIAN_POINT ( 'NONE',  ( 1.843204464948438925, -71.89838075155957142, 41.88289794765572083 ) ) ;
#2153 = CARTESIAN_POINT ( 'NONE',  ( 48.66052223538312660, 20.01856953383997606, 283.3055368768748394 ) ) ;
#2154 = CARTESIAN_POINT ( 'NONE',  ( 2.868117268075441206, -80.90834605147239245, 252.8850171276854724 ) ) ;
#2155 = CARTESIAN_POINT ( 'NONE',  ( 86.87604687215727495, -29.11059297028707604, 53.32909445959997186 ) ) ;
#2156 = CARTESIAN_POINT ( 'NONE',  ( -150.0000000000000853, -6.834930632268858552, 393.7681184507002285 ) ) ;
#2157 = CARTESIAN_POINT ( 'NONE',  ( -2.853196301606920837, -5.731608919956029169, -56.50461328002980821 ) ) ;
#2158 = CARTESIAN_POINT ( 'NONE',  ( -0.7325314275257616137, -30.03121970353330639, 558.9098573952411471 ) ) ;
#2159 = CARTESIAN_POINT ( 'NONE',  ( -11.76711777406544357, 23.42470861069366350, 9.197752124484701142 ) ) ;
#2160 = CARTESIAN_POINT ( 'NONE',  ( 12.52600553416373685, -17.30364316137579550, -59.44928459282142086 ) ) ;
#2161 = CARTESIAN_POINT ( 'NONE',  ( 1.463589819017925731, -9.937233235580697155, 558.8774522703039338 ) ) ;
#2162 = CARTESIAN_POINT ( 'NONE',  ( -3.339789452541104708, -25.21777024632435271, -65.15604563236129820 ) ) ;
#2163 = CARTESIAN_POINT ( 'NONE',  ( 0.9391192593045467607, 7.969336849332791850, -35.88766685587286531 ) ) ;
#2164 = EDGE_CURVE ( 'NONE', #689, #52, #629, .T. ) ;
#2165 = CARTESIAN_POINT ( 'NONE',  ( 1.819417555723745972, -74.99096119976178443, 67.26551871438380203 ) ) ;
#2166 = CARTESIAN_POINT ( 'NONE',  ( 0.000000000000000000, 47.65165836710342973, 180.5788067618912009 ) ) ;
#2167 = CARTESIAN_POINT ( 'NONE',  ( -0.8064005157699181137, -79.23873639400339641, 312.7689594103040918 ) ) ;
#2168 = CARTESIAN_POINT ( 'NONE',  ( -0.9536193724158561480, -25.27309597301480792, -65.15227325023830929 ) ) ;
#2169 = CARTESIAN_POINT ( 'NONE',  ( -22.41618667557523281, 20.95793999003684860, 14.44966888112473846 ) ) ;
#2170 = CARTESIAN_POINT ( 'NONE',  ( -16.27003401340103039, -59.08078754374870556, 439.0693116158055886 ) ) ;
#2171 = CARTESIAN_POINT ( 'NONE',  ( 3.334374282861684691, -8.670514282707921794, -59.62443636531153857 ) ) ;
#2172 = CARTESIAN_POINT ( 'NONE',  ( -2.473539888438413651E-17, -19.06159204705093302, -65.55068789015382436 ) ) ;
#2173 = B_SPLINE_CURVE_WITH_KNOTS ( 'NONE', 3,
 ( #238, #813, #1796, #634, #595, #2018, #1212 ),
 .UNSPECIFIED., .F., .F.,
 ( 4, 1, 1, 1, 4 ),
 ( 0.000000000000000000, 0.002779310176194294511, 0.005558620352388425959, 0.008337930528582558273, 0.01111724072003197547 ),
 .UNSPECIFIED. ) ;
#2174 = CARTESIAN_POINT ( 'NONE',  ( -150.0000000000006821, 17.36217657815118542, 276.3178635875777900 ) ) ;
#2175 = CARTESIAN_POINT ( 'NONE',  ( 12.52073868771997489, -29.68526867936187941, -55.37486511332178907 ) ) ;
#2176 = CARTESIAN_POINT ( 'NONE',  ( -2.562172481296778770, -9.718372356699223502, 557.8072730852924224 ) ) ;
#2177 = CARTESIAN_POINT ( 'NONE',  ( -0.000000000000000000, -30.77197187328679817, -60.39066745389265378 ) ) ;
#2178 = CARTESIAN_POINT ( 'NONE',  ( -12.24542331509240611, 10.79387684120225543, -23.56345594219629547 ) ) ;
#2179 = CARTESIAN_POINT ( 'NONE',  ( -83.62303020544310073, -50.12168651128710195, 112.4429226335344367 ) ) ;
#2180 = CARTESIAN_POINT ( 'NONE',  ( 44.49566077598581870, 36.56622561671095895, 287.9162384457418966 ) ) ;
#2181 = CARTESIAN_POINT ( 'NONE',  ( -1.623961060271872370, -80.66901719945515481, 275.5418022517809504 ) ) ;
#2182 = CARTESIAN_POINT ( 'NONE',  ( 12.51726655298319990, -31.89267106366910198, -53.38761008372980399 ) ) ;
#2183 = CARTESIAN_POINT ( 'NONE',  ( -52.48052599341274060, -33.50464726885834921, 14.44966888112467807 ) ) ;
#2184 = CARTESIAN_POINT ( 'NONE',  ( 0.000000000000000000, -57.47218005397606788, 458.5351175944340980 ) ) ;
#2185 = CARTESIAN_POINT ( 'NONE',  ( 87.03917095743797461, -14.78840956284643582, 45.13835781979638995 ) ) ;
#2186 = CARTESIAN_POINT ( 'NONE',  ( 9.936891661188814950, -33.33549716207983238, 533.1774082778099455 ) ) ;
#2187 = CARTESIAN_POINT ( 'NONE',  ( 0.000000000000000000, 43.71089409265118064, 105.2394046492437667 ) ) ;
#2188 = CARTESIAN_POINT ( 'NONE',  ( -9.824827521419905452, -2.593892997156575397, 521.6966707247395334 ) ) ;
#2189 = CARTESIAN_POINT ( 'NONE',  ( -149.9999999999995737, -5.661976556473666378, 227.8320003885081064 ) ) ;
#2190 = CARTESIAN_POINT ( 'NONE',  ( 6.403712080581203558, 45.57724494206407684, 254.1058661924230933 ) ) ;
#2191 = CARTESIAN_POINT ( 'NONE',  ( 149.9999999999998010, -7.364023453702118971, 297.7488843286494102 ) ) ;
#2192 = CARTESIAN_POINT ( 'NONE',  ( -37.76303535279640045, 12.66021214145803420, 14.44966888112466386 ) ) ;
#2193 = CARTESIAN_POINT ( 'NONE',  ( -52.23038633704913991, -11.85043651959518130, 362.2649663133792046 ) ) ;
#2194 = CARTESIAN_POINT ( 'NONE',  ( 86.34215386717033880, -3.295932708773868125, 58.85122590806797405 ) ) ;
#2195 = CARTESIAN_POINT ( 'NONE',  ( 0.000000000000000000, -31.00737454160579176, 555.1382375593252618 ) ) ;
#2196 = CARTESIAN_POINT ( 'NONE',  ( -1.864400800668027047, -67.54149748886867144, 16.73083100695098580 ) ) ;
#2197 = CARTESIAN_POINT ( 'NONE',  ( 0.000000000000000000, 47.65165836710342973, 180.5788067618912009 ) ) ;
#2198 = CARTESIAN_POINT ( 'NONE',  ( 28.57427626030424506, -20.75748127799988652, -45.25800765374660273 ) ) ;
#2199 = CARTESIAN_POINT ( 'NONE',  ( -2.560296908970711272, -8.941921420989110914, 555.3173611246556902 ) ) ;
#2200 = CARTESIAN_POINT ( 'NONE',  ( 1.877997171632521889, -63.01979571325634311, -1.784800666067054786 ) ) ;
#2201 = CARTESIAN_POINT ( 'NONE',  ( 3.110336800462580875, -77.77735330805251124, 109.5388928070362056 ) ) ;
#2202 = CARTESIAN_POINT ( 'NONE',  ( 12.54032916487053662, -15.97355638405877798, -67.37202901507004071 ) ) ;
#2203 = CARTESIAN_POINT ( 'NONE',  ( -39.02789775727161015, -51.53366646508033710, 14.44966888112468162 ) ) ;
#2204 = CARTESIAN_POINT ( 'NONE',  ( 0.8064005157699180026, -78.09438959284234727, 332.0629197306428750 ) ) ;
#2205 = CARTESIAN_POINT ( 'NONE',  ( -0.9126475175586304944, 20.71106199493173605, -7.133971301115257013 ) ) ;
#2206 = CARTESIAN_POINT ( 'NONE',  ( -0.7709161526137604525, -61.01826858222138839, 444.4493698210324624 ) ) ;
#2207 = CARTESIAN_POINT ( 'NONE',  ( 0.000000000000000000, -59.07771564033044598, -13.97735223254287362 ) ) ;
#2208 = CARTESIAN_POINT ( 'NONE',  ( 1.404199679686745306, 45.94742635001971109, 130.5641109568593379 ) ) ;
#2209 = CARTESIAN_POINT ( 'NONE',  ( 10.02488928357590936, 1.340599469649716324, 507.8357256156867834 ) ) ;
#2210 = CARTESIAN_POINT ( 'NONE',  ( 87.01549444135696376, -18.23136879784768283, 45.29504867696537218 ) ) ;
#2211 = CARTESIAN_POINT ( 'NONE',  ( -35.68751508801354078, -25.71008246410409370, 501.3283805024830713 ) ) ;
#2212 = CARTESIAN_POINT ( 'NONE',  ( -12.40008064037153090, -53.40580516364158115, -20.80688927514718856 ) ) ;
#2213 = CARTESIAN_POINT ( 'NONE',  ( 149.9999999999993179, -7.133789687153621273, 258.3651265951627352 ) ) ;
#2214 = CARTESIAN_POINT ( 'NONE',  ( 28.60699182875744029, -16.13912577991047925, -52.55990815998596588 ) ) ;
#2215 = CARTESIAN_POINT ( 'NONE',  ( -54.84161755817451933, -10.59110313536448444, 14.44966888112443293 ) ) ;
#2216 = CARTESIAN_POINT ( 'NONE',  ( 0.000000000000000000, -79.23654712196002947, 312.7842718553088162 ) ) ;
#2217 = CARTESIAN_POINT ( 'NONE',  ( -1.733348263405259271, 31.56952604277959296, 29.57366796039476498 ) ) ;
#2218 = CARTESIAN_POINT ( 'NONE',  ( 58.92200651795151600, -18.22782690140883588, 422.9763036885070164 ) ) ;
#2219 = CARTESIAN_POINT ( 'NONE',  ( 149.9999999999999147, -5.299783245063093950, 224.5389727448275607 ) ) ;
#2220 = CARTESIAN_POINT ( 'NONE',  ( -7.301291994692240550, 46.93704426116289596, 207.1250189900836745 ) ) ;
#2221 = CARTESIAN_POINT ( 'NONE',  ( 3.336414216000880284, -10.76623363562859126, -61.71993786216636835 ) ) ;
#2222 = CARTESIAN_POINT ( 'NONE',  ( -86.97938509403867613, -24.49467447047619473, 48.17492741003592727 ) ) ;
#2223 = CARTESIAN_POINT ( 'NONE',  ( 54.88119694695075879, -26.28245621254035314, 14.44966888112440451 ) ) ;
#2224 = ORIENTED_EDGE ( 'NONE', *, *, #1033, .F. ) ;
#2225 = CARTESIAN_POINT ( 'NONE',  ( -9.641052513307554861, -29.00805446362254969, 549.8478167743611493 ) ) ;
#2226 = CARTESIAN_POINT ( 'NONE',  ( -3.288584170553724650, -62.42825712573940677, -2.104179398825560821 ) ) ;
#2227 = CARTESIAN_POINT ( 'NONE',  ( -0.8635388935281116396, -80.16739951752704485, 155.8062700475962572 ) ) ;
#2228 = CARTESIAN_POINT ( 'NONE',  ( -7.280252699400807314E-11, 20.62319512748067041, -7.191526245915656368 ) ) ;
#2229 = CARTESIAN_POINT ( 'NONE',  ( -149.9999999999999716, -7.245792911849192386, 324.3392340027225487 ) ) ;
#2230 = CARTESIAN_POINT ( 'NONE',  ( -1.849534121738633852, 16.21802295602805799, -18.86953178114389829 ) ) ;
#2231 = CARTESIAN_POINT ( 'NONE',  ( 0.000000000000000000, -57.47218005397606788, 458.5351175944340980 ) ) ;
#2232 = CARTESIAN_POINT ( 'NONE',  ( 12.15176156342599434, -65.82501957098369871, 20.76727215959817840 ) ) ;
#2233 = CARTESIAN_POINT ( 'NONE',  ( 1.423592574024759250, 42.54900955428178833, 298.0807919074272831 ) ) ;
#2234 = CARTESIAN_POINT ( 'NONE',  ( 149.9999999999995168, -1.113709569569687474, 417.4376239672698148 ) ) ;
#2235 = CARTESIAN_POINT ( 'NONE',  ( 27.76366397940585529, 18.58762666801391461, 14.44966888112463899 ) ) ;
#2236 = CARTESIAN_POINT ( 'NONE',  ( 39.35302601131734690, 13.53690614029605221, 413.1562519541586767 ) ) ;
#2237 = CARTESIAN_POINT ( 'NONE',  ( -12.52640933473057494, -22.69941056141810876, -59.46196383769050442 ) ) ;
#2238 = ORIENTED_EDGE ( 'NONE', *, *, #261, .T. ) ;
#2239 = CARTESIAN_POINT ( 'NONE',  ( -59.98579577901529802, -17.18205410068656391, 446.5760037899505051 ) ) ;
#2240 = CARTESIAN_POINT ( 'NONE',  ( 0.9410419634355977614, -61.13235219977607215, -7.919686906825877060 ) ) ;
#2241 = CARTESIAN_POINT ( 'NONE',  ( 0.000000000000000000, -75.96750286625417914, 79.90848674242489835 ) ) ;
#2242 = EDGE_CURVE ( 'NONE', #689, #466, #1386, .T. ) ;
#2243 =( NAMED_UNIT ( * ) PLANE_ANGLE_UNIT ( ) SI_UNIT ( $, .RADIAN. ) );
#2244 = CARTESIAN_POINT ( 'NONE',  ( 0.9565858417292030236, -24.71121349876131390, -76.19616986922960677 ) ) ;
#2245 = CARTESIAN_POINT ( 'NONE',  ( 0.000000000000000000, -78.09804512204975424, 332.0373177599348651 ) ) ;
#2246 = CARTESIAN_POINT ( 'NONE',  ( 3.268646977093212946, 11.48290530004461019, -28.67737780092130606 ) ) ;
#2247 = CARTESIAN_POINT ( 'NONE',  ( 39.22010252358283822, -33.35922102423977265, 468.0098017817155096 ) ) ;
#2248 = CARTESIAN_POINT ( 'NONE',  ( -0.9361083793677136278, -65.07552903025141688, 6.336708438744296679 ) ) ;
#2249 = B_SPLINE_SURFACE_WITH_KNOTS ( 'NONE', 3, 3, ( 
 ( #1374, #2585, #977, #187, #1782, #1174, #1982 ),
 ( #628, #2475, #438, #452, #2222, #1828, #277 ),
 ( #1873, #823, #1051, #1857, #1644, #1020, #1279 ),
 ( #425, #855, #1067, #1221, #80, #260, #2026 ),
 ( #1433, #868, #2237, #2419, #33, #1672, #2069 ),
 ( #233, #672, #1628, #464, #2054, #2433, #67 ),
 ( #476, #2083, #290, #1477, #2280, #1236, #2265 ),
 ( #2447, #1659, #1816, #2039, #1250, #1264, #615 ),
 ( #20, #247, #1037, #1844, #808, #1615, #1421 ),
 ( #49, #642, #837, #1446, #2252, #2461, #657 ),
 ( #1462, #1688, #122, #2134, #936, #2112, #2123 ),
 ( #1739, #2504, #330, #1322, #1943, #1309, #687 ),
 ( #320, #922, #1294, #305, #2541, #910, #2294 ) ),
 .UNSPECIFIED., .F., .F., .F.,
 ( 4, 1, 1, 1, 3, 1, 1, 1, 4 ),
 ( 4, 1, 1, 1, 4 ),
 ( 0.4838313425843963622, 0.4857255507892399016, 0.4876197589940833299, 0.4895139671989267582, 0.4914081754037701866, 0.4933275768531390493, 0.4952469783025079120, 0.4971663797518767747, 0.4990857812012456374 ),
 ( 0.000000000000000000, 0.03502224838491098391, 0.09383257832149248523, 0.1938325783214923659, 1.000000000000000000 ),
 .UNSPECIFIED. ) ;
#2250 = CARTESIAN_POINT ( 'NONE',  ( 0.000000000000000000, 42.53272745866301818, 298.2006047040866861 ) ) ;
#2251 = CARTESIAN_POINT ( 'NONE',  ( 18.32257487118438277, 22.55000509941837805, 14.44966888112471004 ) ) ;
#2252 = CARTESIAN_POINT ( 'NONE',  ( -86.99188020713809522, -14.51567692313305358, 46.35646601183182725 ) ) ;
#2253 = CARTESIAN_POINT ( 'NONE',  ( 0.9419369969250757091, 40.21919929812739269, 320.0004459445724478 ) ) ;
#2254 = EDGE_LOOP ( 'NONE', ( #1464, #1422, #1629 ) ) ;
#2255 = CARTESIAN_POINT ( 'NONE',  ( 2.209854116075432362, -38.17673671735651908, 529.0135935739789375 ) ) ;
#2256 = CARTESIAN_POINT ( 'NONE',  ( -0.000000000000000000, -49.10107839069928559, -36.97038650672747195 ) ) ;
#2257 = CARTESIAN_POINT ( 'NONE',  ( -2.690748364440484597, -77.29598951330140721, 92.73102917106099596 ) ) ;
#2258 = CARTESIAN_POINT ( 'NONE',  ( -87.29032237503307101, -21.66930983638621200, 38.08868808560211505 ) ) ;
#2259 = CARTESIAN_POINT ( 'NONE',  ( 2.630688579464057320, -79.47021242766396654, 130.7089107872457419 ) ) ;
#2260 = CARTESIAN_POINT ( 'NONE',  ( 27.28012801745004268, 17.82243023528065962, 9.515898732818438788 ) ) ;
#2261 = CARTESIAN_POINT ( 'NONE',  ( 49.57589482235463407, -44.46701830025540403, 424.1535944136560374 ) ) ;
#2262 = CARTESIAN_POINT ( 'NONE',  ( 0.000000000000000000, -39.30292401041126737, -51.54619232216629854 ) ) ;
#2263 = CARTESIAN_POINT ( 'NONE',  ( 0.000000000000000000, 45.95997642549459528, 252.6905689360423537 ) ) ;
#2264 = CARTESIAN_POINT ( 'NONE',  ( 0.000000000000000000, -12.17473457347223231, -62.84549848010181705 ) ) ;
#2265 = CARTESIAN_POINT ( 'NONE',  ( -149.9999999999999716, -0.002177564301553689460, 209.5994620433538387 ) ) ;
#2266 = CARTESIAN_POINT ( 'NONE',  ( -47.69512756224418126, 13.92142524552201266, 338.3749908464645841 ) ) ;
#2267 = ORIENTED_EDGE ( 'NONE', *, *, #261, .F. ) ;
#2268 = CARTESIAN_POINT ( 'NONE',  ( -59.78309576887109955, -17.92246368216270014, 438.3755243692378372 ) ) ;
#2269 = CARTESIAN_POINT ( 'NONE',  ( 13.31731313304985065, 38.32335583300963577, 331.1613580124958389 ) ) ;
#2270 = CARTESIAN_POINT ( 'NONE',  ( 0.9520346182189916018, -39.35374807174417811, -51.52571211133515305 ) ) ;
#2271 = CARTESIAN_POINT ( 'NONE',  ( 55.07343914957666442, -24.38558908673349634, 237.4814127941238269 ) ) ;
#2272 =( NAMED_UNIT ( * ) SI_UNIT ( $, .STERADIAN. ) SOLID_ANGLE_UNIT ( ) );
#2273 = CARTESIAN_POINT ( 'NONE',  ( -72.30406558896707736, -59.87721204194389912, 237.1823519600897896 ) ) ;
#2274 = CARTESIAN_POINT ( 'NONE',  ( 25.82676969938875899, 28.08943016872629528, 44.17302050310121331 ) ) ;
#2275 = CARTESIAN_POINT ( 'NONE',  ( 2.824195916101439163, -78.11084760723777265, 331.9476539022069801 ) ) ;
#2276 = CARTESIAN_POINT ( 'NONE',  ( 28.38936618130549050, -46.46762535783658166, -18.45382494323292377 ) ) ;
#2277 = CARTESIAN_POINT ( 'NONE',  ( -1.331304062742782568, 10.42035447031314632, 486.5845591189742549 ) ) ;
#2278 = CARTESIAN_POINT ( 'NONE',  ( 49.85904729122002266, -0.01713402357445669225, 14.44966888112467096 ) ) ;
#2279 = CARTESIAN_POINT ( 'NONE',  ( -0.5496791856790375075, 25.91683902096197656, 415.4374579817630888 ) ) ;
#2280 = CARTESIAN_POINT ( 'NONE',  ( -87.01549444135696376, -18.23136879784768283, 45.29504867696537218 ) ) ;
#2281 = CARTESIAN_POINT ( 'NONE',  ( -149.9999999999999432, 13.01685150340217767, 333.3876767047953535 ) ) ;
#2282 = EDGE_LOOP ( 'NONE', ( #1069, #870, #234, #1859, #2224, #2040 ) ) ;
#2283 = CARTESIAN_POINT ( 'NONE',  ( 2.253829874998491078, -50.07425661271955164, 486.4487798839140851 ) ) ;
#2284 = CARTESIAN_POINT ( 'NONE',  ( 5.833484303085390010, 38.83323711334092820, 331.6529499013212217 ) ) ;
#2285 = CARTESIAN_POINT ( 'NONE',  ( 1.860595957264360667, 17.11377713728215255, 458.4002198587525072 ) ) ;
#2286 = CARTESIAN_POINT ( 'NONE',  ( -86.60081278800824123, -34.97032494195183006, 62.15867829676963652 ) ) ;
#2287 = CARTESIAN_POINT ( 'NONE',  ( 12.06213307413887925, -68.15979763467858277, 33.11345634263757631 ) ) ;
#2288 = CARTESIAN_POINT ( 'NONE',  ( 2.861529713880420545, -14.86190821214616165, -66.10491999415030762 ) ) ;
#2289 = CARTESIAN_POINT ( 'NONE',  ( -3.110336800462580875, -77.77735330805251124, 109.5388928070362056 ) ) ;
#2290 = CARTESIAN_POINT ( 'NONE',  ( 149.9999999999997442, 16.09349136664861390, 256.0566200932159404 ) ) ;
#2291 = CARTESIAN_POINT ( 'NONE',  ( 54.82882884360199682, -14.87430972738671997, 384.7481285025984334 ) ) ;
#2292 = CARTESIAN_POINT ( 'NONE',  ( 86.72886542075875127, -32.80664508143681246, 58.48469824939106587 ) ) ;
#2293 = CARTESIAN_POINT ( 'NONE',  ( 55.06673055234453784, -25.64304912405726711, 14.44966888112455905 ) ) ;
#2294 = CARTESIAN_POINT ( 'NONE',  ( -150.0000000000000284, 2.675617566335641406, 211.3246760485956202 ) ) ;
#2295 = CARTESIAN_POINT ( 'NONE',  ( -6.244008511223442248, 25.66205074593666069, 414.3400517412663362 ) ) ;
#2296 = CARTESIAN_POINT ( 'NONE',  ( -57.48208732925206021, -17.40021948611592251, 407.2488359997994962 ) ) ;
#2297 = CARTESIAN_POINT ( 'NONE',  ( 6.000466035610237725, 31.94043151699632688, 379.5629847736018405 ) ) ;
#2298 = B_SPLINE_CURVE_WITH_KNOTS ( 'NONE', 3,
 ( #835, #2025, #258, #1220, #1065, #1049, #2417 ),
 .UNSPECIFIED., .F., .F.,
 ( 4, 1, 1, 1, 4 ),
 ( 0.000000000000000000, 0.03502224838491098391, 0.09383257832149248523, 0.1938325783214923659, 0.2879650538273584859 ),
 .UNSPECIFIED. ) ;
#2299 = CARTESIAN_POINT ( 'NONE',  ( -1.463589819017925731, -9.937233235580697155, 558.8774522703039338 ) ) ;
#2300 = CARTESIAN_POINT ( 'NONE',  ( -2.253861092064105787, 13.62000221831030800, 472.6187073565538412 ) ) ;
#2301 = CARTESIAN_POINT ( 'NONE',  ( -28.52857331650445616, -35.08445464388132962, -35.02227878153339446 ) ) ;
#2302 = CARTESIAN_POINT ( 'NONE',  ( 11.86410883611506328, -71.82656021748414332, 58.07640403734466616 ) ) ;
#2303 = CARTESIAN_POINT ( 'NONE',  ( -28.52649240996227320, -9.360615050134562409, -39.65852415072266979 ) ) ;
#2304 = CARTESIAN_POINT ( 'NONE',  ( 0.000000000000000000, -80.99947877039501520, 205.0832690187360470 ) ) ;
#2305 = CARTESIAN_POINT ( 'NONE',  ( 0.000000000000000000, 47.06380252744634163, 155.7186040356210128 ) ) ;
#2306 = CARTESIAN_POINT ( 'NONE',  ( 150.0000000000001990, -7.007733124829560900, 362.5174106670719993 ) ) ;
#2307 = CARTESIAN_POINT ( 'NONE',  ( 56.27949903533040299, -21.20274462632661638, 212.8369442642627973 ) ) ;
#2308 = CARTESIAN_POINT ( 'NONE',  ( 54.57948805689258620, 2.996616612384304545, 392.2234430773698364 ) ) ;
#2309 = CARTESIAN_POINT ( 'NONE',  ( 56.50313792499103016, -10.80253914119058045, 197.8140775424655544 ) ) ;
#2310 = CARTESIAN_POINT ( 'NONE',  ( 11.85566872779999770, -64.30680454787973588, 14.44966888112474024 ) ) ;
#2311 = CARTESIAN_POINT ( 'NONE',  ( 0.5283684085479281034, 28.60797005037408525, 400.7130692314507883 ) ) ;
#2312 = CARTESIAN_POINT ( 'NONE',  ( 3.338484940648333676, -29.91129310357068150, -61.08292434789409242 ) ) ;
#2313 = CARTESIAN_POINT ( 'NONE',  ( 0.000000000000000000, 23.07731326548116613, 429.8900929289059150 ) ) ;
#2314 = CARTESIAN_POINT ( 'NONE',  ( -150.0000000000000284, -3.556664501064651152, 214.9410095448380389 ) ) ;
#2315 = CARTESIAN_POINT ( 'NONE',  ( 2.828850581790790741, 5.001803398302538284, -41.24894196002799873 ) ) ;
#2316 = CARTESIAN_POINT ( 'NONE',  ( 2.590616680584334919, -80.32050666493766755, 155.7598347788297417 ) ) ;
#2317 = CARTESIAN_POINT ( 'NONE',  ( 0.000000000000000000, 45.77999709477325752, 130.5726553802304295 ) ) ;
#2318 = CARTESIAN_POINT ( 'NONE',  ( 0.000000000000000000, -60.98929854832451980, 444.4340835014325535 ) ) ;
#2319 = CARTESIAN_POINT ( 'NONE',  ( 12.48741286194582401, -41.71374983840777162, -42.10630112229947741 ) ) ;
#2320 = CARTESIAN_POINT ( 'NONE',  ( 0.000000000000000000, -14.90059978858783118, -66.09690123838019815 ) ) ;
#2321 = CARTESIAN_POINT ( 'NONE',  ( 39.02789775727161015, -51.53366646508033710, 14.44966888112468162 ) ) ;
#2322 = CARTESIAN_POINT ( 'NONE',  ( 0.000000000000000000, 37.42084218078985458, 58.72214691171561185 ) ) ;
#2323 = CARTESIAN_POINT ( 'NONE',  ( -56.79090820126123873, -0.6367270459114310333, 407.3366011671671458 ) ) ;
#2324 = CARTESIAN_POINT ( 'NONE',  ( -56.47374360373175506, -13.31091255349129732, 200.2129397957361903 ) ) ;
#2325 = CARTESIAN_POINT ( 'NONE',  ( 1.892463454547965274, 1.631141071689482525, -46.56294020973754044 ) ) ;
#2326 = CARTESIAN_POINT ( 'NONE',  ( 0.9034000945807361127, -76.07609749279302491, 79.94712834674454882 ) ) ;
#2327 = CARTESIAN_POINT ( 'NONE',  ( -0.7461940103012556502, 43.80372440424493874, 105.2564511888949568 ) ) ;
#2328 = CARTESIAN_POINT ( 'NONE',  ( 55.51277816440346413, -49.62266794667421266, 402.2744431189181569 ) ) ;
#2329 = CARTESIAN_POINT ( 'NONE',  ( 86.96447697842424418, -25.42429361652477482, 49.13328212781601678 ) ) ;
#2330 = PLANE ( 'NONE',  #1055 ) ;
#2331 = CARTESIAN_POINT ( 'NONE',  ( 1.234378914359183859E-09, -34.48481854797553581, -56.87675496333426395 ) ) ;
#2332 = CARTESIAN_POINT ( 'NONE',  ( 0.000000000000000000, 20.62319512748768346, -7.191526245911063597 ) ) ;
#2333 = CARTESIAN_POINT ( 'NONE',  ( 1.287102454013295816, 13.83400975319627690, 472.5008445009838169 ) ) ;
#2334 = CARTESIAN_POINT ( 'NONE',  ( -0.000000000000000000, -29.99999999999976552, -61.05776287854514095 ) ) ;
#2335 = CARTESIAN_POINT ( 'NONE',  ( 0.9510654338689736864, -5.798701977451038658, -56.53318865688525818 ) ) ;
#2336 = CARTESIAN_POINT ( 'NONE',  ( 0.9157926607006638964, -73.46111797824171674, 54.50585222886518721 ) ) ;
#2337 = CARTESIAN_POINT ( 'NONE',  ( 14.61713605283470763, 44.60612277303756201, 256.7277770913618156 ) ) ;
#2338 = CARTESIAN_POINT ( 'NONE',  ( -1.677363332547081809, -81.10073484527136145, 204.9640191062684096 ) ) ;
#2339 = CARTESIAN_POINT ( 'NONE',  ( 87.06762527551587993, -18.89443869022542444, 42.61142476167932358 ) ) ;
#2340 = CARTESIAN_POINT ( 'NONE',  ( -2.653060364666223414, -53.62825189528938807, 472.6290139493366951 ) ) ;
#2341 = CARTESIAN_POINT ( 'NONE',  ( 86.04165046946579309, -0.9836248390333799385, 62.57548133218611497 ) ) ;
#2342 = CARTESIAN_POINT ( 'NONE',  ( 1.231205339648233436E-09, -45.94319628014799406, -42.33268042214935178 ) ) ;
#2343 = CARTESIAN_POINT ( 'NONE',  ( -55.43352450434293388, 9.557879841706116153, 226.4234727364798800 ) ) ;
#2344 = CARTESIAN_POINT ( 'NONE',  ( 28.56655353840115907, -27.10183927193698494, -42.71602152552533482 ) ) ;
#2345 = CARTESIAN_POINT ( 'NONE',  ( -150.0000000000005116, -2.468752498710066856, 425.1262764251987392 ) ) ;
#2346 = CARTESIAN_POINT ( 'NONE',  ( -12.54032916487053662, -15.97355638405877798, -67.37202901507004071 ) ) ;
#2347 = CARTESIAN_POINT ( 'NONE',  ( 0.9126475175586304944, 20.71106199493173605, -7.133971301115257013 ) ) ;
#2348 = CARTESIAN_POINT ( 'NONE',  ( 1.806800189161472225, -76.18469211933185647, 79.98576995106418508 ) ) ;
#2349 = CARTESIAN_POINT ( 'NONE',  ( -1.232214472287483709, 47.77296557967702739, 180.4880816561268375 ) ) ;
#2350 = CARTESIAN_POINT ( 'NONE',  ( 68.17099890686246511, -59.87081892651732318, 328.7373264156398136 ) ) ;
#2351 = CARTESIAN_POINT ( 'NONE',  ( 149.9999999999994316, -2.616582094362104094, 212.2784760750597570 ) ) ;
#2352 = CARTESIAN_POINT ( 'NONE',  ( 0.000000000000000000, -64.27087736381501770, 430.1847566579382942 ) ) ;
#2353 = CARTESIAN_POINT ( 'NONE',  ( -0.9510654338689736864, -5.798701977451038658, -56.53318865688525818 ) ) ;
#2354 = CARTESIAN_POINT ( 'NONE',  ( -2.198232218566084750, -31.10885767869073959, 555.0251018355932047 ) ) ;
#2355 = CARTESIAN_POINT ( 'NONE',  ( -2.883333089012468431, 37.06396331801435196, 58.55160058116674549 ) ) ;
#2356 = CARTESIAN_POINT ( 'NONE',  ( 28.57427626030424506, -19.03617148196874709, -45.25338991541245548 ) ) ;
#2357 = CARTESIAN_POINT ( 'NONE',  ( -0.5283684085479281034, 28.60797005037408525, 400.7130692314507883 ) ) ;
#2358 = EDGE_CURVE ( 'NONE', #644, #1891, #43, .T. ) ;
#2359 = CARTESIAN_POINT ( 'NONE',  ( 0.7315842355799940799, -9.573308037895744249, 557.6533037653249494 ) ) ;
#2360 = CARTESIAN_POINT ( 'NONE',  ( 2.859558653142146412, -30.85433044637745681, -60.36601280209308840 ) ) ;
#2361 = CARTESIAN_POINT ( 'NONE',  ( -27.93320105887194060, 9.482709585563030785, -10.56185500302712477 ) ) ;
#2362 = CARTESIAN_POINT ( 'NONE',  ( -82.92067076190876662, -51.49750296889394008, 121.3146546891777575 ) ) ;
#2363 = CARTESIAN_POINT ( 'NONE',  ( 13.42993013484968756, 41.72605030748574251, 299.6411483311551933 ) ) ;
#2364 = CARTESIAN_POINT ( 'NONE',  ( 149.9999999999997442, -7.370038410795642037, 283.8776627504177554 ) ) ;
#2365 = CARTESIAN_POINT ( 'NONE',  ( 28.56010164792775896, -29.08120341104138618, -41.03926139230429726 ) ) ;
#2366 = CARTESIAN_POINT ( 'NONE',  ( -35.31001820729544960, -54.20372554942832721, 14.44966888112472247 ) ) ;
#2367 = CARTESIAN_POINT ( 'NONE',  ( 2.292446151906562424, -57.57836088090239457, 458.5255481744437134 ) ) ;
#2368 = CARTESIAN_POINT ( 'NONE',  ( 56.47713021477131434, -8.444831254075669591, 200.0310506176295462 ) ) ;
#2369 = CARTESIAN_POINT ( 'NONE',  ( 52.48052599341274060, -33.50464726885834921, 14.44966888112467807 ) ) ;
#2370 = CARTESIAN_POINT ( 'NONE',  ( 0.000000000000000000, 28.21750440619399214, 17.07389157737171459 ) ) ;
#2371 = CARTESIAN_POINT ( 'NONE',  ( 28.57278266753127838, -17.32287592967700363, -44.94875114735818755 ) ) ;
#2372 = CARTESIAN_POINT ( 'NONE',  ( 150.0000000000000284, -5.251527702307162926, 440.0305525103657374 ) ) ;
#2373 = CARTESIAN_POINT ( 'NONE',  ( -58.62154318630234684, -4.489909763417698763, 423.0794994535144156 ) ) ;
#2374 = CARTESIAN_POINT ( 'NONE',  ( 2.863093002703979373, -15.74104673998628279, -73.37937318235987050 ) ) ;
#2375 = CARTESIAN_POINT ( 'NONE',  ( 2.817357777913640060, 8.097330774758388472, -35.80875540050892170 ) ) ;
#2376 = CARTESIAN_POINT ( 'NONE',  ( -149.9999999999992610, -6.948226098560440711, 250.7346351206815598 ) ) ;
#2377 = CARTESIAN_POINT ( 'NONE',  ( 1.793437411546241478, 45.87555291334074070, 252.9410945478491897 ) ) ;
#2378 = CARTESIAN_POINT ( 'NONE',  ( 2.824195916101439607, -79.22887979903154587, 312.8378994805424327 ) ) ;
#2379 = CARTESIAN_POINT ( 'NONE',  ( -0.9531862177140488779, -30.79942473098368438, -60.38244923662612962 ) ) ;
#2380 = CARTESIAN_POINT ( 'NONE',  ( -51.00410924031817927, -1.897229043410902261, 14.44966888112466563 ) ) ;
#2381 = CARTESIAN_POINT ( 'NONE',  ( -2.746151463431661721, -67.22781300615389455, 415.5570418069771677 ) ) ;
#2382 = CARTESIAN_POINT ( 'NONE',  ( 56.45112250455159142, -6.087123366960760507, 202.2480236927935380 ) ) ;
#2383 = CARTESIAN_POINT ( 'NONE',  ( 35.94395991979105531, -26.96728641447465691, 495.4743664108665939 ) ) ;
#2384 = CARTESIAN_POINT ( 'NONE',  ( -22.01802724243391651, 40.49517762205267246, 116.2537897038075414 ) ) ;
#2385 = CARTESIAN_POINT ( 'NONE',  ( -7.118748418129577260, -1.685585176228954429, 528.7463543470161085 ) ) ;
#2386 = CARTESIAN_POINT ( 'NONE',  ( -0.000000000000000000, -51.96883089071047124, -31.42314746429609329 ) ) ;
#2387 = CARTESIAN_POINT ( 'NONE',  ( 2.157746065596713780, 47.43923580062173784, 180.7376766213325539 ) ) ;
#2388 = CARTESIAN_POINT ( 'NONE',  ( 149.9999999999998010, -7.310016231325406011, 312.3034818323457102 ) ) ;
#2389 = ADVANCED_FACE ( 'NONE', ( #1396 ), #1237, .T. ) ;
#2390 = CARTESIAN_POINT ( 'NONE',  ( -41.18141847074032569, 9.866409487663414524, 14.44966888112463899 ) ) ;
#2391 = CARTESIAN_POINT ( 'NONE',  ( -150.0000000000001990, -7.007733124829560900, 362.5174106670719993 ) ) ;
#2392 = CARTESIAN_POINT ( 'NONE',  ( -0.9489435702740910417, -1.972889249273659606, -51.67460940504316369 ) ) ;
#2393 = CARTESIAN_POINT ( 'NONE',  ( 60.00640282580248197, -17.01967506032876187, 448.1041599185411428 ) ) ;
#2394 = CARTESIAN_POINT ( 'NONE',  ( 1.625096845062358186, 47.14373364252509901, 228.9144459501762299 ) ) ;
#2395 = CARTESIAN_POINT ( 'NONE',  ( 149.9999999999999716, 0.2662509454560353372, 209.6061587108673052 ) ) ;
#2396 = CARTESIAN_POINT ( 'NONE',  ( 0.7310486981965987896, -8.789701471681548028, 555.1481419457635411 ) ) ;
#2397 = CARTESIAN_POINT ( 'NONE',  ( -28.20276296147374495, -53.63726394892496074, -2.420270290097158661 ) ) ;
#2398 = CARTESIAN_POINT ( 'NONE',  ( -2.590616680584334919, -80.32050666493766755, 155.7598347788297417 ) ) ;
#2399 = CARTESIAN_POINT ( 'NONE',  ( -0.000000000000000000, -15.78242232791483879, -73.34380767225577813 ) ) ;
#2400 = CARTESIAN_POINT ( 'NONE',  ( -51.25016846263964965, -36.26862969105060586, 14.44966888112467984 ) ) ;
#2401 = CARTESIAN_POINT ( 'NONE',  ( -2.868117268075441206, -80.90834605147239245, 252.8850171276854724 ) ) ;
#2402 = CARTESIAN_POINT ( 'NONE',  ( 11.55383968865741373, 26.93463575382700270, 21.23557846822262718 ) ) ;
#2403 = CARTESIAN_POINT ( 'NONE',  ( 59.92768210513554550, -17.48403991496985910, 443.5587034323733633 ) ) ;
#2404 = CARTESIAN_POINT ( 'NONE',  ( -0.9410419634355977614, -61.13235219977607215, -7.919686906825877060 ) ) ;
#2405 = CARTESIAN_POINT ( 'NONE',  ( -6.814411576723173880, 46.50797352682411656, 230.8815100217026668 ) ) ;
#2406 = CARTESIAN_POINT ( 'NONE',  ( 1.466348465283128011, -32.42309479875746092, 550.0218109962382869 ) ) ;
#2407 = CARTESIAN_POINT ( 'NONE',  ( -149.9999999999993747, -5.086072248670411078, 222.8904789473830022 ) ) ;
#2408 = CARTESIAN_POINT ( 'NONE',  ( -1.776206236834663610, -78.31755167793222938, 109.6304450440708109 ) ) ;
#2409 = SHAPE_DEFINITION_REPRESENTATION ( #1172, #1516 ) ;
#2410 = CARTESIAN_POINT ( 'NONE',  ( -19.69281385658413086, 22.03919285582231424, 14.44966888112474201 ) ) ;
#2411 = CARTESIAN_POINT ( 'NONE',  ( 2.456824504714959723, -81.08135919424923088, 252.4214274562971525 ) ) ;
#2412 = CARTESIAN_POINT ( 'NONE',  ( 149.9999999999999716, 10.35078035734875535, 226.4890547709782993 ) ) ;
#2413 = CARTESIAN_POINT ( 'NONE',  ( -2.253829874998491078, -50.07425661271955164, 486.4487798839140851 ) ) ;
#2414 = CARTESIAN_POINT ( 'NONE',  ( 12.37144441654984206, -55.69518468390829469, -15.09620900482262407 ) ) ;
#2415 = CARTESIAN_POINT ( 'NONE',  ( -20.62407662905724592, 42.79110105320698665, 140.4219543533417607 ) ) ;
#2416 = CARTESIAN_POINT ( 'NONE',  ( -2.177296947288516193, -4.542331835814525043, 541.4227397640479467 ) ) ;
#2417 = CARTESIAN_POINT ( 'NONE',  ( -54.88119694695075879, -26.28245621254035314, 14.44966888112440451 ) ) ;
#2418 = CARTESIAN_POINT ( 'NONE',  ( 6.487160277154800703, 19.72214760585052673, 443.3057579004467357 ) ) ;
#2419 = CARTESIAN_POINT ( 'NONE',  ( -28.57367444973878889, -22.46176645351027190, -44.96980912847601530 ) ) ;
#2420 = CARTESIAN_POINT ( 'NONE',  ( 43.87126447065611501, -27.99373808194799196, -17.53171666570640852 ) ) ;
#2421 = CARTESIAN_POINT ( 'NONE',  ( 0.7325915386538827123, -30.36799215964183318, 557.6367798800164337 ) ) ;
#2422 = CARTESIAN_POINT ( 'NONE',  ( 0.9389985858162609444, -62.91228673191141496, -1.842846046278396877 ) ) ;
#2423 = CARTESIAN_POINT ( 'NONE',  ( -2.630688579464057320, -79.47021242766396654, 130.7089107872457419 ) ) ;
#2424 = CARTESIAN_POINT ( 'NONE',  ( 2.869757525187609293, -24.73004176475694749, -76.23815369158728572 ) ) ;
#2425 = CARTESIAN_POINT ( 'NONE',  ( -68.31011536970008535, -60.64635181205830605, 304.1661337803504921 ) ) ;
#2426 = CARTESIAN_POINT ( 'NONE',  ( -1.797634613197362174, 24.83933354071738009, 4.965788233343842784 ) ) ;
#2427 = CARTESIAN_POINT ( 'NONE',  ( -2.221854853165855292, -42.18654335187017068, 514.6338065425522927 ) ) ;
#2428 = CARTESIAN_POINT ( 'NONE',  ( 149.9999999999995737, -5.661976556473666378, 227.8320003885081064 ) ) ;
#2429 = CARTESIAN_POINT ( 'NONE',  ( -9.038935942379033861, 44.65478929440413225, 133.3990811073386169 ) ) ;
#2430 = CARTESIAN_POINT ( 'NONE',  ( 2.401812407620467660, 6.569449054318622139, 500.9803719639622841 ) ) ;
#2431 = CARTESIAN_POINT ( 'NONE',  ( 86.99188020713809522, -14.51567692313305358, 46.35646601183182725 ) ) ;
#2432 = CARTESIAN_POINT ( 'NONE',  ( 6.244008511223442248, 25.66205074593666069, 414.3400517412663362 ) ) ;
#2433 = CARTESIAN_POINT ( 'NONE',  ( -56.47222662334309717, -11.17507154993128893, 199.8818235498100364 ) ) ;
#2434 = CARTESIAN_POINT ( 'NONE',  ( -7.266565677771215981, -34.16443127491972120, 540.6063951576571753 ) ) ;
#2435 = CARTESIAN_POINT ( 'NONE',  ( 47.31906922256366244, 16.34140955976334197, 320.0000000000000568 ) ) ;
#2436 = CARTESIAN_POINT ( 'NONE',  ( -56.08500672497000750, -23.13107185465961990, 219.0677530512962790 ) ) ;
#2437 = CARTESIAN_POINT ( 'NONE',  ( 10.72238619017426942, -79.69389547573095456, 182.9438262313445023 ) ) ;
#2438 = MECHANICAL_DESIGN_GEOMETRIC_PRESENTATION_REPRESENTATION (  '', ( #57 ), #1312 ) ;
#2439 = CARTESIAN_POINT ( 'NONE',  ( 3.342398476326646328, -15.83072453183169692, -73.30228820129572398 ) ) ;
#2440 = CARTESIAN_POINT ( 'NONE',  ( -1.478587259873037407, 27.28145268214483821, 14.44966888112460701 ) ) ;
#2441 = CARTESIAN_POINT ( 'NONE',  ( -50.08248875286928836, -9.736513844828129649, 308.9701551022552621 ) ) ;
#2442 = CARTESIAN_POINT ( 'NONE',  ( 3.238742170394931286, 15.77724942527549956, -19.15744003631981229 ) ) ;
#2443 = CARTESIAN_POINT ( 'NONE',  ( -2.236712946563221838, -46.15851575331706869, 500.4716889831356639 ) ) ;
#2444 = CARTESIAN_POINT ( 'NONE',  ( 27.67694786115903938, -63.29158573756551931, 31.98726099646741261 ) ) ;
#2445 = CARTESIAN_POINT ( 'NONE',  ( -149.9999999999999716, 16.36900979716714133, 304.7041830578932036 ) ) ;
#2446 = CARTESIAN_POINT ( 'NONE',  ( 56.46733593097523141, -8.211435082171821165, 200.7052021925304643 ) ) ;
#2447 = CARTESIAN_POINT ( 'NONE',  ( -0.000000000000000000, -19.06159204705093302, -65.55068789015382436 ) ) ;
#2448 = CARTESIAN_POINT ( 'NONE',  ( 0.000000000000000000, 38.87860893774676185, 331.9800661568619944 ) ) ;
#2449 = VERTEX_POINT ( 'NONE', #24 ) ;
#2450 = CARTESIAN_POINT ( 'NONE',  ( -7.354715413823783798, -37.44558185051763388, 528.5187147704514246 ) ) ;
#2451 = CARTESIAN_POINT ( 'NONE',  ( -0.9419369969250757091, 40.21919929812739269, 320.0004459445724478 ) ) ;
#2452 = CARTESIAN_POINT ( 'NONE',  ( -28.43836731326001299, -43.59040531996306100, -23.48376959379110929 ) ) ;
#2453 = CARTESIAN_POINT ( 'NONE',  ( 149.9999999999999147, -7.035743574291152491, 254.0021732632496878 ) ) ;
#2454 = CARTESIAN_POINT ( 'NONE',  ( -50.58346037534592199, -11.64512529226498749, 291.0537216187072431 ) ) ;
#2455 = CARTESIAN_POINT ( 'NONE',  ( -1.825295035117260989, 20.79892886237578864, -7.076416356319450429 ) ) ;
#2456 = CARTESIAN_POINT ( 'NONE',  ( 2.631139656651000802, -49.78120383466286825, 486.6904418004664876 ) ) ;
#2457 = CARTESIAN_POINT ( 'NONE',  ( -2.843546775554995687, -52.22148843812511387, -31.29894403424213323 ) ) ;
#2458 = CARTESIAN_POINT ( 'NONE',  ( -1.649437573462356754, 41.01991156795418902, 312.8522970477960143 ) ) ;
#2459 = CARTESIAN_POINT ( 'NONE',  ( -1.459071100982355595, -7.213087860121786932, 550.1242434627826015 ) ) ;
#2460 = CARTESIAN_POINT ( 'NONE',  ( 45.39996420896155627, 5.802143789802242324, 14.44966888112469761 ) ) ;
#2461 = CARTESIAN_POINT ( 'NONE',  ( -56.46733593097523141, -8.211435082171821165, 200.7052021925304643 ) ) ;
#2462 = CARTESIAN_POINT ( 'NONE',  ( -150.0000000000000000, 14.77013292611521500, 320.0000541252218227 ) ) ;
#2463 = CARTESIAN_POINT ( 'NONE',  ( -60.00892403416684573, -10.87759879526569584, 448.8723920580213189 ) ) ;
#2464 = CARTESIAN_POINT ( 'NONE',  ( 13.31731313304985065, 39.58377582248513704, 320.0000000000000568 ) ) ;
#2465 = CARTESIAN_POINT ( 'NONE',  ( 2.856103854656974583, -39.45539619441001378, -51.48475168967285498 ) ) ;
#2466 = CARTESIAN_POINT ( 'NONE',  ( 83.62303020544310073, -50.12168651128710195, 112.4429226335344367 ) ) ;
#2467 = CARTESIAN_POINT ( 'NONE',  ( -0.000000000000000000, -19.80119957717566237, -71.13603959821548983 ) ) ;
#2468 = CARTESIAN_POINT ( 'NONE',  ( -149.9999999999999432, -7.347273661128304489, 277.1192477896718742 ) ) ;
#2469 = CARTESIAN_POINT ( 'NONE',  ( 10.24811798180279787, 39.43337803868414682, 83.18633069079341169 ) ) ;
#2470 = CARTESIAN_POINT ( 'NONE',  ( -2.312748457841281358, -61.07620865001512556, 444.4799424602322802 ) ) ;
#2471 = CARTESIAN_POINT ( 'NONE',  ( 56.15644581993174000, -22.59803097290584972, 217.0202573784488322 ) ) ;
#2472 = CARTESIAN_POINT ( 'NONE',  ( -0.6201986524214535557, 17.04685725042859801, 458.4078278594934659 ) ) ;
#2473 = CARTESIAN_POINT ( 'NONE',  ( 51.00410924031817927, -1.897229043410902261, 14.44966888112466563 ) ) ;
#2474 = CARTESIAN_POINT ( 'NONE',  ( 150.0000000000002274, 7.068232020827782236, 370.3528863233865422 ) ) ;
#2475 = CARTESIAN_POINT ( 'NONE',  ( -3.338680243767540023, -29.23310505003188808, -61.71998754065596415 ) ) ;
#2476 = CARTESIAN_POINT ( 'NONE',  ( 1.412905495387613675, 40.21919022833552049, 320.0005269926185747 ) ) ;
#2477 = VERTEX_POINT ( 'NONE', #1807 ) ;
#2478 = CARTESIAN_POINT ( 'NONE',  ( 1.491141964375481299, -46.11098264986172524, 500.5213350728506612 ) ) ;
#2479 = CARTESIAN_POINT ( 'NONE',  ( 0.000000000000000000, -9.999999999999710454, 558.9422371214541272 ) ) ;
#2480 = CARTESIAN_POINT ( 'NONE',  ( 1.145115487848116009, 23.11885975406494254, 429.9532895041899678 ) ) ;
#2481 = CARTESIAN_POINT ( 'NONE',  ( -149.9999999999994031, -3.204465285586236778, 213.8695567060612177 ) ) ;
#2482 = CARTESIAN_POINT ( 'NONE',  ( -0.9157926607006638964, -73.46111797824171674, 54.50585222886518721 ) ) ;
#2483 =( LENGTH_UNIT ( ) NAMED_UNIT ( * ) SI_UNIT ( .MILLI., .METRE. ) );
#2484 = CARTESIAN_POINT ( 'NONE',  ( -25.35627029098902341, -75.33253253753053968, 140.4857065887874796 ) ) ;
#2485 = CARTESIAN_POINT ( 'NONE',  ( -2.367866279720466594, 41.04594610967017587, 79.94441032751126386 ) ) ;
#2486 = CARTESIAN_POINT ( 'NONE',  ( 2.699921698077906385, -60.88783897603897088, 444.3805473732407449 ) ) ;
#2487 = CARTESIAN_POINT ( 'NONE',  ( 0.000000000000000000, -51.96883089071047124, -31.42314746429609329 ) ) ;
#2488 = CARTESIAN_POINT ( 'NONE',  ( 6.733608421923275245, 13.22468183324905233, 471.8275841911045632 ) ) ;
#2489 = CARTESIAN_POINT ( 'NONE',  ( 55.03297364938128311, -11.22798592835246545, 14.44966888112469938 ) ) ;
#2490 = CARTESIAN_POINT ( 'NONE',  ( 0.000000000000000000, -66.77656847523338968, 14.44966889007990218 ) ) ;
#2491 = CARTESIAN_POINT ( 'NONE',  ( -13.20776690004548115, 35.51755634591616229, 352.3468663762320716 ) ) ;
#2492 = CARTESIAN_POINT ( 'NONE',  ( -149.9999999999999716, -6.753162013210366688, 409.5642181840029821 ) ) ;
#2493 = CARTESIAN_POINT ( 'NONE',  ( 149.9999999999998579, -5.139754097654222420, 439.4216061485305431 ) ) ;
#2494 = CARTESIAN_POINT ( 'NONE',  ( 1.717673231772173903, 23.13963299835682719, 429.9848877918320227 ) ) ;
#2495 = CARTESIAN_POINT ( 'NONE',  ( 0.9524955379382262777, -36.64119904862406685, -54.62417995682787364 ) ) ;
#2496 = CARTESIAN_POINT ( 'NONE',  ( -1.843204464948438925, -71.89838075155957142, 41.88289794765572083 ) ) ;
#2497 = CARTESIAN_POINT ( 'NONE',  ( 2.846830710822273236, -1.888371530433603951, -51.63176871257518741 ) ) ;
#2498 = CARTESIAN_POINT ( 'NONE',  ( 2.516044998820623046, -81.15136288270953457, 204.9043941500345909 ) ) ;
#2499 = CARTESIAN_POINT ( 'NONE',  ( 2.305531241410820442, 46.80903969351554395, 155.8088301420164328 ) ) ;
#2500 = CARTESIAN_POINT ( 'NONE',  ( 18.54967280091722159, -65.48671766064194344, 411.1240943814369189 ) ) ;
#2501 = CARTESIAN_POINT ( 'NONE',  ( 12.44940628510439140, -48.11425084438231181, -31.82437816889770232 ) ) ;
#2502 = CARTESIAN_POINT ( 'NONE',  ( -2.057388533046267121, 6.867330383723285969, 500.6602980566781298 ) ) ;
#2503 = CARTESIAN_POINT ( 'NONE',  ( 55.96807519555063948, -19.10345725368317815, 14.44966888112475090 ) ) ;
#2504 = CARTESIAN_POINT ( 'NONE',  ( -3.336414216000880284, -10.76623363562859126, -61.71993786216636835 ) ) ;
#2505 = CARTESIAN_POINT ( 'NONE',  ( -42.82036082025610568, 33.85106947388772625, 320.0000000000000568 ) ) ;
#2506 = CARTESIAN_POINT ( 'NONE',  ( 3.338680243767540023, -29.23310505003188808, -61.71998754065596415 ) ) ;
#2507 = CARTESIAN_POINT ( 'NONE',  ( 1.192598390898780503, 20.17127465771984873, 444.2396516818456007 ) ) ;
#2508 = CARTESIAN_POINT ( 'NONE',  ( 0.9491780843010453328, -49.17806473323484084, -36.93391071613414312 ) ) ;
#2509 = CARTESIAN_POINT ( 'NONE',  ( -0.000000000000000000, -10.00000000000000000, -61.05776287854492068 ) ) ;
#2510 = CARTESIAN_POINT ( 'NONE',  ( -24.25571063400974836, -77.30113989785128581, 188.1552036833147952 ) ) ;
#2511 = CARTESIAN_POINT ( 'NONE',  ( -0.8486857927523446810, 34.25527520538206261, 42.00482374486006165 ) ) ;
#2512 = CARTESIAN_POINT ( 'NONE',  ( 8.878133750268590418, -63.84938948047850005, 429.1787040279010625 ) ) ;
#2513 = CARTESIAN_POINT ( 'NONE',  ( -0.9478489251849986363, -52.05305007318202115, -31.38174632094477445 ) ) ;
#2514 = CARTESIAN_POINT ( 'NONE',  ( 149.9999999999999716, 1.632909915346569596, 401.7829050630052166 ) ) ;
#2515 = CARTESIAN_POINT ( 'NONE',  ( -0.9538432379601403666, -14.88770259644060800, -66.09957415697023464 ) ) ;
#2516 = CARTESIAN_POINT ( 'NONE',  ( 43.55798104654679292, -47.52714778968164211, 14.44966888112475800 ) ) ;
#2517 = CARTESIAN_POINT ( 'NONE',  ( 0.8988173065986810872, 24.74562245569138952, 4.905429404791115111 ) ) ;
#2518 = CARTESIAN_POINT ( 'NONE',  ( 0.000000000000000000, -25.38635163953088636, -64.23490924815914127 ) ) ;
#2519 = CARTESIAN_POINT ( 'NONE',  ( -40.00984483757177657, 16.72124631380037485, 402.1504229787130384 ) ) ;
#2520 = EDGE_CURVE ( 'NONE', #52, #1891, #2173, .T. ) ;
#2521 = CARTESIAN_POINT ( 'NONE',  ( -86.96447697842424418, -25.42429361652477482, 49.13328212781601678 ) ) ;
#2522 = CARTESIAN_POINT ( 'NONE',  ( -150.0000000000000284, 1.252786731943029253, 209.9251019480679190 ) ) ;
#2523 = CARTESIAN_POINT ( 'NONE',  ( -53.11817187396054862, -19.89864609138137652, 258.6481858999812289 ) ) ;
#2524 = CARTESIAN_POINT ( 'NONE',  ( 150.0000000000003126, 16.71071704159100690, 262.7461542768186291 ) ) ;
#2525 = CARTESIAN_POINT ( 'NONE',  ( 20.83281673801534950, -71.50086781543122072, 377.4958969591941127 ) ) ;
#2526 = CARTESIAN_POINT ( 'NONE',  ( 12.51282440341058688, -34.00991843483502208, -51.29093330795326011 ) ) ;
#2527 = DIRECTION ( 'NONE',  ( 0.000000000000000000, 0.000000000000000000, 1.000000000000000000 ) ) ;
#2528 = CARTESIAN_POINT ( 'NONE',  ( 14.77468043357019312, -63.45794666278199969, 14.44966888112471892 ) ) ;
#2529 =( GEOMETRIC_REPRESENTATION_CONTEXT ( 3 ) GLOBAL_UNCERTAINTY_ASSIGNED_CONTEXT ( ( #185 ) ) GLOBAL_UNIT_ASSIGNED_CONTEXT ( ( #1439, #2243, #1026 ) ) REPRESENTATION_CONTEXT ( 'NONE', 'WORKASPACE' ) );
#2530 = CARTESIAN_POINT ( 'NONE',  ( -26.84291305568621766, 21.64135502705829950, 20.87972938593452810 ) ) ;
#2531 = CARTESIAN_POINT ( 'NONE',  ( 3.339617750187601875, -22.74913179382120276, -65.24351231691559860 ) ) ;
#2532 = CARTESIAN_POINT ( 'NONE',  ( 1.996956094114173741, 10.46350476607578983, 486.5475114404366082 ) ) ;
#2533 = CARTESIAN_POINT ( 'NONE',  ( -150.0000000000041211, -0.8809440955387546346, 208.3056818061898809 ) ) ;
#2534 = CARTESIAN_POINT ( 'NONE',  ( 0.9429501939302636915, 4.886886460646159058, -41.31700136380539590 ) ) ;
#2535 = CARTESIAN_POINT ( 'NONE',  ( -149.9999999999999147, -7.035743574291152491, 254.0021732632496878 ) ) ;
#2536 = CARTESIAN_POINT ( 'NONE',  ( 149.9999999999993463, 17.13590603533871715, 269.4952211729575993 ) ) ;
#2537 = CARTESIAN_POINT ( 'NONE',  ( -0.8064005157699180026, -78.09438959284234727, 332.0629197306428750 ) ) ;
#2538 = CARTESIAN_POINT ( 'NONE',  ( 12.51967498350162522, -30.42977357820698359, -54.72345505564731383 ) ) ;
#2539 = CARTESIAN_POINT ( 'NONE',  ( -2.723464886104488336, -64.19380600909410362, 430.0700492061511113 ) ) ;
#2540 = CARTESIAN_POINT ( 'NONE',  ( 28.66915185648158726, -24.29590384187719465, -55.07514469556929271 ) ) ;
#2541 = CARTESIAN_POINT ( 'NONE',  ( -86.91359524864041930, -11.34795942607654595, 48.66319268689352384 ) ) ;
#2542 = CARTESIAN_POINT ( 'NONE',  ( 0.8232861172484648993, 37.52274279518023548, 58.77084347987265289 ) ) ;
#2543 = CARTESIAN_POINT ( 'NONE',  ( 150.0000000000000000, -2.188643987900662502, 211.2524680516167450 ) ) ;
#2544 = CARTESIAN_POINT ( 'NONE',  ( 2.194752706739981907, -9.508866867582225879, 557.5849067725088162 ) ) ;
#2545 = CARTESIAN_POINT ( 'NONE',  ( 1.908728668469319878, -15.75483860262913360, -73.36751801232517778 ) ) ;
#2546 = CARTESIAN_POINT ( 'NONE',  ( -12.37917598823336540, 4.075400731689930112, -36.12926134960945035 ) ) ;
#2547 = CARTESIAN_POINT ( 'NONE',  ( 0.9270879825596324286, -69.79302093472507806, 29.20512584233292230 ) ) ;
#2548 = CARTESIAN_POINT ( 'NONE',  ( 13.89565711704575790, 43.38650797797856740, 278.5011269604131598 ) ) ;
#2549 = CARTESIAN_POINT ( 'NONE',  ( -2.419201547309754119, -79.24311493809011608, 312.7383345202945861 ) ) ;
#2550 = CARTESIAN_POINT ( 'NONE',  ( -2.863093002703979373, -15.74104673998628279, -73.37937318235987050 ) ) ;
#2551 = CARTESIAN_POINT ( 'NONE',  ( -150.0000000000002274, -6.918172500166472005, 377.9878286767907980 ) ) ;
#2552 = CARTESIAN_POINT ( 'NONE',  ( 12.42468602756070162, 0.8701743984461717263, -41.28002289990918428 ) ) ;
#2553 = CARTESIAN_POINT ( 'NONE',  ( -2.197594282577284730, -30.09365911059991916, 558.8450979428132541 ) ) ;
#2554 = CARTESIAN_POINT ( 'NONE',  ( -27.28012801745004268, 17.82243023528065962, 9.515898732818438788 ) ) ;
#2555 = CARTESIAN_POINT ( 'NONE',  ( 3.339667978339376564, -19.06941346359224809, -65.55041694829863275 ) ) ;
#2556 = CARTESIAN_POINT ( 'NONE',  ( 149.9999999999995737, 11.19476107030966361, 345.2779431210030907 ) ) ;
#2557 = CARTESIAN_POINT ( 'NONE',  ( -59.89900058819404194, -9.567402936609459729, 443.5936951987583257 ) ) ;
#2558 = CARTESIAN_POINT ( 'NONE',  ( -28.59136176848087985, -20.45315165695411608, -48.71969257075873827 ) ) ;
#2559 = CARTESIAN_POINT ( 'NONE',  ( 1.878238518609093521, 8.033333812045590605, -35.84821112819088995 ) ) ;
#2560 = CARTESIAN_POINT ( 'NONE',  ( 0.9097087778618729859, -74.87906107041932557, 67.21910057031878694 ) ) ;
#2561 = CARTESIAN_POINT ( 'NONE',  ( -0.9490617160165060184, 42.54358218907552924, 298.1207295063137508 ) ) ;
#2562 = CARTESIAN_POINT ( 'NONE',  ( 10.51223536979450479, -80.17534470333454522, 207.1221273497589834 ) ) ;
#2563 = CARTESIAN_POINT ( 'NONE',  ( 28.57573170820431940, -24.76717753399774935, -44.87947698153151777 ) ) ;
#2564 = CARTESIAN_POINT ( 'NONE',  ( -42.28200079349453944, 8.892185847970958790, 14.44966888112463543 ) ) ;
#2565 = CARTESIAN_POINT ( 'NONE',  ( 2.312748457841281358, -61.07620865001512556, 444.4799424602322802 ) ) ;
#2566 = CARTESIAN_POINT ( 'NONE',  ( 3.313916258227276757, 1.354737596468937211, -46.71700391772461813 ) ) ;
#2567 = CARTESIAN_POINT ( 'NONE',  ( 149.9999999999999716, -6.386425012418153635, 435.7336574011089283 ) ) ;
#2568 = CARTESIAN_POINT ( 'NONE',  ( -150.0000000000000284, 11.30624670738853510, 229.7266311706955264 ) ) ;
#2569 = CARTESIAN_POINT ( 'NONE',  ( 0.000000000000000000, -14.60151357395186444, -64.22837653661129309 ) ) ;
#2570 = CARTESIAN_POINT ( 'NONE',  ( -35.66697731966415574, -11.64039430091011873, 495.5372216640326997 ) ) ;
#2571 = CARTESIAN_POINT ( 'NONE',  ( -12.51726655298319990, -31.89267106366910198, -53.38761008372980399 ) ) ;
#2572 = CARTESIAN_POINT ( 'NONE',  ( -12.12700268568815254, 15.00943372669715004, -14.20656591047415240 ) ) ;
#2573 = CARTESIAN_POINT ( 'NONE',  ( 0.9216022324742194627, -71.78285836237012063, 41.82533839465294534 ) ) ;
#2574 = CARTESIAN_POINT ( 'NONE',  ( 59.97550560955480847, 34.43158503966466810, 201.9292928342558184 ) ) ;
#2575 = CARTESIAN_POINT ( 'NONE',  ( 50.03496671508558791, -9.242290081520904366, 326.4099837110862268 ) ) ;
#2576 = CARTESIAN_POINT ( 'NONE',  ( 150.0000000000020748, -1.587699843689278412, 209.8982934823786479 ) ) ;
#2577 = CARTESIAN_POINT ( 'NONE',  ( -55.83571169462646822, -21.08749751770960401, 14.44966888112468695 ) ) ;
#2578 = CARTESIAN_POINT ( 'NONE',  ( -56.63649881012312193, -16.68379039945391185, 399.6563628744315224 ) ) ;
#2579 = CARTESIAN_POINT ( 'NONE',  ( -1.904146327908672554, -8.520320594203820264, -59.57409022259488296 ) ) ;
#2580 = CARTESIAN_POINT ( 'NONE',  ( 35.68751508801354078, -25.71008246410409370, 501.3283805024830713 ) ) ;
#2581 = CARTESIAN_POINT ( 'NONE',  ( 1.848321708431225563, 47.83361918596382623, 180.4427191032446558 ) ) ;
#2582 = CARTESIAN_POINT ( 'NONE',  ( 0.000000000000000000, -20.92609084089645677, -65.55068789015383857 ) ) ;
#2583 = CARTESIAN_POINT ( 'NONE',  ( 1.850464964290566172, 28.57020904146000362, 400.4539919784762674 ) ) ;
#2584 = CARTESIAN_POINT ( 'NONE',  ( -2.512478394710995655, -1.256705077567221052, 529.6245464009108446 ) ) ;
#2585 = CARTESIAN_POINT ( 'NONE',  ( -3.338484940648333676, -29.91129310357068150, -61.08292434789409242 ) ) ;
#2586 = CARTESIAN_POINT ( 'NONE',  ( -55.53696155310775140, -24.60692337282919695, 230.5745149198003503 ) ) ;
#2587 = CARTESIAN_POINT ( 'NONE',  ( 49.29743671353512013, 37.20513467868398294, 254.3835889086999487 ) ) ;
#2588 = CARTESIAN_POINT ( 'NONE',  ( 9.946297514209035739, -78.98211947631459395, 312.9818156161840079 ) ) ;
#2589 = CARTESIAN_POINT ( 'NONE',  ( -55.47593822853480106, -23.70265242622761193, 14.44966888112475445 ) ) ;
#2590 = CARTESIAN_POINT ( 'NONE',  ( 2.352348798326850510, -67.32497349626902405, 415.8674364501976015 ) ) ;
#2591 = CARTESIAN_POINT ( 'NONE',  ( 28.58244982384469424, -15.21890313945408657, -45.70561207615780575 ) ) ;
#2592 = CARTESIAN_POINT ( 'NONE',  ( 53.03251292158711294, -32.09285174175807498, 14.44966888112468695 ) ) ;
#2593 = CARTESIAN_POINT ( 'NONE',  ( -53.35623814217884586, 16.83228722618856921, 246.4189050667629601 ) ) ;
#2594 = CARTESIAN_POINT ( 'NONE',  ( 12.52666076809941309, -20.90987222074357632, -59.76314476477095639 ) ) ;
#2595 = CARTESIAN_POINT ( 'NONE',  ( 0.7257656490961721385, -4.623702357734425838, 541.5260409447616894 ) ) ;
#2596 = CARTESIAN_POINT ( 'NONE',  ( 2.834193395134841698, -57.22014418464343777, -19.74671254673656406 ) ) ;
ENDSEC;
END-ISO-10303-21;
