ISO-10303-21;
HEADER;
FILE_DESCRIPTION (( 'STEP AP214' ),
    '1' );
FILE_NAME ();
FILE_SCHEMA (( 'AUTOMOTIVE_DESIGN' ));
ENDSEC;

DATA;
#1 = CARTESIAN_POINT ( 'NONE',  ( -73.68132358160029582, 25.87088492170399689, 842.1676176908059688 ) ) ;
#2 = CARTESIAN_POINT ( 'NONE',  ( -26.63212852711649958, -1.352295818966280150, 859.0753413983360360 ) ) ;
#3 = CARTESIAN_POINT ( 'NONE',  ( -140.0016203972290043, 82.25440750508019505, 875.5745316206250664 ) ) ;
#4 = CARTESIAN_POINT ( 'NONE',  ( -36.03589703524919940, 1.256977716615226059, 864.6745981984610125 ) ) ;
#5 = CARTESIAN_POINT ( 'NONE',  ( -1.986506569278305268, -22.83702735556950003, 756.6067952899270495 ) ) ;
#6 = CARTESIAN_POINT ( 'NONE',  ( -2.341270088024100193, -23.34368216773114924, 760.0804356895570209 ) ) ;
#7 = CARTESIAN_POINT ( 'NONE',  ( -98.30393202112529139, 45.18425907287969778, 877.8262141948480348 ) ) ;
#8 = CARTESIAN_POINT ( 'NONE',  ( 3.048360315844400148, -15.64649224936965055, 771.7748737198609206 ) ) ;
#9 = CARTESIAN_POINT ( 'NONE',  ( -192.3002587640575030, 114.5922576527439958, 895.4421374624889722 ) ) ;
#10 = CARTESIAN_POINT ( 'NONE',  ( -2.494889368003190278, -23.56307323623044780, 842.3009880572089969 ) ) ;
#11 = CARTESIAN_POINT ( 'NONE',  ( -73.49047068156829710, 26.14345111046564796, 850.2165654201679672 ) ) ;
#12 = ORIENTED_EDGE ( 'NONE', *, *, #2456, .F. ) ;
#13 = CARTESIAN_POINT ( 'NONE',  ( -72.90836507797089894, 26.97478406795650230, 790.8983764812750223 ) ) ;
#14 = CARTESIAN_POINT ( 'NONE',  ( 2.948480004174594882, -15.78913611739370104, 769.4288572106158881 ) ) ;
#15 = B_SPLINE_CURVE_WITH_KNOTS ( 'NONE', 3,
 ( #587, #362, #2035, #2747, #826, #799, #1813, #2792, #557 ),
 .UNSPECIFIED., .F., .F.,
 ( 4, 1, 1, 1, 1, 1, 4 ),
 ( 0.000000000000000000, 0.07629207583699824935, 0.2982345511014580786, 0.5201770263659172278, 0.7421195016303765435, 0.9640619768948389678, 1.000000000000000000 ),
 .UNSPECIFIED. ) ;
#16 = VECTOR ( 'NONE', #2086, 999.9999999999997726 ) ;
#17 = CARTESIAN_POINT ( 'NONE',  ( -139.6881303672639945, 82.70211766650820095, 835.9385562427351033 ) ) ;
#18 = ORIENTED_EDGE ( 'NONE', *, *, #1259, .F. ) ;
#19 = CARTESIAN_POINT ( 'NONE',  ( -3.035213985590550223, -24.33473676183150403, 823.5053166900199813 ) ) ;
#20 = CARTESIAN_POINT ( 'NONE',  ( -211.0435957581265143, 131.8946742855544016, 878.2022096740220150 ) ) ;
#21 = FACE_OUTER_BOUND ( 'NONE', #1000, .T. ) ;
#22 = CARTESIAN_POINT ( 'NONE',  ( -213.7005884698095031, 128.1000954404366041, 850.9684581342289675 ) ) ;
#23 = CARTESIAN_POINT ( 'NONE',  ( -143.7223222941451866, 76.94069450731811344, 824.5353737206800133 ) ) ;
#24 = CARTESIAN_POINT ( 'NONE',  ( -207.3337580050063877, 128.3805165954060783, 899.0797087291745129 ) ) ;
#25 = CARTESIAN_POINT ( 'NONE',  ( -68.60749033748770387, 33.11706975582535506, 854.2397849133940326 ) ) ;
#26 = CARTESIAN_POINT ( 'NONE',  ( -144.4545379276844130, 81.75936698160580818, 918.2988927624789994 ) ) ;
#27 = CARTESIAN_POINT ( 'NONE',  ( -1.008805746320646124, -21.44072587407239894, 879.8498069073449415 ) ) ;
#28 = CARTESIAN_POINT ( 'NONE',  ( -73.87453788396240384, 25.59494630091124989, 830.0886582262879756 ) ) ;
#29 = ORIENTED_EDGE ( 'NONE', *, *, #3062, .F. ) ;
#30 = CARTESIAN_POINT ( 'NONE',  ( -72.69385533620079798, 27.28113572809244758, 788.9194395436020386 ) ) ;
#31 = CARTESIAN_POINT ( 'NONE',  ( -211.0582527681459908, 131.8737419059091849, 870.1803307469309630 ) ) ;
#32 = DIRECTION ( 'NONE',  ( 0.000000000000000000, 0.2992269337142105523, -0.9541819753799541948 ) ) ;
#33 = CARTESIAN_POINT ( 'NONE',  ( -139.8245507601137945, 82.50728915438099875, 868.8797041453210568 ) ) ;
#34 = ORIENTED_EDGE ( 'NONE', *, *, #311, .F. ) ;
#35 = CARTESIAN_POINT ( 'NONE',  ( -73.37886175955610213, 26.30284516997184951, 854.2397849122789921 ) ) ;
#36 = EDGE_CURVE ( 'NONE', #2700, #2269, #572, .T. ) ;
#37 = LINE ( 'NONE', #1057, #426 ) ;
#38 = CARTESIAN_POINT ( 'NONE',  ( -1.834429621144104905, -22.61983896522025006, 755.4607392153019418 ) ) ;
#39 = LINE ( 'NONE', #2965, #1382 ) ;
#40 = CARTESIAN_POINT ( 'NONE',  ( -213.7005884698095031, 128.1000954404366041, 850.9684581342289675 ) ) ;
#41 = CARTESIAN_POINT ( 'NONE',  ( -1.986506569278305268, -22.83702735556950003, 756.6067952899270495 ) ) ;
#42 = CARTESIAN_POINT ( 'NONE',  ( -32.96755973266382966, 7.372986170259761884, 860.9040052791157223 ) ) ;
#43 = CARTESIAN_POINT ( 'NONE',  ( 3.416302434430145141, -15.12101644611495033, 790.5809672639300061 ) ) ;
#44 = CARTESIAN_POINT ( 'NONE',  ( -107.4550970977995945, 55.60718591665420263, 886.2030864192220179 ) ) ;
#45 = CARTESIAN_POINT ( 'NONE',  ( -144.2176455449522052, 76.23329959398459721, 833.7075920478930584 ) ) ;
#46 = CARTESIAN_POINT ( 'NONE',  ( -3.305877803111239910, -24.72128475332089792, 809.3987352442950396 ) ) ;
#47 = CARTESIAN_POINT ( 'NONE',  ( -2.830492955143694811, -24.04236483026065230, 767.0853760387550437 ) ) ;
#48 = CARTESIAN_POINT ( 'NONE',  ( -68.15603386191240531, 33.76181642154919871, 809.9509860136050747 ) ) ;
#49 = CARTESIAN_POINT ( 'NONE',  ( 1.008807999015247869, -18.55927482529549977, 879.8498067889948970 ) ) ;
#50 = CARTESIAN_POINT ( 'NONE',  ( -68.72835315119739619, 32.94445976933649689, 858.2621862780271158 ) ) ;
#51 = VERTEX_POINT ( 'NONE', #1516 ) ;
#52 = CARTESIAN_POINT ( 'NONE',  ( -2.916997114121235413, -24.16590557247934967, 828.2056663190579684 ) ) ;
#53 = CARTESIAN_POINT ( 'NONE',  ( -74.09585942841667361, 31.88235531155706681, 869.4994758828244130 ) ) ;
#54 = CARTESIAN_POINT ( 'NONE',  ( -1.382372386768585981, -21.97423432701349810, 752.6280532337590330 ) ) ;
#55 = LINE ( 'NONE', #1777, #2019 ) ;
#56 = CARTESIAN_POINT ( 'NONE',  ( -131.5151522121923051, 75.50752998204855260, 884.8952396095253334 ) ) ;
#57 = CARTESIAN_POINT ( 'NONE',  ( 0.1124426242604114057, -19.83941724856424926, 749.5127573054589902 ) ) ;
#58 = CARTESIAN_POINT ( 'NONE',  ( -212.7923545598865189, 129.3971878885473927, 849.5985206030020436 ) ) ;
#59 = CARTESIAN_POINT ( 'NONE',  ( -140.6936162622010045, 81.26613498984669093, 895.6439082354280572 ) ) ;
#60 = CARTESIAN_POINT ( 'NONE',  ( -168.2011435877670067, 98.38679357361939992, 922.2012824669410520 ) ) ;
#61 = CARTESIAN_POINT ( 'NONE',  ( -214.8134919917214916, 126.5107044939202154, 865.2803076157031228 ) ) ;
#62 = CARTESIAN_POINT ( 'NONE',  ( -144.3466783048181981, 76.04902171517790066, 838.7290245237630870 ) ) ;
#63 = CARTESIAN_POINT ( 'NONE',  ( -133.8491917820240644, 72.17434549133339772, 907.3321111219694330 ) ) ;
#64 = CARTESIAN_POINT ( 'NONE',  ( -68.39466726405069608, 33.42101260394315432, 846.1925104178388892 ) ) ;
#65 = CARTESIAN_POINT ( 'NONE',  ( -33.07920870903370059, 7.147190327672509724, 864.6744241784710994 ) ) ;
#66 = LINE ( 'NONE', #1772, #789 ) ;
#67 =( BOUNDED_SURFACE ( )  B_SPLINE_SURFACE ( 2, 3, ( 
 ( #2382, #914, #727, #2885, #233, #979, #484, #2693, #2867, #199, #676, #1650, #2629, #9, #1456, #1902, #1169, #436 ),
 ( #1951, #2918, #946, #2144, #3123, #695, #1700, #1921, #1666, #2676, #2433, #2398, #2644, #450, #1216, #1683, #2193, #2934 ),
 ( #1420, #216, #2162, #468, #2417, #1200, #2178, #2508, #3038, #2049, #2280, #3020, #2310, #2265, #334, #1990, #1543, #1270 ) ),
 .UNSPECIFIED., .F., .F., .T. ) 
 B_SPLINE_SURFACE_WITH_KNOTS ( ( 3, 3 ),
 ( 4, 2, 2, 2, 2, 2, 2, 2, 4 ),
 ( 0.000000000000000000, 1.000000000000000000 ),
 ( 0.01771978217983179865, 0.03312321444235610118, 0.04852664670488040372, 0.07933351122992900184, 0.1409472402800261981, 0.2025609693301234915, 0.2333678338551719855, 0.2487712661176964823, 0.2641746983802205073 ),
 .UNSPECIFIED. ) 
 GEOMETRIC_REPRESENTATION_ITEM ( )  RATIONAL_B_SPLINE_SURFACE ( (
 ( 1.000000000000000000, 1.000000000000000000, 1.000000000000000000, 1.000000000000000000, 1.000000000000000000, 1.000000000000000000, 1.000000000000000000, 1.000000000000000000, 1.000000000000000000, 1.000000000000000000, 1.000000000000000000, 1.000000000000000000, 1.000000000000000000, 1.000000000000000000, 1.000000000000000000, 1.000000000000000000, 1.000000000000000000, 1.000000000000000000),
 ( 0.6831509596315330501, 0.6831819307375380790, 0.6832129492816779726, 0.6832791973626169968, 0.6833143812829349795, 0.6834261487938100288, 0.6835089465140740117, 0.6837825518918179135, 0.6839983460300099738, 0.6845005523697720307, 0.6847898538407479752, 0.6852881745212789921, 0.6854650878033089478, 0.6857478742007619976, 0.6858450003911860104, 0.6860449733228040081, 0.6861475185515029107, 0.6862568187976270107),
 ( 1.000000000000000000, 1.000000000000000000, 1.000000000000000000, 1.000000000000000000, 1.000000000000000000, 1.000000000000000000, 1.000000000000000000, 1.000000000000000000, 1.000000000000000000, 1.000000000000000000, 1.000000000000000000, 1.000000000000000000, 1.000000000000000000, 1.000000000000000000, 1.000000000000000000, 1.000000000000000000, 1.000000000000000000, 1.000000000000000000) ) ) 
 REPRESENTATION_ITEM ( '' )  SURFACE ( )  );
#68 = CARTESIAN_POINT ( 'NONE',  ( -211.6520365340880119, 131.0257308041435920, 904.9188924165889603 ) ) ;
#69 = ORIENTED_EDGE ( 'NONE', *, *, #923, .T. ) ;
#70 = CARTESIAN_POINT ( 'NONE',  ( -142.3884575895160083, 78.84565072649741069, 915.6895921129030285 ) ) ;
#71 = B_SPLINE_CURVE_WITH_KNOTS ( 'NONE', 3,
 ( #419, #618, #2820, #2597, #1868, #404, #872, #2850, #433, #3051, #180, #660, #379, #857, #1631, #2609 ),
 .UNSPECIFIED., .F., .F.,
 ( 4, 2, 2, 2, 2, 2, 2, 4 ),
 ( 0.000000000000000000, 0.2500000000000591749, 0.3125000000000242029, 0.3749999999999892863, 0.4999999999999838463, 0.6249999999999783507, 0.7499999999999729106, 1.000000000000000000 ),
 .UNSPECIFIED. ) ;
#72 = CARTESIAN_POINT ( 'NONE',  ( -69.43928278596099801, 31.92914702851494368, 878.3634468978600580 ) ) ;
#73 = CARTESIAN_POINT ( 'NONE',  ( -72.41958872080398635, 27.67282904818744882, 786.9630249103829556 ) ) ;
#74 = CARTESIAN_POINT ( 'NONE',  ( -25.47612603240264306, 0.2988277835677976002, 880.7905758704047230 ) ) ;
#75 = CARTESIAN_POINT ( 'NONE',  ( -131.6353481995397487, 75.33548856588527087, 884.1681806066242189 ) ) ;
#76 = CARTESIAN_POINT ( 'NONE',  ( -0.5798184460992180655, -20.82806851634349599, 750.0603792935648926 ) ) ;
#77 = EDGE_CURVE ( 'NONE', #1219, #948, #576, .T. ) ;
#78 = CARTESIAN_POINT ( 'NONE',  ( -213.8398178447559985, 127.9012552861246093, 851.7099731832519183 ) ) ;
#79 = CARTESIAN_POINT ( 'NONE',  ( -140.4816007132893958, 81.56892457342330260, 890.0711930966830323 ) ) ;
#80 = CARTESIAN_POINT ( 'NONE',  ( -204.0748655608090019, 123.5050487846479967, 928.0965306210260906 ) ) ;
#81 = CARTESIAN_POINT ( 'NONE',  ( -144.0863714100885886, 76.42077848802679796, 830.3644444181429662 ) ) ;
#82 = CARTESIAN_POINT ( 'NONE',  ( -134.0863610616096651, 71.83558886607075067, 902.0623841856470335 ) ) ;
#83 = CARTESIAN_POINT ( 'NONE',  ( -69.43928278596099801, 31.92914702851494368, 878.3634468978600580 ) ) ;
#84 = CARTESIAN_POINT ( 'NONE',  ( 2.335676437523559912, -16.66431030963079962, 846.9976463001040656 ) ) ;
#85 = CARTESIAN_POINT ( 'NONE',  ( -107.7992423702097966, 55.11569427739500071, 886.2030904108380582 ) ) ;
#86 = VERTEX_POINT ( 'NONE', #2250 ) ;
#87 = CARTESIAN_POINT ( 'NONE',  ( -125.8918333219580035, 68.15035765584610772, 880.8662009389020113 ) ) ;
#88 = CARTESIAN_POINT ( 'NONE',  ( -72.17653637867739747, 28.01994376612940130, 785.5131440271469501 ) ) ;
#89 = MECHANICAL_DESIGN_GEOMETRIC_PRESENTATION_REPRESENTATION (  '', ( #179 ), #2942 ) ;
#90 = CARTESIAN_POINT ( 'NONE',  ( -132.2670057215725308, 74.43374532200071769, 882.8547468587767071 ) ) ;
#91 = CARTESIAN_POINT ( 'NONE',  ( -204.9525054484349766, 122.2515341962693611, 921.8206693362706119 ) ) ;
#92 = CARTESIAN_POINT ( 'NONE',  ( -212.4264963753009852, 129.9196875256131989, 850.3677477735928960 ) ) ;
#93 = CARTESIAN_POINT ( 'NONE',  ( -72.41958872080398635, 27.67282904818744882, 786.9630249103829556 ) ) ;
#94 = CARTESIAN_POINT ( 'NONE',  ( -32.56900921350354849, 6.792733816932799762, 864.5655133600189401 ) ) ;
#95 = CARTESIAN_POINT ( 'NONE',  ( -133.4091485943183670, 72.80286764735970451, 916.3893613863449445 ) ) ;
#96 = CARTESIAN_POINT ( 'NONE',  ( -139.9087621913922135, 82.38702276665570423, 872.2274645212288533 ) ) ;
#97 = PLANE ( 'NONE',  #1799 ) ;
#98 = EDGE_CURVE ( 'NONE', #2735, #1056, #66, .T. ) ;
#99 = CARTESIAN_POINT ( 'NONE',  ( -28.52686137915940279, -4.058228977739434917, 862.8608046763099537 ) ) ;
#100 = ORIENTED_EDGE ( 'NONE', *, *, #2388, .F. ) ;
#101 = CARTESIAN_POINT ( 'NONE',  ( -204.3614929621529939, 123.0954376414793927, 898.0965286604749735 ) ) ;
#102 = CARTESIAN_POINT ( 'NONE',  ( -143.4963988068396077, 77.26334668538980566, 822.0533338693741143 ) ) ;
#103 = EDGE_LOOP ( 'NONE', ( #1817, #488, #69, #3159, #2958 ) ) ;
#104 = CARTESIAN_POINT ( 'NONE',  ( -26.91879591457730214, -1.761374129929464960, 898.8893503246649743 ) ) ;
#105 = PLANE ( 'NONE',  #2424 ) ;
#106 = CARTESIAN_POINT ( 'NONE',  ( -1.132303598753130025, -21.61709908586080076, 751.5356442139880073 ) ) ;
#107 = CARTESIAN_POINT ( 'NONE',  ( -1.513215935008985102, -22.16109827962809931, 753.3783439421068806 ) ) ;
#108 = CARTESIAN_POINT ( 'NONE',  ( -68.99356121968030209, 32.56570339496065003, 866.3047283389330460 ) ) ;
#109 = CARTESIAN_POINT ( 'NONE',  ( -30.94799784071415161, 1.422462831017615725, 859.9925518052770030 ) ) ;
#110 = LINE ( 'NONE', #1797, #2836 ) ;
#111 = CARTESIAN_POINT ( 'NONE',  ( -68.85726314690208483, 32.76035721592170091, 862.2838302976779232 ) ) ;
#112 = CARTESIAN_POINT ( 'NONE',  ( -27.52366987078999827, -2.625547520688465308, 859.5320736436494826 ) ) ;
#113 = CARTESIAN_POINT ( 'NONE',  ( -125.7169905980925790, 68.39422557883470688, 880.8848025178808712 ) ) ;
#114 = ORIENTED_EDGE ( 'NONE', *, *, #3023, .F. ) ;
#115 = CARTESIAN_POINT ( 'NONE',  ( -131.4992159727841852, 75.53028629869930910, 885.5194638638689639 ) ) ;
#116 = CARTESIAN_POINT ( 'NONE',  ( -142.3993633244664068, 78.83007572286669529, 816.5699116640079183 ) ) ;
#117 = ORIENTED_EDGE ( 'NONE', *, *, #603, .F. ) ;
#118 = CARTESIAN_POINT ( 'NONE',  ( -32.57414655587334806, 6.200869817118279670, 871.6745981660239977 ) ) ;
#119 = CARTESIAN_POINT ( 'NONE',  ( -134.7143014374850338, 70.93833080403284441, 884.7488398304440125 ) ) ;
#120 = CARTESIAN_POINT ( 'NONE',  ( -140.4763076335866003, 81.57648387465140161, 822.0533338693741143 ) ) ;
#121 = VECTOR ( 'NONE', #193, 1000.000000000000227 ) ;
#122 = CARTESIAN_POINT ( 'NONE',  ( -212.5295516507624995, 129.7725093393793827, 850.0847312374970670 ) ) ;
#123 = CARTESIAN_POINT ( 'NONE',  ( -70.50980949883370386, 30.40027643736179996, 902.4586354434770783 ) ) ;
#124 = CARTESIAN_POINT ( 'NONE',  ( -45.42039517187162545, 16.01772599866184166, 863.6307010466537122 ) ) ;
#125 = CARTESIAN_POINT ( 'NONE',  ( -55.69428233683810703, 18.99753412261059893, 865.4602774125039559 ) ) ;
#126 = CARTESIAN_POINT ( 'NONE',  ( -0.5646276282326619933, -20.80637378008660221, 889.2276783682010546 ) ) ;
#127 = CARTESIAN_POINT ( 'NONE',  ( -132.7944128905601531, 73.68067808914516092, 915.6052015620497286 ) ) ;
#128 = EDGE_LOOP ( 'NONE', ( #2027, #890, #1958, #2750, #29, #608 ) ) ;
#129 = ORIENTED_EDGE ( 'NONE', *, *, #1743, .F. ) ;
#130 = ADVANCED_FACE ( 'NONE', ( #1546 ), #590, .F. ) ;
#131 = CARTESIAN_POINT ( 'NONE',  ( -213.5528611344564922, 128.3110719399618063, 923.5905908678749938 ) ) ;
#132 = CARTESIAN_POINT ( 'NONE',  ( -212.1941964211110019, 130.2514462421563906, 851.2833256139230116 ) ) ;
#133 = VERTEX_POINT ( 'NONE', #1290 ) ;
#134 = CARTESIAN_POINT ( 'NONE',  ( -131.6279349907686083, 75.34644554307665487, 884.1832974074446838 ) ) ;
#135 = EDGE_CURVE ( 'NONE', #1939, #1088, #2268, .T. ) ;
#136 = CARTESIAN_POINT ( 'NONE',  ( -134.6560837973056550, 71.02179417373936587, 884.3834688955736283 ) ) ;
#137 = CARTESIAN_POINT ( 'NONE',  ( -212.1941964211110019, 130.2514462421563906, 851.2833256139230116 ) ) ;
#138 = CARTESIAN_POINT ( 'NONE',  ( 0.5798206975061659385, -19.17193218486335127, 750.0603792935639831 ) ) ;
#139 = CARTESIAN_POINT ( 'NONE',  ( -24.73713040236125238, 1.354078168028900242, 862.8608083036309608 ) ) ;
#140 = DIRECTION ( 'NONE',  ( -0.5735754540170749927, -0.8191527320987509464, 6.652692841056459437E-06 ) ) ;
#141 = CARTESIAN_POINT ( 'NONE',  ( -0.07175706429472269998, -20.10248166661675029, 898.5981009540910236 ) ) ;
#142 = CARTESIAN_POINT ( 'NONE',  ( -28.32643894016455732, -3.772010313966770667, 861.0537546462398950 ) ) ;
#143 = B_SPLINE_CURVE_WITH_KNOTS ( 'NONE', 3,
 ( #1128, #3081, #381, #2567, #2839, #2313, #1589, #127, #2809 ),
 .UNSPECIFIED., .F., .F.,
 ( 4, 1, 1, 1, 1, 1, 4 ),
 ( 0.000000000000000000, 0.03593802723058150267, 0.2578805010516717067, 0.4798229748727548261, 0.7017654486938450509, 0.9237079225149352757, 1.000000000000000000 ),
 .UNSPECIFIED. ) ;
#144 =( LENGTH_UNIT ( ) NAMED_UNIT ( * ) SI_UNIT ( .MILLI., .METRE. ) );
#145 = VERTEX_POINT ( 'NONE', #1563 ) ;
#146 = CARTESIAN_POINT ( 'NONE',  ( -140.5715023372565895, 81.44053174835019604, 821.2320837972760046 ) ) ;
#147 = CARTESIAN_POINT ( 'NONE',  ( -144.4120191926770076, 81.07953476257259240, 884.9287121273459888 ) ) ;
#148 = CARTESIAN_POINT ( 'NONE',  ( -212.4264963753009852, 129.9196875256131989, 850.3677477735928960 ) ) ;
#149 = CARTESIAN_POINT ( 'NONE',  ( -32.89989008331370712, 6.433261584797191013, 871.6745981644990025 ) ) ;
#150 = CARTESIAN_POINT ( 'NONE',  ( -134.3147801537566011, 71.50921900079069360, 883.3797597389947214 ) ) ;
#151 = CARTESIAN_POINT ( 'NONE',  ( -140.9084225657159664, 80.95935979564609397, 818.9327634362028903 ) ) ;
#152 = PLANE ( 'NONE',  #1085 ) ;
#153 = LINE ( 'NONE', #3066, #897 ) ;
#154 = CARTESIAN_POINT ( 'NONE',  ( -1.428783715783761954, -22.04051657403674724, 870.4686296950930000 ) ) ;
#155 = CARTESIAN_POINT ( 'NONE',  ( -172.6234631494594964, 16.79891481226804828, 916.3893530731060082 ) ) ;
#156 = CARTESIAN_POINT ( 'NONE',  ( -71.05460956973260522, 29.62222130203440074, 910.4808309078071034 ) ) ;
#157 = ORIENTED_EDGE ( 'NONE', *, *, #178, .F. ) ;
#158 = CARTESIAN_POINT ( 'NONE',  ( -141.4224043751100055, 80.22531769905839383, 816.8965474350100067 ) ) ;
#159 = CARTESIAN_POINT ( 'NONE',  ( -124.7297349333514092, 66.97055273094470351, 889.9207176938930388 ) ) ;
#160 = CARTESIAN_POINT ( 'NONE',  ( -70.49676120809920121, 30.41891132776559914, 783.3151454787860075 ) ) ;
#161 = CARTESIAN_POINT ( 'NONE',  ( -36.99775583835376835, 1.617259938583017531, 860.9040525379841711 ) ) ;
#162 = CARTESIAN_POINT ( 'NONE',  ( -33.93626774819684755, 7.742452690394790338, 864.8596888942180385 ) ) ;
#163 = CARTESIAN_POINT ( 'NONE',  ( -141.0829054546755970, 80.71017240556770389, 818.0037412710199760 ) ) ;
#164 = CARTESIAN_POINT ( 'NONE',  ( -53.72263029807189127, 21.78092574697597072, 865.4485531498152113 ) ) ;
#165 = DIRECTION ( 'NONE',  ( 0.5735756964283756920, 0.8191525623879163387, 1.215951833380141357E-07 ) ) ;
#166 = CARTESIAN_POINT ( 'NONE',  ( -143.4911057275594146, 77.27090598601310489, 890.0711930883750256 ) ) ;
#167 = CARTESIAN_POINT ( 'NONE',  ( -133.4091485943183670, 72.80286764735970451, 916.3893613863449445 ) ) ;
#168 = FILL_AREA_STYLE ('',( #3082 ) ) ;
#169 = ORIENTED_EDGE ( 'NONE', *, *, #2121, .F. ) ;
#170 = CARTESIAN_POINT ( 'NONE',  ( -142.3993633244664068, 78.83007572286669529, 816.5699116640079183 ) ) ;
#171 = CARTESIAN_POINT ( 'NONE',  ( -142.0374620751703958, 79.34692427068560505, 922.3635608615219326 ) ) ;
#172 = CARTESIAN_POINT ( 'NONE',  ( -140.5715023372565895, 81.44053174835019604, 821.2320837972760046 ) ) ;
#173 = CARTESIAN_POINT ( 'NONE',  ( -24.61447186201990789, -7.128195355929830335, 858.1772146483530150 ) ) ;
#174 = CARTESIAN_POINT ( 'NONE',  ( -203.0898299781029266, 124.9115936359871739, 899.4567515946107505 ) ) ;
#175 = CARTESIAN_POINT ( 'NONE',  ( -140.6797580898403908, 81.28592651108129985, 820.4158644909999794 ) ) ;
#176 = PRODUCT_DEFINITION_SHAPE ( 'NONE', 'NONE',  #2833 ) ;
#177 = CARTESIAN_POINT ( 'NONE',  ( -132.5616543118156301, 74.01317254562087555, 910.9292306585875849 ) ) ;
#178 = EDGE_CURVE ( 'NONE', #1088, #1143, #829, .T. ) ;
#179 = STYLED_ITEM ( 'NONE', ( #464 ), #2468 ) ;
#180 = CARTESIAN_POINT ( 'NONE',  ( -134.1542131833026588, 71.73853059485155370, 883.1026173391899192 ) ) ;
#181 = CARTESIAN_POINT ( 'NONE',  ( -144.2227194088520150, 76.22605336536980758, 865.5312440156620823 ) ) ;
#182 = CARTESIAN_POINT ( 'NONE',  ( -24.72834462857777993, 1.366623679550384107, 862.6289709608579415 ) ) ;
#183 = LINE ( 'NONE', #2370, #1302 ) ;
#184 = FACE_OUTER_BOUND ( 'NONE', #1888, .T. ) ;
#185 = VERTEX_POINT ( 'NONE', #113 ) ;
#186 = CARTESIAN_POINT ( 'NONE',  ( 0.7918901761945780216, -18.86906558158365144, 750.5201798300380460 ) ) ;
#187 = CARTESIAN_POINT ( 'NONE',  ( -139.5603308340247963, 82.88463431516659341, 852.1316916243849846 ) ) ;
#188 = CARTESIAN_POINT ( 'NONE',  ( -192.3002587640575030, 114.5922576527439958, 895.4421374624889722 ) ) ;
#189 = CARTESIAN_POINT ( 'NONE',  ( -211.7080329200020117, 130.9457596772145962, 854.8584957246520162 ) ) ;
#190 = EDGE_CURVE ( 'NONE', #2696, #1084, #3014, .T. ) ;
#191 = CARTESIAN_POINT ( 'NONE',  ( -203.9727094718047056, 123.6506980654053507, 898.1671261988286687 ) ) ;
#192 = CARTESIAN_POINT ( 'NONE',  ( -139.7499870315779731, 82.61377719466470637, 865.5312440160320193 ) ) ;
#193 = DIRECTION ( 'NONE',  ( -0.8062139315781660098, 0.5645170692166460169, 0.1770298706216680007 ) ) ;
#194 = CARTESIAN_POINT ( 'NONE',  ( -36.35847561973000808, 2.058493738134599571, 871.6745981932020868 ) ) ;
#195 = CARTESIAN_POINT ( 'NONE',  ( -144.3834668265945993, 75.99648226113120586, 855.4823067221689143 ) ) ;
#196 = CARTESIAN_POINT ( 'NONE',  ( -130.1888328341087799, 71.14130523283330376, 881.8077214617389927 ) ) ;
#197 = B_SPLINE_CURVE_WITH_KNOTS ( 'NONE', 3,
 ( #2139, #3149, #209, #2671, #3119, #1896, #2880, #687, #1661, #2639, #445, #1029, #258, #296, #1505, #532, #495, #1762, #1244, #2740, #2703, #2240, #2688, #992, #1263, #1226, #75, #1962, #2274, #2929, #1537, #512, #3000, #2945, #2516, #1946, #56, #2984, #329, #1727, #2756, #738, #2481 ),
 .UNSPECIFIED., .F., .F.,
 ( 4, 2, 2, 1, 2, 2, 2, 2, 1, 1, 1, 2, 2, 2, 2, 2, 2, 2, 2, 1, 1, 1, 2, 2, 4 ),
 ( 0.000000000000000000, 0.1249999999999437394, 0.1874999999999205913, 0.2187499999999056033, 0.2343749999998901989, 0.2499999999998748224, 0.3749999999996910249, 0.4374999999995755062, 0.4687499999995177191, 0.4843749999994889088, 0.4921874999994953481, 0.4960937499994962363, 0.4999999999994970690, 0.6249999999998591127, 0.6875000000000401901, 0.7187500000001327827, 0.7343750000001778577, 0.7500000000002228218, 0.8125000000004645173, 0.8437500000005840883, 0.8593750000006449286, 0.8671875000006761258, 0.8710937500006544765, 0.8750000000006327161, 1.000000000000000000 ),
 .UNSPECIFIED. ) ;
#198 = B_SPLINE_CURVE_WITH_KNOTS ( 'NONE', 3,
 ( #1347, #1829, #2328, #394, #1855, #142, #1113, #349, #633, #1815, #1363, #1142, #648, #902, #112, #1619, #1576, #1870, #1334, #1319, #2852, #2551 ),
 .UNSPECIFIED., .F., .F.,
 ( 4, 2, 2, 2, 2, 2, 2, 2, 2, 2, 4 ),
 ( 0.000000000000000000, 0.2499999999998860356, 0.3124999999998718803, 0.3749999999998576694, 0.4999999999998289146, 0.5624999999998369082, 0.6249999999998450129, 0.7499999999998963052, 0.8124999999999225064, 0.8749999999999485967, 1.000000000000000000 ),
 .UNSPECIFIED. ) ;
#199 = CARTESIAN_POINT ( 'NONE',  ( -130.1720410758751711, 71.16529490235799926, 881.8077221430739883 ) ) ;
#200 = CARTESIAN_POINT ( 'NONE',  ( -214.5633103269225046, 126.8680009398268140, 896.9092783267619780 ) ) ;
#201 = ORIENTED_EDGE ( 'NONE', *, *, #1590, .F. ) ;
#202 = CARTESIAN_POINT ( 'NONE',  ( -212.1941964211110019, 130.2514462421563906, 851.2833256139230116 ) ) ;
#203 = CARTESIAN_POINT ( 'NONE',  ( -139.8151822634453936, 82.52066875422430314, 832.0353679491399816 ) ) ;
#204 = EDGE_CURVE ( 'NONE', #577, #1006, #412, .T. ) ;
#205 = CARTESIAN_POINT ( 'NONE',  ( -213.0203145806084990, 129.0716272393370048, 934.2462908152380123 ) ) ;
#206 = CARTESIAN_POINT ( 'NONE',  ( -140.1650466161869986, 82.02101067622560038, 825.6424232743779612 ) ) ;
#207 = CARTESIAN_POINT ( 'NONE',  ( -202.9481846028127165, 125.1138898795175436, 900.1034620440251501 ) ) ;
#208 = CARTESIAN_POINT ( 'NONE',  ( -68.07706590992319207, 33.87459434477889886, 826.0611735747470448 ) ) ;
#209 = CARTESIAN_POINT ( 'NONE',  ( -132.9025720326024498, 73.52627000345140118, 882.4738693346514538 ) ) ;
#210 = APPLICATION_CONTEXT ( 'automotive_design' ) ;
#211 = CARTESIAN_POINT ( 'NONE',  ( -143.7223222941451866, 76.94069450731811344, 824.5353737206800133 ) ) ;
#212 = CARTESIAN_POINT ( 'NONE',  ( -25.25304867071468706, 0.6173741590738310858, 875.6935453187913936 ) ) ;
#213 = CARTESIAN_POINT ( 'NONE',  ( -144.0863714100885886, 76.42077848802679796, 830.3644444181429662 ) ) ;
#214 = CARTESIAN_POINT ( 'NONE',  ( -24.88083808156553900, 1.148828846819079708, 861.2616919216770839 ) ) ;
#215 = CARTESIAN_POINT ( 'NONE',  ( -139.7550608954570066, 82.60653096607920531, 833.7075920478910120 ) ) ;
#216 = CARTESIAN_POINT ( 'NONE',  ( -19.80201206237229883, -10.21885961762369988, 860.9420185110930106 ) ) ;
#217 = CARTESIAN_POINT ( 'NONE',  ( -143.8705621144866029, 76.72898610337709613, 878.9209195031679656 ) ) ;
#218 = VERTEX_POINT ( 'NONE', #1083 ) ;
#219 = CARTESIAN_POINT ( 'NONE',  ( -144.0863714100885886, 76.42077848802679796, 830.3644444181429662 ) ) ;
#220 = CARTESIAN_POINT ( 'NONE',  ( 3.226746482433515251, -15.39173040112504864, 777.2550534968040665 ) ) ;
#221 = CARTESIAN_POINT ( 'NONE',  ( -139.7550608954570066, 82.60653096607920531, 833.7075920478910120 ) ) ;
#222 = CARTESIAN_POINT ( 'NONE',  ( -196.4319441667884973, 117.5018061766749895, 896.3510835675590442 ) ) ;
#223 = CARTESIAN_POINT ( 'NONE',  ( -140.3930099695072045, 81.69544526757059089, 822.8784361029639740 ) ) ;
#224 = ADVANCED_FACE ( 'NONE', ( #184 ), #2371, .T. ) ;
#225 = CARTESIAN_POINT ( 'NONE',  ( -203.3832701740789446, 124.4925112119702817, 898.7742354330173384 ) ) ;
#226 = CARTESIAN_POINT ( 'NONE',  ( -68.72835315119739619, 32.94445976933649689, 858.2621862780271158 ) ) ;
#227 = CARTESIAN_POINT ( 'NONE',  ( -132.3946778258725772, 74.25161069280432002, 907.3321944258894973 ) ) ;
#228 = CARTESIAN_POINT ( 'NONE',  ( -214.5882323245714929, 126.8324086385605938, 859.5003222140360322 ) ) ;
#229 = CARTESIAN_POINT ( 'NONE',  ( -25.45146354187562920, 0.3340450031724903623, 880.2366343930200401 ) ) ;
#230 = CARTESIAN_POINT ( 'NONE',  ( -144.0023192014290032, 76.54081748228689719, 828.6953401556089602 ) ) ;
#231 = CARTESIAN_POINT ( 'NONE',  ( -24.73713040236125238, 1.354078168028900242, 862.8608083036309608 ) ) ;
#232 = CARTESIAN_POINT ( 'NONE',  ( 3.313960411766850189, -15.26717600178750089, 781.1729475034449024 ) ) ;
#233 = CARTESIAN_POINT ( 'NONE',  ( -34.84768266654860014, 4.663401563450129572, 860.9015012237480278 ) ) ;
#234 = CARTESIAN_POINT ( 'NONE',  ( -73.68132358160029582, 25.87088492170399689, 842.1676176908059688 ) ) ;
#235 = CARTESIAN_POINT ( 'NONE',  ( -144.0639442490153783, 76.45280779341059940, 872.2274645212779660 ) ) ;
#236 = VERTEX_POINT ( 'NONE', #1591 ) ;
#237 = CARTESIAN_POINT ( 'NONE',  ( -3.313958165326104766, -24.73282470651179921, 781.1729475034478583 ) ) ;
#238 = CARTESIAN_POINT ( 'NONE',  ( -211.0666650146040126, 131.8617279728986205, 880.8759552179629964 ) ) ;
#239 = CARTESIAN_POINT ( 'NONE',  ( 2.437208486953514885, -16.51930751561700106, 761.2447133951329761 ) ) ;
#240 = CARTESIAN_POINT ( 'NONE',  ( -72.54706930949269861, 27.49076789955329758, 878.3634469268340581 ) ) ;
#241 = CARTESIAN_POINT ( 'NONE',  ( -38.76377245070129618, 7.143034685642420278, 861.7415572977979537 ) ) ;
#242 = CARTESIAN_POINT ( 'NONE',  ( -68.16295302311209525, 33.75193483527320382, 834.1156043882568838 ) ) ;
#243 = CARTESIAN_POINT ( 'NONE',  ( -117.8353435685712043, 63.12042100635468955, 913.9244274970010338 ) ) ;
#244 = CARTESIAN_POINT ( 'NONE',  ( -2.341270088024100193, -23.34368216773114924, 760.0804356895570209 ) ) ;
#245 = CARTESIAN_POINT ( 'NONE',  ( -143.8076598242195985, 76.81881988384168380, 825.6424232743779612 ) ) ;
#246 = CARTESIAN_POINT ( 'NONE',  ( -32.57414655587334806, 6.200869817118279670, 871.6745981660239977 ) ) ;
#247 = CARTESIAN_POINT ( 'NONE',  ( -211.0960224092710007, 131.8198012682225908, 867.5070630339249647 ) ) ;
#248 = CARTESIAN_POINT ( 'NONE',  ( -107.7992423702097966, 55.11569427739500071, 886.2030904108380582 ) ) ;
#249 = CARTESIAN_POINT ( 'NONE',  ( -143.4911057275594146, 77.27090598601310489, 890.0711930883750256 ) ) ;
#250 = CARTESIAN_POINT ( 'NONE',  ( -3.226744235992855092, -24.60827030717439712, 777.2550534968009970 ) ) ;
#251 = ORIENTED_EDGE ( 'NONE', *, *, #3033, .T. ) ;
#252 = CARTESIAN_POINT ( 'NONE',  ( -144.1575241769642162, 76.31916180583959886, 832.0353679491399816 ) ) ;
#253 = CARTESIAN_POINT ( 'NONE',  ( 2.237035931482319828, -16.80518355171765066, 758.9183168595859570 ) ) ;
#254 = CARTESIAN_POINT ( 'NONE',  ( -211.3037425475694988, 131.5231461667509905, 860.8322380219069601 ) ) ;
#255 = ORIENTED_EDGE ( 'NONE', *, *, #2793, .T. ) ;
#256 = CARTESIAN_POINT ( 'NONE',  ( -213.3003725701574922, 128.6716629797894029, 928.9205489852549817 ) ) ;
#257 = CARTESIAN_POINT ( 'NONE',  ( -211.0332689534629935, 131.9094224910498099, 875.5282126939000591 ) ) ;
#258 = CARTESIAN_POINT ( 'NONE',  ( -132.1454625375818068, 74.60755611183844849, 883.0314541920846523 ) ) ;
#259 = CARTESIAN_POINT ( 'NONE',  ( -144.0023192014290032, 76.54081748228689719, 828.6953401556089602 ) ) ;
#260 = EDGE_CURVE ( 'NONE', #2436, #2700, #1557, .T. ) ;
#261 = CARTESIAN_POINT ( 'NONE',  ( -214.3648803209605092, 127.1513883573194050, 856.1807038834540435 ) ) ;
#262 = CARTESIAN_POINT ( 'NONE',  ( -211.4866998855743532, 131.2610892422301845, 899.9887976087568404 ) ) ;
#263 = CARTESIAN_POINT ( 'NONE',  ( -211.2469535530900089, 131.6042492560211770, 862.1656150637800238 ) ) ;
#264 = CARTESIAN_POINT ( 'NONE',  ( -203.5245285412692908, 124.2909012797985895, 916.3249805469550893 ) ) ;
#265 = CARTESIAN_POINT ( 'NONE',  ( -214.8155762876419885, 126.5077278108561956, 886.2223378910109659 ) ) ;
#266 = CARTESIAN_POINT ( 'NONE',  ( -214.4831252832700272, 126.9825170500893989, 899.5796527267219744 ) ) ;
#267 = ORIENTED_EDGE ( 'NONE', *, *, #1823, .F. ) ;
#268 = CARTESIAN_POINT ( 'NONE',  ( -3.226744235992855092, -24.60827030717439712, 777.2550534968009970 ) ) ;
#269 = CARTESIAN_POINT ( 'NONE',  ( -139.6881303672639945, 82.70211766650820095, 835.9385562427351033 ) ) ;
#270 = LINE ( 'NONE', #1003, #831 ) ;
#271 = AXIS2_PLACEMENT_3D ( 'NONE', #1081, #2113, #2071 ) ;
#272 = CARTESIAN_POINT ( 'NONE',  ( 3.305880049553145295, -15.27871595497675017, 809.3987352442389920 ) ) ;
#273 = ORIENTED_EDGE ( 'NONE', *, *, #2572, .F. ) ;
#274 = CARTESIAN_POINT ( 'NONE',  ( -73.12908895018810540, 26.65955770980924910, 862.2838302956810139 ) ) ;
#275 = CARTESIAN_POINT ( 'NONE',  ( -125.8341076387206101, 68.23245534405279500, 880.8672951280630059 ) ) ;
#276 = VECTOR ( 'NONE', #1309, 1000.000000000000114 ) ;
#277 = CARTESIAN_POINT ( 'NONE',  ( -37.25871952180355606, 6.455153451454369140, 870.7892425824350084 ) ) ;
#278 = CARTESIAN_POINT ( 'NONE',  ( -143.2929483506200086, 77.55390404891041101, 820.4158644909999794 ) ) ;
#279 = CARTESIAN_POINT ( 'NONE',  ( -72.56368898588199556, 27.46703254184505028, 787.9383018531509606 ) ) ;
#280 = CARTESIAN_POINT ( 'NONE',  ( -145.0472146348311355, 85.16611297653945201, 885.4438932883583675 ) ) ;
#281 = EDGE_CURVE ( 'NONE', #2538, #846, #3069, .T. ) ;
#282 = CARTESIAN_POINT ( 'NONE',  ( -211.0332689534629935, 131.9094224910498099, 875.5282126939000591 ) ) ;
#283 = CARTESIAN_POINT ( 'NONE',  ( -203.9564669627744138, 123.6740292840901816, 925.7442202715674284 ) ) ;
#284 = CARTESIAN_POINT ( 'NONE',  ( -73.83031823507218405, 25.65809850433305073, 809.9509860136050747 ) ) ;
#285 = CARTESIAN_POINT ( 'NONE',  ( -73.68132358160029582, 25.87088492170399689, 842.1676176908059688 ) ) ;
#286 = CARTESIAN_POINT ( 'NONE',  ( -143.2929483506200086, 77.55390404891041101, 820.4158644909999794 ) ) ;
#287 = CARTESIAN_POINT ( 'NONE',  ( -68.90658782965689966, 32.68991426856240423, 792.8900435579060968 ) ) ;
#288 = CARTESIAN_POINT ( 'NONE',  ( -140.6936162622010045, 81.26613498984669093, 895.6439082354280572 ) ) ;
#289 = CARTESIAN_POINT ( 'NONE',  ( 3.035216232012444504, -15.66526394649474874, 823.5053166903569490 ) ) ;
#290 = ORIENTED_EDGE ( 'NONE', *, *, #77, .T. ) ;
#291 = CARTESIAN_POINT ( 'NONE',  ( -71.47654260887429700, 29.01963847320539713, 902.4586352405519847 ) ) ;
#292 = CARTESIAN_POINT ( 'NONE',  ( -82.19583618620184495, 37.55414506912610051, 871.2768883015613710 ) ) ;
#293 = CARTESIAN_POINT ( 'NONE',  ( -214.1085528700454859, 127.5174618954162185, 853.5447280509511074 ) ) ;
#294 = EDGE_CURVE ( 'NONE', #236, #2269, #2273, .T. ) ;
#295 = FILL_AREA_STYLE_COLOUR ( '', #1450 ) ;
#296 = CARTESIAN_POINT ( 'NONE',  ( -132.1007227940894779, 74.67141111928769703, 883.0930251574562817 ) ) ;
#297 = CARTESIAN_POINT ( 'NONE',  ( -1.513215935008985102, -22.16109827962809931, 753.3783439421068806 ) ) ;
#298 = CARTESIAN_POINT ( 'NONE',  ( -0.1124403647928799987, -20.16058344113090328, 749.5127573054589902 ) ) ;
#299 = CARTESIAN_POINT ( 'NONE',  ( -95.23074197600995205, 50.59287414500517599, 874.5369443375376477 ) ) ;
#300 = CARTESIAN_POINT ( 'NONE',  ( -183.8570321534050152, 108.9130418383725925, 893.6121750218790112 ) ) ;
#301 = CARTESIAN_POINT ( 'NONE',  ( -125.8918333219580035, 68.15035765584610772, 880.8662009389020113 ) ) ;
#302 = CARTESIAN_POINT ( 'NONE',  ( -3.406196767738889797, -24.86455508269230208, 799.9906555251290001 ) ) ;
#303 = CARTESIAN_POINT ( 'NONE',  ( -73.91793423491888859, 25.53296988879319684, 818.0053656269450357 ) ) ;
#304 = CARTESIAN_POINT ( 'NONE',  ( -133.9316375937737860, 72.05658568364312089, 905.5291722156473497 ) ) ;
#305 = CARTESIAN_POINT ( 'NONE',  ( -70.93174252725189888, 29.79769362384755027, 910.4808309078060802 ) ) ;
#306 = DIRECTION ( 'NONE',  ( 0.5735756964283730275, 0.8191525623879180040, 1.215951836418696031E-07 ) ) ;
#307 = CARTESIAN_POINT ( 'NONE',  ( -41.54203034317989562, -3.119701963304109871, 871.6745982271759203 ) ) ;
#308 = CARTESIAN_POINT ( 'NONE',  ( -68.85726314690208483, 32.76035721592170091, 862.2838302976779232 ) ) ;
#309 = ORIENTED_EDGE ( 'NONE', *, *, #1082, .T. ) ;
#310 = CARTESIAN_POINT ( 'NONE',  ( -143.4911057275594146, 77.27090598601310489, 890.0711930883750256 ) ) ;
#311 = EDGE_CURVE ( 'NONE', #1653, #236, #1425, .T. ) ;
#312 = CARTESIAN_POINT ( 'NONE',  ( -205.1153295993456709, 122.0188665827625556, 898.4495648886668278 ) ) ;
#313 = CARTESIAN_POINT ( 'NONE',  ( -143.0642838748404131, 77.88047076420708947, 818.9327634362028903 ) ) ;
#314 = CARTESIAN_POINT ( 'NONE',  ( -200.8617714043494971, 120.6618640970287970, 897.3298030975059874 ) ) ;
#315 = DIRECTION ( 'NONE',  ( -0.5735754540170379112, -0.8191527320987768146, 6.652693139376414296E-06 ) ) ;
#316 = CARTESIAN_POINT ( 'NONE',  ( -70.49676120809920121, 30.41891132776559914, 783.3151454787860075 ) ) ;
#317 = CARTESIAN_POINT ( 'NONE',  ( -142.7927943130709991, 78.26819804069990028, 817.6204110468710269 ) ) ;
#318 = CARTESIAN_POINT ( 'NONE',  ( -211.7787530790299968, 130.8447608230639787, 908.4774181482811173 ) ) ;
#319 = CARTESIAN_POINT ( 'NONE',  ( -38.93130900453834897, 6.893772867104719815, 861.7734559056110584 ) ) ;
#320 = CARTESIAN_POINT ( 'NONE',  ( -214.6553182362659982, 126.7366000274932105, 860.8322380219069601 ) ) ;
#321 = CARTESIAN_POINT ( 'NONE',  ( -134.7444812061789889, 70.89555830123988756, 885.5194628826119470 ) ) ;
#322 = CARTESIAN_POINT ( 'NONE',  ( -211.5615726691640077, 131.1549265925171710, 902.2495147704910323 ) ) ;
#323 = CARTESIAN_POINT ( 'NONE',  ( -70.79043628536510369, 29.99949985153834930, 907.8068778279208573 ) ) ;
#324 = DIRECTION ( 'NONE',  ( 0.5735754540170368010, 0.8191527320987777028, -6.652693139181253670E-06 ) ) ;
#325 = ORIENTED_EDGE ( 'NONE', *, *, #758, .T. ) ;
#326 = CARTESIAN_POINT ( 'NONE',  ( -212.8449364994044970, 129.3220930964347986, 932.4711197887559138 ) ) ;
#327 = CARTESIAN_POINT ( 'NONE',  ( -72.56368898588199556, 27.46703254184505028, 787.9383018531509606 ) ) ;
#328 = CARTESIAN_POINT ( 'NONE',  ( -22.45639539710479937, -4.070721775241774587, 858.1746531361100097 ) ) ;
#329 = CARTESIAN_POINT ( 'NONE',  ( -131.5126801157344119, 75.51105354233195044, 884.9246560957532211 ) ) ;
#330 = CARTESIAN_POINT ( 'NONE',  ( -142.0664382377060235, 79.30554202191780178, 816.1794239721260737 ) ) ;
#331 = EDGE_CURVE ( 'NONE', #1757, #1219, #1848, .T. ) ;
#332 = CARTESIAN_POINT ( 'NONE',  ( -214.1845232778095180, 127.4089649089978025, 854.2000962085229503 ) ) ;
#333 = CARTESIAN_POINT ( 'NONE',  ( -199.5355579339154986, 119.7163859877225889, 906.3844936658999814 ) ) ;
#334 = CARTESIAN_POINT ( 'NONE',  ( -197.4894342576209851, 115.1907129635654030, 898.9634958268069340 ) ) ;
#335 = CARTESIAN_POINT ( 'NONE',  ( 2.494891614228855303, -16.43692747237605190, 842.3009880612709139 ) ) ;
#336 = FACE_OUTER_BOUND ( 'NONE', #526, .T. ) ;
#337 = CARTESIAN_POINT ( 'NONE',  ( -28.04746402003047834, -3.373478081957095309, 874.9780294109597207 ) ) ;
#338 = VERTEX_POINT ( 'NONE', #1830 ) ;
#339 = CARTESIAN_POINT ( 'NONE',  ( -141.2678637642401895, 80.44602456443250560, 909.0103294639579872 ) ) ;
#340 = CARTESIAN_POINT ( 'NONE',  ( -142.7927943130709991, 78.26819804069990028, 817.6204110468710269 ) ) ;
#341 = PRESENTATION_LAYER_ASSIGNMENT (  '', '', ( #179 ) ) ;
#342 = LINE ( 'NONE', #1120, #1500 ) ;
#343 = CARTESIAN_POINT ( 'NONE',  ( -134.4343438111596925, 71.33885955678384505, 883.6342564836477322 ) ) ;
#344 = CARTESIAN_POINT ( 'NONE',  ( -142.6793484735449908, 78.43021549029140260, 817.2507361314638956 ) ) ;
#345 = CARTESIAN_POINT ( 'NONE',  ( -214.0222077153579789, 127.6407755559756083, 852.8934271288491118 ) ) ;
#346 = CARTESIAN_POINT ( 'NONE',  ( -202.8873165384399897, 125.1043908915929990, 900.7741553000799968 ) ) ;
#347 = CARTESIAN_POINT ( 'NONE',  ( -186.3443570015574835, 110.8459642611465910, 894.1896750786220309 ) ) ;
#348 = CARTESIAN_POINT ( 'NONE',  ( -211.7787530790299968, 130.8447608230639787, 908.4774181482811173 ) ) ;
#349 = CARTESIAN_POINT ( 'NONE',  ( -28.19718093126072134, -3.587413737509625999, 860.6450036054256998 ) ) ;
#350 = ORIENTED_EDGE ( 'NONE', *, *, #1920, .F. ) ;
#351 = ORIENTED_EDGE ( 'NONE', *, *, #1193, .F. ) ;
#352 = DIRECTION ( 'NONE',  ( 1.159863639834483591E-05, 0.000000000000000000, 0.9999999999327358058 ) ) ;
#353 = CARTESIAN_POINT ( 'NONE',  ( -73.18246587806339676, 26.58332755665815128, 794.2207006091369976 ) ) ;
#354 = ORIENTED_EDGE ( 'NONE', *, *, #77, .F. ) ;
#355 = CARTESIAN_POINT ( 'NONE',  ( -182.4329927345684723, 108.1072733538023982, 902.6668643870368669 ) ) ;
#356 = B_SPLINE_CURVE_WITH_KNOTS ( 'NONE', 3,
 ( #2258, #2000, #791, #1523 ),
 .UNSPECIFIED., .F., .F.,
 ( 4, 4 ),
 ( 0.000000000000000000, 1.000000000000000000 ),
 .UNSPECIFIED. ) ;
#357 = CARTESIAN_POINT ( 'NONE',  ( -134.6625981077261827, 71.01247905901983870, 884.4170744038671046 ) ) ;
#358 = CARTESIAN_POINT ( 'NONE',  ( -212.3360211139834917, 130.0488995897240159, 850.6627944633120251 ) ) ;
#359 = MANIFOLD_SOLID_BREP ( 'NONE', #2055 ) ;
#360 = CARTESIAN_POINT ( 'NONE',  ( 1.666191297636890001, -17.62043417770345144, 754.3216053108260439 ) ) ;
#361 = CARTESIAN_POINT ( 'NONE',  ( -130.1888328341087799, 71.14130523283330376, 881.8077214617389927 ) ) ;
#362 = CARTESIAN_POINT ( 'NONE',  ( -133.4494031694079581, 72.74524977796605185, 915.6052011140146760 ) ) ;
#363 = CARTESIAN_POINT ( 'NONE',  ( -70.50980949883370386, 30.40027643736179996, 902.4586354434770783 ) ) ;
#364 = CARTESIAN_POINT ( 'NONE',  ( -200.2638122367779943, 119.6158079554281954, 927.3759870996129848 ) ) ;
#365 = ADVANCED_FACE ( 'NONE', ( #2342 ), #1629, .T. ) ;
#366 = EDGE_LOOP ( 'NONE', ( #2797, #2525, #1904, #251, #560, #1241, #2937, #452, #650, #2614, #2440, #1422, #816, #2164, #865 ) ) ;
#367 = VERTEX_POINT ( 'NONE', #2215 ) ;
#368 = ADVANCED_FACE ( 'NONE', ( #2249 ), #2713, .T. ) ;
#369 = CARTESIAN_POINT ( 'NONE',  ( -71.05460956973260522, 29.62222130203440074, 910.4808309078071034 ) ) ;
#370 = CARTESIAN_POINT ( 'NONE',  ( -140.9084225657159664, 80.95935979564609397, 818.9327634362028903 ) ) ;
#371 = ORIENTED_EDGE ( 'NONE', *, *, #2924, .T. ) ;
#372 = B_SPLINE_CURVE_WITH_KNOTS ( 'NONE', 3,
 ( #911, #2069, #2583, #2084 ),
 .UNSPECIFIED., .F., .F.,
 ( 4, 4 ),
 ( 3.213396365969680460E-05, 0.0003326533429643584931 ),
 .UNSPECIFIED. ) ;
#373 = CARTESIAN_POINT ( 'NONE',  ( -132.8997500391486710, 73.53008793547579103, 882.4744425426960106 ) ) ;
#374 = CARTESIAN_POINT ( 'NONE',  ( -134.4650335868495574, 71.29513558807146012, 883.7104223411347448 ) ) ;
#375 = CARTESIAN_POINT ( 'NONE',  ( -212.2584723136424998, 130.1596507543563916, 850.9684581342299907 ) ) ;
#376 = CARTESIAN_POINT ( 'NONE',  ( -212.4264963753009852, 129.9196875256131989, 850.3677477735928960 ) ) ;
#377 = CARTESIAN_POINT ( 'NONE',  ( -32.56900921350354849, 6.792733816932799762, 864.5655133600189401 ) ) ;
#378 = AXIS2_PLACEMENT_3D ( 'NONE', #2511, #324, #2038 ) ;
#379 = CARTESIAN_POINT ( 'NONE',  ( -133.8764070870559237, 72.13527691461028724, 882.7770042233333925 ) ) ;
#380 = CARTESIAN_POINT ( 'NONE',  ( -142.0374620751703958, 79.34692427068560505, 922.3635608615219326 ) ) ;
#381 = CARTESIAN_POINT ( 'NONE',  ( -131.6085952768979723, 75.37420115045657099, 888.5455378568066180 ) ) ;
#382 = CARTESIAN_POINT ( 'NONE',  ( -37.41016075856735057, 2.781219357170295226, 871.6745981884600951 ) ) ;
#383 = ORIENTED_EDGE ( 'NONE', *, *, #1872, .T. ) ;
#384 = CARTESIAN_POINT ( 'NONE',  ( 1.834431867617110079, -17.38016174303299977, 755.4607392153029650 ) ) ;
#385 = CARTESIAN_POINT ( 'NONE',  ( -214.1803077050205104, 127.4149853708730120, 908.4774181441999872 ) ) ;
#386 = CARTESIAN_POINT ( 'NONE',  ( 1.513218181583424915, -17.83890242848029928, 753.3783439421058574 ) ) ;
#387 = CARTESIAN_POINT ( 'NONE',  ( -34.84768266654860014, 4.663401563450129572, 860.9015012237480278 ) ) ;
#388 = CARTESIAN_POINT ( 'NONE',  ( -134.7440112856882024, 70.89653077267699643, 885.1320191454660744 ) ) ;
#389 = CARTESIAN_POINT ( 'NONE',  ( -68.38341097380049405, 33.43708825242730143, 801.9051208345010764 ) ) ;
#390 = CARTESIAN_POINT ( 'NONE',  ( -70.31525709945771041, 30.67812605873734810, 783.7083636325240832 ) ) ;
#391 = CARTESIAN_POINT ( 'NONE',  ( -211.4866998855743532, 131.2610892422301845, 899.9887976087568404 ) ) ;
#392 = FACE_OUTER_BOUND ( 'NONE', #1597, .T. ) ;
#393 = CARTESIAN_POINT ( 'NONE',  ( -214.8155762876419885, 126.5077278108561956, 886.2223378910109659 ) ) ;
#394 = CARTESIAN_POINT ( 'NONE',  ( -28.40453845826584711, -3.883545578782620300, 861.3738847842967061 ) ) ;
#395 = ORIENTED_EDGE ( 'NONE', *, *, #3062, .T. ) ;
#396 = CARTESIAN_POINT ( 'NONE',  ( -141.2933579667329980, 80.40961506995910213, 817.2507361314628724 ) ) ;
#397 = CARTESIAN_POINT ( 'NONE',  ( -126.0611367485375780, 67.90273455433199956, 880.8848005504770526 ) ) ;
#398 = CARTESIAN_POINT ( 'NONE',  ( -70.16021955816479760, 30.89954261430490234, 784.1337244893330762 ) ) ;
#399 = ORIENTED_EDGE ( 'NONE', *, *, #2924, .F. ) ;
#400 = CARTESIAN_POINT ( 'NONE',  ( -208.8158277185655152, 126.2462390597442266, 899.0779043250139466 ) ) ;
#401 = CARTESIAN_POINT ( 'NONE',  ( -194.5830746149169954, 119.3414142024883944, 898.9634942859950115 ) ) ;
#402 = CARTESIAN_POINT ( 'NONE',  ( -140.5715023372565895, 81.44053174835019604, 821.2320837972760046 ) ) ;
#403 = CARTESIAN_POINT ( 'NONE',  ( -97.14633888011319129, 47.84730567082240071, 874.5359549801049752 ) ) ;
#404 = CARTESIAN_POINT ( 'NONE',  ( -134.5667143323674395, 71.14942421746958701, 884.0125394120549345 ) ) ;
#405 = CARTESIAN_POINT ( 'NONE',  ( -3.230438141295274956, -24.61354575066915018, 814.1017675944219718 ) ) ;
#406 = LINE ( 'NONE', #155, #16 ) ;
#407 = DIRECTION ( 'NONE',  ( -0.000000000000000000, -0.9947206920904168026, -0.1026194169110411641 ) ) ;
#408 = EDGE_LOOP ( 'NONE', ( #982, #1055, #751, #2854 ) ) ;
#409 = CARTESIAN_POINT ( 'NONE',  ( -211.7745375060549975, 130.8507812852071766, 854.2000962085220408 ) ) ;
#410 = CARTESIAN_POINT ( 'NONE',  ( -214.0111110445340046, 127.6566232442946074, 912.9243695892679398 ) ) ;
#411 = CARTESIAN_POINT ( 'NONE',  ( -140.4763076335866003, 81.57648387465140161, 822.0533338693741143 ) ) ;
#412 = B_SPLINE_CURVE_WITH_KNOTS ( 'NONE', 3,
 ( #1403, #621, #677, #1156 ),
 .UNSPECIFIED., .F., .F.,
 ( 4, 4 ),
 ( 0.9650833896610210294, 1.000000000000000000 ),
 .UNSPECIFIED. ) ;
#413 = CARTESIAN_POINT ( 'NONE',  ( -131.9257105741174882, 68.66883335846205227, 881.8085723785417258 ) ) ;
#414 = CARTESIAN_POINT ( 'NONE',  ( -131.4992159727841852, 75.53028629869930910, 885.5194638638689639 ) ) ;
#415 = CARTESIAN_POINT ( 'NONE',  ( -69.07798701901239724, 32.44513085792649321, 790.8983764812750223 ) ) ;
#416 = AXIS2_PLACEMENT_3D ( 'NONE', #2764, #2993, #801 ) ;
#417 = CARTESIAN_POINT ( 'NONE',  ( -163.5230177500494904, 181.4189551485389984, 898.0960530993698967 ) ) ;
#418 = EDGE_CURVE ( 'NONE', #2076, #185, #1129, .T. ) ;
#419 = CARTESIAN_POINT ( 'NONE',  ( -134.7444812061789889, 70.89555830123988756, 885.5194628826119470 ) ) ;
#420 = CARTESIAN_POINT ( 'NONE',  ( -143.6499075634555993, 77.04411346061070276, 885.6118103790820442 ) ) ;
#421 = CARTESIAN_POINT ( 'NONE',  ( -26.49849942650710588, -1.161453215841822706, 859.0878685600183644 ) ) ;
#422 = CARTESIAN_POINT ( 'NONE',  ( -36.03589703524919940, 1.256977716615226059, 864.6745981984610125 ) ) ;
#423 = EDGE_CURVE ( 'NONE', #2700, #2316, #270, .T. ) ;
#424 = ORIENTED_EDGE ( 'NONE', *, *, #689, .T. ) ;
#425 = CARTESIAN_POINT ( 'NONE',  ( -212.4264963753009852, 129.9196875256131989, 850.3677477735928960 ) ) ;
#426 = VECTOR ( 'NONE', #2028, 1000.000000000000114 ) ;
#427 = CARTESIAN_POINT ( 'NONE',  ( 3.380400606398760388, -15.17228957025640135, 785.8764603994700337 ) ) ;
#428 = CARTESIAN_POINT ( 'NONE',  ( -57.63544315652045213, 16.19284131957708439, 865.4485991215005924 ) ) ;
#429 = CARTESIAN_POINT ( 'NONE',  ( -108.9611249623712013, 56.29538257213349794, 877.1499283322200426 ) ) ;
#430 = CARTESIAN_POINT ( 'NONE',  ( 1.986508815701224950, -17.16297335275525171, 756.6067952899250031 ) ) ;
#431 = B_SPLINE_SURFACE_WITH_KNOTS ( 'NONE', 3, 3, ( 
 ( #1374, #380, #1841, #141 ),
 ( #1346, #2368, #1112, #1400 ),
 ( #674, #3080, #1141, #126 ),
 ( #1869, #1152, #2070, #901 ),
 ( #1648, #1099, #3094, #154 ),
 ( #1854, #434, #2838, #1884 ),
 ( #3052, #166, #2808, #2126 ),
 ( #2821, #420, #619, #632 ),
 ( #2851, #1618, #3067, #3106 ),
 ( #661, #647, #859, #2340 ),
 ( #1828, #1605, #2864, #1387 ),
 ( #2598, #873, #1588, #2085 ),
 ( #2610, #2566, #912, #2112 ),
 ( #2625, #181, #2584, #2327 ),
 ( #393, #1362, #1127, #405 ),
 ( #2354, #886, #724, #3121 ),
 ( #1181, #195, #1900, #2205 ),
 ( #2690, #1729, #2395, #2380 ),
 ( #994, #2931, #960, #2883 ),
 ( #465, #1435, #1228, #2705 ),
 ( #1697, #1933, #1417, #3152 ),
 ( #709, #1713, #2642, #2446 ),
 ( #1197, #2175, #1664, #447 ),
 ( #2141, #2915, #1964, #2414 ),
 ( #2947, #1680, #740, #2673 ),
 ( #928, #213, #691, #481 ),
 ( #1167, #230, #1453, #756 ),
 ( #2159, #497, #2430, #3136 ),
 ( #1469, #245, #514, #943 ),
 ( #261, #23, #1917, #2899 ),
 ( #2657, #1212, #2190, #6 ),
 ( #975, #1948, #3002, #2531 ),
 ( #332, #2789, #2742, #809 ),
 ( #2018, #1297, #1810, #41 ),
 ( #345, #1314, #279, #2276 ),
 ( #2046, #1484, #93, #1525 ),
 ( #78, #2464, #1048, #107 ),
 ( #1246, #1540, #1013, #2291 ),
 ( #2483, #569, #2722, #2504 ),
 ( #3017, #317, #534, #2986 ),
 ( #1983, #1076, #1062, #2758 ),
 ( #1780, #3035, #2518, #2033 ),
 ( #553, #823, #2224, #1794 ),
 ( #2968, #774, #839, #1746 ),
 ( #1507, #2773, #583, #298 ),
 ( #1554, #1282, #1265, #2242 ),
 ( #58, #1032, #2003, #793 ),
 ( #1764, #2261, #1429, #138 ),
 ( #122, #2324, #390, #2390 ),
 ( #376, #1674, #2169, #442 ),
 ( #2547, #2818, #869, #2308 ),
 ( #1910, #2133, #600, #1162 ),
 ( #1571, #616, #2804, #1176 ),
 ( #2406, #1658, #3049, #1190 ),
 ( #3063, #3129, #1094, #360 ),
 ( #1329, #3115, #629, #919 ),
 ( #937, #854, #702, #1109 ),
 ( #2581, #1824, #1585, #1409 ),
 ( #189, #223, #1602, #1892 ),
 ( #2080, #2064, #2337, #1359 ),
 ( #2876, #2635, #2651, #2561 ),
 ( #684, #206, #3146, #1343 ),
 ( #2150, #2893, #1838, #459 ),
 ( #953, #1928, #719, #1691 ),
 ( #476, #1446, #2668, #2910 ),
 ( #263, #2970, #776, #8 ),
 ( #1966, #215, #499, #3138 ),
 ( #1248, #3155, #759, #945 ),
 ( #247, #2208, #1950, #232 ),
 ( #1986, #1231, #978, #2397 ),
 ( #726, #2161, #962, #43 ),
 ( #282, #449, #1731, #1748 ),
 ( #1419, #1183, #2226, #996 ),
 ( #1919, #2901, #1699, #2675 ),
 ( #711, #1682, #2933, #2192 ),
 ( #1215, #483, #2949, #2659 ),
 ( #2467, #467, #1199, #1487 ),
 ( #1015, #1437, #2416, #2177 ),
 ( #1935, #2917, #2707, #1455 ),
 ( #742, #2432, #25, #1715 ),
 ( #516, #2692, #1471, #2448 ),
 ( #1096, #2743, #2505, #1077 ),
 ( #2243, #2293, #108, #570 ),
 ( #318, #79, #841, #3036 ),
 ( #1283, #59, #2485, #2047 ),
 ( #2066, #1811, #824, #2987 ),
 ( #554, #3018, #794, #2790 ),
 ( #855, #1509, #123, #2519 ),
 ( #2724, #601, #1795, #1572 ),
 ( #810, #2533, #2278, #1781 ) ),
 .UNSPECIFIED., .F., .F., .F.,
 ( 4, 1, 1, 1, 1, 1, 1, 1, 1, 1, 1, 1, 1, 1, 1, 1, 1, 1, 1, 1, 1, 1, 1, 1, 1, 1, 1, 1, 1, 1, 1, 1, 1, 1, 1, 1, 1, 1, 1, 1, 1, 1, 1, 2, 1, 1, 1, 1, 1, 1, 1, 1, 1, 1, 1, 1, 1, 1, 1, 1, 1, 1, 1, 1, 1, 1, 1, 1, 1, 1, 1, 1, 1, 1, 1, 1, 1, 1, 1, 1, 1, 1, 1, 1, 1, 1, 4 ),
 ( 4, 4 ),
 ( 0.0008302671343174420271, 0.03205428596913204725, 0.06327830480394661117, 0.09450232363876109876, 0.1257263424735755863, 0.1569503613083905180, 0.1725623707257974981, 0.1881743801432050056, 0.2037863895606124853, 0.2193983989780194932, 0.2350104083954270007, 0.2506224178128340085, 0.2662344272302414883, 0.2818464366476489680, 0.2974584460650560036, 0.3130704554824635388, 0.3286824648998705189, 0.3442944743172779987, 0.3599064837346849788, 0.3755184931520925140, 0.3911305025694999937, 0.4067425119869069738, 0.4145485166956109913, 0.4223545214043140095, 0.4301605261130179714, 0.4379665308217215447, 0.4457725355304250070, 0.4535785402391289689, 0.4574815425934810054, 0.4613845449478319871, 0.4652875473021840236, 0.4691905496565360045, 0.4730935520108879855, 0.4769965543652400219, 0.4808995567195920029, 0.4848025590739430402, 0.4867540602511200021, 0.4887055614282950211, 0.4906570626054709838, 0.4926085637826470021, 0.4945600649598230203, 0.4965115661369990385, 0.4984630673141750012, 0.5004145684913509085, 0.5023660740831810134, 0.5043175796750120066, 0.5062690852668429997, 0.5082205908586729937, 0.5101720964505039868, 0.5121236020423349800, 0.5140751076341650849, 0.5160266132259959670, 0.5199296244096569541, 0.5238326355933189404, 0.5277356467769800386, 0.5316386579606410256, 0.5355416691443030119, 0.5394446803279639990, 0.5433476915116249861, 0.5472507026952870834, 0.5550567250626090576, 0.5628627474299320310, 0.5706687697972540052, 0.5784747921645769786, 0.5862808145318999520, 0.5940868368992220372, 0.6096988816338679840, 0.6253109263685130426, 0.6409229711031579901, 0.6565350158378040479, 0.6721470605724489955, 0.6877591053070940541, 0.7033711500417398899, 0.7189831947763849485, 0.7345952395110300071, 0.7502072842456760648, 0.7658193289803210124, 0.7814313737149659600, 0.7970434184496110186, 0.8126554631842570764, 0.8282675079189019129, 0.8438795526535469715, 0.8751036421228379769, 0.9063277315921279831, 0.9375518210614189885, 0.9687759105307099938, 1.000000000000000000 ),
 ( 0.000000000000000000, 1.000000000000000000 ),
 .UNSPECIFIED. ) ;
#432 = CARTESIAN_POINT ( 'NONE',  ( -132.7153052158064668, 73.79376156667649411, 914.0655462639433608 ) ) ;
#433 = CARTESIAN_POINT ( 'NONE',  ( -134.3880203900113486, 71.40462206749123197, 883.5192594796862977 ) ) ;
#434 = CARTESIAN_POINT ( 'NONE',  ( -143.2790901770134155, 77.57369557192399157, 895.6439082580510558 ) ) ;
#435 = CARTESIAN_POINT ( 'NONE',  ( -25.14415640973698629, 0.7727639653753223259, 860.4538957830031904 ) ) ;
#436 = CARTESIAN_POINT ( 'NONE',  ( -212.9428415495014804, 129.1623782939240073, 899.9868420193299698 ) ) ;
#437 = CARTESIAN_POINT ( 'NONE',  ( -36.82373133721705472, 1.799362629913815015, 864.6742503174009471 ) ) ;
#438 = ORIENTED_EDGE ( 'NONE', *, *, #1826, .T. ) ;
#439 = CARTESIAN_POINT ( 'NONE',  ( -141.1799121278868085, 80.57163251858059994, 817.6204110468710269 ) ) ;
#440 = CARTESIAN_POINT ( 'NONE',  ( -68.80388621891920309, 32.83658736922624399, 794.2207006091380208 ) ) ;
#441 = CARTESIAN_POINT ( 'NONE',  ( -180.9721356477614904, 103.5248290007610024, 895.3729575824729636 ) ) ;
#442 = CARTESIAN_POINT ( 'NONE',  ( 0.9729188504032940665, -18.61052984134930099, 751.0167128472039622 ) ) ;
#443 = CARTESIAN_POINT ( 'NONE',  ( -33.93626774819684755, 7.742452690394790338, 864.8596888942180385 ) ) ;
#444 = CARTESIAN_POINT ( 'NONE',  ( -139.6881303672639945, 82.70211766650820095, 835.9385562427351033 ) ) ;
#445 = CARTESIAN_POINT ( 'NONE',  ( -132.3767930817121226, 74.27695267249194444, 882.7694955004333224 ) ) ;
#446 = CARTESIAN_POINT ( 'NONE',  ( -213.5325644091760182, 128.3400586677130093, 850.3677477735939192 ) ) ;
#447 = CARTESIAN_POINT ( 'NONE',  ( -3.226744235992855092, -24.60827030717439712, 777.2550534968009970 ) ) ;
#448 = CARTESIAN_POINT ( 'NONE',  ( -182.4329927345684723, 108.1072733538023982, 902.6668643870368669 ) ) ;
#449 = CARTESIAN_POINT ( 'NONE',  ( -139.5473877927549893, 82.90311889375669807, 848.7807608943039668 ) ) ;
#450 = CARTESIAN_POINT ( 'NONE',  ( -193.8375075914413799, 112.4145731523048397, 895.4439854164854751 ) ) ;
#451 = CARTESIAN_POINT ( 'NONE',  ( -72.21639019993020270, 27.96302661074594909, 886.3986709713020673 ) ) ;
#452 = ORIENTED_EDGE ( 'NONE', *, *, #920, .F. ) ;
#453 = CARTESIAN_POINT ( 'NONE',  ( -73.67523586650109735, 25.87957907988855055, 803.9151570363200108 ) ) ;
#454 = EDGE_CURVE ( 'NONE', #1084, #2591, #707, .T. ) ;
#455 = CARTESIAN_POINT ( 'NONE',  ( -211.2469535530900089, 131.6042492560211770, 862.1656150637800238 ) ) ;
#456 = CARTESIAN_POINT ( 'NONE',  ( -68.38341097380049405, 33.43708825242730143, 801.9051208345010764 ) ) ;
#457 = ADVANCED_FACE ( 'NONE', ( #1040 ), #814, .T. ) ;
#458 = CARTESIAN_POINT ( 'NONE',  ( -181.4551790271562766, 103.6641216280033433, 892.7167728758846579 ) ) ;
#459 = CARTESIAN_POINT ( 'NONE',  ( 2.691917028413850055, -16.15554601983020078, 764.7453133240690022 ) ) ;
#460 = CARTESIAN_POINT ( 'NONE',  ( -134.9422602180966066, 74.48756492766879944, 882.8533313496229766 ) ) ;
#461 = CARTESIAN_POINT ( 'NONE',  ( 2.494891614228855303, -16.43692747237605190, 842.3009880612709139 ) ) ;
#462 = CARTESIAN_POINT ( 'NONE',  ( -132.0147219524506852, 74.79417467340321934, 898.7465234421248397 ) ) ;
#463 = CARTESIAN_POINT ( 'NONE',  ( -142.9707003705862007, 78.01412185927240728, 818.3982348205339576 ) ) ;
#464 = PRESENTATION_STYLE_ASSIGNMENT (( #2999 ) ) ;
#465 = CARTESIAN_POINT ( 'NONE',  ( -214.9212023287765021, 126.3568781907503933, 872.8541623529609979 ) ) ;
#466 = CARTESIAN_POINT ( 'NONE',  ( -24.76602626586544886, 1.312802948958966542, 861.9361222528460758 ) ) ;
#467 = CARTESIAN_POINT ( 'NONE',  ( -139.7499870315779731, 82.61377719466470637, 865.5312440160320193 ) ) ;
#468 = CARTESIAN_POINT ( 'NONE',  ( -32.18679696368815257, -1.474048619059812104, 863.6642654366239640 ) ) ;
#469 = CARTESIAN_POINT ( 'NONE',  ( -3.035213985590550223, -24.33473676183150403, 823.5053166900199813 ) ) ;
#470 = CARTESIAN_POINT ( 'NONE',  ( -143.7632885323729965, 76.88218865584889272, 882.2666725341540541 ) ) ;
#471 = VERTEX_POINT ( 'NONE', #2749 ) ;
#472 = CARTESIAN_POINT ( 'NONE',  ( -2.691914781973935078, -23.84445468847030014, 764.7453133240700254 ) ) ;
#473 = CARTESIAN_POINT ( 'NONE',  ( 3.313960411766850189, -15.26717600178750089, 781.1729475034449024 ) ) ;
#474 = CARTESIAN_POINT ( 'NONE',  ( -211.5262070134544956, 131.2054339832250207, 857.0641459396191522 ) ) ;
#475 = CARTESIAN_POINT ( 'NONE',  ( -3.139927754348564637, -24.48428352196174629, 818.8039913659490594 ) ) ;
#476 = CARTESIAN_POINT ( 'NONE',  ( -211.3037425475694988, 131.5231461667509905, 860.8322380219069601 ) ) ;
#477 = CARTESIAN_POINT ( 'NONE',  ( -34.86454821011339789, 8.387104810859609572, 865.0612881985920239 ) ) ;
#478 = CARTESIAN_POINT ( 'NONE',  ( 3.035216232012444504, -15.66526394649474874, 823.5053166903569490 ) ) ;
#479 = CARTESIAN_POINT ( 'NONE',  ( -102.8359433001053986, 52.61763777910789486, 911.4594934858859006 ) ) ;
#480 = CARTESIAN_POINT ( 'NONE',  ( -214.3101023583384972, 127.2296193954512091, 855.5190468485889141 ) ) ;
#481 = CARTESIAN_POINT ( 'NONE',  ( -2.948477757734185190, -24.21086459090609821, 769.4288572106158881 ) ) ;
#482 = CARTESIAN_POINT ( 'NONE',  ( -25.40728350091464449, 0.3969744706803278733, 859.9235704812009544 ) ) ;
#483 = CARTESIAN_POINT ( 'NONE',  ( -139.6855095348730060, 82.70586060306339959, 862.1821477919388599 ) ) ;
#484 = CARTESIAN_POINT ( 'NONE',  ( -55.53053479579200058, 19.17677244740825060, 865.4462847526810947 ) ) ;
#485 = CARTESIAN_POINT ( 'NONE',  ( -144.3409203446389881, 76.05724493453040225, 858.8324735321649541 ) ) ;
#486 = CARTESIAN_POINT ( 'NONE',  ( -73.67523586650109735, 25.87957907988855055, 803.9151570363200108 ) ) ;
#487 = VECTOR ( 'NONE', #1389, 1000.000000000000114 ) ;
#488 = ORIENTED_EDGE ( 'NONE', *, *, #2236, .T. ) ;
#489 = CARTESIAN_POINT ( 'NONE',  ( -143.9036866167153903, 76.68167941154469247, 827.0286419538869040 ) ) ;
#490 = CARTESIAN_POINT ( 'NONE',  ( -140.0690198236962090, 82.15815114851598366, 827.0286419538869040 ) ) ;
#491 = CARTESIAN_POINT ( 'NONE',  ( -211.0582527681459908, 131.8737419059091849, 870.1803307469309630 ) ) ;
#492 = VERTEX_POINT ( 'NONE', #575 ) ;
#493 = CARTESIAN_POINT ( 'NONE',  ( -213.5528611344564922, 128.3110719399618063, 923.5905908678749938 ) ) ;
#494 = CARTESIAN_POINT ( 'NONE',  ( -140.3227988768842067, 81.79571709955220626, 885.6118103777610031 ) ) ;
#495 = CARTESIAN_POINT ( 'NONE',  ( -131.9674456248780530, 74.86158115322623985, 883.3082036285477443 ) ) ;
#496 = CARTESIAN_POINT ( 'NONE',  ( -214.0222077153579789, 127.6407755559756083, 852.8934271288491118 ) ) ;
#497 = CARTESIAN_POINT ( 'NONE',  ( -143.9036866167153903, 76.68167941154469247, 827.0286419538869040 ) ) ;
#498 = CARTESIAN_POINT ( 'NONE',  ( -169.9640703690469650, 102.4552769121673208, 890.8989002953422869 ) ) ;
#499 = CARTESIAN_POINT ( 'NONE',  ( -68.31111623048329307, 33.54033584599359585, 803.9151570363179644 ) ) ;
#500 = CARTESIAN_POINT ( 'NONE',  ( -39.79224967798194967, 7.496610015769659796, 861.9628058954219796 ) ) ;
#501 = CARTESIAN_POINT ( 'NONE',  ( -71.85682420903259526, 28.47654006393900161, 894.4300682275210193 ) ) ;
#502 = CARTESIAN_POINT ( 'NONE',  ( -3.035213985590550223, -24.33473676183150403, 823.5053166900199813 ) ) ;
#503 = B_SPLINE_CURVE_WITH_KNOTS ( 'NONE', 3,
 ( #2366, #1677, #1385, #2862, #462, #2124, #956, #672, #1867, #1630, #1210, #1397, #1694, #2623, #2188, #2849, #1179, #227, #177, #432, #1150 ),
 .UNSPECIFIED., .F., .F.,
 ( 4, 1, 1, 1, 1, 2, 2, 1, 1, 2, 2, 1, 1, 1, 4 ),
 ( 0.000000000000000000, 0.2499999999998394062, 0.3749999999997590816, 0.4374999999997244426, 0.4687499999997017941, 0.4843749999996903588, 0.4999999999996789235, 0.6249999999995989874, 0.6562499999995816680, 0.6640624999995852207, 0.6679687499995869970, 0.6718749999995888844, 0.6874999999996059818, 0.7499999999996846967, 1.000000000000000000 ),
 .UNSPECIFIED. ) ;
#504 = VERTEX_POINT ( 'NONE', #2523 ) ;
#505 = CARTESIAN_POINT ( 'NONE',  ( -2.120149864900135128, -23.02788976182630165, 757.7598091910759877 ) ) ;
#506 = CARTESIAN_POINT ( 'NONE',  ( 2.691917028413850055, -16.15554601983020078, 764.7453133240690022 ) ) ;
#507 = CARTESIAN_POINT ( 'NONE',  ( -68.30502851539030473, 33.54903000416924641, 842.1676176909029437 ) ) ;
#508 = ORIENTED_EDGE ( 'NONE', *, *, #1427, .F. ) ;
#509 = CARTESIAN_POINT ( 'NONE',  ( -214.8923957692269937, 126.3980182213511938, 880.8759552180511037 ) ) ;
#510 = CARTESIAN_POINT ( 'NONE',  ( -80.16068300811430447, 36.12908288252044997, 870.8303203002926693 ) ) ;
#511 = ADVANCED_FACE ( 'NONE', ( #336 ), #97, .F. ) ;
#512 = CARTESIAN_POINT ( 'NONE',  ( -131.5717902659060599, 75.42694812633374113, 884.4626562289715821 ) ) ;
#513 = CARTESIAN_POINT ( 'NONE',  ( -1.666189051272725097, -22.37956653070525093, 754.3216053108270671 ) ) ;
#514 = CARTESIAN_POINT ( 'NONE',  ( -73.18246587806339676, 26.58332755665815128, 794.2207006091369976 ) ) ;
#515 = CARTESIAN_POINT ( 'NONE',  ( -128.4426989499157230, 73.64309374805594643, 881.8085311234615347 ) ) ;
#516 = CARTESIAN_POINT ( 'NONE',  ( -211.4759355005105022, 131.2772291442325923, 899.5796527256949275 ) ) ;
#517 = CARTESIAN_POINT ( 'NONE',  ( -55.86137622109399814, 18.74833351397305137, 865.4939699178729597 ) ) ;
#518 = CARTESIAN_POINT ( 'NONE',  ( -143.6499075634555993, 77.04411346061070276, 885.6118103790820442 ) ) ;
#519 = CARTESIAN_POINT ( 'NONE',  ( -73.83031823507218405, 25.65809850433305073, 809.9509860136050747 ) ) ;
#520 = CARTESIAN_POINT ( 'NONE',  ( -143.8076598242195985, 76.81881988384168380, 825.6424232743779612 ) ) ;
#521 = CARTESIAN_POINT ( 'NONE',  ( -140.2503841462672085, 81.89913605274179531, 824.5353737206800133 ) ) ;
#522 = CARTESIAN_POINT ( 'NONE',  ( -119.3858782776712104, 63.96113305145589578, 879.4971193092770818 ) ) ;
#523 = EDGE_CURVE ( 'NONE', #1787, #2570, #1696, .T. ) ;
#524 = AXIS2_PLACEMENT_3D ( 'NONE', #2502, #315, #807 ) ;
#525 = CARTESIAN_POINT ( 'NONE',  ( 3.230440387728939822, -15.38645495764030002, 814.1017675945280416 ) ) ;
#526 = EDGE_LOOP ( 'NONE', ( #1441, #3042, #1786, #117 ) ) ;
#527 = CARTESIAN_POINT ( 'NONE',  ( -3.230438141295274956, -24.61354575066915018, 814.1017675944219718 ) ) ;
#528 = CARTESIAN_POINT ( 'NONE',  ( -55.69428233683810703, 18.99753412261059893, 865.4602774125039559 ) ) ;
#529 = CARTESIAN_POINT ( 'NONE',  ( -73.07976426732969344, 26.73000065731680053, 792.8900435579070063 ) ) ;
#530 = CARTESIAN_POINT ( 'NONE',  ( -26.18222059204737562, -0.7094592213929318270, 895.7509201462149804 ) ) ;
#531 = AXIS2_PLACEMENT_3D ( 'NONE', #3013, #2830, #1834 ) ;
#532 = CARTESIAN_POINT ( 'NONE',  ( -132.0036875268039580, 74.80986075153359138, 883.2446246614555321 ) ) ;
#533 = CARTESIAN_POINT ( 'NONE',  ( -70.31525709945771041, 30.67812605873734810, 783.7083636325240832 ) ) ;
#534 = CARTESIAN_POINT ( 'NONE',  ( -71.96254895591199841, 28.32554947741954976, 784.5780276304290055 ) ) ;
#535 = CARTESIAN_POINT ( 'NONE',  ( -190.4304775045904989, 116.4591294743812000, 898.0628458812200279 ) ) ;
#536 = CARTESIAN_POINT ( 'NONE',  ( -204.0616125386082160, 123.5238658395454792, 927.8355996891814357 ) ) ;
#537 = CARTESIAN_POINT ( 'NONE',  ( -144.3466783048181981, 76.04902171517790066, 838.7290245237630870 ) ) ;
#538 = CARTESIAN_POINT ( 'NONE',  ( -144.4253186476545920, 75.93671166630609548, 848.7807608943210198 ) ) ;
#539 = CARTESIAN_POINT ( 'NONE',  ( -198.5847691337235119, 119.4167930921770022, 896.8814010180360583 ) ) ;
#540 = CARTESIAN_POINT ( 'NONE',  ( -139.6317860957771870, 82.78258562552319688, 858.8324735322739798 ) ) ;
#541 = CARTESIAN_POINT ( 'NONE',  ( -107.7992423702097966, 55.11569427739500071, 886.2030904108380582 ) ) ;
#542 = EDGE_CURVE ( 'NONE', #2995, #2284, #143, .T. ) ;
#543 = CARTESIAN_POINT ( 'NONE',  ( -27.77620226448854979, -2.986025653853554118, 881.0549047657085566 ) ) ;
#544 = CARTESIAN_POINT ( 'NONE',  ( -211.5615726691640077, 131.1549265925171710, 902.2495147704910323 ) ) ;
#545 = ORIENTED_EDGE ( 'NONE', *, *, #2151, .T. ) ;
#546 = CARTESIAN_POINT ( 'NONE',  ( -143.0039966840765828, 77.96656979552869871, 902.3287122475110209 ) ) ;
#547 = B_SPLINE_CURVE_WITH_KNOTS ( 'NONE', 3,
 ( #1327, #837, #3076, #2802, #388, #882, #1808, #581, #119, #2544, #2831, #1357, #357, #1551, #136, #1792, #2044, #374, #343, #2335, #3031, #2078, #2031, #3060, #1850, #867, #150, #1614, #2306, #2529, #1091, #2062, #2594, #1122, #3047, #1311, #1836, #2770, #852 ),
 .UNSPECIFIED., .F., .F.,
 ( 4, 2, 2, 2, 2, 1, 1, 2, 2, 2, 2, 2, 1, 1, 2, 2, 2, 2, 1, 2, 2, 4 ),
 ( 0.000000000000000000, 0.06250000000043541559, 0.09375000000068862971, 0.1250000000009418299, 0.1875000000014487023, 0.2187500000017012503, 0.2343750000018261226, 0.2421875000018564317, 0.2500000000018867130, 0.3750000000020232704, 0.4375000000021216362, 0.4687500000021384561, 0.4843750000021457836, 0.4921875000021494473, 0.4960937500021554980, 0.5000000000021614932, 0.6250000000016036061, 0.6875000000013069545, 0.7187500000011619594, 0.7343750000010942358, 0.7500000000010265122, 1.000000000000000000 ),
 .UNSPECIFIED. ) ;
#548 = CARTESIAN_POINT ( 'NONE',  ( -140.9687097585076003, 80.87326076142910836, 902.3287122886570160 ) ) ;
#549 = CARTESIAN_POINT ( 'NONE',  ( -142.6793484735449908, 78.43021549029140260, 817.2507361314638956 ) ) ;
#550 = CARTESIAN_POINT ( 'NONE',  ( -124.3855896609411928, 67.46204437020409728, 889.9207137022769984 ) ) ;
#551 = CARTESIAN_POINT ( 'NONE',  ( -184.1097198765444887, 108.5487897537511941, 893.6229424782420665 ) ) ;
#552 = CARTESIAN_POINT ( 'NONE',  ( -70.89691278458259660, 29.84743565141604904, 782.8460906387920204 ) ) ;
#553 = CARTESIAN_POINT ( 'NONE',  ( -213.3091357636500049, 128.6591478424718105, 849.8246778492290332 ) ) ;
#554 = CARTESIAN_POINT ( 'NONE',  ( -212.4061996458680142, 129.9486742592964106, 923.5905908014400438 ) ) ;
#555 = CARTESIAN_POINT ( 'NONE',  ( -182.4329927345684723, 108.1072733538023982, 902.6668643870368669 ) ) ;
#556 = CARTESIAN_POINT ( 'NONE',  ( -73.60294112318399584, 25.98282667345495156, 801.9051208345010764 ) ) ;
#557 = CARTESIAN_POINT ( 'NONE',  ( -134.7444812061789889, 70.89555830123988756, 885.5194628826119470 ) ) ;
#558 = CARTESIAN_POINT ( 'NONE',  ( -140.3227988768842067, 81.79571709955220626, 885.6118103777610031 ) ) ;
#559 = CARTESIAN_POINT ( 'NONE',  ( -114.0398426429515979, 60.21779863926919774, 878.3254845668809594 ) ) ;
#560 = ORIENTED_EDGE ( 'NONE', *, *, #2352, .T. ) ;
#561 = ORIENTED_EDGE ( 'NONE', *, *, #2334, .T. ) ;
#562 = CARTESIAN_POINT ( 'NONE',  ( -73.92484546493858488, 25.52309962941630062, 822.0333090947120809 ) ) ;
#563 = EDGE_CURVE ( 'NONE', #2269, #145, #198, .T. ) ;
#564 = CARTESIAN_POINT ( 'NONE',  ( -141.5842488595474151, 79.99417982120719728, 915.6895922766640297 ) ) ;
#565 = CARTESIAN_POINT ( 'NONE',  ( -2.341270088024100193, -23.34368216773114924, 760.0804356895570209 ) ) ;
#566 = CARTESIAN_POINT ( 'NONE',  ( -182.4329927345684723, 108.1072733538023982, 902.6668643870368669 ) ) ;
#567 = FACE_OUTER_BOUND ( 'NONE', #611, .T. ) ;
#568 = CARTESIAN_POINT ( 'NONE',  ( -71.67109499907110148, 28.74178886493915286, 783.7083636325240832 ) ) ;
#569 = CARTESIAN_POINT ( 'NONE',  ( -142.8898009853463975, 78.12965815504939826, 818.0037412710199760 ) ) ;
#570 = CARTESIAN_POINT ( 'NONE',  ( 2.335676437523559912, -16.66431030963079962, 846.9976463001040656 ) ) ;
#571 = CARTESIAN_POINT ( 'NONE',  ( -28.41722957819979811, 3.909445505875414728, 863.6642676069400295 ) ) ;
#572 = B_SPLINE_CURVE_WITH_KNOTS ( 'NONE', 3,
 ( #1041, #1320, #1755, #1577, #3024, #1273, #1335, #1993, #2493, #1303, #2977, #2733, #783, #543, #2524, #1068, #2283, #337, #2010, #99 ),
 .UNSPECIFIED., .F., .F.,
 ( 4, 1, 1, 2, 2, 1, 1, 1, 1, 1, 1, 2, 2, 4 ),
 ( 0.000000000000000000, 0.1249999999998172850, 0.1874999999997259414, 0.2187499999996755651, 0.2499999999996251887, 0.3749999999994140243, 0.4374999999993129940, 0.4687499999992624788, 0.4843749999992372213, 0.4921874999992246202, 0.4960937499992182920, 0.4980468749992195132, 0.4999999999992207900, 1.000000000000000000 ),
 .UNSPECIFIED. ) ;
#573 = CARTESIAN_POINT ( 'NONE',  ( -183.7655739669105230, 109.0402809468577914, 893.6229428113169888 ) ) ;
#574 = CARTESIAN_POINT ( 'NONE',  ( -70.79043628536510369, 29.99949985153834930, 907.8068778279208573 ) ) ;
#575 = CARTESIAN_POINT ( 'NONE',  ( -55.51722956111260032, 19.23982418172354869, 865.4939753433829992 ) ) ;
#576 = LINE ( 'NONE', #307, #2317 ) ;
#577 = VERTEX_POINT ( 'NONE', #2599 ) ;
#578 = CARTESIAN_POINT ( 'NONE',  ( 1.428785959053089805, -17.95948413879180094, 870.4686297551020289 ) ) ;
#579 = CARTESIAN_POINT ( 'NONE',  ( -72.07901350088390302, 28.15922086966224924, 785.0390244078100750 ) ) ;
#580 = DIRECTION ( 'NONE',  ( -0.000000000000000000, -8.186417883014130895E-06, -0.9999999999664913597 ) ) ;
#581 = CARTESIAN_POINT ( 'NONE',  ( -134.7244727370351427, 70.92381189846224743, 884.8436032515357965 ) ) ;
#582 = CARTESIAN_POINT ( 'NONE',  ( -213.9263880598664969, 127.7776202059729940, 852.2458641094949598 ) ) ;
#583 = CARTESIAN_POINT ( 'NONE',  ( -71.08943930124939925, 29.57247929039345280, 782.8460906387920204 ) ) ;
#584 = DIRECTION ( 'NONE',  ( 0.000000000000000000, 0.000000000000000000, 1.000000000000000000 ) ) ;
#585 = CARTESIAN_POINT ( 'NONE',  ( -16.36309801669946395, -4.154196698601962723, 857.2682215154245569 ) ) ;
#586 = B_SPLINE_CURVE_WITH_KNOTS ( 'NONE', 3,
 ( #2, #1208, #2426, #241 ),
 .UNSPECIFIED., .F., .F.,
 ( 4, 4 ),
 ( 0.000000000000000000, 1.000000000000000000 ),
 .UNSPECIFIED. ) ;
#587 = CARTESIAN_POINT ( 'NONE',  ( -133.4091485943183670, 72.80286764735970451, 916.3893613863449445 ) ) ;
#588 = CARTESIAN_POINT ( 'NONE',  ( 2.112704018191790212, -16.98274792585795012, 853.2587429934859529 ) ) ;
#589 = CARTESIAN_POINT ( 'NONE',  ( -69.43928278596099801, 31.92914702851494368, 878.3634468978600580 ) ) ;
#590 = PLANE ( 'NONE',  #378 ) ;
#591 = VERTEX_POINT ( 'NONE', #3053 ) ;
#592 = CARTESIAN_POINT ( 'NONE',  ( -134.9422602180966066, 74.48756492766879944, 882.8533313496229766 ) ) ;
#593 = CARTESIAN_POINT ( 'NONE',  ( -71.96254895591199841, 28.32554947741954976, 784.5780276304290055 ) ) ;
#594 = VECTOR ( 'NONE', #3116, 999.9999999999998863 ) ;
#595 = ORIENTED_EDGE ( 'NONE', *, *, #2207, .T. ) ;
#596 =( BOUNDED_SURFACE ( )  B_SPLINE_SURFACE ( 2, 3, ( 
 ( #2048, #2582, #842, #2294, #2338, #1124, #617, #856, #361, #403, #1344, #3078, #1372, #1331, #109, #2805, #2309, #2351 ),
 ( #391, #1139, #3037, #1839, #2791, #3064, #1812, #1852, #602, #899, #2534, #164, #124, #2110, #1573, #3091, #585, #2083 ),
 ( #2775, #1097, #346, #2067, #1316, #3050, #1825, #1078, #2094, #1586, #630, #2563, #884, #377, #1360, #1110, #2325, #2835 ) ),
 .UNSPECIFIED., .F., .F., .T. ) 
 B_SPLINE_SURFACE_WITH_KNOTS ( ( 3, 3 ),
 ( 4, 2, 2, 2, 2, 2, 2, 2, 4 ),
 ( 0.000000000000000000, 1.000000000000000000 ),
 ( 0.000000000000000000, 0.01540343205230465008, 0.03080686410460935221, 0.06161372820921870441, 0.1232274564184374088, 0.1848411846276560022, 0.2156480487322655071, 0.2310514807845699958, 0.2464549128368744846 ),
 .UNSPECIFIED. ) 
 GEOMETRIC_REPRESENTATION_ITEM ( )  RATIONAL_B_SPLINE_SURFACE ( (
 ( 1.000000000000000000, 1.000000000000000000, 1.000000000000000000, 1.000000000000000000, 1.000000000000000000, 1.000000000000000000, 1.000000000000000000, 1.000000000000000000, 1.000000000000000000, 1.000000000000000000, 1.000000000000000000, 1.000000000000000000, 1.000000000000000000, 1.000000000000000000, 1.000000000000000000, 1.000000000000000000, 1.000000000000000000, 1.000000000000000000),
 ( 0.6862519015050490001, 0.6861426007319110232, 0.6860400549208449661, 0.6858400810164000383, 0.6857429543038719988, 0.6854601660540640129, 0.6852832518757210334, 0.6847849275661780366, 0.6844956243396970175, 0.6839934140675050234, 0.6837776184227289944, 0.6835040114160589875, 0.6834212132125300210, 0.6833094449997310083, 0.6832742609155110225, 0.6832080125876860421, 0.6831769938811470544, 0.6831460226608949693),
 ( 1.000000000000000000, 1.000000000000000000, 1.000000000000000000, 1.000000000000000000, 1.000000000000000000, 1.000000000000000000, 1.000000000000000000, 1.000000000000000000, 1.000000000000000000, 1.000000000000000000, 1.000000000000000000, 1.000000000000000000, 1.000000000000000000, 1.000000000000000000, 1.000000000000000000, 1.000000000000000000, 1.000000000000000000, 1.000000000000000000) ) ) 
 REPRESENTATION_ITEM ( '' )  SURFACE ( )  );
#597 = CARTESIAN_POINT ( 'NONE',  ( -33.93626774819684755, 7.742452690394790338, 864.8596888942180385 ) ) ;
#598 = CARTESIAN_POINT ( 'NONE',  ( -190.4304775045904989, 116.4591294743812000, 898.0628458812200279 ) ) ;
#599 = CARTESIAN_POINT ( 'NONE',  ( -212.6499250193099897, 129.6005983530236279, 849.8246778492299427 ) ) ;
#600 = CARTESIAN_POINT ( 'NONE',  ( -69.90733859570930520, 31.26069405677894864, 785.0390244078100750 ) ) ;
#601 = CARTESIAN_POINT ( 'NONE',  ( -141.8176863923845872, 79.66079647398649399, 920.1389988083379876 ) ) ;
#602 = CARTESIAN_POINT ( 'NONE',  ( -128.4426989499157230, 73.64309374805594643, 881.8085311234615347 ) ) ;
#603 = EDGE_CURVE ( 'NONE', #2436, #2284, #406, .T. ) ;
#604 = CARTESIAN_POINT ( 'NONE',  ( -201.0394198751370141, 120.4030932927300057, 897.3459487141549289 ) ) ;
#605 = CARTESIAN_POINT ( 'NONE',  ( -140.2094179080329752, 81.95764190421949991, 882.2666725340849325 ) ) ;
#606 = DIRECTION ( 'NONE',  ( -0.1092847224784491700, 0.07652198649056657365, -0.9910606616228625487 ) ) ;
#607 = CARTESIAN_POINT ( 'NONE',  ( -128.1166788186392012, 73.18054114149188649, 884.8064782864739755 ) ) ;
#608 = ORIENTED_EDGE ( 'NONE', *, *, #2546, .F. ) ;
#609 = CARTESIAN_POINT ( 'NONE',  ( -72.99279087707189717, 26.85421153125295035, 866.3047283433330676 ) ) ;
#610 = CARTESIAN_POINT ( 'NONE',  ( 0.9729188504032940665, -18.61052984134930099, 751.0167128472039622 ) ) ;
#611 = EDGE_LOOP ( 'NONE', ( #255, #1831, #1105, #2100, #2679 ) ) ;
#612 = CARTESIAN_POINT ( 'NONE',  ( -54.53336504933410112, 17.81852565172619762, 874.5068755461240926 ) ) ;
#613 = CARTESIAN_POINT ( 'NONE',  ( -37.11010943546637719, 1.996610916754707921, 864.6750901803844727 ) ) ;
#614 = CARTESIAN_POINT ( 'NONE',  ( 3.048360315844400148, -15.64649224936965055, 771.7748737198609206 ) ) ;
#615 = EDGE_CURVE ( 'NONE', #1135, #3141, #2068, .T. ) ;
#616 = CARTESIAN_POINT ( 'NONE',  ( -141.0020060697304132, 80.82570870092409621, 818.3982348205349808 ) ) ;
#617 = CARTESIAN_POINT ( 'NONE',  ( -171.5314248933100032, 100.2018676696291948, 890.8973721180590246 ) ) ;
#618 = CARTESIAN_POINT ( 'NONE',  ( -134.7584685636002746, 70.87557941327344224, 885.1296832434411499 ) ) ;
#619 = CARTESIAN_POINT ( 'NONE',  ( -72.99279087707189717, 26.85421153125295035, 866.3047283433330676 ) ) ;
#620 = CARTESIAN_POINT ( 'NONE',  ( -200.8777301807985225, 120.6390727985650102, 897.3298033088600505 ) ) ;
#621 = CARTESIAN_POINT ( 'NONE',  ( -133.9968301897054062, 73.82560675306939402, 882.6457363261529281 ) ) ;
#622 = ORIENTED_EDGE ( 'NONE', *, *, #1743, .T. ) ;
#623 = CARTESIAN_POINT ( 'NONE',  ( -70.89691278458259660, 29.84743565141604904, 782.8460906387920204 ) ) ;
#624 = CARTESIAN_POINT ( 'NONE',  ( -183.9762900284285081, 108.7427231591259869, 893.6121763692259492 ) ) ;
#625 = CARTESIAN_POINT ( 'NONE',  ( 1.132305844306396025, -18.38290162370600100, 751.5356442139880073 ) ) ;
#626 = ORIENTED_EDGE ( 'NONE', *, *, #563, .T. ) ;
#627 = DIRECTION ( 'NONE',  ( 0.8191525623785648191, -0.5735756964225241505, 4.695530338612960390E-06 ) ) ;
#628 = CARTESIAN_POINT ( 'NONE',  ( 1.513218181583424915, -17.83890242848029928, 753.3783439421058574 ) ) ;
#629 = CARTESIAN_POINT ( 'NONE',  ( -69.42266311111170296, 31.95288238402414649, 787.9383018531509606 ) ) ;
#630 = CARTESIAN_POINT ( 'NONE',  ( -78.25481785643160038, 38.53075132380694612, 874.3358977729239996 ) ) ;
#631 = FACE_OUTER_BOUND ( 'NONE', #876, .T. ) ;
#632 = CARTESIAN_POINT ( 'NONE',  ( -2.335674190688114660, -23.33569039810479850, 846.9976463075839774 ) ) ;
#633 = CARTESIAN_POINT ( 'NONE',  ( -28.12015932091325610, -3.477416825510461607, 860.4545947820389529 ) ) ;
#634 = CARTESIAN_POINT ( 'NONE',  ( -125.1430665411576229, 67.01490350832379761, 915.0309551364040317 ) ) ;
#635 = B_SPLINE_CURVE_WITH_KNOTS ( 'NONE', 3,
 ( #125, #1604, #1098, #1853 ),
 .UNSPECIFIED., .F., .F.,
 ( 4, 4 ),
 ( 0.0002367896508834965133, 0.0005385911176330500502 ),
 .UNSPECIFIED. ) ;
#636 = ORIENTED_EDGE ( 'NONE', *, *, #2236, .F. ) ;
#637 = CARTESIAN_POINT ( 'NONE',  ( 1.132305844306396025, -18.38290162370600100, 751.5356442139880073 ) ) ;
#638 = ADVANCED_FACE ( 'NONE', ( #1100 ), #1561, .F. ) ;
#639 = CARTESIAN_POINT ( 'NONE',  ( -1.428783715783761954, -22.04051657403674724, 870.4686296950930000 ) ) ;
#640 = CARTESIAN_POINT ( 'NONE',  ( -0.3293178989757525321, -20.47031665928130195, 749.6643380746800176 ) ) ;
#641 = CARTESIAN_POINT ( 'NONE',  ( -205.7450791321645056, 121.0230938076949911, 900.7741563808260707 ) ) ;
#642 = DIRECTION ( 'NONE',  ( 0.5735756964288472037, 0.8191525623875951512, 0.000000000000000000 ) ) ;
#643 = AXIS2_PLACEMENT_3D ( 'NONE', #1980, #2641, #2413 ) ;
#644 = CARTESIAN_POINT ( 'NONE',  ( 1.666191297636890001, -17.62043417770345144, 754.3216053108260439 ) ) ;
#645 = CARTESIAN_POINT ( 'NONE',  ( -124.3855896609411928, 67.46204437020409728, 889.9207137022769984 ) ) ;
#646 = CARTESIAN_POINT ( 'NONE',  ( -172.6234631494594964, 16.79891481226804828, 916.3893530731060082 ) ) ;
#647 = CARTESIAN_POINT ( 'NONE',  ( -143.8705621144866029, 76.72898610337709613, 878.9209195031679656 ) ) ;
#648 = CARTESIAN_POINT ( 'NONE',  ( -27.79661152232333166, -3.015346564923270911, 859.8717523242843299 ) ) ;
#649 = CARTESIAN_POINT ( 'NONE',  ( -163.5230177500494904, 181.4189551485389984, 898.0960530993698967 ) ) ;
#650 = ORIENTED_EDGE ( 'NONE', *, *, #889, .F. ) ;
#651 = CARTESIAN_POINT ( 'NONE',  ( -212.1192429393655061, 130.3584909077094096, 851.7099731832508951 ) ) ;
#652 = CARTESIAN_POINT ( 'NONE',  ( -108.9611249623712013, 56.29538257213349794, 877.1499283322200426 ) ) ;
#653 = CARTESIAN_POINT ( 'NONE',  ( 0.7918901761945780216, -18.86906558158365144, 750.5201798300380460 ) ) ;
#654 = ORIENTED_EDGE ( 'NONE', *, *, #2903, .T. ) ;
#655 = CARTESIAN_POINT ( 'NONE',  ( -98.30393202112529139, 45.18425907287969778, 877.8262141948480348 ) ) ;
#656 = EDGE_CURVE ( 'NONE', #1056, #492, #2795, .T. ) ;
#657 = CARTESIAN_POINT ( 'NONE',  ( -205.7901816535325281, 121.0550952359990049, 900.7854036288659927 ) ) ;
#658 = CARTESIAN_POINT ( 'NONE',  ( -212.1192429393655061, 130.3584909077094096, 851.7099731832508951 ) ) ;
#659 = CARTESIAN_POINT ( 'NONE',  ( -37.67625725661319791, 2.401194112405615311, 864.8598889396450886 ) ) ;
#660 = CARTESIAN_POINT ( 'NONE',  ( -133.9720538662315334, 71.99867968306338639, 882.8732726029722926 ) ) ;
#661 = CARTESIAN_POINT ( 'NONE',  ( -214.4831252832700272, 126.9825170500893989, 899.5796527267219744 ) ) ;
#662 = CARTESIAN_POINT ( 'NONE',  ( -47.83191025896860538, 13.85850569770752116, 863.8058646781580592 ) ) ;
#663 = CARTESIAN_POINT ( 'NONE',  ( -0.07175706429472269998, -20.10248166661675029, 898.5981009540910236 ) ) ;
#664 = VERTEX_POINT ( 'NONE', #2052 ) ;
#665 = CARTESIAN_POINT ( 'NONE',  ( 1.268228263257185962, -18.18878429200984925, 752.0743075446000603 ) ) ;
#666 = CARTESIAN_POINT ( 'NONE',  ( -3.139927754348564637, -24.48428352196174629, 818.8039913659490594 ) ) ;
#667 = CARTESIAN_POINT ( 'NONE',  ( -213.0434371741625341, 129.0386047534422005, 849.5127573054589902 ) ) ;
#668 = CARTESIAN_POINT ( 'NONE',  ( -130.1720410758751711, 71.16529490235799926, 881.8077221430739883 ) ) ;
#669 = CARTESIAN_POINT ( 'NONE',  ( -203.4565549266019389, 124.3878486080130727, 898.6606930533309878 ) ) ;
#670 = CARTESIAN_POINT ( 'NONE',  ( 2.341272334467070060, -16.65631854056499961, 760.0804356895570209 ) ) ;
#671 = VECTOR ( 'NONE', #777, 1000.000000000000114 ) ;
#672 = CARTESIAN_POINT ( 'NONE',  ( -132.0959132494778885, 74.67823681192767538, 900.6460671534174480 ) ) ;
#673 = CARTESIAN_POINT ( 'NONE',  ( -26.34547291343695008, -0.9425824545072649663, 898.8893504462040482 ) ) ;
#674 = CARTESIAN_POINT ( 'NONE',  ( -213.3003725701574922, 128.6716629797894029, 928.9205489852549817 ) ) ;
#675 = CARTESIAN_POINT ( 'NONE',  ( -196.3931283631789881, 117.5572303994477892, 896.3510820205830214 ) ) ;
#676 = CARTESIAN_POINT ( 'NONE',  ( -146.7668362392672066, 82.70724301018920244, 885.4436048226449429 ) ) ;
#677 = CARTESIAN_POINT ( 'NONE',  ( -134.6036316221529887, 74.25049862263139744, 882.7789792260761033 ) ) ;
#678 = CLOSED_SHELL ( 'NONE', ( #1559, #2806, #1093, #991, #848, #2628, #2292, #224, #1214, #2443, #3118, #365, #2061, #871 ) ) ;
#679 = VERTEX_POINT ( 'NONE', #874 ) ;
#680 = CARTESIAN_POINT ( 'NONE',  ( -0.5798184460992180655, -20.82806851634349599, 750.0603792935648926 ) ) ;
#681 = AXIS2_PLACEMENT_3D ( 'NONE', #1791, #2304, #2333 ) ;
#682 = CARTESIAN_POINT ( 'NONE',  ( -68.11181421302309502, 33.82496862496899581, 830.0886582262800175 ) ) ;
#683 = CARTESIAN_POINT ( 'NONE',  ( -212.9428415495014804, 129.1623782939240073, 899.9868420193299698 ) ) ;
#684 = CARTESIAN_POINT ( 'NONE',  ( -211.5262070134544956, 131.2054339832250207, 857.0641459396191522 ) ) ;
#685 = CARTESIAN_POINT ( 'NONE',  ( -34.08646869851784800, 7.527943532748869515, 868.7776436194550342 ) ) ;
#686 = CARTESIAN_POINT ( 'NONE',  ( -139.6260281355916106, 82.79080884488590186, 838.7290245237650197 ) ) ;
#687 = CARTESIAN_POINT ( 'NONE',  ( -132.5233292634642623, 74.06769389617717536, 882.6575919111621715 ) ) ;
#688 = CARTESIAN_POINT ( 'NONE',  ( -2.830492955143694811, -24.04236483026065230, 767.0853760387550437 ) ) ;
#689 = EDGE_CURVE ( 'NONE', #367, #1354, #1908, .T. ) ;
#690 = SURFACE_SIDE_STYLE ('',( #1663 ) ) ;
#691 = CARTESIAN_POINT ( 'NONE',  ( -73.51742458391140644, 26.10495694856034987, 799.8966508143799956 ) ) ;
#692 = CARTESIAN_POINT ( 'NONE',  ( -121.4762417993250097, 61.53342193033730467, 882.7164880766400756 ) ) ;
#693 = B_SPLINE_CURVE_WITH_KNOTS ( 'NONE', 3,
 ( #1642, #1148, #685, #954, #162 ),
 .UNSPECIFIED., .F., .F.,
 ( 4, 1, 4 ),
 ( 0.000000000000000000, 0.001881078266465130129, 0.006830895209814789697 ),
 .UNSPECIFIED. ) ;
#694 = EDGE_CURVE ( 'NONE', #145, #1131, #1644, .T. ) ;
#695 = CARTESIAN_POINT ( 'NONE',  ( -49.38027499333730219, 10.36242252792057883, 863.6307475389853607 ) ) ;
#696 = CARTESIAN_POINT ( 'NONE',  ( -213.7916031682230198, 127.9701129803113844, 918.2587535237199745 ) ) ;
#697 = ORIENTED_EDGE ( 'NONE', *, *, #1688, .T. ) ;
#698 = CARTESIAN_POINT ( 'NONE',  ( -3.380398359958235233, -24.82771113804324870, 785.8764603994650315 ) ) ;
#699 = CARTESIAN_POINT ( 'NONE',  ( -211.4494882497510275, 131.3149997326892162, 858.1703062687950023 ) ) ;
#700 = CARTESIAN_POINT ( 'NONE',  ( -139.5787016432977907, 82.85839808052070055, 842.0790406311100469 ) ) ;
#701 = CARTESIAN_POINT ( 'NONE',  ( -193.8375075914413799, 112.4145731523048397, 895.4439854164854751 ) ) ;
#702 = CARTESIAN_POINT ( 'NONE',  ( -69.29249676077769493, 32.13877919779745440, 788.9194395435999922 ) ) ;
#703 = CARTESIAN_POINT ( 'NONE',  ( -170.1341881316809861, 99.22158039137389096, 890.5903651480820145 ) ) ;
#704 = CARTESIAN_POINT ( 'NONE',  ( -211.4759355005105022, 131.2772291442325923, 899.5796527256949275 ) ) ;
#705 = CARTESIAN_POINT ( 'NONE',  ( -35.97620718802745188, 1.342223676212661809, 866.2496479273838759 ) ) ;
#706 = CARTESIAN_POINT ( 'NONE',  ( -213.4295091320669826, 128.4872368563013936, 850.0847312374960438 ) ) ;
#707 = B_SPLINE_CURVE_WITH_KNOTS ( 'NONE', 3,
 ( #765, #2491, #1272, #65 ),
 .UNSPECIFIED., .F., .F.,
 ( 4, 4 ),
 ( 0.000000000000000000, 1.000000000000000000 ),
 .UNSPECIFIED. ) ;
#708 = CARTESIAN_POINT ( 'NONE',  ( -25.75815013423673605, -0.1038945052260646096, 886.9769718695407619 ) ) ;
#709 = CARTESIAN_POINT ( 'NONE',  ( -214.8630383745644963, 126.4399449260229744, 867.5070630339199624 ) ) ;
#710 = DIRECTION ( 'NONE',  ( 0.000000000000000000, -1.000000000000000000, 6.560960761625800054E-09 ) ) ;
#711 = CARTESIAN_POINT ( 'NONE',  ( -211.1006191684425062, 131.8132364157731899, 883.5493426762910758 ) ) ;
#712 = DIRECTION ( 'NONE',  ( 0.8062048107990181789, -0.5645300948555136422, -0.1770298704934965828 ) ) ;
#713 = CARTESIAN_POINT ( 'NONE',  ( -72.80190375009830461, 27.12682660115315159, 871.6649680325499503 ) ) ;
#714 = EDGE_LOOP ( 'NONE', ( #34, #1621, #2796, #2347, #2073, #201 ) ) ;
#715 = CARTESIAN_POINT ( 'NONE',  ( -214.9008080156875167, 126.3860042883360109, 870.1803307469399442 ) ) ;
#716 = CARTESIAN_POINT ( 'NONE',  ( 2.437208486953514885, -16.51930751561700106, 761.2447133951329761 ) ) ;
#717 = CARTESIAN_POINT ( 'NONE',  ( -211.3708284592619862, 131.4273375556863925, 859.5003222140350090 ) ) ;
#718 = CARTESIAN_POINT ( 'NONE',  ( -214.5633103269225046, 126.8680009398268140, 896.9092783267619780 ) ) ;
#719 = CARTESIAN_POINT ( 'NONE',  ( -68.56994601869760686, 33.17068859986980556, 797.8903580971820020 ) ) ;
#720 = CARTESIAN_POINT ( 'NONE',  ( -36.03589703524919940, 1.256977716615226059, 864.6745981984610125 ) ) ;
#721 = CARTESIAN_POINT ( 'NONE',  ( -139.6317860957771870, 82.78258562552319688, 858.8324735322739798 ) ) ;
#722 = CARTESIAN_POINT ( 'NONE',  ( -35.79243676264465535, 1.604675042921229977, 870.9161971774409494 ) ) ;
#723 = CARTESIAN_POINT ( 'NONE',  ( -142.5503020655689852, 78.61451286062029453, 816.8965474350100067 ) ) ;
#724 = CARTESIAN_POINT ( 'NONE',  ( -73.82339907387519418, 25.66798009060475039, 834.1156043882299400 ) ) ;
#725 = CARTESIAN_POINT ( 'NONE',  ( -204.6930897556754871, 123.3239853453065962, 898.1689658660949362 ) ) ;
#726 = CARTESIAN_POINT ( 'NONE',  ( -211.0378584550600181, 131.9028680034932108, 872.8541623529760045 ) ) ;
#727 = CARTESIAN_POINT ( 'NONE',  ( -22.45639539710479937, -4.070721775241774587, 858.1746531361100097 ) ) ;
#728 = CARTESIAN_POINT ( 'NONE',  ( -0.5646276282326619933, -20.80637378008660221, 889.2276783682010546 ) ) ;
#729 = CARTESIAN_POINT ( 'NONE',  ( -214.9008080156875167, 126.3860042883360109, 870.1803307469399442 ) ) ;
#730 = ORIENTED_EDGE ( 'NONE', *, *, #542, .T. ) ;
#731 = CARTESIAN_POINT ( 'NONE',  ( -214.3101023583384972, 127.2296193954512091, 855.5190468485889141 ) ) ;
#732 = CARTESIAN_POINT ( 'NONE',  ( -139.7550608954570066, 82.60653096607920531, 833.7075920478910120 ) ) ;
#733 = CARTESIAN_POINT ( 'NONE',  ( -211.0960224092710007, 131.8198012682225908, 867.5070630339249647 ) ) ;
#734 = VERTEX_POINT ( 'NONE', #1949 ) ;
#735 = CARTESIAN_POINT ( 'NONE',  ( -72.21639019993020270, 27.96302661074594909, 886.3986709713020673 ) ) ;
#736 = B_SPLINE_CURVE_WITH_KNOTS ( 'NONE', 3,
 ( #963, #1438, #1936, #3108 ),
 .UNSPECIFIED., .F., .F.,
 ( 4, 4 ),
 ( 3.686076794171099861E-06, 0.0002391809189625154828 ),
 .UNSPECIFIED. ) ;
#737 = CARTESIAN_POINT ( 'NONE',  ( -211.0582527681459908, 131.8737419059091849, 870.1803307469309630 ) ) ;
#738 = CARTESIAN_POINT ( 'NONE',  ( -131.4934902108995800, 75.53846252813399076, 885.3599296384346644 ) ) ;
#739 = CARTESIAN_POINT ( 'NONE',  ( -143.1729883903352061, 77.72522462708020896, 819.6044445099389577 ) ) ;
#740 = CARTESIAN_POINT ( 'NONE',  ( -73.60294112318399584, 25.98282667345495156, 801.9051208345010764 ) ) ;
#741 = CARTESIAN_POINT ( 'NONE',  ( -53.72263029807189127, 21.78092574697597072, 865.4485531498152113 ) ) ;
#742 = CARTESIAN_POINT ( 'NONE',  ( -211.3957504569705179, 131.3917452543350066, 896.9092783278559864 ) ) ;
#743 = DIRECTION ( 'NONE',  ( 0.8062139315781652327, -0.5645170692166481263, -0.1770298706216650586 ) ) ;
#744 = CARTESIAN_POINT ( 'NONE',  ( -142.3884575895160083, 78.84565072649741069, 915.6895921129030285 ) ) ;
#745 = CARTESIAN_POINT ( 'NONE',  ( -144.4123756063879966, 75.95519624489290322, 852.1316916243559945 ) ) ;
#746 = ORIENTED_EDGE ( 'NONE', *, *, #523, .F. ) ;
#747 = CARTESIAN_POINT ( 'NONE',  ( -73.75566015456909952, 25.76472129319044768, 806.5968048697679933 ) ) ;
#748 = CARTESIAN_POINT ( 'NONE',  ( 3.416302434430145141, -15.12101644611495033, 790.5809672639300061 ) ) ;
#749 = EDGE_CURVE ( 'NONE', #492, #1567, #2638, .T. ) ;
#750 = CARTESIAN_POINT ( 'NONE',  ( -68.15603386191240531, 33.76181642154919871, 809.9509860136050747 ) ) ;
#751 = ORIENTED_EDGE ( 'NONE', *, *, #1028, .F. ) ;
#752 = CARTESIAN_POINT ( 'NONE',  ( -214.8584416154030237, 126.4465097784559759, 883.5493426760999682 ) ) ;
#753 = CARTESIAN_POINT ( 'NONE',  ( -139.5603308340247963, 82.88463431516659341, 852.1316916243849846 ) ) ;
#754 = PLANE ( 'NONE',  #924 ) ;
#755 = CARTESIAN_POINT ( 'NONE',  ( -142.8898009853463975, 78.12965815504939826, 818.0037412710199760 ) ) ;
#756 = CARTESIAN_POINT ( 'NONE',  ( -2.830492955143694811, -24.04236483026065230, 767.0853760387550437 ) ) ;
#757 = CARTESIAN_POINT ( 'NONE',  ( -207.0389804602234847, 127.9851120253808148, 901.6839861749049305 ) ) ;
#758 = EDGE_CURVE ( 'NONE', #2358, #1757, #2492, .T. ) ;
#759 = CARTESIAN_POINT ( 'NONE',  ( -68.23069194241519142, 33.65519363269154951, 806.5968048697690165 ) ) ;
#760 = CARTESIAN_POINT ( 'NONE',  ( -203.7706040756983725, 123.9394689957947833, 921.8206697222150297 ) ) ;
#761 = CARTESIAN_POINT ( 'NONE',  ( -214.1803077050205104, 127.4149853708730120, 908.4774181441999872 ) ) ;
#762 = CARTESIAN_POINT ( 'NONE',  ( -73.88720157853479975, 25.57686067074985203, 813.9777505152900403 ) ) ;
#763 = CARTESIAN_POINT ( 'NONE',  ( -144.3466783048181981, 76.04902171517790066, 838.7290245237630870 ) ) ;
#764 = CARTESIAN_POINT ( 'NONE',  ( -211.0332689534629935, 131.9094224910498099, 875.5282126939000591 ) ) ;
#765 = CARTESIAN_POINT ( 'NONE',  ( -33.93202981427794640, 7.748505094171740382, 864.6745981558699441 ) ) ;
#766 = CARTESIAN_POINT ( 'NONE',  ( -68.60749033748770387, 33.11706975582535506, 854.2397849133940326 ) ) ;
#767 = ORIENTED_EDGE ( 'NONE', *, *, #1171, .T. ) ;
#768 = CARTESIAN_POINT ( 'NONE',  ( -1.008805746320646124, -21.44072587407239894, 879.8498069073449415 ) ) ;
#769 = CARTESIAN_POINT ( 'NONE',  ( -134.7444812061789889, 70.89555830123988756, 885.5194628826119470 ) ) ;
#770 = CARTESIAN_POINT ( 'NONE',  ( -73.41640607828641407, 26.24922632601310113, 797.8903580971820020 ) ) ;
#771 = CARTESIAN_POINT ( 'NONE',  ( -201.0394198751370141, 120.4030932927300057, 897.3459487141549289 ) ) ;
#772 = CARTESIAN_POINT ( 'NONE',  ( -71.82613253791420505, 28.52037231286979946, 784.1337244893340994 ) ) ;
#773 = B_SPLINE_CURVE_WITH_KNOTS ( 'NONE', 3,
 ( #2865, #944, #1681, #2176 ),
 .UNSPECIFIED., .F., .F.,
 ( 4, 4 ),
 ( 0.000000000000000000, 1.000000000000000000 ),
 .UNSPECIFIED. ) ;
#774 = CARTESIAN_POINT ( 'NONE',  ( -142.2209101187737872, 79.08493331287259309, 816.2871264268949290 ) ) ;
#775 = CARTESIAN_POINT ( 'NONE',  ( -177.9714809423605004, 107.8101980967543909, 895.3729555317380573 ) ) ;
#776 = CARTESIAN_POINT ( 'NONE',  ( -68.38341097380049405, 33.43708825242730143, 801.9051208345010764 ) ) ;
#777 = DIRECTION ( 'NONE',  ( -0.1450182577416639917, 0.1015346249225079767, -0.9842054789846569340 ) ) ;
#778 = CARTESIAN_POINT ( 'NONE',  ( -214.8630383745644963, 126.4399449260229744, 867.5070630339199624 ) ) ;
#779 = CARTESIAN_POINT ( 'NONE',  ( -214.8155762876419885, 126.5077278108561956, 886.2223378910109659 ) ) ;
#780 = CARTESIAN_POINT ( 'NONE',  ( -124.7297349333514092, 66.97055273094470351, 889.9207176938930388 ) ) ;
#781 = CARTESIAN_POINT ( 'NONE',  ( -140.4816007132893958, 81.56892457342330260, 890.0711930966830323 ) ) ;
#782 = CARTESIAN_POINT ( 'NONE',  ( 0.5646298618800250635, -19.19362694648355117, 889.2276786102900132 ) ) ;
#783 = CARTESIAN_POINT ( 'NONE',  ( -27.76855916800156976, -2.975108760224960847, 881.2258745852655011 ) ) ;
#784 = CARTESIAN_POINT ( 'NONE',  ( -140.0016203972290043, 82.25440750508019505, 875.5745316206250664 ) ) ;
#785 = ORIENTED_EDGE ( 'NONE', *, *, #2546, .T. ) ;
#786 = CARTESIAN_POINT ( 'NONE',  ( -214.9154650257124786, 126.3650719086853940, 878.2022096739690369 ) ) ;
#787 = CARTESIAN_POINT ( 'NONE',  ( -82.20671663686366060, 37.56176381176318557, 871.2792757471452205 ) ) ;
#788 = CARTESIAN_POINT ( 'NONE',  ( -0.9729166022832930194, -21.38947086455180013, 751.0167128472049853 ) ) ;
#789 = VECTOR ( 'NONE', #3041, 1000.000000000000000 ) ;
#790 = CARTESIAN_POINT ( 'NONE',  ( -24.85301778153840147, 1.188598528266545884, 865.9156240198259411 ) ) ;
#791 = CARTESIAN_POINT ( 'NONE',  ( -32.55974778922053048, 6.777308029421701185, 864.6744271049909685 ) ) ;
#792 = CARTESIAN_POINT ( 'NONE',  ( -0.9729166022832930194, -21.38947086455180013, 751.0167128472049853 ) ) ;
#793 = CARTESIAN_POINT ( 'NONE',  ( 0.3293201357298864429, -19.52968406285189928, 749.6643380746800176 ) ) ;
#794 = CARTESIAN_POINT ( 'NONE',  ( -70.12952788261249282, 30.94337486956850114, 894.4300681264770674 ) ) ;
#795 = ADVANCED_FACE ( 'NONE', ( #961 ), #2900, .T. ) ;
#796 = CARTESIAN_POINT ( 'NONE',  ( -55.69428233683810703, 18.99753412261059893, 865.4602774125039559 ) ) ;
#797 = CARTESIAN_POINT ( 'NONE',  ( -144.1575241769642162, 76.31916180583959886, 832.0353679491399816 ) ) ;
#798 = CARTESIAN_POINT ( 'NONE',  ( -144.0863714100885886, 76.42077848802679796, 830.3644444181429662 ) ) ;
#799 = CARTESIAN_POINT ( 'NONE',  ( -134.4472526052324497, 71.32017309516491821, 893.4862118460032434 ) ) ;
#800 = CARTESIAN_POINT ( 'NONE',  ( -68.49588141539889818, 33.27646381544100507, 850.2165654198289531 ) ) ;
#801 = DIRECTION ( 'NONE',  ( 0.5735764357580607209, 0.8191520447042045516, 0.000000000000000000 ) ) ;
#802 = ORIENTED_EDGE ( 'NONE', *, *, #2732, .F. ) ;
#803 = ORIENTED_EDGE ( 'NONE', *, *, #418, .F. ) ;
#804 = CARTESIAN_POINT ( 'NONE',  ( -73.90928618706350051, 25.54532058110029880, 826.0611735747420425 ) ) ;
#805 = CARTESIAN_POINT ( 'NONE',  ( -212.4061996458680142, 129.9486742592964106, 923.5905908014400438 ) ) ;
#806 = CARTESIAN_POINT ( 'NONE',  ( -214.3648803209605092, 127.1513883573194050, 856.1807038834540435 ) ) ;
#807 = DIRECTION ( 'NONE',  ( -0.000000000000000000, -8.121431911863302017E-06, -0.9999999999670211581 ) ) ;
#808 = CARTESIAN_POINT ( 'NONE',  ( -1.834429621144104905, -22.61983896522025006, 755.4607392153019418 ) ) ;
#809 = CARTESIAN_POINT ( 'NONE',  ( -2.120149864900135128, -23.02788976182630165, 757.7598091910759877 ) ) ;
#810 = CARTESIAN_POINT ( 'NONE',  ( -212.9387462032265148, 129.1881189549078215, 934.2462908152369891 ) ) ;
#811 = CARTESIAN_POINT ( 'NONE',  ( -11.81300785261190001, -7.619700576190560959, 860.0333613749240840 ) ) ;
#812 = CARTESIAN_POINT ( 'NONE',  ( -133.9128672646477867, 72.08339591590763007, 905.9411474376312299 ) ) ;
#813 = CARTESIAN_POINT ( 'NONE',  ( -141.2678637642401895, 80.44602456443250560, 909.0103294639579872 ) ) ;
#814 = PLANE ( 'NONE',  #416 ) ;
#815 = VERTEX_POINT ( 'NONE', #1388 ) ;
#816 = ORIENTED_EDGE ( 'NONE', *, *, #1590, .T. ) ;
#817 = B_SPLINE_CURVE_WITH_KNOTS ( 'NONE', 3,
 ( #2654, #722, #940, #705, #4 ),
 .UNSPECIFIED., .F., .F.,
 ( 4, 1, 4 ),
 ( 3.890645164936434707E-11, 0.002280845274851465033, 0.007016304726018009717 ),
 .UNSPECIFIED. ) ;
#818 = CARTESIAN_POINT ( 'NONE',  ( -205.8018275918721542, 121.0384602438187898, 900.4389054810695825 ) ) ;
#819 = CARTESIAN_POINT ( 'NONE',  ( -1.986506569278305268, -22.83702735556950003, 756.6067952899270495 ) ) ;
#820 = CARTESIAN_POINT ( 'NONE',  ( -132.5733502324810331, 73.99623723167594846, 882.6169638627075074 ) ) ;
#821 = CARTESIAN_POINT ( 'NONE',  ( -205.4248364944287459, 121.5769755544107369, 910.8266664058652395 ) ) ;
#822 = CARTESIAN_POINT ( 'NONE',  ( 0.9729188504032940665, -18.61052984134930099, 751.0167128472039622 ) ) ;
#823 = CARTESIAN_POINT ( 'NONE',  ( -142.3993633244664068, 78.83007572286669529, 816.5699116640079183 ) ) ;
#824 = CARTESIAN_POINT ( 'NONE',  ( -69.76996189972729212, 31.45688831131864660, 886.3986710218790677 ) ) ;
#825 = CARTESIAN_POINT ( 'NONE',  ( -129.1530736919804099, 70.43383402049130382, 881.5821684600130084 ) ) ;
#826 = CARTESIAN_POINT ( 'NONE',  ( -134.1652185056037467, 71.72295953238230481, 900.3396338168701050 ) ) ;
#827 = CARTESIAN_POINT ( 'NONE',  ( 3.305880049553145295, -15.27871595497675017, 809.3987352442389920 ) ) ;
#828 = CARTESIAN_POINT ( 'NONE',  ( 1.428785959053089805, -17.95948413879180094, 870.4686297551020289 ) ) ;
#829 = LINE ( 'NONE', #1801, #2573 ) ;
#830 = ORIENTED_EDGE ( 'NONE', *, *, #2856, .T. ) ;
#831 = VECTOR ( 'NONE', #306, 1000.000000000000227 ) ;
#832 = CARTESIAN_POINT ( 'NONE',  ( -64.09609071785948231, 24.88042687122393559, 867.3048208922151616 ) ) ;
#833 = CARTESIAN_POINT ( 'NONE',  ( -73.29780069934460585, 26.41861236153719972, 795.8869776389780100 ) ) ;
#834 = ORIENTED_EDGE ( 'NONE', *, *, #2314, .T. ) ;
#835 = CARTESIAN_POINT ( 'NONE',  ( -124.5576622971459955, 67.21629855057419434, 889.9207156980850186 ) ) ;
#836 = AXIS2_PLACEMENT_3D ( 'NONE', #649, #1620, #407 ) ;
#837 = CARTESIAN_POINT ( 'NONE',  ( -134.7479230408615081, 70.89064224164982875, 885.4235393780190861 ) ) ;
#838 = CARTESIAN_POINT ( 'NONE',  ( -71.27511400887470927, 29.30730832679564912, 782.9757322507879280 ) ) ;
#839 = CARTESIAN_POINT ( 'NONE',  ( -71.27511400887470927, 29.30730832679564912, 782.9757322507879280 ) ) ;
#840 = AXIS2_PLACEMENT_3D ( 'NONE', #835, #3059, #2060 ) ;
#841 = CARTESIAN_POINT ( 'NONE',  ( -69.18444834754880901, 32.29308832378264782, 871.6649680450850610 ) ) ;
#842 = CARTESIAN_POINT ( 'NONE',  ( -204.6930897556754871, 123.3239853453065962, 898.1689658660949362 ) ) ;
#843 = CARTESIAN_POINT ( 'NONE',  ( -108.7854851170634021, 56.53865793018499630, 877.1740496749839622 ) ) ;
#844 = CARTESIAN_POINT ( 'NONE',  ( 3.035216232012444504, -15.66526394649474874, 823.5053166903569490 ) ) ;
#845 = CARTESIAN_POINT ( 'NONE',  ( -200.8617714043494971, 120.6618640970287970, 897.3298030975059874 ) ) ;
#846 = VERTEX_POINT ( 'NONE', #246 ) ;
#847 = ORIENTED_EDGE ( 'NONE', *, *, #178, .T. ) ;
#848 = ADVANCED_FACE ( 'NONE', ( #929 ), #2369, .T. ) ;
#849 = CARTESIAN_POINT ( 'NONE',  ( -72.21639019993020270, 27.96302661074594909, 886.3986709713020673 ) ) ;
#850 = CARTESIAN_POINT ( 'NONE',  ( -141.0829054546755970, 80.71017240556770389, 818.0037412710199760 ) ) ;
#851 = PLANE ( 'NONE',  #681 ) ;
#852 = CARTESIAN_POINT ( 'NONE',  ( -133.1218632800000137, 73.21287658482638960, 882.4536087873119641 ) ) ;
#853 = CARTESIAN_POINT ( 'NONE',  ( -212.0326727237695081, 130.4821259885553957, 852.2458641094949598 ) ) ;
#854 = CARTESIAN_POINT ( 'NONE',  ( -140.5715023372565895, 81.44053174835019604, 821.2320837972760046 ) ) ;
#855 = CARTESIAN_POINT ( 'NONE',  ( -212.6586882202609843, 129.5880832050524134, 928.9205491098499579 ) ) ;
#856 = CARTESIAN_POINT ( 'NONE',  ( -146.7104692533928016, 82.78773449180869193, 885.4436032277640152 ) ) ;
#857 = CARTESIAN_POINT ( 'NONE',  ( -133.5678880465727616, 72.57588665199547506, 882.5372904980361000 ) ) ;
#858 = EDGE_CURVE ( 'NONE', #1567, #3055, #773, .T. ) ;
#859 = CARTESIAN_POINT ( 'NONE',  ( -73.25799894570349124, 26.47545515666470095, 858.2621862796149799 ) ) ;
#860 = DIRECTION ( 'NONE',  ( -0.1450182577416639917, 0.1015346249225079767, -0.9842054789846569340 ) ) ;
#861 = CARTESIAN_POINT ( 'NONE',  ( -37.43535575873435306, 2.745237145252255040, 871.0491121132470198 ) ) ;
#862 = EDGE_LOOP ( 'NONE', ( #802, #2662, #100, #2212 ) ) ;
#863 = CARTESIAN_POINT ( 'NONE',  ( -71.47654260887429700, 29.01963847320539713, 902.4586352405519847 ) ) ;
#864 = CARTESIAN_POINT ( 'NONE',  ( -0.5798184460992180655, -20.82806851634349599, 750.0603792935648926 ) ) ;
#865 = ORIENTED_EDGE ( 'NONE', *, *, #758, .F. ) ;
#866 = CARTESIAN_POINT ( 'NONE',  ( -133.1218632800000137, 73.21287658482638960, 882.4536087873119641 ) ) ;
#867 = CARTESIAN_POINT ( 'NONE',  ( -134.3160219785504239, 71.50744607459854763, 883.3821435808184788 ) ) ;
#868 = CARTESIAN_POINT ( 'NONE',  ( -68.80388621891920309, 32.83658736922624399, 794.2207006091380208 ) ) ;
#869 = CARTESIAN_POINT ( 'NONE',  ( -70.02380314179019649, 31.09436544743735098, 784.5780276304300287 ) ) ;
#870 = CARTESIAN_POINT ( 'NONE',  ( -204.6483490106334955, 122.6860279643167928, 928.0965304994500684 ) ) ;
#871 = ADVANCED_FACE ( 'NONE', ( #3153 ), #3026, .T. ) ;
#872 = CARTESIAN_POINT ( 'NONE',  ( -134.5410349677401030, 71.18609752969180704, 883.9280469892551082 ) ) ;
#873 = CARTESIAN_POINT ( 'NONE',  ( -144.0639442490153783, 76.45280779341059940, 872.2274645212779660 ) ) ;
#874 = CARTESIAN_POINT ( 'NONE',  ( -133.1218632800000137, 73.21287658482638960, 882.4536087873119641 ) ) ;
#875 =( NAMED_UNIT ( * ) PLANE_ANGLE_UNIT ( ) SI_UNIT ( $, .RADIAN. ) );
#876 = EDGE_LOOP ( 'NONE', ( #2477, #2765, #350, #1923 ) ) ;
#877 = CARTESIAN_POINT ( 'NONE',  ( 0.9729188504032940665, -18.61052984134930099, 751.0167128472039622 ) ) ;
#878 = FACE_OUTER_BOUND ( 'NONE', #714, .T. ) ;
#879 = CARTESIAN_POINT ( 'NONE',  ( -69.56676337616529793, 31.74708587771619861, 786.9630249103829556 ) ) ;
#880 = ORIENTED_EDGE ( 'NONE', *, *, #2554, .T. ) ;
#881 = CARTESIAN_POINT ( 'NONE',  ( -33.76838073921235406, 7.052828128302370381, 871.6745981604340159 ) ) ;
#882 = CARTESIAN_POINT ( 'NONE',  ( -134.7391262825760805, 70.90344660268478094, 885.0346948856216613 ) ) ;
#883 = CARTESIAN_POINT ( 'NONE',  ( -68.90658782965689966, 32.68991426856240423, 792.8900435579060968 ) ) ;
#884 = CARTESIAN_POINT ( 'NONE',  ( -45.02572784231080050, 15.44448740436784995, 867.2569679561939893 ) ) ;
#885 = CARTESIAN_POINT ( 'NONE',  ( -109.0181991611694059, 56.21288130207290124, 877.1530880310640441 ) ) ;
#886 = CARTESIAN_POINT ( 'NONE',  ( -144.3409203446389881, 76.05724493453040225, 858.8324735321649541 ) ) ;
#887 = CARTESIAN_POINT ( 'NONE',  ( -204.3614929621529939, 123.0954376414793927, 898.0965286604749735 ) ) ;
#888 = CARTESIAN_POINT ( 'NONE',  ( -31.29205217175925213, -2.105818705464165053, 863.4676373992049321 ) ) ;
#889 = EDGE_CURVE ( 'NONE', #3055, #987, #1497, .T. ) ;
#890 = ORIENTED_EDGE ( 'NONE', *, *, #2388, .T. ) ;
#891 = CARTESIAN_POINT ( 'NONE',  ( -212.9156236022684823, 129.2211414513765817, 849.5127573054589902 ) ) ;
#892 = FACE_OUTER_BOUND ( 'NONE', #1325, .T. ) ;
#893 = CARTESIAN_POINT ( 'NONE',  ( -140.6797580898403908, 81.28592651108129985, 820.4158644909999794 ) ) ;
#894 = ORIENTED_EDGE ( 'NONE', *, *, #2221, .T. ) ;
#895 = CARTESIAN_POINT ( 'NONE',  ( -71.05460956973260522, 29.62222130203440074, 910.4808309078071034 ) ) ;
#896 = CARTESIAN_POINT ( 'NONE',  ( -203.0480995578177783, 124.9711922340161863, 899.6115082561456120 ) ) ;
#897 = VECTOR ( 'NONE', #1827, 999.9999999999998863 ) ;
#898 = CARTESIAN_POINT ( 'NONE',  ( 2.120152111349855151, -16.97211094646024776, 757.7598091910770108 ) ) ;
#899 = CARTESIAN_POINT ( 'NONE',  ( -95.23074197600995205, 50.59287414500517599, 874.5369443375376477 ) ) ;
#900 = CARTESIAN_POINT ( 'NONE',  ( -108.9611249623712013, 56.29538257213349794, 877.1499283322200426 ) ) ;
#901 = CARTESIAN_POINT ( 'NONE',  ( -1.008805746320646124, -21.44072587407239894, 879.8498069073449415 ) ) ;
#902 = CARTESIAN_POINT ( 'NONE',  ( -27.63702328453695856, -2.787432270268949352, 859.6558816737766620 ) ) ;
#903 = ORIENTED_EDGE ( 'NONE', *, *, #311, .T. ) ;
#904 = CARTESIAN_POINT ( 'NONE',  ( -71.08943930124939925, 29.57247929039345280, 782.8460906387920204 ) ) ;
#905 = CARTESIAN_POINT ( 'NONE',  ( -143.6499075634555993, 77.04411346061070276, 885.6118103790820442 ) ) ;
#906 = CARTESIAN_POINT ( 'NONE',  ( -69.90733859570930520, 31.26069405677894864, 785.0390244078100750 ) ) ;
#907 = CARTESIAN_POINT ( 'NONE',  ( -33.07920870903370059, 7.147190327672509724, 864.6744241784710994 ) ) ;
#908 = CARTESIAN_POINT ( 'NONE',  ( -202.9328228344524803, 125.1358343832250029, 900.7854044990459670 ) ) ;
#909 = CARTESIAN_POINT ( 'NONE',  ( 1.132305844306396025, -18.38290162370600100, 751.5356442139880073 ) ) ;
#910 = CARTESIAN_POINT ( 'NONE',  ( -37.25871952180355606, 6.455153451454369140, 870.7892425824350084 ) ) ;
#911 = CARTESIAN_POINT ( 'NONE',  ( -125.8918333219580035, 68.15035765584610772, 880.8662009389020113 ) ) ;
#912 = CARTESIAN_POINT ( 'NONE',  ( -73.59168483293200325, 25.99890232194160333, 846.1925104178899346 ) ) ;
#913 = CARTESIAN_POINT ( 'NONE',  ( -24.79586222487115776, 1.270190825842451909, 861.7069847603188464 ) ) ;
#914 = CARTESIAN_POINT ( 'NONE',  ( -18.32932927184429772, -6.986860459836890413, 857.2657077931570484 ) ) ;
#915 = VERTEX_POINT ( 'NONE', #2486 ) ;
#916 = CARTESIAN_POINT ( 'NONE',  ( 0.3293201357298864429, -19.52968406285189928, 749.6643380746800176 ) ) ;
#917 = CARTESIAN_POINT ( 'NONE',  ( -68.46892751307339609, 33.31495797732119257, 799.8966508143789724 ) ) ;
#918 = DIRECTION ( 'NONE',  ( -0.5735754540170351357, -0.8191527320987789240, 6.652693138758422446E-06 ) ) ;
#919 = CARTESIAN_POINT ( 'NONE',  ( 1.834431867617110079, -17.38016174303299977, 755.4607392153029650 ) ) ;
#920 = EDGE_CURVE ( 'NONE', #987, #2941, #2574, .T. ) ;
#921 = CARTESIAN_POINT ( 'NONE',  ( -205.7184295276943544, 121.1576812491585144, 902.8956764004477691 ) ) ;
#922 = CARTESIAN_POINT ( 'NONE',  ( -211.1434844961740112, 131.7520183834151908, 886.2223378906450080 ) ) ;
#923 = EDGE_CURVE ( 'NONE', #1391, #1954, #2034, .T. ) ;
#924 = AXIS2_PLACEMENT_3D ( 'NONE', #1046, #2016, #2222 ) ;
#925 = CARTESIAN_POINT ( 'NONE',  ( -37.60287248619255251, 5.963667198176610285, 870.7892482630689983 ) ) ;
#926 = CARTESIAN_POINT ( 'NONE',  ( -213.6230396702299856, 128.2108466039802295, 850.6627944633120251 ) ) ;
#927 = CARTESIAN_POINT ( 'NONE',  ( -183.9021244330290017, 108.8486432000621988, 893.6121755423650939 ) ) ;
#928 = CARTESIAN_POINT ( 'NONE',  ( -214.6553182362659982, 126.7366000274932105, 860.8322380219069601 ) ) ;
#929 = FACE_OUTER_BOUND ( 'NONE', #2452, .T. ) ;
#930 = DIRECTION ( 'NONE',  ( -0.1450182577416639917, 0.1015346249225079767, -0.9842054789846569340 ) ) ;
#931 = CARTESIAN_POINT ( 'NONE',  ( -73.37886175955610213, 26.30284516997184951, 854.2397849122789921 ) ) ;
#932 = ORIENTED_EDGE ( 'NONE', *, *, #1652, .T. ) ;
#933 = CARTESIAN_POINT ( 'NONE',  ( 1.666191297636890001, -17.62043417770345144, 754.3216053108260439 ) ) ;
#934 = AXIS2_PLACEMENT_3D ( 'NONE', #2774, #584, #1315 ) ;
#935 = CARTESIAN_POINT ( 'NONE',  ( -211.7080329200020117, 130.9457596772145962, 854.8584957246520162 ) ) ;
#936 = CARTESIAN_POINT ( 'NONE',  ( -32.87002608086518762, -1.297901781842352609, 859.9951102014232447 ) ) ;
#937 = CARTESIAN_POINT ( 'NONE',  ( -211.8505079137355267, 130.7422842989030016, 853.5447280509520169 ) ) ;
#938 = CARTESIAN_POINT ( 'NONE',  ( -32.54348766095584722, 6.244655234121850640, 870.9161971741330035 ) ) ;
#939 = CARTESIAN_POINT ( 'NONE',  ( -68.39466726405069608, 33.42101260394315432, 846.1925104178388892 ) ) ;
#940 = CARTESIAN_POINT ( 'NONE',  ( -35.88576911128554769, 1.471382635245220172, 868.5830941323449679 ) ) ;
#941 = CARTESIAN_POINT ( 'NONE',  ( -213.9263880598664969, 127.7776202059729940, 852.2458641094949598 ) ) ;
#942 = CARTESIAN_POINT ( 'NONE',  ( -25.47303875468296397, 0.3032363149510951539, 880.7213618641741277 ) ) ;
#943 = CARTESIAN_POINT ( 'NONE',  ( -2.557271931907184825, -23.65216477052539901, 762.7989779438969435 ) ) ;
#944 = CARTESIAN_POINT ( 'NONE',  ( -38.64642095146845691, 7.305288844864781694, 861.7585712139597263 ) ) ;
#945 = CARTESIAN_POINT ( 'NONE',  ( 3.226746482433515251, -15.39173040112504864, 777.2550534968040665 ) ) ;
#946 = CARTESIAN_POINT ( 'NONE',  ( -24.61447186201990789, -7.128195355929830335, 858.1772146483530150 ) ) ;
#947 = CARTESIAN_POINT ( 'NONE',  ( -214.9154650257124786, 126.3650719086853940, 878.2022096739690369 ) ) ;
#948 = VERTEX_POINT ( 'NONE', #1016 ) ;
#949 = CARTESIAN_POINT ( 'NONE',  ( -3.424372282222404973, -24.89051240747344806, 795.2858572951030283 ) ) ;
#950 = CARTESIAN_POINT ( 'NONE',  ( -68.06841786206661027, 33.88694503708774874, 818.0053656269460589 ) ) ;
#951 = CARTESIAN_POINT ( 'NONE',  ( -68.98880458552189054, 32.57249657255304953, 791.8933060759009095 ) ) ;
#952 = CARTESIAN_POINT ( 'NONE',  ( -179.8979370486669893, 105.8738831764359958, 892.7152882152440725 ) ) ;
#953 = CARTESIAN_POINT ( 'NONE',  ( -211.3708284592619862, 131.4273375556863925, 859.5003222140350090 ) ) ;
#954 = CARTESIAN_POINT ( 'NONE',  ( -33.99851365737345787, 7.653556349442180107, 866.5058487168819283 ) ) ;
#955 = CARTESIAN_POINT ( 'NONE',  ( -68.60749033748770387, 33.11706975582535506, 854.2397849133940326 ) ) ;
#956 = CARTESIAN_POINT ( 'NONE',  ( -132.0823044559181767, 74.69766963290010153, 900.3299595959603039 ) ) ;
#957 = CARTESIAN_POINT ( 'NONE',  ( -73.29780069934460585, 26.41861236153719972, 795.8869776389780100 ) ) ;
#958 =( LENGTH_UNIT ( ) NAMED_UNIT ( * ) SI_UNIT ( .MILLI., .METRE. ) );
#959 = B_SPLINE_CURVE_WITH_KNOTS ( 'NONE', 3,
 ( #1527, #1732, #26, #1267, #60, #997, #2227 ),
 .UNSPECIFIED., .F., .F.,
 ( 4, 3, 4 ),
 ( 0.1639777697079984886, 0.1854473273256505017, 0.2517297563981435449 ),
 .UNSPECIFIED. ) ;
#960 = CARTESIAN_POINT ( 'NONE',  ( -73.92484546493858488, 25.52309962941630062, 822.0333090947120809 ) ) ;
#961 = FACE_OUTER_BOUND ( 'NONE', #1157, .T. ) ;
#962 = CARTESIAN_POINT ( 'NONE',  ( -68.06841786206661027, 33.88694503708774874, 818.0053656269460589 ) ) ;
#963 = CARTESIAN_POINT ( 'NONE',  ( -184.1097198765444887, 108.5487897537511941, 893.6229424782420665 ) ) ;
#964 = EDGE_CURVE ( 'NONE', #218, #2372, #2105, .T. ) ;
#965 = CARTESIAN_POINT ( 'NONE',  ( -3.139927754348564637, -24.48428352196174629, 818.8039913659490594 ) ) ;
#966 = CARTESIAN_POINT ( 'NONE',  ( -143.9710860432391826, 76.58542305489929447, 875.5745316195200303 ) ) ;
#967 = ORIENTED_EDGE ( 'NONE', *, *, #1553, .F. ) ;
#968 = CARTESIAN_POINT ( 'NONE',  ( -214.4328537703760276, 127.0543122110252057, 857.0641459396191522 ) ) ;
#969 = CARTESIAN_POINT ( 'NONE',  ( -140.1650466161869986, 82.02101067622560038, 825.6424232743779612 ) ) ;
#970 = CARTESIAN_POINT ( 'NONE',  ( -139.5531381585632005, 82.89490652029050466, 845.4297639899609749 ) ) ;
#971 = CARTESIAN_POINT ( 'NONE',  ( -71.85682420903259526, 28.47654006393900161, 894.4300682275210193 ) ) ;
#972 = CARTESIAN_POINT ( 'NONE',  ( -140.2094179080329752, 81.95764190421949991, 882.2666725340849325 ) ) ;
#973 = DIRECTION ( 'NONE',  ( -0.1450182577416639917, 0.1015346249225079767, -0.9842054789846569340 ) ) ;
#974 = CARTESIAN_POINT ( 'NONE',  ( -72.56368898588199556, 27.46703254184505028, 787.9383018531509606 ) ) ;
#975 = CARTESIAN_POINT ( 'NONE',  ( -214.2510278638189902, 127.3139865170480078, 854.8584957246520162 ) ) ;
#976 = CARTESIAN_POINT ( 'NONE',  ( -53.17812213684880618, 17.60196353895310040, 864.9802802617459747 ) ) ;
#977 = VECTOR ( 'NONE', #973, 1000.000000000000114 ) ;
#978 = CARTESIAN_POINT ( 'NONE',  ( -68.09915051844950540, 33.84305425513210253, 813.9777505152900403 ) ) ;
#979 = CARTESIAN_POINT ( 'NONE',  ( -47.25167890930899972, 13.37952045949897872, 863.6283645102820401 ) ) ;
#980 = CARTESIAN_POINT ( 'NONE',  ( -214.0111110445340046, 127.6566232442946074, 912.9243695892679398 ) ) ;
#981 = CARTESIAN_POINT ( 'NONE',  ( -2.916997114121235413, -24.16590557247934967, 828.2056663190579684 ) ) ;
#982 = ORIENTED_EDGE ( 'NONE', *, *, #1593, .T. ) ;
#983 = CARTESIAN_POINT ( 'NONE',  ( -2.237033685046899922, -23.19481715658929843, 758.9183168595859570 ) ) ;
#984 = CARTESIAN_POINT ( 'NONE',  ( -68.31111623048329307, 33.54033584599359585, 803.9151570363179644 ) ) ;
#985 = EDGE_CURVE ( 'NONE', #915, #679, #2412, .T. ) ;
#986 = CARTESIAN_POINT ( 'NONE',  ( -68.07706590992319207, 33.87459434477889886, 826.0611735747470448 ) ) ;
#987 = VERTEX_POINT ( 'NONE', #2449 ) ;
#988 = VECTOR ( 'NONE', #1598, 1000.000000000000000 ) ;
#989 = CARTESIAN_POINT ( 'NONE',  ( -144.2227194088520150, 76.22605336536980758, 865.5312440156620823 ) ) ;
#990 = CARTESIAN_POINT ( 'NONE',  ( -68.49588141539889818, 33.27646381544100507, 850.2165654198289531 ) ) ;
#991 = ADVANCED_FACE ( 'NONE', ( #1232 ), #1542, .T. ) ;
#992 = CARTESIAN_POINT ( 'NONE',  ( -131.7143930651505457, 75.22275742257789943, 883.8912941543075021 ) ) ;
#993 = CARTESIAN_POINT ( 'NONE',  ( -73.18246587806339676, 26.58332755665815128, 794.2207006091369976 ) ) ;
#994 = CARTESIAN_POINT ( 'NONE',  ( -214.9257918303709971, 126.3503237031957980, 875.5282126939299587 ) ) ;
#995 = CARTESIAN_POINT ( 'NONE',  ( -16.36309801669946395, -4.154196698601962723, 857.2682215154245569 ) ) ;
#996 = CARTESIAN_POINT ( 'NONE',  ( 3.406199014178345141, -15.13544562560885076, 799.9906555251099007 ) ) ;
#997 = CARTESIAN_POINT ( 'NONE',  ( -186.1379332706875118, 110.9460230158012024, 925.1489065443370237 ) ) ;
#998 = CARTESIAN_POINT ( 'NONE',  ( -3.305877803111239910, -24.72128475332089792, 809.3987352442950396 ) ) ;
#999 = CARTESIAN_POINT ( 'NONE',  ( -214.9257918303709971, 126.3503237031957980, 875.5282126939299587 ) ) ;
#1000 = EDGE_LOOP ( 'NONE', ( #1072, #3010, #1475, #2587 ) ) ;
#1001 = CARTESIAN_POINT ( 'NONE',  ( -1.986506569278305268, -22.83702735556950003, 756.6067952899270495 ) ) ;
#1002 = CARTESIAN_POINT ( 'NONE',  ( 3.406199014178345141, -15.13544562560885076, 799.9906555251099007 ) ) ;
#1003 = CARTESIAN_POINT ( 'NONE',  ( -66.13356150606598760, -57.76597111292060305, 898.8893420113280399 ) ) ;
#1004 = B_SPLINE_CURVE_WITH_KNOTS ( 'NONE', 3,
 ( #908, #1627, #207, #896, #174, #1177, #1879, #225, #669, #3089, #1395, #191, #1163, #1191 ),
 .UNSPECIFIED., .F., .F.,
 ( 4, 2, 2, 2, 2, 2, 4 ),
 ( 0.000000000000000000, 0.2500000000000012768, 0.3750000000000010547, 0.5000000000000008882, 0.6250000000000007772, 0.7500000000000004441, 1.000000000000000000 ),
 .UNSPECIFIED. ) ;
#1005 = CARTESIAN_POINT ( 'NONE',  ( -139.6855095348730060, 82.70586060306339959, 862.1821477919388599 ) ) ;
#1006 = VERTEX_POINT ( 'NONE', #2988 ) ;
#1007 = CARTESIAN_POINT ( 'NONE',  ( -214.7046265276149768, 126.6661804894879992, 891.5668978736299550 ) ) ;
#1008 = B_SPLINE_CURVE_WITH_KNOTS ( 'NONE', 3,
 ( #2960, #2270, #275, #87 ),
 .UNSPECIFIED., .F., .F.,
 ( 4, 4 ),
 ( 3.681322038667869723E-06, 0.0003042594468780990074 ),
 .UNSPECIFIED. ) ;
#1009 = CARTESIAN_POINT ( 'NONE',  ( -81.69935466553053516, 37.20649717554538682, 871.1679474877256553 ) ) ;
#1010 = CARTESIAN_POINT ( 'NONE',  ( -213.9263880598664969, 127.7776202059729940, 852.2458641094949598 ) ) ;
#1011 = LINE ( 'NONE', #1778, #977 ) ;
#1012 = CARTESIAN_POINT ( 'NONE',  ( -72.07901350088390302, 28.15922086966224924, 785.0390244078100750 ) ) ;
#1013 = CARTESIAN_POINT ( 'NONE',  ( -72.17653637867739747, 28.01994376612940130, 785.5131440271469501 ) ) ;
#1014 = CARTESIAN_POINT ( 'NONE',  ( -12.21219527195277976, -7.035917653234901259, 856.3593146285018065 ) ) ;
#1015 = CARTESIAN_POINT ( 'NONE',  ( -211.2544342561770065, 131.5935657048190137, 891.5668978728020875 ) ) ;
#1016 = CARTESIAN_POINT ( 'NONE',  ( -34.20237186392409967, 7.362416680162909621, 871.6745981584030005 ) ) ;
#1017 = CARTESIAN_POINT ( 'NONE',  ( -73.88720157853479975, 25.57686067074985203, 813.9777505152900403 ) ) ;
#1018 = CARTESIAN_POINT ( 'NONE',  ( -214.7600552234034978, 126.5870201080805941, 863.5000270594659924 ) ) ;
#1019 = CARTESIAN_POINT ( 'NONE',  ( -134.5563268793389398, 71.16431432302189819, 890.7623407624815854 ) ) ;
#1020 = CARTESIAN_POINT ( 'NONE',  ( 0.2368138216544170005, -19.66179677090984868, 895.4747568475030448 ) ) ;
#1021 = CARTESIAN_POINT ( 'NONE',  ( -212.6586882202609843, 129.5880832050524134, 928.9205491098499579 ) ) ;
#1022 = CARTESIAN_POINT ( 'NONE',  ( 2.916999360594354496, -15.83409513577374916, 828.2056663184279159 ) ) ;
#1023 = ORIENTED_EDGE ( 'NONE', *, *, #2903, .F. ) ;
#1024 = CARTESIAN_POINT ( 'NONE',  ( -73.75881752341089737, 25.76021210317264831, 838.1419576932850077 ) ) ;
#1025 = CARTESIAN_POINT ( 'NONE',  ( -204.5613516712799367, 122.8100276936371813, 898.0972886330604297 ) ) ;
#1026 = CARTESIAN_POINT ( 'NONE',  ( -213.8398178447559985, 127.9012552861246093, 851.7099731832519183 ) ) ;
#1027 = CARTESIAN_POINT ( 'NONE',  ( -35.76177788827639858, 1.648460476504170158, 871.6745981958920311 ) ) ;
#1028 = EDGE_CURVE ( 'NONE', #133, #2372, #959, .T. ) ;
#1029 = CARTESIAN_POINT ( 'NONE',  ( -132.2822518769130511, 74.41219254509195480, 882.8619915478080884 ) ) ;
#1030 = CARTESIAN_POINT ( 'NONE',  ( -212.7923545598865189, 129.3971878885473927, 849.5985206030020436 ) ) ;
#1031 = EDGE_CURVE ( 'NONE', #2941, #1995, #2834, .T. ) ;
#1032 = CARTESIAN_POINT ( 'NONE',  ( -141.7517963280143931, 79.75489723808098574, 816.2871264268939058 ) ) ;
#1033 = APPLICATION_CONTEXT ( 'automotive_design' ) ;
#1034 =( LENGTH_UNIT ( ) NAMED_UNIT ( * ) SI_UNIT ( .MILLI., .METRE. ) );
#1035 = CARTESIAN_POINT ( 'NONE',  ( -203.1238785236313618, 124.8630888038890703, 906.2430572576409986 ) ) ;
#1036 = CARTESIAN_POINT ( 'NONE',  ( -144.4253186476545920, 75.93671166630609548, 848.7807608943210198 ) ) ;
#1037 = CARTESIAN_POINT ( 'NONE',  ( -73.51742458391140644, 26.10495694856034987, 799.8966508143799956 ) ) ;
#1038 = CARTESIAN_POINT ( 'NONE',  ( -133.9798541930112776, 71.98771639697423552, 904.4647027584618399 ) ) ;
#1039 = CARTESIAN_POINT ( 'NONE',  ( -68.22753457357211460, 33.65970282271155156, 838.1419576932340760 ) ) ;
#1040 = FACE_OUTER_BOUND ( 'NONE', #2781, .T. ) ;
#1041 = CARTESIAN_POINT ( 'NONE',  ( -26.91879591457730214, -1.761374129929464960, 898.8893503246649743 ) ) ;
#1042 = EDGE_LOOP ( 'NONE', ( #2496, #383, #3111 ) ) ;
#1043 = CARTESIAN_POINT ( 'NONE',  ( -143.6499075634555993, 77.04411346061070276, 885.6118103790820442 ) ) ;
#1044 = CARTESIAN_POINT ( 'NONE',  ( 2.335676437523559912, -16.66431030963079962, 846.9976463001040656 ) ) ;
#1045 = CARTESIAN_POINT ( 'NONE',  ( -2.120149864900135128, -23.02788976182630165, 757.7598091910759877 ) ) ;
#1046 = CARTESIAN_POINT ( 'NONE',  ( 123.4071913921513897, -86.40362314277149380, 837.5361544516511003 ) ) ;
#1047 = CARTESIAN_POINT ( 'NONE',  ( -142.7927943130709991, 78.26819804069990028, 817.6204110468710269 ) ) ;
#1048 = CARTESIAN_POINT ( 'NONE',  ( -72.28874990492469976, 27.85968624228949864, 786.1555536891548854 ) ) ;
#1049 = CARTESIAN_POINT ( 'NONE',  ( -124.7297349333514092, 66.97055273094470351, 889.9207176938930388 ) ) ;
#1050 = CARTESIAN_POINT ( 'NONE',  ( -73.51742458391140644, 26.10495694856034987, 799.8966508143799956 ) ) ;
#1051 = CARTESIAN_POINT ( 'NONE',  ( -193.8345705822140133, 115.3582035059072126, 895.7604703926410821 ) ) ;
#1052 = CARTESIAN_POINT ( 'NONE',  ( 2.916999360594354496, -15.83409513577374916, 828.2056663184279159 ) ) ;
#1053 = CARTESIAN_POINT ( 'NONE',  ( -111.3668175416302120, 58.34612633330650766, 877.7397167283639874 ) ) ;
#1054 = AXIS2_PLACEMENT_3D ( 'NONE', #2127, #712, #3139 ) ;
#1055 = ORIENTED_EDGE ( 'NONE', *, *, #964, .T. ) ;
#1056 = VERTEX_POINT ( 'NONE', #1765 ) ;
#1057 = CARTESIAN_POINT ( 'NONE',  ( -182.7771380069790155, 107.6157817145431892, 902.6668683786529073 ) ) ;
#1058 = CARTESIAN_POINT ( 'NONE',  ( -72.28874990492469976, 27.85968624228949864, 786.1555536891548854 ) ) ;
#1059 = FACE_OUTER_BOUND ( 'NONE', #103, .T. ) ;
#1060 = CARTESIAN_POINT ( 'NONE',  ( -36.82373133721705472, 1.799362629913815015, 864.6742503174009471 ) ) ;
#1061 = CARTESIAN_POINT ( 'NONE',  ( -71.96254895591199841, 28.32554947741954976, 784.5780276304290055 ) ) ;
#1062 = CARTESIAN_POINT ( 'NONE',  ( -71.82613253791420505, 28.52037231286979946, 784.1337244893340994 ) ) ;
#1063 = APPLICATION_PROTOCOL_DEFINITION ( 'draft international standard', 'automotive_design', 1998, #210 ) ;
#1064 = CARTESIAN_POINT ( 'NONE',  ( -202.9328228344524803, 125.1358343832250029, 900.7854044990459670 ) ) ;
#1065 = CARTESIAN_POINT ( 'NONE',  ( -134.3529150778521455, 71.45485917997883973, 895.9098456057718067 ) ) ;
#1066 = CARTESIAN_POINT ( 'NONE',  ( -68.72835315119739619, 32.94445976933649689, 858.2621862780271158 ) ) ;
#1067 = CARTESIAN_POINT ( 'NONE',  ( -141.5842488595474151, 79.99417982120719728, 915.6895922766640297 ) ) ;
#1068 = CARTESIAN_POINT ( 'NONE',  ( -27.78166305681736503, -2.993825489371625181, 880.9326479695711214 ) ) ;
#1069 = ORIENTED_EDGE ( 'NONE', *, *, #1553, .T. ) ;
#1070 = CARTESIAN_POINT ( 'NONE',  ( -140.4816007132893958, 81.56892457342330260, 890.0711930966830323 ) ) ;
#1071 = CARTESIAN_POINT ( 'NONE',  ( -1.132303598753130025, -21.61709908586080076, 751.5356442139880073 ) ) ;
#1072 = ORIENTED_EDGE ( 'NONE', *, *, #98, .T. ) ;
#1073 = FACE_OUTER_BOUND ( 'NONE', #366, .T. ) ;
#1074 = CARTESIAN_POINT ( 'NONE',  ( -177.9714809423605004, 107.8101980967543909, 895.3729555317380573 ) ) ;
#1075 = CARTESIAN_POINT ( 'NONE',  ( -141.4224043751100055, 80.22531769905839383, 816.8965474350100067 ) ) ;
#1076 = CARTESIAN_POINT ( 'NONE',  ( -142.6793484735449908, 78.43021549029140260, 817.2507361314638956 ) ) ;
#1077 = CARTESIAN_POINT ( 'NONE',  ( 2.494891614228855303, -16.43692747237605190, 842.3009880612709139 ) ) ;
#1078 = CARTESIAN_POINT ( 'NONE',  ( -144.7380046256353978, 84.72953432291730280, 888.2964160846219102 ) ) ;
#1079 = CARTESIAN_POINT ( 'NONE',  ( -133.9013195434525869, 72.09988987405358785, 906.1941803322832811 ) ) ;
#1080 = CARTESIAN_POINT ( 'NONE',  ( 1.815050690279015111, -17.40784093281675027, 861.0829855602930820 ) ) ;
#1081 = CARTESIAN_POINT ( 'NONE',  ( -123.7216070931209941, 86.63063537870630171, -0.0007091945827048829485 ) ) ;
#1082 = EDGE_CURVE ( 'NONE', #2458, #2343, #2279, .T. ) ;
#1083 = CARTESIAN_POINT ( 'NONE',  ( -202.9328228344524803, 125.1358343832250029, 900.7854044990459670 ) ) ;
#1084 = VERTEX_POINT ( 'NONE', #1298 ) ;
#1085 = AXIS2_PLACEMENT_3D ( 'NONE', #1556, #2596, #1616 ) ;
#1086 = CARTESIAN_POINT ( 'NONE',  ( -213.0203145806084990, 129.0716272393370048, 934.2462908152380123 ) ) ;
#1087 = CARTESIAN_POINT ( 'NONE',  ( 0.5798206975061659385, -19.17193218486335127, 750.0603792935639831 ) ) ;
#1088 = VERTEX_POINT ( 'NONE', #44 ) ;
#1089 = CARTESIAN_POINT ( 'NONE',  ( -132.0834696950225293, 74.69586432496136297, 883.0854410298363746 ) ) ;
#1090 = PRESENTATION_LAYER_ASSIGNMENT (  '', '', ( #2466 ) ) ;
#1091 = CARTESIAN_POINT ( 'NONE',  ( -133.9616673505024949, 72.01369068521429995, 882.8680687029528826 ) ) ;
#1092 = CARTESIAN_POINT ( 'NONE',  ( -140.1650466161869986, 82.02101067622560038, 825.6424232743779612 ) ) ;
#1093 = ADVANCED_FACE ( 'NONE', ( #1967 ), #152, .T. ) ;
#1094 = CARTESIAN_POINT ( 'NONE',  ( -69.56676337616529793, 31.74708587771619861, 786.9630249103829556 ) ) ;
#1095 = AXIS2_PLACEMENT_3D ( 'NONE', #1832, #3056, #1323 ) ;
#1096 = CARTESIAN_POINT ( 'NONE',  ( -211.5615726691640077, 131.1549265925171710, 902.2495147704910323 ) ) ;
#1097 = CARTESIAN_POINT ( 'NONE',  ( -207.0389804602234847, 127.9851120253808148, 901.6839861749049305 ) ) ;
#1098 = CARTESIAN_POINT ( 'NONE',  ( -55.57669004204159791, 19.15980155774630234, 865.4783636788940839 ) ) ;
#1099 = CARTESIAN_POINT ( 'NONE',  ( -143.0039966840765828, 77.96656979552869871, 902.3287122475110209 ) ) ;
#1100 = FACE_OUTER_BOUND ( 'NONE', #1349, .T. ) ;
#1101 = CARTESIAN_POINT ( 'NONE',  ( -83.52432089739728838, 37.87338997427734455, 908.1915558594249660 ) ) ;
#1102 = ORIENTED_EDGE ( 'NONE', *, *, #1398, .T. ) ;
#1103 = CARTESIAN_POINT ( 'NONE',  ( -143.2790901770134155, 77.57369557192399157, 895.6439082580510558 ) ) ;
#1104 = CARTESIAN_POINT ( 'NONE',  ( -141.5733431137043965, 80.00975484039460639, 816.5699116640079183 ) ) ;
#1105 = ORIENTED_EDGE ( 'NONE', *, *, #2257, .F. ) ;
#1106 = FACE_OUTER_BOUND ( 'NONE', #862, .T. ) ;
#1107 = CARTESIAN_POINT ( 'NONE',  ( -202.9328228344524803, 125.1358343832250029, 900.7854044990459670 ) ) ;
#1108 = CARTESIAN_POINT ( 'NONE',  ( -69.69760219206629870, 31.56022868358289557, 786.1555536891548854 ) ) ;
#1109 = CARTESIAN_POINT ( 'NONE',  ( 1.986508815701224950, -17.16297335275525171, 756.6067952899250031 ) ) ;
#1110 = CARTESIAN_POINT ( 'NONE',  ( -20.11473213411350258, -1.855646477360745061, 861.8522246252209698 ) ) ;
#1111 = CARTESIAN_POINT ( 'NONE',  ( -133.4091485943183670, 72.80286764735970451, 916.3893613863449445 ) ) ;
#1112 = CARTESIAN_POINT ( 'NONE',  ( -71.19591579524769998, 29.42041509772474583, 907.8068781377189680 ) ) ;
#1113 = CARTESIAN_POINT ( 'NONE',  ( -28.29687417906477620, -3.729788215746909774, 860.9514402971407208 ) ) ;
#1114 = CARTESIAN_POINT ( 'NONE',  ( -104.3337306350935876, 52.44409401995069686, 911.6112554979059723 ) ) ;
#1115 = EDGE_LOOP ( 'NONE', ( #1377, #399, #2059, #424, #1499, #2926, #114, #1635, #2542 ) ) ;
#1116 = CARTESIAN_POINT ( 'NONE',  ( 1.986508815701224950, -17.16297335275525171, 756.6067952899250031 ) ) ;
#1117 = CARTESIAN_POINT ( 'NONE',  ( -98.83624559651737229, 49.20589480280862915, 874.9279266574807252 ) ) ;
#1118 = CARTESIAN_POINT ( 'NONE',  ( -212.0326727237695081, 130.4821259885553957, 852.2458641094949598 ) ) ;
#1119 = ORIENTED_EDGE ( 'NONE', *, *, #656, .T. ) ;
#1120 = CARTESIAN_POINT ( 'NONE',  ( -182.7771380069790155, 107.6157817145431892, 902.6668683786529073 ) ) ;
#1121 = B_SPLINE_CURVE_WITH_KNOTS ( 'NONE', 3,
 ( #3135, #790, #2962, #212, #1999, #1761, #229, #1434, #942, #74, #2719, #2739, #2015, #1916, #708, #2140, #1196, #1679, #530, #2174 ),
 .UNSPECIFIED., .F., .F.,
 ( 4, 1, 1, 1, 1, 1, 1, 1, 2, 2, 1, 2, 2, 4 ),
 ( 0.000000000000000000, 0.2500000000002015055, 0.3750000000003068656, 0.4375000000003595457, 0.4687500000003811951, 0.4843750000003873568, 0.4921875000003904654, 0.4960937500003873013, 0.4980468750003857470, 0.5000000000003841372, 0.6250000000002925438, 0.6875000000002422507, 0.7500000000001919576, 1.000000000000000000 ),
 .UNSPECIFIED. ) ;
#1122 = CARTESIAN_POINT ( 'NONE',  ( -133.8207529382259793, 72.21477757157823874, 882.7352715166848611 ) ) ;
#1123 = CARTESIAN_POINT ( 'NONE',  ( -211.9368530685695191, 130.6189706381383928, 852.8934271288480886 ) ) ;
#1124 = CARTESIAN_POINT ( 'NONE',  ( -179.8114920029530026, 105.9973295585260047, 892.7152861548850069 ) ) ;
#1125 = ADVANCED_FACE ( 'NONE', ( #1603 ), #596, .T. ) ;
#1126 = CARTESIAN_POINT ( 'NONE',  ( -205.7901816535325281, 121.0550952359990049, 900.7854036288659927 ) ) ;
#1127 = CARTESIAN_POINT ( 'NONE',  ( -73.75881752341089737, 25.76021210317264831, 838.1419576932850077 ) ) ;
#1128 = CARTESIAN_POINT ( 'NONE',  ( -131.4992159727841852, 75.53028629869930910, 885.5194638638689639 ) ) ;
#1129 = B_SPLINE_CURVE_WITH_KNOTS ( 'NONE', 3,
 ( #2267, #2282, #1515, #1053, #559, #2009, #522, #2024, #1495, #2956 ),
 .UNSPECIFIED., .F., .F.,
 ( 4, 3, 3, 4 ),
 ( 0.001797593128282310012, 0.004999186220740079942, 0.01494514516765309969, 0.02279759429321080028 ),
 .UNSPECIFIED. ) ;
#1130 = DIRECTION ( 'NONE',  ( 0.5735764357580607209, 0.8191520447042046627, -5.374424790391357112E-09 ) ) ;
#1131 = VERTEX_POINT ( 'NONE', #139 ) ;
#1132 = CARTESIAN_POINT ( 'NONE',  ( 1.513218181583424915, -17.83890242848029928, 753.3783439421058574 ) ) ;
#1133 = CARTESIAN_POINT ( 'NONE',  ( -142.1550200344045720, 79.17903410552879961, 920.1389990660710509 ) ) ;
#1134 = CARTESIAN_POINT ( 'NONE',  ( -70.31525709945771041, 30.67812605873734810, 783.7083636325240832 ) ) ;
#1135 = VERTEX_POINT ( 'NONE', #870 ) ;
#1136 = FACE_OUTER_BOUND ( 'NONE', #2329, .T. ) ;
#1137 = CARTESIAN_POINT ( 'NONE',  ( -35.79288698824090176, 9.031862509984668108, 865.2620788772219385 ) ) ;
#1138 = CARTESIAN_POINT ( 'NONE',  ( 1.834431867617110079, -17.38016174303299977, 755.4607392153029650 ) ) ;
#1139 = CARTESIAN_POINT ( 'NONE',  ( -207.3337580050063877, 128.3805165954060783, 899.0797087291745129 ) ) ;
#1140 = CARTESIAN_POINT ( 'NONE',  ( -199.7076305701205001, 119.4706401680929986, 906.3844956617080015 ) ) ;
#1141 = CARTESIAN_POINT ( 'NONE',  ( -71.47654260887429700, 29.01963847320539713, 902.4586352405519847 ) ) ;
#1142 = CARTESIAN_POINT ( 'NONE',  ( -27.84637325319404155, -3.086413207837517714, 859.9463230678925356 ) ) ;
#1143 = VERTEX_POINT ( 'NONE', #645 ) ;
#1144 = CARTESIAN_POINT ( 'NONE',  ( -213.0434371741625341, 129.0386047534422005, 849.5127573054589902 ) ) ;
#1145 = PLANE ( 'NONE',  #2779 ) ;
#1146 = CARTESIAN_POINT ( 'NONE',  ( -211.8505079137355267, 130.7422842989030016, 853.5447280509520169 ) ) ;
#1147 = CARTESIAN_POINT ( 'NONE',  ( -197.9642872472586532, 115.3310482816449536, 896.3529232596027896 ) ) ;
#1148 = CARTESIAN_POINT ( 'NONE',  ( -34.17717684258730060, 7.398398877600809165, 871.0491121101320005 ) ) ;
#1149 = CARTESIAN_POINT ( 'NONE',  ( -211.8505079137355267, 130.7422842989030016, 853.5447280509520169 ) ) ;
#1150 = CARTESIAN_POINT ( 'NONE',  ( -132.8347863737403998, 73.62314348480370541, 916.3893615081069584 ) ) ;
#1151 = CARTESIAN_POINT ( 'NONE',  ( -180.9721356477614904, 103.5248290007610024, 895.3729575824729636 ) ) ;
#1152 = CARTESIAN_POINT ( 'NONE',  ( -142.7048426717443874, 78.39380600195039506, 909.0103295476980065 ) ) ;
#1153 = DIRECTION ( 'NONE',  ( -0.000000000000000000, -8.121431911572102254E-06, -0.9999999999670211581 ) ) ;
#1154 = B_SPLINE_CURVE_WITH_KNOTS ( 'NONE', 3,
 ( #866, #1582, #373, #2272, #820, #90, #1089, #1339, #1536, #2321, #134, #1849, #2528, #2288 ),
 .UNSPECIFIED., .F., .F.,
 ( 4, 2, 2, 2, 2, 2, 4 ),
 ( 0.000000000000000000, 0.1250000000000034972, 0.2500000000000069944, 0.5000000000000046629, 0.6250000000000034417, 0.7500000000000023315, 1.000000000000000000 ),
 .UNSPECIFIED. ) ;
#1155 = LINE ( 'NONE', #1402, #1859 ) ;
#1156 = CARTESIAN_POINT ( 'NONE',  ( -134.9422602180966066, 74.48756492766879944, 882.8533313496229766 ) ) ;
#1157 = EDGE_LOOP ( 'NONE', ( #290, #1203, #2320, #1463 ) ) ;
#1158 = CARTESIAN_POINT ( 'NONE',  ( -69.90733859570930520, 31.26069405677894864, 785.0390244078100750 ) ) ;
#1159 = CARTESIAN_POINT ( 'NONE',  ( 3.406199014178345141, -15.13544562560885076, 799.9906555251099007 ) ) ;
#1160 = EDGE_CURVE ( 'NONE', #2316, #2284, #1274, .T. ) ;
#1161 = CARTESIAN_POINT ( 'NONE',  ( -81.76564243395539222, 33.51678189785825168, 874.3358956828540158 ) ) ;
#1162 = CARTESIAN_POINT ( 'NONE',  ( 1.268228263257185962, -18.18878429200984925, 752.0743075446000603 ) ) ;
#1163 = CARTESIAN_POINT ( 'NONE',  ( -204.1632420329513593, 123.3785882669118337, 898.0965283283786675 ) ) ;
#1164 = CARTESIAN_POINT ( 'NONE',  ( 3.226746482433515251, -15.39173040112504864, 777.2550534968040665 ) ) ;
#1165 = DIRECTION ( 'NONE',  ( -0.8062139315781507998, 0.5645170692166687765, 0.1770298706216657247 ) ) ;
#1166 = CARTESIAN_POINT ( 'NONE',  ( -37.05960285247315511, 2.540305277987834565, 871.6745981900410243 ) ) ;
#1167 = CARTESIAN_POINT ( 'NONE',  ( -214.5882323245714929, 126.8324086385605938, 859.5003222140360322 ) ) ;
#1168 = CARTESIAN_POINT ( 'NONE',  ( -212.9975410296450207, 129.0842480065261952, 899.9868415050920021 ) ) ;
#1169 = CARTESIAN_POINT ( 'NONE',  ( -208.8158277185655152, 126.2462390597442266, 899.0779043250139466 ) ) ;
#1170 = CARTESIAN_POINT ( 'NONE',  ( -143.7632885323729965, 76.88218865584889272, 882.2666725341540541 ) ) ;
#1171 = EDGE_CURVE ( 'NONE', #2538, #1653, #817, .T. ) ;
#1172 = ORIENTED_EDGE ( 'NONE', *, *, #603, .T. ) ;
#1173 = CARTESIAN_POINT ( 'NONE',  ( -141.0020060697304132, 80.82570870092409621, 818.3982348205349808 ) ) ;
#1174 = CARTESIAN_POINT ( 'NONE',  ( 2.691917028413850055, -16.15554601983020078, 764.7453133240690022 ) ) ;
#1175 = CARTESIAN_POINT ( 'NONE',  ( -142.0374620751703958, 79.34692427068560505, 922.3635608615219326 ) ) ;
#1176 = CARTESIAN_POINT ( 'NONE',  ( 1.382374633031004052, -18.02576638154049959, 752.6280532337600562 ) ) ;
#1177 = CARTESIAN_POINT ( 'NONE',  ( -203.1901416892400789, 124.7683310075385918, 899.1656941403905421 ) ) ;
#1178 = CARTESIAN_POINT ( 'NONE',  ( -68.06150663204709872, 33.89681529646374969, 822.0333090947090113 ) ) ;
#1179 = CARTESIAN_POINT ( 'NONE',  ( -132.3525810145898731, 74.31172376830589599, 906.4139413147730693 ) ) ;
#1180 = CARTESIAN_POINT ( 'NONE',  ( -143.8076598242195985, 76.81881988384168380, 825.6424232743779612 ) ) ;
#1181 = CARTESIAN_POINT ( 'NONE',  ( -214.8923957692269937, 126.3980182213511938, 880.8759552180511037 ) ) ;
#1182 = CARTESIAN_POINT ( 'NONE',  ( -128.1106627081198042, 66.21449374529180432, 884.1165984193789882 ) ) ;
#1183 = CARTESIAN_POINT ( 'NONE',  ( -139.5603308340247963, 82.88463431516659341, 852.1316916243849846 ) ) ;
#1184 = CARTESIAN_POINT ( 'NONE',  ( -2.112701772637090247, -23.01725278370679817, 853.2587429767249887 ) ) ;
#1185 = ORIENTED_EDGE ( 'NONE', *, *, #423, .F. ) ;
#1186 = CARTESIAN_POINT ( 'NONE',  ( -73.41640607828641407, 26.24922632601310113, 797.8903580971820020 ) ) ;
#1187 = CARTESIAN_POINT ( 'NONE',  ( -68.56994601869760686, 33.17068859986980556, 797.8903580971820020 ) ) ;
#1188 = CARTESIAN_POINT ( 'NONE',  ( -211.0332689534629935, 131.9094224910498099, 875.5282126939000591 ) ) ;
#1189 = CARTESIAN_POINT ( 'NONE',  ( -173.2014531120595677, 97.83181320822987459, 890.8989388562440581 ) ) ;
#1190 = CARTESIAN_POINT ( 'NONE',  ( 1.513218181583424915, -17.83890242848029928, 753.3783439421058574 ) ) ;
#1191 = CARTESIAN_POINT ( 'NONE',  ( -204.3614929621529939, 123.0954376414793927, 898.0965286604749735 ) ) ;
#1192 = CARTESIAN_POINT ( 'NONE',  ( -139.6855095348730060, 82.70586060306339959, 862.1821477919388599 ) ) ;
#1193 = EDGE_CURVE ( 'NONE', #591, #1757, #2065, .T. ) ;
#1194 = PLANE ( 'NONE',  #1893 ) ;
#1195 = CARTESIAN_POINT ( 'NONE',  ( -214.2510278638189902, 127.3139865170480078, 854.8584957246520162 ) ) ;
#1196 = CARTESIAN_POINT ( 'NONE',  ( -25.86147946495396965, -0.2514463882415814422, 889.1730958567012522 ) ) ;
#1197 = CARTESIAN_POINT ( 'NONE',  ( -214.8134919917214916, 126.5107044939202154, 865.2803076157031228 ) ) ;
#1198 = CARTESIAN_POINT ( 'NONE',  ( -45.15885108355619337, 11.98680951860024102, 863.2183397620179903 ) ) ;
#1199 = CARTESIAN_POINT ( 'NONE',  ( -68.30502851539030473, 33.54903000416924641, 842.1676176909029437 ) ) ;
#1200 = CARTESIAN_POINT ( 'NONE',  ( -48.70663203103229932, 10.18761817096750022, 867.2569653388419511 ) ) ;
#1201 = CARTESIAN_POINT ( 'NONE',  ( -71.47654260887429700, 29.01963847320539713, 902.4586352405519847 ) ) ;
#1202 = CARTESIAN_POINT ( 'NONE',  ( -144.2871969055265993, 76.13396995701440062, 862.1821477921479300 ) ) ;
#1203 = ORIENTED_EDGE ( 'NONE', *, *, #2782, .F. ) ;
#1204 = CARTESIAN_POINT ( 'NONE',  ( -144.2176455449522052, 76.23329959398459721, 833.7075920478930584 ) ) ;
#1205 = CARTESIAN_POINT ( 'NONE',  ( -139.5892396138135894, 82.84334829893380459, 855.4823067221210522 ) ) ;
#1206 = CARTESIAN_POINT ( 'NONE',  ( 3.048360315844400148, -15.64649224936965055, 771.7748737198609206 ) ) ;
#1207 = CARTESIAN_POINT ( 'NONE',  ( -73.59168483293200325, 25.99890232194160333, 846.1925104178899346 ) ) ;
#1208 = CARTESIAN_POINT ( 'NONE',  ( -30.49388619900336650, 1.352819473721943666, 859.9243482779916121 ) ) ;
#1209 = CARTESIAN_POINT ( 'NONE',  ( -211.3216429673855146, 131.4975817178704176, 894.2383636226300041 ) ) ;
#1210 = CARTESIAN_POINT ( 'NONE',  ( -132.2343414698465551, 74.48056634860331826, 903.8103012206119047 ) ) ;
#1211 = CARTESIAN_POINT ( 'NONE',  ( -72.90836507797089894, 26.97478406795650230, 790.8983764812750223 ) ) ;
#1212 = CARTESIAN_POINT ( 'NONE',  ( -143.6538249349003991, 77.03851887439049051, 823.7061764622450255 ) ) ;
#1213 = CARTESIAN_POINT ( 'NONE',  ( -42.96826396457494468, 10.45294390937139895, 862.7368597689020362 ) ) ;
#1214 = ADVANCED_FACE ( 'NONE', ( #2428 ), #2896, .T. ) ;
#1215 = CARTESIAN_POINT ( 'NONE',  ( -211.1434844961740112, 131.7520183834151908, 886.2223378906450080 ) ) ;
#1216 = CARTESIAN_POINT ( 'NONE',  ( -197.9642872472586532, 115.3310482816449536, 896.3529232596027896 ) ) ;
#1217 = CARTESIAN_POINT ( 'NONE',  ( -142.7048426717443874, 78.39380600195039506, 909.0103295476980065 ) ) ;
#1218 = CARTESIAN_POINT ( 'NONE',  ( -144.3834668265945993, 75.99648226113120586, 855.4823067221689143 ) ) ;
#1219 = VERTEX_POINT ( 'NONE', #2608 ) ;
#1220 = CARTESIAN_POINT ( 'NONE',  ( -214.2510278638189902, 127.3139865170480078, 854.8584957246520162 ) ) ;
#1221 = CARTESIAN_POINT ( 'NONE',  ( -68.80388621891920309, 32.83658736922624399, 794.2207006091380208 ) ) ;
#1222 = CARTESIAN_POINT ( 'NONE',  ( 3.424374528660760308, -15.10948830082929994, 795.2858572951120095 ) ) ;
#1223 = ORIENTED_EDGE ( 'NONE', *, *, #2456, .T. ) ;
#1224 = CARTESIAN_POINT ( 'NONE',  ( -143.9710860432391826, 76.58542305489929447, 875.5745316195200303 ) ) ;
#1225 = CARTESIAN_POINT ( 'NONE',  ( -139.5892396138135894, 82.84334829893380459, 855.4823067221210522 ) ) ;
#1226 = CARTESIAN_POINT ( 'NONE',  ( -131.6476911472536244, 75.31785584515903054, 884.1201632683693106 ) ) ;
#1227 = CARTESIAN_POINT ( 'NONE',  ( -214.4328537703760276, 127.0543122110252057, 857.0641459396191522 ) ) ;
#1228 = CARTESIAN_POINT ( 'NONE',  ( -73.91793423491888859, 25.53296988879319684, 818.0053656269450357 ) ) ;
#1229 = CARTESIAN_POINT ( 'NONE',  ( -28.81643714791887945, 4.491233100138335210, 859.9950626822019331 ) ) ;
#1230 = AXIS2_PLACEMENT_3D ( 'NONE', #541, #1973, #32 ) ;
#1231 = CARTESIAN_POINT ( 'NONE',  ( -139.5787016432977907, 82.85839808052070055, 842.0790406311100469 ) ) ;
#1232 = FACE_OUTER_BOUND ( 'NONE', #128, .T. ) ;
#1233 = CARTESIAN_POINT ( 'NONE',  ( -73.75881752341089737, 25.76021210317264831, 838.1419576932850077 ) ) ;
#1234 = CARTESIAN_POINT ( 'NONE',  ( -73.59168483293200325, 25.99890232194160333, 846.1925104178899346 ) ) ;
#1235 = ORIENTED_EDGE ( 'NONE', *, *, #889, .T. ) ;
#1236 = CARTESIAN_POINT ( 'NONE',  ( -214.1845232778095180, 127.4089649089978025, 854.2000962085229503 ) ) ;
#1237 = CARTESIAN_POINT ( 'NONE',  ( -211.6489584254999841, 131.0301267987892118, 855.5190468485878910 ) ) ;
#1238 = CARTESIAN_POINT ( 'NONE',  ( 1.815050690279015111, -17.40784093281675027, 861.0829855602930820 ) ) ;
#1239 = COLOUR_RGB ( '',0.7921568627450980005, 0.8196078431372548767, 0.9333333333333333481 ) ;
#1240 = CARTESIAN_POINT ( 'NONE',  ( -68.16295302311209525, 33.75193483527320382, 834.1156043882568838 ) ) ;
#1241 = ORIENTED_EDGE ( 'NONE', *, *, #2963, .F. ) ;
#1242 = CARTESIAN_POINT ( 'NONE',  ( -2.786637475873065206, -23.97973271495559899, 832.9050382050370445 ) ) ;
#1243 = CARTESIAN_POINT ( 'NONE',  ( -205.7744850272597148, 121.0775067915409409, 900.1021891619534472 ) ) ;
#1244 = CARTESIAN_POINT ( 'NONE',  ( -131.9420464466111014, 74.89784164419798174, 883.3548959040034561 ) ) ;
#1245 = CARTESIAN_POINT ( 'NONE',  ( -72.41958872080398635, 27.67282904818744882, 786.9630249103829556 ) ) ;
#1246 = CARTESIAN_POINT ( 'NONE',  ( -213.7648643624950182, 128.0082999524152285, 851.2833256139221021 ) ) ;
#1247 = CARTESIAN_POINT ( 'NONE',  ( -78.62692760500917188, 39.06820768531309795, 870.9015155702386437 ) ) ;
#1248 = CARTESIAN_POINT ( 'NONE',  ( -211.1455687921125275, 131.7490417003247956, 865.2803076157010764 ) ) ;
#1249 = DIRECTION ( 'NONE',  ( 0.8062139315781828852, -0.5645170692166230353, -0.1770298706216655027 ) ) ;
#1250 = CARTESIAN_POINT ( 'NONE',  ( -214.9008080156875167, 126.3860042883360109, 870.1803307469399442 ) ) ;
#1251 = CARTESIAN_POINT ( 'NONE',  ( -73.92484546493858488, 25.52309962941630062, 822.0333090947120809 ) ) ;
#1252 = CARTESIAN_POINT ( 'NONE',  ( -214.5882323245714929, 126.8324086385605938, 859.5003222140360322 ) ) ;
#1253 = CARTESIAN_POINT ( 'NONE',  ( 2.830495201584565024, -15.95763587803850037, 767.0853760387560669 ) ) ;
#1254 = CARTESIAN_POINT ( 'NONE',  ( -70.50980949883370386, 30.40027643736179996, 902.4586354434770783 ) ) ;
#1255 = CARTESIAN_POINT ( 'NONE',  ( 3.139930000797259702, -15.51571718632624908, 818.8039913657750049 ) ) ;
#1256 = EDGE_CURVE ( 'NONE', #504, #133, #503, .T. ) ;
#1257 = ORIENTED_EDGE ( 'NONE', *, *, #923, .F. ) ;
#1258 = CARTESIAN_POINT ( 'NONE',  ( -143.7632885323729965, 76.88218865584889272, 882.2666725341540541 ) ) ;
#1259 = EDGE_CURVE ( 'NONE', #815, #1567, #3104, .T. ) ;
#1260 = CARTESIAN_POINT ( 'NONE',  ( 2.112704018191790212, -16.98274792585795012, 853.2587429934859529 ) ) ;
#1261 = CARTESIAN_POINT ( 'NONE',  ( -143.4012041031232059, 77.39929881175440585, 821.2320837972769141 ) ) ;
#1262 = CARTESIAN_POINT ( 'NONE',  ( -200.7513624229769960, 120.8178573375051883, 897.3351852653659080 ) ) ;
#1263 = CARTESIAN_POINT ( 'NONE',  ( -131.6863834921277032, 75.26264671021013442, 883.9798433739533721 ) ) ;
#1264 = CARTESIAN_POINT ( 'NONE',  ( -71.08943930124939925, 29.57247929039345280, 782.8460906387920204 ) ) ;
#1265 = CARTESIAN_POINT ( 'NONE',  ( -70.89691278458259660, 29.84743565141604904, 782.8460906387920204 ) ) ;
#1266 = CARTESIAN_POINT ( 'NONE',  ( -183.8115180872300130, 108.9769170717305968, 893.6157643572499865 ) ) ;
#1267 = CARTESIAN_POINT ( 'NONE',  ( -150.2644248337790032, 85.82746283588510039, 919.2536583896589946 ) ) ;
#1268 = CARTESIAN_POINT ( 'NONE',  ( -3.132826188049880223, -24.47414143420749966, 774.1227220247469631 ) ) ;
#1269 = CARTESIAN_POINT ( 'NONE',  ( -73.90928618706350051, 25.54532058110029880, 826.0611735747420425 ) ) ;
#1270 = CARTESIAN_POINT ( 'NONE',  ( -213.9992005225429921, 126.8553171263174022, 902.5921949618970075 ) ) ;
#1271 = CARTESIAN_POINT ( 'NONE',  ( 1.008807999015247869, -18.55927482529549977, 879.8498067889948970 ) ) ;
#1272 = CARTESIAN_POINT ( 'NONE',  ( -33.36465186890394818, 7.350418078118764242, 864.6745992716068940 ) ) ;
#1273 = CARTESIAN_POINT ( 'NONE',  ( -27.33417597552976730, -2.354667281121237910, 890.6067742282043582 ) ) ;
#1274 = B_SPLINE_CURVE_WITH_KNOTS ( 'NONE', 3,
 ( #2819, #1645, #2913, #1451, #479, #243, #3133 ),
 .UNSPECIFIED., .F., .F.,
 ( 4, 3, 4 ),
 ( 0.03280509056486990288, 0.1085494622065026060, 0.1639777697079984886 ),
 .UNSPECIFIED. ) ;
#1275 = CARTESIAN_POINT ( 'NONE',  ( -211.3216429673855146, 131.4975817178704176, 894.2383636226300041 ) ) ;
#1276 = EDGE_LOOP ( 'NONE', ( #2054, #847, #880, #803 ) ) ;
#1277 = CARTESIAN_POINT ( 'NONE',  ( -72.80190375009830461, 27.12682660115315159, 871.6649680325499503 ) ) ;
#1278 = CARTESIAN_POINT ( 'NONE',  ( -82.08542677976959112, 37.47683385063294281, 871.2526616779744018 ) ) ;
#1279 = CARTESIAN_POINT ( 'NONE',  ( -2.437206240514279809, -23.48069319268450172, 761.2447133951329761 ) ) ;
#1280 = PLANE ( 'NONE',  #2357 ) ;
#1281 = CARTESIAN_POINT ( 'NONE',  ( 0.5798206975061659385, -19.17193218486335127, 750.0603792935639831 ) ) ;
#1282 = CARTESIAN_POINT ( 'NONE',  ( -141.9062681934256034, 79.53428855139640063, 816.1794239721260737 ) ) ;
#1283 = CARTESIAN_POINT ( 'NONE',  ( -211.9479497384409967, 130.6031229511783920, 912.9243695729949195 ) ) ;
#1284 = UNCERTAINTY_MEASURE_WITH_UNIT (LENGTH_MEASURE( 1.000000000000000082E-05 ), #1034, 'distance_accuracy_value', 'NONE');
#1285 = CARTESIAN_POINT ( 'NONE',  ( -203.2982730360412233, 124.6140276286039352, 910.8266669274692049 ) ) ;
#1286 = CARTESIAN_POINT ( 'NONE',  ( -144.4195682818476030, 75.94492403977179151, 845.4297639899529031 ) ) ;
#1287 = CARTESIAN_POINT ( 'NONE',  ( -199.4776936240495218, 119.3095607985559923, 897.0022196996889079 ) ) ;
#1288 = CARTESIAN_POINT ( 'NONE',  ( 2.335676437523559912, -16.66431030963079962, 846.9976463001040656 ) ) ;
#1289 = CARTESIAN_POINT ( 'NONE',  ( -141.2678637642401895, 80.44602456443250560, 909.0103294639579872 ) ) ;
#1290 = CARTESIAN_POINT ( 'NONE',  ( -132.8347863737403998, 73.62314348480370541, 916.3893615081069584 ) ) ;
#1291 = ORIENTED_EDGE ( 'NONE', *, *, #135, .T. ) ;
#1292 = CARTESIAN_POINT ( 'NONE',  ( 0.07175931073545760430, -19.89751904168254981, 898.5981009540910236 ) ) ;
#1293 = CARTESIAN_POINT ( 'NONE',  ( -143.5796964708950156, 77.14438529250229237, 822.8784361029629508 ) ) ;
#1294 = LINE ( 'NONE', #2543, #988 ) ;
#1295 = CARTESIAN_POINT ( 'NONE',  ( -124.7297349333514092, 66.97055273094470351, 889.9207176938930388 ) ) ;
#1296 = CARTESIAN_POINT ( 'NONE',  ( -0.1124403647928799987, -20.16058344113090328, 749.5127573054589902 ) ) ;
#1297 = CARTESIAN_POINT ( 'NONE',  ( -143.4012041031232059, 77.39929881175440585, 821.2320837972769141 ) ) ;
#1298 = CARTESIAN_POINT ( 'NONE',  ( -33.93202981427794640, 7.748505094171740382, 864.6745981558699441 ) ) ;
#1299 = CARTESIAN_POINT ( 'NONE',  ( -133.5286231250234152, 72.63222098093147849, 914.0653272717428308 ) ) ;
#1300 = CARTESIAN_POINT ( 'NONE',  ( 1.428785959053089805, -17.95948413879180094, 870.4686297551020289 ) ) ;
#1301 = CARTESIAN_POINT ( 'NONE',  ( -140.9687097585076003, 80.87326076142910836, 902.3287122886570160 ) ) ;
#1302 = VECTOR ( 'NONE', #930, 1000.000000000000114 ) ;
#1303 = CARTESIAN_POINT ( 'NONE',  ( -27.66180445389176157, -2.822627531957764724, 883.5960191429633142 ) ) ;
#1304 = ORIENTED_EDGE ( 'NONE', *, *, #331, .T. ) ;
#1305 = B_SPLINE_CURVE_WITH_KNOTS ( 'NONE', 3,
 ( #95, #1299, #2521, #63, #2247, #1079, #1529, #3006, #812, #304, #1038, #2776, #82, #1768, #2007, #2991, #1065, #1019, #321 ),
 .UNSPECIFIED., .F., .F.,
 ( 4, 1, 1, 1, 2, 2, 1, 1, 1, 1, 2, 2, 4 ),
 ( 0.000000000000000000, 0.2500000000000698885, 0.3125000000000872635, 0.3281250000000916489, 0.3320312500000902611, 0.3359375000000888734, 0.3437500000000859868, 0.3750000000000847655, 0.4375000000000824341, 0.4687500000000758837, 0.4843750000000781042, 0.5000000000000803801, 1.000000000000000000 ),
 .UNSPECIFIED. ) ;
#1306 = CARTESIAN_POINT ( 'NONE',  ( -141.8176863923845872, 79.66079647398649399, 920.1389988083379876 ) ) ;
#1307 = CARTESIAN_POINT ( 'NONE',  ( -214.5882323245714929, 126.8324086385605938, 859.5003222140360322 ) ) ;
#1308 = ORIENTED_EDGE ( 'NONE', *, *, #260, .F. ) ;
#1309 = DIRECTION ( 'NONE',  ( -0.1450182577416639917, 0.1015346249225079767, -0.9842054789846569340 ) ) ;
#1310 = B_SPLINE_CURVE_WITH_KNOTS ( 'NONE', 3,
 ( #3151, #1262, #2239, #3120 ),
 .UNSPECIFIED., .F., .F.,
 ( 4, 4 ),
 ( 3.681333705981655272E-06, 0.0002901712464506759855 ),
 .UNSPECIFIED. ) ;
#1311 = CARTESIAN_POINT ( 'NONE',  ( -133.7865343130780502, 72.26362807987953829, 882.7071802618770562 ) ) ;
#1312 = CARTESIAN_POINT ( 'NONE',  ( -142.2209101187737872, 79.08493331287259309, 816.2871264268949290 ) ) ;
#1313 = EDGE_CURVE ( 'NONE', #664, #2735, #1931, .T. ) ;
#1314 = CARTESIAN_POINT ( 'NONE',  ( -143.2929483506200086, 77.55390404891041101, 820.4158644909999794 ) ) ;
#1315 = DIRECTION ( 'NONE',  ( 1.000000000000000000, 0.000000000000000000, 0.000000000000000000 ) ) ;
#1316 = CARTESIAN_POINT ( 'NONE',  ( -190.4304775045904989, 116.4591294743812000, 898.0628458812200279 ) ) ;
#1317 = CARTESIAN_POINT ( 'NONE',  ( -196.4742363221170081, 117.9389821084198076, 896.4170423971530681 ) ) ;
#1318 = CARTESIAN_POINT ( 'NONE',  ( -140.6936162622010045, 81.26613498984669093, 895.6439082354280572 ) ) ;
#1319 = CARTESIAN_POINT ( 'NONE',  ( -26.89859468659631503, -1.732849264006635526, 859.1243369405412977 ) ) ;
#1320 = CARTESIAN_POINT ( 'NONE',  ( -27.00041351280550828, -1.877949211048129285, 897.3200676698908183 ) ) ;
#1321 = ORIENTED_EDGE ( 'NONE', *, *, #3132, .F. ) ;
#1322 = ADVANCED_FACE ( 'NONE', ( #2393 ), #1194, .F. ) ;
#1323 = DIRECTION ( 'NONE',  ( -0.9999999999999952260, 9.759787228727553572E-08, 0.000000000000000000 ) ) ;
#1324 = CARTESIAN_POINT ( 'NONE',  ( -212.6499250193099897, 129.6005983530236279, 849.8246778492299427 ) ) ;
#1325 = EDGE_LOOP ( 'NONE', ( #1257, #545, #2200, #2601 ) ) ;
#1326 = DIRECTION ( 'NONE',  ( -0.8062139315781648996, 0.5645170692166469051, 0.1770298706216704987 ) ) ;
#1327 = CARTESIAN_POINT ( 'NONE',  ( -134.7444812061789889, 70.89555830123988756, 885.5194628826119470 ) ) ;
#1328 = CARTESIAN_POINT ( 'NONE',  ( 0.3293201357298864429, -19.52968406285189928, 749.6643380746800176 ) ) ;
#1329 = CARTESIAN_POINT ( 'NONE',  ( -211.9368530685695191, 130.6189706381383928, 852.8934271288480886 ) ) ;
#1330 = CARTESIAN_POINT ( 'NONE',  ( -183.7655739669105230, 109.0402809468577914, 893.6229428113169888 ) ) ;
#1331 = CARTESIAN_POINT ( 'NONE',  ( -35.09464971040550552, 4.310689856583248769, 860.9015035398870168 ) ) ;
#1332 = CARTESIAN_POINT ( 'NONE',  ( -185.4847652519300141, 110.2440716401199978, 894.0007467251759863 ) ) ;
#1333 = CARTESIAN_POINT ( 'NONE',  ( 0.5646298618800250635, -19.19362694648355117, 889.2276786102900132 ) ) ;
#1334 = CARTESIAN_POINT ( 'NONE',  ( -27.09509783793743054, -2.013484648569333846, 859.2145919592252312 ) ) ;
#1335 = CARTESIAN_POINT ( 'NONE',  ( -27.35139958932269977, -2.379268134064842499, 890.2481378869415494 ) ) ;
#1336 = EDGE_LOOP ( 'NONE', ( #2087, #2751, #1023, #1368, #309, #1802 ) ) ;
#1337 = CARTESIAN_POINT ( 'NONE',  ( -0.07175706429472269998, -20.10248166661675029, 898.5981009540910236 ) ) ;
#1338 = CARTESIAN_POINT ( 'NONE',  ( -213.1667062286724956, 128.8625582989496081, 849.5985206030029531 ) ) ;
#1339 = CARTESIAN_POINT ( 'NONE',  ( -131.8562764380517649, 75.02033408728399877, 883.5180416985215288 ) ) ;
#1340 = B_SPLINE_CURVE_WITH_KNOTS ( 'NONE', 3,
 ( #1341, #2289, #1821, #2787, #1074, #598, #401, #2579, #1569, #1107 ),
 .UNSPECIFIED., .F., .F.,
 ( 4, 2, 2, 2, 4 ),
 ( 0.6063783500607239363, 0.7708577970999059836, 0.9081921778698569536, 0.9768593682548319945, 1.000000000000000000 ),
 .UNSPECIFIED. ) ;
#1341 = CARTESIAN_POINT ( 'NONE',  ( -131.4992159727841852, 75.53028629869930910, 885.5194638638689639 ) ) ;
#1342 = CARTESIAN_POINT ( 'NONE',  ( -69.90733859570930520, 31.26069405677894864, 785.0390244078100750 ) ) ;
#1343 = CARTESIAN_POINT ( 'NONE',  ( 2.557274178348525329, -16.34783593777310173, 762.7989779438969435 ) ) ;
#1344 = CARTESIAN_POINT ( 'NONE',  ( -80.62547690411420831, 36.19974048276984746, 870.9000701377740370 ) ) ;
#1345 = CARTESIAN_POINT ( 'NONE',  ( -132.8347863737403998, 73.62314348480370541, 916.3893615081069584 ) ) ;
#1346 = CARTESIAN_POINT ( 'NONE',  ( -213.1141242735614867, 128.9376531133328001, 932.4711199944230202 ) ) ;
#1347 = CARTESIAN_POINT ( 'NONE',  ( -28.52686137915940279, -4.058228977739434917, 862.8608046763099537 ) ) ;
#1348 = SURFACE_STYLE_USAGE ( .BOTH. , #1376 ) ;
#1349 = EDGE_LOOP ( 'NONE', ( #2921, #2299, #169, #1172, #2234 ) ) ;
#1350 = CARTESIAN_POINT ( 'NONE',  ( -69.69760219206629870, 31.56022868358289557, 786.1555536891548854 ) ) ;
#1351 = EDGE_CURVE ( 'NONE', #679, #2995, #197, .T. ) ;
#1352 = CARTESIAN_POINT ( 'NONE',  ( -214.3974881145580014, 127.1048196018886074, 902.2495147726269806 ) ) ;
#1353 = CARTESIAN_POINT ( 'NONE',  ( -141.4224043751100055, 80.22531769905839383, 816.8965474350100067 ) ) ;
#1354 = VERTEX_POINT ( 'NONE', #771 ) ;
#1355 = B_SPLINE_CURVE_WITH_KNOTS ( 'NONE', 3,
 ( #3105, #1840, #885, #900 ),
 .UNSPECIFIED., .F., .F.,
 ( 4, 4 ),
 ( 3.698102746444349900E-06, 0.0003046444155629655145 ),
 .UNSPECIFIED. ) ;
#1356 = PLANE ( 'NONE',  #1646 ) ;
#1357 = CARTESIAN_POINT ( 'NONE',  ( -134.6692838176122109, 71.00291082162461009, 884.4525125771023113 ) ) ;
#1358 = CARTESIAN_POINT ( 'NONE',  ( -68.31111623048329307, 33.54033584599359585, 803.9151570363179644 ) ) ;
#1359 = CARTESIAN_POINT ( 'NONE',  ( 2.341272334467070060, -16.65631854056499961, 760.0804356895570209 ) ) ;
#1360 = CARTESIAN_POINT ( 'NONE',  ( -28.41722957819979811, 3.909445505875414728, 863.6642676069400295 ) ) ;
#1361 = CARTESIAN_POINT ( 'NONE',  ( -197.4894342576209851, 115.1907129635654030, 898.9634958268069340 ) ) ;
#1362 = CARTESIAN_POINT ( 'NONE',  ( -144.2871969055265993, 76.13396995701440062, 862.1821477921479300 ) ) ;
#1363 = CARTESIAN_POINT ( 'NONE',  ( -27.94275218282451334, -3.224055543729932527, 860.1057298511557292 ) ) ;
#1364 = VERTEX_POINT ( 'NONE', #551 ) ;
#1365 = CARTESIAN_POINT ( 'NONE',  ( -213.1667062286724956, 128.8625582989496081, 849.5985206030029531 ) ) ;
#1366 = CARTESIAN_POINT ( 'NONE',  ( -153.8780622403120049, 87.67675982187350314, 887.0040875301619963 ) ) ;
#1367 = CARTESIAN_POINT ( 'NONE',  ( 0.3293201357298864429, -19.52968406285189928, 749.6643380746800176 ) ) ;
#1368 = ORIENTED_EDGE ( 'NONE', *, *, #2732, .T. ) ;
#1369 = CARTESIAN_POINT ( 'NONE',  ( -37.60287248619255251, 5.963667198176610285, 870.7892482630689983 ) ) ;
#1370 = CARTESIAN_POINT ( 'NONE',  ( -204.7666425674487414, 122.5169738992764366, 925.7442197733951161 ) ) ;
#1371 = CARTESIAN_POINT ( 'NONE',  ( -141.0020060697304132, 80.82570870092409621, 818.3982348205349808 ) ) ;
#1372 = CARTESIAN_POINT ( 'NONE',  ( -47.52753840295079613, 12.98554553060609962, 863.6283671179849080 ) ) ;
#1373 = CARTESIAN_POINT ( 'NONE',  ( -172.7099393010574886, 97.69125481780261566, 893.5957720645949394 ) ) ;
#1374 = CARTESIAN_POINT ( 'NONE',  ( -213.0203145806084990, 129.0716272393370048, 934.2462908152380123 ) ) ;
#1375 = CARTESIAN_POINT ( 'NONE',  ( -195.8792666348434750, 116.5456005537752020, 926.6554436997320181 ) ) ;
#1376 = SURFACE_SIDE_STYLE ('',( #1856 ) ) ;
#1377 = ORIENTED_EDGE ( 'NONE', *, *, #2334, .F. ) ;
#1378 = CARTESIAN_POINT ( 'NONE',  ( -69.17807776111840212, 32.30218646409559824, 789.9065715302249373 ) ) ;
#1379 = CARTESIAN_POINT ( 'NONE',  ( -123.7184100343174009, 66.26233966538200093, 880.3712855605239156 ) ) ;
#1380 = CARTESIAN_POINT ( 'NONE',  ( 1.268228263257185962, -18.18878429200984925, 752.0743075446000603 ) ) ;
#1381 = CARTESIAN_POINT ( 'NONE',  ( -213.9992005225429921, 126.8553171263174022, 902.5921949618970075 ) ) ;
#1382 = VECTOR ( 'NONE', #1744, 1000.000000000000114 ) ;
#1383 = PLANE ( 'NONE',  #1562 ) ;
#1384 = CARTESIAN_POINT ( 'NONE',  ( -68.46892751307339609, 33.31495797732119257, 799.8966508143789724 ) ) ;
#1385 = CARTESIAN_POINT ( 'NONE',  ( -131.7401910629964732, 75.18619124752366645, 892.0375819900035594 ) ) ;
#1386 = LINE ( 'NONE', #1587, #2684 ) ;
#1387 = CARTESIAN_POINT ( 'NONE',  ( -2.786637475873065206, -23.97973271495559899, 832.9050382050370445 ) ) ;
#1388 = CARTESIAN_POINT ( 'NONE',  ( -37.25871952180355606, 6.455153451454369140, 870.7892425824350084 ) ) ;
#1389 = DIRECTION ( 'NONE',  ( 0.5735756964283649229, 0.8191525623879236662, 1.215951849769989599E-07 ) ) ;
#1390 = CARTESIAN_POINT ( 'NONE',  ( -142.1550200344045720, 79.17903410552879961, 920.1389990660710509 ) ) ;
#1391 = VERTEX_POINT ( 'NONE', #1295 ) ;
#1392 = CARTESIAN_POINT ( 'NONE',  ( -70.71123809614229572, 30.11260658761455034, 782.9757322507870185 ) ) ;
#1393 = CARTESIAN_POINT ( 'NONE',  ( -211.0435957581265143, 131.8946742855544016, 878.2022096740220150 ) ) ;
#1394 = CARTESIAN_POINT ( 'NONE',  ( -36.31619407702230262, 1.441205441367156004, 864.5655110355500028 ) ) ;
#1395 = CARTESIAN_POINT ( 'NONE',  ( -203.6985011581909362, 124.0423106086300180, 898.3789203082476433 ) ) ;
#1396 = CARTESIAN_POINT ( 'NONE',  ( 3.365611187767299839, -15.19341104899580053, 804.6950097304380733 ) ) ;
#1397 = CARTESIAN_POINT ( 'NONE',  ( -132.3122227881871424, 74.36935415826710027, 905.5293737850778371 ) ) ;
#1398 = EDGE_CURVE ( 'NONE', #2591, #471, #356, .T. ) ;
#1399 = CARTESIAN_POINT ( 'NONE',  ( -144.6467777192779920, 77.88298498944769221, 887.6135211805750487 ) ) ;
#1400 = CARTESIAN_POINT ( 'NONE',  ( -0.2368115560908974904, -20.33820391007930439, 895.4747572093669987 ) ) ;
#1401 = CARTESIAN_POINT ( 'NONE',  ( -146.7104692533928016, 82.78773449180869193, 885.4436032277640152 ) ) ;
#1402 = CARTESIAN_POINT ( 'NONE',  ( -54.18921977692379954, 18.31001729098550257, 874.5068715545089617 ) ) ;
#1403 = CARTESIAN_POINT ( 'NONE',  ( -133.1218632800000137, 73.21287658482638960, 882.4536087873119641 ) ) ;
#1404 = ORIENTED_EDGE ( 'NONE', *, *, #1881, .F. ) ;
#1405 = CARTESIAN_POINT ( 'NONE',  ( -0.7918879325731510432, -21.13093513074210250, 750.5201798300380460 ) ) ;
#1406 = CARTESIAN_POINT ( 'NONE',  ( 2.557274178348525329, -16.34783593777310173, 762.7989779438969435 ) ) ;
#1407 = B_SPLINE_CURVE_WITH_KNOTS ( 'NONE', 3,
 ( #3130, #1911, #703, #1675, #2652, #460 ),
 .UNSPECIFIED., .F., .F.,
 ( 4, 2, 4 ),
 ( 0.1128282721750064055, 0.2268721979615359874, 0.3835205830634740298 ),
 .UNSPECIFIED. ) ;
#1408 = CARTESIAN_POINT ( 'NONE',  ( -210.3443964183685182, 124.0808791167533371, 899.0797447611097368 ) ) ;
#1409 = CARTESIAN_POINT ( 'NONE',  ( 2.120152111349855151, -16.97211094646024776, 757.7598091910770108 ) ) ;
#1410 = ADVANCED_FACE ( 'NONE', ( #1467 ), #2444, .T. ) ;
#1411 = CARTESIAN_POINT ( 'NONE',  ( -124.8315519161950107, 70.89755249458728770, 884.1165991024739697 ) ) ;
#1412 = CARTESIAN_POINT ( 'NONE',  ( -211.1455687921125275, 131.7490417003247956, 865.2803076157010764 ) ) ;
#1413 = B_SPLINE_CURVE_WITH_KNOTS ( 'NONE', 3,
 ( #397, #2540, #2331, #1379, #2812, #2089, #2783 ),
 .UNSPECIFIED., .F., .F.,
 ( 4, 3, 4 ),
 ( 0.002093508759505500159, 0.004999186218204190041, 0.02309350992747179893 ),
 .UNSPECIFIED. ) ;
#1414 = CARTESIAN_POINT ( 'NONE',  ( -54.53336504933410112, 17.81852565172619762, 874.5068755461240926 ) ) ;
#1415 = CARTESIAN_POINT ( 'NONE',  ( -73.41640607828641407, 26.24922632601310113, 797.8903580971820020 ) ) ;
#1416 = PLANE ( 'NONE',  #643 ) ;
#1417 = CARTESIAN_POINT ( 'NONE',  ( -73.88720157853479975, 25.57686067074985203, 813.9777505152900403 ) ) ;
#1418 = DIRECTION ( 'NONE',  ( -0.5735754540170368010, -0.8191527320987777028, 6.652693139137884736E-06 ) ) ;
#1419 = CARTESIAN_POINT ( 'NONE',  ( -211.0435957581265143, 131.8946742855544016, 878.2022096740220150 ) ) ;
#1420 = CARTESIAN_POINT ( 'NONE',  ( -15.67396471204899733, -13.13371329365767970, 860.0333601620759509 ) ) ;
#1421 = CARTESIAN_POINT ( 'NONE',  ( -0.2368115560908974904, -20.33820391007930439, 895.4747572093669987 ) ) ;
#1422 = ORIENTED_EDGE ( 'NONE', *, *, #294, .F. ) ;
#1423 = CARTESIAN_POINT ( 'NONE',  ( -214.8630383745644963, 126.4399449260229744, 867.5070630339199624 ) ) ;
#1424 = CARTESIAN_POINT ( 'NONE',  ( -68.38341097380049405, 33.43708825242730143, 801.9051208345010764 ) ) ;
#1425 = B_SPLINE_CURVE_WITH_KNOTS ( 'NONE', 3,
 ( #422, #2099, #1843, #437 ),
 .UNSPECIFIED., .F., .F.,
 ( 4, 4 ),
 ( 0.000000000000000000, 1.000000000000000000 ),
 .UNSPECIFIED. ) ;
#1426 = CARTESIAN_POINT ( 'NONE',  ( 2.948480004174594882, -15.78913611739370104, 769.4288572106158881 ) ) ;
#1427 = EDGE_CURVE ( 'NONE', #815, #664, #2462, .T. ) ;
#1428 = CARTESIAN_POINT ( 'NONE',  ( -20.48668630056320339, -10.04330170236315034, 857.2682697985335381 ) ) ;
#1429 = CARTESIAN_POINT ( 'NONE',  ( -70.49676120809920121, 30.41891132776559914, 783.3151454787860075 ) ) ;
#1430 = CARTESIAN_POINT ( 'NONE',  ( -37.67625725661319791, 2.401194112405615311, 864.8598889396450886 ) ) ;
#1431 = CARTESIAN_POINT ( 'NONE',  ( -139.5531381585632005, 82.89490652029050466, 845.4297639899609749 ) ) ;
#1432 = CARTESIAN_POINT ( 'NONE',  ( -37.68050285332719795, 2.395130786879009932, 864.6745981909930379 ) ) ;
#1433 = CARTESIAN_POINT ( 'NONE',  ( -2.557271931907184825, -23.65216477052539901, 762.7989779438969435 ) ) ;
#1434 = CARTESIAN_POINT ( 'NONE',  ( -25.46584021113187646, 0.3135155979699781326, 880.5598297409400175 ) ) ;
#1435 = CARTESIAN_POINT ( 'NONE',  ( -144.4195682818476030, 75.94492403977179151, 845.4297639899529031 ) ) ;
#1436 = CARTESIAN_POINT ( 'NONE',  ( -53.95782213786739590, 18.14791535455540128, 865.1515287411709778 ) ) ;
#1437 = CARTESIAN_POINT ( 'NONE',  ( -139.8245507601137945, 82.50728915438099875, 868.8797041453210568 ) ) ;
#1438 = CARTESIAN_POINT ( 'NONE',  ( -184.0658998704504938, 108.6136217597036051, 893.6157658667899568 ) ) ;
#1439 = CARTESIAN_POINT ( 'NONE',  ( -214.8584416154030237, 126.4465097784559759, 883.5493426760999682 ) ) ;
#1440 = CARTESIAN_POINT ( 'NONE',  ( -3.424372282222404973, -24.89051240747344806, 795.2858572951030283 ) ) ;
#1441 = ORIENTED_EDGE ( 'NONE', *, *, #260, .T. ) ;
#1442 = CARTESIAN_POINT ( 'NONE',  ( -214.9212023287765021, 126.3568781907503933, 872.8541623529609979 ) ) ;
#1443 = CARTESIAN_POINT ( 'NONE',  ( 3.380400606398760388, -15.17228957025640135, 785.8764603994700337 ) ) ;
#1444 = CARTESIAN_POINT ( 'NONE',  ( 2.830495201584565024, -15.95763587803850037, 767.0853760387560669 ) ) ;
#1445 = CARTESIAN_POINT ( 'NONE',  ( -144.3834668265945993, 75.99648226113120586, 855.4823067221689143 ) ) ;
#1446 = CARTESIAN_POINT ( 'NONE',  ( -139.8863350303211917, 82.41905207203610928, 830.3644444181429662 ) ) ;
#1447 = LINE ( 'NONE', #2186, #487 ) ;
#1448 = CARTESIAN_POINT ( 'NONE',  ( 3.313960411766850189, -15.26717600178750089, 781.1729475034449024 ) ) ;
#1449 = ADVANCED_FACE ( 'NONE', ( #1981 ), #1280, .T. ) ;
#1450 = COLOUR_RGB ( '',0.7921568627450980005, 0.8196078431372548767, 0.9333333333333333481 ) ;
#1451 = CARTESIAN_POINT ( 'NONE',  ( -87.83656950217070403, 42.11481674878745451, 908.9945594748310214 ) ) ;
#1452 = CARTESIAN_POINT ( 'NONE',  ( -143.9036866167153903, 76.68167941154469247, 827.0286419538869040 ) ) ;
#1453 = CARTESIAN_POINT ( 'NONE',  ( -73.41640607828641407, 26.24922632601310113, 797.8903580971820020 ) ) ;
#1454 = CARTESIAN_POINT ( 'NONE',  ( -54.73752464039869636, 18.69386892159344882, 865.3227602482419343 ) ) ;
#1455 = CARTESIAN_POINT ( 'NONE',  ( 2.916999360594354496, -15.83409513577374916, 828.2056663184279159 ) ) ;
#1456 = CARTESIAN_POINT ( 'NONE',  ( -196.4319441667884973, 117.5018061766749895, 896.3510835675590442 ) ) ;
#1457 = CARTESIAN_POINT ( 'NONE',  ( -214.8923957692269937, 126.3980182213511938, 880.8759552180511037 ) ) ;
#1458 = CARTESIAN_POINT ( 'NONE',  ( -214.7121072307444933, 126.6554969382242035, 862.1656150637800238 ) ) ;
#1459 = ORIENTED_EDGE ( 'NONE', *, *, #2115, .F. ) ;
#1460 = CARTESIAN_POINT ( 'NONE',  ( -214.3648803209605092, 127.1513883573194050, 856.1807038834540435 ) ) ;
#1461 = CARTESIAN_POINT ( 'NONE',  ( -139.5531381585632005, 82.89490652029050466, 845.4297639899609749 ) ) ;
#1462 = CARTESIAN_POINT ( 'NONE',  ( -139.5473877927549893, 82.90311889375669807, 848.7807608943039668 ) ) ;
#1463 = ORIENTED_EDGE ( 'NONE', *, *, #2495, .F. ) ;
#1464 = CARTESIAN_POINT ( 'NONE',  ( -2.112701772637090247, -23.01725278370679817, 853.2587429767249887 ) ) ;
#1465 =( BOUNDED_SURFACE ( )  B_SPLINE_SURFACE ( 2, 3, ( 
 ( #2043, #2578, #328, #2786, #387, #2605, #2132, #2405, #1613, #668, #3145, #2375, #952, #188, #222, #2149, #400, #683 ),
 ( #2650, #1428, #173, #936, #161, #2362, #428, #2389, #3114, #413, #2619, #1189, #458, #701, #1147, #1639, #1408, #2106 ),
 ( #2168, #1626, #2875, #1863, #1394, #2634, #3128, #1161, #655, #2348, #1909, #2120, #441, #1927, #2892, #641, #2592, #1381 ) ),
 .UNSPECIFIED., .F., .F., .F. ) 
 B_SPLINE_SURFACE_WITH_KNOTS ( ( 3, 3 ),
 ( 4, 2, 2, 2, 2, 2, 2, 2, 4 ),
 ( 0.000000000000000000, 1.000000000000000000 ),
 ( 0.01771978217983179865, 0.03312321444235610118, 0.04852664670488040372, 0.07933351122992900184, 0.1409472402800261981, 0.2025609693301234915, 0.2333678338551719855, 0.2487712661176964823, 0.2641746983802205073 ),
 .UNSPECIFIED. ) 
 GEOMETRIC_REPRESENTATION_ITEM ( )  RATIONAL_B_SPLINE_SURFACE ( (
 ( 1.000000000000000000, 1.000000000000000000, 1.000000000000000000, 1.000000000000000000, 1.000000000000000000, 1.000000000000000000, 1.000000000000000000, 1.000000000000000000, 1.000000000000000000, 1.000000000000000000, 1.000000000000000000, 1.000000000000000000, 1.000000000000000000, 1.000000000000000000, 1.000000000000000000, 1.000000000000000000, 1.000000000000000000, 1.000000000000000000),
 ( 0.6831509596315330501, 0.6831819307375380790, 0.6832129492816779726, 0.6832791973626169968, 0.6833143812829349795, 0.6834261487938100288, 0.6835089465140740117, 0.6837825518918179135, 0.6839983460300099738, 0.6845005523697720307, 0.6847898538407479752, 0.6852881745212789921, 0.6854650878033089478, 0.6857478742007619976, 0.6858450003911860104, 0.6860449733228040081, 0.6861475185515029107, 0.6862568187976270107),
 ( 1.000000000000000000, 1.000000000000000000, 1.000000000000000000, 1.000000000000000000, 1.000000000000000000, 1.000000000000000000, 1.000000000000000000, 1.000000000000000000, 1.000000000000000000, 1.000000000000000000, 1.000000000000000000, 1.000000000000000000, 1.000000000000000000, 1.000000000000000000, 1.000000000000000000, 1.000000000000000000, 1.000000000000000000, 1.000000000000000000) ) ) 
 REPRESENTATION_ITEM ( '' )  SURFACE ( )  );
#1466 = CARTESIAN_POINT ( 'NONE',  ( -68.99356121968030209, 32.56570339496065003, 866.3047283389330460 ) ) ;
#1467 = FACE_OUTER_BOUND ( 'NONE', #1276, .T. ) ;
#1468 = CARTESIAN_POINT ( 'NONE',  ( -72.28874990492469976, 27.85968624228949864, 786.1555536891548854 ) ) ;
#1469 = CARTESIAN_POINT ( 'NONE',  ( -214.4328537703760276, 127.0543122110252057, 857.0641459396191522 ) ) ;
#1470 = CARTESIAN_POINT ( 'NONE',  ( -190.7253282149645202, 116.8592269568854505, 895.4439482579833793 ) ) ;
#1471 = CARTESIAN_POINT ( 'NONE',  ( -68.72835315119739619, 32.94445976933649689, 858.2621862780271158 ) ) ;
#1472 = CARTESIAN_POINT ( 'NONE',  ( -41.51414117752459987, 8.702291421488538958, 862.3414370773150495 ) ) ;
#1473 = CARTESIAN_POINT ( 'NONE',  ( -214.7641152361034926, 126.5812218090354122, 888.8948703405189917 ) ) ;
#1474 = CARTESIAN_POINT ( 'NONE',  ( -3.406196767738889797, -24.86455508269230208, 799.9906555251290001 ) ) ;
#1475 = ORIENTED_EDGE ( 'NONE', *, *, #1427, .T. ) ;
#1476 = CARTESIAN_POINT ( 'NONE',  ( -73.07976426732969344, 26.73000065731680053, 792.8900435579070063 ) ) ;
#1477 = CARTESIAN_POINT ( 'NONE',  ( -211.0435957581265143, 131.8946742855544016, 878.2022096740220150 ) ) ;
#1478 = CARTESIAN_POINT ( 'NONE',  ( -140.3227988768842067, 81.79571709955220626, 885.6118103777610031 ) ) ;
#1479 = ORIENTED_EDGE ( 'NONE', *, *, #858, .T. ) ;
#1480 = CARTESIAN_POINT ( 'NONE',  ( -71.19591579524769998, 29.42041509772474583, 907.8068781377189680 ) ) ;
#1481 = CARTESIAN_POINT ( 'NONE',  ( -70.50980949883370386, 30.40027643736179996, 902.4586354434770783 ) ) ;
#1482 = DIRECTION ( 'NONE',  ( -0.8191520447042046627, 0.5735764357580608319, -3.763212682774912837E-09 ) ) ;
#1483 = CARTESIAN_POINT ( 'NONE',  ( -2.948477757734185190, -24.21086459090609821, 769.4288572106158881 ) ) ;
#1484 = CARTESIAN_POINT ( 'NONE',  ( -143.1729883903352061, 77.72522462708020896, 819.6044445099389577 ) ) ;
#1485 = CARTESIAN_POINT ( 'NONE',  ( -47.52753840295079613, 12.98554553060609962, 863.6283671179849080 ) ) ;
#1486 = VECTOR ( 'NONE', #2378, 1000.000000000000114 ) ;
#1487 = CARTESIAN_POINT ( 'NONE',  ( 3.139930000797259702, -15.51571718632624908, 818.8039913657750049 ) ) ;
#1488 = ADVANCED_FACE ( 'NONE', ( #21 ), #754, .T. ) ;
#1489 = CARTESIAN_POINT ( 'NONE',  ( -55.75082588617730295, 18.91462824389099850, 865.4671439737981018 ) ) ;
#1490 = CARTESIAN_POINT ( 'NONE',  ( -214.3974881145580014, 127.1048196018886074, 902.2495147726269806 ) ) ;
#1491 = CARTESIAN_POINT ( 'NONE',  ( -144.2176455449522052, 76.23329959398459721, 833.7075920478930584 ) ) ;
#1492 = B_SPLINE_CURVE_WITH_KNOTS ( 'NONE', 3,
 ( #1060, #613, #2322, #2559 ),
 .UNSPECIFIED., .F., .F.,
 ( 4, 4 ),
 ( 0.000000000000000000, 1.000000000000000000 ),
 .UNSPECIFIED. ) ;
#1493 = CARTESIAN_POINT ( 'NONE',  ( -72.80827433586991049, 27.11772846178174845, 789.9065715302249373 ) ) ;
#1494 = CARTESIAN_POINT ( 'NONE',  ( -211.5941804628775174, 131.1083578369211864, 856.1807038834540435 ) ) ;
#1495 = CARTESIAN_POINT ( 'NONE',  ( -123.6066250470911996, 66.91653172622530121, 880.4222059418381150 ) ) ;
#1496 = EDGE_CURVE ( 'NONE', #2303, #734, #1011, .T. ) ;
#1497 = B_SPLINE_CURVE_WITH_KNOTS ( 'NONE', 3,
 ( #2950, #2469, #1749, #319 ),
 .UNSPECIFIED., .F., .F.,
 ( 4, 4 ),
 ( 0.000000000000000000, 1.000000000000000000 ),
 .UNSPECIFIED. ) ;
#1498 = CARTESIAN_POINT ( 'NONE',  ( -211.1006191684425062, 131.8132364157731899, 883.5493426762910758 ) ) ;
#1499 = ORIENTED_EDGE ( 'NONE', *, *, #2154, .T. ) ;
#1500 = VECTOR ( 'NONE', #2030, 1000.000000000000000 ) ;
#1501 = CARTESIAN_POINT ( 'NONE',  ( -73.82339907387519418, 25.66798009060475039, 834.1156043882299400 ) ) ;
#1502 = CARTESIAN_POINT ( 'NONE',  ( -78.12309990782217994, 34.70231872835577036, 870.3832102985692245 ) ) ;
#1503 = CARTESIAN_POINT ( 'NONE',  ( -143.6538249349003991, 77.03851887439049051, 823.7061764622450255 ) ) ;
#1504 = LINE ( 'NONE', #550, #1961 ) ;
#1505 = CARTESIAN_POINT ( 'NONE',  ( -132.0356863374594241, 74.76420851645815446, 883.1928498325437431 ) ) ;
#1506 = CARTESIAN_POINT ( 'NONE',  ( -70.02380314179019649, 31.09436544743735098, 784.5780276304300287 ) ) ;
#1507 = CARTESIAN_POINT ( 'NONE',  ( -213.0434371741625341, 129.0386047534422005, 849.5127573054589902 ) ) ;
#1508 = CARTESIAN_POINT ( 'NONE',  ( -169.6638768727800084, 102.0414731230495988, 893.5957700200219733 ) ) ;
#1509 = CARTESIAN_POINT ( 'NONE',  ( -141.5842488595474151, 79.99417982120719728, 915.6895922766640297 ) ) ;
#1510 = CARTESIAN_POINT ( 'NONE',  ( -51.07886796947819619, 15.39958520263144948, 864.4437808044909843 ) ) ;
#1511 = CARTESIAN_POINT ( 'NONE',  ( -3.226744235992855092, -24.60827030717439712, 777.2550534968009970 ) ) ;
#1512 = CARTESIAN_POINT ( 'NONE',  ( -2.494889368003190278, -23.56307323623044780, 842.3009880572089969 ) ) ;
#1513 = LINE ( 'NONE', #780, #3092 ) ;
#1514 = CARTESIAN_POINT ( 'NONE',  ( -212.9387462032265148, 129.1881189549078215, 934.2462908152369891 ) ) ;
#1515 = CARTESIAN_POINT ( 'NONE',  ( -110.5063737426529968, 57.74363710543239847, 877.5511587144339956 ) ) ;
#1516 = CARTESIAN_POINT ( 'NONE',  ( -108.9611249623712013, 56.29538257213349794, 877.1499283322200426 ) ) ;
#1517 = CARTESIAN_POINT ( 'NONE',  ( -140.2094179080329752, 81.95764190421949991, 882.2666725340849325 ) ) ;
#1518 = ORIENTED_EDGE ( 'NONE', *, *, #2221, .F. ) ;
#1519 = CARTESIAN_POINT ( 'NONE',  ( -214.0111110445340046, 127.6566232442946074, 912.9243695892679398 ) ) ;
#1520 = CARTESIAN_POINT ( 'NONE',  ( -70.79043628536510369, 29.99949985153834930, 907.8068778279208573 ) ) ;
#1521 = CARTESIAN_POINT ( 'NONE',  ( -214.3101023583384972, 127.2296193954512091, 855.5190468485889141 ) ) ;
#1522 = DIRECTION ( 'NONE',  ( -0.1450182577416639917, 0.1015346249225079767, -0.9842054789846569340 ) ) ;
#1523 = CARTESIAN_POINT ( 'NONE',  ( -32.30002736559109877, 6.592352547005999597, 864.6745981634560394 ) ) ;
#1524 = CARTESIAN_POINT ( 'NONE',  ( -142.8898009853463975, 78.12965815504939826, 818.0037412710199760 ) ) ;
#1525 = CARTESIAN_POINT ( 'NONE',  ( -1.666189051272725097, -22.37956653070525093, 754.3216053108270671 ) ) ;
#1526 = CARTESIAN_POINT ( 'NONE',  ( -183.9021244330290017, 108.8486432000621988, 893.6121755423650939 ) ) ;
#1527 = CARTESIAN_POINT ( 'NONE',  ( -132.8347863737403998, 73.62314348480370541, 916.3893615081069584 ) ) ;
#1528 = CARTESIAN_POINT ( 'NONE',  ( -3.048358069403709791, -24.35350845892975258, 771.7748737198609206 ) ) ;
#1529 = CARTESIAN_POINT ( 'NONE',  ( -133.9053378087884880, 72.09415046508075875, 906.1061918841980969 ) ) ;
#1530 = CARTESIAN_POINT ( 'NONE',  ( 3.230440387728939822, -15.38645495764030002, 814.1017675945280416 ) ) ;
#1531 = CARTESIAN_POINT ( 'NONE',  ( -140.4816007132893958, 81.56892457342330260, 890.0711930966830323 ) ) ;
#1532 = EDGE_LOOP ( 'NONE', ( #894, #2979, #2631, #1223, #1685 ) ) ;
#1533 = ORIENTED_EDGE ( 'NONE', *, *, #694, .F. ) ;
#1534 = CARTESIAN_POINT ( 'NONE',  ( 0.5646298618800250635, -19.19362694648355117, 889.2276786102900132 ) ) ;
#1535 = CARTESIAN_POINT ( 'NONE',  ( -72.90836507797089894, 26.97478406795650230, 790.8983764812750223 ) ) ;
#1536 = CARTESIAN_POINT ( 'NONE',  ( -131.7895672487937588, 75.11560614543053305, 883.6743150128977504 ) ) ;
#1537 = CARTESIAN_POINT ( 'NONE',  ( -131.5953765918519593, 75.39286587500394887, 884.3447028821157119 ) ) ;
#1538 = CARTESIAN_POINT ( 'NONE',  ( -142.3993633244664068, 78.83007572286669529, 816.5699116640079183 ) ) ;
#1539 = B_SPLINE_CURVE_WITH_KNOTS ( 'NONE', 3,
 ( #1526, #300, #1266, #1330 ),
 .UNSPECIFIED., .F., .F.,
 ( 4, 4 ),
 ( 0.000000000000000000, 0.0002355421446592700116 ),
 .UNSPECIFIED. ) ;
#1540 = CARTESIAN_POINT ( 'NONE',  ( -142.9707003705862007, 78.01412185927240728, 818.3982348205339576 ) ) ;
#1541 =( NAMED_UNIT ( * ) SI_UNIT ( $, .STERADIAN. ) SOLID_ANGLE_UNIT ( ) );
#1542 = PLANE ( 'NONE',  #2461 ) ;
#1543 = CARTESIAN_POINT ( 'NONE',  ( -209.8720243278319799, 123.9391171618221961, 901.6839869586029863 ) ) ;
#1544 = CARTESIAN_POINT ( 'NONE',  ( -211.6520365340880119, 131.0257308041435920, 904.9188924165889603 ) ) ;
#1545 = CARTESIAN_POINT ( 'NONE',  ( -69.18444834754880901, 32.29308832378264782, 871.6649680450850610 ) ) ;
#1546 = FACE_OUTER_BOUND ( 'NONE', #2845, .T. ) ;
#1547 = ORIENTED_EDGE ( 'NONE', *, *, #2495, .T. ) ;
#1548 = CARTESIAN_POINT ( 'NONE',  ( 1.815050690279015111, -17.40784093281675027, 861.0829855602930820 ) ) ;
#1549 = CARTESIAN_POINT ( 'NONE',  ( -1.268226016421160063, -21.81121641572494951, 752.0743075446000603 ) ) ;
#1550 = CARTESIAN_POINT ( 'NONE',  ( -33.22563705433840653, 6.665648525680090586, 871.6745981629740072 ) ) ;
#1551 = CARTESIAN_POINT ( 'NONE',  ( -134.6580460186662833, 71.01898930948652833, 884.3934676318633592 ) ) ;
#1552 = CARTESIAN_POINT ( 'NONE',  ( -142.5503020655689852, 78.61451286062029453, 816.8965474350100067 ) ) ;
#1553 = EDGE_CURVE ( 'NONE', #664, #987, #39, .T. ) ;
#1554 = CARTESIAN_POINT ( 'NONE',  ( -212.9156236022684823, 129.2211414513765817, 849.5127573054589902 ) ) ;
#1555 = CARTESIAN_POINT ( 'NONE',  ( -133.4091485943183670, 72.80286764735970451, 916.3893613863449445 ) ) ;
#1556 = CARTESIAN_POINT ( 'NONE',  ( -199.7076305701205001, 119.4706401680929986, 906.3844956617080015 ) ) ;
#1557 = B_SPLINE_CURVE_WITH_KNOTS ( 'NONE', 3,
 ( #2568, #1651, #3109, #634, #1114, #1101, #2383, #2630, #1634, #2840 ),
 .UNSPECIFIED., .F., .F.,
 ( 4, 3, 3, 4 ),
 ( 0.09836742366857810504, 0.1085494622134422077, 0.1854473273389774801, 0.2295401028128145060 ),
 .UNSPECIFIED. ) ;
#1558 = CARTESIAN_POINT ( 'NONE',  ( -200.2585586598684984, 119.8563283831239943, 897.1740712744690427 ) ) ;
#1559 = ADVANCED_FACE ( 'NONE', ( #567 ), #105, .T. ) ;
#1560 = CARTESIAN_POINT ( 'NONE',  ( -211.1949455477655135, 131.6785243851601876, 888.8948703411599581 ) ) ;
#1561 = PLANE ( 'NONE',  #271 ) ;
#1562 = AXIS2_PLACEMENT_3D ( 'NONE', #2606, #2407, #2860 ) ;
#1563 = CARTESIAN_POINT ( 'NONE',  ( -26.63212852711649958, -1.352295818966280150, 859.0753413983360360 ) ) ;
#1564 = ORIENTED_EDGE ( 'NONE', *, *, #920, .T. ) ;
#1565 = PLANE ( 'NONE',  #1095 ) ;
#1566 = CARTESIAN_POINT ( 'NONE',  ( -144.0023192014290032, 76.54081748228689719, 828.6953401556089602 ) ) ;
#1567 = VERTEX_POINT ( 'NONE', #1599 ) ;
#1568 = CARTESIAN_POINT ( 'NONE',  ( -33.07920870903370059, 7.147190327672509724, 864.6744241784710994 ) ) ;
#1569 = CARTESIAN_POINT ( 'NONE',  ( -201.5336476329364928, 124.1649208182791995, 900.4795230729970399 ) ) ;
#1570 = CARTESIAN_POINT ( 'NONE',  ( -213.5325644091760182, 128.3400586677130093, 850.3677477735939192 ) ) ;
#1571 = CARTESIAN_POINT ( 'NONE',  ( -212.1941964211110019, 130.2514462421563906, 851.2833256139230116 ) ) ;
#1572 = CARTESIAN_POINT ( 'NONE',  ( 0.2368138216544170005, -19.66179677090984868, 895.4747568475030448 ) ) ;
#1573 = CARTESIAN_POINT ( 'NONE',  ( -28.81643714791887945, 4.491233100138335210, 859.9950626822019331 ) ) ;
#1574 = CARTESIAN_POINT ( 'NONE',  ( -198.6968250161330047, 118.7627907129815981, 896.8303923187180544 ) ) ;
#1575 = CARTESIAN_POINT ( 'NONE',  ( -211.9479497384409967, 130.6031229511783920, 912.9243695729949195 ) ) ;
#1576 = CARTESIAN_POINT ( 'NONE',  ( -27.28274526177930071, -2.281472505645110171, 859.3309385177979038 ) ) ;
#1577 = CARTESIAN_POINT ( 'NONE',  ( -27.24610193341706932, -2.228869400296693559, 892.4233585415698826 ) ) ;
#1578 = ORIENTED_EDGE ( 'NONE', *, *, #1920, .T. ) ;
#1579 = CARTESIAN_POINT ( 'NONE',  ( -1.008805746320646124, -21.44072587407239894, 879.8498069073449415 ) ) ;
#1580 = CARTESIAN_POINT ( 'NONE',  ( -69.80981571834969657, 31.39997115969180186, 785.5131440271469501 ) ) ;
#1581 = EDGE_LOOP ( 'NONE', ( #2287, #626, #2129, #1703, #1185 ) ) ;
#1582 = CARTESIAN_POINT ( 'NONE',  ( -133.0098956676856403, 73.37278320614696270, 882.4540349628277909 ) ) ;
#1583 = CARTESIAN_POINT ( 'NONE',  ( -123.7216070931209941, 86.63063537870630171, -0.0007091945827048829485 ) ) ;
#1584 = CARTESIAN_POINT ( 'NONE',  ( -211.1990055604304928, 131.6727260861649711, 863.5000270594649692 ) ) ;
#1585 = CARTESIAN_POINT ( 'NONE',  ( -69.17807776111840212, 32.30218646409559824, 789.9065715302249373 ) ) ;
#1586 = CARTESIAN_POINT ( 'NONE',  ( -94.87508803519889966, 50.08114772694980132, 877.8262153511859651 ) ) ;
#1587 = CARTESIAN_POINT ( 'NONE',  ( -199.3634852977100138, 119.9621318073521934, 906.3844916700919612 ) ) ;
#1588 = CARTESIAN_POINT ( 'NONE',  ( -73.49047068156829710, 26.14345111046564796, 850.2165654201679672 ) ) ;
#1589 = CARTESIAN_POINT ( 'NONE',  ( -132.6387034194100067, 73.90305425999915201, 912.5395809433446175 ) ) ;
#1590 = EDGE_CURVE ( 'NONE', #236, #591, #1492, .T. ) ;
#1591 = CARTESIAN_POINT ( 'NONE',  ( -36.82373133721705472, 1.799362629913815015, 864.6742503174009471 ) ) ;
#1592 = ORIENTED_EDGE ( 'NONE', *, *, #3154, .T. ) ;
#1593 = EDGE_CURVE ( 'NONE', #504, #218, #1340, .T. ) ;
#1594 = CARTESIAN_POINT ( 'NONE',  ( -70.16021955816479760, 30.89954261430490234, 784.1337244893330762 ) ) ;
#1595 = LINE ( 'NONE', #2345, #2058 ) ;
#1596 = CARTESIAN_POINT ( 'NONE',  ( -212.5295516507624995, 129.7725093393793827, 850.0847312374970670 ) ) ;
#1597 = EDGE_LOOP ( 'NONE', ( #438, #371, #2196, #1578, #1719 ) ) ;
#1598 = DIRECTION ( 'NONE',  ( 0.5735764357580607209, 0.8191520447042046627, -5.374424790391357112E-09 ) ) ;
#1599 = CARTESIAN_POINT ( 'NONE',  ( -38.58715469396380371, 7.385258177849830297, 861.7734593612281060 ) ) ;
#1600 = CARTESIAN_POINT ( 'NONE',  ( -211.6489584254999841, 131.0301267987892118, 855.5190468485878910 ) ) ;
#1601 = PRODUCT_RELATED_PRODUCT_CATEGORY ( 'part', '', ( #2136 ) ) ;
#1602 = CARTESIAN_POINT ( 'NONE',  ( -69.07798701901239724, 32.44513085792649321, 790.8983764812750223 ) ) ;
#1603 = FACE_OUTER_BOUND ( 'NONE', #2042, .T. ) ;
#1604 = CARTESIAN_POINT ( 'NONE',  ( -55.63570718388840675, 19.07903467025400346, 865.4671443556529766 ) ) ;
#1605 = CARTESIAN_POINT ( 'NONE',  ( -143.9710860432391826, 76.58542305489929447, 875.5745316195200303 ) ) ;
#1606 = CARTESIAN_POINT ( 'NONE',  ( -191.4947136296780172, 113.4754037247318053, 925.9349002998291098 ) ) ;
#1607 = CARTESIAN_POINT ( 'NONE',  ( -39.90372625377145255, -4.266854834820230202, 871.6745982347021027 ) ) ;
#1608 = ORIENTED_EDGE ( 'NONE', *, *, #1593, .F. ) ;
#1609 = CARTESIAN_POINT ( 'NONE',  ( -212.7923545598865189, 129.3971878885473927, 849.5985206030020436 ) ) ;
#1610 = CARTESIAN_POINT ( 'NONE',  ( -0.5646276282326619933, -20.80637378008660221, 889.2276783682010546 ) ) ;
#1611 = CARTESIAN_POINT ( 'NONE',  ( -69.29249676077769493, 32.13877919779745440, 788.9194395435999922 ) ) ;
#1612 = ORIENTED_EDGE ( 'NONE', *, *, #2352, .F. ) ;
#1613 = CARTESIAN_POINT ( 'NONE',  ( -96.98164501290840178, 48.08252093390539983, 874.5359538378939988 ) ) ;
#1614 = CARTESIAN_POINT ( 'NONE',  ( -134.2322833361828032, 71.62703637186068306, 883.2225657442496640 ) ) ;
#1615 = CARTESIAN_POINT ( 'NONE',  ( -211.7745375060549975, 130.8507812852071766, 854.2000962085220408 ) ) ;
#1616 = DIRECTION ( 'NONE',  ( 1.159863639925209629E-05, 0.000000000000000000, 0.9999999999327358058 ) ) ;
#1617 = DIRECTION ( 'NONE',  ( 0.8062139315781655657, -0.5645170692166476822, -0.1770298706216653917 ) ) ;
#1618 = CARTESIAN_POINT ( 'NONE',  ( -143.7632885323729965, 76.88218865584889272, 882.2666725341540541 ) ) ;
#1619 = CARTESIAN_POINT ( 'NONE',  ( -27.34389320392783773, -2.368800607172450334, 859.3771195321819505 ) ) ;
#1620 = DIRECTION ( 'NONE',  ( -0.1450182577416635754, 0.1015346249225074354, -0.9842054789846570451 ) ) ;
#1621 = ORIENTED_EDGE ( 'NONE', *, *, #2572, .T. ) ;
#1622 = CARTESIAN_POINT ( 'NONE',  ( -141.7517963280143931, 79.75489723808098574, 816.2871264268939058 ) ) ;
#1623 = CARTESIAN_POINT ( 'NONE',  ( -177.1018393582064903, 103.9156481472639939, 892.1012763166650075 ) ) ;
#1624 = CARTESIAN_POINT ( 'NONE',  ( 1.834431867617110079, -17.38016174303299977, 755.4607392153029650 ) ) ;
#1625 = ORIENTED_EDGE ( 'NONE', *, *, #1351, .T. ) ;
#1626 = CARTESIAN_POINT ( 'NONE',  ( -19.80201206237229883, -10.21885961762369988, 860.9420185110930106 ) ) ;
#1627 = CARTESIAN_POINT ( 'NONE',  ( -202.9211641119216551, 125.1524819575353149, 900.4386052936135911 ) ) ;
#1628 = CARTESIAN_POINT ( 'NONE',  ( -68.56994601869760686, 33.17068859986980556, 797.8903580971820020 ) ) ;
#1629 = B_SPLINE_SURFACE_WITH_KNOTS ( 'NONE', 3, 3, ( 
 ( #1871, #1887, #156, #663 ),
 ( #2114, #1390, #2194, #1421 ),
 ( #2935, #744, #1201, #728 ),
 ( #1733, #1217, #501, #27 ),
 ( #696, #2179, #451, #1684 ),
 ( #980, #2709, #2645, #2434 ),
 ( #761, #249, #713, #1184 ),
 ( #2145, #518, #2904, #2210 ),
 ( #1490, #1170, #2677, #10 ),
 ( #2399, #217, #3124, #1701 ),
 ( #200, #1937, #931, #2661 ),
 ( #1717, #1952, #1903, #2886 ),
 ( #2694, #1668, #3157, #469 ),
 ( #1473, #2450, #234, #965 ),
 ( #265, #2163, #1233, #3140 ),
 ( #1439, #485, #2919, #998 ),
 ( #1457, #2418, #1968, #2951 ),
 ( #947, #1922, #1750, #302 ),
 ( #2487, #1036, #2470, #2005 ),
 ( #2228, #1286, #2989, #2972 ),
 ( #1250, #2245, #1017, #1988 ),
 ( #778, #537, #284, #2264 ),
 ( #61, #3005, #1766, #1511 ),
 ( #2507, #45, #2727, #1268 ),
 ( #2745, #797, #556, #1528 ),
 ( #320, #81, #1050, #2021 ),
 ( #1307, #1566, #770, #2527 ),
 ( #2541, #1742, #833, #2286 ),
 ( #2238, #2220, #353, #1804 ),
 ( #806, #2718, #529, #1279 ),
 ( #1521, #1503, #1979, #565 ),
 ( #2754, #1293, #1535, #2514 ),
 ( #2480, #102, #2738, #1045 ),
 ( #293, #1261, #3012, #819 ),
 ( #2041, #2255, #327, #38 ),
 ( #1010, #1776, #73, #1790 ),
 ( #1026, #313, #1058, #3028 ),
 ( #2768, #2271, #88, #54 ),
 ( #1998, #2982, #579, #1549 ),
 ( #2029, #340, #593, #1071 ),
 ( #2784, #549, #2961, #788 ),
 ( #1760, #2500, #2014, #2998 ),
 ( #2617, #116, #1877, #864 ),
 ( #1338, #2858, #2302, #640 ),
 ( #667, #2075, #3100, #3057 ),
 ( #2319, #1833, #1638, #1861 ),
 ( #2346, #2813, #2844, #1367 ),
 ( #1324, #1104, #160, #1087 ),
 ( #1596, #1353, #1134, #653 ),
 ( #148, #2057, #398, #610 ),
 ( #2332, #2103, #2799, #625 ),
 ( #3044, #850, #906, #1380 ),
 ( #132, #1819, #1580, #2556 ),
 ( #3073, #370, #2576, #386 ),
 ( #1118, #2090, #879, #2828 ),
 ( #1847, #893, #3086, #1624 ),
 ( #1146, #172, #1611, #2590 ),
 ( #2604, #411, #2361, #2119 ),
 ( #935, #1706, #2439, #2925 ),
 ( #2891, #1942, #951, #2423 ),
 ( #2873, #2387, #1672, #239 ),
 ( #474, #2167, #440, #1406 ),
 ( #3144, #1926, #2908, #1174 ),
 ( #717, #1689, #1957, #1444 ),
 ( #254, #2148, #917, #1426 ),
 ( #1907, #203, #456, #1206 ),
 ( #2403, #221, #2374, #2665 ),
 ( #2184, #17, #2682, #2940 ),
 ( #733, #3127, #750, #3113 ),
 ( #491, #700, #2649, #427 ),
 ( #2199, #970, #3162, #1890 ),
 ( #1188, #1462, #1722, #1222 ),
 ( #1393, #187, #986, #1159 ),
 ( #2131, #2633, #682, #1656 ),
 ( #1498, #2476, #1240, #272 ),
 ( #2978, #1005, #2494, #525 ),
 ( #2699, #1738, #507, #1255 ),
 ( #2457, #33, #1975, #289 ),
 ( #1275, #2957, #1756, #1022 ),
 ( #2216, #784, #766, #2714 ),
 ( #2734, #2233, #50, #1994 ),
 ( #544, #1517, #308, #2251 ),
 ( #68, #1478, #1785, #84 ),
 ( #1737, #1531, #1545, #3022 ),
 ( #2976, #288, #589, #1238 ),
 ( #1992, #1301, #2475, #828 ),
 ( #1770, #1289, #1800, #49 ),
 ( #1021, #1067, #1254, #782 ),
 ( #3008, #1754, #323, #2731 ),
 ( #2510, #2778, #2455, #2232 ) ),
 .UNSPECIFIED., .F., .F., .F.,
 ( 4, 1, 1, 1, 1, 1, 1, 1, 1, 1, 1, 1, 1, 1, 1, 1, 1, 1, 1, 1, 1, 1, 1, 1, 1, 1, 1, 1, 1, 1, 1, 1, 1, 1, 1, 1, 1, 1, 1, 1, 1, 1, 1, 2, 1, 1, 1, 1, 1, 1, 1, 1, 1, 1, 1, 1, 1, 1, 1, 1, 1, 1, 1, 1, 1, 1, 1, 1, 1, 1, 1, 1, 1, 1, 1, 1, 1, 1, 1, 1, 1, 1, 1, 1, 1, 1, 4 ),
 ( 4, 4 ),
 ( 0.0008302671343174420271, 0.03205428596913204725, 0.06327830480394661117, 0.09450232363876109876, 0.1257263424735755863, 0.1569503613083905180, 0.1725623707257974981, 0.1881743801432050056, 0.2037863895606124853, 0.2193983989780194932, 0.2350104083954270007, 0.2506224178128340085, 0.2662344272302414883, 0.2818464366476489680, 0.2974584460650560036, 0.3130704554824635388, 0.3286824648998705189, 0.3442944743172779987, 0.3599064837346849788, 0.3755184931520925140, 0.3911305025694999937, 0.4067425119869069738, 0.4145485166956109913, 0.4223545214043140095, 0.4301605261130179714, 0.4379665308217215447, 0.4457725355304250070, 0.4535785402391289689, 0.4574815425934810054, 0.4613845449478319871, 0.4652875473021840236, 0.4691905496565360045, 0.4730935520108879855, 0.4769965543652400219, 0.4808995567195920029, 0.4848025590739430402, 0.4867540602511200021, 0.4887055614282950211, 0.4906570626054709838, 0.4926085637826470021, 0.4945600649598230203, 0.4965115661369990385, 0.4984630673141750012, 0.5004145684913509085, 0.5023660740831810134, 0.5043175796750120066, 0.5062690852668429997, 0.5082205908586729937, 0.5101720964505039868, 0.5121236020423349800, 0.5140751076341650849, 0.5160266132259959670, 0.5199296244096569541, 0.5238326355933189404, 0.5277356467769800386, 0.5316386579606410256, 0.5355416691443030119, 0.5394446803279639990, 0.5433476915116249861, 0.5472507026952870834, 0.5550567250626090576, 0.5628627474299320310, 0.5706687697972540052, 0.5784747921645769786, 0.5862808145318999520, 0.5940868368992220372, 0.6096988816338679840, 0.6253109263685130426, 0.6409229711031579901, 0.6565350158378040479, 0.6721470605724489955, 0.6877591053070940541, 0.7033711500417398899, 0.7189831947763849485, 0.7345952395110300071, 0.7502072842456760648, 0.7658193289803210124, 0.7814313737149659600, 0.7970434184496110186, 0.8126554631842570764, 0.8282675079189019129, 0.8438795526535469715, 0.8751036421228379769, 0.9063277315921279831, 0.9375518210614189885, 0.9687759105307099938, 1.000000000000000000 ),
 ( 0.000000000000000000, 1.000000000000000000 ),
 .UNSPECIFIED. ) ;
#1630 = CARTESIAN_POINT ( 'NONE',  ( -132.1637491391841763, 74.58136976657435468, 902.2134886570202070 ) ) ;
#1631 = CARTESIAN_POINT ( 'NONE',  ( -133.3462053975355843, 72.89248221604498212, 882.4544756256613027 ) ) ;
#1632 = CARTESIAN_POINT ( 'NONE',  ( 0.07175931073545760430, -19.89751904168254981, 898.5981009540910236 ) ) ;
#1633 = CARTESIAN_POINT ( 'NONE',  ( -56.96991936807509660, 16.01942746773325155, 869.0348918008950250 ) ) ;
#1634 = CARTESIAN_POINT ( 'NONE',  ( -38.85083226546935009, 6.593315504319710918, 900.8501856234349816 ) ) ;
#1635 = ORIENTED_EDGE ( 'NONE', *, *, #204, .F. ) ;
#1636 = CARTESIAN_POINT ( 'NONE',  ( -0.1124403647928799987, -20.16058344113090328, 749.5127573054589902 ) ) ;
#1637 = CARTESIAN_POINT ( 'NONE',  ( -2.786637475873065206, -23.97973271495559899, 832.9050382050370445 ) ) ;
#1638 = CARTESIAN_POINT ( 'NONE',  ( -70.89691278458259660, 29.84743565141604904, 782.8460906387920204 ) ) ;
#1639 = CARTESIAN_POINT ( 'NONE',  ( -206.2177770059836348, 121.1642332859539692, 898.1708129128160181 ) ) ;
#1640 = AXIS2_PLACEMENT_3D ( 'NONE', #448, #1418, #1153 ) ;
#1641 = EDGE_CURVE ( 'NONE', #2358, #679, #547, .T. ) ;
#1642 = CARTESIAN_POINT ( 'NONE',  ( -34.20237186392409967, 7.362416680162909621, 871.6745981584030005 ) ) ;
#1643 = CARTESIAN_POINT ( 'NONE',  ( -140.2503841462672085, 81.89913605274179531, 824.5353737206800133 ) ) ;
#1644 = B_SPLINE_CURVE_WITH_KNOTS ( 'NONE', 3,
 ( #3040, #421, #3107, #2626, #1901, #2658, #482, #435, #2415, #1918, #214, #913, #466, #1885, #182, #231 ),
 .UNSPECIFIED., .F., .F.,
 ( 4, 2, 2, 2, 2, 2, 2, 4 ),
 ( 0.000000000000000000, 0.1250000000000115741, 0.2500000000000231482, 0.5000000000000452971, 0.6250000000000338618, 0.7500000000000225375, 0.8750000000000113243, 1.000000000000000000 ),
 .UNSPECIFIED. ) ;
#1645 = CARTESIAN_POINT ( 'NONE',  ( -46.84247009664469630, 13.40993394926998050, 902.2577534556598948 ) ) ;
#1646 = AXIS2_PLACEMENT_3D ( 'NONE', #2769, #2558, #580 ) ;
#1647 = CARTESIAN_POINT ( 'NONE',  ( -203.0083172229405193, 119.0896485133706051, 900.1739189784090058 ) ) ;
#1648 = CARTESIAN_POINT ( 'NONE',  ( -213.7916031682230198, 127.9701129803113844, 918.2587535237199745 ) ) ;
#1649 = CARTESIAN_POINT ( 'NONE',  ( -171.5314248933100032, 100.2018676696291948, 890.8973721180590246 ) ) ;
#1650 = CARTESIAN_POINT ( 'NONE',  ( -171.6200347090594960, 100.0753294135201941, 890.8973741773111215 ) ) ;
#1651 = CARTESIAN_POINT ( 'NONE',  ( -130.6537893304314082, 70.87354423899540734, 915.9365593030311175 ) ) ;
#1652 = EDGE_CURVE ( 'NONE', #1135, #2539, #2761, .T. ) ;
#1653 = VERTEX_POINT ( 'NONE', #720 ) ;
#1654 = CARTESIAN_POINT ( 'NONE',  ( -71.27511400887470927, 29.30730832679564912, 782.9757322507879280 ) ) ;
#1655 = B_SPLINE_SURFACE_WITH_KNOTS ( 'NONE', 3, 3, ( 
 ( #205, #1175, #895, #1878 ),
 ( #2859, #1944, #1480, #2441 ),
 ( #256, #70, #291, #1708 ),
 ( #493, #1690, #971, #768 ),
 ( #2736, #546, #735, #1977 ),
 ( #1519, #1758, #240, #2685 ),
 ( #2497, #310, #1277, #1464 ),
 ( #2927, #1043, #2253, #2235 ),
 ( #2201, #1258, #274, #1740 ),
 ( #2716, #2980, #2185, #2909 ),
 ( #718, #1224, #35, #1242 ),
 ( #2218, #2425, #2478, #52 ),
 ( #1007, #1959, #1207, #19 ),
 ( #2667, #989, #1, #475 ),
 ( #2943, #2959, #1024, #527 ),
 ( #752, #1724, #1501, #2701 ),
 ( #509, #1445, #2459, #1996 ),
 ( #786, #2996, #804, #2752 ),
 ( #2012, #1774, #562, #949 ),
 ( #1442, #1924, #2421, #2230 ),
 ( #715, #1720, #2663, #698 ),
 ( #1423, #763, #2711, #237 ),
 ( #3142, #1940, #747, #268 ),
 ( #2906, #1204, #453, #2401 ),
 ( #1955, #252, #2647, #1670 ),
 ( #2889, #219, #1735, #1905 ),
 ( #1252, #1686, #1186, #47 ),
 ( #2453, #489, #2165, #472 ),
 ( #968, #520, #2182, #3160 ),
 ( #1460, #2922, #1476, #2938 ),
 ( #731, #1704, #2680, #2437 ),
 ( #1220, #2197, #13, #983 ),
 ( #1236, #2697, #1493, #505 ),
 ( #2473, #2213, #30, #1001 ),
 ( #1971, #286, #2954, #808 ),
 ( #582, #1982, #3032, #2045 ),
 ( #2017, #3001, #2482, #297 ),
 ( #2966, #2757, #1809, #2259 ),
 ( #40, #1524, #1012, #1779 ),
 ( #1793, #1047, #1061, #106 ),
 ( #1570, #344, #772, #792 ),
 ( #2985, #1552, #568, #2721 ),
 ( #2530, #1538, #2517, #76 ),
 ( #1763, #1312, #838, #2741 ),
 ( #2788, #330, #1264, #1296 ),
 ( #2275, #2241, #552, #57 ),
 ( #1030, #2290, #2001, #1328 ),
 ( #599, #2503, #316, #1281 ),
 ( #2771, #1075, #533, #2545 ),
 ( #92, #2032, #3016, #822 ),
 ( #358, #1745, #1506, #909 ),
 ( #375, #163, #1342, #2123 ),
 ( #137, #1371, #2323, #2336 ),
 ( #658, #151, #1108, #628 ),
 ( #853, #3103, #2350, #644 ),
 ( #1123, #175, #2365, #1138 ),
 ( #1149, #402, #2108, #430 ),
 ( #1615, #120, #2832, #898 ),
 ( #1880, #2093, #415, #2861 ),
 ( #1600, #2079, #2595, #670 ),
 ( #3077, #1643, #883, #2622 ),
 ( #3061, #1092, #868, #3090 ),
 ( #2307, #2063, #1837, #1865 ),
 ( #1851, #2848, #1628, #2817 ),
 ( #3048, #2607, #1384, #1822 ),
 ( #2580, #2803, #389, #614 ),
 ( #1584, #2560, #1358, #2153 ),
 ( #1412, #444, #1945, #1164 ),
 ( #2427, #686, #1960, #1448 ),
 ( #737, #1895, #2135, #2944 ),
 ( #1930, #1431, #2912, #2895 ),
 ( #257, #2879, #1178, #2442 ),
 ( #20, #753, #208, #1726 ),
 ( #2702, #1225, #1709, #1396 ),
 ( #2928, #721, #242, #3117 ),
 ( #922, #1192, #2408, #2377 ),
 ( #1693, #192, #2392, #3131 ),
 ( #1660, #2670, #939, #478 ),
 ( #1209, #2637, #990, #1912 ),
 ( #2187, #3, #955, #2202 ),
 ( #704, #2171, #226, #1676 ),
 ( #2653, #972, #2686, #461 ),
 ( #3148, #494, #1466, #1044 ),
 ( #1775, #1070, #2285, #1260 ),
 ( #2997, #2013, #72, #1548 ),
 ( #2237, #548, #2526, #578 ),
 ( #805, #339, #2753, #2513 ),
 ( #1759, #564, #1481, #1534 ),
 ( #326, #1306, #1520, #1789 ),
 ( #2460, #2981, #2479, #1292 ) ),
 .UNSPECIFIED., .F., .F., .F.,
 ( 4, 1, 1, 1, 1, 1, 1, 1, 1, 1, 1, 1, 1, 1, 1, 1, 1, 1, 1, 1, 1, 1, 1, 1, 1, 1, 1, 1, 1, 1, 1, 1, 1, 1, 1, 1, 1, 1, 1, 1, 1, 1, 1, 2, 1, 1, 1, 1, 1, 1, 1, 1, 1, 1, 1, 1, 1, 1, 1, 1, 1, 1, 1, 1, 1, 1, 1, 1, 1, 1, 1, 1, 1, 1, 1, 1, 1, 1, 1, 1, 1, 1, 1, 1, 1, 1, 4 ),
 ( 4, 4 ),
 ( 0.0008302671343174420271, 0.03205428596913204725, 0.06327830480394661117, 0.09450232363876109876, 0.1257263424735755863, 0.1569503613083905180, 0.1725623707257974981, 0.1881743801432050056, 0.2037863895606124853, 0.2193983989780194932, 0.2350104083954270007, 0.2506224178128340085, 0.2662344272302414883, 0.2818464366476489680, 0.2974584460650560036, 0.3130704554824635388, 0.3286824648998705189, 0.3442944743172779987, 0.3599064837346849788, 0.3755184931520925140, 0.3911305025694999937, 0.4067425119869069738, 0.4145485166956109913, 0.4223545214043140095, 0.4301605261130179714, 0.4379665308217215447, 0.4457725355304250070, 0.4535785402391289689, 0.4574815425934810054, 0.4613845449478319871, 0.4652875473021840236, 0.4691905496565360045, 0.4730935520108879855, 0.4769965543652400219, 0.4808995567195920029, 0.4848025590739430402, 0.4867540602511200021, 0.4887055614282950211, 0.4906570626054709838, 0.4926085637826470021, 0.4945600649598230203, 0.4965115661369990385, 0.4984630673141750012, 0.5004145684913509085, 0.5023660740831810134, 0.5043175796750120066, 0.5062690852668429997, 0.5082205908586729937, 0.5101720964505039868, 0.5121236020423349800, 0.5140751076341650849, 0.5160266132259959670, 0.5199296244096569541, 0.5238326355933189404, 0.5277356467769800386, 0.5316386579606410256, 0.5355416691443030119, 0.5394446803279639990, 0.5433476915116249861, 0.5472507026952870834, 0.5550567250626090576, 0.5628627474299320310, 0.5706687697972540052, 0.5784747921645769786, 0.5862808145318999520, 0.5940868368992220372, 0.6096988816338679840, 0.6253109263685130426, 0.6409229711031579901, 0.6565350158378040479, 0.6721470605724489955, 0.6877591053070940541, 0.7033711500417398899, 0.7189831947763849485, 0.7345952395110300071, 0.7502072842456760648, 0.7658193289803210124, 0.7814313737149659600, 0.7970434184496110186, 0.8126554631842570764, 0.8282675079189019129, 0.8438795526535469715, 0.8751036421228379769, 0.9063277315921279831, 0.9375518210614189885, 0.9687759105307099938, 1.000000000000000000 ),
 ( 0.000000000000000000, 1.000000000000000000 ),
 .UNSPECIFIED. ) ;
#1656 = CARTESIAN_POINT ( 'NONE',  ( 3.365611187767299839, -15.19341104899580053, 804.6950097304380733 ) ) ;
#1657 = FACE_OUTER_BOUND ( 'NONE', #2512, .T. ) ;
#1658 = CARTESIAN_POINT ( 'NONE',  ( -140.9084225657159664, 80.95935979564609397, 818.9327634362028903 ) ) ;
#1659 = CARTESIAN_POINT ( 'NONE',  ( -32.57414655587334806, 6.200869817118279670, 871.6745981660239977 ) ) ;
#1660 = CARTESIAN_POINT ( 'NONE',  ( -211.2544342561770065, 131.5935657048190137, 891.5668978728020875 ) ) ;
#1661 = CARTESIAN_POINT ( 'NONE',  ( -132.4971636279686038, 74.10504792413429698, 882.6764658819356555 ) ) ;
#1662 = CARTESIAN_POINT ( 'NONE',  ( -71.96254895591199841, 28.32554947741954976, 784.5780276304290055 ) ) ;
#1663 = SURFACE_STYLE_FILL_AREA ( #2882 ) ;
#1664 = CARTESIAN_POINT ( 'NONE',  ( -73.75566015456909952, 25.76472129319044768, 806.5968048697679933 ) ) ;
#1665 = CARTESIAN_POINT ( 'NONE',  ( -39.52291701628704601, 3.704831831361659944, 865.2620762648321033 ) ) ;
#1666 = CARTESIAN_POINT ( 'NONE',  ( -98.90643006497784029, 45.34344146536830777, 874.5369877385596737 ) ) ;
#1667 = EDGE_CURVE ( 'NONE', #948, #2696, #693, .T. ) ;
#1668 = CARTESIAN_POINT ( 'NONE',  ( -144.1481556802733905, 76.33254140571479240, 868.8797041457600017 ) ) ;
#1669 = ORIENTED_EDGE ( 'NONE', *, *, #2793, .F. ) ;
#1670 = CARTESIAN_POINT ( 'NONE',  ( -3.048358069403709791, -24.35350845892975258, 771.7748737198609206 ) ) ;
#1671 = CARTESIAN_POINT ( 'NONE',  ( 2.120152111349855151, -16.97211094646024776, 757.7598091910770108 ) ) ;
#1672 = CARTESIAN_POINT ( 'NONE',  ( -68.90658782965689966, 32.68991426856240423, 792.8900435579060968 ) ) ;
#1673 = CARTESIAN_POINT ( 'NONE',  ( -30.29821392117134948, 5.215770175329970115, 864.0720996888729815 ) ) ;
#1674 = CARTESIAN_POINT ( 'NONE',  ( -141.2933579667329980, 80.40961506995910213, 817.2507361314628724 ) ) ;
#1675 = CARTESIAN_POINT ( 'NONE',  ( -153.8124709847550093, 87.77042757475170731, 887.0040860980950583 ) ) ;
#1676 = CARTESIAN_POINT ( 'NONE',  ( 2.645438023459219856, -16.22192491811150106, 837.6034530541920731 ) ) ;
#1677 = CARTESIAN_POINT ( 'NONE',  ( -131.5933196248447246, 75.39591390396104487, 888.1410720530938079 ) ) ;
#1678 = CARTESIAN_POINT ( 'NONE',  ( -143.4012041031232059, 77.39929881175440585, 821.2320837972769141 ) ) ;
#1679 = CARTESIAN_POINT ( 'NONE',  ( -26.03227586952441541, -0.4953401143802924067, 892.7506738135011801 ) ) ;
#1680 = CARTESIAN_POINT ( 'NONE',  ( -144.1575241769642162, 76.31916180583959886, 832.0353679491399816 ) ) ;
#1681 = CARTESIAN_POINT ( 'NONE',  ( -38.70529353275732376, 7.224547677791448130, 861.7479371918743709 ) ) ;
#1682 = CARTESIAN_POINT ( 'NONE',  ( -139.6317860957771870, 82.78258562552319688, 858.8324735322739798 ) ) ;
#1683 = CARTESIAN_POINT ( 'NONE',  ( -206.2177770059836348, 121.1642332859539692, 898.1708129128160181 ) ) ;
#1684 = CARTESIAN_POINT ( 'NONE',  ( -1.428783715783761954, -22.04051657403674724, 870.4686296950930000 ) ) ;
#1685 = ORIENTED_EDGE ( 'NONE', *, *, #1031, .T. ) ;
#1686 = CARTESIAN_POINT ( 'NONE',  ( -144.0023192014290032, 76.54081748228689719, 828.6953401556089602 ) ) ;
#1687 = CARTESIAN_POINT ( 'NONE',  ( -211.1455687921125275, 131.7490417003247956, 865.2803076157010764 ) ) ;
#1688 = EDGE_CURVE ( 'NONE', #51, #2076, #2404, .T. ) ;
#1689 = CARTESIAN_POINT ( 'NONE',  ( -139.9703872389797823, 82.29901307777811326, 828.6953401556089602 ) ) ;
#1690 = CARTESIAN_POINT ( 'NONE',  ( -142.7048426717443874, 78.39380600195039506, 909.0103295476980065 ) ) ;
#1691 = CARTESIAN_POINT ( 'NONE',  ( 2.830495201584565024, -15.95763587803850037, 767.0853760387560669 ) ) ;
#1692 = FACE_OUTER_BOUND ( 'NONE', #3070, .T. ) ;
#1693 = CARTESIAN_POINT ( 'NONE',  ( -211.1949455477655135, 131.6785243851601876, 888.8948703411599581 ) ) ;
#1694 = CARTESIAN_POINT ( 'NONE',  ( -132.3309897313125987, 74.34255550571886317, 905.9412017392776306 ) ) ;
#1695 = CARTESIAN_POINT ( 'NONE',  ( -213.7648643624950182, 128.0082999524152285, 851.2833256139221021 ) ) ;
#1696 = B_SPLINE_CURVE_WITH_KNOTS ( 'NONE', 3,
 ( #887, #2341, #3095, #845 ),
 .UNSPECIFIED., .F., .F.,
 ( 4, 4 ),
 ( 0.000000000000000000, 0.01929130112451690054 ),
 .UNSPECIFIED. ) ;
#1697 = CARTESIAN_POINT ( 'NONE',  ( -214.9008080156875167, 126.3860042883360109, 870.1803307469399442 ) ) ;
#1698 = CARTESIAN_POINT ( 'NONE',  ( -192.2459275712465114, 114.6698402911972039, 895.4421357445270360 ) ) ;
#1699 = CARTESIAN_POINT ( 'NONE',  ( -68.11181421302309502, 33.82496862496899581, 830.0886582262800175 ) ) ;
#1700 = CARTESIAN_POINT ( 'NONE',  ( -57.63544315652045213, 16.19284131957708439, 865.4485991215005924 ) ) ;
#1701 = CARTESIAN_POINT ( 'NONE',  ( -2.645435776920375126, -23.77807579004770133, 837.6034530560610847 ) ) ;
#1702 = CARTESIAN_POINT ( 'NONE',  ( -73.75881752341089737, 25.76021210317264831, 838.1419576932850077 ) ) ;
#1703 = ORIENTED_EDGE ( 'NONE', *, *, #2498, .T. ) ;
#1704 = CARTESIAN_POINT ( 'NONE',  ( -143.6538249349003991, 77.03851887439049051, 823.7061764622450255 ) ) ;
#1705 = CARTESIAN_POINT ( 'NONE',  ( 3.048360315844400148, -15.64649224936965055, 771.7748737198609206 ) ) ;
#1706 = CARTESIAN_POINT ( 'NONE',  ( -140.3930099695072045, 81.69544526757059089, 822.8784361029639740 ) ) ;
#1707 = ORIENTED_EDGE ( 'NONE', *, *, #190, .F. ) ;
#1708 = CARTESIAN_POINT ( 'NONE',  ( -0.5646276282326619933, -20.80637378008660221, 889.2276783682010546 ) ) ;
#1709 = CARTESIAN_POINT ( 'NONE',  ( -68.11181421302309502, 33.82496862496899581, 830.0886582262800175 ) ) ;
#1710 = VECTOR ( 'NONE', #165, 999.9999999999997726 ) ;
#1711 = DIRECTION ( 'NONE',  ( -0.000000000000000000, -6.560961099807570487E-09, -1.000000000000000000 ) ) ;
#1712 = CARTESIAN_POINT ( 'NONE',  ( -2.437206240514279809, -23.48069319268450172, 761.2447133951329761 ) ) ;
#1713 = CARTESIAN_POINT ( 'NONE',  ( -144.3466783048181981, 76.04902171517790066, 838.7290245237630870 ) ) ;
#1714 = CARTESIAN_POINT ( 'NONE',  ( -203.1816205665878101, 125.5003144991236752, 898.1707765995962518 ) ) ;
#1715 = CARTESIAN_POINT ( 'NONE',  ( 2.786639722253720475, -16.02026799342954888, 832.9050382061629989 ) ) ;
#1716 = PLANE ( 'NONE',  #1054 ) ;
#1717 = CARTESIAN_POINT ( 'NONE',  ( -214.6374178164625164, 126.7621644763555793, 894.2383636223880785 ) ) ;
#1718 = CARTESIAN_POINT ( 'NONE',  ( -144.3940047971111937, 75.98143247954300250, 842.0790406311150491 ) ) ;
#1719 = ORIENTED_EDGE ( 'NONE', *, *, #964, .F. ) ;
#1720 = CARTESIAN_POINT ( 'NONE',  ( -144.3940047971111937, 75.98143247954300250, 842.0790406311150491 ) ) ;
#1721 = CARTESIAN_POINT ( 'NONE',  ( -139.5473877927549893, 82.90311889375669807, 848.7807608943039668 ) ) ;
#1722 = CARTESIAN_POINT ( 'NONE',  ( -68.06150663204709872, 33.89681529646374969, 822.0333090947090113 ) ) ;
#1723 = ORIENTED_EDGE ( 'NONE', *, *, #523, .T. ) ;
#1724 = CARTESIAN_POINT ( 'NONE',  ( -144.3409203446389881, 76.05724493453040225, 858.8324735321649541 ) ) ;
#1725 = B_SPLINE_CURVE_WITH_KNOTS ( 'NONE', 3,
 ( #604, #1558, #1287, #1574, #1051, #2022, #1783 ),
 .UNSPECIFIED., .F., .F.,
 ( 4, 3, 4 ),
 ( 0.002093305698711234869, 0.004999186222828549964, 0.02309330659951415107 ),
 .UNSPECIFIED. ) ;
#1726 = CARTESIAN_POINT ( 'NONE',  ( 3.406199014178345141, -15.13544562560885076, 799.9906555251099007 ) ) ;
#1727 = CARTESIAN_POINT ( 'NONE',  ( -131.5123056913370192, 75.51158772649922923, 884.9292432639148274 ) ) ;
#1728 = CARTESIAN_POINT ( 'NONE',  ( -72.07901350088390302, 28.15922086966224924, 785.0390244078100750 ) ) ;
#1729 = CARTESIAN_POINT ( 'NONE',  ( -144.4123756063879966, 75.95519624489290322, 852.1316916243559945 ) ) ;
#1730 = CARTESIAN_POINT ( 'NONE',  ( -22.64918897609659965, -4.346065128409040135, 858.1746548683099718 ) ) ;
#1731 = CARTESIAN_POINT ( 'NONE',  ( -68.06150663204709872, 33.89681529646374969, 822.0333090947090113 ) ) ;
#1732 = CARTESIAN_POINT ( 'NONE',  ( -138.6446589110083778, 77.69125985997050066, 917.3441271352929789 ) ) ;
#1733 = CARTESIAN_POINT ( 'NONE',  ( -213.5528611344564922, 128.3110719399618063, 923.5905908678749938 ) ) ;
#1734 = CARTESIAN_POINT ( 'NONE',  ( -214.8584416154030237, 126.4465097784559759, 883.5493426760999682 ) ) ;
#1735 = CARTESIAN_POINT ( 'NONE',  ( -73.51742458391140644, 26.10495694856034987, 799.8966508143799956 ) ) ;
#1736 = CARTESIAN_POINT ( 'NONE',  ( -68.09915051844950540, 33.84305425513210253, 813.9777505152900403 ) ) ;
#1737 = CARTESIAN_POINT ( 'NONE',  ( -211.7787530790299968, 130.8447608230639787, 908.4774181482811173 ) ) ;
#1738 = CARTESIAN_POINT ( 'NONE',  ( -139.7499870315779731, 82.61377719466470637, 865.5312440160320193 ) ) ;
#1739 = ORIENTED_EDGE ( 'NONE', *, *, #1160, .F. ) ;
#1740 = CARTESIAN_POINT ( 'NONE',  ( -2.494889368003190278, -23.56307323623044780, 842.3009880572089969 ) ) ;
#1741 = CARTESIAN_POINT ( 'NONE',  ( -205.2737837943755324, 121.7925717353006547, 898.6487220614520766 ) ) ;
#1742 = CARTESIAN_POINT ( 'NONE',  ( -143.9036866167153903, 76.68167941154469247, 827.0286419538869040 ) ) ;
#1743 = EDGE_CURVE ( 'NONE', #471, #846, #2300, .T. ) ;
#1744 = DIRECTION ( 'NONE',  ( -0.1450182577416639917, 0.1015346249225079767, -0.9842054789846569340 ) ) ;
#1745 = CARTESIAN_POINT ( 'NONE',  ( -141.1799121278868085, 80.57163251858059994, 817.6204110468710269 ) ) ;
#1746 = CARTESIAN_POINT ( 'NONE',  ( -0.3293178989757525321, -20.47031665928130195, 749.6643380746800176 ) ) ;
#1747 = CARTESIAN_POINT ( 'NONE',  ( -14.34647133976192102, -10.10896691160206018, 856.3567624105179448 ) ) ;
#1748 = CARTESIAN_POINT ( 'NONE',  ( 3.424374528660760308, -15.10948830082929994, 795.2858572951120095 ) ) ;
#1749 = CARTESIAN_POINT ( 'NONE',  ( -38.87634702871718417, 6.976939855416503633, 861.7585450971969294 ) ) ;
#1750 = CARTESIAN_POINT ( 'NONE',  ( -73.90928618706350051, 25.54532058110029880, 826.0611735747420425 ) ) ;
#1751 = CARTESIAN_POINT ( 'NONE',  ( -144.3409203446389881, 76.05724493453040225, 858.8324735321649541 ) ) ;
#1752 = CARTESIAN_POINT ( 'NONE',  ( -191.6906051974179945, 114.5894475390053913, 895.3648977258279729 ) ) ;
#1753 = CARTESIAN_POINT ( 'NONE',  ( -212.1674576172879938, 130.2896332115394102, 918.2587535554340548 ) ) ;
#1754 = CARTESIAN_POINT ( 'NONE',  ( -141.8176863923845872, 79.66079647398649399, 920.1389988083379876 ) ) ;
#1755 = CARTESIAN_POINT ( 'NONE',  ( -27.11784362751887301, -2.045675962669852410, 895.0180907940341513 ) ) ;
#1756 = CARTESIAN_POINT ( 'NONE',  ( -68.49588141539889818, 33.27646381544100507, 850.2165654198289531 ) ) ;
#1757 = VERTEX_POINT ( 'NONE', #1430 ) ;
#1758 = CARTESIAN_POINT ( 'NONE',  ( -143.2790901770134155, 77.57369557192399157, 895.6439082580510558 ) ) ;
#1759 = CARTESIAN_POINT ( 'NONE',  ( -212.6586882202609843, 129.5880832050524134, 928.9205491098499579 ) ) ;
#1760 = CARTESIAN_POINT ( 'NONE',  ( -213.4295091320669826, 128.4872368563013936, 850.0847312374960438 ) ) ;
#1761 = CARTESIAN_POINT ( 'NONE',  ( -25.42279187474672142, 0.3749871702365618065, 879.5897192913696472 ) ) ;
#1762 = CARTESIAN_POINT ( 'NONE',  ( -131.9496201583432082, 74.88702766546359157, 883.3407724638292393 ) ) ;
#1763 = CARTESIAN_POINT ( 'NONE',  ( -213.1667062286724956, 128.8625582989496081, 849.5985206030029531 ) ) ;
#1764 = CARTESIAN_POINT ( 'NONE',  ( -212.6499250193099897, 129.6005983530236279, 849.8246778492299427 ) ) ;
#1765 = CARTESIAN_POINT ( 'NONE',  ( -54.18921977692379954, 18.31001729098550257, 874.5068715545089617 ) ) ;
#1766 = CARTESIAN_POINT ( 'NONE',  ( -73.75566015456909952, 25.76472129319044768, 806.5968048697679933 ) ) ;
#1767 = CARTESIAN_POINT ( 'NONE',  ( -3.048358069403709791, -24.35350845892975258, 771.7748737198609206 ) ) ;
#1768 = CARTESIAN_POINT ( 'NONE',  ( -134.1069913971315088, 71.80612176606058483, 901.5895506145590161 ) ) ;
#1769 = CARTESIAN_POINT ( 'NONE',  ( 3.139930000797259702, -15.51571718632624908, 818.8039913657750049 ) ) ;
#1770 = CARTESIAN_POINT ( 'NONE',  ( -212.4061996458680142, 129.9486742592964106, 923.5905908014400438 ) ) ;
#1771 = ADVANCED_FACE ( 'NONE', ( #1692 ), #1383, .F. ) ;
#1772 = CARTESIAN_POINT ( 'NONE',  ( -54.53336504933410112, 17.81852565172619762, 874.5068755461240926 ) ) ;
#1773 = EDGE_LOOP ( 'NONE', ( #1321, #834, #654, #2841 ) ) ;
#1774 = CARTESIAN_POINT ( 'NONE',  ( -144.4253186476545920, 75.93671166630609548, 848.7807608943210198 ) ) ;
#1775 = CARTESIAN_POINT ( 'NONE',  ( -211.7787530790299968, 130.8447608230639787, 908.4774181482811173 ) ) ;
#1776 = CARTESIAN_POINT ( 'NONE',  ( -143.1729883903352061, 77.72522462708020896, 819.6044445099389577 ) ) ;
#1777 = CARTESIAN_POINT ( 'NONE',  ( -54.53336504933410112, 17.81852565172619762, 874.5068755461240926 ) ) ;
#1778 = CARTESIAN_POINT ( 'NONE',  ( -199.3634852977100138, 119.9621318073521934, 906.3844916700919612 ) ) ;
#1779 = CARTESIAN_POINT ( 'NONE',  ( -1.268226016421160063, -21.81121641572494951, 752.0743075446000603 ) ) ;
#1780 = CARTESIAN_POINT ( 'NONE',  ( -213.4295091320669826, 128.4872368563013936, 850.0847312374960438 ) ) ;
#1781 = CARTESIAN_POINT ( 'NONE',  ( 0.07175931073545760430, -19.89751904168254981, 898.5981009540910236 ) ) ;
#1782 = CARTESIAN_POINT ( 'NONE',  ( -131.5630463033292017, 72.12138404150509530, 882.1113332923970347 ) ) ;
#1783 = CARTESIAN_POINT ( 'NONE',  ( -184.1097198765444887, 108.5487897537511941, 893.6229424782420665 ) ) ;
#1784 = CARTESIAN_POINT ( 'NONE',  ( -212.6586882202609843, 129.5880832050524134, 928.9205491098499579 ) ) ;
#1785 = CARTESIAN_POINT ( 'NONE',  ( -68.99356121968030209, 32.56570339496065003, 866.3047283389330460 ) ) ;
#1786 = ORIENTED_EDGE ( 'NONE', *, *, #1160, .T. ) ;
#1787 = VERTEX_POINT ( 'NONE', #2669 ) ;
#1788 = EDGE_CURVE ( 'NONE', #367, #1787, #1835, .T. ) ;
#1789 = CARTESIAN_POINT ( 'NONE',  ( 0.2368138216544170005, -19.66179677090984868, 895.4747568475030448 ) ) ;
#1790 = CARTESIAN_POINT ( 'NONE',  ( -1.666189051272725097, -22.37956653070525093, 754.3216053108270671 ) ) ;
#1791 = CARTESIAN_POINT ( 'NONE',  ( -182.7771380069790155, 107.6157817145431892, 902.6668683786529073 ) ) ;
#1792 = CARTESIAN_POINT ( 'NONE',  ( -134.6096293294338864, 71.08813646661562302, 884.1526355898084830 ) ) ;
#1793 = CARTESIAN_POINT ( 'NONE',  ( -213.6230396702299856, 128.2108466039802295, 850.6627944633120251 ) ) ;
#1794 = CARTESIAN_POINT ( 'NONE',  ( -0.5798184460992180655, -20.82806851634349599, 750.0603792935648926 ) ) ;
#1795 = CARTESIAN_POINT ( 'NONE',  ( -70.79043628536510369, 29.99949985153834930, 907.8068778279208573 ) ) ;
#1796 = CARTESIAN_POINT ( 'NONE',  ( -133.1218632800000137, 73.21287658482638960, 882.4536087873119641 ) ) ;
#1797 = CARTESIAN_POINT ( 'NONE',  ( -41.54203034317989562, -3.119702009230834516, 864.6745982271759203 ) ) ;
#1798 = CARTESIAN_POINT ( 'NONE',  ( -68.30502851539030473, 33.54903000416924641, 842.1676176909029437 ) ) ;
#1799 = AXIS2_PLACEMENT_3D ( 'NONE', #2037, #606, #2098 ) ;
#1800 = CARTESIAN_POINT ( 'NONE',  ( -70.12952788261249282, 30.94337486956850114, 894.4300681264770674 ) ) ;
#1801 = CARTESIAN_POINT ( 'NONE',  ( -107.4550970977995945, 55.60718591665420263, 886.2030864192220179 ) ) ;
#1802 = ORIENTED_EDGE ( 'NONE', *, *, #3154, .F. ) ;
#1803 = CARTESIAN_POINT ( 'NONE',  ( -70.72609110129972976, 29.52279701236096088, 868.7599509001659044 ) ) ;
#1804 = CARTESIAN_POINT ( 'NONE',  ( -2.557271931907184825, -23.65216477052539901, 762.7989779438969435 ) ) ;
#1805 = VECTOR ( 'NONE', #1326, 1000.000000000000114 ) ;
#1806 = ORIENTED_EDGE ( 'NONE', *, *, #985, .T. ) ;
#1807 = CARTESIAN_POINT ( 'NONE',  ( -34.20237186392409967, 7.362416680162909621, 871.6745981584030005 ) ) ;
#1808 = CARTESIAN_POINT ( 'NONE',  ( -134.7358335376419802, 70.90806262346248445, 884.9845371611841074 ) ) ;
#1809 = CARTESIAN_POINT ( 'NONE',  ( -72.17653637867739747, 28.01994376612940130, 785.5131440271469501 ) ) ;
#1810 = CARTESIAN_POINT ( 'NONE',  ( -72.69385533620079798, 27.28113572809244758, 788.9194395436020386 ) ) ;
#1811 = CARTESIAN_POINT ( 'NONE',  ( -140.9687097585076003, 80.87326076142910836, 902.3287122886570160 ) ) ;
#1812 = CARTESIAN_POINT ( 'NONE',  ( -169.9640703690469650, 102.4552769121673208, 890.8989002953422869 ) ) ;
#1813 = CARTESIAN_POINT ( 'NONE',  ( -134.6352207898578683, 71.05172670696099146, 888.5455372629730846 ) ) ;
#1814 = CARTESIAN_POINT ( 'NONE',  ( -140.1021443258540273, 82.11084445678449129, 878.9209195018610217 ) ) ;
#1815 = CARTESIAN_POINT ( 'NONE',  ( -27.98874868747227751, -3.289744798818382332, 860.1897262948383514 ) ) ;
#1816 = CARTESIAN_POINT ( 'NONE',  ( -33.93395334931274476, 7.745758002260740405, 864.7984825131449043 ) ) ;
#1817 = ORIENTED_EDGE ( 'NONE', *, *, #2554, .F. ) ;
#1818 = CARTESIAN_POINT ( 'NONE',  ( -1.815048441972070048, -22.59215977281739995, 861.0829855956179699 ) ) ;
#1819 = CARTESIAN_POINT ( 'NONE',  ( -141.0020060697304132, 80.82570870092409621, 818.3982348205349808 ) ) ;
#1820 = LINE ( 'NONE', #355, #1805 ) ;
#1821 = CARTESIAN_POINT ( 'NONE',  ( -151.4043731412904776, 89.35957344924599965, 889.7137163852090680 ) ) ;
#1822 = CARTESIAN_POINT ( 'NONE',  ( 2.948480004174594882, -15.78913611739370104, 769.4288572106158881 ) ) ;
#1823 = EDGE_CURVE ( 'NONE', #2696, #2995, #2564, .T. ) ;
#1824 = CARTESIAN_POINT ( 'NONE',  ( -140.4763076335866003, 81.57648387465140161, 822.0533338693741143 ) ) ;
#1825 = CARTESIAN_POINT ( 'NONE',  ( -169.6638768727800084, 102.0414731230495988, 893.5957700200219733 ) ) ;
#1826 = EDGE_CURVE ( 'NONE', #218, #1787, #1004, .T. ) ;
#1827 = DIRECTION ( 'NONE',  ( -0.5735754540159450077, -0.8191527320995420913, 6.652692841058371190E-06 ) ) ;
#1828 = CARTESIAN_POINT ( 'NONE',  ( -214.5633103269225046, 126.8680009398268140, 896.9092783267619780 ) ) ;
#1829 = CARTESIAN_POINT ( 'NONE',  ( -28.54450664026893492, -4.083432883200728725, 862.3950903398274477 ) ) ;
#1830 = CARTESIAN_POINT ( 'NONE',  ( -182.7771380069790155, 107.6157817145431892, 902.6668683786529073 ) ) ;
#1831 = ORIENTED_EDGE ( 'NONE', *, *, #1256, .T. ) ;
#1832 = CARTESIAN_POINT ( 'NONE',  ( -39.90372625377145255, -4.266854880746960177, 864.6745982347021027 ) ) ;
#1833 = CARTESIAN_POINT ( 'NONE',  ( -141.9062681934256034, 79.53428855139640063, 816.1794239721260737 ) ) ;
#1834 = DIRECTION ( 'NONE',  ( 0.5735451564993081508, 0.8191739457869642305, 0.000000000000000000 ) ) ;
#1835 = B_SPLINE_CURVE_WITH_KNOTS ( 'NONE', 3,
 ( #2621, #2122, #2636, #1929 ),
 .UNSPECIFIED., .F., .F.,
 ( 4, 4 ),
 ( 0.9496996628390910189, 1.000000000000000000 ),
 .UNSPECIFIED. ) ;
#1836 = CARTESIAN_POINT ( 'NONE',  ( -133.5663473970378448, 72.57808904758336155, 882.5360045595932661 ) ) ;
#1837 = CARTESIAN_POINT ( 'NONE',  ( -68.68855139764119144, 33.00130256434290033, 795.8869776389780100 ) ) ;
#1838 = CARTESIAN_POINT ( 'NONE',  ( -68.68855139764119144, 33.00130256434290033, 795.8869776389780100 ) ) ;
#1839 = CARTESIAN_POINT ( 'NONE',  ( -194.8773600736586218, 119.7396380250221455, 896.3528863849351183 ) ) ;
#1840 = CARTESIAN_POINT ( 'NONE',  ( -109.0743703336094086, 56.13014176075489559, 877.1611200179489742 ) ) ;
#1841 = CARTESIAN_POINT ( 'NONE',  ( -71.05460956973260522, 29.62222130203440074, 910.4808309078071034 ) ) ;
#1842 = CARTESIAN_POINT ( 'NONE',  ( -200.9326293013859868, 120.5606689527636064, 897.3298039893520581 ) ) ;
#1843 = CARTESIAN_POINT ( 'NONE',  ( -36.56112659783091345, 1.618558097933093798, 864.6742531281070114 ) ) ;
#1844 = VERTEX_POINT ( 'NONE', #2152 ) ;
#1845 = CARTESIAN_POINT ( 'NONE',  ( -212.3360211139834917, 130.0488995897240159, 850.6627944633120251 ) ) ;
#1846 = CARTESIAN_POINT ( 'NONE',  ( -142.3884575895160083, 78.84565072649741069, 915.6895921129030285 ) ) ;
#1847 = CARTESIAN_POINT ( 'NONE',  ( -211.9368530685695191, 130.6189706381383928, 852.8934271288480886 ) ) ;
#1848 = B_SPLINE_CURVE_WITH_KNOTS ( 'NONE', 3,
 ( #2612, #2600, #3096, #861, #382 ),
 .UNSPECIFIED., .F., .F.,
 ( 4, 1, 4 ),
 ( 0.0001852856477370505052, 0.005135105436858850361, 0.007016183720923479389 ),
 .UNSPECIFIED. ) ;
#1849 = CARTESIAN_POINT ( 'NONE',  ( -131.5161128829234087, 75.50614891369468751, 884.7382616128608106 ) ) ;
#1850 = CARTESIAN_POINT ( 'NONE',  ( -134.3197728334347971, 71.50209153645091931, 883.3893620687639441 ) ) ;
#1851 = CARTESIAN_POINT ( 'NONE',  ( -211.3708284592619862, 131.4273375556863925, 859.5003222140350090 ) ) ;
#1852 = CARTESIAN_POINT ( 'NONE',  ( -145.0472146348311355, 85.16611297653945201, 885.4438932883583675 ) ) ;
#1853 = CARTESIAN_POINT ( 'NONE',  ( -55.51722956111260032, 19.23982418172354869, 865.4939753433829992 ) ) ;
#1854 = CARTESIAN_POINT ( 'NONE',  ( -214.0111110445340046, 127.6566232442946074, 912.9243695892679398 ) ) ;
#1855 = CARTESIAN_POINT ( 'NONE',  ( -28.38045610343819902, -3.849153232526742130, 861.2655456148170288 ) ) ;
#1856 = SURFACE_STYLE_FILL_AREA ( #168 ) ;
#1857 = ORIENTED_EDGE ( 'NONE', *, *, #1259, .T. ) ;
#1858 = CARTESIAN_POINT ( 'NONE',  ( 0.5798206975061659385, -19.17193218486335127, 750.0603792935639831 ) ) ;
#1859 = VECTOR ( 'NONE', #743, 1000.000000000000114 ) ;
#1860 = CARTESIAN_POINT ( 'NONE',  ( -71.19591579524769998, 29.42041509772474583, 907.8068781377189680 ) ) ;
#1861 = CARTESIAN_POINT ( 'NONE',  ( 0.1124426242604114057, -19.83941724856424926, 749.5127573054589902 ) ) ;
#1862 = ORIENTED_EDGE ( 'NONE', *, *, #454, .T. ) ;
#1863 = CARTESIAN_POINT ( 'NONE',  ( -32.18679696368815257, -1.474048619059812104, 863.6642654366239640 ) ) ;
#1864 = CARTESIAN_POINT ( 'NONE',  ( -32.45015531185679691, 6.377947642452220123, 868.5830941205319959 ) ) ;
#1865 = CARTESIAN_POINT ( 'NONE',  ( 2.691917028413850055, -16.15554601983020078, 764.7453133240690022 ) ) ;
#1866 = SHAPE_DEFINITION_REPRESENTATION ( #176, #2305 ) ;
#1867 = CARTESIAN_POINT ( 'NONE',  ( -132.1027938960875758, 74.66841151602835680, 900.8054449196358746 ) ) ;
#1868 = CARTESIAN_POINT ( 'NONE',  ( -134.6137725233749052, 71.08221946231192589, 884.1879194317316433 ) ) ;
#1869 = CARTESIAN_POINT ( 'NONE',  ( -213.5528611344564922, 128.3110719399618063, 923.5905908678749938 ) ) ;
#1870 = CARTESIAN_POINT ( 'NONE',  ( -27.15800460442656927, -2.103324708546438604, 859.2495172012397688 ) ) ;
#1871 = CARTESIAN_POINT ( 'NONE',  ( -213.0203145806084990, 129.0716272393370048, 934.2462908152380123 ) ) ;
#1872 = EDGE_CURVE ( 'NONE', #86, #2552, #2134, .T. ) ;
#1873 = EDGE_LOOP ( 'NONE', ( #2825, #932, #561, #1459 ) ) ;
#1874 = CARTESIAN_POINT ( 'NONE',  ( 0.1124426242604114057, -19.83941724856424926, 749.5127573054589902 ) ) ;
#1875 = CARTESIAN_POINT ( 'NONE',  ( -143.8705621144866029, 76.72898610337709613, 878.9209195031679656 ) ) ;
#1876 = B_SPLINE_CURVE_WITH_KNOTS ( 'NONE', 3,
 ( #118, #149, #1550, #2815, #881, #2515, #1807 ),
 .UNSPECIFIED., .F., .F.,
 ( 4, 3, 4 ),
 ( 0.005184832156143479552, 0.006385262502384349455, 0.007184909348665040156 ),
 .UNSPECIFIED. ) ;
#1877 = CARTESIAN_POINT ( 'NONE',  ( -71.48959088528290806, 29.00100360326159787, 783.3151454787860075 ) ) ;
#1878 = CARTESIAN_POINT ( 'NONE',  ( -0.07175706429472269998, -20.10248166661675029, 898.5981009540910236 ) ) ;
#1879 = CARTESIAN_POINT ( 'NONE',  ( -203.2481892383763409, 124.6854292490383216, 899.0304055458728953 ) ) ;
#1880 = CARTESIAN_POINT ( 'NONE',  ( -211.7080329200020117, 130.9457596772145962, 854.8584957246520162 ) ) ;
#1881 = EDGE_CURVE ( 'NONE', #2552, #1006, #1407, .T. ) ;
#1882 = DIRECTION ( 'NONE',  ( -0.1450182577416635754, 0.1015346249225074354, -0.9842054789846570451 ) ) ;
#1883 = CARTESIAN_POINT ( 'NONE',  ( -199.3634852977100138, 119.9621318073521934, 906.3844916700919612 ) ) ;
#1884 = CARTESIAN_POINT ( 'NONE',  ( -1.815048441972070048, -22.59215977281739995, 861.0829855956179699 ) ) ;
#1885 = CARTESIAN_POINT ( 'NONE',  ( -24.73236664652193184, 1.360877738040693563, 862.3976662821465879 ) ) ;
#1886 = CARTESIAN_POINT ( 'NONE',  ( -126.0611367485375780, 67.90273455433199956, 880.8848005504770526 ) ) ;
#1887 = CARTESIAN_POINT ( 'NONE',  ( -142.0374620751703958, 79.34692427068560505, 922.3635608615219326 ) ) ;
#1888 = EDGE_LOOP ( 'NONE', ( #1723, #395, #2646 ) ) ;
#1889 = CARTESIAN_POINT ( 'NONE',  ( -212.0326727237695081, 130.4821259885553957, 852.2458641094949598 ) ) ;
#1890 = CARTESIAN_POINT ( 'NONE',  ( 3.416302434430145141, -15.12101644611495033, 790.5809672639300061 ) ) ;
#1891 = DIRECTION ( 'NONE',  ( -0.000000000000000000, -8.121431911108853159E-06, -0.9999999999670211581 ) ) ;
#1892 = CARTESIAN_POINT ( 'NONE',  ( 2.237035931482319828, -16.80518355171765066, 758.9183168595859570 ) ) ;
#1893 = AXIS2_PLACEMENT_3D ( 'NONE', #1414, #1165, #2172 ) ;
#1894 = CARTESIAN_POINT ( 'NONE',  ( -108.7854851170634021, 56.53865793018499630, 877.1740496749839622 ) ) ;
#1895 = CARTESIAN_POINT ( 'NONE',  ( -139.5787016432977907, 82.85839808052070055, 842.0790406311100469 ) ) ;
#1896 = CARTESIAN_POINT ( 'NONE',  ( -132.6028321296764148, 73.95422632887729719, 882.6055220320612307 ) ) ;
#1897 = CARTESIAN_POINT ( 'NONE',  ( -214.5095725340860042, 126.9447464615522136, 858.1703062687960255 ) ) ;
#1898 =( GEOMETRIC_REPRESENTATION_CONTEXT ( 3 ) GLOBAL_UNCERTAINTY_ASSIGNED_CONTEXT ( ( #1284 ) ) GLOBAL_UNIT_ASSIGNED_CONTEXT ( ( #1034, #2759, #1541 ) ) REPRESENTATION_CONTEXT ( 'NONE', 'WORKASPACE' ) );
#1899 = CARTESIAN_POINT ( 'NONE',  ( -36.15957759849119668, 1.921814205126060049, 871.6745981940989623 ) ) ;
#1900 = CARTESIAN_POINT ( 'NONE',  ( -73.87453788396240384, 25.59494630091124989, 830.0886582262879756 ) ) ;
#1901 = CARTESIAN_POINT ( 'NONE',  ( -25.98153312596048892, -0.4231454695845853209, 859.3242587924038389 ) ) ;
#1902 = CARTESIAN_POINT ( 'NONE',  ( -204.6896753677095262, 123.3288724648331964, 898.1689669464128656 ) ) ;
#1903 = CARTESIAN_POINT ( 'NONE',  ( -73.49047068156829710, 26.14345111046564796, 850.2165654201679672 ) ) ;
#1904 = ORIENTED_EDGE ( 'NONE', *, *, #2260, .T. ) ;
#1905 = CARTESIAN_POINT ( 'NONE',  ( -2.948477757734185190, -24.21086459090609821, 769.4288572106158881 ) ) ;
#1906 = CARTESIAN_POINT ( 'NONE',  ( 2.557274178348525329, -16.34783593777310173, 762.7989779438969435 ) ) ;
#1907 = CARTESIAN_POINT ( 'NONE',  ( -211.2469535530900089, 131.6042492560211770, 862.1656150637800238 ) ) ;
#1908 = B_SPLINE_CURVE_WITH_KNOTS ( 'NONE', 3,
 ( #620, #1842, #2822, #2585 ),
 .UNSPECIFIED., .F., .F.,
 ( 4, 4 ),
 ( 0.000000000000000000, 0.0002864430549710144974 ),
 .UNSPECIFIED. ) ;
#1909 = CARTESIAN_POINT ( 'NONE',  ( -147.9168874188752056, 80.18962812063239198, 888.2964176599739403 ) ) ;
#1910 = CARTESIAN_POINT ( 'NONE',  ( -212.2584723136424998, 130.1596507543563916, 850.9684581342299907 ) ) ;
#1911 = CARTESIAN_POINT ( 'NONE',  ( -177.0150346596294924, 104.0396151786143975, 892.1012749753580238 ) ) ;
#1912 = CARTESIAN_POINT ( 'NONE',  ( 2.916999360594354496, -15.83409513577374916, 828.2056663184279159 ) ) ;
#1913 = CARTESIAN_POINT ( 'NONE',  ( -37.68000052225389851, 2.395848190407555034, 864.7365403037799751 ) ) ;
#1914 = CARTESIAN_POINT ( 'NONE',  ( -213.8398178447559985, 127.9012552861246093, 851.7099731832519183 ) ) ;
#1915 = EDGE_CURVE ( 'NONE', #145, #3055, #586, .T. ) ;
#1916 = CARTESIAN_POINT ( 'NONE',  ( -25.65456772897823967, 0.04401855510986966286, 884.7501536179448749 ) ) ;
#1917 = CARTESIAN_POINT ( 'NONE',  ( -73.07976426732969344, 26.73000065731680053, 792.8900435579070063 ) ) ;
#1918 = CARTESIAN_POINT ( 'NONE',  ( -24.93485993949162349, 1.071675759827163343, 861.0503722487542291 ) ) ;
#1919 = CARTESIAN_POINT ( 'NONE',  ( -211.0666650146040126, 131.8617279728986205, 880.8759552179629964 ) ) ;
#1920 = EDGE_CURVE ( 'NONE', #1135, #2372, #1447, .T. ) ;
#1921 = CARTESIAN_POINT ( 'NONE',  ( -82.39794651355434496, 33.68262743239974810, 870.9015599962705210 ) ) ;
#1922 = CARTESIAN_POINT ( 'NONE',  ( -144.4123756063879966, 75.95519624489290322, 852.1316916243559945 ) ) ;
#1923 = ORIENTED_EDGE ( 'NONE', *, *, #615, .T. ) ;
#1924 = CARTESIAN_POINT ( 'NONE',  ( -144.4195682818476030, 75.94492403977179151, 845.4297639899529031 ) ) ;
#1925 = CARTESIAN_POINT ( 'NONE',  ( 3.424374528660760308, -15.10948830082929994, 795.2858572951120095 ) ) ;
#1926 = CARTESIAN_POINT ( 'NONE',  ( -140.0690198236962090, 82.15815114851598366, 827.0286419538869040 ) ) ;
#1927 = CARTESIAN_POINT ( 'NONE',  ( -193.3607006353815052, 112.2743474993554003, 898.0628475915069657 ) ) ;
#1928 = CARTESIAN_POINT ( 'NONE',  ( -139.9703872389797823, 82.29901307777811326, 828.6953401556089602 ) ) ;
#1929 = CARTESIAN_POINT ( 'NONE',  ( -204.3614929621529939, 123.0954376414793927, 898.0965286604749735 ) ) ;
#1930 = CARTESIAN_POINT ( 'NONE',  ( -211.0378584550600181, 131.9028680034932108, 872.8541623529760045 ) ) ;
#1931 = LINE ( 'NONE', #925, #121 ) ;
#1932 = CARTESIAN_POINT ( 'NONE',  ( -72.17653637867739747, 28.01994376612940130, 785.5131440271469501 ) ) ;
#1933 = CARTESIAN_POINT ( 'NONE',  ( -144.3940047971111937, 75.98143247954300250, 842.0790406311150491 ) ) ;
#1934 = CARTESIAN_POINT ( 'NONE',  ( -208.8457447535340066, 126.2035020177310116, 899.0779035393610457 ) ) ;
#1935 = CARTESIAN_POINT ( 'NONE',  ( -211.3216429673855146, 131.4975817178704176, 894.2383636226300041 ) ) ;
#1936 = CARTESIAN_POINT ( 'NONE',  ( -184.0214525009290014, 108.6782246558112064, 893.6121769298429172 ) ) ;
#1937 = CARTESIAN_POINT ( 'NONE',  ( -143.9710860432391826, 76.58542305489929447, 875.5745316195200303 ) ) ;
#1938 = CARTESIAN_POINT ( 'NONE',  ( -214.5633103269225046, 126.8680009398268140, 896.9092783267619780 ) ) ;
#1939 = VERTEX_POINT ( 'NONE', #248 ) ;
#1940 = CARTESIAN_POINT ( 'NONE',  ( -144.2845760731452174, 76.13771289355528893, 835.9385562427360128 ) ) ;
#1941 = CARTESIAN_POINT ( 'NONE',  ( -69.07798701901239724, 32.44513085792649321, 790.8983764812750223 ) ) ;
#1942 = CARTESIAN_POINT ( 'NONE',  ( -140.3188815055110013, 81.80131168567109512, 823.7061764622440023 ) ) ;
#1943 = ORIENTED_EDGE ( 'NONE', *, *, #2687, .T. ) ;
#1944 = CARTESIAN_POINT ( 'NONE',  ( -142.1550200344045720, 79.17903410552879961, 920.1389990660710509 ) ) ;
#1945 = CARTESIAN_POINT ( 'NONE',  ( -68.23069194241519142, 33.65519363269154951, 806.5968048697690165 ) ) ;
#1946 = CARTESIAN_POINT ( 'NONE',  ( -131.5188756348213701, 75.50223371649030923, 884.8539881963836251 ) ) ;
#1947 = CARTESIAN_POINT ( 'NONE',  ( -214.1845232778095180, 127.4089649089978025, 854.2000962085229503 ) ) ;
#1948 = CARTESIAN_POINT ( 'NONE',  ( -143.5796964708950156, 77.14438529250229237, 822.8784361029629508 ) ) ;
#1949 = CARTESIAN_POINT ( 'NONE',  ( -200.6952738244449961, 120.8945843870749997, 897.3459500045569257 ) ) ;
#1950 = CARTESIAN_POINT ( 'NONE',  ( -68.15603386191240531, 33.76181642154919871, 809.9509860136050747 ) ) ;
#1951 = CARTESIAN_POINT ( 'NONE',  ( -16.35906191073172877, -12.95826782656690312, 856.3593631666727788 ) ) ;
#1952 = CARTESIAN_POINT ( 'NONE',  ( -144.0639442490153783, 76.45280779341059940, 872.2274645212779660 ) ) ;
#1953 = CARTESIAN_POINT ( 'NONE',  ( -144.2227194088520150, 76.22605336536980758, 865.5312440156620823 ) ) ;
#1954 = VERTEX_POINT ( 'NONE', #1886 ) ;
#1955 = CARTESIAN_POINT ( 'NONE',  ( -214.7121072307444933, 126.6554969382242035, 862.1656150637800238 ) ) ;
#1956 = CARTESIAN_POINT ( 'NONE',  ( -68.23069194241519142, 33.65519363269154951, 806.5968048697690165 ) ) ;
#1957 = CARTESIAN_POINT ( 'NONE',  ( -68.56994601869760686, 33.17068859986980556, 797.8903580971820020 ) ) ;
#1958 = ORIENTED_EDGE ( 'NONE', *, *, #3132, .T. ) ;
#1959 = CARTESIAN_POINT ( 'NONE',  ( -144.1481556802733905, 76.33254140571479240, 868.8797041457600017 ) ) ;
#1960 = CARTESIAN_POINT ( 'NONE',  ( -68.15603386191240531, 33.76181642154919871, 809.9509860136050747 ) ) ;
#1961 = VECTOR ( 'NONE', #1522, 1000.000000000000114 ) ;
#1962 = CARTESIAN_POINT ( 'NONE',  ( -131.6178159581274372, 75.36060346183967340, 884.2419521734473165 ) ) ;
#1963 = CARTESIAN_POINT ( 'NONE',  ( -143.4963988068396077, 77.26334668538980566, 822.0533338693741143 ) ) ;
#1964 = CARTESIAN_POINT ( 'NONE',  ( -73.67523586650109735, 25.87957907988855055, 803.9151570363200108 ) ) ;
#1965 = CARTESIAN_POINT ( 'NONE',  ( -211.1908893350305050, 130.8659898160424007, 902.5921944505839747 ) ) ;
#1966 = CARTESIAN_POINT ( 'NONE',  ( -211.1990055604304928, 131.6727260861649711, 863.5000270594649692 ) ) ;
#1967 = FACE_OUTER_BOUND ( 'NONE', #1773, .T. ) ;
#1968 = CARTESIAN_POINT ( 'NONE',  ( -73.87453788396240384, 25.59494630091124989, 830.0886582262879756 ) ) ;
#1969 = CARTESIAN_POINT ( 'NONE',  ( -3.313958165326104766, -24.73282470651179921, 781.1729475034478583 ) ) ;
#1970 = EDGE_LOOP ( 'NONE', ( #1612, #2039, #1291, #1943, #2146 ) ) ;
#1971 = CARTESIAN_POINT ( 'NONE',  ( -214.0222077153579789, 127.6407755559756083, 852.8934271288491118 ) ) ;
#1972 = CARTESIAN_POINT ( 'NONE',  ( -68.98880458552189054, 32.57249657255304953, 791.8933060759009095 ) ) ;
#1973 = DIRECTION ( 'NONE',  ( -0.8062139315781456927, 0.5645170692166757709, 0.1770298706216656692 ) ) ;
#1974 = EDGE_CURVE ( 'NONE', #1939, #2181, #183, .T. ) ;
#1975 = CARTESIAN_POINT ( 'NONE',  ( -68.39466726405069608, 33.42101260394315432, 846.1925104178388892 ) ) ;
#1976 = ORIENTED_EDGE ( 'NONE', *, *, #2963, .T. ) ;
#1977 = CARTESIAN_POINT ( 'NONE',  ( -1.428783715783761954, -22.04051657403674724, 870.4686296950930000 ) ) ;
#1978 = CARTESIAN_POINT ( 'NONE',  ( -81.95667366508851615, 37.38667793415366702, 871.2244099512136017 ) ) ;
#1979 = CARTESIAN_POINT ( 'NONE',  ( -72.99754751146230092, 26.84741835332969728, 791.8933060759009095 ) ) ;
#1980 = CARTESIAN_POINT ( 'NONE',  ( -252.4811284387120054, 72.71574458346439940, 929.5127573054589902 ) ) ;
#1981 = FACE_OUTER_BOUND ( 'NONE', #3125, .T. ) ;
#1982 = CARTESIAN_POINT ( 'NONE',  ( -143.1729883903352061, 77.72522462708020896, 819.6044445099389577 ) ) ;
#1983 = CARTESIAN_POINT ( 'NONE',  ( -213.5325644091760182, 128.3400586677130093, 850.3677477735939192 ) ) ;
#1984 = CARTESIAN_POINT ( 'NONE',  ( -202.8873165384399897, 125.1043908915929990, 900.7741553000799968 ) ) ;
#1985 = EDGE_CURVE ( 'NONE', #1056, #815, #1155, .T. ) ;
#1986 = CARTESIAN_POINT ( 'NONE',  ( -211.0582527681459908, 131.8737419059091849, 870.1803307469309630 ) ) ;
#1987 = CARTESIAN_POINT ( 'NONE',  ( -40.65319374089074955, 8.099449537571150159, 862.1521329199649699 ) ) ;
#1988 = CARTESIAN_POINT ( 'NONE',  ( -3.380398359958235233, -24.82771113804324870, 785.8764603994650315 ) ) ;
#1989 = CARTESIAN_POINT ( 'NONE',  ( -3.132826188049880223, -24.47414143420749966, 774.1227220247469631 ) ) ;
#1990 = CARTESIAN_POINT ( 'NONE',  ( -205.7450791321645056, 121.0230938076949911, 900.7741563808260707 ) ) ;
#1991 = CARTESIAN_POINT ( 'NONE',  ( -68.99356121968030209, 32.56570339496065003, 866.3047283389330460 ) ) ;
#1992 = CARTESIAN_POINT ( 'NONE',  ( -212.1674576172879938, 130.2896332115394102, 918.2587535554340548 ) ) ;
#1993 = CARTESIAN_POINT ( 'NONE',  ( -27.43705785728310786, -2.501615744696648047, 888.4536046845440751 ) ) ;
#1994 = CARTESIAN_POINT ( 'NONE',  ( 2.645438023459219856, -16.22192491811150106, 837.6034530541920731 ) ) ;
#1995 = VERTEX_POINT ( 'NONE', #3156 ) ;
#1996 = CARTESIAN_POINT ( 'NONE',  ( -3.365608941330175075, -24.80658965930870252, 804.6950097304069232 ) ) ;
#1997 = CARTESIAN_POINT ( 'NONE',  ( -82.14982674093818105, 37.52192819297576420, 871.2667926652425194 ) ) ;
#1998 = CARTESIAN_POINT ( 'NONE',  ( -213.7005884698095031, 128.1000954404366041, 850.9684581342289675 ) ) ;
#1999 = CARTESIAN_POINT ( 'NONE',  ( -25.36577522602340196, 0.4564049310008150839, 878.2937914648291553 ) ) ;
#2000 = CARTESIAN_POINT ( 'NONE',  ( -32.81947490706370019, 6.962253951509332239, 864.6743691094941369 ) ) ;
#2001 = CARTESIAN_POINT ( 'NONE',  ( -70.71123809614229572, 30.11260658761455034, 782.9757322507870185 ) ) ;
#2002 = ADVANCED_FACE ( 'NONE', ( #2902 ), #1716, .F. ) ;
#2003 = CARTESIAN_POINT ( 'NONE',  ( -70.71123809614229572, 30.11260658761455034, 782.9757322507870185 ) ) ;
#2004 = CARTESIAN_POINT ( 'NONE',  ( -38.93130900453834897, 6.893772867104719815, 861.7734559056110584 ) ) ;
#2005 = CARTESIAN_POINT ( 'NONE',  ( -3.424372282222404973, -24.89051240747344806, 795.2858572951030283 ) ) ;
#2006 = CARTESIAN_POINT ( 'NONE',  ( -144.1575241769642162, 76.31916180583959886, 832.0353679491399816 ) ) ;
#2007 = CARTESIAN_POINT ( 'NONE',  ( -134.1206727995012784, 71.78658008714749883, 901.2751486793687263 ) ) ;
#2008 = CARTESIAN_POINT ( 'NONE',  ( -211.3216429673855146, 131.4975817178704176, 894.2383636226300041 ) ) ;
#2009 = CARTESIAN_POINT ( 'NONE',  ( -116.7128639793165945, 62.08946830919600046, 878.9112780106179343 ) ) ;
#2010 = CARTESIAN_POINT ( 'NONE',  ( -28.29513523676888198, -3.727239097495127051, 868.9703937112228687 ) ) ;
#2011 = ORIENTED_EDGE ( 'NONE', *, *, #858, .F. ) ;
#2012 = CARTESIAN_POINT ( 'NONE',  ( -214.9257918303709971, 126.3503237031957980, 875.5282126939299587 ) ) ;
#2013 = CARTESIAN_POINT ( 'NONE',  ( -140.6936162622010045, 81.26613498984669093, 895.6439082354280572 ) ) ;
#2014 = CARTESIAN_POINT ( 'NONE',  ( -71.67109499907110148, 28.74178886493915286, 783.7083636325240832 ) ) ;
#2015 = CARTESIAN_POINT ( 'NONE',  ( -25.55018655823118934, 0.1930717682803480828, 882.4494692502831867 ) ) ;
#2016 = DIRECTION ( 'NONE',  ( -0.1450182577417027940, 0.1015346249224512304, -0.9842054789846570451 ) ) ;
#2017 = CARTESIAN_POINT ( 'NONE',  ( -213.8398178447559985, 127.9012552861246093, 851.7099731832519183 ) ) ;
#2018 = CARTESIAN_POINT ( 'NONE',  ( -214.1085528700454859, 127.5174618954162185, 853.5447280509511074 ) ) ;
#2019 = VECTOR ( 'NONE', #2898, 1000.000000000000114 ) ;
#2020 = CARTESIAN_POINT ( 'NONE',  ( -203.0046800041774304, 125.0333219318534077, 902.8956769499795882 ) ) ;
#2021 = CARTESIAN_POINT ( 'NONE',  ( -2.948477757734185190, -24.21086459090609821, 769.4288572106158881 ) ) ;
#2022 = CARTESIAN_POINT ( 'NONE',  ( -188.9721825618580056, 111.9535227681875966, 894.6914530738739586 ) ) ;
#2023 = CARTESIAN_POINT ( 'NONE',  ( -140.0016203972290043, 82.25440750508019505, 875.5745316206250664 ) ) ;
#2024 = CARTESIAN_POINT ( 'NONE',  ( -121.4962538483613912, 65.43883391935570160, 879.9596477610529064 ) ) ;
#2025 = EDGE_CURVE ( 'NONE', #1364, #86, #736, .T. ) ;
#2026 = DIRECTION ( 'NONE',  ( 0.5735754540170808768, 0.8191527320987467276, -6.652693026095838987E-06 ) ) ;
#2027 = ORIENTED_EDGE ( 'NONE', *, *, #1496, .F. ) ;
#2028 = DIRECTION ( 'NONE',  ( -0.1450182577416639917, 0.1015346249225079767, -0.9842054789846569340 ) ) ;
#2029 = CARTESIAN_POINT ( 'NONE',  ( -213.6230396702299856, 128.2108466039802295, 850.6627944633120251 ) ) ;
#2030 = DIRECTION ( 'NONE',  ( 0.5735754540170379112, 0.8191527320987768146, -6.652693211132508879E-06 ) ) ;
#2031 = CARTESIAN_POINT ( 'NONE',  ( -134.3386154205091145, 71.47520831110253425, 883.4261944553919648 ) ) ;
#2032 = CARTESIAN_POINT ( 'NONE',  ( -141.2933579667329980, 80.40961506995910213, 817.2507361314628724 ) ) ;
#2033 = CARTESIAN_POINT ( 'NONE',  ( -0.7918879325731510432, -21.13093513074210250, 750.5201798300380460 ) ) ;
#2034 = LINE ( 'NONE', #1049, #2051 ) ;
#2035 = CARTESIAN_POINT ( 'NONE',  ( -133.6051126487796807, 72.52287359537035627, 912.5395803383527209 ) ) ;
#2036 = CARTESIAN_POINT ( 'NONE',  ( -139.8245507601137945, 82.50728915438099875, 868.8797041453210568 ) ) ;
#2037 = CARTESIAN_POINT ( 'NONE',  ( -252.4811284387120054, 72.71574458346439940, 929.5127573054589902 ) ) ;
#2038 = DIRECTION ( 'NONE',  ( 1.159863639934661839E-05, 0.000000000000000000, 0.9999999999327358058 ) ) ;
#2039 = ORIENTED_EDGE ( 'NONE', *, *, #1974, .F. ) ;
#2040 = CARTESIAN_POINT ( 'NONE',  ( -205.7901816535325281, 121.0550952359990049, 900.7854036288659927 ) ) ;
#2041 = CARTESIAN_POINT ( 'NONE',  ( -214.0222077153579789, 127.6407755559756083, 852.8934271288491118 ) ) ;
#2042 = EDGE_LOOP ( 'NONE', ( #1625, #267, #3074, #1862, #2888, #1533, #2814, #2011, #2810, #1518, #1976, #697, #2420, #2953, #1806 ) ) ;
#2043 = CARTESIAN_POINT ( 'NONE',  ( -14.20134219100086170, -9.901695882924499870, 856.3567612012710697 ) ) ;
#2044 = CARTESIAN_POINT ( 'NONE',  ( -134.5541781442822469, 71.16785704877931096, 883.9591984210862847 ) ) ;
#2045 = CARTESIAN_POINT ( 'NONE',  ( -1.666189051272725097, -22.37956653070525093, 754.3216053108270671 ) ) ;
#2046 = CARTESIAN_POINT ( 'NONE',  ( -213.9263880598664969, 127.7776202059729940, 852.2458641094949598 ) ) ;
#2047 = CARTESIAN_POINT ( 'NONE',  ( 1.815050690279015111, -17.40784093281675027, 861.0829855602930820 ) ) ;
#2048 = CARTESIAN_POINT ( 'NONE',  ( -212.9975410296450207, 129.0842480065261952, 899.9868415050920021 ) ) ;
#2049 = CARTESIAN_POINT ( 'NONE',  ( -131.3795553763775956, 68.52067905099050904, 884.8064789404169233 ) ) ;
#2050 = CARTESIAN_POINT ( 'NONE',  ( -70.12952788261249282, 30.94337486956850114, 894.4300681264770674 ) ) ;
#2051 = VECTOR ( 'NONE', #2744, 1000.000000000000114 ) ;
#2052 = CARTESIAN_POINT ( 'NONE',  ( -37.60287248619255251, 5.963667198176610285, 870.7892482630689983 ) ) ;
#2053 = CARTESIAN_POINT ( 'NONE',  ( -33.93626774819684755, 7.742452690394790338, 864.8596888942180385 ) ) ;
#2054 = ORIENTED_EDGE ( 'NONE', *, *, #2687, .F. ) ;
#2055 = CLOSED_SHELL ( 'NONE', ( #1771, #1488, #130, #1410, #2593, #3065, #368, #1322, #2824, #2002, #2823, #2967, #1449, #795, #457, #1125, #2725, #2877, #3110, #511, #638 ) ) ;
#2056 = CARTESIAN_POINT ( 'NONE',  ( -0.2368115560908974904, -20.33820391007930439, 895.4747572093669987 ) ) ;
#2057 = CARTESIAN_POINT ( 'NONE',  ( -141.2933579667329980, 80.40961506995910213, 817.2507361314628724 ) ) ;
#2058 = VECTOR ( 'NONE', #2843, 999.9999999999998863 ) ;
#2059 = ORIENTED_EDGE ( 'NONE', *, *, #1788, .F. ) ;
#2060 = DIRECTION ( 'NONE',  ( 0.5735764342494107382, 0.8191520457605726557, 0.000000000000000000 ) ) ;
#2061 = ADVANCED_FACE ( 'NONE', ( #2660 ), #67, .T. ) ;
#2062 = CARTESIAN_POINT ( 'NONE',  ( -133.8914030676487812, 72.11395432433475605, 882.7984237952185822 ) ) ;
#2063 = CARTESIAN_POINT ( 'NONE',  ( -140.0690198236962090, 82.15815114851598366, 827.0286419538869040 ) ) ;
#2064 = CARTESIAN_POINT ( 'NONE',  ( -140.3188815055110013, 81.80131168567109512, 823.7061764622440023 ) ) ;
#2065 = B_SPLINE_CURVE_WITH_KNOTS ( 'NONE', 3,
 ( #1432, #1913, #2410, #659 ),
 .UNSPECIFIED., .F., .F.,
 ( 4, 4 ),
 ( 0.000000000000000000, 0.0001858451252699919913 ),
 .UNSPECIFIED. ) ;
#2066 = CARTESIAN_POINT ( 'NONE',  ( -212.1674576172879938, 130.2896332115394102, 918.2587535554340548 ) ) ;
#2067 = CARTESIAN_POINT ( 'NONE',  ( -194.5830746149169954, 119.3414142024883944, 898.9634942859950115 ) ) ;
#2068 = B_SPLINE_CURVE_WITH_KNOTS ( 'NONE', 3,
 ( #3068, #364, #1375, #1606, #2355, #2297, #167 ),
 .UNSPECIFIED., .F., .F.,
 ( 4, 3, 4 ),
 ( 0.01061543697587491973, 0.02681810242761360069, 0.09836742366857810504 ),
 .UNSPECIFIED. ) ;
#2069 = CARTESIAN_POINT ( 'NONE',  ( -125.9492007562786000, 68.06808490151621527, 880.8672965158669967 ) ) ;
#2070 = CARTESIAN_POINT ( 'NONE',  ( -71.85682420903259526, 28.47654006393900161, 894.4300682275210193 ) ) ;
#2071 = DIRECTION ( 'NONE',  ( 0.5735756964288472037, 0.8191525623875951512, 0.000000000000000000 ) ) ;
#2072 = CARTESIAN_POINT ( 'NONE',  ( -36.82373133721705472, 1.799362629913815015, 864.6742503174009471 ) ) ;
#2073 = ORIENTED_EDGE ( 'NONE', *, *, #2095, .F. ) ;
#2074 = CARTESIAN_POINT ( 'NONE',  ( -2.335674190688114660, -23.33569039810479850, 846.9976463075839774 ) ) ;
#2075 = CARTESIAN_POINT ( 'NONE',  ( -142.0664382377060235, 79.30554202191780178, 816.1794239721260737 ) ) ;
#2076 = VERTEX_POINT ( 'NONE', #843 ) ;
#2077 = PLANE ( 'NONE',  #531 ) ;
#2078 = CARTESIAN_POINT ( 'NONE',  ( -134.3500224072480762, 71.45895052736013042, 883.4492936244766952 ) ) ;
#2079 = CARTESIAN_POINT ( 'NONE',  ( -140.3188815055110013, 81.80131168567109512, 823.7061764622440023 ) ) ;
#2080 = CARTESIAN_POINT ( 'NONE',  ( -211.6489584254999841, 131.0301267987892118, 855.5190468485878910 ) ) ;
#2081 = B_SPLINE_CURVE_WITH_KNOTS ( 'NONE', 3,
 ( #1126, #2807, #1647, #1361, #2125, #1151, #1373, #3093, #1399, #2096 ),
 .UNSPECIFIED., .F., .F.,
 ( 4, 2, 2, 2, 4 ),
 ( 0.000000000000000000, 0.02314058325350864739, 0.09180777410495380431, 0.2291421558078440002, 0.3936216496400780085 ),
 .UNSPECIFIED. ) ;
#2082 = PRODUCT_DEFINITION_CONTEXT ( 'detailed design', #1033, 'design' ) ;
#2083 = CARTESIAN_POINT ( 'NONE',  ( -12.21219527195277976, -7.035917653234901259, 856.3593146285018065 ) ) ;
#2084 = CARTESIAN_POINT ( 'NONE',  ( -126.0611367485375780, 67.90273455433199956, 880.8848005504770526 ) ) ;
#2085 = CARTESIAN_POINT ( 'NONE',  ( -2.916997114121235413, -24.16590557247934967, 828.2056663190579684 ) ) ;
#2086 = DIRECTION ( 'NONE',  ( 0.5735756964283756920, 0.8191525623879163387, 1.215951833380141357E-07 ) ) ;
#2087 = ORIENTED_EDGE ( 'NONE', *, *, #1872, .F. ) ;
#2088 = CARTESIAN_POINT ( 'NONE',  ( -69.29249676077769493, 32.13877919779745440, 788.9194395435999922 ) ) ;
#2089 = CARTESIAN_POINT ( 'NONE',  ( -113.9925729954132123, 59.45223532518919995, 878.2396884444609668 ) ) ;
#2090 = CARTESIAN_POINT ( 'NONE',  ( -140.7997180499673959, 81.11460593313589129, 819.6044445099389577 ) ) ;
#2091 = PLANE ( 'NONE',  #840 ) ;
#2092 = CARTESIAN_POINT ( 'NONE',  ( -204.6614969866801630, 122.6671373508689271, 927.8355992851683141 ) ) ;
#2093 = CARTESIAN_POINT ( 'NONE',  ( -140.3930099695072045, 81.69544526757059089, 822.8784361029639740 ) ) ;
#2094 = CARTESIAN_POINT ( 'NONE',  ( -128.1166788186392012, 73.18054114149188649, 884.8064782864739755 ) ) ;
#2095 = EDGE_CURVE ( 'NONE', #591, #1084, #110, .T. ) ;
#2096 = CARTESIAN_POINT ( 'NONE',  ( -134.7444812061789889, 70.89555830123988756, 885.5194628826119470 ) ) ;
#2097 = FACE_OUTER_BOUND ( 'NONE', #408, .T. ) ;
#2098 = DIRECTION ( 'NONE',  ( -0.000000000000000000, -0.9970323995562365704, -0.07698307758938444101 ) ) ;
#2099 = CARTESIAN_POINT ( 'NONE',  ( -36.29851516723948635, 1.437763121979327208, 864.6743690889663867 ) ) ;
#2100 = ORIENTED_EDGE ( 'NONE', *, *, #2115, .T. ) ;
#2101 = CARTESIAN_POINT ( 'NONE',  ( -69.42266311111170296, 31.95288238402414649, 787.9383018531509606 ) ) ;
#2102 = CARTESIAN_POINT ( 'NONE',  ( -213.3003725701574922, 128.6716629797894029, 928.9205489852549817 ) ) ;
#2103 = CARTESIAN_POINT ( 'NONE',  ( -141.1799121278868085, 80.57163251858059994, 817.6204110468710269 ) ) ;
#2104 = ORIENTED_EDGE ( 'NONE', *, *, #1313, .F. ) ;
#2105 = B_SPLINE_CURVE_WITH_KNOTS ( 'NONE', 3,
 ( #1064, #2971, #2020, #1035, #1285, #264, #760, #283, #536, #80 ),
 .UNSPECIFIED., .F., .F.,
 ( 4, 1, 1, 1, 1, 1, 1, 4 ),
 ( 0.000000000000000000, 0.06546948709311292691, 0.1661178448690249776, 0.3674145604208548521, 0.5687112759726782318, 0.7700079915245081619, 0.9713047070763379809, 1.000000000000000000 ),
 .UNSPECIFIED. ) ;
#2106 = CARTESIAN_POINT ( 'NONE',  ( -214.4716391828862072, 126.9981541377381973, 899.9888333527749182 ) ) ;
#2107 = CARTESIAN_POINT ( 'NONE',  ( -94.87508803519889966, 50.08114772694980132, 877.8262153511859651 ) ) ;
#2108 = CARTESIAN_POINT ( 'NONE',  ( -69.29249676077769493, 32.13877919779745440, 788.9194395435999922 ) ) ;
#2109 = PRODUCT_CONTEXT ( 'NONE', #210, 'mechanical' ) ;
#2110 = CARTESIAN_POINT ( 'NONE',  ( -32.96755973266382966, 7.372986170259761884, 860.9040052791157223 ) ) ;
#2111 = PLANE ( 'NONE',  #2277 ) ;
#2112 = CARTESIAN_POINT ( 'NONE',  ( -3.035213985590550223, -24.33473676183150403, 823.5053166900199813 ) ) ;
#2113 = DIRECTION ( 'NONE',  ( 0.8191525623785648191, -0.5735756964225241505, 4.695530338612960390E-06 ) ) ;
#2114 = CARTESIAN_POINT ( 'NONE',  ( -213.1141242735614867, 128.9376531133328001, 932.4711199944230202 ) ) ;
#2115 = EDGE_CURVE ( 'NONE', #3141, #2905, #1305, .T. ) ;
#2116 = ORIENTED_EDGE ( 'NONE', *, *, #2095, .T. ) ;
#2117 = CARTESIAN_POINT ( 'NONE',  ( -213.3091357636500049, 128.6591478424718105, 849.8246778492290332 ) ) ;
#2118 = CARTESIAN_POINT ( 'NONE',  ( -214.3070242498394862, 127.2340153899683912, 904.9188924148309070 ) ) ;
#2119 = CARTESIAN_POINT ( 'NONE',  ( 2.120152111349855151, -16.97211094646024776, 757.7598091910770108 ) ) ;
#2120 = CARTESIAN_POINT ( 'NONE',  ( -172.7099393010574886, 97.69125481780261566, 893.5957720645949394 ) ) ;
#2121 = EDGE_CURVE ( 'NONE', #2436, #2358, #15, .T. ) ;
#2122 = CARTESIAN_POINT ( 'NONE',  ( -202.0386813397225012, 121.4582915711609843, 897.5853781766760449 ) ) ;
#2123 = CARTESIAN_POINT ( 'NONE',  ( 1.268228263257185962, -18.18878429200984925, 752.0743075446000603 ) ) ;
#2124 = CARTESIAN_POINT ( 'NONE',  ( -132.0619359234171100, 74.72675508393686528, 899.8555177726890406 ) ) ;
#2125 = CARTESIAN_POINT ( 'NONE',  ( -193.3607006353815052, 112.2743474993554003, 898.0628475915069657 ) ) ;
#2126 = CARTESIAN_POINT ( 'NONE',  ( -2.112701772637090247, -23.01725278370679817, 853.2587429767249887 ) ) ;
#2127 = CARTESIAN_POINT ( 'NONE',  ( -37.43079600399819640, 6.209410324815349824, 870.7892454227519465 ) ) ;
#2128 = CARTESIAN_POINT ( 'NONE',  ( -33.93202981427794640, 7.748505094171740382, 864.6745981558699441 ) ) ;
#2129 = ORIENTED_EDGE ( 'NONE', *, *, #694, .T. ) ;
#2130 = CARTESIAN_POINT ( 'NONE',  ( -69.80981571834969657, 31.39997115969180186, 785.5131440271469501 ) ) ;
#2131 = CARTESIAN_POINT ( 'NONE',  ( -211.0666650146040126, 131.8617279728986205, 880.8759552179629964 ) ) ;
#2132 = CARTESIAN_POINT ( 'NONE',  ( -55.53053479579200058, 19.17677244740825060, 865.4462847526810947 ) ) ;
#2133 = CARTESIAN_POINT ( 'NONE',  ( -141.0829054546755970, 80.71017240556770389, 818.0037412710199760 ) ) ;
#2134 = LINE ( 'NONE', #3147, #594 ) ;
#2135 = CARTESIAN_POINT ( 'NONE',  ( -68.09915051844950540, 33.84305425513210253, 813.9777505152900403 ) ) ;
#2136 = PRODUCT ( 'RUDDER', 'RUDDER', '', ( #2109 ) ) ;
#2137 = APPLICATION_PROTOCOL_DEFINITION ( 'draft international standard', 'automotive_design', 1998, #1033 ) ;
#2138 = UNCERTAINTY_MEASURE_WITH_UNIT (LENGTH_MEASURE( 1.000000000000000082E-05 ), #144, 'distance_accuracy_value', 'NONE');
#2139 = CARTESIAN_POINT ( 'NONE',  ( -133.1218632800000137, 73.21287658482638960, 882.4536087873119641 ) ) ;
#2140 = CARTESIAN_POINT ( 'NONE',  ( -25.82702756763382368, -0.2022498448201196508, 888.4451026781455312 ) ) ;
#2141 = CARTESIAN_POINT ( 'NONE',  ( -214.7600552234034978, 126.5870201080805941, 863.5000270594659924 ) ) ;
#2142 = CARTESIAN_POINT ( 'NONE',  ( -48.70663203103229932, 10.18761817096750022, 867.2569653388419511 ) ) ;
#2143 = B_SPLINE_CURVE_WITH_KNOTS ( 'NONE', 3,
 ( #592, #147, #1366, #2589, #1623, #624 ),
 .UNSPECIFIED., .F., .F.,
 ( 4, 2, 4 ),
 ( 0.000000000000000000, 0.4084486046315195518, 0.7058092488318230551 ),
 .UNSPECIFIED. ) ;
#2144 = CARTESIAN_POINT ( 'NONE',  ( -32.87002608086518762, -1.297901781842352609, 859.9951102014232447 ) ) ;
#2145 = CARTESIAN_POINT ( 'NONE',  ( -214.3070242498394862, 127.2340153899683912, 904.9188924148309070 ) ) ;
#2146 = ORIENTED_EDGE ( 'NONE', *, *, #1688, .F. ) ;
#2147 = CARTESIAN_POINT ( 'NONE',  ( -140.7997180499673959, 81.11460593313589129, 819.6044445099389577 ) ) ;
#2148 = CARTESIAN_POINT ( 'NONE',  ( -139.8863350303211917, 82.41905207203610928, 830.3644444181429662 ) ) ;
#2149 = CARTESIAN_POINT ( 'NONE',  ( -204.6896753677095262, 123.3288724648331964, 898.1689669464128656 ) ) ;
#2150 = CARTESIAN_POINT ( 'NONE',  ( -211.4494882497510275, 131.3149997326892162, 858.1703062687950023 ) ) ;
#2151 = EDGE_CURVE ( 'NONE', #1391, #1939, #1513, .T. ) ;
#2152 = CARTESIAN_POINT ( 'NONE',  ( -199.7076305701205001, 119.4706401680929986, 906.3844956617080015 ) ) ;
#2153 = CARTESIAN_POINT ( 'NONE',  ( 3.132828434490474656, -15.52585927409199940, 774.1227220247440073 ) ) ;
#2154 = EDGE_CURVE ( 'NONE', #1354, #1364, #1725, .T. ) ;
#2155 = VECTOR ( 'NONE', #2026, 1000.000000000000114 ) ;
#2156 = DIRECTION ( 'NONE',  ( -0.000000000000000000, -0.9947206920904168026, -0.1026194169110411641 ) ) ;
#2157 = CARTESIAN_POINT ( 'NONE',  ( -73.07976426732969344, 26.73000065731680053, 792.8900435579070063 ) ) ;
#2158 = CARTESIAN_POINT ( 'NONE',  ( -36.70904113594414753, 2.299396743336070248, 871.6745981916220671 ) ) ;
#2159 = CARTESIAN_POINT ( 'NONE',  ( -214.5095725340860042, 126.9447464615522136, 858.1703062687960255 ) ) ;
#2160 = CARTESIAN_POINT ( 'NONE',  ( -55.51722956111260032, 19.23982418172354869, 865.4939753433829992 ) ) ;
#2161 = CARTESIAN_POINT ( 'NONE',  ( -139.5531381585632005, 82.89490652029050466, 845.4297639899609749 ) ) ;
#2162 = CARTESIAN_POINT ( 'NONE',  ( -23.92976098232174920, -7.304066732768300874, 861.8522228875999645 ) ) ;
#2163 = CARTESIAN_POINT ( 'NONE',  ( -144.2871969055265993, 76.13396995701440062, 862.1821477921479300 ) ) ;
#2164 = ORIENTED_EDGE ( 'NONE', *, *, #1193, .T. ) ;
#2165 = CARTESIAN_POINT ( 'NONE',  ( -73.29780069934460585, 26.41861236153719972, 795.8869776389780100 ) ) ;
#2166 = CARTESIAN_POINT ( 'NONE',  ( -140.3188815055110013, 81.80131168567109512, 823.7061764622440023 ) ) ;
#2167 = CARTESIAN_POINT ( 'NONE',  ( -140.1650466161869986, 82.02101067622560038, 825.6424232743779612 ) ) ;
#2168 = CARTESIAN_POINT ( 'NONE',  ( -15.67396471204899733, -13.13371329365767970, 860.0333601620759509 ) ) ;
#2169 = CARTESIAN_POINT ( 'NONE',  ( -70.16021955816479760, 30.89954261430490234, 784.1337244893330762 ) ) ;
#2170 = CARTESIAN_POINT ( 'NONE',  ( -108.8445663161954116, 56.45833582802139716, 877.1611202856109912 ) ) ;
#2171 = CARTESIAN_POINT ( 'NONE',  ( -140.1021443258540273, 82.11084445678449129, 878.9209195018610217 ) ) ;
#2172 = DIRECTION ( 'NONE',  ( 0.000000000000000000, 0.2992269337142140495, -0.9541819753799530845 ) ) ;
#2173 = CARTESIAN_POINT ( 'NONE',  ( -142.7927943130709991, 78.26819804069990028, 817.6204110468710269 ) ) ;
#2174 = CARTESIAN_POINT ( 'NONE',  ( -26.34547291343695008, -0.9425824545072649663, 898.8893504462040482 ) ) ;
#2175 = CARTESIAN_POINT ( 'NONE',  ( -144.2845760731452174, 76.13771289355528893, 835.9385562427360128 ) ) ;
#2176 = CARTESIAN_POINT ( 'NONE',  ( -38.76377245070129618, 7.143034685642420278, 861.7415572977979537 ) ) ;
#2177 = CARTESIAN_POINT ( 'NONE',  ( 3.035216232012444504, -15.66526394649474874, 823.5053166903569490 ) ) ;
#2178 = CARTESIAN_POINT ( 'NONE',  ( -56.96991936807509660, 16.01942746773325155, 869.0348918008950250 ) ) ;
#2179 = CARTESIAN_POINT ( 'NONE',  ( -143.0039966840765828, 77.96656979552869871, 902.3287122475110209 ) ) ;
#2180 = CARTESIAN_POINT ( 'NONE',  ( -73.75566015456909952, 25.76472129319044768, 806.5968048697679933 ) ) ;
#2181 = VERTEX_POINT ( 'NONE', #2762 ) ;
#2182 = CARTESIAN_POINT ( 'NONE',  ( -73.18246587806339676, 26.58332755665815128, 794.2207006091369976 ) ) ;
#2183 = CARTESIAN_POINT ( 'NONE',  ( -68.11181421302309502, 33.82496862496899581, 830.0886582262800175 ) ) ;
#2184 = CARTESIAN_POINT ( 'NONE',  ( -211.1455687921125275, 131.7490417003247956, 865.2803076157010764 ) ) ;
#2185 = CARTESIAN_POINT ( 'NONE',  ( -73.25799894570349124, 26.47545515666470095, 858.2621862796149799 ) ) ;
#2186 = CARTESIAN_POINT ( 'NONE',  ( -163.5230177519534891, 181.4192007423364998, 928.0965392178150069 ) ) ;
#2187 = CARTESIAN_POINT ( 'NONE',  ( -211.3957504569705179, 131.3917452543350066, 896.9092783278559864 ) ) ;
#2188 = CARTESIAN_POINT ( 'NONE',  ( -132.3385176738705695, 74.33180581950193755, 906.1061836587844027 ) ) ;
#2189 = CARTESIAN_POINT ( 'NONE',  ( -72.69385533620079798, 27.28113572809244758, 788.9194395436020386 ) ) ;
#2190 = CARTESIAN_POINT ( 'NONE',  ( -72.99754751146230092, 26.84741835332969728, 791.8933060759009095 ) ) ;
#2191 = DIRECTION ( 'NONE',  ( -6.403358104949870778E-16, -6.560960761625800054E-09, -1.000000000000000000 ) ) ;
#2192 = CARTESIAN_POINT ( 'NONE',  ( 3.305880049553145295, -15.27871595497675017, 809.3987352442389920 ) ) ;
#2193 = CARTESIAN_POINT ( 'NONE',  ( -210.3443964183685182, 124.0808791167533371, 899.0797447611097368 ) ) ;
#2194 = CARTESIAN_POINT ( 'NONE',  ( -71.19591579524769998, 29.42041509772474583, 907.8068781377189680 ) ) ;
#2195 = CARTESIAN_POINT ( 'NONE',  ( -144.2845760731452174, 76.13771289355528893, 835.9385562427360128 ) ) ;
#2196 = ORIENTED_EDGE ( 'NONE', *, *, #1652, .F. ) ;
#2197 = CARTESIAN_POINT ( 'NONE',  ( -143.5796964708950156, 77.14438529250229237, 822.8784361029629508 ) ) ;
#2198 = CARTESIAN_POINT ( 'NONE',  ( -68.46892751307339609, 33.31495797732119257, 799.8966508143789724 ) ) ;
#2199 = CARTESIAN_POINT ( 'NONE',  ( -211.0378584550600181, 131.9028680034932108, 872.8541623529760045 ) ) ;
#2200 = ORIENTED_EDGE ( 'NONE', *, *, #1974, .T. ) ;
#2201 = CARTESIAN_POINT ( 'NONE',  ( -214.3974881145580014, 127.1048196018886074, 902.2495147726269806 ) ) ;
#2202 = CARTESIAN_POINT ( 'NONE',  ( 2.786639722253720475, -16.02026799342954888, 832.9050382061629989 ) ) ;
#2203 = CARTESIAN_POINT ( 'NONE',  ( -39.90372625377145255, -4.266854834820230202, 871.6745982347021027 ) ) ;
#2204 = CARTESIAN_POINT ( 'NONE',  ( -1.513215935008985102, -22.16109827962809931, 753.3783439421068806 ) ) ;
#2205 = CARTESIAN_POINT ( 'NONE',  ( -3.365608941330175075, -24.80658965930870252, 804.6950097304069232 ) ) ;
#2206 = CARTESIAN_POINT ( 'NONE',  ( -80.62547690411420831, 36.19974048276984746, 870.9000701377740370 ) ) ;
#2207 = EDGE_CURVE ( 'NONE', #2343, #734, #2866, .T. ) ;
#2208 = CARTESIAN_POINT ( 'NONE',  ( -139.6260281355916106, 82.79080884488590186, 838.7290245237650197 ) ) ;
#2209 = CARTESIAN_POINT ( 'NONE',  ( -15.96394959221430021, -4.737543704179249637, 860.9420199753130873 ) ) ;
#2210 = CARTESIAN_POINT ( 'NONE',  ( -2.335674190688114660, -23.33569039810479850, 846.9976463075839774 ) ) ;
#2211 = CARTESIAN_POINT ( 'NONE',  ( -3.230438141295274956, -24.61354575066915018, 814.1017675944219718 ) ) ;
#2212 = ORIENTED_EDGE ( 'NONE', *, *, #2666, .F. ) ;
#2213 = CARTESIAN_POINT ( 'NONE',  ( -143.4012041031232059, 77.39929881175440585, 821.2320837972769141 ) ) ;
#2214 = CARTESIAN_POINT ( 'NONE',  ( -139.5787016432977907, 82.85839808052070055, 842.0790406311100469 ) ) ;
#2215 = CARTESIAN_POINT ( 'NONE',  ( -200.8777301807985225, 120.6390727985650102, 897.3298033088600505 ) ) ;
#2216 = CARTESIAN_POINT ( 'NONE',  ( -211.3957504569705179, 131.3917452543350066, 896.9092783278559864 ) ) ;
#2217 = EDGE_LOOP ( 'NONE', ( #2994, #325, #1304, #1547, #767, #903, #3097, #2785, #1308 ) ) ;
#2218 = CARTESIAN_POINT ( 'NONE',  ( -214.6374178164625164, 126.7621644763555793, 894.2383636223880785 ) ) ;
#2219 = CARTESIAN_POINT ( 'NONE',  ( -81.18546557918961071, 36.84665996772501728, 871.0551865123489961 ) ) ;
#2220 = CARTESIAN_POINT ( 'NONE',  ( -143.8076598242195985, 76.81881988384168380, 825.6424232743779612 ) ) ;
#2221 = EDGE_CURVE ( 'NONE', #1995, #492, #635, .T. ) ;
#2222 = DIRECTION ( 'NONE',  ( -0.000000000000000000, -0.9947206920904226868, -0.1026194169109849591 ) ) ;
#2223 = CARTESIAN_POINT ( 'NONE',  ( -1.268226016421160063, -21.81121641572494951, 752.0743075446000603 ) ) ;
#2224 = CARTESIAN_POINT ( 'NONE',  ( -71.48959088528290806, 29.00100360326159787, 783.3151454787860075 ) ) ;
#2225 = CARTESIAN_POINT ( 'NONE',  ( -45.42039517187162545, 16.01772599866184166, 863.6307010466537122 ) ) ;
#2226 = CARTESIAN_POINT ( 'NONE',  ( -68.07706590992319207, 33.87459434477889886, 826.0611735747470448 ) ) ;
#2227 = CARTESIAN_POINT ( 'NONE',  ( -204.0748655608090019, 123.5050487846479967, 928.0965306210260906 ) ) ;
#2228 = CARTESIAN_POINT ( 'NONE',  ( -214.9212023287765021, 126.3568781907503933, 872.8541623529609979 ) ) ;
#2229 = CARTESIAN_POINT ( 'NONE',  ( -3.380398359958235233, -24.82771113804324870, 785.8764603994650315 ) ) ;
#2230 = CARTESIAN_POINT ( 'NONE',  ( -3.416300187990134685, -24.87898426218539782, 790.5809672639379642 ) ) ;
#2231 = CARTESIAN_POINT ( 'NONE',  ( 3.132828434490474656, -15.52585927409199940, 774.1227220247440073 ) ) ;
#2232 = CARTESIAN_POINT ( 'NONE',  ( 0.07175931073545760430, -19.89751904168254981, 898.5981009540910236 ) ) ;
#2233 = CARTESIAN_POINT ( 'NONE',  ( -140.1021443258540273, 82.11084445678449129, 878.9209195018610217 ) ) ;
#2234 = ORIENTED_EDGE ( 'NONE', *, *, #542, .F. ) ;
#2235 = CARTESIAN_POINT ( 'NONE',  ( -2.335674190688114660, -23.33569039810479850, 846.9976463075839774 ) ) ;
#2236 = EDGE_CURVE ( 'NONE', #1143, #1391, #153, .T. ) ;
#2237 = CARTESIAN_POINT ( 'NONE',  ( -212.1674576172879938, 130.2896332115394102, 918.2587535554340548 ) ) ;
#2238 = CARTESIAN_POINT ( 'NONE',  ( -214.4328537703760276, 127.0543122110252057, 857.0641459396191522 ) ) ;
#2239 = CARTESIAN_POINT ( 'NONE',  ( -200.8068402583039926, 120.7403147774143974, 897.3298025298480525 ) ) ;
#2240 = CARTESIAN_POINT ( 'NONE',  ( -131.8671949219372834, 75.00474128637542037, 883.4972071675040297 ) ) ;
#2241 = CARTESIAN_POINT ( 'NONE',  ( -141.9062681934256034, 79.53428855139640063, 816.1794239721260737 ) ) ;
#2242 = CARTESIAN_POINT ( 'NONE',  ( 0.1124426242604114057, -19.83941724856424926, 749.5127573054589902 ) ) ;
#2243 = CARTESIAN_POINT ( 'NONE',  ( -211.6520365340880119, 131.0257308041435920, 904.9188924165889603 ) ) ;
#2244 = CARTESIAN_POINT ( 'NONE',  ( -46.29645184952359926, 12.05090139732888055, 863.3929661874890371 ) ) ;
#2245 = CARTESIAN_POINT ( 'NONE',  ( -144.3940047971111937, 75.98143247954300250, 842.0790406311150491 ) ) ;
#2246 = CARTESIAN_POINT ( 'NONE',  ( -214.7046265276149768, 126.6661804894879992, 891.5668978736299550 ) ) ;
#2247 = CARTESIAN_POINT ( 'NONE',  ( -133.8912780666754259, 72.11423241559381836, 906.4139255351136626 ) ) ;
#2248 = CARTESIAN_POINT ( 'NONE',  ( -211.2544342561770065, 131.5935657048190137, 891.5668978728020875 ) ) ;
#2249 = FACE_OUTER_BOUND ( 'NONE', #1970, .T. ) ;
#2250 = CARTESIAN_POINT ( 'NONE',  ( -183.9762900284285081, 108.7427231591259869, 893.6121763692259492 ) ) ;
#2251 = CARTESIAN_POINT ( 'NONE',  ( 2.494891614228855303, -16.43692747237605190, 842.3009880612709139 ) ) ;
#2252 = ORIENTED_EDGE ( 'NONE', *, *, #749, .T. ) ;
#2253 = CARTESIAN_POINT ( 'NONE',  ( -72.99279087707189717, 26.85421153125295035, 866.3047283433330676 ) ) ;
#2254 = CARTESIAN_POINT ( 'NONE',  ( -82.17743173941339307, 37.54125785055288844, 871.2728499006344691 ) ) ;
#2255 = CARTESIAN_POINT ( 'NONE',  ( -143.2929483506200086, 77.55390404891041101, 820.4158644909999794 ) ) ;
#2256 = CARTESIAN_POINT ( 'NONE',  ( -35.96067835410890012, 1.785136452036615085, 871.6745981949950419 ) ) ;
#2257 = EDGE_CURVE ( 'NONE', #3141, #133, #2326, .T. ) ;
#2258 = CARTESIAN_POINT ( 'NONE',  ( -33.07920870903370059, 7.147190327672509724, 864.6744241784710994 ) ) ;
#2259 = CARTESIAN_POINT ( 'NONE',  ( -1.382372386768585981, -21.97423432701349810, 752.6280532337590330 ) ) ;
#2260 = EDGE_CURVE ( 'NONE', #915, #1954, #372, .T. ) ;
#2261 = CARTESIAN_POINT ( 'NONE',  ( -141.5733431137043965, 80.00975484039460639, 816.5699116640079183 ) ) ;
#2262 = CARTESIAN_POINT ( 'NONE',  ( -199.7076305701205001, 119.4706401680929986, 906.3844956617080015 ) ) ;
#2263 = CARTESIAN_POINT ( 'NONE',  ( -55.86137622109399814, 18.74833351397305137, 865.4939699178729597 ) ) ;
#2264 = CARTESIAN_POINT ( 'NONE',  ( -3.313958165326104766, -24.73282470651179921, 781.1729475034478583 ) ) ;
#2265 = CARTESIAN_POINT ( 'NONE',  ( -193.3607006353815052, 112.2743474993554003, 898.0628475915069657 ) ) ;
#2266 = CARTESIAN_POINT ( 'NONE',  ( -211.1434844961740112, 131.7520183834151908, 886.2223378906450080 ) ) ;
#2267 = CARTESIAN_POINT ( 'NONE',  ( -108.7854851170634021, 56.53865793018499630, 877.1740496749839622 ) ) ;
#2268 = LINE ( 'NONE', #85, #2155 ) ;
#2269 = VERTEX_POINT ( 'NONE', #2339 ) ;
#2270 = CARTESIAN_POINT ( 'NONE',  ( -125.7758391858636031, 68.31372767013751002, 880.8734930828538836 ) ) ;
#2271 = CARTESIAN_POINT ( 'NONE',  ( -142.9707003705862007, 78.01412185927240728, 818.3982348205339576 ) ) ;
#2272 = CARTESIAN_POINT ( 'NONE',  ( -132.6799285744448298, 73.84402679664724189, 882.5564040131482670 ) ) ;
#2273 = B_SPLINE_CURVE_WITH_KNOTS ( 'NONE', 3,
 ( #2072, #3054, #888, #2853 ),
 .UNSPECIFIED., .F., .F.,
 ( 4, 4 ),
 ( 0.9358918562490929904, 0.9818836396741209560 ),
 .UNSPECIFIED. ) ;
#2274 = CARTESIAN_POINT ( 'NONE',  ( -131.6121355751918429, 75.36875283750069343, 884.2668332764673096 ) ) ;
#2275 = CARTESIAN_POINT ( 'NONE',  ( -212.9156236022684823, 129.2211414513765817, 849.5127573054589902 ) ) ;
#2276 = CARTESIAN_POINT ( 'NONE',  ( -1.834429621144104905, -22.61983896522025006, 755.4607392153019418 ) ) ;
#2277 = AXIS2_PLACEMENT_3D ( 'NONE', #2863, #2367, #2624 ) ;
#2278 = CARTESIAN_POINT ( 'NONE',  ( -70.93174252725189888, 29.79769362384755027, 910.4808309078060802 ) ) ;
#2279 = LINE ( 'NONE', #555, #671 ) ;
#2280 = CARTESIAN_POINT ( 'NONE',  ( -147.9168874188752056, 80.18962812063239198, 888.2964176599739403 ) ) ;
#2281 = CARTESIAN_POINT ( 'NONE',  ( -212.4061996458680142, 129.9486742592964106, 923.5905908014400438 ) ) ;
#2282 = CARTESIAN_POINT ( 'NONE',  ( -109.6459295594239904, 57.14114760852420005, 877.3626033135750504 ) ) ;
#2283 = CARTESIAN_POINT ( 'NONE',  ( -27.78281797780712736, -2.995475102411142565, 880.9067808472582328 ) ) ;
#2284 = VERTEX_POINT ( 'NONE', #1345 ) ;
#2285 = CARTESIAN_POINT ( 'NONE',  ( -69.18444834754880901, 32.29308832378264782, 871.6649680450850610 ) ) ;
#2286 = CARTESIAN_POINT ( 'NONE',  ( -2.691914781973935078, -23.84445468847030014, 764.7453133240700254 ) ) ;
#2287 = ORIENTED_EDGE ( 'NONE', *, *, #36, .T. ) ;
#2288 = CARTESIAN_POINT ( 'NONE',  ( -131.4992159727841852, 75.53028629869930910, 885.5194638638689639 ) ) ;
#2289 = CARTESIAN_POINT ( 'NONE',  ( -141.4520312683619920, 82.44555862506400956, 887.6135210517350060 ) ) ;
#2290 = CARTESIAN_POINT ( 'NONE',  ( -141.7517963280143931, 79.75489723808098574, 816.2871264268939058 ) ) ;
#2291 = CARTESIAN_POINT ( 'NONE',  ( -1.382372386768585981, -21.97423432701349810, 752.6280532337590330 ) ) ;
#2292 = ADVANCED_FACE ( 'NONE', ( #392 ), #2111, .F. ) ;
#2293 = CARTESIAN_POINT ( 'NONE',  ( -140.3227988768842067, 81.79571709955220626, 885.6118103777610031 ) ) ;
#2294 = CARTESIAN_POINT ( 'NONE',  ( -196.3931283631789881, 117.5572303994477892, 896.3510820205830214 ) ) ;
#2295 = CARTESIAN_POINT ( 'NONE',  ( -189.0174938777780085, 112.7177148468043839, 894.7771997364360459 ) ) ;
#2296 = CARTESIAN_POINT ( 'NONE',  ( -211.1006191684425062, 131.8132364157731899, 883.5493426762910758 ) ) ;
#2297 = CARTESIAN_POINT ( 'NONE',  ( -152.7710950486939794, 86.36024908052550586, 919.5712076909109101 ) ) ;
#2298 = DIRECTION ( 'NONE',  ( -0.8062139315781648996, 0.5645170692166490145, 0.1770298706216650031 ) ) ;
#2299 = ORIENTED_EDGE ( 'NONE', *, *, #1641, .F. ) ;
#2300 = B_SPLINE_CURVE_WITH_KNOTS ( 'NONE', 3,
 ( #2391, #2911, #1864, #938, #1659 ),
 .UNSPECIFIED., .F., .F.,
 ( 4, 1, 4 ),
 ( 3.632077318548865174E-11, 0.004735459519298799297, 0.007016304770937190072 ),
 .UNSPECIFIED. ) ;
#2301 = FACE_OUTER_BOUND ( 'NONE', #2217, .T. ) ;
#2302 = CARTESIAN_POINT ( 'NONE',  ( -71.27511400887470927, 29.30730832679564912, 782.9757322507879280 ) ) ;
#2303 = VERTEX_POINT ( 'NONE', #1883 ) ;
#2304 = DIRECTION ( 'NONE',  ( -0.8062139315781570170, 0.5645170692166597837, 0.1770298706216657803 ) ) ;
#2305 = ADVANCED_BREP_SHAPE_REPRESENTATION ( 'RUDDER', ( #359, #2468, #934 ), #1898 ) ;
#2306 = CARTESIAN_POINT ( 'NONE',  ( -134.1447795442242636, 71.75223298263153993, 883.0890233502229876 ) ) ;
#2307 = CARTESIAN_POINT ( 'NONE',  ( -211.4494882497510275, 131.3149997326892162, 858.1703062687950023 ) ) ;
#2308 = CARTESIAN_POINT ( 'NONE',  ( 1.132305844306396025, -18.38290162370600100, 751.5356442139880073 ) ) ;
#2309 = CARTESIAN_POINT ( 'NONE',  ( -18.49737531369765264, -7.226860431348160141, 857.2657092533410150 ) ) ;
#2310 = CARTESIAN_POINT ( 'NONE',  ( -180.9721356477614904, 103.5248290007610024, 895.3729575824729636 ) ) ;
#2311 = CARTESIAN_POINT ( 'NONE',  ( -141.8176863923845872, 79.66079647398649399, 920.1389988083379876 ) ) ;
#2312 = VECTOR ( 'NONE', #2720, 1000.000000000000114 ) ;
#2313 = CARTESIAN_POINT ( 'NONE',  ( -132.3852948075449092, 74.26495926392519209, 907.1897895942554442 ) ) ;
#2314 = EDGE_CURVE ( 'NONE', #1844, #338, #2353, .T. ) ;
#2315 = ORIENTED_EDGE ( 'NONE', *, *, #331, .F. ) ;
#2316 = VERTEX_POINT ( 'NONE', #673 ) ;
#2317 = VECTOR ( 'NONE', #3009, 1000.000000000000000 ) ;
#2318 = CARTESIAN_POINT ( 'NONE',  ( -213.7916031682230198, 127.9701129803113844, 918.2587535237199745 ) ) ;
#2319 = CARTESIAN_POINT ( 'NONE',  ( -212.9156236022684823, 129.2211414513765817, 849.5127573054589902 ) ) ;
#2320 = ORIENTED_EDGE ( 'NONE', *, *, #281, .F. ) ;
#2321 = CARTESIAN_POINT ( 'NONE',  ( -131.6748546630495014, 75.27943575155863698, 884.0090759378714438 ) ) ;
#2322 = CARTESIAN_POINT ( 'NONE',  ( -37.39572543300279506, 2.195174778739410026, 864.6751722227625123 ) ) ;
#2323 = CARTESIAN_POINT ( 'NONE',  ( -69.80981571834969657, 31.39997115969180186, 785.5131440271469501 ) ) ;
#2324 = CARTESIAN_POINT ( 'NONE',  ( -141.4224043751100055, 80.22531769905839383, 816.8965474350100067 ) ) ;
#2325 = CARTESIAN_POINT ( 'NONE',  ( -15.96394959221430021, -4.737543704179249637, 860.9420199753130873 ) ) ;
#2326 = LINE ( 'NONE', #646, #1710 ) ;
#2327 = CARTESIAN_POINT ( 'NONE',  ( -3.139927754348564637, -24.48428352196174629, 818.8039913659490594 ) ) ;
#2328 = CARTESIAN_POINT ( 'NONE',  ( -28.51031909835824152, -4.034611744941501321, 861.9277990576493949 ) ) ;
#2329 = EDGE_LOOP ( 'NONE', ( #1564, #12, #2104, #1069 ) ) ;
#2330 = CARTESIAN_POINT ( 'NONE',  ( -211.8505079137355267, 130.7422842989030016, 853.5447280509520169 ) ) ;
#2331 = CARTESIAN_POINT ( 'NONE',  ( -124.4993196694460096, 66.80913847308059417, 880.5424522580530038 ) ) ;
#2332 = CARTESIAN_POINT ( 'NONE',  ( -212.3360211139834917, 130.0488995897240159, 850.6627944633120251 ) ) ;
#2333 = DIRECTION ( 'NONE',  ( 0.000000000000000000, 0.2992269337142184349, -0.9541819753799517523 ) ) ;
#2334 = EDGE_CURVE ( 'NONE', #2539, #2905, #2081, .T. ) ;
#2335 = CARTESIAN_POINT ( 'NONE',  ( -134.3882757262313703, 71.40446277560540977, 883.5298461293403989 ) ) ;
#2336 = CARTESIAN_POINT ( 'NONE',  ( 1.382374633031004052, -18.02576638154049959, 752.6280532337600562 ) ) ;
#2337 = CARTESIAN_POINT ( 'NONE',  ( -68.98880458552189054, 32.57249657255304953, 791.8933060759009095 ) ) ;
#2338 = CARTESIAN_POINT ( 'NONE',  ( -192.2459275712465114, 114.6698402911972039, 895.4421357445270360 ) ) ;
#2339 = CARTESIAN_POINT ( 'NONE',  ( -28.52686137915940279, -4.058228977739434917, 862.8608046763099537 ) ) ;
#2340 = CARTESIAN_POINT ( 'NONE',  ( -2.645435776920375126, -23.77807579004770133, 837.6034530560610847 ) ) ;
#2341 = CARTESIAN_POINT ( 'NONE',  ( -203.1957690709095061, 122.2830476276133993, 897.8409550344010768 ) ) ;
#2342 = FACE_OUTER_BOUND ( 'NONE', #1873, .T. ) ;
#2343 = VERTEX_POINT ( 'NONE', #3079 ) ;
#2344 = CARTESIAN_POINT ( 'NONE',  ( -212.2584723136424998, 130.1596507543563916, 850.9684581342299907 ) ) ;
#2345 = CARTESIAN_POINT ( 'NONE',  ( -160.0312726922134914, 178.9740089508930225, 897.3293295888709054 ) ) ;
#2346 = CARTESIAN_POINT ( 'NONE',  ( -212.7923545598865189, 129.3971878885473927, 849.5985206030020436 ) ) ;
#2347 = ORIENTED_EDGE ( 'NONE', *, *, #454, .F. ) ;
#2348 = CARTESIAN_POINT ( 'NONE',  ( -131.3795553763775956, 68.52067905099050904, 884.8064789404169233 ) ) ;
#2349 = CARTESIAN_POINT ( 'NONE',  ( -53.33204659386309743, 21.21484119718184758, 869.0348943972969664 ) ) ;
#2350 = CARTESIAN_POINT ( 'NONE',  ( -69.56676337616529793, 31.74708587771619861, 786.9630249103829556 ) ) ;
#2351 = CARTESIAN_POINT ( 'NONE',  ( -14.34647133976192102, -10.10896691160206018, 856.3567624105179448 ) ) ;
#2352 = EDGE_CURVE ( 'NONE', #2181, #51, #1355, .T. ) ;
#2353 = LINE ( 'NONE', #1140, #2532 ) ;
#2354 = CARTESIAN_POINT ( 'NONE',  ( -214.8584416154030237, 126.4465097784559759, 883.5493426760999682 ) ) ;
#2355 = CARTESIAN_POINT ( 'NONE',  ( -172.1329738969750167, 99.91772706713919661, 922.7530539956270559 ) ) ;
#2356 = PRESENTATION_STYLE_ASSIGNMENT (( #1348 ) ) ;
#2357 = AXIS2_PLACEMENT_3D ( 'NONE', #2203, #1482, #1711 ) ;
#2358 = VERTEX_POINT ( 'NONE', #2565 ) ;
#2359 = CARTESIAN_POINT ( 'NONE',  ( -71.48959088528290806, 29.00100360326159787, 783.3151454787860075 ) ) ;
#2360 = CARTESIAN_POINT ( 'NONE',  ( -143.4911057275594146, 77.27090598601310489, 890.0711930883750256 ) ) ;
#2361 = CARTESIAN_POINT ( 'NONE',  ( -69.17807776111840212, 32.30218646409559824, 789.9065715302249373 ) ) ;
#2362 = CARTESIAN_POINT ( 'NONE',  ( -49.38027499333730219, 10.36242252792057883, 863.6307475389853607 ) ) ;
#2363 = PRODUCT_DEFINITION_FORMATION_WITH_SPECIFIED_SOURCE ( 'ANY', '', #2136, .NOT_KNOWN. ) ;
#2364 = CARTESIAN_POINT ( 'NONE',  ( -118.1636749893909979, 66.26425507666310466, 882.7164885451079499 ) ) ;
#2365 = CARTESIAN_POINT ( 'NONE',  ( -69.42266311111170296, 31.95288238402414649, 787.9383018531509606 ) ) ;
#2366 = CARTESIAN_POINT ( 'NONE',  ( -131.4992159727841852, 75.53028629869930910, 885.5194638638689639 ) ) ;
#2367 = DIRECTION ( 'NONE',  ( 0.8191525623785718135, -0.5735756964225140475, 4.695530338705349661E-06 ) ) ;
#2368 = CARTESIAN_POINT ( 'NONE',  ( -142.1550200344045720, 79.17903410552879961, 920.1389990660710509 ) ) ;
#2369 = PLANE ( 'NONE',  #1640 ) ;
#2370 = CARTESIAN_POINT ( 'NONE',  ( -107.7992423702097966, 55.11569427739500071, 886.2030904108380582 ) ) ;
#2371 = PLANE ( 'NONE',  #836 ) ;
#2372 = VERTEX_POINT ( 'NONE', #2837 ) ;
#2373 = CARTESIAN_POINT ( 'NONE',  ( -212.6499250193099897, 129.6005983530236279, 849.8246778492299427 ) ) ;
#2374 = CARTESIAN_POINT ( 'NONE',  ( -68.31111623048329307, 33.54033584599359585, 803.9151570363179644 ) ) ;
#2375 = CARTESIAN_POINT ( 'NONE',  ( -171.6200347090594960, 100.0753294135201941, 890.8973741773111215 ) ) ;
#2376 = CARTESIAN_POINT ( 'NONE',  ( -45.02572784231080050, 15.44448740436784995, 867.2569679561939893 ) ) ;
#2377 = CARTESIAN_POINT ( 'NONE',  ( 3.230440387728939822, -15.38645495764030002, 814.1017675945280416 ) ) ;
#2378 = DIRECTION ( 'NONE',  ( -0.1450182577416639917, 0.1015346249225079767, -0.9842054789846569340 ) ) ;
#2379 = CARTESIAN_POINT ( 'NONE',  ( -35.76177788827639858, 1.648460476504170158, 871.6745981958920311 ) ) ;
#2380 = CARTESIAN_POINT ( 'NONE',  ( -3.406196767738889797, -24.86455508269230208, 799.9906555251290001 ) ) ;
#2381 = CARTESIAN_POINT ( 'NONE',  ( -38.58715469396380371, 7.385258177849830297, 861.7734593612281060 ) ) ;
#2382 = CARTESIAN_POINT ( 'NONE',  ( -14.20134219100086170, -9.901695882924499870, 856.3567612012710697 ) ) ;
#2383 = CARTESIAN_POINT ( 'NONE',  ( -62.71487220676188912, 23.30274156075015313, 904.7718562210650362 ) ) ;
#2384 = ORIENTED_EDGE ( 'NONE', *, *, #1082, .F. ) ;
#2385 = EDGE_CURVE ( 'NONE', #2905, #577, #71, .T. ) ;
#2386 = CARTESIAN_POINT ( 'NONE',  ( -70.02380314179019649, 31.09436544743735098, 784.5780276304300287 ) ) ;
#2387 = CARTESIAN_POINT ( 'NONE',  ( -140.2503841462672085, 81.89913605274179531, 824.5353737206800133 ) ) ;
#2388 = EDGE_CURVE ( 'NONE', #2303, #1844, #1386, .T. ) ;
#2389 = CARTESIAN_POINT ( 'NONE',  ( -82.39794651355434496, 33.68262743239974810, 870.9015599962705210 ) ) ;
#2390 = CARTESIAN_POINT ( 'NONE',  ( 0.7918901761945780216, -18.86906558158365144, 750.5201798300380460 ) ) ;
#2391 = CARTESIAN_POINT ( 'NONE',  ( -32.30002736559109877, 6.592352547005999597, 864.6745981634560394 ) ) ;
#2392 = CARTESIAN_POINT ( 'NONE',  ( -68.30502851539030473, 33.54903000416924641, 842.1676176909029437 ) ) ;
#2393 = FACE_OUTER_BOUND ( 'NONE', #1532, .T. ) ;
#2394 = CARTESIAN_POINT ( 'NONE',  ( -142.6793484735449908, 78.43021549029140260, 817.2507361314638956 ) ) ;
#2395 = CARTESIAN_POINT ( 'NONE',  ( -73.90928618706350051, 25.54532058110029880, 826.0611735747420425 ) ) ;
#2396 = CARTESIAN_POINT ( 'NONE',  ( -81.76564243395539222, 33.51678189785825168, 874.3358956828540158 ) ) ;
#2397 = CARTESIAN_POINT ( 'NONE',  ( 3.380400606398760388, -15.17228957025640135, 785.8764603994700337 ) ) ;
#2398 = CARTESIAN_POINT ( 'NONE',  ( -173.2014531120595677, 97.83181320822987459, 890.8989388562440581 ) ) ;
#2399 = CARTESIAN_POINT ( 'NONE',  ( -214.4831252832700272, 126.9825170500893989, 899.5796527267219744 ) ) ;
#2400 = ORIENTED_EDGE ( 'NONE', *, *, #1985, .F. ) ;
#2401 = CARTESIAN_POINT ( 'NONE',  ( -3.132826188049880223, -24.47414143420749966, 774.1227220247469631 ) ) ;
#2402 = CARTESIAN_POINT ( 'NONE',  ( -211.1990055604304928, 131.6727260861649711, 863.5000270594649692 ) ) ;
#2403 = CARTESIAN_POINT ( 'NONE',  ( -211.1990055604304928, 131.6727260861649711, 863.5000270594649692 ) ) ;
#2404 = B_SPLINE_CURVE_WITH_KNOTS ( 'NONE', 3,
 ( #429, #3102, #2170, #1894 ),
 .UNSPECIFIED., .F., .F.,
 ( 4, 4 ),
 ( 9.711325103415290039E-05, 0.0003981145070919054978 ),
 .UNSPECIFIED. ) ;
#2405 = CARTESIAN_POINT ( 'NONE',  ( -80.38604730306430213, 36.54168908061804899, 870.9000680640499468 ) ) ;
#2406 = CARTESIAN_POINT ( 'NONE',  ( -212.1192429393655061, 130.3584909077094096, 851.7099731832508951 ) ) ;
#2407 = DIRECTION ( 'NONE',  ( 0.1450182577415939644, -0.1015346249226064534, 0.9842054789846570451 ) ) ;
#2408 = CARTESIAN_POINT ( 'NONE',  ( -68.22753457357211460, 33.65970282271155156, 838.1419576932340760 ) ) ;
#2409 = B_SPLINE_CURVE_WITH_KNOTS ( 'NONE', 3,
 ( #528, #3027, #832, #1803, #53, #1502, #510, #2219, #1009, #1978, #1278, #1997, #2254, #292, #787, #2737, #1117, #652 ),
 .UNSPECIFIED., .F., .F.,
 ( 4, 2, 1, 1, 1, 1, 1, 1, 1, 1, 2, 2, 4 ),
 ( 0.000000000000000000, 0.2500000000001202927, 0.3750000000001809108, 0.4375000000002111644, 0.4687500000002265410, 0.4843750000002343681, 0.4921875000002379763, 0.4960937500002398082, 0.4980468750002410294, 0.4990234375002415845, 0.4995117187502415845, 0.5000000000002415845, 1.000000000000000000 ),
 .UNSPECIFIED. ) ;
#2410 = CARTESIAN_POINT ( 'NONE',  ( -37.67857930614700024, 2.397877897767279887, 864.7984805183990602 ) ) ;
#2411 = CARTESIAN_POINT ( 'NONE',  ( -0.9729166022832930194, -21.38947086455180013, 751.0167128472049853 ) ) ;
#2412 = B_SPLINE_CURVE_WITH_KNOTS ( 'NONE', 3,
 ( #301, #825, #1782, #1796 ),
 .UNSPECIFIED., .F., .F.,
 ( 4, 4 ),
 ( 0.9028793679522240101, 0.9650833896610210294 ),
 .UNSPECIFIED. ) ;
#2413 = DIRECTION ( 'NONE',  ( -0.000000000000000000, -0.9970323995562365704, -0.07698307758938444101 ) ) ;
#2414 = CARTESIAN_POINT ( 'NONE',  ( -3.132826188049880223, -24.47414143420749966, 774.1227220247469631 ) ) ;
#2415 = CARTESIAN_POINT ( 'NONE',  ( -25.06720288819349562, 0.8826667507939941482, 860.6439337171647139 ) ) ;
#2416 = CARTESIAN_POINT ( 'NONE',  ( -68.39466726405069608, 33.42101260394315432, 846.1925104178388892 ) ) ;
#2417 = CARTESIAN_POINT ( 'NONE',  ( -36.31619407702230262, 1.441205441367156004, 864.5655110355500028 ) ) ;
#2418 = CARTESIAN_POINT ( 'NONE',  ( -144.3834668265945993, 75.99648226113120586, 855.4823067221689143 ) ) ;
#2419 = CARTESIAN_POINT ( 'NONE',  ( -214.6374178164625164, 126.7621644763555793, 894.2383636223880785 ) ) ;
#2420 = ORIENTED_EDGE ( 'NONE', *, *, #418, .T. ) ;
#2421 = CARTESIAN_POINT ( 'NONE',  ( -73.91793423491888859, 25.53296988879319684, 818.0053656269450357 ) ) ;
#2422 = CARTESIAN_POINT ( 'NONE',  ( 2.341272334467070060, -16.65631854056499961, 760.0804356895570209 ) ) ;
#2423 = CARTESIAN_POINT ( 'NONE',  ( 2.341272334467070060, -16.65631854056499961, 760.0804356895570209 ) ) ;
#2424 = AXIS2_PLACEMENT_3D ( 'NONE', #1583, #627, #642 ) ;
#2425 = CARTESIAN_POINT ( 'NONE',  ( -144.0639442490153783, 76.45280779341059940, 872.2274645212779660 ) ) ;
#2426 = CARTESIAN_POINT ( 'NONE',  ( -34.53782827500122465, 4.184487786664741193, 860.8131536524239209 ) ) ;
#2427 = CARTESIAN_POINT ( 'NONE',  ( -211.0960224092710007, 131.8198012682225908, 867.5070630339249647 ) ) ;
#2428 = FACE_OUTER_BOUND ( 'NONE', #1042, .T. ) ;
#2429 = CARTESIAN_POINT ( 'NONE',  ( -2.691914781973935078, -23.84445468847030014, 764.7453133240700254 ) ) ;
#2430 = CARTESIAN_POINT ( 'NONE',  ( -73.29780069934460585, 26.41861236153719972, 795.8869776389780100 ) ) ;
#2431 = CARTESIAN_POINT ( 'NONE',  ( -38.59953140588029896, 3.052998151480275091, 865.0612853983039940 ) ) ;
#2432 = CARTESIAN_POINT ( 'NONE',  ( -140.0016203972290043, 82.25440750508019505, 875.5745316206250664 ) ) ;
#2433 = CARTESIAN_POINT ( 'NONE',  ( -148.4328860954292963, 80.33086979112961501, 885.4439334970226128 ) ) ;
#2434 = CARTESIAN_POINT ( 'NONE',  ( -1.815048441972070048, -22.59215977281739995, 861.0829855956179699 ) ) ;
#2435 = CARTESIAN_POINT ( 'NONE',  ( -73.12908895018810540, 26.65955770980924910, 862.2838302956810139 ) ) ;
#2436 = VERTEX_POINT ( 'NONE', #1111 ) ;
#2437 = CARTESIAN_POINT ( 'NONE',  ( -2.341270088024100193, -23.34368216773114924, 760.0804356895570209 ) ) ;
#2438 = CARTESIAN_POINT ( 'NONE',  ( -140.3930099695072045, 81.69544526757059089, 822.8784361029639740 ) ) ;
#2439 = CARTESIAN_POINT ( 'NONE',  ( -69.07798701901239724, 32.44513085792649321, 790.8983764812750223 ) ) ;
#2440 = ORIENTED_EDGE ( 'NONE', *, *, #563, .F. ) ;
#2441 = CARTESIAN_POINT ( 'NONE',  ( -0.2368115560908974904, -20.33820391007930439, 895.4747572093669987 ) ) ;
#2442 = CARTESIAN_POINT ( 'NONE',  ( 3.424374528660760308, -15.10948830082929994, 795.2858572951120095 ) ) ;
#2443 = ADVANCED_FACE ( 'NONE', ( #631 ), #1416, .F. ) ;
#2444 = PLANE ( 'NONE',  #524 ) ;
#2445 = CARTESIAN_POINT ( 'NONE',  ( -143.5796964708950156, 77.14438529250229237, 822.8784361029629508 ) ) ;
#2446 = CARTESIAN_POINT ( 'NONE',  ( -3.313958165326104766, -24.73282470651179921, 781.1729475034478583 ) ) ;
#2447 = CARTESIAN_POINT ( 'NONE',  ( -178.2675878963507046, 108.2164750996106477, 892.7167348607316626 ) ) ;
#2448 = CARTESIAN_POINT ( 'NONE',  ( 2.645438023459219856, -16.22192491811150106, 837.6034530541920731 ) ) ;
#2449 = CARTESIAN_POINT ( 'NONE',  ( -38.93130900453834897, 6.893772867104719815, 861.7734559056110584 ) ) ;
#2450 = CARTESIAN_POINT ( 'NONE',  ( -144.2227194088520150, 76.22605336536980758, 865.5312440156620823 ) ) ;
#2451 = CARTESIAN_POINT ( 'NONE',  ( -73.25799894570349124, 26.47545515666470095, 858.2621862796149799 ) ) ;
#2452 = EDGE_LOOP ( 'NONE', ( #2384, #2577, #2766, #3029 ) ) ;
#2453 = CARTESIAN_POINT ( 'NONE',  ( -214.5095725340860042, 126.9447464615522136, 858.1703062687960255 ) ) ;
#2454 = CARTESIAN_POINT ( 'NONE',  ( -211.0960224092710007, 131.8198012682225908, 867.5070630339249647 ) ) ;
#2455 = CARTESIAN_POINT ( 'NONE',  ( -70.93174252725189888, 29.79769362384755027, 910.4808309078060802 ) ) ;
#2456 = EDGE_CURVE ( 'NONE', #2735, #2941, #55, .T. ) ;
#2457 = CARTESIAN_POINT ( 'NONE',  ( -211.2544342561770065, 131.5935657048190137, 891.5668978728020875 ) ) ;
#2458 = VERTEX_POINT ( 'NONE', #566 ) ;
#2459 = CARTESIAN_POINT ( 'NONE',  ( -73.87453788396240384, 25.59494630091124989, 830.0886582262879756 ) ) ;
#2460 = CARTESIAN_POINT ( 'NONE',  ( -212.9387462032265148, 129.1881189549078215, 934.2462908152369891 ) ) ;
#2461 = AXIS2_PLACEMENT_3D ( 'NONE', #333, #1249, #2520 ) ;
#2462 = LINE ( 'NONE', #277, #2312 ) ;
#2463 = CARTESIAN_POINT ( 'NONE',  ( -2.120149864900135128, -23.02788976182630165, 757.7598091910759877 ) ) ;
#2464 = CARTESIAN_POINT ( 'NONE',  ( -143.0642838748404131, 77.88047076420708947, 818.9327634362028903 ) ) ;
#2465 = CARTESIAN_POINT ( 'NONE',  ( -30.94799784071415161, 1.422462831017615725, 859.9925518052770030 ) ) ;
#2466 = STYLED_ITEM ( 'NONE', ( #2356 ), #359 ) ;
#2467 = CARTESIAN_POINT ( 'NONE',  ( -211.1949455477655135, 131.6785243851601876, 888.8948703411599581 ) ) ;
#2468 = MANIFOLD_SOLID_BREP ( 'NONE', #678 ) ;
#2469 = CARTESIAN_POINT ( 'NONE',  ( -38.82050150648122866, 7.060027125258212521, 861.7479122269837717 ) ) ;
#2470 = CARTESIAN_POINT ( 'NONE',  ( -73.92484546493858488, 25.52309962941630062, 822.0333090947120809 ) ) ;
#2471 = CARTESIAN_POINT ( 'NONE',  ( -73.37886175955610213, 26.30284516997184951, 854.2397849122789921 ) ) ;
#2472 = AXIS2_PLACEMENT_3D ( 'NONE', #1369, #918, #1891 ) ;
#2473 = CARTESIAN_POINT ( 'NONE',  ( -214.1085528700454859, 127.5174618954162185, 853.5447280509511074 ) ) ;
#2474 = CARTESIAN_POINT ( 'NONE',  ( -211.5262070134544956, 131.2054339832250207, 857.0641459396191522 ) ) ;
#2475 = CARTESIAN_POINT ( 'NONE',  ( -69.76996189972729212, 31.45688831131864660, 886.3986710218790677 ) ) ;
#2476 = CARTESIAN_POINT ( 'NONE',  ( -139.6317860957771870, 82.78258562552319688, 858.8324735322739798 ) ) ;
#2477 = ORIENTED_EDGE ( 'NONE', *, *, #2257, .T. ) ;
#2478 = CARTESIAN_POINT ( 'NONE',  ( -73.49047068156829710, 26.14345111046564796, 850.2165654201679672 ) ) ;
#2479 = CARTESIAN_POINT ( 'NONE',  ( -70.93174252725189888, 29.79769362384755027, 910.4808309078060802 ) ) ;
#2480 = CARTESIAN_POINT ( 'NONE',  ( -214.1845232778095180, 127.4089649089978025, 854.2000962085229503 ) ) ;
#2481 = CARTESIAN_POINT ( 'NONE',  ( -131.4992159727841852, 75.53028629869930910, 885.5194638638689639 ) ) ;
#2482 = CARTESIAN_POINT ( 'NONE',  ( -72.28874990492469976, 27.85968624228949864, 786.1555536891548854 ) ) ;
#2483 = CARTESIAN_POINT ( 'NONE',  ( -213.7005884698095031, 128.1000954404366041, 850.9684581342289675 ) ) ;
#2484 = CARTESIAN_POINT ( 'NONE',  ( -144.7380046256353978, 84.72953432291730280, 888.2964160846219102 ) ) ;
#2485 = CARTESIAN_POINT ( 'NONE',  ( -69.43928278596099801, 31.92914702851494368, 878.3634468978600580 ) ) ;
#2486 = CARTESIAN_POINT ( 'NONE',  ( -125.8918333219580035, 68.15035765584610772, 880.8662009389020113 ) ) ;
#2487 = CARTESIAN_POINT ( 'NONE',  ( -214.9257918303709971, 126.3503237031957980, 875.5282126939299587 ) ) ;
#2488 = CARTESIAN_POINT ( 'NONE',  ( -3.365608941330175075, -24.80658965930870252, 804.6950097304069232 ) ) ;
#2489 = CARTESIAN_POINT ( 'NONE',  ( -200.6952738244449961, 120.8945843870749997, 897.3459500045569257 ) ) ;
#2490 = CARTESIAN_POINT ( 'NONE',  ( -141.9352443652392139, 79.49290628937760061, 922.3635608615219326 ) ) ;
#2491 = CARTESIAN_POINT ( 'NONE',  ( -33.64894579858861334, 7.550845842747250458, 864.6745981571666562 ) ) ;
#2492 = B_SPLINE_CURVE_WITH_KNOTS ( 'NONE', 3,
 ( #2611, #1182, #692, #7, #2396, #1633, #2142, #1665, #2431, #3137 ),
 .UNSPECIFIED., .F., .F.,
 ( 4, 2, 2, 2, 4 ),
 ( 0.3936216496400780085, 0.5038109192136249748, 0.7784796826194059216, 0.9158140643222958399, 0.9311667580844109615 ),
 .UNSPECIFIED. ) ;
#2493 = CARTESIAN_POINT ( 'NONE',  ( -27.54036737881302344, -2.649175345442496443, 886.2511948292373063 ) ) ;
#2494 = CARTESIAN_POINT ( 'NONE',  ( -68.22753457357211460, 33.65970282271155156, 838.1419576932340760 ) ) ;
#2495 = EDGE_CURVE ( 'NONE', #1219, #2538, #2964, .T. ) ;
#2496 = ORIENTED_EDGE ( 'NONE', *, *, #3023, .T. ) ;
#2497 = CARTESIAN_POINT ( 'NONE',  ( -214.1803077050205104, 127.4149853708730120, 908.4774181441999872 ) ) ;
#2498 = EDGE_CURVE ( 'NONE', #1131, #2316, #1121, .T. ) ;
#2499 = CARTESIAN_POINT ( 'NONE',  ( -204.7530093497931603, 122.5363122209887621, 898.1687624878234146 ) ) ;
#2500 = CARTESIAN_POINT ( 'NONE',  ( -142.5503020655689852, 78.61451286062029453, 816.8965474350100067 ) ) ;
#2501 =( NAMED_UNIT ( * ) SI_UNIT ( $, .STERADIAN. ) SOLID_ANGLE_UNIT ( ) );
#2502 = CARTESIAN_POINT ( 'NONE',  ( -107.4550970977995945, 55.60718591665420263, 886.2030864192220179 ) ) ;
#2503 = CARTESIAN_POINT ( 'NONE',  ( -141.5733431137043965, 80.00975484039460639, 816.5699116640079183 ) ) ;
#2504 = CARTESIAN_POINT ( 'NONE',  ( -1.268226016421160063, -21.81121641572494951, 752.0743075446000603 ) ) ;
#2505 = CARTESIAN_POINT ( 'NONE',  ( -68.85726314690208483, 32.76035721592170091, 862.2838302976779232 ) ) ;
#2506 = CARTESIAN_POINT ( 'NONE',  ( -45.02572784231080050, 15.44448740436784995, 867.2569679561939893 ) ) ;
#2507 = CARTESIAN_POINT ( 'NONE',  ( -214.7600552234034978, 126.5870201080805941, 863.5000270594659924 ) ) ;
#2508 = CARTESIAN_POINT ( 'NONE',  ( -81.76564243395539222, 33.51678189785825168, 874.3358956828540158 ) ) ;
#2509 = CARTESIAN_POINT ( 'NONE',  ( 2.786639722253720475, -16.02026799342954888, 832.9050382061629989 ) ) ;
#2510 = CARTESIAN_POINT ( 'NONE',  ( -212.9387462032265148, 129.1881189549078215, 934.2462908152369891 ) ) ;
#2511 = CARTESIAN_POINT ( 'NONE',  ( -54.18921977692379954, 18.31001729098550257, 874.5068715545089617 ) ) ;
#2512 = EDGE_LOOP ( 'NONE', ( #730, #1739, #2557, #830, #1102, #622, #3083, #2780, #2800 ) ) ;
#2513 = CARTESIAN_POINT ( 'NONE',  ( 1.008807999015247869, -18.55927482529549977, 879.8498067889948970 ) ) ;
#2514 = CARTESIAN_POINT ( 'NONE',  ( -2.237033685046899922, -23.19481715658929843, 758.9183168595859570 ) ) ;
#2515 = CARTESIAN_POINT ( 'NONE',  ( -33.98537553338500317, 7.207623481119359354, 871.6745981594190198 ) ) ;
#2516 = CARTESIAN_POINT ( 'NONE',  ( -131.5272525654042113, 75.49034444537163324, 884.7712736844509891 ) ) ;
#2517 = CARTESIAN_POINT ( 'NONE',  ( -71.48959088528290806, 29.00100360326159787, 783.3151454787860075 ) ) ;
#2518 = CARTESIAN_POINT ( 'NONE',  ( -71.67109499907110148, 28.74178886493915286, 783.7083636325240832 ) ) ;
#2519 = CARTESIAN_POINT ( 'NONE',  ( 0.5646298618800250635, -19.19362694648355117, 889.2276786102900132 ) ) ;
#2520 = DIRECTION ( 'NONE',  ( 0.5735764342483679057, 0.8191520457613028494, 0.000000000000000000 ) ) ;
#2521 = CARTESIAN_POINT ( 'NONE',  ( -133.6822533284252188, 72.41278821462465487, 910.9289452289054907 ) ) ;
#2522 = CARTESIAN_POINT ( 'NONE',  ( 2.645438023459219856, -16.22192491811150106, 837.6034530541920731 ) ) ;
#2523 = CARTESIAN_POINT ( 'NONE',  ( -131.4992159727841852, 75.53028629869930910, 885.5194638638689639 ) ) ;
#2524 = CARTESIAN_POINT ( 'NONE',  ( -27.77947863840147491, -2.990705410151120791, 880.9815602524818132 ) ) ;
#2525 = ORIENTED_EDGE ( 'NONE', *, *, #985, .F. ) ;
#2526 = CARTESIAN_POINT ( 'NONE',  ( -69.76996189972729212, 31.45688831131864660, 886.3986710218790677 ) ) ;
#2527 = CARTESIAN_POINT ( 'NONE',  ( -2.830492955143694811, -24.04236483026065230, 767.0853760387550437 ) ) ;
#2528 = CARTESIAN_POINT ( 'NONE',  ( -131.4852240732883502, 75.55026599433585943, 885.1296320062807581 ) ) ;
#2529 = CARTESIAN_POINT ( 'NONE',  ( -134.0081149222455110, 71.94740158848148326, 882.9194982415092454 ) ) ;
#2530 = CARTESIAN_POINT ( 'NONE',  ( -213.3091357636500049, 128.6591478424718105, 849.8246778492290332 ) ) ;
#2531 = CARTESIAN_POINT ( 'NONE',  ( -2.237033685046899922, -23.19481715658929843, 758.9183168595859570 ) ) ;
#2532 = VECTOR ( 'NONE', #1617, 1000.000000000000114 ) ;
#2533 = CARTESIAN_POINT ( 'NONE',  ( -141.9352443652392139, 79.49290628937760061, 922.3635608615219326 ) ) ;
#2534 = CARTESIAN_POINT ( 'NONE',  ( -78.62692760500917188, 39.06820768531309795, 870.9015155702386437 ) ) ;
#2535 = CARTESIAN_POINT ( 'NONE',  ( -184.6251708293184777, 109.6421771476012026, 893.8118364948510362 ) ) ;
#2536 = CARTESIAN_POINT ( 'NONE',  ( -211.3957504569705179, 131.3917452543350066, 896.9092783278559864 ) ) ;
#2537 = CARTESIAN_POINT ( 'NONE',  ( -54.18921977692379954, 18.31001729098550257, 874.5068715545089617 ) ) ;
#2538 = VERTEX_POINT ( 'NONE', #1027 ) ;
#2539 = VERTEX_POINT ( 'NONE', #2656 ) ;
#2540 = CARTESIAN_POINT ( 'NONE',  ( -125.2802285941518079, 67.35593678337619394, 880.7136237857820333 ) ) ;
#2541 = CARTESIAN_POINT ( 'NONE',  ( -214.5095725340860042, 126.9447464615522136, 858.1703062687960255 ) ) ;
#2542 = ORIENTED_EDGE ( 'NONE', *, *, #2385, .F. ) ;
#2543 = CARTESIAN_POINT ( 'NONE',  ( -39.90372625377145255, -4.266854880746960177, 864.6745982347021027 ) ) ;
#2544 = CARTESIAN_POINT ( 'NONE',  ( -134.6947453574702251, 70.96637750944755396, 884.6065461242611718 ) ) ;
#2545 = CARTESIAN_POINT ( 'NONE',  ( 0.7918901761945780216, -18.86906558158365144, 750.5201798300380460 ) ) ;
#2546 = EDGE_CURVE ( 'NONE', #734, #2570, #1310, .T. ) ;
#2547 = CARTESIAN_POINT ( 'NONE',  ( -212.3360211139834917, 130.0488995897240159, 850.6627944633120251 ) ) ;
#2548 = DIRECTION ( 'NONE',  ( -0.1450182577416639917, 0.1015346249225079767, -0.9842054789846569340 ) ) ;
#2549 = DIRECTION ( 'NONE',  ( 0.8062139315781667870, -0.5645170692166459059, -0.1770298706216654749 ) ) ;
#2550 = CARTESIAN_POINT ( 'NONE',  ( -140.9687097585076003, 80.87326076142910836, 902.3287122886570160 ) ) ;
#2551 = CARTESIAN_POINT ( 'NONE',  ( -26.63212852711649958, -1.352295818966280150, 859.0753413983360360 ) ) ;
#2552 = VERTEX_POINT ( 'NONE', #927 ) ;
#2553 = ORIENTED_EDGE ( 'NONE', *, *, #281, .T. ) ;
#2554 = EDGE_CURVE ( 'NONE', #1143, #185, #1504, .T. ) ;
#2555 = CARTESIAN_POINT ( 'NONE',  ( -2.112701772637090247, -23.01725278370679817, 853.2587429767249887 ) ) ;
#2556 = CARTESIAN_POINT ( 'NONE',  ( 1.382374633031004052, -18.02576638154049959, 752.6280532337600562 ) ) ;
#2557 = ORIENTED_EDGE ( 'NONE', *, *, #2498, .F. ) ;
#2558 = DIRECTION ( 'NONE',  ( -0.8191525623785661514, 0.5735756964225222632, -4.695530338612961237E-06 ) ) ;
#2559 = CARTESIAN_POINT ( 'NONE',  ( -37.68050285332719795, 2.395130786879009932, 864.6745981909930379 ) ) ;
#2560 = CARTESIAN_POINT ( 'NONE',  ( -139.7550608954570066, 82.60653096607920531, 833.7075920478910120 ) ) ;
#2561 = CARTESIAN_POINT ( 'NONE',  ( 2.437208486953514885, -16.51930751561700106, 761.2447133951329761 ) ) ;
#2562 = UNCERTAINTY_MEASURE_WITH_UNIT (LENGTH_MEASURE( 1.000000000000000082E-05 ), #958, 'distance_accuracy_value', 'NONE');
#2563 = CARTESIAN_POINT ( 'NONE',  ( -53.33204659386309743, 21.21484119718184758, 869.0348943972969664 ) ) ;
#2564 = B_SPLINE_CURVE_WITH_KNOTS ( 'NONE', 3,
 ( #443, #477, #1137, #2376, #2349, #2878, #2107, #2364, #1411, #414 ),
 .UNSPECIFIED., .F., .F.,
 ( 4, 2, 2, 2, 4 ),
 ( 0.06883321582780280168, 0.08418589325015099489, 0.2215202740201019926, 0.4961890355600039326, 0.6063783500607239363 ),
 .UNSPECIFIED. ) ;
#2565 = CARTESIAN_POINT ( 'NONE',  ( -134.7444812061789889, 70.89555830123988756, 885.5194628826119470 ) ) ;
#2566 = CARTESIAN_POINT ( 'NONE',  ( -144.1481556802733905, 76.33254140571479240, 868.8797041457600017 ) ) ;
#2567 = CARTESIAN_POINT ( 'NONE',  ( -131.7965634604707361, 75.10575476375601056, 893.4862124230058953 ) ) ;
#2568 = CARTESIAN_POINT ( 'NONE',  ( -133.4091485943183670, 72.80286764735970451, 916.3893613863449445 ) ) ;
#2569 = B_SPLINE_CURVE_WITH_KNOTS ( 'NONE', 3,
 ( #101, #1025, #2499, #312, #1741, #2717, #3011, #1243, #818, #2040 ),
 .UNSPECIFIED., .F., .F.,
 ( 4, 2, 2, 2, 4 ),
 ( 0.000000000000000000, 0.2500000000000000000, 0.5000000000000000000, 0.7500000000000000000, 1.000000000000000000 ),
 .UNSPECIFIED. ) ;
#2570 = VERTEX_POINT ( 'NONE', #314 ) ;
#2571 = CARTESIAN_POINT ( 'NONE',  ( -211.9368530685695191, 130.6189706381383928, 852.8934271288480886 ) ) ;
#2572 = EDGE_CURVE ( 'NONE', #1653, #471, #1294, .T. ) ;
#2573 = VECTOR ( 'NONE', #2298, 999.9999999999998863 ) ;
#2574 = B_SPLINE_CURVE_WITH_KNOTS ( 'NONE', 3,
 ( #2004, #500, #1987, #1472, #2244, #1510, #2263 ),
 .UNSPECIFIED., .F., .F.,
 ( 4, 3, 4 ),
 ( 0.001795381606790614907, 0.004999186220876500331, 0.02279538197720170148 ),
 .UNSPECIFIED. ) ;
#2575 = CARTESIAN_POINT ( 'NONE',  ( -213.1141242735614867, 128.9376531133328001, 932.4711199944230202 ) ) ;
#2576 = CARTESIAN_POINT ( 'NONE',  ( -69.69760219206629870, 31.56022868358289557, 786.1555536891548854 ) ) ;
#2577 = ORIENTED_EDGE ( 'NONE', *, *, #2666, .T. ) ;
#2578 = CARTESIAN_POINT ( 'NONE',  ( -18.32932927184429772, -6.986860459836890413, 857.2657077931570484 ) ) ;
#2579 = CARTESIAN_POINT ( 'NONE',  ( -200.1344475571200121, 123.1939552475435846, 900.1739183865530549 ) ) ;
#2580 = CARTESIAN_POINT ( 'NONE',  ( -211.2469535530900089, 131.6042492560211770, 862.1656150637800238 ) ) ;
#2581 = CARTESIAN_POINT ( 'NONE',  ( -211.7745375060549975, 130.8507812852071766, 854.2000962085220408 ) ) ;
#2582 = CARTESIAN_POINT ( 'NONE',  ( -208.8457447535340066, 126.2035020177310116, 899.0779035393610457 ) ) ;
#2583 = CARTESIAN_POINT ( 'NONE',  ( -126.0056316463830086, 67.98554980056009356, 880.8734937950159747 ) ) ;
#2584 = CARTESIAN_POINT ( 'NONE',  ( -73.68132358160029582, 25.87088492170399689, 842.1676176908059688 ) ) ;
#2585 = CARTESIAN_POINT ( 'NONE',  ( -201.0394198751370141, 120.4030932927300057, 897.3459487141549289 ) ) ;
#2586 =( NAMED_UNIT ( * ) SI_UNIT ( $, .STERADIAN. ) SOLID_ANGLE_UNIT ( ) );
#2587 = ORIENTED_EDGE ( 'NONE', *, *, #1313, .T. ) ;
#2588 = CARTESIAN_POINT ( 'NONE',  ( -140.6797580898403908, 81.28592651108129985, 820.4158644909999794 ) ) ;
#2589 = CARTESIAN_POINT ( 'NONE',  ( -170.2209812863275147, 99.09763309172001300, 890.5903668240440538 ) ) ;
#2590 = CARTESIAN_POINT ( 'NONE',  ( 1.986508815701224950, -17.16297335275525171, 756.6067952899250031 ) ) ;
#2591 = VERTEX_POINT ( 'NONE', #1568 ) ;
#2592 = CARTESIAN_POINT ( 'NONE',  ( -209.8720243278319799, 123.9391171618221961, 901.6839869586029863 ) ) ;
#2593 = ADVANCED_FACE ( 'NONE', ( #1059 ), #2091, .T. ) ;
#2594 = CARTESIAN_POINT ( 'NONE',  ( -133.8561223289898408, 72.16429541496241029, 882.7654721676634608 ) ) ;
#2595 = CARTESIAN_POINT ( 'NONE',  ( -68.98880458552189054, 32.57249657255304953, 791.8933060759009095 ) ) ;
#2596 = DIRECTION ( 'NONE',  ( 0.5735754540170368010, 0.8191527320987777028, -6.652693139127038479E-06 ) ) ;
#2597 = CARTESIAN_POINT ( 'NONE',  ( -134.6348078999107543, 71.05217850931686030, 884.2778037563799671 ) ) ;
#2598 = CARTESIAN_POINT ( 'NONE',  ( -214.6374178164625164, 126.7621644763555793, 894.2383636223880785 ) ) ;
#2599 = CARTESIAN_POINT ( 'NONE',  ( -133.1218632800000137, 73.21287658482638960, 882.4536087873119641 ) ) ;
#2600 = CARTESIAN_POINT ( 'NONE',  ( -37.61401901583469964, 2.490079570746404958, 866.5058468626359627 ) ) ;
#2601 = ORIENTED_EDGE ( 'NONE', *, *, #3033, .F. ) ;
#2602 = CARTESIAN_POINT ( 'NONE',  ( -141.0829054546755970, 80.71017240556770389, 818.0037412710199760 ) ) ;
#2603 = CARTESIAN_POINT ( 'NONE',  ( -72.54706930949269861, 27.49076789955329758, 878.3634469268340581 ) ) ;
#2604 = CARTESIAN_POINT ( 'NONE',  ( -211.7745375060549975, 130.8507812852071766, 854.2000962085220408 ) ) ;
#2605 = CARTESIAN_POINT ( 'NONE',  ( -47.25167890930899972, 13.37952045949897872, 863.6283645102820401 ) ) ;
#2606 = CARTESIAN_POINT ( 'NONE',  ( 123.4071913920603976, -86.40362314290219103, 837.5361544516540562 ) ) ;
#2607 = CARTESIAN_POINT ( 'NONE',  ( -139.8863350303211917, 82.41905207203610928, 830.3644444181429662 ) ) ;
#2608 = CARTESIAN_POINT ( 'NONE',  ( -37.41016075856735057, 2.781219357170295226, 871.6745981884600951 ) ) ;
#2609 = CARTESIAN_POINT ( 'NONE',  ( -133.1218632800000137, 73.21287658482638960, 882.4536087873119641 ) ) ;
#2610 = CARTESIAN_POINT ( 'NONE',  ( -214.7046265276149768, 126.6661804894879992, 891.5668978736299550 ) ) ;
#2611 = CARTESIAN_POINT ( 'NONE',  ( -134.7444812061789889, 70.89555830123988756, 885.5194628826119470 ) ) ;
#2612 = CARTESIAN_POINT ( 'NONE',  ( -37.67625725661319791, 2.401194112405615311, 864.8598889396450886 ) ) ;
#2613 =( GEOMETRIC_REPRESENTATION_CONTEXT ( 3 ) GLOBAL_UNCERTAINTY_ASSIGNED_CONTEXT ( ( #2138 ) ) GLOBAL_UNIT_ASSIGNED_CONTEXT ( ( #144, #875, #2586 ) ) REPRESENTATION_CONTEXT ( 'NONE', 'WORKASPACE' ) );
#2614 = ORIENTED_EDGE ( 'NONE', *, *, #1915, .F. ) ;
#2615 = CARTESIAN_POINT ( 'NONE',  ( -141.5733431137043965, 80.00975484039460639, 816.5699116640079183 ) ) ;
#2616 = CARTESIAN_POINT ( 'NONE',  ( -144.1481556802733905, 76.33254140571479240, 868.8797041457600017 ) ) ;
#2617 = CARTESIAN_POINT ( 'NONE',  ( -213.3091357636500049, 128.6591478424718105, 849.8246778492290332 ) ) ;
#2618 = VECTOR ( 'NONE', #1130, 1000.000000000000000 ) ;
#2619 = CARTESIAN_POINT ( 'NONE',  ( -148.4328860954292963, 80.33086979112961501, 885.4439334970226128 ) ) ;
#2620 = VECTOR ( 'NONE', #2548, 1000.000000000000114 ) ;
#2621 = CARTESIAN_POINT ( 'NONE',  ( -200.8777301807985225, 120.6390727985650102, 897.3298033088600505 ) ) ;
#2622 = CARTESIAN_POINT ( 'NONE',  ( 2.437208486953514885, -16.51930751561700106, 761.2447133951329761 ) ) ;
#2623 = CARTESIAN_POINT ( 'NONE',  ( -132.3366332405757930, 74.33449673637768740, 906.0649016232972599 ) ) ;
#2624 = DIRECTION ( 'NONE',  ( 0.5735756964288371007, 0.8191525623876021456, 0.000000000000000000 ) ) ;
#2625 = CARTESIAN_POINT ( 'NONE',  ( -214.7641152361034926, 126.5812218090354122, 888.8948703405189917 ) ) ;
#2626 = CARTESIAN_POINT ( 'NONE',  ( -26.10742122968595780, -0.6029333314132201416, 859.2421984193042590 ) ) ;
#2627 = B_SPLINE_SURFACE_WITH_KNOTS ( 'NONE', 3, 3, ( 
 ( #1086, #171, #369, #1337 ),
 ( #2575, #1133, #1860, #2056 ),
 ( #2102, #1846, #863, #1610 ),
 ( #131, #3099, #3085, #1579 ),
 ( #2318, #3043, #849, #639 ),
 ( #410, #1103, #2603, #1818 ),
 ( #385, #2360, #2827, #2555 ),
 ( #2118, #905, #609, #2074 ),
 ( #1352, #470, #2435, #1512 ),
 ( #266, #1875, #2451, #2678 ),
 ( #1938, #966, #2471, #1637 ),
 ( #2419, #235, #11, #981 ),
 ( #2246, #2616, #1234, #502 ),
 ( #2695, #1953, #285, #666 ),
 ( #779, #1202, #1702, #2211 ),
 ( #1734, #1751, #2936, #46 ),
 ( #2857, #1218, #28, #2488 ),
 ( #2710, #745, #1269, #1474 ),
 ( #999, #538, #1251, #1440 ),
 ( #3158, #2728, #303, #2920 ),
 ( #729, #1718, #762, #2229 ),
 ( #2973, #62, #519, #1969 ),
 ( #2952, #2195, #2180, #250 ),
 ( #1018, #1491, #486, #1989 ),
 ( #1458, #2006, #2990, #1767 ),
 ( #2746, #798, #1037, #1483 ),
 ( #228, #259, #1415, #688 ),
 ( #1897, #1452, #957, #2429 ),
 ( #1227, #1180, #993, #1433 ),
 ( #2914, #211, #2157, #1712 ),
 ( #480, #2704, #3150, #244 ),
 ( #1195, #2445, #1211, #2930 ),
 ( #1947, #1963, #3134, #2463 ),
 ( #2881, #1678, #2189, #5 ),
 ( #496, #278, #974, #2655 ),
 ( #941, #739, #1245, #513 ),
 ( #1914, #2689, #1468, #2204 ),
 ( #1695, #463, #1932, #2946 ),
 ( #22, #755, #1728, #2223 ),
 ( #926, #2173, #1662, #2640 ),
 ( #446, #2394, #2897, #2411 ),
 ( #706, #723, #2672, #1405 ),
 ( #2117, #170, #2359, #680 ),
 ( #1365, #2842, #1654, #2871 ),
 ( #1144, #2632, #904, #1636 ),
 ( #891, #3098, #623, #1874 ),
 ( #1609, #1622, #1392, #916 ),
 ( #2373, #2615, #2855, #1858 ),
 ( #2826, #158, #3126, #186 ),
 ( #425, #396, #1594, #877 ),
 ( #1845, #439, #2386, #637 ),
 ( #2344, #2602, #1158, #665 ),
 ( #202, #1173, #2130, #3112 ),
 ( #651, #3084, #1350, #1132 ),
 ( #1889, #2147, #2811, #933 ),
 ( #2571, #2588, #2101, #384 ),
 ( #2330, #146, #2088, #1116 ),
 ( #409, #3071, #1378, #1671 ),
 ( #2890, #2438, #1941, #253 ),
 ( #1237, #2166, #1972, #2422 ),
 ( #1494, #521, #287, #716 ),
 ( #2474, #969, #1221, #1906 ),
 ( #699, #490, #2923, #506 ),
 ( #2939, #2955, #1187, #1253 ),
 ( #2648, #2664, #2198, #14 ),
 ( #455, #3143, #1424, #1705 ),
 ( #2402, #732, #984, #2231 ),
 ( #1687, #269, #1956, #220 ),
 ( #2454, #2681, #48, #473 ),
 ( #31, #2214, #1736, #1443 ),
 ( #2712, #1461, #950, #748 ),
 ( #764, #1721, #2698, #1925 ),
 ( #1477, #2907, #3161, #1002 ),
 ( #238, #1205, #2183, #3007 ),
 ( #2296, #540, #2777, #827 ),
 ( #2266, #3021, #1039, #1530 ),
 ( #1560, #2992, #1798, #1769 ),
 ( #2248, #2036, #64, #844 ),
 ( #2008, #96, #800, #1052 ),
 ( #2536, #2023, #2748, #2509 ),
 ( #2730, #1814, #1066, #2522 ),
 ( #322, #605, #111, #335 ),
 ( #1544, #558, #1991, #1288 ),
 ( #348, #781, #2794, #588 ),
 ( #1575, #1318, #83, #1080 ),
 ( #1753, #2550, #2975, #1300 ),
 ( #2281, #813, #2050, #1271 ),
 ( #1784, #3039, #363, #1333 ),
 ( #2763, #2311, #574, #1020 ),
 ( #1514, #2490, #305, #1632 ) ),
 .UNSPECIFIED., .F., .F., .F.,
 ( 4, 1, 1, 1, 1, 1, 1, 1, 1, 1, 1, 1, 1, 1, 1, 1, 1, 1, 1, 1, 1, 1, 1, 1, 1, 1, 1, 1, 1, 1, 1, 1, 1, 1, 1, 1, 1, 1, 1, 1, 1, 1, 1, 2, 1, 1, 1, 1, 1, 1, 1, 1, 1, 1, 1, 1, 1, 1, 1, 1, 1, 1, 1, 1, 1, 1, 1, 1, 1, 1, 1, 1, 1, 1, 1, 1, 1, 1, 1, 1, 1, 1, 1, 1, 1, 1, 4 ),
 ( 4, 4 ),
 ( 0.0008302671343174420271, 0.03205428596913204725, 0.06327830480394661117, 0.09450232363876109876, 0.1257263424735755863, 0.1569503613083905180, 0.1725623707257974981, 0.1881743801432050056, 0.2037863895606124853, 0.2193983989780194932, 0.2350104083954270007, 0.2506224178128340085, 0.2662344272302414883, 0.2818464366476489680, 0.2974584460650560036, 0.3130704554824635388, 0.3286824648998705189, 0.3442944743172779987, 0.3599064837346849788, 0.3755184931520925140, 0.3911305025694999937, 0.4067425119869069738, 0.4145485166956109913, 0.4223545214043140095, 0.4301605261130179714, 0.4379665308217215447, 0.4457725355304250070, 0.4535785402391289689, 0.4574815425934810054, 0.4613845449478319871, 0.4652875473021840236, 0.4691905496565360045, 0.4730935520108879855, 0.4769965543652400219, 0.4808995567195920029, 0.4848025590739430402, 0.4867540602511200021, 0.4887055614282950211, 0.4906570626054709838, 0.4926085637826470021, 0.4945600649598230203, 0.4965115661369990385, 0.4984630673141750012, 0.5004145684913509085, 0.5023660740831810134, 0.5043175796750120066, 0.5062690852668429997, 0.5082205908586729937, 0.5101720964505039868, 0.5121236020423349800, 0.5140751076341650849, 0.5160266132259959670, 0.5199296244096569541, 0.5238326355933189404, 0.5277356467769800386, 0.5316386579606410256, 0.5355416691443030119, 0.5394446803279639990, 0.5433476915116249861, 0.5472507026952870834, 0.5550567250626090576, 0.5628627474299320310, 0.5706687697972540052, 0.5784747921645769786, 0.5862808145318999520, 0.5940868368992220372, 0.6096988816338679840, 0.6253109263685130426, 0.6409229711031579901, 0.6565350158378040479, 0.6721470605724489955, 0.6877591053070940541, 0.7033711500417398899, 0.7189831947763849485, 0.7345952395110300071, 0.7502072842456760648, 0.7658193289803210124, 0.7814313737149659600, 0.7970434184496110186, 0.8126554631842570764, 0.8282675079189019129, 0.8438795526535469715, 0.8751036421228379769, 0.9063277315921279831, 0.9375518210614189885, 0.9687759105307099938, 1.000000000000000000 ),
 ( 0.000000000000000000, 1.000000000000000000 ),
 .UNSPECIFIED. ) ;
#2628 = ADVANCED_FACE ( 'NONE', ( #3046 ), #851, .T. ) ;
#2629 = CARTESIAN_POINT ( 'NONE',  ( -179.8979370486669893, 105.8738831764359958, 892.7152882152440725 ) ) ;
#2630 = CARTESIAN_POINT ( 'NONE',  ( -50.78285891411820074, 14.94801899518394173, 902.8110209222360254 ) ) ;
#2631 = ORIENTED_EDGE ( 'NONE', *, *, #98, .F. ) ;
#2632 = CARTESIAN_POINT ( 'NONE',  ( -142.0664382377060235, 79.30554202191780178, 816.1794239721260737 ) ) ;
#2633 = CARTESIAN_POINT ( 'NONE',  ( -139.5892396138135894, 82.84334829893380459, 855.4823067221210522 ) ) ;
#2634 = CARTESIAN_POINT ( 'NONE',  ( -48.70663203103229932, 10.18761817096750022, 867.2569653388419511 ) ) ;
#2635 = CARTESIAN_POINT ( 'NONE',  ( -140.2503841462672085, 81.89913605274179531, 824.5353737206800133 ) ) ;
#2636 = CARTESIAN_POINT ( 'NONE',  ( -203.1993839970455156, 122.2778615852949997, 897.8409526643980598 ) ) ;
#2637 = CARTESIAN_POINT ( 'NONE',  ( -139.9087621913922135, 82.38702276665570423, 872.2274645212288533 ) ) ;
#2638 = B_SPLINE_CURVE_WITH_KNOTS ( 'NONE', 3,
 ( #2160, #1454, #1436, #976, #2643, #662, #1198, #1213, #2884, #2381 ),
 .UNSPECIFIED., .F., .F.,
 ( 4, 3, 3, 4 ),
 ( 0.002097825565735420093, 0.004999186222903880331, 0.01494620072610059955, 0.02309783539440245226 ),
 .UNSPECIFIED. ) ;
#2639 = CARTESIAN_POINT ( 'NONE',  ( -132.4830240262922132, 74.12523712632149397, 882.6870789552901897 ) ) ;
#2640 = CARTESIAN_POINT ( 'NONE',  ( -1.132303598753130025, -21.61709908586080076, 751.5356442139880073 ) ) ;
#2641 = DIRECTION ( 'NONE',  ( -0.1092847224784491700, 0.07652198649056657365, -0.9910606616228625487 ) ) ;
#2642 = CARTESIAN_POINT ( 'NONE',  ( -73.83031823507218405, 25.65809850433305073, 809.9509860136050747 ) ) ;
#2643 = CARTESIAN_POINT ( 'NONE',  ( -50.50500144549290127, 15.73022428941705009, 864.3931725881300281 ) ) ;
#2644 = CARTESIAN_POINT ( 'NONE',  ( -181.4551790271562766, 103.6641216280033433, 892.7167728758846579 ) ) ;
#2645 = CARTESIAN_POINT ( 'NONE',  ( -72.54706930949269861, 27.49076789955329758, 878.3634469268340581 ) ) ;
#2646 = ORIENTED_EDGE ( 'NONE', *, *, #1788, .T. ) ;
#2647 = CARTESIAN_POINT ( 'NONE',  ( -73.60294112318399584, 25.98282667345495156, 801.9051208345010764 ) ) ;
#2648 = CARTESIAN_POINT ( 'NONE',  ( -211.3037425475694988, 131.5231461667509905, 860.8322380219069601 ) ) ;
#2649 = CARTESIAN_POINT ( 'NONE',  ( -68.09915051844950540, 33.84305425513210253, 813.9777505152900403 ) ) ;
#2650 = CARTESIAN_POINT ( 'NONE',  ( -16.35906191073172877, -12.95826782656690312, 856.3593631666727788 ) ) ;
#2651 = CARTESIAN_POINT ( 'NONE',  ( -68.90658782965689966, 32.68991426856240423, 792.8900435579060968 ) ) ;
#2652 = CARTESIAN_POINT ( 'NONE',  ( -144.3755318791206150, 81.13164088705050858, 884.9287113644600140 ) ) ;
#2653 = CARTESIAN_POINT ( 'NONE',  ( -211.5615726691640077, 131.1549265925171710, 902.2495147704910323 ) ) ;
#2654 = CARTESIAN_POINT ( 'NONE',  ( -35.76177788827639858, 1.648460476504170158, 871.6745981958920311 ) ) ;
#2655 = CARTESIAN_POINT ( 'NONE',  ( -1.834429621144104905, -22.61983896522025006, 755.4607392153019418 ) ) ;
#2656 = CARTESIAN_POINT ( 'NONE',  ( -205.7901816535325281, 121.0550952359990049, 900.7854036288659927 ) ) ;
#2657 = CARTESIAN_POINT ( 'NONE',  ( -214.3101023583384972, 127.2296193954512091, 855.5190468485889141 ) ) ;
#2658 = CARTESIAN_POINT ( 'NONE',  ( -25.62132196852611798, 0.09129290487929951625, 859.6344026483446896 ) ) ;
#2659 = CARTESIAN_POINT ( 'NONE',  ( 3.230440387728939822, -15.38645495764030002, 814.1017675945280416 ) ) ;
#2660 = FACE_OUTER_BOUND ( 'NONE', #1115, .T. ) ;
#2661 = CARTESIAN_POINT ( 'NONE',  ( -2.786637475873065206, -23.97973271495559899, 832.9050382050370445 ) ) ;
#2662 = ORIENTED_EDGE ( 'NONE', *, *, #2314, .F. ) ;
#2663 = CARTESIAN_POINT ( 'NONE',  ( -73.88720157853479975, 25.57686067074985203, 813.9777505152900403 ) ) ;
#2664 = CARTESIAN_POINT ( 'NONE',  ( -139.8863350303211917, 82.41905207203610928, 830.3644444181429662 ) ) ;
#2665 = CARTESIAN_POINT ( 'NONE',  ( 3.132828434490474656, -15.52585927409199940, 774.1227220247440073 ) ) ;
#2666 = EDGE_CURVE ( 'NONE', #2458, #2303, #1820, .T. ) ;
#2667 = CARTESIAN_POINT ( 'NONE',  ( -214.7641152361034926, 126.5812218090354122, 888.8948703405189917 ) ) ;
#2668 = CARTESIAN_POINT ( 'NONE',  ( -68.46892751307339609, 33.31495797732119257, 799.8966508143789724 ) ) ;
#2669 = CARTESIAN_POINT ( 'NONE',  ( -204.3614929621529939, 123.0954376414793927, 898.0965286604749735 ) ) ;
#2670 = CARTESIAN_POINT ( 'NONE',  ( -139.8245507601137945, 82.50728915438099875, 868.8797041453210568 ) ) ;
#2671 = CARTESIAN_POINT ( 'NONE',  ( -132.7380450659076701, 73.76124171504443439, 882.5345937366414546 ) ) ;
#2672 = CARTESIAN_POINT ( 'NONE',  ( -71.67109499907110148, 28.74178886493915286, 783.7083636325240832 ) ) ;
#2673 = CARTESIAN_POINT ( 'NONE',  ( -3.048358069403709791, -24.35350845892975258, 771.7748737198609206 ) ) ;
#2674 = CARTESIAN_POINT ( 'NONE',  ( -179.8114920029530026, 105.9973295585260047, 892.7152861548850069 ) ) ;
#2675 = CARTESIAN_POINT ( 'NONE',  ( 3.365611187767299839, -15.19341104899580053, 804.6950097304380733 ) ) ;
#2676 = CARTESIAN_POINT ( 'NONE',  ( -131.9257105741174882, 68.66883335846205227, 881.8085723785417258 ) ) ;
#2677 = CARTESIAN_POINT ( 'NONE',  ( -73.12908895018810540, 26.65955770980924910, 862.2838302956810139 ) ) ;
#2678 = CARTESIAN_POINT ( 'NONE',  ( -2.645435776920375126, -23.77807579004770133, 837.6034530560610847 ) ) ;
#2679 = ORIENTED_EDGE ( 'NONE', *, *, #2385, .T. ) ;
#2680 = CARTESIAN_POINT ( 'NONE',  ( -72.99754751146230092, 26.84741835332969728, 791.8933060759009095 ) ) ;
#2681 = CARTESIAN_POINT ( 'NONE',  ( -139.6260281355916106, 82.79080884488590186, 838.7290245237650197 ) ) ;
#2682 = CARTESIAN_POINT ( 'NONE',  ( -68.23069194241519142, 33.65519363269154951, 806.5968048697690165 ) ) ;
#2683 = ORIENTED_EDGE ( 'NONE', *, *, #2151, .F. ) ;
#2684 = VECTOR ( 'NONE', #140, 1000.000000000000114 ) ;
#2685 = CARTESIAN_POINT ( 'NONE',  ( -1.815048441972070048, -22.59215977281739995, 861.0829855956179699 ) ) ;
#2686 = CARTESIAN_POINT ( 'NONE',  ( -68.85726314690208483, 32.76035721592170091, 862.2838302976779232 ) ) ;
#2687 = EDGE_CURVE ( 'NONE', #1088, #2076, #3075, .T. ) ;
#2688 = CARTESIAN_POINT ( 'NONE',  ( -131.8027128636821885, 75.09686844386577320, 883.6417836240804036 ) ) ;
#2689 = CARTESIAN_POINT ( 'NONE',  ( -143.0642838748404131, 77.88047076420708947, 818.9327634362028903 ) ) ;
#2690 = CARTESIAN_POINT ( 'NONE',  ( -214.9154650257124786, 126.3650719086853940, 878.2022096739690369 ) ) ;
#2691 = CARTESIAN_POINT ( 'NONE',  ( -18.49737531369765264, -7.226860431348160141, 857.2657092533410150 ) ) ;
#2692 = CARTESIAN_POINT ( 'NONE',  ( -140.1021443258540273, 82.11084445678449129, 878.9209195018610217 ) ) ;
#2693 = CARTESIAN_POINT ( 'NONE',  ( -80.38604730306430213, 36.54168908061804899, 870.9000680640499468 ) ) ;
#2694 = CARTESIAN_POINT ( 'NONE',  ( -214.7046265276149768, 126.6661804894879992, 891.5668978736299550 ) ) ;
#2695 = CARTESIAN_POINT ( 'NONE',  ( -214.7641152361034926, 126.5812218090354122, 888.8948703405189917 ) ) ;
#2696 = VERTEX_POINT ( 'NONE', #597 ) ;
#2697 = CARTESIAN_POINT ( 'NONE',  ( -143.4963988068396077, 77.26334668538980566, 822.0533338693741143 ) ) ;
#2698 = CARTESIAN_POINT ( 'NONE',  ( -68.06150663204709872, 33.89681529646374969, 822.0333090947090113 ) ) ;
#2699 = CARTESIAN_POINT ( 'NONE',  ( -211.1949455477655135, 131.6785243851601876, 888.8948703411599581 ) ) ;
#2700 = VERTEX_POINT ( 'NONE', #104 ) ;
#2701 = CARTESIAN_POINT ( 'NONE',  ( -3.305877803111239910, -24.72128475332089792, 809.3987352442950396 ) ) ;
#2702 = CARTESIAN_POINT ( 'NONE',  ( -211.0666650146040126, 131.8617279728986205, 880.8759552179629964 ) ) ;
#2703 = CARTESIAN_POINT ( 'NONE',  ( -131.9340255864858875, 74.90929535144177009, 883.3700002516321774 ) ) ;
#2704 = CARTESIAN_POINT ( 'NONE',  ( -143.6538249349003991, 77.03851887439049051, 823.7061764622450255 ) ) ;
#2705 = CARTESIAN_POINT ( 'NONE',  ( -3.416300187990134685, -24.87898426218539782, 790.5809672639379642 ) ) ;
#2706 = CARTESIAN_POINT ( 'NONE',  ( -194.8773600736586218, 119.7396380250221455, 896.3528863849351183 ) ) ;
#2707 = CARTESIAN_POINT ( 'NONE',  ( -68.49588141539889818, 33.27646381544100507, 850.2165654198289531 ) ) ;
#2708 = CARTESIAN_POINT ( 'NONE',  ( -55.80652640704060019, 18.83156186163994761, 865.4783615990240833 ) ) ;
#2709 = CARTESIAN_POINT ( 'NONE',  ( -143.2790901770134155, 77.57369557192399157, 895.6439082580510558 ) ) ;
#2710 = CARTESIAN_POINT ( 'NONE',  ( -214.9154650257124786, 126.3650719086853940, 878.2022096739690369 ) ) ;
#2711 = CARTESIAN_POINT ( 'NONE',  ( -73.83031823507218405, 25.65809850433305073, 809.9509860136050747 ) ) ;
#2712 = CARTESIAN_POINT ( 'NONE',  ( -211.0378584550600181, 131.9028680034932108, 872.8541623529760045 ) ) ;
#2713 = PLANE ( 'NONE',  #1230 ) ;
#2714 = CARTESIAN_POINT ( 'NONE',  ( 2.786639722253720475, -16.02026799342954888, 832.9050382061629989 ) ) ;
#2715 = ORIENTED_EDGE ( 'NONE', *, *, #1826, .F. ) ;
#2716 = CARTESIAN_POINT ( 'NONE',  ( -214.4831252832700272, 126.9825170500893989, 899.5796527267219744 ) ) ;
#2717 = CARTESIAN_POINT ( 'NONE',  ( -205.5417111136398773, 121.4099352999718064, 899.1577670753114262 ) ) ;
#2718 = CARTESIAN_POINT ( 'NONE',  ( -143.7223222941451866, 76.94069450731811344, 824.5353737206800133 ) ) ;
#2719 = CARTESIAN_POINT ( 'NONE',  ( -25.47818470368827803, 0.2958880683399994216, 880.8367154197621858 ) ) ;
#2720 = DIRECTION ( 'NONE',  ( -0.5735882739091787696, -0.8191437553593697851, 9.467723270836007042E-06 ) ) ;
#2721 = CARTESIAN_POINT ( 'NONE',  ( -0.7918879325731510432, -21.13093513074210250, 750.5201798300380460 ) ) ;
#2722 = CARTESIAN_POINT ( 'NONE',  ( -72.07901350088390302, 28.15922086966224924, 785.0390244078100750 ) ) ;
#2723 = CARTESIAN_POINT ( 'NONE',  ( -20.51418765255003507, -1.272372250756773404, 858.1771666229964239 ) ) ;
#2724 = CARTESIAN_POINT ( 'NONE',  ( -212.8449364994044970, 129.3220930964347986, 932.4711197887559138 ) ) ;
#2725 = ADVANCED_FACE ( 'NONE', ( #3030 ), #1356, .F. ) ;
#2726 = CARTESIAN_POINT ( 'NONE',  ( -78.25481785643160038, 38.53075132380694612, 874.3358977729239996 ) ) ;
#2727 = CARTESIAN_POINT ( 'NONE',  ( -73.67523586650109735, 25.87957907988855055, 803.9151570363200108 ) ) ;
#2728 = CARTESIAN_POINT ( 'NONE',  ( -144.4195682818476030, 75.94492403977179151, 845.4297639899529031 ) ) ;
#2729 = CARTESIAN_POINT ( 'NONE',  ( -194.3636815669790110, 116.4611557608832015, 895.9528324944088808 ) ) ;
#2730 = CARTESIAN_POINT ( 'NONE',  ( -211.4759355005105022, 131.2772291442325923, 899.5796527256949275 ) ) ;
#2731 = CARTESIAN_POINT ( 'NONE',  ( 0.2368138216544170005, -19.66179677090984868, 895.4747568475030448 ) ) ;
#2732 = EDGE_CURVE ( 'NONE', #338, #2458, #342, .T. ) ;
#2733 = CARTESIAN_POINT ( 'NONE',  ( -27.75328007893354254, -2.953285123897285480, 881.5671447124916540 ) ) ;
#2734 = CARTESIAN_POINT ( 'NONE',  ( -211.4759355005105022, 131.2772291442325923, 899.5796527256949275 ) ) ;
#2735 = VERTEX_POINT ( 'NONE', #612 ) ;
#2736 = CARTESIAN_POINT ( 'NONE',  ( -213.7916031682230198, 127.9701129803113844, 918.2587535237199745 ) ) ;
#2737 = CARTESIAN_POINT ( 'NONE',  ( -89.92052616760794592, 42.96315118501741637, 872.9718801236118679 ) ) ;
#2738 = CARTESIAN_POINT ( 'NONE',  ( -72.80827433586991049, 27.11772846178174845, 789.9065715302249373 ) ) ;
#2739 = CARTESIAN_POINT ( 'NONE',  ( -25.47915125333818409, 0.2945078670190119374, 880.8583718656216206 ) ) ;
#2740 = CARTESIAN_POINT ( 'NONE',  ( -131.9370121951412216, 74.90503025935849735, 883.3643480870040321 ) ) ;
#2741 = CARTESIAN_POINT ( 'NONE',  ( -0.3293178989757525321, -20.47031665928130195, 749.6643380746800176 ) ) ;
#2742 = CARTESIAN_POINT ( 'NONE',  ( -72.80827433586991049, 27.11772846178174845, 789.9065715302249373 ) ) ;
#2743 = CARTESIAN_POINT ( 'NONE',  ( -140.2094179080329752, 81.95764190421949991, 882.2666725340849325 ) ) ;
#2744 = DIRECTION ( 'NONE',  ( -0.1450182577416639917, 0.1015346249225079767, -0.9842054789846569340 ) ) ;
#2745 = CARTESIAN_POINT ( 'NONE',  ( -214.7121072307444933, 126.6554969382242035, 862.1656150637800238 ) ) ;
#2746 = CARTESIAN_POINT ( 'NONE',  ( -214.6553182362659982, 126.7366000274932105, 860.8322380219069601 ) ) ;
#2747 = CARTESIAN_POINT ( 'NONE',  ( -133.8585212508258735, 72.16096860546723235, 907.1897891735569601 ) ) ;
#2748 = CARTESIAN_POINT ( 'NONE',  ( -68.60749033748770387, 33.11706975582535506, 854.2397849133940326 ) ) ;
#2749 = CARTESIAN_POINT ( 'NONE',  ( -32.30002736559109877, 6.592352547005999597, 864.6745981634560394 ) ) ;
#2750 = ORIENTED_EDGE ( 'NONE', *, *, #689, .F. ) ;
#2751 = ORIENTED_EDGE ( 'NONE', *, *, #2025, .F. ) ;
#2752 = CARTESIAN_POINT ( 'NONE',  ( -3.406196767738889797, -24.86455508269230208, 799.9906555251290001 ) ) ;
#2753 = CARTESIAN_POINT ( 'NONE',  ( -70.12952788261249282, 30.94337486956850114, 894.4300681264770674 ) ) ;
#2754 = CARTESIAN_POINT ( 'NONE',  ( -214.2510278638189902, 127.3139865170480078, 854.8584957246520162 ) ) ;
#2755 = CARTESIAN_POINT ( 'NONE',  ( -37.41016075856735057, 2.781219357170295226, 871.6745981884600951 ) ) ;
#2756 = CARTESIAN_POINT ( 'NONE',  ( -131.4935551050800200, 75.53836813436961961, 885.1657410523779390 ) ) ;
#2757 = CARTESIAN_POINT ( 'NONE',  ( -142.9707003705862007, 78.01412185927240728, 818.3982348205339576 ) ) ;
#2758 = CARTESIAN_POINT ( 'NONE',  ( -0.9729166022832930194, -21.38947086455180013, 751.0167128472049853 ) ) ;
#2759 =( NAMED_UNIT ( * ) PLANE_ANGLE_UNIT ( ) SI_UNIT ( $, .RADIAN. ) );
#2760 = CARTESIAN_POINT ( 'NONE',  ( -53.33204659386309743, 21.21484119718184758, 869.0348943972969664 ) ) ;
#2761 = B_SPLINE_CURVE_WITH_KNOTS ( 'NONE', 3,
 ( #2816, #2092, #1370, #91, #3015, #821, #2894, #921, #2847, #657 ),
 .UNSPECIFIED., .F., .F.,
 ( 4, 1, 1, 1, 1, 1, 1, 4 ),
 ( 0.000000000000000000, 0.02869529298555971789, 0.2299920096960196003, 0.4312887264064789172, 0.6325854431169383174, 0.8338821598274005487, 0.9345305181826285557, 1.000000000000000000 ),
 .UNSPECIFIED. ) ;
#2762 = CARTESIAN_POINT ( 'NONE',  ( -109.1296314324455921, 56.04716702116339633, 877.1740465881871387 ) ) ;
#2763 = CARTESIAN_POINT ( 'NONE',  ( -212.8449364994044970, 129.3220930964347986, 932.4711197887559138 ) ) ;
#2764 = CARTESIAN_POINT ( 'NONE',  ( -41.54203034317989562, -3.119701963304109871, 871.6745982271759203 ) ) ;
#2765 = ORIENTED_EDGE ( 'NONE', *, *, #1028, .T. ) ;
#2766 = ORIENTED_EDGE ( 'NONE', *, *, #1496, .T. ) ;
#2767 = CARTESIAN_POINT ( 'NONE',  ( -55.86137622109399814, 18.74833351397305137, 865.4939699178729597 ) ) ;
#2768 = CARTESIAN_POINT ( 'NONE',  ( -213.7648643624950182, 128.0082999524152285, 851.2833256139221021 ) ) ;
#2769 = CARTESIAN_POINT ( 'NONE',  ( -17.23177398390734893, 12.06579484377831868, -9.877563868519680015E-05 ) ) ;
#2770 = CARTESIAN_POINT ( 'NONE',  ( -133.3392124342049101, 72.90246925123000210, 882.4544536883820456 ) ) ;
#2771 = CARTESIAN_POINT ( 'NONE',  ( -212.5295516507624995, 129.7725093393793827, 850.0847312374970670 ) ) ;
#2772 = VECTOR ( 'NONE', #860, 1000.000000000000114 ) ;
#2773 = CARTESIAN_POINT ( 'NONE',  ( -142.0664382377060235, 79.30554202191780178, 816.1794239721260737 ) ) ;
#2774 = CARTESIAN_POINT ( 'NONE',  ( 0.000000000000000000, 0.000000000000000000, 0.000000000000000000 ) ) ;
#2775 = CARTESIAN_POINT ( 'NONE',  ( -211.1908893350305050, 130.8659898160424007, 902.5921944505839747 ) ) ;
#2776 = CARTESIAN_POINT ( 'NONE',  ( -134.0374659882869537, 71.90542750424395990, 903.1742771963023415 ) ) ;
#2777 = CARTESIAN_POINT ( 'NONE',  ( -68.16295302311209525, 33.75193483527320382, 834.1156043882568838 ) ) ;
#2778 = CARTESIAN_POINT ( 'NONE',  ( -141.9352443652392139, 79.49290628937760061, 922.3635608615219326 ) ) ;
#2779 = AXIS2_PLACEMENT_3D ( 'NONE', #159, #3072, #352 ) ;
#2780 = ORIENTED_EDGE ( 'NONE', *, *, #1667, .T. ) ;
#2781 = EDGE_LOOP ( 'NONE', ( #2116, #1707, #3087, #354, #2315, #351 ) ) ;
#2782 = EDGE_CURVE ( 'NONE', #846, #948, #1876, .T. ) ;
#2783 = CARTESIAN_POINT ( 'NONE',  ( -109.1296314324455921, 56.04716702116339633, 877.1740465881871387 ) ) ;
#2784 = CARTESIAN_POINT ( 'NONE',  ( -213.5325644091760182, 128.3400586677130093, 850.3677477735939192 ) ) ;
#2785 = ORIENTED_EDGE ( 'NONE', *, *, #36, .F. ) ;
#2786 = CARTESIAN_POINT ( 'NONE',  ( -30.71539853324469860, 1.754655089320130035, 859.9925496411240147 ) ) ;
#2787 = CARTESIAN_POINT ( 'NONE',  ( -169.6638768727800084, 102.0414731230495988, 893.5957700200219733 ) ) ;
#2788 = CARTESIAN_POINT ( 'NONE',  ( -213.0434371741625341, 129.0386047534422005, 849.5127573054589902 ) ) ;
#2789 = CARTESIAN_POINT ( 'NONE',  ( -143.4963988068396077, 77.26334668538980566, 822.0533338693741143 ) ) ;
#2790 = CARTESIAN_POINT ( 'NONE',  ( 1.008807999015247869, -18.55927482529549977, 879.8498067889948970 ) ) ;
#2791 = CARTESIAN_POINT ( 'NONE',  ( -190.7253282149645202, 116.8592269568854505, 895.4439482579833793 ) ) ;
#2792 = CARTESIAN_POINT ( 'NONE',  ( -134.7312572020610162, 70.91457249629826265, 885.8896167936691199 ) ) ;
#2793 = EDGE_CURVE ( 'NONE', #577, #504, #1154, .T. ) ;
#2794 = CARTESIAN_POINT ( 'NONE',  ( -69.18444834754880901, 32.29308832378264782, 871.6649680450850610 ) ) ;
#2795 = LINE ( 'NONE', #2537, #2772 ) ;
#2796 = ORIENTED_EDGE ( 'NONE', *, *, #1398, .F. ) ;
#2797 = ORIENTED_EDGE ( 'NONE', *, *, #1641, .T. ) ;
#2798 = CARTESIAN_POINT ( 'NONE',  ( -38.76377245070129618, 7.143034685642420278, 861.7415572977979537 ) ) ;
#2799 = CARTESIAN_POINT ( 'NONE',  ( -70.02380314179019649, 31.09436544743735098, 784.5780276304300287 ) ) ;
#2800 = ORIENTED_EDGE ( 'NONE', *, *, #1823, .T. ) ;
#2801 = CARTESIAN_POINT ( 'NONE',  ( -107.4550970977995945, 55.60718591665420263, 886.2030864192220179 ) ) ;
#2802 = CARTESIAN_POINT ( 'NONE',  ( -134.7457265106607736, 70.89406052673813008, 885.1807107236996899 ) ) ;
#2803 = CARTESIAN_POINT ( 'NONE',  ( -139.8151822634453936, 82.52066875422430314, 832.0353679491399816 ) ) ;
#2804 = CARTESIAN_POINT ( 'NONE',  ( -69.80981571834969657, 31.39997115969180186, 785.5131440271469501 ) ) ;
#2805 = CARTESIAN_POINT ( 'NONE',  ( -22.64918897609659965, -4.346065128409040135, 858.1746548683099718 ) ) ;
#2806 = ADVANCED_FACE ( 'NONE', ( #1106 ), #2077, .F. ) ;
#2807 = CARTESIAN_POINT ( 'NONE',  ( -204.3992781257764761, 120.0723746677987975, 900.4795229361720885 ) ) ;
#2808 = CARTESIAN_POINT ( 'NONE',  ( -72.80190375009830461, 27.12682660115315159, 871.6649680325499503 ) ) ;
#2809 = CARTESIAN_POINT ( 'NONE',  ( -132.8347863737403998, 73.62314348480370541, 916.3893615081069584 ) ) ;
#2810 = ORIENTED_EDGE ( 'NONE', *, *, #749, .F. ) ;
#2811 = CARTESIAN_POINT ( 'NONE',  ( -69.56676337616529793, 31.74708587771619861, 786.9630249103829556 ) ) ;
#2812 = CARTESIAN_POINT ( 'NONE',  ( -118.8555056266409906, 62.85729737565280573, 879.3053910569650498 ) ) ;
#2813 = CARTESIAN_POINT ( 'NONE',  ( -141.7517963280143931, 79.75489723808098574, 816.2871264268939058 ) ) ;
#2814 = ORIENTED_EDGE ( 'NONE', *, *, #1915, .T. ) ;
#2815 = CARTESIAN_POINT ( 'NONE',  ( -33.55138747641205299, 6.898030628848720980, 871.6745981614500351 ) ) ;
#2816 = CARTESIAN_POINT ( 'NONE',  ( -204.6483490106334955, 122.6860279643167928, 928.0965304994500684 ) ) ;
#2817 = CARTESIAN_POINT ( 'NONE',  ( 2.830495201584565024, -15.95763587803850037, 767.0853760387560669 ) ) ;
#2818 = CARTESIAN_POINT ( 'NONE',  ( -141.1799121278868085, 80.57163251858059994, 817.6204110468710269 ) ) ;
#2819 = CARTESIAN_POINT ( 'NONE',  ( -26.34547291343695008, -0.9425824545072649663, 898.8893504462040482 ) ) ;
#2820 = CARTESIAN_POINT ( 'NONE',  ( -134.7275161877502399, 70.91978086726038555, 884.7381969536697852 ) ) ;
#2821 = CARTESIAN_POINT ( 'NONE',  ( -214.3070242498394862, 127.2340153899683912, 904.9188924148309070 ) ) ;
#2822 = CARTESIAN_POINT ( 'NONE',  ( -200.9865120482484997, 120.4820285635261996, 897.3351862332589235 ) ) ;
#2823 = ADVANCED_FACE ( 'NONE', ( #1073 ), #1465, .T. ) ;
#2824 = ADVANCED_FACE ( 'NONE', ( #1136 ), #3088, .F. ) ;
#2825 = ORIENTED_EDGE ( 'NONE', *, *, #615, .F. ) ;
#2826 = CARTESIAN_POINT ( 'NONE',  ( -212.5295516507624995, 129.7725093393793827, 850.0847312374970670 ) ) ;
#2827 = CARTESIAN_POINT ( 'NONE',  ( -72.80190375009830461, 27.12682660115315159, 871.6649680325499503 ) ) ;
#2828 = CARTESIAN_POINT ( 'NONE',  ( 1.666191297636890001, -17.62043417770345144, 754.3216053108260439 ) ) ;
#2829 = ORIENTED_EDGE ( 'NONE', *, *, #135, .F. ) ;
#2830 = DIRECTION ( 'NONE',  ( 0.1450182577417081509, -0.1015346249224526876, 0.9842054789846561569 ) ) ;
#2831 = CARTESIAN_POINT ( 'NONE',  ( -134.6838938734027806, 70.98196531779272789, 884.5353644877668557 ) ) ;
#2832 = CARTESIAN_POINT ( 'NONE',  ( -69.17807776111840212, 32.30218646409559824, 789.9065715302249373 ) ) ;
#2833 = PRODUCT_DEFINITION ( 'UNKNOWN', '', #2363, #2082 ) ;
#2834 = B_SPLINE_CURVE_WITH_KNOTS ( 'NONE', 3,
 ( #517, #2708, #1489, #796 ),
 .UNSPECIFIED., .F., .F.,
 ( 4, 4 ),
 ( 3.709091392479945275E-06, 0.0003054542895832510212 ),
 .UNSPECIFIED. ) ;
#2835 = CARTESIAN_POINT ( 'NONE',  ( -11.81300785261190001, -7.619700576190560959, 860.0333613749240840 ) ) ;
#2836 = VECTOR ( 'NONE', #2974, 1000.000000000000000 ) ;
#2837 = CARTESIAN_POINT ( 'NONE',  ( -204.0748655608090019, 123.5050487846479967, 928.0965306210260906 ) ) ;
#2838 = CARTESIAN_POINT ( 'NONE',  ( -72.54706930949269861, 27.49076789955329758, 878.3634469268340581 ) ) ;
#2839 = CARTESIAN_POINT ( 'NONE',  ( -132.0785975616420558, 74.70296832433528778, 900.3396344126911117 ) ) ;
#2840 = CARTESIAN_POINT ( 'NONE',  ( -26.91879591457730214, -1.761374129929464960, 898.8893503246649743 ) ) ;
#2841 = ORIENTED_EDGE ( 'NONE', *, *, #2154, .F. ) ;
#2842 = CARTESIAN_POINT ( 'NONE',  ( -142.2209101187737872, 79.08493331287259309, 816.2871264268949290 ) ) ;
#2843 = DIRECTION ( 'NONE',  ( -0.5735754540170119320, -0.8191527320987951333, 6.652693133735981243E-06 ) ) ;
#2844 = CARTESIAN_POINT ( 'NONE',  ( -70.71123809614229572, 30.11260658761455034, 782.9757322507870185 ) ) ;
#2845 = EDGE_LOOP ( 'NONE', ( #2252, #18, #2400, #1119 ) ) ;
#2846 = CARTESIAN_POINT ( 'NONE',  ( -24.73713040236125238, 1.354078168028900242, 862.8608083036309608 ) ) ;
#2847 = CARTESIAN_POINT ( 'NONE',  ( -205.7701826768723095, 121.0837700923174935, 901.3820113112088848 ) ) ;
#2848 = CARTESIAN_POINT ( 'NONE',  ( -139.9703872389797823, 82.29901307777811326, 828.6953401556089602 ) ) ;
#2849 = CARTESIAN_POINT ( 'NONE',  ( -132.3425369708440940, 74.32606637787209536, 906.1941790232604035 ) ) ;
#2850 = CARTESIAN_POINT ( 'NONE',  ( -134.4544550178884208, 71.30974467975221387, 883.6751330319121962 ) ) ;
#2851 = CARTESIAN_POINT ( 'NONE',  ( -214.3974881145580014, 127.1048196018886074, 902.2495147726269806 ) ) ;
#2852 = CARTESIAN_POINT ( 'NONE',  ( -26.76610526647168342, -1.543634696868139811, 859.0879484223207783 ) ) ;
#2853 = CARTESIAN_POINT ( 'NONE',  ( -28.52686137915940279, -4.058228977739434917, 862.8608046763099537 ) ) ;
#2854 = ORIENTED_EDGE ( 'NONE', *, *, #1256, .F. ) ;
#2855 = CARTESIAN_POINT ( 'NONE',  ( -70.49676120809920121, 30.41891132776559914, 783.3151454787860075 ) ) ;
#2856 = EDGE_CURVE ( 'NONE', #1131, #2591, #2872, .T. ) ;
#2857 = CARTESIAN_POINT ( 'NONE',  ( -214.8923957692269937, 126.3980182213511938, 880.8759552180511037 ) ) ;
#2858 = CARTESIAN_POINT ( 'NONE',  ( -142.2209101187737872, 79.08493331287259309, 816.2871264268949290 ) ) ;
#2859 = CARTESIAN_POINT ( 'NONE',  ( -213.1141242735614867, 128.9376531133328001, 932.4711199944230202 ) ) ;
#2860 = DIRECTION ( 'NONE',  ( 0.5735451565001939978, 0.8191739457863438378, 0.000000000000000000 ) ) ;
#2861 = CARTESIAN_POINT ( 'NONE',  ( 2.237035931482319828, -16.80518355171765066, 758.9183168595859570 ) ) ;
#2862 = CARTESIAN_POINT ( 'NONE',  ( -131.9215444299956630, 74.92722800052483478, 896.5206811426056674 ) ) ;
#2863 = CARTESIAN_POINT ( 'NONE',  ( -163.5230177500494904, 181.4192007410755139, 928.0960530983649051 ) ) ;
#2864 = CARTESIAN_POINT ( 'NONE',  ( -73.37886175955610213, 26.30284516997184951, 854.2397849122789921 ) ) ;
#2865 = CARTESIAN_POINT ( 'NONE',  ( -38.58715469396380371, 7.385258177849830297, 861.7734593612281060 ) ) ;
#2866 = B_SPLINE_CURVE_WITH_KNOTS ( 'NONE', 3,
 ( #573, #2535, #1332, #347, #2295, #1752, #2729, #1317, #539, #2489 ),
 .UNSPECIFIED., .F., .F.,
 ( 4, 3, 3, 4 ),
 ( 0.001800467786166559843, 0.004999186222237120281, 0.01494648064950879901, 0.02280046859145740124 ),
 .UNSPECIFIED. ) ;
#2867 = CARTESIAN_POINT ( 'NONE',  ( -96.98164501290840178, 48.08252093390539983, 874.5359538378939988 ) ) ;
#2868 = CARTESIAN_POINT ( 'NONE',  ( -33.93253212464035329, 7.747787721034229413, 864.7365413003549293 ) ) ;
#2869 = AXIS2_PLACEMENT_3D ( 'NONE', #417, #1882, #2156 ) ;
#2870 = ORIENTED_EDGE ( 'NONE', *, *, #1171, .F. ) ;
#2871 = CARTESIAN_POINT ( 'NONE',  ( -0.3293178989757525321, -20.47031665928130195, 749.6643380746800176 ) ) ;
#2872 = B_SPLINE_CURVE_WITH_KNOTS ( 'NONE', 3,
 ( #2846, #3101, #1673, #907 ),
 .UNSPECIFIED., .F., .F.,
 ( 4, 4 ),
 ( 0.01811636050799285066, 0.06410804152312769844 ),
 .UNSPECIFIED. ) ;
#2873 = CARTESIAN_POINT ( 'NONE',  ( -211.5941804628775174, 131.1083578369211864, 856.1807038834540435 ) ) ;
#2874 = MECHANICAL_DESIGN_GEOMETRIC_PRESENTATION_REPRESENTATION (  '', ( #2466 ), #2613 ) ;
#2875 = CARTESIAN_POINT ( 'NONE',  ( -23.92976098232174920, -7.304066732768300874, 861.8522228875999645 ) ) ;
#2876 = CARTESIAN_POINT ( 'NONE',  ( -211.5941804628775174, 131.1083578369211864, 856.1807038834540435 ) ) ;
#2877 = ADVANCED_FACE ( 'NONE', ( #1657 ), #1655, .T. ) ;
#2878 = CARTESIAN_POINT ( 'NONE',  ( -78.25481785643160038, 38.53075132380694612, 874.3358977729239996 ) ) ;
#2879 = CARTESIAN_POINT ( 'NONE',  ( -139.5473877927549893, 82.90311889375669807, 848.7807608943039668 ) ) ;
#2880 = CARTESIAN_POINT ( 'NONE',  ( -132.5627927045200352, 74.01136469438309007, 882.6301824498253836 ) ) ;
#2881 = CARTESIAN_POINT ( 'NONE',  ( -214.1085528700454859, 127.5174618954162185, 853.5447280509511074 ) ) ;
#2882 = FILL_AREA_STYLE ('',( #295 ) ) ;
#2883 = CARTESIAN_POINT ( 'NONE',  ( -3.424372282222404973, -24.89051240747344806, 795.2858572951030283 ) ) ;
#2884 = CARTESIAN_POINT ( 'NONE',  ( -40.77769832403404848, 8.919093338287060746, 862.2552341241180329 ) ) ;
#2885 = CARTESIAN_POINT ( 'NONE',  ( -30.71539853324469860, 1.754655089320130035, 859.9925496411240147 ) ) ;
#2886 = CARTESIAN_POINT ( 'NONE',  ( -2.916997114121235413, -24.16590557247934967, 828.2056663190579684 ) ) ;
#2887 = EDGE_CURVE ( 'NONE', #185, #915, #1008, .T. ) ;
#2888 = ORIENTED_EDGE ( 'NONE', *, *, #2856, .F. ) ;
#2889 = CARTESIAN_POINT ( 'NONE',  ( -214.6553182362659982, 126.7366000274932105, 860.8322380219069601 ) ) ;
#2890 = CARTESIAN_POINT ( 'NONE',  ( -211.7080329200020117, 130.9457596772145962, 854.8584957246520162 ) ) ;
#2891 = CARTESIAN_POINT ( 'NONE',  ( -211.6489584254999841, 131.0301267987892118, 855.5190468485878910 ) ) ;
#2892 = CARTESIAN_POINT ( 'NONE',  ( -197.4894342576209851, 115.1907129635654030, 898.9634958268069340 ) ) ;
#2893 = CARTESIAN_POINT ( 'NONE',  ( -140.0690198236962090, 82.15815114851598366, 827.0286419538869040 ) ) ;
#2894 = CARTESIAN_POINT ( 'NONE',  ( -205.5992310093165827, 121.3279143755865448, 906.2430566793079834 ) ) ;
#2895 = CARTESIAN_POINT ( 'NONE',  ( 3.416302434430145141, -15.12101644611495033, 790.5809672639300061 ) ) ;
#2896 = PLANE ( 'NONE',  #2869 ) ;
#2897 = CARTESIAN_POINT ( 'NONE',  ( -71.82613253791420505, 28.52037231286979946, 784.1337244893340994 ) ) ;
#2898 = DIRECTION ( 'NONE',  ( -0.1450182577416639917, 0.1015346249225079767, -0.9842054789846569340 ) ) ;
#2899 = CARTESIAN_POINT ( 'NONE',  ( -2.437206240514279809, -23.48069319268450172, 761.2447133951329761 ) ) ;
#2900 = PLANE ( 'NONE',  #3034 ) ;
#2901 = CARTESIAN_POINT ( 'NONE',  ( -139.5892396138135894, 82.84334829893380459, 855.4823067221210522 ) ) ;
#2902 = FACE_OUTER_BOUND ( 'NONE', #3058, .T. ) ;
#2903 = EDGE_CURVE ( 'NONE', #338, #1364, #37, .T. ) ;
#2904 = CARTESIAN_POINT ( 'NONE',  ( -72.99279087707189717, 26.85421153125295035, 866.3047283433330676 ) ) ;
#2905 = VERTEX_POINT ( 'NONE', #769 ) ;
#2906 = CARTESIAN_POINT ( 'NONE',  ( -214.7600552234034978, 126.5870201080805941, 863.5000270594659924 ) ) ;
#2907 = CARTESIAN_POINT ( 'NONE',  ( -139.5603308340247963, 82.88463431516659341, 852.1316916243849846 ) ) ;
#2908 = CARTESIAN_POINT ( 'NONE',  ( -68.68855139764119144, 33.00130256434290033, 795.8869776389780100 ) ) ;
#2909 = CARTESIAN_POINT ( 'NONE',  ( -2.645435776920375126, -23.77807579004770133, 837.6034530560610847 ) ) ;
#2910 = CARTESIAN_POINT ( 'NONE',  ( 2.948480004174594882, -15.78913611739370104, 769.4288572106158881 ) ) ;
#2911 = CARTESIAN_POINT ( 'NONE',  ( -32.35971723546969514, 6.507106600978069366, 866.2496479224819268 ) ) ;
#2912 = CARTESIAN_POINT ( 'NONE',  ( -68.06841786206661027, 33.88694503708774874, 818.0053656269460589 ) ) ;
#2913 = CARTESIAN_POINT ( 'NONE',  ( -67.33949509093230290, 27.76241063593764835, 905.6261564652099878 ) ) ;
#2914 = CARTESIAN_POINT ( 'NONE',  ( -214.3648803209605092, 127.1513883573194050, 856.1807038834540435 ) ) ;
#2915 = CARTESIAN_POINT ( 'NONE',  ( -144.2176455449522052, 76.23329959398459721, 833.7075920478930584 ) ) ;
#2916 = CARTESIAN_POINT ( 'NONE',  ( -39.90372625377145255, -4.266854834820230202, 871.6745982347021027 ) ) ;
#2917 = CARTESIAN_POINT ( 'NONE',  ( -139.9087621913922135, 82.38702276665570423, 872.2274645212288533 ) ) ;
#2918 = CARTESIAN_POINT ( 'NONE',  ( -20.48668630056320339, -10.04330170236315034, 857.2682697985335381 ) ) ;
#2919 = CARTESIAN_POINT ( 'NONE',  ( -73.82339907387519418, 25.66798009060475039, 834.1156043882299400 ) ) ;
#2920 = CARTESIAN_POINT ( 'NONE',  ( -3.416300187990134685, -24.87898426218539782, 790.5809672639379642 ) ) ;
#2921 = ORIENTED_EDGE ( 'NONE', *, *, #1351, .F. ) ;
#2922 = CARTESIAN_POINT ( 'NONE',  ( -143.7223222941451866, 76.94069450731811344, 824.5353737206800133 ) ) ;
#2923 = CARTESIAN_POINT ( 'NONE',  ( -68.68855139764119144, 33.00130256434290033, 795.8869776389780100 ) ) ;
#2924 = EDGE_CURVE ( 'NONE', #1787, #2539, #2569, .T. ) ;
#2925 = CARTESIAN_POINT ( 'NONE',  ( 2.237035931482319828, -16.80518355171765066, 758.9183168595859570 ) ) ;
#2926 = ORIENTED_EDGE ( 'NONE', *, *, #2025, .T. ) ;
#2927 = CARTESIAN_POINT ( 'NONE',  ( -214.3070242498394862, 127.2340153899683912, 904.9188924148309070 ) ) ;
#2928 = CARTESIAN_POINT ( 'NONE',  ( -211.1006191684425062, 131.8132364157731899, 883.5493426762910758 ) ) ;
#2929 = CARTESIAN_POINT ( 'NONE',  ( -131.6011270902901344, 75.38457886225943128, 884.3171524333509979 ) ) ;
#2930 = CARTESIAN_POINT ( 'NONE',  ( -2.237033685046899922, -23.19481715658929843, 758.9183168595859570 ) ) ;
#2931 = CARTESIAN_POINT ( 'NONE',  ( -144.4253186476545920, 75.93671166630609548, 848.7807608943210198 ) ) ;
#2932 = CARTESIAN_POINT ( 'NONE',  ( -35.09464971040550552, 4.310689856583248769, 860.9015035398870168 ) ) ;
#2933 = CARTESIAN_POINT ( 'NONE',  ( -68.16295302311209525, 33.75193483527320382, 834.1156043882568838 ) ) ;
#2934 = CARTESIAN_POINT ( 'NONE',  ( -214.4716391828862072, 126.9981541377381973, 899.9888333527749182 ) ) ;
#2935 = CARTESIAN_POINT ( 'NONE',  ( -213.3003725701574922, 128.6716629797894029, 928.9205489852549817 ) ) ;
#2936 = CARTESIAN_POINT ( 'NONE',  ( -73.82339907387519418, 25.66798009060475039, 834.1156043882299400 ) ) ;
#2937 = ORIENTED_EDGE ( 'NONE', *, *, #1031, .F. ) ;
#2938 = CARTESIAN_POINT ( 'NONE',  ( -2.437206240514279809, -23.48069319268450172, 761.2447133951329761 ) ) ;
#2939 = CARTESIAN_POINT ( 'NONE',  ( -211.3708284592619862, 131.4273375556863925, 859.5003222140350090 ) ) ;
#2940 = CARTESIAN_POINT ( 'NONE',  ( 3.226746482433515251, -15.39173040112504864, 777.2550534968040665 ) ) ;
#2941 = VERTEX_POINT ( 'NONE', #2767 ) ;
#2942 =( GEOMETRIC_REPRESENTATION_CONTEXT ( 3 ) GLOBAL_UNCERTAINTY_ASSIGNED_CONTEXT ( ( #2562 ) ) GLOBAL_UNIT_ASSIGNED_CONTEXT ( ( #958, #2983, #2501 ) ) REPRESENTATION_CONTEXT ( 'NONE', 'WORKASPACE' ) );
#2943 = CARTESIAN_POINT ( 'NONE',  ( -214.8155762876419885, 126.5077278108561956, 886.2223378910109659 ) ) ;
#2944 = CARTESIAN_POINT ( 'NONE',  ( 3.380400606398760388, -15.17228957025640135, 785.8764603994700337 ) ) ;
#2945 = CARTESIAN_POINT ( 'NONE',  ( -131.5360379552797951, 75.47788453520739438, 884.7001098591604205 ) ) ;
#2946 = CARTESIAN_POINT ( 'NONE',  ( -1.382372386768585981, -21.97423432701349810, 752.6280532337590330 ) ) ;
#2947 = CARTESIAN_POINT ( 'NONE',  ( -214.7121072307444933, 126.6554969382242035, 862.1656150637800238 ) ) ;
#2948 = CARTESIAN_POINT ( 'NONE',  ( -55.80670837510379556, 18.78234868297155202, 865.4462873358040724 ) ) ;
#2949 = CARTESIAN_POINT ( 'NONE',  ( -68.22753457357211460, 33.65970282271155156, 838.1419576932340760 ) ) ;
#2950 = CARTESIAN_POINT ( 'NONE',  ( -38.76377245070129618, 7.143034685642420278, 861.7415572977979537 ) ) ;
#2951 = CARTESIAN_POINT ( 'NONE',  ( -3.365608941330175075, -24.80658965930870252, 804.6950097304069232 ) ) ;
#2952 = CARTESIAN_POINT ( 'NONE',  ( -214.8134919917214916, 126.5107044939202154, 865.2803076157031228 ) ) ;
#2953 = ORIENTED_EDGE ( 'NONE', *, *, #2887, .T. ) ;
#2954 = CARTESIAN_POINT ( 'NONE',  ( -72.56368898588199556, 27.46703254184505028, 787.9383018531509606 ) ) ;
#2955 = CARTESIAN_POINT ( 'NONE',  ( -139.9703872389797823, 82.29901307777811326, 828.6953401556089602 ) ) ;
#2956 = CARTESIAN_POINT ( 'NONE',  ( -125.7169905980925790, 68.39422557883470688, 880.8848025178808712 ) ) ;
#2957 = CARTESIAN_POINT ( 'NONE',  ( -139.9087621913922135, 82.38702276665570423, 872.2274645212288533 ) ) ;
#2958 = ORIENTED_EDGE ( 'NONE', *, *, #2887, .F. ) ;
#2959 = CARTESIAN_POINT ( 'NONE',  ( -144.2871969055265993, 76.13396995701440062, 862.1821477921479300 ) ) ;
#2960 = CARTESIAN_POINT ( 'NONE',  ( -125.7169905980925790, 68.39422557883470688, 880.8848025178808712 ) ) ;
#2961 = CARTESIAN_POINT ( 'NONE',  ( -71.82613253791420505, 28.52037231286979946, 784.1337244893340994 ) ) ;
#2962 = CARTESIAN_POINT ( 'NONE',  ( -25.03282252864896762, 0.9318474413978852233, 870.4594910548843245 ) ) ;
#2963 = EDGE_CURVE ( 'NONE', #1995, #51, #2409, .T. ) ;
#2964 = B_SPLINE_CURVE_WITH_KNOTS ( 'NONE', 3,
 ( #2755, #1166, #2158, #194, #1899, #2256, #2379 ),
 .UNSPECIFIED., .F., .F.,
 ( 4, 3, 4 ),
 ( 0.005109184936964800139, 0.006385262502843559382, 0.007109262129446930478 ),
 .UNSPECIFIED. ) ;
#2965 = CARTESIAN_POINT ( 'NONE',  ( -37.60287248619255251, 5.963667198176610285, 870.7892482630689983 ) ) ;
#2966 = CARTESIAN_POINT ( 'NONE',  ( -213.7648643624950182, 128.0082999524152285, 851.2833256139221021 ) ) ;
#2967 = ADVANCED_FACE ( 'NONE', ( #878 ), #1565, .T. ) ;
#2968 = CARTESIAN_POINT ( 'NONE',  ( -213.1667062286724956, 128.8625582989496081, 849.5985206030029531 ) ) ;
#2969 = CARTESIAN_POINT ( 'NONE',  ( -194.5830746149169954, 119.3414142024883944, 898.9634942859950115 ) ) ;
#2970 = CARTESIAN_POINT ( 'NONE',  ( -139.8151822634453936, 82.52066875422430314, 832.0353679491399816 ) ) ;
#2971 = CARTESIAN_POINT ( 'NONE',  ( -202.9529268536171855, 125.1072330906687000, 901.3820118190991479 ) ) ;
#2972 = CARTESIAN_POINT ( 'NONE',  ( -3.416300187990134685, -24.87898426218539782, 790.5809672639379642 ) ) ;
#2973 = CARTESIAN_POINT ( 'NONE',  ( -214.8630383745644963, 126.4399449260229744, 867.5070630339199624 ) ) ;
#2974 = DIRECTION ( 'NONE',  ( 0.5735764357580607209, 0.8191520447042046627, -5.374424790391357112E-09 ) ) ;
#2975 = CARTESIAN_POINT ( 'NONE',  ( -69.76996189972729212, 31.45688831131864660, 886.3986710218790677 ) ) ;
#2976 = CARTESIAN_POINT ( 'NONE',  ( -211.9479497384409967, 130.6031229511783920, 912.9243695729949195 ) ) ;
#2977 = CARTESIAN_POINT ( 'NONE',  ( -27.72275031642126564, -2.909678454960009653, 882.2470069193883546 ) ) ;
#2978 = CARTESIAN_POINT ( 'NONE',  ( -211.1434844961740112, 131.7520183834151908, 886.2223378906450080 ) ) ;
#2979 = ORIENTED_EDGE ( 'NONE', *, *, #656, .F. ) ;
#2980 = CARTESIAN_POINT ( 'NONE',  ( -143.8705621144866029, 76.72898610337709613, 878.9209195031679656 ) ) ;
#2981 = CARTESIAN_POINT ( 'NONE',  ( -141.9352443652392139, 79.49290628937760061, 922.3635608615219326 ) ) ;
#2982 = CARTESIAN_POINT ( 'NONE',  ( -142.8898009853463975, 78.12965815504939826, 818.0037412710199760 ) ) ;
#2983 =( NAMED_UNIT ( * ) PLANE_ANGLE_UNIT ( ) SI_UNIT ( $, .RADIAN. ) );
#2984 = CARTESIAN_POINT ( 'NONE',  ( -131.5136557435284885, 75.50966234595465210, 884.9128931195778023 ) ) ;
#2985 = CARTESIAN_POINT ( 'NONE',  ( -213.4295091320669826, 128.4872368563013936, 850.0847312374960438 ) ) ;
#2986 = CARTESIAN_POINT ( 'NONE',  ( -1.132303598753130025, -21.61709908586080076, 751.5356442139880073 ) ) ;
#2987 = CARTESIAN_POINT ( 'NONE',  ( 1.428785959053089805, -17.95948413879180094, 870.4686297551020289 ) ) ;
#2988 = CARTESIAN_POINT ( 'NONE',  ( -134.9422602180966066, 74.48756492766879944, 882.8533313496229766 ) ) ;
#2989 = CARTESIAN_POINT ( 'NONE',  ( -73.91793423491888859, 25.53296988879319684, 818.0053656269450357 ) ) ;
#2990 = CARTESIAN_POINT ( 'NONE',  ( -73.60294112318399584, 25.98282667345495156, 801.9051208345010764 ) ) ;
#2991 = CARTESIAN_POINT ( 'NONE',  ( -134.1274125602800780, 71.77695342143402968, 901.1198565314405187 ) ) ;
#2992 = CARTESIAN_POINT ( 'NONE',  ( -139.7499870315779731, 82.61377719466470637, 865.5312440160320193 ) ) ;
#2993 = DIRECTION ( 'NONE',  ( 0.8191520447042046627, -0.5735764357580608319, 3.763212682774907874E-09 ) ) ;
#2994 = ORIENTED_EDGE ( 'NONE', *, *, #2121, .T. ) ;
#2995 = VERTEX_POINT ( 'NONE', #115 ) ;
#2996 = CARTESIAN_POINT ( 'NONE',  ( -144.4123756063879966, 75.95519624489290322, 852.1316916243559945 ) ) ;
#2997 = CARTESIAN_POINT ( 'NONE',  ( -211.9479497384409967, 130.6031229511783920, 912.9243695729949195 ) ) ;
#2998 = CARTESIAN_POINT ( 'NONE',  ( -0.7918879325731510432, -21.13093513074210250, 750.5201798300380460 ) ) ;
#2999 = SURFACE_STYLE_USAGE ( .BOTH. , #690 ) ;
#3000 = CARTESIAN_POINT ( 'NONE',  ( -131.5557624986277574, 75.44983290127751729, 884.5577032541889366 ) ) ;
#3001 = CARTESIAN_POINT ( 'NONE',  ( -143.0642838748404131, 77.88047076420708947, 818.9327634362028903 ) ) ;
#3002 = CARTESIAN_POINT ( 'NONE',  ( -72.90836507797089894, 26.97478406795650230, 790.8983764812750223 ) ) ;
#3003 = LINE ( 'NONE', #2262, #2620 ) ;
#3004 = CARTESIAN_POINT ( 'NONE',  ( -94.87508803519889966, 50.08114772694980132, 877.8262153511859651 ) ) ;
#3005 = CARTESIAN_POINT ( 'NONE',  ( -144.2845760731452174, 76.13771289355528893, 835.9385562427360128 ) ) ;
#3006 = CARTESIAN_POINT ( 'NONE',  ( -133.9072226369140708, 72.09145830829206147, 906.0648938377640889 ) ) ;
#3007 = CARTESIAN_POINT ( 'NONE',  ( 3.365611187767299839, -15.19341104899580053, 804.6950097304380733 ) ) ;
#3008 = CARTESIAN_POINT ( 'NONE',  ( -212.8449364994044970, 129.3220930964347986, 932.4711197887559138 ) ) ;
#3009 = DIRECTION ( 'NONE',  ( 0.5735764357580607209, 0.8191520447042046627, -5.374424790391357112E-09 ) ) ;
#3010 = ORIENTED_EDGE ( 'NONE', *, *, #1985, .T. ) ;
#3011 = CARTESIAN_POINT ( 'NONE',  ( -205.6418228921305058, 121.2669629667899756, 899.4483201810825221 ) ) ;
#3012 = CARTESIAN_POINT ( 'NONE',  ( -72.69385533620079798, 27.28113572809244758, 788.9194395436020386 ) ) ;
#3013 = CARTESIAN_POINT ( 'NONE',  ( 123.4071913921557950, -86.40362314277248856, 837.5361544516480308 ) ) ;
#3014 = B_SPLINE_CURVE_WITH_KNOTS ( 'NONE', 3,
 ( #2053, #1816, #2868, #2128 ),
 .UNSPECIFIED., .F., .F.,
 ( 4, 4 ),
 ( 0.000000000000000000, 0.0001858481131158020306 ),
 .UNSPECIFIED. ) ;
#3015 = CARTESIAN_POINT ( 'NONE',  ( -205.1985809901052562, 121.9001019019238328, 916.3249800175422024 ) ) ;
#3016 = CARTESIAN_POINT ( 'NONE',  ( -70.16021955816479760, 30.89954261430490234, 784.1337244893330762 ) ) ;
#3017 = CARTESIAN_POINT ( 'NONE',  ( -213.6230396702299856, 128.2108466039802295, 850.6627944633120251 ) ) ;
#3018 = CARTESIAN_POINT ( 'NONE',  ( -141.2678637642401895, 80.44602456443250560, 909.0103294639579872 ) ) ;
#3019 = CARTESIAN_POINT ( 'NONE',  ( -20.11473213411350258, -1.855646477360745061, 861.8522246252209698 ) ) ;
#3020 = CARTESIAN_POINT ( 'NONE',  ( -172.7099393010574886, 97.69125481780261566, 893.5957720645949394 ) ) ;
#3021 = CARTESIAN_POINT ( 'NONE',  ( -139.6855095348730060, 82.70586060306339959, 862.1821477919388599 ) ) ;
#3022 = CARTESIAN_POINT ( 'NONE',  ( 2.112704018191790212, -16.98274792585795012, 853.2587429934859529 ) ) ;
#3023 = EDGE_CURVE ( 'NONE', #1006, #86, #2143, .T. ) ;
#3024 = CARTESIAN_POINT ( 'NONE',  ( -27.29919617281613142, -2.304704922294236180, 891.3308105982349616 ) ) ;
#3025 = EDGE_LOOP ( 'NONE', ( #3045, #1404, #1592, #595, #785, #746, #2715, #1608, #1669 ) ) ;
#3026 =( BOUNDED_SURFACE ( )  B_SPLINE_SURFACE ( 2, 3, ( 
 ( #1168, #1934, #725, #675, #1698, #2674, #1649, #1401, #196, #3122, #2206, #2948, #1485, #2932, #2465, #1730, #2691, #1747 ),
 ( #262, #24, #1714, #2706, #1470, #2447, #498, #280, #515, #299, #1247, #741, #2225, #42, #1229, #2723, #995, #1014 ),
 ( #1965, #757, #1984, #2969, #535, #775, #1508, #2484, #607, #3004, #2726, #2760, #2506, #94, #571, #3019, #2209, #811 ) ),
 .UNSPECIFIED., .F., .F., .T. ) 
 B_SPLINE_SURFACE_WITH_KNOTS ( ( 3, 3 ),
 ( 4, 2, 2, 2, 2, 2, 2, 2, 4 ),
 ( 0.000000000000000000, 1.000000000000000000 ),
 ( 0.000000000000000000, 0.01540343205230465008, 0.03080686410460935221, 0.06161372820921870441, 0.1232274564184374088, 0.1848411846276560022, 0.2156480487322655071, 0.2310514807845699958, 0.2464549128368744846 ),
 .UNSPECIFIED. ) 
 GEOMETRIC_REPRESENTATION_ITEM ( )  RATIONAL_B_SPLINE_SURFACE ( (
 ( 1.000000000000000000, 1.000000000000000000, 1.000000000000000000, 1.000000000000000000, 1.000000000000000000, 1.000000000000000000, 1.000000000000000000, 1.000000000000000000, 1.000000000000000000, 1.000000000000000000, 1.000000000000000000, 1.000000000000000000, 1.000000000000000000, 1.000000000000000000, 1.000000000000000000, 1.000000000000000000, 1.000000000000000000, 1.000000000000000000),
 ( 0.6862519015050490001, 0.6861426007319110232, 0.6860400549208449661, 0.6858400810164000383, 0.6857429543038719988, 0.6854601660540640129, 0.6852832518757210334, 0.6847849275661780366, 0.6844956243396970175, 0.6839934140675050234, 0.6837776184227289944, 0.6835040114160589875, 0.6834212132125300210, 0.6833094449997310083, 0.6832742609155110225, 0.6832080125876860421, 0.6831769938811470544, 0.6831460226608949693),
 ( 1.000000000000000000, 1.000000000000000000, 1.000000000000000000, 1.000000000000000000, 1.000000000000000000, 1.000000000000000000, 1.000000000000000000, 1.000000000000000000, 1.000000000000000000, 1.000000000000000000, 1.000000000000000000, 1.000000000000000000, 1.000000000000000000, 1.000000000000000000, 1.000000000000000000, 1.000000000000000000, 1.000000000000000000, 1.000000000000000000) ) ) 
 REPRESENTATION_ITEM ( '' )  SURFACE ( )  );
#3027 = CARTESIAN_POINT ( 'NONE',  ( -59.82213523153586010, 21.88784821915977474, 866.3666240393509952 ) ) ;
#3028 = CARTESIAN_POINT ( 'NONE',  ( -1.513215935008985102, -22.16109827962809931, 753.3783439421068806 ) ) ;
#3029 = ORIENTED_EDGE ( 'NONE', *, *, #2207, .F. ) ;
#3030 = FACE_OUTER_BOUND ( 'NONE', #1581, .T. ) ;
#3031 = CARTESIAN_POINT ( 'NONE',  ( -134.3729128965600808, 71.42633691055239353, 883.4966767244725361 ) ) ;
#3032 = CARTESIAN_POINT ( 'NONE',  ( -72.41958872080398635, 27.67282904818744882, 786.9630249103829556 ) ) ;
#3033 = EDGE_CURVE ( 'NONE', #1954, #2181, #1413, .T. ) ;
#3034 = AXIS2_PLACEMENT_3D ( 'NONE', #2916, #2191, #710 ) ;
#3035 = CARTESIAN_POINT ( 'NONE',  ( -142.5503020655689852, 78.61451286062029453, 816.8965474350100067 ) ) ;
#3036 = CARTESIAN_POINT ( 'NONE',  ( 2.112704018191790212, -16.98274792585795012, 853.2587429934859529 ) ) ;
#3037 = CARTESIAN_POINT ( 'NONE',  ( -203.1816205665878101, 125.5003144991236752, 898.1707765995962518 ) ) ;
#3038 = CARTESIAN_POINT ( 'NONE',  ( -98.30393202112529139, 45.18425907287969778, 877.8262141948480348 ) ) ;
#3039 = CARTESIAN_POINT ( 'NONE',  ( -141.5842488595474151, 79.99417982120719728, 915.6895922766640297 ) ) ;
#3040 = CARTESIAN_POINT ( 'NONE',  ( -26.63212852711649958, -1.352295818966280150, 859.0753413983360360 ) ) ;
#3041 = DIRECTION ( 'NONE',  ( 0.5735754540170472371, 0.8191527320987703753, -6.652693211132082821E-06 ) ) ;
#3042 = ORIENTED_EDGE ( 'NONE', *, *, #423, .T. ) ;
#3043 = CARTESIAN_POINT ( 'NONE',  ( -143.0039966840765828, 77.96656979552869871, 902.3287122475110209 ) ) ;
#3044 = CARTESIAN_POINT ( 'NONE',  ( -212.2584723136424998, 130.1596507543563916, 850.9684581342299907 ) ) ;
#3045 = ORIENTED_EDGE ( 'NONE', *, *, #204, .T. ) ;
#3046 = FACE_OUTER_BOUND ( 'NONE', #1336, .T. ) ;
#3047 = CARTESIAN_POINT ( 'NONE',  ( -133.7971679928686228, 72.24844591089869539, 882.7157409422919727 ) ) ;
#3048 = CARTESIAN_POINT ( 'NONE',  ( -211.3037425475694988, 131.5231461667509905, 860.8322380219069601 ) ) ;
#3049 = CARTESIAN_POINT ( 'NONE',  ( -69.69760219206629870, 31.56022868358289557, 786.1555536891548854 ) ) ;
#3050 = CARTESIAN_POINT ( 'NONE',  ( -177.9714809423605004, 107.8101980967543909, 895.3729555317380573 ) ) ;
#3051 = CARTESIAN_POINT ( 'NONE',  ( -134.2365259183101784, 71.62097664900987581, 883.2307060474613536 ) ) ;
#3052 = CARTESIAN_POINT ( 'NONE',  ( -214.1803077050205104, 127.4149853708730120, 908.4774181441999872 ) ) ;
#3053 = CARTESIAN_POINT ( 'NONE',  ( -37.68050285332719795, 2.395130786879009932, 864.6745981909930379 ) ) ;
#3054 = CARTESIAN_POINT ( 'NONE',  ( -34.05767986638419131, -0.1532875389778290132, 864.0720984780308527 ) ) ;
#3055 = VERTEX_POINT ( 'NONE', #2798 ) ;
#3056 = DIRECTION ( 'NONE',  ( 6.403358104949839224E-16, 6.560960761625800054E-09, 1.000000000000000000 ) ) ;
#3057 = CARTESIAN_POINT ( 'NONE',  ( -0.1124403647928799987, -20.16058344113090328, 749.5127573054589902 ) ) ;
#3058 = EDGE_LOOP ( 'NONE', ( #1479, #1235, #967, #508, #1857 ) ) ;
#3059 = DIRECTION ( 'NONE',  ( 0.8062139315774642379, -0.5645170692176494365, -0.1770298706216655582 ) ) ;
#3060 = CARTESIAN_POINT ( 'NONE',  ( -134.3254080516902604, 71.49404856747129600, 883.4002611304313177 ) ) ;
#3061 = CARTESIAN_POINT ( 'NONE',  ( -211.5262070134544956, 131.2054339832250207, 857.0641459396191522 ) ) ;
#3062 = EDGE_CURVE ( 'NONE', #2570, #367, #1595, .T. ) ;
#3063 = CARTESIAN_POINT ( 'NONE',  ( -212.0326727237695081, 130.4821259885553957, 852.2458641094949598 ) ) ;
#3064 = CARTESIAN_POINT ( 'NONE',  ( -178.2675878963507046, 108.2164750996106477, 892.7167348607316626 ) ) ;
#3065 = ADVANCED_FACE ( 'NONE', ( #892 ), #1145, .T. ) ;
#3066 = CARTESIAN_POINT ( 'NONE',  ( -124.3855896609411928, 67.46204437020409728, 889.9207137022769984 ) ) ;
#3067 = CARTESIAN_POINT ( 'NONE',  ( -73.12908895018810540, 26.65955770980924910, 862.2838302956810139 ) ) ;
#3068 = CARTESIAN_POINT ( 'NONE',  ( -204.6483490106334955, 122.6860279643167928, 928.0965304994500684 ) ) ;
#3069 = LINE ( 'NONE', #1607, #2618 ) ;
#3070 = EDGE_LOOP ( 'NONE', ( #2829, #2683, #636, #157 ) ) ;
#3071 = CARTESIAN_POINT ( 'NONE',  ( -140.4763076335866003, 81.57648387465140161, 822.0533338693741143 ) ) ;
#3072 = DIRECTION ( 'NONE',  ( 0.5735754540170339144, 0.8191527320987797012, -6.652693138606622283E-06 ) ) ;
#3073 = CARTESIAN_POINT ( 'NONE',  ( -212.1192429393655061, 130.3584909077094096, 851.7099731832508951 ) ) ;
#3074 = ORIENTED_EDGE ( 'NONE', *, *, #190, .T. ) ;
#3075 = LINE ( 'NONE', #2801, #276 ) ;
#3076 = CARTESIAN_POINT ( 'NONE',  ( -134.7487473837821312, 70.88962456360140152, 885.3265770741777487 ) ) ;
#3077 = CARTESIAN_POINT ( 'NONE',  ( -211.5941804628775174, 131.1083578369211864, 856.1807038834540435 ) ) ;
#3078 = CARTESIAN_POINT ( 'NONE',  ( -55.80670837510379556, 18.78234868297155202, 865.4462873358040724 ) ) ;
#3079 = CARTESIAN_POINT ( 'NONE',  ( -183.7655739669105230, 109.0402809468577914, 893.6229428113169888 ) ) ;
#3080 = CARTESIAN_POINT ( 'NONE',  ( -142.3884575895160083, 78.84565072649741069, 915.6895921129030285 ) ) ;
#3081 = CARTESIAN_POINT ( 'NONE',  ( -131.5125588637410488, 75.51135536248119706, 885.8896173594163201 ) ) ;
#3082 = FILL_AREA_STYLE_COLOUR ( '', #1239 ) ;
#3083 = ORIENTED_EDGE ( 'NONE', *, *, #2782, .T. ) ;
#3084 = CARTESIAN_POINT ( 'NONE',  ( -140.9084225657159664, 80.95935979564609397, 818.9327634362028903 ) ) ;
#3085 = CARTESIAN_POINT ( 'NONE',  ( -71.85682420903259526, 28.47654006393900161, 894.4300682275210193 ) ) ;
#3086 = CARTESIAN_POINT ( 'NONE',  ( -69.42266311111170296, 31.95288238402414649, 787.9383018531509606 ) ) ;
#3087 = ORIENTED_EDGE ( 'NONE', *, *, #1667, .F. ) ;
#3088 = PLANE ( 'NONE',  #2472 ) ;
#3089 = CARTESIAN_POINT ( 'NONE',  ( -203.6146130009911417, 124.1621162292522200, 898.4626936474406875 ) ) ;
#3090 = CARTESIAN_POINT ( 'NONE',  ( 2.557274178348525329, -16.34783593777310173, 762.7989779438969435 ) ) ;
#3091 = CARTESIAN_POINT ( 'NONE',  ( -20.51418765255003507, -1.272372250756773404, 858.1771666229964239 ) ) ;
#3092 = VECTOR ( 'NONE', #2549, 1000.000000000000000 ) ;
#3093 = CARTESIAN_POINT ( 'NONE',  ( -154.5477306777929698, 84.87039690845659834, 889.7137174985530237 ) ) ;
#3094 = CARTESIAN_POINT ( 'NONE',  ( -72.21639019993020270, 27.96302661074594909, 886.3986709713020673 ) ) ;
#3095 = CARTESIAN_POINT ( 'NONE',  ( -202.0286359855744820, 121.4726495404620010, 897.5853792651380445 ) ) ;
#3096 = CARTESIAN_POINT ( 'NONE',  ( -37.52606393948634889, 2.615692437716145236, 868.7776427013488956 ) ) ;
#3097 = ORIENTED_EDGE ( 'NONE', *, *, #294, .T. ) ;
#3098 = CARTESIAN_POINT ( 'NONE',  ( -141.9062681934256034, 79.53428855139640063, 816.1794239721260737 ) ) ;
#3099 = CARTESIAN_POINT ( 'NONE',  ( -142.7048426717443874, 78.39380600195039506, 909.0103295476980065 ) ) ;
#3100 = CARTESIAN_POINT ( 'NONE',  ( -71.08943930124939925, 29.57247929039345280, 782.8460906387920204 ) ) ;
#3101 = CARTESIAN_POINT ( 'NONE',  ( -27.51754064322879856, 3.284739565883764811, 863.4676398369289245 ) ) ;
#3102 = CARTESIAN_POINT ( 'NONE',  ( -108.9031150243829842, 56.37723872061999941, 877.1530872750261096 ) ) ;
#3103 = CARTESIAN_POINT ( 'NONE',  ( -140.7997180499673959, 81.11460593313589129, 819.6044445099389577 ) ) ;
#3104 = LINE ( 'NONE', #910, #1486 ) ;
#3105 = CARTESIAN_POINT ( 'NONE',  ( -109.1296314324455921, 56.04716702116339633, 877.1740465881871387 ) ) ;
#3106 = CARTESIAN_POINT ( 'NONE',  ( -2.494889368003190278, -23.56307323623044780, 842.3009880572089969 ) ) ;
#3107 = CARTESIAN_POINT ( 'NONE',  ( -26.36786767345587990, -0.9748910896083671229, 859.1232725511791841 ) ) ;
#3108 = CARTESIAN_POINT ( 'NONE',  ( -183.9762900284285081, 108.7427231591259869, 893.6121763692259492 ) ) ;
#3109 = CARTESIAN_POINT ( 'NONE',  ( -127.8984286041166030, 68.94422291919299539, 915.4837572197169493 ) ) ;
#3110 = ADVANCED_FACE ( 'NONE', ( #2301 ), #2627, .T. ) ;
#3111 = ORIENTED_EDGE ( 'NONE', *, *, #1881, .T. ) ;
#3112 = CARTESIAN_POINT ( 'NONE',  ( 1.382374633031004052, -18.02576638154049959, 752.6280532337600562 ) ) ;
#3113 = CARTESIAN_POINT ( 'NONE',  ( 3.313960411766850189, -15.26717600178750089, 781.1729475034449024 ) ) ;
#3114 = CARTESIAN_POINT ( 'NONE',  ( -98.90643006497784029, 45.34344146536830777, 874.5369877385596737 ) ) ;
#3115 = CARTESIAN_POINT ( 'NONE',  ( -140.6797580898403908, 81.28592651108129985, 820.4158644909999794 ) ) ;
#3116 = DIRECTION ( 'NONE',  ( 0.5735754540170480142, 0.8191527320987698202, -6.652693141662019202E-06 ) ) ;
#3117 = CARTESIAN_POINT ( 'NONE',  ( 3.305880049553145295, -15.27871595497675017, 809.3987352442389920 ) ) ;
#3118 = ADVANCED_FACE ( 'NONE', ( #2097 ), #431, .T. ) ;
#3119 = CARTESIAN_POINT ( 'NONE',  ( -132.6834941980499138, 73.83910893143394105, 882.5599551844253483 ) ) ;
#3120 = CARTESIAN_POINT ( 'NONE',  ( -200.8617714043494971, 120.6618640970287970, 897.3298030975059874 ) ) ;
#3121 = CARTESIAN_POINT ( 'NONE',  ( -3.305877803111239910, -24.72128475332089792, 809.3987352442950396 ) ) ;
#3122 = CARTESIAN_POINT ( 'NONE',  ( -97.14633888011319129, 47.84730567082240071, 874.5359549801049752 ) ) ;
#3123 = CARTESIAN_POINT ( 'NONE',  ( -36.99775583835376835, 1.617259938583017531, 860.9040525379841711 ) ) ;
#3124 = CARTESIAN_POINT ( 'NONE',  ( -73.25799894570349124, 26.47545515666470095, 858.2621862796149799 ) ) ;
#3125 = EDGE_LOOP ( 'NONE', ( #2553, #129, #273, #2870 ) ) ;
#3126 = CARTESIAN_POINT ( 'NONE',  ( -70.31525709945771041, 30.67812605873734810, 783.7083636325240832 ) ) ;
#3127 = CARTESIAN_POINT ( 'NONE',  ( -139.6260281355916106, 82.79080884488590186, 838.7290245237650197 ) ) ;
#3128 = CARTESIAN_POINT ( 'NONE',  ( -56.96991936807509660, 16.01942746773325155, 869.0348918008950250 ) ) ;
#3129 = CARTESIAN_POINT ( 'NONE',  ( -140.7997180499673959, 81.11460593313589129, 819.6044445099389577 ) ) ;
#3130 = CARTESIAN_POINT ( 'NONE',  ( -183.9021244330290017, 108.8486432000621988, 893.6121755423650939 ) ) ;
#3131 = CARTESIAN_POINT ( 'NONE',  ( 3.139930000797259702, -15.51571718632624908, 818.8039913657750049 ) ) ;
#3132 = EDGE_CURVE ( 'NONE', #1844, #1354, #3003, .T. ) ;
#3133 = CARTESIAN_POINT ( 'NONE',  ( -132.8347863737403998, 73.62314348480370541, 916.3893615081069584 ) ) ;
#3134 = CARTESIAN_POINT ( 'NONE',  ( -72.80827433586991049, 27.11772846178174845, 789.9065715302249373 ) ) ;
#3135 = CARTESIAN_POINT ( 'NONE',  ( -24.73713040236125238, 1.354078168028900242, 862.8608083036309608 ) ) ;
#3136 = CARTESIAN_POINT ( 'NONE',  ( -2.691914781973935078, -23.84445468847030014, 764.7453133240700254 ) ) ;
#3137 = CARTESIAN_POINT ( 'NONE',  ( -37.67625725661319791, 2.401194112405615311, 864.8598889396450886 ) ) ;
#3138 = CARTESIAN_POINT ( 'NONE',  ( 3.132828434490474656, -15.52585927409199940, 774.1227220247440073 ) ) ;
#3139 = DIRECTION ( 'NONE',  ( 0.5735896689091628531, 0.8191427785927658523, 0.000000000000000000 ) ) ;
#3140 = CARTESIAN_POINT ( 'NONE',  ( -3.230438141295274956, -24.61354575066915018, 814.1017675944219718 ) ) ;
#3141 = VERTEX_POINT ( 'NONE', #1555 ) ;
#3142 = CARTESIAN_POINT ( 'NONE',  ( -214.8134919917214916, 126.5107044939202154, 865.2803076157031228 ) ) ;
#3143 = CARTESIAN_POINT ( 'NONE',  ( -139.8151822634453936, 82.52066875422430314, 832.0353679491399816 ) ) ;
#3144 = CARTESIAN_POINT ( 'NONE',  ( -211.4494882497510275, 131.3149997326892162, 858.1703062687950023 ) ) ;
#3145 = CARTESIAN_POINT ( 'NONE',  ( -146.7668362392672066, 82.70724301018920244, 885.4436048226449429 ) ) ;
#3146 = CARTESIAN_POINT ( 'NONE',  ( -68.80388621891920309, 32.83658736922624399, 794.2207006091380208 ) ) ;
#3147 = CARTESIAN_POINT ( 'NONE',  ( -143.1007801290695909, 167.1191504973409963, 893.6117023058160385 ) ) ;
#3148 = CARTESIAN_POINT ( 'NONE',  ( -211.6520365340880119, 131.0257308041435920, 904.9188924165889603 ) ) ;
#3149 = CARTESIAN_POINT ( 'NONE',  ( -133.0133602973685640, 73.36783519272255205, 882.4540243786990459 ) ) ;
#3150 = CARTESIAN_POINT ( 'NONE',  ( -72.99754751146230092, 26.84741835332969728, 791.8933060759009095 ) ) ;
#3151 = CARTESIAN_POINT ( 'NONE',  ( -200.6952738244449961, 120.8945843870749997, 897.3459500045569257 ) ) ;
#3152 = CARTESIAN_POINT ( 'NONE',  ( -3.380398359958235233, -24.82771113804324870, 785.8764603994650315 ) ) ;
#3153 = FACE_OUTER_BOUND ( 'NONE', #3025, .T. ) ;
#3154 = EDGE_CURVE ( 'NONE', #2552, #2343, #1539, .T. ) ;
#3155 = CARTESIAN_POINT ( 'NONE',  ( -139.6881303672639945, 82.70211766650820095, 835.9385562427351033 ) ) ;
#3156 = CARTESIAN_POINT ( 'NONE',  ( -55.69428233683810703, 18.99753412261059893, 865.4602774125039559 ) ) ;
#3157 = CARTESIAN_POINT ( 'NONE',  ( -73.59168483293200325, 25.99890232194160333, 846.1925104178899346 ) ) ;
#3158 = CARTESIAN_POINT ( 'NONE',  ( -214.9212023287765021, 126.3568781907503933, 872.8541623529609979 ) ) ;
#3159 = ORIENTED_EDGE ( 'NONE', *, *, #2260, .F. ) ;
#3160 = CARTESIAN_POINT ( 'NONE',  ( -2.557271931907184825, -23.65216477052539901, 762.7989779438969435 ) ) ;
#3161 = CARTESIAN_POINT ( 'NONE',  ( -68.07706590992319207, 33.87459434477889886, 826.0611735747470448 ) ) ;
#3162 = CARTESIAN_POINT ( 'NONE',  ( -68.06841786206661027, 33.88694503708774874, 818.0053656269460589 ) ) ;
ENDSEC;
END-ISO-10303-21;
