ISO-10303-21;
HEADER;
FILE_DESCRIPTION (( 'STEP AP214' ),
    '1' );
FILE_NAME ();
FILE_SCHEMA (( 'AUTOMOTIVE_DESIGN' ));
ENDSEC;

DATA;
#1 = CARTESIAN_POINT ( 'NONE',  ( 7.675558314798728077, -7.112004853212424038, 754.3354048273589569 ) ) ;
#2 = CARTESIAN_POINT ( 'NONE',  ( 14.24846746999179103, -15.30929299013536848, 750.8814212822940135 ) ) ;
#3 = CARTESIAN_POINT ( 'NONE',  ( -17.20411091114890922, -7.426098750309795271, 757.8212631357187092 ) ) ;
#4 = AXIS2_PLACEMENT_3D ( 'NONE', #2269, #2786, #2299 ) ;
#5 = ORIENTED_EDGE ( 'NONE', *, *, #1213, .T. ) ;
#6 = CARTESIAN_POINT ( 'NONE',  ( -11.69261308606435179, -5.061514999470968057, 785.3857643074132966 ) ) ;
#7 = CARTESIAN_POINT ( 'NONE',  ( -14.99999984931581309, -19.99786053541625108, 776.3698237815690391 ) ) ;
#8 = ORIENTED_EDGE ( 'NONE', *, *, #306, .F. ) ;
#9 = CARTESIAN_POINT ( 'NONE',  ( 18.16617246135193398, -13.86645725651883509, 782.0298144339429882 ) ) ;
#10 = CARTESIAN_POINT ( 'NONE',  ( -14.79893901809141354, -16.28094635816742297, 819.7617768790576065 ) ) ;
#11 = CARTESIAN_POINT ( 'NONE',  ( 7.337684057646963964, -6.574125749358809223, 814.7000000000076625 ) ) ;
#12 = CARTESIAN_POINT ( 'NONE',  ( -5.923747055347358348, -6.219244347602435496, 816.9999999543871354 ) ) ;
#13 = CARTESIAN_POINT ( 'NONE',  ( 25.11045838505584626, -0.5746673603897033411, 762.9815574378978908 ) ) ;
#14 = FACE_BOUND ( 'NONE', #2375, .T. ) ;
#15 = CARTESIAN_POINT ( 'NONE',  ( -211.1455687921126980, 131.7490417003247956, 865.2803076157010764 ) ) ;
#16 = DIRECTION ( 'NONE',  ( 0.7645510641367997406, 0.5353463280462892326, 0.3589790792993960422 ) ) ;
#17 = FACE_OUTER_BOUND ( 'NONE', #1311, .T. ) ;
#18 = CARTESIAN_POINT ( 'NONE',  ( -6.383463047742192309, -6.426058012379261442, 759.9271577780218649 ) ) ;
#19 = CARTESIAN_POINT ( 'NONE',  ( 139.9703872389797539, 82.29901307777811326, 828.6953401556085055 ) ) ;
#20 = CARTESIAN_POINT ( 'NONE',  ( -10.88297465040281509, -9.117025349597092543, 720.9422371214545819 ) ) ;
#21 = CARTESIAN_POINT ( 'NONE',  ( -3.139927754348565081, -24.48428352196173208, 818.8039913659490594 ) ) ;
#22 = ORIENTED_EDGE ( 'NONE', *, *, #929, .T. ) ;
#23 = ADVANCED_FACE ( 'NONE', ( #4573 ), #1110, .T. ) ;
#24 = CARTESIAN_POINT ( 'NONE',  ( -18.59039349017826481, -11.66057794069361897, 766.7007477727823925 ) ) ;
#25 = CARTESIAN_POINT ( 'NONE',  ( -3.989863994746656317E-14, -29.14999999999999858, 918.6123992834795899 ) ) ;
#26 = B_SPLINE_CURVE_WITH_KNOTS ( 'NONE', 3,
 ( #3257, #2860, #2406, #4603 ),
 .UNSPECIFIED., .F., .F.,
 ( 4, 4 ),
 ( 0.000000000000000000, 1.000000000000000000 ),
 .UNSPECIFIED. ) ;
#27 = EDGE_LOOP ( 'NONE', ( #607, #1721, #945, #677, #5207, #143, #773 ) ) ;
#28 = CARTESIAN_POINT ( 'NONE',  ( 14.98450583864035401, -19.31485972616803082, 764.7919593768270943 ) ) ;
#29 = CARTESIAN_POINT ( 'NONE',  ( -17.48125792647222454, -7.649031884372876178, 757.7498260559520986 ) ) ;
#30 = VERTEX_POINT ( 'NONE', #2002 ) ;
#31 = CARTESIAN_POINT ( 'NONE',  ( -13.60291960851002813, -5.186445308612243288, 770.1022249573837826 ) ) ;
#32 = CARTESIAN_POINT ( 'NONE',  ( 15.26204127011425271, -17.89143622082793428, 798.3611625039872024 ) ) ;
#33 = CARTESIAN_POINT ( 'NONE',  ( -14.99532194545670549, -19.62538828863361928, 768.4755729987896302 ) ) ;
#34 = EDGE_LOOP ( 'NONE', ( #2473, #4100, #3780, #2420 ) ) ;
#35 = CARTESIAN_POINT ( 'NONE',  ( 24.33811407160789386, -2.958266441428679894, 796.5610873755216517 ) ) ;
#36 = CARTESIAN_POINT ( 'NONE',  ( -13.96337337143672386, -12.53811543578624921, 880.1531584921499416 ) ) ;
#37 = CARTESIAN_POINT ( 'NONE',  ( -5.603898546470228226, -6.085946167719250788, 766.5436236683357265 ) ) ;
#38 = FACE_OUTER_BOUND ( 'NONE', #348, .T. ) ;
#39 = B_SPLINE_CURVE_WITH_KNOTS ( 'NONE', 3,
 ( #286, #2833, #5491, #5462, #1541, #2887, #4574, #202, #4631, #1571, #1052, #3289, #3685 ),
 .UNSPECIFIED., .F., .F.,
 ( 4, 3, 3, 3, 4 ),
 ( -0.001935364689502748915, -4.336808689942017736E-19, 0.001277052511106047117, 0.006385264197185097981, 0.01051397257472756752 ),
 .UNSPECIFIED. ) ;
#40 = CARTESIAN_POINT ( 'NONE',  ( 7.175873177888022109E-14, -10.20000000000000107, 814.6999999999999318 ) ) ;
#41 = DIRECTION ( 'NONE',  ( -0.9999999999926026950, 0.000000000000000000, -3.846355708657455097E-06 ) ) ;
#42 = CIRCLE ( 'NONE', #1600, 11.75000000000000711 ) ;
#43 = CARTESIAN_POINT ( 'NONE',  ( -140.6936162622009476, 81.26613498984666251, 895.6439082354277161 ) ) ;
#44 = LINE ( 'NONE', #958, #4658 ) ;
#45 = VECTOR ( 'NONE', #4433, 1000.000000000000000 ) ;
#46 = DIRECTION ( 'NONE',  ( 0.8191525623875962614, 0.5735756964288456494, 0.000000000000000000 ) ) ;
#47 = CARTESIAN_POINT ( 'NONE',  ( -5.053845178024070073, -5.877016935944105569, 783.7278960866342459 ) ) ;
#48 = CARTESIAN_POINT ( 'NONE',  ( -2.916999360594356272, -15.83409513577375982, 828.2056663184281433 ) ) ;
#49 = DIRECTION ( 'NONE',  ( -0.5735756964288456494, 0.8191525623875962614, 0.000000000000000000 ) ) ;
#50 = CARTESIAN_POINT ( 'NONE',  ( -1.666189051272725763, -22.37956653070527224, 754.3216053108267261 ) ) ;
#51 = VERTEX_POINT ( 'NONE', #1509 ) ;
#52 = CARTESIAN_POINT ( 'NONE',  ( -18.58659325133821483, -11.54362728929286241, 766.1268730299108256 ) ) ;
#53 = CARTESIAN_POINT ( 'NONE',  ( 5.569452788680314903, -7.812252232890357639, 814.6999999999999318 ) ) ;
#54 = CARTESIAN_POINT ( 'NONE',  ( 72.99754751146228671, 26.84741835332967952, 791.8933060759011369 ) ) ;
#55 = EDGE_CURVE ( 'NONE', #1665, #2811, #26, .T. ) ;
#56 = CARTESIAN_POINT ( 'NONE',  ( 14.99228770096740249, -19.51569959596866255, 767.0208431283822392 ) ) ;
#57 = CARTESIAN_POINT ( 'NONE',  ( -15.66676884918843982, -6.128533635102949795, 760.6842767009861745 ) ) ;
#58 = VERTEX_POINT ( 'NONE', #4172 ) ;
#59 = VECTOR ( 'NONE', #1757, 1000.000000000000000 ) ;
#60 = CARTESIAN_POINT ( 'NONE',  ( -15.81407051292952204, -6.279952009151781311, 760.0922339638899530 ) ) ;
#61 = CARTESIAN_POINT ( 'NONE',  ( 16.91884257664712266, -14.37959332519176492, 829.0351120663148095 ) ) ;
#62 = CARTESIAN_POINT ( 'NONE',  ( -14.88145953889630491, -18.11792394031800768, 757.3462325139131508 ) ) ;
#63 = ORIENTED_EDGE ( 'NONE', *, *, #2308, .T. ) ;
#64 = AXIS2_PLACEMENT_3D ( 'NONE', #1970, #1263, #2158 ) ;
#65 = LINE ( 'NONE', #1809, #3049 ) ;
#66 = CARTESIAN_POINT ( 'NONE',  ( -14.68993293516047416, -15.92778457354772392, 829.1195825357980311 ) ) ;
#67 = CARTESIAN_POINT ( 'NONE',  ( -6.026570542325511148, -6.263899843901347353, 821.2382881471756946 ) ) ;
#68 = ORIENTED_EDGE ( 'NONE', *, *, #4936, .F. ) ;
#69 = LINE ( 'NONE', #3587, #4112 ) ;
#70 = CARTESIAN_POINT ( 'NONE',  ( 5.725692481812761838E-14, -20.00000000000000000, 817.0000000000000000 ) ) ;
#71 = CARTESIAN_POINT ( 'NONE',  ( 25.54976247941576517, -1.202067614884638314, 762.0310046965804531 ) ) ;
#72 = CARTESIAN_POINT ( 'NONE',  ( -11.30443194874642465, -5.023498023560783565, 798.3611430698880440 ) ) ;
#73 = CARTESIAN_POINT ( 'NONE',  ( -68.16295302311208104, 33.75193483527321092, 834.1156043882566564 ) ) ;
#74 = DIRECTION ( 'NONE',  ( 1.000000000000000000, 0.000000000000000000, 0.000000000000000000 ) ) ;
#75 = CARTESIAN_POINT ( 'NONE',  ( 19.95941927282481743, 3.295148545101301174, 793.9610873755503917 ) ) ;
#76 = CARTESIAN_POINT ( 'NONE',  ( -5.080173980276581069, -5.886448317744738645, 786.7355858446123875 ) ) ;
#77 = CARTESIAN_POINT ( 'NONE',  ( -2.786639722253719142, -16.02026799342956309, 832.9050382061626578 ) ) ;
#78 = CARTESIAN_POINT ( 'NONE',  ( 0.000000000000000000, -19.99999999999988276, 908.9931498327478039 ) ) ;
#79 =( BOUNDED_CURVE ( )  B_SPLINE_CURVE ( 3, ( #362, #310, #2960, #4702 ),
 .UNSPECIFIED., .F., .T. ) 
 B_SPLINE_CURVE_WITH_KNOTS ( ( 4, 4 ),
 ( 1.570803511620221693, 4.712396165210014587 ),
 .UNSPECIFIED. ) 
 CURVE ( )  GEOMETRIC_REPRESENTATION_ITEM ( )  RATIONAL_B_SPLINE_CURVE ( ( 1.000000000000000000, 0.3333333333333333703, 0.3333333333333333703, 1.000000000000000000 ) ) 
 REPRESENTATION_ITEM ( '' )  );
#80 = CARTESIAN_POINT ( 'NONE',  ( -2.830492955143695255, -24.04236483026065230, 767.0853760387553848 ) ) ;
#81 = ORIENTED_EDGE ( 'NONE', *, *, #3029, .F. ) ;
#82 = CARTESIAN_POINT ( 'NONE',  ( -18.52039267968186920, -12.54599745310202152, 771.5567139817698035 ) ) ;
#83 = CARTESIAN_POINT ( 'NONE',  ( 0.000000000000000000, -29.05000000000000426, 700.9422371214550367 ) ) ;
#84 = CARTESIAN_POINT ( 'NONE',  ( 214.8630383745642973, 126.4399449260228465, 867.5070630339200761 ) ) ;
#85 = AXIS2_PLACEMENT_3D ( 'NONE', #251, #4105, #2341 ) ;
#86 = CARTESIAN_POINT ( 'NONE',  ( 10.99205285645372498, -9.791865780232699379, 748.9140851106554919 ) ) ;
#87 = CARTESIAN_POINT ( 'NONE',  ( -11.04312978126350409, -5.203359120514406300, 793.2607745338260656 ) ) ;
#88 = VERTEX_POINT ( 'NONE', #650 ) ;
#89 = EDGE_CURVE ( 'NONE', #4149, #562, #258, .T. ) ;
#90 = CARTESIAN_POINT ( 'NONE',  ( -16.53023724643107073, -6.914717671258069132, 758.4688218986408401 ) ) ;
#91 = CARTESIAN_POINT ( 'NONE',  ( 17.09561944887066787, -14.85663971198329314, 814.4342302677752059 ) ) ;
#92 = CARTESIAN_POINT ( 'NONE',  ( -14.73117369093942131, -17.17289439115870664, 754.3047653606314498 ) ) ;
#93 = ORIENTED_EDGE ( 'NONE', *, *, #2613, .F. ) ;
#94 = PLANE ( 'NONE',  #2972 ) ;
#95 = CIRCLE ( 'NONE', #2104, 11.75000000000000711 ) ;
#96 = CARTESIAN_POINT ( 'NONE',  ( -14.48913233787522081, -12.85848056961691022, 872.8561719134028181 ) ) ;
#97 = CARTESIAN_POINT ( 'NONE',  ( -12.15279111128752021, -10.40583689122883371, 755.9079363634929223 ) ) ;
#98 = VERTEX_POINT ( 'NONE', #1365 ) ;
#99 = DIRECTION ( 'NONE',  ( -0.000000000000000000, -0.000000000000000000, 1.000000000000000000 ) ) ;
#100 = ADVANCED_FACE ( 'NONE', ( #4418 ), #1333, .F. ) ;
#101 = DIRECTION ( 'NONE',  ( -1.000000000000000000, 0.000000000000000000, 0.000000000000000000 ) ) ;
#102 = CARTESIAN_POINT ( 'NONE',  ( 24.71826458022784578, -0.01454393156327710504, 764.3926010013702808 ) ) ;
#103 = DIRECTION ( 'NONE',  ( -1.000000000000000000, 0.000000000000000000, 0.000000000000000000 ) ) ;
#104 = CARTESIAN_POINT ( 'NONE',  ( -70.50980949883370386, 30.40027643736179286, 902.4586354434770783 ) ) ;
#105 = LINE ( 'NONE', #3165, #444 ) ;
#106 = DIRECTION ( 'NONE',  ( 0.5735756964288468707, -0.8191525623875954842, 0.000000000000000000 ) ) ;
#107 = CARTESIAN_POINT ( 'NONE',  ( -5.210906669706875327, -5.934182355788682806, 793.1376290542334573 ) ) ;
#108 = EDGE_CURVE ( 'NONE', #3894, #130, #309, .T. ) ;
#109 = CARTESIAN_POINT ( 'NONE',  ( -2.645438023459220744, -16.22192491811152593, 837.6034530541924141 ) ) ;
#110 = CARTESIAN_POINT ( 'NONE',  ( 14.31285279213435579, -13.30269231531229224, 759.7575515735999261 ) ) ;
#111 = CARTESIAN_POINT ( 'NONE',  ( -7.240345622449996021, -6.435200139942282682, 803.9077286580161399 ) ) ;
#112 = CARTESIAN_POINT ( 'NONE',  ( -214.0222077153578084, 127.6407755559756936, 852.8934271288492255 ) ) ;
#113 = VERTEX_POINT ( 'NONE', #1394 ) ;
#114 = CARTESIAN_POINT ( 'NONE',  ( -17.53476473480829512, -14.77804064620220004, 796.5037996222952188 ) ) ;
#115 = CARTESIAN_POINT ( 'NONE',  ( -5.923747055347358348, -6.219244347602435496, 816.9999999543871354 ) ) ;
#116 = EDGE_CURVE ( 'NONE', #3926, #2780, #3134, .T. ) ;
#117 = CARTESIAN_POINT ( 'NONE',  ( 72.80827433586986785, 27.11772846178174134, 789.9065715302253921 ) ) ;
#118 = CARTESIAN_POINT ( 'NONE',  ( 12.93400631928328082, -12.38481451086486729, 748.5451657408327719 ) ) ;
#119 = DIRECTION ( 'NONE',  ( 1.000000000000000000, 0.000000000000000000, 0.000000000000000000 ) ) ;
#120 = CARTESIAN_POINT ( 'NONE',  ( -15.60728474657839193, -6.083383487214636176, 760.9074518715912063 ) ) ;
#121 = B_SPLINE_CURVE_WITH_KNOTS ( 'NONE', 3,
 ( #4901, #4469, #4101, #3187 ),
 .UNSPECIFIED., .F., .F.,
 ( 4, 4 ),
 ( 0.9273127753303963550, 1.000000000000000000 ),
 .UNSPECIFIED. ) ;
#122 = CARTESIAN_POINT ( 'NONE',  ( 17.09434667633230731, -14.95902408538431061, 810.7852056509921113 ) ) ;
#123 = CARTESIAN_POINT ( 'NONE',  ( -14.67534485328843630, -16.89525199328647176, 753.6410355955107434 ) ) ;
#124 = ADVANCED_FACE ( 'NONE', ( #877 ), #2280, .T. ) ;
#125 = VERTEX_POINT ( 'NONE', #2648 ) ;
#126 = CYLINDRICAL_SURFACE ( 'NONE', #4890, 6.000000000000000000 ) ;
#127 = CARTESIAN_POINT ( 'NONE',  ( -12.94582659331383923, -12.42282663652140506, 893.8687926876548318 ) ) ;
#128 = CARTESIAN_POINT ( 'NONE',  ( -12.29377952871011459, -11.23147505655730072, 755.3221076278013015 ) ) ;
#129 = EDGE_CURVE ( 'NONE', #5274, #976, #1318, .T. ) ;
#130 = VERTEX_POINT ( 'NONE', #4390 ) ;
#131 = CARTESIAN_POINT ( 'NONE',  ( -9.184770002563988456, -21.85000000000000497, 814.6999999999999318 ) ) ;
#132 = CARTESIAN_POINT ( 'NONE',  ( -28.47078498144938763, -6.829617829753167335, 793.9610819062569362 ) ) ;
#133 = CARTESIAN_POINT ( 'NONE',  ( 23.53058025880515913, 1.681731774047017902, 774.5861204394491324 ) ) ;
#134 = CARTESIAN_POINT ( 'NONE',  ( -12.94774534496773377, -3.899619547211174098, 798.3611337222433804 ) ) ;
#135 = CARTESIAN_POINT ( 'NONE',  ( 2.786639722253719142, -16.02026799342956309, 832.9050382061626578 ) ) ;
#136 = LINE ( 'NONE', #1877, #1914 ) ;
#137 = CARTESIAN_POINT ( 'NONE',  ( -7.162181936570104178E-16, -4.999999999999997335, 720.9422371214550367 ) ) ;
#138 = CARTESIAN_POINT ( 'NONE',  ( -9.583469470154886594, -8.452882093350705617, 869.3268849584062536 ) ) ;
#139 = CARTESIAN_POINT ( 'NONE',  ( 211.0960224092708302, 131.8198012682226476, 867.5070630339249647 ) ) ;
#140 = CARTESIAN_POINT ( 'NONE',  ( 12.00383377247713490, -10.07660700404076692, 756.3357778843691221 ) ) ;
#141 = CARTESIAN_POINT ( 'NONE',  ( 14.97571229811211779, -19.14674349165864342, 816.9999999065702241 ) ) ;
#142 = CARTESIAN_POINT ( 'NONE',  ( -213.4295091320670110, 128.4872368563015357, 850.0847312374958165 ) ) ;
#143 = ORIENTED_EDGE ( 'NONE', *, *, #1973, .F. ) ;
#144 = VECTOR ( 'NONE', #1324, 1000.000000000000000 ) ;
#145 = CARTESIAN_POINT ( 'NONE',  ( -18.48238918200672032, -12.77741966856084055, 773.0599892113419855 ) ) ;
#146 = AXIS2_PLACEMENT_3D ( 'NONE', #3593, #1821, #2670 ) ;
#147 = CARTESIAN_POINT ( 'NONE',  ( 0.000000000000000000, -30.58333333333333570, 700.9422371214550367 ) ) ;
#148 = CARTESIAN_POINT ( 'NONE',  ( 214.2510278638189334, 127.3139865170481215, 854.8584957246521299 ) ) ;
#149 = CARTESIAN_POINT ( 'NONE',  ( -19.95943619678993386, 3.295160395366482753, 798.3610873755018247 ) ) ;
#150 = CARTESIAN_POINT ( 'NONE',  ( 3.961692553145184981, -8.938015905165940467, 817.0000000000000000 ) ) ;
#151 = CARTESIAN_POINT ( 'NONE',  ( -15.04832018702652796, -5.777984655575220785, 762.8701467953745805 ) ) ;
#152 = CARTESIAN_POINT ( 'NONE',  ( 14.97023725941449079, -19.05258141402493877, 820.0682620627519555 ) ) ;
#153 = CARTESIAN_POINT ( 'NONE',  ( -14.85839637851682582, -17.94275199182370528, 756.6374943316405961 ) ) ;
#154 = ORIENTED_EDGE ( 'NONE', *, *, #2910, .F. ) ;
#155 = CARTESIAN_POINT ( 'NONE',  ( -3.961692553145354179, -8.938015905166130537, 796.8678772901432694 ) ) ;
#156 = CARTESIAN_POINT ( 'NONE',  ( -13.97491872827431969, -14.53275063740891682, 872.9613367365168415 ) ) ;
#157 = CARTESIAN_POINT ( 'NONE',  ( -14.32205612858927424, -13.32078433226184089, 759.8345622363372058 ) ) ;
#158 = VERTEX_POINT ( 'NONE', #3481 ) ;
#159 = LINE ( 'NONE', #1469, #823 ) ;
#160 = CARTESIAN_POINT ( 'NONE',  ( 0.000000000000000000, 0.000000000000000000, 0.000000000000000000 ) ) ;
#161 = FACE_OUTER_BOUND ( 'NONE', #2008, .T. ) ;
#162 = CARTESIAN_POINT ( 'NONE',  ( -211.5615726691639509, 131.1549265925172563, 902.2495147704914871 ) ) ;
#163 = ORIENTED_EDGE ( 'NONE', *, *, #295, .F. ) ;
#164 = ADVANCED_FACE ( 'NONE', ( #3044 ), #4449, .T. ) ;
#165 = CARTESIAN_POINT ( 'NONE',  ( 4.456667913911256385, -30.75967784632308977, 700.9422371214550367 ) ) ;
#166 = DIRECTION ( 'NONE',  ( 0.000000000000000000, 0.000000000000000000, -1.000000000000000000 ) ) ;
#167 = CARTESIAN_POINT ( 'NONE',  ( -11.54792874996559782, -10.42642572711344684, 893.8684795453941661 ) ) ;
#168 = CARTESIAN_POINT ( 'NONE',  ( 211.1006191684425346, 131.8132364157731331, 883.5493426762909621 ) ) ;
#169 = CARTESIAN_POINT ( 'NONE',  ( 14.13379287106843840, -13.02494131545537392, 758.5945357405618097 ) ) ;
#170 = CARTESIAN_POINT ( 'NONE',  ( -1.804234102509673976, -34.99999999999999289, 704.4293619668793554 ) ) ;
#171 = CARTESIAN_POINT ( 'NONE',  ( -1.834429621144106903, -22.61983896522023940, 755.4607392153016008 ) ) ;
#172 = ORIENTED_EDGE ( 'NONE', *, *, #5534, .F. ) ;
#173 = CARTESIAN_POINT ( 'NONE',  ( -7.175873177888022109E-14, -10.20000000000000107, 918.6123992834795899 ) ) ;
#174 = ADVANCED_FACE ( 'NONE', ( #2706 ), #1855, .F. ) ;
#175 = CARTESIAN_POINT ( 'NONE',  ( 15.26144122406926940, -5.887973473128757185, 762.0772070885356015 ) ) ;
#176 = CARTESIAN_POINT ( 'NONE',  ( 73.92484546493854225, 25.52309962941631127, 822.0333090947121946 ) ) ;
#177 = CARTESIAN_POINT ( 'NONE',  ( 5.547523639997204548, -6.063427026172064416, 767.2843159751965914 ) ) ;
#178 = CARTESIAN_POINT ( 'NONE',  ( -9.521948330042544484, -18.15000000000000213, 908.9931498327478039 ) ) ;
#179 = CARTESIAN_POINT ( 'NONE',  ( -15.75198499037888311, -6.214219546237013780, 760.3365930734549920 ) ) ;
#180 = CARTESIAN_POINT ( 'NONE',  ( 13.70610923194727171, -12.36115515852875291, 883.8002745765684267 ) ) ;
#181 = CARTESIAN_POINT ( 'NONE',  ( -8.442495718323685949, -7.601440587605538646, 752.4350573408848959 ) ) ;
#182 = VECTOR ( 'NONE', #4813, 1000.000000000000000 ) ;
#183 = ORIENTED_EDGE ( 'NONE', *, *, #3347, .F. ) ;
#184 = CARTESIAN_POINT ( 'NONE',  ( 14.99989712683578347, -20.07085037100067737, 784.5132133866552522 ) ) ;
#185 = CARTESIAN_POINT ( 'NONE',  ( 14.93814680924729643, 10.45978289379529791, -8.562815373845007185E-05 ) ) ;
#186 = CARTESIAN_POINT ( 'NONE',  ( -11.34787765393217640, -9.041289808375083226, 758.8292516555011389 ) ) ;
#187 = ORIENTED_EDGE ( 'NONE', *, *, #3585, .F. ) ;
#188 = AXIS2_PLACEMENT_3D ( 'NONE', #5138, #393, #740 ) ;
#189 = CARTESIAN_POINT ( 'NONE',  ( -13.31308532141076206, -13.36481329616764846, 770.3850065211732954 ) ) ;
#190 = DIRECTION ( 'NONE',  ( -1.000000000000000000, 0.000000000000000000, 0.000000000000000000 ) ) ;
#191 = EDGE_CURVE ( 'NONE', #4957, #2753, #5221, .T. ) ;
#192 = CARTESIAN_POINT ( 'NONE',  ( -3.463018914184552433, -29.05000000000000426, 704.9922371214549912 ) ) ;
#193 = ORIENTED_EDGE ( 'NONE', *, *, #3159, .T. ) ;
#194 = CARTESIAN_POINT ( 'NONE',  ( -5.995204332975802909E-13, -20.00000000000000000, 796.8678772901432694 ) ) ;
#195 = CARTESIAN_POINT ( 'NONE',  ( -7.554284705563230062, -6.893204174686034413, 720.9422371214551504 ) ) ;
#196 = CARTESIAN_POINT ( 'NONE',  ( -6.397673650591930716, -6.430595848611887710, 829.2333225351368355 ) ) ;
#197 = CARTESIAN_POINT ( 'NONE',  ( 140.9687097585076003, 80.87326076142906572, 902.3287122886565612 ) ) ;
#198 = CARTESIAN_POINT ( 'NONE',  ( 12.22352125101770781, -10.64488816159190954, 755.6783765553150261 ) ) ;
#199 = CARTESIAN_POINT ( 'NONE',  ( 3.754221465821771616E-14, -31.35000000000000142, 700.9422371214550367 ) ) ;
#200 = CARTESIAN_POINT ( 'NONE',  ( -71.48959088528285122, 29.00100360326158722, 783.3151454787861212 ) ) ;
#201 = ORIENTED_EDGE ( 'NONE', *, *, #2790, .T. ) ;
#202 = CARTESIAN_POINT ( 'NONE',  ( -23.58330349950079707, -10.44884854180693701, 798.3611104527622047 ) ) ;
#203 = B_SPLINE_CURVE_WITH_KNOTS ( 'NONE', 3,
 ( #2734, #4477, #2306, #3222 ),
 .UNSPECIFIED., .F., .F.,
 ( 4, 4 ),
 ( 0.000000000000000000, 0.002000928542049953442 ),
 .UNSPECIFIED. ) ;
#204 = CARTESIAN_POINT ( 'NONE',  ( 13.99664021252342394, -5.291756269436574733, 767.8805077297673733 ) ) ;
#205 = CARTESIAN_POINT ( 'NONE',  ( 1.268226016421158509, -21.81121641572496372, 752.0743075446004013 ) ) ;
#206 = CARTESIAN_POINT ( 'NONE',  ( 8.414251958389174391, -7.581285722096064106, 752.4890456309788078 ) ) ;
#207 = EDGE_CURVE ( 'NONE', #5474, #5452, #3535, .T. ) ;
#208 = CARTESIAN_POINT ( 'NONE',  ( -15.35624979462408213, -17.58793917870207935, 798.3611613242368321 ) ) ;
#209 = CARTESIAN_POINT ( 'NONE',  ( -17.38008769433983147, -7.558434329757390380, 757.7642592558038359 ) ) ;
#210 = CARTESIAN_POINT ( 'NONE',  ( -8.705601644918086635, -18.15000000000000213, 908.9931498327478039 ) ) ;
#211 = CARTESIAN_POINT ( 'NONE',  ( -7.231556365458642333, -6.858288044570787889, 755.7664466437150850 ) ) ;
#212 = VERTEX_POINT ( 'NONE', #5280 ) ;
#213 = CARTESIAN_POINT ( 'NONE',  ( 14.29030138470611533, -15.43893263321704090, 751.0570511045807507 ) ) ;
#214 = CARTESIAN_POINT ( 'NONE',  ( -17.09496750666934517, -14.93589632011646984, 811.6974096382367634 ) ) ;
#215 = CARTESIAN_POINT ( 'NONE',  ( -12.28076929019188590, -11.36241387039758166, 755.2857720227984828 ) ) ;
#216 = VERTEX_POINT ( 'NONE', #964 ) ;
#217 = CARTESIAN_POINT ( 'NONE',  ( -27.59132452761004828, -4.117689278271901010, 766.5154717755006004 ) ) ;
#218 = CARTESIAN_POINT ( 'NONE',  ( 143.4911057275595283, 77.27090598601311910, 890.0711930883750256 ) ) ;
#219 = CARTESIAN_POINT ( 'NONE',  ( 17.43247129057616363, -7.601098277537030157, 757.7559230798251519 ) ) ;
#220 = LINE ( 'NONE', #732, #5242 ) ;
#221 = ORIENTED_EDGE ( 'NONE', *, *, #3728, .F. ) ;
#222 = CARTESIAN_POINT ( 'NONE',  ( 0.000000000000000000, -6.599999999999067057, 814.6999999999999318 ) ) ;
#223 = CARTESIAN_POINT ( 'NONE',  ( 22.80637416607118340, 2.716165861744336052, 793.9610779844896342 ) ) ;
#224 = CARTESIAN_POINT ( 'NONE',  ( -5.329262579225708230, -5.978591053770793806, 797.2266401716181008 ) ) ;
#225 = CARTESIAN_POINT ( 'NONE',  ( 68.85726314690207062, 32.76035721592171512, 862.2838302976776959 ) ) ;
#226 = CARTESIAN_POINT ( 'NONE',  ( 13.58179504098911750, -12.28399623660619788, 756.6607457353350128 ) ) ;
#227 = DIRECTION ( 'NONE',  ( -1.000000000000000000, -1.062075597536820771E-15, 0.000000000000000000 ) ) ;
#228 = CARTESIAN_POINT ( 'NONE',  ( -141.2933579667329411, 80.40961506995914476, 817.2507361314629861 ) ) ;
#229 = ORIENTED_EDGE ( 'NONE', *, *, #5431, .F. ) ;
#230 = DIRECTION ( 'NONE',  ( 1.000000000000000000, 0.000000000000000000, 0.000000000000000000 ) ) ;
#231 = CARTESIAN_POINT ( 'NONE',  ( 17.96842145764554743, -9.017108288255936799, 758.5521579361995919 ) ) ;
#232 = AXIS2_PLACEMENT_3D ( 'NONE', #2905, #1041, #2455 ) ;
#233 = CARTESIAN_POINT ( 'NONE',  ( 72.07901350088384618, 28.15922086966222793, 785.0390244078100750 ) ) ;
#234 = CARTESIAN_POINT ( 'NONE',  ( 5.662395014617432665, -6.109437470998101638, 807.2361353154744847 ) ) ;
#235 = CARTESIAN_POINT ( 'NONE',  ( 11.60344776348899209, -21.85000000000000142, 817.0000000000000000 ) ) ;
#236 = ORIENTED_EDGE ( 'NONE', *, *, #1491, .T. ) ;
#237 = VECTOR ( 'NONE', #3037, 999.9999999999998863 ) ;
#238 = CARTESIAN_POINT ( 'NONE',  ( -17.84438788865619685, -8.644581250340285905, 758.1444818850393403 ) ) ;
#239 = CARTESIAN_POINT ( 'NONE',  ( -11.71487447740099697, -10.63187472202135808, 748.5207258972325235 ) ) ;
#240 = MECHANICAL_DESIGN_GEOMETRIC_PRESENTATION_REPRESENTATION (  '', ( #1781 ), #331 ) ;
#241 = ORIENTED_EDGE ( 'NONE', *, *, #1243, .F. ) ;
#242 = ADVANCED_FACE ( 'NONE', ( #442 ), #5279, .T. ) ;
#243 = CARTESIAN_POINT ( 'NONE',  ( 14.97152104613839718, -19.07519215141413937, 819.8650271975818669 ) ) ;
#244 = CARTESIAN_POINT ( 'NONE',  ( 10.88297465040281509, -9.117025349597092543, 720.9422371214545819 ) ) ;
#245 = CARTESIAN_POINT ( 'NONE',  ( -8.438170871052845357, -7.292561002154084093, 815.5532520729216230 ) ) ;
#246 = ORIENTED_EDGE ( 'NONE', *, *, #3513, .T. ) ;
#247 = CARTESIAN_POINT ( 'NONE',  ( -28.75444767973540650, -5.778694185848900489, 779.9886677792368346 ) ) ;
#248 = CARTESIAN_POINT ( 'NONE',  ( 73.25799894570351967, 26.47545515666472227, 858.2621862796145251 ) ) ;
#249 = CARTESIAN_POINT ( 'NONE',  ( 16.42396623378529341, -6.827928503604903554, 758.6332998521687614 ) ) ;
#250 = AXIS2_PLACEMENT_3D ( 'NONE', #1979, #1485, #4977 ) ;
#251 = CARTESIAN_POINT ( 'NONE',  ( -3.754221465821750790E-14, -19.99999999999988276, 814.6999999999999318 ) ) ;
#252 = CARTESIAN_POINT ( 'NONE',  ( -14.99999999999988809, -18.03650459150623675, 720.9422371214550367 ) ) ;
#253 = CARTESIAN_POINT ( 'NONE',  ( -11.85242619957319121, -10.79381353513985786, 893.8284815513218291 ) ) ;
#254 = CARTESIAN_POINT ( 'NONE',  ( 5.953192398353101211, -6.231852822191485508, 818.2330604883388787 ) ) ;
#255 = CARTESIAN_POINT ( 'NONE',  ( 9.292155303990933035, -7.436177432724006664, 773.6790842565044386 ) ) ;
#256 = CARTESIAN_POINT ( 'NONE',  ( -14.99999999999987743, -21.96349539571789578, 720.9422371214550367 ) ) ;
#257 = CARTESIAN_POINT ( 'NONE',  ( -71.08943930124935662, 29.57247929039343504, 782.8460906387923615 ) ) ;
#258 = LINE ( 'NONE', #4481, #4787 ) ;
#259 = CARTESIAN_POINT ( 'NONE',  ( 0.000000000000000000, -29.05000000000000426, 704.9922371214549912 ) ) ;
#260 = CARTESIAN_POINT ( 'NONE',  ( 15.72030832484386309, -6.180414843757882970, 760.4653411270903689 ) ) ;
#261 = CARTESIAN_POINT ( 'NONE',  ( 0.5798184460992176215, -20.82806851634350309, 750.0603792935647789 ) ) ;
#262 = CARTESIAN_POINT ( 'NONE',  ( 5.397634383647453404, -6.004732205541229995, 769.4981840286843635 ) ) ;
#263 = CARTESIAN_POINT ( 'NONE',  ( -214.5633103269223625, 126.8680009398267572, 896.9092783267614095 ) ) ;
#264 = ORIENTED_EDGE ( 'NONE', *, *, #1556, .F. ) ;
#265 = CARTESIAN_POINT ( 'NONE',  ( -17.87909312077204049, -8.750524653291385846, 758.2472618858370197 ) ) ;
#266 = CARTESIAN_POINT ( 'NONE',  ( -7.383802616487775694, -6.943045431137390366, 755.2379530329710633 ) ) ;
#267 = ORIENTED_EDGE ( 'NONE', *, *, #2912, .F. ) ;
#268 = CARTESIAN_POINT ( 'NONE',  ( 14.99553032510929995, -19.62944951942987615, 768.5065924800182984 ) ) ;
#269 = DIRECTION ( 'NONE',  ( 1.000000000000000000, 0.000000000000000000, 0.000000000000000000 ) ) ;
#270 = CARTESIAN_POINT ( 'NONE',  ( -18.54642558364989924, -12.34750087325600987, 770.3610973345582806 ) ) ;
#271 = ORIENTED_EDGE ( 'NONE', *, *, #1472, .F. ) ;
#272 =( BOUNDED_SURFACE ( )  B_SPLINE_SURFACE ( 2, 3, ( 
 ( #1339, #3631, #3203, #3583, #127, #2266, #3640, #5267, #1841, #156, #2296, #1408, #3550, #918, #2661, #2756, #5324, #514, #573, #3522, #4465, #4404, #3089, #978 ),
 ( #1868, #1898, #4841, #5388, #3612, #4377, #5358, #4495, #2329, #1437, #1466, #2236, #3184, #3955, #3982, #66, #484, #4012, #4811, #4069, #2691, #890, #2634, #2722 ),
 ( #1810, #4926, #1009, #5296, #459, #546, #2207, #3120, #36, #96, #3152, #1779, #4868, #1381, #1350, #4040, #947, #4898, #4434, #2897, #2448, #5017, #214, #3785 ) ),
 .UNSPECIFIED., .F., .F., .T. ) 
 B_SPLINE_SURFACE_WITH_KNOTS ( ( 3, 3 ),
 ( 4, 2, 2, 2, 2, 2, 2, 2, 2, 2, 2, 4 ),
 ( 0.000000000000000000, 1.000000000000000000 ),
 ( 0.000000000000000000, 0.002742565527882058572, 0.005485131055764117143, 0.01097026211152823429, 0.02194052422305646857, 0.03291078633458470459, 0.04388104844611293714, 0.06582157266916940919, 0.07679183478069764868, 0.08227696583646176842, 0.08501953136434381442, 0.08776209689222587429 ),
 .UNSPECIFIED. ) 
 GEOMETRIC_REPRESENTATION_ITEM ( )  RATIONAL_B_SPLINE_SURFACE ( (
 ( 1.000000000000000000, 1.000000000000000000, 1.000000000000000000, 1.000000000000000000, 1.000000000000000000, 1.000000000000000000, 1.000000000000000000, 1.000000000000000000, 1.000000000000000000, 1.000000000000000000, 1.000000000000000000, 1.000000000000000000, 1.000000000000000000, 1.000000000000000000, 1.000000000000000000, 1.000000000000000000, 1.000000000000000000, 1.000000000000000000, 1.000000000000000000, 1.000000000000000000, 1.000000000000000000, 1.000000000000000000, 1.000000000000000000, 1.000000000000000000),
 ( 0.7215886905213629854, 0.7234765904771179867, 0.7252876887580057552, 0.7291103141296868539, 0.7311057802730390742, 0.7372823343330109358, 0.7416335803796421100, 0.7549829682603930170, 0.7643467392694733853, 0.7829428009577743541, 0.7920910572071554467, 0.8092267923834616239, 0.8172558304632066006, 0.8392466916827741041, 0.8511159775182836063, 0.8642637245574925631, 0.8678676866011328928, 0.8720120278563276983, 0.8731855510277987120, 0.8746163171299018435, 0.8750291992166843169, 0.8758362382692530534, 0.8762217765585893492, 0.8765864963825870104),
 ( 1.000000000000000000, 1.000000000000000000, 1.000000000000000000, 1.000000000000000000, 1.000000000000000000, 1.000000000000000000, 1.000000000000000000, 1.000000000000000000, 1.000000000000000000, 1.000000000000000000, 1.000000000000000000, 1.000000000000000000, 1.000000000000000000, 1.000000000000000000, 1.000000000000000000, 1.000000000000000000, 1.000000000000000000, 1.000000000000000000, 1.000000000000000000, 1.000000000000000000, 1.000000000000000000, 1.000000000000000000, 1.000000000000000000, 1.000000000000000000) ) ) 
 REPRESENTATION_ITEM ( '' )  SURFACE ( )  );
#273 = CARTESIAN_POINT ( 'NONE',  ( 11.60344776348899209, -21.84999999999999787, 803.0528193383770486 ) ) ;
#274 = CARTESIAN_POINT ( 'NONE',  ( 143.8705621144866882, 76.72898610337713876, 878.9209195031683066 ) ) ;
#275 = CARTESIAN_POINT ( 'NONE',  ( 17.35560660825170842, -7.536945965046236928, 757.7712585690625247 ) ) ;
#276 = VECTOR ( 'NONE', #3319, 1000.000000000000000 ) ;
#277 = CARTESIAN_POINT ( 'NONE',  ( -14.99981594975286470, -20.08468804186692225, 781.6476224622365407 ) ) ;
#278 = CARTESIAN_POINT ( 'NONE',  ( 0.000000000000000000, -9.199999999999999289, 700.9422371214550367 ) ) ;
#279 = DIRECTION ( 'NONE',  ( -1.000000000000000000, 0.000000000000000000, 0.000000000000000000 ) ) ;
#280 = DIRECTION ( 'NONE',  ( -0.000000000000000000, -0.000000000000000000, -1.000000000000000000 ) ) ;
#281 = CARTESIAN_POINT ( 'NONE',  ( -12.38544841336015701, -10.71300433393496476, 896.5553447378290457 ) ) ;
#282 = CARTESIAN_POINT ( 'NONE',  ( 141.8176863923846440, 79.66079647398652241, 920.1389988083382150 ) ) ;
#283 = CARTESIAN_POINT ( 'NONE',  ( 11.32540072777823781, -9.009754179991823264, 758.9573746889697077 ) ) ;
#284 = VECTOR ( 'NONE', #3465, 1000.000000000000000 ) ;
#285 = CARTESIAN_POINT ( 'NONE',  ( -211.9368530685693202, 130.6189706381384212, 852.8934271288485434 ) ) ;
#286 = CARTESIAN_POINT ( 'NONE',  ( -27.57215931217966443, -7.576955849350272665, 798.3610873755021657 ) ) ;
#287 = EDGE_CURVE ( 'NONE', #5146, #1884, #5420, .T. ) ;
#288 = CARTESIAN_POINT ( 'NONE',  ( 16.36139172830445432, -6.775956285244033594, 758.7405864346310409 ) ) ;
#289 = CARTESIAN_POINT ( 'NONE',  ( 70.31525709945769620, 30.67812605873735166, 783.7083636325244242 ) ) ;
#290 = CARTESIAN_POINT ( 'NONE',  ( -11.60344776348899209, -21.84999999999999787, 803.0528193383770486 ) ) ;
#291 = EDGE_CURVE ( 'NONE', #4884, #4290, #3949, .T. ) ;
#292 = CARTESIAN_POINT ( 'NONE',  ( -1.815048441972069604, -22.59215977281738219, 861.0829855956174015 ) ) ;
#293 = ORIENTED_EDGE ( 'NONE', *, *, #2912, .T. ) ;
#294 = EDGE_CURVE ( 'NONE', #2771, #130, #1428, .T. ) ;
#295 = EDGE_CURVE ( 'NONE', #2999, #2629, #4339, .T. ) ;
#296 = CARTESIAN_POINT ( 'NONE',  ( -17.63396228399209065, -7.918544872272503810, 757.7641234096985272 ) ) ;
#297 = CARTESIAN_POINT ( 'NONE',  ( -8.508729752747402841, -7.646757807106390636, 752.2943679406220099 ) ) ;
#298 = ORIENTED_EDGE ( 'NONE', *, *, #4597, .T. ) ;
#299 = CARTESIAN_POINT ( 'NONE',  ( 14.46074429800012240, -16.00971265345084404, 751.9164315221875086 ) ) ;
#300 = CARTESIAN_POINT ( 'NONE',  ( 10.75967784632304003, -15.54333208608875161, 700.9422371214542409 ) ) ;
#301 = CARTESIAN_POINT ( 'NONE',  ( -9.728526092623631882, -7.691349674273977755, 769.4880760572733607 ) ) ;
#302 = VERTEX_POINT ( 'NONE', #1450 ) ;
#303 = CARTESIAN_POINT ( 'NONE',  ( -25.71786626711230994, -1.442146781118132548, 761.8336826269528501 ) ) ;
#304 = CARTESIAN_POINT ( 'NONE',  ( 73.37886175955615897, 26.30284516997186017, 854.2397849122786511 ) ) ;
#305 = CARTESIAN_POINT ( 'NONE',  ( 16.22934857939480224, -6.666763578004250235, 758.9884267003673131 ) ) ;
#306 = EDGE_CURVE ( 'NONE', #1336, #4497, #1158, .T. ) ;
#307 = CARTESIAN_POINT ( 'NONE',  ( -9.630310408587709148, -8.499276698682651343, 750.3568424570975139 ) ) ;
#308 = CARTESIAN_POINT ( 'NONE',  ( -3.754070131497696621E-14, -8.650000000000000355, 700.9422371214550367 ) ) ;
#309 = B_SPLINE_CURVE_WITH_KNOTS ( 'NONE', 3,
 ( #904, #4027, #4854, #4882 ),
 .UNSPECIFIED., .F., .F.,
 ( 4, 4 ),
 ( 0.9747022229435451379, 1.000000000000000000 ),
 .UNSPECIFIED. ) ;
#310 = CARTESIAN_POINT ( 'NONE',  ( 27.23866074926526082, -3.613985626271745577, 772.2092476294942571 ) ) ;
#311 = CARTESIAN_POINT ( 'NONE',  ( 27.57215931217966443, -7.576955849350272665, 798.3610873755021657 ) ) ;
#312 = CARTESIAN_POINT ( 'NONE',  ( -8.434743206781771363, -7.290385789491148572, 815.3931019108816827 ) ) ;
#313 = CARTESIAN_POINT ( 'NONE',  ( 68.99356121968033051, 32.56570339496067135, 866.3047283389329323 ) ) ;
#314 = EDGE_CURVE ( 'NONE', #4370, #5496, #1316, .T. ) ;
#315 = CARTESIAN_POINT ( 'NONE',  ( 11.18893047859507028, -8.834655549212513392, 759.7806596968540589 ) ) ;
#316 = CARTESIAN_POINT ( 'NONE',  ( -212.0326727237696787, 130.4821259885554809, 852.2458641094948462 ) ) ;
#317 = CARTESIAN_POINT ( 'NONE',  ( -21.10408481329370645, 1.660429612524109366, 798.3610873755019384 ) ) ;
#318 = CARTESIAN_POINT ( 'NONE',  ( 5.569452788680314903, -7.812252232890357639, 817.0000000000000000 ) ) ;
#319 = CARTESIAN_POINT ( 'NONE',  ( 142.5503020655690420, 78.61451286062033716, 816.8965474350098930 ) ) ;
#320 = CARTESIAN_POINT ( 'NONE',  ( -14.98819267223110963, -19.40490192047730034, 807.9468260156315864 ) ) ;
#321 = CARTESIAN_POINT ( 'NONE',  ( -0.07175706429472274162, -20.10248166661677516, 898.5981009540910236 ) ) ;
#322 = ORIENTED_EDGE ( 'NONE', *, *, #5356, .T. ) ;
#323 = CARTESIAN_POINT ( 'NONE',  ( -17.61552203554643015, -7.868328592120221288, 757.7570851731255743 ) ) ;
#324 = CARTESIAN_POINT ( 'NONE',  ( -5.130376073726099939, -5.904623674705264946, 789.6527851543654606 ) ) ;
#325 = ORIENTED_EDGE ( 'NONE', *, *, #1524, .F. ) ;
#326 = CARTESIAN_POINT ( 'NONE',  ( 5.049792829730166410, -5.875491723871316907, 784.6799324646614195 ) ) ;
#327 = CARTESIAN_POINT ( 'NONE',  ( 20.48615886135017305, 1.240133873415812271, 798.3610908842227900 ) ) ;
#328 = CARTESIAN_POINT ( 'NONE',  ( -17.09350726456387548, -14.67469341175269015, 819.7059052407690842 ) ) ;
#329 = ORIENTED_EDGE ( 'NONE', *, *, #1730, .T. ) ;
#330 = CYLINDRICAL_SURFACE ( 'NONE', #1465, 6.000000000000000000 ) ;
#331 =( GEOMETRIC_REPRESENTATION_CONTEXT ( 3 ) GLOBAL_UNCERTAINTY_ASSIGNED_CONTEXT ( ( #3351 ) ) GLOBAL_UNIT_ASSIGNED_CONTEXT ( ( #2545, #3401, #2056 ) ) REPRESENTATION_CONTEXT ( 'NONE', 'WORKASPACE' ) );
#332 = CARTESIAN_POINT ( 'NONE',  ( 144.1481556802734190, 76.33254140571477819, 868.8797041457603427 ) ) ;
#333 = CARTESIAN_POINT ( 'NONE',  ( 7.337685345909606305, -6.574124847309334108, 817.0000000000000000 ) ) ;
#334 = CARTESIAN_POINT ( 'NONE',  ( -14.55643379548313199, -16.37429263206614038, 752.5598905627223303 ) ) ;
#335 = CARTESIAN_POINT ( 'NONE',  ( -24.71494581756802944, -0.009701655126981290067, 776.9234842327028900 ) ) ;
#336 = DIRECTION ( 'NONE',  ( 0.000000000000000000, 1.000000000000000000, 0.000000000000000000 ) ) ;
#337 = CARTESIAN_POINT ( 'NONE',  ( -11.80584963375954288, -10.74678896679322904, 898.4223474472030375 ) ) ;
#338 = CARTESIAN_POINT ( 'NONE',  ( 8.850841448996991545, -7.588730273001623949, 829.1184798504866649 ) ) ;
#339 = CARTESIAN_POINT ( 'NONE',  ( 11.12440610607619895, -8.771549439263649717, 760.1087532829362772 ) ) ;
#340 = CARTESIAN_POINT ( 'NONE',  ( -140.2503841462672938, 81.89913605274178110, 824.5353737206798996 ) ) ;
#341 = VECTOR ( 'NONE', #2951, 1000.000000000000000 ) ;
#342 = EDGE_CURVE ( 'NONE', #2663, #1641, #2461, .T. ) ;
#343 = CARTESIAN_POINT ( 'NONE',  ( 7.520955311962818080, -6.392449023687898801, 798.3611613094010409 ) ) ;
#344 = AXIS2_PLACEMENT_3D ( 'NONE', #386, #5613, #837 ) ;
#345 = CARTESIAN_POINT ( 'NONE',  ( 68.68855139764117723, 33.00130256434291454, 795.8869776389777826 ) ) ;
#346 = CARTESIAN_POINT ( 'NONE',  ( -3.491060010942229397, -29.05000000000000426, 704.9922371214549912 ) ) ;
#347 = CARTESIAN_POINT ( 'NONE',  ( -143.8705621144866882, 76.72898610337713876, 878.9209195031683066 ) ) ;
#348 = EDGE_LOOP ( 'NONE', ( #2201, #4392, #2977, #3460, #4742, #4076 ) ) ;
#349 = EDGE_CURVE ( 'NONE', #1359, #3192, #5265, .T. ) ;
#350 = CARTESIAN_POINT ( 'NONE',  ( -18.47262242282485545, -10.55831272211585592, 762.2849419978173273 ) ) ;
#351 = CARTESIAN_POINT ( 'NONE',  ( -6.437428758898696479, -6.451510683803869384, 759.5968755101536090 ) ) ;
#352 = ORIENTED_EDGE ( 'NONE', *, *, #5534, .T. ) ;
#353 = CARTESIAN_POINT ( 'NONE',  ( 14.78787578891684618, -16.22976759521662160, 821.1621149130864978 ) ) ;
#354 = CARTESIAN_POINT ( 'NONE',  ( -11.12440610607619895, -8.771549439263649717, 760.1087532829362772 ) ) ;
#355 = ORIENTED_EDGE ( 'NONE', *, *, #1292, .F. ) ;
#356 = CARTESIAN_POINT ( 'NONE',  ( -11.94956347455596557, -5.028077128517209005, 782.6647411029920249 ) ) ;
#357 = CARTESIAN_POINT ( 'NONE',  ( -14.97262132635057519, -19.08811924911544011, 762.8397988520381432 ) ) ;
#358 = CARTESIAN_POINT ( 'NONE',  ( 18.55218773664457288, -11.16871212035803751, 764.4441402961776930 ) ) ;
#359 = DIRECTION ( 'NONE',  ( 0.000000000000000000, 0.000000000000000000, -1.000000000000000000 ) ) ;
#360 = CARTESIAN_POINT ( 'NONE',  ( -14.40279951699937477, -15.80195726160583192, 751.5780906857273749 ) ) ;
#361 = CARTESIAN_POINT ( 'NONE',  ( 7.337685345909606305, -6.574124847309334108, 815.0005317256923263 ) ) ;
#362 = CARTESIAN_POINT ( 'NONE',  ( 27.23867888184658526, -3.613972929656234179, 776.9234798678384095 ) ) ;
#363 = DIRECTION ( 'NONE',  ( -1.000000000000000000, 0.000000000000000000, 0.000000000000000000 ) ) ;
#364 = CARTESIAN_POINT ( 'NONE',  ( -9.259818853274838446, -7.933344775152909811, 840.1303791645410683 ) ) ;
#365 = ADVANCED_FACE ( 'NONE', ( #2534 ), #2100, .T. ) ;
#366 = CARTESIAN_POINT ( 'NONE',  ( 12.11443193671937912, -10.30817082276764829, 891.0902371539096976 ) ) ;
#367 = CARTESIAN_POINT ( 'NONE',  ( 18.27602639430746478, -9.809375839820431153, 760.0100207880610697 ) ) ;
#368 = CARTESIAN_POINT ( 'NONE',  ( -139.8151822634453936, 82.52066875422430314, 832.0353679491400953 ) ) ;
#369 = AXIS2_PLACEMENT_3D ( 'NONE', #415, #4765, #2054 ) ;
#370 = CARTESIAN_POINT ( 'NONE',  ( 7.337685345909606305, -6.574124847309334108, 815.0005317256923263 ) ) ;
#371 = CARTESIAN_POINT ( 'NONE',  ( -1.513218181583423805, -17.83890242848030994, 753.3783439421060848 ) ) ;
#372 = AXIS2_PLACEMENT_3D ( 'NONE', #2800, #1916, #4087 ) ;
#373 = CARTESIAN_POINT ( 'NONE',  ( -10.78935225713220625, -9.760542021638396903, 770.3850108860378896 ) ) ;
#374 = CARTESIAN_POINT ( 'NONE',  ( -3.226744235992853760, -24.60827030717438646, 777.2550534968008833 ) ) ;
#375 = EDGE_LOOP ( 'NONE', ( #2469, #1576, #5395, #5322, #5066, #2294, #2304, #2974, #5375 ) ) ;
#376 = CARTESIAN_POINT ( 'NONE',  ( -18.40763632377032266, -10.12476401688686423, 760.9678587721891745 ) ) ;
#377 = CARTESIAN_POINT ( 'NONE',  ( -5.049012681770454591, -5.875288939859101056, 781.8932662600411732 ) ) ;
#378 = ORIENTED_EDGE ( 'NONE', *, *, #3332, .T. ) ;
#379 = CARTESIAN_POINT ( 'NONE',  ( 5.547523639997204548, -6.063427026172064416, 767.2843159751965914 ) ) ;
#380 = FACE_OUTER_BOUND ( 'NONE', #3320, .T. ) ;
#381 = CARTESIAN_POINT ( 'NONE',  ( -16.75996837062676548, -7.098561287165915168, 758.1643687320358822 ) ) ;
#382 = EDGE_LOOP ( 'NONE', ( #3676, #3270, #1900, #543, #3750, #3721 ) ) ;
#383 = CARTESIAN_POINT ( 'NONE',  ( -11.19435881571183167, -5.166795794696632527, 791.3514409132387755 ) ) ;
#384 = CARTESIAN_POINT ( 'NONE',  ( -14.99884836449554015, -19.79164600047118228, 797.0598196224532330 ) ) ;
#385 = CARTESIAN_POINT ( 'NONE',  ( 17.76084846382944349, -14.54997177820892240, 791.1657059135941381 ) ) ;
#386 = CARTESIAN_POINT ( 'NONE',  ( 0.000000000000000000, 0.000000000000000000, 704.9922371214549912 ) ) ;
#387 = CARTESIAN_POINT ( 'NONE',  ( -15.01716557215270420, -16.32164329542163017, 784.6975603931314254 ) ) ;
#388 = DIRECTION ( 'NONE',  ( 1.000000000000000000, 0.000000000000000000, 0.000000000000000000 ) ) ;
#389 = CARTESIAN_POINT ( 'NONE',  ( -15.11617245022221390, -17.68296642687190356, 816.3335020687005681 ) ) ;
#390 = CARTESIAN_POINT ( 'NONE',  ( 8.917708338364855436, -7.931309224803645641, 862.0556160476543255 ) ) ;
#391 = FACE_OUTER_BOUND ( 'NONE', #3314, .T. ) ;
#392 = CARTESIAN_POINT ( 'NONE',  ( -68.80388621891920309, 32.83658736922623689, 794.2207006091375661 ) ) ;
#393 = DIRECTION ( 'NONE',  ( -0.000000000000000000, -0.000000000000000000, -1.000000000000000000 ) ) ;
#394 = CARTESIAN_POINT ( 'NONE',  ( 10.80106930396448917, -5.739671165475511927, 818.2886544618036169 ) ) ;
#395 = CARTESIAN_POINT ( 'NONE',  ( 70.16021955816481182, 30.89954261430491655, 784.1337244893333036 ) ) ;
#396 = PLANE ( 'NONE',  #2536 ) ;
#397 = CARTESIAN_POINT ( 'NONE',  ( -73.51742458391140644, 26.10495694856034632, 799.8966508143795409 ) ) ;
#398 = ORIENTED_EDGE ( 'NONE', *, *, #207, .T. ) ;
#399 = CARTESIAN_POINT ( 'NONE',  ( -18.55980813243267136, -11.24017594417788857, 764.7586595155657960 ) ) ;
#400 = ORIENTED_EDGE ( 'NONE', *, *, #129, .T. ) ;
#401 = CARTESIAN_POINT ( 'NONE',  ( 6.072107969923949078, -6.283344325259958119, 761.9866923857035772 ) ) ;
#402 = CARTESIAN_POINT ( 'NONE',  ( 18.25562541038835107, -0.2780310996655874778, 798.3611035524339741 ) ) ;
#403 = CARTESIAN_POINT ( 'NONE',  ( -17.54575875331462242, -7.729567025795906154, 757.7469360966891827 ) ) ;
#404 = ORIENTED_EDGE ( 'NONE', *, *, #4758, .T. ) ;
#405 = CARTESIAN_POINT ( 'NONE',  ( -14.77776605557741085, -5.636807660713100354, 763.9560708688072737 ) ) ;
#406 = CARTESIAN_POINT ( 'NONE',  ( -14.98665533999304245, -19.36612342726002822, 765.3304457653873669 ) ) ;
#407 = CARTESIAN_POINT ( 'NONE',  ( 25.31091703356223022, -9.205655892343493463, 798.3611004595273926 ) ) ;
#408 = CARTESIAN_POINT ( 'NONE',  ( 7.162181936570104178E-16, -4.999999999999997335, 720.9422371214550367 ) ) ;
#409 = CARTESIAN_POINT ( 'NONE',  ( -14.89988329091924157, -15.12950472646396527, 769.9462294347226816 ) ) ;
#410 =( BOUNDED_CURVE ( )  B_SPLINE_CURVE ( 3, ( #4586, #4984, #690, #5071 ),
 .UNSPECIFIED., .F., .F. ) 
 B_SPLINE_CURVE_WITH_KNOTS ( ( 4, 4 ),
 ( 4.712396165210021692, 7.853988818799862770 ),
 .UNSPECIFIED. ) 
 CURVE ( )  GEOMETRIC_REPRESENTATION_ITEM ( )  RATIONAL_B_SPLINE_CURVE ( ( 1.000000000000000000, 0.3333333333333173831, 0.3333333333333173831, 1.000000000000000000 ) ) 
 REPRESENTATION_ITEM ( '' )  );
#411 = DIRECTION ( 'NONE',  ( 0.5735756964288464266, -0.8191525623875957063, 0.000000000000000000 ) ) ;
#412 = CARTESIAN_POINT ( 'NONE',  ( 10.55311937595001126, -9.331315344288665159, 880.2290353419423354 ) ) ;
#413 = FACE_OUTER_BOUND ( 'NONE', #2416, .T. ) ;
#414 = CARTESIAN_POINT ( 'NONE',  ( -139.8863350303213053, 82.41905207203608086, 830.3644444181433073 ) ) ;
#415 = CARTESIAN_POINT ( 'NONE',  ( -21.88065638447220707, -4.678993530696246239, 796.5611014621126742 ) ) ;
#416 = CARTESIAN_POINT ( 'NONE',  ( -2.830495201584563691, -15.95763587803849681, 767.0853760387554985 ) ) ;
#417 = CARTESIAN_POINT ( 'NONE',  ( -21.11413562931965160, 1.646063524248576382, 796.8942912202709294 ) ) ;
#418 = CARTESIAN_POINT ( 'NONE',  ( -3.305877803111239466, -24.72128475332090503, 809.3987352442949259 ) ) ;
#419 = ORIENTED_EDGE ( 'NONE', *, *, #4933, .T. ) ;
#420 = CARTESIAN_POINT ( 'NONE',  ( -18.47807706618332091, -10.59912503417379526, 762.4163794953557272 ) ) ;
#421 = ORIENTED_EDGE ( 'NONE', *, *, #1897, .T. ) ;
#422 = CARTESIAN_POINT ( 'NONE',  ( 15.02226036796421482, -16.18361116666215693, 781.8877487229809731 ) ) ;
#423 = CARTESIAN_POINT ( 'NONE',  ( 0.000000000000000000, -31.87404122883252811, 700.9422371214550367 ) ) ;
#424 = CARTESIAN_POINT ( 'NONE',  ( -15.55334203601259446, -6.048450001284344069, 761.0961757444002842 ) ) ;
#425 = ORIENTED_EDGE ( 'NONE', *, *, #4183, .F. ) ;
#426 = CARTESIAN_POINT ( 'NONE',  ( -11.55340738471705642, -5.087269094092924604, 786.9851868059622575 ) ) ;
#427 = CARTESIAN_POINT ( 'NONE',  ( -14.96200499553778052, -18.93176056755454439, 761.7522328377735903 ) ) ;
#428 = VERTEX_POINT ( 'NONE', #408 ) ;
#429 = CARTESIAN_POINT ( 'NONE',  ( 18.38091210650350149, -13.26869418473969908, 776.5088918888453691 ) ) ;
#430 = CARTESIAN_POINT ( 'NONE',  ( -7.788680207436403435, -7.179832781642043749, 754.0166300684965108 ) ) ;
#431 = CARTESIAN_POINT ( 'NONE',  ( 3.754221465821771616E-14, -31.35000000000000142, 700.9422371214550367 ) ) ;
#432 = CARTESIAN_POINT ( 'NONE',  ( -5.876454871172717809, -6.199011696727304788, 815.0000000000000000 ) ) ;
#433 = CARTESIAN_POINT ( 'NONE',  ( 11.29779170784521192, -6.481593818677454877, 839.9871638481932905 ) ) ;
#434 = B_SPLINE_CURVE_WITH_KNOTS ( 'NONE', 3,
 ( #2105, #2048, #786, #3852 ),
 .UNSPECIFIED., .F., .F.,
 ( 4, 4 ),
 ( -0.004559364879596953211, -0.002392538555305444466 ),
 .UNSPECIFIED. ) ;
#435 = CARTESIAN_POINT ( 'NONE',  ( 7.606607995494673702, -32.94032285648429337, 814.9862441344746458 ) ) ;
#436 = CARTESIAN_POINT ( 'NONE',  ( -68.98880458552191897, 32.57249657255304953, 791.8933060759006821 ) ) ;
#437 = VERTEX_POINT ( 'NONE', #5589 ) ;
#438 = CARTESIAN_POINT ( 'NONE',  ( 0.000000000000000000, -20.00000000000000000, 815.0000000000000000 ) ) ;
#439 = CARTESIAN_POINT ( 'NONE',  ( 6.852995198732883431, -5.882050747393882340, 798.3611625039872024 ) ) ;
#440 = VECTOR ( 'NONE', #5106, 1000.000000000000000 ) ;
#441 = CARTESIAN_POINT ( 'NONE',  ( 211.5262070134546093, 131.2054339832248786, 857.0641459396186974 ) ) ;
#442 = FACE_OUTER_BOUND ( 'NONE', #3698, .T. ) ;
#443 = CARTESIAN_POINT ( 'NONE',  ( -73.75566015456907110, 25.76472129319046189, 806.5968048697682207 ) ) ;
#444 = VECTOR ( 'NONE', #16, 1000.000000000000114 ) ;
#445 = ORIENTED_EDGE ( 'NONE', *, *, #1372, .F. ) ;
#446 = CARTESIAN_POINT ( 'NONE',  ( -18.59016394637224678, -11.64801841734537646, 766.6386135404115976 ) ) ;
#447 = CARTESIAN_POINT ( 'NONE',  ( 0.000000000000000000, -20.00000000000000000, 817.0000000000000000 ) ) ;
#448 = ORIENTED_EDGE ( 'NONE', *, *, #3404, .F. ) ;
#449 = EDGE_CURVE ( 'NONE', #1843, #5318, #4272, .T. ) ;
#450 = CARTESIAN_POINT ( 'NONE',  ( 12.34633363729119004, -11.47673484962404267, 748.4065081419626040 ) ) ;
#451 = CARTESIAN_POINT ( 'NONE',  ( -17.67189844489451644, -8.037741318754495268, 757.7892340708236816 ) ) ;
#452 = ADVANCED_FACE ( 'NONE', ( #3899 ), #3874, .F. ) ;
#453 = EDGE_LOOP ( 'NONE', ( #264, #1943, #3118, #884 ) ) ;
#454 = CARTESIAN_POINT ( 'NONE',  ( -14.09444931037139348, -5.325222856860392540, 767.3560950913753231 ) ) ;
#455 = CARTESIAN_POINT ( 'NONE',  ( -10.82870737832904062, -5.348761700115204576, 798.3611470006919717 ) ) ;
#456 = CARTESIAN_POINT ( 'NONE',  ( -15.00000678616115124, -19.99082216193669836, 789.4242693799903918 ) ) ;
#457 = ORIENTED_EDGE ( 'NONE', *, *, #4253, .T. ) ;
#458 = LINE ( 'NONE', #4494, #3155 ) ;
#459 = CARTESIAN_POINT ( 'NONE',  ( -13.10049555636153151, -11.74152422655152606, 893.8232949986279436 ) ) ;
#460 = CARTESIAN_POINT ( 'NONE',  ( -5.397634383647453404, -6.004732205541229995, 769.4981840286843635 ) ) ;
#461 = DIRECTION ( 'NONE',  ( 0.000000000000000000, 1.000000000000000000, 0.000000000000000000 ) ) ;
#462 = LINE ( 'NONE', #2211, #684 ) ;
#463 = CARTESIAN_POINT ( 'NONE',  ( 23.74475819513817854, 1.375830908362221106, 771.8395256272200413 ) ) ;
#464 = PLANE ( 'NONE',  #2251 ) ;
#465 = CARTESIAN_POINT ( 'NONE',  ( -211.9479497384409399, 130.6031229511783636, 912.9243695729953743 ) ) ;
#466 = DIRECTION ( 'NONE',  ( -0.5735756964288468707, -0.8191525623875954842, 0.000000000000000000 ) ) ;
#467 = DIRECTION ( 'NONE',  ( 0.000000000000000000, 0.000000000000000000, -1.000000000000000000 ) ) ;
#468 = CARTESIAN_POINT ( 'NONE',  ( -5.781388087767337147, -6.158917917188584390, 764.5421060732786600 ) ) ;
#469 = EDGE_CURVE ( 'NONE', #3642, #1684, #3473, .T. ) ;
#470 = CARTESIAN_POINT ( 'NONE',  ( 211.1990055604306917, 131.6727260861648574, 863.5000270594648555 ) ) ;
#471 = DIRECTION ( 'NONE',  ( -0.8191521718586136647, 0.5735762541627017486, 0.000000000000000000 ) ) ;
#472 = CARTESIAN_POINT ( 'NONE',  ( -213.9263880598664684, 127.7776202059729656, 852.2458641094951872 ) ) ;
#473 = ORIENTED_EDGE ( 'NONE', *, *, #3938, .T. ) ;
#474 = CARTESIAN_POINT ( 'NONE',  ( -18.30534729046186726, -13.47581552111479652, 778.4392137001118499 ) ) ;
#475 = CARTESIAN_POINT ( 'NONE',  ( -14.97571229811211779, -19.14674349165864342, 816.9999999065702241 ) ) ;
#476 = CARTESIAN_POINT ( 'NONE',  ( 10.41505605797400236, -9.201982947313851469, 749.4099443226200492 ) ) ;
#477 = CARTESIAN_POINT ( 'NONE',  ( -16.54721180333933006, -6.928638163691168472, 758.4408804209743948 ) ) ;
#478 = ORIENTED_EDGE ( 'NONE', *, *, #2913, .T. ) ;
#479 = CARTESIAN_POINT ( 'NONE',  ( -15.66941167303064297, -6.132120703960389996, 760.6709188464246836 ) ) ;
#480 = CARTESIAN_POINT ( 'NONE',  ( 9.623798626322104255, -21.85000000000000497, 704.9922371214549912 ) ) ;
#481 = CARTESIAN_POINT ( 'NONE',  ( -14.88618109301236103, -18.15556513647383241, 757.5104959323356297 ) ) ;
#482 = EDGE_LOOP ( 'NONE', ( #5010, #3384, #4420 ) ) ;
#483 = CARTESIAN_POINT ( 'NONE',  ( 5.923747055347358348, -6.219244347602435496, 816.9999999543871354 ) ) ;
#484 = CARTESIAN_POINT ( 'NONE',  ( -14.73933178719246939, -16.07937720811983695, 825.4585764455968047 ) ) ;
#485 = CARTESIAN_POINT ( 'NONE',  ( -5.729124210841483489, -6.137038240567506797, 765.0667880870933004 ) ) ;
#486 = ORIENTED_EDGE ( 'NONE', *, *, #4938, .T. ) ;
#487 = CARTESIAN_POINT ( 'NONE',  ( -27.57215931217966443, -7.576955849350272665, 798.3610873755021657 ) ) ;
#488 = FACE_OUTER_BOUND ( 'NONE', #5289, .T. ) ;
#489 = CARTESIAN_POINT ( 'NONE',  ( 27.59132452761004828, -4.117689278271901010, 766.5154717755006004 ) ) ;
#490 = CARTESIAN_POINT ( 'NONE',  ( 0.000000000000000000, -20.00000000000000000, 815.0000000000000000 ) ) ;
#491 = CIRCLE ( 'NONE', #3799, 8.900000000000003908 ) ;
#492 = CARTESIAN_POINT ( 'NONE',  ( -140.2094179080330036, 81.95764190421947148, 882.2666725340845915 ) ) ;
#493 = CARTESIAN_POINT ( 'NONE',  ( 14.99847296281868303, -18.19754761676234622, 814.9994096353431132 ) ) ;
#494 = DIRECTION ( 'NONE',  ( 0.000000000000000000, 1.000000000000000000, -0.000000000000000000 ) ) ;
#495 = CARTESIAN_POINT ( 'NONE',  ( -5.057441288514227473, -5.878304364573438967, 784.3271173525669155 ) ) ;
#496 = CARTESIAN_POINT ( 'NONE',  ( -3.305880049553145295, -15.27871595497676616, 809.3987352442394467 ) ) ;
#497 = CARTESIAN_POINT ( 'NONE',  ( 0.000000000000000000, -4.999999999999996447, 704.4293619668793554 ) ) ;
#498 = EDGE_CURVE ( 'NONE', #5602, #4957, #4768, .T. ) ;
#499 = CARTESIAN_POINT ( 'NONE',  ( -142.9707003705862860, 78.01412185927235043, 818.3982348205344124 ) ) ;
#500 = VERTEX_POINT ( 'NONE', #3417 ) ;
#501 = CARTESIAN_POINT ( 'NONE',  ( -17.52943366707431139, -14.78300460937440342, 796.6372266747332560 ) ) ;
#502 = DIRECTION ( 'NONE',  ( -0.000000000000000000, -0.000000000000000000, 1.000000000000000000 ) ) ;
#503 = CARTESIAN_POINT ( 'NONE',  ( 2.237033685046898590, -23.19481715658928778, 758.9183168595859570 ) ) ;
#504 = CARTESIAN_POINT ( 'NONE',  ( 14.90589435238765859, -18.32228504944077230, 758.2969901556036803 ) ) ;
#505 = ADVANCED_FACE ( 'NONE', ( #2587 ), #783, .T. ) ;
#506 = CARTESIAN_POINT ( 'NONE',  ( -17.46252406296805049, -14.84206074111310514, 798.3611467324813020 ) ) ;
#507 = ORIENTED_EDGE ( 'NONE', *, *, #779, .T. ) ;
#508 = VECTOR ( 'NONE', #1859, 1000.000000000000000 ) ;
#509 = CARTESIAN_POINT ( 'NONE',  ( -15.24298371005938257, -5.880681992914118972, 762.1533892036578663 ) ) ;
#510 = CARTESIAN_POINT ( 'NONE',  ( 13.25070086872212904, -11.93092995291767977, 891.0906253154058732 ) ) ;
#511 = CARTESIAN_POINT ( 'NONE',  ( -14.02198567582683708, -14.66146592695947426, 750.1010572439137150 ) ) ;
#512 = ORIENTED_EDGE ( 'NONE', *, *, #2817, .F. ) ;
#513 = CARTESIAN_POINT ( 'NONE',  ( -249.1803551891770496, 154.4775234463077140, 881.7240716555444351 ) ) ;
#514 = CARTESIAN_POINT ( 'NONE',  ( -14.97023725941449079, -19.05258141402493877, 820.0682620627519555 ) ) ;
#515 = CARTESIAN_POINT ( 'NONE',  ( -11.32540072777823781, -9.009754179991823264, 758.9573746889697077 ) ) ;
#516 = VERTEX_POINT ( 'NONE', #812 ) ;
#517 = DIRECTION ( 'NONE',  ( -1.000000000000000000, -9.885507410759308646E-16, 0.000000000000000000 ) ) ;
#518 = CARTESIAN_POINT ( 'NONE',  ( 7.337685345909606305, -6.574124847309334108, 814.6999999999999318 ) ) ;
#519 = CARTESIAN_POINT ( 'NONE',  ( 24.18293454662926578, 0.7500155026352907095, 767.7449776695598302 ) ) ;
#520 = LINE ( 'NONE', #2272, #5573 ) ;
#521 = CARTESIAN_POINT ( 'NONE',  ( -68.39466726405066765, 33.42101260394312590, 846.1925104178388892 ) ) ;
#522 = EDGE_LOOP ( 'NONE', ( #2831, #2365, #512, #3969 ) ) ;
#523 = PLANE ( 'NONE',  #4835 ) ;
#524 = CARTESIAN_POINT ( 'NONE',  ( -249.1803551891770496, 154.4775234463077140, 881.7240716555444351 ) ) ;
#525 = CARTESIAN_POINT ( 'NONE',  ( -5.867122008481471696, -6.195027516863563122, 814.5608436177251406 ) ) ;
#526 = CARTESIAN_POINT ( 'NONE',  ( 139.8245507601137660, 82.50728915438098454, 868.8797041453207157 ) ) ;
#527 = CARTESIAN_POINT ( 'NONE',  ( 14.35014166630431909, -13.38459544618934594, 760.0849308420378065 ) ) ;
#528 = CARTESIAN_POINT ( 'NONE',  ( 0.000000000000000000, -8.125958771167519856, 700.9422371214550367 ) ) ;
#529 = CARTESIAN_POINT ( 'NONE',  ( -213.7005884698092473, 128.1000954404366041, 850.9684581342294223 ) ) ;
#530 = ADVANCED_FACE ( 'NONE', ( #2562 ), #396, .T. ) ;
#531 = ORIENTED_EDGE ( 'NONE', *, *, #4170, .T. ) ;
#532 = EDGE_CURVE ( 'NONE', #3657, #2693, #1709, .T. ) ;
#533 = CARTESIAN_POINT ( 'NONE',  ( -18.36648125326035341, -13.27949662564644839, 776.7660853489639976 ) ) ;
#534 = CARTESIAN_POINT ( 'NONE',  ( 0.000000000000000000, 0.000000000000000000, 704.9922371214549912 ) ) ;
#535 = CARTESIAN_POINT ( 'NONE',  ( 3.226744235992853760, -24.60827030717438646, 777.2550534968008833 ) ) ;
#536 = EDGE_CURVE ( 'NONE', #5210, #2663, #3528, .T. ) ;
#537 = AXIS2_PLACEMENT_3D ( 'NONE', #1265, #2564, #5237 ) ;
#538 = CARTESIAN_POINT ( 'NONE',  ( 14.59250395053044258, -16.52415629218712922, 752.8511409658767661 ) ) ;
#539 = LINE ( 'NONE', #3806, #276 ) ;
#540 = CARTESIAN_POINT ( 'NONE',  ( -15.73187202575992316, -6.193388560693906975, 760.4171289460772414 ) ) ;
#541 = CARTESIAN_POINT ( 'NONE',  ( 12.70473873388851871, -12.01103956066837775, 893.8287945026780790 ) ) ;
#542 = CARTESIAN_POINT ( 'NONE',  ( -12.98806087484549288, -12.49558169875592029, 748.6126177768829848 ) ) ;
#543 = ORIENTED_EDGE ( 'NONE', *, *, #5407, .F. ) ;
#544 = CARTESIAN_POINT ( 'NONE',  ( 10.78935225713220625, -9.760542021638396903, 770.3850108860378896 ) ) ;
#545 = AXIS2_PLACEMENT_3D ( 'NONE', #2240, #4043, #1038 ) ;
#546 = CARTESIAN_POINT ( 'NONE',  ( -13.25070086872212904, -11.93092995291767977, 891.0906253154058732 ) ) ;
#547 = CARTESIAN_POINT ( 'NONE',  ( -14.73673873484567132, -14.44627789482982294, 765.0923959505754510 ) ) ;
#548 = EDGE_LOOP ( 'NONE', ( #4973, #3783, #1958, #3406 ) ) ;
#549 = DIRECTION ( 'NONE',  ( -0.000000000000000000, -0.000000000000000000, 1.000000000000000000 ) ) ;
#550 = CARTESIAN_POINT ( 'NONE',  ( 7.337685345909606305, -6.574124847309334108, 815.0005317256923263 ) ) ;
#551 = CARTESIAN_POINT ( 'NONE',  ( 26.37537714507573838, -2.381170124676081468, 761.9938854625934255 ) ) ;
#552 = CARTESIAN_POINT ( 'NONE',  ( 7.337685345909606305, -6.574124847309334108, 796.8678772901432694 ) ) ;
#553 = CARTESIAN_POINT ( 'NONE',  ( 2.645438023459220744, -16.22192491811152593, 837.6034530541924141 ) ) ;
#554 = VERTEX_POINT ( 'NONE', #346 ) ;
#555 = CARTESIAN_POINT ( 'NONE',  ( 7.199629652526590817, -6.377097003371650530, 798.3611625039872024 ) ) ;
#556 = CARTESIAN_POINT ( 'NONE',  ( -13.31306718882931328, -13.36482599278292405, 765.6707742828293703 ) ) ;
#557 = CARTESIAN_POINT ( 'NONE',  ( -6.010401438837447152, -6.256613246358218916, 820.0681447547419793 ) ) ;
#558 = CARTESIAN_POINT ( 'NONE',  ( 68.38341097380049405, 33.43708825242730853, 801.9051208345003943 ) ) ;
#559 = CARTESIAN_POINT ( 'NONE',  ( 14.76667265931008544, -14.54774556431602406, 765.7631543386864905 ) ) ;
#560 = CARTESIAN_POINT ( 'NONE',  ( 3.962717583376608773E-14, -31.35000000000000142, 700.9422371214550367 ) ) ;
#561 = CARTESIAN_POINT ( 'NONE',  ( -1.132303598753129803, -21.61709908586080076, 751.5356442139875526 ) ) ;
#562 = VERTEX_POINT ( 'NONE', #2944 ) ;
#563 = CARTESIAN_POINT ( 'NONE',  ( -18.58993262841568139, -11.63696901948539342, 766.5840447038068532 ) ) ;
#564 = LINE ( 'NONE', #534, #5453 ) ;
#565 = CARTESIAN_POINT ( 'NONE',  ( 2.341270088024101526, -23.34368216773114568, 760.0804356895570209 ) ) ;
#566 = CARTESIAN_POINT ( 'NONE',  ( 14.92612692552087239, -18.50426453065848875, 759.2041090008076480 ) ) ;
#567 = CARTESIAN_POINT ( 'NONE',  ( 0.000000000000000000, -20.00000000000000000, 700.9422371214550367 ) ) ;
#568 = CARTESIAN_POINT ( 'NONE',  ( -15.91621088114196425, -6.387431480574051079, 759.7506832169357267 ) ) ;
#569 = CARTESIAN_POINT ( 'NONE',  ( 14.50021851606832968, -16.14136360928880265, 858.4187186824376568 ) ) ;
#570 = CARTESIAN_POINT ( 'NONE',  ( -14.88276278588236856, -18.12826713051459393, 757.3910563509217582 ) ) ;
#571 = ORIENTED_EDGE ( 'NONE', *, *, #3992, .T. ) ;
#572 = CARTESIAN_POINT ( 'NONE',  ( 0.000000000000000000, -20.00000000000000000, 817.0000000000000000 ) ) ;
#573 = CARTESIAN_POINT ( 'NONE',  ( -14.97393792662879619, -19.11481105171827366, 818.2330992726580234 ) ) ;
#574 = CARTESIAN_POINT ( 'NONE',  ( -14.17201187283552422, -13.07939044145289209, 758.8014269627323074 ) ) ;
#575 = ADVANCED_FACE ( 'NONE', ( #824 ), #2519, .F. ) ;
#576 = ORIENTED_EDGE ( 'NONE', *, *, #2964, .F. ) ;
#577 = DIRECTION ( 'NONE',  ( 0.000000000000000000, 0.000000000000000000, -1.000000000000000000 ) ) ;
#578 = CARTESIAN_POINT ( 'NONE',  ( 27.43118863399288188, -3.888999355777378764, 765.5047178578206513 ) ) ;
#579 = LINE ( 'NONE', #192, #4840 ) ;
#580 = ADVANCED_FACE ( 'NONE', ( #1198 ), #848, .T. ) ;
#581 = B_SPLINE_CURVE_WITH_KNOTS ( 'NONE', 3,
 ( #3400, #821, #5622, #370 ),
 .UNSPECIFIED., .F., .F.,
 ( 4, 4 ),
 ( 0.000000000000000000, 0.01664105384827107084 ),
 .UNSPECIFIED. ) ;
#582 = CARTESIAN_POINT ( 'NONE',  ( -140.3227988768842067, 81.79571709955214942, 885.6118103777611168 ) ) ;
#583 = ORIENTED_EDGE ( 'NONE', *, *, #1128, .F. ) ;
#584 = CARTESIAN_POINT ( 'NONE',  ( -3.754221465821750790E-14, -20.00000000000000000, 918.6123992834795899 ) ) ;
#585 = FACE_OUTER_BOUND ( 'NONE', #3362, .T. ) ;
#586 = DIRECTION ( 'NONE',  ( 0.000000000000000000, -0.000000000000000000, -1.000000000000000000 ) ) ;
#587 = CARTESIAN_POINT ( 'NONE',  ( -3.132828434490475544, -15.52585927409202249, 774.1227220247444620 ) ) ;
#588 = CARTESIAN_POINT ( 'NONE',  ( 14.97624018671692170, -15.54783659039939181, 773.4565925991236099 ) ) ;
#589 = CARTESIAN_POINT ( 'NONE',  ( -4.456667913911256385, -30.75967784632308977, 700.9422371214550367 ) ) ;
#590 = CARTESIAN_POINT ( 'NONE',  ( -213.6230396702297867, 128.2108466039802579, 850.6627944633122524 ) ) ;
#591 = ORIENTED_EDGE ( 'NONE', *, *, #4992, .T. ) ;
#592 = VECTOR ( 'NONE', #4698, 999.9999999999998863 ) ;
#593 = CARTESIAN_POINT ( 'NONE',  ( 15.11072478882759462, -17.67519971768315656, 814.7000000000509772 ) ) ;
#594 = CIRCLE ( 'NONE', #1148, 1.000000000000153877 ) ;
#595 = CARTESIAN_POINT ( 'NONE',  ( 16.15908466481034012, -6.610251930429722478, 759.1292490779284208 ) ) ;
#596 = CARTESIAN_POINT ( 'NONE',  ( 144.3466783048181981, 76.04902171517794329, 838.7290245237627460 ) ) ;
#597 = CARTESIAN_POINT ( 'NONE',  ( 9.436597238560139544, -8.339932251810749264, 750.6378102989664285 ) ) ;
#598 = DIRECTION ( 'NONE',  ( 0.000000000000000000, 0.000000000000000000, 1.000000000000000000 ) ) ;
#599 = CARTESIAN_POINT ( 'NONE',  ( -16.15596671971709242, -6.607795719470388462, 759.1336011415310168 ) ) ;
#600 = CARTESIAN_POINT ( 'NONE',  ( 14.68993293516047416, -15.92778457354772392, 829.1195825357980311 ) ) ;
#601 = CARTESIAN_POINT ( 'NONE',  ( -14.35174673792163702, -15.63796061893119038, 751.3441108535496369 ) ) ;
#602 = ORIENTED_EDGE ( 'NONE', *, *, #5605, .F. ) ;
#603 = CARTESIAN_POINT ( 'NONE',  ( 14.89633217742323978, -18.23938733283826608, 757.8947593910472733 ) ) ;
#604 = CARTESIAN_POINT ( 'NONE',  ( 14.99999999999987566, -21.80423410250967464, 708.9137093578714257 ) ) ;
#605 = CARTESIAN_POINT ( 'NONE',  ( -11.42276628947529638, -9.148996859988979935, 758.4194152263311253 ) ) ;
#606 = VECTOR ( 'NONE', #831, 1000.000000000000000 ) ;
#607 = ORIENTED_EDGE ( 'NONE', *, *, #4407, .F. ) ;
#608 = CARTESIAN_POINT ( 'NONE',  ( 14.99999999999987743, -21.96349539571789578, 720.9422371214550367 ) ) ;
#609 = DIRECTION ( 'NONE',  ( 0.8191525623875962614, 0.5735756964288456494, 0.000000000000000000 ) ) ;
#610 =( NAMED_UNIT ( * ) PLANE_ANGLE_UNIT ( ) SI_UNIT ( $, .RADIAN. ) );
#611 = EDGE_LOOP ( 'NONE', ( #3143, #2011, #1766 ) ) ;
#612 = FACE_OUTER_BOUND ( 'NONE', #453, .T. ) ;
#613 = CARTESIAN_POINT ( 'NONE',  ( -7.554284705563458324, -33.10679582531383147, 720.9422371214550367 ) ) ;
#614 = CARTESIAN_POINT ( 'NONE',  ( -6.215729598821655877, -6.347632981092527160, 825.5698608494012660 ) ) ;
#615 = EDGE_CURVE ( 'NONE', #5122, #4185, #5630, .T. ) ;
#616 = CARTESIAN_POINT ( 'NONE',  ( 7.051433176971599437, -6.751863572431847871, 840.2059759638892729 ) ) ;
#617 = CARTESIAN_POINT ( 'NONE',  ( 12.28076929019188590, -11.36241387039758166, 755.2857720227984828 ) ) ;
#618 = CARTESIAN_POINT ( 'NONE',  ( 16.29844266920041562, -15.92993474052591552, 798.3611532348204491 ) ) ;
#619 = CARTESIAN_POINT ( 'NONE',  ( 2.120152111349854707, -16.97211094646022644, 757.7598091910767835 ) ) ;
#620 = ORIENTED_EDGE ( 'NONE', *, *, #756, .F. ) ;
#621 = PLANE ( 'NONE',  #2840 ) ;
#622 = CARTESIAN_POINT ( 'NONE',  ( 15.98293192474309699, -6.458062297551665054, 759.5304660563527932 ) ) ;
#623 = CARTESIAN_POINT ( 'NONE',  ( 71.67109499907110148, 28.74178886493912799, 783.7083636325241969 ) ) ;
#624 = CARTESIAN_POINT ( 'NONE',  ( 13.27168037589907001, -21.85000000000000142, 817.0000000000000000 ) ) ;
#625 = LINE ( 'NONE', #4978, #3834 ) ;
#626 = CARTESIAN_POINT ( 'NONE',  ( -17.58691476554540856, -7.804217020913661429, 757.7500935243890581 ) ) ;
#627 = CARTESIAN_POINT ( 'NONE',  ( -24.33811407160789386, -2.958266441428679894, 796.5610873755216517 ) ) ;
#628 = CARTESIAN_POINT ( 'NONE',  ( -11.70902897975856760, -10.62457090409237281, 748.5228318044161142 ) ) ;
#629 =( GEOMETRIC_REPRESENTATION_CONTEXT ( 3 ) GLOBAL_UNCERTAINTY_ASSIGNED_CONTEXT ( ( #4487 ) ) GLOBAL_UNIT_ASSIGNED_CONTEXT ( ( #4784, #2664, #3447 ) ) REPRESENTATION_CONTEXT ( 'NONE', 'WORKASPACE' ) );
#630 = ORIENTED_EDGE ( 'NONE', *, *, #3753, .F. ) ;
#631 = CARTESIAN_POINT ( 'NONE',  ( 14.65932302188441305, -16.81771943923252266, 753.4627546997151057 ) ) ;
#632 = CARTESIAN_POINT ( 'NONE',  ( 0.000000000000000000, -8.125958771167519856, 700.9422371214550367 ) ) ;
#633 = CARTESIAN_POINT ( 'NONE',  ( -12.73892170885490671, -11.56940500762140012, 755.4765253116200938 ) ) ;
#634 = ORIENTED_EDGE ( 'NONE', *, *, #1102, .T. ) ;
#635 = CIRCLE ( 'NONE', #1187, 1.000000000000153877 ) ;
#636 = CARTESIAN_POINT ( 'NONE',  ( -23.86122798466690398, 1.209483265619356818, 770.4683275207055431 ) ) ;
#637 = CARTESIAN_POINT ( 'NONE',  ( 214.6374178164625448, 126.7621644763555793, 894.2383636223877375 ) ) ;
#638 = AXIS2_PLACEMENT_3D ( 'NONE', #3244, #5020, #1959 ) ;
#639 = CARTESIAN_POINT ( 'NONE',  ( 14.74517010356928104, -5.620330712997085421, 764.0690945771153793 ) ) ;
#640 = CARTESIAN_POINT ( 'NONE',  ( -7.446927817765586433, -33.05370379494760869, 816.9999999999718057 ) ) ;
#641 = B_SPLINE_CURVE_WITH_KNOTS ( 'NONE', 3,
 ( #1717, #3462, #5204, #2527, #4693, #4315, #1229, #4720, #402, #1689, #4265, #750, #327, #775, #1281, #2067 ),
 .UNSPECIFIED., .F., .F.,
 ( 4, 3, 3, 3, 3, 4 ),
 ( 0.0004126394385813329986, 0.001277052508464674102, 0.006385264045740548372, 0.01091558828543880144, 0.01210364723591184598, 0.01285096309852046433 ),
 .UNSPECIFIED. ) ;
#642 = VERTEX_POINT ( 'NONE', #373 ) ;
#643 = CYLINDRICAL_SURFACE ( 'NONE', #4560, 9.799999999999998934 ) ;
#644 = CARTESIAN_POINT ( 'NONE',  ( 0.000000000000000000, -20.00000000000000000, 814.6999999999999318 ) ) ;
#645 = CARTESIAN_POINT ( 'NONE',  ( -5.646755968221272681, -6.103446296356003664, 806.8281998147749619 ) ) ;
#646 = CARTESIAN_POINT ( 'NONE',  ( 140.4816007132894811, 81.56892457342330260, 890.0711930966826912 ) ) ;
#647 = CARTESIAN_POINT ( 'NONE',  ( 11.95425783004970555, -9.980768235768129770, 756.4851487474628584 ) ) ;
#648 = CARTESIAN_POINT ( 'NONE',  ( -12.97765061050788660, -15.15218371547965681, 702.0839419949855937 ) ) ;
#649 = CARTESIAN_POINT ( 'NONE',  ( -69.42266311111170296, 31.95288238402413228, 787.9383018531513017 ) ) ;
#650 = CARTESIAN_POINT ( 'NONE',  ( -9.521948330042544484, -21.85000000000000142, 700.9422371214550367 ) ) ;
#651 = ADVANCED_FACE ( 'NONE', ( #1631 ), #5196, .F. ) ;
#652 = FACE_OUTER_BOUND ( 'NONE', #2298, .T. ) ;
#653 = CARTESIAN_POINT ( 'NONE',  ( 13.63222047863359698, -5.192950984099089062, 769.9205991581002309 ) ) ;
#654 = CARTESIAN_POINT ( 'NONE',  ( 72.56368898588200977, 27.46703254184506449, 787.9383018531507332 ) ) ;
#655 = CARTESIAN_POINT ( 'NONE',  ( 5.104762705180714732, -5.895291681660281391, 776.0752623350792874 ) ) ;
#656 = CARTESIAN_POINT ( 'NONE',  ( -1.008805746320645680, -21.44072587407241670, 879.8498069073446004 ) ) ;
#657 = ORIENTED_EDGE ( 'NONE', *, *, #1286, .T. ) ;
#658 = CARTESIAN_POINT ( 'NONE',  ( -17.04639794526540442, -7.314440687185753021, 757.9062949952175359 ) ) ;
#659 = CARTESIAN_POINT ( 'NONE',  ( -6.718366286929876807, -6.588677619752555614, 758.0104686398718741 ) ) ;
#660 = ORIENTED_EDGE ( 'NONE', *, *, #2325, .F. ) ;
#661 = CARTESIAN_POINT ( 'NONE',  ( 11.39952607255402128, -10.24833394180701873, 748.6558782874490134 ) ) ;
#662 = CARTESIAN_POINT ( 'NONE',  ( 14.99999999999987566, -18.19576589749032536, 708.9137093578714257 ) ) ;
#663 = CARTESIAN_POINT ( 'NONE',  ( -17.09196437720662587, -14.61856928274902678, 821.1048999158132347 ) ) ;
#664 = ORIENTED_EDGE ( 'NONE', *, *, #349, .F. ) ;
#665 = CARTESIAN_POINT ( 'NONE',  ( -27.25498574091903947, -3.637363275030378595, 764.5014019112335291 ) ) ;
#666 = CARTESIAN_POINT ( 'NONE',  ( 73.49047068156832552, 26.14345111046564085, 850.2165654201678535 ) ) ;
#667 = CARTESIAN_POINT ( 'NONE',  ( 17.71908065773819274, -8.214281031099343267, 757.8523679864638325 ) ) ;
#668 = CARTESIAN_POINT ( 'NONE',  ( -7.353631318350480228, -33.11388169041045870, 815.0000000000000000 ) ) ;
#669 = ORIENTED_EDGE ( 'NONE', *, *, #3580, .T. ) ;
#670 = FACE_OUTER_BOUND ( 'NONE', #4436, .T. ) ;
#671 = CARTESIAN_POINT ( 'NONE',  ( 0.000000000000000000, -29.05000000000000426, 700.9422371214550367 ) ) ;
#672 = CARTESIAN_POINT ( 'NONE',  ( -8.725310989885644020, -7.490479238905893844, 825.4580722033649636 ) ) ;
#673 = DIRECTION ( 'NONE',  ( -1.000000000000000000, 0.000000000000000000, 0.000000000000000000 ) ) ;
#674 = CARTESIAN_POINT ( 'NONE',  ( 9.728526092623631882, -7.691349674273977755, 769.4880760572733607 ) ) ;
#675 = CARTESIAN_POINT ( 'NONE',  ( -5.086477797582983129, -31.30702001906975696, 701.1053378176741262 ) ) ;
#676 = CARTESIAN_POINT ( 'NONE',  ( 1.986508815701226727, -17.16297335275526237, 756.6067952899247757 ) ) ;
#677 = ORIENTED_EDGE ( 'NONE', *, *, #1185, .T. ) ;
#678 = DIRECTION ( 'NONE',  ( 0.000000000000000000, 1.000000000000000000, 0.000000000000000000 ) ) ;
#679 = CARTESIAN_POINT ( 'NONE',  ( 16.97683409088626050, -7.264173539505978106, 757.9585792900427350 ) ) ;
#680 = CARTESIAN_POINT ( 'NONE',  ( 213.3091357636501186, 128.6591478424717536, 849.8246778492290332 ) ) ;
#681 = CARTESIAN_POINT ( 'NONE',  ( 6.734047532328988339, -6.596480451090277697, 757.9253285390996098 ) ) ;
#682 = CARTESIAN_POINT ( 'NONE',  ( -214.3974881145579161, 127.1048196018886358, 902.2495147726266396 ) ) ;
#683 = ORIENTED_EDGE ( 'NONE', *, *, #3974, .F. ) ;
#684 = VECTOR ( 'NONE', #5270, 999.9999999999998863 ) ;
#685 = CARTESIAN_POINT ( 'NONE',  ( -17.70026626006972137, -8.144031926180499426, 757.8253164725854276 ) ) ;
#686 = CARTESIAN_POINT ( 'NONE',  ( -7.690132489635635338, -7.120722060646005325, 754.2909481190835095 ) ) ;
#687 = VECTOR ( 'NONE', #3549, 1000.000000000000000 ) ;
#688 = ORIENTED_EDGE ( 'NONE', *, *, #1712, .F. ) ;
#689 = CARTESIAN_POINT ( 'NONE',  ( 13.49786846575258181, -13.44624311648605008, 749.0735789771794089 ) ) ;
#690 = CARTESIAN_POINT ( 'NONE',  ( 13.31310345399214690, -13.36480059955231425, 775.0992387595175614 ) ) ;
#691 = CARTESIAN_POINT ( 'NONE',  ( -11.21347030316468896, -8.863004283093657065, 759.6340626657504345 ) ) ;
#692 = VERTEX_POINT ( 'NONE', #3885 ) ;
#693 = CARTESIAN_POINT ( 'NONE',  ( -25.27952360715648794, -0.8161215178499365841, 762.5499498545494816 ) ) ;
#694 = CARTESIAN_POINT ( 'NONE',  ( 213.3003725701577196, 128.6716629797893461, 928.9205489852546407 ) ) ;
#695 = CARTESIAN_POINT ( 'NONE',  ( 16.97683409088626050, -7.264173539505978106, 757.9585792900427350 ) ) ;
#696 = CARTESIAN_POINT ( 'NONE',  ( -10.41505605797400236, -9.201982947313851469, 749.4099443226200492 ) ) ;
#697 = ADVANCED_FACE ( 'NONE', ( #3377 ), #1656, .F. ) ;
#698 = CARTESIAN_POINT ( 'NONE',  ( -7.605642705021653960, -32.94098497203827947, 815.0000000000000000 ) ) ;
#699 = AXIS2_PLACEMENT_3D ( 'NONE', #3438, #5176, #2581 ) ;
#700 = CARTESIAN_POINT ( 'NONE',  ( 4.456667913911239509, -9.240322153676945760, 700.9422371214546956 ) ) ;
#701 = LINE ( 'NONE', #4626, #4422 ) ;
#702 = CARTESIAN_POINT ( 'NONE',  ( -10.62933744806105452, -5.676271298332439486, 812.6095592852564096 ) ) ;
#703 = CARTESIAN_POINT ( 'NONE',  ( 212.8449364994042412, 129.3220930964347417, 932.4711197887558001 ) ) ;
#704 = ADVANCED_FACE ( 'NONE', ( #4309 ), #2918, .T. ) ;
#705 = CARTESIAN_POINT ( 'NONE',  ( 8.313372037828827388, -7.210564382770737524, 809.9800604241288511 ) ) ;
#706 = EDGE_CURVE ( 'NONE', #130, #5654, #4618, .T. ) ;
#707 = ADVANCED_FACE ( 'NONE', ( #1045 ), #3623, .F. ) ;
#708 = CARTESIAN_POINT ( 'NONE',  ( -212.1192429393656766, 130.3584909077094096, 851.7099731832514635 ) ) ;
#709 = DIRECTION ( 'NONE',  ( 0.000000000000000000, 0.000000000000000000, 1.000000000000000000 ) ) ;
#710 = CARTESIAN_POINT ( 'NONE',  ( 16.54721180333933006, -6.928638163691168472, 758.4408804209743948 ) ) ;
#711 = CARTESIAN_POINT ( 'NONE',  ( 70.49676120809915858, 30.41891132776561690, 783.3151454787862349 ) ) ;
#712 = EDGE_CURVE ( 'NONE', #98, #3911, #5334, .T. ) ;
#713 = CARTESIAN_POINT ( 'NONE',  ( 6.895532465070281170, -6.678807144994503453, 757.1275291334350186 ) ) ;
#714 = EDGE_CURVE ( 'NONE', #3984, #113, #2766, .T. ) ;
#715 = DIRECTION ( 'NONE',  ( 1.000000000000000000, 0.000000000000000000, 0.000000000000000000 ) ) ;
#716 = VERTEX_POINT ( 'NONE', #2794 ) ;
#717 = CARTESIAN_POINT ( 'NONE',  ( -17.44951655807654944, -7.617865758707062618, 757.7537907126765049 ) ) ;
#718 = ADVANCED_FACE ( 'NONE', ( #4537 ), #1247, .T. ) ;
#719 = CARTESIAN_POINT ( 'NONE',  ( -10.43441925009503635, -9.223831641153470429, 749.3987916711987509 ) ) ;
#720 = ORIENTED_EDGE ( 'NONE', *, *, #2810, .T. ) ;
#721 = CARTESIAN_POINT ( 'NONE',  ( 14.55643379548313199, -16.37429263206614038, 752.5598905627223303 ) ) ;
#722 = CARTESIAN_POINT ( 'NONE',  ( -3.754221465821750790E-14, -20.00000000000000000, 918.6123992834795899 ) ) ;
#723 = CARTESIAN_POINT ( 'NONE',  ( -10.76395471739449761, -8.456367516333974876, 761.8856207709792443 ) ) ;
#724 = ORIENTED_EDGE ( 'NONE', *, *, #1730, .F. ) ;
#725 = CARTESIAN_POINT ( 'NONE',  ( -29.10649036497990494, -6.281372725457475603, 791.1640299352984584 ) ) ;
#726 = VECTOR ( 'NONE', #1672, 1000.000000000000000 ) ;
#727 = EDGE_CURVE ( 'NONE', #5524, #1396, #4266, .T. ) ;
#728 = CARTESIAN_POINT ( 'NONE',  ( 71.85682420903255263, 28.47654006393897674, 894.4300682275213603 ) ) ;
#729 = CARTESIAN_POINT ( 'NONE',  ( 11.20526478125029790, -5.166336843207876228, 791.2651218952165664 ) ) ;
#730 = VECTOR ( 'NONE', #2701, 999.9999999999998863 ) ;
#731 = CARTESIAN_POINT ( 'NONE',  ( -12.93400631928328082, -12.38481451086486729, 748.5451657408327719 ) ) ;
#732 = CARTESIAN_POINT ( 'NONE',  ( -8.705601644918035120, -21.85000000000000142, 908.9931498327478039 ) ) ;
#733 = CARTESIAN_POINT ( 'NONE',  ( -27.23869701442785995, -3.613960233040801828, 781.6377121061827893 ) ) ;
#734 = LINE ( 'NONE', #840, #4793 ) ;
#735 = CARTESIAN_POINT ( 'NONE',  ( -12.10054570930696904, -11.12278142423166649, 898.3785778669405317 ) ) ;
#736 = CARTESIAN_POINT ( 'NONE',  ( 70.79043628536511790, 29.99949985153834220, 907.8068778279207436 ) ) ;
#737 = CARTESIAN_POINT ( 'NONE',  ( 10.14701017332401456, -7.962664030637800927, 766.0166492536496889 ) ) ;
#738 = CIRCLE ( 'NONE', #3930, 15.00000000000000000 ) ;
#739 = CARTESIAN_POINT ( 'NONE',  ( 1.513218181583423805, -17.83890242848030994, 753.3783439421060848 ) ) ;
#740 = DIRECTION ( 'NONE',  ( -1.000000000000000000, 0.000000000000000000, 0.000000000000000000 ) ) ;
#741 = CARTESIAN_POINT ( 'NONE',  ( 15.12580516493151528, -17.69673403327901795, 815.0001802494846288 ) ) ;
#742 = CARTESIAN_POINT ( 'NONE',  ( 0.9729166022832934635, -21.38947086455179303, 751.0167128472044169 ) ) ;
#743 = DIRECTION ( 'NONE',  ( -0.000000000000000000, -0.000000000000000000, 1.000000000000000000 ) ) ;
#744 = CARTESIAN_POINT ( 'NONE',  ( 9.521948330042544484, -18.15000000000000213, 700.9422371214550367 ) ) ;
#745 = ORIENTED_EDGE ( 'NONE', *, *, #2497, .F. ) ;
#746 = CARTESIAN_POINT ( 'NONE',  ( -18.27690193383738659, -9.811112690611365039, 760.0152920964033001 ) ) ;
#747 = CARTESIAN_POINT ( 'NONE',  ( -9.468215524119974802, -8.365871181519914046, 750.5916637601982302 ) ) ;
#748 = ORIENTED_EDGE ( 'NONE', *, *, #3330, .F. ) ;
#749 = CARTESIAN_POINT ( 'NONE',  ( 5.754553395610670918, -6.147522880203452722, 810.0387312378990146 ) ) ;
#750 = CARTESIAN_POINT ( 'NONE',  ( 20.15872598845465546, 1.017380018473958758, 798.3610927435761369 ) ) ;
#751 = CARTESIAN_POINT ( 'NONE',  ( -18.28426260954185523, -9.825916644967996660, 760.0555487201992264 ) ) ;
#752 = ORIENTED_EDGE ( 'NONE', *, *, #1596, .F. ) ;
#753 = CARTESIAN_POINT ( 'NONE',  ( -26.58943266888945445, -2.686870614397299128, 762.3686109100536896 ) ) ;
#754 = CARTESIAN_POINT ( 'NONE',  ( 2.786637475873062986, -23.97973271495557768, 832.9050382050373855 ) ) ;
#755 = CARTESIAN_POINT ( 'NONE',  ( 15.26144122406926940, -5.887973473128757185, 762.0772070885356015 ) ) ;
#756 = EDGE_CURVE ( 'NONE', #1101, #2088, #1510, .T. ) ;
#757 = CARTESIAN_POINT ( 'NONE',  ( -14.86397523490484929, -17.98378498798751224, 756.7925138272836421 ) ) ;
#758 = CARTESIAN_POINT ( 'NONE',  ( -7.857142857142850545, -32.77753129999877046, 817.0000000000000000 ) ) ;
#759 = PLANE ( 'NONE',  #2689 ) ;
#760 = CARTESIAN_POINT ( 'NONE',  ( -8.705601644918086635, -18.15000000000000213, 908.9931498327478039 ) ) ;
#761 = CARTESIAN_POINT ( 'NONE',  ( 8.725310989885644020, -7.490479238905893844, 825.4580722033649636 ) ) ;
#762 = EDGE_CURVE ( 'NONE', #1953, #2629, #3422, .T. ) ;
#763 = CARTESIAN_POINT ( 'NONE',  ( 8.599539829830407101, -7.392763257692110734, 821.1282650635079108 ) ) ;
#764 = CARTESIAN_POINT ( 'NONE',  ( 2.341272334467070504, -16.65631854056500671, 760.0804356895570209 ) ) ;
#765 = DIRECTION ( 'NONE',  ( 1.000000000000000000, 9.885507410759308646E-16, -0.000000000000000000 ) ) ;
#766 = CARTESIAN_POINT ( 'NONE',  ( 15.11617245022221390, -17.68296642687190356, 816.3335020687005681 ) ) ;
#767 = CARTESIAN_POINT ( 'NONE',  ( 140.4763076335866572, 81.57648387465141582, 822.0533338693740006 ) ) ;
#768 = CARTESIAN_POINT ( 'NONE',  ( -21.10408481329370645, 1.660429612524109366, 798.3610873755019384 ) ) ;
#769 = CARTESIAN_POINT ( 'NONE',  ( -1.428783715783761510, -22.04051657403676501, 870.4686296950930000 ) ) ;
#770 = EDGE_LOOP ( 'NONE', ( #531, #907, #4152, #3046 ) ) ;
#771 = CARTESIAN_POINT ( 'NONE',  ( -18.47925121509633328, -10.60803288375784881, 762.4452322551272800 ) ) ;
#772 = CARTESIAN_POINT ( 'NONE',  ( -5.458584408743531569, -6.028462612310860003, 768.5681222747738275 ) ) ;
#773 = ORIENTED_EDGE ( 'NONE', *, *, #2027, .F. ) ;
#774 = CARTESIAN_POINT ( 'NONE',  ( 5.603898546470228226, -6.085946167719250788, 766.5436236683357265 ) ) ;
#775 = CARTESIAN_POINT ( 'NONE',  ( 20.69212151646119224, 1.380251067496927275, 798.3610897146477328 ) ) ;
#776 = CARTESIAN_POINT ( 'NONE',  ( -9.890558908813549266, -7.792051435027262940, 768.0890727669490161 ) ) ;
#777 = ORIENTED_EDGE ( 'NONE', *, *, #2326, .T. ) ;
#778 = DIRECTION ( 'NONE',  ( 1.000000000000000000, 0.000000000000000000, 0.000000000000000000 ) ) ;
#779 = EDGE_CURVE ( 'NONE', #5146, #1866, #2849, .T. ) ;
#780 = AXIS2_PLACEMENT_3D ( 'NONE', #4679, #1624, #1675 ) ;
#781 = CARTESIAN_POINT ( 'NONE',  ( -14.99994212188161136, -19.95832044509596770, 790.8935595033592563 ) ) ;
#782 = CARTESIAN_POINT ( 'NONE',  ( 17.88654379173261688, -8.774628471774102323, 758.2695226496507530 ) ) ;
#783 = PLANE ( 'NONE',  #797 ) ;
#784 = CARTESIAN_POINT ( 'NONE',  ( -14.90358347039982512, -18.30187318369571869, 758.1962883823230186 ) ) ;
#785 = ADVANCED_FACE ( 'NONE', ( #2511 ), #5328, .F. ) ;
#786 = CARTESIAN_POINT ( 'NONE',  ( -6.354368320650303659, -33.59094437550583478, 816.3444524298092801 ) ) ;
#787 = FACE_OUTER_BOUND ( 'NONE', #1208, .T. ) ;
#788 = CARTESIAN_POINT ( 'NONE',  ( -11.31897151826824732, -10.13003753930538586, 883.8503992121816282 ) ) ;
#789 = CARTESIAN_POINT ( 'NONE',  ( 10.78734964507466110, -5.740717357014399447, 818.0841173869287104 ) ) ;
#790 = CARTESIAN_POINT ( 'NONE',  ( 17.09196437720662587, -14.61856928274902678, 821.1048999158132347 ) ) ;
#791 = B_SPLINE_CURVE_WITH_KNOTS ( 'NONE', 3,
 ( #4269, #4779, #383, #426, #2178, #2558, #6, #2096, #5585, #4723, #1284, #3923, #1312, #356, #885, #3032, #2954, #2982, #3846, #2630, #31, #1749, #3414, #3895, #2125, #1774, #1666, #857, #4371, #3517, #2608, #5151, #5232, #454, #4296, #834, #2202, #3950, #3441, #5610, #5180, #2584, #3007, #1260, #4751, #4318, #405, #2155, #973, #2261, #2717, #5290, #1002, #1460, #4460, #1863, #3635, #151, #4007, #3084, #1804, #1376, #2322, #509, #1432, #3115, #3545, #4834, #4519, #913, #2656, #3179, #120, #1922, #1403, #4863, #4399, #479, #4920, #4062, #540, #1890, #179, #2290, #60, #4035, #942, #3606, #2685, #2229, #5350, #568, #2750, #4092, #4429, #4490, #599, #5382, #3209, #90, #1836, #5260, #1345, #4954, #3977, #1030, #3576, #5319, #2777, #3144, #2355, #4893, #3722, #658, #2841, #4121, #4610, #1487, #4979, #2385, #4233, #2036, #4207, #2414, #3235, #209, #2807, #5440, #717, #4582, #5497, #3690, #1950, #1057, #2922, #4549, #626, #1577, #4182, #323, #5468, #1516, #3267, #296, #2893, #1548, #2498, #3781, #3665, #1118, #5011, #685, #1087, #2443, #4150, #238, #265, #4638, #2868, #5410, #1982, #3321, #3296, #5041, #2009, #4665, #3754, #5067, #1149, #5522, #2470, #1609, #3357, #5093, #1174, #746, #5173, #1254, #2117, #2551, #3459, #2523, #2578, #5551, #5628, #3889, #4287, #5144, #4773, #851, #3000, #3435, #376, #1634, #5120, #3864, #4340, #3913, #5577, #4689, #4716, #3025, #2172, #3381, #5655, #828, #2063, #3836, #1202, #3484, #880, #5225, #350, #2947, #1713, #420, #4744, #771, #1659, #2089, #1743, #4259, #5200, #1305, #3407, #1685, #3047, #4798, #5603, #1278, #1225, #399, #3809, #2975, #2624, #4364, #802, #4312, #2145, #2600, #3970, #52, #4885, #1426, #563, #3943, #4056, #967, #446, #2223, #24, #1885, #4949, #3629, #4393, #1767, #2283, #2743, #1829, #3509, #1797, #1025, #2711, #2651, #1858, #5377, #3078, #82, #2315, #4484, #934, #3600, #5254, #4452, #2197, #3538, #145, #1454, #1337, #533, #3109, #4857, #3569, #474, #5342, #3202, #5313, #4030, #2772, #994, #2679, #4827, #5283, #908, #1368, #3174, #4421, #114, #501, #2254, #4001, #1397, #3137, #4915, #2349, #2003 ),
 .UNSPECIFIED., .F., .F.,
 ( 4, 2, 2, 1, 1, 2, 2, 1, 2, 2, 2, 2, 2, 2, 1, 1, 1, 2, 2, 1, 2, 2, 2, 1, 2, 2, 2, 2, 2, 2, 1, 1, 2, 2, 2, 2, 1, 2, 2, 2, 1, 2, 2, 1, 2, 2, 2, 2, 2, 2, 2, 2, 2, 1, 2, 2, 2, 2, 1, 2, 2, 2, 2, 2, 2, 2, 1, 2, 2, 2, 2, 2, 2, 2, 1, 2, 2, 1, 2, 2, 2, 2, 2, 1, 2, 2, 2, 2, 2, 2, 2, 2, 1, 1, 2, 2, 1, 1, 1, 1, 2, 2, 2, 2, 2, 2, 2, 2, 1, 2, 2, 1, 2, 1, 1, 1, 2, 2, 1, 2, 2, 2, 1, 2, 2, 1, 2, 2, 2, 2, 1, 1, 2, 2, 1, 2, 2, 2, 2, 2, 2, 2, 2, 1, 1, 2, 2, 2, 1, 1, 1, 2, 2, 2, 2, 1, 1, 2, 2, 1, 1, 1, 2, 2, 2, 2, 1, 1, 2, 2, 2, 2, 1, 1, 2, 2, 1, 1, 4 ),
 ( 0.1382783280216475785, 0.2288832588752704456, 0.2402088752319710419, 0.2458716834103213400, 0.2487030874994977658, 0.2494109385217906372, 0.2501187895440835085, 0.2515344915886718602, 0.2741857243020778823, 0.3194881897288925909, 0.3647906551557072441, 0.3704534633340565986, 0.3761162715124060085, 0.3874418878691074930, 0.3902732919582828086, 0.3916889940028705497, 0.3923968450251644202, 0.3927507705363099677, 0.3929277332918813537, 0.3931046960474527951, 0.3987675042256681457, 0.4100931205821019554, 0.4108009716043787840, 0.4115088226266556126, 0.4129245246712092698, 0.4157559287603188047, 0.4214187369385402615, 0.4270815451167617183, 0.4284972471613170963, 0.4288511726724547612, 0.4292050981835924262, 0.4299129492058706981, 0.4327443532949864502, 0.4355757573841022023, 0.4369914594286600784, 0.4376993104509389609, 0.4384071614732178990, 0.4440699696514467942, 0.4497327778296756895, 0.4525641819187901094, 0.4529181074299287180, 0.4530950701854980500, 0.4532720329410674376, 0.4539798839633527594, 0.4553955860079168527, 0.4582269900970449839, 0.4596426921416106870, 0.4603505431638935663, 0.4610583941861764457, 0.4667212023644423113, 0.4681369044090062381, 0.4684908299201471782, 0.4688447554312881183, 0.4695526064535667232, 0.4723840105426844183, 0.4780468187209229169, 0.4837096268991614156, 0.4844174779214426851, 0.4851253289437239546, 0.4865410309882864381, 0.4893724350774116272, 0.4907881371219729449, 0.4914959881442535483, 0.4922038391665341517, 0.4950352432556590632, 0.4957430942779406657, 0.4959200570335104419, 0.4960085384112959406, 0.4960970197890814948, 0.4964509453002252104, 0.4978666473447995733, 0.4992823493893738807, 0.4999902004116610899, 0.5001671631672326424, 0.5003441259228041949, 0.5006980514339471888, 0.5021137534785196088, 0.5028216045008058188, 0.5029985672563772603, 0.5031755300119487018, 0.5035294555230926949, 0.5049451575676697779, 0.5056530085899583193, 0.5060069341011026456, 0.5061838968566743091, 0.5063608596122459726, 0.5120236677905138922, 0.5148550718796492953, 0.5176864759687846984, 0.5233492841470526180, 0.5247649861916188208, 0.5251189117027604825, 0.5254728372139019221, 0.5261806882361821369, 0.5290120923252999985, 0.5346749005035356106, 0.5360906025480951520, 0.5367984535703765880, 0.5371523790815188049, 0.5373293418370899133, 0.5374178232148769663, 0.5375063045926640193, 0.5403377086822325204, 0.5417534107270167709, 0.5424612617494102285, 0.5431691127718039080, 0.5460005168613810689, 0.5488319209509582297, 0.5495397719733525754, 0.5498936974845496373, 0.5500706602401482792, 0.5502476229957469211, 0.5516633250405196254, 0.5544947291300652559, 0.5559104311748380711, 0.5560873939304362690, 0.5561758753082342022, 0.5562643566860319133, 0.5566182821972383010, 0.5573261332196570716, 0.5601575373093282684, 0.5615732393541639222, 0.5622810903765815826, 0.5624580531321852206, 0.5626350158877888585, 0.5629889413989985769, 0.5686517495783751652, 0.5743145577577515315, 0.5746684832689623601, 0.5750224087801729667, 0.5757302598025944018, 0.5771459618474370501, 0.5799773659371223467, 0.5856401741164959374, 0.5870558761613386967, 0.5874098016725499694, 0.5877637271837612420, 0.5884715782061837874, 0.5913029822958741910, 0.5969657904752548871, 0.5997971945649451797, 0.5999741573205488177, 0.6001511200761524556, 0.6005050455873593984, 0.6012128966097736171, 0.6026285986545993900, 0.6139542150132046849, 0.6196170231925087757, 0.6224484272821593223, 0.6238641293269847621, 0.6245719803493987587, 0.6249259058606071449, 0.6252798313718155310, 0.6366054477306180015, 0.6479310640894202500, 0.6493467661342704478, 0.6497006916454834968, 0.6498776544010897993, 0.6500546171566963238, 0.6507624681791195353, 0.6535938722688148239, 0.6592566804482058451, 0.6819079131657692638, 0.6932335295245524165, 0.6988963377039438818, 0.7003120397487911930, 0.7017277417936385042, 0.7045591458833353471, 0.7272103786009140869, 0.7725128440360737869, 0.8178153094712334870, 0.8404665421888133370, 0.8461293503682083550, 0.8489607544579058640, 0.8496686054803281873, 0.8500225309915376837, 0.8503764565027474021, 0.8517921585475833890, 0.8631177749062621807 ),
 .UNSPECIFIED. ) ;
#792 = CARTESIAN_POINT ( 'NONE',  ( -139.7550608954569782, 82.60653096607924795, 833.7075920478913531 ) ) ;
#793 = VECTOR ( 'NONE', #3500, 1000.000000000000000 ) ;
#794 = DIRECTION ( 'NONE',  ( -0.8191525623785658183, -0.5735756964225228183, 4.695530338589193492E-06 ) ) ;
#795 = EDGE_CURVE ( 'NONE', #3458, #4826, #3342, .T. ) ;
#796 = DIRECTION ( 'NONE',  ( 0.000000000000000000, 0.000000000000000000, -1.000000000000000000 ) ) ;
#797 = AXIS2_PLACEMENT_3D ( 'NONE', #5156, #2987, #4726 ) ;
#798 = CARTESIAN_POINT ( 'NONE',  ( 68.90658782965687124, 32.68991426856239713, 792.8900435579062105 ) ) ;
#799 = CARTESIAN_POINT ( 'NONE',  ( -21.14793641314910033, 1.597766896959954996, 793.9610873755503917 ) ) ;
#800 = CARTESIAN_POINT ( 'NONE',  ( -144.2871969055265993, 76.13396995701442904, 862.1821477921479300 ) ) ;
#801 = ORIENTED_EDGE ( 'NONE', *, *, #4958, .T. ) ;
#802 = CARTESIAN_POINT ( 'NONE',  ( -18.57225646624201687, -11.35824426037149948, 765.2730850957136681 ) ) ;
#803 = CARTESIAN_POINT ( 'NONE',  ( -5.783606045883479041, -6.159844561908948357, 764.5195076938780403 ) ) ;
#804 = ORIENTED_EDGE ( 'NONE', *, *, #714, .F. ) ;
#805 = CARTESIAN_POINT ( 'NONE',  ( 9.380236187023394123, -8.294603611700239298, 750.7235599248640483 ) ) ;
#806 = DIRECTION ( 'NONE',  ( -1.000000000000000000, 0.000000000000000000, 0.000000000000000000 ) ) ;
#807 = CARTESIAN_POINT ( 'NONE',  ( -17.88654379173261688, -8.774628471774102323, 758.2695226496507530 ) ) ;
#808 = ORIENTED_EDGE ( 'NONE', *, *, #191, .T. ) ;
#809 = CARTESIAN_POINT ( 'NONE',  ( -23.43716838100120725, 1.815149285054695305, 775.9624785914436416 ) ) ;
#810 = CARTESIAN_POINT ( 'NONE',  ( -14.99999979549896167, -20.00347641815426769, 776.5988321036429625 ) ) ;
#811 = CARTESIAN_POINT ( 'NONE',  ( 18.30853773751803004, -9.875233077197059117, 760.1941304996920508 ) ) ;
#812 = CARTESIAN_POINT ( 'NONE',  ( -13.27168037589909133, -21.85000000000000142, 814.6999999999999318 ) ) ;
#813 = CARTESIAN_POINT ( 'NONE',  ( -14.65932302188441305, -16.81771943923252266, 753.4627546997151057 ) ) ;
#814 = PLANE ( 'NONE',  #537 ) ;
#815 = CARTESIAN_POINT ( 'NONE',  ( -6.810259906467857505, -33.52694407099239982, 817.1481753550838221 ) ) ;
#816 = CARTESIAN_POINT ( 'NONE',  ( 71.05460956973259101, 29.62222130203441850, 910.4808309078066486 ) ) ;
#817 = CARTESIAN_POINT ( 'NONE',  ( 10.75653915497369084, -9.483371037125506220, 872.9185405479225892 ) ) ;
#818 = MECHANICAL_DESIGN_GEOMETRIC_PRESENTATION_REPRESENTATION (  '', ( #1732 ), #629 ) ;
#819 = DIRECTION ( 'NONE',  ( 1.000000000000000000, 0.000000000000000000, 0.000000000000000000 ) ) ;
#820 = CARTESIAN_POINT ( 'NONE',  ( -68.90658782965687124, 32.68991426856239713, 792.8900435579062105 ) ) ;
#821 = CARTESIAN_POINT ( 'NONE',  ( 7.240345622449996021, -6.435200139942282682, 803.9077286580161399 ) ) ;
#822 = CARTESIAN_POINT ( 'NONE',  ( 68.56994601869759265, 33.17068859986980556, 797.8903580971820020 ) ) ;
#823 = VECTOR ( 'NONE', #1384, 1000.000000000000114 ) ;
#824 = FACE_OUTER_BOUND ( 'NONE', #3724, .T. ) ;
#825 = CARTESIAN_POINT ( 'NONE',  ( -73.90928618706348630, 25.54532058110029169, 826.0611735747422699 ) ) ;
#826 = EDGE_CURVE ( 'NONE', #2780, #1500, #2487, .T. ) ;
#827 = EDGE_LOOP ( 'NONE', ( #1304, #4104, #3742, #4483, #400, #1929, #3147, #4900 ) ) ;
#828 = CARTESIAN_POINT ( 'NONE',  ( -18.44624960880985043, -10.36910118268474612, 761.6941780984512889 ) ) ;
#829 = ORIENTED_EDGE ( 'NONE', *, *, #2983, .T. ) ;
#830 = CARTESIAN_POINT ( 'NONE',  ( 5.729124210841483489, -6.137038240567506797, 765.0667880870933004 ) ) ;
#831 = DIRECTION ( 'NONE',  ( 1.000000000000000000, 0.000000000000000000, 0.000000000000000000 ) ) ;
#832 = CARTESIAN_POINT ( 'NONE',  ( -17.43247129057616363, -7.601098277537030157, 757.7559230798251519 ) ) ;
#833 = ORIENTED_EDGE ( 'NONE', *, *, #5263, .F. ) ;
#834 = CARTESIAN_POINT ( 'NONE',  ( -14.28579873257090682, -5.395483449608531323, 766.3256044422324749 ) ) ;
#835 = CARTESIAN_POINT ( 'NONE',  ( -14.99891517699288279, -19.81682099145643861, 771.5648286784125958 ) ) ;
#836 = CARTESIAN_POINT ( 'NONE',  ( 26.52537402701720737, -8.331255416860557261, 798.3610934420697731 ) ) ;
#837 = DIRECTION ( 'NONE',  ( -1.000000000000000000, 0.000000000000000000, 0.000000000000000000 ) ) ;
#838 = CARTESIAN_POINT ( 'NONE',  ( -5.662395014617432665, -6.109437470998101638, 807.2361353154744847 ) ) ;
#839 = CARTESIAN_POINT ( 'NONE',  ( -14.96885614664640407, -19.03390183676600600, 821.2722740987449015 ) ) ;
#840 = CARTESIAN_POINT ( 'NONE',  ( -2.881625410236338276E-14, -29.14999999999999858, 704.9922371214549912 ) ) ;
#841 = CARTESIAN_POINT ( 'NONE',  ( 12.10054570930696904, -11.12278142423166649, 898.3785778669405317 ) ) ;
#842 = CARTESIAN_POINT ( 'NONE',  ( 8.705601644918047555, -18.14999999999999858, 814.6999999999999318 ) ) ;
#843 = CARTESIAN_POINT ( 'NONE',  ( 3.365611187767297618, -15.19341104899578632, 804.6950097304380733 ) ) ;
#844 =( BOUNDED_CURVE ( )  B_SPLINE_CURVE ( 3, ( #1257, #2093, #2555, #5124 ),
 .UNSPECIFIED., .F., .F. ) 
 B_SPLINE_CURVE_WITH_KNOTS ( ( 4, 4 ),
 ( 1.570803511620221693, 4.712396165210014587 ),
 .UNSPECIFIED. ) 
 CURVE ( )  GEOMETRIC_REPRESENTATION_ITEM ( )  RATIONAL_B_SPLINE_CURVE ( ( 1.000000000000000000, 0.3333333333333333703, 0.3333333333333333703, 1.000000000000000000 ) ) 
 REPRESENTATION_ITEM ( '' )  );
#845 = DIRECTION ( 'NONE',  ( -3.846355708643506158E-06, -2.693242084072703469E-06, -0.9999999999889760405 ) ) ;
#846 = CARTESIAN_POINT ( 'NONE',  ( 10.78933412455088892, -9.760554718253878548, 765.6707786476939646 ) ) ;
#847 = CARTESIAN_POINT ( 'NONE',  ( 212.0326727237696787, 130.4821259885554809, 852.2458641094948462 ) ) ;
#848 = CYLINDRICAL_SURFACE ( 'NONE', #4809, 15.00000000000000000 ) ;
#849 = CARTESIAN_POINT ( 'NONE',  ( -214.7046265276147778, 126.6661804894878571, 891.5668978736304098 ) ) ;
#850 = VERTEX_POINT ( 'NONE', #1536 ) ;
#851 = CARTESIAN_POINT ( 'NONE',  ( -18.39782477338364686, -10.08455674940215019, 760.8457309428970348 ) ) ;
#852 = VERTEX_POINT ( 'NONE', #1106 ) ;
#853 = CARTESIAN_POINT ( 'NONE',  ( 14.88170197069040412, -16.61295587579129673, 807.1493502398448072 ) ) ;
#854 = DIRECTION ( 'NONE',  ( 0.000000000000000000, 0.000000000000000000, 1.000000000000000000 ) ) ;
#855 = CARTESIAN_POINT ( 'NONE',  ( -18.24687788285518764, -9.750109753884160568, 759.8542092048035101 ) ) ;
#856 = ORIENTED_EDGE ( 'NONE', *, *, #1286, .F. ) ;
#857 = CARTESIAN_POINT ( 'NONE',  ( -14.01970258759726207, -5.301554780018367552, 767.7577970808606551 ) ) ;
#858 = CARTESIAN_POINT ( 'NONE',  ( -14.98168743524564128, -19.25902643007389514, 764.2915422198997248 ) ) ;
#859 = VERTEX_POINT ( 'NONE', #4167 ) ;
#860 = CARTESIAN_POINT ( 'NONE',  ( 18.58307198351891643, -11.45761096131029078, 765.7046927617383290 ) ) ;
#861 = CARTESIAN_POINT ( 'NONE',  ( -5.969633301342362586, -6.238745836499902886, 762.7876230371228985 ) ) ;
#862 = VECTOR ( 'NONE', #3954, 1000.000000000000000 ) ;
#863 = DIRECTION ( 'NONE',  ( 0.000000000000000000, 0.000000000000000000, 1.000000000000000000 ) ) ;
#864 = VECTOR ( 'NONE', #5188, 1000.000000000000000 ) ;
#865 = FACE_OUTER_BOUND ( 'NONE', #1033, .T. ) ;
#866 = CARTESIAN_POINT ( 'NONE',  ( 12.00156145808908548, -10.98938138113172869, 896.5599757865851416 ) ) ;
#867 = EDGE_CURVE ( 'NONE', #4617, #5202, #1566, .T. ) ;
#868 = LINE ( 'NONE', #896, #793 ) ;
#869 = CARTESIAN_POINT ( 'NONE',  ( -211.0332689534627661, 131.9094224910497530, 875.5282126939002865 ) ) ;
#870 = EDGE_LOOP ( 'NONE', ( #1080, #5631, #833, #2929, #4406, #801 ) ) ;
#871 = DIRECTION ( 'NONE',  ( -0.5735756964288468707, -0.8191525623875954842, 0.000000000000000000 ) ) ;
#872 = DIRECTION ( 'NONE',  ( 0.000000000000000000, 0.000000000000000000, -1.000000000000000000 ) ) ;
#873 = EDGE_CURVE ( 'NONE', #1336, #2069, #2291, .T. ) ;
#874 = CARTESIAN_POINT ( 'NONE',  ( 140.6797580898405045, 81.28592651108128564, 820.4158644909998657 ) ) ;
#875 = ADVANCED_FACE ( 'NONE', ( #5029 ), #4578, .F. ) ;
#876 = EDGE_CURVE ( 'NONE', #1117, #859, #4535, .T. ) ;
#877 = FACE_OUTER_BOUND ( 'NONE', #3599, .T. ) ;
#878 = CARTESIAN_POINT ( 'NONE',  ( -3.035213985590550223, -24.33473676183152179, 823.5053166900200949 ) ) ;
#879 = VERTEX_POINT ( 'NONE', #40 ) ;
#880 = CARTESIAN_POINT ( 'NONE',  ( -18.46427995998903171, -10.49782875416345895, 762.0925302551621598 ) ) ;
#881 = ORIENTED_EDGE ( 'NONE', *, *, #3513, .F. ) ;
#882 = CARTESIAN_POINT ( 'NONE',  ( 11.85972909375892037, -10.81258587250577463, 748.4679683697585233 ) ) ;
#883 = CARTESIAN_POINT ( 'NONE',  ( -14.35714767536635605, -5.425391950899991045, 765.9482258727680346 ) ) ;
#884 = ORIENTED_EDGE ( 'NONE', *, *, #4342, .F. ) ;
#885 = CARTESIAN_POINT ( 'NONE',  ( -12.23764108184042243, -5.009664430819739778, 779.8984192965839384 ) ) ;
#886 = CARTESIAN_POINT ( 'NONE',  ( -7.839810092881326575, -6.381620641570899366, 798.3611600538092716 ) ) ;
#887 = CARTESIAN_POINT ( 'NONE',  ( -14.99745802209591794, -19.72317739412421034, 769.9338029467187425 ) ) ;
#888 = ORIENTED_EDGE ( 'NONE', *, *, #2957, .F. ) ;
#889 = CARTESIAN_POINT ( 'NONE',  ( 18.35605190368405459, -9.973661838196889562, 760.4945438718044670 ) ) ;
#890 = CARTESIAN_POINT ( 'NONE',  ( -14.84297106093439744, -16.49685757293913468, 812.6499449621811664 ) ) ;
#891 = CARTESIAN_POINT ( 'NONE',  ( -5.034357604652615947, -5.870009110755876947, 781.8286731826868845 ) ) ;
#892 = EDGE_CURVE ( 'NONE', #437, #30, #4059, .T. ) ;
#893 = DIRECTION ( 'NONE',  ( -0.000000000000000000, -0.000000000000000000, -1.000000000000000000 ) ) ;
#894 = CARTESIAN_POINT ( 'NONE',  ( -5.906567542693863082, -6.211859522338546213, 816.3316228401797616 ) ) ;
#895 = CARTESIAN_POINT ( 'NONE',  ( 24.48265226446255838, 0.3219568615029862468, 765.7224918045931190 ) ) ;
#896 = CARTESIAN_POINT ( 'NONE',  ( 0.000000000000000000, -29.05000000000000426, 908.9931498327478039 ) ) ;
#897 = CARTESIAN_POINT ( 'NONE',  ( -69.18444834754882322, 32.29308832378266203, 871.6649680450844926 ) ) ;
#898 = ORIENTED_EDGE ( 'NONE', *, *, #1719, .F. ) ;
#899 = DIRECTION ( 'NONE',  ( -3.673940397442058882E-16, 0.000000000000000000, 1.000000000000000000 ) ) ;
#900 = CARTESIAN_POINT ( 'NONE',  ( -9.623798626322106031, -18.15000000000000213, 814.6999999999999318 ) ) ;
#901 = CIRCLE ( 'NONE', #3008, 9.700000000000001066 ) ;
#902 = CARTESIAN_POINT ( 'NONE',  ( -6.547053747645318111, -6.503901919151046762, 758.9469125790014914 ) ) ;
#903 = CARTESIAN_POINT ( 'NONE',  ( -3.230440387728940266, -15.38645495764030180, 814.1017675945282690 ) ) ;
#904 = CARTESIAN_POINT ( 'NONE',  ( -14.97571229811211779, -19.14674349165864342, 816.9999999065702241 ) ) ;
#905 = CARTESIAN_POINT ( 'NONE',  ( -73.49047068156832552, 26.14345111046564085, 850.2165654201678535 ) ) ;
#906 = AXIS2_PLACEMENT_3D ( 'NONE', #4385, #1390, #2190 ) ;
#907 = ORIENTED_EDGE ( 'NONE', *, *, #3495, .T. ) ;
#908 = CARTESIAN_POINT ( 'NONE',  ( -17.64228790486906107, -14.66884566585768646, 793.8864845870194813 ) ) ;
#909 = LINE ( 'NONE', #3138, #3898 ) ;
#910 = CARTESIAN_POINT ( 'NONE',  ( 11.39952607255402128, -10.24833394180701873, 748.6558782874490134 ) ) ;
#911 = CARTESIAN_POINT ( 'NONE',  ( -17.77612733551207214, -8.422746944103698397, 757.9680729531262386 ) ) ;
#912 = EDGE_LOOP ( 'NONE', ( #3628, #5264, #3031, #591 ) ) ;
#913 = CARTESIAN_POINT ( 'NONE',  ( -15.59714692768405442, -6.077554903284301702, 760.9406146782682754 ) ) ;
#914 = CARTESIAN_POINT ( 'NONE',  ( 3.989863994746656317E-14, -29.14999999999999858, 814.6999999999999318 ) ) ;
#915 = CARTESIAN_POINT ( 'NONE',  ( -13.35057313852325400, -13.15420164604762299, 748.9023115095820913 ) ) ;
#916 = ORIENTED_EDGE ( 'NONE', *, *, #1720, .F. ) ;
#917 = CARTESIAN_POINT ( 'NONE',  ( 5.906294593143801563, -6.211743173055373823, 816.3334544949083238 ) ) ;
#918 = CARTESIAN_POINT ( 'NONE',  ( -14.76621523012420667, -17.25399653761012075, 847.4994604173496100 ) ) ;
#919 = CARTESIAN_POINT ( 'NONE',  ( -6.985589036523945694, -6.725880260981177194, 756.7295044889376641 ) ) ;
#920 = EDGE_LOOP ( 'NONE', ( #4038, #620, #473, #4982 ) ) ;
#921 = CARTESIAN_POINT ( 'NONE',  ( 15.22221590119174728, -17.83451418684931156, 803.9073476308436739 ) ) ;
#922 = EDGE_CURVE ( 'NONE', #1884, #2549, #3557, .T. ) ;
#923 = CARTESIAN_POINT ( 'NONE',  ( 3.754221465821750790E-14, -20.00000000000000000, 704.9922371214549912 ) ) ;
#924 = DIRECTION ( 'NONE',  ( -1.000000000000000000, 0.000000000000000000, 0.000000000000000000 ) ) ;
#925 = CARTESIAN_POINT ( 'NONE',  ( -139.6855095348731197, 82.70586060306338538, 862.1821477919392009 ) ) ;
#926 = CARTESIAN_POINT ( 'NONE',  ( 14.97855255476548564, -19.19815003639919837, 815.0000000000000000 ) ) ;
#927 = DIRECTION ( 'NONE',  ( -3.846355708643505311E-06, -2.693242084072704316E-06, -0.9999999999889760405 ) ) ;
#928 = CARTESIAN_POINT ( 'NONE',  ( -6.345266378870261903, -6.408178481175146324, 760.1652507988694651 ) ) ;
#929 = EDGE_CURVE ( 'NONE', #3265, #4268, #959, .T. ) ;
#930 = CARTESIAN_POINT ( 'NONE',  ( -3.424374528660761641, -15.10948830082927863, 795.2858572951124643 ) ) ;
#931 = CARTESIAN_POINT ( 'NONE',  ( -1.963495395717899772, -5.000000000000014211, 720.9422371214551504 ) ) ;
#932 = CARTESIAN_POINT ( 'NONE',  ( -143.4012041031231774, 77.39929881175436321, 821.2320837972766867 ) ) ;
#933 = ORIENTED_EDGE ( 'NONE', *, *, #1712, .T. ) ;
#934 = CARTESIAN_POINT ( 'NONE',  ( -18.49784743513450636, -12.68782942285327309, 772.4697492204917353 ) ) ;
#935 = DIRECTION ( 'NONE',  ( 0.000000000000000000, 0.000000000000000000, -1.000000000000000000 ) ) ;
#936 = CARTESIAN_POINT ( 'NONE',  ( 143.8076598242195985, 76.81881988384169802, 825.6424232743780749 ) ) ;
#937 = CARTESIAN_POINT ( 'NONE',  ( 14.98039745182866689, -19.23312990413961998, 813.5509246956551124 ) ) ;
#938 = B_SPLINE_CURVE_WITH_KNOTS ( 'NONE', 3,
 ( #3194, #4134, #3736, #223 ),
 .UNSPECIFIED., .F., .F.,
 ( 4, 4 ),
 ( 0.001509165556451273977, 0.003509473616483398117 ),
 .UNSPECIFIED. ) ;
#939 = PRODUCT_DEFINITION_SHAPE ( 'NONE', 'NONE',  #4245 ) ;
#940 = CARTESIAN_POINT ( 'NONE',  ( -12.97238943159491065, -5.045952832196956450, 773.9897223807540740 ) ) ;
#941 = ORIENTED_EDGE ( 'NONE', *, *, #3974, .T. ) ;
#942 = CARTESIAN_POINT ( 'NONE',  ( -15.89500682376546870, -6.365650281358578688, 759.8177685407080162 ) ) ;
#943 = CARTESIAN_POINT ( 'NONE',  ( 15.51798825128699555, -13.38864069117955324, 858.2520601283114274 ) ) ;
#944 = CARTESIAN_POINT ( 'NONE',  ( -14.72759002585130439, -17.15426339938648681, 754.2580561137949644 ) ) ;
#945 = ORIENTED_EDGE ( 'NONE', *, *, #129, .F. ) ;
#946 = CARTESIAN_POINT ( 'NONE',  ( -7.337685345909606305, -6.574124847309334108, 796.8678772901432694 ) ) ;
#947 = CARTESIAN_POINT ( 'NONE',  ( -17.00296917126757634, -14.50224631376720019, 825.3843184257946177 ) ) ;
#948 = CARTESIAN_POINT ( 'NONE',  ( -5.547523639997204548, -6.063427026172064416, 767.2843159751965914 ) ) ;
#949 = ORIENTED_EDGE ( 'NONE', *, *, #498, .F. ) ;
#950 = EDGE_CURVE ( 'NONE', #5122, #1684, #2334, .T. ) ;
#951 = CARTESIAN_POINT ( 'NONE',  ( 14.21984613887761562, -25.88984756492634531, 720.9422371214566283 ) ) ;
#952 = PLANE ( 'NONE',  #956 ) ;
#953 = CARTESIAN_POINT ( 'NONE',  ( 26.29389997677527546, -2.264809333552796566, 761.8854027454279958 ) ) ;
#954 = ADVANCED_FACE ( 'NONE', ( #4073 ), #3644, .F. ) ;
#955 = CARTESIAN_POINT ( 'NONE',  ( 0.000000000000000000, -33.40000000000093650, 815.0000000000000000 ) ) ;
#956 = AXIS2_PLACEMENT_3D ( 'NONE', #2270, #4785, #4380 ) ;
#957 = CARTESIAN_POINT ( 'NONE',  ( 3.139930000797260590, -15.51571718632623664, 818.8039913657747775 ) ) ;
#958 = CARTESIAN_POINT ( 'NONE',  ( -3.491060010942229397, -29.05000000000000426, 891.0867433581797741 ) ) ;
#959 = CIRCLE ( 'NONE', #2239, 9.799999999999998934 ) ;
#960 = CARTESIAN_POINT ( 'NONE',  ( 7.337685345909606305, -6.574124847309334108, 817.0000000000000000 ) ) ;
#961 = CARTESIAN_POINT ( 'NONE',  ( -6.710696293489235131, -6.584838555669222160, 758.0512741012454399 ) ) ;
#962 = CARTESIAN_POINT ( 'NONE',  ( 139.9087621913922135, 82.38702276665574686, 872.2274645212291944 ) ) ;
#963 = CARTESIAN_POINT ( 'NONE',  ( 12.29798475642730793, -11.40721221101000360, 755.2825264678634767 ) ) ;
#964 = CARTESIAN_POINT ( 'NONE',  ( 11.60344776348899209, -21.84999999999999787, 817.0000000000000000 ) ) ;
#965 = CARTESIAN_POINT ( 'NONE',  ( -214.3648803209605660, 127.1513883573193766, 856.1807038834542709 ) ) ;
#966 = VERTEX_POINT ( 'NONE', #2819 ) ;
#967 = CARTESIAN_POINT ( 'NONE',  ( -18.59012535253501142, -11.64607961475889830, 766.6290375523423108 ) ) ;
#968 = CARTESIAN_POINT ( 'NONE',  ( 11.00000000000001243, -37.88854381999827581, 817.0000000000000000 ) ) ;
#969 = CARTESIAN_POINT ( 'NONE',  ( 144.3940047971112506, 75.98143247954295987, 842.0790406311148217 ) ) ;
#970 = CARTESIAN_POINT ( 'NONE',  ( 14.98524891711099549, -19.33043376022079940, 810.0106263019147264 ) ) ;
#971 = DIRECTION ( 'NONE',  ( 0.000000000000000000, 0.000000000000000000, 1.000000000000000000 ) ) ;
#972 = AXIS2_PLACEMENT_3D ( 'NONE', #1703, #2993, #819 ) ;
#973 = CARTESIAN_POINT ( 'NONE',  ( -14.82574887292647148, -5.662111786234278021, 763.7531237380451330 ) ) ;
#974 = CARTESIAN_POINT ( 'NONE',  ( 12.92099112874467082, -11.46608316328861399, 897.4661502730059510 ) ) ;
#975 = CARTESIAN_POINT ( 'NONE',  ( -14.69704612082776940, -16.99913384541116557, 753.8788411972984704 ) ) ;
#976 = VERTEX_POINT ( 'NONE', #3277 ) ;
#977 = DIRECTION ( 'NONE',  ( 3.673940397442058882E-16, 0.000000000000000000, 1.000000000000000000 ) ) ;
#978 = CARTESIAN_POINT ( 'NONE',  ( -14.98282057995227845, -19.28230405535693137, 810.8867895154082817 ) ) ;
#979 = CARTESIAN_POINT ( 'NONE',  ( -12.29559323710092045, -11.19818504277643001, 755.3341380479726013 ) ) ;
#980 = ORIENTED_EDGE ( 'NONE', *, *, #2331, .T. ) ;
#981 = LINE ( 'NONE', #4408, #1559 ) ;
#982 = DIRECTION ( 'NONE',  ( 0.000000000000000000, 0.000000000000000000, -1.000000000000000000 ) ) ;
#983 = CARTESIAN_POINT ( 'NONE',  ( 28.87171368895397805, -5.946144870336413035, 782.7804631732753933 ) ) ;
#984 = CARTESIAN_POINT ( 'NONE',  ( 8.899999999999964828, -19.99999999999988276, 814.6999999999999318 ) ) ;
#985 = CARTESIAN_POINT ( 'NONE',  ( 1.428785959053088916, -17.95948413879181516, 870.4686297551014604 ) ) ;
#986 = DIRECTION ( 'NONE',  ( -0.8191525623785653742, 0.5735756964225233734, -4.695530338612962084E-06 ) ) ;
#987 = LINE ( 'NONE', #2342, #2151 ) ;
#988 = CARTESIAN_POINT ( 'NONE',  ( -5.516293199826126425, -6.051014751061461361, 802.9598584651893134 ) ) ;
#989 = CARTESIAN_POINT ( 'NONE',  ( 68.49588141539892661, 33.27646381544099086, 850.2165654198286120 ) ) ;
#990 = CARTESIAN_POINT ( 'NONE',  ( 12.25610164827530113, -10.78407484841607911, 755.5647806296171893 ) ) ;
#991 = CARTESIAN_POINT ( 'NONE',  ( -1.644972809301447958, -8.125958771167525185, 700.9422371214550367 ) ) ;
#992 = CARTESIAN_POINT ( 'NONE',  ( -72.99754751146228671, 26.84741835332967952, 791.8933060759011369 ) ) ;
#993 = ORIENTED_EDGE ( 'NONE', *, *, #108, .T. ) ;
#994 = CARTESIAN_POINT ( 'NONE',  ( -18.08236438047473271, -14.02332484576093563, 783.9027253631144276 ) ) ;
#995 = CARTESIAN_POINT ( 'NONE',  ( 0.000000000000000000, -29.81666666666666998, 700.9422371214550367 ) ) ;
#996 =( BOUNDED_CURVE ( )  B_SPLINE_CURVE ( 3, ( #335, #5509, #733, #5079 ),
 .UNSPECIFIED., .F., .T. ) 
 B_SPLINE_CURVE_WITH_KNOTS ( ( 4, 4 ),
 ( 4.712396165210014587, 7.853988818799807703 ),
 .UNSPECIFIED. ) 
 CURVE ( )  GEOMETRIC_REPRESENTATION_ITEM ( )  RATIONAL_B_SPLINE_CURVE ( ( 1.000000000000000000, 0.3333333333333333703, 0.3333333333333333703, 1.000000000000000000 ) ) 
 REPRESENTATION_ITEM ( '' )  );
#997 = CARTESIAN_POINT ( 'NONE',  ( 73.83031823507215563, 25.65809850433306138, 809.9509860136055295 ) ) ;
#998 = EDGE_CURVE ( 'NONE', #1963, #4290, #3243, .T. ) ;
#999 = VECTOR ( 'NONE', #4687, 1000.000000000000000 ) ;
#1000 = CARTESIAN_POINT ( 'NONE',  ( 14.83429667567480159, -17.77619882873012003, 756.0422832011195169 ) ) ;
#1001 = CARTESIAN_POINT ( 'NONE',  ( -11.98106735854695515, -5.014178077607478912, 782.2067675926494985 ) ) ;
#1002 = CARTESIAN_POINT ( 'NONE',  ( -14.85335768132785361, -5.676546352483463842, 763.6384365725346015 ) ) ;
#1003 = CARTESIAN_POINT ( 'NONE',  ( 14.76621523012420667, -17.25399653761012075, 847.4994604173496100 ) ) ;
#1004 = CARTESIAN_POINT ( 'NONE',  ( -14.93774515854870621, -18.63480015677618340, 759.9437249108214019 ) ) ;
#1005 = ORIENTED_EDGE ( 'NONE', *, *, #4115, .F. ) ;
#1006 = EDGE_CURVE ( 'NONE', #4695, #1828, #1211, .T. ) ;
#1007 = CARTESIAN_POINT ( 'NONE',  ( 3.509629610087041218, -29.15000000000000213, 704.9922371214549912 ) ) ;
#1008 = AXIS2_PLACEMENT_3D ( 'NONE', #1903, #2729, #3989 ) ;
#1009 = CARTESIAN_POINT ( 'NONE',  ( -12.96298631701589699, -11.53781228821939031, 896.5555018118288899 ) ) ;
#1010 = CARTESIAN_POINT ( 'NONE',  ( -13.58179504098911750, -12.28399623660619788, 756.6607457353350128 ) ) ;
#1011 = ORIENTED_EDGE ( 'NONE', *, *, #3093, .F. ) ;
#1012 = CARTESIAN_POINT ( 'NONE',  ( 1.963495395717910652, -34.99999999999998579, 720.9422371214550367 ) ) ;
#1013 = CARTESIAN_POINT ( 'NONE',  ( 21.11413562931965160, 1.646063524248576382, 796.8942912202709294 ) ) ;
#1014 = CARTESIAN_POINT ( 'NONE',  ( 0.000000000000000000, -21.85000000000000497, 704.9922371214549912 ) ) ;
#1015 = CARTESIAN_POINT ( 'NONE',  ( -140.4816007132894811, 81.56892457342330260, 890.0711930966826912 ) ) ;
#1016 = ORIENTED_EDGE ( 'NONE', *, *, #532, .T. ) ;
#1017 = FACE_BOUND ( 'NONE', #4862, .T. ) ;
#1018 = PLANE ( 'NONE',  #5159 ) ;
#1019 = CARTESIAN_POINT ( 'NONE',  ( -11.25108339740755703, -10.07769182644706518, 889.3184047300172779 ) ) ;
#1020 = CARTESIAN_POINT ( 'NONE',  ( -3.380400606398761276, -15.17228957025638891, 785.8764603994696927 ) ) ;
#1021 = CARTESIAN_POINT ( 'NONE',  ( 14.03473461822784962, -12.88506595625115025, 758.1073375373848648 ) ) ;
#1022 = CARTESIAN_POINT ( 'NONE',  ( 0.000000000000000000, -31.87404122883252811, 700.9422371214550367 ) ) ;
#1023 = CARTESIAN_POINT ( 'NONE',  ( -214.1085528700455995, 127.5174618954162611, 853.5447280509514485 ) ) ;
#1024 = ORIENTED_EDGE ( 'NONE', *, *, #1175, .F. ) ;
#1025 = CARTESIAN_POINT ( 'NONE',  ( -18.56116720492053673, -12.20050681473815857, 769.5333206372343966 ) ) ;
#1026 = CARTESIAN_POINT ( 'NONE',  ( 27.23869701442785995, -3.613960233040801828, 781.6377121061827893 ) ) ;
#1027 = CARTESIAN_POINT ( 'NONE',  ( 3.132826188049881111, -24.47414143420752097, 774.1227220247466221 ) ) ;
#1028 = CARTESIAN_POINT ( 'NONE',  ( 7.056373706002590396, -6.763362448662217474, 756.4331406062215137 ) ) ;
#1029 = DIRECTION ( 'NONE',  ( -0.5735756964288468707, -0.8191525623875954842, 0.000000000000000000 ) ) ;
#1030 = CARTESIAN_POINT ( 'NONE',  ( -16.76476332624005394, -7.102865433516869942, 758.1603922597676046 ) ) ;
#1031 = CARTESIAN_POINT ( 'NONE',  ( 14.98202627854409741, -19.26572199776836314, 811.8057240295539714 ) ) ;
#1032 = CARTESIAN_POINT ( 'NONE',  ( -14.25745563859916487, -15.33834274416489230, 750.9231989913381540 ) ) ;
#1033 = EDGE_LOOP ( 'NONE', ( #3807, #5341, #3638, #1444, #2720, #5231, #5172, #2921, #4432 ) ) ;
#1034 = CARTESIAN_POINT ( 'NONE',  ( 14.96199097565974157, -18.92426713624784895, 761.6678715680956202 ) ) ;
#1035 = CARTESIAN_POINT ( 'NONE',  ( 11.34999999999996412, -21.48571151609321817, 700.9422371214550367 ) ) ;
#1036 = CARTESIAN_POINT ( 'NONE',  ( -12.28513733499832483, -11.31884827083368705, 755.2956271961313632 ) ) ;
#1037 = ORIENTED_EDGE ( 'NONE', *, *, #2127, .F. ) ;
#1038 = DIRECTION ( 'NONE',  ( -1.000000000000000000, 0.000000000000000000, 0.000000000000000000 ) ) ;
#1039 = EDGE_CURVE ( 'NONE', #500, #1692, #4754, .T. ) ;
#1040 = DIRECTION ( 'NONE',  ( -0.5735756964288456494, 0.8191525623875962614, 0.000000000000000000 ) ) ;
#1041 = DIRECTION ( 'NONE',  ( 0.000000000000000000, 0.000000000000000000, 1.000000000000000000 ) ) ;
#1042 = ORIENTED_EDGE ( 'NONE', *, *, #5376, .T. ) ;
#1043 = CARTESIAN_POINT ( 'NONE',  ( 10.75967784632304003, -15.54333208608875161, 700.9422371214542409 ) ) ;
#1044 = CARTESIAN_POINT ( 'NONE',  ( -14.60959015002467787, -23.92621826538909602, 720.9422371214550367 ) ) ;
#1045 = FACE_OUTER_BOUND ( 'NONE', #2839, .T. ) ;
#1046 = CARTESIAN_POINT ( 'NONE',  ( 5.867122008481471696, -6.195027516863563122, 814.5608436177251406 ) ) ;
#1047 = CARTESIAN_POINT ( 'NONE',  ( 12.27990285948281723, -11.37873732507920188, 755.2830803690454786 ) ) ;
#1048 = CARTESIAN_POINT ( 'NONE',  ( -14.99999999999987566, -21.80423410250967464, 708.9137093578714257 ) ) ;
#1049 = CARTESIAN_POINT ( 'NONE',  ( -71.67109499907110148, 28.74178886493912799, 783.7083636325241969 ) ) ;
#1050 = ORIENTED_EDGE ( 'NONE', *, *, #3332, .F. ) ;
#1051 = VECTOR ( 'NONE', #3183, 1000.000000000000000 ) ;
#1052 = CARTESIAN_POINT ( 'NONE',  ( -19.69936409412323997, -13.23807206286972971, 798.3611329038291160 ) ) ;
#1053 = CARTESIAN_POINT ( 'NONE',  ( 17.43247129057616363, -7.601098277537030157, 757.7559230798251519 ) ) ;
#1054 = CARTESIAN_POINT ( 'NONE',  ( 214.3648803209605660, 127.1513883573193766, 856.1807038834542709 ) ) ;
#1055 = CARTESIAN_POINT ( 'NONE',  ( 8.155421628342127249, -7.409797523493094396, 753.0774058284102921 ) ) ;
#1056 = DIRECTION ( 'NONE',  ( -0.8191525623785653742, -0.5735756964225233734, 4.695530338612962084E-06 ) ) ;
#1057 = CARTESIAN_POINT ( 'NONE',  ( -17.49336594212790530, -7.663967602076152019, 757.7489258677807129 ) ) ;
#1058 = CARTESIAN_POINT ( 'NONE',  ( 14.12848320134883195, -14.94383765535681796, 869.3266921124836699 ) ) ;
#1059 = CARTESIAN_POINT ( 'NONE',  ( -11.83470103976072707, -10.78338303164222900, 748.4811188071553261 ) ) ;
#1060 = ORIENTED_EDGE ( 'NONE', *, *, #536, .T. ) ;
#1061 = CARTESIAN_POINT ( 'NONE',  ( 14.99228770096740249, -19.51569959596866255, 767.0208431283822392 ) ) ;
#1062 = CARTESIAN_POINT ( 'NONE',  ( 10.88297465040284528, -30.88297465040289325, 720.9422371214531040 ) ) ;
#1063 = CARTESIAN_POINT ( 'NONE',  ( -14.28503350605916999, -13.25138005487709059, 759.5345014597613726 ) ) ;
#1064 = VECTOR ( 'NONE', #1948, 1000.000000000000000 ) ;
#1065 = ORIENTED_EDGE ( 'NONE', *, *, #5185, .T. ) ;
#1066 = CARTESIAN_POINT ( 'NONE',  ( 7.352794754058749049, -6.595687273046817012, 817.0000000000000000 ) ) ;
#1067 = CARTESIAN_POINT ( 'NONE',  ( 144.3409203446391018, 76.05724493453041646, 858.8324735321649541 ) ) ;
#1068 = AXIS2_PLACEMENT_3D ( 'NONE', #1275, #5518, #1602 ) ;
#1069 = CARTESIAN_POINT ( 'NONE',  ( 13.51847977667615019, -5.165223213810914871, 770.5977426976392053 ) ) ;
#1070 = EDGE_CURVE ( 'NONE', #852, #30, #3927, .T. ) ;
#1071 = DIRECTION ( 'NONE',  ( 0.000000000000000000, 0.000000000000000000, 1.000000000000000000 ) ) ;
#1072 = ORIENTED_EDGE ( 'NONE', *, *, #4597, .F. ) ;
#1073 = CARTESIAN_POINT ( 'NONE',  ( -13.27168037589907001, -21.85000000000000142, 817.0000000000000000 ) ) ;
#1074 = DIRECTION ( 'NONE',  ( 0.000000000000000000, 0.000000000000000000, -1.000000000000000000 ) ) ;
#1075 = CARTESIAN_POINT ( 'NONE',  ( -5.452366925242234430, -6.025960377928366363, 801.0319548504361364 ) ) ;
#1076 = CARTESIAN_POINT ( 'NONE',  ( 140.2094179080330036, 81.95764190421947148, 882.2666725340845915 ) ) ;
#1077 = CARTESIAN_POINT ( 'NONE',  ( 14.43383668350162097, -13.58976322266047099, 760.8670753875283026 ) ) ;
#1078 = CARTESIAN_POINT ( 'NONE',  ( -15.12580516493151528, -17.69673403327901795, 815.0001802494846288 ) ) ;
#1079 = CARTESIAN_POINT ( 'NONE',  ( -141.1799121278867517, 80.57163251858062836, 817.6204110468709132 ) ) ;
#1080 = ORIENTED_EDGE ( 'NONE', *, *, #762, .T. ) ;
#1081 = DIRECTION ( 'NONE',  ( 0.000000000000000000, -0.000000000000000000, -1.000000000000000000 ) ) ;
#1082 = CARTESIAN_POINT ( 'NONE',  ( 17.67189844489451644, -8.037741318754495268, 757.7892340708236816 ) ) ;
#1083 = CARTESIAN_POINT ( 'NONE',  ( 212.6499250193098192, 129.6005983530235426, 849.8246778492301701 ) ) ;
#1084 = CARTESIAN_POINT ( 'NONE',  ( 9.380236187023394123, -8.294603611700239298, 750.7235599248640483 ) ) ;
#1085 = CARTESIAN_POINT ( 'NONE',  ( -142.7048426717444727, 78.39380600195036664, 909.0103295476981202 ) ) ;
#1086 = VERTEX_POINT ( 'NONE', #1236 ) ;
#1087 = CARTESIAN_POINT ( 'NONE',  ( -17.74285619841741735, -8.302724992619031852, 757.8855113587949290 ) ) ;
#1088 = PLANE ( 'NONE',  #5648 ) ;
#1089 = CARTESIAN_POINT ( 'NONE',  ( -6.779970199896061978, -6.619682061389102756, 757.6905324477702379 ) ) ;
#1090 = VECTOR ( 'NONE', #2321, 1000.000000000000114 ) ;
#1091 = EDGE_LOOP ( 'NONE', ( #2332, #4029, #1352, #1072 ) ) ;
#1092 = CARTESIAN_POINT ( 'NONE',  ( 12.50778171087773138, -11.71596179099052826, 748.4239216845855935 ) ) ;
#1093 = CARTESIAN_POINT ( 'NONE',  ( 12.97765061050788660, -15.15218371547965681, 702.0839419949855937 ) ) ;
#1094 = CARTESIAN_POINT ( 'NONE',  ( -14.20520630579156673, -13.12774908382573535, 758.9938700024148375 ) ) ;
#1095 = EDGE_LOOP ( 'NONE', ( #5312, #5580 ) ) ;
#1096 = AXIS2_PLACEMENT_3D ( 'NONE', #4683, #794, #2138 ) ;
#1097 = CARTESIAN_POINT ( 'NONE',  ( -11.00000000000000000, -37.88854381999827581, 779.5127573054589902 ) ) ;
#1098 = CARTESIAN_POINT ( 'NONE',  ( 1.815048441972069604, -22.59215977281738219, 861.0829855956174015 ) ) ;
#1099 = AXIS2_PLACEMENT_3D ( 'NONE', #1817, #5303, #1388 ) ;
#1100 = CARTESIAN_POINT ( 'NONE',  ( 16.61398414585420369, -6.982756261351055649, 758.3458707703181290 ) ) ;
#1101 = VERTEX_POINT ( 'NONE', #3493 ) ;
#1102 = EDGE_CURVE ( 'NONE', #852, #4290, #3791, .T. ) ;
#1103 = CARTESIAN_POINT ( 'NONE',  ( 3.754221465821771616E-14, -31.35000000000000142, 700.9422371214550367 ) ) ;
#1104 = CARTESIAN_POINT ( 'NONE',  ( 27.52827388401953357, -7.514316862344639247, 793.9610873755503917 ) ) ;
#1105 = DIRECTION ( 'NONE',  ( -0.000000000000000000, -0.000000000000000000, -1.000000000000000000 ) ) ;
#1106 = CARTESIAN_POINT ( 'NONE',  ( 27.57215931217966443, -7.576955849350272665, 798.3610873755021657 ) ) ;
#1107 = CARTESIAN_POINT ( 'NONE',  ( 10.23063002327347881, -8.023398479417101825, 765.3506157256067581 ) ) ;
#1108 = CARTESIAN_POINT ( 'NONE',  ( -14.21984613887761562, -25.88984756492634531, 720.9422371214566283 ) ) ;
#1109 = CARTESIAN_POINT ( 'NONE',  ( -70.31525709945769620, 30.67812605873735166, 783.7083636325244242 ) ) ;
#1110 = CYLINDRICAL_SURFACE ( 'NONE', #2787, 15.00000000000000000 ) ;
#1111 = CARTESIAN_POINT ( 'NONE',  ( 7.337684057646963964, -6.574125749358809223, 814.7000000000076625 ) ) ;
#1112 = ADVANCED_FACE ( 'NONE', ( #3088 ), #94, .T. ) ;
#1113 = CARTESIAN_POINT ( 'NONE',  ( 17.68773501067862597, -8.097240883970941994, 757.8072031537495832 ) ) ;
#1114 = CARTESIAN_POINT ( 'NONE',  ( 213.1667062286726662, 128.8625582989496081, 849.5985206030028394 ) ) ;
#1115 = CARTESIAN_POINT ( 'NONE',  ( 6.623172186618287327, -6.541353313760991384, 758.5269545163241673 ) ) ;
#1116 = CARTESIAN_POINT ( 'NONE',  ( -0.5646276282326618823, -20.80637378008659866, 889.2276783682007135 ) ) ;
#1117 = VERTEX_POINT ( 'NONE', #1464 ) ;
#1118 = CARTESIAN_POINT ( 'NONE',  ( -17.69493920862322511, -8.124236292222565936, 757.8180764004898720 ) ) ;
#1119 = CARTESIAN_POINT ( 'NONE',  ( -10.35732344177467468, -9.149837254430069677, 749.4775882983252586 ) ) ;
#1120 = ORIENTED_EDGE ( 'NONE', *, *, #536, .F. ) ;
#1121 = ADVANCED_FACE ( 'NONE', ( #3521 ), #4464, .F. ) ;
#1122 = CARTESIAN_POINT ( 'NONE',  ( 13.63044988922896650, -13.73188357505165769, 749.2782744666858434 ) ) ;
#1123 = CARTESIAN_POINT ( 'NONE',  ( 10.60857662039378191, -30.60857662039384408, 706.6715356623736852 ) ) ;
#1124 = CARTESIAN_POINT ( 'NONE',  ( -11.28092849565224576, -8.948917468079377713, 759.2194937146925895 ) ) ;
#1125 = ORIENTED_EDGE ( 'NONE', *, *, #3206, .T. ) ;
#1126 = CARTESIAN_POINT ( 'NONE',  ( -27.83135360773048106, -4.460473095248739916, 768.2127201400537615 ) ) ;
#1127 = CARTESIAN_POINT ( 'NONE',  ( 73.75881752341092579, 25.76021210317264831, 838.1419576932847804 ) ) ;
#1128 = EDGE_CURVE ( 'NONE', #966, #4132, #3639, .T. ) ;
#1129 = CARTESIAN_POINT ( 'NONE',  ( 11.98106735854695515, -5.014178077607478912, 782.2067675926494985 ) ) ;
#1130 = CARTESIAN_POINT ( 'NONE',  ( -11.39952607255402128, -10.24833394180701873, 748.6558782874490134 ) ) ;
#1131 = DIRECTION ( 'NONE',  ( -1.000000000000000000, 0.000000000000000000, 0.000000000000000000 ) ) ;
#1132 = CARTESIAN_POINT ( 'NONE',  ( -3.754070131497696621E-14, -8.650000000000000355, 700.9422371214550367 ) ) ;
#1133 = FACE_BOUND ( 'NONE', #1095, .T. ) ;
#1134 = CARTESIAN_POINT ( 'NONE',  ( -11.52010039233110916, -7.679065570444119970, 858.2518339942542980 ) ) ;
#1135 = ADVANCED_FACE ( 'NONE', ( #2206 ), #126, .F. ) ;
#1136 = CARTESIAN_POINT ( 'NONE',  ( 69.18444834754882322, 32.29308832378266203, 871.6649680450844926 ) ) ;
#1137 = CARTESIAN_POINT ( 'NONE',  ( 11.28092849565224576, -8.948917468079377713, 759.2194937146925895 ) ) ;
#1138 = B_SPLINE_CURVE_WITH_KNOTS ( 'NONE', 3,
 ( #1474, #1501, #5026, #3250 ),
 .UNSPECIFIED., .F., .F.,
 ( 4, 4 ),
 ( 0.000000000000000000, 0.002009354877411011556 ),
 .UNSPECIFIED. ) ;
#1139 = CARTESIAN_POINT ( 'NONE',  ( 0.000000000000000000, -35.00000000000000000, 704.4293619668793554 ) ) ;
#1140 = CARTESIAN_POINT ( 'NONE',  ( -213.1667062286726662, 128.8625582989496081, 849.5985206030028394 ) ) ;
#1141 = EDGE_CURVE ( 'NONE', #4774, #1359, #4959, .T. ) ;
#1142 = DIRECTION ( 'NONE',  ( 0.000000000000000000, 1.000000000000000000, 0.000000000000000000 ) ) ;
#1143 = CARTESIAN_POINT ( 'NONE',  ( 17.85504431790024427, -8.677951794212319214, 758.1732221501538334 ) ) ;
#1144 = CARTESIAN_POINT ( 'NONE',  ( 72.41958872080397214, 27.67282904818746658, 786.9630249103829556 ) ) ;
#1145 = CARTESIAN_POINT ( 'NONE',  ( 6.853095968516347725, -6.656944498612260119, 757.3269122540585840 ) ) ;
#1146 = PLANE ( 'NONE',  #4200 ) ;
#1147 = EDGE_LOOP ( 'NONE', ( #2677, #3026, #4637, #664 ) ) ;
#1148 = AXIS2_PLACEMENT_3D ( 'NONE', #5276, #1419, #3166 ) ;
#1149 = CARTESIAN_POINT ( 'NONE',  ( -18.16537448800973209, -9.563105475795282473, 759.4295775895484439 ) ) ;
#1150 = CARTESIAN_POINT ( 'NONE',  ( -11.72415279575012015, -10.64348908689417605, 748.5174257200606007 ) ) ;
#1151 = VERTEX_POINT ( 'NONE', #544 ) ;
#1152 = CARTESIAN_POINT ( 'NONE',  ( 6.801495118449955690, -33.36935541279760287, 815.0000000000000000 ) ) ;
#1153 = CARTESIAN_POINT ( 'NONE',  ( 5.889847564926371071, -5.780153861122318659, 720.9422371214556051 ) ) ;
#1154 = CARTESIAN_POINT ( 'NONE',  ( -18.30853773751803004, -9.875233077197059117, 760.1941304996920508 ) ) ;
#1155 = VERTEX_POINT ( 'NONE', #1007 ) ;
#1156 = CARTESIAN_POINT ( 'NONE',  ( -24.71826458022784578, -0.01454393156327710504, 764.3926010013702808 ) ) ;
#1157 = CARTESIAN_POINT ( 'NONE',  ( 71.19591579524772840, 29.42041509772473162, 907.8068781377186269 ) ) ;
#1158 = B_SPLINE_CURVE_WITH_KNOTS ( 'NONE', 3,
 ( #1568, #3255, #4570, #3199 ),
 .UNSPECIFIED., .F., .F.,
 ( 4, 4 ),
 ( 0.000000000000000000, 0.0009111281882948319647 ),
 .UNSPECIFIED. ) ;
#1159 = CARTESIAN_POINT ( 'NONE',  ( 15.90098220549587538, -6.373187330586902455, 759.7884059432578852 ) ) ;
#1160 = CARTESIAN_POINT ( 'NONE',  ( -14.99989712683578347, -20.07085037100067737, 784.5132133866552522 ) ) ;
#1161 = SHAPE_DEFINITION_REPRESENTATION ( #939, #1787 ) ;
#1162 = CARTESIAN_POINT ( 'NONE',  ( -7.199629652526590817, -6.377097003371650530, 798.3611625039872024 ) ) ;
#1163 = CARTESIAN_POINT ( 'NONE',  ( -8.705601644918035120, -21.85000000000000142, 908.9931498327478039 ) ) ;
#1164 = CARTESIAN_POINT ( 'NONE',  ( -12.48998429825983791, -10.84266325969024614, 898.3767666578607987 ) ) ;
#1165 = CARTESIAN_POINT ( 'NONE',  ( 69.43928278596096959, 31.92914702851495790, 878.3634468978600580 ) ) ;
#1166 = CARTESIAN_POINT ( 'NONE',  ( 11.21347030316468896, -8.863004283093657065, 759.6340626657504345 ) ) ;
#1167 = CARTESIAN_POINT ( 'NONE',  ( -69.29249676077770914, 32.13877919779746861, 788.9194395436003333 ) ) ;
#1168 = DIRECTION ( 'NONE',  ( -0.8191525623785653742, -0.5735756964225233734, 4.695530338612962084E-06 ) ) ;
#1169 = CARTESIAN_POINT ( 'NONE',  ( 18.05133058399381341, -9.253134205143469515, 758.8876984073925769 ) ) ;
#1170 = CARTESIAN_POINT ( 'NONE',  ( 213.8398178447561122, 127.9012552861246661, 851.7099731832515772 ) ) ;
#1171 = DIRECTION ( 'NONE',  ( -0.8191525623785653742, 0.5735756964225233734, -4.695530338612962084E-06 ) ) ;
#1172 = DIRECTION ( 'NONE',  ( 0.000000000000000000, 0.000000000000000000, 1.000000000000000000 ) ) ;
#1173 = ORIENTED_EDGE ( 'NONE', *, *, #4342, .T. ) ;
#1174 = CARTESIAN_POINT ( 'NONE',  ( -18.27538962605810013, -9.808048976360293381, 760.0069679047051068 ) ) ;
#1175 = EDGE_CURVE ( 'NONE', #500, #1306, #1194, .T. ) ;
#1176 = CARTESIAN_POINT ( 'NONE',  ( -10.74131471966468254, -9.527554005764237388, 749.1092163487720654 ) ) ;
#1177 = ORIENTED_EDGE ( 'NONE', *, *, #2904, .T. ) ;
#1178 = CARTESIAN_POINT ( 'NONE',  ( 5.969633301342362586, -6.238745836499902886, 762.7876230371228985 ) ) ;
#1179 = CARTESIAN_POINT ( 'NONE',  ( 0.000000000000000000, -20.00000000000000000, 814.6999999999999318 ) ) ;
#1180 = CARTESIAN_POINT ( 'NONE',  ( -18.55218773664457288, -11.16871212035803751, 764.4441402961776930 ) ) ;
#1181 = ORIENTED_EDGE ( 'NONE', *, *, #5525, .T. ) ;
#1182 = CARTESIAN_POINT ( 'NONE',  ( -5.995204332975802909E-13, -20.00000000000000000, 814.6999999999999318 ) ) ;
#1183 = AXIS2_PLACEMENT_3D ( 'NONE', #627, #2386, #5012 ) ;
#1184 = CARTESIAN_POINT ( 'NONE',  ( 214.4831252832698283, 126.9825170500895268, 899.5796527267220881 ) ) ;
#1185 = EDGE_CURVE ( 'NONE', #5274, #4451, #1407, .T. ) ;
#1186 = CARTESIAN_POINT ( 'NONE',  ( 17.61193597330453997, -7.851620477249772634, 757.7534598345208678 ) ) ;
#1187 = AXIS2_PLACEMENT_3D ( 'NONE', #1418, #986, #466 ) ;
#1188 = CARTESIAN_POINT ( 'NONE',  ( -14.88302008441325341, -18.12969679340923790, 757.3935012400129381 ) ) ;
#1189 = CARTESIAN_POINT ( 'NONE',  ( -6.972451152563547083, -33.39247969851897579, 816.4268548177103639 ) ) ;
#1190 = CARTESIAN_POINT ( 'NONE',  ( -11.70440938278015430, -10.60395134119060678, 891.1042198954072546 ) ) ;
#1191 = CARTESIAN_POINT ( 'NONE',  ( 11.40413249196310019, -6.913269290467852990, 847.2936001339819541 ) ) ;
#1192 = CARTESIAN_POINT ( 'NONE',  ( 9.652265161262983284, -7.645524669306397847, 770.1871314331264102 ) ) ;
#1193 = CARTESIAN_POINT ( 'NONE',  ( -70.16021955816481182, 30.89954261430491655, 784.1337244893333036 ) ) ;
#1194 = B_SPLINE_CURVE_WITH_KNOTS ( 'NONE', 3,
 ( #2633, #2755, #4403, #2295 ),
 .UNSPECIFIED., .F., .F.,
 ( 4, 4 ),
 ( 0.003610004468881892938, 0.005048671667703524650 ),
 .UNSPECIFIED. ) ;
#1195 = DIRECTION ( 'NONE',  ( -0.000000000000000000, 0.000000000000000000, 1.000000000000000000 ) ) ;
#1196 = CARTESIAN_POINT ( 'NONE',  ( 0.000000000000000000, -10.30000000000000071, 704.9922371214549912 ) ) ;
#1197 = CARTESIAN_POINT ( 'NONE',  ( 141.5733431137044818, 80.00975484039457797, 816.5699116640082593 ) ) ;
#1198 = FACE_OUTER_BOUND ( 'NONE', #4181, .T. ) ;
#1199 = EDGE_CURVE ( 'NONE', #5474, #4370, #458, .T. ) ;
#1200 = CARTESIAN_POINT ( 'NONE',  ( -213.0203145806083853, 129.0716272393368342, 934.2462908152377850 ) ) ;
#1201 = ORIENTED_EDGE ( 'NONE', *, *, #706, .T. ) ;
#1202 = CARTESIAN_POINT ( 'NONE',  ( -18.45123254923647593, -10.40620637947107241, 761.8068098263292995 ) ) ;
#1203 = CARTESIAN_POINT ( 'NONE',  ( -5.178406102431337032, -5.922210740366387505, 774.1699163208805885 ) ) ;
#1204 = EDGE_LOOP ( 'NONE', ( #4239, #3440, #5199, #3034 ) ) ;
#1205 = CARTESIAN_POINT ( 'NONE',  ( 8.414251958389174391, -7.581285722096064106, 752.4890456309788078 ) ) ;
#1206 = CARTESIAN_POINT ( 'NONE',  ( 1.485711516093180640, -31.35000000000000142, 700.9422371214550367 ) ) ;
#1207 = CARTESIAN_POINT ( 'NONE',  ( -9.292155303990933035, -7.436177432724006664, 773.6790842565044386 ) ) ;
#1208 = EDGE_LOOP ( 'NONE', ( #3294, #1835, #2177, #602 ) ) ;
#1209 = CARTESIAN_POINT ( 'NONE',  ( -23.53058025880515913, 1.681731774047017902, 774.5861204394491324 ) ) ;
#1210 = CARTESIAN_POINT ( 'NONE',  ( -14.99507960921453531, -19.61582854206870152, 768.3433488121603432 ) ) ;
#1211 = LINE ( 'NONE', #3416, #1694 ) ;
#1212 = CARTESIAN_POINT ( 'NONE',  ( -14.99897334106171876, -19.73234258060073287, 798.7280955951584929 ) ) ;
#1213 = EDGE_CURVE ( 'NONE', #4722, #5635, #3886, .T. ) ;
#1214 = CARTESIAN_POINT ( 'NONE',  ( -24.71494581756802944, -0.009701655126981290067, 776.9234842327028900 ) ) ;
#1215 = CARTESIAN_POINT ( 'NONE',  ( -15.11072478882759462, -17.67519971768315656, 814.7000000000509772 ) ) ;
#1216 = CARTESIAN_POINT ( 'NONE',  ( -12.24104502376564518, -10.51410311999039671, 893.8229818345829472 ) ) ;
#1217 = CARTESIAN_POINT ( 'NONE',  ( 11.52010039233110916, -7.679065570444119970, 858.2518339942542980 ) ) ;
#1218 = CARTESIAN_POINT ( 'NONE',  ( 18.54642558364989924, -12.34750087325600987, 770.3610973345582806 ) ) ;
#1219 = CARTESIAN_POINT ( 'NONE',  ( -211.2469535530902647, 131.6042492560212622, 862.1656150637797964 ) ) ;
#1220 = PLANE ( 'NONE',  #3558 ) ;
#1221 = CARTESIAN_POINT ( 'NONE',  ( 69.29249676077770914, 32.13877919779746861, 788.9194395436003333 ) ) ;
#1222 = CARTESIAN_POINT ( 'NONE',  ( -14.97855255476548564, -19.19815003639919837, 815.0000000000000000 ) ) ;
#1223 = CARTESIAN_POINT ( 'NONE',  ( -144.0639442490154067, 76.45280779341059940, 872.2274645212778523 ) ) ;
#1224 = VERTEX_POINT ( 'NONE', #3611 ) ;
#1225 = CARTESIAN_POINT ( 'NONE',  ( -18.55337985368121423, -11.18680779656653179, 764.5374774281309556 ) ) ;
#1226 = CARTESIAN_POINT ( 'NONE',  ( -5.192917717845522141, -5.927558146803234784, 773.7609447651664141 ) ) ;
#1227 = VERTEX_POINT ( 'NONE', #5355 ) ;
#1228 = CARTESIAN_POINT ( 'NONE',  ( 10.99205285645372498, -9.791865780232699379, 748.9140851106554919 ) ) ;
#1229 = CARTESIAN_POINT ( 'NONE',  ( 15.76031406713403804, -1.979538273499403589, 798.3611177328596114 ) ) ;
#1230 = CIRCLE ( 'NONE', #2338, 15.00000000000000000 ) ;
#1231 = CARTESIAN_POINT ( 'NONE',  ( -16.92310363303757370, -7.224395744267368968, 758.0027659613360811 ) ) ;
#1232 = ORIENTED_EDGE ( 'NONE', *, *, #5642, .T. ) ;
#1233 = DIRECTION ( 'NONE',  ( 0.000000000000000000, 0.000000000000000000, -1.000000000000000000 ) ) ;
#1234 = AXIS2_PLACEMENT_3D ( 'NONE', #35, #2235, #3981 ) ;
#1235 = CARTESIAN_POINT ( 'NONE',  ( -14.99957246242973063, -19.87031307832162241, 794.4858633099323697 ) ) ;
#1236 = CARTESIAN_POINT ( 'NONE',  ( -10.82870737832904062, -5.348761700115204576, 798.3611470006919717 ) ) ;
#1237 = CARTESIAN_POINT ( 'NONE',  ( 14.97855255476548564, -19.19815003639919837, 815.0000000000000000 ) ) ;
#1238 = CARTESIAN_POINT ( 'NONE',  ( -13.63044988922896650, -13.73188357505165769, 749.2782744666858434 ) ) ;
#1239 = CARTESIAN_POINT ( 'NONE',  ( -9.550055667700588436E-13, -20.00000000000000000, 817.0000000000000000 ) ) ;
#1240 = CARTESIAN_POINT ( 'NONE',  ( 3.463018914184552433, -29.05000000000000426, 908.9931498327478039 ) ) ;
#1241 = CARTESIAN_POINT ( 'NONE',  ( -4.918255542663465691E-14, -35.00000000000000000, 720.9422371214550367 ) ) ;
#1242 = CARTESIAN_POINT ( 'NONE',  ( 8.585283319853919792, -7.693971341532959585, 858.4184927995185035 ) ) ;
#1243 = EDGE_CURVE ( 'NONE', #5174, #692, #4011, .T. ) ;
#1244 = CYLINDRICAL_SURFACE ( 'NONE', #972, 9.700000000000001066 ) ;
#1245 = CARTESIAN_POINT ( 'NONE',  ( -139.5892396138135609, 82.84334829893383301, 855.4823067221211659 ) ) ;
#1246 = AXIS2_PLACEMENT_3D ( 'NONE', #447, #502, #3539 ) ;
#1247 =( BOUNDED_SURFACE ( )  B_SPLINE_SURFACE ( 2, 3, ( 
 ( #3282, #2343, #1852, #525, #2277, #4024, #557, #614, #196, #4909, #4108, #3594, #4050, #138, #1879, #5370, #4942, #1019, #4505, #167, #1908, #2539, #5484, #337 ),
 ( #5511, #2078, #4704, #3823, #312, #3369, #5108, #672, #3737, #364, #3396, #1592, #2107, #5564, #4222, #5593, #788, #4653, #1190, #253, #4627, #3340, #2937, #735 ),
 ( #1649, #2881, #702, #4595, #2025, #5081, #2486, #3309, #2050, #1997, #3770, #1134, #2429, #5055, #3795, #5134, #5539, #2458, #1565, #1216, #4196, #281, #3854, #1164 ) ),
 .UNSPECIFIED., .F., .F., .T. ) 
 B_SPLINE_SURFACE_WITH_KNOTS ( ( 3, 3 ),
 ( 4, 2, 2, 2, 2, 2, 2, 2, 2, 2, 2, 4 ),
 ( 0.000000000000000000, 1.000000000000000000 ),
 ( 0.2016267882883808760, 0.2043845290174897966, 0.2071422697465987173, 0.2126577512048165586, 0.2236887141212522412, 0.2457506399541235786, 0.2567816028705592335, 0.2678125657869949161, 0.2788435287034305987, 0.2843590101616484400, 0.2871167508907573884, 0.2898744916198662813 ),
 .UNSPECIFIED. ) 
 GEOMETRIC_REPRESENTATION_ITEM ( )  RATIONAL_B_SPLINE_SURFACE ( (
 ( 1.000000000000000000, 1.000000000000000000, 1.000000000000000000, 1.000000000000000000, 1.000000000000000000, 1.000000000000000000, 1.000000000000000000, 1.000000000000000000, 1.000000000000000000, 1.000000000000000000, 1.000000000000000000, 1.000000000000000000, 1.000000000000000000, 1.000000000000000000, 1.000000000000000000, 1.000000000000000000, 1.000000000000000000, 1.000000000000000000, 1.000000000000000000, 1.000000000000000000, 1.000000000000000000, 1.000000000000000000, 1.000000000000000000, 1.000000000000000000),
 ( 0.8765865504424996679, 0.8762218142594205839, 0.8758362638305693393, 0.8750292115663703685, 0.8746163284387969972, 0.8731855813177679115, 0.8720121001524888671, 0.8678680097939062144, 0.8642644933697006815, 0.8511180520213409428, 0.8392485227389212543, 0.8172562208342175616, 0.8092268389651712246, 0.7920909167706832177, 0.7829429806497032462, 0.7643473375625167154, 0.7549837175033154990, 0.7416343938831099214, 0.7372831644301334197, 0.7311064540181152482, 0.7291108972225528451, 0.7252880253012036205, 0.7234767819063369076, 0.7215887141810795047),
 ( 1.000000000000000000, 1.000000000000000000, 1.000000000000000000, 1.000000000000000000, 1.000000000000000000, 1.000000000000000000, 1.000000000000000000, 1.000000000000000000, 1.000000000000000000, 1.000000000000000000, 1.000000000000000000, 1.000000000000000000, 1.000000000000000000, 1.000000000000000000, 1.000000000000000000, 1.000000000000000000, 1.000000000000000000, 1.000000000000000000, 1.000000000000000000, 1.000000000000000000, 1.000000000000000000, 1.000000000000000000, 1.000000000000000000, 1.000000000000000000) ) ) 
 REPRESENTATION_ITEM ( '' )  SURFACE ( )  );
#1248 = DIRECTION ( 'NONE',  ( 0.000000000000000000, -0.000000000000000000, 1.000000000000000000 ) ) ;
#1249 = CARTESIAN_POINT ( 'NONE',  ( 13.27168037589907001, -21.85000000000000142, 803.0528193383770486 ) ) ;
#1250 = CARTESIAN_POINT ( 'NONE',  ( 212.3360211139833211, 130.0488995897239306, 850.6627944633120251 ) ) ;
#1251 = CARTESIAN_POINT ( 'NONE',  ( -14.99689233338013672, -19.69467663033207927, 799.7307585283693925 ) ) ;
#1252 = CARTESIAN_POINT ( 'NONE',  ( -214.6553182362658276, 126.7366000274932389, 860.8322380219069601 ) ) ;
#1253 = EDGE_LOOP ( 'NONE', ( #5366, #22, #3201, #3212 ) ) ;
#1254 = CARTESIAN_POINT ( 'NONE',  ( -18.27872594319342170, -9.814798998366727645, 760.0253427671151485 ) ) ;
#1255 = EDGE_LOOP ( 'NONE', ( #2313, #2362, #1065, #3863, #4715, #829, #752, #1934, #4317, #2853, #3359, #3483, #4528, #1870, #5143, #3835, #1812 ) ) ;
#1256 = CARTESIAN_POINT ( 'NONE',  ( 5.397634383647453404, -6.004732205541229995, 769.4981840286843635 ) ) ;
#1257 = CARTESIAN_POINT ( 'NONE',  ( -27.23867888184658526, -3.613972929656234179, 776.9234798678384095 ) ) ;
#1258 = CARTESIAN_POINT ( 'NONE',  ( -17.71908065773819274, -8.214281031099343267, 757.8523679864638325 ) ) ;
#1259 = VERTEX_POINT ( 'NONE', #2328 ) ;
#1260 = CARTESIAN_POINT ( 'NONE',  ( -14.60792358291384829, -5.547802014709172447, 764.7198421161664328 ) ) ;
#1261 = CARTESIAN_POINT ( 'NONE',  ( -14.99988618943912577, -20.05845182875969002, 784.7042061216091042 ) ) ;
#1262 = CARTESIAN_POINT ( 'NONE',  ( 18.58094652273089054, -11.97796076728921300, 768.3153730351791637 ) ) ;
#1263 = DIRECTION ( 'NONE',  ( -0.000000000000000000, -0.000000000000000000, -1.000000000000000000 ) ) ;
#1264 = CARTESIAN_POINT ( 'NONE',  ( -5.889420238133044272, -6.204494920994524598, 815.6392800142974693 ) ) ;
#1265 = CARTESIAN_POINT ( 'NONE',  ( -2.650858373568912629, 1.856147447457374700, -1.519519865788605778E-05 ) ) ;
#1266 = LINE ( 'NONE', #2241, #4621 ) ;
#1267 = CARTESIAN_POINT ( 'NONE',  ( 12.43849256331631636, -10.77700462679661797, 897.4660634145983522 ) ) ;
#1268 = CIRCLE ( 'NONE', #4102, 11.35000000000000320 ) ;
#1269 = CARTESIAN_POINT ( 'NONE',  ( 0.000000000000000000, 0.000000000000000000, 817.0000000000000000 ) ) ;
#1270 = CARTESIAN_POINT ( 'NONE',  ( -211.0582527681460192, 131.8737419059091280, 870.1803307469306219 ) ) ;
#1271 = CARTESIAN_POINT ( 'NONE',  ( 8.472723158213996797, -6.309142192593696130, 798.3611574241986091 ) ) ;
#1272 = SURFACE_SIDE_STYLE ('',( #3882 ) ) ;
#1273 = CARTESIAN_POINT ( 'NONE',  ( -1.666191297636890001, -17.62043417770342657, 754.3216053108262713 ) ) ;
#1274 = CIRCLE ( 'NONE', #3561, 9.700000000000001066 ) ;
#1275 = CARTESIAN_POINT ( 'NONE',  ( 3.989863994746656317E-14, -29.14999999999999858, 918.6123992834795899 ) ) ;
#1276 = CARTESIAN_POINT ( 'NONE',  ( -73.67523586650108314, 25.87957907988853279, 803.9151570363197834 ) ) ;
#1277 = EDGE_LOOP ( 'NONE', ( #3914, #2758, #293, #2650, #4086, #5224, #2198, #3048 ) ) ;
#1278 = CARTESIAN_POINT ( 'NONE',  ( -18.54396504718096139, -11.11187001304740996, 764.2369183468715619 ) ) ;
#1279 = ORIENTED_EDGE ( 'NONE', *, *, #3579, .T. ) ;
#1280 = CARTESIAN_POINT ( 'NONE',  ( 6.659558625075264970, -6.559315070099408729, 758.3261043189237398 ) ) ;
#1281 = CARTESIAN_POINT ( 'NONE',  ( 20.89809679759565597, 1.520349704020682813, 798.3610885450738124 ) ) ;
#1282 = CARTESIAN_POINT ( 'NONE',  ( -17.76325425748045461, -8.377362547077735755, 757.9385190859208024 ) ) ;
#1283 = ORIENTED_EDGE ( 'NONE', *, *, #4933, .F. ) ;
#1284 = CARTESIAN_POINT ( 'NONE',  ( -11.75244864944842149, -5.052383322217570694, 784.7308955742277021 ) ) ;
#1285 = CARTESIAN_POINT ( 'NONE',  ( -14.99999973765107164, -19.99718106725415723, 776.3426908330399101 ) ) ;
#1286 = EDGE_CURVE ( 'NONE', #58, #3948, #4068, .T. ) ;
#1287 = ORIENTED_EDGE ( 'NONE', *, *, #3585, .T. ) ;
#1288 = CARTESIAN_POINT ( 'NONE',  ( 18.40979182638377054, -10.13265043313855962, 760.9921546580221730 ) ) ;
#1289 = CARTESIAN_POINT ( 'NONE',  ( -6.623172186618287327, -6.541353313760991384, 758.5269545163241673 ) ) ;
#1290 = EDGE_CURVE ( 'NONE', #3192, #2549, #1895, .T. ) ;
#1291 = SURFACE_SIDE_STYLE ('',( #1321 ) ) ;
#1292 = EDGE_CURVE ( 'NONE', #3980, #1306, #4831, .T. ) ;
#1293 = EDGE_CURVE ( 'NONE', #4006, #302, #3703, .T. ) ;
#1294 = DIRECTION ( 'NONE',  ( 1.000000000000000000, 0.000000000000000000, 0.000000000000000000 ) ) ;
#1295 = CARTESIAN_POINT ( 'NONE',  ( 11.25108339740755703, -10.07769182644706518, 889.3184047300172779 ) ) ;
#1296 = CARTESIAN_POINT ( 'NONE',  ( -19.95941927282481743, 3.295148545101301174, 793.9610873755503917 ) ) ;
#1297 = CARTESIAN_POINT ( 'NONE',  ( 2.437208486953515330, -16.51930751561698330, 761.2447133951325213 ) ) ;
#1298 = DIRECTION ( 'NONE',  ( 0.8191525623785652632, 0.5735756964225232624, -4.695530338612961237E-06 ) ) ;
#1299 = CARTESIAN_POINT ( 'NONE',  ( 3.754221465821750790E-14, -32.13096211664812074, 814.6999999999999318 ) ) ;
#1300 = CARTESIAN_POINT ( 'NONE',  ( 69.80981571834968236, 31.39997115969180541, 785.5131440271471774 ) ) ;
#1301 = DIRECTION ( 'NONE',  ( 0.7645510641367998517, 0.5353463280462892326, 0.3589790792993960422 ) ) ;
#1302 = EDGE_CURVE ( 'NONE', #2629, #3945, #65, .T. ) ;
#1303 = CARTESIAN_POINT ( 'NONE',  ( -144.3409203446391018, 76.05724493453041646, 858.8324735321649541 ) ) ;
#1304 = ORIENTED_EDGE ( 'NONE', *, *, #2931, .T. ) ;
#1305 = CARTESIAN_POINT ( 'NONE',  ( -18.52965067601503435, -11.00108728305951722, 763.8100150122112382 ) ) ;
#1306 = VERTEX_POINT ( 'NONE', #1380 ) ;
#1307 = CARTESIAN_POINT ( 'NONE',  ( 14.50000417477204095, -13.76694222752912644, 761.5889435521096402 ) ) ;
#1308 = ADVANCED_FACE ( 'NONE', ( #3119 ), #4867, .T. ) ;
#1309 = CARTESIAN_POINT ( 'NONE',  ( 14.65932302188441305, -16.81771943923252266, 753.4627546997151057 ) ) ;
#1310 = CARTESIAN_POINT ( 'NONE',  ( -14.74517010356928104, -5.620330712997085421, 764.0690945771153793 ) ) ;
#1311 = EDGE_LOOP ( 'NONE', ( #3154, #4843, #8 ) ) ;
#1312 = CARTESIAN_POINT ( 'NONE',  ( -11.85258445315607112, -5.038091359744234943, 783.6507458831144959 ) ) ;
#1313 = CARTESIAN_POINT ( 'NONE',  ( 11.60344776348899209, -21.85000000000000142, 814.6999999999999318 ) ) ;
#1314 = CARTESIAN_POINT ( 'NONE',  ( -14.99994711795808300, -19.96015902164612399, 790.8138720486761031 ) ) ;
#1315 = ORIENTED_EDGE ( 'NONE', *, *, #5178, .T. ) ;
#1316 = CIRCLE ( 'NONE', #2806, 9.799999999999998934 ) ;
#1317 = CARTESIAN_POINT ( 'NONE',  ( 17.46252406296805049, -14.84206074111310514, 798.3611467324813020 ) ) ;
#1318 = B_SPLINE_CURVE_WITH_KNOTS ( 'NONE', 3,
 ( #1423, #111, #4361, #3998 ),
 .UNSPECIFIED., .F., .F.,
 ( 4, 4 ),
 ( 0.000000000000000000, 0.01664105384827107084 ),
 .UNSPECIFIED. ) ;
#1319 = CARTESIAN_POINT ( 'NONE',  ( -6.734047532328988339, -6.596480451090277697, 757.9253285390996098 ) ) ;
#1320 = VECTOR ( 'NONE', #2459, 1000.000000000000000 ) ;
#1321 = SURFACE_STYLE_FILL_AREA ( #3691 ) ;
#1322 = AXIS2_PLACEMENT_3D ( 'NONE', #5238, #2696, #1294 ) ;
#1323 = CARTESIAN_POINT ( 'NONE',  ( 15.26204127011425271, -17.89143622082793428, 798.3611625039872024 ) ) ;
#1324 = DIRECTION ( 'NONE',  ( 1.000000000000000000, 0.000000000000000000, 0.000000000000000000 ) ) ;
#1325 = PLANE ( 'NONE',  #1523 ) ;
#1326 = CARTESIAN_POINT ( 'NONE',  ( -141.8176863923846440, 79.66079647398652241, 920.1389988083382150 ) ) ;
#1327 = ORIENTED_EDGE ( 'NONE', *, *, #116, .F. ) ;
#1328 = DIRECTION ( 'NONE',  ( -0.000000000000000000, -0.000000000000000000, 1.000000000000000000 ) ) ;
#1329 = CARTESIAN_POINT ( 'NONE',  ( 0.000000000000000000, 0.000000000000000000, 815.0000000000000000 ) ) ;
#1330 = CARTESIAN_POINT ( 'NONE',  ( -5.460168334178273852, -6.029081544672508564, 768.5443641258939351 ) ) ;
#1331 = CARTESIAN_POINT ( 'NONE',  ( 70.02380314179016807, 31.09436544743732611, 784.5780276304295739 ) ) ;
#1332 = B_SPLINE_CURVE_WITH_KNOTS ( 'NONE', 3,
 ( #1103, #2399, #165, #5482, #1936, #4503, #2456, #1043, #2854, #700, #3221, #2792 ),
 .UNSPECIFIED., .F., .F.,
 ( 4, 1, 1, 1, 2, 1, 1, 1, 4 ),
 ( 0.000000000000000000, 0.1250000000000000000, 0.2499999999999998890, 0.3749999999999997780, 0.4999999999999997780, 0.6249999999999997780, 0.7499999999999998890, 0.8750000000000000000, 1.000000000000000000 ),
 .UNSPECIFIED. ) ;
#1333 = CYLINDRICAL_SURFACE ( 'NONE', #1412, 2.200000000000046807 ) ;
#1334 = AXIS2_PLACEMENT_3D ( 'NONE', #4187, #2813, #5527 ) ;
#1335 = CARTESIAN_POINT ( 'NONE',  ( -73.91793423491884596, 25.53296988879317908, 818.0053656269452631 ) ) ;
#1336 = VERTEX_POINT ( 'NONE', #1152 ) ;
#1337 = CARTESIAN_POINT ( 'NONE',  ( -18.41324276502315627, -13.10767102585274380, 775.3991787754766847 ) ) ;
#1338 = AXIS2_PLACEMENT_3D ( 'NONE', #1682, #5089, #2493 ) ;
#1339 = CARTESIAN_POINT ( 'NONE',  ( -12.73301196757306464, -12.07091390930580488, 898.4223512889094536 ) ) ;
#1340 = B_SPLINE_CURVE_WITH_KNOTS ( 'NONE', 3,
 ( #4529, #1813, #3615, #5300, #4072, #3123, #608, #951, #4930, #1901, #1012, #2759 ),
 .UNSPECIFIED., .F., .F.,
 ( 4, 1, 1, 1, 2, 1, 1, 1, 4 ),
 ( 0.000000000000000000, 0.1250000000000000555, 0.2500000000000001110, 0.3750000000000001665, 0.5000000000000002220, 0.6250000000000002220, 0.7500000000000001110, 0.8750000000000000000, 1.000000000000000000 ),
 .UNSPECIFIED. ) ;
#1341 = CARTESIAN_POINT ( 'NONE',  ( 14.99981594975286470, -20.08468804186692225, 781.6476224622365407 ) ) ;
#1342 = CARTESIAN_POINT ( 'NONE',  ( -18.05133058399381341, -9.253134205143469515, 758.8876984073925769 ) ) ;
#1343 = ORIENTED_EDGE ( 'NONE', *, *, #191, .F. ) ;
#1344 = ADVANCED_FACE ( 'NONE', ( #4613 ), #5498, .F. ) ;
#1345 = CARTESIAN_POINT ( 'NONE',  ( -16.60719475839421833, -6.977039605367192365, 758.3582518627332547 ) ) ;
#1346 = FACE_OUTER_BOUND ( 'NONE', #34, .T. ) ;
#1347 = CARTESIAN_POINT ( 'NONE',  ( -13.78568054504766494, -14.08771358852716382, 749.5720676285141053 ) ) ;
#1348 = ORIENTED_EDGE ( 'NONE', *, *, #4758, .F. ) ;
#1349 = CARTESIAN_POINT ( 'NONE',  ( 5.890842974343720506, -6.205137353668788158, 815.6667716054383845 ) ) ;
#1350 = CARTESIAN_POINT ( 'NONE',  ( -16.56720133940550710, -14.00697664469933557, 839.9895951611001692 ) ) ;
#1351 = CARTESIAN_POINT ( 'NONE',  ( -6.772332840965536782, -6.615771880381435821, 757.7258767355256168 ) ) ;
#1352 = ORIENTED_EDGE ( 'NONE', *, *, #2607, .T. ) ;
#1353 = DIRECTION ( 'NONE',  ( 0.000000000000000000, 0.000000000000000000, -1.000000000000000000 ) ) ;
#1354 = EDGE_CURVE ( 'NONE', #3413, #4157, #2942, .T. ) ;
#1355 = CARTESIAN_POINT ( 'NONE',  ( -29.14644431103786104, -6.338410085775477043, 793.9610779844896342 ) ) ;
#1356 = CARTESIAN_POINT ( 'NONE',  ( 25.47759370380275357, -1.098998730132302537, 762.1523720602617686 ) ) ;
#1357 = DIRECTION ( 'NONE',  ( -1.000000000000000000, 7.240559391271824794E-15, 0.000000000000000000 ) ) ;
#1358 = CARTESIAN_POINT ( 'NONE',  ( -68.22753457357210038, 33.65970282271153735, 838.1419576932337350 ) ) ;
#1359 = VERTEX_POINT ( 'NONE', #2112 ) ;
#1360 = LINE ( 'NONE', #4022, #730 ) ;
#1361 = DIRECTION ( 'NONE',  ( -0.5735778092126486705, -0.8191510829992342257, 0.000000000000000000 ) ) ;
#1362 = VECTOR ( 'NONE', #119, 1000.000000000000000 ) ;
#1363 = CARTESIAN_POINT ( 'NONE',  ( -6.217485796226490002, -6.348689040000139450, 760.9723103404497806 ) ) ;
#1364 = CARTESIAN_POINT ( 'NONE',  ( -3.313960411766849301, -15.26717600178751155, 781.1729475034453571 ) ) ;
#1365 = CARTESIAN_POINT ( 'NONE',  ( -21.30708068804327127, -3.859840968308524189, 796.5611014621126742 ) ) ;
#1366 = CARTESIAN_POINT ( 'NONE',  ( -73.41640607828637144, 26.24922632601311889, 797.8903580971822294 ) ) ;
#1367 = ORIENTED_EDGE ( 'NONE', *, *, #2396, .T. ) ;
#1368 = CARTESIAN_POINT ( 'NONE',  ( -17.60576811940060082, -14.70824343154897029, 794.7574123306909541 ) ) ;
#1369 = LINE ( 'NONE', #2284, #508 ) ;
#1370 = AXIS2_PLACEMENT_3D ( 'NONE', #2333, #549, #1845 ) ;
#1371 = CARTESIAN_POINT ( 'NONE',  ( 73.41640607828637144, 26.24922632601311889, 797.8903580971822294 ) ) ;
#1372 = EDGE_CURVE ( 'NONE', #4132, #4149, #3479, .T. ) ;
#1373 = CARTESIAN_POINT ( 'NONE',  ( 14.90358347039982512, -18.30187318369571869, 758.1962883823230186 ) ) ;
#1374 = CARTESIAN_POINT ( 'NONE',  ( -15.92626827740773265, -16.44585264228584975, 798.3611560558274505 ) ) ;
#1375 = EDGE_LOOP ( 'NONE', ( #3489, #4928, #163, #5553, #154, #4338, #5047, #93, #2260, #3787 ) ) ;
#1376 = CARTESIAN_POINT ( 'NONE',  ( -15.10982048886398310, -5.810098794186413507, 762.6400537365263972 ) ) ;
#1377 = CARTESIAN_POINT ( 'NONE',  ( 13.97491872827431969, -14.53275063740891682, 872.9613367365168415 ) ) ;
#1378 = CARTESIAN_POINT ( 'NONE',  ( -13.69939357872095620, -13.88961913216426858, 749.4079385876846118 ) ) ;
#1379 = ORIENTED_EDGE ( 'NONE', *, *, #3125, .T. ) ;
#1380 = CARTESIAN_POINT ( 'NONE',  ( 5.923747055347358348, -6.219244347602435496, 816.9999999543871354 ) ) ;
#1381 = CARTESIAN_POINT ( 'NONE',  ( -16.19792169357140565, -13.75943903969058546, 847.2952712964456623 ) ) ;
#1382 = CARTESIAN_POINT ( 'NONE',  ( -14.86153557633334543, -16.56295977561055111, 809.9521319552864043 ) ) ;
#1383 = VERTEX_POINT ( 'NONE', #1196 ) ;
#1384 = DIRECTION ( 'NONE',  ( -0.7645510641367997406, 0.5353463280462892326, 0.3589790792993960422 ) ) ;
#1385 = CARTESIAN_POINT ( 'NONE',  ( 15.12580516493151528, -17.69673403327901795, 815.0001802494846288 ) ) ;
#1386 = MANIFOLD_SOLID_BREP ( 'Zapas-TAIL GLUED-1', #5240 ) ;
#1387 = CARTESIAN_POINT ( 'NONE',  ( 25.27952360715648794, -0.8161215178499365841, 762.5499498545494816 ) ) ;
#1388 = DIRECTION ( 'NONE',  ( 1.000000000000000000, 0.000000000000000000, 0.000000000000000000 ) ) ;
#1389 = CARTESIAN_POINT ( 'NONE',  ( -69.76996189972724949, 31.45688831131862528, 886.3986710218789540 ) ) ;
#1390 = DIRECTION ( 'NONE',  ( 0.000000000000000000, 0.000000000000000000, 1.000000000000000000 ) ) ;
#1391 = PLANE ( 'NONE',  #5163 ) ;
#1392 = CARTESIAN_POINT ( 'NONE',  ( -5.067300336403220307, -5.881835293062465553, 778.8719840441664246 ) ) ;
#1393 = CARTESIAN_POINT ( 'NONE',  ( 211.0332689534627661, 131.9094224910497530, 875.5282126939002865 ) ) ;
#1394 = CARTESIAN_POINT ( 'NONE',  ( 8.705601644918088411, -18.15000000000000213, 700.9422371214550367 ) ) ;
#1395 = CARTESIAN_POINT ( 'NONE',  ( -1.382372386768587313, -21.97423432701349100, 752.6280532337591467 ) ) ;
#1396 = VERTEX_POINT ( 'NONE', #318 ) ;
#1397 = CARTESIAN_POINT ( 'NONE',  ( -17.52615973877870204, -14.78604061252299218, 796.7192772857241607 ) ) ;
#1398 = DIRECTION ( 'NONE',  ( 0.000000000000000000, 1.000000000000000000, -0.000000000000000000 ) ) ;
#1399 = CARTESIAN_POINT ( 'NONE',  ( 73.88720157853474291, 25.57686067074985914, 813.9777505152900403 ) ) ;
#1400 = CARTESIAN_POINT ( 'NONE',  ( 14.88861080177632346, -18.17485737299211124, 757.5941812153026831 ) ) ;
#1401 = DIRECTION ( 'NONE',  ( -1.000000000000000000, 0.000000000000000000, 0.000000000000000000 ) ) ;
#1402 = VERTEX_POINT ( 'NONE', #2083 ) ;
#1403 = CARTESIAN_POINT ( 'NONE',  ( -15.61905983458198754, -6.090769858816171833, 760.8672763826701839 ) ) ;
#1404 = CARTESIAN_POINT ( 'NONE',  ( 14.97393792662879619, -19.11481105171827366, 818.2330992726580234 ) ) ;
#1405 = CARTESIAN_POINT ( 'NONE',  ( -13.03169109037020945, -12.57195271778000034, 748.6413777498904665 ) ) ;
#1406 = VERTEX_POINT ( 'NONE', #741 ) ;
#1407 = LINE ( 'NONE', #4376, #2436 ) ;
#1408 = CARTESIAN_POINT ( 'NONE',  ( -14.39089475085766345, -15.74782837882558084, 862.0555642738202096 ) ) ;
#1409 = CARTESIAN_POINT ( 'NONE',  ( -12.60018560816106437, -11.50172040420028452, 755.3900735634409784 ) ) ;
#1410 = ORIENTED_EDGE ( 'NONE', *, *, #2446, .F. ) ;
#1411 = LINE ( 'NONE', #131, #1831 ) ;
#1412 = AXIS2_PLACEMENT_3D ( 'NONE', #3075, #1301, #4824 ) ;
#1413 = DIRECTION ( 'NONE',  ( 0.5735762541627017486, -0.8191521718586136647, -0.000000000000000000 ) ) ;
#1414 = CARTESIAN_POINT ( 'NONE',  ( 27.25498574091903947, -3.637363275030378595, 764.5014019112335291 ) ) ;
#1415 = DIRECTION ( 'NONE',  ( 1.000000000000000000, 0.000000000000000000, 0.000000000000000000 ) ) ;
#1416 = AXIS2_PLACEMENT_3D ( 'NONE', #968, #2712, #4916 ) ;
#1417 = CARTESIAN_POINT ( 'NONE',  ( -212.9387462032265717, 129.1881189549077646, 934.2462908152374439 ) ) ;
#1418 = CARTESIAN_POINT ( 'NONE',  ( -21.88065638447220707, -4.678993530696246239, 796.5611014621126742 ) ) ;
#1419 = DIRECTION ( 'NONE',  ( -0.8191525623785657073, -0.5735756964225228183, 4.695530338680650181E-06 ) ) ;
#1420 = CARTESIAN_POINT ( 'NONE',  ( -5.184526716507621202, -5.924465099107579569, 792.0555169964567312 ) ) ;
#1421 = CARTESIAN_POINT ( 'NONE',  ( 211.0435957581263438, 131.8946742855543448, 878.2022096740216739 ) ) ;
#1422 = CARTESIAN_POINT ( 'NONE',  ( 14.11881062659062636, -13.00371059561239306, 758.5175691852502950 ) ) ;
#1423 = CARTESIAN_POINT ( 'NONE',  ( -7.199629652526590817, -6.377097003371650530, 798.3611625039872024 ) ) ;
#1424 = CARTESIAN_POINT ( 'NONE',  ( -2.437206240514277589, -23.48069319268449817, 761.2447133951326350 ) ) ;
#1425 = ORIENTED_EDGE ( 'NONE', *, *, #876, .T. ) ;
#1426 = CARTESIAN_POINT ( 'NONE',  ( -18.58965624825976448, -11.62639982352779988, 766.5318074923610538 ) ) ;
#1427 = CARTESIAN_POINT ( 'NONE',  ( 6.077417221801474589, -33.71367929886615400, 816.9999999999998863 ) ) ;
#1428 = B_SPLINE_CURVE_WITH_KNOTS ( 'NONE', 3,
 ( #1078, #5373, #2829, #4053 ),
 .UNSPECIFIED., .F., .F.,
 ( 4, 4 ),
 ( 0.6970852606088436820, 1.000000000000000000 ),
 .UNSPECIFIED. ) ;
#1429 = CARTESIAN_POINT ( 'NONE',  ( 214.9257918303708266, 126.3503237031958264, 875.5282126939301861 ) ) ;
#1430 = CARTESIAN_POINT ( 'NONE',  ( 14.89880386768882836, -18.26043733784407053, 757.9951670744113699 ) ) ;
#1431 = CARTESIAN_POINT ( 'NONE',  ( -13.51847977667615019, -5.165223213810914871, 770.5977426976392053 ) ) ;
#1432 = CARTESIAN_POINT ( 'NONE',  ( -15.36506722037914940, -5.947119087053211572, 761.7228147269637475 ) ) ;
#1433 = CARTESIAN_POINT ( 'NONE',  ( 13.10049555636153151, -11.74152422655152606, 893.8232949986279436 ) ) ;
#1434 = CARTESIAN_POINT ( 'NONE',  ( -14.87881884465617333, -18.09708205115249413, 757.2567202924607273 ) ) ;
#1435 = EDGE_LOOP ( 'NONE', ( #5069, #5354 ) ) ;
#1436 = CARTESIAN_POINT ( 'NONE',  ( 7.337685345909606305, -6.574124847309334108, 796.8678772901432694 ) ) ;
#1437 = CARTESIAN_POINT ( 'NONE',  ( -13.56134994349558198, -13.48905531536821378, 872.9185827885660274 ) ) ;
#1438 = CARTESIAN_POINT ( 'NONE',  ( -12.10415074856880402, -10.28917504812770112, 756.0466822689744504 ) ) ;
#1439 = VERTEX_POINT ( 'NONE', #4684 ) ;
#1440 = DIRECTION ( 'NONE',  ( 0.000000000000000000, 1.000000000000000000, 0.000000000000000000 ) ) ;
#1441 = CARTESIAN_POINT ( 'NONE',  ( 23.86122798466690398, 1.209483265619356818, 770.4683275207055431 ) ) ;
#1442 = CARTESIAN_POINT ( 'NONE',  ( -19.83132502038428413, 0.7945792586099512667, 798.3610946029333491 ) ) ;
#1443 = CARTESIAN_POINT ( 'NONE',  ( -211.4759355005106727, 131.2772291442325638, 899.5796527256952686 ) ) ;
#1444 = ORIENTED_EDGE ( 'NONE', *, *, #2983, .F. ) ;
#1445 = CARTESIAN_POINT ( 'NONE',  ( 7.162181936570104178E-16, -4.999999999999997335, 720.9422371214550367 ) ) ;
#1446 = CARTESIAN_POINT ( 'NONE',  ( -3.926218265388908168, -5.390409849975211998, 720.9422371214550367 ) ) ;
#1447 = CARTESIAN_POINT ( 'NONE',  ( -21.30708068804327127, -3.859840968308524634, 796.5611014621126742 ) ) ;
#1448 = CARTESIAN_POINT ( 'NONE',  ( 139.5787016432977623, 82.85839808052062949, 842.0790406311102743 ) ) ;
#1449 = CARTESIAN_POINT ( 'NONE',  ( 11.70403239614166147, -9.559215665685060870, 757.2941839634505641 ) ) ;
#1450 = CARTESIAN_POINT ( 'NONE',  ( 24.91168976803682966, -3.777419003816402832, 796.5610873755216517 ) ) ;
#1451 = CARTESIAN_POINT ( 'NONE',  ( -214.4328537703757718, 127.0543122110252767, 857.0641459396186974 ) ) ;
#1452 = ORIENTED_EDGE ( 'NONE', *, *, #4707, .F. ) ;
#1453 = CIRCLE ( 'NONE', #1183, 1.000000000000153877 ) ;
#1454 = CARTESIAN_POINT ( 'NONE',  ( -18.44876789309696719, -12.95627447501706975, 774.2752022181115308 ) ) ;
#1455 = CYLINDRICAL_SURFACE ( 'NONE', #2073, 9.700000000000001066 ) ;
#1456 = CARTESIAN_POINT ( 'NONE',  ( 143.9036866167153619, 76.68167941154466405, 827.0286419538870177 ) ) ;
#1457 = AXIS2_PLACEMENT_3D ( 'NONE', #3129, #1328, #3502 ) ;
#1458 = CARTESIAN_POINT ( 'NONE',  ( 11.60344776348899209, -21.85000000000000142, 814.6999999999999318 ) ) ;
#1459 = CARTESIAN_POINT ( 'NONE',  ( 3.754221465821771616E-14, -20.00000000000000000, 700.9422371214550367 ) ) ;
#1460 = CARTESIAN_POINT ( 'NONE',  ( -14.88712423578573052, -5.694160622055061793, 763.4996955233044673 ) ) ;
#1461 = CARTESIAN_POINT ( 'NONE',  ( 14.97910464309763512, -19.20828666719781452, 814.5608481264418970 ) ) ;
#1462 = CARTESIAN_POINT ( 'NONE',  ( -14.59897134019555587, -16.54263918887820495, 752.8645079438473431 ) ) ;
#1463 = ORIENTED_EDGE ( 'NONE', *, *, #2550, .F. ) ;
#1464 = CARTESIAN_POINT ( 'NONE',  ( 29.14644431103786104, -6.338410085775477043, 793.9610779844896342 ) ) ;
#1465 = AXIS2_PLACEMENT_3D ( 'NONE', #1097, #2393, #4646 ) ;
#1466 = CARTESIAN_POINT ( 'NONE',  ( -13.68776007078050405, -13.72755111232678793, 869.2697626519644700 ) ) ;
#1467 = CARTESIAN_POINT ( 'NONE',  ( -11.49873741805361860, -9.260541590300533699, 758.0483588825123888 ) ) ;
#1468 = VERTEX_POINT ( 'NONE', #5545 ) ;
#1469 = CARTESIAN_POINT ( 'NONE',  ( -247.9184840089092177, 156.2796558289060727, 881.7240716555444351 ) ) ;
#1470 = EDGE_CURVE ( 'NONE', #5390, #1406, #4761, .T. ) ;
#1471 = CARTESIAN_POINT ( 'NONE',  ( 21.59772439758194906, 4.442299937946346589, 793.9610779844896342 ) ) ;
#1472 = EDGE_CURVE ( 'NONE', #3274, #1151, #2230, .T. ) ;
#1473 = ORIENTED_EDGE ( 'NONE', *, *, #1607, .F. ) ;
#1474 = CARTESIAN_POINT ( 'NONE',  ( -7.605642705021653960, -32.94098497203827947, 815.0000000000000000 ) ) ;
#1475 = CARTESIAN_POINT ( 'NONE',  ( -4.918255542663465691E-14, -35.00000000000000000, 720.9422371214550367 ) ) ;
#1476 = DIRECTION ( 'NONE',  ( 1.000000000000000000, 0.000000000000000000, 0.000000000000000000 ) ) ;
#1477 = CARTESIAN_POINT ( 'NONE',  ( -3.463018914184552433, -29.05000000000000426, 700.9422371214550367 ) ) ;
#1478 = CARTESIAN_POINT ( 'NONE',  ( 14.22618980809739675, -13.15917150062249519, 759.1254927542946689 ) ) ;
#1479 = CARTESIAN_POINT ( 'NONE',  ( -3.754216354677198787E-14, -30.58333333333333570, 700.9422371214550367 ) ) ;
#1480 = CARTESIAN_POINT ( 'NONE',  ( -214.1845232778093759, 127.4089649089977740, 854.2000962085231777 ) ) ;
#1481 = ORIENTED_EDGE ( 'NONE', *, *, #922, .T. ) ;
#1482 = CARTESIAN_POINT ( 'NONE',  ( 7.446927817765586433, -33.05370379494760869, 816.9999999999718057 ) ) ;
#1483 = CARTESIAN_POINT ( 'NONE',  ( 14.35714767536635605, -5.425391950899991045, 765.9482258727680346 ) ) ;
#1484 = CARTESIAN_POINT ( 'NONE',  ( 2.691914781973935522, -23.84445468847030014, 764.7453133240696843 ) ) ;
#1485 = DIRECTION ( 'NONE',  ( -0.000000000000000000, -0.000000000000000000, 1.000000000000000000 ) ) ;
#1486 = CARTESIAN_POINT ( 'NONE',  ( -10.58938569375705718, -5.629743643847293200, 809.9408769413169011 ) ) ;
#1487 = CARTESIAN_POINT ( 'NONE',  ( -17.16724445280546973, -7.400040212766922032, 757.8399185209702864 ) ) ;
#1488 = CARTESIAN_POINT ( 'NONE',  ( 14.48913233787522081, -12.85848056961691022, 872.8561719134028181 ) ) ;
#1489 = CARTESIAN_POINT ( 'NONE',  ( -10.33894717030964117, -9.132333376317300022, 749.4967279780701119 ) ) ;
#1490 = ORIENTED_EDGE ( 'NONE', *, *, #2148, .T. ) ;
#1491 = EDGE_CURVE ( 'NONE', #850, #2981, #1629, .T. ) ;
#1492 = CARTESIAN_POINT ( 'NONE',  ( 14.15391797949201802, -15.03128152079230162, 750.5313417787913295 ) ) ;
#1493 = FACE_BOUND ( 'NONE', #3323, .T. ) ;
#1494 = CARTESIAN_POINT ( 'NONE',  ( -14.66067110839068377, -14.21451631701856932, 763.7246996129709942 ) ) ;
#1495 = VERTEX_POINT ( 'NONE', #5623 ) ;
#1496 = PLANE ( 'NONE',  #638 ) ;
#1497 = CARTESIAN_POINT ( 'NONE',  ( 12.97238943159491065, -5.045952832196956450, 773.9897223807540740 ) ) ;
#1498 = CARTESIAN_POINT ( 'NONE',  ( -20.69212151646119224, 1.380251067496927275, 798.3610897146477328 ) ) ;
#1499 = CARTESIAN_POINT ( 'NONE',  ( 0.000000000000000000, -33.40000000000093650, 817.0000000000000000 ) ) ;
#1500 = VERTEX_POINT ( 'NONE', #5598 ) ;
#1501 = CARTESIAN_POINT ( 'NONE',  ( -7.558762002636188804, -32.97314827903996814, 815.6675298669348422 ) ) ;
#1502 = CARTESIAN_POINT ( 'NONE',  ( -7.337685345909606305, -6.574124847309334108, 796.8678772901432694 ) ) ;
#1503 = CARTESIAN_POINT ( 'NONE',  ( -5.408980752503135037, -6.009184177270991079, 799.7116821397860349 ) ) ;
#1504 = CARTESIAN_POINT ( 'NONE',  ( -2.335676437523560800, -16.66431030963081739, 846.9976463001044067 ) ) ;
#1505 = CARTESIAN_POINT ( 'NONE',  ( 12.20661730333003270, -10.58213660479050233, 755.7347848068855001 ) ) ;
#1506 = VECTOR ( 'NONE', #46, 999.9999999999998863 ) ;
#1507 = CARTESIAN_POINT ( 'NONE',  ( -11.34999999999996412, -18.51428848390677828, 700.9422371214550367 ) ) ;
#1508 = CARTESIAN_POINT ( 'NONE',  ( -70.49676120809915858, 30.41891132776561690, 783.3151454787862349 ) ) ;
#1509 = CARTESIAN_POINT ( 'NONE',  ( 22.45423208090113931, -5.498146093083967401, 796.5611014621126742 ) ) ;
#1510 = CIRCLE ( 'NONE', #780, 9.799999999999998934 ) ;
#1511 = DIRECTION ( 'NONE',  ( 0.000000000000000000, 0.000000000000000000, 1.000000000000000000 ) ) ;
#1512 = CARTESIAN_POINT ( 'NONE',  ( 17.54575875331462242, -7.729567025795906154, 757.7469360966891827 ) ) ;
#1513 = CARTESIAN_POINT ( 'NONE',  ( 213.5325644091759614, 128.3400586677129809, 850.3677477735935781 ) ) ;
#1514 = CARTESIAN_POINT ( 'NONE',  ( 5.189942628360584287, -5.925337063904103196, 773.1741978932135453 ) ) ;
#1515 = CARTESIAN_POINT ( 'NONE',  ( 5.995204332975802909E-13, -20.00000000000000000, 814.6999999999999318 ) ) ;
#1516 = CARTESIAN_POINT ( 'NONE',  ( -17.62073518096854485, -7.881763336380865681, 757.7588806243122690 ) ) ;
#1517 = LINE ( 'NONE', #2210, #726 ) ;
#1518 = CARTESIAN_POINT ( 'NONE',  ( -11.77040100776281584, -10.70165574538408393, 748.5015222120242697 ) ) ;
#1519 = ORIENTED_EDGE ( 'NONE', *, *, #2331, .F. ) ;
#1520 = CARTESIAN_POINT ( 'NONE',  ( 12.93400631928328082, -12.38481451086486729, 748.5451657408327719 ) ) ;
#1521 = CARTESIAN_POINT ( 'NONE',  ( 9.725845257051428661, -11.22880079519892504, 701.5946399063298031 ) ) ;
#1522 = CARTESIAN_POINT ( 'NONE',  ( -11.95425783004970555, -9.980768235768129770, 756.4851487474628584 ) ) ;
#1523 = AXIS2_PLACEMENT_3D ( 'NONE', #2163, #3476, #2641 ) ;
#1524 = EDGE_CURVE ( 'NONE', #976, #3865, #1680, .T. ) ;
#1525 = ORIENTED_EDGE ( 'NONE', *, *, #2910, .T. ) ;
#1526 = CARTESIAN_POINT ( 'NONE',  ( -5.725692481812761838E-14, -20.00000000000000000, 817.0000000000000000 ) ) ;
#1527 = CARTESIAN_POINT ( 'NONE',  ( 72.21639019993020270, 27.96302661074597395, 886.3986709713019536 ) ) ;
#1528 = VECTOR ( 'NONE', #2129, 1000.000000000000000 ) ;
#1529 = CARTESIAN_POINT ( 'NONE',  ( 13.99664021252342394, -5.291756269436574733, 767.8805077297673733 ) ) ;
#1530 = ADVANCED_FACE ( 'NONE', ( #2167 ), #3907, .F. ) ;
#1531 = CARTESIAN_POINT ( 'NONE',  ( 0.000000000000000000, -10.30000000000000071, 700.9422371214550367 ) ) ;
#1532 = ORIENTED_EDGE ( 'NONE', *, *, #4992, .F. ) ;
#1533 = CARTESIAN_POINT ( 'NONE',  ( -7.446927817765586433, -33.05370379494760869, 816.9999999999718057 ) ) ;
#1534 = CARTESIAN_POINT ( 'NONE',  ( 27.72982732358537916, -7.367942136399207698, 793.9610862060810632 ) ) ;
#1535 = CARTESIAN_POINT ( 'NONE',  ( 8.705601644918086635, -18.15000000000000213, 908.9931498327478039 ) ) ;
#1536 = CARTESIAN_POINT ( 'NONE',  ( 13.27168037589909133, -21.85000000000000142, 814.6999999999999318 ) ) ;
#1537 = CARTESIAN_POINT ( 'NONE',  ( 8.555523988904557342, -7.365052593809028991, 819.7357112543173798 ) ) ;
#1538 = CARTESIAN_POINT ( 'NONE',  ( -14.99999999999987743, -18.03650460428209357, 720.9422371214550367 ) ) ;
#1539 = CARTESIAN_POINT ( 'NONE',  ( -71.27511400887473769, 29.30730832679565268, 782.9757322507875870 ) ) ;
#1540 = ORIENTED_EDGE ( 'NONE', *, *, #55, .F. ) ;
#1541 = CARTESIAN_POINT ( 'NONE',  ( -25.65640253257136649, -8.956965741559359984, 798.3610984696326796 ) ) ;
#1542 = CARTESIAN_POINT ( 'NONE',  ( 14.74517010356928104, -5.620330712997085421, 764.0690945771153793 ) ) ;
#1543 = CARTESIAN_POINT ( 'NONE',  ( 71.82613253791417662, 28.52037231286980656, 784.1337244893340994 ) ) ;
#1544 = CARTESIAN_POINT ( 'NONE',  ( 5.444166308114672503, -6.022727805442574578, 768.7609907284279416 ) ) ;
#1545 = CARTESIAN_POINT ( 'NONE',  ( -143.2790901770133303, 77.57369557192400578, 895.6439082580509421 ) ) ;
#1546 = VERTEX_POINT ( 'NONE', #900 ) ;
#1547 = EDGE_CURVE ( 'NONE', #5490, #3926, #2645, .T. ) ;
#1548 = CARTESIAN_POINT ( 'NONE',  ( -17.66512128948224714, -8.018823566406579673, 757.7853486644256691 ) ) ;
#1549 = CARTESIAN_POINT ( 'NONE',  ( -11.73805640474177103, -10.66091982751963840, 748.5125332650596874 ) ) ;
#1550 = CIRCLE ( 'NONE', #1822, 11.75000000000000711 ) ;
#1551 = ORIENTED_EDGE ( 'NONE', *, *, #89, .T. ) ;
#1552 = CARTESIAN_POINT ( 'NONE',  ( 14.87069936296151162, -18.03413597264509960, 756.9926809319550784 ) ) ;
#1553 = CARTESIAN_POINT ( 'NONE',  ( 13.78333333333323907, -21.64497280930144640, 702.2470426912047969 ) ) ;
#1554 = CARTESIAN_POINT ( 'NONE',  ( -18.45423146147541971, -10.40908177075800367, 761.8007980874846226 ) ) ;
#1555 = VERTEX_POINT ( 'NONE', #3071 ) ;
#1556 = EDGE_CURVE ( 'NONE', #966, #1155, #2275, .T. ) ;
#1557 = CARTESIAN_POINT ( 'NONE',  ( -27.02384309722584987, -3.307264645332960384, 763.5350702984442250 ) ) ;
#1558 = CARTESIAN_POINT ( 'NONE',  ( 144.0639442490154067, 76.45280779341059940, 872.2274645212778523 ) ) ;
#1559 = VECTOR ( 'NONE', #1440, 1000.000000000000000 ) ;
#1560 = CARTESIAN_POINT ( 'NONE',  ( 13.63222047863359698, -5.192950984099089062, 769.9205991581002309 ) ) ;
#1561 = ADVANCED_FACE ( 'NONE', ( #4851 ), #1391, .F. ) ;
#1562 = CARTESIAN_POINT ( 'NONE',  ( -14.99228770096740249, -19.51569959596866255, 767.0208431283822392 ) ) ;
#1563 = PLANE ( 'NONE',  #2276 ) ;
#1564 = CARTESIAN_POINT ( 'NONE',  ( -9.218200799623698316, -31.99500263597265715, 720.9422371214550367 ) ) ;
#1565 = CARTESIAN_POINT ( 'NONE',  ( -12.11443193671937912, -10.30817082276764829, 891.0902371539096976 ) ) ;
#1566 = LINE ( 'NONE', #4197, #1320 ) ;
#1567 = CARTESIAN_POINT ( 'NONE',  ( 18.58094652273089054, -11.97796076728921300, 768.3153730351791637 ) ) ;
#1568 = CARTESIAN_POINT ( 'NONE',  ( 6.801495118449955690, -33.36935541279760287, 815.0000000000000000 ) ) ;
#1569 = CARTESIAN_POINT ( 'NONE',  ( -212.7923545598865473, 129.3971878885474780, 849.5985206030017025 ) ) ;
#1570 = ORIENTED_EDGE ( 'NONE', *, *, #3620, .F. ) ;
#1571 = CARTESIAN_POINT ( 'NONE',  ( -20.81737233350435901, -12.43552423977158838, 798.3611264421161877 ) ) ;
#1572 = CARTESIAN_POINT ( 'NONE',  ( 17.50423404171799646, -7.674496682805203918, 757.7480508141597966 ) ) ;
#1573 = CARTESIAN_POINT ( 'NONE',  ( 213.4295091320670110, 128.4872368563015357, 850.0847312374958165 ) ) ;
#1574 = CARTESIAN_POINT ( 'NONE',  ( 7.194592516270840399, -6.837417607751524073, 755.8827094312849795 ) ) ;
#1575 = CARTESIAN_POINT ( 'NONE',  ( -213.1141242735614014, 128.9376531133328285, 932.4711199944231339 ) ) ;
#1576 = ORIENTED_EDGE ( 'NONE', *, *, #2325, .T. ) ;
#1577 = CARTESIAN_POINT ( 'NONE',  ( -17.59964718759079716, -7.830272213094003675, 757.7524493473387110 ) ) ;
#1578 = CARTESIAN_POINT ( 'NONE',  ( -7.136295821686729823, -6.805881137927529245, 756.1091764329654552 ) ) ;
#1579 = ORIENTED_EDGE ( 'NONE', *, *, #3765, .F. ) ;
#1580 = CARTESIAN_POINT ( 'NONE',  ( 14.84896255534662579, -17.87647275709470307, 756.3921093102499071 ) ) ;
#1581 = CARTESIAN_POINT ( 'NONE',  ( 5.086477797582968030, -8.692979980930319428, 701.1053378176735578 ) ) ;
#1582 = CARTESIAN_POINT ( 'NONE',  ( -17.42153500961429557, -14.91100883866924676, 798.7304439814475927 ) ) ;
#1583 = ORIENTED_EDGE ( 'NONE', *, *, #5649, .T. ) ;
#1584 = CARTESIAN_POINT ( 'NONE',  ( -26.52232101234171679, -2.591026142396710696, 762.2353670606233891 ) ) ;
#1585 = CARTESIAN_POINT ( 'NONE',  ( 3.305877803111239466, -24.72128475332090503, 809.3987352442949259 ) ) ;
#1586 = B_SPLINE_CURVE_WITH_KNOTS ( 'NONE', 3,
 ( #1215, #3822, #5563, #4730 ),
 .UNSPECIFIED., .F., .F.,
 ( 4, 4 ),
 ( 0.000000000000000000, 1.000000000000000000 ),
 .UNSPECIFIED. ) ;
#1587 =( BOUNDED_SURFACE ( )  B_SPLINE_SURFACE ( 2, 3, ( 
 ( #3793, #5261, #3085, #3394, #2657, #3768, #1590, #4220, #2751, #1377, #1058, #1923, #569, #1003, #2323, #2808, #5291, #152, #1404, #5383, #1461, #1837, #1031, #3116 ),
 ( #4894, #2778, #3636, #3666, #541, #3210, #3180, #4921, #3145, #4491, #4036, #4955, #2718, #1891, #4520, #600, #4550, #1805, #4063, #5411, #2231, #2356, #4430, #4093 ),
 ( #3607, #974, #1864, #5351, #1433, #510, #2262, #180, #4864, #1488, #3236, #4980, #943, #3978, #4461, #61, #3546, #3577, #2686, #4008, #91, #5320, #2292, #122 ) ),
 .UNSPECIFIED., .F., .F., .T. ) 
 B_SPLINE_SURFACE_WITH_KNOTS ( ( 3, 3 ),
 ( 4, 2, 2, 2, 2, 2, 2, 2, 2, 2, 2, 4 ),
 ( 0.000000000000000000, 1.000000000000000000 ),
 ( 0.000000000000000000, 0.002742565527882058572, 0.005485131055764117143, 0.01097026211152823429, 0.02194052422305646857, 0.03291078633458470459, 0.04388104844611293714, 0.06582157266916940919, 0.07679183478069764868, 0.08227696583646176842, 0.08501953136434381442, 0.08776209689222587429 ),
 .UNSPECIFIED. ) 
 GEOMETRIC_REPRESENTATION_ITEM ( )  RATIONAL_B_SPLINE_SURFACE ( (
 ( 1.000000000000000000, 1.000000000000000000, 1.000000000000000000, 1.000000000000000000, 1.000000000000000000, 1.000000000000000000, 1.000000000000000000, 1.000000000000000000, 1.000000000000000000, 1.000000000000000000, 1.000000000000000000, 1.000000000000000000, 1.000000000000000000, 1.000000000000000000, 1.000000000000000000, 1.000000000000000000, 1.000000000000000000, 1.000000000000000000, 1.000000000000000000, 1.000000000000000000, 1.000000000000000000, 1.000000000000000000, 1.000000000000000000, 1.000000000000000000),
 ( 0.7215886905213629854, 0.7234765904771179867, 0.7252876887580057552, 0.7291103141296868539, 0.7311057802730390742, 0.7372823343330109358, 0.7416335803796421100, 0.7549829682603930170, 0.7643467392694733853, 0.7829428009577743541, 0.7920910572071554467, 0.8092267923834616239, 0.8172558304632066006, 0.8392466916827741041, 0.8511159775182836063, 0.8642637245574925631, 0.8678676866011328928, 0.8720120278563276983, 0.8731855510277987120, 0.8746163171299018435, 0.8750291992166843169, 0.8758362382692530534, 0.8762217765585893492, 0.8765864963825870104),
 ( 1.000000000000000000, 1.000000000000000000, 1.000000000000000000, 1.000000000000000000, 1.000000000000000000, 1.000000000000000000, 1.000000000000000000, 1.000000000000000000, 1.000000000000000000, 1.000000000000000000, 1.000000000000000000, 1.000000000000000000, 1.000000000000000000, 1.000000000000000000, 1.000000000000000000, 1.000000000000000000, 1.000000000000000000, 1.000000000000000000, 1.000000000000000000, 1.000000000000000000, 1.000000000000000000, 1.000000000000000000, 1.000000000000000000, 1.000000000000000000) ) ) 
 REPRESENTATION_ITEM ( '' )  SURFACE ( )  );
#1588 = CARTESIAN_POINT ( 'NONE',  ( 17.76325425748045461, -8.377362547077735755, 757.9385190859208024 ) ) ;
#1589 = CARTESIAN_POINT ( 'NONE',  ( -14.59250395053044258, -16.52415629218712922, 752.8511409658767661 ) ) ;
#1590 = CARTESIAN_POINT ( 'NONE',  ( 13.17199984920240219, -12.82103786592763406, 889.3187909370814168 ) ) ;
#1591 = FACE_OUTER_BOUND ( 'NONE', #5226, .T. ) ;
#1592 = CARTESIAN_POINT ( 'NONE',  ( -10.05749045539717734, -8.726263807223864077, 858.3263111198269826 ) ) ;
#1593 = CARTESIAN_POINT ( 'NONE',  ( -2.494891614228856191, -16.43692747237605190, 842.3009880612708002 ) ) ;
#1594 = CARTESIAN_POINT ( 'NONE',  ( 17.67289854138274308, -14.68840272420961490, 793.1425479304433566 ) ) ;
#1595 = CARTESIAN_POINT ( 'NONE',  ( -212.4264963753010420, 129.9196875256133410, 850.3677477735927823 ) ) ;
#1596 = EDGE_CURVE ( 'NONE', #2398, #1224, #1690, .T. ) ;
#1597 = CARTESIAN_POINT ( 'NONE',  ( 7.506454161553276272, -33.00995852206860803, 816.3342964115597624 ) ) ;
#1598 = CARTESIAN_POINT ( 'NONE',  ( 17.88654379173261688, -8.774628471774102323, 758.2695226496507530 ) ) ;
#1599 = CLOSED_SHELL ( 'NONE', ( #707, #1727, #100, #5414, #1947, #697, #575, #1789, #1561, #2732, #3213, #785, #651, #4080, #5165, #4648, #4224, #4241, #4986, #1135, #1715, #3058, #4676, #365, #2726, #3355, #3751, #3164, #2672, #505, #2020, #5186, #2741, #1344, #580, #3333, #875, #4879, #5532, #2826, #3921, #3391, #3228, #124 ) ) ;
#1600 = AXIS2_PLACEMENT_3D ( 'NONE', #1515, #1172, #3293 ) ;
#1601 = CARTESIAN_POINT ( 'NONE',  ( 212.9156236022686812, 129.2211414513766670, 849.5127573054589902 ) ) ;
#1602 = DIRECTION ( 'NONE',  ( -1.000000000000000000, -9.885507410759308646E-16, 0.000000000000000000 ) ) ;
#1603 = DIRECTION ( 'NONE',  ( -0.8191525623785653742, 0.5735756964225233734, -4.695530338612962084E-06 ) ) ;
#1604 = PRESENTATION_LAYER_ASSIGNMENT (  '', '', ( #1781 ) ) ;
#1605 = CARTESIAN_POINT ( 'NONE',  ( -71.05460956973259101, 29.62222130203441850, 910.4808309078066486 ) ) ;
#1606 = ORIENTED_EDGE ( 'NONE', *, *, #1491, .F. ) ;
#1607 = EDGE_CURVE ( 'NONE', #1383, #5474, #4524, .T. ) ;
#1608 = VECTOR ( 'NONE', #4703, 1000.000000000000000 ) ;
#1609 = CARTESIAN_POINT ( 'NONE',  ( -18.25065797700656134, -9.756842074624609396, 759.8722179335659348 ) ) ;
#1610 = CARTESIAN_POINT ( 'NONE',  ( -8.208906246835347531, -7.442522435858019314, 752.9369980476532191 ) ) ;
#1611 = ORIENTED_EDGE ( 'NONE', *, *, #727, .T. ) ;
#1612 = CARTESIAN_POINT ( 'NONE',  ( 13.14898613969364405, -12.77169826964113675, 748.7067786852579729 ) ) ;
#1613 = DIRECTION ( 'NONE',  ( 1.000000000000000000, -2.589139516383113957E-15, 0.000000000000000000 ) ) ;
#1614 = CARTESIAN_POINT ( 'NONE',  ( -8.296477878685706742, -7.071331825166000229, 793.2516436509488358 ) ) ;
#1615 = ORIENTED_EDGE ( 'NONE', *, *, #498, .T. ) ;
#1616 = CARTESIAN_POINT ( 'NONE',  ( -28.41068438140165497, -5.287793909540796200, 774.4261812297955885 ) ) ;
#1617 = CARTESIAN_POINT ( 'NONE',  ( 2.494889368003190722, -23.56307323623044070, 842.3009880572086558 ) ) ;
#1618 = B_SPLINE_CURVE_WITH_KNOTS ( 'NONE', 3,
 ( #1111, #4513, #1976, #593 ),
 .UNSPECIFIED., .F., .F.,
 ( 4, 4 ),
 ( 0.000000000000000000, 1.000000000000000000 ),
 .UNSPECIFIED. ) ;
#1619 = CARTESIAN_POINT ( 'NONE',  ( 16.36139172830445432, -6.775956285244033594, 758.7405864346310409 ) ) ;
#1620 = CIRCLE ( 'NONE', #3171, 11.75000000000000711 ) ;
#1621 = CARTESIAN_POINT ( 'NONE',  ( -15.00013350450544003, -19.93893274259848170, 793.0708371441716054 ) ) ;
#1622 = DIRECTION ( 'NONE',  ( 1.000000000000000000, 0.000000000000000000, 0.000000000000000000 ) ) ;
#1623 = CARTESIAN_POINT ( 'NONE',  ( -15.12115732945295221, -17.69009104222036655, 815.6669926009477649 ) ) ;
#1624 = DIRECTION ( 'NONE',  ( -0.000000000000000000, -0.000000000000000000, -1.000000000000000000 ) ) ;
#1625 = CARTESIAN_POINT ( 'NONE',  ( 10.22679298447248186, -8.905167856999687714, 861.9782529900671761 ) ) ;
#1626 = CARTESIAN_POINT ( 'NONE',  ( 18.16617246135193398, -13.86645725651883509, 782.0298144339429882 ) ) ;
#1627 = CARTESIAN_POINT ( 'NONE',  ( -140.7997180499674812, 81.11460593313584866, 819.6044445099387303 ) ) ;
#1628 = FACE_OUTER_BOUND ( 'NONE', #2623, .T. ) ;
#1629 = LINE ( 'NONE', #1249, #3512 ) ;
#1630 = CARTESIAN_POINT ( 'NONE',  ( 72.69385533620074114, 27.28113572809242626, 788.9194395436018112 ) ) ;
#1631 = FACE_OUTER_BOUND ( 'NONE', #2264, .T. ) ;
#1632 = CARTESIAN_POINT ( 'NONE',  ( -213.3003725701577196, 128.6716629797893461, 928.9205489852546407 ) ) ;
#1633 = EDGE_LOOP ( 'NONE', ( #2180, #4778, #478, #1808 ) ) ;
#1634 = CARTESIAN_POINT ( 'NONE',  ( -18.40834694192543353, -10.12830125368758694, 760.9783427890478151 ) ) ;
#1635 = CARTESIAN_POINT ( 'NONE',  ( -5.181057213779926229, -5.923187562846099041, 791.9124928434440562 ) ) ;
#1636 = ORIENTED_EDGE ( 'NONE', *, *, #2209, .T. ) ;
#1637 = EDGE_CURVE ( 'NONE', #2088, #4370, #4821, .T. ) ;
#1638 = CARTESIAN_POINT ( 'NONE',  ( 8.904592200732837526, -7.927204624370845387, 751.5117957470513375 ) ) ;
#1639 = CARTESIAN_POINT ( 'NONE',  ( 3.754070131497696621E-14, -8.650000000000000355, 700.9422371214550367 ) ) ;
#1640 = CARTESIAN_POINT ( 'NONE',  ( -8.313372037828827388, -7.210564382770737524, 809.9800604241288511 ) ) ;
#1641 = VERTEX_POINT ( 'NONE', #4415 ) ;
#1642 = CARTESIAN_POINT ( 'NONE',  ( -26.00970310778578565, -1.858934822549939803, 761.7069044656569758 ) ) ;
#1643 = CARTESIAN_POINT ( 'NONE',  ( 144.2871969055265993, 76.13396995701442904, 862.1821477921479300 ) ) ;
#1644 = CARTESIAN_POINT ( 'NONE',  ( 19.69936409412323997, -13.23807206286972971, 798.3611329038291160 ) ) ;
#1645 = VECTOR ( 'NONE', #765, 1000.000000000000000 ) ;
#1646 = CARTESIAN_POINT ( 'NONE',  ( -10.99205285645372498, -9.791865780232699379, 748.9140851106554919 ) ) ;
#1647 = CARTESIAN_POINT ( 'NONE',  ( -8.705601644918047555, -18.14999999999999858, 814.6999999999999318 ) ) ;
#1648 = CARTESIAN_POINT ( 'NONE',  ( 3.754221465821750790E-14, -20.00000000000000000, 918.6123992834795899 ) ) ;
#1649 = CARTESIAN_POINT ( 'NONE',  ( -10.58357534869178096, -5.660682667746558927, 810.7850956610009234 ) ) ;
#1650 = CARTESIAN_POINT ( 'NONE',  ( 9.571187798778653999, -8.228538498756769570, 847.4797503786689958 ) ) ;
#1651 = CARTESIAN_POINT ( 'NONE',  ( 18.55906315107650784, -12.22893618922600645, 769.6801607247654147 ) ) ;
#1652 = CARTESIAN_POINT ( 'NONE',  ( -139.5531381585633142, 82.89490652029050466, 845.4297639899607475 ) ) ;
#1653 = CARTESIAN_POINT ( 'NONE',  ( 7.839810092881326575, -6.381620641570899366, 798.3611600538092716 ) ) ;
#1654 = DIRECTION ( 'NONE',  ( 0.000000000000000000, -0.000000000000000000, -1.000000000000000000 ) ) ;
#1655 = CARTESIAN_POINT ( 'NONE',  ( -2.691917028413849611, -16.15554601983021499, 764.7453133240687748 ) ) ;
#1656 = CYLINDRICAL_SURFACE ( 'NONE', #4539, 2.200000000000046807 ) ;
#1657 = CARTESIAN_POINT ( 'NONE',  ( -144.2176455449522905, 76.23329959398456879, 833.7075920478930584 ) ) ;
#1658 = ORIENTED_EDGE ( 'NONE', *, *, #4455, .F. ) ;
#1659 = CARTESIAN_POINT ( 'NONE',  ( -18.48953926037565410, -10.68619521807805839, 762.6989571449342975 ) ) ;
#1660 = CARTESIAN_POINT ( 'NONE',  ( -5.086829272223098108, -5.888829366100451601, 777.5823157739989711 ) ) ;
#1661 = ORIENTED_EDGE ( 'NONE', *, *, #2572, .T. ) ;
#1662 = CARTESIAN_POINT ( 'NONE',  ( 14.79893901809141354, -16.28094635816742297, 819.7617768790576065 ) ) ;
#1663 = DIRECTION ( 'NONE',  ( -0.000000000000000000, -0.000000000000000000, 1.000000000000000000 ) ) ;
#1664 = CARTESIAN_POINT ( 'NONE',  ( -9.071361798334582005, -7.330469576434372136, 776.4765414014665339 ) ) ;
#1665 = VERTEX_POINT ( 'NONE', #137 ) ;
#1666 = CARTESIAN_POINT ( 'NONE',  ( -14.00161873640854893, -5.296057452221713646, 767.8550133406704390 ) ) ;
#1667 = EDGE_CURVE ( 'NONE', #3657, #642, #4139, .T. ) ;
#1668 = CARTESIAN_POINT ( 'NONE',  ( -14.99508665891724313, -19.61610389403650601, 768.3471382618034795 ) ) ;
#1669 = CARTESIAN_POINT ( 'NONE',  ( 17.59974072556817859, -14.73166968207399385, 794.7611622728447855 ) ) ;
#1670 = CARTESIAN_POINT ( 'NONE',  ( 0.000000000000000000, 0.000000000000000000, 817.0000000000000000 ) ) ;
#1671 = CARTESIAN_POINT ( 'NONE',  ( -14.96965590890452802, -19.04139912916325628, 762.4797357138047573 ) ) ;
#1672 = DIRECTION ( 'NONE',  ( -0.000000000000000000, 1.000000000000000000, 0.000000000000000000 ) ) ;
#1673 = CARTESIAN_POINT ( 'NONE',  ( -21.14793641314910033, 1.597766896959954996, 793.9610873755503917 ) ) ;
#1674 = CARTESIAN_POINT ( 'NONE',  ( -15.12580516493151528, -17.69673403327901795, 815.0001802494846288 ) ) ;
#1675 = DIRECTION ( 'NONE',  ( -1.000000000000000000, 0.000000000000000000, 0.000000000000000000 ) ) ;
#1676 = CARTESIAN_POINT ( 'NONE',  ( 12.48998429825983791, -10.84266325969024614, 898.3767666578607987 ) ) ;
#1677 = CARTESIAN_POINT ( 'NONE',  ( 18.30853773751803004, -9.875233077197059117, 760.1941304996920508 ) ) ;
#1678 = CARTESIAN_POINT ( 'NONE',  ( -211.0435957581263438, 131.8946742855543448, 878.2022096740216739 ) ) ;
#1679 = FACE_OUTER_BOUND ( 'NONE', #3922, .T. ) ;
#1680 = LINE ( 'NONE', #1707, #3247 ) ;
#1681 = CARTESIAN_POINT ( 'NONE',  ( 211.5941804628776595, 131.1083578369211580, 856.1807038834534751 ) ) ;
#1682 = CARTESIAN_POINT ( 'NONE',  ( 8.705601644918086635, -18.15000000000000213, 908.9931498327478039 ) ) ;
#1683 = CARTESIAN_POINT ( 'NONE',  ( -214.8630383745642973, 126.4399449260228465, 867.5070630339200761 ) ) ;
#1684 = VERTEX_POINT ( 'NONE', #4359 ) ;
#1685 = CARTESIAN_POINT ( 'NONE',  ( -18.53096973503169664, -11.01131783834967059, 763.8485348745002739 ) ) ;
#1686 = VECTOR ( 'NONE', #3506, 1000.000000000000000 ) ;
#1687 = ORIENTED_EDGE ( 'NONE', *, *, #3994, .F. ) ;
#1688 = CARTESIAN_POINT ( 'NONE',  ( 7.362477536207797435, -6.928948706450768213, 755.2785282678962631 ) ) ;
#1689 = CARTESIAN_POINT ( 'NONE',  ( 19.50395552534066468, 0.5717322710625432070, 798.3610964622938582 ) ) ;
#1690 = CIRCLE ( 'NONE', #1875, 15.00000000000000000 ) ;
#1691 = CARTESIAN_POINT ( 'NONE',  ( -15.98293192474309699, -6.458062297551665054, 759.5304660563527932 ) ) ;
#1692 = VERTEX_POINT ( 'NONE', #3963 ) ;
#1693 = LINE ( 'NONE', #4805, #284 ) ;
#1694 = VECTOR ( 'NONE', #3010, 1000.000000000000000 ) ;
#1695 = CARTESIAN_POINT ( 'NONE',  ( -15.00000004986342006, -20.00022478576148188, 776.4651330984378319 ) ) ;
#1696 = CARTESIAN_POINT ( 'NONE',  ( 17.85504431790024427, -8.677951794212319214, 758.1732221501538334 ) ) ;
#1697 = EDGE_CURVE ( 'NONE', #4552, #4884, #1760, .T. ) ;
#1698 = CARTESIAN_POINT ( 'NONE',  ( -27.54767632406300848, -7.542014466207165313, 795.4275997447512054 ) ) ;
#1699 = CARTESIAN_POINT ( 'NONE',  ( -9.436597238560139544, -8.339932251810749264, 750.6378102989664285 ) ) ;
#1700 = CARTESIAN_POINT ( 'NONE',  ( -3.754221465821750790E-14, -20.00000000000000000, 814.6999999999999318 ) ) ;
#1701 = DIRECTION ( 'NONE',  ( 0.000000000000000000, 1.000000000000000000, -0.000000000000000000 ) ) ;
#1702 = CARTESIAN_POINT ( 'NONE',  ( 11.06799082789891031, -6.023758999218135735, 829.0340151179713075 ) ) ;
#1703 = CARTESIAN_POINT ( 'NONE',  ( 0.000000000000000000, -20.00000000000000000, 908.9931498327478039 ) ) ;
#1704 = CARTESIAN_POINT ( 'NONE',  ( -140.0690198236962090, 82.15815114851604051, 827.0286419538865630 ) ) ;
#1705 = AXIS2_PLACEMENT_3D ( 'NONE', #1179, #4776, #1613 ) ;
#1706 = PLANE ( 'NONE',  #5391 ) ;
#1707 = CARTESIAN_POINT ( 'NONE',  ( -7.337685345909606305, -6.574124847309334108, 796.8678772901432694 ) ) ;
#1708 = CARTESIAN_POINT ( 'NONE',  ( 212.1192429393656766, 130.3584909077094096, 851.7099731832514635 ) ) ;
#1709 = LINE ( 'NONE', #2058, #3990 ) ;
#1710 = CARTESIAN_POINT ( 'NONE',  ( -144.4195682818476030, 75.94492403977176309, 845.4297639899530168 ) ) ;
#1711 = ORIENTED_EDGE ( 'NONE', *, *, #2575, .T. ) ;
#1712 = EDGE_CURVE ( 'NONE', #4965, #3816, #4386, .T. ) ;
#1713 = CARTESIAN_POINT ( 'NONE',  ( -18.47714986189567199, -10.59211370094393345, 762.3937158419198568 ) ) ;
#1714 = VERTEX_POINT ( 'NONE', #1851 ) ;
#1715 = ADVANCED_FACE ( 'NONE', ( #17 ), #2246, .T. ) ;
#1716 = CARTESIAN_POINT ( 'NONE',  ( 14.82709767053825267, -16.41684271233416226, 815.5560612209552573 ) ) ;
#1717 = CARTESIAN_POINT ( 'NONE',  ( 10.82870737832904062, -5.348761700115204576, 798.3611470006919717 ) ) ;
#1718 = CARTESIAN_POINT ( 'NONE',  ( -15.74457251459622498, -6.206357264322493350, 760.3648896329283389 ) ) ;
#1719 = EDGE_CURVE ( 'NONE', #5318, #1396, #3503, .T. ) ;
#1720 = EDGE_CURVE ( 'NONE', #4533, #2348, #1790, .T. ) ;
#1721 = ORIENTED_EDGE ( 'NONE', *, *, #3450, .T. ) ;
#1722 = CARTESIAN_POINT ( 'NONE',  ( 0.000000000000000000, -20.00000000000000000, 817.0000000000000000 ) ) ;
#1723 = CARTESIAN_POINT ( 'NONE',  ( -14.98166949086608568, -19.25866360962316648, 764.2882106064352001 ) ) ;
#1724 = ORIENTED_EDGE ( 'NONE', *, *, #2790, .F. ) ;
#1725 = CARTESIAN_POINT ( 'NONE',  ( 18.39214221729009680, -10.06416841361156145, 760.7833442025244040 ) ) ;
#1726 = CARTESIAN_POINT ( 'NONE',  ( -5.988934646644251458, -6.247387487579745269, 819.8388703193016909 ) ) ;
#1727 = ADVANCED_FACE ( 'NONE', ( #3995 ), #4445, .F. ) ;
#1728 = DIRECTION ( 'NONE',  ( 1.000000000000000000, -0.000000000000000000, 0.000000000000000000 ) ) ;
#1729 = LINE ( 'NONE', #518, #237 ) ;
#1730 = EDGE_CURVE ( 'NONE', #302, #4006, #594, .T. ) ;
#1731 = CARTESIAN_POINT ( 'NONE',  ( 11.60285592599596960, -10.49313078967301571, 894.7788998196755301 ) ) ;
#1732 = STYLED_ITEM ( 'NONE', ( #5213 ), #5095 ) ;
#1733 = CARTESIAN_POINT ( 'NONE',  ( 6.843097293086040978, -33.34810920832451586, 814.8643402815563377 ) ) ;
#1734 = CARTESIAN_POINT ( 'NONE',  ( 3.048360315844401036, -15.64649224936966831, 771.7748737198608069 ) ) ;
#1735 = CARTESIAN_POINT ( 'NONE',  ( -3.463018914184552433, -29.05000000000000426, 908.9931498327478039 ) ) ;
#1736 = CARTESIAN_POINT ( 'NONE',  ( 10.59211971994025347, -5.568936440276188726, 807.1582141032263280 ) ) ;
#1737 = EDGE_CURVE ( 'NONE', #5550, #976, #203, .T. ) ;
#1738 = CARTESIAN_POINT ( 'NONE',  ( 141.0829054546757391, 80.71017240556770389, 818.0037412710199760 ) ) ;
#1739 = CIRCLE ( 'NONE', #2480, 15.00000000000000000 ) ;
#1740 = CARTESIAN_POINT ( 'NONE',  ( -9.725845257051428661, -11.22880079519892504, 701.5946399063298031 ) ) ;
#1741 = CARTESIAN_POINT ( 'NONE',  ( -3.048358069403711124, -24.35350845892973837, 771.7748737198609206 ) ) ;
#1742 = ORIENTED_EDGE ( 'NONE', *, *, #2192, .T. ) ;
#1743 = CARTESIAN_POINT ( 'NONE',  ( -18.51470711024844462, -10.88377471701598331, 763.3784527468476426 ) ) ;
#1744 = EDGE_LOOP ( 'NONE', ( #2412, #3173, #1042, #3328 ) ) ;
#1745 = CARTESIAN_POINT ( 'NONE',  ( 6.895532465070281170, -6.678807144994503453, 757.1275291334350186 ) ) ;
#1746 = CARTESIAN_POINT ( 'NONE',  ( 14.99989712683578347, -20.07085037100067737, 784.5132133866552522 ) ) ;
#1747 = CARTESIAN_POINT ( 'NONE',  ( -16.94009553509880206, -7.237079619825174781, 757.9882221874878496 ) ) ;
#1748 = EDGE_LOOP ( 'NONE', ( #5015, #1125 ) ) ;
#1749 = CARTESIAN_POINT ( 'NONE',  ( -13.63929608559832829, -5.195505388884509301, 769.8884788758435889 ) ) ;
#1750 = CARTESIAN_POINT ( 'NONE',  ( -14.99999903232844112, -20.01963239867408362, 787.9127384435250860 ) ) ;
#1751 = EDGE_LOOP ( 'NONE', ( #5584, #4543, #352, #4493, #4124, #4398, #2643, #4641, #2579, #5418, #322, #4612, #3108, #2632 ) ) ;
#1752 = CARTESIAN_POINT ( 'NONE',  ( 19.95943619678993386, 3.295160395366482753, 798.3610873755018247 ) ) ;
#1753 = CARTESIAN_POINT ( 'NONE',  ( -8.562933104301775344, -7.682519450211517054, 752.1722507291482316 ) ) ;
#1754 = CARTESIAN_POINT ( 'NONE',  ( 7.337685345909606305, -6.574124847309334108, 796.8678772901432694 ) ) ;
#1755 = LINE ( 'NONE', #5214, #5616 ) ;
#1756 = CARTESIAN_POINT ( 'NONE',  ( 23.07771840655671980, 2.328554584190696719, 782.8699807303369198 ) ) ;
#1757 = DIRECTION ( 'NONE',  ( 0.000000000000000000, 0.000000000000000000, 1.000000000000000000 ) ) ;
#1758 = CARTESIAN_POINT ( 'NONE',  ( -68.56994601869759265, 33.17068859986980556, 797.8903580971820020 ) ) ;
#1759 = CARTESIAN_POINT ( 'NONE',  ( 7.605642705021653960, -32.94098497203827947, 815.0000000000000000 ) ) ;
#1760 = LINE ( 'NONE', #439, #4701 ) ;
#1761 = CARTESIAN_POINT ( 'NONE',  ( -6.115059001652983106, -6.302696386712074883, 761.6866229468338361 ) ) ;
#1762 = CARTESIAN_POINT ( 'NONE',  ( 68.46892751307335345, 33.31495797732119257, 799.8966508143794272 ) ) ;
#1763 = CARTESIAN_POINT ( 'NONE',  ( -10.75967784632304003, -15.54333208608875161, 700.9422371214542409 ) ) ;
#1764 = EDGE_CURVE ( 'NONE', #4870, #3265, #987, .T. ) ;
#1765 = CARTESIAN_POINT ( 'NONE',  ( -2.916997114121235857, -24.16590557247932836, 828.2056663190578547 ) ) ;
#1766 = ORIENTED_EDGE ( 'NONE', *, *, #1524, .T. ) ;
#1767 = CARTESIAN_POINT ( 'NONE',  ( -18.58006674635650057, -12.00617226717170460, 768.4830926672244686 ) ) ;
#1768 = LINE ( 'NONE', #4828, #2165 ) ;
#1769 = ORIENTED_EDGE ( 'NONE', *, *, #4764, .F. ) ;
#1770 = CARTESIAN_POINT ( 'NONE',  ( 14.99553032510929995, -19.62944951942987615, 768.5065924800182984 ) ) ;
#1771 = ADVANCED_FACE ( 'NONE', ( #585 ), #2024, .T. ) ;
#1772 = CARTESIAN_POINT ( 'NONE',  ( -17.40677052834175598, -7.578722221793200653, 757.7602648147130822 ) ) ;
#1773 = ORIENTED_EDGE ( 'NONE', *, *, #1764, .F. ) ;
#1774 = CARTESIAN_POINT ( 'NONE',  ( -13.96563579410794986, -5.285247216886449273, 768.0495171182013792 ) ) ;
#1775 = DIRECTION ( 'NONE',  ( 1.000000000000000000, 7.240559391271824794E-15, -0.000000000000000000 ) ) ;
#1776 = CARTESIAN_POINT ( 'NONE',  ( -14.73443563274827994, -17.18992194826382658, 754.3476424215967882 ) ) ;
#1777 = ORIENTED_EDGE ( 'NONE', *, *, #3555, .F. ) ;
#1778 = CARTESIAN_POINT ( 'NONE',  ( 5.876454871172717809, -6.199011696727304788, 815.0000000000000000 ) ) ;
#1779 = CARTESIAN_POINT ( 'NONE',  ( -15.27078495037253525, -13.26397894496003005, 861.9039779975224747 ) ) ;
#1780 = CARTESIAN_POINT ( 'NONE',  ( -6.962644514914391181, -6.713833580629398057, 756.8289492827100275 ) ) ;
#1781 = STYLED_ITEM ( 'NONE', ( #3020 ), #1386 ) ;
#1782 = LINE ( 'NONE', #1754, #182 ) ;
#1783 = CARTESIAN_POINT ( 'NONE',  ( 0.000000000000000000, 0.000000000000000000, 0.000000000000000000 ) ) ;
#1784 = CARTESIAN_POINT ( 'NONE',  ( 27.83135360773048106, -4.460473095248739916, 768.2127201400537615 ) ) ;
#1785 = DIRECTION ( 'NONE',  ( 0.000000000000000000, 0.000000000000000000, 1.000000000000000000 ) ) ;
#1786 = CARTESIAN_POINT ( 'NONE',  ( 1.008807999015247647, -18.55927482529547845, 879.8498067889952381 ) ) ;
#1787 = ADVANCED_BREP_SHAPE_REPRESENTATION ( 'TAIL 1', ( #1386, #5095, #232 ), #2146 ) ;
#1788 = CYLINDRICAL_SURFACE ( 'NONE', #2924, 1.000000000000153877 ) ;
#1789 = ADVANCED_FACE ( 'NONE', ( #3678, #1133 ), #1018, .T. ) ;
#1790 = LINE ( 'NONE', #3532, #2234 ) ;
#1791 = CARTESIAN_POINT ( 'NONE',  ( -5.055585837163988572, -5.877639984100232695, 784.0380255382327732 ) ) ;
#1792 = CARTESIAN_POINT ( 'NONE',  ( 139.6317860957773007, 82.78258562552318267, 858.8324735322736387 ) ) ;
#1793 = DIRECTION ( 'NONE',  ( -0.000000000000000000, -0.000000000000000000, -1.000000000000000000 ) ) ;
#1794 = VECTOR ( 'NONE', #4517, 1000.000000000000000 ) ;
#1795 = CARTESIAN_POINT ( 'NONE',  ( -143.9036866167153619, 76.68167941154466405, 827.0286419538870177 ) ) ;
#1796 = ORIENTED_EDGE ( 'NONE', *, *, #4353, .T. ) ;
#1797 = CARTESIAN_POINT ( 'NONE',  ( -18.56207334231256567, -12.19294290733576958, 769.4918664876374805 ) ) ;
#1798 = VECTOR ( 'NONE', #586, 1000.000000000000000 ) ;
#1799 = DIRECTION ( 'NONE',  ( -0.5735756964288458715, -0.8191525623875960394, 0.000000000000000000 ) ) ;
#1800 = CARTESIAN_POINT ( 'NONE',  ( 3.313958165326105654, -24.73282470651181697, 781.1729475034481993 ) ) ;
#1801 = CARTESIAN_POINT ( 'NONE',  ( 10.02619291305561688, -8.839981154539421127, 749.8372442452146061 ) ) ;
#1802 = CARTESIAN_POINT ( 'NONE',  ( -14.23984811059695055, -5.376020782897678707, 766.5727422118461618 ) ) ;
#1803 = ORIENTED_EDGE ( 'NONE', *, *, #4639, .T. ) ;
#1804 = CARTESIAN_POINT ( 'NONE',  ( -15.09523201356737587, -5.802463874173265701, 762.6942364867929882 ) ) ;
#1805 = CARTESIAN_POINT ( 'NONE',  ( 14.79450249640135873, -16.27677613036858517, 819.9665106027229058 ) ) ;
#1806 = CARTESIAN_POINT ( 'NONE',  ( -14.88328886873076939, -18.13245698203708756, 757.4093171811076672 ) ) ;
#1807 = EDGE_CURVE ( 'NONE', #850, #4695, #2061, .T. ) ;
#1808 = ORIENTED_EDGE ( 'NONE', *, *, #615, .F. ) ;
#1809 = CARTESIAN_POINT ( 'NONE',  ( 3.754221465821771616E-14, -18.15000000000000213, 700.9422371214550367 ) ) ;
#1810 = CARTESIAN_POINT ( 'NONE',  ( -12.87690742003840683, -11.39524664499875506, 898.3767704989285221 ) ) ;
#1811 = CARTESIAN_POINT ( 'NONE',  ( -6.895532465070281170, -6.678807144994503453, 757.1275291334350186 ) ) ;
#1812 = ORIENTED_EDGE ( 'NONE', *, *, #5110, .T. ) ;
#1813 = CARTESIAN_POINT ( 'NONE',  ( 1.963495395717899772, -5.000000000000014211, 720.9422371214551504 ) ) ;
#1814 = PRODUCT ( 'TAIL 1', 'TAIL 1', '', ( #4532 ) ) ;
#1815 = PLANE ( 'NONE',  #1969 ) ;
#1816 = CARTESIAN_POINT ( 'NONE',  ( 25.34219040050068017, -0.9056202808253462910, 762.4113161745581237 ) ) ;
#1817 = CARTESIAN_POINT ( 'NONE',  ( 0.000000000000000000, -19.99999999999988276, 700.9422371214550367 ) ) ;
#1818 = CARTESIAN_POINT ( 'NONE',  ( -211.7787530790300252, 130.8447608230638650, 908.4774181482807762 ) ) ;
#1819 = ORIENTED_EDGE ( 'NONE', *, *, #449, .F. ) ;
#1820 = CARTESIAN_POINT ( 'NONE',  ( -11.60344776348899209, -21.85000000000000142, 803.0528193383770486 ) ) ;
#1821 = DIRECTION ( 'NONE',  ( -0.000000000000000000, -0.000000000000000000, -1.000000000000000000 ) ) ;
#1822 = AXIS2_PLACEMENT_3D ( 'NONE', #1239, #893, #2636 ) ;
#1823 = CARTESIAN_POINT ( 'NONE',  ( -5.111990718010199330, -5.897954826041387655, 788.6648693628478668 ) ) ;
#1824 = CARTESIAN_POINT ( 'NONE',  ( 68.60749033748767545, 33.11706975582532664, 854.2397849133938053 ) ) ;
#1825 = DIRECTION ( 'NONE',  ( 0.000000000000000000, -0.000000000000000000, -1.000000000000000000 ) ) ;
#1826 = CARTESIAN_POINT ( 'NONE',  ( -214.3101023583386109, 127.2296193954512944, 855.5190468485891415 ) ) ;
#1827 = VECTOR ( 'NONE', #4736, 1000.000000000000000 ) ;
#1828 = VERTEX_POINT ( 'NONE', #1996 ) ;
#1829 = CARTESIAN_POINT ( 'NONE',  ( -18.56808546256909409, -12.13977227011136328, 769.2016829607809996 ) ) ;
#1830 = FACE_OUTER_BOUND ( 'NONE', #4948, .T. ) ;
#1831 = VECTOR ( 'NONE', #4871, 1000.000000000000000 ) ;
#1832 = CARTESIAN_POINT ( 'NONE',  ( 73.90928618706348630, 25.54532058110029169, 826.0611735747422699 ) ) ;
#1833 = CARTESIAN_POINT ( 'NONE',  ( 14.86397523490484929, -17.98378498798751224, 756.7925138272836421 ) ) ;
#1834 = CARTESIAN_POINT ( 'NONE',  ( 21.88065638447220707, -4.678993530696246239, 796.5611014621126742 ) ) ;
#1835 = ORIENTED_EDGE ( 'NONE', *, *, #922, .F. ) ;
#1836 = CARTESIAN_POINT ( 'NONE',  ( -16.54462126294503577, -6.926373558195274782, 758.4476253326723736 ) ) ;
#1837 = CARTESIAN_POINT ( 'NONE',  ( 14.98112697523556491, -19.24752377972777140, 812.7242614499003821 ) ) ;
#1838 = CARTESIAN_POINT ( 'NONE',  ( -13.07181668376323813, -12.64284625795253092, 748.6691944492490620 ) ) ;
#1839 = EDGE_LOOP ( 'NONE', ( #183, #3163, #881, #3869, #748, #1037 ) ) ;
#1840 = DIRECTION ( 'NONE',  ( -1.000000000000000000, 0.000000000000000000, 0.000000000000000000 ) ) ;
#1841 = CARTESIAN_POINT ( 'NONE',  ( -13.63465236065226804, -13.73219144686243176, 880.2293250683027281 ) ) ;
#1842 = CARTESIAN_POINT ( 'NONE',  ( -14.50000417477204095, -13.76694222752912644, 761.5889435521096402 ) ) ;
#1843 = VERTEX_POINT ( 'NONE', #2880 ) ;
#1844 = ADVANCED_FACE ( 'NONE', ( #4079 ), #4565, .F. ) ;
#1845 = DIRECTION ( 'NONE',  ( -1.000000000000000000, 0.000000000000000000, 0.000000000000000000 ) ) ;
#1846 = CARTESIAN_POINT ( 'NONE',  ( -9.623798626322107808, -18.15000000000000568, 704.9922371214549912 ) ) ;
#1847 = CARTESIAN_POINT ( 'NONE',  ( 23.19327598757340070, 2.163498259132447643, 780.0996861677801917 ) ) ;
#1848 = DIRECTION ( 'NONE',  ( -0.5735762541627017486, -0.8191521718586136647, -0.000000000000000000 ) ) ;
#1849 = CARTESIAN_POINT ( 'NONE',  ( 0.5646298618800245084, -19.19362694648356893, 889.2276786102903543 ) ) ;
#1850 = CYLINDRICAL_SURFACE ( 'NONE', #5114, 13.40000000000093294 ) ;
#1851 = CARTESIAN_POINT ( 'NONE',  ( 27.23867888184658526, -3.613972929656234179, 776.9234798678384095 ) ) ;
#1852 = CARTESIAN_POINT ( 'NONE',  ( -5.830942281487918599, -6.179707020742348789, 812.7242256464323873 ) ) ;
#1853 = CARTESIAN_POINT ( 'NONE',  ( -3.365611187767297618, -15.19341104899578632, 804.6950097304380733 ) ) ;
#1854 = CARTESIAN_POINT ( 'NONE',  ( 12.23192311397888510, -10.67839258496437438, 755.6497220245331619 ) ) ;
#1855 = CYLINDRICAL_SURFACE ( 'NONE', #3260, 8.900000000000003908 ) ;
#1856 = CARTESIAN_POINT ( 'NONE',  ( -214.5095725340860611, 126.9447464615521568, 858.1703062687957981 ) ) ;
#1857 = ORIENTED_EDGE ( 'NONE', *, *, #3132, .F. ) ;
#1858 = CARTESIAN_POINT ( 'NONE',  ( -18.55490297283312628, -12.25258570882155418, 769.8195129131578369 ) ) ;
#1859 = DIRECTION ( 'NONE',  ( 0.000000000000000000, 0.000000000000000000, -1.000000000000000000 ) ) ;
#1860 = CARTESIAN_POINT ( 'NONE',  ( 73.60294112318396742, 25.98282667345495511, 801.9051208345005080 ) ) ;
#1861 = CARTESIAN_POINT ( 'NONE',  ( 12.50778171087773138, -11.71596179099052826, 748.4239216845855935 ) ) ;
#1862 = DIRECTION ( 'NONE',  ( -0.8191525623785657073, 0.5735756964225228183, -4.695530338680650181E-06 ) ) ;
#1863 = CARTESIAN_POINT ( 'NONE',  ( -14.97459341268982591, -5.739625242559259988, 763.1526477721459969 ) ) ;
#1864 = CARTESIAN_POINT ( 'NONE',  ( 12.96298631701589699, -11.53781228821939031, 896.5555018118288899 ) ) ;
#1865 = CARTESIAN_POINT ( 'NONE',  ( -13.77526592103851577, -14.06349106906402646, 749.5514816828473386 ) ) ;
#1866 = VERTEX_POINT ( 'NONE', #1475 ) ;
#1867 = DIRECTION ( 'NONE',  ( -1.000000000000000000, 0.000000000000000000, 0.000000000000000000 ) ) ;
#1868 = CARTESIAN_POINT ( 'NONE',  ( -12.48048657883546220, -11.66539317713899848, 898.3785817051634695 ) ) ;
#1869 = CARTESIAN_POINT ( 'NONE',  ( -12.27125388015410223, -10.86202204498974311, 755.5094435764700620 ) ) ;
#1870 = ORIENTED_EDGE ( 'NONE', *, *, #795, .F. ) ;
#1871 = FACE_OUTER_BOUND ( 'NONE', #27, .T. ) ;
#1872 = CARTESIAN_POINT ( 'NONE',  ( 7.313301970708779187, -6.591198237608372423, 817.0000000000000000 ) ) ;
#1873 = CARTESIAN_POINT ( 'NONE',  ( 22.84598698869436006, 2.659570064782550425, 791.1864175793134564 ) ) ;
#1874 = CARTESIAN_POINT ( 'NONE',  ( -3.509629610087041218, -29.15000000000000213, 704.9922371214549912 ) ) ;
#1875 = AXIS2_PLACEMENT_3D ( 'NONE', #5307, #872, #2619 ) ;
#1876 = CARTESIAN_POINT ( 'NONE',  ( -212.4061996458679005, 129.9486742592964958, 923.5905908014401575 ) ) ;
#1877 = CARTESIAN_POINT ( 'NONE',  ( 21.30708068804327127, -3.859840968308524634, 796.5611014621126742 ) ) ;
#1878 = CARTESIAN_POINT ( 'NONE',  ( -10.78935225713220625, -9.760542021638396903, 770.3850108860378896 ) ) ;
#1879 = CARTESIAN_POINT ( 'NONE',  ( -9.917230841692600052, -8.737775828965082425, 872.9612973382240853 ) ) ;
#1880 = CARTESIAN_POINT ( 'NONE',  ( 68.15603386191237689, 33.76181642154921292, 809.9509860136053021 ) ) ;
#1881 = CARTESIAN_POINT ( 'NONE',  ( 11.86001668181893187, -9.810439456745863041, 756.7787478925778260 ) ) ;
#1882 = CARTESIAN_POINT ( 'NONE',  ( 14.97679489179345325, -19.16575967739900577, 816.3334482233456129 ) ) ;
#1883 = CARTESIAN_POINT ( 'NONE',  ( -142.7927943130709139, 78.26819804069991449, 817.6204110468706858 ) ) ;
#1884 = VERTEX_POINT ( 'NONE', #671 ) ;
#1885 = CARTESIAN_POINT ( 'NONE',  ( -18.59066994226890657, -11.68003940174072142, 766.7974095574320472 ) ) ;
#1886 = CARTESIAN_POINT ( 'NONE',  ( 214.1845232778093759, 127.4089649089977740, 854.2000962085231777 ) ) ;
#1887 = CARTESIAN_POINT ( 'NONE',  ( -15.26204127011425271, -17.89143622082793428, 798.3611625039872024 ) ) ;
#1888 = EDGE_CURVE ( 'NONE', #428, #1224, #701, .T. ) ;
#1889 = CARTESIAN_POINT ( 'NONE',  ( -10.71141816941483960, -5.705901003318333942, 815.5059834667442829 ) ) ;
#1890 = CARTESIAN_POINT ( 'NONE',  ( -15.73840003591999981, -6.200094917983882681, 760.3908715180372155 ) ) ;
#1891 = CARTESIAN_POINT ( 'NONE',  ( 14.33505968444407763, -15.03200261200247034, 847.4813968456641078 ) ) ;
#1892 = CARTESIAN_POINT ( 'NONE',  ( -14.93767188984777050, -18.63399852630942988, 759.9392127482034311 ) ) ;
#1893 = EDGE_CURVE ( 'NONE', #4584, #5386, #3610, .T. ) ;
#1894 = ORIENTED_EDGE ( 'NONE', *, *, #5110, .F. ) ;
#1895 = LINE ( 'NONE', #5387, #862 ) ;
#1896 = EDGE_CURVE ( 'NONE', #437, #859, #938, .T. ) ;
#1897 = EDGE_CURVE ( 'NONE', #428, #4957, #5477, .T. ) ;
#1898 = CARTESIAN_POINT ( 'NONE',  ( -12.52659668876353116, -11.73458688588227261, 897.4705612326816890 ) ) ;
#1899 = CARTESIAN_POINT ( 'NONE',  ( -13.76883492852779867, -12.51473762230352627, 757.1573027964801668 ) ) ;
#1900 = ORIENTED_EDGE ( 'NONE', *, *, #3912, .T. ) ;
#1901 = CARTESIAN_POINT ( 'NONE',  ( 5.889847564926386170, -34.21984613887769200, 720.9422371214559462 ) ) ;
#1902 = CARTESIAN_POINT ( 'NONE',  ( -19.95941927282481743, 3.295148545101301174, 793.9610873755503917 ) ) ;
#1903 = CARTESIAN_POINT ( 'NONE',  ( 0.000000000000000000, -20.00000000000000000, 815.0000000000000000 ) ) ;
#1904 = CARTESIAN_POINT ( 'NONE',  ( -69.43928278596096959, 31.92914702851495790, 878.3634468978600580 ) ) ;
#1905 = ORIENTED_EDGE ( 'NONE', *, *, #1006, .F. ) ;
#1906 = CARTESIAN_POINT ( 'NONE',  ( -5.569452788680314903, -7.812252232890357639, 814.6999999999999318 ) ) ;
#1907 = CARTESIAN_POINT ( 'NONE',  ( -11.99500263597251148, -10.78179920037614359, 720.9422371214551504 ) ) ;
#1908 = CARTESIAN_POINT ( 'NONE',  ( -11.60285592599596960, -10.49313078967301571, 894.7788998196755301 ) ) ;
#1909 = CARTESIAN_POINT ( 'NONE',  ( 139.6855095348731197, 82.70586060306338538, 862.1821477919392009 ) ) ;
#1910 = CARTESIAN_POINT ( 'NONE',  ( 13.09256943440118803, -11.80136288898994046, 755.8123082701671365 ) ) ;
#1911 = CARTESIAN_POINT ( 'NONE',  ( -1.485711516093180640, -31.35000000000000142, 700.9422371214550367 ) ) ;
#1912 = CARTESIAN_POINT ( 'NONE',  ( -142.5503020655690420, 78.61451286062033716, 816.8965474350098930 ) ) ;
#1913 = ORIENTED_EDGE ( 'NONE', *, *, #1973, .T. ) ;
#1914 = VECTOR ( 'NONE', #1298, 1000.000000000000114 ) ;
#1915 = EDGE_CURVE ( 'NONE', #1117, #125, #3149, .T. ) ;
#1916 = DIRECTION ( 'NONE',  ( -0.000000000000000000, -0.000000000000000000, -1.000000000000000000 ) ) ;
#1917 = CARTESIAN_POINT ( 'NONE',  ( 15.07265305124110810, -5.790720408065954672, 762.7560528416113357 ) ) ;
#1918 = CARTESIAN_POINT ( 'NONE',  ( 214.6553182362658276, 126.7366000274932389, 860.8322380219069601 ) ) ;
#1919 = CIRCLE ( 'NONE', #4289, 15.00000000000000000 ) ;
#1920 = CARTESIAN_POINT ( 'NONE',  ( 5.180378562550040478, -5.922633605281131253, 793.1903051023948592 ) ) ;
#1921 = CARTESIAN_POINT ( 'NONE',  ( -10.90142580142808626, -5.778866327652373514, 821.0711133938152670 ) ) ;
#1922 = CARTESIAN_POINT ( 'NONE',  ( -15.61059209557045158, -6.085352467257021836, 760.8964604715830546 ) ) ;
#1923 = CARTESIAN_POINT ( 'NONE',  ( 14.39089475085766345, -15.74782837882558084, 862.0555642738202096 ) ) ;
#1924 = CARTESIAN_POINT ( 'NONE',  ( -7.267969442957842752, -6.878380866164287788, 755.6366446737119986 ) ) ;
#1925 = EDGE_LOOP ( 'NONE', ( #4263, #3942 ) ) ;
#1926 = CARTESIAN_POINT ( 'NONE',  ( 15.00013350450544003, -19.93893274259848170, 793.0708371441716054 ) ) ;
#1927 = CARTESIAN_POINT ( 'NONE',  ( 8.234780560375689618, -28.23478056037575357, 700.9422371214542409 ) ) ;
#1928 = CARTESIAN_POINT ( 'NONE',  ( -12.99336853388805935, -11.72836913001829551, 755.6997413121733871 ) ) ;
#1929 = ORIENTED_EDGE ( 'NONE', *, *, #2326, .F. ) ;
#1930 = DIRECTION ( 'NONE',  ( 7.904915248968977275E-16, -1.000000000000000000, 0.000000000000000000 ) ) ;
#1931 = CARTESIAN_POINT ( 'NONE',  ( 16.15908466481034012, -6.610251930429722478, 759.1292490779284208 ) ) ;
#1932 = CARTESIAN_POINT ( 'NONE',  ( 13.31308532141076206, -13.36481329616764846, 770.3850065211732954 ) ) ;
#1933 = DIRECTION ( 'NONE',  ( -1.000000000000000000, 0.000000000000000000, 0.000000000000000000 ) ) ;
#1934 = ORIENTED_EDGE ( 'NONE', *, *, #3278, .F. ) ;
#1935 = B_SPLINE_CURVE_WITH_KNOTS ( 'NONE', 3,
 ( #3704, #3336, #668, #698 ),
 .UNSPECIFIED., .F., .F.,
 ( 4, 4 ),
 ( 0.000000000000000000, 0.0009111281882948319647 ),
 .UNSPECIFIED. ) ;
#1936 = CARTESIAN_POINT ( 'NONE',  ( 10.75967784632306312, -24.45666791391129280, 700.9422371214559462 ) ) ;
#1937 = CARTESIAN_POINT ( 'NONE',  ( -13.10679582531383325, -27.55428470556341125, 720.9422371214553777 ) ) ;
#1938 = CARTESIAN_POINT ( 'NONE',  ( -5.368271675108995389, -5.993504121514146910, 798.4581231813076556 ) ) ;
#1939 = CARTESIAN_POINT ( 'NONE',  ( 140.3227988768842067, 81.79571709955214942, 885.6118103777611168 ) ) ;
#1940 = CARTESIAN_POINT ( 'NONE',  ( 13.94062804660288357, -12.75396194041353581, 757.7196722458564864 ) ) ;
#1941 = CARTESIAN_POINT ( 'NONE',  ( 15.92626827740773265, -16.44585264228584975, 798.3611560558274505 ) ) ;
#1942 = CARTESIAN_POINT ( 'NONE',  ( -0.1124403647928800404, -20.16058344113090683, 749.5127573054589902 ) ) ;
#1943 = ORIENTED_EDGE ( 'NONE', *, *, #5155, .F. ) ;
#1944 = CYLINDRICAL_SURFACE ( 'NONE', #3838, 8.900000000000003908 ) ;
#1945 = CARTESIAN_POINT ( 'NONE',  ( 13.87067352028337197, -5.256457975885118650, 768.5649661362199367 ) ) ;
#1946 = CARTESIAN_POINT ( 'NONE',  ( 0.1124403647928800404, -20.16058344113090683, 749.5127573054589902 ) ) ;
#1947 = ADVANCED_FACE ( 'NONE', ( #2855 ), #4594, .T. ) ;
#1948 = DIRECTION ( 'NONE',  ( -0.000000000000000000, 1.000000000000000000, 0.000000000000000000 ) ) ;
#1949 = CARTESIAN_POINT ( 'NONE',  ( -15.47434295304573126, -17.29350387938372080, 798.3611600770232144 ) ) ;
#1950 = CARTESIAN_POINT ( 'NONE',  ( -17.48258108033089187, -7.651628190761853077, 757.7499140425821906 ) ) ;
#1951 = FILL_AREA_STYLE_COLOUR ( '', #3092 ) ;
#1952 = CARTESIAN_POINT ( 'NONE',  ( -6.851907058752006563, -6.656269014439629039, 757.3337111991356778 ) ) ;
#1953 = VERTEX_POINT ( 'NONE', #3015 ) ;
#1954 = ADVANCED_FACE ( 'NONE', ( #4652 ), #5592, .F. ) ;
#1955 = CARTESIAN_POINT ( 'NONE',  ( 14.24846746999179103, -15.30929299013536848, 750.8814212822940135 ) ) ;
#1956 = CARTESIAN_POINT ( 'NONE',  ( 1.644972809301447958, -8.125958771167525185, 700.9422371214550367 ) ) ;
#1957 = CARTESIAN_POINT ( 'NONE',  ( -12.29191196573373901, -11.01750898876332840, 755.4152657490158163 ) ) ;
#1958 = ORIENTED_EDGE ( 'NONE', *, *, #5649, .F. ) ;
#1959 = DIRECTION ( 'NONE',  ( -1.000000000000000000, 0.000000000000000000, 0.000000000000000000 ) ) ;
#1960 = CARTESIAN_POINT ( 'NONE',  ( 214.3974881145579161, 127.1048196018886358, 902.2495147726266396 ) ) ;
#1961 = DIRECTION ( 'NONE',  ( 0.000000000000000000, 0.000000000000000000, -1.000000000000000000 ) ) ;
#1962 = LINE ( 'NONE', #2483, #2788 ) ;
#1963 = VERTEX_POINT ( 'NONE', #2077 ) ;
#1964 = DIRECTION ( 'NONE',  ( 0.000000000000000000, 0.000000000000000000, 1.000000000000000000 ) ) ;
#1965 = CARTESIAN_POINT ( 'NONE',  ( 28.80863830484282673, -6.584046487494394029, 793.9610799453697609 ) ) ;
#1966 = CARTESIAN_POINT ( 'NONE',  ( -5.876454871172717809, -6.199011696727304788, 815.0000000000000000 ) ) ;
#1967 = CARTESIAN_POINT ( 'NONE',  ( -11.00000000000001243, -37.88854381999827581, 817.0000000000000000 ) ) ;
#1968 = CARTESIAN_POINT ( 'NONE',  ( 8.227627067583307863, -7.092479914837482191, 798.8418523871413299 ) ) ;
#1969 = AXIS2_PLACEMENT_3D ( 'NONE', #3556, #2161, #3958 ) ;
#1970 = CARTESIAN_POINT ( 'NONE',  ( 0.000000000000000000, -20.00000000000000000, 704.9922371214549912 ) ) ;
#1971 = ADVANCED_FACE ( 'NONE', ( #2990 ), #759, .T. ) ;
#1972 = CARTESIAN_POINT ( 'NONE',  ( -212.3360211139833211, 130.0488995897239306, 850.6627944633120251 ) ) ;
#1973 = EDGE_CURVE ( 'NONE', #212, #2771, #3430, .T. ) ;
#1974 = DIRECTION ( 'NONE',  ( -3.673940397442058882E-16, 0.000000000000000000, 1.000000000000000000 ) ) ;
#1975 = AXIS2_PLACEMENT_3D ( 'NONE', #524, #4049, #1361 ) ;
#1976 = CARTESIAN_POINT ( 'NONE',  ( 12.51971121176738500, -13.97484172824170834, 814.7000000000365389 ) ) ;
#1977 = CARTESIAN_POINT ( 'NONE',  ( 17.48125792647222454, -7.649031884372876178, 757.7498260559520986 ) ) ;
#1978 = CARTESIAN_POINT ( 'NONE',  ( 0.3293178989757523101, -20.47031665928131972, 749.6643380746800176 ) ) ;
#1979 = CARTESIAN_POINT ( 'NONE',  ( -5.725692481812761838E-14, -20.00000000000000000, 817.0000000000000000 ) ) ;
#1980 = CARTESIAN_POINT ( 'NONE',  ( 9.521948330042544484, -18.15000000000000213, 704.9922371214549912 ) ) ;
#1981 = ORIENTED_EDGE ( 'NONE', *, *, #108, .F. ) ;
#1982 = CARTESIAN_POINT ( 'NONE',  ( -18.03997409605083746, -9.221050461915130114, 758.8416686006811460 ) ) ;
#1983 = CARTESIAN_POINT ( 'NONE',  ( -9.705204864739208404, -8.562136461858116832, 750.2529233816989063 ) ) ;
#1984 = ORIENTED_EDGE ( 'NONE', *, *, #3808, .T. ) ;
#1985 = CARTESIAN_POINT ( 'NONE',  ( 14.99021245309492834, -19.45377382509522235, 766.2758843124735222 ) ) ;
#1986 = CARTESIAN_POINT ( 'NONE',  ( 13.78333333333323907, -18.35502719069855360, 702.2470426912047969 ) ) ;
#1987 = CARTESIAN_POINT ( 'NONE',  ( -8.227627067583307863, -7.092479914837482191, 798.8418523871413299 ) ) ;
#1988 = AXIS2_PLACEMENT_3D ( 'NONE', #4733, #1603, #3353 ) ;
#1989 = ORIENTED_EDGE ( 'NONE', *, *, #2513, .T. ) ;
#1990 = CARTESIAN_POINT ( 'NONE',  ( -25.47759370380275357, -1.098998730132302537, 762.1523720602617686 ) ) ;
#1991 = CARTESIAN_POINT ( 'NONE',  ( 214.1803077050207094, 127.4149853708730689, 908.4774181441997598 ) ) ;
#1992 = CARTESIAN_POINT ( 'NONE',  ( 16.54721180333933006, -6.928638163691168472, 758.4408804209743948 ) ) ;
#1993 = CARTESIAN_POINT ( 'NONE',  ( -12.02049069255944502, -11.02304023530165544, 748.4297153440663806 ) ) ;
#1994 = CARTESIAN_POINT ( 'NONE',  ( -3.754221465821771616E-14, -31.35000000000000142, 700.9422371214550367 ) ) ;
#1995 = DIRECTION ( 'NONE',  ( 1.000000000000000000, 0.000000000000000000, 0.000000000000000000 ) ) ;
#1996 = CARTESIAN_POINT ( 'NONE',  ( 0.000000000000000000, -33.40000000000093650, 817.0000000000000000 ) ) ;
#1997 = CARTESIAN_POINT ( 'NONE',  ( -11.29779170784521192, -6.481593818677454877, 839.9871638481932905 ) ) ;
#1998 = CARTESIAN_POINT ( 'NONE',  ( 6.591890351827389694, -33.47598925960391369, 815.6767368269263443 ) ) ;
#1999 = CARTESIAN_POINT ( 'NONE',  ( 11.49873741805361860, -9.260541590300533699, 758.0483588825123888 ) ) ;
#2000 = CARTESIAN_POINT ( 'NONE',  ( 16.95475464286473510, -15.23863444380110543, 798.3611488485723839 ) ) ;
#2001 = CARTESIAN_POINT ( 'NONE',  ( -141.7517963280143931, 79.75489723808098574, 816.2871264268944742 ) ) ;
#2002 = CARTESIAN_POINT ( 'NONE',  ( 21.10408481329370645, 1.660429612524109366, 798.3610873755019384 ) ) ;
#2003 = CARTESIAN_POINT ( 'NONE',  ( -17.46252406296805049, -14.84206074111310514, 798.3611467324813020 ) ) ;
#2004 = CARTESIAN_POINT ( 'NONE',  ( 15.63705700014207345, -6.102507861510472864, 760.8035395083535377 ) ) ;
#2005 = CARTESIAN_POINT ( 'NONE',  ( 143.1729883903352061, 77.72522462708022317, 819.6044445099389577 ) ) ;
#2006 = CARTESIAN_POINT ( 'NONE',  ( 5.754553395610670918, -6.147522880203452722, 810.0387312378990146 ) ) ;
#2007 = CARTESIAN_POINT ( 'NONE',  ( -213.5528611344563501, 128.3110719399617494, 923.5905908678751075 ) ) ;
#2008 = EDGE_LOOP ( 'NONE', ( #2659, #4819, #1769, #5627 ) ) ;
#2009 = CARTESIAN_POINT ( 'NONE',  ( -18.06832760896232770, -9.302905558809682063, 758.9692754133035351 ) ) ;
#2010 = CARTESIAN_POINT ( 'NONE',  ( -7.249038609094907493, -6.867920744012155687, 755.7038491643070302 ) ) ;
#2011 = ORIENTED_EDGE ( 'NONE', *, *, #1737, .T. ) ;
#2012 = CARTESIAN_POINT ( 'NONE',  ( 14.99897334106171876, -19.73234258060073287, 798.7280955951584929 ) ) ;
#2013 = FACE_OUTER_BOUND ( 'NONE', #2116, .T. ) ;
#2014 = CARTESIAN_POINT ( 'NONE',  ( -18.58094652273089054, -11.97796076728921300, 768.3153730351791637 ) ) ;
#2015 = ORIENTED_EDGE ( 'NONE', *, *, #2378, .T. ) ;
#2016 = DIRECTION ( 'NONE',  ( 1.000000000000000000, 0.000000000000000000, 0.000000000000000000 ) ) ;
#2017 = CARTESIAN_POINT ( 'NONE',  ( 72.54706930949269861, 27.49076789955331179, 878.3634469268341718 ) ) ;
#2018 = AXIS2_PLACEMENT_3D ( 'NONE', #3554, #99, #3218 ) ;
#2019 = CARTESIAN_POINT ( 'NONE',  ( 17.05874501750788497, -7.323346228706522965, 757.8996344088791375 ) ) ;
#2020 = ADVANCED_FACE ( 'NONE', ( #787 ), #4247, .T. ) ;
#2021 = CARTESIAN_POINT ( 'NONE',  ( -14.92612692552087239, -18.50426453065848875, 759.2041090008076480 ) ) ;
#2022 = B_SPLINE_CURVE_WITH_KNOTS ( 'NONE', 3,
 ( #5035, #5515, #1597, #1482 ),
 .UNSPECIFIED., .F., .F.,
 ( 4, 4 ),
 ( 0.000000000000000000, 0.002009354877411011556 ),
 .UNSPECIFIED. ) ;
#2023 = DIRECTION ( 'NONE',  ( 1.000000000000000000, 0.000000000000000000, 0.000000000000000000 ) ) ;
#2024 = PLANE ( 'NONE',  #4160 ) ;
#2025 = CARTESIAN_POINT ( 'NONE',  ( -10.70789169620515757, -5.704033011154431065, 815.3467727467140094 ) ) ;
#2026 = CARTESIAN_POINT ( 'NONE',  ( -2.112704018191791988, -16.98274792585794657, 853.2587429934861802 ) ) ;
#2027 = EDGE_CURVE ( 'NONE', #1555, #212, #1586, .T. ) ;
#2028 = CARTESIAN_POINT ( 'NONE',  ( 18.40979182638377054, -10.13265043313855962, 760.9921546580221730 ) ) ;
#2029 = CARTESIAN_POINT ( 'NONE',  ( -69.90733859570929098, 31.26069405677892732, 785.0390244078098476 ) ) ;
#2030 = CARTESIAN_POINT ( 'NONE',  ( -9.521948330042544484, -18.15000000000000213, 700.9422371214550367 ) ) ;
#2031 = CARTESIAN_POINT ( 'NONE',  ( 15.66676884918843982, -6.128533635102949795, 760.6842767009861745 ) ) ;
#2032 = CARTESIAN_POINT ( 'NONE',  ( -0.7918901761945780216, -18.86906558158365499, 750.5201798300382734 ) ) ;
#2033 = LINE ( 'NONE', #842, #4439 ) ;
#2034 = CARTESIAN_POINT ( 'NONE',  ( -214.1803077050207094, 127.4149853708730689, 908.4774181441997598 ) ) ;
#2035 = ORIENTED_EDGE ( 'NONE', *, *, #306, .T. ) ;
#2036 = CARTESIAN_POINT ( 'NONE',  ( -17.19491798427730700, -7.419587502775029542, 757.8268981845142207 ) ) ;
#2037 = CARTESIAN_POINT ( 'NONE',  ( -8.455205857819906967, -7.610102493273111612, 752.4078407571286107 ) ) ;
#2038 = ORIENTED_EDGE ( 'NONE', *, *, #5578, .F. ) ;
#2039 = CARTESIAN_POINT ( 'NONE',  ( 14.97946106523456677, -19.21434918097942557, 814.2342415416169388 ) ) ;
#2040 = CARTESIAN_POINT ( 'NONE',  ( 14.21984613887764937, -14.11015243507363692, 720.9422371214557188 ) ) ;
#2041 = CARTESIAN_POINT ( 'NONE',  ( -18.47246513000068902, -12.91165216134852578, 773.7708353575918636 ) ) ;
#2042 = VERTEX_POINT ( 'NONE', #3368 ) ;
#2043 = CARTESIAN_POINT ( 'NONE',  ( -24.18293454662926578, 0.7500155026352907095, 767.7449776695598302 ) ) ;
#2044 = CARTESIAN_POINT ( 'NONE',  ( 73.87453788396237542, 25.59494630091126055, 830.0886582262879756 ) ) ;
#2045 = CARTESIAN_POINT ( 'NONE',  ( 17.10588461932819371, -7.356692342987583011, 757.8707328319237604 ) ) ;
#2046 = CARTESIAN_POINT ( 'NONE',  ( -14.97783215874595086, -19.18404058338862939, 815.6420883972265301 ) ) ;
#2047 = LINE ( 'NONE', #3767, #3605 ) ;
#2048 = CARTESIAN_POINT ( 'NONE',  ( -6.591890351827389694, -33.47598925960391369, 815.6767368269263443 ) ) ;
#2049 = CARTESIAN_POINT ( 'NONE',  ( -6.843097293086005450, -33.34810920832453007, 814.8643402815563377 ) ) ;
#2050 = CARTESIAN_POINT ( 'NONE',  ( -11.06799082789891031, -6.023758999218135735, 829.0340151179713075 ) ) ;
#2051 = CARTESIAN_POINT ( 'NONE',  ( 70.50980949883370386, 30.40027643736179286, 902.4586354434770783 ) ) ;
#2052 = CARTESIAN_POINT ( 'NONE',  ( 17.09558127539889227, -14.82335275242698458, 815.5087737682335955 ) ) ;
#2053 = CARTESIAN_POINT ( 'NONE',  ( 0.3293201357298866649, -19.52968406285192060, 749.6643380746803587 ) ) ;
#2054 = DIRECTION ( 'NONE',  ( -0.5735756964288468707, -0.8191525623875954842, 0.000000000000000000 ) ) ;
#2055 = ADVANCED_FACE ( 'NONE', ( #4221 ), #2427, .T. ) ;
#2056 =( NAMED_UNIT ( * ) SI_UNIT ( $, .STERADIAN. ) SOLID_ANGLE_UNIT ( ) );
#2057 = CARTESIAN_POINT ( 'NONE',  ( 72.28874990492468555, 27.85968624228951285, 786.1555536891546581 ) ) ;
#2058 = CARTESIAN_POINT ( 'NONE',  ( -250.4422263694449100, 152.6753910637093554, 881.7240716555444351 ) ) ;
#2059 = FACE_OUTER_BOUND ( 'NONE', #375, .T. ) ;
#2060 = ORIENTED_EDGE ( 'NONE', *, *, #2446, .T. ) ;
#2061 = CIRCLE ( 'NONE', #4332, 13.40000000000093294 ) ;
#2062 = B_SPLINE_CURVE_WITH_KNOTS ( 'NONE', 3,
 ( #1872, #3616, #4044, #550 ),
 .UNSPECIFIED., .F., .F.,
 ( 4, 4 ),
 ( 0.000000000000000000, 0.002000928542049953442 ),
 .UNSPECIFIED. ) ;
#2063 = CARTESIAN_POINT ( 'NONE',  ( -18.44689129333375277, -10.37424901435630886, 761.7096293473351807 ) ) ;
#2064 = CARTESIAN_POINT ( 'NONE',  ( -6.643881703301806496, -6.551422143543889298, 758.4079756744440601 ) ) ;
#2065 = VERTEX_POINT ( 'NONE', #2936 ) ;
#2066 = CARTESIAN_POINT ( 'NONE',  ( 9.436597238560139544, -8.339932251810749264, 750.6378102989664285 ) ) ;
#2067 = CARTESIAN_POINT ( 'NONE',  ( 21.10408481329370645, 1.660429612524109366, 798.3610873755019384 ) ) ;
#2068 = CARTESIAN_POINT ( 'NONE',  ( -18.39214221729009680, -10.06416841361156145, 760.7833442025244040 ) ) ;
#2069 = VERTEX_POINT ( 'NONE', #5510 ) ;
#2070 = CARTESIAN_POINT ( 'NONE',  ( -26.10892510837583913, -2.000638527028453684, 761.7399243272088825 ) ) ;
#2071 = CARTESIAN_POINT ( 'NONE',  ( 2.645435776920376902, -23.77807579004770133, 837.6034530560607436 ) ) ;
#2072 = DIRECTION ( 'NONE',  ( -0.5735756964288458715, 0.8191525623875959283, 1.433411599739126758E-21 ) ) ;
#2073 = AXIS2_PLACEMENT_3D ( 'NONE', #3601, #4453, #4858 ) ;
#2074 = CARTESIAN_POINT ( 'NONE',  ( -14.29030138470611533, -15.43893263321704090, 751.0570511045807507 ) ) ;
#2075 = AXIS2_PLACEMENT_3D ( 'NONE', #2962, #2908, #4276 ) ;
#2076 = LINE ( 'NONE', #1647, #3288 ) ;
#2077 = CARTESIAN_POINT ( 'NONE',  ( 10.82870737832904062, -5.348761700115204576, 798.3611470006919717 ) ) ;
#2078 = CARTESIAN_POINT ( 'NONE',  ( -8.348271616287441077, -7.238184714374465756, 811.7355045262626163 ) ) ;
#2079 = CARTESIAN_POINT ( 'NONE',  ( 10.83771791705274801, -5.774566249606536417, 819.9089674981562439 ) ) ;
#2080 = CARTESIAN_POINT ( 'NONE',  ( 8.514320266403599291, -7.339438113543752529, 818.3415713448378028 ) ) ;
#2081 = CARTESIAN_POINT ( 'NONE',  ( -139.6881303672639660, 82.70211766650818674, 835.9385562427353307 ) ) ;
#2082 = FACE_OUTER_BOUND ( 'NONE', #4556, .T. ) ;
#2083 = CARTESIAN_POINT ( 'NONE',  ( -24.91168976803682966, -3.777419003816402832, 796.5610873755216517 ) ) ;
#2084 = CARTESIAN_POINT ( 'NONE',  ( 140.5715023372566463, 81.44053174835019604, 821.2320837972758909 ) ) ;
#2085 = CARTESIAN_POINT ( 'NONE',  ( -14.98860054972686129, -19.41530410557009034, 807.6413765224752979 ) ) ;
#2086 = CARTESIAN_POINT ( 'NONE',  ( -144.3466783048181981, 76.04902171517794329, 838.7290245237627460 ) ) ;
#2087 = ADVANCED_FACE ( 'NONE', ( #1591 ), #2510, .F. ) ;
#2088 = VERTEX_POINT ( 'NONE', #2961 ) ;
#2089 = CARTESIAN_POINT ( 'NONE',  ( -18.49874964450339121, -10.75824061103163487, 762.9416165702486978 ) ) ;
#2090 = CARTESIAN_POINT ( 'NONE',  ( -5.786940863508265309, -6.161238291030838532, 764.4856123045965433 ) ) ;
#2091 = ORIENTED_EDGE ( 'NONE', *, *, #5578, .T. ) ;
#2092 = CARTESIAN_POINT ( 'NONE',  ( 10.62672846889232936, -9.407664892015487723, 749.2025410968552706 ) ) ;
#2093 = CARTESIAN_POINT ( 'NONE',  ( -27.23866074926526082, -3.613985626271745577, 772.2092476294942571 ) ) ;
#2094 = CARTESIAN_POINT ( 'NONE',  ( -8.599539829830407101, -7.392763257692110734, 821.1282650635079108 ) ) ;
#2095 = ORIENTED_EDGE ( 'NONE', *, *, #1243, .T. ) ;
#2096 = CARTESIAN_POINT ( 'NONE',  ( -11.72941005322621422, -5.055797303392463249, 784.9813997720377756 ) ) ;
#2097 = VECTOR ( 'NONE', #1964, 1000.000000000000000 ) ;
#2098 = CARTESIAN_POINT ( 'NONE',  ( -14.98173567525594585, -19.26000243548421764, 764.3005096048402720 ) ) ;
#2099 = CARTESIAN_POINT ( 'NONE',  ( 18.27602639430746478, -9.809375839820431153, 760.0100207880610697 ) ) ;
#2100 = PLANE ( 'NONE',  #344 ) ;
#2101 = CIRCLE ( 'NONE', #188, 8.900000000000003908 ) ;
#2102 = CARTESIAN_POINT ( 'NONE',  ( -15.00005462664150357, -20.00343346275627709, 775.8613314602192759 ) ) ;
#2103 = CARTESIAN_POINT ( 'NONE',  ( -5.569452788680314903, -7.812252232890357639, 817.0000000000000000 ) ) ;
#2104 = AXIS2_PLACEMENT_3D ( 'NONE', #1182, #5475, #4158 ) ;
#2105 = CARTESIAN_POINT ( 'NONE',  ( -6.801495118449955690, -33.36935541279760287, 815.0000000000000000 ) ) ;
#2106 = CARTESIAN_POINT ( 'NONE',  ( -6.365347888431415413, -33.58621061343957592, 816.3198708766481104 ) ) ;
#2107 = CARTESIAN_POINT ( 'NONE',  ( -10.22679298447248186, -8.905167856999687714, 861.9782529900671761 ) ) ;
#2108 = CARTESIAN_POINT ( 'NONE',  ( 12.24104502376564518, -10.51410311999039671, 893.8229818345829472 ) ) ;
#2109 = CARTESIAN_POINT ( 'NONE',  ( 18.35605190368405459, -9.973661838196889562, 760.4945438718044670 ) ) ;
#2110 = CARTESIAN_POINT ( 'NONE',  ( -211.1990055604306917, 131.6727260861648574, 863.5000270594648555 ) ) ;
#2111 = DIRECTION ( 'NONE',  ( -0.000000000000000000, -0.000000000000000000, -1.000000000000000000 ) ) ;
#2112 = CARTESIAN_POINT ( 'NONE',  ( 9.521948330042544484, -21.85000000000000142, 704.9922371214549912 ) ) ;
#2113 = CARTESIAN_POINT ( 'NONE',  ( 211.7745375060548838, 130.8507812852072334, 854.2000962085223819 ) ) ;
#2114 = CARTESIAN_POINT ( 'NONE',  ( -14.99073478593379427, -19.47093819430121542, 806.0259056980679588 ) ) ;
#2115 = CARTESIAN_POINT ( 'NONE',  ( -214.7121072307444365, 126.6554969382243030, 862.1656150637797964 ) ) ;
#2116 = EDGE_LOOP ( 'NONE', ( #5604, #3586, #5326, #1490 ) ) ;
#2117 = CARTESIAN_POINT ( 'NONE',  ( -18.28226639348491034, -9.821940782739941866, 760.0448673359253462 ) ) ;
#2118 = EDGE_CURVE ( 'NONE', #5524, #2205, #4302, .T. ) ;
#2119 = CARTESIAN_POINT ( 'NONE',  ( -5.843337478190609779, -6.184930575054172763, 763.9325216687431066 ) ) ;
#2120 = ORIENTED_EDGE ( 'NONE', *, *, #1102, .F. ) ;
#2121 = CARTESIAN_POINT ( 'NONE',  ( 5.104762705180714732, -5.895291681660281391, 776.0752623350792874 ) ) ;
#2122 = CARTESIAN_POINT ( 'NONE',  ( -7.175873177888022109E-14, -10.20000000000000107, 814.6999999999999318 ) ) ;
#2123 = CARTESIAN_POINT ( 'NONE',  ( -17.35560660825170842, -7.536945965046236928, 757.7712585690625247 ) ) ;
#2124 = EDGE_LOOP ( 'NONE', ( #1343, #949, #4071, #1327, #4365, #4128, #933, #378, #1894 ) ) ;
#2125 = CARTESIAN_POINT ( 'NONE',  ( -13.93509750520277812, -5.276279600199567099, 768.2163528894780029 ) ) ;
#2126 = CARTESIAN_POINT ( 'NONE',  ( -14.99987222747540550, -20.06191254312016170, 784.2190918523120899 ) ) ;
#2127 = EDGE_CURVE ( 'NONE', #1259, #554, #2969, .T. ) ;
#2128 = CARTESIAN_POINT ( 'NONE',  ( 18.05133058399381341, -9.253134205143469515, 758.8876984073925769 ) ) ;
#2129 = DIRECTION ( 'NONE',  ( 0.000000000000000000, 0.000000000000000000, 1.000000000000000000 ) ) ;
#2130 = CARTESIAN_POINT ( 'NONE',  ( -15.00143654574874930, -15.79576410904932260, 776.2668859151232255 ) ) ;
#2131 = FACE_OUTER_BOUND ( 'NONE', #827, .T. ) ;
#2132 = B_SPLINE_CURVE_WITH_KNOTS ( 'NONE', 3,
 ( #3124, #2727, #4872, #3902 ),
 .UNSPECIFIED., .F., .F.,
 ( 4, 4 ),
 ( 0.000000000000000000, 0.001477694777004034780 ),
 .UNSPECIFIED. ) ;
#2133 = DIRECTION ( 'NONE',  ( 0.000000000000000000, 0.000000000000000000, 1.000000000000000000 ) ) ;
#2134 = CARTESIAN_POINT ( 'NONE',  ( 10.57567361214005430, -9.283025674042516329, 869.2699560441546964 ) ) ;
#2135 = EDGE_CURVE ( 'NONE', #437, #125, #5617, .T. ) ;
#2136 = PLANE ( 'NONE',  #4903 ) ;
#2137 = CARTESIAN_POINT ( 'NONE',  ( -139.9703872389797539, 82.29901307777811326, 828.6953401556085055 ) ) ;
#2138 = DIRECTION ( 'NONE',  ( -0.5735756964288457604, 0.8191525623875960394, 0.000000000000000000 ) ) ;
#2139 = CARTESIAN_POINT ( 'NONE',  ( 10.74591405410989964, -5.366263683082196145, 798.8169195614558475 ) ) ;
#2140 = CARTESIAN_POINT ( 'NONE',  ( 140.2503841462672938, 81.89913605274178110, 824.5353737206798996 ) ) ;
#2141 = EDGE_CURVE ( 'NONE', #4149, #1155, #734, .T. ) ;
#2142 = CARTESIAN_POINT ( 'NONE',  ( -14.98880424684897505, -19.42055955236520504, 807.4879802703585483 ) ) ;
#2143 = CARTESIAN_POINT ( 'NONE',  ( -2.948477757734182525, -24.21086459090611953, 769.4288572106158881 ) ) ;
#2144 = EDGE_LOOP ( 'NONE', ( #5119, #246, #1773, #457 ) ) ;
#2145 = CARTESIAN_POINT ( 'NONE',  ( -18.57451826071148915, -11.38197864181786656, 765.3791818808140306 ) ) ;
#2146 =( GEOMETRIC_REPRESENTATION_CONTEXT ( 3 ) GLOBAL_UNCERTAINTY_ASSIGNED_CONTEXT ( ( #5346 ) ) GLOBAL_UNIT_ASSIGNED_CONTEXT ( ( #2424, #610, #5024 ) ) REPRESENTATION_CONTEXT ( 'NONE', 'WORKASPACE' ) );
#2147 = EDGE_LOOP ( 'NONE', ( #2196, #4010, #4866, #4375, #4341, #1173 ) ) ;
#2148 = EDGE_CURVE ( 'NONE', #852, #125, #3901, .T. ) ;
#2149 = CARTESIAN_POINT ( 'NONE',  ( 5.180378562550040478, -5.922633605281131253, 793.1903051023948592 ) ) ;
#2150 = CARTESIAN_POINT ( 'NONE',  ( 5.086477797582983129, -31.30702001906975696, 701.1053378176741262 ) ) ;
#2151 = VECTOR ( 'NONE', #4165, 1000.000000000000000 ) ;
#2152 = CARTESIAN_POINT ( 'NONE',  ( -15.81906722416357880, -6.285447388906566957, 760.0794458419717330 ) ) ;
#2153 = ORIENTED_EDGE ( 'NONE', *, *, #3840, .F. ) ;
#2154 = EDGE_CURVE ( 'NONE', #1692, #3508, #1266, .T. ) ;
#2155 = CARTESIAN_POINT ( 'NONE',  ( -14.81803421472081617, -5.658053625970366873, 763.7855347974812048 ) ) ;
#2156 = CARTESIAN_POINT ( 'NONE',  ( -14.98424620178398925, -19.31240672926939794, 764.7952854729611545 ) ) ;
#2157 = CARTESIAN_POINT ( 'NONE',  ( 24.96539437115094628, -9.454294390285173932, 798.3611024581740594 ) ) ;
#2158 = DIRECTION ( 'NONE',  ( -1.000000000000000000, 0.000000000000000000, 0.000000000000000000 ) ) ;
#2159 = CARTESIAN_POINT ( 'NONE',  ( -14.88226914873844109, -15.04037601485321574, 769.2430789263277120 ) ) ;
#2160 = CARTESIAN_POINT ( 'NONE',  ( 6.823553592981582483, -6.522533117122249813, 815.0008060238519647 ) ) ;
#2161 = DIRECTION ( 'NONE',  ( 0.000000000000000000, 0.000000000000000000, 1.000000000000000000 ) ) ;
#2162 = CARTESIAN_POINT ( 'NONE',  ( 8.506740928787188238, -7.335963205313570157, 818.1374004673446052 ) ) ;
#2163 = CARTESIAN_POINT ( 'NONE',  ( -14.93814680924729643, 10.45978289379529791, -8.562815373845007185E-05 ) ) ;
#2164 = CARTESIAN_POINT ( 'NONE',  ( -68.38341097380049405, 33.43708825242730853, 801.9051208345003943 ) ) ;
#2165 = VECTOR ( 'NONE', #3570, 1000.000000000000000 ) ;
#2166 = DIRECTION ( 'NONE',  ( 3.673940397442058882E-16, 0.000000000000000000, 1.000000000000000000 ) ) ;
#2167 = FACE_OUTER_BOUND ( 'NONE', #5529, .T. ) ;
#2168 = CARTESIAN_POINT ( 'NONE',  ( 211.3037425475692714, 131.5231461667509905, 860.8322380219070737 ) ) ;
#2169 = CARTESIAN_POINT ( 'NONE',  ( 9.521948330042544484, -18.15000000000000213, 908.9931498327478039 ) ) ;
#2170 = CARTESIAN_POINT ( 'NONE',  ( -214.9257918303708266, 126.3503237031958264, 875.5282126939301861 ) ) ;
#2171 = ORIENTED_EDGE ( 'NONE', *, *, #342, .F. ) ;
#2172 = CARTESIAN_POINT ( 'NONE',  ( -18.44556752924412635, -10.36344289640495653, 761.6772671066261182 ) ) ;
#2173 = ORIENTED_EDGE ( 'NONE', *, *, #2154, .T. ) ;
#2174 = CARTESIAN_POINT ( 'NONE',  ( 15.00143654574874930, -15.79576410904932260, 776.2668859151232255 ) ) ;
#2175 = CARTESIAN_POINT ( 'NONE',  ( 9.619060351535986030E-15, -35.00000000000000000, 720.9422371214550367 ) ) ;
#2176 = CARTESIAN_POINT ( 'NONE',  ( -15.26144122406926940, -5.887973473128757185, 762.0772070885356015 ) ) ;
#2177 = ORIENTED_EDGE ( 'NONE', *, *, #3141, .F. ) ;
#2178 = CARTESIAN_POINT ( 'NONE',  ( -11.59488579010084486, -5.078878318476419906, 786.4961698794039648 ) ) ;
#2179 = CARTESIAN_POINT ( 'NONE',  ( -14.94011952056721171, -18.66099209062271669, 760.0919552422590186 ) ) ;
#2180 = ORIENTED_EDGE ( 'NONE', *, *, #950, .T. ) ;
#2181 = CARTESIAN_POINT ( 'NONE',  ( 18.02257181379039963, -9.172351149954508287, 758.7659962704362897 ) ) ;
#2182 = CARTESIAN_POINT ( 'NONE',  ( -6.310589118880751691, -6.391414361864934612, 760.3564537941930439 ) ) ;
#2183 = VECTOR ( 'NONE', #4919, 1000.000000000000000 ) ;
#2184 = DIRECTION ( 'NONE',  ( -1.000000000000000000, 0.000000000000000000, 0.000000000000000000 ) ) ;
#2185 = CARTESIAN_POINT ( 'NONE',  ( 27.54767632406300848, -7.542014466207165313, 795.4275997447512054 ) ) ;
#2186 = EDGE_CURVE ( 'NONE', #1406, #4884, #2885, .T. ) ;
#2187 = CARTESIAN_POINT ( 'NONE',  ( 9.583469470154886594, -8.452882093350705617, 869.3268849584062536 ) ) ;
#2188 = CARTESIAN_POINT ( 'NONE',  ( 7.491068901106996414, -33.02076973937629134, 816.5296067525256376 ) ) ;
#2189 = CARTESIAN_POINT ( 'NONE',  ( 2.237035931482320272, -16.80518355171764355, 758.9183168595864117 ) ) ;
#2190 = DIRECTION ( 'NONE',  ( 1.000000000000000000, 0.000000000000000000, -0.000000000000000000 ) ) ;
#2191 = CARTESIAN_POINT ( 'NONE',  ( -13.31308532141076206, -13.36481329616764846, 770.3850065211732954 ) ) ;
#2192 = EDGE_CURVE ( 'NONE', #5654, #2398, #2413, .T. ) ;
#2193 = CARTESIAN_POINT ( 'NONE',  ( -1.834431867617109413, -17.38016174303301753, 755.4607392153026240 ) ) ;
#2194 = CARTESIAN_POINT ( 'NONE',  ( -5.086477797582968030, -8.692979980930319428, 701.1053378176735578 ) ) ;
#2195 = CARTESIAN_POINT ( 'NONE',  ( -144.1575241769642162, 76.31916180583964149, 832.0353679491400953 ) ) ;
#2196 = ORIENTED_EDGE ( 'NONE', *, *, #1141, .T. ) ;
#2197 = CARTESIAN_POINT ( 'NONE',  ( -18.49537751972895450, -12.70253831026543523, 772.5657702309624710 ) ) ;
#2198 = ORIENTED_EDGE ( 'NONE', *, *, #998, .T. ) ;
#2199 = CARTESIAN_POINT ( 'NONE',  ( 11.54889412565989915, -10.42478214338020592, 748.5811236479514719 ) ) ;
#2200 = CARTESIAN_POINT ( 'NONE',  ( -17.50423404171799646, -7.674496682805203918, 757.7480508141597966 ) ) ;
#2201 = ORIENTED_EDGE ( 'NONE', *, *, #1141, .F. ) ;
#2202 = CARTESIAN_POINT ( 'NONE',  ( -14.39923037893452396, -5.446995540843014183, 765.7450877883985640 ) ) ;
#2203 = LINE ( 'NONE', #4274, #440 ) ;
#2204 = CARTESIAN_POINT ( 'NONE',  ( -14.99999754585243927, -20.00977683705590593, 776.8671551978416119 ) ) ;
#2205 = VERTEX_POINT ( 'NONE', #3986 ) ;
#2206 = FACE_OUTER_BOUND ( 'NONE', #5096, .T. ) ;
#2207 = CARTESIAN_POINT ( 'NONE',  ( -13.35979485005259626, -12.04531281292889844, 889.2683756167515412 ) ) ;
#2208 = CARTESIAN_POINT ( 'NONE',  ( -15.02226036796421482, -16.18361116666215693, 781.8877487229809731 ) ) ;
#2209 = EDGE_CURVE ( 'NONE', #4826, #3894, #1230, .T. ) ;
#2210 = CARTESIAN_POINT ( 'NONE',  ( 0.000000000000000000, -41.74756306451790522, 817.0000000000000000 ) ) ;
#2211 = CARTESIAN_POINT ( 'NONE',  ( 1.834848283844677796, 1.284772129845955346, 817.0000000000000000 ) ) ;
#2212 = CARTESIAN_POINT ( 'NONE',  ( 26.52232101234171679, -2.591026142396710696, 762.2353670606233891 ) ) ;
#2213 = CARTESIAN_POINT ( 'NONE',  ( 0.000000000000000000, -20.00000000000000000, 815.0000000000000000 ) ) ;
#2214 = CARTESIAN_POINT ( 'NONE',  ( 3.305880049553145295, -15.27871595497676616, 809.3987352442394467 ) ) ;
#2215 = LINE ( 'NONE', #2305, #4929 ) ;
#2216 = CARTESIAN_POINT ( 'NONE',  ( -10.78933412455088892, -9.760554718253878548, 765.6707786476939646 ) ) ;
#2217 = CARTESIAN_POINT ( 'NONE',  ( -5.546966854272946001, -6.063266845880423972, 767.2985653896081431 ) ) ;
#2218 = CARTESIAN_POINT ( 'NONE',  ( 68.11181421302313765, 33.82496862496901713, 830.0886582262795628 ) ) ;
#2219 = DIRECTION ( 'NONE',  ( -0.5735762541627017486, -0.8191521718586136647, 0.000000000000000000 ) ) ;
#2220 = CARTESIAN_POINT ( 'NONE',  ( -213.3091357636501186, 128.6591478424717536, 849.8246778492290332 ) ) ;
#2221 = ORIENTED_EDGE ( 'NONE', *, *, #4115, .T. ) ;
#2222 = ADVANCED_FACE ( 'NONE', ( #488 ), #1815, .T. ) ;
#2223 = CARTESIAN_POINT ( 'NONE',  ( -18.59024395224918180, -11.65220821591199929, 766.6593245735209621 ) ) ;
#2224 = CARTESIAN_POINT ( 'NONE',  ( 3.491060010942229397, -29.05000000000000426, 700.9422371214550367 ) ) ;
#2225 = CARTESIAN_POINT ( 'NONE',  ( 3.406196767738890241, -24.86455508269231629, 799.9906555251288864 ) ) ;
#2226 = CARTESIAN_POINT ( 'NONE',  ( 14.97855255476548564, -19.19815003639919837, 815.0000000000000000 ) ) ;
#2227 = CARTESIAN_POINT ( 'NONE',  ( -17.81364336897799205, -8.547809697842842169, 758.0607716058806318 ) ) ;
#2228 = VERTEX_POINT ( 'NONE', #2614 ) ;
#2229 = CARTESIAN_POINT ( 'NONE',  ( -15.91196064524495135, -6.383109927578846765, 759.7639285909666569 ) ) ;
#2230 =( BOUNDED_CURVE ( )  B_SPLINE_CURVE ( 3, ( #2491, #4307, #846, #5168 ),
 .UNSPECIFIED., .F., .T. ) 
 B_SPLINE_CURVE_WITH_KNOTS ( ( 4, 4 ),
 ( 1.570803511620276094, 4.712396165210021692 ),
 .UNSPECIFIED. ) 
 CURVE ( )  GEOMETRIC_REPRESENTATION_ITEM ( )  RATIONAL_B_SPLINE_CURVE ( ( 1.000000000000000000, 0.3333333333333492465, 0.3333333333333492465, 1.000000000000000000 ) ) 
 REPRESENTATION_ITEM ( '' )  );
#2231 = CARTESIAN_POINT ( 'NONE',  ( 14.83318123594892590, -16.44733527173485044, 814.4785897173165949 ) ) ;
#2232 = CARTESIAN_POINT ( 'NONE',  ( -14.76899303425989984, -17.37645344806213998, 754.8348174983302670 ) ) ;
#2233 = EDGE_LOOP ( 'NONE', ( #3114, #3713, #421, #808, #5034, #2425, #3464, #1796, #1636, #993, #1201, #1742 ) ) ;
#2234 = VECTOR ( 'NONE', #4908, 1000.000000000000000 ) ;
#2235 = DIRECTION ( 'NONE',  ( -0.8191525623785657073, -0.5735756964225228183, 4.695530338680650181E-06 ) ) ;
#2236 = CARTESIAN_POINT ( 'NONE',  ( -13.92350160430930295, -14.18461710387856733, 861.9782004788295353 ) ) ;
#2237 = CARTESIAN_POINT ( 'NONE',  ( -7.362477536207797435, -6.928948706450768213, 755.2785282678962631 ) ) ;
#2238 = ORIENTED_EDGE ( 'NONE', *, *, #3824, .T. ) ;
#2239 = AXIS2_PLACEMENT_3D ( 'NONE', #923, #2666, #4411 ) ;
#2240 = CARTESIAN_POINT ( 'NONE',  ( -11.00000000000001243, -37.88854381999827581, 815.0000000000000000 ) ) ;
#2241 = CARTESIAN_POINT ( 'NONE',  ( 15.11073363544572068, -17.67519352322635839, 817.0000000000000000 ) ) ;
#2242 = CARTESIAN_POINT ( 'NONE',  ( 27.53940774023229920, -4.043547043009854569, 766.1778770647505326 ) ) ;
#2243 = LINE ( 'NONE', #1471, #2707 ) ;
#2244 = CARTESIAN_POINT ( 'NONE',  ( -211.6520365340881540, 131.0257308041436772, 904.9188924165894150 ) ) ;
#2245 = CARTESIAN_POINT ( 'NONE',  ( -12.51971753893087147, -13.97483729791666818, 814.6999999999999318 ) ) ;
#2246 = PLANE ( 'NONE',  #5343 ) ;
#2247 = CARTESIAN_POINT ( 'NONE',  ( -5.912184225252280712, -6.214158567638992992, 763.3016387837459433 ) ) ;
#2248 = CARTESIAN_POINT ( 'NONE',  ( 68.06150663204707030, 33.89681529646372837, 822.0333090947084429 ) ) ;
#2249 = VECTOR ( 'NONE', #2621, 1000.000000000000000 ) ;
#2250 = CARTESIAN_POINT ( 'NONE',  ( 7.337685345909606305, -6.574124847309334108, 796.8678772901432694 ) ) ;
#2251 = AXIS2_PLACEMENT_3D ( 'NONE', #1296, #3039, #41 ) ;
#2252 = CARTESIAN_POINT ( 'NONE',  ( -143.1729883903352061, 77.72522462708022317, 819.6044445099389577 ) ) ;
#2253 = ORIENTED_EDGE ( 'NONE', *, *, #2148, .F. ) ;
#2254 = CARTESIAN_POINT ( 'NONE',  ( -17.52783640020547296, -14.78448763777089070, 796.6772407806232650 ) ) ;
#2255 = CARTESIAN_POINT ( 'NONE',  ( -27.93136467363671116, -7.221545253046145696, 793.9610850366148043 ) ) ;
#2256 = CARTESIAN_POINT ( 'NONE',  ( 144.4123756063880535, 75.95519624489288901, 852.1316916243556534 ) ) ;
#2257 = EDGE_CURVE ( 'NONE', #5467, #2710, #491, .T. ) ;
#2258 = CARTESIAN_POINT ( 'NONE',  ( 13.49786846575258181, -13.44624311648605008, 749.0735789771794089 ) ) ;
#2259 = CARTESIAN_POINT ( 'NONE',  ( -11.60344776348899209, -21.84999999999999787, 817.0000000000000000 ) ) ;
#2260 = ORIENTED_EDGE ( 'NONE', *, *, #4596, .T. ) ;
#2261 = CARTESIAN_POINT ( 'NONE',  ( -14.83495895274134746, -5.666932091165656438, 763.7147262107304186 ) ) ;
#2262 = CARTESIAN_POINT ( 'NONE',  ( 13.35979485005259626, -12.04531281292889844, 889.2683756167515412 ) ) ;
#2263 = CARTESIAN_POINT ( 'NONE',  ( -14.90726401252567612, -18.32890670544892231, 758.2972367321092406 ) ) ;
#2264 = EDGE_LOOP ( 'NONE', ( #804, #1011, #4213, #3705, #398, #3091 ) ) ;
#2265 = DIRECTION ( 'NONE',  ( -0.000000000000000000, -0.000000000000000000, 1.000000000000000000 ) ) ;
#2266 = CARTESIAN_POINT ( 'NONE',  ( -13.07983910921027260, -12.65495144096246882, 891.1382887185379786 ) ) ;
#2267 = CARTESIAN_POINT ( 'NONE',  ( -12.27990285948281723, -11.37873732507920188, 755.2830803690454786 ) ) ;
#2268 = ORIENTED_EDGE ( 'NONE', *, *, #3245, .F. ) ;
#2269 = CARTESIAN_POINT ( 'NONE',  ( -1.831705811190310618, 1.282571751034978780, -1.049966831879229269E-05 ) ) ;
#2270 = CARTESIAN_POINT ( 'NONE',  ( -6.852995198732883431, -5.882050747393882340, 798.3611625039872024 ) ) ;
#2271 = CARTESIAN_POINT ( 'NONE',  ( 27.02384309722584987, -3.307264645332960384, 763.5350702984442250 ) ) ;
#2272 = CARTESIAN_POINT ( 'NONE',  ( -15.11073363544572068, -17.67519352322635839, 817.0000000000000000 ) ) ;
#2273 = CARTESIAN_POINT ( 'NONE',  ( -68.72835315119739619, 32.94445976933648979, 858.2621862780266611 ) ) ;
#2274 = CARTESIAN_POINT ( 'NONE',  ( -15.26204127011425271, -17.89143622082793428, 798.3611625039872024 ) ) ;
#2275 = LINE ( 'NONE', #3622, #2694 ) ;
#2276 = AXIS2_PLACEMENT_3D ( 'NONE', #3193, #3677, #3307 ) ;
#2277 = CARTESIAN_POINT ( 'NONE',  ( -5.885980781831977815, -6.203050179611967252, 815.4790797064596291 ) ) ;
#2278 = CARTESIAN_POINT ( 'NONE',  ( -3.035216232012445836, -15.66526394649472564, 823.5053166903571764 ) ) ;
#2279 = CARTESIAN_POINT ( 'NONE',  ( 12.29559323710092045, -11.19818504277643001, 755.3341380479726013 ) ) ;
#2280 = PLANE ( 'NONE',  #4614 ) ;
#2281 = CARTESIAN_POINT ( 'NONE',  ( -142.8898009853465396, 78.12965815504941247, 818.0037412710196350 ) ) ;
#2282 = ORIENTED_EDGE ( 'NONE', *, *, #3382, .F. ) ;
#2283 = CARTESIAN_POINT ( 'NONE',  ( -18.57683524127578778, -12.04757929985078313, 768.7042046939202464 ) ) ;
#2284 = CARTESIAN_POINT ( 'NONE',  ( -9.623798626322104255, -21.85000000000000497, 918.6123992834795899 ) ) ;
#2285 = VECTOR ( 'NONE', #1415, 1000.000000000000000 ) ;
#2286 = CARTESIAN_POINT ( 'NONE',  ( 143.7223222941451581, 76.94069450731809923, 824.5353737206804681 ) ) ;
#2287 = CARTESIAN_POINT ( 'NONE',  ( 14.40279951699937477, -15.80195726160583192, 751.5780906857273749 ) ) ;
#2288 = B_SPLINE_CURVE_WITH_KNOTS ( 'NONE', 3,
 ( #3562, #5244, #2245, #3993 ),
 .UNSPECIFIED., .F., .F.,
 ( 4, 4 ),
 ( 0.000000000000000000, 1.000000000000000000 ),
 .UNSPECIFIED. ) ;
#2289 = CARTESIAN_POINT ( 'NONE',  ( -10.59211971994025347, -5.568936440276188726, 807.1582141032263280 ) ) ;
#2291 = B_SPLINE_CURVE_WITH_KNOTS ( 'NONE', 3,
 ( #3224, #1998, #3283, #4109 ),
 .UNSPECIFIED., .F., .F.,
 ( 4, 4 ),
 ( -0.004559364879596953211, -0.002392538555305444466 ),
 .UNSPECIFIED. ) ;
#2290 = CARTESIAN_POINT ( 'NONE',  ( -15.75970947440769088, -6.222363719219296208, 760.3059258246285026 ) ) ;
#2292 = CARTESIAN_POINT ( 'NONE',  ( 17.09496750666934517, -14.93589632011646984, 811.6974096382367634 ) ) ;
#2293 = CARTESIAN_POINT ( 'NONE',  ( -12.82549421578706372, -12.21674488794339375, 748.5173392357881994 ) ) ;
#2294 = ORIENTED_EDGE ( 'NONE', *, *, #4764, .T. ) ;
#2295 = CARTESIAN_POINT ( 'NONE',  ( 5.923747055347358348, -6.219244347602435496, 816.9999999543871354 ) ) ;
#2296 = CARTESIAN_POINT ( 'NONE',  ( -14.12848320134883195, -14.94383765535681796, 869.3266921124836699 ) ) ;
#2297 = CARTESIAN_POINT ( 'NONE',  ( -12.40391784238193118, -11.43409430758878287, 755.3065278327179612 ) ) ;
#2298 = EDGE_LOOP ( 'NONE', ( #5557, #5040, #3380, #4914 ) ) ;
#2299 = DIRECTION ( 'NONE',  ( 0.5735756964288457604, 0.8191525623875960394, 0.000000000000000000 ) ) ;
#2300 = CARTESIAN_POINT ( 'NONE',  ( -28.80863830484282673, -6.584046487494394029, 793.9610799453697609 ) ) ;
#2301 = CARTESIAN_POINT ( 'NONE',  ( 26.15728155937117805, -2.069698580914480779, 761.7702164738192323 ) ) ;
#2302 = CARTESIAN_POINT ( 'NONE',  ( -6.370458740702158451, -6.411258352104349356, 816.9999999999997726 ) ) ;
#2303 = CARTESIAN_POINT ( 'NONE',  ( -68.85726314690207062, 32.76035721592171512, 862.2838302976776959 ) ) ;
#2304 = ORIENTED_EDGE ( 'NONE', *, *, #2118, .T. ) ;
#2305 = CARTESIAN_POINT ( 'NONE',  ( 9.623798626322104255, -21.85000000000000497, 918.6123992834795899 ) ) ;
#2306 = CARTESIAN_POINT ( 'NONE',  ( -7.329947212517651245, -6.579543136225398214, 815.6662021193162673 ) ) ;
#2307 = CARTESIAN_POINT ( 'NONE',  ( -5.664112553353337631, -6.110513656626272549, 807.3381999423103252 ) ) ;
#2308 = EDGE_CURVE ( 'NONE', #2663, #5390, #2132, .T. ) ;
#2309 = CARTESIAN_POINT ( 'NONE',  ( 68.16295302311208104, 33.75193483527321092, 834.1156043882566564 ) ) ;
#2310 = CARTESIAN_POINT ( 'NONE',  ( 14.28503350605916999, -13.25138005487709059, 759.5345014597613726 ) ) ;
#2311 = CARTESIAN_POINT ( 'NONE',  ( 15.47434295304573126, -17.29350387938372080, 798.3611600770232144 ) ) ;
#2312 = CARTESIAN_POINT ( 'NONE',  ( -213.5325644091759614, 128.3400586677129809, 850.3677477735935781 ) ) ;
#2313 = ORIENTED_EDGE ( 'NONE', *, *, #1213, .F. ) ;
#2314 = EDGE_CURVE ( 'NONE', #1843, #2435, #1729, .T. ) ;
#2315 = CARTESIAN_POINT ( 'NONE',  ( -18.50317383052390596, -12.65526407711991297, 772.2585835628334507 ) ) ;
#2316 = CARTESIAN_POINT ( 'NONE',  ( -27.23867888184658526, -3.613972929656234179, 776.9234798678384095 ) ) ;
#2317 = EDGE_CURVE ( 'NONE', #1953, #5467, #3428, .T. ) ;
#2318 = ADVANCED_FACE ( 'NONE', ( #3474 ), #952, .F. ) ;
#2319 = CARTESIAN_POINT ( 'NONE',  ( 2.948477757734182525, -24.21086459090611953, 769.4288572106158881 ) ) ;
#2320 = CARTESIAN_POINT ( 'NONE',  ( 14.99897334106171876, -19.73234258060073287, 798.7280955951584929 ) ) ;
#2321 = DIRECTION ( 'NONE',  ( -0.8191525623785652632, 0.5735756964225232624, -4.695530338612961237E-06 ) ) ;
#2322 = CARTESIAN_POINT ( 'NONE',  ( -15.17563973329709093, -5.844627811722484800, 762.3963205790292932 ) ) ;
#2323 = CARTESIAN_POINT ( 'NONE',  ( 14.86089417124000001, -17.90483923670678124, 840.2084158827663032 ) ) ;
#2324 = CARTESIAN_POINT ( 'NONE',  ( -14.72998191735927698, -17.16668913478474678, 754.2891829884925983 ) ) ;
#2325 = EDGE_CURVE ( 'NONE', #3298, #1383, #1755, .T. ) ;
#2326 = EDGE_CURVE ( 'NONE', #5654, #976, #2604, .T. ) ;
#2327 = ORIENTED_EDGE ( 'NONE', *, *, #2570, .T. ) ;
#2328 = CARTESIAN_POINT ( 'NONE',  ( -9.521948330042544484, -21.85000000000000142, 704.9922371214549912 ) ) ;
#2329 = CARTESIAN_POINT ( 'NONE',  ( -13.29008639124261570, -12.99391027189394521, 880.2082076138443654 ) ) ;
#2330 = CARTESIAN_POINT ( 'NONE',  ( -14.03473461822784962, -12.88506595625115025, 758.1073375373848648 ) ) ;
#2331 = EDGE_CURVE ( 'NONE', #642, #3657, #3001, .T. ) ;
#2332 = ORIENTED_EDGE ( 'NONE', *, *, #2731, .F. ) ;
#2333 = CARTESIAN_POINT ( 'NONE',  ( 0.000000000000000000, -20.00000000000000000, 814.6999999999999318 ) ) ;
#2334 = LINE ( 'NONE', #1902, #2520 ) ;
#2335 = COLOUR_RGB ( '',0.7921568627450980005, 0.8196078431372548767, 0.9333333333333333481 ) ;
#2336 = ADVANCED_FACE ( 'NONE', ( #865 ), #4815, .F. ) ;
#2337 = CARTESIAN_POINT ( 'NONE',  ( -18.25562541038835107, -0.2780310996655874778, 798.3611035524339741 ) ) ;
#2338 = AXIS2_PLACEMENT_3D ( 'NONE', #70, #4438, #2665 ) ;
#2339 = CARTESIAN_POINT ( 'NONE',  ( 2.494891614228856191, -16.43692747237605190, 842.3009880612708002 ) ) ;
#2340 = ORIENTED_EDGE ( 'NONE', *, *, #1719, .T. ) ;
#2341 = DIRECTION ( 'NONE',  ( -1.000000000000000000, 0.000000000000000000, 0.000000000000000000 ) ) ;
#2342 = CARTESIAN_POINT ( 'NONE',  ( -3.509629610087041218, -29.15000000000000213, 918.6123992834795899 ) ) ;
#2343 = CARTESIAN_POINT ( 'NONE',  ( -5.814148606294694765, -6.172637576081754673, 811.8056586392829104 ) ) ;
#2344 = CARTESIAN_POINT ( 'NONE',  ( 211.0666650146040126, 131.8617279728986205, 880.8759552179625416 ) ) ;
#2345 = CARTESIAN_POINT ( 'NONE',  ( 14.66067110839068377, -14.21451631701856932, 763.7246996129709942 ) ) ;
#2346 = CARTESIAN_POINT ( 'NONE',  ( -1.963495395717910652, -34.99999999999998579, 720.9422371214550367 ) ) ;
#2347 = CARTESIAN_POINT ( 'NONE',  ( -142.6793484735450477, 78.43021549029138839, 817.2507361314636682 ) ) ;
#2348 = VERTEX_POINT ( 'NONE', #1846 ) ;
#2349 = CARTESIAN_POINT ( 'NONE',  ( -17.48024051450495975, -14.82701861719454328, 797.8871379290105779 ) ) ;
#2350 = CARTESIAN_POINT ( 'NONE',  ( 15.50053430799853338, -6.020665209856291611, 761.2664289875710892 ) ) ;
#2351 = CARTESIAN_POINT ( 'NONE',  ( 144.1575241769642162, 76.31916180583964149, 832.0353679491400953 ) ) ;
#2352 = CARTESIAN_POINT ( 'NONE',  ( 7.675558314798728077, -7.112004853212424038, 754.3354048273589569 ) ) ;
#2353 = CARTESIAN_POINT ( 'NONE',  ( -11.71715315971405857, -5.049451078264967308, 784.9644996160178607 ) ) ;
#2354 = VECTOR ( 'NONE', #5456, 1000.000000000000114 ) ;
#2355 = CARTESIAN_POINT ( 'NONE',  ( -16.92288121857294314, -7.224204213861505686, 758.0031208594128884 ) ) ;
#2356 = CARTESIAN_POINT ( 'NONE',  ( 14.84297106093439744, -16.49685757293913468, 812.6499449621811664 ) ) ;
#2357 = CARTESIAN_POINT ( 'NONE',  ( -14.13427014327603359, -14.96811744602649874, 750.4420881531358418 ) ) ;
#2358 = VERTEX_POINT ( 'NONE', #3588 ) ;
#2359 = CARTESIAN_POINT ( 'NONE',  ( 14.86397523490484929, -17.98378498798751224, 756.7925138272836421 ) ) ;
#2360 = CARTESIAN_POINT ( 'NONE',  ( -7.162181936570104178E-16, -4.999999999999997335, 720.9422371214550367 ) ) ;
#2361 = CARTESIAN_POINT ( 'NONE',  ( -13.14074014723511041, -11.83947894554914981, 755.8731396454343212 ) ) ;
#2362 = ORIENTED_EDGE ( 'NONE', *, *, #4814, .F. ) ;
#2363 = CARTESIAN_POINT ( 'NONE',  ( -7.337685345909606305, -6.574124847309334108, 817.0000000000000000 ) ) ;
#2364 = CARTESIAN_POINT ( 'NONE',  ( -5.923747055347358348, -6.219244347602435496, 816.9999999543871354 ) ) ;
#2365 = ORIENTED_EDGE ( 'NONE', *, *, #3620, .T. ) ;
#2366 = EDGE_CURVE ( 'NONE', #3508, #5390, #462, .T. ) ;
#2367 = CARTESIAN_POINT ( 'NONE',  ( -9.623798626322106031, -18.15000000000000213, 918.6123992834795899 ) ) ;
#2368 = CARTESIAN_POINT ( 'NONE',  ( 16.57645193400451333, 11.60693428664030691, -9.501921441430638440E-05 ) ) ;
#2369 = CARTESIAN_POINT ( 'NONE',  ( -5.590850171410580494, -6.080829150316308329, 805.1780872589181399 ) ) ;
#2370 = CARTESIAN_POINT ( 'NONE',  ( -1.428785959053088916, -17.95948413879181516, 870.4686297551014604 ) ) ;
#2371 = CARTESIAN_POINT ( 'NONE',  ( 12.29377952871011459, -11.23147505655730072, 755.3221076278013015 ) ) ;
#2372 = CARTESIAN_POINT ( 'NONE',  ( -10.88297465040284528, -30.88297465040289325, 720.9422371214531040 ) ) ;
#2373 = B_SPLINE_CURVE_WITH_KNOTS ( 'NONE', 3,
 ( #3646, #4472, #72, #4046, #134, #3590, #3618, #2698, #2337, #4103, #1442, #4934, #5422, #1498, #5331, #4412 ),
 .UNSPECIFIED., .F., .F.,
 ( 4, 3, 3, 3, 3, 4 ),
 ( 0.0004126394385813329986, 0.001277052508464674102, 0.006385264045740548372, 0.01091558828543880144, 0.01210364723591184598, 0.01285096309852046433 ),
 .UNSPECIFIED. ) ;
#2374 = CARTESIAN_POINT ( 'NONE',  ( -211.7080329200018980, 130.9457596772147099, 854.8584957246523572 ) ) ;
#2375 = EDGE_LOOP ( 'NONE', ( #1532, #3182 ) ) ;
#2376 = CIRCLE ( 'NONE', #85, 8.900000000000003908 ) ;
#2377 = CARTESIAN_POINT ( 'NONE',  ( 8.705601644917997817, -21.85000000000000142, 814.6999999999999318 ) ) ;
#2378 = EDGE_CURVE ( 'NONE', #500, #692, #2062, .T. ) ;
#2379 = CARTESIAN_POINT ( 'NONE',  ( 17.05874501750788497, -7.323346228706522965, 757.8996344088791375 ) ) ;
#2380 = CARTESIAN_POINT ( 'NONE',  ( 143.4012041031231774, 77.39929881175436321, 821.2320837972766867 ) ) ;
#2381 = VECTOR ( 'NONE', #678, 1000.000000000000000 ) ;
#2382 = CARTESIAN_POINT ( 'NONE',  ( 8.705601644918035120, -21.85000000000000142, 908.9931498327478039 ) ) ;
#2383 = CARTESIAN_POINT ( 'NONE',  ( -10.84955932571927484, -5.758365010819378682, 819.6799057683604133 ) ) ;
#2384 = AXIS2_PLACEMENT_3D ( 'NONE', #4441, #3161, #103 ) ;
#2385 = CARTESIAN_POINT ( 'NONE',  ( -17.17781419781798746, -7.407507040121497965, 757.8348721303651701 ) ) ;
#2386 = DIRECTION ( 'NONE',  ( -0.8191525623785657073, 0.5735756964225228183, -4.695530338680650181E-06 ) ) ;
#2387 = CARTESIAN_POINT ( 'NONE',  ( -9.515400433049371998, -8.404393036717197063, 750.5221256174612563 ) ) ;
#2388 = ORIENTED_EDGE ( 'NONE', *, *, #3544, .F. ) ;
#2389 = CARTESIAN_POINT ( 'NONE',  ( 14.98524891711099549, -19.33043376022079940, 810.0106263019147264 ) ) ;
#2390 = FACE_OUTER_BOUND ( 'NONE', #920, .T. ) ;
#2391 = CARTESIAN_POINT ( 'NONE',  ( -12.29798475642730793, -11.40721221101000360, 755.2825264678634767 ) ) ;
#2392 = ORIENTED_EDGE ( 'NONE', *, *, #2257, .T. ) ;
#2393 = DIRECTION ( 'NONE',  ( -3.673940397442058882E-16, 0.000000000000000000, 1.000000000000000000 ) ) ;
#2394 = CARTESIAN_POINT ( 'NONE',  ( 3.230438141295272736, -24.61354575066913242, 814.1017675944217444 ) ) ;
#2395 = CARTESIAN_POINT ( 'NONE',  ( 17.20411091114890922, -7.426098750309795271, 757.8212631357187092 ) ) ;
#2396 = EDGE_CURVE ( 'NONE', #4189, #1684, #4368, .T. ) ;
#2397 = CARTESIAN_POINT ( 'NONE',  ( 9.521948330042544484, -21.85000000000000142, 700.9422371214550367 ) ) ;
#2398 = VERTEX_POINT ( 'NONE', #115 ) ;
#2399 = CARTESIAN_POINT ( 'NONE',  ( 1.485711516093180640, -31.35000000000000142, 700.9422371214550367 ) ) ;
#2400 = CARTESIAN_POINT ( 'NONE',  ( 7.162181936570104178E-16, -4.999999999999997335, 720.9422371214550367 ) ) ;
#2401 = CARTESIAN_POINT ( 'NONE',  ( -5.660065257637659109, -6.108863856948349991, 807.2193658171245261 ) ) ;
#2402 = DIRECTION ( 'NONE',  ( -0.000000000000000000, -0.000000000000000000, 1.000000000000000000 ) ) ;
#2403 = CARTESIAN_POINT ( 'NONE',  ( 14.17201187283552422, -13.07939044145289209, 758.8014269627323074 ) ) ;
#2404 = CARTESIAN_POINT ( 'NONE',  ( -11.34999999999996412, -21.48571151609321817, 700.9422371214550367 ) ) ;
#2405 = CARTESIAN_POINT ( 'NONE',  ( -69.17807776111840212, 32.30218646409559113, 789.9065715302253921 ) ) ;
#2406 = CARTESIAN_POINT ( 'NONE',  ( 0.000000000000000000, -8.125958771167519856, 700.9422371214550367 ) ) ;
#2407 = CYLINDRICAL_SURFACE ( 'NONE', #372, 8.900000000000003908 ) ;
#2408 = CARTESIAN_POINT ( 'NONE',  ( 17.25370541774132960, -7.460808981018546504, 757.8013189142999408 ) ) ;
#2409 = CARTESIAN_POINT ( 'NONE',  ( 142.9707003705862860, 78.01412185927235043, 818.3982348205344124 ) ) ;
#2410 = CARTESIAN_POINT ( 'NONE',  ( 5.798651441724219424, -6.165829285340802990, 764.3271496616781633 ) ) ;
#2411 = CARTESIAN_POINT ( 'NONE',  ( -72.54706930949269861, 27.49076789955331179, 878.3634469268341718 ) ) ;
#2412 = ORIENTED_EDGE ( 'NONE', *, *, #3206, .F. ) ;
#2413 = B_SPLINE_CURVE_WITH_KNOTS ( 'NONE', 3,
 ( #5301, #4410, #894, #12 ),
 .UNSPECIFIED., .F., .F.,
 ( 4, 4 ),
 ( 0.000000000000000000, 0.02467990020209497731 ),
 .UNSPECIFIED. ) ;
#2414 = CARTESIAN_POINT ( 'NONE',  ( -17.26734746948656607, -7.471712279714257221, 757.7960640314199736 ) ) ;
#2415 = CARTESIAN_POINT ( 'NONE',  ( -12.06793883386572652, -11.09051744348359669, 748.4284590348032680 ) ) ;
#2416 = EDGE_LOOP ( 'NONE', ( #1367, #2442, #419, #1661 ) ) ;
#2417 = CARTESIAN_POINT ( 'NONE',  ( 15.00005462664150357, -20.00343346275627709, 775.8613314602192759 ) ) ;
#2418 = CARTESIAN_POINT ( 'NONE',  ( 10.75967784632306312, -24.45666791391129280, 700.9422371214559462 ) ) ;
#2419 = CARTESIAN_POINT ( 'NONE',  ( -17.12494044526029668, -14.96520594293952655, 809.9129945785657583 ) ) ;
#2420 = ORIENTED_EDGE ( 'NONE', *, *, #1470, .F. ) ;
#2421 = CARTESIAN_POINT ( 'NONE',  ( -26.29389997677527546, -2.264809333552796566, 761.8854027454279958 ) ) ;
#2422 = CARTESIAN_POINT ( 'NONE',  ( 73.59168483293196061, 25.99890232194162110, 846.1925104178902757 ) ) ;
#2423 = CARTESIAN_POINT ( 'NONE',  ( 14.23984811059695055, -5.376020782897678707, 766.5727422118461618 ) ) ;
#2424 =( LENGTH_UNIT ( ) NAMED_UNIT ( * ) SI_UNIT ( .MILLI., .METRE. ) );
#2425 = ORIENTED_EDGE ( 'NONE', *, *, #4847, .F. ) ;
#2426 = FACE_OUTER_BOUND ( 'NONE', #3845, .T. ) ;
#2427 =( BOUNDED_SURFACE ( )  B_SPLINE_SURFACE ( 3, 2, ( 
 ( #5107, #815, #4678 ),
 ( #2566, #1189, #2106 ),
 ( #5080, #3339, #3421 ),
 ( #3769, #3395, #2049 ) ),
 .UNSPECIFIED., .F., .F., .F. ) 
 B_SPLINE_SURFACE_WITH_KNOTS ( ( 4, 4 ),
 ( 3, 3 ),
 ( 0.01448640050072750457, 0.01685353371711668588 ),
 ( 0.000000000000000000, 1.000000000000000000 ),
 .UNSPECIFIED. ) 
 GEOMETRIC_REPRESENTATION_ITEM ( )  RATIONAL_B_SPLINE_SURFACE ( (
 ( 1.000000000000000000, 0.9817934828840719774, 1.000000000000000000),
 ( 1.000000000000000000, 0.9876617992958521830, 1.000000000000000000),
 ( 1.000000000000000000, 0.9914058612015279603, 1.000000000000000000),
 ( 1.000000000000000000, 0.9940125529671701710, 1.000000000000000000) ) ) 
 REPRESENTATION_ITEM ( '' )  SURFACE ( )  );
#2428 = CARTESIAN_POINT ( 'NONE',  ( 21.88065638447220707, -4.678993530696246239, 796.5611014621126742 ) ) ;
#2429 = CARTESIAN_POINT ( 'NONE',  ( -11.55271211590775415, -7.954009308218067176, 861.9040291944966157 ) ) ;
#2430 = CARTESIAN_POINT ( 'NONE',  ( 212.1674576172879085, 130.2896332115395239, 918.2587535554339411 ) ) ;
#2431 = CARTESIAN_POINT ( 'NONE',  ( 17.09370434370888248, -14.86889360859034603, 814.1095681852565349 ) ) ;
#2432 = AXIS2_PLACEMENT_3D ( 'NONE', #3853, #2133, #3877 ) ;
#2433 = CARTESIAN_POINT ( 'NONE',  ( 15.75873566945359272, -16.72292261254673917, 798.3611574464339355 ) ) ;
#2434 = CARTESIAN_POINT ( 'NONE',  ( -0.3293178989757523101, -20.47031665928131972, 749.6643380746800176 ) ) ;
#2435 = VERTEX_POINT ( 'NONE', #53 ) ;
#2436 = VECTOR ( 'NONE', #4039, 999.9999999999998863 ) ;
#2437 = CARTESIAN_POINT ( 'NONE',  ( -7.337684057646963964, -6.574125749358809223, 814.7000000000076625 ) ) ;
#2438 = CARTESIAN_POINT ( 'NONE',  ( 16.83582942286518147, -7.158445054430213617, 758.0814776337052763 ) ) ;
#2439 = CARTESIAN_POINT ( 'NONE',  ( 141.9062681934256318, 79.53428855139635800, 816.1794239721257327 ) ) ;
#2440 = CARTESIAN_POINT ( 'NONE',  ( 5.049792829730166410, -5.875491723871316907, 784.6799324646614195 ) ) ;
#2441 = CARTESIAN_POINT ( 'NONE',  ( -214.4831252832698283, 126.9825170500895268, 899.5796527267220881 ) ) ;
#2442 = ORIENTED_EDGE ( 'NONE', *, *, #950, .F. ) ;
#2443 = CARTESIAN_POINT ( 'NONE',  ( -17.77781623383429377, -8.430830439166401291, 757.9677147164036342 ) ) ;
#2444 = CARTESIAN_POINT ( 'NONE',  ( -7.452533194254182369, -6.982217367094266436, 755.0153124414945296 ) ) ;
#2445 = ORIENTED_EDGE ( 'NONE', *, *, #4829, .T. ) ;
#2446 = EDGE_CURVE ( 'NONE', #2065, #5210, #3883, .T. ) ;
#2447 = CARTESIAN_POINT ( 'NONE',  ( 11.85972909375892037, -10.81258587250577463, 748.4679683697585233 ) ) ;
#2448 = CARTESIAN_POINT ( 'NONE',  ( -17.09561944887066787, -14.85663971198329314, 814.4342302677752059 ) ) ;
#2449 = CARTESIAN_POINT ( 'NONE',  ( -17.09449968931161834, -14.72698512108519431, 818.3068972755082768 ) ) ;
#2450 = ORIENTED_EDGE ( 'NONE', *, *, #4353, .F. ) ;
#2451 = CARTESIAN_POINT ( 'NONE',  ( -25.11045838505584626, -0.5746673603897033411, 762.9815574378978908 ) ) ;
#2452 = CARTESIAN_POINT ( 'NONE',  ( 214.0111110445339477, 127.6566232442946927, 912.9243695892679398 ) ) ;
#2453 = CARTESIAN_POINT ( 'NONE',  ( 17.32993758217562075, -7.517347478997281840, 757.7779325959002108 ) ) ;
#2454 = CARTESIAN_POINT ( 'NONE',  ( -14.97946106523456677, -19.21434918097942557, 814.2342415416169388 ) ) ;
#2455 = DIRECTION ( 'NONE',  ( 1.000000000000000000, 0.000000000000000000, 0.000000000000000000 ) ) ;
#2456 = CARTESIAN_POINT ( 'NONE',  ( 11.34999999999996412, -18.51428848390677828, 700.9422371214550367 ) ) ;
#2457 = DIRECTION ( 'NONE',  ( 1.000000000000000000, 0.000000000000000000, 0.000000000000000000 ) ) ;
#2458 = CARTESIAN_POINT ( 'NONE',  ( -12.04426034867442219, -10.16653538567949155, 889.2679892799566232 ) ) ;
#2459 = DIRECTION ( 'NONE',  ( 0.000000000000000000, 0.000000000000000000, 1.000000000000000000 ) ) ;
#2460 = CARTESIAN_POINT ( 'NONE',  ( 18.41421013061562562, -10.16105383023852760, 761.0740620423551945 ) ) ;
#2461 = B_SPLINE_CURVE_WITH_KNOTS ( 'NONE', 3,
 ( #141, #1882, #5031, #1237 ),
 .UNSPECIFIED., .F., .F.,
 ( 4, 4 ),
 ( 0.9756432284338821814, 1.000000000000000000 ),
 .UNSPECIFIED. ) ;
#2462 = CARTESIAN_POINT ( 'NONE',  ( -212.6499250193098192, 129.6005983530235426, 849.8246778492301701 ) ) ;
#2463 = CARTESIAN_POINT ( 'NONE',  ( 11.60344776348899209, -21.85000000000000142, 803.0528193383770486 ) ) ;
#2464 = CARTESIAN_POINT ( 'NONE',  ( 17.76325425748045461, -8.377362547077735755, 757.9385190859208024 ) ) ;
#2465 = CARTESIAN_POINT ( 'NONE',  ( 141.4224043751099771, 80.22531769905835120, 816.8965474350103477 ) ) ;
#2466 = CARTESIAN_POINT ( 'NONE',  ( 6.365347888385764819, -33.58621061344894088, 816.3198708766082063 ) ) ;
#2467 = CARTESIAN_POINT ( 'NONE',  ( -72.21639019993020270, 27.96302661074597395, 886.3986709713019536 ) ) ;
#2468 = VECTOR ( 'NONE', #3649, 1000.000000000000000 ) ;
#2469 = ORIENTED_EDGE ( 'NONE', *, *, #3580, .F. ) ;
#2470 = CARTESIAN_POINT ( 'NONE',  ( -18.23851549348491474, -9.730620099685843627, 759.8074190680896436 ) ) ;
#2471 = CARTESIAN_POINT ( 'NONE',  ( -11.48499440119136494, -10.34498342421853323, 748.6042170529019586 ) ) ;
#2472 = VECTOR ( 'NONE', #5132, 1000.000000000000000 ) ;
#2473 = ORIENTED_EDGE ( 'NONE', *, *, #2308, .F. ) ;
#2474 = CARTESIAN_POINT ( 'NONE',  ( 15.00084046128879933, -19.90927206546953343, 772.9453902102316079 ) ) ;
#2475 = PLANE ( 'NONE',  #3987 ) ;
#2476 = CARTESIAN_POINT ( 'NONE',  ( -17.67289854138274308, -14.68840272420961490, 793.1425479304433566 ) ) ;
#2477 = ORIENTED_EDGE ( 'NONE', *, *, #5229, .T. ) ;
#2478 = CARTESIAN_POINT ( 'NONE',  ( -29.04786333729645875, -6.197667384873644991, 788.3675552156117874 ) ) ;
#2479 = CARTESIAN_POINT ( 'NONE',  ( 144.3834668265946277, 75.99648226113123428, 855.4823067221693691 ) ) ;
#2480 = AXIS2_PLACEMENT_3D ( 'NONE', #1526, #3730, #2016 ) ;
#2481 = CARTESIAN_POINT ( 'NONE',  ( 15.78182382941465534, -6.245769861127523193, 760.2193363810404207 ) ) ;
#2482 = CARTESIAN_POINT ( 'NONE',  ( -10.02619291305561688, -8.839981154539421127, 749.8372442452146061 ) ) ;
#2483 = CARTESIAN_POINT ( 'NONE',  ( 3.463018914184552433, -29.05000000000000426, 704.9922371214549912 ) ) ;
#2484 = CARTESIAN_POINT ( 'NONE',  ( 4.918255542663465691E-14, -35.00000000000000000, 720.9422371214550367 ) ) ;
#2485 = DIRECTION ( 'NONE',  ( 1.000000000000000000, -9.885507410759308646E-16, 0.000000000000000000 ) ) ;
#2486 = CARTESIAN_POINT ( 'NONE',  ( -10.83771791705274801, -5.774566249606536417, 819.9089674981562439 ) ) ;
#2487 = LINE ( 'NONE', #1477, #5246 ) ;
#2488 = CARTESIAN_POINT ( 'NONE',  ( 8.438170871052845357, -7.292561002154084093, 815.5532520729216230 ) ) ;
#2489 = CARTESIAN_POINT ( 'NONE',  ( 0.7918901761945780216, -18.86906558158365499, 750.5201798300382734 ) ) ;
#2490 = DIRECTION ( 'NONE',  ( 1.000000000000000000, -1.062075597536820771E-15, 0.000000000000000000 ) ) ;
#2491 = CARTESIAN_POINT ( 'NONE',  ( 13.31308532141076206, -13.36481329616764846, 770.3850065211732954 ) ) ;
#2492 = CARTESIAN_POINT ( 'NONE',  ( 213.7648643624950466, 128.0082999524152569, 851.2833256139222158 ) ) ;
#2493 = DIRECTION ( 'NONE',  ( -0.000000000000000000, 0.000000000000000000, -1.000000000000000000 ) ) ;
#2494 = ADVANCED_FACE ( 'NONE', ( #2652 ), #1455, .F. ) ;
#2495 = LINE ( 'NONE', #3749, #3466 ) ;
#2496 = ORIENTED_EDGE ( 'NONE', *, *, #5097, .F. ) ;
#2497 = EDGE_CURVE ( 'NONE', #3087, #879, #1768, .T. ) ;
#2498 = CARTESIAN_POINT ( 'NONE',  ( -17.67220266882557311, -8.042939029647255822, 757.7917907704458003 ) ) ;
#2499 = CARTESIAN_POINT ( 'NONE',  ( -9.578482457511892534, -8.456321765140843993, 750.4308003681740047 ) ) ;
#2500 = ORIENTED_EDGE ( 'NONE', *, *, #5357, .F. ) ;
#2501 = CARTESIAN_POINT ( 'NONE',  ( 5.444166308114672503, -6.022727805442574578, 768.7609907284279416 ) ) ;
#2502 = CARTESIAN_POINT ( 'NONE',  ( 1.804234102509673976, -34.99999999999999289, 704.4293619668793554 ) ) ;
#2503 = CARTESIAN_POINT ( 'NONE',  ( -18.25718008275293869, -9.771279802080810484, 759.9086858980650732 ) ) ;
#2504 = EDGE_LOOP ( 'NONE', ( #81, #2392, #2091, #1177 ) ) ;
#2505 = CARTESIAN_POINT ( 'NONE',  ( -25.67439080986763145, -1.380056905916367871, 761.8786630816440493 ) ) ;
#2506 = CARTESIAN_POINT ( 'NONE',  ( 214.7046265276147778, 126.6661804894878571, 891.5668978736304098 ) ) ;
#2507 = CARTESIAN_POINT ( 'NONE',  ( 14.60877228645561487, -5.547544199630971562, 764.6979608084908477 ) ) ;
#2508 = CARTESIAN_POINT ( 'NONE',  ( -14.84896255534662579, -17.87647275709470307, 756.3921093102499071 ) ) ;
#2509 = LINE ( 'NONE', #1313, #2472 ) ;
#2510 = PLANE ( 'NONE',  #3345 ) ;
#2511 = FACE_OUTER_BOUND ( 'NONE', #5423, .T. ) ;
#2512 = CARTESIAN_POINT ( 'NONE',  ( 10.62933744806105452, -5.676271298332439486, 812.6095592852564096 ) ) ;
#2513 = EDGE_CURVE ( 'NONE', #3575, #4781, #564, .T. ) ;
#2514 = CARTESIAN_POINT ( 'NONE',  ( 11.31424842919147089, -8.994318720208351436, 759.0222585379364091 ) ) ;
#2515 = CARTESIAN_POINT ( 'NONE',  ( 2.691917028413849611, -16.15554601983021499, 764.7453133240687748 ) ) ;
#2516 = CARTESIAN_POINT ( 'NONE',  ( 0.000000000000000000, -10.30000000000000071, 908.9931498327478039 ) ) ;
#2517 = CARTESIAN_POINT ( 'NONE',  ( 11.98106735854695515, -5.014178077607478912, 782.2067675926494985 ) ) ;
#2518 = CARTESIAN_POINT ( 'NONE',  ( 140.3930099695071760, 81.69544526757059089, 822.8784361029636329 ) ) ;
#2519 = CYLINDRICAL_SURFACE ( 'NONE', #4082, 1.000000000000153877 ) ;
#2520 = VECTOR ( 'NONE', #5393, 1000.000000000000000 ) ;
#2521 = CARTESIAN_POINT ( 'NONE',  ( -213.7916031682231619, 127.9701129803114696, 918.2587535237199745 ) ) ;
#2522 = ORIENTED_EDGE ( 'NONE', *, *, #4958, .F. ) ;
#2523 = CARTESIAN_POINT ( 'NONE',  ( -18.31479184067230292, -9.887844784560229527, 760.2324751823618953 ) ) ;
#2524 = CARTESIAN_POINT ( 'NONE',  ( -5.065569394288529814, -5.881215403455671620, 785.5114609188553914 ) ) ;
#2525 = EDGE_LOOP ( 'NONE', ( #3069, #630, #3888, #236 ) ) ;
#2526 = CARTESIAN_POINT ( 'NONE',  ( 5.889420238133044272, -6.204494920994524598, 815.6392800142974693 ) ) ;
#2527 = CARTESIAN_POINT ( 'NONE',  ( 11.54226738140212660, -4.860839991143063088, 798.3611417170109235 ) ) ;
#2528 = CARTESIAN_POINT ( 'NONE',  ( -8.555523988904557342, -7.365052593809028991, 819.7357112543173798 ) ) ;
#2529 = EDGE_LOOP ( 'NONE', ( #3760, #4592, #5293, #1984, #1283, #2791, #4581, #2688 ) ) ;
#2530 = CARTESIAN_POINT ( 'NONE',  ( 0.000000000000000000, -33.40000000000093650, 814.6999999999999318 ) ) ;
#2531 = CARTESIAN_POINT ( 'NONE',  ( -14.99987297405350617, -20.06173158017205083, 784.2469157365356978 ) ) ;
#2532 = CARTESIAN_POINT ( 'NONE',  ( 18.48169822953306252, -10.62384917244404114, 762.4754317058174138 ) ) ;
#2533 = VECTOR ( 'NONE', #4304, 1000.000000000000114 ) ;
#2534 = FACE_OUTER_BOUND ( 'NONE', #1204, .T. ) ;
#2535 = CARTESIAN_POINT ( 'NONE',  ( -14.89633217742323978, -18.23938733283826608, 757.8947593910472733 ) ) ;
#2536 = AXIS2_PLACEMENT_3D ( 'NONE', #3403, #1171, #4769 ) ;
#2537 = CARTESIAN_POINT ( 'NONE',  ( -9.718379332871522891, -5.983375960768127833, 798.3611517555935961 ) ) ;
#2538 = DIRECTION ( 'NONE',  ( 0.000000000000000000, 0.000000000000000000, 1.000000000000000000 ) ) ;
#2539 = CARTESIAN_POINT ( 'NONE',  ( -11.70688972214068002, -10.62153739383048467, 896.6004009794088461 ) ) ;
#2540 = CARTESIAN_POINT ( 'NONE',  ( 11.37563292597350006, -10.22109890506414942, 891.1379006114185586 ) ) ;
#2541 = CARTESIAN_POINT ( 'NONE',  ( 18.39214221729009680, -10.06416841361156145, 760.7833442025244040 ) ) ;
#2542 = CARTESIAN_POINT ( 'NONE',  ( 3.416302434430146029, -15.12101644611496809, 790.5809672639302335 ) ) ;
#2543 = EDGE_CURVE ( 'NONE', #2042, #4268, #1369, .T. ) ;
#2544 = CARTESIAN_POINT ( 'NONE',  ( -6.077417221801474589, -33.71367929886615400, 816.9999999999998863 ) ) ;
#2545 =( LENGTH_UNIT ( ) NAMED_UNIT ( * ) SI_UNIT ( .MILLI., .METRE. ) );
#2546 = CARTESIAN_POINT ( 'NONE',  ( -0.9729188504032943996, -18.61052984134931165, 751.0167128472036211 ) ) ;
#2547 = CARTESIAN_POINT ( 'NONE',  ( -14.98169279028886969, -19.25816146010498642, 812.6411754507845444 ) ) ;
#2548 = CARTESIAN_POINT ( 'NONE',  ( -3.406196767738890241, -24.86455508269231629, 799.9906555251288864 ) ) ;
#2549 = VERTEX_POINT ( 'NONE', #2224 ) ;
#2550 = EDGE_CURVE ( 'NONE', #2065, #2069, #4260, .T. ) ;
#2551 = CARTESIAN_POINT ( 'NONE',  ( -18.29024099194423414, -9.837901694449490364, 760.0885101932227599 ) ) ;
#2552 = CARTESIAN_POINT ( 'NONE',  ( -5.462545354594960934, -6.030010618520226906, 768.5087600348691694 ) ) ;
#2553 = ORIENTED_EDGE ( 'NONE', *, *, #2817, .T. ) ;
#2554 = CARTESIAN_POINT ( 'NONE',  ( 7.056373706002590396, -6.763362448662217474, 756.4331406062215137 ) ) ;
#2555 = CARTESIAN_POINT ( 'NONE',  ( -24.71492768498664461, -0.009714351742442259990, 772.2092519943587376 ) ) ;
#2556 = CARTESIAN_POINT ( 'NONE',  ( -17.63380566614553757, -7.914628777397774151, 757.7622452005523428 ) ) ;
#2557 = ORIENTED_EDGE ( 'NONE', *, *, #287, .F. ) ;
#2558 = CARTESIAN_POINT ( 'NONE',  ( -11.65961799104093366, -5.067158115914996763, 785.7568630086990424 ) ) ;
#2559 = AXIS2_PLACEMENT_3D ( 'NONE', #1459, #3208, #4548 ) ;
#2560 = CARTESIAN_POINT ( 'NONE',  ( -14.99987788099331532, -19.91220650087717203, 773.5634475000324528 ) ) ;
#2561 = CARTESIAN_POINT ( 'NONE',  ( 18.32462087381854943, -9.907824287205686531, 760.2907308665110122 ) ) ;
#2562 = FACE_OUTER_BOUND ( 'NONE', #1748, .T. ) ;
#2563 = CARTESIAN_POINT ( 'NONE',  ( -14.88861080177632346, -18.17485737299211124, 757.5941812153026831 ) ) ;
#2564 = DIRECTION ( 'NONE',  ( 0.8191525623785678167, -0.5735756964225198207, 4.695530338612958696E-06 ) ) ;
#2565 = VECTOR ( 'NONE', #1930, 1000.000000000000000 ) ;
#2566 = CARTESIAN_POINT ( 'NONE',  ( -7.491068901175245820, -33.02076973932554438, 816.5296067525391663 ) ) ;
#2567 = CARTESIAN_POINT ( 'NONE',  ( 0.07175706429472274162, -20.10248166661677516, 898.5981009540910236 ) ) ;
#2568 = CARTESIAN_POINT ( 'NONE',  ( 11.12903211019700045, -9.907610072279171121, 880.2079151298970601 ) ) ;
#2569 = CARTESIAN_POINT ( 'NONE',  ( -69.07798701901242566, 32.44513085792647900, 790.8983764812750223 ) ) ;
#2570 = EDGE_CURVE ( 'NONE', #3894, #212, #2678, .T. ) ;
#2571 = CARTESIAN_POINT ( 'NONE',  ( -5.799171289761602927E-14, -20.00000000000000000, 815.0000000000000000 ) ) ;
#2572 = EDGE_CURVE ( 'NONE', #3485, #4189, #909, .T. ) ;
#2573 = CARTESIAN_POINT ( 'NONE',  ( 140.7997180499674812, 81.11460593313584866, 819.6044445099387303 ) ) ;
#2574 = CARTESIAN_POINT ( 'NONE',  ( -14.99692018392981119, -19.69604743657340151, 799.6929849117806270 ) ) ;
#2575 = EDGE_CURVE ( 'NONE', #4987, #5202, #3525, .T. ) ;
#2576 = CARTESIAN_POINT ( 'NONE',  ( -214.7600552234035547, 126.5870201080806510, 863.5000270594661060 ) ) ;
#2577 = ORIENTED_EDGE ( 'NONE', *, *, #449, .T. ) ;
#2578 = CARTESIAN_POINT ( 'NONE',  ( -18.32626237934340807, -9.911479971648091691, 760.3031455865881298 ) ) ;
#2579 = ORIENTED_EDGE ( 'NONE', *, *, #4153, .T. ) ;
#2580 = CARTESIAN_POINT ( 'NONE',  ( 5.189942628360584287, -5.925337063904103196, 773.1741978932135453 ) ) ;
#2581 = DIRECTION ( 'NONE',  ( -1.000000000000000000, 0.000000000000000000, 0.000000000000000000 ) ) ;
#2582 = CARTESIAN_POINT ( 'NONE',  ( -16.42396623378529341, -6.827928503604903554, 758.6332998521687614 ) ) ;
#2583 = VERTEX_POINT ( 'NONE', #3079 ) ;
#2584 = CARTESIAN_POINT ( 'NONE',  ( -14.50422552140185672, -5.496411982981219246, 765.2186609564555511 ) ) ;
#2585 = CARTESIAN_POINT ( 'NONE',  ( -14.99519612790306233, -19.62039933696592087, 768.4063906120069305 ) ) ;
#2586 = CARTESIAN_POINT ( 'NONE',  ( 18.13704588136031859, -9.503549067078003176, 759.2954603456834093 ) ) ;
#2587 = FACE_OUTER_BOUND ( 'NONE', #2147, .T. ) ;
#2588 = CARTESIAN_POINT ( 'NONE',  ( -5.049792829730166410, -5.875491723871316907, 784.6799324646614195 ) ) ;
#2589 = CARTESIAN_POINT ( 'NONE',  ( -14.97152104613839718, -19.07519215141413937, 819.8650271975818669 ) ) ;
#2590 = CARTESIAN_POINT ( 'NONE',  ( -15.11073363544572068, -17.67519352322635839, 817.0000000000000000 ) ) ;
#2591 = CARTESIAN_POINT ( 'NONE',  ( 11.62559443198178855, -8.527867163372240711, 869.2062524568000299 ) ) ;
#2592 = DIRECTION ( 'NONE',  ( 0.000000000000000000, 0.000000000000000000, -1.000000000000000000 ) ) ;
#2593 = CARTESIAN_POINT ( 'NONE',  ( -211.1006191684425346, 131.8132364157731331, 883.5493426762909621 ) ) ;
#2594 = DIRECTION ( 'NONE',  ( 0.000000000000000000, 1.000000000000000000, 0.000000000000000000 ) ) ;
#2595 = FILL_AREA_STYLE_COLOUR ( '', #2335 ) ;
#2596 = CARTESIAN_POINT ( 'NONE',  ( -2.341272334467070504, -16.65631854056500671, 760.0804356895570209 ) ) ;
#2597 = DIRECTION ( 'NONE',  ( -1.000000000000000000, 0.000000000000000000, 0.000000000000000000 ) ) ;
#2598 = CARTESIAN_POINT ( 'NONE',  ( -214.6374178164625448, 126.7621644763555793, 894.2383636223877375 ) ) ;
#2599 = ORIENTED_EDGE ( 'NONE', *, *, #1697, .T. ) ;
#2600 = CARTESIAN_POINT ( 'NONE',  ( -18.57859162556402310, -11.42727521250430023, 765.5835152228831930 ) ) ;
#2601 = ORIENTED_EDGE ( 'NONE', *, *, #4153, .F. ) ;
#2602 = CARTESIAN_POINT ( 'NONE',  ( 9.561841923020915956, -8.442416931973900418, 750.4540541228802795 ) ) ;
#2603 = CARTESIAN_POINT ( 'NONE',  ( 0.000000000000000000, -20.00000000000000000, 814.6999999999999318 ) ) ;
#2604 = B_SPLINE_CURVE_WITH_KNOTS ( 'NONE', 3,
 ( #432, #3931, #3498, #4017 ),
 .UNSPECIFIED., .F., .F.,
 ( 4, 4 ),
 ( 0.000000000000000000, 0.3029169661606692099 ),
 .UNSPECIFIED. ) ;
#2605 = CARTESIAN_POINT ( 'NONE',  ( -15.90098220549587538, -6.373187330586902455, 759.7884059432578852 ) ) ;
#2606 = EDGE_LOOP ( 'NONE', ( #2895, #1279, #1905, #5305, #2925, #1551, #4402, #2557, #507 ) ) ;
#2607 = EDGE_CURVE ( 'NONE', #5656, #1714, #5339, .T. ) ;
#2608 = CARTESIAN_POINT ( 'NONE',  ( -14.03256851236911373, -5.305492816096286646, 767.6888541748205625 ) ) ;
#2609 = CARTESIAN_POINT ( 'NONE',  ( -14.95596148950073534, -18.84877075986790373, 761.2075370010932147 ) ) ;
#2610 = ORIENTED_EDGE ( 'NONE', *, *, #1175, .T. ) ;
#2611 = CARTESIAN_POINT ( 'NONE',  ( 17.77612733551207214, -8.422746944103698397, 757.9680729531262386 ) ) ;
#2612 = CARTESIAN_POINT ( 'NONE',  ( -8.414251958389174391, -7.581285722096064106, 752.4890456309788078 ) ) ;
#2613 = EDGE_CURVE ( 'NONE', #5602, #2780, #4459, .T. ) ;
#2614 = CARTESIAN_POINT ( 'NONE',  ( -22.45423208090113931, -5.498146093083967401, 796.5611014621126742 ) ) ;
#2615 = CARTESIAN_POINT ( 'NONE',  ( 10.70789169620515757, -5.704033011154431065, 815.3467727467140094 ) ) ;
#2616 = CYLINDRICAL_SURFACE ( 'NONE', #3718, 13.40000000000093294 ) ;
#2617 = CARTESIAN_POINT ( 'NONE',  ( -211.0960224092708302, 131.8198012682226476, 867.5070630339249647 ) ) ;
#2618 = FACE_OUTER_BOUND ( 'NONE', #1744, .T. ) ;
#2619 = DIRECTION ( 'NONE',  ( -1.000000000000000000, 0.000000000000000000, 0.000000000000000000 ) ) ;
#2620 = CARTESIAN_POINT ( 'NONE',  ( 211.7080329200018980, 130.9457596772147099, 854.8584957246523572 ) ) ;
#2621 = DIRECTION ( 'NONE',  ( 0.000000000000000000, 3.991184721119797142E-17, 1.000000000000000000 ) ) ;
#2622 = CARTESIAN_POINT ( 'NONE',  ( -3.230438141295272736, -24.61354575066913242, 814.1017675944217444 ) ) ;
#2623 = EDGE_LOOP ( 'NONE', ( #1724, #4511, #2599, #4802, #2120, #3693 ) ) ;
#2624 = CARTESIAN_POINT ( 'NONE',  ( -18.57102428711121433, -11.34584346958398982, 765.2180480998923713 ) ) ;
#2625 = ORIENTED_EDGE ( 'NONE', *, *, #2192, .F. ) ;
#2626 = CARTESIAN_POINT ( 'NONE',  ( 15.00005462664150357, -20.00343346275627709, 775.8613314602192759 ) ) ;
#2627 = B_SPLINE_CURVE_WITH_KNOTS ( 'NONE', 3,
 ( #4280, #4227, #4252, #2941, #1271, #1653, #343, #3453 ),
 .UNSPECIFIED., .F., .F.,
 ( 4, 2, 2, 4 ),
 ( 0.000000000000000000, 0.001910775309312225329, 0.002866162963968338102, 0.003821550618624451525 ),
 .UNSPECIFIED. ) ;
#2628 = CARTESIAN_POINT ( 'NONE',  ( -13.99664021252342394, -5.291756269436574733, 767.8805077297673733 ) ) ;
#2629 = VERTEX_POINT ( 'NONE', #2680 ) ;
#2630 = CARTESIAN_POINT ( 'NONE',  ( -13.53002140173297718, -5.168841787920371189, 770.5364144594623212 ) ) ;
#2631 = CARTESIAN_POINT ( 'NONE',  ( -14.99994989565731629, -19.96121697095246361, 790.7678105941165541 ) ) ;
#2632 = ORIENTED_EDGE ( 'NONE', *, *, #3745, .T. ) ;
#2633 = CARTESIAN_POINT ( 'NONE',  ( 7.313301970708779187, -6.591198237608372423, 817.0000000000000000 ) ) ;
#2634 = CARTESIAN_POINT ( 'NONE',  ( -14.84746023040157503, -16.51998623723856241, 811.7355695824738859 ) ) ;
#2635 = CARTESIAN_POINT ( 'NONE',  ( -5.377698834701782893, -5.995638752947258787, 798.8156271253170644 ) ) ;
#2636 = DIRECTION ( 'NONE',  ( 1.000000000000000000, 0.000000000000000000, 0.000000000000000000 ) ) ;
#2637 = DIRECTION ( 'NONE',  ( 1.000000000000000000, 0.000000000000000000, 0.000000000000000000 ) ) ;
#2638 = CARTESIAN_POINT ( 'NONE',  ( 28.50599279735468983, -5.423897324251113261, 775.8152184045525246 ) ) ;
#2639 = CIRCLE ( 'NONE', #1457, 9.700000000000001066 ) ;
#2640 = EDGE_CURVE ( 'NONE', #879, #4781, #3110, .T. ) ;
#2641 = DIRECTION ( 'NONE',  ( -0.5735756964288458715, -0.8191525623875960394, 0.000000000000000000 ) ) ;
#2642 = CARTESIAN_POINT ( 'NONE',  ( -211.1434844961741817, 131.7520183834152476, 886.2223378906446669 ) ) ;
#2643 = ORIENTED_EDGE ( 'NONE', *, *, #756, .T. ) ;
#2644 = FACE_OUTER_BOUND ( 'NONE', #4000, .T. ) ;
#2645 = LINE ( 'NONE', #3103, #4425 ) ;
#2646 = CARTESIAN_POINT ( 'NONE',  ( -5.810670462193285424, -6.171179343881639134, 764.2484513907755854 ) ) ;
#2647 = CARTESIAN_POINT ( 'NONE',  ( 211.2544342561768929, 131.5935657048188432, 891.5668978728024285 ) ) ;
#2648 = CARTESIAN_POINT ( 'NONE',  ( 27.52827388401953357, -7.514316862344639247, 793.9610873755503917 ) ) ;
#2649 = CARTESIAN_POINT ( 'NONE',  ( -73.92484546493854225, 25.52309962941631127, 822.0333090947121946 ) ) ;
#2650 = ORIENTED_EDGE ( 'NONE', *, *, #5189, .T. ) ;
#2651 = CARTESIAN_POINT ( 'NONE',  ( -18.56044296301804764, -12.20649709189869192, 769.5661769120064264 ) ) ;
#2652 = FACE_OUTER_BOUND ( 'NONE', #4663, .T. ) ;
#2653 = CARTESIAN_POINT ( 'NONE',  ( 11.12179184128596532, -9.932729673419064653, 748.8221040065196803 ) ) ;
#2654 = CARTESIAN_POINT ( 'NONE',  ( -17.96842145764554743, -9.017108288255936799, 758.5521579361995919 ) ) ;
#2655 = EDGE_LOOP ( 'NONE', ( #4994, #448, #325, #5073, #2953, #3238 ) ) ;
#2656 = CARTESIAN_POINT ( 'NONE',  ( -15.60325036944005994, -6.081060424308559753, 760.9206445017285887 ) ) ;
#2657 = CARTESIAN_POINT ( 'NONE',  ( 12.94582659331383923, -12.42282663652140506, 893.8687926876548318 ) ) ;
#2658 = CARTESIAN_POINT ( 'NONE',  ( -14.73165166452177210, -17.17538656677478670, 754.3110330102384751 ) ) ;
#2659 = ORIENTED_EDGE ( 'NONE', *, *, #3840, .T. ) ;
#2660 = DIRECTION ( 'NONE',  ( -1.000000000000000000, 0.000000000000000000, -0.000000000000000000 ) ) ;
#2661 = CARTESIAN_POINT ( 'NONE',  ( -14.86089417124000001, -17.90483923670678124, 840.2084158827663032 ) ) ;
#2662 = CARTESIAN_POINT ( 'NONE',  ( -7.675558314798728077, -7.112004853212424038, 754.3354048273589569 ) ) ;
#2663 = VERTEX_POINT ( 'NONE', #4423 ) ;
#2664 =( NAMED_UNIT ( * ) PLANE_ANGLE_UNIT ( ) SI_UNIT ( $, .RADIAN. ) );
#2665 = DIRECTION ( 'NONE',  ( -1.000000000000000000, 0.000000000000000000, 0.000000000000000000 ) ) ;
#2666 = DIRECTION ( 'NONE',  ( -0.000000000000000000, -0.000000000000000000, -1.000000000000000000 ) ) ;
#2667 = CARTESIAN_POINT ( 'NONE',  ( -8.705601644918035120, -21.85000000000000142, 700.9422371214550367 ) ) ;
#2668 = CARTESIAN_POINT ( 'NONE',  ( -211.1949455477655420, 131.6785243851601592, 888.8948703411600718 ) ) ;
#2669 = DIRECTION ( 'NONE',  ( -0.000000000000000000, -0.000000000000000000, -1.000000000000000000 ) ) ;
#2670 = DIRECTION ( 'NONE',  ( -1.000000000000000000, 0.000000000000000000, 0.000000000000000000 ) ) ;
#2671 = CARTESIAN_POINT ( 'NONE',  ( -5.209412528464256731, -5.933647964597834168, 773.3127044289562946 ) ) ;
#2672 = ADVANCED_FACE ( 'NONE', ( #1830 ), #5314, .T. ) ;
#2673 = CARTESIAN_POINT ( 'NONE',  ( 139.5531381585633142, 82.89490652029050466, 845.4297639899607475 ) ) ;
#2674 = CARTESIAN_POINT ( 'NONE',  ( -4.456667913911239509, -9.240322153676945760, 700.9422371214546956 ) ) ;
#2675 = B_SPLINE_CURVE_WITH_KNOTS ( 'NONE', 3,
 ( #3496, #4844, #2160, #361 ),
 .UNSPECIFIED., .F., .F.,
 ( 4, 4 ),
 ( 0.000000000000000000, 0.3029366908968204597 ),
 .UNSPECIFIED. ) ;
#2676 = CARTESIAN_POINT ( 'NONE',  ( -72.69385533620074114, 27.28113572809242626, 788.9194395436018112 ) ) ;
#2677 = ORIENTED_EDGE ( 'NONE', *, *, #4331, .F. ) ;
#2678 = B_SPLINE_CURVE_WITH_KNOTS ( 'NONE', 3,
 ( #475, #3971, #3944, #5378 ),
 .UNSPECIFIED., .F., .F.,
 ( 4, 4 ),
 ( 0.000000000000000000, 0.001477694777004034780 ),
 .UNSPECIFIED. ) ;
#2679 = CARTESIAN_POINT ( 'NONE',  ( -17.99884367254712814, -14.17405838750676672, 785.7754331806082746 ) ) ;
#2680 = CARTESIAN_POINT ( 'NONE',  ( -8.705601644918088411, -18.15000000000000213, 700.9422371214550367 ) ) ;
#2681 = CARTESIAN_POINT ( 'NONE',  ( 214.7121072307444365, 126.6554969382243030, 862.1656150637797964 ) ) ;
#2682 = CARTESIAN_POINT ( 'NONE',  ( 15.00084046128879933, -19.90927206546953343, 772.9453902102316079 ) ) ;
#2683 = CARTESIAN_POINT ( 'NONE',  ( -16.50411871834456434, -15.68847322634079511, 798.3611517934028825 ) ) ;
#2684 = ORIENTED_EDGE ( 'NONE', *, *, #2366, .F. ) ;
#2685 = CARTESIAN_POINT ( 'NONE',  ( -15.91037216145443267, -6.381488158988473103, 759.7689052667201395 ) ) ;
#2686 = CARTESIAN_POINT ( 'NONE',  ( 17.08883342354824109, -14.74016691552173342, 818.0841559375949146 ) ) ;
#2687 = CARTESIAN_POINT ( 'NONE',  ( -14.32975803215680699, -15.56605194871041675, 751.2391406900559332 ) ) ;
#2688 = ORIENTED_EDGE ( 'NONE', *, *, #3871, .T. ) ;
#2689 = AXIS2_PLACEMENT_3D ( 'NONE', #5133, #5538, #5161 ) ;
#2690 = DIRECTION ( 'NONE',  ( 0.5735756964288456494, 0.8191525623875962614, -0.000000000000000000 ) ) ;
#2691 = CARTESIAN_POINT ( 'NONE',  ( -14.83318123594892590, -16.44733527173485044, 814.4785897173165949 ) ) ;
#2692 = CARTESIAN_POINT ( 'NONE',  ( -5.104762705180714732, -5.895291681660281391, 776.0752623350792874 ) ) ;
#2693 = VERTEX_POINT ( 'NONE', #2316 ) ;
#2694 = VECTOR ( 'NONE', #3563, 1000.000000000000000 ) ;
#2695 = DIRECTION ( 'NONE',  ( 1.000000000000000000, 0.000000000000000000, 0.000000000000000000 ) ) ;
#2696 = DIRECTION ( 'NONE',  ( 0.000000000000000000, 0.000000000000000000, 1.000000000000000000 ) ) ;
#2697 = CARTESIAN_POINT ( 'NONE',  ( 26.10892510837583913, -2.000638527028453684, 761.7399243272088825 ) ) ;
#2698 = CARTESIAN_POINT ( 'NONE',  ( -17.00775227711942961, -1.128466141188317895, 798.3611106426251354 ) ) ;
#2699 = CARTESIAN_POINT ( 'NONE',  ( -139.8245507601137660, 82.50728915438098454, 868.8797041453207157 ) ) ;
#2700 = ORIENTED_EDGE ( 'NONE', *, *, #5097, .T. ) ;
#2701 = DIRECTION ( 'NONE',  ( -0.5735756964288457604, -0.8191525623875961504, 0.000000000000000000 ) ) ;
#2702 = DIRECTION ( 'NONE',  ( 0.000000000000000000, 0.000000000000000000, -1.000000000000000000 ) ) ;
#2703 = CARTESIAN_POINT ( 'NONE',  ( -5.747068653193903032, -6.144351925603113607, 809.7727565410731358 ) ) ;
#2704 = CARTESIAN_POINT ( 'NONE',  ( 211.3957504569704895, 131.3917452543351203, 896.9092783278562138 ) ) ;
#2705 = CARTESIAN_POINT ( 'NONE',  ( 14.20520630579156673, -13.12774908382573535, 758.9938700024148375 ) ) ;
#2706 = FACE_OUTER_BOUND ( 'NONE', #2504, .T. ) ;
#2707 = VECTOR ( 'NONE', #4500, 1000.000000000000000 ) ;
#2708 = ADVANCED_FACE ( 'NONE', ( #4057 ), #272, .T. ) ;
#2709 = CARTESIAN_POINT ( 'NONE',  ( -143.7223222941451581, 76.94069450731809923, 824.5353737206804681 ) ) ;
#2710 = VERTEX_POINT ( 'NONE', #3240 ) ;
#2711 = CARTESIAN_POINT ( 'NONE',  ( -18.56055860307282046, -12.20554636891120559, 769.5609566756342019 ) ) ;
#2712 = DIRECTION ( 'NONE',  ( 0.000000000000000000, 0.000000000000000000, -1.000000000000000000 ) ) ;
#2713 = CARTESIAN_POINT ( 'NONE',  ( 143.4963988068396077, 77.26334668538974881, 822.0533338693742280 ) ) ;
#2714 = CARTESIAN_POINT ( 'NONE',  ( 14.83961821965472083, -17.81212705662809270, 756.1651799501847790 ) ) ;
#2715 = ADVANCED_FACE ( 'NONE', ( #4615 ), #4155, .F. ) ;
#2716 = DIRECTION ( 'NONE',  ( -0.8191525623785678167, -0.5735756964225198207, 4.695530338612958696E-06 ) ) ;
#2717 = CARTESIAN_POINT ( 'NONE',  ( -14.83833897894134957, -5.668699474685522155, 763.7006600417819300 ) ) ;
#2718 = CARTESIAN_POINT ( 'NONE',  ( 14.03370415973250296, -14.40488034457130695, 858.3265306148964555 ) ) ;
#2719 = CARTESIAN_POINT ( 'NONE',  ( -13.77922819318959924, -14.07269875277498627, 749.5592940430240105 ) ) ;
#2720 = ORIENTED_EDGE ( 'NONE', *, *, #5353, .F. ) ;
#2721 = CARTESIAN_POINT ( 'NONE',  ( 0.000000000000000000, -21.85000000000000497, 704.9922371214549912 ) ) ;
#2722 = CARTESIAN_POINT ( 'NONE',  ( -14.85152075636048252, -16.54125234155124247, 810.8206889488218394 ) ) ;
#2723 = CARTESIAN_POINT ( 'NONE',  ( -14.16056567151381884, -13.06299334320828009, 758.7374318081418778 ) ) ;
#2724 = ORIENTED_EDGE ( 'NONE', *, *, #3734, .F. ) ;
#2725 = LINE ( 'NONE', #2363, #5488 ) ;
#2726 = ADVANCED_FACE ( 'NONE', ( #2390 ), #5045, .F. ) ;
#2727 = CARTESIAN_POINT ( 'NONE',  ( 14.94731451076620488, -18.64816630327323566, 817.0000000000000000 ) ) ;
#2728 = CARTESIAN_POINT ( 'NONE',  ( 26.71388785772840180, -2.864609122482153047, 762.6451042508381306 ) ) ;
#2729 = DIRECTION ( 'NONE',  ( 0.000000000000000000, 0.000000000000000000, 1.000000000000000000 ) ) ;
#2730 = CARTESIAN_POINT ( 'NONE',  ( -211.2544342561768929, 131.5935657048188432, 891.5668978728024285 ) ) ;
#2731 = EDGE_CURVE ( 'NONE', #1151, #3274, #410, .T. ) ;
#2732 = ADVANCED_FACE ( 'NONE', ( #1493, #2013 ), #2475, .T. ) ;
#2733 = CARTESIAN_POINT ( 'NONE',  ( -9.521948330042544484, -18.15000000000000213, 704.9922371214549912 ) ) ;
#2734 = CARTESIAN_POINT ( 'NONE',  ( -7.313301970708779187, -6.591198237608372423, 817.0000000000000000 ) ) ;
#2735 = CIRCLE ( 'NONE', #4284, 9.799999999999998934 ) ;
#2736 = CARTESIAN_POINT ( 'NONE',  ( -5.409409912574426826, -6.009350103543813049, 799.7247458603769701 ) ) ;
#2737 = CARTESIAN_POINT ( 'NONE',  ( 140.0016203972290896, 82.25440750508020926, 875.5745316206250664 ) ) ;
#2738 = CARTESIAN_POINT ( 'NONE',  ( 14.89988329091924157, -15.12950472646396527, 769.9462294347226816 ) ) ;
#2739 = CARTESIAN_POINT ( 'NONE',  ( -1.804234102509674198, -5.000000000000007105, 704.4293619668794690 ) ) ;
#2740 = CARTESIAN_POINT ( 'NONE',  ( -71.96254895591201262, 28.32554947741955687, 784.5780276304290055 ) ) ;
#2741 = ADVANCED_FACE ( 'NONE', ( #5472 ), #4409, .F. ) ;
#2742 = ORIENTED_EDGE ( 'NONE', *, *, #1697, .F. ) ;
#2743 = CARTESIAN_POINT ( 'NONE',  ( -18.57114436805579771, -12.10913602595483596, 769.0358587476201819 ) ) ;
#2744 = CARTESIAN_POINT ( 'NONE',  ( 7.175873177888022109E-14, -10.20000000000000107, 918.6123992834795899 ) ) ;
#2745 = CIRCLE ( 'NONE', #545, 6.000000000000001776 ) ;
#2746 = CARTESIAN_POINT ( 'NONE',  ( 144.0023192014290601, 76.54081748228688298, 828.6953401556090739 ) ) ;
#2747 = EDGE_CURVE ( 'NONE', #1665, #2205, #2979, .T. ) ;
#2748 = CARTESIAN_POINT ( 'NONE',  ( 14.76693349727920612, -17.35256412980309548, 754.7378654446640667 ) ) ;
#2749 = CARTESIAN_POINT ( 'NONE',  ( -10.66817813873217347, -5.692193339336604652, 814.1144733021023967 ) ) ;
#2750 = CARTESIAN_POINT ( 'NONE',  ( -15.92553719533384893, -6.396825770549322776, 759.7220228868114873 ) ) ;
#2751 = CARTESIAN_POINT ( 'NONE',  ( 13.63465236065226804, -13.73219144686243176, 880.2293250683027281 ) ) ;
#2752 = CARTESIAN_POINT ( 'NONE',  ( -14.35662781879547900, -15.65404154636655321, 751.3678153786331677 ) ) ;
#2753 = VERTEX_POINT ( 'NONE', #3918 ) ;
#2754 = EDGE_CURVE ( 'NONE', #158, #2435, #2803, .T. ) ;
#2755 = CARTESIAN_POINT ( 'NONE',  ( 6.833832676241081927, -6.534766192901301451, 817.0000000000002274 ) ) ;
#2756 = CARTESIAN_POINT ( 'NONE',  ( -14.93919882945145439, -18.62912185722984049, 829.2344250754972563 ) ) ;
#2757 = CARTESIAN_POINT ( 'NONE',  ( -12.25610164827530113, -10.78407484841607911, 755.5647806296171893 ) ) ;
#2758 = ORIENTED_EDGE ( 'NONE', *, *, #4388, .T. ) ;
#2759 = CARTESIAN_POINT ( 'NONE',  ( -4.918255542663465691E-14, -35.00000000000000000, 720.9422371214550367 ) ) ;
#2760 = CARTESIAN_POINT ( 'NONE',  ( 25.16385779771835018, -0.6509309744404472298, 762.8346456342471811 ) ) ;
#2761 = CARTESIAN_POINT ( 'NONE',  ( -7.313301970708779187, -6.591198237608372423, 817.0000000000000000 ) ) ;
#2762 = CARTESIAN_POINT ( 'NONE',  ( -70.93174252725187046, 29.79769362384753251, 910.4808309078064212 ) ) ;
#2763 = ORIENTED_EDGE ( 'NONE', *, *, #4183, .T. ) ;
#2764 = CARTESIAN_POINT ( 'NONE',  ( 0.000000000000000000, -4.999999999999996447, 704.4293619668793554 ) ) ;
#2765 = CARTESIAN_POINT ( 'NONE',  ( -13.10679582531369647, -12.44571529443636670, 720.9422371214551504 ) ) ;
#2766 = LINE ( 'NONE', #1535, #1798 ) ;
#2767 = CARTESIAN_POINT ( 'NONE',  ( -3.416302434430146029, -15.12101644611496809, 790.5809672639302335 ) ) ;
#2768 = CARTESIAN_POINT ( 'NONE',  ( 12.60018560816106437, -11.50172040420028452, 755.3900735634409784 ) ) ;
#2769 = CARTESIAN_POINT ( 'NONE',  ( -3.754221465821750790E-14, -20.00000000000000000, 704.9922371214549912 ) ) ;
#2770 = CARTESIAN_POINT ( 'NONE',  ( -72.07901350088384618, 28.15922086966222793, 785.0390244078100750 ) ) ;
#2771 = VERTEX_POINT ( 'NONE', #4237 ) ;
#2772 = CARTESIAN_POINT ( 'NONE',  ( -18.20295929267469148, -13.75328632125899908, 781.0399890418397035 ) ) ;
#2773 = CARTESIAN_POINT ( 'NONE',  ( -28.13288565848731082, -7.075125848385196647, 793.9610838671504780 ) ) ;
#2774 = CARTESIAN_POINT ( 'NONE',  ( 73.91793423491884596, 25.53296988879317908, 818.0053656269452631 ) ) ;
#2775 = CARTESIAN_POINT ( 'NONE',  ( 5.969633301342362586, -6.238745836499902886, 762.7876230371228985 ) ) ;
#2776 = LINE ( 'NONE', #178, #2183 ) ;
#2777 = CARTESIAN_POINT ( 'NONE',  ( -16.88995445175432053, -7.199393307388430863, 758.0327083721267627 ) ) ;
#2778 = CARTESIAN_POINT ( 'NONE',  ( 12.52659668876353116, -11.73458688588227261, 897.4705612326816890 ) ) ;
#2779 = CARTESIAN_POINT ( 'NONE',  ( -14.52499153593485204, -16.24021138182877522, 752.2949904229304821 ) ) ;
#2780 = VERTEX_POINT ( 'NONE', #4292 ) ;
#2781 = CARTESIAN_POINT ( 'NONE',  ( 14.98450583864035401, -19.31485972616803082, 764.7919593768270943 ) ) ;
#2782 = DIRECTION ( 'NONE',  ( 0.000000000000000000, 0.000000000000000000, -1.000000000000000000 ) ) ;
#2783 = CARTESIAN_POINT ( 'NONE',  ( -11.64710278539136112, -9.477741133768910586, 757.4858866296458473 ) ) ;
#2784 = EDGE_CURVE ( 'NONE', #158, #1101, #5633, .T. ) ;
#2785 = ORIENTED_EDGE ( 'NONE', *, *, #1354, .T. ) ;
#2786 = DIRECTION ( 'NONE',  ( 0.8191525623785658183, -0.5735756964225228183, 4.695530338589193492E-06 ) ) ;
#2787 = AXIS2_PLACEMENT_3D ( 'NONE', #4142, #1974, #5004 ) ;
#2788 = VECTOR ( 'NONE', #1131, 1000.000000000000000 ) ;
#2789 = DIRECTION ( 'NONE',  ( 1.000000000000000000, 0.000000000000000000, 0.000000000000000000 ) ) ;
#2790 = EDGE_CURVE ( 'NONE', #1963, #30, #641, .T. ) ;
#2791 = ORIENTED_EDGE ( 'NONE', *, *, #615, .T. ) ;
#2792 = CARTESIAN_POINT ( 'NONE',  ( 3.754070131497696621E-14, -8.650000000000000355, 700.9422371214550367 ) ) ;
#2793 = CARTESIAN_POINT ( 'NONE',  ( -14.60959015002460681, -16.07378173461065884, 720.9422371214552641 ) ) ;
#2794 = CARTESIAN_POINT ( 'NONE',  ( 0.000000000000000000, -34.99999999999999289, 817.0000000000000000 ) ) ;
#2795 = CARTESIAN_POINT ( 'NONE',  ( 69.76996189972724949, 31.45688831131862528, 886.3986710218789540 ) ) ;
#2796 = CARTESIAN_POINT ( 'NONE',  ( 14.84169273336368633, -14.84950265249731594, 767.8351201865031044 ) ) ;
#2797 = CARTESIAN_POINT ( 'NONE',  ( -14.13104004135940706, -25.56420434792132923, 708.3531659339987527 ) ) ;
#2798 = CARTESIAN_POINT ( 'NONE',  ( -0.7918879325731504881, -21.13093513074207408, 750.5201798300382734 ) ) ;
#2799 = ORIENTED_EDGE ( 'NONE', *, *, #2257, .F. ) ;
#2800 = CARTESIAN_POINT ( 'NONE',  ( 0.000000000000000000, -19.99999999999988276, 908.9931498327478039 ) ) ;
#2801 = CARTESIAN_POINT ( 'NONE',  ( 15.78182382941465534, -6.245769861127523193, 760.2193363810404207 ) ) ;
#2802 = CARTESIAN_POINT ( 'NONE',  ( 143.6538249349004559, 77.03851887439050472, 823.7061764622451392 ) ) ;
#2803 = CIRCLE ( 'NONE', #1705, 13.40000000000093294 ) ;
#2804 = CARTESIAN_POINT ( 'NONE',  ( 5.729124210841483489, -6.137038240567506797, 765.0667880870933004 ) ) ;
#2805 = FACE_OUTER_BOUND ( 'NONE', #1375, .T. ) ;
#2806 = AXIS2_PLACEMENT_3D ( 'NONE', #2769, #5002, #227 ) ;
#2807 = CARTESIAN_POINT ( 'NONE',  ( -17.40862672817556245, -7.581803476354242122, 757.7594420519753839 ) ) ;
#2808 = CARTESIAN_POINT ( 'NONE',  ( 14.93919882945145439, -18.62912185722984049, 829.2344250754972563 ) ) ;
#2809 = CARTESIAN_POINT ( 'NONE',  ( -10.33527109712956893, -9.128837330680823925, 749.5005716669311369 ) ) ;
#2810 = EDGE_CURVE ( 'NONE', #216, #5318, #1620, .T. ) ;
#2811 = VERTEX_POINT ( 'NONE', #1639 ) ;
#2812 = CARTESIAN_POINT ( 'NONE',  ( 14.90589435238765859, -18.32228504944077230, 758.2969901556036803 ) ) ;
#2813 = DIRECTION ( 'NONE',  ( 0.000000000000000000, 0.000000000000000000, -1.000000000000000000 ) ) ;
#2814 = CARTESIAN_POINT ( 'NONE',  ( -14.35014166630431909, -13.38459544618934594, 760.0849308420378065 ) ) ;
#2815 = ORIENTED_EDGE ( 'NONE', *, *, #3761, .F. ) ;
#2816 = CARTESIAN_POINT ( 'NONE',  ( -26.37537714507573838, -2.381170124676081468, 761.9938854625934255 ) ) ;
#2817 = EDGE_CURVE ( 'NONE', #2693, #4808, #844, .T. ) ;
#2818 = CARTESIAN_POINT ( 'NONE',  ( 143.7632885323729965, 76.88218865584892114, 882.2666725341539404 ) ) ;
#2819 = CARTESIAN_POINT ( 'NONE',  ( 3.509629610087041218, -29.15000000000000213, 814.6999999999999318 ) ) ;
#2820 = CARTESIAN_POINT ( 'NONE',  ( -22.80637416607118340, 2.716165861744336052, 793.9610779844896342 ) ) ;
#2821 = CARTESIAN_POINT ( 'NONE',  ( 24.71494581756802944, -0.009701655126981290067, 776.9234842327028900 ) ) ;
#2822 = ORIENTED_EDGE ( 'NONE', *, *, #1293, .F. ) ;
#2823 = LINE ( 'NONE', #4194, #2920 ) ;
#2824 = DIRECTION ( 'NONE',  ( 0.8191525623785661514, 0.5735756964225222632, -4.695530338612960390E-06 ) ) ;
#2825 = CARTESIAN_POINT ( 'NONE',  ( -5.388699927172589277, -6.001357782809016328, 799.0908420883037024 ) ) ;
#2826 = ADVANCED_FACE ( 'NONE', ( #380 ), #3386, .T. ) ;
#2827 = CARTESIAN_POINT ( 'NONE',  ( 140.6936162622009476, 81.26613498984666251, 895.6439082354277161 ) ) ;
#2828 = CARTESIAN_POINT ( 'NONE',  ( 12.15279111128752021, -10.40583689122883371, 755.9079363634929223 ) ) ;
#2829 = CARTESIAN_POINT ( 'NONE',  ( -14.95237713484443454, -18.70931698856600889, 815.0010035916702691 ) ) ;
#2830 = CARTESIAN_POINT ( 'NONE',  ( -141.0020060697303848, 80.82570870092412463, 818.3982348205349808 ) ) ;
#2831 = ORIENTED_EDGE ( 'NONE', *, *, #1667, .T. ) ;
#2832 = CIRCLE ( 'NONE', #4923, 8.900000000000003908 ) ;
#2833 = CARTESIAN_POINT ( 'NONE',  ( -27.04881108175578319, -7.954167236545699460, 798.3610904044065819 ) ) ;
#2834 = CARTESIAN_POINT ( 'NONE',  ( 17.56418320016125989, -7.759382991048060951, 757.7476150249271996 ) ) ;
#2835 = CARTESIAN_POINT ( 'NONE',  ( 71.96254895591201262, 28.32554947741955687, 784.5780276304290055 ) ) ;
#2836 = CIRCLE ( 'NONE', #3097, 9.799999999999998934 ) ;
#2837 = CARTESIAN_POINT ( 'NONE',  ( -15.12580516493151528, -17.69673403327901795, 815.0001802494846288 ) ) ;
#2838 = CARTESIAN_POINT ( 'NONE',  ( -8.899999999999964828, -19.99999999999988276, 814.6999999999999318 ) ) ;
#2839 = EDGE_LOOP ( 'NONE', ( #1452, #2785, #2282, #888 ) ) ;
#2840 = AXIS2_PLACEMENT_3D ( 'NONE', #2463, #1142, #709 ) ;
#2841 = CARTESIAN_POINT ( 'NONE',  ( -17.12420701622615127, -7.369601314304728312, 757.8620195370726833 ) ) ;
#2842 = CARTESIAN_POINT ( 'NONE',  ( 0.000000000000000000, -6.599999999999067057, 817.0000000000000000 ) ) ;
#2843 = CARTESIAN_POINT ( 'NONE',  ( -6.744614172118245321, -6.601850858428543134, 757.8724711175945004 ) ) ;
#2844 = ORIENTED_EDGE ( 'NONE', *, *, #1292, .T. ) ;
#2845 = CARTESIAN_POINT ( 'NONE',  ( 12.02049069255944502, -11.02304023530165544, 748.4297153440663806 ) ) ;
#2846 = DIRECTION ( 'NONE',  ( 0.8191525623785657073, 0.5735756964225228183, -4.695530338680650181E-06 ) ) ;
#2847 = CARTESIAN_POINT ( 'NONE',  ( -18.38091210650350149, -13.26869418473969908, 776.5088918888453691 ) ) ;
#2848 = ORIENTED_EDGE ( 'NONE', *, *, #867, .F. ) ;
#2849 = B_SPLINE_CURVE_WITH_KNOTS ( 'NONE', 3,
 ( #4248, #2856, #4166, #1241 ),
 .UNSPECIFIED., .F., .F.,
 ( 4, 4 ),
 ( 0.000000000000000000, 1.000000000000000000 ),
 .UNSPECIFIED. ) ;
#2850 = CARTESIAN_POINT ( 'NONE',  ( -25.85845545645160826, -1.642930165425271705, 761.7325664559404004 ) ) ;
#2851 = CARTESIAN_POINT ( 'NONE',  ( 0.5646276282326618823, -20.80637378008659866, 889.2276783682007135 ) ) ;
#2852 = CARTESIAN_POINT ( 'NONE',  ( 17.50423404171799646, -7.674496682805203918, 757.7480508141597966 ) ) ;
#2853 = ORIENTED_EDGE ( 'NONE', *, *, #3404, .T. ) ;
#2854 = CARTESIAN_POINT ( 'NONE',  ( 8.234780560375739356, -11.76521943962419847, 700.9422371214551504 ) ) ;
#2855 = FACE_OUTER_BOUND ( 'NONE', #1925, .T. ) ;
#2856 = CARTESIAN_POINT ( 'NONE',  ( 0.000000000000000000, -31.87404122883252811, 700.9422371214550367 ) ) ;
#2857 = CARTESIAN_POINT ( 'NONE',  ( 11.34787765393217640, -9.041289808375083226, 758.8292516555011389 ) ) ;
#2858 = CARTESIAN_POINT ( 'NONE',  ( 15.35624979462408213, -17.58793917870207935, 798.3611613242368321 ) ) ;
#2859 = CARTESIAN_POINT ( 'NONE',  ( 0.9729188504032943996, -18.61052984134931165, 751.0167128472036211 ) ) ;
#2860 = CARTESIAN_POINT ( 'NONE',  ( 0.000000000000000000, -4.999999999999996447, 704.4293619668793554 ) ) ;
#2861 = EDGE_CURVE ( 'NONE', #3087, #4617, #4803, .T. ) ;
#2862 = CARTESIAN_POINT ( 'NONE',  ( 21.30708068804327127, -3.859840968308524189, 796.5611014621126742 ) ) ;
#2863 = CARTESIAN_POINT ( 'NONE',  ( 17.20411091114890922, -7.426098750309795271, 757.8212631357187092 ) ) ;
#2864 = CARTESIAN_POINT ( 'NONE',  ( 213.6230396702297867, 128.2108466039802579, 850.6627944633122524 ) ) ;
#2865 = CARTESIAN_POINT ( 'NONE',  ( -15.16523219947685597, -17.75308747048319802, 809.4531053296426535 ) ) ;
#2866 = CARTESIAN_POINT ( 'NONE',  ( -71.85682420903255263, 28.47654006393897674, 894.4300682275213603 ) ) ;
#2867 = ORIENTED_EDGE ( 'NONE', *, *, #3159, .F. ) ;
#2868 = CARTESIAN_POINT ( 'NONE',  ( -17.95270011458036308, -8.968673614659556037, 758.4891298609263686 ) ) ;
#2869 = CARTESIAN_POINT ( 'NONE',  ( -8.580447394345561918, -7.696330077806442738, 752.1451817877580197 ) ) ;
#2870 = ORIENTED_EDGE ( 'NONE', *, *, #4596, .F. ) ;
#2871 = CARTESIAN_POINT ( 'NONE',  ( 14.98948198316682934, -19.42935096484328739, 807.1930961506018321 ) ) ;
#2872 = CARTESIAN_POINT ( 'NONE',  ( 12.97765061050789193, -24.84781628452037694, 702.0839419949870717 ) ) ;
#2873 = CARTESIAN_POINT ( 'NONE',  ( -8.514320266403599291, -7.339438113543752529, 818.3415713448378028 ) ) ;
#2874 = ORIENTED_EDGE ( 'NONE', *, *, #2127, .T. ) ;
#2875 = CARTESIAN_POINT ( 'NONE',  ( -27.53940774023229920, -4.043547043009854569, 766.1778770647505326 ) ) ;
#2876 = CARTESIAN_POINT ( 'NONE',  ( 142.1550200344045436, 79.17903410552875698, 920.1389990660710509 ) ) ;
#2877 = CARTESIAN_POINT ( 'NONE',  ( 15.79420917935803459, -6.258962172348327080, 760.1720003515802091 ) ) ;
#2878 = CARTESIAN_POINT ( 'NONE',  ( -11.12179184128596532, -9.932729673419064653, 748.8221040065196803 ) ) ;
#2879 = CYLINDRICAL_SURFACE ( 'NONE', #5286, 9.700000000000001066 ) ;
#2880 = CARTESIAN_POINT ( 'NONE',  ( 3.961692553145355067, -8.938015905166128761, 814.6999999999999318 ) ) ;
#2881 = CARTESIAN_POINT ( 'NONE',  ( -10.60552161000243565, -5.668009725769151075, 811.6973446960500951 ) ) ;
#2882 = CARTESIAN_POINT ( 'NONE',  ( 211.9479497384409399, 130.6031229511783636, 912.9243695729953743 ) ) ;
#2883 = CARTESIAN_POINT ( 'NONE',  ( 18.48169822953306252, -10.62384917244404114, 762.4754317058174138 ) ) ;
#2884 = AXIS2_PLACEMENT_3D ( 'NONE', #4023, #5247, #106 ) ;
#2885 = B_SPLINE_CURVE_WITH_KNOTS ( 'NONE', 3,
 ( #1385, #4354, #921, #1323 ),
 .UNSPECIFIED., .F., .F.,
 ( 4, 4 ),
 ( 0.0008211173600842138626, 0.01746095508837429422 ),
 .UNSPECIFIED. ) ;
#2886 = CARTESIAN_POINT ( 'NONE',  ( -212.2584723136422440, 130.1596507543564769, 850.9684581342302181 ) ) ;
#2887 = CARTESIAN_POINT ( 'NONE',  ( -25.31091703356223022, -9.205655892343493463, 798.3611004595273926 ) ) ;
#2888 = CARTESIAN_POINT ( 'NONE',  ( 17.81364336897799205, -8.547809697842842169, 758.0607716058806318 ) ) ;
#2889 = CARTESIAN_POINT ( 'NONE',  ( 141.7517963280143931, 79.75489723808098574, 816.2871264268944742 ) ) ;
#2890 = CARTESIAN_POINT ( 'NONE',  ( 6.444592540162050298, -6.454059131662059912, 759.5329790498537932 ) ) ;
#2891 = CARTESIAN_POINT ( 'NONE',  ( -71.19591579524772840, 29.42041509772473162, 907.8068781377186269 ) ) ;
#2892 = VERTEX_POINT ( 'NONE', #5148 ) ;
#2893 = CARTESIAN_POINT ( 'NONE',  ( -17.64528488382421045, -7.953231628425926125, 757.7697023000454237 ) ) ;
#2894 = CARTESIAN_POINT ( 'NONE',  ( -10.38303732586388328, -9.174416429569980380, 749.4510381872155449 ) ) ;
#2895 = ORIENTED_EDGE ( 'NONE', *, *, #5431, .T. ) ;
#2896 = CARTESIAN_POINT ( 'NONE',  ( 14.89880386768882836, -18.26043733784407053, 757.9951670744113699 ) ) ;
#2897 = CARTESIAN_POINT ( 'NONE',  ( -17.09612929191442277, -14.82738095881008178, 815.3467756006243690 ) ) ;
#2898 = CARTESIAN_POINT ( 'NONE',  ( -18.32462087381854943, -9.907824287205686531, 760.2907308665110122 ) ) ;
#2899 = ORIENTED_EDGE ( 'NONE', *, *, #1915, .F. ) ;
#2900 = CARTESIAN_POINT ( 'NONE',  ( -24.65576069001973281, 0.07472375284546572960, 764.7232197020559852 ) ) ;
#2901 = CARTESIAN_POINT ( 'NONE',  ( 1.428783715783761510, -22.04051657403676501, 870.4686296950930000 ) ) ;
#2902 = CARTESIAN_POINT ( 'NONE',  ( 11.71715315971405857, -5.049451078264967308, 784.9644996160178607 ) ) ;
#2903 = CARTESIAN_POINT ( 'NONE',  ( -13.94694741578195085, -14.47484061055401661, 749.9209685443041735 ) ) ;
#2904 = EDGE_CURVE ( 'NONE', #3356, #2999, #3444, .T. ) ;
#2905 = CARTESIAN_POINT ( 'NONE',  ( 0.000000000000000000, 0.000000000000000000, 0.000000000000000000 ) ) ;
#2906 = CARTESIAN_POINT ( 'NONE',  ( -8.788029256899942965, -6.247134775485935876, 798.3611560444174984 ) ) ;
#2907 = CARTESIAN_POINT ( 'NONE',  ( 0.000000000000000000, -41.74756306451790522, 817.0000000000000000 ) ) ;
#2908 = DIRECTION ( 'NONE',  ( 0.000000000000000000, 0.000000000000000000, -1.000000000000000000 ) ) ;
#2909 = CARTESIAN_POINT ( 'NONE',  ( 6.397673650591930716, -6.430595848611887710, 829.2333225351368355 ) ) ;
#2910 = EDGE_CURVE ( 'NONE', #88, #3356, #3004, .T. ) ;
#2911 = CARTESIAN_POINT ( 'NONE',  ( 9.071361798334582005, -7.330469576434372136, 776.4765414014665339 ) ) ;
#2912 = EDGE_CURVE ( 'NONE', #1641, #3980, #4728, .T. ) ;
#2913 = EDGE_CURVE ( 'NONE', #3642, #4185, #3318, .T. ) ;
#2914 = CARTESIAN_POINT ( 'NONE',  ( -141.9062681934256318, 79.53428855139635800, 816.1794239721257327 ) ) ;
#2915 = LINE ( 'NONE', #2516, #5653 ) ;
#2916 = CARTESIAN_POINT ( 'NONE',  ( 8.900000000000003908, -19.99999999999988276, 908.9931498327478039 ) ) ;
#2917 = CARTESIAN_POINT ( 'NONE',  ( 213.9263880598664684, 127.7776202059729656, 852.2458641094951872 ) ) ;
#2918 = PLANE ( 'NONE',  #1068 ) ;
#2919 = CARTESIAN_POINT ( 'NONE',  ( -214.3070242498395714, 127.2340153899684765, 904.9188924148314754 ) ) ;
#2920 = VECTOR ( 'NONE', #5424, 1000.000000000000114 ) ;
#2921 = ORIENTED_EDGE ( 'NONE', *, *, #2513, .F. ) ;
#2922 = CARTESIAN_POINT ( 'NONE',  ( -17.52845889813047364, -7.706234982626434693, 757.7462501307276170 ) ) ;
#2923 = CARTESIAN_POINT ( 'NONE',  ( -7.045856839712394404, -6.757435927121319352, 756.4685875216010800 ) ) ;
#2924 = AXIS2_PLACEMENT_3D ( 'NONE', #4820, #4476, #871 ) ;
#2925 = ORIENTED_EDGE ( 'NONE', *, *, #1372, .T. ) ;
#2926 = CARTESIAN_POINT ( 'NONE',  ( 9.630310408587709148, -8.499276698682651343, 750.3568424570975139 ) ) ;
#2927 = CARTESIAN_POINT ( 'NONE',  ( 4.456667913911256385, -30.75967784632308977, 700.9422371214550367 ) ) ;
#2928 = CARTESIAN_POINT ( 'NONE',  ( -18.40979182638377054, -10.13265043313855962, 760.9921546580221730 ) ) ;
#2929 = ORIENTED_EDGE ( 'NONE', *, *, #1720, .T. ) ;
#2930 = CARTESIAN_POINT ( 'NONE',  ( -26.93054494887550376, -3.174023331364770328, 763.2288567901985061 ) ) ;
#2931 = EDGE_CURVE ( 'NONE', #2771, #4451, #3716, .T. ) ;
#2932 = CARTESIAN_POINT ( 'NONE',  ( 143.0039966840766397, 77.96656979552871292, 902.3287122475111346 ) ) ;
#2933 = CARTESIAN_POINT ( 'NONE',  ( 17.63380566614553757, -7.914628777397774151, 757.7622452005523428 ) ) ;
#2934 = CARTESIAN_POINT ( 'NONE',  ( -14.68928158364711045, -16.95979984930448481, 753.7836329932479202 ) ) ;
#2935 = DIRECTION ( 'NONE',  ( 0.000000000000000000, 0.000000000000000000, -1.000000000000000000 ) ) ;
#2936 = CARTESIAN_POINT ( 'NONE',  ( 7.446927817765586433, -33.05370379494760869, 816.9999999999718057 ) ) ;
#2937 = CARTESIAN_POINT ( 'NONE',  ( -12.05129099556706862, -11.05578036425738730, 897.4704748240873187 ) ) ;
#2938 = CARTESIAN_POINT ( 'NONE',  ( 11.75602877912474931, -10.68322427380903150, 897.5114884201838095 ) ) ;
#2939 = CARTESIAN_POINT ( 'NONE',  ( 10.51789358984030365, -8.251249083886412095, 763.3066878555929407 ) ) ;
#2940 = CARTESIAN_POINT ( 'NONE',  ( 3.313960411766849301, -15.26717600178751155, 781.1729475034453571 ) ) ;
#2941 = CARTESIAN_POINT ( 'NONE',  ( 8.788029256899942965, -6.247134775485935876, 798.3611560444174984 ) ) ;
#2942 = LINE ( 'NONE', #2916, #4065 ) ;
#2943 = CARTESIAN_POINT ( 'NONE',  ( 1.666189051272725763, -22.37956653070527224, 754.3216053108267261 ) ) ;
#2944 = CARTESIAN_POINT ( 'NONE',  ( 0.000000000000000000, -29.05000000000000426, 704.9922371214549912 ) ) ;
#2945 = CARTESIAN_POINT ( 'NONE',  ( -73.12908895018810540, 26.65955770980924200, 862.2838302956813550 ) ) ;
#2946 = VERTEX_POINT ( 'NONE', #1458 ) ;
#2947 = CARTESIAN_POINT ( 'NONE',  ( -18.47484667294600058, -10.57476376635394288, 762.3377062368405177 ) ) ;
#2948 = CARTESIAN_POINT ( 'NONE',  ( -5.130715848942276835, -5.904752678531828280, 775.7161154304620823 ) ) ;
#2949 = ORIENTED_EDGE ( 'NONE', *, *, #3245, .T. ) ;
#2950 = CARTESIAN_POINT ( 'NONE',  ( 7.194592516270840399, -6.837417607751524073, 755.8827094312849795 ) ) ;
#2951 = DIRECTION ( 'NONE',  ( -1.467913908865468519E-14, -1.000000000000000000, 0.000000000000000000 ) ) ;
#2952 = CARTESIAN_POINT ( 'NONE',  ( -10.14701017332401456, -7.962664030637800927, 766.0166492536496889 ) ) ;
#2953 = ORIENTED_EDGE ( 'NONE', *, *, #4407, .T. ) ;
#2954 = CARTESIAN_POINT ( 'NONE',  ( -12.91655291915186154, -5.049625768242097301, 774.4862869678921697 ) ) ;
#2955 = CARTESIAN_POINT ( 'NONE',  ( -14.99090016007657233, -19.47163453331564753, 766.4681435126628912 ) ) ;
#2956 = CARTESIAN_POINT ( 'NONE',  ( 18.37159999610099703, -10.00606727957816844, 760.6001770660317334 ) ) ;
#2957 = EDGE_CURVE ( 'NONE', #4055, #4114, #3207, .T. ) ;
#2958 = CARTESIAN_POINT ( 'NONE',  ( -1.644972809301446848, -31.87404122883252100, 700.9422371214550367 ) ) ;
#2959 = CARTESIAN_POINT ( 'NONE',  ( -14.94010615967310684, -18.65404194434683305, 760.0244111218978560 ) ) ;
#2960 = CARTESIAN_POINT ( 'NONE',  ( 24.71492768498664461, -0.009714351742442259990, 772.2092519943587376 ) ) ;
#2961 = CARTESIAN_POINT ( 'NONE',  ( 9.623798626322106031, -18.15000000000000213, 814.6999999999999318 ) ) ;
#2962 = CARTESIAN_POINT ( 'NONE',  ( 0.000000000000000000, -20.00000000000000000, 817.0000000000000000 ) ) ;
#2963 = CARTESIAN_POINT ( 'NONE',  ( 9.917230841692600052, -8.737775828965082425, 872.9612973382240853 ) ) ;
#2964 = EDGE_CURVE ( 'NONE', #1306, #2205, #5543, .T. ) ;
#2965 = CARTESIAN_POINT ( 'NONE',  ( 11.08516713979276425, -8.737145029364814519, 760.2880572369429046 ) ) ;
#2966 = CARTESIAN_POINT ( 'NONE',  ( -211.4494882497512265, 131.3149997326891878, 858.1703062687954571 ) ) ;
#2967 = CARTESIAN_POINT ( 'NONE',  ( 6.852995198732883431, -5.882050747393882340, 798.3611625039872024 ) ) ;
#2968 = CARTESIAN_POINT ( 'NONE',  ( 10.58938569375705718, -5.629743643847293200, 809.9408769413169011 ) ) ;
#2970 = CARTESIAN_POINT ( 'NONE',  ( 141.0020060697303848, 80.82570870092412463, 818.3982348205349808 ) ) ;
#2969 = CIRCLE ( 'NONE', #2432, 9.700000000000001066 ) ;
#2971 = CARTESIAN_POINT ( 'NONE',  ( -14.98898076057444584, -19.42514675250748013, 807.3545774517853033 ) ) ;
#2972 = AXIS2_PLACEMENT_3D ( 'NONE', #4839, #5323, #2660 ) ;
#2973 = CARTESIAN_POINT ( 'NONE',  ( -214.8155762876421875, 126.5077278108561813, 886.2223378910111933 ) ) ;
#2974 = ORIENTED_EDGE ( 'NONE', *, *, #2747, .F. ) ;
#2975 = CARTESIAN_POINT ( 'NONE',  ( -18.56921822469871586, -11.32789647445706649, 765.1386800906328745 ) ) ;
#2976 = CARTESIAN_POINT ( 'NONE',  ( -6.356693307589082131, -6.413515017791143968, 760.0936241125292554 ) ) ;
#2977 = ORIENTED_EDGE ( 'NONE', *, *, #5356, .F. ) ;
#2978 = CARTESIAN_POINT ( 'NONE',  ( 15.01716557215270420, -16.32164329542163017, 784.6975603931314254 ) ) ;
#2979 = LINE ( 'NONE', #3028, #5259 ) ;
#2980 = CARTESIAN_POINT ( 'NONE',  ( -13.63222047863359698, -5.192950984099089062, 769.9205991581002309 ) ) ;
#2981 = VERTEX_POINT ( 'NONE', #624 ) ;
#2982 = CARTESIAN_POINT ( 'NONE',  ( -13.17368729339842837, -5.088319313522721821, 772.7154925635362588 ) ) ;
#2983 = EDGE_CURVE ( 'NONE', #4987, #1224, #3263, .T. ) ;
#2984 = CARTESIAN_POINT ( 'NONE',  ( -14.99845869524565245, -19.78148618892779353, 770.9072448927863661 ) ) ;
#2985 = CARTESIAN_POINT ( 'NONE',  ( 27.57215931217966443, -7.576955849350272665, 798.3610873755021657 ) ) ;
#2986 = VECTOR ( 'NONE', #5216, 999.9999999999998863 ) ;
#2987 = DIRECTION ( 'NONE',  ( 0.000000000000000000, 0.000000000000000000, 1.000000000000000000 ) ) ;
#2988 = CARTESIAN_POINT ( 'NONE',  ( -14.98450583864035401, -19.31485972616803082, 764.7919593768270943 ) ) ;
#2989 = DIRECTION ( 'NONE',  ( -0.000000000000000000, -0.000000000000000000, -1.000000000000000000 ) ) ;
#2990 = FACE_OUTER_BOUND ( 'NONE', #1839, .T. ) ;
#2991 = CARTESIAN_POINT ( 'NONE',  ( 142.0374620751704526, 79.34692427068560505, 922.3635608615222736 ) ) ;
#2992 = CARTESIAN_POINT ( 'NONE',  ( 12.04426034867442219, -10.16653538567949155, 889.2679892799566232 ) ) ;
#2993 = DIRECTION ( 'NONE',  ( 0.000000000000000000, -0.000000000000000000, -1.000000000000000000 ) ) ;
#2994 = CARTESIAN_POINT ( 'NONE',  ( -139.6260281355916106, 82.79080884488594450, 838.7290245237651334 ) ) ;
#2995 = CARTESIAN_POINT ( 'NONE',  ( 3.989863994746656317E-14, -29.14999999999999858, 814.6999999999999318 ) ) ;
#2996 = CARTESIAN_POINT ( 'NONE',  ( 141.1799121278867517, 80.57163251858062836, 817.6204110468709132 ) ) ;
#2997 = CARTESIAN_POINT ( 'NONE',  ( 21.88065638447220707, -4.678993530696246239, 796.5611014621126742 ) ) ;
#2998 = CARTESIAN_POINT ( 'NONE',  ( -144.0863714100886170, 76.42077848802681217, 830.3644444181433073 ) ) ;
#2999 = VERTEX_POINT ( 'NONE', #3719 ) ;
#3000 = CARTESIAN_POINT ( 'NONE',  ( -18.40435128030252798, -10.11012508239020846, 760.9238609463429839 ) ) ;
#3001 =( BOUNDED_CURVE ( )  B_SPLINE_CURVE ( 3, ( #5329, #3095, #3524, #4902 ),
 .UNSPECIFIED., .F., .T. ) 
 B_SPLINE_CURVE_WITH_KNOTS ( ( 4, 4 ),
 ( 4.712396165210021692, 7.853988818799862770 ),
 .UNSPECIFIED. ) 
 CURVE ( )  GEOMETRIC_REPRESENTATION_ITEM ( )  RATIONAL_B_SPLINE_CURVE ( ( 1.000000000000000000, 0.3333333333333173831, 0.3333333333333173831, 1.000000000000000000 ) ) 
 REPRESENTATION_ITEM ( '' )  );
#3002 = ORIENTED_EDGE ( 'NONE', *, *, #4146, .T. ) ;
#3003 = CARTESIAN_POINT ( 'NONE',  ( 8.155421628342127249, -7.409797523493094396, 753.0774058284102921 ) ) ;
#3004 = LINE ( 'NONE', #4747, #606 ) ;
#3005 = CARTESIAN_POINT ( 'NONE',  ( -16.83582942286518147, -7.158445054430213617, 758.0814776337052763 ) ) ;
#3006 = ORIENTED_EDGE ( 'NONE', *, *, #2118, .F. ) ;
#3007 = CARTESIAN_POINT ( 'NONE',  ( -14.53091202361601653, -5.509468505744623101, 765.0887752638288930 ) ) ;
#3008 = AXIS2_PLACEMENT_3D ( 'NONE', #567, #4489, #1401 ) ;
#3009 = CARTESIAN_POINT ( 'NONE',  ( -14.99999977376751659, -19.99738394236761962, 776.3507789881938379 ) ) ;
#3010 = DIRECTION ( 'NONE',  ( 0.000000000000000000, 0.000000000000000000, 1.000000000000000000 ) ) ;
#3011 = CARTESIAN_POINT ( 'NONE',  ( 0.000000000000000000, -35.00000000000000000, 704.4293619668793554 ) ) ;
#3012 = CARTESIAN_POINT ( 'NONE',  ( -7.056373706002590396, -6.763362448662217474, 756.4331406062215137 ) ) ;
#3013 = LINE ( 'NONE', #3419, #5385 ) ;
#3014 = VECTOR ( 'NONE', #3363, 1000.000000000000000 ) ;
#3015 = CARTESIAN_POINT ( 'NONE',  ( -8.705601644918049331, -18.15000000000000213, 814.6999999999999318 ) ) ;
#3016 = CARTESIAN_POINT ( 'NONE',  ( 29.04786333729645875, -6.197667384873644991, 788.3675552156117874 ) ) ;
#3017 = DIRECTION ( 'NONE',  ( -0.000000000000000000, -0.000000000000000000, -1.000000000000000000 ) ) ;
#3018 = CARTESIAN_POINT ( 'NONE',  ( -68.06841786206658185, 33.88694503708776296, 818.0053656269454905 ) ) ;
#3019 = LINE ( 'NONE', #5646, #3651 ) ;
#3020 = PRESENTATION_STYLE_ASSIGNMENT (( #4711 ) ) ;
#3021 = CARTESIAN_POINT ( 'NONE',  ( 69.17807776111840212, 32.30218646409559113, 789.9065715302253921 ) ) ;
#3022 = DIRECTION ( 'NONE',  ( 1.000000000000000000, 0.000000000000000000, 0.000000000000000000 ) ) ;
#3023 = CARTESIAN_POINT ( 'NONE',  ( -214.5882323245717487, 126.8324086385606506, 859.5003222140358048 ) ) ;
#3024 = ORIENTED_EDGE ( 'NONE', *, *, #1896, .F. ) ;
#3025 = CARTESIAN_POINT ( 'NONE',  ( -18.44516103901753823, -10.36009607440421654, 761.6672667251089024 ) ) ;
#3026 = ORIENTED_EDGE ( 'NONE', *, *, #4381, .F. ) ;
#3027 = CARTESIAN_POINT ( 'NONE',  ( 14.83485095374123297, -16.45744010413347169, 814.1540819997328526 ) ) ;
#3028 = CARTESIAN_POINT ( 'NONE',  ( -3.484347945893558299E-13, -4.999999999999997335, 711.0867433581797741 ) ) ;
#3029 = EDGE_CURVE ( 'NONE', #5467, #2999, #5008, .T. ) ;
#3030 = CARTESIAN_POINT ( 'NONE',  ( -15.50053430799853338, -6.020665209856291611, 761.2664289875710892 ) ) ;
#3031 = ORIENTED_EDGE ( 'NONE', *, *, #5348, .T. ) ;
#3032 = CARTESIAN_POINT ( 'NONE',  ( -12.44876961237706858, -5.010640795360411737, 778.0777693221643858 ) ) ;
#3033 = CARTESIAN_POINT ( 'NONE',  ( -14.99997110843756509, -19.97011236344231477, 790.3751236964893678 ) ) ;
#3034 = ORIENTED_EDGE ( 'NONE', *, *, #1607, .T. ) ;
#3035 = CARTESIAN_POINT ( 'NONE',  ( 18.45423146147541971, -10.40908177075800367, 761.8007980874846226 ) ) ;
#3036 = CARTESIAN_POINT ( 'NONE',  ( -7.032672719152373020, -6.750765174610925179, 756.5308349009037556 ) ) ;
#3037 = DIRECTION ( 'NONE',  ( 0.8191525623875962614, 0.5735756964288456494, 0.000000000000000000 ) ) ;
#3038 = CARTESIAN_POINT ( 'NONE',  ( 8.434743206781771363, -7.290385789491148572, 815.3931019108816827 ) ) ;
#3039 = DIRECTION ( 'NONE',  ( 3.846355708643505311E-06, -2.693242084072704316E-06, -0.9999999999889760405 ) ) ;
#3040 = CARTESIAN_POINT ( 'NONE',  ( -68.31111623048325043, 33.54033584599360296, 803.9151570363178507 ) ) ;
#3041 = CARTESIAN_POINT ( 'NONE',  ( -6.801495118449955690, -33.36935541279760287, 815.0000000000000000 ) ) ;
#3042 = DIRECTION ( 'NONE',  ( 1.000000000000000000, 0.000000000000000000, 0.000000000000000000 ) ) ;
#3043 = CARTESIAN_POINT ( 'NONE',  ( 140.3188815055109444, 81.80131168567110933, 823.7061764622445708 ) ) ;
#3044 = FACE_OUTER_BOUND ( 'NONE', #2655, .T. ) ;
#3045 = CARTESIAN_POINT ( 'NONE',  ( -144.1481556802734190, 76.33254140571477819, 868.8797041457603427 ) ) ;
#3046 = ORIENTED_EDGE ( 'NONE', *, *, #5299, .T. ) ;
#3047 = CARTESIAN_POINT ( 'NONE',  ( -18.53202177298303965, -11.01945913431170077, 763.8793050543793015 ) ) ;
#3048 = ORIENTED_EDGE ( 'NONE', *, *, #291, .F. ) ;
#3049 = VECTOR ( 'NONE', #5294, 1000.000000000000000 ) ;
#3050 = CARTESIAN_POINT ( 'NONE',  ( 12.28513733499832483, -11.31884827083368705, 755.2956271961313632 ) ) ;
#3051 = CARTESIAN_POINT ( 'NONE',  ( 13.94694741578195085, -14.47484061055401661, 749.9209685443041735 ) ) ;
#3052 = VECTOR ( 'NONE', #467, 1000.000000000000000 ) ;
#3053 = CARTESIAN_POINT ( 'NONE',  ( -14.60877228645561487, -5.547544199630971562, 764.6979608084908477 ) ) ;
#3054 = ORIENTED_EDGE ( 'NONE', *, *, #1472, .T. ) ;
#3055 = CARTESIAN_POINT ( 'NONE',  ( -23.07771840655671980, 2.328554584190696719, 782.8699807303369198 ) ) ;
#3056 = CARTESIAN_POINT ( 'NONE',  ( -22.80637416607118340, 2.716165861744336052, 793.9610779844896342 ) ) ;
#3057 = CARTESIAN_POINT ( 'NONE',  ( -14.99984025430589263, -20.07007563187971044, 781.4299344933567681 ) ) ;
#3058 = ADVANCED_FACE ( 'NONE', ( #4356 ), #3376, .T. ) ;
#3059 = ORIENTED_EDGE ( 'NONE', *, *, #4253, .F. ) ;
#3060 = CARTESIAN_POINT ( 'NONE',  ( 17.96842145764554743, -9.017108288255936799, 758.5521579361995919 ) ) ;
#3061 = CARTESIAN_POINT ( 'NONE',  ( -6.659558625075264970, -6.559315070099408729, 758.3261043189237398 ) ) ;
#3062 = CARTESIAN_POINT ( 'NONE',  ( 8.705601644918035120, -21.85000000000000142, 908.9931498327478039 ) ) ;
#3063 = CARTESIAN_POINT ( 'NONE',  ( 3.754221465821750790E-14, -19.99999999999988276, 814.6999999999999318 ) ) ;
#3064 = AXIS2_PLACEMENT_3D ( 'NONE', #3842, #3867, #5582 ) ;
#3065 = CARTESIAN_POINT ( 'NONE',  ( 24.37746431108586620, 0.4721866129639910037, 766.3939341178546556 ) ) ;
#3066 = FACE_OUTER_BOUND ( 'NONE', #1633, .T. ) ;
#3067 = AXIS2_PLACEMENT_3D ( 'NONE', #3352, #743, #3022 ) ;
#3068 = CARTESIAN_POINT ( 'NONE',  ( -7.313301970708779187, -6.591198237608372423, 817.0000000000000000 ) ) ;
#3069 = ORIENTED_EDGE ( 'NONE', *, *, #5525, .F. ) ;
#3070 = DIRECTION ( 'NONE',  ( -0.000000000000000000, 0.000000000000000000, 1.000000000000000000 ) ) ;
#3071 = CARTESIAN_POINT ( 'NONE',  ( -15.11072478882759462, -17.67519971768315656, 814.7000000000509772 ) ) ;
#3072 = EDGE_CURVE ( 'NONE', #88, #1259, #3960, .T. ) ;
#3073 = CARTESIAN_POINT ( 'NONE',  ( -5.457671732997998681, -6.028106077829325393, 768.5818338075699785 ) ) ;
#3074 = CARTESIAN_POINT ( 'NONE',  ( 68.06841786206658185, 33.88694503708776296, 818.0053656269454905 ) ) ;
#3075 = CARTESIAN_POINT ( 'NONE',  ( 249.1803551891770496, 154.4775234463077140, 881.7240716555444351 ) ) ;
#3076 = CARTESIAN_POINT ( 'NONE',  ( -73.37886175955615897, 26.30284516997186017, 854.2397849122786511 ) ) ;
#3077 = ORIENTED_EDGE ( 'NONE', *, *, #3555, .T. ) ;
#3078 = CARTESIAN_POINT ( 'NONE',  ( -18.53135450715736354, -12.45932306505325293, 771.0278854107738198 ) ) ;
#3079 = CARTESIAN_POINT ( 'NONE',  ( -3.754070131497696621E-14, -8.650000000000000355, 700.9422371214550367 ) ) ;
#3080 = B_SPLINE_CURVE_WITH_KNOTS ( 'NONE', 3,
 ( #1531, #4219, #278, #308 ),
 .UNSPECIFIED., .F., .F.,
 ( 4, 4 ),
 ( 0.9273127753303962439, 1.000000000000000000 ),
 .UNSPECIFIED. ) ;
#3081 = CARTESIAN_POINT ( 'NONE',  ( 14.88302008441325341, -18.12969679340923790, 757.3935012400129381 ) ) ;
#3082 = CARTESIAN_POINT ( 'NONE',  ( -17.05874501750788497, -7.323346228706522965, 757.8996344088791375 ) ) ;
#3083 = EDGE_LOOP ( 'NONE', ( #4313, #3568, #2450, #221 ) ) ;
#3084 = CARTESIAN_POINT ( 'NONE',  ( -15.08718143921263710, -5.798259696818369946, 762.7242271240170339 ) ) ;
#3085 = CARTESIAN_POINT ( 'NONE',  ( 12.81685662705742068, -12.20673283278173571, 896.6005580912226378 ) ) ;
#3086 = CARTESIAN_POINT ( 'NONE',  ( -13.74896785751211858, -14.00268680961806567, 749.5003951940925617 ) ) ;
#3087 = VERTEX_POINT ( 'NONE', #5620 ) ;
#3088 = FACE_OUTER_BOUND ( 'NONE', #3409, .T. ) ;
#3089 = CARTESIAN_POINT ( 'NONE',  ( -14.98202627854409741, -19.26572199776836314, 811.8057240295539714 ) ) ;
#3090 = CARTESIAN_POINT ( 'NONE',  ( -9.380236187023394123, -8.294603611700239298, 750.7235599248640483 ) ) ;
#3091 = ORIENTED_EDGE ( 'NONE', *, *, #3694, .F. ) ;
#3092 = COLOUR_RGB ( '',0.7921568627450980005, 0.8196078431372548767, 0.9333333333333333481 ) ;
#3093 = EDGE_CURVE ( 'NONE', #2088, #3984, #2033, .T. ) ;
#3094 = DIRECTION ( 'NONE',  ( 1.000000000000000000, 0.000000000000000000, 0.000000000000000000 ) ) ;
#3095 = CARTESIAN_POINT ( 'NONE',  ( -10.78937038971348450, -9.760529325022922364, 775.0992431243821557 ) ) ;
#3096 = CARTESIAN_POINT ( 'NONE',  ( 21.10408481329370645, 1.660429612524109366, 798.3610873755019384 ) ) ;
#3097 = AXIS2_PLACEMENT_3D ( 'NONE', #4659, #2111, #2490 ) ;
#3098 = CARTESIAN_POINT ( 'NONE',  ( 6.072208336220652924, -33.71598650923570517, 817.0123168919133150 ) ) ;
#3099 = CARTESIAN_POINT ( 'NONE',  ( -212.8449364994042412, 129.3220930964347417, 932.4711197887558001 ) ) ;
#3100 = AXIS2_PLACEMENT_3D ( 'NONE', #5327, #577, #4437 ) ;
#3101 = ORIENTED_EDGE ( 'NONE', *, *, #3330, .T. ) ;
#3102 = CARTESIAN_POINT ( 'NONE',  ( -7.857142857142837222, -32.77753129999877046, 779.5127573054589902 ) ) ;
#3103 = CARTESIAN_POINT ( 'NONE',  ( 0.000000000000000000, 0.000000000000000000, 704.9922371214549912 ) ) ;
#3104 = CARTESIAN_POINT ( 'NONE',  ( -5.152041299400129226, -5.912521472905841513, 774.9527615501783657 ) ) ;
#3105 = CARTESIAN_POINT ( 'NONE',  ( 139.6260281355916106, 82.79080884488594450, 838.7290245237651334 ) ) ;
#3106 = CARTESIAN_POINT ( 'NONE',  ( -1.485711516093185081, -8.649999999999998579, 700.9422371214550367 ) ) ;
#3107 = CARTESIAN_POINT ( 'NONE',  ( -2.237033685046898590, -23.19481715658928778, 758.9183168595859570 ) ) ;
#3108 = ORIENTED_EDGE ( 'NONE', *, *, #1128, .T. ) ;
#3109 = CARTESIAN_POINT ( 'NONE',  ( -18.35020806942715055, -13.33513375206000973, 777.2247437562735968 ) ) ;
#3110 = LINE ( 'NONE', #2744, #4077 ) ;
#3111 = CARTESIAN_POINT ( 'NONE',  ( 214.7600552234035547, 126.5870201080806510, 863.5000270594661060 ) ) ;
#3112 = CARTESIAN_POINT ( 'NONE',  ( 14.99667103506746990, -19.68070664364717359, 769.2485493508133914 ) ) ;
#3113 = CARTESIAN_POINT ( 'NONE',  ( -16.29844266920041562, -15.92993474052591552, 798.3611532348204491 ) ) ;
#3114 = ORIENTED_EDGE ( 'NONE', *, *, #1596, .T. ) ;
#3115 = CARTESIAN_POINT ( 'NONE',  ( -15.42730343671062343, -5.981528040896169074, 761.5081842949261954 ) ) ;
#3116 = CARTESIAN_POINT ( 'NONE',  ( 14.98282057995227845, -19.28230405535693137, 810.8867895154082817 ) ) ;
#3117 = CARTESIAN_POINT ( 'NONE',  ( -14.41148985196140409, -15.83875954851433221, 751.6477242723019572 ) ) ;
#3118 = ORIENTED_EDGE ( 'NONE', *, *, #4563, .T. ) ;
#3119 = FACE_OUTER_BOUND ( 'NONE', #611, .T. ) ;
#3120 = CARTESIAN_POINT ( 'NONE',  ( -13.70610923194727171, -12.36115515852875291, 883.8002745765684267 ) ) ;
#3121 = CARTESIAN_POINT ( 'NONE',  ( -5.953895237401124696, -6.232198337125526066, 818.4391615490594631 ) ) ;
#3122 = ORIENTED_EDGE ( 'NONE', *, *, #4639, .F. ) ;
#3123 = CARTESIAN_POINT ( 'NONE',  ( 14.99999999999987743, -18.03650460428209357, 720.9422371214550367 ) ) ;
#3124 = CARTESIAN_POINT ( 'NONE',  ( 14.97571229811211779, -19.14674349165864342, 816.9999999065702241 ) ) ;
#3125 = EDGE_CURVE ( 'NONE', #51, #302, #5241, .T. ) ;
#3126 = CARTESIAN_POINT ( 'NONE',  ( 26.93054494887550376, -3.174023331364770328, 763.2288567901985061 ) ) ;
#3127 = CYLINDRICAL_SURFACE ( 'NONE', #2384, 11.75000000000000711 ) ;
#3128 = CARTESIAN_POINT ( 'NONE',  ( -141.2678637642401895, 80.44602456443250560, 909.0103294639585556 ) ) ;
#3129 = CARTESIAN_POINT ( 'NONE',  ( 0.000000000000000000, -20.00000000000000000, 700.9422371214550367 ) ) ;
#3130 = DIRECTION ( 'NONE',  ( -7.904915248968977275E-16, -1.000000000000000000, 0.000000000000000000 ) ) ;
#3131 = CARTESIAN_POINT ( 'NONE',  ( -5.977183353041670699, -6.242245917985278503, 762.7625561264367207 ) ) ;
#3132 = EDGE_CURVE ( 'NONE', #1468, #5413, #3879, .T. ) ;
#3133 = CARTESIAN_POINT ( 'NONE',  ( -3.139930000797260590, -15.51571718632623664, 818.8039913657747775 ) ) ;
#3134 = LINE ( 'NONE', #3170, #1686 ) ;
#3135 = CARTESIAN_POINT ( 'NONE',  ( -143.2929483506199233, 77.55390404891036837, 820.4158644909998657 ) ) ;
#3136 = ORIENTED_EDGE ( 'NONE', *, *, #2747, .T. ) ;
#3137 = CARTESIAN_POINT ( 'NONE',  ( -17.52316303398390218, -14.78881049707801942, 796.7944681714695889 ) ) ;
#3138 = CARTESIAN_POINT ( 'NONE',  ( -21.59772439758194906, 4.442299937946346589, 793.9610779844896342 ) ) ;
#3139 = CARTESIAN_POINT ( 'NONE',  ( 73.51742458391140644, 26.10495694856034632, 799.8966508143795409 ) ) ;
#3140 = CARTESIAN_POINT ( 'NONE',  ( 9.853446723429888365, -8.688605402276255774, 750.0541860888258725 ) ) ;
#3141 = EDGE_CURVE ( 'NONE', #562, #1884, #868, .T. ) ;
#3142 = CARTESIAN_POINT ( 'NONE',  ( 2.650858373568912629, 1.856147447457374700, -1.519519865788605778E-05 ) ) ;
#3143 = ORIENTED_EDGE ( 'NONE', *, *, #5481, .F. ) ;
#3144 = CARTESIAN_POINT ( 'NONE',  ( -16.90099866272964846, -7.207749892745423992, 758.0225743155884857 ) ) ;
#3145 = CARTESIAN_POINT ( 'NONE',  ( 13.29008639124261570, -12.99391027189394521, 880.2082076138443654 ) ) ;
#3146 = CARTESIAN_POINT ( 'NONE',  ( -14.34491177717769261, -15.61552050563837390, 751.3111825340042742 ) ) ;
#3147 = ORIENTED_EDGE ( 'NONE', *, *, #706, .F. ) ;
#3148 = AXIS2_PLACEMENT_3D ( 'NONE', #1783, #101, #982 ) ;
#3149 = B_SPLINE_CURVE_WITH_KNOTS ( 'NONE', 3,
 ( #4997, #1965, #5054, #3707, #5455, #1534, #1104 ),
 .UNSPECIFIED., .F., .F.,
 ( 4, 3, 4 ),
 ( 2.403565848482457543E-05, 0.001277052520722227798, 0.002024343740626771779 ),
 .UNSPECIFIED. ) ;
#3150 = DIRECTION ( 'NONE',  ( -0.7645510641367998517, 0.5353463280462892326, 0.3589790792993960422 ) ) ;
#3151 = ADVANCED_FACE ( 'NONE', ( #14, #3066 ), #1325, .T. ) ;
#3152 = CARTESIAN_POINT ( 'NONE',  ( -14.75646541410333690, -12.99923137930667316, 869.2060603868768567 ) ) ;
#3153 = CARTESIAN_POINT ( 'NONE',  ( -12.53077595901067376, -11.47404449861310205, 755.3559207177871713 ) ) ;
#3154 = ORIENTED_EDGE ( 'NONE', *, *, #4325, .T. ) ;
#3155 = VECTOR ( 'NONE', #5266, 1000.000000000000000 ) ;
#3156 = LINE ( 'NONE', #3673, #4294 ) ;
#3157 = DIRECTION ( 'NONE',  ( 0.000000000000000000, -0.000000000000000000, 1.000000000000000000 ) ) ;
#3158 = CARTESIAN_POINT ( 'NONE',  ( 26.77078691826802981, -2.945868385245212107, 762.7884337184648302 ) ) ;
#3159 = EDGE_CURVE ( 'NONE', #58, #4617, #4383, .T. ) ;
#3160 = ADVANCED_FACE ( 'NONE', ( #413 ), #464, .F. ) ;
#3161 = DIRECTION ( 'NONE',  ( 0.000000000000000000, 0.000000000000000000, 1.000000000000000000 ) ) ;
#3162 = CARTESIAN_POINT ( 'NONE',  ( -141.9352443652392139, 79.49290628937762904, 922.3635608615220463 ) ) ;
#3163 = ORIENTED_EDGE ( 'NONE', *, *, #929, .F. ) ;
#3164 = ADVANCED_FACE ( 'NONE', ( #3527 ), #2616, .F. ) ;
#3165 = CARTESIAN_POINT ( 'NONE',  ( 247.9184840089092177, 156.2796558289060727, 881.7240716555444351 ) ) ;
#3166 = DIRECTION ( 'NONE',  ( 0.5735756964288468707, -0.8191525623875954842, 0.000000000000000000 ) ) ;
#3167 = CARTESIAN_POINT ( 'NONE',  ( -5.408219620142903139, -6.008889940152172926, 799.6885039641650792 ) ) ;
#3168 = CARTESIAN_POINT ( 'NONE',  ( 139.8151822634453936, 82.52066875422430314, 832.0353679491400953 ) ) ;
#3169 = CARTESIAN_POINT ( 'NONE',  ( 13.76883492852779867, -12.51473762230352627, 757.1573027964801668 ) ) ;
#3170 = CARTESIAN_POINT ( 'NONE',  ( 0.000000000000000000, -29.05000000000000426, 908.9931498327478039 ) ) ;
#3171 = AXIS2_PLACEMENT_3D ( 'NONE', #5555, #854, #806 ) ;
#3172 = CARTESIAN_POINT ( 'NONE',  ( -72.80827433586986785, 27.11772846178174134, 789.9065715302253921 ) ) ;
#3173 = ORIENTED_EDGE ( 'NONE', *, *, #712, .T. ) ;
#3174 = CARTESIAN_POINT ( 'NONE',  ( -17.56178438127977870, -14.75211040415318742, 795.8341537489602615 ) ) ;
#3175 = DIRECTION ( 'NONE',  ( 9.885507410759308646E-16, 1.000000000000000000, 0.000000000000000000 ) ) ;
#3176 = CARTESIAN_POINT ( 'NONE',  ( 144.4253186476547057, 75.93671166630608127, 848.7807608943212472 ) ) ;
#3177 = CARTESIAN_POINT ( 'NONE',  ( 14.85286438978138257, -17.90401810398900651, 756.4929693552173831 ) ) ;
#3178 = CARTESIAN_POINT ( 'NONE',  ( -12.60985887457721688, -5.012525223633670812, 776.7162000049560220 ) ) ;
#3179 = CARTESIAN_POINT ( 'NONE',  ( -15.60732327247872497, -6.083402061136745864, 760.9073333076723884 ) ) ;
#3180 = CARTESIAN_POINT ( 'NONE',  ( 12.91377102188851111, -12.34856079567270193, 889.2838518889244597 ) ) ;
#3181 = CARTESIAN_POINT ( 'NONE',  ( -12.54539740560306704, -11.76714114810700984, 748.4169272227177316 ) ) ;
#3182 = ORIENTED_EDGE ( 'NONE', *, *, #5376, .F. ) ;
#3183 = DIRECTION ( 'NONE',  ( 0.000000000000000000, 0.000000000000000000, 1.000000000000000000 ) ) ;
#3184 = CARTESIAN_POINT ( 'NONE',  ( -14.03370415973250296, -14.40488034457130695, 858.3265306148964555 ) ) ;
#3185 = CARTESIAN_POINT ( 'NONE',  ( -12.22352125101770781, -10.64488816159190954, 755.6783765553150261 ) ) ;
#3186 = ORIENTED_EDGE ( 'NONE', *, *, #1667, .F. ) ;
#3187 = CARTESIAN_POINT ( 'NONE',  ( 3.754070131497696621E-14, -8.650000000000000355, 700.9422371214550367 ) ) ;
#3188 = CARTESIAN_POINT ( 'NONE',  ( 24.87048844298886152, -0.2319478541402550664, 763.7453767254297645 ) ) ;
#3189 = B_SPLINE_CURVE_WITH_KNOTS ( 'NONE', 3,
 ( #2761, #5364, #2302, #2364 ),
 .UNSPECIFIED., .F., .F.,
 ( 4, 4 ),
 ( 0.003610004468881892938, 0.005048671667703524650 ),
 .UNSPECIFIED. ) ;
#3190 = DIRECTION ( 'NONE',  ( 0.000000000000000000, 0.000000000000000000, 1.000000000000000000 ) ) ;
#3191 = CARTESIAN_POINT ( 'NONE',  ( -211.3216429673855430, 131.4975817178705029, 894.2383636226297767 ) ) ;
#3192 = VERTEX_POINT ( 'NONE', #3778 ) ;
#3193 = CARTESIAN_POINT ( 'NONE',  ( -16.57645193400451333, 11.60693428664030691, -9.501921441430638440E-05 ) ) ;
#3194 = CARTESIAN_POINT ( 'NONE',  ( 21.14793641314910033, 1.597766896959954996, 793.9610873755503917 ) ) ;
#3195 = AXIS2_PLACEMENT_3D ( 'NONE', #3531, #5275, #4907 ) ;
#3196 = CARTESIAN_POINT ( 'NONE',  ( -5.404424580110083198, -6.007423411933858759, 799.5728088819917048 ) ) ;
#3197 = CARTESIAN_POINT ( 'NONE',  ( 211.1455687921126980, 131.7490417003247956, 865.2803076157010764 ) ) ;
#3198 = CARTESIAN_POINT ( 'NONE',  ( 14.61404376091046586, -14.08237257559964561, 763.0251352952318484 ) ) ;
#3199 = CARTESIAN_POINT ( 'NONE',  ( 7.605642705021653960, -32.94098497203827947, 815.0000000000000000 ) ) ;
#3200 = CARTESIAN_POINT ( 'NONE',  ( -143.6538249349004559, 77.03851887439050472, 823.7061764622451392 ) ) ;
#3201 = ORIENTED_EDGE ( 'NONE', *, *, #2543, .F. ) ;
#3202 = CARTESIAN_POINT ( 'NONE',  ( -18.29856948119843807, -13.49593721523507028, 778.6183038092754032 ) ) ;
#3203 = CARTESIAN_POINT ( 'NONE',  ( -12.81685662705742068, -12.20673283278173571, 896.6005580912226378 ) ) ;
#3204 = AXIS2_PLACEMENT_3D ( 'NONE', #5085, #1168, #5061 ) ;
#3205 = CARTESIAN_POINT ( 'NONE',  ( 214.8134919917214916, 126.5107044939201586, 865.2803076157028954 ) ) ;
#3206 = EDGE_CURVE ( 'NONE', #98, #2228, #4634, .T. ) ;
#3207 = LINE ( 'NONE', #2382, #1794 ) ;
#3208 = DIRECTION ( 'NONE',  ( 0.000000000000000000, 0.000000000000000000, -1.000000000000000000 ) ) ;
#3209 = CARTESIAN_POINT ( 'NONE',  ( -16.41110732359969404, -6.818216237967057225, 758.6480555583310661 ) ) ;
#3210 = CARTESIAN_POINT ( 'NONE',  ( 12.83252341407326114, -12.21506137172168671, 891.1046074290145498 ) ) ;
#3211 = CARTESIAN_POINT ( 'NONE',  ( -14.34901649293279213, -15.62898779720506681, 751.3309266767777217 ) ) ;
#3212 = ORIENTED_EDGE ( 'NONE', *, *, #3994, .T. ) ;
#3213 = ADVANCED_FACE ( 'NONE', ( #5090 ), #1244, .F. ) ;
#3214 = CARTESIAN_POINT ( 'NONE',  ( 11.00000000000000000, -37.88854381999827581, 779.5127573054589902 ) ) ;
#3215 = CARTESIAN_POINT ( 'NONE',  ( -3.684722759970159230E-14, -8.649999999999998579, 700.9422371214550367 ) ) ;
#3216 = CARTESIAN_POINT ( 'NONE',  ( -12.34770449534703829, -11.42389330712156159, 755.2919870719134678 ) ) ;
#3217 = ORIENTED_EDGE ( 'NONE', *, *, #4325, .F. ) ;
#3218 = DIRECTION ( 'NONE',  ( 1.000000000000000000, 0.000000000000000000, 0.000000000000000000 ) ) ;
#3219 = DIRECTION ( 'NONE',  ( 1.000000000000000000, 0.000000000000000000, 0.000000000000000000 ) ) ;
#3220 = ORIENTED_EDGE ( 'NONE', *, *, #3382, .T. ) ;
#3221 = CARTESIAN_POINT ( 'NONE',  ( 1.485711516093185081, -8.649999999999998579, 700.9422371214550367 ) ) ;
#3222 = CARTESIAN_POINT ( 'NONE',  ( -7.337685345909606305, -6.574124847309334108, 815.0005317256923263 ) ) ;
#3223 = CARTESIAN_POINT ( 'NONE',  ( -5.184693220927548474, -5.924526430109628983, 792.0623501879808828 ) ) ;
#3224 = CARTESIAN_POINT ( 'NONE',  ( 6.801495118449955690, -33.36935541279760287, 815.0000000000000000 ) ) ;
#3225 = CARTESIAN_POINT ( 'NONE',  ( 12.99336853388805935, -11.72836913001829551, 755.6997413121733871 ) ) ;
#3226 = CARTESIAN_POINT ( 'NONE',  ( -10.60857662039378191, -30.60857662039384408, 706.6715356623736852 ) ) ;
#3227 = CARTESIAN_POINT ( 'NONE',  ( -143.4963988068396077, 77.26334668538974881, 822.0533338693742280 ) ) ;
#3228 = ADVANCED_FACE ( 'NONE', ( #391 ), #2136, .F. ) ;
#3229 = EDGE_LOOP ( 'NONE', ( #3249, #1803, #1540, #4833 ) ) ;
#3230 = DIRECTION ( 'NONE',  ( -1.000000000000000000, 0.000000000000000000, 0.000000000000000000 ) ) ;
#3231 = CARTESIAN_POINT ( 'NONE',  ( 14.23984811059695055, -5.376020782897678707, 766.5727422118461618 ) ) ;
#3232 = CARTESIAN_POINT ( 'NONE',  ( 214.4328537703757718, 127.0543122110252767, 857.0641459396186974 ) ) ;
#3233 = CARTESIAN_POINT ( 'NONE',  ( 9.099558956402820087, -8.071873772297552208, 751.1632102861999556 ) ) ;
#3234 = CARTESIAN_POINT ( 'NONE',  ( -22.45423208090113931, -5.498146093083967401, 796.5611014621126742 ) ) ;
#3235 = CARTESIAN_POINT ( 'NONE',  ( -17.30945582926259974, -7.503399819960221429, 757.7825266464666356 ) ) ;
#3236 = CARTESIAN_POINT ( 'NONE',  ( 14.75646541410333690, -12.99923137930667316, 869.2060603868768567 ) ) ;
#3237 = CARTESIAN_POINT ( 'NONE',  ( -10.91482792862648132, -9.709460432277914776, 748.9710633344411690 ) ) ;
#3238 = ORIENTED_EDGE ( 'NONE', *, *, #2027, .T. ) ;
#3239 = CARTESIAN_POINT ( 'NONE',  ( 14.96885614664640407, -19.03390183676600600, 821.2722740987449015 ) ) ;
#3240 = CARTESIAN_POINT ( 'NONE',  ( -8.705601644917997817, -21.85000000000000142, 814.6999999999999318 ) ) ;
#3241 = CARTESIAN_POINT ( 'NONE',  ( -14.26614389642014480, -13.22130058658236074, 759.3962922064596341 ) ) ;
#3242 = ORIENTED_EDGE ( 'NONE', *, *, #2543, .T. ) ;
#3243 = B_SPLINE_CURVE_WITH_KNOTS ( 'NONE', 3,
 ( #5450, #5535, #729, #2902, #1129, #4559, #1497, #1069, #1560, #3702, #1529, #2423, #4161, #2507, #639, #3334, #755, #4192, #5050, #5077, #4649, #5507, #4131, #2481, #2877, #4216, #4622, #1159, #5022, #1931, #305, #1619, #249, #1992, #1100, #3732, #3305, #4674, #3674, #695, #5104, #2019, #2045, #2395, #4990, #2453, #275, #3365, #219, #3790, #2852, #3764, #5421, #1186, #2933, #3246, #4591, #667, #5478, #1588, #2611, #5154, #5211, #1696, #782, #3443, #3060, #2181, #2128, #2586, #3392, #5130, #5612, #2099, #3848, #811, #2561, #889, #2956, #1725, #4810, #1288, #4271, #3035, #2532, #3897, #358, #860, #5182, #4351, #1262, #4782, #5588, #4243, #429, #9, #4298, #385, #1669, #3873 ),
 .UNSPECIFIED., .F., .F.,
 ( 4, 2, 2, 2, 2, 2, 2, 2, 2, 2, 2, 2, 2, 2, 2, 2, 2, 2, 2, 2, 2, 2, 2, 2, 2, 2, 2, 2, 2, 2, 2, 2, 2, 2, 2, 2, 2, 2, 2, 2, 2, 2, 2, 2, 2, 2, 2, 2, 2, 4 ),
 ( 0.1371131485488097101, 0.2250000884683152624, 0.2937500668544035243, 0.3625000452404917861, 0.3796875398370139765, 0.3968750344335357783, 0.4140625290300576911, 0.4312500236265798259, 0.4484375182231019608, 0.4527343918722325222, 0.4570312655213630837, 0.4613281391704936452, 0.4634765759950589814, 0.4656250128196240956, 0.4742187601178852185, 0.4785156337670156690, 0.4828125074161462305, 0.4871093810652767919, 0.4914062547144073534, 0.4924804731266898550, 0.4935546915389724676, 0.4957031283635375818, 0.4978515651881028070, 0.4989257836003855306, 0.5000000020126681433, 0.5010742204249506448, 0.5021484388372335905, 0.5042968756617987047, 0.5064453124863638189, 0.5085937493109289331, 0.5107421861354941583, 0.5128906229600594946, 0.5171874966091900561, 0.5214843702583206175, 0.5257812439074510680, 0.5343749912057121909, 0.5365234280302773051, 0.5386718648548426414, 0.5429687385039732028, 0.5472656121531037643, 0.5494140489776691005, 0.5515624858022342147, 0.5687499803987564606, 0.5859374749952785955, 0.6031249695918005083, 0.6203124641883223100, 0.6374999587848444449, 0.7062499371709327622, 0.7749999155570210796, 0.8636228319925585151 ),
 .UNSPECIFIED. ) ;
#3244 = CARTESIAN_POINT ( 'NONE',  ( 0.000000000000000000, 0.000000000000000000, 814.6999999999999318 ) ) ;
#3245 = EDGE_CURVE ( 'NONE', #859, #1117, #2243, .T. ) ;
#3246 = CARTESIAN_POINT ( 'NONE',  ( 17.67189844489451644, -8.037741318754495268, 757.7892340708236816 ) ) ;
#3247 = VECTOR ( 'NONE', #4330, 1000.000000000000000 ) ;
#3248 = DIRECTION ( 'NONE',  ( 0.000000000000000000, 0.000000000000000000, 1.000000000000000000 ) ) ;
#3249 = ORIENTED_EDGE ( 'NONE', *, *, #779, .F. ) ;
#3250 = CARTESIAN_POINT ( 'NONE',  ( -7.446927817765586433, -33.05370379494760869, 816.9999999999718057 ) ) ;
#3251 = CARTESIAN_POINT ( 'NONE',  ( 4.918255542663465691E-14, -35.00000000000000000, 720.9422371214550367 ) ) ;
#3252 = CARTESIAN_POINT ( 'NONE',  ( -5.182920608942508167, -5.923873596455174528, 791.9894604646652851 ) ) ;
#3253 = CARTESIAN_POINT ( 'NONE',  ( -0.07175931073545756267, -19.89751904168257113, 898.5981009540909099 ) ) ;
#3254 = CARTESIAN_POINT ( 'NONE',  ( 14.88226914873844109, -15.04037601485321574, 769.2430789263277120 ) ) ;
#3255 = CARTESIAN_POINT ( 'NONE',  ( 7.085585174621144233, -33.25667756623446536, 815.0000000000000000 ) ) ;
#3256 = CARTESIAN_POINT ( 'NONE',  ( -0.5798184460992176215, -20.82806851634350309, 750.0603792935647789 ) ) ;
#3257 = CARTESIAN_POINT ( 'NONE',  ( -7.162181936570104178E-16, -4.999999999999997335, 720.9422371214550367 ) ) ;
#3258 = CARTESIAN_POINT ( 'NONE',  ( 0.000000000000000000, -19.99999999999988276, 908.9931498327478039 ) ) ;
#3259 = CARTESIAN_POINT ( 'NONE',  ( 17.80074633499318892, -8.506100758266601503, 758.0277823794311871 ) ) ;
#3260 = AXIS2_PLACEMENT_3D ( 'NONE', #78, #1793, #3966 ) ;
#3261 = CARTESIAN_POINT ( 'NONE',  ( 212.7923545598865473, 129.3971878885474780, 849.5985206030017025 ) ) ;
#3262 = AXIS2_PLACEMENT_3D ( 'NONE', #2603, #1663, #5607 ) ;
#3263 = LINE ( 'NONE', #4119, #1064 ) ;
#3264 = CARTESIAN_POINT ( 'NONE',  ( -142.0374620751704526, 79.34692427068560505, 922.3635608615222736 ) ) ;
#3265 = VERTEX_POINT ( 'NONE', #1874 ) ;
#3266 = AXIS2_PLACEMENT_3D ( 'NONE', #1670, #359, #5183 ) ;
#3267 = CARTESIAN_POINT ( 'NONE',  ( -17.62281608365918117, -7.887387608036846132, 757.7596472109929664 ) ) ;
#3268 = DIRECTION ( 'NONE',  ( 0.000000000000000000, -0.000000000000000000, -1.000000000000000000 ) ) ;
#3269 = CARTESIAN_POINT ( 'NONE',  ( -8.447578677324036889, -7.604903229623038108, 752.4241642453341683 ) ) ;
#3270 = ORIENTED_EDGE ( 'NONE', *, *, #2913, .F. ) ;
#3271 = CARTESIAN_POINT ( 'NONE',  ( 12.34633363729119004, -11.47673484962404267, 748.4065081419626040 ) ) ;
#3272 = CARTESIAN_POINT ( 'NONE',  ( 1.963495395717899772, -5.000000000000014211, 720.9422371214551504 ) ) ;
#3273 = CARTESIAN_POINT ( 'NONE',  ( -13.36664928870703584, -12.04949262713349611, 756.2189302373067221 ) ) ;
#3274 = VERTEX_POINT ( 'NONE', #1932 ) ;
#3275 = CARTESIAN_POINT ( 'NONE',  ( -25.80943821683204931, -1.572925927093871801, 761.7607461058217950 ) ) ;
#3276 = CARTESIAN_POINT ( 'NONE',  ( 214.3070242498395714, 127.2340153899684765, 904.9188924148314754 ) ) ;
#3277 = CARTESIAN_POINT ( 'NONE',  ( -7.337685345909606305, -6.574124847309334108, 815.0005317256923263 ) ) ;
#3278 = EDGE_CURVE ( 'NONE', #5550, #2398, #3189, .T. ) ;
#3279 = ORIENTED_EDGE ( 'NONE', *, *, #1896, .T. ) ;
#3280 = DIRECTION ( 'NONE',  ( 0.000000000000000000, 0.000000000000000000, 1.000000000000000000 ) ) ;
#3281 = DIRECTION ( 'NONE',  ( -1.000000000000000000, 0.000000000000000000, 0.000000000000000000 ) ) ;
#3282 = CARTESIAN_POINT ( 'NONE',  ( -5.798837598562340823, -6.166219515060263667, 810.8866787148348294 ) ) ;
#3283 = CARTESIAN_POINT ( 'NONE',  ( 6.354368320650303659, -33.59094437550583478, 816.3444524298092801 ) ) ;
#3284 = CARTESIAN_POINT ( 'NONE',  ( 18.45423146147541971, -10.40908177075800367, 761.8007980874846226 ) ) ;
#3285 = DIRECTION ( 'NONE',  ( -1.000000000000000000, 0.000000000000000000, 0.000000000000000000 ) ) ;
#3286 = CARTESIAN_POINT ( 'NONE',  ( -140.5715023372566463, 81.44053174835019604, 821.2320837972758909 ) ) ;
#3287 = ORIENTED_EDGE ( 'NONE', *, *, #4753, .T. ) ;
#3288 = VECTOR ( 'NONE', #1775, 1000.000000000000000 ) ;
#3289 = CARTESIAN_POINT ( 'NONE',  ( -18.58098769531500594, -14.04010724277920019, 798.3611393655772872 ) ) ;
#3290 = CARTESIAN_POINT ( 'NONE',  ( 17.63380566614553757, -7.914628777397774151, 757.7622452005523428 ) ) ;
#3291 = CARTESIAN_POINT ( 'NONE',  ( 1.513215935008983548, -22.16109827962807799, 753.3783439421064259 ) ) ;
#3292 = CARTESIAN_POINT ( 'NONE',  ( 9.561841923020915956, -8.442416931973900418, 750.4540541228802795 ) ) ;
#3293 = DIRECTION ( 'NONE',  ( -1.000000000000000000, 8.858162430519860433E-16, 0.000000000000000000 ) ) ;
#3294 = ORIENTED_EDGE ( 'NONE', *, *, #1290, .T. ) ;
#3295 = VECTOR ( 'NONE', #3190, 1000.000000000000000 ) ;
#3296 = CARTESIAN_POINT ( 'NONE',  ( -18.06189718930924215, -9.284366079136512795, 758.9398153047105779 ) ) ;
#3297 = CARTESIAN_POINT ( 'NONE',  ( -10.33275738048325465, -9.126448257888085891, 749.5032041697022578 ) ) ;
#3298 = VERTEX_POINT ( 'NONE', #4019 ) ;
#3299 = CARTESIAN_POINT ( 'NONE',  ( 13.85494778444978792, -14.24510038405021284, 749.6996861193662198 ) ) ;
#3300 = CARTESIAN_POINT ( 'NONE',  ( 14.21984613887761562, -25.88984756492634531, 720.9422371214566283 ) ) ;
#3301 = CARTESIAN_POINT ( 'NONE',  ( -10.23063002327347881, -8.023398479417101825, 765.3506157256067581 ) ) ;
#3302 = ORIENTED_EDGE ( 'NONE', *, *, #4936, .T. ) ;
#3303 = CARTESIAN_POINT ( 'NONE',  ( -25.34219040050068017, -0.9056202808253462910, 762.4113161745581237 ) ) ;
#3304 = CARTESIAN_POINT ( 'NONE',  ( 72.80190375009830461, 27.12682660115317290, 871.6649680325500640 ) ) ;
#3305 = CARTESIAN_POINT ( 'NONE',  ( 16.83582942286518147, -7.158445054430213617, 758.0814776337052763 ) ) ;
#3306 = CARTESIAN_POINT ( 'NONE',  ( -14.89880386768882836, -18.26043733784407053, 757.9951670744113699 ) ) ;
#3307 = DIRECTION ( 'NONE',  ( -0.5735756964288453164, -0.8191525623875964834, 0.000000000000000000 ) ) ;
#3308 = CARTESIAN_POINT ( 'NONE',  ( -1.963495408493578731, -34.99999999999999289, 720.9422371214550367 ) ) ;
#3309 = CARTESIAN_POINT ( 'NONE',  ( -10.98153615163292507, -5.902768982395446784, 825.3838165573179140 ) ) ;
#3310 = CARTESIAN_POINT ( 'NONE',  ( 212.9387462032265717, 129.1881189549077646, 934.2462908152374439 ) ) ;
#3311 = CARTESIAN_POINT ( 'NONE',  ( 10.90561952716979022, -8.576226269151392856, 761.1594356954940395 ) ) ;
#3312 = CARTESIAN_POINT ( 'NONE',  ( 16.50411871834456434, -15.68847322634079511, 798.3611517934028825 ) ) ;
#3313 = CARTESIAN_POINT ( 'NONE',  ( -70.02380314179016807, 31.09436544743732611, 784.5780276304295739 ) ) ;
#3314 = EDGE_LOOP ( 'NONE', ( #2238, #4962, #5447, #1463, #2060, #1060, #63, #2684, #3516, #3543, #2610, #3890, #3006, #1611, #898, #3436, #1181 ) ) ;
#3315 = FACE_OUTER_BOUND ( 'NONE', #2525, .T. ) ;
#3316 = CARTESIAN_POINT ( 'NONE',  ( 16.75996837062676548, -7.098561287165915168, 758.1643687320358822 ) ) ;
#3317 = CARTESIAN_POINT ( 'NONE',  ( -0.1124426242604115167, -19.83941724856423861, 749.5127573054589902 ) ) ;
#3318 = LINE ( 'NONE', #149, #4176 ) ;
#3319 = DIRECTION ( 'NONE',  ( 0.000000000000000000, 3.991184721119797142E-17, 1.000000000000000000 ) ) ;
#3320 = EDGE_LOOP ( 'NONE', ( #5179, #1348, #4363, #2095, #1315, #2173 ) ) ;
#3321 = CARTESIAN_POINT ( 'NONE',  ( -18.04971031466429920, -9.249174863681069780, 758.8845514030105051 ) ) ;
#3322 = CARTESIAN_POINT ( 'NONE',  ( -9.483931600502183201, -8.378671485018106324, 750.5683849311170661 ) ) ;
#3323 = EDGE_LOOP ( 'NONE', ( #329, #5298 ) ) ;
#3324 = ADVANCED_FACE ( 'NONE', ( #5394 ), #4531, .F. ) ;
#3325 = CARTESIAN_POINT ( 'NONE',  ( 14.40279951699937477, -15.80195726160583192, 751.5780906857273749 ) ) ;
#3326 = DIRECTION ( 'NONE',  ( 0.5735756964288458715, -0.8191525623875960394, 0.000000000000000000 ) ) ;
#3327 = CARTESIAN_POINT ( 'NONE',  ( -18.59120592239949588, -11.58709772780309599, 766.3302827637296559 ) ) ;
#3328 = ORIENTED_EDGE ( 'NONE', *, *, #5348, .F. ) ;
#3329 = CARTESIAN_POINT ( 'NONE',  ( -24.95928247213356244, -0.3587616825341884974, 763.4315805871276552 ) ) ;
#3330 = EDGE_CURVE ( 'NONE', #554, #3926, #579, .T. ) ;
#3331 = CARTESIAN_POINT ( 'NONE',  ( 72.99279087707191138, 26.85421153125293614, 866.3047283433327266 ) ) ;
#3332 = EDGE_CURVE ( 'NONE', #3816, #5635, #3675, .T. ) ;
#3333 = ADVANCED_FACE ( 'NONE', ( #4964 ), #3559, .T. ) ;
#3334 = CARTESIAN_POINT ( 'NONE',  ( 15.07265305124110810, -5.790720408065954672, 762.7560528416113357 ) ) ;
#3335 = CARTESIAN_POINT ( 'NONE',  ( -14.09717539061131930, -14.87024615564133256, 750.3399222768397294 ) ) ;
#3336 = CARTESIAN_POINT ( 'NONE',  ( -7.085585174621144233, -33.25667756623446536, 815.0000000000000000 ) ) ;
#3337 = PRODUCT_DEFINITION_FORMATION_WITH_SPECIFIED_SOURCE ( 'ANY', '', #1814, .NOT_KNOWN. ) ;
#3338 = CARTESIAN_POINT ( 'NONE',  ( -6.077417221801474589, -33.71367929886615400, 816.9999999999998863 ) ) ;
#3339 = CARTESIAN_POINT ( 'NONE',  ( -7.117841498112073673, -33.28130861052698464, 815.6803269965987511 ) ) ;
#3340 = CARTESIAN_POINT ( 'NONE',  ( -12.00156145808908548, -10.98938138113172869, 896.5599757865851416 ) ) ;
#3341 = EDGE_CURVE ( 'NONE', #1086, #4185, #2373, .T. ) ;
#3342 = CIRCLE ( 'NONE', #4705, 6.000000000000001776 ) ;
#3343 = CARTESIAN_POINT ( 'NONE',  ( 5.830942281487918599, -6.179707020742348789, 812.7242256464323873 ) ) ;
#3344 = CARTESIAN_POINT ( 'NONE',  ( 9.977087148114920367, -7.847106246026625875, 767.3848020974284054 ) ) ;
#3345 = AXIS2_PLACEMENT_3D ( 'NONE', #1163, #1701, #4759 ) ;
#3346 = CARTESIAN_POINT ( 'NONE',  ( 1.666191297636890001, -17.62043417770342657, 754.3216053108262713 ) ) ;
#3347 = EDGE_CURVE ( 'NONE', #4268, #1259, #4074, .T. ) ;
#3348 = CARTESIAN_POINT ( 'NONE',  ( 8.705601644918049331, -18.15000000000000213, 814.6999999999999318 ) ) ;
#3349 = CARTESIAN_POINT ( 'NONE',  ( 17.35560660825170842, -7.536945965046236928, 757.7712585690625247 ) ) ;
#3350 = CARTESIAN_POINT ( 'NONE',  ( 70.89691278458259660, 29.84743565141605615, 782.8460906387923615 ) ) ;
#3351 = UNCERTAINTY_MEASURE_WITH_UNIT (LENGTH_MEASURE( 1.000000000000000082E-05 ), #2545, 'distance_accuracy_value', 'NONE');
#3352 = CARTESIAN_POINT ( 'NONE',  ( -5.725692481812761838E-14, -20.00000000000000000, 817.0000000000000000 ) ) ;
#3353 = DIRECTION ( 'NONE',  ( -0.5735756964288468707, -0.8191525623875954842, 0.000000000000000000 ) ) ;
#3354 = CARTESIAN_POINT ( 'NONE',  ( -73.25799894570351967, 26.47545515666472227, 858.2621862796145251 ) ) ;
#3355 = ADVANCED_FACE ( 'NONE', ( #161 ), #4874, .F. ) ;
#3356 = VERTEX_POINT ( 'NONE', #2667 ) ;
#3357 = CARTESIAN_POINT ( 'NONE',  ( -18.26479742906938597, -9.786369846389797900, 759.9489401325546396 ) ) ;
#3358 = CARTESIAN_POINT ( 'NONE',  ( -7.232897987463126732, -6.859026394926882375, 755.7616251119329718 ) ) ;
#3359 = ORIENTED_EDGE ( 'NONE', *, *, #4347, .T. ) ;
#3360 = CARTESIAN_POINT ( 'NONE',  ( 1.644972809301446848, -31.87404122883252100, 700.9422371214550367 ) ) ;
#3361 = CARTESIAN_POINT ( 'NONE',  ( -18.59019958645233928, -11.84599629097167117, 767.6297067311103319 ) ) ;
#3362 = EDGE_LOOP ( 'NONE', ( #856, #193, #3492, #2388 ) ) ;
#3363 = DIRECTION ( 'NONE',  ( 0.000000000000000000, 0.000000000000000000, 1.000000000000000000 ) ) ;
#3364 = CARTESIAN_POINT ( 'NONE',  ( 2.335674190688112439, -23.33569039810481982, 846.9976463075832953 ) ) ;
#3365 = CARTESIAN_POINT ( 'NONE',  ( 17.40677052834175598, -7.578722221793200653, 757.7602648147130822 ) ) ;
#3366 = CARTESIAN_POINT ( 'NONE',  ( -14.15391797949201802, -15.03128152079230162, 750.5313417787913295 ) ) ;
#3367 = CARTESIAN_POINT ( 'NONE',  ( -21.70063764062394540, 1.970731626164882844, 793.9610842451803592 ) ) ;
#3368 = CARTESIAN_POINT ( 'NONE',  ( -9.623798626322104255, -21.85000000000000497, 814.6999999999999318 ) ) ;
#3369 = CARTESIAN_POINT ( 'NONE',  ( -8.506740928787188238, -7.335963205313570157, 818.1374004673446052 ) ) ;
#3370 = CARTESIAN_POINT ( 'NONE',  ( 11.60674954332299436, -10.48194500451442224, 889.2834655580701337 ) ) ;
#3371 = CARTESIAN_POINT ( 'NONE',  ( 18.59019958645233928, -11.84599629097167117, 767.6297067311103319 ) ) ;
#3372 = CARTESIAN_POINT ( 'NONE',  ( -211.7745375060548838, 130.8507812852072334, 854.2000962085223819 ) ) ;
#3373 = CARTESIAN_POINT ( 'NONE',  ( 3.989863994746656317E-14, -29.14999999999999858, 918.6123992834795899 ) ) ;
#3374 = CARTESIAN_POINT ( 'NONE',  ( 10.66817813873217347, -5.692193339336604652, 814.1144733021023967 ) ) ;
#3375 = CARTESIAN_POINT ( 'NONE',  ( 142.0664382377058530, 79.30554202191777335, 816.1794239721257327 ) ) ;
#3376 =( BOUNDED_SURFACE ( )  B_SPLINE_SURFACE ( 3, 2, ( 
 ( #3098, #4788, #4848 ),
 ( #2466, #5644, #2188 ),
 ( #3904, #5519, #4817 ),
 ( #1733, #4204, #435 ) ),
 .UNSPECIFIED., .F., .F., .F. ) 
 B_SPLINE_SURFACE_WITH_KNOTS ( ( 4, 4 ),
 ( 3, 3 ),
 ( 0.01448640050072738661, 0.01685353371711668588 ),
 ( 0.000000000000000000, 1.000000000000000000 ),
 .UNSPECIFIED. ) 
 GEOMETRIC_REPRESENTATION_ITEM ( )  RATIONAL_B_SPLINE_SURFACE ( (
 ( 1.000000000000000000, 0.9817934828840664263, 1.000000000000000000),
 ( 1.000000000000000000, 0.9876617992958588443, 1.000000000000000000),
 ( 1.000000000000000000, 0.9914058612015230754, 1.000000000000000000),
 ( 1.000000000000000000, 0.9940125529671706150, 1.000000000000000000) ) ) 
 REPRESENTATION_ITEM ( '' )  SURFACE ( )  );
#3377 = FACE_OUTER_BOUND ( 'NONE', #3976, .T. ) ;
#3378 = CARTESIAN_POINT ( 'NONE',  ( -71.47654260887432542, 29.01963847320538292, 902.4586352405518710 ) ) ;
#3379 = AXIS2_PLACEMENT_3D ( 'NONE', #5187, #1353, #3094 ) ;
#3380 = ORIENTED_EDGE ( 'NONE', *, *, #295, .T. ) ;
#3381 = CARTESIAN_POINT ( 'NONE',  ( -18.44583731522148184, -10.36567389320822841, 761.6839338133727324 ) ) ;
#3382 = EDGE_CURVE ( 'NONE', #4114, #4157, #5206, .T. ) ;
#3383 = CARTESIAN_POINT ( 'NONE',  ( -5.794777250091857290, -6.164516700372205449, 764.4065383216759528 ) ) ;
#3384 = ORIENTED_EDGE ( 'NONE', *, *, #5178, .F. ) ;
#3385 = CARTESIAN_POINT ( 'NONE',  ( 5.953895237401124696, -6.232198337125526066, 818.4391615490594631 ) ) ;
#3386 = PLANE ( 'NONE',  #3064 ) ;
#3387 = CARTESIAN_POINT ( 'NONE',  ( -18.16617246135193398, -13.86645725651883509, 782.0298144339429882 ) ) ;
#3388 = ORIENTED_EDGE ( 'NONE', *, *, #1470, .T. ) ;
#3389 = CARTESIAN_POINT ( 'NONE',  ( -24.87048844298886152, -0.2319478541402550664, 763.7453767254297645 ) ) ;
#3390 = CARTESIAN_POINT ( 'NONE',  ( -14.99998695688962513, -20.02156628913853709, 777.4075017213883712 ) ) ;
#3391 = ADVANCED_FACE ( 'NONE', ( #4905 ), #3127, .F. ) ;
#3392 = CARTESIAN_POINT ( 'NONE',  ( 18.19120742425238646, -9.632149294278644192, 759.5648071891765767 ) ) ;
#3393 = CARTESIAN_POINT ( 'NONE',  ( -14.97382607469948468, -19.11355844537218474, 818.4575163612652204 ) ) ;
#3394 = CARTESIAN_POINT ( 'NONE',  ( 12.90193239462070984, -12.34840098915104711, 894.7791703169358470 ) ) ;
#3395 = CARTESIAN_POINT ( 'NONE',  ( -7.247575376726214991, -33.18654032067372839, 814.9245557071336634 ) ) ;
#3396 = CARTESIAN_POINT ( 'NONE',  ( -9.571187798778653999, -8.228538498756769570, 847.4797503786689958 ) ) ;
#3397 = CARTESIAN_POINT ( 'NONE',  ( 11.54792874996559782, -10.42642572711344684, 893.8684795453941661 ) ) ;
#3398 = CARTESIAN_POINT ( 'NONE',  ( 9.890558908813549266, -7.792051435027262940, 768.0890727669490161 ) ) ;
#3399 = CARTESIAN_POINT ( 'NONE',  ( 2.557274178348523552, -16.34783593777309108, 762.7989779438968299 ) ) ;
#3400 = CARTESIAN_POINT ( 'NONE',  ( 7.199629652526590817, -6.377097003371650530, 798.3611625039872024 ) ) ;
#3401 =( NAMED_UNIT ( * ) PLANE_ANGLE_UNIT ( ) SI_UNIT ( $, .RADIAN. ) );
#3402 = CARTESIAN_POINT ( 'NONE',  ( -1.132305844306395803, -18.38290162370597969, 751.5356442139884621 ) ) ;
#3403 = CARTESIAN_POINT ( 'NONE',  ( -21.88065638447220707, -4.678993530696246239, 796.5611014621126742 ) ) ;
#3404 = EDGE_CURVE ( 'NONE', #3865, #1495, #520, .T. ) ;
#3405 = CARTESIAN_POINT ( 'NONE',  ( -73.68132358160028161, 25.87088492170400400, 842.1676176908056277 ) ) ;
#3406 = ORIENTED_EDGE ( 'NONE', *, *, #4847, .T. ) ;
#3407 = CARTESIAN_POINT ( 'NONE',  ( -18.53049466633804343, -11.00763700770508358, 763.8346515396287941 ) ) ;
#3408 = CARTESIAN_POINT ( 'NONE',  ( -5.052666077710839865, -5.876594165887896182, 780.8747885111305322 ) ) ;
#3409 = EDGE_LOOP ( 'NONE', ( #4688, #1583, #4718 ) ) ;
#3410 = CARTESIAN_POINT ( 'NONE',  ( 14.80898239002225836, -16.32872922647954539, 818.3598634360519100 ) ) ;
#3411 = CARTESIAN_POINT ( 'NONE',  ( -3.962717583376608773E-14, -31.35000000000000142, 700.9422371214550367 ) ) ;
#3412 = CARTESIAN_POINT ( 'NONE',  ( -18.04402710556890810, -14.10425578241662947, 784.8007265970505841 ) ) ;
#3413 = VERTEX_POINT ( 'NONE', #984 ) ;
#3414 = CARTESIAN_POINT ( 'NONE',  ( -13.75489855913285808, -5.225289084861679534, 769.2185753818072271 ) ) ;
#3415 = CARTESIAN_POINT ( 'NONE',  ( -14.99991878582286375, -19.95001284057944346, 791.2521941355357740 ) ) ;
#3416 = CARTESIAN_POINT ( 'NONE',  ( 0.000000000000000000, -33.40000000000093650, 815.0000000000000000 ) ) ;
#3417 = CARTESIAN_POINT ( 'NONE',  ( 7.313301970708779187, -6.591198237608372423, 817.0000000000000000 ) ) ;
#3418 = CARTESIAN_POINT ( 'NONE',  ( -14.99667103506746990, -19.68070664364717359, 769.2485493508133914 ) ) ;
#3419 = CARTESIAN_POINT ( 'NONE',  ( -11.60344776348899209, -21.85000000000000142, 814.6999999999999318 ) ) ;
#3420 = CARTESIAN_POINT ( 'NONE',  ( -7.031523378037919159, -33.35898007121062392, 817.0000000000030695 ) ) ;
#3421 = CARTESIAN_POINT ( 'NONE',  ( -6.619813975856997601, -33.46257856434462497, 815.5997242511847389 ) ) ;
#3422 = LINE ( 'NONE', #760, #3796 ) ;
#3423 = CARTESIAN_POINT ( 'NONE',  ( 29.14644431103786104, -6.338410085775477043, 793.9610779844896342 ) ) ;
#3424 = CARTESIAN_POINT ( 'NONE',  ( 18.28426260954185523, -9.825916644967996660, 760.0555487201992264 ) ) ;
#3425 = CARTESIAN_POINT ( 'NONE',  ( -68.07706590992322049, 33.87459434477887754, 826.0611735747471585 ) ) ;
#3426 = DIRECTION ( 'NONE',  ( 0.9999999999926026950, 0.000000000000000000, -3.846355708657455944E-06 ) ) ;
#3427 = FILL_AREA_STYLE ('',( #2595 ) ) ;
#3429 = CARTESIAN_POINT ( 'NONE',  ( 68.80388621891920309, 32.83658736922623689, 794.2207006091375661 ) ) ;
#3428 = CIRCLE ( 'NONE', #1322, 8.900000000000003908 ) ;
#3430 = B_SPLINE_CURVE_WITH_KNOTS ( 'NONE', 3,
 ( #2590, #389, #1623, #1674 ),
 .UNSPECIFIED., .F., .F.,
 ( 4, 4 ),
 ( 0.0001061911810420528365, 0.002105887512285949201 ),
 .UNSPECIFIED. ) ;
#3431 = CARTESIAN_POINT ( 'NONE',  ( -14.99653744094570129, -19.67763176551844495, 800.2011304534444207 ) ) ;
#3432 = AXIS2_PLACEMENT_3D ( 'NONE', #572, #2265, #1867 ) ;
#3433 = CARTESIAN_POINT ( 'NONE',  ( -73.88720157853474291, 25.57686067074985914, 813.9777505152900403 ) ) ;
#3434 = VERTEX_POINT ( 'NONE', #2397 ) ;
#3435 = CARTESIAN_POINT ( 'NONE',  ( -18.40612710393932616, -10.11759230367162310, 760.9464780921454121 ) ) ;
#3436 = ORIENTED_EDGE ( 'NONE', *, *, #2810, .F. ) ;
#3437 = CARTESIAN_POINT ( 'NONE',  ( 6.623172186618287327, -6.541353313760991384, 758.5269545163241673 ) ) ;
#3438 = CARTESIAN_POINT ( 'NONE',  ( 0.000000000000000000, -19.99999999999988276, 700.9422371214550367 ) ) ;
#3439 = CARTESIAN_POINT ( 'NONE',  ( -15.83128980483609816, -6.298501071754444069, 760.0349679633834512 ) ) ;
#3440 = ORIENTED_EDGE ( 'NONE', *, *, #314, .T. ) ;
#3441 = CARTESIAN_POINT ( 'NONE',  ( -14.42021470943543093, -5.456654852979633930, 765.6382360511588558 ) ) ;
#3442 = CARTESIAN_POINT ( 'NONE',  ( -14.99999240516938670, -19.96163781935554482, 774.9303500007688399 ) ) ;
#3443 = CARTESIAN_POINT ( 'NONE',  ( 17.94288627868817088, -8.942680373430805574, 758.4586471953558657 ) ) ;
#3444 = CIRCLE ( 'NONE', #699, 8.900000000000003908 ) ;
#3445 = CARTESIAN_POINT ( 'NONE',  ( -3.754221465821771616E-14, -31.35000000000000142, 700.9422371214550367 ) ) ;
#3446 = CARTESIAN_POINT ( 'NONE',  ( -8.030364791908251476, -7.329819725463575963, 753.3828296598445604 ) ) ;
#3447 =( NAMED_UNIT ( * ) SI_UNIT ( $, .STERADIAN. ) SOLID_ANGLE_UNIT ( ) );
#3448 = CARTESIAN_POINT ( 'NONE',  ( 19.95941927282481743, 3.295148545101301174, 793.9610873755503917 ) ) ;
#3449 = CARTESIAN_POINT ( 'NONE',  ( 11.55271211590775415, -7.954009308218067176, 861.9040291944966157 ) ) ;
#3450 = EDGE_CURVE ( 'NONE', #4096, #976, #4991, .T. ) ;
#3451 = CARTESIAN_POINT ( 'NONE',  ( -9.521948330042544484, -21.85000000000000142, 908.9931498327478039 ) ) ;
#3452 = CARTESIAN_POINT ( 'NONE',  ( -139.5787016432977623, 82.85839808052062949, 842.0790406311102743 ) ) ;
#3453 = CARTESIAN_POINT ( 'NONE',  ( 7.199629652526590817, -6.377097003371650530, 798.3611625039872024 ) ) ;
#3454 = CARTESIAN_POINT ( 'NONE',  ( -3.989863994746656317E-14, -29.14999999999999858, 918.6123992834795899 ) ) ;
#3455 = CARTESIAN_POINT ( 'NONE',  ( -2.120152111349854707, -16.97211094646022644, 757.7598091910767835 ) ) ;
#3456 = DIRECTION ( 'NONE',  ( 0.8191525623785653742, 0.5735756964225233734, -4.695530338612962084E-06 ) ) ;
#3457 = CARTESIAN_POINT ( 'NONE',  ( -214.8134919917214916, 126.5107044939201586, 865.2803076157028954 ) ) ;
#3458 = VERTEX_POINT ( 'NONE', #640 ) ;
#3459 = CARTESIAN_POINT ( 'NONE',  ( -18.30794539362142004, -9.873868764175199431, 760.1917553873036013 ) ) ;
#3460 = ORIENTED_EDGE ( 'NONE', *, *, #2957, .T. ) ;
#3461 = CARTESIAN_POINT ( 'NONE',  ( 7.032672719152373020, -6.750765174610925179, 756.5308349009037556 ) ) ;
#3462 = CARTESIAN_POINT ( 'NONE',  ( 11.06661167687898661, -5.186178225972856382, 798.3611444227663014 ) ) ;
#3463 = CARTESIAN_POINT ( 'NONE',  ( -16.36139172830445432, -6.775956285244033594, 758.7405864346310409 ) ) ;
#3464 = ORIENTED_EDGE ( 'NONE', *, *, #1893, .T. ) ;
#3465 = DIRECTION ( 'NONE',  ( 0.000000000000000000, 0.000000000000000000, 1.000000000000000000 ) ) ;
#3466 = VECTOR ( 'NONE', #4580, 999.9999999999998863 ) ;
#3467 = CARTESIAN_POINT ( 'NONE',  ( -14.94734258544974992, -18.74356070833357180, 760.5704610732576612 ) ) ;
#3468 = EDGE_LOOP ( 'NONE', ( #5576, #669, #3122, #5101, #1481, #4463, #1232, #3220, #2477, #5432 ) ) ;
#3469 = CARTESIAN_POINT ( 'NONE',  ( 18.58098769531500594, -14.04010724277920019, 798.3611393655772872 ) ) ;
#3470 = CARTESIAN_POINT ( 'NONE',  ( -14.81888113053702938, -14.74820574474231627, 767.1285909166656438 ) ) ;
#3471 = SURFACE_STYLE_USAGE ( .BOTH. , #1291 ) ;
#3472 = CIRCLE ( 'NONE', #3100, 6.000000000000001776 ) ;
#3473 = B_SPLINE_CURVE_WITH_KNOTS ( 'NONE', 3,
 ( #4299, #5639, #1698, #4699 ),
 .UNSPECIFIED., .F., .F.,
 ( 4, 4 ),
 ( 1.110256905426074607E-16, 0.004400698634372418941 ),
 .UNSPECIFIED. ) ;
#3474 = FACE_OUTER_BOUND ( 'NONE', #382, .T. ) ;
#3475 = CARTESIAN_POINT ( 'NONE',  ( 11.80584963375954288, -10.74678896679322904, 898.4223474472030375 ) ) ;
#3476 = DIRECTION ( 'NONE',  ( -0.8191525623785657073, 0.5735756964225228183, -4.695530338680650181E-06 ) ) ;
#3477 = CARTESIAN_POINT ( 'NONE',  ( -211.5262070134546093, 131.2054339832248786, 857.0641459396186974 ) ) ;
#3478 = CARTESIAN_POINT ( 'NONE',  ( 8.705601644918035120, -21.85000000000000142, 700.9422371214550367 ) ) ;
#3479 = LINE ( 'NONE', #3454, #4522 ) ;
#3480 = CARTESIAN_POINT ( 'NONE',  ( -1.268228263257186628, -18.18878429200983859, 752.0743075445996055 ) ) ;
#3481 = CARTESIAN_POINT ( 'NONE',  ( 0.000000000000000000, -6.599999999999067057, 814.6999999999999318 ) ) ;
#3482 = CARTESIAN_POINT ( 'NONE',  ( -214.9212023287763031, 126.3568781907503649, 872.8541623529608842 ) ) ;
#3483 = ORIENTED_EDGE ( 'NONE', *, *, #2570, .F. ) ;
#3484 = CARTESIAN_POINT ( 'NONE',  ( -18.45567507621010250, -10.43691633162032062, 761.9013019394698176 ) ) ;
#3485 = VERTEX_POINT ( 'NONE', #2820 ) ;
#3486 = CARTESIAN_POINT ( 'NONE',  ( 12.93751755144877080, -11.68994493822633274, 755.6424585372266165 ) ) ;
#3487 = CARTESIAN_POINT ( 'NONE',  ( 14.15391797949201802, -15.03128152079230162, 750.5313417787913295 ) ) ;
#3488 = CARTESIAN_POINT ( 'NONE',  ( -15.63705700014207345, -6.102507861510472864, 760.8035395083535377 ) ) ;
#3489 = ORIENTED_EDGE ( 'NONE', *, *, #5299, .F. ) ;
#3490 = CARTESIAN_POINT ( 'NONE',  ( -23.19327598757340070, 2.163498259132447643, 780.0996861677801917 ) ) ;
#3491 = CARTESIAN_POINT ( 'NONE',  ( -14.99987153064823886, -20.06208114761877326, 784.1929468684930953 ) ) ;
#3492 = ORIENTED_EDGE ( 'NONE', *, *, #867, .T. ) ;
#3493 = CARTESIAN_POINT ( 'NONE',  ( -7.175873177888022109E-14, -10.20000000000000107, 814.6999999999999318 ) ) ;
#3494 = CARTESIAN_POINT ( 'NONE',  ( -8.904592200732837526, -7.927204624370845387, 751.5117957470513375 ) ) ;
#3495 = EDGE_CURVE ( 'NONE', #3575, #4533, #1274, .T. ) ;
#3496 = CARTESIAN_POINT ( 'NONE',  ( 5.876454871172717809, -6.199011696727304788, 815.0000000000000000 ) ) ;
#3497 = EDGE_CURVE ( 'NONE', #4497, #4772, #3472, .T. ) ;
#3498 = CARTESIAN_POINT ( 'NONE',  ( -6.823600641690399371, -6.522580025253240876, 814.9994093153612766 ) ) ;
#3499 = CARTESIAN_POINT ( 'NONE',  ( 22.80637416607118340, 2.716165861744336052, 793.9610779844896342 ) ) ;
#3500 = DIRECTION ( 'NONE',  ( 0.000000000000000000, 0.000000000000000000, -1.000000000000000000 ) ) ;
#3501 = CARTESIAN_POINT ( 'NONE',  ( -140.1650466161868849, 82.02101067622555775, 825.6424232743780749 ) ) ;
#3502 = DIRECTION ( 'NONE',  ( 1.000000000000000000, 0.000000000000000000, 0.000000000000000000 ) ) ;
#3503 = LINE ( 'NONE', #960, #1506 ) ;
#3504 = CARTESIAN_POINT ( 'NONE',  ( -5.501647125455414233, -6.045351598813012650, 767.9353439605287122 ) ) ;
#3505 = CARTESIAN_POINT ( 'NONE',  ( 69.07798701901242566, 32.44513085792647900, 790.8983764812750223 ) ) ;
#3506 = DIRECTION ( 'NONE',  ( 0.000000000000000000, 0.000000000000000000, -1.000000000000000000 ) ) ;
#3507 = CARTESIAN_POINT ( 'NONE',  ( -73.82339907387516575, 25.66798009060476460, 834.1156043882300537 ) ) ;
#3508 = VERTEX_POINT ( 'NONE', #1066 ) ;
#3509 = CARTESIAN_POINT ( 'NONE',  ( -18.56414034938565294, -12.17526182011423508, 769.3951394964733481 ) ) ;
#3510 = CARTESIAN_POINT ( 'NONE',  ( -27.52827388401953357, -7.514316862344639247, 793.9610873755503917 ) ) ;
#3511 = EDGE_LOOP ( 'NONE', ( #3054, #4206 ) ) ;
#3512 = VECTOR ( 'NONE', #3830, 1000.000000000000000 ) ;
#3513 = EDGE_CURVE ( 'NONE', #5490, #3265, #3156, .T. ) ;
#3514 = CARTESIAN_POINT ( 'NONE',  ( 14.80364718700056414, -17.57545423991529177, 755.3824795255899289 ) ) ;
#3515 = CARTESIAN_POINT ( 'NONE',  ( -17.10588461932819371, -7.356692342987583011, 757.8707328319237604 ) ) ;
#3516 = ORIENTED_EDGE ( 'NONE', *, *, #2154, .F. ) ;
#3517 = CARTESIAN_POINT ( 'NONE',  ( -14.03136159673598371, -5.305122684588281068, 767.6953138521810160 ) ) ;
#3518 = CARTESIAN_POINT ( 'NONE',  ( 0.000000000000000000, -20.00000000000000000, 700.9422371214550367 ) ) ;
#3519 = CARTESIAN_POINT ( 'NONE',  ( -13.86149139968881983, -14.26708556249680981, 749.7295908090604826 ) ) ;
#3520 = ORIENTED_EDGE ( 'NONE', *, *, #2550, .T. ) ;
#3521 = FACE_OUTER_BOUND ( 'NONE', #522, .T. ) ;
#3522 = CARTESIAN_POINT ( 'NONE',  ( -14.97801588963971398, -19.18782136455601872, 815.4790825779897432 ) ) ;
#3523 = CARTESIAN_POINT ( 'NONE',  ( -5.180378562550040478, -5.922633605281131253, 793.1903051023948592 ) ) ;
#3524 = CARTESIAN_POINT ( 'NONE',  ( -13.31310345399214690, -13.36480059955231425, 775.0992387595175614 ) ) ;
#3525 = CIRCLE ( 'NONE', #1246, 13.40000000000093294 ) ;
#3526 = CARTESIAN_POINT ( 'NONE',  ( 27.74058982294827658, -4.330854306458652658, 767.5312580700081071 ) ) ;
#3527 = FACE_OUTER_BOUND ( 'NONE', #4286, .T. ) ;
#3528 = CIRCLE ( 'NONE', #3067, 15.00000000000000000 ) ;
#3529 = CARTESIAN_POINT ( 'NONE',  ( 3.035216232012445836, -15.66526394649472564, 823.5053166903571764 ) ) ;
#3530 = EDGE_LOOP ( 'NONE', ( #2848, #3614, #4799, #1711 ) ) ;
#3531 = CARTESIAN_POINT ( 'NONE',  ( -3.754221465821750790E-14, -20.00000000000000000, 704.9922371214549912 ) ) ;
#3532 = CARTESIAN_POINT ( 'NONE',  ( 1.314161529515831650E-13, -18.14999999999993818, 704.9922371214549912 ) ) ;
#3533 = CARTESIAN_POINT ( 'NONE',  ( -6.712150738215092893, -6.585566191666358371, 758.0435194453003760 ) ) ;
#3534 = CARTESIAN_POINT ( 'NONE',  ( 140.1021443258540273, 82.11084445678450550, 878.9209195018609080 ) ) ;
#3535 = LINE ( 'NONE', #2169, #3572 ) ;
#3536 = CARTESIAN_POINT ( 'NONE',  ( -143.8076598242195985, 76.81881988384169802, 825.6424232743780749 ) ) ;
#3537 = ORIENTED_EDGE ( 'NONE', *, *, #4455, .T. ) ;
#3538 = CARTESIAN_POINT ( 'NONE',  ( -18.49182774151952557, -12.72346808627230352, 772.7028345382252610 ) ) ;
#3539 = DIRECTION ( 'NONE',  ( -1.000000000000000000, -2.589139516383113957E-15, 0.000000000000000000 ) ) ;
#3540 = CARTESIAN_POINT ( 'NONE',  ( 143.5796964708949304, 77.14438529250230658, 822.8784361029634056 ) ) ;
#3541 = CARTESIAN_POINT ( 'NONE',  ( 14.98085618098199490, -19.23615332343279505, 764.0412640964520961 ) ) ;
#3542 = CARTESIAN_POINT ( 'NONE',  ( -13.87067352028337197, -5.256457975885118650, 768.5649661362199367 ) ) ;
#3543 = ORIENTED_EDGE ( 'NONE', *, *, #1039, .F. ) ;
#3544 = EDGE_CURVE ( 'NONE', #3948, #5202, #2725, .T. ) ;
#3545 = CARTESIAN_POINT ( 'NONE',  ( -15.52255097955278629, -6.035072076814557818, 761.1873005319920367 ) ) ;
#3546 = CARTESIAN_POINT ( 'NONE',  ( 17.00296917126757634, -14.50224631376720019, 825.3843184257946177 ) ) ;
#3547 = CARTESIAN_POINT ( 'NONE',  ( -14.86875263887514365, -18.01895242118710172, 756.9299987920142030 ) ) ;
#3548 = ORIENTED_EDGE ( 'NONE', *, *, #5363, .T. ) ;
#3549 = DIRECTION ( 'NONE',  ( 0.000000000000000000, 0.000000000000000000, 1.000000000000000000 ) ) ;
#3550 = CARTESIAN_POINT ( 'NONE',  ( -14.50021851606832968, -16.14136360928880265, 858.4187186824376568 ) ) ;
#3551 = CARTESIAN_POINT ( 'NONE',  ( -5.189942628360584287, -5.925337063904103196, 773.1741978932135453 ) ) ;
#3552 = ORIENTED_EDGE ( 'NONE', *, *, #3072, .F. ) ;
#3553 = CIRCLE ( 'NONE', #5566, 9.700000000000001066 ) ;
#3554 = CARTESIAN_POINT ( 'NONE',  ( 0.000000000000000000, -20.00000000000000000, 700.9422371214550367 ) ) ;
#3555 = EDGE_CURVE ( 'NONE', #2710, #2042, #1411, .T. ) ;
#3556 = CARTESIAN_POINT ( 'NONE',  ( 0.000000000000000000, 0.000000000000000000, 814.6999999999999318 ) ) ;
#3557 = LINE ( 'NONE', #4846, #144 ) ;
#3558 = AXIS2_PLACEMENT_3D ( 'NONE', #2967, #845, #3426 ) ;
#3559 = PLANE ( 'NONE',  #4021 ) ;
#3560 = CARTESIAN_POINT ( 'NONE',  ( 2.112704018191791988, -16.98274792585794657, 853.2587429934861802 ) ) ;
#3561 = AXIS2_PLACEMENT_3D ( 'NONE', #4988, #3985, #4498 ) ;
#3562 = CARTESIAN_POINT ( 'NONE',  ( -7.337684057646963964, -6.574125749358809223, 814.7000000000076625 ) ) ;
#3563 = DIRECTION ( 'NONE',  ( 0.000000000000000000, 0.000000000000000000, -1.000000000000000000 ) ) ;
#3564 = CARTESIAN_POINT ( 'NONE',  ( -6.333584312053971210, -6.402730979301892944, 760.2387446507611912 ) ) ;
#3565 = CARTESIAN_POINT ( 'NONE',  ( 68.23069194241521984, 33.65519363269156372, 806.5968048697693575 ) ) ;
#3566 = CARTESIAN_POINT ( 'NONE',  ( 7.162181936570104178E-16, -4.999999999999997335, 720.9422371214550367 ) ) ;
#3567 = CARTESIAN_POINT ( 'NONE',  ( -213.8398178447561122, 127.9012552861246661, 851.7099731832515772 ) ) ;
#3568 = ORIENTED_EDGE ( 'NONE', *, *, #795, .T. ) ;
#3569 = CARTESIAN_POINT ( 'NONE',  ( -18.31627605481318710, -13.44294781955706064, 778.1488077644975192 ) ) ;
#3570 = DIRECTION ( 'NONE',  ( 1.467913908865468519E-14, -1.000000000000000000, 0.000000000000000000 ) ) ;
#3571 = CARTESIAN_POINT ( 'NONE',  ( 144.2176455449522905, 76.23329959398456879, 833.7075920478930584 ) ) ;
#3572 = VECTOR ( 'NONE', #1825, 1000.000000000000000 ) ;
#3573 = CARTESIAN_POINT ( 'NONE',  ( 13.63044988922896650, -13.73188357505165769, 749.2782744666858434 ) ) ;
#3574 = FACE_OUTER_BOUND ( 'NONE', #3511, .T. ) ;
#3575 = VERTEX_POINT ( 'NONE', #4963 ) ;
#3576 = CARTESIAN_POINT ( 'NONE',  ( -16.83385607460826350, -7.156515644082197092, 758.0871069008265977 ) ) ;
#3577 = CARTESIAN_POINT ( 'NONE',  ( 17.07425272080707046, -14.68125640250678643, 819.9090840979012000 ) ) ;
#3578 = CARTESIAN_POINT ( 'NONE',  ( -13.06186861810909505, -12.62519893140901672, 748.6621498449914043 ) ) ;
#3579 = EDGE_CURVE ( 'NONE', #716, #1828, #981, .T. ) ;
#3580 = EDGE_CURVE ( 'NONE', #3298, #2811, #121, .T. ) ;
#3581 = ORIENTED_EDGE ( 'NONE', *, *, #876, .F. ) ;
#3582 = DIRECTION ( 'NONE',  ( -1.000000000000000000, 0.000000000000000000, 0.000000000000000000 ) ) ;
#3583 = CARTESIAN_POINT ( 'NONE',  ( -12.90193239462070984, -12.34840098915104711, 894.7791703169358470 ) ) ;
#3584 = CARTESIAN_POINT ( 'NONE',  ( -14.11881062659062636, -13.00371059561239306, 758.5175691852502950 ) ) ;
#3585 = EDGE_CURVE ( 'NONE', #516, #3816, #4475, .T. ) ;
#3586 = ORIENTED_EDGE ( 'NONE', *, *, #892, .T. ) ;
#3587 = CARTESIAN_POINT ( 'NONE',  ( -3.754221465821771616E-14, -18.15000000000000213, 700.9422371214550367 ) ) ;
#3588 = CARTESIAN_POINT ( 'NONE',  ( -7.605642705021653960, -32.94098497203827947, 815.0000000000000000 ) ) ;
#3589 = CARTESIAN_POINT ( 'NONE',  ( 26.58943266888945445, -2.686870614397299128, 762.3686109100536896 ) ) ;
#3590 = CARTESIAN_POINT ( 'NONE',  ( -14.35375291362608507, -2.939172979699379962, 798.3611257275226762 ) ) ;
#3591 = CARTESIAN_POINT ( 'NONE',  ( 1.815050690279014889, -17.40784093281673250, 861.0829855602926273 ) ) ;
#3592 = FACE_OUTER_BOUND ( 'NONE', #4042, .T. ) ;
#3593 = CARTESIAN_POINT ( 'NONE',  ( 0.000000000000000000, -20.00000000000000000, 704.9922371214549912 ) ) ;
#3594 = CARTESIAN_POINT ( 'NONE',  ( -8.585283319853919792, -7.693971341532959585, 858.4184927995185035 ) ) ;
#3595 = CARTESIAN_POINT ( 'NONE',  ( 139.7499870315779162, 82.61377719466470637, 865.5312440160317919 ) ) ;
#3596 = CARTESIAN_POINT ( 'NONE',  ( 13.51816588104859562, -12.21113614428831440, 756.5166234653313495 ) ) ;
#3597 = DIRECTION ( 'NONE',  ( 0.000000000000000000, 1.000000000000000000, 0.000000000000000000 ) ) ;
#3598 = CARTESIAN_POINT ( 'NONE',  ( -213.7648643624950466, 128.0082999524152569, 851.2833256139222158 ) ) ;
#3599 = EDGE_LOOP ( 'NONE', ( #2577, #2340, #2153, #3756 ) ) ;
#3600 = CARTESIAN_POINT ( 'NONE',  ( -18.49705994863355940, -12.69253834923234159, 772.5004565880373093 ) ) ;
#3601 = CARTESIAN_POINT ( 'NONE',  ( 0.000000000000000000, -20.00000000000000000, 908.9931498327478039 ) ) ;
#3602 = CARTESIAN_POINT ( 'NONE',  ( 3.380398359958236565, -24.82771113804325225, 785.8764603994653726 ) ) ;
#3603 = CARTESIAN_POINT ( 'NONE',  ( 14.97948411244705902, -19.21543695312458055, 814.2754730036409683 ) ) ;
#3604 = LINE ( 'NONE', #3234, #1090 ) ;
#3605 = VECTOR ( 'NONE', #1933, 1000.000000000000000 ) ;
#3606 = CARTESIAN_POINT ( 'NONE',  ( -15.90221608559502009, -6.373131123639860007, 759.7946033616343584 ) ) ;
#3607 = CARTESIAN_POINT ( 'NONE',  ( 12.87690742003840683, -11.39524664499875506, 898.3767704989285221 ) ) ;
#3608 = CARTESIAN_POINT ( 'NONE',  ( -14.38476688513857127, -15.74711929250648446, 751.5057248681266628 ) ) ;
#3609 = ORIENTED_EDGE ( 'NONE', *, *, #2640, .F. ) ;
#3610 = CIRCLE ( 'NONE', #5076, 15.00000000000000000 ) ;
#3611 = CARTESIAN_POINT ( 'NONE',  ( 1.096291449007745808E-13, -5.000000000000003553, 817.0000000000000000 ) ) ;
#3612 = CARTESIAN_POINT ( 'NONE',  ( -12.70473873388851871, -12.01103956066837775, 893.8287945026780790 ) ) ;
#3613 = CARTESIAN_POINT ( 'NONE',  ( -13.09256943440118803, -11.80136288898994046, 755.8123082701671365 ) ) ;
#3614 = ORIENTED_EDGE ( 'NONE', *, *, #2861, .F. ) ;
#3615 = CARTESIAN_POINT ( 'NONE',  ( 5.889847564926371071, -5.780153861122318659, 720.9422371214556051 ) ) ;
#3616 = CARTESIAN_POINT ( 'NONE',  ( 7.321862195485802971, -6.585204315214041593, 816.3331056897482085 ) ) ;
#3617 = CARTESIAN_POINT ( 'NONE',  ( 21.12854525694116603, 1.625472396764619853, 795.4275990345909122 ) ) ;
#3618 = CARTESIAN_POINT ( 'NONE',  ( -15.76031406713403804, -1.979538273499403589, 798.3611177328596114 ) ) ;
#3619 = CARTESIAN_POINT ( 'NONE',  ( 0.07175931073545756267, -19.89751904168257113, 898.5981009540909099 ) ) ;
#3620 = EDGE_CURVE ( 'NONE', #642, #4808, #159, .T. ) ;
#3621 = CARTESIAN_POINT ( 'NONE',  ( 9.623798626322107808, -18.15000000000000568, 704.9922371214549912 ) ) ;
#3622 = CARTESIAN_POINT ( 'NONE',  ( 3.509629610087041218, -29.15000000000000213, 918.6123992834795899 ) ) ;
#3623 = CYLINDRICAL_SURFACE ( 'NONE', #5000, 8.900000000000003908 ) ;
#3624 = CARTESIAN_POINT ( 'NONE',  ( 139.5473877927549040, 82.90311889375672649, 848.7807608943043078 ) ) ;
#3625 = CARTESIAN_POINT ( 'NONE',  ( 11.81039167823998426, -9.726282503238554256, 756.9391925897247120 ) ) ;
#3626 = CARTESIAN_POINT ( 'NONE',  ( -14.99999999999987566, -18.19576589749032536, 708.9137093578714257 ) ) ;
#3627 = CARTESIAN_POINT ( 'NONE',  ( -72.28874990492468555, 27.85968624228951285, 786.1555536891546581 ) ) ;
#3628 = ORIENTED_EDGE ( 'NONE', *, *, #712, .F. ) ;
#3629 = CARTESIAN_POINT ( 'NONE',  ( -18.59101724787664622, -11.79560661312497238, 767.3775064576628893 ) ) ;
#3630 = ADVANCED_FACE ( 'NONE', ( #1871 ), #4016, .F. ) ;
#3631 = CARTESIAN_POINT ( 'NONE',  ( -12.77569961814981170, -12.13946435250243461, 897.5115752947741612 ) ) ;
#3632 = CARTESIAN_POINT ( 'NONE',  ( 2.120149864900132464, -23.02788976182627678, 757.7598091910765561 ) ) ;
#3633 = CARTESIAN_POINT ( 'NONE',  ( 5.377698834701782893, -5.995638752947258787, 798.8156271253170644 ) ) ;
#3634 = DIRECTION ( 'NONE',  ( 1.000000000000000000, 0.000000000000000000, 0.000000000000000000 ) ) ;
#3635 = CARTESIAN_POINT ( 'NONE',  ( -15.00328847219871697, -5.754535866364664187, 763.0415170918589638 ) ) ;
#3636 = CARTESIAN_POINT ( 'NONE',  ( 12.57197940452444129, -11.80402179228443060, 896.5601325197264941 ) ) ;
#3637 = CARTESIAN_POINT ( 'NONE',  ( -14.88853491638793081, -18.17467097177521396, 757.5958894732433464 ) ) ;
#3638 = ORIENTED_EDGE ( 'NONE', *, *, #1888, .T. ) ;
#3639 = LINE ( 'NONE', #4925, #45 ) ;
#3640 = CARTESIAN_POINT ( 'NONE',  ( -13.17199984920240219, -12.82103786592763406, 889.3187909370814168 ) ) ;
#3641 = CARTESIAN_POINT ( 'NONE',  ( -12.19822498253985188, -10.55312940727068849, 755.7622165976096085 ) ) ;
#3642 = VERTEX_POINT ( 'NONE', #487 ) ;
#3643 = LINE ( 'NONE', #5392, #2565 ) ;
#3644 = PLANE ( 'NONE',  #5618 ) ;
#3645 = AXIS2_PLACEMENT_3D ( 'NONE', #4836, #1622, #2935 ) ;
#3646 = CARTESIAN_POINT ( 'NONE',  ( -10.82870737832904062, -5.348761700115204576, 798.3611470006919717 ) ) ;
#3647 = CARTESIAN_POINT ( 'NONE',  ( -212.6586882202611832, 129.5880832050525271, 928.9205491098502989 ) ) ;
#3648 = EDGE_LOOP ( 'NONE', ( #2700, #5, #1050, #187 ) ) ;
#3649 = DIRECTION ( 'NONE',  ( 0.000000000000000000, 0.000000000000000000, -1.000000000000000000 ) ) ;
#3650 = DIRECTION ( 'NONE',  ( 0.5735756964288456494, 0.8191525623875962614, -0.000000000000000000 ) ) ;
#3651 = VECTOR ( 'NONE', #3070, 1000.000000000000000 ) ;
#3652 = CARTESIAN_POINT ( 'NONE',  ( -5.184258514598897527, -5.924366313581800547, 792.0445026815402798 ) ) ;
#3653 = CARTESIAN_POINT ( 'NONE',  ( 68.22753457357210038, 33.65970282271153735, 838.1419576932337350 ) ) ;
#3654 = CARTESIAN_POINT ( 'NONE',  ( 14.73673873484567132, -14.44627789482982294, 765.0923959505754510 ) ) ;
#3655 = CARTESIAN_POINT ( 'NONE',  ( -12.97765061050789193, -24.84781628452037694, 702.0839419949870717 ) ) ;
#3656 = CARTESIAN_POINT ( 'NONE',  ( -73.29780069934463427, 26.41861236153717840, 795.8869776389784647 ) ) ;
#3657 = VERTEX_POINT ( 'NONE', #189 ) ;
#3658 = CARTESIAN_POINT ( 'NONE',  ( 5.725692481812761838E-14, -20.00000000000000000, 817.0000000000000000 ) ) ;
#3659 = CARTESIAN_POINT ( 'NONE',  ( 17.10588461932819371, -7.356692342987583011, 757.8707328319237604 ) ) ;
#3660 = B_SPLINE_CURVE_WITH_KNOTS ( 'NONE', 3,
 ( #4414, #493, #4850, #926 ),
 .UNSPECIFIED., .F., .F.,
 ( 4, 4 ),
 ( 0.6970679122566099117, 1.000000000000000000 ),
 .UNSPECIFIED. ) ;
#3661 = CARTESIAN_POINT ( 'NONE',  ( 73.29780069934463427, 26.41861236153717840, 795.8869776389784647 ) ) ;
#3662 = CARTESIAN_POINT ( 'NONE',  ( 6.772332840965536782, -6.615771880381435821, 757.7258767355256168 ) ) ;
#3663 = EDGE_CURVE ( 'NONE', #5452, #3298, #4571, .T. ) ;
#3664 = CARTESIAN_POINT ( 'NONE',  ( -10.80106930396448917, -5.739671165475511927, 818.2886544618036169 ) ) ;
#3665 = CARTESIAN_POINT ( 'NONE',  ( -17.68907042403814600, -8.102684644252601487, 757.8104676105564295 ) ) ;
#3666 = CARTESIAN_POINT ( 'NONE',  ( 12.66105136331762715, -11.94225397350307105, 894.7391447061818326 ) ) ;
#3667 = CARTESIAN_POINT ( 'NONE',  ( -6.915648909698781210, -6.689244926928977542, 757.0399605706141983 ) ) ;
#3668 = ORIENTED_EDGE ( 'NONE', *, *, #116, .T. ) ;
#3669 = CARTESIAN_POINT ( 'NONE',  ( 14.83961821965472083, -17.81212705662809270, 756.1651799501847790 ) ) ;
#3670 = CARTESIAN_POINT ( 'NONE',  ( 9.725845257051405568, -28.77119920480106074, 701.5946399063285526 ) ) ;
#3671 = CARTESIAN_POINT ( 'NONE',  ( -12.93751755144877080, -11.68994493822633274, 755.6424585372266165 ) ) ;
#3672 = ORIENTED_EDGE ( 'NONE', *, *, #294, .T. ) ;
#3673 = CARTESIAN_POINT ( 'NONE',  ( 2.881625410236338276E-14, -29.14999999999999858, 704.9922371214549912 ) ) ;
#3674 = CARTESIAN_POINT ( 'NONE',  ( 16.94009553509880206, -7.237079619825174781, 757.9882221874878496 ) ) ;
#3675 = LINE ( 'NONE', #955, #3295 ) ;
#3676 = ORIENTED_EDGE ( 'NONE', *, *, #3341, .T. ) ;
#3677 = DIRECTION ( 'NONE',  ( -0.8191525623785661514, 0.5735756964225222632, -4.695530338612960390E-06 ) ) ;
#3678 = FACE_OUTER_BOUND ( 'NONE', #4896, .T. ) ;
#3679 = CARTESIAN_POINT ( 'NONE',  ( -5.662727046224574678, -6.109948723439881491, 807.2975275328627731 ) ) ;
#3680 = CARTESIAN_POINT ( 'NONE',  ( 211.7787530790300252, 130.8447608230638650, 908.4774181482807762 ) ) ;
#3681 = CARTESIAN_POINT ( 'NONE',  ( 14.32205612858927424, -13.32078433226184089, 759.8345622363372058 ) ) ;
#3682 = CARTESIAN_POINT ( 'NONE',  ( -3.754211243532627220E-14, -29.81666666666666998, 700.9422371214550367 ) ) ;
#3683 = CARTESIAN_POINT ( 'NONE',  ( -70.71123809614225308, 30.11260658761453612, 782.9757322507873596 ) ) ;
#3684 = ORIENTED_EDGE ( 'NONE', *, *, #1354, .F. ) ;
#3685 = CARTESIAN_POINT ( 'NONE',  ( -17.46252406296805049, -14.84206074111310514, 798.3611467324813020 ) ) ;
#3686 = CARTESIAN_POINT ( 'NONE',  ( 18.19120742425238646, -9.632149294278644192, 759.5648071891765767 ) ) ;
#3687 = CARTESIAN_POINT ( 'NONE',  ( 72.17653637867742589, 28.01994376612942617, 785.5131440271468364 ) ) ;
#3688 = CARTESIAN_POINT ( 'NONE',  ( 7.032672719152373020, -6.750765174610925179, 756.5308349009037556 ) ) ;
#3689 = CARTESIAN_POINT ( 'NONE',  ( -2.645435776920376902, -23.77807579004770133, 837.6034530560607436 ) ) ;
#3690 = CARTESIAN_POINT ( 'NONE',  ( -17.47141305698258051, -7.639803269810819586, 757.7511434511783364 ) ) ;
#3691 = FILL_AREA_STYLE ('',( #1951 ) ) ;
#3692 = CARTESIAN_POINT ( 'NONE',  ( -10.18276254232547728, -8.983943906158897263, 749.6604304619214645 ) ) ;
#3693 = ORIENTED_EDGE ( 'NONE', *, *, #1070, .T. ) ;
#3694 = EDGE_CURVE ( 'NONE', #113, #5452, #69, .T. ) ;
#3695 = CARTESIAN_POINT ( 'NONE',  ( 14.80364718700056414, -17.57545423991529177, 755.3824795255899289 ) ) ;
#3696 = CARTESIAN_POINT ( 'NONE',  ( 5.564204347921334559, -5.868959958640527219, 704.9899053907535063 ) ) ;
#3697 = CARTESIAN_POINT ( 'NONE',  ( -14.34062950436857165, -13.36112573407419468, 759.9972263473991916 ) ) ;
#3698 = EDGE_LOOP ( 'NONE', ( #1615, #4838, #3287, #2870 ) ) ;
#3699 = CARTESIAN_POINT ( 'NONE',  ( -26.15728155937117805, -2.069698580914480779, 761.7702164738192323 ) ) ;
#3700 = CARTESIAN_POINT ( 'NONE',  ( 214.9154650257126207, 126.3650719086855077, 878.2022096739691506 ) ) ;
#3701 = AXIS2_PLACEMENT_3D ( 'NONE', #1648, #4275, #363 ) ;
#3702 = CARTESIAN_POINT ( 'NONE',  ( 13.87067352028337197, -5.256457975885118650, 768.5649661362199367 ) ) ;
#3703 = CIRCLE ( 'NONE', #1234, 1.000000000000153877 ) ;
#3704 = CARTESIAN_POINT ( 'NONE',  ( -6.801495118449955690, -33.36935541279760287, 815.0000000000000000 ) ) ;
#3705 = ORIENTED_EDGE ( 'NONE', *, *, #1199, .F. ) ;
#3706 = CARTESIAN_POINT ( 'NONE',  ( 7.857142857142850545, -32.77753129999877046, 815.0000000000000000 ) ) ;
#3707 = CARTESIAN_POINT ( 'NONE',  ( 28.13288565848731082, -7.075125848385196647, 793.9610838671504780 ) ) ;
#3708 = CARTESIAN_POINT ( 'NONE',  ( 0.000000000000000000, -19.99999999999988276, 908.9931498327478039 ) ) ;
#3709 = CARTESIAN_POINT ( 'NONE',  ( 70.12952788261246440, 30.94337486956851535, 894.4300681264768400 ) ) ;
#3710 = CARTESIAN_POINT ( 'NONE',  ( 8.719716634000999278, -7.182651718862604007, 782.0662385239888863 ) ) ;
#3711 = CARTESIAN_POINT ( 'NONE',  ( -14.13104004135941949, -14.43579565207867965, 708.3531659339975022 ) ) ;
#3712 = CARTESIAN_POINT ( 'NONE',  ( -69.80981571834968236, 31.39997115969180541, 785.5131440271471774 ) ) ;
#3713 = ORIENTED_EDGE ( 'NONE', *, *, #1888, .F. ) ;
#3714 = LINE ( 'NONE', #4604, #2381 ) ;
#3715 = CARTESIAN_POINT ( 'NONE',  ( 17.71908065773819274, -8.214281031099343267, 757.8523679864638325 ) ) ;
#3716 = B_SPLINE_CURVE_WITH_KNOTS ( 'NONE', 3,
 ( #2837, #2865, #5064, #1887 ),
 .UNSPECIFIED., .F., .F.,
 ( 4, 4 ),
 ( 0.0008211173600842138626, 0.01746095508837429422 ),
 .UNSPECIFIED. ) ;
#3717 = CARTESIAN_POINT ( 'NONE',  ( 213.0434371741623352, 129.0386047534421436, 849.5127573054589902 ) ) ;
#3718 = AXIS2_PLACEMENT_3D ( 'NONE', #2213, #1785, #5272 ) ;
#3719 = CARTESIAN_POINT ( 'NONE',  ( -8.900000000000003908, -19.99999999999988276, 700.9422371214550367 ) ) ;
#3720 = DIRECTION ( 'NONE',  ( 0.000000000000000000, 0.000000000000000000, -1.000000000000000000 ) ) ;
#3721 = ORIENTED_EDGE ( 'NONE', *, *, #4804, .F. ) ;
#3722 = CARTESIAN_POINT ( 'NONE',  ( -16.99210065326958485, -7.275607539223246434, 757.9452683515157787 ) ) ;
#3723 = CARTESIAN_POINT ( 'NONE',  ( -7.992787763259115330, -7.304682140229037834, 753.4596223615470763 ) ) ;
#3724 = EDGE_LOOP ( 'NONE', ( #4691, #3548, #1379, #2822 ) ) ;
#3725 = CARTESIAN_POINT ( 'NONE',  ( 14.90358347039982512, -18.30187318369571869, 758.1962883823230186 ) ) ;
#3726 = CARTESIAN_POINT ( 'NONE',  ( 14.13104004135940706, -25.56420434792132923, 708.3531659339987527 ) ) ;
#3727 = CARTESIAN_POINT ( 'NONE',  ( -8.589906498241774102, -7.141648177060551106, 784.8624220629955062 ) ) ;
#3728 = EDGE_CURVE ( 'NONE', #2358, #5386, #2745, .T. ) ;
#3729 = ORIENTED_EDGE ( 'NONE', *, *, #3495, .F. ) ;
#3730 = DIRECTION ( 'NONE',  ( -0.000000000000000000, -0.000000000000000000, 1.000000000000000000 ) ) ;
#3731 = CARTESIAN_POINT ( 'NONE',  ( 0.2368115560908972683, -20.33820391007931150, 895.4747572093665440 ) ) ;
#3732 = CARTESIAN_POINT ( 'NONE',  ( 16.75996837062676548, -7.098561287165915168, 758.1643687320358822 ) ) ;
#3733 = CARTESIAN_POINT ( 'NONE',  ( -11.85972909375892037, -10.81258587250577463, 748.4679683697585233 ) ) ;
#3734 = EDGE_CURVE ( 'NONE', #1665, #1866, #1340, .T. ) ;
#3735 = FACE_OUTER_BOUND ( 'NONE', #1435, .T. ) ;
#3736 = CARTESIAN_POINT ( 'NONE',  ( 22.25344863061776124, 2.343533753188641988, 793.9610811148264702 ) ) ;
#3737 = CARTESIAN_POINT ( 'NONE',  ( -8.850841448996991545, -7.588730273001623949, 829.1184798504866649 ) ) ;
#3738 = CARTESIAN_POINT ( 'NONE',  ( 6.010401438837447152, -6.256613246358218916, 820.0681447547419793 ) ) ;
#3739 = CARTESIAN_POINT ( 'NONE',  ( 8.402861432933221408, -7.271510746288923244, 814.1589880621618249 ) ) ;
#3740 = CARTESIAN_POINT ( 'NONE',  ( 17.20104220776342174, -15.02954889484851897, 798.3611473381444057 ) ) ;
#3741 = CARTESIAN_POINT ( 'NONE',  ( -142.2209101187737303, 79.08493331287260730, 816.2871264268952700 ) ) ;
#3742 = ORIENTED_EDGE ( 'NONE', *, *, #3871, .F. ) ;
#3743 = CIRCLE ( 'NONE', #5023, 1.000000000000153877 ) ;
#3744 = CARTESIAN_POINT ( 'NONE',  ( -14.97571229811211779, -19.14674349165864342, 816.9999999065702241 ) ) ;
#3745 = EDGE_CURVE ( 'NONE', #4132, #4695, #3643, .T. ) ;
#3746 = CARTESIAN_POINT ( 'NONE',  ( 17.77612733551207214, -8.422746944103698397, 757.9680729531262386 ) ) ;
#3747 = CARTESIAN_POINT ( 'NONE',  ( 71.27511400887473769, 29.30730832679565268, 782.9757322507875870 ) ) ;
#3748 = CARTESIAN_POINT ( 'NONE',  ( 8.904592200732837526, -7.927204624370845387, 751.5117957470513375 ) ) ;
#3749 = CARTESIAN_POINT ( 'NONE',  ( -7.337685345909606305, -6.574124847309334108, 817.0000000000000000 ) ) ;
#3750 = ORIENTED_EDGE ( 'NONE', *, *, #1185, .F. ) ;
#3751 = ADVANCED_FACE ( 'NONE', ( #5419 ), #1496, .T. ) ;
#3752 = CIRCLE ( 'NONE', #5295, 13.40000000000093294 ) ;
#3753 = EDGE_CURVE ( 'NONE', #2946, #216, #4619, .T. ) ;
#3754 = CARTESIAN_POINT ( 'NONE',  ( -18.09638376816991467, -9.382388675870821260, 759.0989066268292618 ) ) ;
#3755 = CARTESIAN_POINT ( 'NONE',  ( -7.234911142952779706, -6.860134518832968986, 755.7543942604665972 ) ) ;
#3756 = ORIENTED_EDGE ( 'NONE', *, *, #2314, .F. ) ;
#3757 = CARTESIAN_POINT ( 'NONE',  ( 14.96965590890452802, -19.04139912916325628, 762.4797357138047573 ) ) ;
#3758 = CARTESIAN_POINT ( 'NONE',  ( 0.000000000000000000, -4.999999999999996447, 704.4293619668793554 ) ) ;
#3759 = CARTESIAN_POINT ( 'NONE',  ( -8.402861432933221408, -7.271510746288923244, 814.1589880621618249 ) ) ;
#3760 = ORIENTED_EDGE ( 'NONE', *, *, #3912, .F. ) ;
#3761 = EDGE_CURVE ( 'NONE', #716, #2069, #1739, .T. ) ;
#3762 = CARTESIAN_POINT ( 'NONE',  ( -28.19216970907741882, -4.975744714435839100, 771.6534696563576290 ) ) ;
#3763 = CARTESIAN_POINT ( 'NONE',  ( 213.5528611344563501, 128.3110719399617494, 923.5905908678751075 ) ) ;
#3764 = CARTESIAN_POINT ( 'NONE',  ( 17.54575875331462242, -7.729567025795906154, 757.7469360966891827 ) ) ;
#3765 = EDGE_CURVE ( 'NONE', #1468, #58, #95, .T. ) ;
#3766 = CARTESIAN_POINT ( 'NONE',  ( -14.85286438978138257, -17.90401810398900651, 756.4929693552173831 ) ) ;
#3767 = CARTESIAN_POINT ( 'NONE',  ( -3.754221465821771616E-14, -21.85000000000000142, 700.9422371214550367 ) ) ;
#3768 = CARTESIAN_POINT ( 'NONE',  ( 13.07983910921027260, -12.65495144096246882, 891.1382887185379786 ) ) ;
#3769 = CARTESIAN_POINT ( 'NONE',  ( -7.606607995494672814, -32.94032285648429337, 814.9862441344746458 ) ) ;
#3770 = CARTESIAN_POINT ( 'NONE',  ( -11.40413249196310019, -6.913269290467852990, 847.2936001339819541 ) ) ;
#3771 = CARTESIAN_POINT ( 'NONE',  ( -1.815050690279014889, -17.40784093281673250, 861.0829855602926273 ) ) ;
#3772 = CARTESIAN_POINT ( 'NONE',  ( 18.39856387919909153, -10.08504084147714508, 760.8484516808856597 ) ) ;
#3773 = CARTESIAN_POINT ( 'NONE',  ( 1.382374633031004718, -18.02576638154051381, 752.6280532337594877 ) ) ;
#3774 = CARTESIAN_POINT ( 'NONE',  ( -3.961692553145184981, -8.938015905165940467, 817.0000000000000000 ) ) ;
#3775 = CARTESIAN_POINT ( 'NONE',  ( 18.24687788285518764, -9.750109753884160568, 759.8542092048035101 ) ) ;
#3776 = CARTESIAN_POINT ( 'NONE',  ( 212.4264963753010420, 129.9196875256133410, 850.3677477735927823 ) ) ;
#3777 = DIRECTION ( 'NONE',  ( 0.5735778092126486705, -0.8191510829992342257, 0.000000000000000000 ) ) ;
#3778 = CARTESIAN_POINT ( 'NONE',  ( 3.491060010942229397, -29.05000000000000426, 704.9922371214549912 ) ) ;
#3779 = CARTESIAN_POINT ( 'NONE',  ( -2.112701772637088027, -23.01725278370677685, 853.2587429767253298 ) ) ;
#3780 = ORIENTED_EDGE ( 'NONE', *, *, #4388, .F. ) ;
#3781 = CARTESIAN_POINT ( 'NONE',  ( -17.68335935999887809, -8.082247744858387151, 757.8038441204723767 ) ) ;
#3782 = CARTESIAN_POINT ( 'NONE',  ( -8.439200732186012743, -7.599197781433161047, 752.4421304083058430 ) ) ;
#3783 = ORIENTED_EDGE ( 'NONE', *, *, #4757, .F. ) ;
#3784 = CARTESIAN_POINT ( 'NONE',  ( 14.98085618098199490, -19.23615332343279505, 764.0412640964520961 ) ) ;
#3785 = CARTESIAN_POINT ( 'NONE',  ( -17.09434667633230731, -14.95902408538431061, 810.7852056509921113 ) ) ;
#3786 = CARTESIAN_POINT ( 'NONE',  ( -18.48169822953306252, -10.62384917244404114, 762.4754317058174138 ) ) ;
#3787 = ORIENTED_EDGE ( 'NONE', *, *, #5587, .F. ) ;
#3788 = CARTESIAN_POINT ( 'NONE',  ( -24.09468114488260682, 0.8760602290442228712, 768.4246774668481521 ) ) ;
#3789 = CARTESIAN_POINT ( 'NONE',  ( 3.365608941330175963, -24.80658965930871318, 804.6950097304066958 ) ) ;
#3790 = CARTESIAN_POINT ( 'NONE',  ( 17.48125792647222454, -7.649031884372876178, 757.7498260559520986 ) ) ;
#3791 = B_SPLINE_CURVE_WITH_KNOTS ( 'NONE', 3,
 ( #2985, #4725, #836, #4320, #3819, #407, #2157, #5638, #5235, #5560, #1644, #3469, #1317 ),
 .UNSPECIFIED., .F., .F.,
 ( 4, 3, 3, 3, 4 ),
 ( -0.001935364689502748915, -4.336808689942017736E-19, 0.001277052511106047117, 0.006385264197185097981, 0.01051397257472756752 ),
 .UNSPECIFIED. ) ;
#3792 = CARTESIAN_POINT ( 'NONE',  ( -14.96199097565974157, -18.92426713624784895, 761.6678715680956202 ) ) ;
#3793 = CARTESIAN_POINT ( 'NONE',  ( 12.73301196757306464, -12.07091390930580488, 898.4223512889094536 ) ) ;
#3794 = DIRECTION ( 'NONE',  ( 0.8191525623785653742, 0.5735756964225233734, -4.695530338612962084E-06 ) ) ;
#3795 = CARTESIAN_POINT ( 'NONE',  ( -11.66641036913266838, -8.827207048579717608, 872.8561320053364625 ) ) ;
#3796 = VECTOR ( 'NONE', #1105, 1000.000000000000000 ) ;
#3797 = CARTESIAN_POINT ( 'NONE',  ( 211.6520365340881540, 131.0257308041436772, 904.9188924165894150 ) ) ;
#3798 = CARTESIAN_POINT ( 'NONE',  ( 10.76395471739449761, -8.456367516333974876, 761.8856207709792443 ) ) ;
#3799 = AXIS2_PLACEMENT_3D ( 'NONE', #3063, #5641, #2637 ) ;
#3800 = CARTESIAN_POINT ( 'NONE',  ( -70.89691278458259660, 29.84743565141605615, 782.8460906387923615 ) ) ;
#3801 = ADVANCED_FACE ( 'NONE', ( #5074 ), #330, .F. ) ;
#3802 = CYLINDRICAL_SURFACE ( 'NONE', #369, 1.000000000000153877 ) ;
#3803 = CARTESIAN_POINT ( 'NONE',  ( 10.84955932571927484, -5.758365010819378682, 819.6799057683604133 ) ) ;
#3804 = CARTESIAN_POINT ( 'NONE',  ( 142.3993633244665205, 78.83007572286668108, 816.5699116640075772 ) ) ;
#3805 = CARTESIAN_POINT ( 'NONE',  ( -21.12854525694116603, 1.625472396764619853, 795.4275990345909122 ) ) ;
#3806 = CARTESIAN_POINT ( 'NONE',  ( 0.000000000000000000, -35.00000000000002842, 1.396914652391930201E-15 ) ) ;
#3807 = ORIENTED_EDGE ( 'NONE', *, *, #5587, .T. ) ;
#3808 = EDGE_CURVE ( 'NONE', #4189, #3485, #4140, .T. ) ;
#3809 = CARTESIAN_POINT ( 'NONE',  ( -18.56736053791085439, -11.31018756033697059, 765.0613647080230066 ) ) ;
#3810 = VECTOR ( 'NONE', #3017, 1000.000000000000000 ) ;
#3811 = CARTESIAN_POINT ( 'NONE',  ( -5.170112419764962830, -5.919162984516574966, 791.4529145137469186 ) ) ;
#3812 = ORIENTED_EDGE ( 'NONE', *, *, #3824, .F. ) ;
#3813 = CARTESIAN_POINT ( 'NONE',  ( 5.377698834701782893, -5.995638752947258787, 798.8156271253170644 ) ) ;
#3814 = CARTESIAN_POINT ( 'NONE',  ( 5.564204347921345217, -34.13104004135949054, 704.9899053907539610 ) ) ;
#3815 = CARTESIAN_POINT ( 'NONE',  ( -18.53000718096756927, -11.00746595174101827, 763.8063928629111388 ) ) ;
#3816 = VERTEX_POINT ( 'NONE', #2530 ) ;
#3817 = CARTESIAN_POINT ( 'NONE',  ( -25.95791463779301722, -1.784973094270536409, 761.7051815996077266 ) ) ;
#3818 = CARTESIAN_POINT ( 'NONE',  ( 144.2227194088519866, 76.22605336536975074, 865.5312440156620823 ) ) ;
#3819 = CARTESIAN_POINT ( 'NONE',  ( 25.65640253257136649, -8.956965741559359984, 798.3610984696326796 ) ) ;
#3820 = CARTESIAN_POINT ( 'NONE',  ( -13.49786846575258181, -13.44624311648605008, 749.0735789771794089 ) ) ;
#3821 = CARTESIAN_POINT ( 'NONE',  ( -22.25344863061776124, 2.343533753188641988, 793.9610811148264702 ) ) ;
#3822 = CARTESIAN_POINT ( 'NONE',  ( -15.11073363544572068, -17.67519352322635839, 815.4666666666666970 ) ) ;
#3823 = CARTESIAN_POINT ( 'NONE',  ( -8.411658817917482267, -7.276451466523656819, 814.4785852401577131 ) ) ;
#3824 = EDGE_CURVE ( 'NONE', #2981, #1828, #3752, .T. ) ;
#3825 = CARTESIAN_POINT ( 'NONE',  ( 11.78762032798524295, -9.430816066458111990, 880.1528684033626178 ) ) ;
#3826 = CARTESIAN_POINT ( 'NONE',  ( 18.47246513000068902, -12.91165216134852578, 773.7708353575918636 ) ) ;
#3827 = CARTESIAN_POINT ( 'NONE',  ( -68.15603386191237689, 33.76181642154921292, 809.9509860136053021 ) ) ;
#3828 = CARTESIAN_POINT ( 'NONE',  ( 0.000000000000000000, -29.15000000000000213, 704.9922371214549912 ) ) ;
#3829 = PRODUCT_RELATED_PRODUCT_CATEGORY ( 'part', '', ( #1814 ) ) ;
#3830 = DIRECTION ( 'NONE',  ( 0.000000000000000000, 0.000000000000000000, 1.000000000000000000 ) ) ;
#3831 = CARTESIAN_POINT ( 'NONE',  ( 139.8863350303213053, 82.41905207203608086, 830.3644444181433073 ) ) ;
#3832 = CARTESIAN_POINT ( 'NONE',  ( -14.98889148335365640, -19.42282353429881425, 807.4220951254070542 ) ) ;
#3833 = CARTESIAN_POINT ( 'NONE',  ( -73.83031823507215563, 25.65809850433306138, 809.9509860136055295 ) ) ;
#3834 = VECTOR ( 'NONE', #971, 1000.000000000000000 ) ;
#3835 = ORIENTED_EDGE ( 'NONE', *, *, #3967, .F. ) ;
#3836 = CARTESIAN_POINT ( 'NONE',  ( -18.44777368675500995, -10.38087267575031092, 761.7296898116668444 ) ) ;
#3837 = CARTESIAN_POINT ( 'NONE',  ( -5.184919608720178985, -5.924609752955409370, 773.9846362868219103 ) ) ;
#3838 = AXIS2_PLACEMENT_3D ( 'NONE', #3258, #1081, #230 ) ;
#3839 = ORIENTED_EDGE ( 'NONE', *, *, #4575, .T. ) ;
#3840 = EDGE_CURVE ( 'NONE', #2435, #1396, #1693, .T. ) ;
#3841 = CARTESIAN_POINT ( 'NONE',  ( 8.562933104301775344, -7.682519450211517054, 752.1722507291482316 ) ) ;
#3842 = CARTESIAN_POINT ( 'NONE',  ( 15.11073363544572068, -17.67519352322635839, 796.8678772901432694 ) ) ;
#3843 = CARTESIAN_POINT ( 'NONE',  ( -18.39856387919909153, -10.08504084147714508, 760.8484516808856597 ) ) ;
#3844 = AXIS2_PLACEMENT_3D ( 'NONE', #490, #3248, #924 ) ;
#3845 = EDGE_LOOP ( 'NONE', ( #1857, #5403, #657, #4209 ) ) ;
#3846 = CARTESIAN_POINT ( 'NONE',  ( -13.49400367088711583, -5.160437450995405406, 770.7539393542125481 ) ) ;
#3847 = CARTESIAN_POINT ( 'NONE',  ( -14.99361608621105546, -19.55876967214809881, 767.5588167173382317 ) ) ;
#3848 = CARTESIAN_POINT ( 'NONE',  ( 18.28426260954185523, -9.825916644967996660, 760.0555487201992264 ) ) ;
#3849 = CARTESIAN_POINT ( 'NONE',  ( 4.918255542663465691E-14, -35.00000000000000000, 720.9422371214550367 ) ) ;
#3850 = CARTESIAN_POINT ( 'NONE',  ( -14.24846746999179103, -15.30929299013536848, 750.8814212822940135 ) ) ;
#3851 = LINE ( 'NONE', #4323, #4741 ) ;
#3852 = CARTESIAN_POINT ( 'NONE',  ( -6.077417221801474589, -33.71367929886615400, 816.9999999999998863 ) ) ;
#3853 = CARTESIAN_POINT ( 'NONE',  ( 0.000000000000000000, -20.00000000000000000, 704.9922371214549912 ) ) ;
#3854 = CARTESIAN_POINT ( 'NONE',  ( -12.43849256331631636, -10.77700462679661797, 897.4660634145983522 ) ) ;
#3855 = CARTESIAN_POINT ( 'NONE',  ( 10.68022300459896456, -5.694504994482616489, 814.4342257821446083 ) ) ;
#3856 = CARTESIAN_POINT ( 'NONE',  ( 18.25718008275293869, -9.771279802080810484, 759.9086858980650732 ) ) ;
#3857 = CARTESIAN_POINT ( 'NONE',  ( -68.06150663204707030, 33.89681529646372837, 822.0333090947084429 ) ) ;
#3858 = CARTESIAN_POINT ( 'NONE',  ( -3.989863994746656317E-14, -29.14999999999999858, 814.6999999999999318 ) ) ;
#3859 = CARTESIAN_POINT ( 'NONE',  ( 15.12115732945295221, -17.69009104222036655, 815.6669926009477649 ) ) ;
#3860 = CARTESIAN_POINT ( 'NONE',  ( -1.986508815701226727, -17.16297335275526237, 756.6067952899247757 ) ) ;
#3861 = CARTESIAN_POINT ( 'NONE',  ( -14.99674644509160260, -19.68757370130797923, 799.9266114752250587 ) ) ;
#3862 = CARTESIAN_POINT ( 'NONE',  ( -214.8923957692268232, 126.3980182213512222, 880.8759552180507626 ) ) ;
#3863 = ORIENTED_EDGE ( 'NONE', *, *, #3544, .T. ) ;
#3864 = CARTESIAN_POINT ( 'NONE',  ( -18.40949719892284264, -10.13421918914504616, 760.9958217251671613 ) ) ;
#3865 = VERTEX_POINT ( 'NONE', #4348 ) ;
#3866 = CARTESIAN_POINT ( 'NONE',  ( 10.02619291305561688, -8.839981154539421127, 749.8372442452146061 ) ) ;
#3867 = DIRECTION ( 'NONE',  ( 0.8191521718586136647, 0.5735762541627017486, 0.000000000000000000 ) ) ;
#3868 = CARTESIAN_POINT ( 'NONE',  ( -16.61398414585420369, -6.982756261351055649, 758.3458707703181290 ) ) ;
#3869 = ORIENTED_EDGE ( 'NONE', *, *, #1547, .T. ) ;
#3870 = CARTESIAN_POINT ( 'NONE',  ( -22.80637416607118340, 2.716165861744336052, 793.9610779844896342 ) ) ;
#3871 = EDGE_CURVE ( 'NONE', #1086, #1439, #791, .T. ) ;
#3872 = CARTESIAN_POINT ( 'NONE',  ( -14.99990463136464669, -20.05376441372831664, 779.4673650252881316 ) ) ;
#3873 = CARTESIAN_POINT ( 'NONE',  ( 17.46252406296805049, -14.84206074111310514, 798.3611467324813020 ) ) ;
#3874 = PLANE ( 'NONE',  #3266 ) ;
#3875 = CARTESIAN_POINT ( 'NONE',  ( -14.97624018671692170, -15.54783659039939181, 773.4565925991236099 ) ) ;
#3876 = PLANE ( 'NONE',  #3379 ) ;
#3877 = DIRECTION ( 'NONE',  ( 1.000000000000000000, 0.000000000000000000, 0.000000000000000000 ) ) ;
#3878 = CARTESIAN_POINT ( 'NONE',  ( 12.05129099556706862, -11.05578036425738730, 897.4704748240873187 ) ) ;
#3879 = LINE ( 'NONE', #290, #59 ) ;
#3880 = CARTESIAN_POINT ( 'NONE',  ( -140.3930099695071760, 81.69544526757059089, 822.8784361029636329 ) ) ;
#3881 = CARTESIAN_POINT ( 'NONE',  ( -9.623798626322104255, -21.85000000000000497, 704.9922371214549912 ) ) ;
#3882 = SURFACE_STYLE_FILL_AREA ( #3427 ) ;
#3884 = CARTESIAN_POINT ( 'NONE',  ( 211.8505079137356120, 130.7422842989029448, 853.5447280509515622 ) ) ;
#3883 = CIRCLE ( 'NONE', #1416, 6.000000000000001776 ) ;
#3885 = CARTESIAN_POINT ( 'NONE',  ( 7.337685345909606305, -6.574124847309334108, 815.0005317256923263 ) ) ;
#3886 = CIRCLE ( 'NONE', #3432, 13.40000000000093294 ) ;
#3887 = CARTESIAN_POINT ( 'NONE',  ( -3.416300187990132908, -24.87898426218540493, 790.5809672639373957 ) ) ;
#3888 = ORIENTED_EDGE ( 'NONE', *, *, #4931, .F. ) ;
#3889 = CARTESIAN_POINT ( 'NONE',  ( -18.34227346584859575, -9.944861811609266411, 760.4052588026339663 ) ) ;
#3890 = ORIENTED_EDGE ( 'NONE', *, *, #2964, .T. ) ;
#3891 = CARTESIAN_POINT ( 'NONE',  ( 5.988934646644251458, -6.247387487579745269, 819.8388703193016909 ) ) ;
#3892 = CARTESIAN_POINT ( 'NONE',  ( 0.000000000000000000, -35.00000000000000000, 704.4293619668793554 ) ) ;
#3893 = CARTESIAN_POINT ( 'NONE',  ( -15.79420917935803459, -6.258962172348327080, 760.1720003515802091 ) ) ;
#3894 = VERTEX_POINT ( 'NONE', #3744 ) ;
#3895 = CARTESIAN_POINT ( 'NONE',  ( -13.83392368140764184, -5.246971025590857707, 768.7727175119525782 ) ) ;
#3896 = CARTESIAN_POINT ( 'NONE',  ( -14.98296772169368118, -19.28530838427317207, 764.5361274720507936 ) ) ;
#3897 = CARTESIAN_POINT ( 'NONE',  ( 18.53000718096756927, -11.00746595174101827, 763.8063928629111388 ) ) ;
#3898 = VECTOR ( 'NONE', #1799, 1000.000000000000000 ) ;
#3899 = FACE_OUTER_BOUND ( 'NONE', #1255, .T. ) ;
#3900 = CARTESIAN_POINT ( 'NONE',  ( -7.194592516270840399, -6.837417607751524073, 755.8827094312849795 ) ) ;
#3901 = B_SPLINE_CURVE_WITH_KNOTS ( 'NONE', 3,
 ( #311, #4845, #2185, #4470 ),
 .UNSPECIFIED., .F., .F.,
 ( 4, 4 ),
 ( 1.110256905426074607E-16, 0.004400698634372418941 ),
 .UNSPECIFIED. ) ;
#3902 = CARTESIAN_POINT ( 'NONE',  ( 15.11073363544572068, -17.67519352322635839, 817.0000000000000000 ) ) ;
#3903 = CARTESIAN_POINT ( 'NONE',  ( 11.85242619957319121, -10.79381353513985786, 893.8284815513218291 ) ) ;
#3904 = CARTESIAN_POINT ( 'NONE',  ( 6.619813975811690732, -33.46257856436302092, 815.5997242511870127 ) ) ;
#3905 = CARTESIAN_POINT ( 'NONE',  ( -211.5941804628776595, 131.1083578369211580, 856.1807038834534751 ) ) ;
#3906 = DIRECTION ( 'NONE',  ( 1.000000000000000000, 0.000000000000000000, 0.000000000000000000 ) ) ;
#3907 = CYLINDRICAL_SURFACE ( 'NONE', #1975, 2.200000000000046807 ) ;
#3908 = CARTESIAN_POINT ( 'NONE',  ( 211.2469535530902647, 131.6042492560212622, 862.1656150637797964 ) ) ;
#3909 = CARTESIAN_POINT ( 'NONE',  ( -5.564204347921334559, -5.868959958640527219, 704.9899053907535063 ) ) ;
#3910 = CARTESIAN_POINT ( 'NONE',  ( -3.424372282222407193, -24.89051240747346228, 795.2858572951031420 ) ) ;
#3911 = VERTEX_POINT ( 'NONE', #5005 ) ;
#3912 = EDGE_CURVE ( 'NONE', #3642, #1439, #39, .T. ) ;
#3913 = CARTESIAN_POINT ( 'NONE',  ( -18.41715755582527336, -10.17493779005799048, 761.1162850149676160 ) ) ;
#3914 = ORIENTED_EDGE ( 'NONE', *, *, #2186, .F. ) ;
#3915 = ADVANCED_FACE ( 'NONE', ( #652 ), #2407, .F. ) ;
#3916 = CARTESIAN_POINT ( 'NONE',  ( 7.788680207436403435, -7.179832781642043749, 754.0166300684965108 ) ) ;
#3917 = CIRCLE ( 'NONE', #4655, 9.799999999999998934 ) ;
#3918 = CARTESIAN_POINT ( 'NONE',  ( 0.000000000000000000, -34.99999999999999289, 817.0000000000000000 ) ) ;
#3919 = CARTESIAN_POINT ( 'NONE',  ( -17.80074633499318892, -8.506100758266601503, 758.0277823794311871 ) ) ;
#3920 = EDGE_CURVE ( 'NONE', #51, #4014, #4937, .T. ) ;
#3921 = ADVANCED_FACE ( 'NONE', ( #3315 ), #621, .F. ) ;
#3922 = EDGE_LOOP ( 'NONE', ( #1658, #3101, #3668, #5521 ) ) ;
#3923 = CARTESIAN_POINT ( 'NONE',  ( -11.76054416232331690, -5.051209636671796233, 784.6432846980892464 ) ) ;
#3924 = VECTOR ( 'NONE', #899, 1000.000000000000000 ) ;
#3925 = CARTESIAN_POINT ( 'NONE',  ( -14.99999994531547642, -19.99857361387061871, 776.3983992313084173 ) ) ;
#3926 = VERTEX_POINT ( 'NONE', #259 ) ;
#3927 = LINE ( 'NONE', #1752, #5443 ) ;
#3928 = CARTESIAN_POINT ( 'NONE',  ( -5.861684707767196301, -6.192677516220486567, 814.2391734392072067 ) ) ;
#3929 = PLANE ( 'NONE',  #5479 ) ;
#3930 = AXIS2_PLACEMENT_3D ( 'NONE', #3658, #5404, #3230 ) ;
#3931 = CARTESIAN_POINT ( 'NONE',  ( -6.326850537241035077, -6.390797304861742134, 814.9999999999996589 ) ) ;
#3932 = CARTESIAN_POINT ( 'NONE',  ( 25.85845545645160826, -1.642930165425271705, 761.7325664559404004 ) ) ;
#3933 = DIRECTION ( 'NONE',  ( 0.000000000000000000, 0.000000000000000000, 1.000000000000000000 ) ) ;
#3934 = CARTESIAN_POINT ( 'NONE',  ( -211.3037425475692714, 131.5231461667509905, 860.8322380219070737 ) ) ;
#3935 = CARTESIAN_POINT ( 'NONE',  ( 3.754221465821771616E-14, -20.00000000000000000, 700.9422371214550367 ) ) ;
#3936 = DIRECTION ( 'NONE',  ( 0.5735756964288456494, -0.8191525623875962614, 0.000000000000000000 ) ) ;
#3937 = CARTESIAN_POINT ( 'NONE',  ( -5.780064248765302892, -6.158365045903298807, 764.5556327590757064 ) ) ;
#3938 = EDGE_CURVE ( 'NONE', #1101, #5496, #5433, .T. ) ;
#3939 = CARTESIAN_POINT ( 'NONE',  ( 211.4494882497512265, 131.3149997326891878, 858.1703062687954571 ) ) ;
#3940 = CARTESIAN_POINT ( 'NONE',  ( -10.60857662039378191, -9.391423379606129274, 706.6715356623750495 ) ) ;
#3941 = CARTESIAN_POINT ( 'NONE',  ( -3.365608941330175963, -24.80658965930871318, 804.6950097304066958 ) ) ;
#3942 = ORIENTED_EDGE ( 'NONE', *, *, #5363, .F. ) ;
#3943 = CARTESIAN_POINT ( 'NONE',  ( -18.59009849152335292, -11.64476672415654335, 766.6225541182498091 ) ) ;
#3944 = CARTESIAN_POINT ( 'NONE',  ( -14.99275157516780510, -18.15760819287412886, 817.0000000000000000 ) ) ;
#3945 = VERTEX_POINT ( 'NONE', #2030 ) ;
#3946 = CARTESIAN_POINT ( 'NONE',  ( 14.87069936296151162, -18.03413597264509960, 756.9926809319550784 ) ) ;
#3947 = CARTESIAN_POINT ( 'NONE',  ( -17.85504431790024427, -8.677951794212319214, 758.1732221501538334 ) ) ;
#3948 = VERTEX_POINT ( 'NONE', #3774 ) ;
#3949 = B_SPLINE_CURVE_WITH_KNOTS ( 'NONE', 3,
 ( #4541, #2858, #2311, #2433, #1941, #618, #3312, #2000, #3740, #5429 ),
 .UNSPECIFIED., .F., .F.,
 ( 4, 2, 2, 2, 4 ),
 ( 0.0006273002717875063609, 0.001578837166563249340, 0.002530374061338992210, 0.003481910956114735081, 0.004433447850890473614 ),
 .UNSPECIFIED. ) ;
#3950 = CARTESIAN_POINT ( 'NONE',  ( -14.40573987929718669, -5.449975887843039324, 765.7118548118895660 ) ) ;
#3951 = FACE_OUTER_BOUND ( 'NONE', #2606, .T. ) ;
#3952 = CARTESIAN_POINT ( 'NONE',  ( -14.99995743596453401, -19.96421031508641164, 790.6366682255157912 ) ) ;
#3953 = EDGE_LOOP ( 'NONE', ( #2899, #2268, #3024, #4924 ) ) ;
#3954 = DIRECTION ( 'NONE',  ( 0.000000000000000000, -0.000000000000000000, -1.000000000000000000 ) ) ;
#3955 = CARTESIAN_POINT ( 'NONE',  ( -14.33505968444407763, -15.03200261200247034, 847.4813968456641078 ) ) ;
#3956 =( BOUNDED_SURFACE ( )  B_SPLINE_SURFACE ( 2, 3, ( 
 ( #839, #2589, #3393, #2046, #2454, #5078, #5131, #1212, #1621, #1160, #277, #2102, #5105, #3418, #5157, #1562, #4700, #2988, #4675, #1671, #3792, #2959, #2021, #5536, #784, #3306, #2535, #2563, #1188, #4193, #757, #3766, #2508, #5508, #5480, #4244, #4273, #2934, #813, #1589, #334, #4727, #360, #2074, #3850, #3366, #3335, #2903, #5590, #1238, #3820, #4650, #731, #4300, #5561, #1993, #3733, #5051, #1130, #2878, #1646, #4623, #696, #2482, #4218, #307, #5268, #1699, #3090, #4842, #3494, #1753, #2612, #5614, #3446, #430, #2662, #2237, #3900, #3012, #3036, #919, #1780, #1811, #4352, #1351, #1319, #3061, #1289, #4812, #2182, #4405, #861, #3957, #485, #37, #948, #5184, #460, #3551, #2692, #891, #2588, #3523, #2635, #838, #3983, #3928, #1264, #3121, #1726, #67 ),
 ( #5297, #10, #4756, #5236, #4378, #1382, #4322, #4869, #4783, #387, #2208, #2130, #3875, #409, #2159, #5640, #3470, #5212, #547, #1494, #5359, #1842, #4899, #2814, #3697, #157, #5417, #1063, #3241, #4961, #1094, #574, #2723, #4985, #3584, #2330, #4555, #1899, #4927, #1010, #4527, #3273, #5325, #2361, #3613, #1928, #3671, #4041, #633, #1409, #3153, #2297, #3216, #2391, #4127, #2267, #215, #1036, #4435, #128, #979, #4013, #1957, #1869, #2757, #5446, #3185, #4466, #3641, #97, #1438, #4496, #1522, #4070, #5389, #5018, #2783, #1467, #605, #4099, #186, #515, #5046, #1124, #4694, #691, #5583, #354, #4644, #4156, #723, #4212, #5556, #3301, #2952, #5503, #776, #301, #5100, #1207, #1664, #5125, #3727, #1614, #1987, #4616, #1640, #3759, #245, #2873, #2528, #2094 ),
 ( #663, #328, #2449, #4587, #4188, #2419, #5149, #1582, #2476, #3412, #3387, #2847, #2041, #270, #5528, #2014, #3361, #3327, #5473, #1180, #3815, #3786, #1554, #5072, #2928, #3843, #2068, #4670, #4238, #2898, #1154, #751, #4267, #2503, #855, #4316, #5177, #1342, #4345, #2654, #4397, #807, #3947, #2227, #3919, #911, #1282, #4369, #1258, #4777, #451, #2556, #4293, #4801, #403, #2200, #29, #832, #1772, #2123, #5608, #4749, #3, #3515, #3082, #4721, #4832, #1747, #1231, #3005, #381, #3868, #477, #2582, #3463, #5257, #5634, #1691, #2605, #3439, #2152, #3893, #3975, #1718, #5205, #57, #3488, #424, #3030, #2176, #5230, #1310, #3053, #883, #1802, #2628, #3542, #2980, #1431, #940, #3178, #1001, #2353, #87, #5409, #2289, #1486, #2749, #1889, #3664, #2383, #1921 ) ),
 .UNSPECIFIED., .F., .F., .T. ) 
 B_SPLINE_SURFACE_WITH_KNOTS ( ( 3, 3 ),
 ( 4, 2, 2, 2, 2, 2, 2, 2, 2, 2, 2, 2, 2, 2, 2, 2, 2, 2, 2, 2, 2, 2, 2, 2, 2, 2, 2, 2, 2, 2, 2, 2, 2, 2, 2, 2, 2, 2, 2, 2, 2, 2, 2, 2, 2, 2, 2, 2, 2, 2, 2, 2, 2, 2, 2, 4 ),
 ( 0.000000000000000000, 1.000000000000000000 ),
 ( 0.07742183650948283868, 0.08162710490742848546, 0.08583237330537413223, 0.09424291010126541190, 0.1110639836930479851, 0.1194745204889392787, 0.1278850572848305722, 0.1299876914838034025, 0.1320903256827762051, 0.1341929598817490077, 0.1362955940807218380, 0.1383982282796946683, 0.1386610575545662583, 0.1389238868294378759, 0.1394495453791810835, 0.1399752039289242911, 0.1402380332037959088, 0.1405008624786674987, 0.1415521795781539138, 0.1420778381278971214, 0.1426034966776403290, 0.1431291552273835366, 0.1433919845022551542, 0.1436548137771267442, 0.1439176430519983341, 0.1441804723268699240, 0.1444433016017415139, 0.1445747162391773366, 0.1447061308766131316, 0.1448375455140489265, 0.1449689601514847492, 0.1452317894263563391, 0.1454946187012279291, 0.1456260333386637240, 0.1457574479760995190, 0.1462831065258427266, 0.1468087650755859341, 0.1473344236253291417, 0.1478600821750723493, 0.1489113992745587645, 0.1491742285494303544, 0.1494370578243019720, 0.1499627163740451796, 0.1504883749237883872, 0.1510140334735315948, 0.1531166676725044251, 0.1552193018714772554, 0.1573219360704500580, 0.1594245702694228606, 0.1615272044683956909, 0.1699377412642869845, 0.1783482780601782780, 0.1951693516519608651, 0.2035798884478521309, 0.2077851568457977915, 0.2119904252437434244 ),
 .UNSPECIFIED. ) 
 GEOMETRIC_REPRESENTATION_ITEM ( )  RATIONAL_B_SPLINE_SURFACE ( (
 ( 1.000000000000000000, 1.000000000000000000, 1.000000000000000000, 1.000000000000000000, 1.000000000000000000, 1.000000000000000000, 1.000000000000000000, 1.000000000000000000, 1.000000000000000000, 1.000000000000000000, 1.000000000000000000, 1.000000000000000000, 1.000000000000000000, 1.000000000000000000, 1.000000000000000000, 1.000000000000000000, 1.000000000000000000, 1.000000000000000000, 1.000000000000000000, 1.000000000000000000, 1.000000000000000000, 1.000000000000000000, 1.000000000000000000, 1.000000000000000000, 1.000000000000000000, 1.000000000000000000, 1.000000000000000000, 1.000000000000000000, 1.000000000000000000, 1.000000000000000000, 1.000000000000000000, 1.000000000000000000, 1.000000000000000000, 1.000000000000000000, 1.000000000000000000, 1.000000000000000000, 1.000000000000000000, 1.000000000000000000, 1.000000000000000000, 1.000000000000000000, 1.000000000000000000, 1.000000000000000000, 1.000000000000000000, 1.000000000000000000, 1.000000000000000000, 1.000000000000000000, 1.000000000000000000, 1.000000000000000000, 1.000000000000000000, 1.000000000000000000, 1.000000000000000000, 1.000000000000000000, 1.000000000000000000, 1.000000000000000000, 1.000000000000000000, 1.000000000000000000, 1.000000000000000000, 1.000000000000000000, 1.000000000000000000, 1.000000000000000000, 1.000000000000000000, 1.000000000000000000, 1.000000000000000000, 1.000000000000000000, 1.000000000000000000, 1.000000000000000000, 1.000000000000000000, 1.000000000000000000, 1.000000000000000000, 1.000000000000000000, 1.000000000000000000, 1.000000000000000000, 1.000000000000000000, 1.000000000000000000, 1.000000000000000000, 1.000000000000000000, 1.000000000000000000, 1.000000000000000000, 1.000000000000000000, 1.000000000000000000, 1.000000000000000000, 1.000000000000000000, 1.000000000000000000, 1.000000000000000000, 1.000000000000000000, 1.000000000000000000, 1.000000000000000000, 1.000000000000000000, 1.000000000000000000, 1.000000000000000000, 1.000000000000000000, 1.000000000000000000, 1.000000000000000000, 1.000000000000000000, 1.000000000000000000, 1.000000000000000000, 1.000000000000000000, 1.000000000000000000, 1.000000000000000000, 1.000000000000000000, 1.000000000000000000, 1.000000000000000000, 1.000000000000000000, 1.000000000000000000, 1.000000000000000000, 1.000000000000000000, 1.000000000000000000, 1.000000000000000000, 1.000000000000000000, 1.000000000000000000, 1.000000000000000000, 1.000000000000000000),
 ( 0.8716033258406791218, 0.8723979353952416860, 0.8731456059564398631, 0.8745402258754776392, 0.8751550521668896021, 0.8774409234958012727, 0.8793522307287044981, 0.8852792492292906879, 0.8892945875854656457, 0.8931021539220088679, 0.8940389520370525256, 0.8946690887648506285, 0.8944317063055245987, 0.8927394174831516649, 0.8923332176057497955, 0.8913278192420878154, 0.8907372701876064003, 0.8897198338225600356, 0.8892626342204335010, 0.8880010212628732802, 0.8871624845899086509, 0.8846805574308418407, 0.8831350837405738119, 0.8812491558836664796, 0.8810305007891480189, 0.8806781233490668104, 0.8805276606378257265, 0.8801028471938715514, 0.8798562134391401113, 0.8792827550727382313, 0.8789649912196793036, 0.8784230259396107465, 0.8782311300146296018, 0.8777583642196158387, 0.8774829417691951683, 0.8758641468128326446, 0.8737947540285058157, 0.8696540713198164241, 0.8681323584937125082, 0.8649161797094687687, 0.8632439296130368644, 0.8591293297625138825, 0.8567585077145298822, 0.8526727645595866267, 0.8512211569875689499, 0.8481572641781711663, 0.8463987330966272760, 0.8422680202609255096, 0.8399473914975239541, 0.8352403760341011729, 0.8328052182155653016, 0.8282227334513384553, 0.8260736810056962254, 0.8244409856779191248, 0.8242036504294244503, 0.8245217421858940243, 0.8250442226825741576, 0.8265579700958894938, 0.8275453989707545199, 0.8296842255106496866, 0.8308425616918203582, 0.8343733830048015720, 0.8367818496366389303, 0.8414393750810537087, 0.8436538175873903311, 0.8465667528155712551, 0.8474722286511285896, 0.8491380906074591506, 0.8498928693900753562, 0.8536626164245209036, 0.8563116044586791542, 0.8609029444565279299, 0.8628715891799232374, 0.8662296429052596114, 0.8678130910590170499, 0.8707945491742222766, 0.8721626706869900492, 0.8757223460250412872, 0.8772960594817459379, 0.8784271855041730914, 0.8786121905611976590, 0.8789701192772749749, 0.8791385521328302088, 0.8796165181981994152, 0.8798924245174447600, 0.8804286288232182622, 0.8806920885319950987, 0.8814255040627150262, 0.8818877687005557409, 0.8839298487388305148, 0.8854365675759451326, 0.8877391709346030835, 0.8884937067612117545, 0.8896703177220726122, 0.8901306002455748878, 0.8911833363070751357, 0.8917742624819274821, 0.8927360448465827547, 0.8931270339909148648, 0.8947432425129843159, 0.8949493940357645672, 0.8942474043710958442, 0.8932858438526875000, 0.8893978639554549481, 0.8853295522091937375, 0.8793567925814076425, 0.8774361159604064930, 0.8751522446756277995, 0.8745413761034468436, 0.8731549572429653239, 0.8724119530743448259, 0.8716225174509547591),
 ( 1.000000000000000000, 1.000000000000000000, 1.000000000000000000, 1.000000000000000000, 1.000000000000000000, 1.000000000000000000, 1.000000000000000000, 1.000000000000000000, 1.000000000000000000, 1.000000000000000000, 1.000000000000000000, 1.000000000000000000, 1.000000000000000000, 1.000000000000000000, 1.000000000000000000, 1.000000000000000000, 1.000000000000000000, 1.000000000000000000, 1.000000000000000000, 1.000000000000000000, 1.000000000000000000, 1.000000000000000000, 1.000000000000000000, 1.000000000000000000, 1.000000000000000000, 1.000000000000000000, 1.000000000000000000, 1.000000000000000000, 1.000000000000000000, 1.000000000000000000, 1.000000000000000000, 1.000000000000000000, 1.000000000000000000, 1.000000000000000000, 1.000000000000000000, 1.000000000000000000, 1.000000000000000000, 1.000000000000000000, 1.000000000000000000, 1.000000000000000000, 1.000000000000000000, 1.000000000000000000, 1.000000000000000000, 1.000000000000000000, 1.000000000000000000, 1.000000000000000000, 1.000000000000000000, 1.000000000000000000, 1.000000000000000000, 1.000000000000000000, 1.000000000000000000, 1.000000000000000000, 1.000000000000000000, 1.000000000000000000, 1.000000000000000000, 1.000000000000000000, 1.000000000000000000, 1.000000000000000000, 1.000000000000000000, 1.000000000000000000, 1.000000000000000000, 1.000000000000000000, 1.000000000000000000, 1.000000000000000000, 1.000000000000000000, 1.000000000000000000, 1.000000000000000000, 1.000000000000000000, 1.000000000000000000, 1.000000000000000000, 1.000000000000000000, 1.000000000000000000, 1.000000000000000000, 1.000000000000000000, 1.000000000000000000, 1.000000000000000000, 1.000000000000000000, 1.000000000000000000, 1.000000000000000000, 1.000000000000000000, 1.000000000000000000, 1.000000000000000000, 1.000000000000000000, 1.000000000000000000, 1.000000000000000000, 1.000000000000000000, 1.000000000000000000, 1.000000000000000000, 1.000000000000000000, 1.000000000000000000, 1.000000000000000000, 1.000000000000000000, 1.000000000000000000, 1.000000000000000000, 1.000000000000000000, 1.000000000000000000, 1.000000000000000000, 1.000000000000000000, 1.000000000000000000, 1.000000000000000000, 1.000000000000000000, 1.000000000000000000, 1.000000000000000000, 1.000000000000000000, 1.000000000000000000, 1.000000000000000000, 1.000000000000000000, 1.000000000000000000, 1.000000000000000000, 1.000000000000000000, 1.000000000000000000, 1.000000000000000000) ) ) 
 REPRESENTATION_ITEM ( '' )  SURFACE ( )  );
#3957 = CARTESIAN_POINT ( 'NONE',  ( -5.798651441724219424, -6.165829285340802990, 764.3271496616781633 ) ) ;
#3958 = DIRECTION ( 'NONE',  ( 1.000000000000000000, 0.000000000000000000, -0.000000000000000000 ) ) ;
#3959 = CARTESIAN_POINT ( 'NONE',  ( 23.43716838100120725, 1.815149285054695305, 775.9624785914436416 ) ) ;
#3960 = LINE ( 'NONE', #3451, #4261 ) ;
#3961 = CARTESIAN_POINT ( 'NONE',  ( -70.12952788261246440, 30.94337486956851535, 894.4300681264768400 ) ) ;
#3962 = FACE_OUTER_BOUND ( 'NONE', #3530, .T. ) ;
#3963 = CARTESIAN_POINT ( 'NONE',  ( 7.337685345909606305, -6.574124847309334108, 817.0000000000000000 ) ) ;
#3964 = CARTESIAN_POINT ( 'NONE',  ( -5.186887827163205067, -5.925334989517588191, 773.9291189778360831 ) ) ;
#3965 = CARTESIAN_POINT ( 'NONE',  ( 139.5892396138135609, 82.84334829893383301, 855.4823067221211659 ) ) ;
#3966 = DIRECTION ( 'NONE',  ( -1.000000000000000000, 0.000000000000000000, 0.000000000000000000 ) ) ;
#3967 = EDGE_CURVE ( 'NONE', #2753, #4311, #738, .T. ) ;
#3968 = CARTESIAN_POINT ( 'NONE',  ( -2.691914781973935522, -23.84445468847030014, 764.7453133240696843 ) ) ;
#3969 = ORIENTED_EDGE ( 'NONE', *, *, #532, .F. ) ;
#3970 = CARTESIAN_POINT ( 'NONE',  ( -18.58099620323591239, -11.45923425639738724, 765.7312439253795446 ) ) ;
#3971 = CARTESIAN_POINT ( 'NONE',  ( -14.94731451076620488, -18.64816630327323566, 817.0000000000000000 ) ) ;
#3972 = CARTESIAN_POINT ( 'NONE',  ( 3.424372282222407193, -24.89051240747346228, 795.2858572951031420 ) ) ;
#3973 = CARTESIAN_POINT ( 'NONE',  ( 15.00013350450544003, -19.93893274259848170, 793.0708371441716054 ) ) ;
#3974 = EDGE_CURVE ( 'NONE', #4497, #2065, #2022, .T. ) ;
#3975 = CARTESIAN_POINT ( 'NONE',  ( -15.78182382941465534, -6.245769861127523193, 760.2193363810404207 ) ) ;
#3976 = EDGE_LOOP ( 'NONE', ( #5500, #271, #298, #2445 ) ) ;
#3977 = CARTESIAN_POINT ( 'NONE',  ( -16.71722340818734764, -7.065268962558443278, 758.2158292243969981 ) ) ;
#3978 = CARTESIAN_POINT ( 'NONE',  ( 16.19792169357140565, -13.75943903969058546, 847.2952712964456623 ) ) ;
#3979 = CARTESIAN_POINT ( 'NONE',  ( -14.71872752484557978, -17.10853505808527686, 754.1443408052876975 ) ) ;
#3980 = VERTEX_POINT ( 'NONE', #4544 ) ;
#3981 = DIRECTION ( 'NONE',  ( 0.5735756964288468707, -0.8191525623875954842, 0.000000000000000000 ) ) ;
#3982 = CARTESIAN_POINT ( 'NONE',  ( -14.50595562414920536, -15.42552630825449178, 840.1328292812324889 ) ) ;
#3983 = CARTESIAN_POINT ( 'NONE',  ( -5.754553395610670918, -6.147522880203452722, 810.0387312378990146 ) ) ;
#3984 = VERTEX_POINT ( 'NONE', #3348 ) ;
#3985 = DIRECTION ( 'NONE',  ( 0.000000000000000000, 0.000000000000000000, 1.000000000000000000 ) ) ;
#3986 = CARTESIAN_POINT ( 'NONE',  ( -1.096291449007745808E-13, -5.000000000000003553, 817.0000000000000000 ) ) ;
#3987 = AXIS2_PLACEMENT_3D ( 'NONE', #185, #2846, #3326 ) ;
#3988 = CARTESIAN_POINT ( 'NONE',  ( 25.67439080986763145, -1.380056905916367871, 761.8786630816440493 ) ) ;
#3989 = DIRECTION ( 'NONE',  ( 1.000000000000000000, 0.000000000000000000, 0.000000000000000000 ) ) ;
#3990 = VECTOR ( 'NONE', #5600, 1000.000000000000114 ) ;
#3991 = CARTESIAN_POINT ( 'NONE',  ( -140.1021443258540273, 82.11084445678450550, 878.9209195018609080 ) ) ;
#3992 = EDGE_CURVE ( 'NONE', #5174, #1227, #1618, .T. ) ;
#3993 = CARTESIAN_POINT ( 'NONE',  ( -15.11072478882759462, -17.67519971768315656, 814.7000000000509772 ) ) ;
#3994 = EDGE_CURVE ( 'NONE', #2042, #4870, #4372, .T. ) ;
#3995 = FACE_OUTER_BOUND ( 'NONE', #4443, .T. ) ;
#3996 = CARTESIAN_POINT ( 'NONE',  ( -5.057531337200244614, -5.878336614349662703, 784.3403214791908340 ) ) ;
#3997 = CARTESIAN_POINT ( 'NONE',  ( 68.39466726405066765, 33.42101260394312590, 846.1925104178388892 ) ) ;
#3998 = CARTESIAN_POINT ( 'NONE',  ( -7.337685345909606305, -6.574124847309334108, 815.0005317256923263 ) ) ;
#3999 = CARTESIAN_POINT ( 'NONE',  ( -1.986506569278303935, -22.83702735556951779, 756.6067952899269358 ) ) ;
#4000 = EDGE_LOOP ( 'NONE', ( #916, #3729, #1989, #425 ) ) ;
#4001 = CARTESIAN_POINT ( 'NONE',  ( -17.52735941204343817, -14.78492996051360109, 796.6891947732591461 ) ) ;
#4002 = CARTESIAN_POINT ( 'NONE',  ( 7.031523378037919159, -33.35898007121062392, 817.0000000000030695 ) ) ;
#4003 = CARTESIAN_POINT ( 'NONE',  ( 144.2845760731453026, 76.13771289355530314, 835.9385562427355580 ) ) ;
#4004 = CARTESIAN_POINT ( 'NONE',  ( 12.02049069255944502, -11.02304023530165544, 748.4297153440663806 ) ) ;
#4005 = CARTESIAN_POINT ( 'NONE',  ( -7.857142857142850545, -32.77753129999877046, 815.0000000000000000 ) ) ;
#4006 = VERTEX_POINT ( 'NONE', #4974 ) ;
#4007 = CARTESIAN_POINT ( 'NONE',  ( -15.06366245551949490, -5.785981645520720029, 762.8122443966813080 ) ) ;
#4008 = CARTESIAN_POINT ( 'NONE',  ( 17.09612929191442277, -14.82738095881008178, 815.3467756006243690 ) ) ;
#4009 = CARTESIAN_POINT ( 'NONE',  ( -13.16016487293184589, -12.80163331674289218, 748.7360800513635013 ) ) ;
#4010 = ORIENTED_EDGE ( 'NONE', *, *, #349, .T. ) ;
#4011 = LINE ( 'NONE', #1436, #1051 ) ;
#4012 = CARTESIAN_POINT ( 'NONE',  ( -14.79450249640135873, -16.27677613036858517, 819.9665106027229058 ) ) ;
#4013 = CARTESIAN_POINT ( 'NONE',  ( -12.29675909603516004, -11.09343813010454838, 755.3772842087737445 ) ) ;
#4014 = VERTEX_POINT ( 'NONE', #2862 ) ;
#4015 = CIRCLE ( 'NONE', #4468, 1.000000000000153877 ) ;
#4016 = PLANE ( 'NONE',  #4 ) ;
#4017 = CARTESIAN_POINT ( 'NONE',  ( -7.337685345909606305, -6.574124847309334108, 815.0005317256923263 ) ) ;
#4018 = CARTESIAN_POINT ( 'NONE',  ( 24.09468114488260682, 0.8760602290442228712, 768.4246774668481521 ) ) ;
#4019 = CARTESIAN_POINT ( 'NONE',  ( 0.000000000000000000, -10.30000000000000071, 700.9422371214550367 ) ) ;
#4020 = CARTESIAN_POINT ( 'NONE',  ( -140.9687097585076003, 80.87326076142906572, 902.3287122886565612 ) ) ;
#4021 = AXIS2_PLACEMENT_3D ( 'NONE', #552, #1040, #609 ) ;
#4022 = CARTESIAN_POINT ( 'NONE',  ( -1.834848283844677796, 1.284772129845955346, 817.0000000000000000 ) ) ;
#4023 = CARTESIAN_POINT ( 'NONE',  ( 21.88065638447220707, -4.678993530696246239, 796.5611014621126742 ) ) ;
#4024 = CARTESIAN_POINT ( 'NONE',  ( -5.953192398353101211, -6.231852822191485508, 818.2330604883388787 ) ) ;
#4025 = CARTESIAN_POINT ( 'NONE',  ( 68.09915051844950540, 33.84305425513212384, 813.9777505152899266 ) ) ;
#4026 = CARTESIAN_POINT ( 'NONE',  ( 13.70734344369967594, -12.43573889797252896, 756.9802847319393777 ) ) ;
#4027 = CARTESIAN_POINT ( 'NONE',  ( -14.97677847880136781, -19.16545351545068243, 816.3305830359043966 ) ) ;
#4028 = CARTESIAN_POINT ( 'NONE',  ( -73.18246587806338255, 26.58332755665815839, 794.2207006091373387 ) ) ;
#4029 = ORIENTED_EDGE ( 'NONE', *, *, #4335, .T. ) ;
#4030 = CARTESIAN_POINT ( 'NONE',  ( -18.24720965746997337, -13.64364910794357399, 779.9564139690090769 ) ) ;
#4031 = CARTESIAN_POINT ( 'NONE',  ( 27.23867888184658526, -3.613972929656234179, 776.9234798678384095 ) ) ;
#4032 = CARTESIAN_POINT ( 'NONE',  ( 73.07976426732972186, 26.73000065731679342, 792.8900435579064379 ) ) ;
#4033 = CARTESIAN_POINT ( 'NONE',  ( 13.14898613969364405, -12.77169826964113675, 748.7067786852579729 ) ) ;
#4034 = DIRECTION ( 'NONE',  ( 0.5735756964288468707, -0.8191525623875954842, 0.000000000000000000 ) ) ;
#4035 = CARTESIAN_POINT ( 'NONE',  ( -15.85575777946888998, -6.324583150755396233, 759.9467860769848357 ) ) ;
#4036 = CARTESIAN_POINT ( 'NONE',  ( 13.68776007078050405, -13.72755111232678793, 869.2697626519644700 ) ) ;
#4037 = CARTESIAN_POINT ( 'NONE',  ( -14.93884933160904183, -18.64692596393556556, 760.0121460299983482 ) ) ;
#4038 = ORIENTED_EDGE ( 'NONE', *, *, #1637, .F. ) ;
#4039 = DIRECTION ( 'NONE',  ( -0.5735756964288456494, -0.8191525623875962614, 0.000000000000000000 ) ) ;
#4040 = CARTESIAN_POINT ( 'NONE',  ( -16.91884257664712266, -14.37959332519176492, 829.0351120663148095 ) ) ;
#4041 = CARTESIAN_POINT ( 'NONE',  ( -12.80966486149571359, -11.61013832390185563, 755.5299578799994151 ) ) ;
#4042 = EDGE_LOOP ( 'NONE', ( #4609, #2496, #4797, #5043 ) ) ;
#4043 = DIRECTION ( 'NONE',  ( -0.000000000000000000, -0.000000000000000000, 1.000000000000000000 ) ) ;
#4044 = CARTESIAN_POINT ( 'NONE',  ( 7.329947212517651245, -6.579543136225398214, 815.6662021193162673 ) ) ;
#4045 = CARTESIAN_POINT ( 'NONE',  ( 25.80943821683204931, -1.572925927093871801, 761.7607461058217950 ) ) ;
#4046 = CARTESIAN_POINT ( 'NONE',  ( -11.54226738140212660, -4.860839991143063088, 798.3611417170109235 ) ) ;
#4047 = CARTESIAN_POINT ( 'NONE',  ( -139.7499870315779162, 82.61377719466470637, 865.5312440160317919 ) ) ;
#4048 = DIRECTION ( 'NONE',  ( 0.000000000000000000, 0.000000000000000000, -1.000000000000000000 ) ) ;
#4049 = DIRECTION ( 'NONE',  ( -0.7645510641367998517, 0.5353463280462892326, 0.3589790792993960422 ) ) ;
#4050 = CARTESIAN_POINT ( 'NONE',  ( -8.917708338364855436, -7.931309224803645641, 862.0556160476543255 ) ) ;
#4051 = CARTESIAN_POINT ( 'NONE',  ( 211.0378584550600465, 131.9028680034932393, 872.8541623529760045 ) ) ;
#4052 = CARTESIAN_POINT ( 'NONE',  ( 13.36664928870703584, -12.04949262713349611, 756.2189302373067221 ) ) ;
#4053 = CARTESIAN_POINT ( 'NONE',  ( -14.97855255476548564, -19.19815003639919837, 815.0000000000000000 ) ) ;
#4054 = CARTESIAN_POINT ( 'NONE',  ( -71.82613253791417662, 28.52037231286980656, 784.1337244893340994 ) ) ;
#4055 = VERTEX_POINT ( 'NONE', #2377 ) ;
#4056 = CARTESIAN_POINT ( 'NONE',  ( -18.59010776163499656, -11.64521277089437667, 766.6247569104759805 ) ) ;
#4057 = FACE_OUTER_BOUND ( 'NONE', #4523, .T. ) ;
#4058 = CARTESIAN_POINT ( 'NONE',  ( 214.9008080156877440, 126.3860042883360677, 870.1803307469397168 ) ) ;
#4059 = B_SPLINE_CURVE_WITH_KNOTS ( 'NONE', 3,
 ( #5330, #3617, #1013, #3096 ),
 .UNSPECIFIED., .F., .F.,
 ( 4, 4 ),
 ( 1.110394535549188155E-16, 0.004400698053480376140 ),
 .UNSPECIFIED. ) ;
#4060 = CARTESIAN_POINT ( 'NONE',  ( 6.072107969923949078, -6.283344325259958119, 761.9866923857035772 ) ) ;
#4061 = CARTESIAN_POINT ( 'NONE',  ( 9.184770002563988456, -21.85000000000000497, 814.6999999999999318 ) ) ;
#4062 = CARTESIAN_POINT ( 'NONE',  ( -15.71303284425578894, -6.174268019560564369, 760.4932223746310456 ) ) ;
#4063 = CARTESIAN_POINT ( 'NONE',  ( 14.80977825596668040, -16.33763203832997135, 818.1374391446821619 ) ) ;
#4064 = CARTESIAN_POINT ( 'NONE',  ( -14.92319992199847967, -18.47588589425108196, 759.0500711424976998 ) ) ;
#4065 = VECTOR ( 'NONE', #1654, 1000.000000000000000 ) ;
#4066 = ORIENTED_EDGE ( 'NONE', *, *, #3347, .T. ) ;
#4067 = AXIS2_PLACEMENT_3D ( 'NONE', #2428, #3794, #411 ) ;
#4068 = LINE ( 'NONE', #155, #687 ) ;
#4069 = CARTESIAN_POINT ( 'NONE',  ( -14.82798259634064308, -16.42087729844404720, 815.3931047818975912 ) ) ;
#4070 = CARTESIAN_POINT ( 'NONE',  ( -11.86001668181893187, -9.810439456745863041, 756.7787478925778260 ) ) ;
#4071 = ORIENTED_EDGE ( 'NONE', *, *, #2613, .T. ) ;
#4072 = CARTESIAN_POINT ( 'NONE',  ( 14.21984613887764937, -14.11015243507363692, 720.9422371214557188 ) ) ;
#4073 = FACE_OUTER_BOUND ( 'NONE', #2124, .T. ) ;
#4074 = LINE ( 'NONE', #1014, #2285 ) ;
#4075 = CARTESIAN_POINT ( 'NONE',  ( -68.49588141539892661, 33.27646381544099086, 850.2165654198286120 ) ) ;
#4076 = ORIENTED_EDGE ( 'NONE', *, *, #4331, .T. ) ;
#4077 = VECTOR ( 'NONE', #935, 1000.000000000000000 ) ;
#4078 = DIRECTION ( 'NONE',  ( 0.000000000000000000, 0.000000000000000000, -1.000000000000000000 ) ) ;
#4079 = FACE_OUTER_BOUND ( 'NONE', #770, .T. ) ;
#4080 = ADVANCED_FACE ( 'NONE', ( #4116 ), #1944, .F. ) ;
#4081 = CARTESIAN_POINT ( 'NONE',  ( 68.07706590992322049, 33.87459434477887754, 826.0611735747471585 ) ) ;
#4082 = AXIS2_PLACEMENT_3D ( 'NONE', #2997, #3456, #4739 ) ;
#4083 = CARTESIAN_POINT ( 'NONE',  ( 13.27997793603417342, -11.95950956200475446, 756.0687282853775741 ) ) ;
#4084 = CARTESIAN_POINT ( 'NONE',  ( -5.564204347921345217, -34.13104004135949054, 704.9899053907539610 ) ) ;
#4085 = CARTESIAN_POINT ( 'NONE',  ( -73.07976426732972186, 26.73000065731679342, 792.8900435579064379 ) ) ;
#4086 = ORIENTED_EDGE ( 'NONE', *, *, #4146, .F. ) ;
#4087 = DIRECTION ( 'NONE',  ( -1.000000000000000000, 0.000000000000000000, 0.000000000000000000 ) ) ;
#4088 = CARTESIAN_POINT ( 'NONE',  ( 15.74457251459622498, -6.206357264322493350, 760.3648896329283389 ) ) ;
#4089 = CARTESIAN_POINT ( 'NONE',  ( 144.0863714100886170, 76.42077848802681217, 830.3644444181433073 ) ) ;
#4090 = CARTESIAN_POINT ( 'NONE',  ( 6.962644514914391181, -6.713833580629398057, 756.8289492827100275 ) ) ;
#4091 = CARTESIAN_POINT ( 'NONE',  ( -7.199629652526590817, -6.377097003371650530, 798.3611625039872024 ) ) ;
#4092 = CARTESIAN_POINT ( 'NONE',  ( -15.95732840668026498, -6.428482290978057456, 759.6261979589368138 ) ) ;
#4093 = CARTESIAN_POINT ( 'NONE',  ( 14.85152075636048252, -16.54125234155124247, 810.8206889488218394 ) ) ;
#4094 = CARTESIAN_POINT ( 'NONE',  ( -14.93820695908232210, -18.63986027770426190, 759.9722351838225904 ) ) ;
#4095 = EDGE_CURVE ( 'NONE', #1383, #5496, #3714, .T. ) ;
#4096 = VERTEX_POINT ( 'NONE', #2437 ) ;
#4097 = CARTESIAN_POINT ( 'NONE',  ( 14.59250395053044258, -16.52415629218712922, 752.8511409658767661 ) ) ;
#4098 = CARTESIAN_POINT ( 'NONE',  ( 14.99999999999987743, -21.96349539571789578, 720.9422371214550367 ) ) ;
#4099 = CARTESIAN_POINT ( 'NONE',  ( -11.35898064292085685, -9.057087037161089427, 758.7669972078626870 ) ) ;
#4100 = ORIENTED_EDGE ( 'NONE', *, *, #342, .T. ) ;
#4101 = CARTESIAN_POINT ( 'NONE',  ( -3.754073798188367981E-14, -9.199999999999999289, 700.9422371214550367 ) ) ;
#4102 = AXIS2_PLACEMENT_3D ( 'NONE', #3935, #4078, #279 ) ;
#4103 = CARTESIAN_POINT ( 'NONE',  ( -19.50395552534066468, 0.5717322710625432070, 798.3610964622938582 ) ) ;
#4104 = ORIENTED_EDGE ( 'NONE', *, *, #5407, .T. ) ;
#4105 = DIRECTION ( 'NONE',  ( -0.000000000000000000, -0.000000000000000000, -1.000000000000000000 ) ) ;
#4106 = DIRECTION ( 'NONE',  ( -3.700743415417164276E-15, 3.615612482262946859E-29, 1.000000000000000000 ) ) ;
#4107 = CIRCLE ( 'NONE', #3195, 9.799999999999998934 ) ;
#4108 = CARTESIAN_POINT ( 'NONE',  ( -7.630661654513322567, -7.063434504666949110, 847.4977862513686659 ) ) ;
#4109 = CARTESIAN_POINT ( 'NONE',  ( 6.077417221801474589, -33.71367929886615400, 816.9999999999998863 ) ) ;
#4110 = CARTESIAN_POINT ( 'NONE',  ( 12.27125388015410223, -10.86202204498974311, 755.5094435764700620 ) ) ;
#4111 = CARTESIAN_POINT ( 'NONE',  ( -8.234780560375689618, -28.23478056037575357, 700.9422371214542409 ) ) ;
#4112 = VECTOR ( 'NONE', #2695, 1000.000000000000000 ) ;
#4113 = CARTESIAN_POINT ( 'NONE',  ( -69.56676337616529793, 31.74708587771621282, 786.9630249103825008 ) ) ;
#4114 = VERTEX_POINT ( 'NONE', #3478 ) ;
#4115 = EDGE_CURVE ( 'NONE', #4772, #5210, #5115, .T. ) ;
#4116 = FACE_OUTER_BOUND ( 'NONE', #4562, .T. ) ;
#4117 = CARTESIAN_POINT ( 'NONE',  ( 15.79420917935803459, -6.258962172348327080, 760.1720003515802091 ) ) ;
#4118 = CARTESIAN_POINT ( 'NONE',  ( 214.0222077153578084, 127.6407755559756936, 852.8934271288492255 ) ) ;
#4119 = CARTESIAN_POINT ( 'NONE',  ( 0.000000000000000000, -41.74756306451790522, 817.0000000000000000 ) ) ;
#4120 = CARTESIAN_POINT ( 'NONE',  ( -15.26204127011425271, -17.89143622082793428, 798.3611625039872024 ) ) ;
#4121 = CARTESIAN_POINT ( 'NONE',  ( -17.14027072095792192, -7.380971565414129465, 757.8533875825652331 ) ) ;
#4122 = DIRECTION ( 'NONE',  ( 0.000000000000000000, -1.000000000000000000, 0.000000000000000000 ) ) ;
#4123 = CARTESIAN_POINT ( 'NONE',  ( -8.850957791419608256, -7.889192086575564034, 751.6169099850224029 ) ) ;
#4124 = ORIENTED_EDGE ( 'NONE', *, *, #2754, .F. ) ;
#4125 = CARTESIAN_POINT ( 'NONE',  ( 14.85286438978138257, -17.90401810398900651, 756.4929693552173831 ) ) ;
#4126 = CARTESIAN_POINT ( 'NONE',  ( 1.485711516093185081, -8.649999999999998579, 700.9422371214550367 ) ) ;
#4127 = CARTESIAN_POINT ( 'NONE',  ( -12.28804285619041003, -11.40107568255935533, 755.2814250776079916 ) ) ;
#4128 = ORIENTED_EDGE ( 'NONE', *, *, #4285, .F. ) ;
#4129 = CARTESIAN_POINT ( 'NONE',  ( -27.74058982294827658, -4.330854306458652658, 767.5312580700081071 ) ) ;
#4130 = CARTESIAN_POINT ( 'NONE',  ( 73.68132358160028161, 25.87088492170400400, 842.1676176908056277 ) ) ;
#4131 = CARTESIAN_POINT ( 'NONE',  ( 15.74457251459622498, -6.206357264322493350, 760.3648896329283389 ) ) ;
#4132 = VERTEX_POINT ( 'NONE', #3858 ) ;
#4133 = CARTESIAN_POINT ( 'NONE',  ( 15.11073363544572068, -17.67519352322635839, 817.0000000000000000 ) ) ;
#4134 = CARTESIAN_POINT ( 'NONE',  ( 21.70063764062394540, 1.970731626164882844, 793.9610842451803592 ) ) ;
#4135 = CARTESIAN_POINT ( 'NONE',  ( -5.817356409078659141, -6.173847597039669566, 812.3142049880023023 ) ) ;
#4136 = DIRECTION ( 'NONE',  ( -1.000000000000000000, 0.000000000000000000, 0.000000000000000000 ) ) ;
#4137 = CARTESIAN_POINT ( 'NONE',  ( 14.16056567151381884, -13.06299334320828009, 758.7374318081418778 ) ) ;
#4138 = CARTESIAN_POINT ( 'NONE',  ( 0.000000000000000000, -29.05000000000000426, 700.9422371214550367 ) ) ;
#4139 =( BOUNDED_CURVE ( )  B_SPLINE_CURVE ( 3, ( #2191, #556, #2216, #1878 ),
 .UNSPECIFIED., .F., .T. ) 
 B_SPLINE_CURVE_WITH_KNOTS ( ( 4, 4 ),
 ( 1.570803511620276094, 4.712396165210021692 ),
 .UNSPECIFIED. ) 
 CURVE ( )  GEOMETRIC_REPRESENTATION_ITEM ( )  RATIONAL_B_SPLINE_CURVE ( ( 1.000000000000000000, 0.3333333333333492465, 0.3333333333333492465, 1.000000000000000000 ) ) 
 REPRESENTATION_ITEM ( '' )  );
#4140 = B_SPLINE_CURVE_WITH_KNOTS ( 'NONE', 3,
 ( #4589, #725, #2478, #5048, #247, #5530, #1616, #3762, #4190, #1126, #4129, #217, #2875, #5102, #4672, #665, #5448, #1557, #2930, #4214, #4240, #753, #1584, #2816, #2421, #3699, #2070, #1642, #3817, #2850, #3275, #303, #2505, #5505, #1990, #3303, #693, #5558, #2451, #3329, #3389, #1156, #2900, #5127, #4557, #2043, #3788, #636, #5208, #1209, #809, #3490, #3055, #4696, #5636, #3870 ),
 .UNSPECIFIED., .F., .F.,
 ( 4, 2, 2, 2, 2, 2, 2, 2, 2, 2, 2, 2, 2, 2, 2, 2, 2, 2, 2, 2, 2, 2, 2, 2, 2, 2, 2, 4 ),
 ( 0.1069534866963154363, 0.1153468478657233010, 0.1237402090351311518, 0.1279368896198350702, 0.1321335702045390303, 0.1342319104968911492, 0.1352810806430673751, 0.1363302507892436011, 0.1373794209354198270, 0.1384285910815960530, 0.1389531761546841659, 0.1394777612277722512, 0.1400023463008603641, 0.1402646388374045039, 0.1405269313739486159, 0.1407892239104927556, 0.1410515164470368676, 0.1415761015201251194, 0.1421006865932133711, 0.1426252716663016229, 0.1436744418124781264, 0.1447236119586546299, 0.1468219522510076092, 0.1489202925433605884, 0.1531169731280666024, 0.1573136537127725609, 0.1657070148821848943, 0.1741003760515971999 ),
 .UNSPECIFIED. ) ;
#4141 = CARTESIAN_POINT ( 'NONE',  ( -142.0664382377058530, 79.30554202191777335, 816.1794239721257327 ) ) ;
#4142 = CARTESIAN_POINT ( 'NONE',  ( 7.102951435054648690E-14, -20.00000000000000000, 779.5127573054589902 ) ) ;
#4143 = CARTESIAN_POINT ( 'NONE',  ( 3.754221465821750790E-14, -20.00000000000000000, 814.6999999999999318 ) ) ;
#4144 = CARTESIAN_POINT ( 'NONE',  ( 16.94009553509880206, -7.237079619825174781, 757.9882221874878496 ) ) ;
#4145 = CARTESIAN_POINT ( 'NONE',  ( 142.8898009853465396, 78.12965815504941247, 818.0037412710196350 ) ) ;
#4146 = EDGE_CURVE ( 'NONE', #4552, #692, #581, .T. ) ;
#4147 = CARTESIAN_POINT ( 'NONE',  ( 5.844346405277829781, -6.185369617882447990, 813.5593671714656239 ) ) ;
#4148 = CARTESIAN_POINT ( 'NONE',  ( 0.000000000000000000, 0.000000000000000000, 0.000000000000000000 ) ) ;
#4149 = VERTEX_POINT ( 'NONE', #3828 ) ;
#4150 = CARTESIAN_POINT ( 'NONE',  ( -17.82837164213565018, -8.595209133889978759, 758.0999314908008273 ) ) ;
#4151 = CARTESIAN_POINT ( 'NONE',  ( -9.814715158282817598, -8.656240524780498546, 750.1086405568903501 ) ) ;
#4152 = ORIENTED_EDGE ( 'NONE', *, *, #5263, .T. ) ;
#4153 = EDGE_CURVE ( 'NONE', #3984, #3413, #2101, .T. ) ;
#4154 = CARTESIAN_POINT ( 'NONE',  ( 14.88302008441325341, -18.12969679340923790, 757.3935012400129381 ) ) ;
#4155 = CYLINDRICAL_SURFACE ( 'NONE', #1334, 9.799999999999998934 ) ;
#4156 = CARTESIAN_POINT ( 'NONE',  ( -10.90561952716979022, -8.576226269151392856, 761.1594356954940395 ) ) ;
#4157 = VERTEX_POINT ( 'NONE', #5570 ) ;
#4158 = DIRECTION ( 'NONE',  ( 1.000000000000000000, 8.858162430519860433E-16, 0.000000000000000000 ) ) ;
#4159 = CARTESIAN_POINT ( 'NONE',  ( 214.7641152361036632, 126.5812218090354975, 888.8948703405186507 ) ) ;
#4160 = AXIS2_PLACEMENT_3D ( 'NONE', #1502, #3650, #5397 ) ;
#4161 = CARTESIAN_POINT ( 'NONE',  ( 14.35714767536635605, -5.425391950899991045, 765.9482258727680346 ) ) ;
#4162 = VECTOR ( 'NONE', #3582, 1000.000000000000000 ) ;
#4163 = ORIENTED_EDGE ( 'NONE', *, *, #1807, .T. ) ;
#4164 = DIRECTION ( 'NONE',  ( 0.000000000000000000, -0.000000000000000000, -1.000000000000000000 ) ) ;
#4165 = DIRECTION ( 'NONE',  ( 0.000000000000000000, 0.000000000000000000, -1.000000000000000000 ) ) ;
#4166 = CARTESIAN_POINT ( 'NONE',  ( 0.000000000000000000, -35.00000000000000000, 704.4293619668793554 ) ) ;
#4167 = CARTESIAN_POINT ( 'NONE',  ( 22.80637416607118340, 2.716165861744336052, 793.9610779844896342 ) ) ;
#4168 = CARTESIAN_POINT ( 'NONE',  ( 11.25933582718929316, -8.920068844645953732, 759.3536907145979740 ) ) ;
#4169 = CARTESIAN_POINT ( 'NONE',  ( -13.78333333333323907, -21.64497280930144640, 702.2470426912047969 ) ) ;
#4170 = EDGE_CURVE ( 'NONE', #4467, #3575, #2915, .T. ) ;
#4171 = CARTESIAN_POINT ( 'NONE',  ( 0.5798206975061657165, -19.17193218486335127, 750.0603792935643241 ) ) ;
#4172 = CARTESIAN_POINT ( 'NONE',  ( -3.961692553145355067, -8.938015905166128761, 814.6999999999999318 ) ) ;
#4173 = DIRECTION ( 'NONE',  ( 1.000000000000000000, 0.000000000000000000, 0.000000000000000000 ) ) ;
#4174 = CARTESIAN_POINT ( 'NONE',  ( 16.22934857939480224, -6.666763578004250235, 758.9884267003673131 ) ) ;
#4175 = CARTESIAN_POINT ( 'NONE',  ( 142.7927943130709139, 78.26819804069991449, 817.6204110468706858 ) ) ;
#4176 = VECTOR ( 'NONE', #4547, 1000.000000000000114 ) ;
#4177 = ADVANCED_FACE ( 'NONE', ( #1679 ), #1706, .T. ) ;
#4178 = CARTESIAN_POINT ( 'NONE',  ( 6.985589036523945694, -6.725880260981177194, 756.7295044889376641 ) ) ;
#4179 = EDGE_CURVE ( 'NONE', #1963, #4552, #2627, .T. ) ;
#4180 = CARTESIAN_POINT ( 'NONE',  ( -0.2368115560908972683, -20.33820391007931150, 895.4747572093665440 ) ) ;
#4181 = EDGE_LOOP ( 'NONE', ( #576, #355, #267, #2171, #1120, #1005, #3217, #5609, #2815, #229, #2724, #3136 ) ) ;
#4182 = CARTESIAN_POINT ( 'NONE',  ( -17.61106215126726937, -7.857395051311732104, 757.7557097725058384 ) ) ;
#4183 = EDGE_CURVE ( 'NONE', #2348, #4781, #2836, .T. ) ;
#4184 = CARTESIAN_POINT ( 'NONE',  ( -9.461484024227269529, -8.360398270776489227, 750.6016723667158885 ) ) ;
#4185 = VERTEX_POINT ( 'NONE', #317 ) ;
#4186 = CARTESIAN_POINT ( 'NONE',  ( 11.12179184128596532, -9.932729673419064653, 748.8221040065196803 ) ) ;
#4187 = CARTESIAN_POINT ( 'NONE',  ( 3.754221465821750790E-14, -20.00000000000000000, 918.6123992834795899 ) ) ;
#4188 = CARTESIAN_POINT ( 'NONE',  ( -17.09370434370888248, -14.86889360859034603, 814.1095681852565349 ) ) ;
#4189 = VERTEX_POINT ( 'NONE', #5597 ) ;
#4190 = CARTESIAN_POINT ( 'NONE',  ( -28.07257599747946841, -4.804958190264160933, 770.2700778000992159 ) ) ;
#4191 = CARTESIAN_POINT ( 'NONE',  ( 143.6499075634557130, 77.04411346061067434, 885.6118103790820442 ) ) ;
#4192 = CARTESIAN_POINT ( 'NONE',  ( 15.50053430799853338, -6.020665209856291611, 761.2664289875710892 ) ) ;
#4193 = CARTESIAN_POINT ( 'NONE',  ( -14.87069936296151162, -18.03413597264509960, 756.9926809319550784 ) ) ;
#4194 = CARTESIAN_POINT ( 'NONE',  ( 250.4422263694449100, 152.6753910637093554, 881.7240716555444351 ) ) ;
#4195 = DIRECTION ( 'NONE',  ( 0.5735756964288453164, -0.8191525623875964834, 0.000000000000000000 ) ) ;
#4196 = CARTESIAN_POINT ( 'NONE',  ( -12.28672172423421038, -10.58155570620888852, 894.7338059635793570 ) ) ;
#4197 = CARTESIAN_POINT ( 'NONE',  ( -5.569452788680314903, -7.812252232890357639, 815.0000000000000000 ) ) ;
#4198 = CARTESIAN_POINT ( 'NONE',  ( 17.18209427478383233, -14.98422116035518492, 807.1155780266465172 ) ) ;
#4199 = CARTESIAN_POINT ( 'NONE',  ( -213.0434371741623352, 129.0386047534421436, 849.5127573054589902 ) ) ;
#4200 = AXIS2_PLACEMENT_3D ( 'NONE', #4148, #715, #3720 ) ;
#4201 = DIRECTION ( 'NONE',  ( 0.000000000000000000, 0.000000000000000000, -1.000000000000000000 ) ) ;
#4202 = CARTESIAN_POINT ( 'NONE',  ( 17.32993758217562075, -7.517347478997281840, 757.7779325959002108 ) ) ;
#4203 = CARTESIAN_POINT ( 'NONE',  ( 1.132303598753129803, -21.61709908586080076, 751.5356442139875526 ) ) ;
#4204 = CARTESIAN_POINT ( 'NONE',  ( 7.247575376726243412, -33.18654032067370707, 814.9245557071334360 ) ) ;
#4205 = CARTESIAN_POINT ( 'NONE',  ( -214.0111110445339477, 127.6566232442946927, 912.9243695892679398 ) ) ;
#4206 = ORIENTED_EDGE ( 'NONE', *, *, #2731, .T. ) ;
#4207 = CARTESIAN_POINT ( 'NONE',  ( -17.20729619465148019, -7.428424841141364254, 757.8214121465574635 ) ) ;
#4208 = CARTESIAN_POINT ( 'NONE',  ( -8.725063921915470644, -7.797896560810165134, 751.8540469762425573 ) ) ;
#4209 = ORIENTED_EDGE ( 'NONE', *, *, #5185, .F. ) ;
#4210 = CARTESIAN_POINT ( 'NONE',  ( 14.83429667567480159, -17.77619882873012003, 756.0422832011195169 ) ) ;
#4211 = CARTESIAN_POINT ( 'NONE',  ( 10.60857662039378191, -9.391423379606129274, 706.6715356623750495 ) ) ;
#4212 = CARTESIAN_POINT ( 'NONE',  ( -10.51789358984030365, -8.251249083886412095, 763.3066878555929407 ) ) ;
#4213 = ORIENTED_EDGE ( 'NONE', *, *, #1637, .T. ) ;
#4214 = CARTESIAN_POINT ( 'NONE',  ( -26.77078691826802981, -2.945868385245212107, 762.7884337184648302 ) ) ;
#4215 = CARTESIAN_POINT ( 'NONE',  ( 1.008805746320645680, -21.44072587407241670, 879.8498069073446004 ) ) ;
#4216 = CARTESIAN_POINT ( 'NONE',  ( 15.81906722416357880, -6.285447388906566957, 760.0794458419717330 ) ) ;
#4217 = ADVANCED_FACE ( 'NONE', ( #5193 ), #3802, .F. ) ;
#4218 = CARTESIAN_POINT ( 'NONE',  ( -9.853446723429888365, -8.688605402276255774, 750.0541860888258725 ) ) ;
#4219 = CARTESIAN_POINT ( 'NONE',  ( 0.000000000000000000, -9.750000000000001776, 700.9422371214550367 ) ) ;
#4220 = CARTESIAN_POINT ( 'NONE',  ( 13.44891605924820155, -13.34545521987923422, 883.8629261094584990 ) ) ;
#4221 = FACE_OUTER_BOUND ( 'NONE', #548, .T. ) ;
#4222 = CARTESIAN_POINT ( 'NONE',  ( -10.75653915497369084, -9.483371037125506220, 872.9185405479225892 ) ) ;
#4223 = CARTESIAN_POINT ( 'NONE',  ( 5.814148606294694765, -6.172637576081754673, 811.8056586392829104 ) ) ;
#4224 = ADVANCED_FACE ( 'NONE', ( #1628 ), #1220, .F. ) ;
#4225 = CARTESIAN_POINT ( 'NONE',  ( 18.04402710556890810, -14.10425578241662947, 784.8007265970505841 ) ) ;
#4226 = CARTESIAN_POINT ( 'NONE',  ( -140.6797580898405045, 81.28592651108128564, 820.4158644909998657 ) ) ;
#4227 = CARTESIAN_POINT ( 'NONE',  ( 10.29522931148289544, -5.713312747694772931, 798.3611488094783226 ) ) ;
#4228 = CARTESIAN_POINT ( 'NONE',  ( 11.04312978126350409, -5.203359120514406300, 793.2607745338260656 ) ) ;
#4229 = CARTESIAN_POINT ( 'NONE',  ( 1.382372386768587313, -21.97423432701349100, 752.6280532337591467 ) ) ;
#4230 = CARTESIAN_POINT ( 'NONE',  ( -14.98001719951213495, -19.22550959156241390, 813.8533316145293384 ) ) ;
#4231 = CARTESIAN_POINT ( 'NONE',  ( 0.000000000000000000, -10.20000000000000107, 704.9922371214549912 ) ) ;
#4232 = ORIENTED_EDGE ( 'NONE', *, *, #3072, .T. ) ;
#4233 = CARTESIAN_POINT ( 'NONE',  ( -17.17900991798909516, -7.408351207409560324, 757.8343053807410570 ) ) ;
#4234 = CARTESIAN_POINT ( 'NONE',  ( -5.187545908472706024, -5.925577521185032559, 773.9106256215619624 ) ) ;
#4235 = ORIENTED_EDGE ( 'NONE', *, *, #4743, .T. ) ;
#4236 = CARTESIAN_POINT ( 'NONE',  ( 8.030364791908251476, -7.329819725463575963, 753.3828296598445604 ) ) ;
#4237 = CARTESIAN_POINT ( 'NONE',  ( -15.12580516493151528, -17.69673403327901795, 815.0001802494846288 ) ) ;
#4238 = CARTESIAN_POINT ( 'NONE',  ( -18.35605190368405459, -9.973661838196889562, 760.4945438718044670 ) ) ;
#4239 = ORIENTED_EDGE ( 'NONE', *, *, #1199, .T. ) ;
#4240 = CARTESIAN_POINT ( 'NONE',  ( -26.71388785772840180, -2.864609122482153047, 762.6451042508381306 ) ) ;
#4241 = ADVANCED_FACE ( 'NONE', ( #2082 ), #5544, .F. ) ;
#4242 = CARTESIAN_POINT ( 'NONE',  ( 213.7916031682231619, 127.9701129803114696, 918.2587535237199745 ) ) ;
#4243 = CARTESIAN_POINT ( 'NONE',  ( 18.47246513000068902, -12.91165216134852578, 773.7708353575918636 ) ) ;
#4244 = CARTESIAN_POINT ( 'NONE',  ( -14.80364718700056414, -17.57545423991529177, 755.3824795255899289 ) ) ;
#4245 = PRODUCT_DEFINITION ( 'UNKNOWN', '', #3337, #4889 ) ;
#4246 = CARTESIAN_POINT ( 'NONE',  ( 0.000000000000000000, -10.20000000000000107, 704.9922371214549912 ) ) ;
#4247 = PLANE ( 'NONE',  #5439 ) ;
#4248 = CARTESIAN_POINT ( 'NONE',  ( 3.754221465821771616E-14, -31.35000000000000142, 700.9422371214550367 ) ) ;
#4249 = CARTESIAN_POINT ( 'NONE',  ( 11.66641036913266838, -8.827207048579717608, 872.8561320053364625 ) ) ;
#4250 = CARTESIAN_POINT ( 'NONE',  ( 18.38091210650350149, -13.26869418473969908, 776.5088918888453691 ) ) ;
#4251 = CARTESIAN_POINT ( 'NONE',  ( -140.3188815055109444, 81.80131168567110933, 823.7061764622445708 ) ) ;
#4252 = CARTESIAN_POINT ( 'NONE',  ( 9.718379332871522891, -5.983375960768127833, 798.3611517555935961 ) ) ;
#4253 = EDGE_CURVE ( 'NONE', #4870, #4965, #5167, .T. ) ;
#4254 = CARTESIAN_POINT ( 'NONE',  ( 10.90142580142808626, -5.778866327652373514, 821.0711133938152670 ) ) ;
#4255 = CARTESIAN_POINT ( 'NONE',  ( 140.1650466161868849, 82.02101067622555775, 825.6424232743780749 ) ) ;
#4256 = CARTESIAN_POINT ( 'NONE',  ( -14.98737575868116600, -19.38453236496165033, 808.5523529576322517 ) ) ;
#4257 = CARTESIAN_POINT ( 'NONE',  ( -143.4911057275595283, 77.27090598601311910, 890.0711930883750256 ) ) ;
#4258 = ORIENTED_EDGE ( 'NONE', *, *, #1737, .F. ) ;
#4259 = CARTESIAN_POINT ( 'NONE',  ( -18.52199114275415681, -10.94149448722424012, 763.5869053070251766 ) ) ;
#4260 = B_SPLINE_CURVE_WITH_KNOTS ( 'NONE', 3,
 ( #5344, #4002, #4887, #1427 ),
 .UNSPECIFIED., .F., .F.,
 ( 4, 4 ),
 ( 3.432440491925245143E-15, 0.001520239105608086998 ),
 .UNSPECIFIED. ) ;
#4261 = VECTOR ( 'NONE', #3933, 1000.000000000000000 ) ;
#4262 = CARTESIAN_POINT ( 'NONE',  ( -5.226488040905067578, -5.939983524255386449, 772.8886998003118833 ) ) ;
#4263 = ORIENTED_EDGE ( 'NONE', *, *, #3920, .F. ) ;
#4264 = CARTESIAN_POINT ( 'NONE',  ( 5.662395014617432665, -6.109437470998101638, 807.2361353154744847 ) ) ;
#4265 = CARTESIAN_POINT ( 'NONE',  ( 19.83132502038428413, 0.7945792586099512667, 798.3610946029333491 ) ) ;
#4266 = CIRCLE ( 'NONE', #2075, 13.40000000000093294 ) ;
#4267 = CARTESIAN_POINT ( 'NONE',  ( -18.27602639430746478, -9.809375839820431153, 760.0100207880610697 ) ) ;
#4268 = VERTEX_POINT ( 'NONE', #3881 ) ;
#4269 = CARTESIAN_POINT ( 'NONE',  ( -10.82870737832904062, -5.348761700115204576, 798.3611470006919717 ) ) ;
#4270 = CARTESIAN_POINT ( 'NONE',  ( -14.97775039531823005, -19.17952823989156741, 763.5624086494203766 ) ) ;
#4271 = CARTESIAN_POINT ( 'NONE',  ( 18.41421013061562562, -10.16105383023852760, 761.0740620423551945 ) ) ;
#4272 = LINE ( 'NONE', #4755, #1528 ) ;
#4273 = CARTESIAN_POINT ( 'NONE',  ( -14.76693349727920612, -17.35256412980309548, 754.7378654446640667 ) ) ;
#4274 = CARTESIAN_POINT ( 'NONE',  ( -11.60344776348899209, -21.85000000000000142, 817.0000000000000000 ) ) ;
#4275 = DIRECTION ( 'NONE',  ( 0.000000000000000000, 0.000000000000000000, -1.000000000000000000 ) ) ;
#4276 = DIRECTION ( 'NONE',  ( 1.000000000000000000, -2.589139516383113957E-15, 0.000000000000000000 ) ) ;
#4277 = CARTESIAN_POINT ( 'NONE',  ( 10.60552161000243565, -5.668009725769151075, 811.6973446960500951 ) ) ;
#4278 = CARTESIAN_POINT ( 'NONE',  ( 11.42276628947529638, -9.148996859988979935, 758.4194152263311253 ) ) ;
#4279 = CARTESIAN_POINT ( 'NONE',  ( -139.5473877927549040, 82.90311889375672649, 848.7807608943043078 ) ) ;
#4280 = CARTESIAN_POINT ( 'NONE',  ( 10.82870737832904062, -5.348761700115204576, 798.3611470006919717 ) ) ;
#4281 = CARTESIAN_POINT ( 'NONE',  ( 69.69760219206625607, 31.56022868358292044, 786.1555536891545444 ) ) ;
#4282 = CARTESIAN_POINT ( 'NONE',  ( -14.99610264411313487, -19.65775554448614315, 800.7513149485486110 ) ) ;
#4283 = CARTESIAN_POINT ( 'NONE',  ( -214.9008080156877440, 126.3860042883360677, 870.1803307469397168 ) ) ;
#4284 = AXIS2_PLACEMENT_3D ( 'NONE', #5349, #598, #3634 ) ;
#4285 = EDGE_CURVE ( 'NONE', #4965, #5490, #4329, .T. ) ;
#4286 = EDGE_LOOP ( 'NONE', ( #1606, #4163, #5126, #3812 ) ) ;
#4287 = CARTESIAN_POINT ( 'NONE',  ( -18.36029225339532545, -9.983812008835489138, 760.5262031520190931 ) ) ;
#4288 = CARTESIAN_POINT ( 'NONE',  ( -5.051165418690023223, -5.876058242276293697, 783.1113724524363988 ) ) ;
#4289 = AXIS2_PLACEMENT_3D ( 'NONE', #2571, #4306, #3906 ) ;
#4290 = VERTEX_POINT ( 'NONE', #4710 ) ;
#4291 = CARTESIAN_POINT ( 'NONE',  ( 5.798651441724219424, -6.165829285340802990, 764.3271496616781633 ) ) ;
#4292 = CARTESIAN_POINT ( 'NONE',  ( 0.000000000000000000, -29.05000000000000426, 700.9422371214550367 ) ) ;
#4293 = CARTESIAN_POINT ( 'NONE',  ( -17.61193597330453997, -7.851620477249772634, 757.7534598345208678 ) ) ;
#4294 = VECTOR ( 'NONE', #517, 1000.000000000000000 ) ;
#4295 = ORIENTED_EDGE ( 'NONE', *, *, #3278, .T. ) ;
#4296 = CARTESIAN_POINT ( 'NONE',  ( -14.19979965418590240, -5.362412450110413786, 766.7887522770505484 ) ) ;
#4297 = CARTESIAN_POINT ( 'NONE',  ( -14.99994229030733983, -20.04261508249273760, 786.3122151639551021 ) ) ;
#4298 = CARTESIAN_POINT ( 'NONE',  ( 18.04402710556890810, -14.10425578241662947, 784.8007265970505841 ) ) ;
#4299 = CARTESIAN_POINT ( 'NONE',  ( -27.57215931217966443, -7.576955849350272665, 798.3610873755021657 ) ) ;
#4300 = CARTESIAN_POINT ( 'NONE',  ( -12.50778171087773138, -11.71596179099052826, 748.4239216845855935 ) ) ;
#4301 = DIRECTION ( 'NONE',  ( -0.000000000000000000, -0.000000000000000000, 1.000000000000000000 ) ) ;
#4302 = LINE ( 'NONE', #2907, #1608 ) ;
#4303 = CARTESIAN_POINT ( 'NONE',  ( 11.90212388807364619, -10.85839507339091270, 894.7388745703910899 ) ) ;
#4304 = DIRECTION ( 'NONE',  ( 0.8191525623785652632, 0.5735756964225232624, -4.695530338612961237E-06 ) ) ;
#4305 = CARTESIAN_POINT ( 'NONE',  ( -211.6489584254999272, 131.0301267987891549, 855.5190468485883457 ) ) ;
#4306 = DIRECTION ( 'NONE',  ( -0.000000000000000000, -0.000000000000000000, 1.000000000000000000 ) ) ;
#4307 = CARTESIAN_POINT ( 'NONE',  ( 13.31306718882931328, -13.36482599278292405, 765.6707742828293703 ) ) ;
#4308 = CARTESIAN_POINT ( 'NONE',  ( 68.98880458552191897, 32.57249657255304953, 791.8933060759006821 ) ) ;
#4309 = FACE_OUTER_BOUND ( 'NONE', #2144, .T. ) ;
#4310 = CARTESIAN_POINT ( 'NONE',  ( -214.9154650257126207, 126.3650719086855077, 878.2022096739691506 ) ) ;
#4311 = VERTEX_POINT ( 'NONE', #2544 ) ;
#4312 = CARTESIAN_POINT ( 'NONE',  ( -18.57364962098910510, -11.37265110447458838, 765.3373318250809234 ) ) ;
#4313 = ORIENTED_EDGE ( 'NONE', *, *, #4757, .T. ) ;
#4314 = CARTESIAN_POINT ( 'NONE',  ( 5.861684707767196301, -6.192677516220486567, 814.2391734392072067 ) ) ;
#4315 = CARTESIAN_POINT ( 'NONE',  ( 14.35375291362608507, -2.939172979699379962, 798.3611257275226762 ) ) ;
#4316 = CARTESIAN_POINT ( 'NONE',  ( -18.19120742425238646, -9.632149294278644192, 759.5648071891765767 ) ) ;
#4317 = ORIENTED_EDGE ( 'NONE', *, *, #5481, .T. ) ;
#4318 = CARTESIAN_POINT ( 'NONE',  ( -14.74011088336446917, -5.616729989805869572, 764.1196331595100446 ) ) ;
#4319 = CARTESIAN_POINT ( 'NONE',  ( -14.99513245288587093, -19.61789580106280084, 768.3718215221616674 ) ) ;
#4320 = CARTESIAN_POINT ( 'NONE',  ( 26.00185026993823101, -8.708223156450593194, 798.3610964709937434 ) ) ;
#4321 = CARTESIAN_POINT ( 'NONE',  ( 0.000000000000000000, -31.87404122883252811, 700.9422371214550367 ) ) ;
#4322 = CARTESIAN_POINT ( 'NONE',  ( -14.88170197069040412, -16.61295587579129673, 807.1493502398448072 ) ) ;
#4323 = CARTESIAN_POINT ( 'NONE',  ( -13.27168037589907001, -21.85000000000000142, 803.0528193383770486 ) ) ;
#4324 = CARTESIAN_POINT ( 'NONE',  ( 8.329676006415361655, -7.227095168777696088, 810.8205786838467475 ) ) ;
#4325 = EDGE_CURVE ( 'NONE', #1336, #4772, #1919, .T. ) ;
#4326 = CARTESIAN_POINT ( 'NONE',  ( -8.900000000000003908, -19.99999999999988276, 908.9931498327478039 ) ) ;
#4327 = AXIS2_PLACEMENT_3D ( 'NONE', #5487, #4946, #3285 ) ;
#4328 = CARTESIAN_POINT ( 'NONE',  ( 2.948480004174594438, -15.78913611739368328, 769.4288572106157744 ) ) ;
#4329 = LINE ( 'NONE', #3373, #1827 ) ;
#4330 = DIRECTION ( 'NONE',  ( 0.000000000000000000, 0.000000000000000000, 1.000000000000000000 ) ) ;
#4331 = EDGE_CURVE ( 'NONE', #3434, #1359, #3019, .T. ) ;
#4333 = CARTESIAN_POINT ( 'NONE',  ( 212.1941964211110587, 130.2514462421564474, 851.2833256139226705 ) ) ;
#4332 = AXIS2_PLACEMENT_3D ( 'NONE', #644, #1074, #2457 ) ;
#4334 = ADVANCED_FACE ( 'NONE', ( #2618 ), #1788, .F. ) ;
#4335 = EDGE_CURVE ( 'NONE', #1151, #5656, #105, .T. ) ;
#4336 = DIRECTION ( 'NONE',  ( 0.7645510641367998517, 0.5353463280462892326, 0.3589790792993960422 ) ) ;
#4337 = CARTESIAN_POINT ( 'NONE',  ( -144.2227194088519866, 76.22605336536975074, 865.5312440156620823 ) ) ;
#4338 = ORIENTED_EDGE ( 'NONE', *, *, #4938, .F. ) ;
#4339 = CIRCLE ( 'NONE', #4327, 8.900000000000003908 ) ;
#4340 = CARTESIAN_POINT ( 'NONE',  ( -18.41343060955735567, -10.15460388300774142, 761.0560674377015857 ) ) ;
#4341 = ORIENTED_EDGE ( 'NONE', *, *, #2141, .T. ) ;
#4342 = EDGE_CURVE ( 'NONE', #1155, #4774, #4107, .T. ) ;
#4343 = CARTESIAN_POINT ( 'NONE',  ( 14.94233785909667844, -16.68422321310884726, 798.7549351697908833 ) ) ;
#4344 = DIRECTION ( 'NONE',  ( 3.700743415417164276E-15, 3.615612482262946859E-29, 1.000000000000000000 ) ) ;
#4345 = CARTESIAN_POINT ( 'NONE',  ( -18.02257181379039963, -9.172351149954508287, 758.7659962704362897 ) ) ;
#4346 = ORIENTED_EDGE ( 'NONE', *, *, #1915, .T. ) ;
#4347 = EDGE_CURVE ( 'NONE', #1495, #212, #1360, .T. ) ;
#4348 = CARTESIAN_POINT ( 'NONE',  ( -7.337685345909606305, -6.574124847309334108, 817.0000000000000000 ) ) ;
#4349 = CARTESIAN_POINT ( 'NONE',  ( -14.94260231080190771, -18.68886327573329709, 760.2515237464127722 ) ) ;
#4350 = ORIENTED_EDGE ( 'NONE', *, *, #5357, .T. ) ;
#4351 = CARTESIAN_POINT ( 'NONE',  ( 18.59019958645233928, -11.84599629097167117, 767.6297067311103319 ) ) ;
#4352 = CARTESIAN_POINT ( 'NONE',  ( -6.853095968516347725, -6.656944498612260119, 757.3269122540585840 ) ) ;
#4353 = EDGE_CURVE ( 'NONE', #5386, #4826, #4790, .T. ) ;
#4354 = CARTESIAN_POINT ( 'NONE',  ( 15.16523219947685597, -17.75308747048319802, 809.4531053296426535 ) ) ;
#4355 = CARTESIAN_POINT ( 'NONE',  ( 11.70440938278015430, -10.60395134119060678, 891.1042198954072546 ) ) ;
#4356 = FACE_OUTER_BOUND ( 'NONE', #4856, .T. ) ;
#4357 = CARTESIAN_POINT ( 'NONE',  ( -139.5603308340248248, 82.88463431516662183, 852.1316916243845299 ) ) ;
#4358 = CARTESIAN_POINT ( 'NONE',  ( 0.000000000000000000, -10.30000000000000071, 700.9422371214550367 ) ) ;
#4359 = CARTESIAN_POINT ( 'NONE',  ( -27.52827388401953357, -7.514316862344639247, 793.9610873755503917 ) ) ;
#4360 = CARTESIAN_POINT ( 'NONE',  ( -2.437208486953515330, -16.51930751561698330, 761.2447133951325213 ) ) ;
#4361 = CARTESIAN_POINT ( 'NONE',  ( -7.298219146740101415, -6.517806854112377479, 809.4538767922822444 ) ) ;
#4362 = CARTESIAN_POINT ( 'NONE',  ( -3.380398359958236565, -24.82771113804325225, 785.8764603994653726 ) ) ;
#4363 = ORIENTED_EDGE ( 'NONE', *, *, #3992, .F. ) ;
#4364 = CARTESIAN_POINT ( 'NONE',  ( -18.57174230757629729, -11.35304092201744197, 765.2499595832335899 ) ) ;
#4365 = ORIENTED_EDGE ( 'NONE', *, *, #1547, .F. ) ;
#4366 = PRESENTATION_LAYER_ASSIGNMENT (  '', '', ( #1732 ) ) ;
#4367 = CARTESIAN_POINT ( 'NONE',  ( 14.89633217742323978, -18.23938733283826608, 757.8947593910472733 ) ) ;
#4368 = B_SPLINE_CURVE_WITH_KNOTS ( 'NONE', 3,
 ( #1355, #2300, #132, #2773, #2255, #4394, #3510 ),
 .UNSPECIFIED., .F., .F.,
 ( 4, 3, 4 ),
 ( 2.403565848482457543E-05, 0.001277052520722227798, 0.002024343740626771779 ),
 .UNSPECIFIED. ) ;
#4369 = CARTESIAN_POINT ( 'NONE',  ( -17.73474849318830948, -8.272965075735907448, 757.8803922232547166 ) ) ;
#4370 = VERTEX_POINT ( 'NONE', #3621 ) ;
#4371 = CARTESIAN_POINT ( 'NONE',  ( -14.02747299575370299, -5.303931094644702249, 767.7161407264136415 ) ) ;
#4372 = CIRCLE ( 'NONE', #4566, 9.799999999999998934 ) ;
#4373 = DIRECTION ( 'NONE',  ( -1.000000000000000000, 0.000000000000000000, 0.000000000000000000 ) ) ;
#4374 = CARTESIAN_POINT ( 'NONE',  ( -14.99603486835339261, -19.65481459356162475, 768.8919051180919269 ) ) ;
#4375 = ORIENTED_EDGE ( 'NONE', *, *, #89, .F. ) ;
#4376 = CARTESIAN_POINT ( 'NONE',  ( -6.852995198732883431, -5.882050747393882340, 798.3611625039872024 ) ) ;
#4377 = CARTESIAN_POINT ( 'NONE',  ( -12.83252341407326114, -12.21506137172168671, 891.1046074290145498 ) ) ;
#4378 = CARTESIAN_POINT ( 'NONE',  ( -14.83485095374123297, -16.45744010413347169, 814.1540819997328526 ) ) ;
#4379 = CARTESIAN_POINT ( 'NONE',  ( 0.000000000000000000, -19.99999999999988276, 700.9422371214550367 ) ) ;
#4380 = DIRECTION ( 'NONE',  ( -0.9999999999926026950, 0.000000000000000000, -3.846355708657455944E-06 ) ) ;
#4381 = EDGE_CURVE ( 'NONE', #2549, #3434, #2639, .T. ) ;
#4382 = CARTESIAN_POINT ( 'NONE',  ( 27.37583907793506199, -3.809954596332810972, 765.1687122947070065 ) ) ;
#4383 = LINE ( 'NONE', #5191, #2986 ) ;
#4384 = CARTESIAN_POINT ( 'NONE',  ( -211.3957504569704895, 131.3917452543351203, 896.9092783278562138 ) ) ;
#4385 = CARTESIAN_POINT ( 'NONE',  ( 0.000000000000000000, 0.000000000000000000, 704.9922371214549912 ) ) ;
#4386 = LINE ( 'NONE', #1299, #5249 ) ;
#4387 = CARTESIAN_POINT ( 'NONE',  ( -5.639619589002205835, -6.100341549204344460, 766.0843813212682107 ) ) ;
#4388 = EDGE_CURVE ( 'NONE', #1406, #1641, #3660, .T. ) ;
#4389 = CARTESIAN_POINT ( 'NONE',  ( 211.3216429673855430, 131.4975817178705029, 894.2383636226297767 ) ) ;
#4390 = CARTESIAN_POINT ( 'NONE',  ( -14.97855255476548564, -19.19815003639919837, 815.0000000000000000 ) ) ;
#4391 = CARTESIAN_POINT ( 'NONE',  ( -144.3940047971112506, 75.98143247954295987, 842.0790406311148217 ) ) ;
#4392 = ORIENTED_EDGE ( 'NONE', *, *, #4563, .F. ) ;
#4393 = CARTESIAN_POINT ( 'NONE',  ( -18.58802838264831792, -11.88077833155858443, 767.8197487554637064 ) ) ;
#4394 = CARTESIAN_POINT ( 'NONE',  ( -27.72982732358537916, -7.367942136399207698, 793.9610862060810632 ) ) ;
#4395 = CARTESIAN_POINT ( 'NONE',  ( 10.62672846889232936, -9.407664892015487723, 749.2025410968552706 ) ) ;
#4396 = B_SPLINE_CURVE_WITH_KNOTS ( 'NONE', 3,
 ( #1445, #2764, #5454, #1132 ),
 .UNSPECIFIED., .F., .F.,
 ( 4, 4 ),
 ( 0.000000000000000000, 1.000000000000000000 ),
 .UNSPECIFIED. ) ;
#4397 = CARTESIAN_POINT ( 'NONE',  ( -17.94288627868817088, -8.942680373430805574, 758.4586471953558657 ) ) ;
#4398 = ORIENTED_EDGE ( 'NONE', *, *, #2784, .T. ) ;
#4399 = CARTESIAN_POINT ( 'NONE',  ( -15.65152937700654512, -6.116265882041813207, 760.7433598553656111 ) ) ;
#4400 = CARTESIAN_POINT ( 'NONE',  ( -6.575068409046565421, -33.57907267859057043, 817.0000000000000000 ) ) ;
#4401 = CARTESIAN_POINT ( 'NONE',  ( -14.35269759579021098, -15.64109198889179808, 751.3487243988373621 ) ) ;
#4402 = ORIENTED_EDGE ( 'NONE', *, *, #3141, .T. ) ;
#4403 = CARTESIAN_POINT ( 'NONE',  ( 6.370458740702158451, -6.411258352104349356, 816.9999999999997726 ) ) ;
#4404 = CARTESIAN_POINT ( 'NONE',  ( -14.98112697523556491, -19.24752377972777140, 812.7242614499003821 ) ) ;
#4405 = CARTESIAN_POINT ( 'NONE',  ( -6.072107969923949078, -6.283344325259958119, 761.9866923857035772 ) ) ;
#4406 = ORIENTED_EDGE ( 'NONE', *, *, #4743, .F. ) ;
#4407 = EDGE_CURVE ( 'NONE', #4096, #1555, #2288, .T. ) ;
#4408 = CARTESIAN_POINT ( 'NONE',  ( 0.000000000000000000, -41.74756306451790522, 817.0000000000000000 ) ) ;
#4409 = B_SPLINE_SURFACE_WITH_KNOTS ( 'NONE', 3, 3, ( 
 ( #3215, #632, #3758, #2360 ),
 ( #4126, #1956, #4960, #3272 ),
 ( #5502, #1581, #3696, #1153 ),
 ( #4643, #1521, #4211, #244 ),
 ( #300, #1093, #4554, #2040 ),
 ( #5416, #1986, #662, #4526 ),
 ( #1035, #1553, #604, #4098 ),
 ( #2418, #2872, #3726, #3300 ),
 ( #1927, #3670, #1123, #1062 ),
 ( #2927, #2150, #3814, #5099 ),
 ( #1206, #3360, #2502, #4669 ),
 ( #3411, #423, #3892, #2175 ) ),
 .UNSPECIFIED., .F., .F., .F.,
 ( 4, 1, 1, 1, 2, 1, 1, 1, 4 ),
 ( 4, 4 ),
 ( 0.000000000000000000, 0.1250000000000000555, 0.2500000000000001110, 0.3750000000000001665, 0.5000000000000002220, 0.6250000000000002220, 0.7500000000000001110, 0.8750000000000000000, 1.000000000000000000 ),
 ( 0.000000000000000000, 1.000000000000000000 ),
 .UNSPECIFIED. ) ;
#4410 = CARTESIAN_POINT ( 'NONE',  ( -5.890804042447909339, -6.205121825543839620, 815.6649582595215406 ) ) ;
#4411 = DIRECTION ( 'NONE',  ( 1.000000000000000000, 1.062075597536820771E-15, 0.000000000000000000 ) ) ;
#4412 = CARTESIAN_POINT ( 'NONE',  ( -21.10408481329370645, 1.660429612524109366, 798.3610873755019384 ) ) ;
#4413 = CARTESIAN_POINT ( 'NONE',  ( -68.30502851539033315, 33.54903000416922509, 842.1676176909032847 ) ) ;
#4414 = CARTESIAN_POINT ( 'NONE',  ( 15.12580516493151528, -17.69673403327901795, 815.0001802494846288 ) ) ;
#4415 = CARTESIAN_POINT ( 'NONE',  ( 14.97855255476548564, -19.19815003639919837, 815.0000000000000000 ) ) ;
#4416 = CARTESIAN_POINT ( 'NONE',  ( -5.057066651238412369, -5.878170198997610285, 784.2714397170258280 ) ) ;
#4417 = CARTESIAN_POINT ( 'NONE',  ( -3.406199014178344697, -15.13544562560885431, 799.9906555251097870 ) ) ;
#4418 = FACE_OUTER_BOUND ( 'NONE', #1091, .T. ) ;
#4419 = CARTESIAN_POINT ( 'NONE',  ( -72.41958872080397214, 27.67282904818746658, 786.9630249103829556 ) ) ;
#4420 = ORIENTED_EDGE ( 'NONE', *, *, #2378, .F. ) ;
#4421 = CARTESIAN_POINT ( 'NONE',  ( -17.54871414510544270, -14.76486688656380153, 796.1562823381062799 ) ) ;
#4422 = VECTOR ( 'NONE', #4106, 1000.000000000000000 ) ;
#4423 = CARTESIAN_POINT ( 'NONE',  ( 14.97571229811211779, -19.14674349165864342, 816.9999999065702241 ) ) ;
#4424 = CARTESIAN_POINT ( 'NONE',  ( 214.5882323245717487, 126.8324086385606506, 859.5003222140358048 ) ) ;
#4425 = VECTOR ( 'NONE', #494, 1000.000000000000000 ) ;
#4426 = CARTESIAN_POINT ( 'NONE',  ( 14.96965590890452802, -19.04139912916325628, 762.4797357138047573 ) ) ;
#4427 = CARTESIAN_POINT ( 'NONE',  ( -17.20104220776342174, -15.02954889484851897, 798.3611473381444057 ) ) ;
#4428 = ORIENTED_EDGE ( 'NONE', *, *, #5189, .F. ) ;
#4429 = CARTESIAN_POINT ( 'NONE',  ( -15.99269324065776665, -6.461930084141680908, 759.5289804021151667 ) ) ;
#4430 = CARTESIAN_POINT ( 'NONE',  ( 14.84746023040157503, -16.51998623723856241, 811.7355695824738859 ) ) ;
#4431 = CARTESIAN_POINT ( 'NONE',  ( -14.73215838613250916, -17.17803063484577208, 754.3176881124238662 ) ) ;
#4432 = ORIENTED_EDGE ( 'NONE', *, *, #4170, .F. ) ;
#4433 = DIRECTION ( 'NONE',  ( -1.000000000000000000, 9.885507410759308646E-16, 0.000000000000000000 ) ) ;
#4434 = CARTESIAN_POINT ( 'NONE',  ( -17.08883342354824109, -14.74016691552173342, 818.0841559375949146 ) ) ;
#4435 = CARTESIAN_POINT ( 'NONE',  ( -12.28859530163855496, -11.29176323008881866, 755.3028605810263798 ) ) ;
#4436 = EDGE_LOOP ( 'NONE', ( #660, #4502, #5019, #1473 ) ) ;
#4437 = DIRECTION ( 'NONE',  ( 1.000000000000000000, 0.000000000000000000, 0.000000000000000000 ) ) ;
#4438 = DIRECTION ( 'NONE',  ( 0.000000000000000000, 0.000000000000000000, -1.000000000000000000 ) ) ;
#4439 = VECTOR ( 'NONE', #1357, 1000.000000000000000 ) ;
#4440 = CARTESIAN_POINT ( 'NONE',  ( 24.95928247213356244, -0.3587616825341884974, 763.4315805871276552 ) ) ;
#4441 = CARTESIAN_POINT ( 'NONE',  ( 5.995204332975802909E-13, -20.00000000000000000, 796.8678772901432694 ) ) ;
#4442 = CARTESIAN_POINT ( 'NONE',  ( -68.60749033748767545, 33.11706975582532664, 854.2397849133938053 ) ) ;
#4443 = EDGE_LOOP ( 'NONE', ( #5470, #3839, #724, #4750 ) ) ;
#4444 = PLANE ( 'NONE',  #906 ) ;
#4445 = CYLINDRICAL_SURFACE ( 'NONE', #2884, 1.000000000000153877 ) ;
#4446 = DIRECTION ( 'NONE',  ( 0.000000000000000000, -0.000000000000000000, -1.000000000000000000 ) ) ;
#4447 = CARTESIAN_POINT ( 'NONE',  ( 68.72835315119739619, 32.94445976933648979, 858.2621862780266611 ) ) ;
#4448 = CARTESIAN_POINT ( 'NONE',  ( 12.28859530163855496, -11.29176323008881866, 755.3028605810263798 ) ) ;
#4449 = PLANE ( 'NONE',  #5336 ) ;
#4450 = CARTESIAN_POINT ( 'NONE',  ( -143.0642838748404131, 77.88047076420708947, 818.9327634362031176 ) ) ;
#4451 = VERTEX_POINT ( 'NONE', #2274 ) ;
#4452 = CARTESIAN_POINT ( 'NONE',  ( -18.49626093001313620, -12.69729689015612983, 772.5315193069289990 ) ) ;
#4453 = DIRECTION ( 'NONE',  ( -0.000000000000000000, -0.000000000000000000, -1.000000000000000000 ) ) ;
#4454 = CARTESIAN_POINT ( 'NONE',  ( 144.4195682818476030, 75.94492403977176309, 845.4297639899530168 ) ) ;
#4455 = EDGE_CURVE ( 'NONE', #554, #1500, #44, .T. ) ;
#4456 = CARTESIAN_POINT ( 'NONE',  ( 14.68928158364711045, -16.95979984930448481, 753.7836329932479202 ) ) ;
#4457 = B_SPLINE_SURFACE_WITH_KNOTS ( 'NONE', 3, 3, ( 
 ( #1200, #3264, #1605, #321 ),
 ( #1575, #5548, #2891, #4180 ),
 ( #1632, #4636, #3378, #1116 ),
 ( #2007, #1085, #2866, #656 ),
 ( #2521, #5466, #2467, #769 ),
 ( #4205, #1545, #2411, #292 ),
 ( #2034, #4257, #4608, #3779 ),
 ( #2919, #5520, #5091, #5495 ),
 ( #682, #5118, #2945, #5065 ),
 ( #2441, #347, #3354, #3689 ),
 ( #263, #4796, #3076, #4771 ),
 ( #2598, #1223, #905, #1765 ),
 ( #849, #3045, #5142, #878 ),
 ( #4825, #4337, #3405, #21 ),
 ( #2973, #800, #5601, #2622 ),
 ( #4740, #1303, #3507, #418 ),
 ( #3862, #4714, #5575, #3941 ),
 ( #4310, #5223, #825, #2548 ),
 ( #2170, #5252, #2649, #3910 ),
 ( #3482, #1710, #1335, #3887 ),
 ( #4283, #4391, #3433, #4362 ),
 ( #1683, #2086, #3833, #5626 ),
 ( #3457, #5197, #443, #374 ),
 ( #2576, #1657, #1276, #5652 ),
 ( #2115, #2195, #5171, #1741 ),
 ( #1252, #2998, #397, #2143 ),
 ( #3023, #5402, #1366, #80 ),
 ( #1856, #1795, #3656, #3968 ),
 ( #1451, #3536, #4028, #4510 ),
 ( #965, #2709, #4085, #1424 ),
 ( #1826, #3200, #992, #5281 ),
 ( #4482, #4913, #4947, #3107 ),
 ( #1480, #3227, #3172, #4855 ),
 ( #1023, #932, #2676, #3999 ),
 ( #112, #3135, #5374, #171 ),
 ( #472, #2252, #4419, #50 ),
 ( #3567, #4450, #3627, #4883 ),
 ( #3598, #499, #5311, #1395 ),
 ( #529, #2281, #2770, #5340 ),
 ( #590, #1883, #2740, #561 ),
 ( #2312, #2347, #4054, #4972 ),
 ( #142, #1912, #1049, #2798 ),
 ( #2220, #4657, #200, #3256 ),
 ( #1140, #3741, #1539, #2434 ),
 ( #4199, #4141, #257, #1942 ),
 ( #5003, #2914, #3800, #5430 ),
 ( #1569, #2001, #3683, #2053 ),
 ( #2462, #5514, #1508, #4171 ),
 ( #5489, #5033, #1109, #2489 ),
 ( #1595, #228, #1193, #2859 ),
 ( #1972, #1079, #3313, #5059 ),
 ( #2886, #5542, #2029, #4630 ),
 ( #4601, #2830, #3712, #3773 ),
 ( #708, #5460, #4572, #739 ),
 ( #316, #1627, #4113, #3346 ),
 ( #285, #4226, #649, #5113 ),
 ( #5084, #3286, #1167, #676 ),
 ( #3372, #4542, #2405, #619 ),
 ( #2374, #3880, #2569, #2189 ),
 ( #4305, #4251, #436, #764 ),
 ( #3905, #340, #820, #1297 ),
 ( #3477, #3501, #392, #3399 ),
 ( #2966, #1704, #4709, #2515 ),
 ( #5645, #2137, #1758, #5137 ),
 ( #3934, #414, #5192, #4328 ),
 ( #1219, #368, #2164, #1734 ),
 ( #2110, #792, #3040, #5621 ),
 ( #15, #2081, #5217, #5243 ),
 ( #2617, #2994, #3827, #2940 ),
 ( #1270, #3452, #4789, #5568 ),
 ( #4682, #1652, #3018, #2542 ),
 ( #869, #4279, #3857, #5596 ),
 ( #1678, #4357, #3425, #4763 ),
 ( #5166, #1245, #4734, #843 ),
 ( #2593, #4474, #73, #2214 ),
 ( #2642, #925, #1358, #5365 ),
 ( #2668, #4047, #4413, #957 ),
 ( #2730, #2699, #521, #3529 ),
 ( #3191, #4849, #4075, #4501 ),
 ( #4384, #4875, #4442, #135 ),
 ( #1443, #3991, #2273, #553 ),
 ( #162, #492, #2303, #2339 ),
 ( #2244, #582, #4935, #4818 ),
 ( #1818, #1015, #897, #3560 ),
 ( #465, #43, #1904, #3591 ),
 ( #5304, #4020, #1389, #985 ),
 ( #1876, #3128, #3961, #1786 ),
 ( #3647, #5273, #104, #1849 ),
 ( #3099, #1326, #5332, #4906 ),
 ( #1417, #3162, #2762, #3619 ) ),
 .UNSPECIFIED., .F., .F., .F.,
 ( 4, 1, 1, 1, 1, 1, 1, 1, 1, 1, 1, 1, 1, 1, 1, 1, 1, 1, 1, 1, 1, 1, 1, 1, 1, 1, 1, 1, 1, 1, 1, 1, 1, 1, 1, 1, 1, 1, 1, 1, 1, 1, 1, 2, 1, 1, 1, 1, 1, 1, 1, 1, 1, 1, 1, 1, 1, 1, 1, 1, 1, 1, 1, 1, 1, 1, 1, 1, 1, 1, 1, 1, 1, 1, 1, 1, 1, 1, 1, 1, 1, 1, 1, 1, 1, 1, 4 ),
 ( 4, 4 ),
 ( 0.0008302671343174417018, 0.03205428596913206807, 0.06327830480394658341, 0.09450232363876109876, 0.1257263424735757251, 0.1569503613083903515, 0.1725623707257974981, 0.1881743801432048668, 0.2037863895606123465, 0.2193983989780194932, 0.2350104083954268619, 0.2506224178128341196, 0.2662344272302413772, 0.2818464366476487459, 0.2974584460650561146, 0.3130704554824633723, 0.3286824648998706300, 0.3442944743172778876, 0.3599064837346850343, 0.3755184931520924030, 0.3911305025694997717, 0.4067425119869070294, 0.4145485166956107692, 0.4223545214043141760, 0.4301605261130178048, 0.4379665308217214337, 0.4457725355304250625, 0.4535785402391286913, 0.4574815425934807278, 0.4613845449478324312, 0.4652875473021841346, 0.4691905496565361711, 0.4730935520108879855, 0.4769965543652397999, 0.4808995567195916143, 0.4848025590739434287, 0.4867540602511195580, 0.4887055614282952432, 0.4906570626054710393, 0.4926085637826470576, 0.4945600649598229648, 0.4965115661369988720, 0.4984630673141748902, 0.5004145684913506864, 0.5023660740831813465, 0.5043175796750120066, 0.5062690852668426666, 0.5082205908586733267, 0.5101720964505039868, 0.5121236020423346469, 0.5140751076341653070, 0.5160266132259959670, 0.5199296244096572872, 0.5238326355933186074, 0.5277356467769799275, 0.5316386579606412477, 0.5355416691443025679, 0.5394446803279638880, 0.5433476915116252082, 0.5472507026952865283, 0.5550567250626091687, 0.5628627474299318090, 0.5706687697972544493, 0.5784747921645770896, 0.5862808145318997299, 0.5940868368992223703, 0.6096988816338676509, 0.6253109263685129315, 0.6409229711031582122, 0.6565350158378037149, 0.6721470605724489955, 0.6877591053070942761, 0.7033711500417395568, 0.7189831947763848374, 0.7345952395110301181, 0.7502072842456753987, 0.7658193289803206794, 0.7814313737149659600, 0.7970434184496112406, 0.8126554631842565213, 0.8282675079189018019, 0.8438795526535473046, 0.8751036421228376438, 0.9063277315921284272, 0.9375518210614189885, 0.9687759105307095497, 1.000000000000000000 ),
 ( 0.000000000000000000, 1.000000000000000000 ),
 .UNSPECIFIED. ) ;
#4458 = DIRECTION ( 'NONE',  ( -0.5735756964288428739, 0.8191525623875981488, 0.000000000000000000 ) ) ;
#4459 = B_SPLINE_CURVE_WITH_KNOTS ( 'NONE', 3,
 ( #5284, #147, #995, #83 ),
 .UNSPECIFIED., .F., .F.,
 ( 4, 4 ),
 ( 0.000000000000000000, 0.1013215859030836830 ),
 .UNSPECIFIED. ) ;
#4460 = CARTESIAN_POINT ( 'NONE',  ( -14.91977596287152430, -5.711134264394120308, 763.3686303057704663 ) ) ;
#4461 = CARTESIAN_POINT ( 'NONE',  ( 16.56720133940550710, -14.00697664469933557, 839.9895951611001692 ) ) ;
#4462 = CARTESIAN_POINT ( 'NONE',  ( -14.75449957198983419, -17.29592877813340124, 754.6181518583013030 ) ) ;
#4463 = ORIENTED_EDGE ( 'NONE', *, *, #4381, .T. ) ;
#4464 = CYLINDRICAL_SURFACE ( 'NONE', #4791, 2.200000000000046807 ) ;
#4465 = CARTESIAN_POINT ( 'NONE',  ( -14.97910464309763512, -19.20828666719781452, 814.5608481264418970 ) ) ;
#4466 = CARTESIAN_POINT ( 'NONE',  ( -12.20661730333003270, -10.58213660479050233, 755.7347848068855001 ) ) ;
#4467 = VERTEX_POINT ( 'NONE', #4358 ) ;
#4468 = AXIS2_PLACEMENT_3D ( 'NONE', #4953, #1862, #1029 ) ;
#4469 = CARTESIAN_POINT ( 'NONE',  ( -3.754077464879039340E-14, -9.749999999999998224, 700.9422371214550367 ) ) ;
#4470 = CARTESIAN_POINT ( 'NONE',  ( 27.52827388401953357, -7.514316862344639247, 793.9610873755503917 ) ) ;
#4471 = CARTESIAN_POINT ( 'NONE',  ( 24.65576069001973281, 0.07472375284546572960, 764.7232197020559852 ) ) ;
#4472 = CARTESIAN_POINT ( 'NONE',  ( -11.06661167687898661, -5.186178225972856382, 798.3611444227663014 ) ) ;
#4473 = B_SPLINE_CURVE_WITH_KNOTS ( 'NONE', 3,
 ( #1533, #3420, #4400, #3338 ),
 .UNSPECIFIED., .F., .F.,
 ( 4, 4 ),
 ( 3.432440491925245143E-15, 0.001520239105608086998 ),
 .UNSPECIFIED. ) ;
#4474 = CARTESIAN_POINT ( 'NONE',  ( -139.6317860957773007, 82.78258562552318267, 858.8324735322736387 ) ) ;
#4475 = CIRCLE ( 'NONE', #1370, 13.40000000000093294 ) ;
#4476 = DIRECTION ( 'NONE',  ( -0.8191525623785653742, 0.5735756964225233734, -4.695530338612962084E-06 ) ) ;
#4477 = CARTESIAN_POINT ( 'NONE',  ( -7.321862195485802971, -6.585204315214041593, 816.3331056897482085 ) ) ;
#4478 = CARTESIAN_POINT ( 'NONE',  ( -5.628121898965979142, -6.095882806527018971, 806.2794536332457938 ) ) ;
#4479 = CARTESIAN_POINT ( 'NONE',  ( 211.5615726691639509, 131.1549265925172563, 902.2495147704914871 ) ) ;
#4480 = CARTESIAN_POINT ( 'NONE',  ( 12.29675909603516004, -11.09343813010454838, 755.3772842087737445 ) ) ;
#4481 = CARTESIAN_POINT ( 'NONE',  ( 0.000000000000000000, 0.000000000000000000, 704.9922371214549912 ) ) ;
#4482 = CARTESIAN_POINT ( 'NONE',  ( -214.2510278638189334, 127.3139865170481215, 854.8584957246521299 ) ) ;
#4483 = ORIENTED_EDGE ( 'NONE', *, *, #4804, .T. ) ;
#4484 = CARTESIAN_POINT ( 'NONE',  ( -18.50069688465674034, -12.67064327269311086, 772.3579220976714623 ) ) ;
#4485 = DIRECTION ( 'NONE',  ( 1.000000000000000000, -9.885507410759308646E-16, 0.000000000000000000 ) ) ;
#4486 = CARTESIAN_POINT ( 'NONE',  ( 2.830492955143695255, -24.04236483026065230, 767.0853760387553848 ) ) ;
#4487 = UNCERTAINTY_MEASURE_WITH_UNIT (LENGTH_MEASURE( 1.000000000000000082E-05 ), #4784, 'distance_accuracy_value', 'NONE');
#4488 = CARTESIAN_POINT ( 'NONE',  ( 14.46074429800012240, -16.00971265345084404, 751.9164315221875086 ) ) ;
#4489 = DIRECTION ( 'NONE',  ( 0.000000000000000000, 0.000000000000000000, -1.000000000000000000 ) ) ;
#4490 = CARTESIAN_POINT ( 'NONE',  ( -16.08485319244794809, -6.546248130554862321, 759.2935068169257420 ) ) ;
#4491 = CARTESIAN_POINT ( 'NONE',  ( 13.56134994349558198, -13.48905531536821378, 872.9185827885660274 ) ) ;
#4492 = CARTESIAN_POINT ( 'NONE',  ( -14.88381497132036557, -18.13665452115635190, 757.4276616161844231 ) ) ;
#4493 = ORIENTED_EDGE ( 'NONE', *, *, #2314, .T. ) ;
#4494 = CARTESIAN_POINT ( 'NONE',  ( -1.314161529515831650E-13, -18.14999999999993818, 704.9922371214549912 ) ) ;
#4495 = CARTESIAN_POINT ( 'NONE',  ( -13.14603238045912725, -12.73934545100139992, 883.8507651144221882 ) ) ;
#4496 = CARTESIAN_POINT ( 'NONE',  ( -12.00383377247713490, -10.07660700404076692, 756.3357778843691221 ) ) ;
#4497 = VERTEX_POINT ( 'NONE', #1759 ) ;
#4498 = DIRECTION ( 'NONE',  ( 1.000000000000000000, 0.000000000000000000, 0.000000000000000000 ) ) ;
#4499 = CARTESIAN_POINT ( 'NONE',  ( 27.18643412947817239, -3.539463949332554815, 764.1703955256824656 ) ) ;
#4500 = DIRECTION ( 'NONE',  ( 0.5735756964288458715, -0.8191525623875960394, 0.000000000000000000 ) ) ;
#4501 = CARTESIAN_POINT ( 'NONE',  ( 2.916999360594356272, -15.83409513577375982, 828.2056663184281433 ) ) ;
#4502 = ORIENTED_EDGE ( 'NONE', *, *, #3663, .F. ) ;
#4503 = CARTESIAN_POINT ( 'NONE',  ( 11.34999999999996412, -21.48571151609321817, 700.9422371214550367 ) ) ;
#4504 = CARTESIAN_POINT ( 'NONE',  ( -14.99999999999992895, -21.96349540849349324, 720.9422371214553777 ) ) ;
#4505 = CARTESIAN_POINT ( 'NONE',  ( -11.37563292597350006, -10.22109890506414942, 891.1379006114185586 ) ) ;
#4506 = ADVANCED_FACE ( 'NONE', ( #3962 ), #1850, .F. ) ;
#4507 = CARTESIAN_POINT ( 'NONE',  ( 139.5603308340248248, 82.88463431516662183, 852.1316916243845299 ) ) ;
#4508 = CARTESIAN_POINT ( 'NONE',  ( 12.34770449534703829, -11.42389330712156159, 755.2919870719134678 ) ) ;
#4509 = CARTESIAN_POINT ( 'NONE',  ( -9.725845257051405568, -28.77119920480106074, 701.5946399063285526 ) ) ;
#4510 = CARTESIAN_POINT ( 'NONE',  ( -2.557271931907186602, -23.65216477052539190, 762.7989779438967162 ) ) ;
#4511 = ORIENTED_EDGE ( 'NONE', *, *, #4179, .T. ) ;
#4512 = ADVANCED_FACE ( 'NONE', ( #3592 ), #523, .F. ) ;
#4513 = CARTESIAN_POINT ( 'NONE',  ( 9.928697634707173592, -10.27448373880025834, 814.7000000000221007 ) ) ;
#4514 = CARTESIAN_POINT ( 'NONE',  ( 16.42396623378529341, -6.827928503604903554, 758.6332998521687614 ) ) ;
#4515 = ADVANCED_FACE ( 'NONE', ( #2644 ), #4444, .T. ) ;
#4516 = CARTESIAN_POINT ( 'NONE',  ( 3.416300187990132908, -24.87898426218540493, 790.5809672639373957 ) ) ;
#4517 = DIRECTION ( 'NONE',  ( 0.000000000000000000, -0.000000000000000000, -1.000000000000000000 ) ) ;
#4518 = CARTESIAN_POINT ( 'NONE',  ( 15.11073363544572068, -17.67519352322635839, 817.0000000000000000 ) ) ;
#4519 = CARTESIAN_POINT ( 'NONE',  ( -15.59106023809575703, -6.074068776419786708, 760.9605944329962313 ) ) ;
#4520 = CARTESIAN_POINT ( 'NONE',  ( 14.50595562414920536, -15.42552630825449178, 840.1328292812324889 ) ) ;
#4521 = CARTESIAN_POINT ( 'NONE',  ( -14.29312306265751609, -15.44843162637880241, 751.0716439079250222 ) ) ;
#4522 = VECTOR ( 'NONE', #796, 1000.000000000000000 ) ;
#4523 = EDGE_LOOP ( 'NONE', ( #2327, #1913, #3672, #1981 ) ) ;
#4524 = CIRCLE ( 'NONE', #146, 9.700000000000001066 ) ;
#4525 = CARTESIAN_POINT ( 'NONE',  ( 14.94010615967310684, -18.65404194434683305, 760.0244111218978560 ) ) ;
#4526 = CARTESIAN_POINT ( 'NONE',  ( 14.99999999999987743, -18.03650460428209357, 720.9422371214550367 ) ) ;
#4527 = CARTESIAN_POINT ( 'NONE',  ( -13.51816588104859562, -12.21113614428831440, 756.5166234653313495 ) ) ;
#4528 = ORIENTED_EDGE ( 'NONE', *, *, #2209, .F. ) ;
#4529 = CARTESIAN_POINT ( 'NONE',  ( -7.162181936570104178E-16, -4.999999999999997335, 720.9422371214550367 ) ) ;
#4530 = EDGE_CURVE ( 'NONE', #2228, #98, #635, .T. ) ;
#4531 = CYLINDRICAL_SURFACE ( 'NONE', #1008, 13.40000000000093294 ) ;
#4532 = PRODUCT_CONTEXT ( 'NONE', #4944, 'mechanical' ) ;
#4533 = VERTEX_POINT ( 'NONE', #2733 ) ;
#4534 = DIRECTION ( 'NONE',  ( 1.000000000000000000, 0.000000000000000000, 0.000000000000000000 ) ) ;
#4535 = B_SPLINE_CURVE_WITH_KNOTS ( 'NONE', 3,
 ( #3423, #5164, #3016, #983, #4873, #2638, #5239, #4816, #5302, #1784, #3526, #489, #2242, #578, #4382, #1414, #4499, #2271, #3126, #3158, #2728, #3589, #2212, #551, #953, #2301, #2697, #4904, #5271, #3932, #4045, #5362, #3988, #71, #1356, #1816, #1387, #2760, #13, #4440, #3188, #102, #4471, #895, #3065, #519, #4018, #1441, #463, #133, #3959, #1847, #1756, #4932, #1873, #3499 ),
 .UNSPECIFIED., .F., .F.,
 ( 4, 2, 2, 2, 2, 2, 2, 2, 2, 2, 2, 2, 2, 2, 2, 2, 2, 2, 2, 2, 2, 2, 2, 2, 2, 2, 2, 4 ),
 ( 0.1069534866963154363, 0.1153468478657233010, 0.1237402090351311518, 0.1279368896198350702, 0.1321335702045390303, 0.1342319104968911492, 0.1352810806430673751, 0.1363302507892436011, 0.1373794209354198270, 0.1384285910815960530, 0.1389531761546841659, 0.1394777612277722512, 0.1400023463008603641, 0.1402646388374045039, 0.1405269313739486159, 0.1407892239104927556, 0.1410515164470368676, 0.1415761015201251194, 0.1421006865932133711, 0.1426252716663016229, 0.1436744418124781264, 0.1447236119586546299, 0.1468219522510076092, 0.1489202925433605884, 0.1531169731280666024, 0.1573136537127725609, 0.1657070148821848943, 0.1741003760515971999 ),
 .UNSPECIFIED. ) ;
#4536 = CARTESIAN_POINT ( 'NONE',  ( -11.99500263597266780, -29.21820079962365213, 720.9422371214550367 ) ) ;
#4537 = FACE_OUTER_BOUND ( 'NONE', #4667, .T. ) ;
#4538 = CARTESIAN_POINT ( 'NONE',  ( 5.885980781831977815, -6.203050179611967252, 815.4790797064596291 ) ) ;
#4539 = AXIS2_PLACEMENT_3D ( 'NONE', #5141, #4336, #3777 ) ;
#4540 = CARTESIAN_POINT ( 'NONE',  ( 12.80966486149571359, -11.61013832390185563, 755.5299578799994151 ) ) ;
#4541 = CARTESIAN_POINT ( 'NONE',  ( 15.26204127011425271, -17.89143622082793428, 798.3611625039872024 ) ) ;
#4542 = CARTESIAN_POINT ( 'NONE',  ( -140.4763076335866572, 81.57648387465141582, 822.0533338693740006 ) ) ;
#4543 = ORIENTED_EDGE ( 'NONE', *, *, #4931, .T. ) ;
#4544 = CARTESIAN_POINT ( 'NONE',  ( 5.876454871172717809, -6.199011696727304788, 815.0000000000000000 ) ) ;
#4545 = CARTESIAN_POINT ( 'NONE',  ( 15.81906722416357880, -6.285447388906566957, 760.0794458419717330 ) ) ;
#4546 = CARTESIAN_POINT ( 'NONE',  ( 2.557271931907186602, -23.65216477052539190, 762.7989779438967162 ) ) ;
#4547 = DIRECTION ( 'NONE',  ( 0.5735756964288458715, 0.8191525623875959283, 1.433411599739126758E-21 ) ) ;
#4548 = DIRECTION ( 'NONE',  ( -1.000000000000000000, 0.000000000000000000, -0.000000000000000000 ) ) ;
#4549 = CARTESIAN_POINT ( 'NONE',  ( -17.55388797061810635, -7.743820897367423406, 757.7462523690306853 ) ) ;
#4550 = CARTESIAN_POINT ( 'NONE',  ( 14.73933178719246939, -16.07937720811983695, 825.4585764455968047 ) ) ;
#4551 = CARTESIAN_POINT ( 'NONE',  ( -10.34446088524235030, -9.137579732968205803, 749.4909700671553310 ) ) ;
#4552 = VERTEX_POINT ( 'NONE', #555 ) ;
#4553 = CARTESIAN_POINT ( 'NONE',  ( 14.76693349727920612, -17.35256412980309548, 754.7378654446640667 ) ) ;
#4554 = CARTESIAN_POINT ( 'NONE',  ( 14.13104004135941949, -14.43579565207867965, 708.3531659339975022 ) ) ;
#4555 = CARTESIAN_POINT ( 'NONE',  ( -13.94062804660288357, -12.75396194041353581, 757.7196722458564864 ) ) ;
#4556 = EDGE_LOOP ( 'NONE', ( #571, #404, #3388, #5060, #2742, #3002, #241 ) ) ;
#4557 = CARTESIAN_POINT ( 'NONE',  ( -24.37746431108586620, 0.4721866129639910037, 766.3939341178546556 ) ) ;
#4558 = CARTESIAN_POINT ( 'NONE',  ( 142.7048426717444727, 78.39380600195036664, 909.0103295476981202 ) ) ;
#4559 = CARTESIAN_POINT ( 'NONE',  ( 12.60985887457721688, -5.012525223633670812, 776.7162000049560220 ) ) ;
#4560 = AXIS2_PLACEMENT_3D ( 'NONE', #584, #5053, #4534 ) ;
#4561 = CARTESIAN_POINT ( 'NONE',  ( -7.337685345909606305, -6.574124847309334108, 796.8678772901432694 ) ) ;
#4562 = EDGE_LOOP ( 'NONE', ( #3684, #2601, #4588, #5092 ) ) ;
#4563 = EDGE_CURVE ( 'NONE', #2892, #4774, #2215, .T. ) ;
#4564 = CARTESIAN_POINT ( 'NONE',  ( 15.11073068657301732, -17.67519558804529822, 816.2333333333505152 ) ) ;
#4565 = CYLINDRICAL_SURFACE ( 'NONE', #4886, 9.700000000000001066 ) ;
#4566 = AXIS2_PLACEMENT_3D ( 'NONE', #4143, #1511, #4173 ) ;
#4567 = CARTESIAN_POINT ( 'NONE',  ( -5.407078949446071370, -6.008449035360021284, 799.6537556487269285 ) ) ;
#4568 = CARTESIAN_POINT ( 'NONE',  ( 141.2678637642401895, 80.44602456443250560, 909.0103294639585556 ) ) ;
#4569 = CARTESIAN_POINT ( 'NONE',  ( 12.10415074856880402, -10.28917504812770112, 756.0466822689744504 ) ) ;
#4570 = CARTESIAN_POINT ( 'NONE',  ( 7.353631318350480228, -33.11388169041045870, 815.0000000000000000 ) ) ;
#4571 = CIRCLE ( 'NONE', #2018, 9.700000000000001066 ) ;
#4572 = CARTESIAN_POINT ( 'NONE',  ( -69.69760219206625607, 31.56022868358292044, 786.1555536891545444 ) ) ;
#4573 = FACE_OUTER_BOUND ( 'NONE', #2233, .T. ) ;
#4574 = CARTESIAN_POINT ( 'NONE',  ( -24.96539437115094628, -9.454294390285173932, 798.3611024581740594 ) ) ;
#4575 = EDGE_CURVE ( 'NONE', #4014, #4006, #136, .T. ) ;
#4576 = CARTESIAN_POINT ( 'NONE',  ( 16.99642486420362175, -7.278451688609002268, 757.9436691813277776 ) ) ;
#4577 = CARTESIAN_POINT ( 'NONE',  ( 212.5295516507622438, 129.7725093393793543, 850.0847312374963849 ) ) ;
#4578 =( BOUNDED_SURFACE ( )  B_SPLINE_SURFACE ( 2, 3, ( 
 ( #4969, #4223, #3343, #1046, #4538, #254, #3738, #5056, #2909, #616, #4654, #1242, #390, #2187, #2963, #412, #4680, #1295, #2540, #3397, #1731, #5565, #2938, #3475 ),
 ( #4324, #5643, #5215, #5540, #3038, #2162, #4732, #761, #338, #4706, #1650, #5135, #1625, #2134, #817, #2568, #4786, #3370, #4355, #3903, #4303, #866, #3878, #841 ),
 ( #5109, #4277, #2512, #3855, #2615, #789, #2079, #5619, #1702, #433, #1191, #1217, #3449, #2591, #4249, #3825, #5190, #2992, #366, #2108, #4760, #5594, #1267, #1676 ) ),
 .UNSPECIFIED., .F., .F., .T. ) 
 B_SPLINE_SURFACE_WITH_KNOTS ( ( 3, 3 ),
 ( 4, 2, 2, 2, 2, 2, 2, 2, 2, 2, 2, 4 ),
 ( 0.000000000000000000, 1.000000000000000000 ),
 ( 0.2016267882883808760, 0.2043845290174897966, 0.2071422697465987173, 0.2126577512048165586, 0.2236887141212522412, 0.2457506399541235786, 0.2567816028705592335, 0.2678125657869949161, 0.2788435287034305987, 0.2843590101616484400, 0.2871167508907573884, 0.2898744916198662813 ),
 .UNSPECIFIED. ) 
 GEOMETRIC_REPRESENTATION_ITEM ( )  RATIONAL_B_SPLINE_SURFACE ( (
 ( 1.000000000000000000, 1.000000000000000000, 1.000000000000000000, 1.000000000000000000, 1.000000000000000000, 1.000000000000000000, 1.000000000000000000, 1.000000000000000000, 1.000000000000000000, 1.000000000000000000, 1.000000000000000000, 1.000000000000000000, 1.000000000000000000, 1.000000000000000000, 1.000000000000000000, 1.000000000000000000, 1.000000000000000000, 1.000000000000000000, 1.000000000000000000, 1.000000000000000000, 1.000000000000000000, 1.000000000000000000, 1.000000000000000000, 1.000000000000000000),
 ( 0.8765865504424996679, 0.8762218142594205839, 0.8758362638305693393, 0.8750292115663703685, 0.8746163284387969972, 0.8731855813177679115, 0.8720121001524888671, 0.8678680097939062144, 0.8642644933697006815, 0.8511180520213409428, 0.8392485227389212543, 0.8172562208342175616, 0.8092268389651712246, 0.7920909167706832177, 0.7829429806497032462, 0.7643473375625167154, 0.7549837175033154990, 0.7416343938831099214, 0.7372831644301334197, 0.7311064540181152482, 0.7291108972225528451, 0.7252880253012036205, 0.7234767819063369076, 0.7215887141810795047),
 ( 1.000000000000000000, 1.000000000000000000, 1.000000000000000000, 1.000000000000000000, 1.000000000000000000, 1.000000000000000000, 1.000000000000000000, 1.000000000000000000, 1.000000000000000000, 1.000000000000000000, 1.000000000000000000, 1.000000000000000000, 1.000000000000000000, 1.000000000000000000, 1.000000000000000000, 1.000000000000000000, 1.000000000000000000, 1.000000000000000000, 1.000000000000000000, 1.000000000000000000, 1.000000000000000000, 1.000000000000000000, 1.000000000000000000, 1.000000000000000000) ) ) 
 REPRESENTATION_ITEM ( '' )  SURFACE ( )  );
#4579 = CARTESIAN_POINT ( 'NONE',  ( 7.788680207436403435, -7.179832781642043749, 754.0166300684965108 ) ) ;
#4580 = DIRECTION ( 'NONE',  ( -0.8191525623875962614, 0.5735756964288456494, -0.000000000000000000 ) ) ;
#4581 = ORIENTED_EDGE ( 'NONE', *, *, #3341, .F. ) ;
#4582 = CARTESIAN_POINT ( 'NONE',  ( -17.45833644771050075, -7.626506738042163391, 757.7526910779072296 ) ) ;
#4583 = CARTESIAN_POINT ( 'NONE',  ( -6.727089904590160430, -6.593049714790196525, 757.9643224638831498 ) ) ;
#4584 = VERTEX_POINT ( 'NONE', #3041 ) ;
#4585 = CARTESIAN_POINT ( 'NONE',  ( 11.54889412565989915, -10.42478214338020592, 748.5811236479514719 ) ) ;
#4586 = CARTESIAN_POINT ( 'NONE',  ( 10.78935225713220625, -9.760542021638396903, 770.3850108860378896 ) ) ;
#4587 = CARTESIAN_POINT ( 'NONE',  ( -17.09558127539889227, -14.82335275242698458, 815.5087737682335955 ) ) ;
#4588 = ORIENTED_EDGE ( 'NONE', *, *, #714, .T. ) ;
#4589 = CARTESIAN_POINT ( 'NONE',  ( -29.14644431103786104, -6.338410085775477043, 793.9610779844896342 ) ) ;
#4590 = CARTESIAN_POINT ( 'NONE',  ( 73.12908895018810540, 26.65955770980924200, 862.2838302956813550 ) ) ;
#4591 = CARTESIAN_POINT ( 'NONE',  ( 17.68773501067862597, -8.097240883970941994, 757.8072031537495832 ) ) ;
#4592 = ORIENTED_EDGE ( 'NONE', *, *, #469, .T. ) ;
#4593 = CYLINDRICAL_SURFACE ( 'NONE', #5111, 11.75000000000000711 ) ;
#4594 = PLANE ( 'NONE',  #4067 ) ;
#4595 = CARTESIAN_POINT ( 'NONE',  ( -10.68022300459896456, -5.694504994482616489, 814.4342257821446083 ) ) ;
#4596 = EDGE_CURVE ( 'NONE', #5602, #2583, #1268, .T. ) ;
#4597 = EDGE_CURVE ( 'NONE', #3274, #1714, #2823, .T. ) ;
#4598 = CARTESIAN_POINT ( 'NONE',  ( 70.93174252725187046, 29.79769362384753251, 910.4808309078064212 ) ) ;
#4599 = CARTESIAN_POINT ( 'NONE',  ( 10.41523274092180174, -8.167132230727968789, 763.9970134732022871 ) ) ;
#4600 = CARTESIAN_POINT ( 'NONE',  ( -5.889847564926386170, -34.21984613887769200, 720.9422371214559462 ) ) ;
#4601 = CARTESIAN_POINT ( 'NONE',  ( -212.1941964211110587, 130.2514462421564474, 851.2833256139226705 ) ) ;
#4602 = ADVANCED_FACE ( 'NONE', ( #2426 ), #4593, .F. ) ;
#4603 = CARTESIAN_POINT ( 'NONE',  ( 3.754070131497696621E-14, -8.650000000000000355, 700.9422371214550367 ) ) ;
#4604 = CARTESIAN_POINT ( 'NONE',  ( 0.000000000000000000, 0.000000000000000000, 704.9922371214549912 ) ) ;
#4605 = CARTESIAN_POINT ( 'NONE',  ( 17.61193597330453997, -7.851620477249772634, 757.7534598345208678 ) ) ;
#4606 = CARTESIAN_POINT ( 'NONE',  ( 142.6793484735450477, 78.43021549029138839, 817.2507361314636682 ) ) ;
#4607 = CARTESIAN_POINT ( 'NONE',  ( 5.876454871172717809, -6.199011696727304788, 815.0000000000000000 ) ) ;
#4608 = CARTESIAN_POINT ( 'NONE',  ( -72.80190375009830461, 27.12682660115317290, 871.6649680325500640 ) ) ;
#4609 = ORIENTED_EDGE ( 'NONE', *, *, #4814, .T. ) ;
#4610 = CARTESIAN_POINT ( 'NONE',  ( -17.16098327551424063, -7.395614977577763760, 757.8430032140838648 ) ) ;
#4611 = CARTESIAN_POINT ( 'NONE',  ( -8.473021757951579858, -7.622271261995805069, 752.3698657038302144 ) ) ;
#4612 = ORIENTED_EDGE ( 'NONE', *, *, #5155, .T. ) ;
#4613 = FACE_OUTER_BOUND ( 'NONE', #1277, .T. ) ;
#4614 = AXIS2_PLACEMENT_3D ( 'NONE', #2250, #49, #5251 ) ;
#4615 = FACE_OUTER_BOUND ( 'NONE', #1253, .T. ) ;
#4616 = CARTESIAN_POINT ( 'NONE',  ( -8.273570335254440522, -7.174485755862021641, 807.1921445823226122 ) ) ;
#4617 = VERTEX_POINT ( 'NONE', #1906 ) ;
#4618 = B_SPLINE_CURVE_WITH_KNOTS ( 'NONE', 3,
 ( #1222, #4230, #2547, #5117, #4661, #4256, #320, #2085, #2142, #3832, #5574, #2971, #2114, #5625, #4713, #4282, #3431, #3861, #5170, #1251, #2574, #384, #1235, #5233, #3415, #781, #1314, #2631, #3952, #3033, #456, #1750, #4297, #5611, #1261, #5586, #4752, #2531, #2126, #5152, #3491, #5209, #3057, #3872, #4807, #3390, #2204, #810, #1695, #3925, #7, #3009, #1285, #3442, #2560, #835, #2984, #887, #4724, #4374, #5181, #33, #2585, #4319, #5129, #1668, #1210, #3847, #2955, #406, #2156, #3896, #5637, #4780, #4697, #2098, #858, #1723, #4270, #357, #427, #2609, #3467, #4349, #2179, #4037, #4094, #4956, #1004, #1892, #4064, #2263, #3637, #481, #4492, #1806, #570, #62, #1434, #3547, #153, #5384, #4895, #2232, #4462, #5292, #1776, #4431, #2658, #92, #2324, #944, #3979, #975, #123, #1462, #2779, #3117, #3608, #2752, #4401, #601, #3211, #3146, #2687, #4521, #1032, #2357, #511, #3519, #5262, #1347, #2719, #1865, #5352, #3086, #1378, #4837, #915, #4009, #4865, #1838, #3578, #5321, #1405, #542, #2293, #3181, #4922, #2415, #5412, #1059, #1518, #1549, #1150, #239, #628, #2471, #5469, #3237, #1176, #5523, #719, #2894, #1119, #4551, #1489, #2809, #3297, #3692, #5442, #4151, #1983, #2499, #2387, #3322, #747, #4184, #5042, #5068, #4640, #5499, #4123, #4208, #2869, #297, #4611, #2037, #3269, #181, #3782, #1610, #3723, #686, #5013, #2444, #266, #4666, #1924, #2010, #5094, #3755, #3358, #211, #4981, #1578, #2923, #3667, #1952, #1089, #2843, #4583, #659, #5308, #3533, #961, #2064, #902, #351, #18, #2976, #928, #4717, #3564, #1363, #1761, #3131, #2247, #2119, #2646, #3383, #2090, #803, #468, #3937, #4822, #4387, #2217, #3504, #5579, #5248, #2552, #1330, #772, #3073, #5121, #5145, #4262, #2671, #1226, #5277, #4234, #3964, #3837, #1203, #3104, #2948, #1660, #1392, #3408, #377, #4288, #47, #1791, #4852, #4416, #4878, #495, #3996, #2524, #76, #1823, #324, #4690, #3811, #5552, #1635, #3252, #5426, #3652, #1420, #3223, #107, #4968, #5028, #224, #1938, #2825, #4998, #3196, #4567, #3167, #1503, #2736, #1075, #988, #2369, #4478, #645, #5398, #2401, #3679, #2307, #2703, #4135, #1966 ),
 .UNSPECIFIED., .F., .F.,
 ( 4, 2, 1, 1, 1, 1, 1, 2, 2, 1, 1, 1, 1, 1, 2, 2, 2, 1, 2, 2, 1, 1, 1, 1, 1, 1, 1, 1, 1, 2, 2, 2, 1, 1, 1, 1, 1, 1, 2, 2, 2, 2, 1, 1, 1, 1, 1, 1, 2, 2, 1, 1, 1, 1, 1, 1, 1, 2, 2, 2, 1, 1, 1, 1, 1, 1, 2, 2, 2, 1, 2, 2, 1, 1, 2, 2, 2, 1, 2, 2, 1, 1, 1, 2, 2, 1, 2, 2, 1, 1, 1, 2, 2, 1, 2, 2, 1, 1, 1, 2, 1, 2, 2, 1, 1, 1, 2, 1, 1, 1, 1, 2, 2, 2, 1, 1, 1, 1, 1, 1, 2, 2, 2, 1, 1, 1, 1, 1, 2, 2, 2, 1, 1, 1, 1, 1, 2, 2, 2, 2, 1, 1, 1, 1, 1, 1, 2, 2, 2, 1, 1, 1, 1, 1, 2, 2, 1, 1, 1, 1, 2, 2, 2, 1, 1, 1, 1, 1, 2, 2, 1, 1, 1, 1, 1, 1, 2, 2, 2, 1, 1, 2, 2, 1, 1, 2, 2, 1, 1, 1, 1, 1, 1, 2, 2, 2, 1, 1, 1, 1, 1, 1, 1, 2, 2, 2, 1, 1, 1, 1, 1, 1, 2, 2, 1, 1, 1, 1, 1, 2, 2, 4 ),
 ( 0.000000000000000000, 0.03124999999896249658, 0.04687499999844374488, 0.05468749999818307839, 0.05859374999805274514, 0.06054687499798633299, 0.06152343749795313038, 0.06201171874793529049, 0.06249999999791745753, 0.09374999999682352703, 0.1093749999962765618, 0.1171874999960017122, 0.1210937499958642943, 0.1230468749957969732, 0.1240234374957619179, 0.1249999999957268765, 0.1874999999934465755, 0.1953124999931618866, 0.1962890624931246109, 0.1972656249930873351, 0.1992187499930127836, 0.2031249999928661232, 0.2187499999922870864, 0.2343749999917080495, 0.2421874999914185311, 0.2460937499912723703, 0.2480468749911992621, 0.2490234374911641790, 0.2495117187411466375, 0.2497558593661378668, 0.2499999999911290960, 0.2812499999900036074, 0.2968749999894408909, 0.3046874999891595603, 0.3085937499890188396, 0.3105468749889498947, 0.3115234374889140345, 0.3120117187388961044, 0.3122558593638857238, 0.3124999999888753432, 0.3437499999874705781, 0.3593749999867681955, 0.3671874999864170319, 0.3710937499862413946, 0.3730468749861536315, 0.3740234374861083899, 0.3745117187360844091, 0.3747558593610724187, 0.3748779296735650357, 0.3749999999860576527, 0.3906249999852990373, 0.3984374999849210064, 0.4023437499847319354, 0.4042968749846374554, 0.4052734374845916587, 0.4057617187345687881, 0.4060058593595588516, 0.4061279296720538556, 0.4062499999845488596, 0.4218749999841568399, 0.4296874999839597198, 0.4335937499838610765, 0.4355468749838117826, 0.4365234374837859699, 0.4370117187337719256, 0.4372558593587649312, 0.4373779296712625997, 0.4374999999837602682, 0.4531249999835190168, 0.4550781249834895403, 0.4553222656084848219, 0.4555664062334801034, 0.4560546874834706665, 0.4570312499834518483, 0.4609374999833765196, 0.4687499999832240305, 0.4726562499831469255, 0.4731445312331366004, 0.4732055663893859343, 0.4732666015456353237, 0.4733886718581341024, 0.4736328124831316044, 0.4746093749831249431, 0.4765624999831127306, 0.4843749999830626041, 0.4863281249830495034, 0.4865722656080485597, 0.4866333007642973940, 0.4866943359205462838, 0.4868164062330433417, 0.4873046874830302966, 0.4882812499830042063, 0.4921874999829005670, 0.4931640624828744213, 0.4932861327953709241, 0.4933471679516192032, 0.4934082031078674269, 0.4936523437328615427, 0.4941406249828497743, 0.4960937499828026453, 0.4965820312327908770, 0.4966430663890394892, 0.4967041015452880459, 0.4968261718577853259, 0.4970703124827799968, 0.4980468749827587915, 0.4990234374827375863, 0.4995117187327269836, 0.4997558593577217101, 0.4998779296702190456, 0.4999389648264677133, 0.4999694824045919361, 0.4999999999827162145, 0.5019531249826758579, 0.5029296874826556518, 0.5034179687326455488, 0.5036621093576405528, 0.5037841796701379993, 0.5038452148263865560, 0.5038757324045108899, 0.5038909911935729458, 0.5039062499826351127, 0.5058593749826540975, 0.5068359374826636454, 0.5073242187326686414, 0.5075683593576711949, 0.5076904296701726382, 0.5077514648264237485, 0.5077819824045496366, 0.5078124999826755248, 0.5117187499828824704, 0.5136718749829863873, 0.5146484374830383457, 0.5151367187330638808, 0.5153808593580766484, 0.5155029296705834208, 0.5155639648268368624, 0.5156249999830901931, 0.5234374999835686992, 0.5273437499838079523, 0.5292968749839275233, 0.5302734374839873643, 0.5307617187340178955, 0.5310058593590337717, 0.5311279296715417653, 0.5311889648277956510, 0.5312194824059219833, 0.5312499999840483156, 0.5390624999842807963, 0.5429687499843970366, 0.5449218749844552123, 0.5458984374844843002, 0.5463867187344988441, 0.5466308593595060605, 0.5467529296720106124, 0.5468749999845151644, 0.5546874999847917209, 0.5585937499849299437, 0.5605468749849991106, 0.5615234374850347487, 0.5620117187350526233, 0.5624999999850704979, 0.5781249999856813426, 0.5859374999859868760, 0.5898437499861407529, 0.5917968749862176914, 0.5927734374862562161, 0.5932617187362754230, 0.5935058593612850819, 0.5937499999862947409, 0.6093749999869545464, 0.6171874999872845047, 0.6210937499874494838, 0.6230468749875330836, 0.6240234374875760492, 0.6245117187375975876, 0.6247558593626072465, 0.6249999999876169055, 0.6562499999888705693, 0.6640624999891834301, 0.6660156249892615898, 0.6665039062392830171, 0.6669921874893044444, 0.6679687499893444125, 0.6718749999895100578, 0.6874999999901643122, 0.7187499999914699345, 0.7343749999921214133, 0.7421874999924484850, 0.7460937499926120209, 0.7480468749926937333, 0.7490234374927333683, 0.7495117187427520200, 0.7497558593677613459, 0.7499999999927706718, 0.7812499999938063988, 0.7968749999943255391, 0.8046874999945864415, 0.8085937499947168927, 0.8105468749947821738, 0.8115234374948148144, 0.8120117187448311347, 0.8122558593698380180, 0.8123779296823403495, 0.8124999999948425700, 0.8437499999955171415, 0.8593749999958529839, 0.8671874999960209607, 0.8710937499961037833, 0.8730468749961451946, 0.8740234374961670660, 0.8745117187461780572, 0.8747558593711847186, 0.8749999999961913799, 0.9062499999971077580, 0.9218749999975658360, 0.9296874999977949861, 0.9335937499979108933, 0.9355468749979688470, 0.9365234374979978238, 0.9374999999980268006, 1.000000000000000000 ),
 .UNSPECIFIED. ) ;
#4619 = LINE ( 'NONE', #273, #3014 ) ;
#4620 = CARTESIAN_POINT ( 'NONE',  ( 73.82339907387516575, 25.66798009060476460, 834.1156043882300537 ) ) ;
#4621 = VECTOR ( 'NONE', #1413, 1000.000000000000114 ) ;
#4622 = CARTESIAN_POINT ( 'NONE',  ( 15.83128980483609816, -6.298501071754444069, 760.0349679633834512 ) ) ;
#4623 = CARTESIAN_POINT ( 'NONE',  ( -10.62672846889232936, -9.407664892015487723, 749.2025410968552706 ) ) ;
#4624 = APPLICATION_PROTOCOL_DEFINITION ( 'draft international standard', 'automotive_design', 1998, #4944 ) ;
#4625 = LINE ( 'NONE', #222, #2097 ) ;
#4626 = CARTESIAN_POINT ( 'NONE',  ( 3.484347945893558299E-13, -4.999999999999997335, 711.0867433581797741 ) ) ;
#4627 = CARTESIAN_POINT ( 'NONE',  ( -11.90212388807364619, -10.85839507339091270, 894.7388745703910899 ) ) ;
#4628 = CARTESIAN_POINT ( 'NONE',  ( 141.5842488595474151, 79.99417982120715465, 915.6895922766635749 ) ) ;
#4629 = CARTESIAN_POINT ( 'NONE',  ( 11.35898064292085685, -9.057087037161089427, 758.7669972078626870 ) ) ;
#4630 = CARTESIAN_POINT ( 'NONE',  ( 1.268228263257186628, -18.18878429200983859, 752.0743075445996055 ) ) ;
#4631 = CARTESIAN_POINT ( 'NONE',  ( -22.20061909743274597, -11.44257835610547680, 798.3611184474135598 ) ) ;
#4632 = CARTESIAN_POINT ( 'NONE',  ( 16.61398414585420369, -6.982756261351055649, 758.3458707703181290 ) ) ;
#4633 = CARTESIAN_POINT ( 'NONE',  ( 70.71123809614225308, 30.11260658761453612, 782.9757322507873596 ) ) ;
#4634 = CIRCLE ( 'NONE', #1988, 1.000000000000153877 ) ;
#4635 = CARTESIAN_POINT ( 'NONE',  ( 8.030364791908251476, -7.329819725463575963, 753.3828296598445604 ) ) ;
#4636 = CARTESIAN_POINT ( 'NONE',  ( -142.3884575895159799, 78.84565072649736805, 915.6895921129033695 ) ) ;
#4637 = ORIENTED_EDGE ( 'NONE', *, *, #1290, .F. ) ;
#4638 = CARTESIAN_POINT ( 'NONE',  ( -17.89716205331741605, -8.804557773604363646, 758.3037463121686415 ) ) ;
#4639 = EDGE_CURVE ( 'NONE', #5146, #2811, #1332, .T. ) ;
#4640 = CARTESIAN_POINT ( 'NONE',  ( -9.277606399534512605, -8.211159443622126020, 750.8760818793623457 ) ) ;
#4641 = ORIENTED_EDGE ( 'NONE', *, *, #3093, .T. ) ;
#4642 = CARTESIAN_POINT ( 'NONE',  ( 14.68928158364711045, -16.95979984930448481, 753.7836329932479202 ) ) ;
#4643 = CARTESIAN_POINT ( 'NONE',  ( 8.234780560375739356, -11.76521943962419847, 700.9422371214551504 ) ) ;
#4644 = CARTESIAN_POINT ( 'NONE',  ( -11.08516713979276425, -8.737145029364814519, 760.2880572369429046 ) ) ;
#4645 = ORIENTED_EDGE ( 'NONE', *, *, #998, .F. ) ;
#4646 = DIRECTION ( 'NONE',  ( 1.000000000000000000, 0.000000000000000000, 0.000000000000000000 ) ) ;
#4647 = CARTESIAN_POINT ( 'NONE',  ( 214.8923957692268232, 126.3980182213512222, 880.8759552180507626 ) ) ;
#4648 = ADVANCED_FACE ( 'NONE', ( #612 ), #643, .F. ) ;
#4649 = CARTESIAN_POINT ( 'NONE',  ( 15.66676884918843982, -6.128533635102949795, 760.6842767009861745 ) ) ;
#4650 = CARTESIAN_POINT ( 'NONE',  ( -13.14898613969364405, -12.77169826964113675, 748.7067786852579729 ) ) ;
#4651 = CARTESIAN_POINT ( 'NONE',  ( -10.29522931148289544, -5.713312747694772931, 798.3611488094783226 ) ) ;
#4652 = FACE_OUTER_BOUND ( 'NONE', #4671, .T. ) ;
#4653 = CARTESIAN_POINT ( 'NONE',  ( -11.60674954332299436, -10.48194500451442224, 889.2834655580701337 ) ) ;
#4654 = CARTESIAN_POINT ( 'NONE',  ( 7.630661654513322567, -7.063434504666949110, 847.4977862513686659 ) ) ;
#4655 = AXIS2_PLACEMENT_3D ( 'NONE', #1700, #2989, #2184 ) ;
#4656 = CARTESIAN_POINT ( 'NONE',  ( 11.64710278539136112, -9.477741133768910586, 757.4858866296458473 ) ) ;
#4657 = CARTESIAN_POINT ( 'NONE',  ( -142.3993633244665205, 78.83007572286668108, 816.5699116640075772 ) ) ;
#4658 = VECTOR ( 'NONE', #2669, 1000.000000000000000 ) ;
#4659 = CARTESIAN_POINT ( 'NONE',  ( 3.754221465821750790E-14, -20.00000000000000000, 704.9922371214549912 ) ) ;
#4660 = CARTESIAN_POINT ( 'NONE',  ( 213.7005884698092473, 128.1000954404366041, 850.9684581342294223 ) ) ;
#4661 = CARTESIAN_POINT ( 'NONE',  ( -14.98574335788100953, -19.34553235306702490, 809.7419186643875264 ) ) ;
#4662 = CARTESIAN_POINT ( 'NONE',  ( 0.000000000000000000, -29.15000000000000213, 704.9922371214549912 ) ) ;
#4663 = EDGE_LOOP ( 'NONE', ( #4232, #2874, #3537, #486 ) ) ;
#4664 = VECTOR ( 'NONE', #4201, 1000.000000000000000 ) ;
#4665 = CARTESIAN_POINT ( 'NONE',  ( -18.07432596113453371, -9.320090908931481621, 758.9968484268754310 ) ) ;
#4666 = CARTESIAN_POINT ( 'NONE',  ( -7.306153238192194088, -6.899571598231637459, 755.5028835929264233 ) ) ;
#4667 = EDGE_LOOP ( 'NONE', ( #4258, #4295, #2625, #777 ) ) ;
#4668 = CARTESIAN_POINT ( 'NONE',  ( 5.034357604652615947, -5.870009110755876947, 781.8286731826868845 ) ) ;
#4669 = CARTESIAN_POINT ( 'NONE',  ( 1.963495395717910652, -34.99999999999998579, 720.9422371214550367 ) ) ;
#4670 = CARTESIAN_POINT ( 'NONE',  ( -18.37159999610099703, -10.00606727957816844, 760.6001770660317334 ) ) ;
#4671 = EDGE_LOOP ( 'NONE', ( #4235, #2763, #3609, #4350 ) ) ;
#4672 = CARTESIAN_POINT ( 'NONE',  ( -27.37583907793506199, -3.809954596332810972, 765.1687122947070065 ) ) ;
#4673 = CARTESIAN_POINT ( 'NONE',  ( 214.5633103269223625, 126.8680009398267572, 896.9092783267614095 ) ) ;
#4674 = CARTESIAN_POINT ( 'NONE',  ( 16.92310363303757370, -7.224395744267368968, 758.0027659613360811 ) ) ;
#4675 = CARTESIAN_POINT ( 'NONE',  ( -14.98085618098199490, -19.23615332343279505, 764.0412640964520961 ) ) ;
#4676 = ADVANCED_FACE ( 'NONE', ( #670 ), #2879, .F. ) ;
#4677 = CARTESIAN_POINT ( 'NONE',  ( -7.520955311962818080, -6.392449023687898801, 798.3611613094010409 ) ) ;
#4678 = CARTESIAN_POINT ( 'NONE',  ( -6.072208336220881186, -33.71598650923563412, 817.0123168919132013 ) ) ;
#4679 = CARTESIAN_POINT ( 'NONE',  ( -3.754221465821750790E-14, -20.00000000000000000, 814.6999999999999318 ) ) ;
#4680 = CARTESIAN_POINT ( 'NONE',  ( 10.85300341343941888, -9.638116709141247185, 883.8625607858992907 ) ) ;
#4681 = CARTESIAN_POINT ( 'NONE',  ( 8.296477878685706742, -7.071331825166000229, 793.2516436509488358 ) ) ;
#4682 = CARTESIAN_POINT ( 'NONE',  ( -211.0378584550600465, 131.9028680034932393, 872.8541623529760045 ) ) ;
#4683 = CARTESIAN_POINT ( 'NONE',  ( 1.831705811190310618, 1.282571751034978780, -1.049966831879229269E-05 ) ) ;
#4684 = CARTESIAN_POINT ( 'NONE',  ( -17.46252406296805049, -14.84206074111310514, 798.3611467324813020 ) ) ;
#4685 = CARTESIAN_POINT ( 'NONE',  ( 69.42266311111170296, 31.95288238402413228, 787.9383018531513017 ) ) ;
#4686 = DIRECTION ( 'NONE',  ( 3.673940397442058882E-16, 0.000000000000000000, 1.000000000000000000 ) ) ;
#4687 = DIRECTION ( 'NONE',  ( 1.000000000000000000, 0.000000000000000000, 0.000000000000000000 ) ) ;
#4688 = ORIENTED_EDGE ( 'NONE', *, *, #1893, .F. ) ;
#4689 = CARTESIAN_POINT ( 'NONE',  ( -18.43514255047766071, -10.28299735515031621, 761.4371398888836211 ) ) ;
#4690 = CARTESIAN_POINT ( 'NONE',  ( -5.156147902470891609, -5.914040311209275202, 790.8460831345033739 ) ) ;
#4691 = ORIENTED_EDGE ( 'NONE', *, *, #4575, .F. ) ;
#4692 = CARTESIAN_POINT ( 'NONE',  ( 6.985589036523945694, -6.725880260981177194, 756.7295044889376641 ) ) ;
#4693 = CARTESIAN_POINT ( 'NONE',  ( 12.94774534496773377, -3.899619547211174098, 798.3611337222433804 ) ) ;
#4694 = CARTESIAN_POINT ( 'NONE',  ( -11.25933582718929316, -8.920068844645953732, 759.3536907145979740 ) ) ;
#4695 = VERTEX_POINT ( 'NONE', #4966 ) ;
#4696 = CARTESIAN_POINT ( 'NONE',  ( -22.90397081558959158, 2.576737714298494630, 788.4129848645303582 ) ) ;
#4697 = CARTESIAN_POINT ( 'NONE',  ( -14.98180795034289936, -19.26146617607713196, 764.3139700819663176 ) ) ;
#4698 = DIRECTION ( 'NONE',  ( 0.8191525623875962614, 0.5735756964288456494, 0.000000000000000000 ) ) ;
#4699 = CARTESIAN_POINT ( 'NONE',  ( -27.52827388401953357, -7.514316862344639247, 793.9610873755503917 ) ) ;
#4700 = CARTESIAN_POINT ( 'NONE',  ( -14.99021245309492834, -19.45377382509522235, 766.2758843124735222 ) ) ;
#4701 = VECTOR ( 'NONE', #3936, 999.9999999999998863 ) ;
#4702 = CARTESIAN_POINT ( 'NONE',  ( 24.71494581756802944, -0.009701655126981290067, 776.9234842327028900 ) ) ;
#4703 = DIRECTION ( 'NONE',  ( 0.000000000000000000, 1.000000000000000000, 0.000000000000000000 ) ) ;
#4704 = CARTESIAN_POINT ( 'NONE',  ( -8.368470697056745067, -7.250313999391612363, 812.6499093321725695 ) ) ;
#4705 = AXIS2_PLACEMENT_3D ( 'NONE', #1967, #2402, #673 ) ;
#4706 = CARTESIAN_POINT ( 'NONE',  ( 9.259818853274838446, -7.933344775152909811, 840.1303791645410683 ) ) ;
#4707 = EDGE_CURVE ( 'NONE', #3413, #4055, #2376, .T. ) ;
#4708 = CARTESIAN_POINT ( 'NONE',  ( 8.589906498241774102, -7.141648177060551106, 784.8624220629955062 ) ) ;
#4709 = CARTESIAN_POINT ( 'NONE',  ( -68.68855139764117723, 33.00130256434291454, 795.8869776389777826 ) ) ;
#4710 = CARTESIAN_POINT ( 'NONE',  ( 17.46252406296805049, -14.84206074111310514, 798.3611467324813020 ) ) ;
#4711 = SURFACE_STYLE_USAGE ( .BOTH. , #1272 ) ;
#4712 = CARTESIAN_POINT ( 'NONE',  ( 69.90733859570929098, 31.26069405677892732, 785.0390244078098476 ) ) ;
#4713 = CARTESIAN_POINT ( 'NONE',  ( -14.99516599734446665, -19.61803377937893700, 801.8562700934166969 ) ) ;
#4714 = CARTESIAN_POINT ( 'NONE',  ( -144.3834668265946277, 75.99648226113123428, 855.4823067221693691 ) ) ;
#4715 = ORIENTED_EDGE ( 'NONE', *, *, #2575, .F. ) ;
#4716 = CARTESIAN_POINT ( 'NONE',  ( -18.44255217011559012, -10.33889330188416800, 761.6039248794426157 ) ) ;
#4717 = CARTESIAN_POINT ( 'NONE',  ( -6.337658624417496611, -6.404629435769018109, 760.2130650278852499 ) ) ;
#4718 = ORIENTED_EDGE ( 'NONE', *, *, #3728, .T. ) ;
#4719 = CARTESIAN_POINT ( 'NONE',  ( 9.853446723429888365, -8.688605402276255774, 750.0541860888258725 ) ) ;
#4720 = CARTESIAN_POINT ( 'NONE',  ( 17.00775227711942961, -1.128466141188317895, 798.3611106426251354 ) ) ;
#4721 = CARTESIAN_POINT ( 'NONE',  ( -16.99642486420362175, -7.278451688609002268, 757.9436691813277776 ) ) ;
#4722 = VERTEX_POINT ( 'NONE', #1073 ) ;
#4723 = CARTESIAN_POINT ( 'NONE',  ( -11.74947712433453795, -5.052817732604352408, 784.7631107393042385 ) ) ;
#4724 = CARTESIAN_POINT ( 'NONE',  ( -14.99687834574105949, -19.69269637720844912, 769.4503154067775768 ) ) ;
#4725 = CARTESIAN_POINT ( 'NONE',  ( 27.04881108175578319, -7.954167236545699460, 798.3610904044065819 ) ) ;
#4726 = DIRECTION ( 'NONE',  ( -1.000000000000000000, 0.000000000000000000, 0.000000000000000000 ) ) ;
#4727 = CARTESIAN_POINT ( 'NONE',  ( -14.46074429800012240, -16.00971265345084404, 751.9164315221875086 ) ) ;
#4728 = B_SPLINE_CURVE_WITH_KNOTS ( 'NONE', 3,
 ( #2226, #3603, #937, #970, #5256, #2320, #3973, #1746, #1341, #2626, #2682, #3112, #1770, #56, #5316, #28, #3541, #4426, #4918, #4830, #566, #504, #1373, #1430, #4367, #1400, #3081, #3946, #1833, #3177, #5228, #2714, #1000, #3514, #2748, #4456, #1309, #538, #5347, #4488, #2287, #4860, #2, #3487, #5287, #3051, #4800, #3573, #2258, #4033, #118, #1861, #450, #4004, #882, #2199, #910, #2653, #86, #4395, #476, #1801, #3140, #4891, #3292, #597, #1084, #3233, #3748, #5038, #206, #1055, #4635, #4579, #2352, #5465, #1574, #1028, #3688, #4178, #4090, #713, #1145, #3662, #681, #5380, #1115, #2890, #4952, #4060, #2775, #2410, #2804, #5437, #177, #1544, #262, #1514, #655, #5408, #2440, #1920, #3633, #234, #2006, #4147, #5494, #4607 ),
 .UNSPECIFIED., .F., .F.,
 ( 4, 2, 2, 2, 2, 2, 2, 2, 2, 2, 2, 2, 2, 2, 2, 2, 2, 2, 2, 2, 2, 2, 2, 2, 2, 2, 2, 2, 2, 2, 2, 2, 2, 2, 2, 2, 2, 2, 2, 2, 2, 2, 2, 2, 2, 2, 2, 2, 2, 2, 2, 2, 2, 4 ),
 ( 0.000000000000000000, 0.01772859516292794174, 0.08662492921672096391, 0.2244175973243071054, 0.2933139313781002455, 0.3622102654318933856, 0.3794343489453417262, 0.3966584324587898447, 0.4138825159722379632, 0.4311065994856863037, 0.4483306829991346443, 0.4504836934383155689, 0.4526367038774967155, 0.4569427247558587868, 0.4612487456342208580, 0.4634017560734020047, 0.4655547665125829848, 0.4741668082693071273, 0.4784728291476691986, 0.4827788500260313254, 0.4870848709043933966, 0.4892378813435745433, 0.4913908917827554679, 0.4935439022219363925, 0.4956969126611173171, 0.4978499231002982417, 0.4989264283198889260, 0.5000029335394794439, 0.5010794387590699062, 0.5021559439786605905, 0.5043089544178415151, 0.5064619648570224397, 0.5075384700766129020, 0.5086149752962033643, 0.5129209961745654356, 0.5172270170529275068, 0.5215330379312895781, 0.5258390588096516494, 0.5344511005663759029, 0.5366041110055568275, 0.5387571214447379742, 0.5430631423231000454, 0.5473691632014621167, 0.5516751840798241879, 0.5688992675932725840, 0.5861233511067208690, 0.6033474346201690430, 0.6205715181336171060, 0.6377956016470655021, 0.7066919357008585312, 0.7755882697546516713, 0.9133809378622379516, 0.9822772719160308696, 1.000000000000000000 ),
 .UNSPECIFIED. ) ;
#4729 = CARTESIAN_POINT ( 'NONE',  ( 7.857142857142850545, -32.77753129999877046, 817.0000000000000000 ) ) ;
#4730 = CARTESIAN_POINT ( 'NONE',  ( -15.11073363544572068, -17.67519352322635839, 817.0000000000000000 ) ) ;
#4731 = CARTESIAN_POINT ( 'NONE',  ( 213.1141242735614014, 128.9376531133328285, 932.4711199944231339 ) ) ;
#4732 = CARTESIAN_POINT ( 'NONE',  ( 8.558699885319336786, -7.371130249846495452, 819.9663933957380095 ) ) ;
#4733 = CARTESIAN_POINT ( 'NONE',  ( -21.88065638447220707, -4.678993530696246239, 796.5611014621126742 ) ) ;
#4734 = CARTESIAN_POINT ( 'NONE',  ( -68.11181421302313765, 33.82496862496901713, 830.0886582262795628 ) ) ;
#4735 = ADVANCED_FACE ( 'NONE', ( #3735, #1017 ), #1563, .T. ) ;
#4736 = DIRECTION ( 'NONE',  ( 0.000000000000000000, 0.000000000000000000, -1.000000000000000000 ) ) ;
#4737 = CARTESIAN_POINT ( 'NONE',  ( 10.71141816941483960, -5.705901003318333942, 815.5059834667442829 ) ) ;
#4738 = CARTESIAN_POINT ( 'NONE',  ( 140.0690198236962090, 82.15815114851604051, 827.0286419538865630 ) ) ;
#4739 = DIRECTION ( 'NONE',  ( 0.5735756964288468707, -0.8191525623875954842, 0.000000000000000000 ) ) ;
#4740 = CARTESIAN_POINT ( 'NONE',  ( -214.8584416154030805, 126.4465097784561181, 883.5493426761000819 ) ) ;
#4741 = VECTOR ( 'NONE', #863, 1000.000000000000000 ) ;
#4742 = ORIENTED_EDGE ( 'NONE', *, *, #5642, .F. ) ;
#4743 = EDGE_CURVE ( 'NONE', #1546, #2348, #5368, .T. ) ;
#4744 = CARTESIAN_POINT ( 'NONE',  ( -18.47833774838269960, -10.60110430896309097, 762.4227874194262995 ) ) ;
#4745 = ORIENTED_EDGE ( 'NONE', *, *, #2141, .F. ) ;
#4746 = CARTESIAN_POINT ( 'NONE',  ( 6.444592540162050298, -6.454059131662059912, 759.5329790498537932 ) ) ;
#4747 = CARTESIAN_POINT ( 'NONE',  ( 3.754221465821771616E-14, -21.85000000000000142, 700.9422371214550367 ) ) ;
#4748 = B_SPLINE_CURVE_WITH_KNOTS ( 'NONE', 3,
 ( #1673, #3367, #3821, #3056 ),
 .UNSPECIFIED., .F., .F.,
 ( 4, 4 ),
 ( 0.001509165556451273977, 0.003509473616483398117 ),
 .UNSPECIFIED. ) ;
#4749 = CARTESIAN_POINT ( 'NONE',  ( -17.25370541774132960, -7.460808981018546504, 757.8013189142999408 ) ) ;
#4750 = ORIENTED_EDGE ( 'NONE', *, *, #3125, .F. ) ;
#4751 = CARTESIAN_POINT ( 'NONE',  ( -14.65518962369267797, -5.572227133470932792, 764.5015179583772351 ) ) ;
#4752 = CARTESIAN_POINT ( 'NONE',  ( -14.99987474645251240, -20.06130007549024796, 784.3119190933265372 ) ) ;
#4753 = EDGE_CURVE ( 'NONE', #428, #2583, #4396, .T. ) ;
#4754 = LINE ( 'NONE', #333, #592 ) ;
#4755 = CARTESIAN_POINT ( 'NONE',  ( 3.961692553145354179, -8.938015905166130537, 796.8678772901432694 ) ) ;
#4756 = CARTESIAN_POINT ( 'NONE',  ( -14.80898239002225836, -16.32872922647954539, 818.3598634360519100 ) ) ;
#4757 = EDGE_CURVE ( 'NONE', #2358, #3458, #1138, .T. ) ;
#4758 = EDGE_CURVE ( 'NONE', #1227, #5390, #5435, .T. ) ;
#4759 = DIRECTION ( 'NONE',  ( 0.000000000000000000, 0.000000000000000000, 1.000000000000000000 ) ) ;
#4760 = CARTESIAN_POINT ( 'NONE',  ( 12.28672172423421038, -10.58155570620888852, 894.7338059635793570 ) ) ;
#4761 = B_SPLINE_CURVE_WITH_KNOTS ( 'NONE', 3,
 ( #5139, #766, #3859, #4766 ),
 .UNSPECIFIED., .F., .F.,
 ( 4, 4 ),
 ( 0.0001061911810420528365, 0.002105887512285949201 ),
 .UNSPECIFIED. ) ;
#4762 = CARTESIAN_POINT ( 'NONE',  ( 22.45423208090113931, -5.498146093083967401, 796.5611014621126742 ) ) ;
#4763 = CARTESIAN_POINT ( 'NONE',  ( 3.406199014178344697, -15.13544562560885431, 799.9906555251097870 ) ) ;
#4764 = EDGE_CURVE ( 'NONE', #158, #5524, #4625, .T. ) ;
#4765 = DIRECTION ( 'NONE',  ( -0.8191525623785653742, 0.5735756964225233734, -4.695530338612962084E-06 ) ) ;
#4766 = CARTESIAN_POINT ( 'NONE',  ( 15.12580516493151528, -17.69673403327901795, 815.0001802494846288 ) ) ;
#4767 = CARTESIAN_POINT ( 'NONE',  ( 211.3708284592619293, 131.4273375556864210, 859.5003222140352364 ) ) ;
#4768 = B_SPLINE_CURVE_WITH_KNOTS ( 'NONE', 3,
 ( #3445, #4321, #3011, #3849 ),
 .UNSPECIFIED., .F., .F.,
 ( 4, 4 ),
 ( 0.000000000000000000, 1.000000000000000000 ),
 .UNSPECIFIED. ) ;
#4769 = DIRECTION ( 'NONE',  ( -0.5735756964288464266, -0.8191525623875957063, 0.000000000000000000 ) ) ;
#4770 = EDGE_CURVE ( 'NONE', #3458, #4311, #4473, .T. ) ;
#4771 = CARTESIAN_POINT ( 'NONE',  ( -2.786637475873062986, -23.97973271495557768, 832.9050382050373855 ) ) ;
#4772 = VERTEX_POINT ( 'NONE', #3706 ) ;
#4773 = CARTESIAN_POINT ( 'NONE',  ( -18.39067776307761548, -10.06195791145345808, 760.7744507241542351 ) ) ;
#4774 = VERTEX_POINT ( 'NONE', #480 ) ;
#4775 = CARTESIAN_POINT ( 'NONE',  ( 14.86153557633334543, -16.56295977561055111, 809.9521319552864043 ) ) ;
#4776 = DIRECTION ( 'NONE',  ( 0.000000000000000000, 0.000000000000000000, -1.000000000000000000 ) ) ;
#4777 = CARTESIAN_POINT ( 'NONE',  ( -17.68773501067862597, -8.097240883970941994, 757.8072031537495832 ) ) ;
#4778 = ORIENTED_EDGE ( 'NONE', *, *, #469, .F. ) ;
#4779 = CARTESIAN_POINT ( 'NONE',  ( -10.97377093973686080, -5.261976283680707134, 794.9840233460134868 ) ) ;
#4780 = CARTESIAN_POINT ( 'NONE',  ( -14.98197599826657367, -19.26487969805952361, 764.3454436599375867 ) ) ;
#4781 = VERTEX_POINT ( 'NONE', #4246 ) ;
#4782 = CARTESIAN_POINT ( 'NONE',  ( 18.55906315107650784, -12.22893618922600645, 769.6801607247654147 ) ) ;
#4783 = CARTESIAN_POINT ( 'NONE',  ( -14.98487870083038764, -16.62598222622647270, 793.1327174453336966 ) ) ;
#4784 =( LENGTH_UNIT ( ) NAMED_UNIT ( * ) SI_UNIT ( .MILLI., .METRE. ) );
#4785 = DIRECTION ( 'NONE',  ( 3.846355708643506158E-06, -2.693242084072703469E-06, -0.9999999999889760405 ) ) ;
#4786 = CARTESIAN_POINT ( 'NONE',  ( 11.31897151826824732, -10.13003753930538586, 883.8503992121816282 ) ) ;
#4787 = VECTOR ( 'NONE', #3597, 1000.000000000000000 ) ;
#4788 = CARTESIAN_POINT ( 'NONE',  ( 6.810259906467766911, -33.52694407099247798, 817.1481753550840494 ) ) ;
#4789 = CARTESIAN_POINT ( 'NONE',  ( -68.09915051844950540, 33.84305425513212384, 813.9777505152899266 ) ) ;
#4790 = LINE ( 'NONE', #3102, #3924 ) ;
#4791 = AXIS2_PLACEMENT_3D ( 'NONE', #513, #3150, #4897 ) ;
#4792 = DIRECTION ( 'NONE',  ( 0.9999999999926026950, 0.000000000000000000, -3.846355708657455097E-06 ) ) ;
#4794 = CARTESIAN_POINT ( 'NONE',  ( 211.9368530685693202, 130.6189706381384212, 852.8934271288485434 ) ) ;
#4793 = VECTOR ( 'NONE', #2485, 1000.000000000000000 ) ;
#4795 = CARTESIAN_POINT ( 'NONE',  ( 0.000000000000000000, -35.00000000000002842, 1.396914652391930201E-15 ) ) ;
#4796 = CARTESIAN_POINT ( 'NONE',  ( -143.9710860432392678, 76.58542305489930868, 875.5745316195200303 ) ) ;
#4797 = ORIENTED_EDGE ( 'NONE', *, *, #5128, .T. ) ;
#4798 = CARTESIAN_POINT ( 'NONE',  ( -18.53415450718491186, -11.03593232249131084, 763.9418127028919798 ) ) ;
#4799 = ORIENTED_EDGE ( 'NONE', *, *, #5353, .T. ) ;
#4800 = CARTESIAN_POINT ( 'NONE',  ( 13.85494778444978792, -14.24510038405021284, 749.6996861193662198 ) ) ;
#4801 = CARTESIAN_POINT ( 'NONE',  ( -17.56418320016125989, -7.759382991048060951, 757.7476150249271996 ) ) ;
#4802 = ORIENTED_EDGE ( 'NONE', *, *, #291, .T. ) ;
#4803 = CIRCLE ( 'NONE', #3262, 13.40000000000093294 ) ;
#4804 = EDGE_CURVE ( 'NONE', #1086, #5274, #5087, .T. ) ;
#4805 = CARTESIAN_POINT ( 'NONE',  ( 5.569452788680314903, -7.812252232890357639, 815.0000000000000000 ) ) ;
#4806 = CARTESIAN_POINT ( 'NONE',  ( -3.509629610087041218, -29.15000000000000213, 814.6999999999999318 ) ) ;
#4807 = CARTESIAN_POINT ( 'NONE',  ( -14.99994794205223414, -20.04189963857147916, 778.5029961090854158 ) ) ;
#4808 = VERTEX_POINT ( 'NONE', #1214 ) ;
#4809 = AXIS2_PLACEMENT_3D ( 'NONE', #5547, #4686, #2597 ) ;
#4810 = CARTESIAN_POINT ( 'NONE',  ( 18.39856387919909153, -10.08504084147714508, 760.8484516808856597 ) ) ;
#4811 = CARTESIAN_POINT ( 'NONE',  ( -14.80977825596668040, -16.33763203832997135, 818.1374391446821619 ) ) ;
#4812 = CARTESIAN_POINT ( 'NONE',  ( -6.444592540162050298, -6.454059131662059912, 759.5329790498537932 ) ) ;
#4813 = DIRECTION ( 'NONE',  ( 0.000000000000000000, 0.000000000000000000, 1.000000000000000000 ) ) ;
#4814 = EDGE_CURVE ( 'NONE', #5413, #4722, #2203, .T. ) ;
#4815 = PLANE ( 'NONE',  #3148 ) ;
#4816 = CARTESIAN_POINT ( 'NONE',  ( 28.19216970907741882, -4.975744714435839100, 771.6534696563576290 ) ) ;
#4817 = CARTESIAN_POINT ( 'NONE',  ( 7.552381058385175372, -32.97751061672641271, 815.7596338031639789 ) ) ;
#4818 = CARTESIAN_POINT ( 'NONE',  ( 2.335676437523560800, -16.66431030963081739, 846.9976463001044067 ) ) ;
#4819 = ORIENTED_EDGE ( 'NONE', *, *, #727, .F. ) ;
#4820 = CARTESIAN_POINT ( 'NONE',  ( -21.88065638447220707, -4.678993530696246239, 796.5611014621126742 ) ) ;
#4821 = LINE ( 'NONE', #4877, #3052 ) ;
#4822 = CARTESIAN_POINT ( 'NONE',  ( -5.722458790251487848, -6.134314180444349951, 765.1454345315489718 ) ) ;
#4823 = CARTESIAN_POINT ( 'NONE',  ( 211.1434844961741817, 131.7520183834152476, 886.2223378906446669 ) ) ;
#4824 = DIRECTION ( 'NONE',  ( 0.5735778092126486705, -0.8191510829992342257, 0.000000000000000000 ) ) ;
#4825 = CARTESIAN_POINT ( 'NONE',  ( -214.7641152361036632, 126.5812218090354975, 888.8948703405186507 ) ) ;
#4826 = VERTEX_POINT ( 'NONE', #758 ) ;
#4827 = CARTESIAN_POINT ( 'NONE',  ( -17.83529682218506451, -14.43085529901910391, 789.4467252749994941 ) ) ;
#4828 = CARTESIAN_POINT ( 'NONE',  ( 7.175873177888022109E-14, -10.20000000000000107, 814.6999999999999318 ) ) ;
#4829 = EDGE_CURVE ( 'NONE', #1714, #5656, #79, .T. ) ;
#4830 = CARTESIAN_POINT ( 'NONE',  ( 14.94010615967310684, -18.65404194434683305, 760.0244111218978560 ) ) ;
#4831 = B_SPLINE_CURVE_WITH_KNOTS ( 'NONE', 3,
 ( #1778, #1349, #917, #483 ),
 .UNSPECIFIED., .F., .F.,
 ( 4, 4 ),
 ( 0.000000000000000000, 0.02435692267020645244 ),
 .UNSPECIFIED. ) ;
#4832 = CARTESIAN_POINT ( 'NONE',  ( -16.97683409088626050, -7.264173539505978106, 757.9585792900427350 ) ) ;
#4833 = ORIENTED_EDGE ( 'NONE', *, *, #3734, .T. ) ;
#4834 = CARTESIAN_POINT ( 'NONE',  ( -15.55459921777421428, -6.053218321695218229, 761.0805066478459366 ) ) ;
#4835 = AXIS2_PLACEMENT_3D ( 'NONE', #1820, #4876, #5333 ) ;
#4836 = CARTESIAN_POINT ( 'NONE',  ( 0.000000000000000000, 0.000000000000000000, 0.000000000000000000 ) ) ;
#4837 = CARTESIAN_POINT ( 'NONE',  ( -13.52590230384571157, -13.50587691638084920, 749.1135907421443108 ) ) ;
#4838 = ORIENTED_EDGE ( 'NONE', *, *, #1897, .F. ) ;
#4839 = CARTESIAN_POINT ( 'NONE',  ( 0.000000000000000000, 0.000000000000000000, 815.0000000000000000 ) ) ;
#4840 = VECTOR ( 'NONE', #3219, 1000.000000000000000 ) ;
#4841 = CARTESIAN_POINT ( 'NONE',  ( -12.57197940452444129, -11.80402179228443060, 896.5601325197264941 ) ) ;
#4842 = CARTESIAN_POINT ( 'NONE',  ( -9.099558956402820087, -8.071873772297552208, 751.1632102861999556 ) ) ;
#4843 = ORIENTED_EDGE ( 'NONE', *, *, #3497, .F. ) ;
#4844 = CARTESIAN_POINT ( 'NONE',  ( 6.326729907679650822, -6.390733501087551005, 815.0010031990577772 ) ) ;
#4845 = CARTESIAN_POINT ( 'NONE',  ( 27.56209721646714073, -7.562597667597237283, 796.8942908793958395 ) ) ;
#4846 = CARTESIAN_POINT ( 'NONE',  ( 3.463018914184552433, -29.05000000000000426, 700.9422371214550367 ) ) ;
#4847 = EDGE_CURVE ( 'NONE', #4584, #4311, #434, .T. ) ;
#4848 = CARTESIAN_POINT ( 'NONE',  ( 7.420094258627822903, -33.07353864005397526, 817.2946002981001357 ) ) ;
#4849 = CARTESIAN_POINT ( 'NONE',  ( -139.9087621913922135, 82.38702276665574686, 872.2274645212291944 ) ) ;
#4850 = CARTESIAN_POINT ( 'NONE',  ( 14.95239706849358896, -18.70947874012420442, 815.0000000000000000 ) ) ;
#4851 = FACE_OUTER_BOUND ( 'NONE', #3953, .T. ) ;
#4852 = CARTESIAN_POINT ( 'NONE',  ( -5.056556350333440975, -5.877987464962623143, 784.1935571726572789 ) ) ;
#4853 = CARTESIAN_POINT ( 'NONE',  ( 211.0582527681460192, 131.8737419059091280, 870.1803307469306219 ) ) ;
#4854 = CARTESIAN_POINT ( 'NONE',  ( -14.97772011800368830, -19.18260447526653678, 815.6639189462755439 ) ) ;
#4855 = CARTESIAN_POINT ( 'NONE',  ( -2.120149864900132464, -23.02788976182627678, 757.7598091910765561 ) ) ;
#4856 = EDGE_LOOP ( 'NONE', ( #3520, #5253, #2035, #941 ) ) ;
#4857 = CARTESIAN_POINT ( 'NONE',  ( -18.32487439832176079, -13.41628246476730801, 777.9172295287874022 ) ) ;
#4858 = DIRECTION ( 'NONE',  ( -1.000000000000000000, 0.000000000000000000, 0.000000000000000000 ) ) ;
#4859 = CARTESIAN_POINT ( 'NONE',  ( 72.90836507797091315, 26.97478406795651651, 790.8983764812746813 ) ) ;
#4860 = CARTESIAN_POINT ( 'NONE',  ( 14.29030138470611533, -15.43893263321704090, 751.0570511045807507 ) ) ;
#4861 = LINE ( 'NONE', #4061, #1362 ) ;
#4862 = EDGE_LOOP ( 'NONE', ( #2553, #3302 ) ) ;
#4863 = CARTESIAN_POINT ( 'NONE',  ( -15.62913669708278164, -6.098289645346995691, 760.8296884878614037 ) ) ;
#4864 = CARTESIAN_POINT ( 'NONE',  ( 13.96337337143672386, -12.53811543578624921, 880.1531584921499416 ) ) ;
#4865 = CARTESIAN_POINT ( 'NONE',  ( -13.11647514451946250, -12.72225597167870781, 748.7012119105709189 ) ) ;
#4866 = ORIENTED_EDGE ( 'NONE', *, *, #5605, .T. ) ;
#4867 = PLANE ( 'NONE',  #5531 ) ;
#4868 = CARTESIAN_POINT ( 'NONE',  ( -15.51798825128699555, -13.38864069117955324, 858.2520601283114274 ) ) ;
#4869 = CARTESIAN_POINT ( 'NONE',  ( -14.94233785909667844, -16.68422321310884726, 798.7549351697908833 ) ) ;
#4870 = VERTEX_POINT ( 'NONE', #4806 ) ;
#4871 = DIRECTION ( 'NONE',  ( -1.000000000000000000, 0.000000000000000000, 0.000000000000000000 ) ) ;
#4872 = CARTESIAN_POINT ( 'NONE',  ( 14.99275157516780510, -18.15760819287412886, 817.0000000000000000 ) ) ;
#4873 = CARTESIAN_POINT ( 'NONE',  ( 28.75444767973540650, -5.778694185848900489, 779.9886677792368346 ) ) ;
#4874 = CYLINDRICAL_SURFACE ( 'NONE', #3844, 13.40000000000093294 ) ;
#4875 = CARTESIAN_POINT ( 'NONE',  ( -140.0016203972290896, 82.25440750508020926, 875.5745316206250664 ) ) ;
#4876 = DIRECTION ( 'NONE',  ( 0.000000000000000000, 1.000000000000000000, -0.000000000000000000 ) ) ;
#4877 = CARTESIAN_POINT ( 'NONE',  ( 9.623798626322106031, -18.15000000000000213, 918.6123992834795899 ) ) ;
#4878 = CARTESIAN_POINT ( 'NONE',  ( -5.057290718087895875, -5.878250441282562910, 784.3048429632885927 ) ) ;
#4879 = ADVANCED_FACE ( 'NONE', ( #3951 ), #5160, .F. ) ;
#4880 = CARTESIAN_POINT ( 'NONE',  ( 211.4759355005106727, 131.2772291442325638, 899.5796527256952686 ) ) ;
#4881 = CARTESIAN_POINT ( 'NONE',  ( 12.29191196573373901, -11.01750898876332840, 755.4152657490158163 ) ) ;
#4882 = CARTESIAN_POINT ( 'NONE',  ( -14.97855255476548564, -19.19815003639919837, 815.0000000000000000 ) ) ;
#4883 = CARTESIAN_POINT ( 'NONE',  ( -1.513215935008983548, -22.16109827962807799, 753.3783439421064259 ) ) ;
#4884 = VERTEX_POINT ( 'NONE', #32 ) ;
#4885 = CARTESIAN_POINT ( 'NONE',  ( -18.58824018261796240, -11.58467878619008573, 766.3271899433150338 ) ) ;
#4886 = AXIS2_PLACEMENT_3D ( 'NONE', #4941, #280, #3281 ) ;
#4887 = CARTESIAN_POINT ( 'NONE',  ( 6.575068409046565421, -33.57907267859057043, 817.0000000000000000 ) ) ;
#4888 = CARTESIAN_POINT ( 'NONE',  ( 2.437206240514277589, -23.48069319268449817, 761.2447133951326350 ) ) ;
#4889 = PRODUCT_DEFINITION_CONTEXT ( 'detailed design', #5153, 'design' ) ;
#4890 = AXIS2_PLACEMENT_3D ( 'NONE', #3214, #977, #1840 ) ;
#4891 = CARTESIAN_POINT ( 'NONE',  ( 9.630310408587709148, -8.499276698682651343, 750.3568424570975139 ) ) ;
#4892 = CARTESIAN_POINT ( 'NONE',  ( -16.95475464286473510, -15.23863444380110543, 798.3611488485723839 ) ) ;
#4893 = CARTESIAN_POINT ( 'NONE',  ( -16.93263557792815988, -7.231498921355582254, 757.9947003161870498 ) ) ;
#4894 = CARTESIAN_POINT ( 'NONE',  ( 12.48048657883546220, -11.66539317713899848, 898.3785817051634695 ) ) ;
#4895 = CARTESIAN_POINT ( 'NONE',  ( -14.80893513357179714, -17.60833797653605970, 755.4934833825511760 ) ) ;
#4896 = EDGE_LOOP ( 'NONE', ( #2949, #1425 ) ) ;
#4897 = DIRECTION ( 'NONE',  ( -0.5735778092126486705, -0.8191510829992342257, 0.000000000000000000 ) ) ;
#4898 = CARTESIAN_POINT ( 'NONE',  ( -17.07425272080707046, -14.68125640250678643, 819.9090840979012000 ) ) ;
#4899 = CARTESIAN_POINT ( 'NONE',  ( -14.43383668350162097, -13.58976322266047099, 760.8670753875283026 ) ) ;
#4900 = ORIENTED_EDGE ( 'NONE', *, *, #294, .F. ) ;
#4901 = CARTESIAN_POINT ( 'NONE',  ( 0.000000000000000000, -10.30000000000000071, 700.9422371214550367 ) ) ;
#4902 = CARTESIAN_POINT ( 'NONE',  ( -13.31308532141076206, -13.36481329616764846, 770.3850065211732954 ) ) ;
#4903 = AXIS2_PLACEMENT_3D ( 'NONE', #1269, #2592, #2789 ) ;
#4904 = CARTESIAN_POINT ( 'NONE',  ( 26.00970310778578565, -1.858934822549939803, 761.7069044656569758 ) ) ;
#4905 = FACE_OUTER_BOUND ( 'NONE', #5234, .T. ) ;
#4906 = CARTESIAN_POINT ( 'NONE',  ( 0.2368138216544170283, -19.66179677090985933, 895.4747568475032722 ) ) ;
#4907 = DIRECTION ( 'NONE',  ( -1.000000000000000000, 1.062075597536820771E-15, 0.000000000000000000 ) ) ;
#4908 = DIRECTION ( 'NONE',  ( -1.000000000000000000, -7.240559391271824794E-15, 0.000000000000000000 ) ) ;
#4909 = CARTESIAN_POINT ( 'NONE',  ( -7.051433176971599437, -6.751863572431847871, 840.2059759638892729 ) ) ;
#4910 = CARTESIAN_POINT ( 'NONE',  ( 68.30502851539033315, 33.54903000416922509, 842.1676176909032847 ) ) ;
#4911 = CARTESIAN_POINT ( 'NONE',  ( 12.40391784238193118, -11.43409430758878287, 755.3065278327179612 ) ) ;
#4912 = CARTESIAN_POINT ( 'NONE',  ( 3.684722759970159230E-14, -8.649999999999998579, 700.9422371214550367 ) ) ;
#4913 = CARTESIAN_POINT ( 'NONE',  ( -143.5796964708949304, 77.14438529250230658, 822.8784361029634056 ) ) ;
#4914 = ORIENTED_EDGE ( 'NONE', *, *, #762, .F. ) ;
#4915 = CARTESIAN_POINT ( 'NONE',  ( -17.50107927010237319, -14.80905827755211135, 797.3503110252396482 ) ) ;
#4916 = DIRECTION ( 'NONE',  ( 1.000000000000000000, 0.000000000000000000, 0.000000000000000000 ) ) ;
#4917 = CARTESIAN_POINT ( 'NONE',  ( 214.3101023583386109, 127.2296193954512944, 855.5190468485891415 ) ) ;
#4918 = CARTESIAN_POINT ( 'NONE',  ( 14.96199097565974157, -18.92426713624784895, 761.6678715680956202 ) ) ;
#4919 = DIRECTION ( 'NONE',  ( -0.000000000000000000, -0.000000000000000000, -1.000000000000000000 ) ) ;
#4920 = CARTESIAN_POINT ( 'NONE',  ( -15.70146632862926772, -6.162852090451801601, 760.5403781739721580 ) ) ;
#4921 = CARTESIAN_POINT ( 'NONE',  ( 13.14603238045912725, -12.73934545100139992, 883.8507651144221882 ) ) ;
#4922 = CARTESIAN_POINT ( 'NONE',  ( -12.27670974367329038, -11.37802189977373146, 748.4066030538057248 ) ) ;
#4923 = AXIS2_PLACEMENT_3D ( 'NONE', #4379, #4301, #388 ) ;
#4924 = ORIENTED_EDGE ( 'NONE', *, *, #2135, .T. ) ;
#4925 = CARTESIAN_POINT ( 'NONE',  ( -3.989863994746656317E-14, -29.14999999999999858, 814.6999999999999318 ) ) ;
#4926 = CARTESIAN_POINT ( 'NONE',  ( -12.92099112874467082, -11.46608316328861399, 897.4661502730059510 ) ) ;
#4927 = CARTESIAN_POINT ( 'NONE',  ( -13.70734344369967594, -12.43573889797252896, 756.9802847319393777 ) ) ;
#4928 = ORIENTED_EDGE ( 'NONE', *, *, #1302, .F. ) ;
#4929 = VECTOR ( 'NONE', #4048, 1000.000000000000000 ) ;
#4930 = CARTESIAN_POINT ( 'NONE',  ( 10.88297465040284528, -30.88297465040289325, 720.9422371214531040 ) ) ;
#4931 = EDGE_CURVE ( 'NONE', #850, #2946, #2509, .T. ) ;
#4932 = CARTESIAN_POINT ( 'NONE',  ( 22.90397081558959158, 2.576737714298494630, 788.4129848645303582 ) ) ;
#4933 = EDGE_CURVE ( 'NONE', #5122, #3485, #4748, .T. ) ;
#4934 = CARTESIAN_POINT ( 'NONE',  ( -20.15872598845465546, 1.017380018473958758, 798.3610927435761369 ) ) ;
#4935 = CARTESIAN_POINT ( 'NONE',  ( -68.99356121968033051, 32.56570339496067135, 866.3047283389329323 ) ) ;
#4936 = EDGE_CURVE ( 'NONE', #4808, #2693, #996, .T. ) ;
#4937 = CIRCLE ( 'NONE', #3204, 1.000000000000153877 ) ;
#4938 = EDGE_CURVE ( 'NONE', #1500, #88, #3553, .T. ) ;
#4939 = EDGE_LOOP ( 'NONE', ( #2015, #4428, #2844, #1024 ) ) ;
#4940 = CARTESIAN_POINT ( 'NONE',  ( 0.000000000000000000, -20.00000000000000000, 908.9931498327478039 ) ) ;
#4941 = CARTESIAN_POINT ( 'NONE',  ( 0.000000000000000000, -20.00000000000000000, 908.9931498327478039 ) ) ;
#4942 = CARTESIAN_POINT ( 'NONE',  ( -10.85300341343941888, -9.638116709141247185, 883.8625607858992907 ) ) ;
#4943 = CARTESIAN_POINT ( 'NONE',  ( -3.226746482433513918, -15.39173040112505930, 777.2550534968034981 ) ) ;
#4944 = APPLICATION_CONTEXT ( 'automotive_design' ) ;
#4945 = CARTESIAN_POINT ( 'NONE',  ( 14.34062950436857165, -13.36112573407419468, 759.9972263473991916 ) ) ;
#4946 = DIRECTION ( 'NONE',  ( 0.000000000000000000, 0.000000000000000000, -1.000000000000000000 ) ) ;
#4947 = CARTESIAN_POINT ( 'NONE',  ( -72.90836507797091315, 26.97478406795651651, 790.8983764812746813 ) ) ;
#4948 = EDGE_LOOP ( 'NONE', ( #445, #583, #5461, #4745 ) ) ;
#4949 = CARTESIAN_POINT ( 'NONE',  ( -18.59078557121731734, -11.69660840673434521, 766.8802746812660871 ) ) ;
#4950 = CARTESIAN_POINT ( 'NONE',  ( 24.71496395014924374, -0.009688958511496467696, 781.6377164710472698 ) ) ;
#4951 = CARTESIAN_POINT ( 'NONE',  ( 73.75566015456907110, 25.76472129319046189, 806.5968048697682207 ) ) ;
#4952 = CARTESIAN_POINT ( 'NONE',  ( 6.310589118880751691, -6.391414361864934612, 760.3564537941930439 ) ) ;
#4953 = CARTESIAN_POINT ( 'NONE',  ( -24.33811407160789386, -2.958266441428679894, 796.5610873755216517 ) ) ;
#4954 = CARTESIAN_POINT ( 'NONE',  ( -16.64415524889630049, -7.006785060961327360, 758.3090747596660322 ) ) ;
#4955 = CARTESIAN_POINT ( 'NONE',  ( 13.92350160430930295, -14.18461710387856733, 861.9782004788295353 ) ) ;
#4956 = CARTESIAN_POINT ( 'NONE',  ( -14.93793008842136594, -18.63682513699842502, 759.9551291983090096 ) ) ;
#4957 = VERTEX_POINT ( 'NONE', #2484 ) ;
#4958 = EDGE_CURVE ( 'NONE', #1546, #1953, #2076, .T. ) ;
#4959 = LINE ( 'NONE', #2721, #4162 ) ;
#4960 = CARTESIAN_POINT ( 'NONE',  ( 1.804234102509674198, -5.000000000000007105, 704.4293619668794690 ) ) ;
#4961 = CARTESIAN_POINT ( 'NONE',  ( -14.22618980809739675, -13.15917150062249519, 759.1254927542946689 ) ) ;
#4962 = ORIENTED_EDGE ( 'NONE', *, *, #3579, .F. ) ;
#4963 = CARTESIAN_POINT ( 'NONE',  ( 0.000000000000000000, -10.30000000000000071, 704.9922371214549912 ) ) ;
#4964 = FACE_OUTER_BOUND ( 'NONE', #482, .T. ) ;
#4965 = VERTEX_POINT ( 'NONE', #914 ) ;
#4966 = CARTESIAN_POINT ( 'NONE',  ( 0.000000000000000000, -33.40000000000093650, 814.6999999999999318 ) ) ;
#4967 = CARTESIAN_POINT ( 'NONE',  ( -9.218200799623486930, -8.004997364027188311, 720.9422371214550367 ) ) ;
#4968 = CARTESIAN_POINT ( 'NONE',  ( -5.242739013288784555, -5.945986567468085404, 794.3122052643765301 ) ) ;
#4969 = CARTESIAN_POINT ( 'NONE',  ( 5.798837598562340823, -6.166219515060263667, 810.8866787148348294 ) ) ;
#4970 = CARTESIAN_POINT ( 'NONE',  ( 12.53077595901067376, -11.47404449861310205, 755.3559207177871713 ) ) ;
#4971 = CARTESIAN_POINT ( 'NONE',  ( -13.78333333333323907, -18.35502719069855360, 702.2470426912047969 ) ) ;
#4972 = CARTESIAN_POINT ( 'NONE',  ( -0.9729166022832934635, -21.38947086455179303, 751.0167128472044169 ) ) ;
#4973 = ORIENTED_EDGE ( 'NONE', *, *, #4770, .F. ) ;
#4974 = CARTESIAN_POINT ( 'NONE',  ( 23.76453837517896162, -2.139113879040958732, 796.5610873755216517 ) ) ;
#4975 = CARTESIAN_POINT ( 'NONE',  ( 15.90098220549587538, -6.373187330586902455, 759.7884059432578852 ) ) ;
#4976 = CARTESIAN_POINT ( 'NONE',  ( 73.18246587806338255, 26.58332755665815839, 794.2207006091373387 ) ) ;
#4977 = DIRECTION ( 'NONE',  ( 1.000000000000000000, 0.000000000000000000, 0.000000000000000000 ) ) ;
#4978 = CARTESIAN_POINT ( 'NONE',  ( 0.000000000000000000, -6.599999999999067057, 814.6999999999999318 ) ) ;
#4979 = CARTESIAN_POINT ( 'NONE',  ( -17.17357680669622511, -7.404513851259316937, 757.8368837545817769 ) ) ;
#4980 = CARTESIAN_POINT ( 'NONE',  ( 15.27078495037253525, -13.26397894496003005, 861.9039779975224747 ) ) ;
#4981 = CARTESIAN_POINT ( 'NONE',  ( -7.230582339623627952, -6.857752125102253515, 755.7699496732215039 ) ) ;
#4982 = ORIENTED_EDGE ( 'NONE', *, *, #314, .F. ) ;
#4983 = DIRECTION ( 'NONE',  ( -0.8191525623875962614, 0.5735756964288456494, 0.000000000000000000 ) ) ;
#4984 = CARTESIAN_POINT ( 'NONE',  ( 10.78937038971348450, -9.760529325022922364, 775.0992431243821557 ) ) ;
#4985 = CARTESIAN_POINT ( 'NONE',  ( -14.13379287106843840, -13.02494131545537392, 758.5945357405618097 ) ) ;
#4986 = ADVANCED_FACE ( 'NONE', ( #1346 ), #1587, .F. ) ;
#4987 = VERTEX_POINT ( 'NONE', #2842 ) ;
#4988 = CARTESIAN_POINT ( 'NONE',  ( 0.000000000000000000, -20.00000000000000000, 704.9922371214549912 ) ) ;
#4989 = CARTESIAN_POINT ( 'NONE',  ( 214.8584416154030805, 126.4465097784561181, 883.5493426761000819 ) ) ;
#4990 = CARTESIAN_POINT ( 'NONE',  ( 17.25370541774132960, -7.460808981018546504, 757.8013189142999408 ) ) ;
#4991 = LINE ( 'NONE', #4561, #5032 ) ;
#4992 = EDGE_CURVE ( 'NONE', #1402, #3911, #1453, .T. ) ;
#4993 = APPLICATION_PROTOCOL_DEFINITION ( 'draft international standard', 'automotive_design', 1998, #5153 ) ;
#4994 = ORIENTED_EDGE ( 'NONE', *, *, #4347, .F. ) ;
#4995 = AXIS2_PLACEMENT_3D ( 'NONE', #722, #2782, #269 ) ;
#4996 = CARTESIAN_POINT ( 'NONE',  ( 15.11072773770030686, -17.67519765286422384, 815.4666666667008030 ) ) ;
#4997 = CARTESIAN_POINT ( 'NONE',  ( 29.14644431103786104, -6.338410085775477043, 793.9610779844896342 ) ) ;
#4998 = CARTESIAN_POINT ( 'NONE',  ( -5.399144629660326267, -6.005384768568765352, 799.4114458923397706 ) ) ;
#4999 = CARTESIAN_POINT ( 'NONE',  ( 212.4061996458679005, 129.9486742592964958, 923.5905908014401575 ) ) ;
#5000 = AXIS2_PLACEMENT_3D ( 'NONE', #3708, #4446, #1476 ) ;
#5001 = CARTESIAN_POINT ( 'NONE',  ( 12.19822498253985188, -10.55312940727068849, 755.7622165976096085 ) ) ;
#5002 = DIRECTION ( 'NONE',  ( 0.000000000000000000, 0.000000000000000000, 1.000000000000000000 ) ) ;
#5003 = CARTESIAN_POINT ( 'NONE',  ( -212.9156236022686812, 129.2211414513766670, 849.5127573054589902 ) ) ;
#5004 = DIRECTION ( 'NONE',  ( 1.000000000000000000, 0.000000000000000000, 0.000000000000000000 ) ) ;
#5005 = CARTESIAN_POINT ( 'NONE',  ( -23.76453837517896162, -2.139113879040958732, 796.5610873755216517 ) ) ;
#5006 = CARTESIAN_POINT ( 'NONE',  ( 15.83128980483609816, -6.298501071754444069, 760.0349679633834512 ) ) ;
#5007 = CARTESIAN_POINT ( 'NONE',  ( -0.5798206975061657165, -19.17193218486335127, 750.0603792935643241 ) ) ;
#5008 = LINE ( 'NONE', #4326, #3810 ) ;
#5009 = CARTESIAN_POINT ( 'NONE',  ( 0.000000000000000000, -6.599999999999067057, 817.0000000000000000 ) ) ;
#5010 = ORIENTED_EDGE ( 'NONE', *, *, #1039, .T. ) ;
#5011 = CARTESIAN_POINT ( 'NONE',  ( -17.69888142328611380, -8.138844128275708911, 757.8233764422957393 ) ) ;
#5012 = DIRECTION ( 'NONE',  ( -0.5735756964288468707, -0.8191525623875954842, 0.000000000000000000 ) ) ;
#5013 = CARTESIAN_POINT ( 'NONE',  ( -7.592826208672579291, -7.063205461897880788, 754.5759549193783187 ) ) ;
#5014 = ADVANCED_FACE ( 'NONE', ( #5441 ), #1088, .F. ) ;
#5015 = ORIENTED_EDGE ( 'NONE', *, *, #4530, .T. ) ;
#5016 = CARTESIAN_POINT ( 'NONE',  ( 14.09717539061131930, -14.87024615564133256, 750.3399222768397294 ) ) ;
#5017 = CARTESIAN_POINT ( 'NONE',  ( -17.09534964716288741, -14.91069191600583466, 812.6095948511486995 ) ) ;
#5018 = CARTESIAN_POINT ( 'NONE',  ( -11.70403239614166147, -9.559215665685060870, 757.2941839634505641 ) ) ;
#5019 = ORIENTED_EDGE ( 'NONE', *, *, #207, .F. ) ;
#5020 = DIRECTION ( 'NONE',  ( 0.000000000000000000, 0.000000000000000000, 1.000000000000000000 ) ) ;
#5021 = CARTESIAN_POINT ( 'NONE',  ( 142.3884575895159799, 78.84565072649736805, 915.6895921129033695 ) ) ;
#5022 = CARTESIAN_POINT ( 'NONE',  ( 15.98293192474309699, -6.458062297551665054, 759.5304660563527932 ) ) ;
#5023 = AXIS2_PLACEMENT_3D ( 'NONE', #1834, #1056, #4034 ) ;
#5024 =( NAMED_UNIT ( * ) SI_UNIT ( $, .STERADIAN. ) SOLID_ANGLE_UNIT ( ) );
#5025 = ORIENTED_EDGE ( 'NONE', *, *, #5128, .F. ) ;
#5026 = CARTESIAN_POINT ( 'NONE',  ( -7.506454161553276272, -33.00995852206860803, 816.3342964115597624 ) ) ;
#5027 = DIRECTION ( 'NONE',  ( -1.000000000000000000, 0.000000000000000000, 0.000000000000000000 ) ) ;
#5028 = CARTESIAN_POINT ( 'NONE',  ( -5.299002496504180648, -5.967146618636185451, 796.2292915421163570 ) ) ;
#5029 = FACE_OUTER_BOUND ( 'NONE', #4939, .T. ) ;
#5030 = CARTESIAN_POINT ( 'NONE',  ( 18.37159999610099703, -10.00606727957816844, 760.6001770660317334 ) ) ;
#5031 = CARTESIAN_POINT ( 'NONE',  ( 14.97771756606485916, -19.18253875433024547, 815.6667648290823536 ) ) ;
#5032 = VECTOR ( 'NONE', #1071, 1000.000000000000000 ) ;
#5033 = CARTESIAN_POINT ( 'NONE',  ( -141.4224043751099771, 80.22531769905835120, 816.8965474350103477 ) ) ;
#5034 = ORIENTED_EDGE ( 'NONE', *, *, #3967, .T. ) ;
#5035 = CARTESIAN_POINT ( 'NONE',  ( 7.605642705021653960, -32.94098497203827947, 815.0000000000000000 ) ) ;
#5036 = CARTESIAN_POINT ( 'NONE',  ( 16.92310363303757370, -7.224395744267368968, 758.0027659613360811 ) ) ;
#5037 = CARTESIAN_POINT ( 'NONE',  ( 143.2929483506199233, 77.55390404891036837, 820.4158644909998657 ) ) ;
#5038 = CARTESIAN_POINT ( 'NONE',  ( 8.562933104301775344, -7.682519450211517054, 752.1722507291482316 ) ) ;
#5039 = LINE ( 'NONE', #235, #999 ) ;
#5040 = ORIENTED_EDGE ( 'NONE', *, *, #3029, .T. ) ;
#5041 = CARTESIAN_POINT ( 'NONE',  ( -18.06433169626983215, -9.291404056239411346, 758.9509526959396908 ) ) ;
#5042 = CARTESIAN_POINT ( 'NONE',  ( -9.456997241429672130, -8.356752534999424498, 750.6083518745012952 ) ) ;
#5043 = ORIENTED_EDGE ( 'NONE', *, *, #3132, .T. ) ;
#5044 = CARTESIAN_POINT ( 'NONE',  ( 14.97382607469948468, -19.11355844537218474, 818.4575163612652204 ) ) ;
#5045 = CYLINDRICAL_SURFACE ( 'NONE', #4995, 9.799999999999998934 ) ;
#5046 = CARTESIAN_POINT ( 'NONE',  ( -11.31424842919147089, -8.994318720208351436, 759.0222585379364091 ) ) ;
#5047 = ORIENTED_EDGE ( 'NONE', *, *, #826, .F. ) ;
#5048 = CARTESIAN_POINT ( 'NONE',  ( -28.87171368895397805, -5.946144870336413035, 782.7804631732753933 ) ) ;
#5049 = CARTESIAN_POINT ( 'NONE',  ( 214.8155762876421875, 126.5077278108561813, 886.2223378910111933 ) ) ;
#5050 = CARTESIAN_POINT ( 'NONE',  ( 15.55334203601259446, -6.048450001284344069, 761.0961757444002842 ) ) ;
#5051 = CARTESIAN_POINT ( 'NONE',  ( -11.54889412565989915, -10.42478214338020592, 748.5811236479514719 ) ) ;
#5052 = DIRECTION ( 'NONE',  ( -0.000000000000000000, -0.000000000000000000, -1.000000000000000000 ) ) ;
#5053 = DIRECTION ( 'NONE',  ( 0.000000000000000000, 0.000000000000000000, -1.000000000000000000 ) ) ;
#5054 = CARTESIAN_POINT ( 'NONE',  ( 28.47078498144938763, -6.829617829753167335, 793.9610819062569362 ) ) ;
#5055 = CARTESIAN_POINT ( 'NONE',  ( -11.62559443198178855, -8.527867163372240711, 869.2062524568000299 ) ) ;
#5056 = CARTESIAN_POINT ( 'NONE',  ( 6.215729598821655877, -6.347632981092527160, 825.5698608494012660 ) ) ;
#5057 = CARTESIAN_POINT ( 'NONE',  ( 18.55218773664457288, -11.16871212035803751, 764.4441402961776930 ) ) ;
#5058 = CARTESIAN_POINT ( 'NONE',  ( -10.75967784632306312, -24.45666791391129280, 700.9422371214559462 ) ) ;
#5059 = CARTESIAN_POINT ( 'NONE',  ( 1.132305844306395803, -18.38290162370597969, 751.5356442139884621 ) ) ;
#5060 = ORIENTED_EDGE ( 'NONE', *, *, #2186, .T. ) ;
#5061 = DIRECTION ( 'NONE',  ( 0.5735756964288468707, -0.8191525623875954842, 0.000000000000000000 ) ) ;
#5062 = CARTESIAN_POINT ( 'NONE',  ( 18.02257181379039963, -9.172351149954508287, 758.7659962704362897 ) ) ;
#5063 = CARTESIAN_POINT ( 'NONE',  ( 71.08943930124935662, 29.57247929039343504, 782.8460906387923615 ) ) ;
#5064 = CARTESIAN_POINT ( 'NONE',  ( -15.22221590119174728, -17.83451418684931156, 803.9073476308436739 ) ) ;
#5065 = CARTESIAN_POINT ( 'NONE',  ( -2.494889368003190722, -23.56307323623044070, 842.3009880572086558 ) ) ;
#5066 = ORIENTED_EDGE ( 'NONE', *, *, #2784, .F. ) ;
#5067 = CARTESIAN_POINT ( 'NONE',  ( -18.11663150022829072, -9.436858211950323039, 759.1945532884316208 ) ) ;
#5068 = CARTESIAN_POINT ( 'NONE',  ( -9.453878234400923120, -8.354220102278462790, 750.6130026636831190 ) ) ;
#5069 = ORIENTED_EDGE ( 'NONE', *, *, #2572, .F. ) ;
#5070 = CARTESIAN_POINT ( 'NONE',  ( 14.97783215874595086, -19.18404058338862939, 815.6420883972265301 ) ) ;
#5071 = CARTESIAN_POINT ( 'NONE',  ( 13.31308532141076206, -13.36481329616764846, 770.3850065211732954 ) ) ;
#5072 = CARTESIAN_POINT ( 'NONE',  ( -18.41421013061562562, -10.16105383023852760, 761.0740620423551945 ) ) ;
#5073 = ORIENTED_EDGE ( 'NONE', *, *, #3450, .F. ) ;
#5074 = FACE_OUTER_BOUND ( 'NONE', #3083, .T. ) ;
#5075 = CARTESIAN_POINT ( 'NONE',  ( 3.035213985590550223, -24.33473676183152179, 823.5053166900200949 ) ) ;
#5076 = AXIS2_PLACEMENT_3D ( 'NONE', #5369, #166, #5027 ) ;
#5077 = CARTESIAN_POINT ( 'NONE',  ( 15.63705700014207345, -6.102507861510472864, 760.8035395083535377 ) ) ;
#5078 = CARTESIAN_POINT ( 'NONE',  ( -14.98524891711099549, -19.33043376022079940, 810.0106263019147264 ) ) ;
#5079 = CARTESIAN_POINT ( 'NONE',  ( -27.23867888184658526, -3.613972929656234179, 776.9234798678384095 ) ) ;
#5080 = CARTESIAN_POINT ( 'NONE',  ( -7.552381058386651524, -32.97751061672540374, 815.7596338031598862 ) ) ;
#5081 = CARTESIAN_POINT ( 'NONE',  ( -10.78734964507466110, -5.740717357014399447, 818.0841173869287104 ) ) ;
#5082 = CARTESIAN_POINT ( 'NONE',  ( -0.2368138216544170283, -19.66179677090985933, 895.4747568475032722 ) ) ;
#5083 = CARTESIAN_POINT ( 'NONE',  ( 18.58307198351891643, -11.45761096131029078, 765.7046927617383290 ) ) ;
#5084 = CARTESIAN_POINT ( 'NONE',  ( -211.8505079137356120, 130.7422842989029448, 853.5447280509515622 ) ) ;
#5085 = CARTESIAN_POINT ( 'NONE',  ( 21.88065638447220707, -4.678993530696246239, 796.5611014621126742 ) ) ;
#5086 = CARTESIAN_POINT ( 'NONE',  ( 18.13704588136031859, -9.503549067078003176, 759.2954603456834093 ) ) ;
#5087 = B_SPLINE_CURVE_WITH_KNOTS ( 'NONE', 3,
 ( #455, #4651, #2537, #2906, #5537, #886, #4677, #1162 ),
 .UNSPECIFIED., .F., .F.,
 ( 4, 2, 2, 4 ),
 ( 0.000000000000000000, 0.001910775309312225329, 0.002866162963968338102, 0.003821550618624451525 ),
 .UNSPECIFIED. ) ;
#5088 = CARTESIAN_POINT ( 'NONE',  ( -0.3293201357298866649, -19.52968406285192060, 749.6643380746803587 ) ) ;
#5089 = DIRECTION ( 'NONE',  ( 0.000000000000000000, -1.000000000000000000, -0.000000000000000000 ) ) ;
#5090 = FACE_OUTER_BOUND ( 'NONE', #1147, .T. ) ;
#5091 = CARTESIAN_POINT ( 'NONE',  ( -72.99279087707191138, 26.85421153125293614, 866.3047283433327266 ) ) ;
#5092 = ORIENTED_EDGE ( 'NONE', *, *, #5229, .F. ) ;
#5093 = CARTESIAN_POINT ( 'NONE',  ( -18.27186010045385700, -9.800867085101009124, 759.9875792248866446 ) ) ;
#5095 = MANIFOLD_SOLID_BREP ( 'Zapas-TAIL GLUED-2', #1599 ) ;
#5094 = CARTESIAN_POINT ( 'NONE',  ( -7.239613561547526110, -6.862724332390087056, 755.7375323971546095 ) ) ;
#5096 = EDGE_LOOP ( 'NONE', ( #683, #5444, #2221, #1410 ) ) ;
#5097 = EDGE_CURVE ( 'NONE', #516, #4722, #3851, .T. ) ;
#5098 = CARTESIAN_POINT ( 'NONE',  ( 6.310589118880751691, -6.391414361864934612, 760.3564537941930439 ) ) ;
#5099 = CARTESIAN_POINT ( 'NONE',  ( 5.889847564926386170, -34.21984613887769200, 720.9422371214559462 ) ) ;
#5100 = CARTESIAN_POINT ( 'NONE',  ( -9.652265161262983284, -7.645524669306397847, 770.1871314331264102 ) ) ;
#5101 = ORIENTED_EDGE ( 'NONE', *, *, #287, .T. ) ;
#5102 = CARTESIAN_POINT ( 'NONE',  ( -27.43118863399288188, -3.888999355777378764, 765.5047178578206513 ) ) ;
#5103 = CARTESIAN_POINT ( 'NONE',  ( 71.47654260887432542, 29.01963847320538292, 902.4586352405518710 ) ) ;
#5104 = CARTESIAN_POINT ( 'NONE',  ( 16.99642486420362175, -7.278451688609002268, 757.9436691813277776 ) ) ;
#5105 = CARTESIAN_POINT ( 'NONE',  ( -15.00084046128879933, -19.90927206546953343, 772.9453902102316079 ) ) ;
#5106 = DIRECTION ( 'NONE',  ( -1.000000000000000000, 0.000000000000000000, 0.000000000000000000 ) ) ;
#5107 = CARTESIAN_POINT ( 'NONE',  ( -7.420094258627843331, -33.07353864005396105, 817.2946002980999083 ) ) ;
#5108 = CARTESIAN_POINT ( 'NONE',  ( -8.558699885319336786, -7.371130249846495452, 819.9663933957380095 ) ) ;
#5109 = CARTESIAN_POINT ( 'NONE',  ( 10.58357534869178096, -5.660682667746558927, 810.7850956610009234 ) ) ;
#5110 = EDGE_CURVE ( 'NONE', #2753, #5635, #1517, .T. ) ;
#5111 = AXIS2_PLACEMENT_3D ( 'NONE', #194, #3280, #1995 ) ;
#5112 = CARTESIAN_POINT ( 'NONE',  ( 18.53000718096756927, -11.00746595174101827, 763.8063928629111388 ) ) ;
#5113 = CARTESIAN_POINT ( 'NONE',  ( 1.834431867617109413, -17.38016174303301753, 755.4607392153026240 ) ) ;
#5114 = AXIS2_PLACEMENT_3D ( 'NONE', #438, #5306, #74 ) ;
#5115 = LINE ( 'NONE', #5218, #5569 ) ;
#5116 = CARTESIAN_POINT ( 'NONE',  ( 0.7918879325731504881, -21.13093513074207408, 750.5201798300382734 ) ) ;
#5117 = CARTESIAN_POINT ( 'NONE',  ( -14.98436690649265479, -19.31508450734913396, 810.7247095377550750 ) ) ;
#5118 = CARTESIAN_POINT ( 'NONE',  ( -143.7632885323729965, 76.88218865584892114, 882.2666725341539404 ) ) ;
#5119 = ORIENTED_EDGE ( 'NONE', *, *, #4285, .T. ) ;
#5120 = CARTESIAN_POINT ( 'NONE',  ( -18.40861739189637447, -10.12968712074356503, 760.9824334547752187 ) ) ;
#5121 = CARTESIAN_POINT ( 'NONE',  ( -5.371226597080280385, -5.994343839678192509, 769.8821213484719692 ) ) ;
#5122 = VERTEX_POINT ( 'NONE', #5158 ) ;
#5123 = CARTESIAN_POINT ( 'NONE',  ( 6.853095968516347725, -6.656944498612260119, 757.3269122540585840 ) ) ;
#5124 = CARTESIAN_POINT ( 'NONE',  ( -24.71494581756802944, -0.009701655126981290067, 776.9234842327028900 ) ) ;
#5125 = CARTESIAN_POINT ( 'NONE',  ( -8.719716634000999278, -7.182651718862604007, 782.0662385239888863 ) ) ;
#5126 = ORIENTED_EDGE ( 'NONE', *, *, #1006, .T. ) ;
#5127 = CARTESIAN_POINT ( 'NONE',  ( -24.48265226446255838, 0.3219568615029862468, 765.7224918045931190 ) ) ;
#5128 = EDGE_CURVE ( 'NONE', #516, #1468, #3013, .T. ) ;
#5129 = CARTESIAN_POINT ( 'NONE',  ( -14.99510499856422641, -19.61682091569858599, 768.3570109344168486 ) ) ;
#5130 = CARTESIAN_POINT ( 'NONE',  ( 18.24687788285518764, -9.750109753884160568, 759.8542092048035101 ) ) ;
#5131 = CARTESIAN_POINT ( 'NONE',  ( -14.98948198316682934, -19.42935096484328739, 807.1930961506018321 ) ) ;
#5132 = DIRECTION ( 'NONE',  ( -1.000000000000000000, 0.000000000000000000, 0.000000000000000000 ) ) ;
#5133 = CARTESIAN_POINT ( 'NONE',  ( 0.000000000000000000, 0.000000000000000000, 704.9922371214549912 ) ) ;
#5134 = CARTESIAN_POINT ( 'NONE',  ( -11.78762032798524295, -9.430816066458111990, 880.1528684033626178 ) ) ;
#5135 = CARTESIAN_POINT ( 'NONE',  ( 10.05749045539717734, -8.726263807223864077, 858.3263111198269826 ) ) ;
#5136 = CARTESIAN_POINT ( 'NONE',  ( 18.59120592239949588, -11.58709772780309599, 766.3302827637296559 ) ) ;
#5137 = CARTESIAN_POINT ( 'NONE',  ( 2.830495201584563691, -15.95763587803849681, 767.0853760387554985 ) ) ;
#5138 = CARTESIAN_POINT ( 'NONE',  ( -3.754221465821750790E-14, -19.99999999999988276, 814.6999999999999318 ) ) ;
#5139 = CARTESIAN_POINT ( 'NONE',  ( 15.11073363544572068, -17.67519352322635839, 817.0000000000000000 ) ) ;
#5140 = CARTESIAN_POINT ( 'NONE',  ( 212.2584723136422440, 130.1596507543564769, 850.9684581342302181 ) ) ;
#5141 = CARTESIAN_POINT ( 'NONE',  ( 249.1803551891770496, 154.4775234463077140, 881.7240716555444351 ) ) ;
#5142 = CARTESIAN_POINT ( 'NONE',  ( -73.59168483293196061, 25.99890232194162110, 846.1925104178902757 ) ) ;
#5143 = ORIENTED_EDGE ( 'NONE', *, *, #4770, .T. ) ;
#5144 = CARTESIAN_POINT ( 'NONE',  ( -18.37191243334897095, -10.01158686972700451, 760.6146885798636958 ) ) ;
#5145 = CARTESIAN_POINT ( 'NONE',  ( -5.299147264320891892, -5.967078461346971174, 771.2019322606130345 ) ) ;
#5146 = VERTEX_POINT ( 'NONE', #431 ) ;
#5147 = CARTESIAN_POINT ( 'NONE',  ( 14.98487870083038764, -16.62598222622647270, 793.1327174453336966 ) ) ;
#5148 = CARTESIAN_POINT ( 'NONE',  ( 9.623798626322104255, -21.85000000000000497, 814.6999999999999318 ) ) ;
#5149 = CARTESIAN_POINT ( 'NONE',  ( -17.18209427478383233, -14.98422116035518492, 807.1155780266465172 ) ) ;
#5150 = EDGE_LOOP ( 'NONE', ( #3186, #1519 ) ) ;
#5151 = CARTESIAN_POINT ( 'NONE',  ( -14.03426457987412412, -5.306014164523795706, 767.6797733990857751 ) ) ;
#5152 = CARTESIAN_POINT ( 'NONE',  ( -14.99987173268224083, -20.06203230339017196, 784.2005503066644678 ) ) ;
#5153 = APPLICATION_CONTEXT ( 'automotive_design' ) ;
#5154 = CARTESIAN_POINT ( 'NONE',  ( 17.80074633499318892, -8.506100758266601503, 758.0277823794311871 ) ) ;
#5155 = EDGE_CURVE ( 'NONE', #2892, #966, #3917, .T. ) ;
#5156 = CARTESIAN_POINT ( 'NONE',  ( 0.000000000000000000, 0.000000000000000000, 704.9922371214549912 ) ) ;
#5157 = CARTESIAN_POINT ( 'NONE',  ( -14.99553032510929995, -19.62944951942987615, 768.5065924800182984 ) ) ;
#5158 = CARTESIAN_POINT ( 'NONE',  ( -21.14793641314910033, 1.597766896959954996, 793.9610873755503917 ) ) ;
#5159 = AXIS2_PLACEMENT_3D ( 'NONE', #2368, #2824, #4195 ) ;
#5160 = PLANE ( 'NONE',  #3645 ) ;
#5161 = DIRECTION ( 'NONE',  ( 1.000000000000000000, 0.000000000000000000, -0.000000000000000000 ) ) ;
#5162 = CARTESIAN_POINT ( 'NONE',  ( 213.0203145806083853, 129.0716272393368342, 934.2462908152377850 ) ) ;
#5163 = AXIS2_PLACEMENT_3D ( 'NONE', #75, #927, #4792 ) ;
#5164 = CARTESIAN_POINT ( 'NONE',  ( 29.10649036497990494, -6.281372725457475603, 791.1640299352984584 ) ) ;
#5165 = ADVANCED_FACE ( 'NONE', ( #38 ), #3929, .F. ) ;
#5166 = CARTESIAN_POINT ( 'NONE',  ( -211.0666650146040126, 131.8617279728986205, 880.8759552179625416 ) ) ;
#5167 = LINE ( 'NONE', #2995, #1645 ) ;
#5168 = CARTESIAN_POINT ( 'NONE',  ( 10.78935225713220625, -9.760542021638396903, 770.3850108860378896 ) ) ;
#5169 = CARTESIAN_POINT ( 'NONE',  ( -2.557274178348523552, -16.34783593777309108, 762.7989779438968299 ) ) ;
#5170 = CARTESIAN_POINT ( 'NONE',  ( -14.99683421817163165, -19.69183534962974846, 799.8090833279876506 ) ) ;
#5171 = CARTESIAN_POINT ( 'NONE',  ( -73.60294112318396742, 25.98282667345495511, 801.9051208345005080 ) ) ;
#5172 = ORIENTED_EDGE ( 'NONE', *, *, #2640, .T. ) ;
#5173 = CARTESIAN_POINT ( 'NONE',  ( -18.27791006803999352, -9.813152010974084405, 760.0208448301633553 ) ) ;
#5174 = VERTEX_POINT ( 'NONE', #11 ) ;
#5175 = CARTESIAN_POINT ( 'NONE',  ( 10.41505605797400236, -9.201982947313851469, 749.4099443226200492 ) ) ;
#5176 = DIRECTION ( 'NONE',  ( 0.000000000000000000, 0.000000000000000000, -1.000000000000000000 ) ) ;
#5177 = CARTESIAN_POINT ( 'NONE',  ( -18.13704588136031859, -9.503549067078003176, 759.2954603456834093 ) ) ;
#5178 = EDGE_CURVE ( 'NONE', #692, #1692, #1782, .T. ) ;
#5179 = ORIENTED_EDGE ( 'NONE', *, *, #2366, .T. ) ;
#5180 = CARTESIAN_POINT ( 'NONE',  ( -14.46281530555680384, -5.476614124333837097, 765.4238939135947248 ) ) ;
#5181 = CARTESIAN_POINT ( 'NONE',  ( -14.99556751269340715, -19.63529370863362900, 768.6141146007273619 ) ) ;
#5182 = CARTESIAN_POINT ( 'NONE',  ( 18.59120592239949588, -11.58709772780309599, 766.3302827637296559 ) ) ;
#5183 = DIRECTION ( 'NONE',  ( -1.000000000000000000, 0.000000000000000000, -0.000000000000000000 ) ) ;
#5184 = CARTESIAN_POINT ( 'NONE',  ( -5.444166308114672503, -6.022727805442574578, 768.7609907284279416 ) ) ;
#5185 = EDGE_CURVE ( 'NONE', #5413, #3948, #1550, .T. ) ;
#5186 = ADVANCED_FACE ( 'NONE', ( #5269 ), #3876, .T. ) ;
#5187 = CARTESIAN_POINT ( 'NONE',  ( -3.754221465821771616E-14, -20.00000000000000000, 700.9422371214550367 ) ) ;
#5188 = DIRECTION ( 'NONE',  ( 0.5735756964288458715, -0.8191525623875960394, 0.000000000000000000 ) ) ;
#5189 = EDGE_CURVE ( 'NONE', #3980, #692, #2675, .T. ) ;
#5190 = CARTESIAN_POINT ( 'NONE',  ( 11.86591466226373726, -9.733084113158202655, 883.7999089406770281 ) ) ;
#5191 = CARTESIAN_POINT ( 'NONE',  ( -7.337685345909606305, -6.574124847309334108, 814.6999999999999318 ) ) ;
#5192 = CARTESIAN_POINT ( 'NONE',  ( -68.46892751307335345, 33.31495797732119257, 799.8966508143794272 ) ) ;
#5193 = FACE_OUTER_BOUND ( 'NONE', #912, .T. ) ;
#5194 = CARTESIAN_POINT ( 'NONE',  ( 11.71715315971405857, -5.049451078264967308, 784.9644996160178607 ) ) ;
#5195 = CARTESIAN_POINT ( 'NONE',  ( 69.56676337616529793, 31.74708587771621282, 786.9630249103825008 ) ) ;
#5196 = PLANE ( 'NONE',  #1338 ) ;
#5197 = CARTESIAN_POINT ( 'NONE',  ( -144.2845760731453026, 76.13771289355530314, 835.9385562427355580 ) ) ;
#5198 = AXIS2_PLACEMENT_3D ( 'NONE', #3142, #2716, #4458 ) ;
#5199 = ORIENTED_EDGE ( 'NONE', *, *, #4095, .F. ) ;
#5200 = CARTESIAN_POINT ( 'NONE',  ( -18.52922689016905622, -10.99779402295298958, 763.7976572776811963 ) ) ;
#5201 = B_SPLINE_CURVE_WITH_KNOTS ( 'NONE', 3,
 ( #4120, #208, #1949, #5288, #1374, #3113, #2683, #4892, #4427, #506 ),
 .UNSPECIFIED., .F., .F.,
 ( 4, 2, 2, 2, 4 ),
 ( 0.0006273002717875063609, 0.001578837166563249340, 0.002530374061338992210, 0.003481910956114735081, 0.004433447850890473614 ),
 .UNSPECIFIED. ) ;
#5202 = VERTEX_POINT ( 'NONE', #2103 ) ;
#5203 = CARTESIAN_POINT ( 'NONE',  ( 9.099558956402820087, -8.071873772297552208, 751.1632102861999556 ) ) ;
#5204 = CARTESIAN_POINT ( 'NONE',  ( 11.30443194874642465, -5.023498023560783565, 798.3611430698880440 ) ) ;
#5205 = CARTESIAN_POINT ( 'NONE',  ( -15.72030832484386309, -6.180414843757882970, 760.4653411270903689 ) ) ;
#5206 = CIRCLE ( 'NONE', #1099, 8.900000000000003908 ) ;
#5207 = ORIENTED_EDGE ( 'NONE', *, *, #2931, .F. ) ;
#5208 = CARTESIAN_POINT ( 'NONE',  ( -23.74475819513817854, 1.375830908362221106, 771.8395256272200413 ) ) ;
#5209 = CARTESIAN_POINT ( 'NONE',  ( -14.99983433285642676, -20.07105870890982402, 782.7834229862875191 ) ) ;
#5210 = VERTEX_POINT ( 'NONE', #4729 ) ;
#5211 = CARTESIAN_POINT ( 'NONE',  ( 17.81364336897799205, -8.547809697842842169, 758.0607716058806318 ) ) ;
#5212 = CARTESIAN_POINT ( 'NONE',  ( -14.76667265931008544, -14.54774556431602406, 765.7631543386864905 ) ) ;
#5213 = PRESENTATION_STYLE_ASSIGNMENT (( #3471 ) ) ;
#5214 = CARTESIAN_POINT ( 'NONE',  ( 0.000000000000000000, -10.30000000000000071, 908.9931498327478039 ) ) ;
#5215 = CARTESIAN_POINT ( 'NONE',  ( 8.368470697056745067, -7.250313999391612363, 812.6499093321725695 ) ) ;
#5216 = DIRECTION ( 'NONE',  ( -0.8191525623875962614, 0.5735756964288456494, 0.000000000000000000 ) ) ;
#5217 = CARTESIAN_POINT ( 'NONE',  ( -68.23069194241521984, 33.65519363269156372, 806.5968048697693575 ) ) ;
#5218 = CARTESIAN_POINT ( 'NONE',  ( 7.857142857142837222, -32.77753129999877046, 779.5127573054589902 ) ) ;
#5219 = CARTESIAN_POINT ( 'NONE',  ( 12.97238943159491065, -5.045952832196956450, 773.9897223807540740 ) ) ;
#5220 = CARTESIAN_POINT ( 'NONE',  ( 211.6489584254999272, 131.0301267987891549, 855.5190468485883457 ) ) ;
#5221 = LINE ( 'NONE', #4795, #2249 ) ;
#5222 = ADVANCED_FACE ( 'NONE', ( #5615 ), #814, .F. ) ;
#5223 = CARTESIAN_POINT ( 'NONE',  ( -144.4123756063880535, 75.95519624489288901, 852.1316916243556534 ) ) ;
#5224 = ORIENTED_EDGE ( 'NONE', *, *, #4179, .F. ) ;
#5225 = CARTESIAN_POINT ( 'NONE',  ( -18.46746865246696245, -10.52060302490617616, 762.1645230713070305 ) ) ;
#5226 = EDGE_LOOP ( 'NONE', ( #4066, #3552, #1525, #2038, #3077, #3242 ) ) ;
#5227 = CARTESIAN_POINT ( 'NONE',  ( 12.73892170885490671, -11.56940500762140012, 755.4765253116200938 ) ) ;
#5228 = CARTESIAN_POINT ( 'NONE',  ( 14.84896255534662579, -17.87647275709470307, 756.3921093102499071 ) ) ;
#5229 = EDGE_CURVE ( 'NONE', #4157, #113, #2832, .T. ) ;
#5230 = CARTESIAN_POINT ( 'NONE',  ( -15.07265305124110810, -5.790720408065954672, 762.7560528416113357 ) ) ;
#5231 = ORIENTED_EDGE ( 'NONE', *, *, #2497, .T. ) ;
#5232 = CARTESIAN_POINT ( 'NONE',  ( -14.06237075826581240, -5.314674604840985417, 767.5292547381834538 ) ) ;
#5233 = CARTESIAN_POINT ( 'NONE',  ( -14.99988761047116803, -19.94139914674265057, 791.6111985426314277 ) ) ;
#5234 = EDGE_LOOP ( 'NONE', ( #5360, #720, #1819, #172 ) ) ;
#5235 = CARTESIAN_POINT ( 'NONE',  ( 22.20061909743274597, -11.44257835610547680, 798.3611184474135598 ) ) ;
#5236 = CARTESIAN_POINT ( 'NONE',  ( -14.82709767053825267, -16.41684271233416226, 815.5560612209552573 ) ) ;
#5237 = DIRECTION ( 'NONE',  ( 0.5735756964288428739, 0.8191525623875981488, 0.000000000000000000 ) ) ;
#5238 = CARTESIAN_POINT ( 'NONE',  ( 3.754221465821750790E-14, -19.99999999999988276, 814.6999999999999318 ) ) ;
#5239 = CARTESIAN_POINT ( 'NONE',  ( 28.41068438140165497, -5.287793909540796200, 774.4261812297955885 ) ) ;
#5240 = CLOSED_SHELL ( 'NONE', ( #3915, #4334, #1121, #164, #2336, #954, #718, #1308, #23, #5245, #242, #5367, #4177, #1971, #704, #3324, #2222, #4506, #1954, #4515, #1844, #2055, #1112, #3801, #2708, #3630, #2318, #2715, #2087, #174, #5014, #5549, #2494, #3151, #3160, #4735, #4217, #1530, #530, #5222, #452, #1771, #4602, #4512 ) ) ;
#5241 = LINE ( 'NONE', #4762, #2533 ) ;
#5242 = VECTOR ( 'NONE', #5052, 1000.000000000000000 ) ;
#5243 = CARTESIAN_POINT ( 'NONE',  ( 3.226746482433513918, -15.39173040112505930, 777.2550534968034981 ) ) ;
#5244 = CARTESIAN_POINT ( 'NONE',  ( -9.928701442420235779, -10.27448107261299448, 814.6999999999999318 ) ) ;
#5245 = ADVANCED_FACE ( 'NONE', ( #2131 ), #3956, .T. ) ;
#5246 = VECTOR ( 'NONE', #4136, 1000.000000000000000 ) ;
#5247 = DIRECTION ( 'NONE',  ( 0.8191525623785653742, 0.5735756964225233734, -4.695530338612962084E-06 ) ) ;
#5248 = CARTESIAN_POINT ( 'NONE',  ( -5.468099659487002384, -6.032183188868252444, 768.4259157485472542 ) ) ;
#5250 = CARTESIAN_POINT ( 'NONE',  ( -2.948480004174594438, -15.78913611739368328, 769.4288572106157744 ) ) ;
#5249 = VECTOR ( 'NONE', #3130, 1000.000000000000000 ) ;
#5251 = DIRECTION ( 'NONE',  ( 0.8191525623875962614, 0.5735756964288456494, 0.000000000000000000 ) ) ;
#5252 = CARTESIAN_POINT ( 'NONE',  ( -144.4253186476547057, 75.93671166630608127, 848.7807608943212472 ) ) ;
#5253 = ORIENTED_EDGE ( 'NONE', *, *, #873, .F. ) ;
#5254 = CARTESIAN_POINT ( 'NONE',  ( -18.49653263775874379, -12.69568245274049367, 772.5209746286500376 ) ) ;
#5255 = CARTESIAN_POINT ( 'NONE',  ( 24.71494581756802944, -0.009701655126981290067, 776.9234842327028900 ) ) ;
#5256 = CARTESIAN_POINT ( 'NONE',  ( 14.98948198316682934, -19.42935096484328739, 807.1930961506018321 ) ) ;
#5257 = CARTESIAN_POINT ( 'NONE',  ( -16.22934857939480224, -6.666763578004250235, 758.9884267003673131 ) ) ;
#5258 = ORIENTED_EDGE ( 'NONE', *, *, #2317, .F. ) ;
#5259 = VECTOR ( 'NONE', #4344, 1000.000000000000000 ) ;
#5260 = CARTESIAN_POINT ( 'NONE',  ( -16.56971274660974203, -6.946707549721909736, 758.4113500690241381 ) ) ;
#5261 = CARTESIAN_POINT ( 'NONE',  ( 12.77569961814981170, -12.13946435250243461, 897.5115752947741612 ) ) ;
#5262 = CARTESIAN_POINT ( 'NONE',  ( -13.82424708183103235, -14.17772979396415600, 749.6490946100619794 ) ) ;
#5263 = EDGE_CURVE ( 'NONE', #4533, #3945, #2776, .T. ) ;
#5264 = ORIENTED_EDGE ( 'NONE', *, *, #4530, .F. ) ;
#5265 = CIRCLE ( 'NONE', #64, 9.700000000000001066 ) ;
#5266 = DIRECTION ( 'NONE',  ( 1.000000000000000000, -7.240559391271824794E-15, 0.000000000000000000 ) ) ;
#5267 = CARTESIAN_POINT ( 'NONE',  ( -13.44891605924820155, -13.34545521987923422, 883.8629261094584990 ) ) ;
#5268 = CARTESIAN_POINT ( 'NONE',  ( -9.561841923020915956, -8.442416931973900418, 750.4540541228802795 ) ) ;
#5269 = FACE_OUTER_BOUND ( 'NONE', #3468, .T. ) ;
#5270 = DIRECTION ( 'NONE',  ( 0.5735756964288457604, -0.8191525623875961504, 0.000000000000000000 ) ) ;
#5271 = CARTESIAN_POINT ( 'NONE',  ( 25.95791463779301722, -1.784973094270536409, 761.7051815996077266 ) ) ;
#5272 = DIRECTION ( 'NONE',  ( -1.000000000000000000, 0.000000000000000000, 0.000000000000000000 ) ) ;
#5273 = CARTESIAN_POINT ( 'NONE',  ( -141.5842488595474151, 79.99417982120715465, 915.6895922766635749 ) ) ;
#5274 = VERTEX_POINT ( 'NONE', #4091 ) ;
#5275 = DIRECTION ( 'NONE',  ( 0.000000000000000000, 0.000000000000000000, 1.000000000000000000 ) ) ;
#5276 = CARTESIAN_POINT ( 'NONE',  ( 24.33811407160789386, -2.958266441428679894, 796.5610873755216517 ) ) ;
#5277 = CARTESIAN_POINT ( 'NONE',  ( -5.189075827551213216, -5.926141512697818747, 773.8678493378434951 ) ) ;
#5278 = CARTESIAN_POINT ( 'NONE',  ( -3.048360315844401036, -15.64649224936966831, 771.7748737198608069 ) ) ;
#5279 = B_SPLINE_SURFACE_WITH_KNOTS ( 'NONE', 3, 3, ( 
 ( #4912, #528, #497, #3566 ),
 ( #3106, #991, #2739, #931 ),
 ( #2674, #2194, #3909, #5310 ),
 ( #5651, #1740, #3940, #20 ),
 ( #1763, #648, #3711, #5459 ),
 ( #1507, #4971, #3626, #1538 ),
 ( #2404, #4169, #1048, #256 ),
 ( #5058, #3655, #2797, #1108 ),
 ( #4111, #4509, #3226, #2372 ),
 ( #589, #675, #4084, #4600 ),
 ( #1911, #2958, #170, #2346 ),
 ( #560, #1022, #1139, #5401 ) ),
 .UNSPECIFIED., .F., .F., .F.,
 ( 4, 1, 1, 1, 2, 1, 1, 1, 4 ),
 ( 4, 4 ),
 ( 0.000000000000000000, 0.1250000000000000555, 0.2500000000000001110, 0.3750000000000001665, 0.5000000000000002220, 0.6250000000000002220, 0.7500000000000001110, 0.8750000000000000000, 1.000000000000000000 ),
 ( 0.000000000000000000, 1.000000000000000000 ),
 .UNSPECIFIED. ) ;
#5280 = CARTESIAN_POINT ( 'NONE',  ( -15.11073363544572068, -17.67519352322635839, 817.0000000000000000 ) ) ;
#5281 = CARTESIAN_POINT ( 'NONE',  ( -2.341270088024101526, -23.34368216773114568, 760.0804356895570209 ) ) ;
#5282 = ORIENTED_EDGE ( 'NONE', *, *, #2861, .T. ) ;
#5283 = CARTESIAN_POINT ( 'NONE',  ( -17.75523845066880213, -14.53687264088671505, 791.2453361289633449 ) ) ;
#5284 = CARTESIAN_POINT ( 'NONE',  ( -3.754221465821771616E-14, -31.35000000000000142, 700.9422371214550367 ) ) ;
#5285 = CARTESIAN_POINT ( 'NONE',  ( 3.048358069403711124, -24.35350845892973837, 771.7748737198609206 ) ) ;
#5286 = AXIS2_PLACEMENT_3D ( 'NONE', #4940, #4164, #2023 ) ;
#5287 = CARTESIAN_POINT ( 'NONE',  ( 14.09717539061131930, -14.87024615564133256, 750.3399222768397294 ) ) ;
#5288 = CARTESIAN_POINT ( 'NONE',  ( -15.75873566945359272, -16.72292261254673917, 798.3611574464339355 ) ) ;
#5289 = EDGE_LOOP ( 'NONE', ( #1287, #688, #3059, #1687, #1777, #2799, #5258, #2522, #2500, #745, #5282, #2867, #1579, #5025 ) ) ;
#5290 = CARTESIAN_POINT ( 'NONE',  ( -14.84432326015955361, -5.671827067049973081, 763.6758300347850081 ) ) ;
#5291 = CARTESIAN_POINT ( 'NONE',  ( 14.95493202315365622, -18.82849220928219225, 825.5703654762650103 ) ) ;
#5292 = CARTESIAN_POINT ( 'NONE',  ( -14.73668592653849529, -17.20175031114143138, 754.3776538748202256 ) ) ;
#5293 = ORIENTED_EDGE ( 'NONE', *, *, #2396, .F. ) ;
#5294 = DIRECTION ( 'NONE',  ( -1.000000000000000000, 0.000000000000000000, 0.000000000000000000 ) ) ;
#5295 = AXIS2_PLACEMENT_3D ( 'NONE', #1722, #1233, #778 ) ;
#5296 = CARTESIAN_POINT ( 'NONE',  ( -13.05273528853914478, -11.67553497206648139, 894.7340764684012129 ) ) ;
#5297 = CARTESIAN_POINT ( 'NONE',  ( -14.78787578891684618, -16.22976759521662160, 821.1621149130864978 ) ) ;
#5298 = ORIENTED_EDGE ( 'NONE', *, *, #1293, .T. ) ;
#5299 = EDGE_CURVE ( 'NONE', #3945, #4467, #901, .T. ) ;
#5300 = CARTESIAN_POINT ( 'NONE',  ( 10.88297465040281509, -9.117025349597092543, 720.9422371214545819 ) ) ;
#5301 = CARTESIAN_POINT ( 'NONE',  ( -5.876454871172717809, -6.199011696727304788, 815.0000000000000000 ) ) ;
#5302 = CARTESIAN_POINT ( 'NONE',  ( 28.07257599747946841, -4.804958190264160933, 770.2700778000992159 ) ) ;
#5303 = DIRECTION ( 'NONE',  ( -0.000000000000000000, -0.000000000000000000, 1.000000000000000000 ) ) ;
#5304 = CARTESIAN_POINT ( 'NONE',  ( -212.1674576172879085, 130.2896332115395239, 918.2587535554339411 ) ) ;
#5305 = ORIENTED_EDGE ( 'NONE', *, *, #3745, .F. ) ;
#5306 = DIRECTION ( 'NONE',  ( 0.000000000000000000, 0.000000000000000000, 1.000000000000000000 ) ) ;
#5307 = CARTESIAN_POINT ( 'NONE',  ( 5.725692481812761838E-14, -20.00000000000000000, 817.0000000000000000 ) ) ;
#5308 = CARTESIAN_POINT ( 'NONE',  ( -6.714635855552247179, -6.586809952214269792, 758.0302928230478301 ) ) ;
#5309 = CARTESIAN_POINT ( 'NONE',  ( 211.1949455477655420, 131.6785243851601592, 888.8948703411600718 ) ) ;
#5310 = CARTESIAN_POINT ( 'NONE',  ( -5.889847564926371071, -5.780153861122318659, 720.9422371214556051 ) ) ;
#5311 = CARTESIAN_POINT ( 'NONE',  ( -72.17653637867742589, 28.01994376612942617, 785.5131440271468364 ) ) ;
#5312 = ORIENTED_EDGE ( 'NONE', *, *, #4829, .F. ) ;
#5313 = CARTESIAN_POINT ( 'NONE',  ( -18.29162019844536502, -13.51634581371110322, 778.8010359749482632 ) ) ;
#5314 = PLANE ( 'NONE',  #5629 ) ;
#5315 = CARTESIAN_POINT ( 'NONE',  ( 214.9212023287763031, 126.3568781907503649, 872.8541623529608842 ) ) ;
#5316 = CARTESIAN_POINT ( 'NONE',  ( 14.99021245309492834, -19.45377382509522235, 766.2758843124735222 ) ) ;
#5317 = PLANE ( 'NONE',  #5198 ) ;
#5318 = VERTEX_POINT ( 'NONE', #150 ) ;
#5319 = CARTESIAN_POINT ( 'NONE',  ( -16.85652901963470640, -7.173958127242447524, 758.0643521202540569 ) ) ;
#5320 = CARTESIAN_POINT ( 'NONE',  ( 17.09534964716288741, -14.91069191600583466, 812.6095948511486995 ) ) ;
#5321 = CARTESIAN_POINT ( 'NONE',  ( -13.05338830191886856, -12.61019157117327083, 748.6562202224515659 ) ) ;
#5322 = ORIENTED_EDGE ( 'NONE', *, *, #3938, .F. ) ;
#5323 = DIRECTION ( 'NONE',  ( 0.000000000000000000, 0.000000000000000000, -1.000000000000000000 ) ) ;
#5324 = CARTESIAN_POINT ( 'NONE',  ( -14.95493202315365622, -18.82849220928219225, 825.5703654762650103 ) ) ;
#5325 = CARTESIAN_POINT ( 'NONE',  ( -13.27997793603417342, -11.95950956200475446, 756.0687282853775741 ) ) ;
#5326 = ORIENTED_EDGE ( 'NONE', *, *, #1070, .F. ) ;
#5327 = CARTESIAN_POINT ( 'NONE',  ( 11.00000000000001243, -37.88854381999827581, 815.0000000000000000 ) ) ;
#5328 = B_SPLINE_SURFACE_WITH_KNOTS ( 'NONE', 3, 3, ( 
 ( #5162, #2991, #816, #2567 ),
 ( #4731, #2876, #1157, #3731 ),
 ( #694, #5021, #5103, #2851 ),
 ( #3763, #4558, #728, #4215 ),
 ( #4242, #2932, #1527, #2901 ),
 ( #2452, #5449, #2017, #1098 ),
 ( #1991, #218, #3304, #5533 ),
 ( #3276, #4191, #3331, #3364 ),
 ( #1960, #2818, #4590, #1617 ),
 ( #1184, #274, #248, #2071 ),
 ( #4673, #5476, #304, #754 ),
 ( #637, #1558, #666, #5506 ),
 ( #2506, #332, #2422, #5075 ),
 ( #4159, #3818, #4130, #5559 ),
 ( #5049, #1643, #1127, #2394 ),
 ( #4989, #1067, #4620, #1585 ),
 ( #4647, #2479, #2044, #3789 ),
 ( #3700, #2256, #1832, #2225 ),
 ( #1429, #3176, #176, #3972 ),
 ( #5315, #4454, #2774, #4516 ),
 ( #4058, #969, #1399, #3602 ),
 ( #84, #596, #997, #1800 ),
 ( #3205, #4003, #4951, #535 ),
 ( #3111, #3571, #5345, #1027 ),
 ( #2681, #2351, #1860, #5285 ),
 ( #1918, #4089, #3139, #2319 ),
 ( #4424, #2746, #1371, #4486 ),
 ( #5406, #1456, #3661, #1484 ),
 ( #3232, #936, #4976, #4546 ),
 ( #1054, #2286, #4032, #4888 ),
 ( #4917, #2802, #54, #565 ),
 ( #148, #3540, #4859, #503 ),
 ( #1886, #2713, #117, #3632 ),
 ( #5379, #2380, #1630, #5517 ),
 ( #4118, #5037, #654, #5493 ),
 ( #2917, #2005, #1144, #2943 ),
 ( #1170, #5436, #2057, #3291 ),
 ( #2492, #2409, #3687, #4229 ),
 ( #4660, #4145, #233, #205 ),
 ( #2864, #4175, #2835, #4203 ),
 ( #1513, #4606, #1543, #742 ),
 ( #1573, #319, #623, #5116 ),
 ( #680, #3804, #5546, #261 ),
 ( #1114, #5464, #3747, #1978 ),
 ( #3717, #3375, #5063, #1946 ),
 ( #1601, #2439, #3350, #3317 ),
 ( #3261, #2889, #4633, #5088 ),
 ( #1083, #1197, #711, #5007 ),
 ( #4577, #2465, #289, #2032 ),
 ( #3776, #5572, #395, #2546 ),
 ( #1250, #2996, #1331, #3402 ),
 ( #5140, #1738, #4712, #3480 ),
 ( #4333, #2970, #1300, #5624 ),
 ( #1708, #5650, #4281, #371 ),
 ( #847, #2573, #5195, #1273 ),
 ( #4794, #874, #4685, #2193 ),
 ( #3884, #2084, #1221, #3860 ),
 ( #2113, #767, #3021, #3455 ),
 ( #2620, #2518, #3505, #5599 ),
 ( #5220, #3043, #4308, #2596 ),
 ( #1681, #2140, #798, #4360 ),
 ( #441, #4255, #3429, #5169 ),
 ( #3939, #4738, #345, #1655 ),
 ( #4767, #19, #822, #416 ),
 ( #2168, #3831, #1762, #5250 ),
 ( #3908, #3168, #558, #5278 ),
 ( #470, #5335, #5399, #587 ),
 ( #3197, #5371, #3565, #4943 ),
 ( #139, #3105, #1880, #1364 ),
 ( #4853, #1448, #4025, #1020 ),
 ( #4051, #2673, #3074, #2767 ),
 ( #1393, #3624, #2248, #930 ),
 ( #1421, #4507, #4081, #4417 ),
 ( #2344, #3965, #2218, #1853 ),
 ( #168, #1792, #2309, #496 ),
 ( #4823, #1909, #3653, #903 ),
 ( #5309, #3595, #4910, #3133 ),
 ( #2647, #526, #3997, #2278 ),
 ( #4389, #962, #989, #48 ),
 ( #2704, #2737, #1824, #77 ),
 ( #4880, #3534, #4447, #109 ),
 ( #4479, #1076, #225, #1593 ),
 ( #3797, #1939, #313, #1504 ),
 ( #3680, #646, #1136, #2026 ),
 ( #2882, #2827, #1165, #3771 ),
 ( #2430, #197, #2795, #2370 ),
 ( #4999, #4568, #3709, #5457 ),
 ( #5427, #4628, #2051, #5485 ),
 ( #703, #282, #736, #5082 ),
 ( #3310, #5512, #4598, #3253 ) ),
 .UNSPECIFIED., .F., .F., .F.,
 ( 4, 1, 1, 1, 1, 1, 1, 1, 1, 1, 1, 1, 1, 1, 1, 1, 1, 1, 1, 1, 1, 1, 1, 1, 1, 1, 1, 1, 1, 1, 1, 1, 1, 1, 1, 1, 1, 1, 1, 1, 1, 1, 1, 2, 1, 1, 1, 1, 1, 1, 1, 1, 1, 1, 1, 1, 1, 1, 1, 1, 1, 1, 1, 1, 1, 1, 1, 1, 1, 1, 1, 1, 1, 1, 1, 1, 1, 1, 1, 1, 1, 1, 1, 1, 1, 1, 4 ),
 ( 4, 4 ),
 ( 0.0008302671343174417018, 0.03205428596913206807, 0.06327830480394658341, 0.09450232363876109876, 0.1257263424735757251, 0.1569503613083903515, 0.1725623707257974981, 0.1881743801432048668, 0.2037863895606123465, 0.2193983989780194932, 0.2350104083954268619, 0.2506224178128341196, 0.2662344272302413772, 0.2818464366476487459, 0.2974584460650561146, 0.3130704554824633723, 0.3286824648998706300, 0.3442944743172778876, 0.3599064837346850343, 0.3755184931520924030, 0.3911305025694997717, 0.4067425119869070294, 0.4145485166956107692, 0.4223545214043141760, 0.4301605261130178048, 0.4379665308217214337, 0.4457725355304250625, 0.4535785402391286913, 0.4574815425934807278, 0.4613845449478324312, 0.4652875473021841346, 0.4691905496565361711, 0.4730935520108879855, 0.4769965543652397999, 0.4808995567195916143, 0.4848025590739434287, 0.4867540602511195580, 0.4887055614282952432, 0.4906570626054710393, 0.4926085637826470576, 0.4945600649598229648, 0.4965115661369988720, 0.4984630673141748902, 0.5004145684913506864, 0.5023660740831813465, 0.5043175796750120066, 0.5062690852668426666, 0.5082205908586733267, 0.5101720964505039868, 0.5121236020423346469, 0.5140751076341653070, 0.5160266132259959670, 0.5199296244096572872, 0.5238326355933186074, 0.5277356467769799275, 0.5316386579606412477, 0.5355416691443025679, 0.5394446803279638880, 0.5433476915116252082, 0.5472507026952865283, 0.5550567250626091687, 0.5628627474299318090, 0.5706687697972544493, 0.5784747921645770896, 0.5862808145318997299, 0.5940868368992223703, 0.6096988816338676509, 0.6253109263685129315, 0.6409229711031582122, 0.6565350158378037149, 0.6721470605724489955, 0.6877591053070942761, 0.7033711500417395568, 0.7189831947763848374, 0.7345952395110301181, 0.7502072842456753987, 0.7658193289803206794, 0.7814313737149659600, 0.7970434184496112406, 0.8126554631842565213, 0.8282675079189018019, 0.8438795526535473046, 0.8751036421228376438, 0.9063277315921284272, 0.9375518210614189885, 0.9687759105307095497, 1.000000000000000000 ),
 ( 0.000000000000000000, 1.000000000000000000 ),
 .UNSPECIFIED. ) ;
#5329 = CARTESIAN_POINT ( 'NONE',  ( -10.78935225713220625, -9.760542021638396903, 770.3850108860378896 ) ) ;
#5330 = CARTESIAN_POINT ( 'NONE',  ( 21.14793641314910033, 1.597766896959954996, 793.9610873755503917 ) ) ;
#5331 = CARTESIAN_POINT ( 'NONE',  ( -20.89809679759565597, 1.520349704020682813, 798.3610885450738124 ) ) ;
#5332 = CARTESIAN_POINT ( 'NONE',  ( -70.79043628536511790, 29.99949985153834220, 907.8068778279207436 ) ) ;
#5333 = DIRECTION ( 'NONE',  ( 0.000000000000000000, 0.000000000000000000, 1.000000000000000000 ) ) ;
#5334 = LINE ( 'NONE', #1447, #2354 ) ;
#5335 = CARTESIAN_POINT ( 'NONE',  ( 139.7550608954569782, 82.60653096607924795, 833.7075920478913531 ) ) ;
#5336 = AXIS2_PLACEMENT_3D ( 'NONE', #5338, #471, #2219 ) ;
#5337 = CARTESIAN_POINT ( 'NONE',  ( 14.26614389642014480, -13.22130058658236074, 759.3962922064596341 ) ) ;
#5338 = CARTESIAN_POINT ( 'NONE',  ( -15.11073363544572068, -17.67519352322635839, 796.8678772901432694 ) ) ;
#5339 =( BOUNDED_CURVE ( )  B_SPLINE_CURVE ( 3, ( #5255, #4950, #1026, #4031 ),
 .UNSPECIFIED., .F., .T. ) 
 B_SPLINE_CURVE_WITH_KNOTS ( ( 4, 4 ),
 ( 4.712396165210014587, 7.853988818799807703 ),
 .UNSPECIFIED. ) 
 CURVE ( )  GEOMETRIC_REPRESENTATION_ITEM ( )  RATIONAL_B_SPLINE_CURVE ( ( 1.000000000000000000, 0.3333333333333333703, 0.3333333333333333703, 1.000000000000000000 ) ) 
 REPRESENTATION_ITEM ( '' )  );
#5340 = CARTESIAN_POINT ( 'NONE',  ( -1.268226016421158509, -21.81121641572496372, 752.0743075446004013 ) ) ;
#5341 = ORIENTED_EDGE ( 'NONE', *, *, #4753, .F. ) ;
#5342 = CARTESIAN_POINT ( 'NONE',  ( -18.30318788051043200, -13.48226234081402986, 778.4964149134826812 ) ) ;
#5343 = AXIS2_PLACEMENT_3D ( 'NONE', #1329, #2702, #3042 ) ;
#5344 = CARTESIAN_POINT ( 'NONE',  ( 7.446927817765586433, -33.05370379494760869, 816.9999999999718057 ) ) ;
#5345 = CARTESIAN_POINT ( 'NONE',  ( 73.67523586650108314, 25.87957907988853279, 803.9151570363197834 ) ) ;
#5346 = UNCERTAINTY_MEASURE_WITH_UNIT (LENGTH_MEASURE( 1.000000000000000082E-05 ), #2424, 'distance_accuracy_value', 'NONE');
#5347 = CARTESIAN_POINT ( 'NONE',  ( 14.55643379548313199, -16.37429263206614038, 752.5598905627223303 ) ) ;
#5348 = EDGE_CURVE ( 'NONE', #2228, #1402, #3604, .T. ) ;
#5349 = CARTESIAN_POINT ( 'NONE',  ( 3.754221465821750790E-14, -20.00000000000000000, 814.6999999999999318 ) ) ;
#5350 = CARTESIAN_POINT ( 'NONE',  ( -15.91505095619073806, -6.386252482774247952, 759.7543002399794432 ) ) ;
#5351 = CARTESIAN_POINT ( 'NONE',  ( 13.05273528853914478, -11.67553497206648139, 894.7340764684012129 ) ) ;
#5352 = CARTESIAN_POINT ( 'NONE',  ( -13.76776743507701362, -14.04612148796765858, 749.5368352666690726 ) ) ;
#5353 = EDGE_CURVE ( 'NONE', #3087, #4987, #625, .T. ) ;
#5354 = ORIENTED_EDGE ( 'NONE', *, *, #3808, .F. ) ;
#5355 = CARTESIAN_POINT ( 'NONE',  ( 15.11072478882759462, -17.67519971768315656, 814.7000000000509772 ) ) ;
#5356 = EDGE_CURVE ( 'NONE', #4055, #2892, #4861, .T. ) ;
#5357 = EDGE_CURVE ( 'NONE', #879, #1546, #2735, .T. ) ;
#5358 = CARTESIAN_POINT ( 'NONE',  ( -12.91377102188851111, -12.34856079567270193, 889.2838518889244597 ) ) ;
#5359 = CARTESIAN_POINT ( 'NONE',  ( -14.61404376091046586, -14.08237257559964561, 763.0251352952318484 ) ) ;
#5360 = ORIENTED_EDGE ( 'NONE', *, *, #3753, .T. ) ;
#5361 = DIRECTION ( 'NONE',  ( -0.8191525623875962614, 0.5735756964288456494, -0.000000000000000000 ) ) ;
#5362 = CARTESIAN_POINT ( 'NONE',  ( 25.71786626711230994, -1.442146781118132548, 761.8336826269528501 ) ) ;
#5363 = EDGE_CURVE ( 'NONE', #4014, #51, #3743, .T. ) ;
#5364 = CARTESIAN_POINT ( 'NONE',  ( -6.833832676241081927, -6.534766192901301451, 817.0000000000002274 ) ) ;
#5365 = CARTESIAN_POINT ( 'NONE',  ( 3.230440387728940266, -15.38645495764030180, 814.1017675945282690 ) ) ;
#5366 = ORIENTED_EDGE ( 'NONE', *, *, #1764, .T. ) ;
#5367 = ADVANCED_FACE ( 'NONE', ( #2805 ), #5381, .T. ) ;
#5368 = LINE ( 'NONE', #2367, #2468 ) ;
#5369 = CARTESIAN_POINT ( 'NONE',  ( 5.799171289761602927E-14, -20.00000000000000000, 815.0000000000000000 ) ) ;
#5370 = CARTESIAN_POINT ( 'NONE',  ( -10.55311937595001126, -9.331315344288665159, 880.2290353419423354 ) ) ;
#5371 = CARTESIAN_POINT ( 'NONE',  ( 139.6881303672639660, 82.70211766650818674, 835.9385562427353307 ) ) ;
#5372 = CARTESIAN_POINT ( 'NONE',  ( 14.81888113053702938, -14.74820574474231627, 767.1285909166656438 ) ) ;
#5373 = CARTESIAN_POINT ( 'NONE',  ( -14.99843441584617665, -18.19745590675759672, 815.0008063011908916 ) ) ;
#5374 = CARTESIAN_POINT ( 'NONE',  ( -72.56368898588200977, 27.46703254184506449, 787.9383018531507332 ) ) ;
#5375 = ORIENTED_EDGE ( 'NONE', *, *, #55, .T. ) ;
#5376 = EDGE_CURVE ( 'NONE', #3911, #1402, #4015, .T. ) ;
#5377 = CARTESIAN_POINT ( 'NONE',  ( -18.54860260579467024, -12.31260712741384467, 770.1592883533458007 ) ) ;
#5378 = CARTESIAN_POINT ( 'NONE',  ( -15.11073363544572068, -17.67519352322635839, 817.0000000000000000 ) ) ;
#5379 = CARTESIAN_POINT ( 'NONE',  ( 214.1085528700455995, 127.5174618954162611, 853.5447280509514485 ) ) ;
#5380 = CARTESIAN_POINT ( 'NONE',  ( 6.659558625075264970, -6.559315070099408729, 758.3261043189237398 ) ) ;
#5381 = PLANE ( 'NONE',  #2559 ) ;
#5382 = CARTESIAN_POINT ( 'NONE',  ( -16.31905088991064545, -6.743718512221686723, 758.8108789808981101 ) ) ;
#5383 = CARTESIAN_POINT ( 'NONE',  ( 14.97801588963971398, -19.18782136455601872, 815.4790825779897432 ) ) ;
#5384 = CARTESIAN_POINT ( 'NONE',  ( -14.83085836084739917, -17.75000233032146824, 755.9441525908787298 ) ) ;
#5385 = VECTOR ( 'NONE', #1728, 1000.000000000000000 ) ;
#5386 = VERTEX_POINT ( 'NONE', #4005 ) ;
#5387 = CARTESIAN_POINT ( 'NONE',  ( 3.491060010942229397, -29.05000000000000426, 891.0867433581797741 ) ) ;
#5388 = CARTESIAN_POINT ( 'NONE',  ( -12.66105136331762715, -11.94225397350307105, 894.7391447061818326 ) ) ;
#5389 = CARTESIAN_POINT ( 'NONE',  ( -11.81039167823998426, -9.726282503238554256, 756.9391925897247120 ) ) ;
#5390 = VERTEX_POINT ( 'NONE', #4518 ) ;
#5391 = AXIS2_PLACEMENT_3D ( 'NONE', #1735, #2594, #1248 ) ;
#5392 = CARTESIAN_POINT ( 'NONE',  ( -3.754221465821750790E-14, -32.13096211664812074, 814.6999999999999318 ) ) ;
#5393 = DIRECTION ( 'NONE',  ( -0.5735756964288458715, -0.8191525623875960394, 0.000000000000000000 ) ) ;
#5394 = FACE_OUTER_BOUND ( 'NONE', #3648, .T. ) ;
#5395 = ORIENTED_EDGE ( 'NONE', *, *, #4095, .T. ) ;
#5396 = CARTESIAN_POINT ( 'NONE',  ( 15.11072478882759462, -17.67519971768315656, 814.7000000000509772 ) ) ;
#5397 = DIRECTION ( 'NONE',  ( -0.8191525623875962614, 0.5735756964288456494, 0.000000000000000000 ) ) ;
#5398 = CARTESIAN_POINT ( 'NONE',  ( -5.656072541067422854, -6.107237212624279543, 807.1020886541307391 ) ) ;
#5399 = CARTESIAN_POINT ( 'NONE',  ( 68.31111623048325043, 33.54033584599360296, 803.9151570363178507 ) ) ;
#5400 = CARTESIAN_POINT ( 'NONE',  ( 12.28804285619041003, -11.40107568255935533, 755.2814250776079916 ) ) ;
#5401 = CARTESIAN_POINT ( 'NONE',  ( -9.619060351535986030E-15, -35.00000000000000000, 720.9422371214550367 ) ) ;
#5402 = CARTESIAN_POINT ( 'NONE',  ( -144.0023192014290601, 76.54081748228688298, 828.6953401556090739 ) ) ;
#5403 = ORIENTED_EDGE ( 'NONE', *, *, #3765, .T. ) ;
#5404 = DIRECTION ( 'NONE',  ( 0.000000000000000000, 0.000000000000000000, -1.000000000000000000 ) ) ;
#5405 = CARTESIAN_POINT ( 'NONE',  ( 14.60877228645561487, -5.547544199630971562, 764.6979608084908477 ) ) ;
#5406 = CARTESIAN_POINT ( 'NONE',  ( 214.5095725340860611, 126.9447464615521568, 858.1703062687957981 ) ) ;
#5407 = EDGE_CURVE ( 'NONE', #4451, #1439, #5201, .T. ) ;
#5408 = CARTESIAN_POINT ( 'NONE',  ( 5.034357604652615947, -5.870009110755876947, 781.8286731826868845 ) ) ;
#5409 = CARTESIAN_POINT ( 'NONE',  ( -10.74591405410989964, -5.366263683082196145, 798.8169195614558475 ) ) ;
#5410 = CARTESIAN_POINT ( 'NONE',  ( -17.99139077386961816, -9.080616100473948293, 758.6339420613471702 ) ) ;
#5411 = CARTESIAN_POINT ( 'NONE',  ( 14.82798259634064308, -16.42087729844404720, 815.3931047818975912 ) ) ;
#5412 = CARTESIAN_POINT ( 'NONE',  ( -11.96173991259041536, -10.94784892985338942, 748.4467868022220500 ) ) ;
#5413 = VERTEX_POINT ( 'NONE', #2259 ) ;
#5414 = ADVANCED_FACE ( 'NONE', ( #3574 ), #5317, .F. ) ;
#5415 = CARTESIAN_POINT ( 'NONE',  ( 14.99667103506746990, -19.68070664364717359, 769.2485493508133914 ) ) ;
#5416 = CARTESIAN_POINT ( 'NONE',  ( 11.34999999999996412, -18.51428848390677828, 700.9422371214550367 ) ) ;
#5417 = CARTESIAN_POINT ( 'NONE',  ( -14.31285279213435579, -13.30269231531229224, 759.7575515735999261 ) ) ;
#5418 = ORIENTED_EDGE ( 'NONE', *, *, #4707, .T. ) ;
#5419 = FACE_OUTER_BOUND ( 'NONE', #1751, .T. ) ;
#5420 = B_SPLINE_CURVE_WITH_KNOTS ( 'NONE', 3,
 ( #199, #1479, #3682, #4138 ),
 .UNSPECIFIED., .F., .F.,
 ( 4, 4 ),
 ( 0.000000000000000000, 0.1013215859030836830 ),
 .UNSPECIFIED. ) ;
#5421 = CARTESIAN_POINT ( 'NONE',  ( 17.56418320016125989, -7.759382991048060951, 757.7476150249271996 ) ) ;
#5422 = CARTESIAN_POINT ( 'NONE',  ( -20.48615886135017305, 1.240133873415812271, 798.3610908842227900 ) ) ;
#5423 = EDGE_LOOP ( 'NONE', ( #634, #4645, #201, #5504, #3279, #3581, #4346, #2253 ) ) ;
#5424 = DIRECTION ( 'NONE',  ( 0.7645510641367997406, 0.5353463280462892326, 0.3589790792993960422 ) ) ;
#5425 = CARTESIAN_POINT ( 'NONE',  ( -3.926218265389163520, -34.60959015002471517, 720.9422371214548093 ) ) ;
#5426 = CARTESIAN_POINT ( 'NONE',  ( -5.183856512105416314, -5.924218252456025624, 792.0279840502340676 ) ) ;
#5427 = CARTESIAN_POINT ( 'NONE',  ( 212.6586882202611832, 129.5880832050525271, 928.9205491098502989 ) ) ;
#5428 = CARTESIAN_POINT ( 'NONE',  ( 13.14074014723511041, -11.83947894554914981, 755.8731396454343212 ) ) ;
#5429 = CARTESIAN_POINT ( 'NONE',  ( 17.46252406296805049, -14.84206074111310514, 798.3611467324813020 ) ) ;
#5430 = CARTESIAN_POINT ( 'NONE',  ( 0.1124426242604115167, -19.83941724856423861, 749.5127573054589902 ) ) ;
#5431 = EDGE_CURVE ( 'NONE', #1866, #716, #539, .T. ) ;
#5432 = ORIENTED_EDGE ( 'NONE', *, *, #3694, .T. ) ;
#5433 = LINE ( 'NONE', #173, #4664 ) ;
#5434 = CARTESIAN_POINT ( 'NONE',  ( 17.94288627868817088, -8.942680373430805574, 758.4586471953558657 ) ) ;
#5435 = B_SPLINE_CURVE_WITH_KNOTS ( 'NONE', 3,
 ( #5396, #4996, #4564, #4133 ),
 .UNSPECIFIED., .F., .F.,
 ( 4, 4 ),
 ( 0.000000000000000000, 1.000000000000000000 ),
 .UNSPECIFIED. ) ;
#5436 = CARTESIAN_POINT ( 'NONE',  ( 143.0642838748404131, 77.88047076420708947, 818.9327634362031176 ) ) ;
#5437 = CARTESIAN_POINT ( 'NONE',  ( 5.603898546470228226, -6.085946167719250788, 766.5436236683357265 ) ) ;
#5438 = FACE_OUTER_BOUND ( 'NONE', #2529, .T. ) ;
#5439 = AXIS2_PLACEMENT_3D ( 'NONE', #1240, #336, #2538 ) ;
#5440 = CARTESIAN_POINT ( 'NONE',  ( -17.44063955046930658, -7.609734757277414552, 757.7548681623803759 ) ) ;
#5441 = FACE_OUTER_BOUND ( 'NONE', #870, .T. ) ;
#5442 = CARTESIAN_POINT ( 'NONE',  ( -10.03473899055821583, -8.849122721919586709, 749.8309857920704644 ) ) ;
#5443 = VECTOR ( 'NONE', #2072, 1000.000000000000114 ) ;
#5444 = ORIENTED_EDGE ( 'NONE', *, *, #3497, .T. ) ;
#5445 = CARTESIAN_POINT ( 'NONE',  ( 14.92612692552087239, -18.50426453065848875, 759.2041090008076480 ) ) ;
#5446 = CARTESIAN_POINT ( 'NONE',  ( -12.23192311397888510, -10.67839258496437438, 755.6497220245331619 ) ) ;
#5447 = ORIENTED_EDGE ( 'NONE', *, *, #3761, .T. ) ;
#5448 = CARTESIAN_POINT ( 'NONE',  ( -27.18643412947817239, -3.539463949332554815, 764.1703955256824656 ) ) ;
#5449 = CARTESIAN_POINT ( 'NONE',  ( 143.2790901770133303, 77.57369557192400578, 895.6439082580509421 ) ) ;
#5450 = CARTESIAN_POINT ( 'NONE',  ( 10.82870737832904062, -5.348761700115204576, 798.3611470006919717 ) ) ;
#5451 = CARTESIAN_POINT ( 'NONE',  ( -5.876454871172717809, -6.199011696727304788, 815.0000000000000000 ) ) ;
#5452 = VERTEX_POINT ( 'NONE', #744 ) ;
#5453 = VECTOR ( 'NONE', #1398, 1000.000000000000000 ) ;
#5454 = CARTESIAN_POINT ( 'NONE',  ( 0.000000000000000000, -8.125958771167519856, 700.9422371214550367 ) ) ;
#5455 = CARTESIAN_POINT ( 'NONE',  ( 27.93136467363671116, -7.221545253046145696, 793.9610850366148043 ) ) ;
#5456 = DIRECTION ( 'NONE',  ( -0.8191525623785652632, 0.5735756964225232624, -4.695530338612961237E-06 ) ) ;
#5457 = CARTESIAN_POINT ( 'NONE',  ( -1.008807999015247647, -18.55927482529547845, 879.8498067889952381 ) ) ;
#5458 = CARTESIAN_POINT ( 'NONE',  ( 8.273570335254440522, -7.174485755862021641, 807.1921445823226122 ) ) ;
#5459 = CARTESIAN_POINT ( 'NONE',  ( -14.21984613887764937, -14.11015243507363692, 720.9422371214557188 ) ) ;
#5460 = CARTESIAN_POINT ( 'NONE',  ( -140.9084225657159379, 80.95935979564613660, 818.9327634362030039 ) ) ;
#5461 = ORIENTED_EDGE ( 'NONE', *, *, #1556, .T. ) ;
#5462 = CARTESIAN_POINT ( 'NONE',  ( -26.00185026993823101, -8.708223156450593194, 798.3610964709937434 ) ) ;
#5463 = CARTESIAN_POINT ( 'NONE',  ( 17.40677052834175598, -7.578722221793200653, 757.7602648147130822 ) ) ;
#5464 = CARTESIAN_POINT ( 'NONE',  ( 142.2209101187737303, 79.08493331287260730, 816.2871264268952700 ) ) ;
#5465 = CARTESIAN_POINT ( 'NONE',  ( 7.362477536207797435, -6.928948706450768213, 755.2785282678962631 ) ) ;
#5466 = CARTESIAN_POINT ( 'NONE',  ( -143.0039966840766397, 77.96656979552871292, 902.3287122475111346 ) ) ;
#5467 = VERTEX_POINT ( 'NONE', #2838 ) ;
#5468 = CARTESIAN_POINT ( 'NONE',  ( -17.61784277596036219, -7.874246902189631747, 757.7578719769763893 ) ) ;
#5469 = CARTESIAN_POINT ( 'NONE',  ( -11.25911460634649686, -10.08299281503365030, 748.7259785611889811 ) ) ;
#5470 = ORIENTED_EDGE ( 'NONE', *, *, #3920, .T. ) ;
#5471 = CARTESIAN_POINT ( 'NONE',  ( 14.99981594975286470, -20.08468804186692225, 781.6476224622365407 ) ) ;
#5472 = FACE_OUTER_BOUND ( 'NONE', #3229, .T. ) ;
#5473 = CARTESIAN_POINT ( 'NONE',  ( -18.58307198351891643, -11.45761096131029078, 765.7046927617383290 ) ) ;
#5474 = VERTEX_POINT ( 'NONE', #1980 ) ;
#5475 = DIRECTION ( 'NONE',  ( -0.000000000000000000, -0.000000000000000000, -1.000000000000000000 ) ) ;
#5476 = CARTESIAN_POINT ( 'NONE',  ( 143.9710860432392678, 76.58542305489930868, 875.5745316195200303 ) ) ;
#5477 = B_SPLINE_CURVE_WITH_KNOTS ( 'NONE', 3,
 ( #2400, #5483, #1446, #195, #4967, #1907, #2765, #2793, #252, #4504, #1044, #1937, #4536, #1564, #613, #5425, #3308, #3251 ),
 .UNSPECIFIED., .F., .F.,
 ( 4, 2, 2, 2, 2, 2, 2, 2, 4 ),
 ( 0.000000000000000000, 0.1250000000000000278, 0.2500000000000000555, 0.3750000000000001110, 0.5000000000000000000, 0.6249999999999998890, 0.7499999999999997780, 0.8750000000000000000, 1.000000000000000000 ),
 .UNSPECIFIED. ) ;
#5478 = CARTESIAN_POINT ( 'NONE',  ( 17.73474849318830948, -8.272965075735907448, 757.8803922232547166 ) ) ;
#5479 = AXIS2_PLACEMENT_3D ( 'NONE', #3062, #461, #5591 ) ;
#5480 = CARTESIAN_POINT ( 'NONE',  ( -14.83429667567480159, -17.77619882873012003, 756.0422832011195169 ) ) ;
#5481 = EDGE_CURVE ( 'NONE', #5550, #3865, #2495, .T. ) ;
#5482 = CARTESIAN_POINT ( 'NONE',  ( 8.234780560375689618, -28.23478056037575357, 700.9422371214542409 ) ) ;
#5483 = CARTESIAN_POINT ( 'NONE',  ( -1.963495408493314720, -4.999999999999971578, 720.9422371214551504 ) ) ;
#5484 = CARTESIAN_POINT ( 'NONE',  ( -11.75602877912474931, -10.68322427380903150, 897.5114884201838095 ) ) ;
#5485 = CARTESIAN_POINT ( 'NONE',  ( -0.5646298618800245084, -19.19362694648356893, 889.2276786102903543 ) ) ;
#5486 = CARTESIAN_POINT ( 'NONE',  ( 17.12494044526029668, -14.96520594293952655, 809.9129945785657583 ) ) ;
#5487 = CARTESIAN_POINT ( 'NONE',  ( 0.000000000000000000, -19.99999999999988276, 700.9422371214550367 ) ) ;
#5488 = VECTOR ( 'NONE', #5361, 999.9999999999998863 ) ;
#5489 = CARTESIAN_POINT ( 'NONE',  ( -212.5295516507622438, 129.7725093393793543, 850.0847312374963849 ) ) ;
#5490 = VERTEX_POINT ( 'NONE', #4662 ) ;
#5491 = CARTESIAN_POINT ( 'NONE',  ( -26.52537402701720737, -8.331255416860557261, 798.3610934420697731 ) ) ;
#5492 = CARTESIAN_POINT ( 'NONE',  ( 17.73474849318830948, -8.272965075735907448, 757.8803922232547166 ) ) ;
#5493 = CARTESIAN_POINT ( 'NONE',  ( 1.834429621144106903, -22.61983896522023940, 755.4607392153016008 ) ) ;
#5494 = CARTESIAN_POINT ( 'NONE',  ( 5.860607703941082214, -6.192257237211878262, 814.2796974983139080 ) ) ;
#5495 = CARTESIAN_POINT ( 'NONE',  ( -2.335674190688112439, -23.33569039810481982, 846.9976463075832953 ) ) ;
#5496 = VERTEX_POINT ( 'NONE', #4231 ) ;
#5497 = CARTESIAN_POINT ( 'NONE',  ( -17.46388279383155862, -7.632034652783297624, 757.7520127171044351 ) ) ;
#5498 =( BOUNDED_SURFACE ( )  B_SPLINE_SURFACE ( 2, 3, ( 
 ( #3239, #243, #5044, #5070, #2039, #2389, #2871, #2012, #1926, #184, #5471, #2417, #2474, #5415, #268, #1061, #1985, #2781, #3784, #3757, #1034, #4525, #5445, #2812, #3725, #2896, #603, #5501, #4154, #1552, #2359, #4125, #1580, #3669, #4210, #3695, #4553, #4642, #631, #4097, #721, #299, #3325, #213, #1955, #1492, #5016, #5526, #3299, #1122, #689, #1612, #1520, #1092, #3271, #2845, #2447, #4585, #661, #4186, #1228, #2092, #5175, #3866, #4719, #2926, #2602, #2066, #805, #5203, #1638, #3841, #1205, #3003, #4236, #3916, #1, #1688, #2950, #2554, #3461, #4692, #5554, #1745, #5123, #5581, #5606, #1280, #3437, #4746, #5098, #401, #1178, #4291, #830, #774, #379, #2501, #1256, #2580, #2121, #4668, #326, #2149, #3813, #4264, #749, #4314, #2526, #3385, #3891, #5632 ),
 ( #353, #1662, #3410, #1716, #3027, #4775, #853, #4343, #5147, #2978, #422, #2174, #588, #2738, #3254, #2796, #5372, #559, #3654, #2345, #3198, #1307, #1077, #527, #4945, #3681, #110, #2310, #5337, #1478, #2705, #2403, #4137, #169, #1422, #1021, #1940, #3169, #4026, #226, #3596, #4052, #4083, #5428, #1910, #3225, #3486, #4540, #5227, #2768, #4970, #4911, #4508, #963, #5400, #1047, #617, #3050, #4448, #2371, #2279, #4480, #4881, #4110, #990, #1854, #198, #1505, #5001, #2828, #4569, #140, #647, #1881, #3625, #1449, #4656, #1999, #4278, #4629, #2857, #283, #2514, #1137, #4168, #1166, #315, #339, #2965, #3311, #3798, #2939, #4599, #1107, #737, #3344, #3398, #674, #1192, #255, #2911, #3710, #4708, #4681, #1968, #5458, #705, #3739, #2488, #2080, #1537, #763 ),
 ( #790, #5567, #5513, #2052, #2431, #5486, #4198, #5541, #1594, #4225, #1626, #4250, #3826, #1218, #1651, #1567, #3371, #5136, #5083, #5057, #5112, #2883, #3284, #2460, #2028, #3772, #2541, #5030, #2109, #5595, #1677, #3424, #367, #3856, #3775, #3686, #5086, #1169, #5062, #231, #5434, #1598, #1143, #2888, #3259, #3746, #2464, #5492, #3715, #1113, #1082, #3290, #4605, #2834, #1512, #1572, #1977, #1053, #5463, #3349, #4202, #2408, #2863, #3659, #2379, #4576, #679, #4144, #5036, #2438, #3316, #4632, #710, #4514, #288, #4174, #595, #622, #4975, #5006, #4545, #4117, #2801, #4088, #260, #2031, #2004, #5516, #2350, #175, #1917, #1542, #5405, #1483, #3231, #204, #1945, #653, #5571, #5219, #5647, #2517, #5194, #4228, #2139, #1736, #2968, #3374, #4737, #394, #3803, #4254 ) ),
 .UNSPECIFIED., .F., .F., .T. ) 
 B_SPLINE_SURFACE_WITH_KNOTS ( ( 3, 3 ),
 ( 4, 2, 2, 2, 2, 2, 2, 2, 2, 2, 2, 2, 2, 2, 2, 2, 2, 2, 2, 2, 2, 2, 2, 2, 2, 2, 2, 2, 2, 2, 2, 2, 2, 2, 2, 2, 2, 2, 2, 2, 2, 2, 2, 2, 2, 2, 2, 2, 2, 2, 2, 2, 2, 2, 2, 4 ),
 ( 0.000000000000000000, 1.000000000000000000 ),
 ( 0.07742183650948283868, 0.08162710490742848546, 0.08583237330537413223, 0.09424291010126541190, 0.1110639836930479851, 0.1194745204889392787, 0.1278850572848305722, 0.1299876914838034025, 0.1320903256827762051, 0.1341929598817490077, 0.1362955940807218380, 0.1383982282796946683, 0.1386610575545662583, 0.1389238868294378759, 0.1394495453791810835, 0.1399752039289242911, 0.1402380332037959088, 0.1405008624786674987, 0.1415521795781539138, 0.1420778381278971214, 0.1426034966776403290, 0.1431291552273835366, 0.1433919845022551542, 0.1436548137771267442, 0.1439176430519983341, 0.1441804723268699240, 0.1444433016017415139, 0.1445747162391773366, 0.1447061308766131316, 0.1448375455140489265, 0.1449689601514847492, 0.1452317894263563391, 0.1454946187012279291, 0.1456260333386637240, 0.1457574479760995190, 0.1462831065258427266, 0.1468087650755859341, 0.1473344236253291417, 0.1478600821750723493, 0.1489113992745587645, 0.1491742285494303544, 0.1494370578243019720, 0.1499627163740451796, 0.1504883749237883872, 0.1510140334735315948, 0.1531166676725044251, 0.1552193018714772554, 0.1573219360704500580, 0.1594245702694228606, 0.1615272044683956909, 0.1699377412642869845, 0.1783482780601782780, 0.1951693516519608651, 0.2035798884478521309, 0.2077851568457977915, 0.2119904252437434244 ),
 .UNSPECIFIED. ) 
 GEOMETRIC_REPRESENTATION_ITEM ( )  RATIONAL_B_SPLINE_SURFACE ( (
 ( 1.000000000000000000, 1.000000000000000000, 1.000000000000000000, 1.000000000000000000, 1.000000000000000000, 1.000000000000000000, 1.000000000000000000, 1.000000000000000000, 1.000000000000000000, 1.000000000000000000, 1.000000000000000000, 1.000000000000000000, 1.000000000000000000, 1.000000000000000000, 1.000000000000000000, 1.000000000000000000, 1.000000000000000000, 1.000000000000000000, 1.000000000000000000, 1.000000000000000000, 1.000000000000000000, 1.000000000000000000, 1.000000000000000000, 1.000000000000000000, 1.000000000000000000, 1.000000000000000000, 1.000000000000000000, 1.000000000000000000, 1.000000000000000000, 1.000000000000000000, 1.000000000000000000, 1.000000000000000000, 1.000000000000000000, 1.000000000000000000, 1.000000000000000000, 1.000000000000000000, 1.000000000000000000, 1.000000000000000000, 1.000000000000000000, 1.000000000000000000, 1.000000000000000000, 1.000000000000000000, 1.000000000000000000, 1.000000000000000000, 1.000000000000000000, 1.000000000000000000, 1.000000000000000000, 1.000000000000000000, 1.000000000000000000, 1.000000000000000000, 1.000000000000000000, 1.000000000000000000, 1.000000000000000000, 1.000000000000000000, 1.000000000000000000, 1.000000000000000000, 1.000000000000000000, 1.000000000000000000, 1.000000000000000000, 1.000000000000000000, 1.000000000000000000, 1.000000000000000000, 1.000000000000000000, 1.000000000000000000, 1.000000000000000000, 1.000000000000000000, 1.000000000000000000, 1.000000000000000000, 1.000000000000000000, 1.000000000000000000, 1.000000000000000000, 1.000000000000000000, 1.000000000000000000, 1.000000000000000000, 1.000000000000000000, 1.000000000000000000, 1.000000000000000000, 1.000000000000000000, 1.000000000000000000, 1.000000000000000000, 1.000000000000000000, 1.000000000000000000, 1.000000000000000000, 1.000000000000000000, 1.000000000000000000, 1.000000000000000000, 1.000000000000000000, 1.000000000000000000, 1.000000000000000000, 1.000000000000000000, 1.000000000000000000, 1.000000000000000000, 1.000000000000000000, 1.000000000000000000, 1.000000000000000000, 1.000000000000000000, 1.000000000000000000, 1.000000000000000000, 1.000000000000000000, 1.000000000000000000, 1.000000000000000000, 1.000000000000000000, 1.000000000000000000, 1.000000000000000000, 1.000000000000000000, 1.000000000000000000, 1.000000000000000000, 1.000000000000000000, 1.000000000000000000, 1.000000000000000000, 1.000000000000000000, 1.000000000000000000),
 ( 0.8716033258406791218, 0.8723979353952416860, 0.8731456059564398631, 0.8745402258754776392, 0.8751550521668896021, 0.8774409234958012727, 0.8793522307287044981, 0.8852792492292906879, 0.8892945875854656457, 0.8931021539220088679, 0.8940389520370525256, 0.8946690887648506285, 0.8944317063055245987, 0.8927394174831516649, 0.8923332176057497955, 0.8913278192420878154, 0.8907372701876064003, 0.8897198338225600356, 0.8892626342204335010, 0.8880010212628732802, 0.8871624845899086509, 0.8846805574308418407, 0.8831350837405738119, 0.8812491558836664796, 0.8810305007891480189, 0.8806781233490668104, 0.8805276606378257265, 0.8801028471938715514, 0.8798562134391401113, 0.8792827550727382313, 0.8789649912196793036, 0.8784230259396107465, 0.8782311300146296018, 0.8777583642196158387, 0.8774829417691951683, 0.8758641468128326446, 0.8737947540285058157, 0.8696540713198164241, 0.8681323584937125082, 0.8649161797094687687, 0.8632439296130368644, 0.8591293297625138825, 0.8567585077145298822, 0.8526727645595866267, 0.8512211569875689499, 0.8481572641781711663, 0.8463987330966272760, 0.8422680202609255096, 0.8399473914975239541, 0.8352403760341011729, 0.8328052182155653016, 0.8282227334513384553, 0.8260736810056962254, 0.8244409856779191248, 0.8242036504294244503, 0.8245217421858940243, 0.8250442226825741576, 0.8265579700958894938, 0.8275453989707545199, 0.8296842255106496866, 0.8308425616918203582, 0.8343733830048015720, 0.8367818496366389303, 0.8414393750810537087, 0.8436538175873903311, 0.8465667528155712551, 0.8474722286511285896, 0.8491380906074591506, 0.8498928693900753562, 0.8536626164245209036, 0.8563116044586791542, 0.8609029444565279299, 0.8628715891799232374, 0.8662296429052596114, 0.8678130910590170499, 0.8707945491742222766, 0.8721626706869900492, 0.8757223460250412872, 0.8772960594817459379, 0.8784271855041730914, 0.8786121905611976590, 0.8789701192772749749, 0.8791385521328302088, 0.8796165181981994152, 0.8798924245174447600, 0.8804286288232182622, 0.8806920885319950987, 0.8814255040627150262, 0.8818877687005557409, 0.8839298487388305148, 0.8854365675759451326, 0.8877391709346030835, 0.8884937067612117545, 0.8896703177220726122, 0.8901306002455748878, 0.8911833363070751357, 0.8917742624819274821, 0.8927360448465827547, 0.8931270339909148648, 0.8947432425129843159, 0.8949493940357645672, 0.8942474043710958442, 0.8932858438526875000, 0.8893978639554549481, 0.8853295522091937375, 0.8793567925814076425, 0.8774361159604064930, 0.8751522446756277995, 0.8745413761034468436, 0.8731549572429653239, 0.8724119530743448259, 0.8716225174509547591),
 ( 1.000000000000000000, 1.000000000000000000, 1.000000000000000000, 1.000000000000000000, 1.000000000000000000, 1.000000000000000000, 1.000000000000000000, 1.000000000000000000, 1.000000000000000000, 1.000000000000000000, 1.000000000000000000, 1.000000000000000000, 1.000000000000000000, 1.000000000000000000, 1.000000000000000000, 1.000000000000000000, 1.000000000000000000, 1.000000000000000000, 1.000000000000000000, 1.000000000000000000, 1.000000000000000000, 1.000000000000000000, 1.000000000000000000, 1.000000000000000000, 1.000000000000000000, 1.000000000000000000, 1.000000000000000000, 1.000000000000000000, 1.000000000000000000, 1.000000000000000000, 1.000000000000000000, 1.000000000000000000, 1.000000000000000000, 1.000000000000000000, 1.000000000000000000, 1.000000000000000000, 1.000000000000000000, 1.000000000000000000, 1.000000000000000000, 1.000000000000000000, 1.000000000000000000, 1.000000000000000000, 1.000000000000000000, 1.000000000000000000, 1.000000000000000000, 1.000000000000000000, 1.000000000000000000, 1.000000000000000000, 1.000000000000000000, 1.000000000000000000, 1.000000000000000000, 1.000000000000000000, 1.000000000000000000, 1.000000000000000000, 1.000000000000000000, 1.000000000000000000, 1.000000000000000000, 1.000000000000000000, 1.000000000000000000, 1.000000000000000000, 1.000000000000000000, 1.000000000000000000, 1.000000000000000000, 1.000000000000000000, 1.000000000000000000, 1.000000000000000000, 1.000000000000000000, 1.000000000000000000, 1.000000000000000000, 1.000000000000000000, 1.000000000000000000, 1.000000000000000000, 1.000000000000000000, 1.000000000000000000, 1.000000000000000000, 1.000000000000000000, 1.000000000000000000, 1.000000000000000000, 1.000000000000000000, 1.000000000000000000, 1.000000000000000000, 1.000000000000000000, 1.000000000000000000, 1.000000000000000000, 1.000000000000000000, 1.000000000000000000, 1.000000000000000000, 1.000000000000000000, 1.000000000000000000, 1.000000000000000000, 1.000000000000000000, 1.000000000000000000, 1.000000000000000000, 1.000000000000000000, 1.000000000000000000, 1.000000000000000000, 1.000000000000000000, 1.000000000000000000, 1.000000000000000000, 1.000000000000000000, 1.000000000000000000, 1.000000000000000000, 1.000000000000000000, 1.000000000000000000, 1.000000000000000000, 1.000000000000000000, 1.000000000000000000, 1.000000000000000000, 1.000000000000000000, 1.000000000000000000, 1.000000000000000000, 1.000000000000000000) ) ) 
 REPRESENTATION_ITEM ( '' )  SURFACE ( )  );
#5499 = CARTESIAN_POINT ( 'NONE',  ( -9.105077622458798814, -8.077665914158183469, 751.1591788464951378 ) ) ;
#5500 = ORIENTED_EDGE ( 'NONE', *, *, #4335, .F. ) ;
#5501 = CARTESIAN_POINT ( 'NONE',  ( 14.88861080177632346, -18.17485737299211124, 757.5941812153026831 ) ) ;
#5502 = CARTESIAN_POINT ( 'NONE',  ( 4.456667913911239509, -9.240322153676945760, 700.9422371214546956 ) ) ;
#5503 = CARTESIAN_POINT ( 'NONE',  ( -9.977087148114920367, -7.847106246026625875, 767.3848020974284054 ) ) ;
#5504 = ORIENTED_EDGE ( 'NONE', *, *, #892, .F. ) ;
#5505 = CARTESIAN_POINT ( 'NONE',  ( -25.54976247941576517, -1.202067614884638314, 762.0310046965804531 ) ) ;
#5506 = CARTESIAN_POINT ( 'NONE',  ( 2.916997114121235857, -24.16590557247932836, 828.2056663190578547 ) ) ;
#5507 = CARTESIAN_POINT ( 'NONE',  ( 15.72030832484386309, -6.180414843757882970, 760.4653411270903689 ) ) ;
#5508 = CARTESIAN_POINT ( 'NONE',  ( -14.83961821965472083, -17.81212705662809270, 756.1651799501847790 ) ) ;
#5509 = CARTESIAN_POINT ( 'NONE',  ( -24.71496395014924374, -0.009688958511496467696, 781.6377164710472698 ) ) ;
#5510 = CARTESIAN_POINT ( 'NONE',  ( 6.077417221801474589, -33.71367929886615400, 816.9999999999998863 ) ) ;
#5511 = CARTESIAN_POINT ( 'NONE',  ( -8.329676006415361655, -7.227095168777696088, 810.8205786838467475 ) ) ;
#5512 = CARTESIAN_POINT ( 'NONE',  ( 141.9352443652392139, 79.49290628937762904, 922.3635608615220463 ) ) ;
#5513 = CARTESIAN_POINT ( 'NONE',  ( 17.09449968931161834, -14.72698512108519431, 818.3068972755082768 ) ) ;
#5514 = CARTESIAN_POINT ( 'NONE',  ( -141.5733431137044818, 80.00975484039457797, 816.5699116640082593 ) ) ;
#5515 = CARTESIAN_POINT ( 'NONE',  ( 7.558762002636188804, -32.97314827903996814, 815.6675298669348422 ) ) ;
#5516 = CARTESIAN_POINT ( 'NONE',  ( 15.55334203601259446, -6.048450001284344069, 761.0961757444002842 ) ) ;
#5517 = CARTESIAN_POINT ( 'NONE',  ( 1.986506569278303935, -22.83702735556951779, 756.6067952899269358 ) ) ;
#5518 = DIRECTION ( 'NONE',  ( -9.885507410759308646E-16, 1.000000000000000000, 0.000000000000000000 ) ) ;
#5519 = CARTESIAN_POINT ( 'NONE',  ( 7.117841498101650899, -33.28130861051541700, 815.6803269963551202 ) ) ;
#5520 = CARTESIAN_POINT ( 'NONE',  ( -143.6499075634557130, 77.04411346061067434, 885.6118103790820442 ) ) ;
#5521 = ORIENTED_EDGE ( 'NONE', *, *, #826, .T. ) ;
#5522 = CARTESIAN_POINT ( 'NONE',  ( -18.19799573974963280, -9.641194688172225469, 759.5936044551294799 ) ) ;
#5523 = CARTESIAN_POINT ( 'NONE',  ( -10.53699226350761364, -9.323692140088990499, 749.2977134639756969 ) ) ;
#5524 = VERTEX_POINT ( 'NONE', #5009 ) ;
#5525 = EDGE_CURVE ( 'NONE', #216, #2981, #5039, .T. ) ;
#5526 = CARTESIAN_POINT ( 'NONE',  ( 13.94694741578195085, -14.47484061055401661, 749.9209685443041735 ) ) ;
#5527 = DIRECTION ( 'NONE',  ( -1.000000000000000000, 0.000000000000000000, 0.000000000000000000 ) ) ;
#5528 = CARTESIAN_POINT ( 'NONE',  ( -18.55906315107650784, -12.22893618922600645, 769.6801607247654147 ) ) ;
#5529 = EDGE_LOOP ( 'NONE', ( #1570, #980, #1016, #68 ) ) ;
#5530 = CARTESIAN_POINT ( 'NONE',  ( -28.50599279735468983, -5.423897324251113261, 775.8152184045525246 ) ) ;
#5531 = AXIS2_PLACEMENT_3D ( 'NONE', #946, #2690, #4983 ) ;
#5532 = ADVANCED_FACE ( 'NONE', ( #2059 ), #1146, .F. ) ;
#5533 = CARTESIAN_POINT ( 'NONE',  ( 2.112701772637088027, -23.01725278370677685, 853.2587429767253298 ) ) ;
#5534 = EDGE_CURVE ( 'NONE', #2946, #1843, #42, .T. ) ;
#5535 = CARTESIAN_POINT ( 'NONE',  ( 10.98020464143408681, -5.256555072317634192, 794.8106534684391136 ) ) ;
#5536 = CARTESIAN_POINT ( 'NONE',  ( -14.90589435238765859, -18.32228504944077230, 758.2969901556036803 ) ) ;
#5537 = CARTESIAN_POINT ( 'NONE',  ( -8.472723158213996797, -6.309142192593696130, 798.3611574241986091 ) ) ;
#5538 = DIRECTION ( 'NONE',  ( 0.000000000000000000, 0.000000000000000000, 1.000000000000000000 ) ) ;
#5539 = CARTESIAN_POINT ( 'NONE',  ( -11.86591466226373726, -9.733084113158202655, 883.7999089406770281 ) ) ;
#5540 = CARTESIAN_POINT ( 'NONE',  ( 8.411658817917482267, -7.276451466523656819, 814.4785852401577131 ) ) ;
#5541 = CARTESIAN_POINT ( 'NONE',  ( 17.42153500961429557, -14.91100883866924676, 798.7304439814475927 ) ) ;
#5542 = CARTESIAN_POINT ( 'NONE',  ( -141.0829054546757391, 80.71017240556770389, 818.0037412710199760 ) ) ;
#5543 = CIRCLE ( 'NONE', #250, 15.00000000000000000 ) ;
#5544 = PLANE ( 'NONE',  #1096 ) ;
#5545 = CARTESIAN_POINT ( 'NONE',  ( -11.60344776348899209, -21.85000000000000142, 814.6999999999999318 ) ) ;
#5546 = CARTESIAN_POINT ( 'NONE',  ( 71.48959088528285122, 29.00100360326158722, 783.3151454787861212 ) ) ;
#5547 = CARTESIAN_POINT ( 'NONE',  ( -7.102951435054648690E-14, -20.00000000000000000, 779.5127573054589902 ) ) ;
#5548 = CARTESIAN_POINT ( 'NONE',  ( -142.1550200344045436, 79.17903410552875698, 920.1389990660710509 ) ) ;
#5549 = ADVANCED_FACE ( 'NONE', ( #5438 ), #4457, .T. ) ;
#5550 = VERTEX_POINT ( 'NONE', #3068 ) ;
#5551 = CARTESIAN_POINT ( 'NONE',  ( -18.33028560672755702, -9.919802945722656418, 760.3283009949479947 ) ) ;
#5552 = CARTESIAN_POINT ( 'NONE',  ( -5.177364072423785046, -5.921828597696404017, 791.7588758006626222 ) ) ;
#5553 = ORIENTED_EDGE ( 'NONE', *, *, #2904, .F. ) ;
#5554 = CARTESIAN_POINT ( 'NONE',  ( 6.962644514914391181, -6.713833580629398057, 756.8289492827100275 ) ) ;
#5555 = CARTESIAN_POINT ( 'NONE',  ( 9.550055667700588436E-13, -20.00000000000000000, 817.0000000000000000 ) ) ;
#5556 = CARTESIAN_POINT ( 'NONE',  ( -10.41523274092180174, -8.167132230727968789, 763.9970134732022871 ) ) ;
#5557 = ORIENTED_EDGE ( 'NONE', *, *, #2317, .T. ) ;
#5558 = CARTESIAN_POINT ( 'NONE',  ( -25.16385779771835018, -0.6509309744404472298, 762.8346456342471811 ) ) ;
#5559 = CARTESIAN_POINT ( 'NONE',  ( 3.139927754348565081, -24.48428352196173208, 818.8039913659490594 ) ) ;
#5560 = CARTESIAN_POINT ( 'NONE',  ( 20.81737233350435901, -12.43552423977158838, 798.3611264421161877 ) ) ;
#5561 = CARTESIAN_POINT ( 'NONE',  ( -12.34633363729119004, -11.47673484962404267, 748.4065081419626040 ) ) ;
#5562 = DIRECTION ( 'NONE',  ( 0.000000000000000000, 0.000000000000000000, -1.000000000000000000 ) ) ;
#5563 = CARTESIAN_POINT ( 'NONE',  ( -15.11073363544572068, -17.67519352322635839, 816.2333333333332348 ) ) ;
#5564 = CARTESIAN_POINT ( 'NONE',  ( -10.57567361214005430, -9.283025674042516329, 869.2699560441546964 ) ) ;
#5565 = CARTESIAN_POINT ( 'NONE',  ( 11.70688972214068002, -10.62153739383048467, 896.6004009794088461 ) ) ;
#5566 = AXIS2_PLACEMENT_3D ( 'NONE', #3518, #5562, #4373 ) ;
#5567 = CARTESIAN_POINT ( 'NONE',  ( 17.09350726456387548, -14.67469341175269015, 819.7059052407690842 ) ) ;
#5568 = CARTESIAN_POINT ( 'NONE',  ( 3.380400606398761276, -15.17228957025638891, 785.8764603994696927 ) ) ;
#5569 = VECTOR ( 'NONE', #2166, 1000.000000000000000 ) ;
#5570 = CARTESIAN_POINT ( 'NONE',  ( 8.900000000000003908, -19.99999999999988276, 700.9422371214550367 ) ) ;
#5571 = CARTESIAN_POINT ( 'NONE',  ( 13.51847977667615019, -5.165223213810914871, 770.5977426976392053 ) ) ;
#5572 = CARTESIAN_POINT ( 'NONE',  ( 141.2933579667329411, 80.40961506995914476, 817.2507361314629861 ) ) ;
#5573 = VECTOR ( 'NONE', #1848, 1000.000000000000114 ) ;
#5574 = CARTESIAN_POINT ( 'NONE',  ( -14.98894962601587544, -19.42433544396975620, 807.3781397189851532 ) ) ;
#5575 = CARTESIAN_POINT ( 'NONE',  ( -73.87453788396237542, 25.59494630091126055, 830.0886582262879756 ) ) ;
#5576 = ORIENTED_EDGE ( 'NONE', *, *, #3663, .T. ) ;
#5577 = CARTESIAN_POINT ( 'NONE',  ( -18.42662534951025322, -10.22906781833300194, 761.2767875051969213 ) ) ;
#5578 = EDGE_CURVE ( 'NONE', #2710, #3356, #220, .T. ) ;
#5579 = CARTESIAN_POINT ( 'NONE',  ( -5.479239949450419367, -6.036547288960484536, 768.2611548801762638 ) ) ;
#5580 = ORIENTED_EDGE ( 'NONE', *, *, #2607, .F. ) ;
#5581 = CARTESIAN_POINT ( 'NONE',  ( 6.772332840965536782, -6.615771880381435821, 757.7258767355256168 ) ) ;
#5582 = DIRECTION ( 'NONE',  ( 0.5735762541627017486, -0.8191521718586136647, 0.000000000000000000 ) ) ;
#5583 = CARTESIAN_POINT ( 'NONE',  ( -11.18893047859507028, -8.834655549212513392, 759.7806596968540589 ) ) ;
#5584 = ORIENTED_EDGE ( 'NONE', *, *, #1807, .F. ) ;
#5585 = CARTESIAN_POINT ( 'NONE',  ( -11.74373386087565585, -5.053665160462692540, 784.8255004267383583 ) ) ;
#5586 = CARTESIAN_POINT ( 'NONE',  ( -14.99987841003989786, -20.06040003490461743, 784.4422496479851361 ) ) ;
#5587 = EDGE_CURVE ( 'NONE', #4467, #2583, #3080, .T. ) ;
#5588 = CARTESIAN_POINT ( 'NONE',  ( 18.54642558364989924, -12.34750087325600987, 770.3610973345582806 ) ) ;
#5589 = CARTESIAN_POINT ( 'NONE',  ( 21.14793641314910033, 1.597766896959954996, 793.9610873755503917 ) ) ;
#5590 = CARTESIAN_POINT ( 'NONE',  ( -13.85494778444978792, -14.24510038405021284, 749.6996861193662198 ) ) ;
#5591 = DIRECTION ( 'NONE',  ( 0.000000000000000000, 0.000000000000000000, 1.000000000000000000 ) ) ;
#5592 = CYLINDRICAL_SURFACE ( 'NONE', #3701, 9.799999999999998934 ) ;
#5593 = CARTESIAN_POINT ( 'NONE',  ( -11.12903211019700045, -9.907610072279171121, 880.2079151298970601 ) ) ;
#5594 = CARTESIAN_POINT ( 'NONE',  ( 12.38544841336015701, -10.71300433393496476, 896.5553447378290457 ) ) ;
#5595 = CARTESIAN_POINT ( 'NONE',  ( 18.32462087381854943, -9.907824287205686531, 760.2907308665110122 ) ) ;
#5596 = CARTESIAN_POINT ( 'NONE',  ( 3.424374528660761641, -15.10948830082927863, 795.2858572951124643 ) ) ;
#5597 = CARTESIAN_POINT ( 'NONE',  ( -29.14644431103786104, -6.338410085775477043, 793.9610779844896342 ) ) ;
#5598 = CARTESIAN_POINT ( 'NONE',  ( -3.491060010942229397, -29.05000000000000426, 700.9422371214550367 ) ) ;
#5599 = CARTESIAN_POINT ( 'NONE',  ( -2.237035931482320272, -16.80518355171764355, 758.9183168595864117 ) ) ;
#5600 = DIRECTION ( 'NONE',  ( -0.7645510641367997406, 0.5353463280462892326, 0.3589790792993960422 ) ) ;
#5601 = CARTESIAN_POINT ( 'NONE',  ( -73.75881752341092579, 25.76021210317264831, 838.1419576932847804 ) ) ;
#5602 = VERTEX_POINT ( 'NONE', #1994 ) ;
#5603 = CARTESIAN_POINT ( 'NONE',  ( -18.53931193602367600, -11.07567600213357473, 764.0944424552753844 ) ) ;
#5604 = ORIENTED_EDGE ( 'NONE', *, *, #2135, .F. ) ;
#5605 = EDGE_CURVE ( 'NONE', #3192, #562, #1962, .T. ) ;
#5606 = CARTESIAN_POINT ( 'NONE',  ( 6.734047532328988339, -6.596480451090277697, 757.9253285390996098 ) ) ;
#5607 = DIRECTION ( 'NONE',  ( -1.000000000000000000, -2.589139516383113957E-15, 0.000000000000000000 ) ) ;
#5608 = CARTESIAN_POINT ( 'NONE',  ( -17.32993758217562075, -7.517347478997281840, 757.7779325959002108 ) ) ;
#5609 = ORIENTED_EDGE ( 'NONE', *, *, #873, .T. ) ;
#5610 = CARTESIAN_POINT ( 'NONE',  ( -14.44176410413453304, -5.466660529843255567, 765.5291112610977962 ) ) ;
#5611 = CARTESIAN_POINT ( 'NONE',  ( -14.99990335799842178, -20.05396291587566537, 785.2333005260857135 ) ) ;
#5612 = CARTESIAN_POINT ( 'NONE',  ( 18.25718008275293869, -9.771279802080810484, 759.9086858980650732 ) ) ;
#5613 = DIRECTION ( 'NONE',  ( 0.000000000000000000, 0.000000000000000000, 1.000000000000000000 ) ) ;
#5614 = CARTESIAN_POINT ( 'NONE',  ( -8.155421628342127249, -7.409797523493094396, 753.0774058284102921 ) ) ;
#5615 = FACE_OUTER_BOUND ( 'NONE', #5150, .T. ) ;
#5616 = VECTOR ( 'NONE', #3157, 1000.000000000000000 ) ;
#5617 = LINE ( 'NONE', #3448, #864 ) ;
#5618 = AXIS2_PLACEMENT_3D ( 'NONE', #160, #190, #1961 ) ;
#5619 = CARTESIAN_POINT ( 'NONE',  ( 10.98153615163292507, -5.902768982395446784, 825.3838165573179140 ) ) ;
#5620 = CARTESIAN_POINT ( 'NONE',  ( 0.000000000000000000, -6.599999999999067057, 814.6999999999999318 ) ) ;
#5621 = CARTESIAN_POINT ( 'NONE',  ( 3.132828434490475544, -15.52585927409202249, 774.1227220247444620 ) ) ;
#5622 = CARTESIAN_POINT ( 'NONE',  ( 7.298219146740101415, -6.517806854112377479, 809.4538767922822444 ) ) ;
#5623 = CARTESIAN_POINT ( 'NONE',  ( -7.352794754058749049, -6.595687273046817012, 817.0000000000000000 ) ) ;
#5624 = CARTESIAN_POINT ( 'NONE',  ( -1.382374633031004718, -18.02576638154051381, 752.6280532337594877 ) ) ;
#5625 = CARTESIAN_POINT ( 'NONE',  ( -14.99302530027486569, -19.53871355233214757, 804.0845250017922581 ) ) ;
#5626 = CARTESIAN_POINT ( 'NONE',  ( -3.313958165326105654, -24.73282470651181697, 781.1729475034481993 ) ) ;
#5627 = ORIENTED_EDGE ( 'NONE', *, *, #2754, .T. ) ;
#5628 = CARTESIAN_POINT ( 'NONE',  ( -18.33869183335223951, -9.937281414376085920, 760.3818314846630528 ) ) ;
#5629 = AXIS2_PLACEMENT_3D ( 'NONE', #25, #3175, #4485 ) ;
#5630 = B_SPLINE_CURVE_WITH_KNOTS ( 'NONE', 3,
 ( #799, #3805, #417, #768 ),
 .UNSPECIFIED., .F., .F.,
 ( 4, 4 ),
 ( 1.110394535549188155E-16, 0.004400698053480376140 ),
 .UNSPECIFIED. ) ;
#5631 = ORIENTED_EDGE ( 'NONE', *, *, #1302, .T. ) ;
#5632 = CARTESIAN_POINT ( 'NONE',  ( 6.026570542325511148, -6.263899843901347353, 821.2382881471756946 ) ) ;
#5633 = LINE ( 'NONE', #2122, #341 ) ;
#5634 = CARTESIAN_POINT ( 'NONE',  ( -16.15908466481034012, -6.610251930429722478, 759.1292490779284208 ) ) ;
#5635 = VERTEX_POINT ( 'NONE', #1499 ) ;
#5636 = CARTESIAN_POINT ( 'NONE',  ( -22.84598698869436006, 2.659570064782550425, 791.1864175793134564 ) ) ;
#5637 = CARTESIAN_POINT ( 'NONE',  ( -14.98230972275765893, -19.27169925047723353, 764.4086540079209726 ) ) ;
#5638 = CARTESIAN_POINT ( 'NONE',  ( 23.58330349950079707, -10.44884854180693701, 798.3611104527622047 ) ) ;
#5639 = CARTESIAN_POINT ( 'NONE',  ( -27.56209721646714073, -7.562597667597237283, 796.8942908793958395 ) ) ;
#5640 = CARTESIAN_POINT ( 'NONE',  ( -14.84169273336368633, -14.84950265249731594, 767.8351201865031044 ) ) ;
#5641 = DIRECTION ( 'NONE',  ( 0.000000000000000000, 0.000000000000000000, 1.000000000000000000 ) ) ;
#5642 = EDGE_CURVE ( 'NONE', #3434, #4114, #2047, .T. ) ;
#5643 = CARTESIAN_POINT ( 'NONE',  ( 8.348271616287441077, -7.238184714374465756, 811.7355045262626163 ) ) ;
#5644 = CARTESIAN_POINT ( 'NONE',  ( 6.972451154168690657, -33.39247969761409962, 816.4268548184209067 ) ) ;
#5645 = CARTESIAN_POINT ( 'NONE',  ( -211.3708284592619293, 131.4273375556864210, 859.5003222140352364 ) ) ;
#5646 = CARTESIAN_POINT ( 'NONE',  ( 9.521948330042544484, -21.85000000000000142, 908.9931498327478039 ) ) ;
#5647 = CARTESIAN_POINT ( 'NONE',  ( 12.60985887457721688, -5.012525223633670812, 776.7162000049560220 ) ) ;
#5648 = AXIS2_PLACEMENT_3D ( 'NONE', #210, #4122, #3268 ) ;
#5649 = EDGE_CURVE ( 'NONE', #4584, #2358, #1935, .T. ) ;
#5650 = CARTESIAN_POINT ( 'NONE',  ( 140.9084225657159379, 80.95935979564613660, 818.9327634362030039 ) ) ;
#5651 = CARTESIAN_POINT ( 'NONE',  ( -8.234780560375739356, -11.76521943962419847, 700.9422371214551504 ) ) ;
#5652 = CARTESIAN_POINT ( 'NONE',  ( -3.132826188049881111, -24.47414143420752097, 774.1227220247466221 ) ) ;
#5653 = VECTOR ( 'NONE', #1195, 1000.000000000000000 ) ;
#5654 = VERTEX_POINT ( 'NONE', #5451 ) ;
#5655 = CARTESIAN_POINT ( 'NONE',  ( -18.44601606201454658, -10.36716178609970918, 761.6883800415982932 ) ) ;
#5656 = VERTEX_POINT ( 'NONE', #2821 ) ;
ENDSEC;
END-ISO-10303-21;
