ISO-10303-21;
HEADER;
FILE_DESCRIPTION (( 'STEP AP214' ),
    '1' );
FILE_NAME ();
FILE_SCHEMA (( 'AUTOMOTIVE_DESIGN' ));
ENDSEC;

DATA;
#1 = PLANE ( 'NONE',  #318 ) ;
#2 = B_SPLINE_CURVE_WITH_KNOTS ( 'NONE', 3,
 ( #176, #503, #595, #295, #1116, #71, #182, #482, #908, #817, #488, #915, #1244 ),
 .UNSPECIFIED., .F., .F.,
 ( 4, 3, 3, 3, 4 ),
 ( -0.001315478195809869754, 1.734723475976807094E-18, 0.001277052515318890299, 0.006385264688870606262, 0.006685446205716901250 ),
 .UNSPECIFIED. ) ;
#3 = CARTESIAN_POINT ( 'NONE',  ( 142.8898009853465396, 78.12965815504941247, 818.0037412710196350 ) ) ;
#4 =( BOUNDED_CURVE ( )  B_SPLINE_CURVE ( 3, ( #277, #147, #268, #691 ),
 .UNSPECIFIED., .F., .T. ) 
 B_SPLINE_CURVE_WITH_KNOTS ( ( 4, 4 ),
 ( 1.570789513253179503, 4.712382166842922437 ),
 .UNSPECIFIED. ) 
 CURVE ( )  GEOMETRIC_REPRESENTATION_ITEM ( )  RATIONAL_B_SPLINE_CURVE ( ( 1.000000000000000000, 0.3333333333333501347, 0.3333333333333501347, 1.000000000000000000 ) ) 
 REPRESENTATION_ITEM ( '' )  );
#5 = CARTESIAN_POINT ( 'NONE',  ( -0.5798206975061657165, -19.17193218486335127, 750.0603792935643241 ) ) ;
#6 = CARTESIAN_POINT ( 'NONE',  ( 25.10998918207814867, -0.5739973880802123896, 762.9668652857601501 ) ) ;
#7 = VECTOR ( 'NONE', #536, 1000.000000000000114 ) ;
#8 = CARTESIAN_POINT ( 'NONE',  ( -2.557274178348523552, -16.34783593777309108, 762.7989779438968299 ) ) ;
#9 = CARTESIAN_POINT ( 'NONE',  ( 32.94876647423765803, 9.744882978920283989, 800.8557707749624797 ) ) ;
#10 = DIRECTION ( 'NONE',  ( 0.1450182577417027940, 0.1015346249224513553, -0.9842054789846570451 ) ) ;
#11 = CARTESIAN_POINT ( 'NONE',  ( 141.0829054546757391, 80.71017240556770389, 818.0037412710199760 ) ) ;
#12 = CARTESIAN_POINT ( 'NONE',  ( 27.03982623902511762, -3.330090571717743142, 763.5851044958861848 ) ) ;
#13 = CARTESIAN_POINT ( 'NONE',  ( 68.15603386191237689, 33.76181642154921292, 809.9509860136053021 ) ) ;
#14 = CARTESIAN_POINT ( 'NONE',  ( 33.47468433936668220, 10.14512519452490302, 803.3610169424913465 ) ) ;
#15 = EDGE_CURVE ( 'NONE', #403, #294, #994, .T. ) ;
#16 = CARTESIAN_POINT ( 'NONE',  ( 57.43373020416733965, 19.84921815017633762, 854.8227659664311204 ) ) ;
#17 = CARTESIAN_POINT ( 'NONE',  ( -1.513218181583423805, -17.83890242848030994, 753.3783439421060848 ) ) ;
#18 = CARTESIAN_POINT ( 'NONE',  ( -2.691917028413849611, -16.15554601983021499, 764.7453133240687748 ) ) ;
#19 = CARTESIAN_POINT ( 'NONE',  ( 31.78377525128479064, 8.921147453010952688, 799.2938310679056713 ) ) ;
#20 = CARTESIAN_POINT ( 'NONE',  ( 121.8009038560707751, 70.55124235299908264, 830.9957381484956613 ) ) ;
#21 = AXIS2_PLACEMENT_3D ( 'NONE', #802, #141, #561 ) ;
#22 = CARTESIAN_POINT ( 'NONE',  ( 213.6230396702297867, 128.2108466039802579, 850.6627944633122524 ) ) ;
#23 = CARTESIAN_POINT ( 'NONE',  ( 29.19450879890431949, -6.407017400044844990, 798.3610779844410672 ) ) ;
#24 = CARTESIAN_POINT ( 'NONE',  ( 211.4494882497512265, 131.3149997326891878, 858.1703062687954571 ) ) ;
#25 = CARTESIAN_POINT ( 'NONE',  ( 39.34766422215328419, 0.8745173927279750181, 801.1440161876992079 ) ) ;
#26 = EDGE_LOOP ( 'NONE', ( #156, #398, #1367, #777 ) ) ;
#27 = CARTESIAN_POINT ( 'NONE',  ( 124.0122425551804497, 67.39292911454262480, 808.0050218628915673 ) ) ;
#28 = ORIENTED_EDGE ( 'NONE', *, *, #884, .T. ) ;
#29 = CARTESIAN_POINT ( 'NONE',  ( 213.3003725701577196, 128.6716629797893461, 928.9205489852546407 ) ) ;
#30 = CARTESIAN_POINT ( 'NONE',  ( 125.5370044998569625, 65.21550117762781440, 827.7916416120534677 ) ) ;
#31 = CARTESIAN_POINT ( 'NONE',  ( 139.8863350303213053, 82.41905207203608086, 830.3644444181433073 ) ) ;
#32 = LINE ( 'NONE', #258, #871 ) ;
#33 = CARTESIAN_POINT ( 'NONE',  ( 125.0170229086749742, 65.95795974314840748, 809.0367797035340800 ) ) ;
#34 = VECTOR ( 'NONE', #601, 1000.000000000000114 ) ;
#35 = LINE ( 'NONE', #991, #1343 ) ;
#36 = ORIENTED_EDGE ( 'NONE', *, *, #757, .T. ) ;
#37 = CARTESIAN_POINT ( 'NONE',  ( 143.6499075634557130, 77.04411346061067434, 885.6118103790820442 ) ) ;
#38 = LINE ( 'NONE', #899, #270 ) ;
#39 = EDGE_CURVE ( 'NONE', #1242, #386, #1330, .T. ) ;
#40 = CARTESIAN_POINT ( 'NONE',  ( 34.76667832267127523, -2.379203422001749502, 798.3610457040168740 ) ) ;
#41 = CARTESIAN_POINT ( 'NONE',  ( -3.305880049553145295, -15.27871595497676616, 809.3987352442394467 ) ) ;
#42 = LINE ( 'NONE', #1207, #1014 ) ;
#43 = ORIENTED_EDGE ( 'NONE', *, *, #1328, .T. ) ;
#44 = CARTESIAN_POINT ( 'NONE',  ( 123.3790113040390111, 68.29729138633540231, 809.5422094885930164 ) ) ;
#45 = CARTESIAN_POINT ( 'NONE',  ( 25.65953167134854596, 4.743655659588045026, 813.1610615499217829 ) ) ;
#46 = VERTEX_POINT ( 'NONE', #254 ) ;
#47 = CARTESIAN_POINT ( 'NONE',  ( 214.6374178164625448, 126.7621644763555793, 894.2383636223877375 ) ) ;
#48 = DIRECTION ( 'NONE',  ( -0.8062137591066975695, -0.5645173155319818115, -0.1770298706196569150 ) ) ;
#49 = LINE ( 'NONE', #246, #622 ) ;
#50 = CARTESIAN_POINT ( 'NONE',  ( 125.5369863672789421, 65.21584220713180002, 866.2863108907887408 ) ) ;
#51 = CARTESIAN_POINT ( 'NONE',  ( -2.645438023459220744, -16.22192491811152593, 837.6034530541924141 ) ) ;
#52 = PLANE ( 'NONE',  #651 ) ;
#53 = CYLINDRICAL_SURFACE ( 'NONE', #491, 2.200000000000088995 ) ;
#54 = ORIENTED_EDGE ( 'NONE', *, *, #787, .T. ) ;
#55 = CARTESIAN_POINT ( 'NONE',  ( 73.25799894570351967, 26.47545515666472227, 858.2621862796145251 ) ) ;
#56 = CARTESIAN_POINT ( 'NONE',  ( 126.7910567982560082, 63.42470326508865952, 849.5130971690718980 ) ) ;
#57 = CARTESIAN_POINT ( 'NONE',  ( 35.67804635129566293, -1.718894075998428361, 798.3610404201983783 ) ) ;
#58 = CARTESIAN_POINT ( 'NONE',  ( 140.2094179080330036, 81.95764190421947148, 882.2666725340845915 ) ) ;
#59 = DIRECTION ( 'NONE',  ( 0.8062139315781663429, 0.5645170692166460169, 0.1770298706216678064 ) ) ;
#60 = FACE_OUTER_BOUND ( 'NONE', #244, .T. ) ;
#61 = VECTOR ( 'NONE', #790, 1000.000000000000114 ) ;
#62 = CARTESIAN_POINT ( 'NONE',  ( 71.19591579524772840, 29.42041509772473162, 907.8068781377186269 ) ) ;
#63 = EDGE_LOOP ( 'NONE', ( #1024, #894, #298, #1260 ) ) ;
#64 = CARTESIAN_POINT ( 'NONE',  ( 114.8747594194324506, 80.43601785734304599, -0.0006584828550478619971 ) ) ;
#65 = CARTESIAN_POINT ( 'NONE',  ( 211.1434844961741817, 131.7520183834152476, 886.2223378906446669 ) ) ;
#66 = CARTESIAN_POINT ( 'NONE',  ( 38.49653926460347009, 0.2186714860777518865, 811.8120125173672932 ) ) ;
#67 = ADVANCED_FACE ( 'NONE', ( #593 ), #786, .F. ) ;
#68 = CARTESIAN_POINT ( 'NONE',  ( 73.87453788396237542, 25.59494630091126055, 830.0886582262879756 ) ) ;
#69 = ORIENTED_EDGE ( 'NONE', *, *, #107, .F. ) ;
#70 = DIRECTION ( 'NONE',  ( -0.9999999999926026950, 0.000000000000000000, 3.846355708657454250E-06 ) ) ;
#71 = CARTESIAN_POINT ( 'NONE',  ( 27.58664837524357338, 6.059536945689091070, 798.3610505933954755 ) ) ;
#72 = CARTESIAN_POINT ( 'NONE',  ( 27.86874837814155370, -4.513876079112953299, 768.5041336140960766 ) ) ;
#73 = EDGE_CURVE ( 'NONE', #181, #1242, #677, .T. ) ;
#74 = FACE_OUTER_BOUND ( 'NONE', #83, .T. ) ;
#75 = ORIENTED_EDGE ( 'NONE', *, *, #944, .T. ) ;
#76 = CARTESIAN_POINT ( 'NONE',  ( 214.7600552234035547, 126.5870201080806510, 863.5000270594661060 ) ) ;
#77 = VECTOR ( 'NONE', #1258, 1000.000000000000114 ) ;
#78 = DIRECTION ( 'NONE',  ( -0.8062137591066976805, -0.5645173155319819225, -0.1770298706196569427 ) ) ;
#79 = DIRECTION ( 'NONE',  ( 0.5735756964288453164, -0.8191525623875964834, 0.000000000000000000 ) ) ;
#80 = CARTESIAN_POINT ( 'NONE',  ( 81.35151116402613525, 41.01505972370998876, 870.6909774757742753 ) ) ;
#81 = EDGE_LOOP ( 'NONE', ( #252, #185, #75, #1364 ) ) ;
#82 = CARTESIAN_POINT ( 'NONE',  ( 73.51742458391140644, 26.10495694856034632, 799.8966508143795409 ) ) ;
#83 = EDGE_LOOP ( 'NONE', ( #148, #989, #454, #391 ) ) ;
#84 = CYLINDRICAL_SURFACE ( 'NONE', #202, 2.200000000000088995 ) ;
#85 = CARTESIAN_POINT ( 'NONE',  ( 29.12610583684780252, -6.309379318377373203, 792.0506186875737740 ) ) ;
#86 = LINE ( 'NONE', #388, #1122 ) ;
#87 = EDGE_LOOP ( 'NONE', ( #360, #1250, #1232, #732 ) ) ;
#88 = CARTESIAN_POINT ( 'NONE',  ( 214.9154650257126207, 126.3650719086855077, 878.2022096739691506 ) ) ;
#89 = ORIENTED_EDGE ( 'NONE', *, *, #443, .T. ) ;
#90 = DIRECTION ( 'NONE',  ( 0.1450182577416639085, 0.1015346249225078656, -0.9842054789846569340 ) ) ;
#91 = AXIS2_PLACEMENT_3D ( 'NONE', #1156, #1373, #1140 ) ;
#92 = CARTESIAN_POINT ( 'NONE',  ( 57.43373020416733965, 19.84921815017633762, 854.8227659664311204 ) ) ;
#93 = ORIENTED_EDGE ( 'NONE', *, *, #637, .F. ) ;
#94 = DIRECTION ( 'NONE',  ( -0.8062139315781652327, -0.5645170692166481263, -0.1770298706216651141 ) ) ;
#95 = CARTESIAN_POINT ( 'NONE',  ( 2.830492955143695255, -24.04236483026065230, 767.0853760387553848 ) ) ;
#96 = ORIENTED_EDGE ( 'NONE', *, *, #1042, .F. ) ;
#97 = CARTESIAN_POINT ( 'NONE',  ( 70.50980949883370386, 30.40027643736179286, 902.4586354434770783 ) ) ;
#98 = LINE ( 'NONE', #941, #358 ) ;
#99 = CARTESIAN_POINT ( 'NONE',  ( 214.0222077153578084, 127.6407755559756936, 852.8934271288492255 ) ) ;
#100 = ORIENTED_EDGE ( 'NONE', *, *, #39, .F. ) ;
#101 = CARTESIAN_POINT ( 'NONE',  ( 0.7918879325731504881, -21.13093513074207408, 750.5201798300382734 ) ) ;
#102 = VECTOR ( 'NONE', #712, 1000.000000000000000 ) ;
#103 = CARTESIAN_POINT ( 'NONE',  ( 23.98469243462584899, 1.033148332762494626, 769.3584698219940492 ) ) ;
#104 = CARTESIAN_POINT ( 'NONE',  ( 124.4470559631582631, 66.77245375077356471, 869.5376696965355450 ) ) ;
#105 = CARTESIAN_POINT ( 'NONE',  ( 213.8398178447561122, 127.9012552861246661, 851.7099731832515772 ) ) ;
#106 = AXIS2_PLACEMENT_3D ( 'NONE', #167, #694, #1115 ) ;
#107 = EDGE_CURVE ( 'NONE', #405, #1202, #1013, .T. ) ;
#108 = CARTESIAN_POINT ( 'NONE',  ( -0.3293201357298866649, -19.52968406285192060, 749.6643380746803587 ) ) ;
#109 = CARTESIAN_POINT ( 'NONE',  ( 25.45819035979809897, -1.071287563928085884, 762.1848485134539715 ) ) ;
#110 = CARTESIAN_POINT ( 'NONE',  ( 68.56994601869759265, 33.17068859986980556, 797.8903580971820020 ) ) ;
#111 = LINE ( 'NONE', #429, #1301 ) ;
#112 = CARTESIAN_POINT ( 'NONE',  ( 126.0591967749298306, 64.47015681569909873, 879.6981770392811768 ) ) ;
#113 = CARTESIAN_POINT ( 'NONE',  ( 70.49676120809915858, 30.41891132776561690, 783.3151454787862349 ) ) ;
#114 = CARTESIAN_POINT ( 'NONE',  ( 26.00649628573459893, -1.854355016392586375, 761.7045630649578243 ) ) ;
#115 = CARTESIAN_POINT ( 'NONE',  ( 68.68855139764117723, 33.00130256434291454, 795.8869776389777826 ) ) ;
#116 = CARTESIAN_POINT ( 'NONE',  ( 33.47468433936668220, 10.14512519452490302, 803.3610169424913465 ) ) ;
#117 = LINE ( 'NONE', #322, #384 ) ;
#118 = APPLICATION_CONTEXT ( 'automotive_design' ) ;
#119 = CARTESIAN_POINT ( 'NONE',  ( -0.7918901761945780216, -18.86906558158365499, 750.5201798300382734 ) ) ;
#120 = CARTESIAN_POINT ( 'NONE',  ( 68.46892751307335345, 33.31495797732119257, 799.8966508143794272 ) ) ;
#121 = DIRECTION ( 'NONE',  ( 0.8062139315781652327, 0.5645170692166480153, 0.1770298706216656692 ) ) ;
#122 = EDGE_CURVE ( 'NONE', #367, #1310, #1011, .T. ) ;
#123 = CARTESIAN_POINT ( 'NONE',  ( 125.2887483732170466, 65.56990325890757276, 810.0680462422894834 ) ) ;
#124 = EDGE_CURVE ( 'NONE', #441, #727, #440, .T. ) ;
#125 = CARTESIAN_POINT ( 'NONE',  ( 69.56676337616529793, 31.74708587771621282, 786.9630249103825008 ) ) ;
#126 = CARTESIAN_POINT ( 'NONE',  ( 33.45886438673170460, 10.16775776658866803, 808.1610169424386640 ) ) ;
#127 = CARTESIAN_POINT ( 'NONE',  ( 140.4763076335866572, 81.57648387465141582, 822.0533338693740006 ) ) ;
#128 = CARTESIAN_POINT ( 'NONE',  ( 110.3554622526328188, 57.63787841510438881, 866.5189768395293868 ) ) ;
#129 = CARTESIAN_POINT ( 'NONE',  ( 110.6996075250430351, 57.14638677584517978, 866.5189808311451998 ) ) ;
#130 = EDGE_LOOP ( 'NONE', ( #179, #28, #1094, #1255, #1357, #54 ) ) ;
#131 = FACE_OUTER_BOUND ( 'NONE', #1114, .T. ) ;
#132 = CARTESIAN_POINT ( 'NONE',  ( 30.55575088766135394, -5.424861807573026162, 798.3610701034369868 ) ) ;
#133 = CARTESIAN_POINT ( 'NONE',  ( 139.6260281355916106, 82.79080884488594450, 838.7290245237651334 ) ) ;
#134 = CARTESIAN_POINT ( 'NONE',  ( 39.77399323659606267, 1.148759751786654348, 803.0309774272054710 ) ) ;
#135 = AXIS2_PLACEMENT_3D ( 'NONE', #333, #425, #850 ) ;
#136 = VERTEX_POINT ( 'NONE', #979 ) ;
#137 = CARTESIAN_POINT ( 'NONE',  ( 123.2984789541692123, 68.41230660028642774, 809.8937546571784196 ) ) ;
#138 = CARTESIAN_POINT ( 'NONE',  ( 38.08095509649712085, -0.07202197756667425010, 812.2282029721096706 ) ) ;
#139 = ORIENTED_EDGE ( 'NONE', *, *, #225, .T. ) ;
#140 = CARTESIAN_POINT ( 'NONE',  ( 72.80190375009830461, 27.12682660115317290, 871.6649680325500640 ) ) ;
#141 = DIRECTION ( 'NONE',  ( -0.5735754540170368010, 0.8191527320987777028, -6.652693139181252823E-06 ) ) ;
#142 = CARTESIAN_POINT ( 'NONE',  ( 33.27634770367016159, -3.457936552766211147, 798.3610543416481278 ) ) ;
#143 =( BOUNDED_CURVE ( )  B_SPLINE_CURVE ( 3, ( #364, #342, #30, #968 ),
 .UNSPECIFIED., .F., .F. ) 
 B_SPLINE_CURVE_WITH_KNOTS ( ( 4, 4 ),
 ( 4.712396165209939092, 7.853988818799732208 ),
 .UNSPECIFIED. ) 
 CURVE ( )  GEOMETRIC_REPRESENTATION_ITEM ( )  RATIONAL_B_SPLINE_CURVE ( ( 1.000000000000000000, 0.3333333333333333703, 0.3333333333333333703, 1.000000000000000000 ) ) 
 REPRESENTATION_ITEM ( '' )  );
#144 = CARTESIAN_POINT ( 'NONE',  ( 139.8245507601137660, 82.50728915438098454, 868.8797041453207157 ) ) ;
#145 = CARTESIAN_POINT ( 'NONE',  ( 125.5369682346943137, 65.21547578439695769, 818.3631771353648219 ) ) ;
#146 = CARTESIAN_POINT ( 'NONE',  ( 124.6201531055728253, 66.52474221596719417, 808.1285596820498540 ) ) ;
#147 = CARTESIAN_POINT ( 'NONE',  ( 27.23869607741046295, -3.613406027610789106, 849.1724062643763773 ) ) ;
#148 = ORIENTED_EDGE ( 'NONE', *, *, #1112, .T. ) ;
#149 = DIRECTION ( 'NONE',  ( 0.5735778092126427863, -0.8191510829992384446, 0.000000000000000000 ) ) ;
#150 = CARTESIAN_POINT ( 'NONE',  ( 204.8447550133274717, 123.8000756425050497, 897.4275900717107106 ) ) ;
#151 = CARTESIAN_POINT ( 'NONE',  ( 33.96607916509616132, -2.958838783849453424, 798.3610503445042923 ) ) ;
#152 = CARTESIAN_POINT ( 'NONE',  ( 211.1006191684425346, 131.8132364157731331, 883.5493426762909621 ) ) ;
#153 = DIRECTION ( 'NONE',  ( 0.5735756964288457604, -0.8191525623875961504, 0.000000000000000000 ) ) ;
#154 = ADVANCED_FACE ( 'NONE', ( #990, #250 ), #452, .T. ) ;
#155 = CYLINDRICAL_SURFACE ( 'NONE', #1268, 5.000000000000000000 ) ;
#156 = ORIENTED_EDGE ( 'NONE', *, *, #645, .F. ) ;
#157 = CARTESIAN_POINT ( 'NONE',  ( 73.68132358160028161, 25.87088492170400400, 842.1676176908056277 ) ) ;
#158 = AXIS2_PLACEMENT_3D ( 'NONE', #183, #1352, #79 ) ;
#159 = ORIENTED_EDGE ( 'NONE', *, *, #313, .F. ) ;
#160 = CARTESIAN_POINT ( 'NONE',  ( 22.75834350616033674, 2.784796905070825446, 798.3610779844410672 ) ) ;
#161 = CARTESIAN_POINT ( 'NONE',  ( 211.0435957581263438, 131.8946742855543448, 878.2022096740216739 ) ) ;
#162 = LINE ( 'NONE', #357, #172 ) ;
#163 = ADVANCED_FACE ( 'NONE', ( #430 ), #1159, .F. ) ;
#164 = CARTESIAN_POINT ( 'NONE',  ( 27.22543524492587963, 19.06341834013318959, -0.0001560611088152438796 ) ) ;
#165 = CARTESIAN_POINT ( 'NONE',  ( 3.139927754348565081, -24.48428352196173208, 818.8039913659490594 ) ) ;
#166 = VERTEX_POINT ( 'NONE', #514 ) ;
#167 = CARTESIAN_POINT ( 'NONE',  ( 0.000000000000000000, 0.000000000000000000, 0.000000000000000000 ) ) ;
#168 = CARTESIAN_POINT ( 'NONE',  ( 19.44348590232943153, 13.61444922411917702, -0.0001114535706006486042 ) ) ;
#169 = CARTESIAN_POINT ( 'NONE',  ( 68.72835315119739619, 32.94445976933648979, 858.2621862780266611 ) ) ;
#170 = EDGE_CURVE ( 'NONE', #547, #405, #117, .T. ) ;
#171 = FACE_OUTER_BOUND ( 'NONE', #1376, .T. ) ;
#172 = VECTOR ( 'NONE', #153, 1000.000000000000000 ) ;
#173 = CARTESIAN_POINT ( 'NONE',  ( 73.75566015456907110, 25.76472129319046189, 806.5968048697682207 ) ) ;
#174 = EDGE_CURVE ( 'NONE', #784, #46, #203, .T. ) ;
#175 = CARTESIAN_POINT ( 'NONE',  ( 125.5294974567885191, 65.22608916359250486, 811.5203928845164683 ) ) ;
#176 = CARTESIAN_POINT ( 'NONE',  ( 29.38123867238833498, 7.273896548069969548, 798.3610404201981510 ) ) ;
#177 = CARTESIAN_POINT ( 'NONE',  ( 212.4061996458679005, 129.9486742592964958, 923.5905908014401575 ) ) ;
#178 = LINE ( 'NONE', #724, #521 ) ;
#179 = ORIENTED_EDGE ( 'NONE', *, *, #122, .T. ) ;
#180 = CARTESIAN_POINT ( 'NONE',  ( 144.3466783048181981, 76.04902171517794329, 838.7290245237627460 ) ) ;
#181 = VERTEX_POINT ( 'NONE', #223 ) ;
#182 = CARTESIAN_POINT ( 'NONE',  ( 27.23419467934948912, 5.820824972079388537, 798.3610525919668817 ) ) ;
#183 = CARTESIAN_POINT ( 'NONE',  ( 16.57645193400451333, 11.60693428664030691, -9.501921441430638440E-05 ) ) ;
#184 = LINE ( 'NONE', #283, #187 ) ;
#185 = ORIENTED_EDGE ( 'NONE', *, *, #410, .T. ) ;
#186 = CARTESIAN_POINT ( 'NONE',  ( 3.048358069403711124, -24.35350845892973837, 771.7748737198609206 ) ) ;
#187 = VECTOR ( 'NONE', #497, 1000.000000000000000 ) ;
#188 = ORIENTED_EDGE ( 'NONE', *, *, #1008, .T. ) ;
#189 = DIRECTION ( 'NONE',  ( -0.5735896689091627421, 0.8191427785927659633, 0.000000000000000000 ) ) ;
#190 = CARTESIAN_POINT ( 'NONE',  ( 29.19450879890431949, -6.407017400044844990, 798.3610779844410672 ) ) ;
#191 = LINE ( 'NONE', #611, #954 ) ;
#192 = ORIENTED_EDGE ( 'NONE', *, *, #1243, .T. ) ;
#193 = CARTESIAN_POINT ( 'NONE',  ( 73.60294112318396742, 25.98282667345495511, 801.9051208345005080 ) ) ;
#194 = VERTEX_POINT ( 'NONE', #936 ) ;
#195 = CARTESIAN_POINT ( 'NONE',  ( -0.5646298618800245084, -19.19362694648356893, 889.2276786102903543 ) ) ;
#196 = CARTESIAN_POINT ( 'NONE',  ( 48.49146073589756867, 18.20613873424550988, 863.4961358993506337 ) ) ;
#197 = ORIENTED_EDGE ( 'NONE', *, *, #1012, .T. ) ;
#198 = EDGE_CURVE ( 'NONE', #567, #367, #961, .T. ) ;
#199 = CARTESIAN_POINT ( 'NONE',  ( 3.226744235992853760, -24.60827030717438646, 777.2550534968008833 ) ) ;
#200 = ORIENTED_EDGE ( 'NONE', *, *, #354, .T. ) ;
#201 = CARTESIAN_POINT ( 'NONE',  ( 27.66140681800741774, -4.217773677801056387, 766.9645361532918741 ) ) ;
#202 = AXIS2_PLACEMENT_3D ( 'NONE', #1358, #78, #495 ) ;
#203 = LINE ( 'NONE', #518, #7 ) ;
#204 = CARTESIAN_POINT ( 'NONE',  ( 143.4012041031231774, 77.39929881175436321, 821.2320837972766867 ) ) ;
#205 = ORIENTED_EDGE ( 'NONE', *, *, #174, .F. ) ;
#206 = CARTESIAN_POINT ( 'NONE',  ( -1.132305844306395803, -18.38290162370597969, 751.5356442139884621 ) ) ;
#207 = B_SPLINE_CURVE_WITH_KNOTS ( 'NONE', 3,
 ( #1086, #591, #576, #1201, #1208, #682, #1009, #1334, #453, #66, #251, #911, #138, #484, #558, #1316, #664, #1104, #980, #895 ),
 .UNSPECIFIED., .F., .F.,
 ( 4, 2, 2, 2, 2, 2, 2, 2, 2, 4 ),
 ( 0.000000000000000000, 0.0009819025275981695718, 0.001963805055196339144, 0.002945707582794508499, 0.003927610110392678287, 0.004418561374191882010, 0.004909512637991083998, 0.005891415165589306696, 0.006873317693187527659, 0.007855220220785750357 ),
 .UNSPECIFIED. ) ;
#208 =( NAMED_UNIT ( * ) SI_UNIT ( $, .STERADIAN. ) SOLID_ANGLE_UNIT ( ) );
#209 = EDGE_CURVE ( 'NONE', #992, #403, #856, .T. ) ;
#210 = CARTESIAN_POINT ( 'NONE',  ( 29.04387276994452449, -6.191689967924891569, 822.3610779841765179 ) ) ;
#211 = CARTESIAN_POINT ( 'NONE',  ( 72.41958872080397214, 27.67282904818746658, 786.9630249103829556 ) ) ;
#212 = CARTESIAN_POINT ( 'NONE',  ( 142.7927943130709139, 78.26819804069991449, 817.6204110468706858 ) ) ;
#213 = ADVANCED_FACE ( 'NONE', ( #623 ), #1278, .F. ) ;
#214 = CARTESIAN_POINT ( 'NONE',  ( 26.06485805450079596, -1.937704295097876006, 761.7198648638570830 ) ) ;
#215 = CARTESIAN_POINT ( 'NONE',  ( -2.120152111349854707, -16.97211094646022644, 757.7598091910767835 ) ) ;
#216 = CARTESIAN_POINT ( 'NONE',  ( 33.47684814229550909, 10.14203225590036972, 803.0309771285709530 ) ) ;
#217 = CARTESIAN_POINT ( 'NONE',  ( 124.4470562733925618, 66.77253648571686995, 879.6981581910387149 ) ) ;
#218 = CARTESIAN_POINT ( 'NONE',  ( 143.2929483506199233, 77.55390404891036837, 820.4158644909998657 ) ) ;
#219 = CARTESIAN_POINT ( 'NONE',  ( 141.1799121278867517, 80.57163251858062836, 817.6204110468709132 ) ) ;
#220 = CARTESIAN_POINT ( 'NONE',  ( 23.63392952634824340, 1.534122432760120613, 773.2415653453959976 ) ) ;
#221 = CARTESIAN_POINT ( 'NONE',  ( 69.29249676077770914, 32.13877919779746861, 788.9194395436003333 ) ) ;
#222 = CARTESIAN_POINT ( 'NONE',  ( 31.21217394365233488, 8.524235580898837483, 798.8675356234813307 ) ) ;
#223 = CARTESIAN_POINT ( 'NONE',  ( 25.65953167134854596, 4.743655659588045026, 813.1610615499217829 ) ) ;
#224 = CARTESIAN_POINT ( 'NONE',  ( 141.4224043751099771, 80.22531769905835120, 816.8965474350103477 ) ) ;
#225 = EDGE_CURVE ( 'NONE', #300, #441, #98, .T. ) ;
#226 = CARTESIAN_POINT ( 'NONE',  ( 211.0582527681460192, 131.8737419059091280, 870.1803307469306219 ) ) ;
#227 = CARTESIAN_POINT ( 'NONE',  ( 37.47969767135358410, -0.4256652781418255316, 798.8678930208881184 ) ) ;
#228 = EDGE_CURVE ( 'NONE', #567, #612, #648, .T. ) ;
#229 = CARTESIAN_POINT ( 'NONE',  ( 124.9612183507595375, 66.03765570976072752, 808.8712910268006908 ) ) ;
#230 = CARTESIAN_POINT ( 'NONE',  ( 141.9062681934256318, 79.53428855139635800, 816.1794239721257327 ) ) ;
#231 = VECTOR ( 'NONE', #121, 1000.000000000000114 ) ;
#232 = CARTESIAN_POINT ( 'NONE',  ( 68.06841786206658185, 33.88694503708776296, 818.0053656269454905 ) ) ;
#233 = CARTESIAN_POINT ( 'NONE',  ( 30.71563227776477945, 8.182369689460601947, 798.6175106888897517 ) ) ;
#234 = CARTESIAN_POINT ( 'NONE',  ( 122.4907703333562097, 69.56640772261461336, 879.6981353192416009 ) ) ;
#235 = VERTEX_POINT ( 'NONE', #217 ) ;
#236 = B_SPLINE_CURVE_WITH_KNOTS ( 'NONE', 3,
 ( #1312, #1101, #864, #1108 ),
 .UNSPECIFIED., .F., .F.,
 ( 4, 4 ),
 ( 0.005000879650740598301, 0.009801090161539134649 ),
 .UNSPECIFIED. ) ;
#237 = CARTESIAN_POINT ( 'NONE',  ( 214.3974881145579161, 127.1048196018886358, 902.2495147726266396 ) ) ;
#238 = CARTESIAN_POINT ( 'NONE',  ( 32.61478852430429498, 9.574823682094722344, 811.2070225099081426 ) ) ;
#239 = CARTESIAN_POINT ( 'NONE',  ( 68.23069194241521984, 33.65519363269156372, 806.5968048697693575 ) ) ;
#240 = CARTESIAN_POINT ( 'NONE',  ( 39.74537396514792675, 1.133212579535039399, 802.7058395730341545 ) ) ;
#241 = ORIENTED_EDGE ( 'NONE', *, *, #787, .F. ) ;
#242 = CARTESIAN_POINT ( 'NONE',  ( 121.7226978312795893, 70.66298220759773585, 837.0864917760950448 ) ) ;
#243 = DIRECTION ( 'NONE',  ( -0.8062139315781665649, -0.5645170692166461279, -0.1770298706216656692 ) ) ;
#244 = EDGE_LOOP ( 'NONE', ( #516, #559, #1099, #305 ) ) ;
#245 = CARTESIAN_POINT ( 'NONE',  ( 72.21639019993020270, 27.96302661074597395, 886.3986709713019536 ) ) ;
#246 = CARTESIAN_POINT ( 'NONE',  ( 37.60287248619256673, 5.963667198176612949, 870.7892482630692257 ) ) ;
#247 = CARTESIAN_POINT ( 'NONE',  ( 29.89926493864980017, 7.677701999818813405, 813.1286755673463631 ) ) ;
#248 = CARTESIAN_POINT ( 'NONE',  ( -2.335676437523560800, -16.66431030963081739, 846.9976463001044067 ) ) ;
#249 = VECTOR ( 'NONE', #243, 1000.000000000000227 ) ;
#250 = FACE_BOUND ( 'NONE', #81, .T. ) ;
#251 = CARTESIAN_POINT ( 'NONE',  ( 38.39753657262208009, 0.1494652962018110931, 811.9215744666555565 ) ) ;
#252 = ORIENTED_EDGE ( 'NONE', *, *, #1238, .T. ) ;
#253 = CARTESIAN_POINT ( 'NONE',  ( 0.5646276282326618823, -20.80637378008659866, 889.2276783682007135 ) ) ;
#254 = CARTESIAN_POINT ( 'NONE',  ( 123.0132533029969153, 68.81975975554159675, 823.0774137385734548 ) ) ;
#255 = CARTESIAN_POINT ( 'NONE',  ( 35.69939059460618580, -1.749255714136680240, 813.1610404200346238 ) ) ;
#256 = CARTESIAN_POINT ( 'NONE',  ( 25.77854545146138321, 4.573761355023738595, 822.3610615498203060 ) ) ;
#257 = CARTESIAN_POINT ( 'NONE',  ( -3.230440387728940266, -15.38645495764030180, 814.1017675945282690 ) ) ;
#258 = CARTESIAN_POINT ( 'NONE',  ( 165.1137094217925494, 8.694425199951643535, 879.6986336427280548 ) ) ;
#259 = FACE_OUTER_BOUND ( 'NONE', #926, .T. ) ;
#260 = ORIENTED_EDGE ( 'NONE', *, *, #774, .T. ) ;
#261 = CARTESIAN_POINT ( 'NONE',  ( 2.494889368003190722, -23.56307323623044070, 842.3009880572086558 ) ) ;
#262 = EDGE_CURVE ( 'NONE', #792, #547, #1262, .T. ) ;
#263 = DIRECTION ( 'NONE',  ( 0.5735756964288456494, -0.8191525623875961504, -4.235164736224812470E-22 ) ) ;
#264 = CARTESIAN_POINT ( 'NONE',  ( 23.08046853354727901, 2.324625014119090505, 782.6288324013295323 ) ) ;
#265 = CARTESIAN_POINT ( 'NONE',  ( 32.91889508129698783, 9.788512407892195455, 810.6651230996729964 ) ) ;
#266 = CARTESIAN_POINT ( 'NONE',  ( 139.5892396138135609, 82.84334829893383301, 855.4823067221211659 ) ) ;
#267 = LINE ( 'NONE', #689, #940 ) ;
#268 = CARTESIAN_POINT ( 'NONE',  ( 24.71496301312540922, -0.009134753100210868046, 849.1724072190274910 ) ) ;
#269 = CARTESIAN_POINT ( 'NONE',  ( 213.7916031682231619, 127.9701129803114696, 918.2587535237199745 ) ) ;
#270 = VECTOR ( 'NONE', #669, 1000.000000000000114 ) ;
#271 = CARTESIAN_POINT ( 'NONE',  ( 126.6940818368309465, 63.56302503373255064, 828.3688705212903187 ) ) ;
#272 = CARTESIAN_POINT ( 'NONE',  ( 32.43972596116835660, -4.058916584014888862, 813.1610591783405653 ) ) ;
#273 = EDGE_CURVE ( 'NONE', #136, #727, #747, .T. ) ;
#274 = DIRECTION ( 'NONE',  ( -0.8191525623785659294, -0.5735756964225227073, 4.695530338672108700E-06 ) ) ;
#275 = CARTESIAN_POINT ( 'NONE',  ( -1.815050690279014889, -17.40784093281673250, 861.0829855602926273 ) ) ;
#276 = CARTESIAN_POINT ( 'NONE',  ( 107.7992423702097682, 55.11569427739502203, 886.2030904108382856 ) ) ;
#277 = CARTESIAN_POINT ( 'NONE',  ( 27.23867888184980401, -3.613418068079979228, 844.7017913266992082 ) ) ;
#278 = CARTESIAN_POINT ( 'NONE',  ( 144.3940047971112506, 75.98143247954295987, 842.0790406311148217 ) ) ;
#279 = CARTESIAN_POINT ( 'NONE',  ( 126.7557901710478205, 63.47492095711920967, 831.3894010990429706 ) ) ;
#280 = DIRECTION ( 'NONE',  ( 0.5735756964288708515, -0.8191525623875786088, 0.000000000000000000 ) ) ;
#281 = CARTESIAN_POINT ( 'NONE',  ( 211.3216429673855430, 131.4975817178705029, 894.2383636226297767 ) ) ;
#282 =( BOUNDED_CURVE ( )  B_SPLINE_CURVE ( 3, ( #1198, #373, #1093, #1224 ),
 .UNSPECIFIED., .F., .T. ) 
 B_SPLINE_CURVE_WITH_KNOTS ( ( 4, 4 ),
 ( 1.570803511620221693, 4.712396165210014587 ),
 .UNSPECIFIED. ) 
 CURVE ( )  GEOMETRIC_REPRESENTATION_ITEM ( )  RATIONAL_B_SPLINE_CURVE ( ( 1.000000000000000000, 0.3333333333333333703, 0.3333333333333333703, 1.000000000000000000 ) ) 
 REPRESENTATION_ITEM ( '' )  );
#283 = CARTESIAN_POINT ( 'NONE',  ( 54.53336504933406559, 17.81852565172618341, 874.5068755461243200 ) ) ;
#284 = CLOSED_SHELL ( 'NONE', ( #394, #163, #1210, #1188, #494, #374, #450, #67, #213, #1072, #1353, #301, #1167, #154, #1192, #1088, #1280, #655, #1136, #1365, #910, #974, #1249, #472, #306 ) ) ;
#285 = VERTEX_POINT ( 'NONE', #16 ) ;
#286 = AXIS2_PLACEMENT_3D ( 'NONE', #276, #697, #448 ) ;
#287 = CARTESIAN_POINT ( 'NONE',  ( 73.90928618706348630, 25.54532058110029169, 826.0611735747422699 ) ) ;
#288 = ORIENTED_EDGE ( 'NONE', *, *, #803, .T. ) ;
#289 = PLANE ( 'NONE',  #445 ) ;
#290 = CARTESIAN_POINT ( 'NONE',  ( 29.99888279791478851, -5.521563991465737509, 822.3610725060564164 ) ) ;
#291 = EDGE_LOOP ( 'NONE', ( #1307, #887, #549, #1253 ) ) ;
#292 = EDGE_CURVE ( 'NONE', #930, #136, #1056, .T. ) ;
#293 = CARTESIAN_POINT ( 'NONE',  ( 144.1575241769642162, 76.31916180583964149, 832.0353679491400953 ) ) ;
#294 = VERTEX_POINT ( 'NONE', #1151 ) ;
#295 = CARTESIAN_POINT ( 'NONE',  ( 28.29167793443843593, 6.536780481907222828, 798.3610465962684657 ) ) ;
#296 = CARTESIAN_POINT ( 'NONE',  ( 96.65016631427251070, -39.24422675163049945, 864.6652924336013939 ) ) ;
#297 = CARTESIAN_POINT ( 'NONE',  ( 24.46477528987204764, 6.449826725690352092, 798.3610615500848553 ) ) ;
#298 = ORIENTED_EDGE ( 'NONE', *, *, #273, .T. ) ;
#299 = CARTESIAN_POINT ( 'NONE',  ( 143.8076598242195985, 76.81881988384169802, 825.6424232743780749 ) ) ;
#300 = VERTEX_POINT ( 'NONE', #104 ) ;
#301 = ADVANCED_FACE ( 'NONE', ( #855, #636 ), #525, .F. ) ;
#302 = DIRECTION ( 'NONE',  ( -0.5735756964288455384, 0.8191525623875961504, -2.606542947470411156E-22 ) ) ;
#303 = VERTEX_POINT ( 'NONE', #955 ) ;
#304 = CARTESIAN_POINT ( 'NONE',  ( 214.9212023287763031, 126.3568781907503649, 872.8541623529608842 ) ) ;
#305 = ORIENTED_EDGE ( 'NONE', *, *, #225, .F. ) ;
#306 = ADVANCED_FACE ( 'NONE', ( #1062 ), #1, .F. ) ;
#307 = CARTESIAN_POINT ( 'NONE',  ( 27.95917693025351625, -4.643015341554209030, 769.2788670739347481 ) ) ;
#308 = ORIENTED_EDGE ( 'NONE', *, *, #1090, .F. ) ;
#309 = CARTESIAN_POINT ( 'NONE',  ( 28.04417254251913860, -4.763674650416955814, 858.1136607871798105 ) ) ;
#310 = CARTESIAN_POINT ( 'NONE',  ( 214.2510278638189334, 127.3139865170481215, 854.8584957246521299 ) ) ;
#311 = VERTEX_POINT ( 'NONE', #1044 ) ;
#312 = CARTESIAN_POINT ( 'NONE',  ( 70.79043628536511790, 29.99949985153834220, 907.8068778279207436 ) ) ;
#313 = EDGE_CURVE ( 'NONE', #396, #621, #207, .T. ) ;
#314 = DIRECTION ( 'NONE',  ( 0.1450182577416639085, 0.1015346249225078656, -0.9842054789846569340 ) ) ;
#315 = EDGE_CURVE ( 'NONE', #1189, #386, #35, .T. ) ;
#316 = CARTESIAN_POINT ( 'NONE',  ( 143.4963988068396077, 77.26334668538974881, 822.0533338693742280 ) ) ;
#317 = CARTESIAN_POINT ( 'NONE',  ( 71.67109499907110148, 28.74178886493912799, 783.7083636325241969 ) ) ;
#318 = AXIS2_PLACEMENT_3D ( 'NONE', #531, #10, #1172 ) ;
#319 = CARTESIAN_POINT ( 'NONE',  ( 27.29200239780239912, -3.690227163188424697, 764.6819716789569839 ) ) ;
#320 = CARTESIAN_POINT ( 'NONE',  ( 140.3188815055109444, 81.80131168567110933, 823.7061764622445708 ) ) ;
#321 = DIRECTION ( 'NONE',  ( 0.8062139315781647886, 0.5645170692166491255, 0.1770298706216648643 ) ) ;
#322 = CARTESIAN_POINT ( 'NONE',  ( 57.08958493175708782, 20.34070978943563190, 854.8227619748151938 ) ) ;
#323 = CARTESIAN_POINT ( 'NONE',  ( 1.268226016421158509, -21.81121641572496372, 752.0743075446004013 ) ) ;
#324 = CARTESIAN_POINT ( 'NONE',  ( 213.1667062286726662, 128.8625582989496081, 849.5985206030028394 ) ) ;
#325 = CARTESIAN_POINT ( 'NONE',  ( 24.27904261776144779, 0.6127529856375539818, 767.0483478433831124 ) ) ;
#326 = CARTESIAN_POINT ( 'NONE',  ( 211.7080329200018980, 130.9457596772147099, 854.8584957246523572 ) ) ;
#327 = LINE ( 'NONE', #128, #1372 ) ;
#328 = CARTESIAN_POINT ( 'NONE',  ( 54.18921977692381375, 18.31001729098547770, 874.5068715545083933 ) ) ;
#329 = EDGE_CURVE ( 'NONE', #1189, #181, #1177, .T. ) ;
#330 = CARTESIAN_POINT ( 'NONE',  ( 213.5325644091759614, 128.3400586677129809, 850.3677477735935781 ) ) ;
#331 = CARTESIAN_POINT ( 'NONE',  ( 211.5941804628776595, 131.1083578369211580, 856.1807038834534751 ) ) ;
#332 = CARTESIAN_POINT ( 'NONE',  ( 32.10039236261346929, 9.142619484428701426, 799.6004669492452877 ) ) ;
#333 = CARTESIAN_POINT ( 'NONE',  ( 249.1803551891770496, 154.4775234463077140, 881.7240716555444351 ) ) ;
#334 = CARTESIAN_POINT ( 'NONE',  ( 71.96254895591201262, 28.32554947741955687, 784.5780276304290055 ) ) ;
#335 = CARTESIAN_POINT ( 'NONE',  ( 68.38341097380049405, 33.43708825242730853, 801.9051208345003943 ) ) ;
#336 = CARTESIAN_POINT ( 'NONE',  ( 38.74279673038611094, 0.4605277051072571015, 800.0617676022872047 ) ) ;
#337 = ORIENTED_EDGE ( 'NONE', *, *, #690, .T. ) ;
#338 = CARTESIAN_POINT ( 'NONE',  ( 125.1651583291103265, 65.74640418852800394, 809.5446361089148013 ) ) ;
#339 = ORIENTED_EDGE ( 'NONE', *, *, #988, .F. ) ;
#340 = CARTESIAN_POINT ( 'NONE',  ( 70.71123809614225308, 30.11260658761453612, 782.9757322507873596 ) ) ;
#341 = VECTOR ( 'NONE', #59, 999.9999999999998863 ) ;
#342 = CARTESIAN_POINT ( 'NONE',  ( 123.0132714355782468, 68.81977245215703931, 827.7916459769179482 ) ) ;
#343 = CARTESIAN_POINT ( 'NONE',  ( 211.2469535530902647, 131.6042492560212622, 862.1656150637797964 ) ) ;
#344 = CARTESIAN_POINT ( 'NONE',  ( 39.55583714348930613, 1.013138320998334008, 801.7468443290107416 ) ) ;
#345 = CARTESIAN_POINT ( 'NONE',  ( 123.1046856537578691, 68.68908158367528927, 810.9852705304983829 ) ) ;
#346 = EDGE_LOOP ( 'NONE', ( #508, #43, #69, #869 ) ) ;
#347 = CARTESIAN_POINT ( 'NONE',  ( 142.1550200344045436, 79.17903410552875698, 920.1389990660710509 ) ) ;
#348 = SHAPE_DEFINITION_REPRESENTATION ( #449, #773 ) ;
#349 = CARTESIAN_POINT ( 'NONE',  ( 32.07244370703547531, 9.194122723817308440, 811.9263056458297569 ) ) ;
#350 = CARTESIAN_POINT ( 'NONE',  ( -3.139930000797260590, -15.51571718632623664, 818.8039913657747775 ) ) ;
#351 = CARTESIAN_POINT ( 'NONE',  ( 125.1191972397291750, 65.81204214933741525, 809.3731851384064839 ) ) ;
#352 = DIRECTION ( 'NONE',  ( -0.8191525623875962614, -0.5735756964288456494, 0.000000000000000000 ) ) ;
#353 = ORIENTED_EDGE ( 'NONE', *, *, #73, .T. ) ;
#354 = EDGE_CURVE ( 'NONE', #1247, #658, #783, .T. ) ;
#355 = CARTESIAN_POINT ( 'NONE',  ( 2.645435776920376902, -23.77807579004770133, 837.6034530560607436 ) ) ;
#356 = CARTESIAN_POINT ( 'NONE',  ( 68.39466726405066765, 33.42101260394312590, 846.1925104178388892 ) ) ;
#357 = CARTESIAN_POINT ( 'NONE',  ( 21.59783363408407553, 4.442376426021540148, 822.3610779841765179 ) ) ;
#358 = VECTOR ( 'NONE', #1374, 1000.000000000000114 ) ;
#359 = CARTESIAN_POINT ( 'NONE',  ( 25.72780541035233171, 4.646200681461737148, 819.2948307768530185 ) ) ;
#360 = ORIENTED_EDGE ( 'NONE', *, *, #984, .T. ) ;
#361 = CARTESIAN_POINT ( 'NONE',  ( 214.0111110445339477, 127.6566232442946927, 912.9243695892679398 ) ) ;
#362 = DIRECTION ( 'NONE',  ( 0.5735756964288456494, -0.8191525623875962614, 1.508469582613611957E-32 ) ) ;
#363 =( LENGTH_UNIT ( ) NAMED_UNIT ( * ) SI_UNIT ( .MILLI., .METRE. ) );
#364 = CARTESIAN_POINT ( 'NONE',  ( 123.0132533029969153, 68.81975975554159675, 823.0774137385734548 ) ) ;
#365 = CARTESIAN_POINT ( 'NONE',  ( 211.7787530790300252, 130.8447608230638650, 908.4774181482807762 ) ) ;
#366 = CARTESIAN_POINT ( 'NONE',  ( 124.1029108555274689, 67.26402802312759377, 879.6981541674834943 ) ) ;
#367 = VERTEX_POINT ( 'NONE', #886 ) ;
#368 = CARTESIAN_POINT ( 'NONE',  ( 144.0639442490154067, 76.45280779341059940, 872.2274645212778523 ) ) ;
#369 = CARTESIAN_POINT ( 'NONE',  ( 19.44661360944933293, 13.61663926401149638, 813.1610615499217829 ) ) ;
#370 = CARTESIAN_POINT ( 'NONE',  ( 122.4907703333562097, 69.56640772261461336, 879.6981353192416009 ) ) ;
#371 = CARTESIAN_POINT ( 'NONE',  ( 23.20684319935734408, 2.777587886431144515, 822.3610762790320905 ) ) ;
#372 = CARTESIAN_POINT ( 'NONE',  ( 69.43928278596096959, 31.92914702851495790, 878.3634468978600580 ) ) ;
#373 = CARTESIAN_POINT ( 'NONE',  ( 27.23866074926526082, -3.613985626271745577, 772.2092476294942571 ) ) ;
#374 = ADVANCED_FACE ( 'NONE', ( #259 ), #155, .F. ) ;
#375 =( BOUNDED_CURVE ( )  B_SPLINE_CURVE ( 3, ( #1205, #475, #996, #50 ),
 .UNSPECIFIED., .F., .T. ) 
 B_SPLINE_CURVE_WITH_KNOTS ( ( 4, 4 ),
 ( 4.712382166843093856, 7.853974820432886972 ),
 .UNSPECIFIED. ) 
 CURVE ( )  GEOMETRIC_REPRESENTATION_ITEM ( )  RATIONAL_B_SPLINE_CURVE ( ( 1.000000000000000000, 0.3333333333333333703, 0.3333333333333333703, 1.000000000000000000 ) ) 
 REPRESENTATION_ITEM ( '' )  );
#376 = CARTESIAN_POINT ( 'NONE',  ( 250.4422263694449100, 152.6753910637093270, 881.7240716555444351 ) ) ;
#377 = CARTESIAN_POINT ( 'NONE',  ( 73.29780069934463427, 26.41861236153717840, 795.8869776389784647 ) ) ;
#378 = MECHANICAL_DESIGN_GEOMETRIC_PRESENTATION_REPRESENTATION (  '', ( #509 ), #578 ) ;
#379 = CARTESIAN_POINT ( 'NONE',  ( 125.7860565104485175, 64.85969918346940233, 813.3557970048258312 ) ) ;
#380 = PLANE ( 'NONE',  #931 ) ;
#381 = FACE_OUTER_BOUND ( 'NONE', #130, .T. ) ;
#382 = CARTESIAN_POINT ( 'NONE',  ( -1.428785959053088916, -17.95948413879181516, 870.4686297551014604 ) ) ;
#383 = CARTESIAN_POINT ( 'NONE',  ( 40.15908467663684434, 8.485845949904529562, 851.1051330027420363 ) ) ;
#384 = VECTOR ( 'NONE', #94, 1000.000000000000227 ) ;
#385 = CARTESIAN_POINT ( 'NONE',  ( 73.91793423491884596, 25.53296988879317908, 818.0053656269452631 ) ) ;
#386 = VERTEX_POINT ( 'NONE', #566 ) ;
#387 = CARTESIAN_POINT ( 'NONE',  ( 23.15420438076197129, 2.219741998379015868, 834.2863389221173520 ) ) ;
#388 = CARTESIAN_POINT ( 'NONE',  ( 28.15101874664009074, 9.030957219574549555, 813.1610404200351923 ) ) ;
#389 = VERTEX_POINT ( 'NONE', #776 ) ;
#390 = CARTESIAN_POINT ( 'NONE',  ( 214.8923957692268232, 126.3980182213512222, 880.8759552180507626 ) ) ;
#391 = ORIENTED_EDGE ( 'NONE', *, *, #1145, .F. ) ;
#392 = CARTESIAN_POINT ( 'NONE',  ( 23.90913755806801788, 1.141778673249485232, 858.1136124426711831 ) ) ;
#393 = CARTESIAN_POINT ( 'NONE',  ( 141.9352443652392139, 79.49290628937762904, 922.3635608615220463 ) ) ;
#394 = ADVANCED_FACE ( 'NONE', ( #171 ), #53, .F. ) ;
#395 = CARTESIAN_POINT ( 'NONE',  ( 35.67804635129566293, -1.718894075998428361, 798.3610404201983783 ) ) ;
#396 = VERTEX_POINT ( 'NONE', #469 ) ;
#397 = CARTESIAN_POINT ( 'NONE',  ( 214.5095725340860611, 126.9447464615521568, 858.1703062687957981 ) ) ;
#398 = ORIENTED_EDGE ( 'NONE', *, *, #849, .T. ) ;
#399 = CARTESIAN_POINT ( 'NONE',  ( 35.69939059460618580, -1.749255714136680240, 813.1610404200346238 ) ) ;
#400 = EDGE_LOOP ( 'NONE', ( #205, #725, #200, #1134 ) ) ;
#401 = CARTESIAN_POINT ( 'NONE',  ( 214.4328537703757718, 127.0543122110252767, 857.0641459396186974 ) ) ;
#402 = B_SPLINE_CURVE_WITH_KNOTS ( 'NONE', 3,
 ( #929, #290, #918, #1036 ),
 .UNSPECIFIED., .F., .F.,
 ( 4, 4 ),
 ( 0.001370013495628990977, 0.004870015997031076731 ),
 .UNSPECIFIED. ) ;
#403 = VERTEX_POINT ( 'NONE', #1341 ) ;
#404 = CARTESIAN_POINT ( 'NONE',  ( 27.23867888184658526, -3.613972929656261712, 776.9234798678384095 ) ) ;
#405 = VERTEX_POINT ( 'NONE', #383 ) ;
#406 = CARTESIAN_POINT ( 'NONE',  ( 125.5370035628397574, 65.21585424760078809, 870.7569258284663647 ) ) ;
#407 = CARTESIAN_POINT ( 'NONE',  ( 143.5796964708949304, 77.14438529250230658, 822.8784361029634056 ) ) ;
#408 = VECTOR ( 'NONE', #978, 1000.000000000000114 ) ;
#409 = ORIENTED_EDGE ( 'NONE', *, *, #15, .T. ) ;
#410 = EDGE_CURVE ( 'NONE', #194, #389, #674, .T. ) ;
#411 = CARTESIAN_POINT ( 'NONE',  ( 28.97627210572860790, -6.095445806653659204, 785.7421082858567161 ) ) ;
#412 = CARTESIAN_POINT ( 'NONE',  ( 28.26014551520716722, -5.072165356129788805, 852.1596179651074863 ) ) ;
#413 = CARTESIAN_POINT ( 'NONE',  ( 1.513215935008983548, -22.16109827962807799, 753.3783439421064259 ) ) ;
#414 = ORIENTED_EDGE ( 'NONE', *, *, #619, .T. ) ;
#415 = CARTESIAN_POINT ( 'NONE',  ( 0.3293178989757523101, -20.47031665928131972, 749.6643380746800176 ) ) ;
#416 = CARTESIAN_POINT ( 'NONE',  ( 26.37274942328100735, -2.377417426955325652, 761.9834856201591720 ) ) ;
#417 = CARTESIAN_POINT ( 'NONE',  ( 38.16257330922184110, 0.05629656371754325483, 799.3879394583743760 ) ) ;
#418 = CARTESIAN_POINT ( 'NONE',  ( 123.0132533029936468, 68.82011348164249398, 866.2863118454398546 ) ) ;
#419 = CARTESIAN_POINT ( 'NONE',  ( 213.9263880598664684, 127.7776202059729656, 852.2458641094951872 ) ) ;
#420 = CARTESIAN_POINT ( 'NONE',  ( 70.31525709945769620, 30.67812605873735166, 783.7083636325244242 ) ) ;
#421 = VECTOR ( 'NONE', #314, 1000.000000000000000 ) ;
#422 = CARTESIAN_POINT ( 'NONE',  ( 24.89244172528363208, -0.2633011648642323288, 763.6581471144826310 ) ) ;
#423 = CARTESIAN_POINT ( 'NONE',  ( 140.3930099695071760, 81.69544526757059089, 822.8784361029636329 ) ) ;
#424 = CARTESIAN_POINT ( 'NONE',  ( 32.48140390070054195, 9.410977693638916008, 800.0551798866358695 ) ) ;
#425 = DIRECTION ( 'NONE',  ( 0.7645510641367998517, 0.5353463280462892326, 0.3589790792993960422 ) ) ;
#426 = CARTESIAN_POINT ( 'NONE',  ( 69.90733859570929098, 31.26069405677892732, 785.0390244078098476 ) ) ;
#427 = CARTESIAN_POINT ( 'NONE',  ( 25.53934857108701095, -1.187194880576063039, 762.0436224101420066 ) ) ;
#428 = CARTESIAN_POINT ( 'NONE',  ( 68.09915051844950540, 33.84305425513212384, 813.9777505152899266 ) ) ;
#429 = CARTESIAN_POINT ( 'NONE',  ( 149.9160436351482701, -1.947058125960757113, 876.3615072983154732 ) ) ;
#430 = FACE_OUTER_BOUND ( 'NONE', #1355, .T. ) ;
#431 = CARTESIAN_POINT ( 'NONE',  ( 0.9729166022832934635, -21.38947086455179303, 751.0167128472044169 ) ) ;
#432 = CARTESIAN_POINT ( 'NONE',  ( -2.237035931482320272, -16.80518355171764355, 758.9183168595864117 ) ) ;
#433 = CARTESIAN_POINT ( 'NONE',  ( 38.65273492548397627, 0.3981246546510872064, 799.9409684988801246 ) ) ;
#434 = COLOUR_RGB ( '',0.7921568627450980005, 0.8196078431372548767, 0.9333333333333333481 ) ;
#435 = CARTESIAN_POINT ( 'NONE',  ( 122.6555302193921193, 69.33057054373055905, 814.3186627069031829 ) ) ;
#436 = CARTESIAN_POINT ( 'NONE',  ( 142.0664382377058530, 79.30554202191777335, 816.1794239721257327 ) ) ;
#437 = CARTESIAN_POINT ( 'NONE',  ( 29.63147947125486681, 7.492049921027387427, 813.1610388703065837 ) ) ;
#438 = CARTESIAN_POINT ( 'NONE',  ( -3.048360315844401036, -15.64649224936966831, 771.7748737198608069 ) ) ;
#439 = CARTESIAN_POINT ( 'NONE',  ( 33.45245368496400573, 10.12044879596684588, 802.7051385938482326 ) ) ;
#440 = LINE ( 'NONE', #129, #1158 ) ;
#441 = VERTEX_POINT ( 'NONE', #1324 ) ;
#442 = CARTESIAN_POINT ( 'NONE',  ( 142.7048426717444727, 78.39380600195036664, 909.0103295476981202 ) ) ;
#443 = EDGE_CURVE ( 'NONE', #501, #294, #4, .T. ) ;
#444 = VECTOR ( 'NONE', #263, 1000.000000000000114 ) ;
#445 = AXIS2_PLACEMENT_3D ( 'NONE', #1345, #927, #189 ) ;
#446 = CARTESIAN_POINT ( 'NONE',  ( 33.32795958828172189, 10.07603858233246541, 809.4570188833840803 ) ) ;
#447 = CARTESIAN_POINT ( 'NONE',  ( 211.9479497384409399, 130.6031229511783636, 912.9243695729953743 ) ) ;
#448 = DIRECTION ( 'NONE',  ( 0.5735764342484213074, -0.8191520457612654349, 0.000000000000000000 ) ) ;
#449 = PRODUCT_DEFINITION_SHAPE ( 'NONE', 'NONE',  #808 ) ;
#450 = ADVANCED_FACE ( 'NONE', ( #791 ), #1111, .T. ) ;
#451 = ORIENTED_EDGE ( 'NONE', *, *, #757, .F. ) ;
#452 = PLANE ( 'NONE',  #552 ) ;
#453 = CARTESIAN_POINT ( 'NONE',  ( 38.77952321223300203, 0.4163954946116322775, 811.4668722420326503 ) ) ;
#454 = ORIENTED_EDGE ( 'NONE', *, *, #1026, .T. ) ;
#455 = CARTESIAN_POINT ( 'NONE',  ( 142.3884575895159799, 78.84565072649736805, 915.6895921129033695 ) ) ;
#456 = FACE_OUTER_BOUND ( 'NONE', #1001, .T. ) ;
#457 = CARTESIAN_POINT ( 'NONE',  ( 32.35496537904194980, 9.392370364190551157, 811.5810862471822702 ) ) ;
#458 = CARTESIAN_POINT ( 'NONE',  ( -3.035216232012445836, -15.66526394649472564, 823.5053166903571764 ) ) ;
#459 = DIRECTION ( 'NONE',  ( 0.1450182577416639085, 0.1015346249225078656, -0.9842054789846569340 ) ) ;
#460 = CARTESIAN_POINT ( 'NONE',  ( 122.2615272547634504, 69.89330316464496207, 818.8371896328541197 ) ) ;
#461 = DIRECTION ( 'NONE',  ( 0.7645510641367997406, 0.5353463280462892326, 0.3589790792993960422 ) ) ;
#462 = ORIENTED_EDGE ( 'NONE', *, *, #1042, .T. ) ;
#463 = CARTESIAN_POINT ( 'NONE',  ( 143.7632885323729965, 76.88218865584892114, 882.2666725341539404 ) ) ;
#464 = ORIENTED_EDGE ( 'NONE', *, *, #619, .F. ) ;
#465 = CARTESIAN_POINT ( 'NONE',  ( 26.89272740132671657, 5.597644646634962307, 813.1610545066132545 ) ) ;
#466 = CARTESIAN_POINT ( 'NONE',  ( 68.60749033748767545, 33.11706975582532664, 854.2397849133938053 ) ) ;
#467 = DIRECTION ( 'NONE',  ( 0.8191527321169066456, 0.5735754540297268722, 0.000000000000000000 ) ) ;
#468 = B_SPLINE_CURVE_WITH_KNOTS ( 'NONE', 3,
 ( #854, #216, #439, #635, #953, #1180, #9, #1296, #424, #1277, #332, #555, #19, #545, #222, #233, #1083, #1171, #642, #1066 ),
 .UNSPECIFIED., .F., .F.,
 ( 4, 2, 2, 2, 2, 2, 2, 2, 2, 4 ),
 ( 0.000000000000000000, 0.0009819414422971282398, 0.001963882884594256480, 0.002945824326891384286, 0.003927765769188512959, 0.004418736490337082934, 0.004909707211485653776, 0.005891648653782608110, 0.006873590096079563311, 0.007855531538376519379 ),
 .UNSPECIFIED. ) ;
#469 = CARTESIAN_POINT ( 'NONE',  ( 39.79201643285063028, 1.123061907143123594, 808.1610169424386640 ) ) ;
#470 = ORIENTED_EDGE ( 'NONE', *, *, #73, .F. ) ;
#471 = CARTESIAN_POINT ( 'NONE',  ( 0.07175706429472274162, -20.10248166661677516, 898.5981009540910236 ) ) ;
#472 = ADVANCED_FACE ( 'NONE', ( #60 ), #478, .T. ) ;
#473 = CARTESIAN_POINT ( 'NONE',  ( 126.7050420636346360, 63.54759472554081867, 855.5538942185138467 ) ) ;
#474 = CARTESIAN_POINT ( 'NONE',  ( 32.85191987000384728, -3.767024808247646295, 813.1610568067609393 ) ) ;
#475 = CARTESIAN_POINT ( 'NONE',  ( 123.0132361074328884, 68.82010144117350592, 861.8156969077623444 ) ) ;
#476 = CARTESIAN_POINT ( 'NONE',  ( 140.3227988768842067, 81.79571709955214942, 885.6118103777611168 ) ) ;
#477 = FACE_OUTER_BOUND ( 'NONE', #721, .T. ) ;
#478 = PLANE ( 'NONE',  #605 ) ;
#479 = CARTESIAN_POINT ( 'NONE',  ( 214.8155762876421875, 126.5077278108561813, 886.2223378910111933 ) ) ;
#480 = CARTESIAN_POINT ( 'NONE',  ( 125.9453271631522711, 64.63224883043515945, 814.8398957656152106 ) ) ;
#481 = DIRECTION ( 'NONE',  ( 0.8062139315781507998, 0.5645170692166688875, 0.1770298706216657525 ) ) ;
#482 = CARTESIAN_POINT ( 'NONE',  ( 25.82437960439432700, 4.865976880293767515, 798.3610605862542116 ) ) ;
#483 = CARTESIAN_POINT ( 'NONE',  ( 68.16295302311208104, 33.75193483527321092, 834.1156043882566564 ) ) ;
#484 = CARTESIAN_POINT ( 'NONE',  ( 37.74612116038207432, -0.3065461292555636263, 812.5011808692408977 ) ) ;
#485 = CARTESIAN_POINT ( 'NONE',  ( 3.365608941330175963, -24.80658965930871318, 804.6950097304066958 ) ) ;
#486 = CARTESIAN_POINT ( 'NONE',  ( 40.15908467663684434, 8.485845949904529562, 851.1051330027420363 ) ) ;
#487 = PLANE ( 'NONE',  #21 ) ;
#488 = CARTESIAN_POINT ( 'NONE',  ( 22.92388337563595613, 2.897246763601442066, 798.3610770448610765 ) ) ;
#489 = CARTESIAN_POINT ( 'NONE',  ( 28.18540380109304166, -4.966082315551879844, 771.6122191061965623 ) ) ;
#490 = PLANE ( 'NONE',  #779 ) ;
#491 = AXIS2_PLACEMENT_3D ( 'NONE', #806, #1217, #799 ) ;
#492 = ORIENTED_EDGE ( 'NONE', *, *, #122, .F. ) ;
#493 = CARTESIAN_POINT ( 'NONE',  ( 3.132826188049881111, -24.47414143420752097, 774.1227220247466221 ) ) ;
#494 = ADVANCED_FACE ( 'NONE', ( #74 ), #490, .T. ) ;
#495 = DIRECTION ( 'NONE',  ( -0.5735766845163829952, 0.8191518705216962459, 0.000000000000000000 ) ) ;
#496 = CARTESIAN_POINT ( 'NONE',  ( 141.8176863923846440, 79.66079647398652241, 920.1389988083382150 ) ) ;
#497 = DIRECTION ( 'NONE',  ( 0.1450182577416639085, 0.1015346249225078656, -0.9842054789846569340 ) ) ;
#498 = ORIENTED_EDGE ( 'NONE', *, *, #315, .T. ) ;
#499 = PRODUCT_RELATED_PRODUCT_CATEGORY ( 'part', '', ( #666 ) ) ;
#500 = CARTESIAN_POINT ( 'NONE',  ( 73.75881752341092579, 25.76021210317264831, 838.1419576932847804 ) ) ;
#501 = VERTEX_POINT ( 'NONE', #1141 ) ;
#502 = B_SPLINE_CURVE_WITH_KNOTS ( 'NONE', 3,
 ( #23, #132, #581, #142, #1185, #151, #1005, #40, #1294, #57 ),
 .UNSPECIFIED., .F., .F.,
 ( 4, 3, 3, 4 ),
 ( 0.001370033938488566042, 0.006405756013633327403, 0.007682808519746885459, 0.009370958633047724029 ),
 .UNSPECIFIED. ) ;
#503 = CARTESIAN_POINT ( 'NONE',  ( 29.01800728006168839, 7.028256952697408799, 798.3610424788821547 ) ) ;
#504 = CARTESIAN_POINT ( 'NONE',  ( 28.63239278972163859, -5.604398715728177827, 777.8738379175207456 ) ) ;
#505 = CARTESIAN_POINT ( 'NONE',  ( 29.04387276994452449, -6.191689967924891569, 822.3610779841765179 ) ) ;
#506 = EDGE_LOOP ( 'NONE', ( #933, #1037, #814, #1107 ) ) ;
#507 = CARTESIAN_POINT ( 'NONE',  ( 214.9257918303708266, 126.3503237031958264, 875.5282126939301861 ) ) ;
#508 = ORIENTED_EDGE ( 'NONE', *, *, #944, .F. ) ;
#509 = STYLED_ITEM ( 'NONE', ( #723 ), #1194 ) ;
#510 = CARTESIAN_POINT ( 'NONE',  ( 212.6586882202611832, 129.5880832050525271, 928.9205491098502989 ) ) ;
#511 = CARTESIAN_POINT ( 'NONE',  ( 36.20022145290754878, 9.674070591351613402, 860.8048742659162826 ) ) ;
#512 = ORIENTED_EDGE ( 'NONE', *, *, #774, .F. ) ;
#513 = EDGE_CURVE ( 'NONE', #194, #285, #184, .T. ) ;
#514 = CARTESIAN_POINT ( 'NONE',  ( 29.19450879890431949, -6.407017400044844990, 798.3610779844410672 ) ) ;
#515 = CARTESIAN_POINT ( 'NONE',  ( 2.557271931907186602, -23.65216477052539190, 762.7989779438967162 ) ) ;
#516 = ORIENTED_EDGE ( 'NONE', *, *, #754, .F. ) ;
#517 = FACE_BOUND ( 'NONE', #1144, .T. ) ;
#518 = CARTESIAN_POINT ( 'NONE',  ( 247.9184840089091892, 156.2796558289061011, 881.7240716555444351 ) ) ;
#519 = AXIS2_PLACEMENT_3D ( 'NONE', #1320, #362, #1234 ) ;
#520 = CARTESIAN_POINT ( 'NONE',  ( 1.666189051272725763, -22.37956653070527224, 754.3216053108267261 ) ) ;
#521 = VECTOR ( 'NONE', #1146, 999.9999999999998863 ) ;
#522 = ORIENTED_EDGE ( 'NONE', *, *, #1298, .T. ) ;
#523 = CARTESIAN_POINT ( 'NONE',  ( 71.82613253791417662, 28.52037231286980656, 784.1337244893340994 ) ) ;
#524 = CARTESIAN_POINT ( 'NONE',  ( 26.17416049587367155, -2.093804162072086861, 761.7805637844024886 ) ) ;
#525 = PLANE ( 'NONE',  #734 ) ;
#526 = CARTESIAN_POINT ( 'NONE',  ( 143.0642838748404131, 77.88047076420708947, 818.9327634362031176 ) ) ;
#527 = CARTESIAN_POINT ( 'NONE',  ( 142.2209101187737303, 79.08493331287260730, 816.2871264268952700 ) ) ;
#528 = CARTESIAN_POINT ( 'NONE',  ( 25.23162265485890643, -0.7477110399975607224, 762.6350652292460381 ) ) ;
#529 = CARTESIAN_POINT ( 'NONE',  ( -3.226746482433513918, -15.39173040112505930, 777.2550534968034981 ) ) ;
#530 = DIRECTION ( 'NONE',  ( 0.5735756964417675352, -0.8191525623510995668, 6.705925070014915534E-06 ) ) ;
#531 = CARTESIAN_POINT ( 'NONE',  ( -120.5068262373182080, -84.37293064432131473, 817.8520448719575597 ) ) ;
#532 = CARTESIAN_POINT ( 'NONE',  ( 212.5295516507622438, 129.7725093393793543, 850.0847312374963849 ) ) ;
#533 = CARTESIAN_POINT ( 'NONE',  ( 24.79960527976928120, -0.1307137362463817731, 764.0232775715472826 ) ) ;
#534 = CARTESIAN_POINT ( 'NONE',  ( 139.7550608954569782, 82.60653096607924795, 833.7075920478913531 ) ) ;
#535 = CARTESIAN_POINT ( 'NONE',  ( 35.67804635129566293, -1.718894075998428361, 798.3610404201983783 ) ) ;
#536 = DIRECTION ( 'NONE',  ( 0.7645510641367997406, 0.5353463280462892326, 0.3589790792993960422 ) ) ;
#537 = EDGE_CURVE ( 'NONE', #612, #386, #402, .T. ) ;
#538 = CARTESIAN_POINT ( 'NONE',  ( 69.69760219206625607, 31.56022868358292044, 786.1555536891545444 ) ) ;
#539 = CARTESIAN_POINT ( 'NONE',  ( 211.7745375060548838, 130.8507812852072334, 854.2000962085223819 ) ) ;
#540 = CARTESIAN_POINT ( 'NONE',  ( 38.36937067528594980, 0.2010506338511247049, 799.5957378814930507 ) ) ;
#541 = CARTESIAN_POINT ( 'NONE',  ( 124.3837280763410433, 66.86239082825228763, 807.8877842998326742 ) ) ;
#542 = CARTESIAN_POINT ( 'NONE',  ( 212.3360211139833211, 130.0488995897239306, 850.6627944633120251 ) ) ;
#543 = CARTESIAN_POINT ( 'NONE',  ( 125.5369863672789421, 65.21584220713180002, 866.2863108907887408 ) ) ;
#544 = CARTESIAN_POINT ( 'NONE',  ( 139.9703872389797539, 82.29901307777811326, 828.6953401556085055 ) ) ;
#545 = CARTESIAN_POINT ( 'NONE',  ( 31.44822511925108444, 8.687614974558238501, 799.0208513290139081 ) ) ;
#546 = AXIS2_PLACEMENT_3D ( 'NONE', #761, #1080, #149 ) ;
#547 = VERTEX_POINT ( 'NONE', #1252 ) ;
#548 = CARTESIAN_POINT ( 'NONE',  ( 122.2827031072585839, 69.86350930559136430, 873.6170244461796983 ) ) ;
#549 = ORIENTED_EDGE ( 'NONE', *, *, #107, .T. ) ;
#550 = EDGE_CURVE ( 'NONE', #943, #567, #191, .T. ) ;
#551 = CARTESIAN_POINT ( 'NONE',  ( 0.2368115560908972683, -20.33820391007931150, 895.4747572093665440 ) ) ;
#552 = AXIS2_PLACEMENT_3D ( 'NONE', #868, #766, #741 ) ;
#553 = CARTESIAN_POINT ( 'NONE',  ( 22.90916408331385767, 2.569598858367552641, 822.3610779841765179 ) ) ;
#554 = CARTESIAN_POINT ( 'NONE',  ( 139.5787016432977623, 82.85839808052062949, 842.0790406311102743 ) ) ;
#555 = CARTESIAN_POINT ( 'NONE',  ( 31.89291996496827863, 8.997339417383788174, 799.3925362668801426 ) ) ;
#556 = VERTEX_POINT ( 'NONE', #923 ) ;
#557 = CARTESIAN_POINT ( 'NONE',  ( 121.8660967464494291, 70.45811214798810340, 827.9505028404444147 ) ) ;
#558 = CARTESIAN_POINT ( 'NONE',  ( 37.51110340131668153, -0.4713823801699915661, 812.6544984095258997 ) ) ;
#559 = ORIENTED_EDGE ( 'NONE', *, *, #722, .F. ) ;
#560 = CARTESIAN_POINT ( 'NONE',  ( 2.112701772637088027, -23.01725278370677685, 853.2587429767253298 ) ) ;
#561 = DIRECTION ( 'NONE',  ( 0.8191527321169048692, 0.5735754540297295367, 0.000000000000000000 ) ) ;
#562 = CARTESIAN_POINT ( 'NONE',  ( 32.69555078921573710, 9.631564975992993993, 811.0739211091419065 ) ) ;
#563 = CARTESIAN_POINT ( 'NONE',  ( 68.49588141539892661, 33.27646381544099086, 850.2165654198286120 ) ) ;
#564 = LINE ( 'NONE', #987, #408 ) ;
#565 = CARTESIAN_POINT ( 'NONE',  ( 122.9320970802597941, 68.93557310300369068, 812.0868804600147541 ) ) ;
#566 = CARTESIAN_POINT ( 'NONE',  ( 31.90855571367548649, -4.180817412903307329, 822.3610615498203060 ) ) ;
#567 = VERTEX_POINT ( 'NONE', #604 ) ;
#568 = PRODUCT_DEFINITION_FORMATION_WITH_SPECIFIED_SOURCE ( 'ANY', '', #666, .NOT_KNOWN. ) ;
#569 = CARTESIAN_POINT ( 'NONE',  ( 213.0203145806083853, 129.0716272393368342, 934.2462908152377850 ) ) ;
#570 = ORIENTED_EDGE ( 'NONE', *, *, #354, .F. ) ;
#571 = DIRECTION ( 'NONE',  ( 0.5735764342484144240, -0.8191520457612703199, 0.000000000000000000 ) ) ;
#572 = EDGE_CURVE ( 'NONE', #621, #556, #86, .T. ) ;
#573 = CARTESIAN_POINT ( 'NONE',  ( 33.45882697236535819, 10.16781390186279310, 808.4910658963799506 ) ) ;
#574 = CARTESIAN_POINT ( 'NONE',  ( 139.6855095348731197, 82.70586060306338538, 862.1821477919392009 ) ) ;
#575 = DIRECTION ( 'NONE',  ( -0.5735756964288455384, 0.8191525623875961504, -5.863786525100880742E-22 ) ) ;
#576 = CARTESIAN_POINT ( 'NONE',  ( 39.76555863603771002, 1.104430028378156070, 808.8169124845433089 ) ) ;
#577 = ORIENTED_EDGE ( 'NONE', *, *, #704, .F. ) ;
#578 =( GEOMETRIC_REPRESENTATION_CONTEXT ( 3 ) GLOBAL_UNCERTAINTY_ASSIGNED_CONTEXT ( ( #1048 ) ) GLOBAL_UNIT_ASSIGNED_CONTEXT ( ( #1132, #812, #208 ) ) REPRESENTATION_CONTEXT ( 'NONE', 'WORKASPACE' ) );
#579 = CARTESIAN_POINT ( 'NONE',  ( 1.008805746320645680, -21.44072587407241670, 879.8498069073446004 ) ) ;
#580 = CARTESIAN_POINT ( 'NONE',  ( 32.00021020307652009, -4.311764048217749945, 816.2280592525477232 ) ) ;
#581 = CARTESIAN_POINT ( 'NONE',  ( 31.91637717466553426, -4.441852093992273431, 798.3610622225013458 ) ) ;
#582 = CARTESIAN_POINT ( 'NONE',  ( -2.916999360594356272, -15.83409513577375982, 828.2056663184281433 ) ) ;
#583 = LINE ( 'NONE', #1007, #341 ) ;
#584 = DIRECTION ( 'NONE',  ( -0.5735756964288455384, 0.8191525623875961504, 0.000000000000000000 ) ) ;
#585 = CARTESIAN_POINT ( 'NONE',  ( 213.1141242735614014, 128.9376531133328285, 932.4711199944231339 ) ) ;
#586 = CARTESIAN_POINT ( 'NONE',  ( 126.8209775145751053, 63.38194723507910311, 846.4914474682045693 ) ) ;
#587 = APPLICATION_PROTOCOL_DEFINITION ( 'draft international standard', 'automotive_design', 1998, #118 ) ;
#588 = FACE_BOUND ( 'NONE', #706, .T. ) ;
#589 = CARTESIAN_POINT ( 'NONE',  ( 140.9687097585076003, 80.87326076142906572, 902.3287122886565612 ) ) ;
#590 = VECTOR ( 'NONE', #662, 1000.000000000000227 ) ;
#591 = CARTESIAN_POINT ( 'NONE',  ( 39.79205638486770624, 1.123007551558891315, 808.4910659386778207 ) ) ;
#592 = CARTESIAN_POINT ( 'NONE',  ( 73.82339907387516575, 25.66798009060476460, 834.1156043882300537 ) ) ;
#593 = FACE_OUTER_BOUND ( 'NONE', #87, .T. ) ;
#594 = APPLICATION_PROTOCOL_DEFINITION ( 'draft international standard', 'automotive_design', 1998, #983 ) ;
#595 = CARTESIAN_POINT ( 'NONE',  ( 28.65482081178146601, 6.782550915078866538, 798.3610445375725249 ) ) ;
#596 = CARTESIAN_POINT ( 'NONE',  ( 212.1674576172879085, 130.2896332115395239, 918.2587535554339411 ) ) ;
#597 = CARTESIAN_POINT ( 'NONE',  ( 22.75834350616033674, 2.784796905070825446, 798.3610779844410672 ) ) ;
#598 = ORIENTED_EDGE ( 'NONE', *, *, #1112, .F. ) ;
#599 = EDGE_CURVE ( 'NONE', #784, #1247, #1131, .T. ) ;
#600 = CARTESIAN_POINT ( 'NONE',  ( 144.4195682818476030, 75.94492403977176309, 845.4297639899530168 ) ) ;
#601 = DIRECTION ( 'NONE',  ( 0.8062139315781668980, 0.5645170692166454618, 0.1770298706216656692 ) ) ;
#602 = FACE_OUTER_BOUND ( 'NONE', #63, .T. ) ;
#603 = EDGE_CURVE ( 'NONE', #606, #166, #178, .T. ) ;
#604 = CARTESIAN_POINT ( 'NONE',  ( 28.04417254251913860, -4.763674650416955814, 858.1136607871798105 ) ) ;
#605 = AXIS2_PLACEMENT_3D ( 'NONE', #698, #1118, #616 ) ;
#606 = VERTEX_POINT ( 'NONE', #597 ) ;
#607 = CARTESIAN_POINT ( 'NONE',  ( 214.6553182362658276, 126.7366000274932389, 860.8322380219069601 ) ) ;
#608 = VERTEX_POINT ( 'NONE', #395 ) ;
#609 = CARTESIAN_POINT ( 'NONE',  ( 205.1889002857381001, 123.3085840032455707, 897.4275940633266373 ) ) ;
#610 = CARTESIAN_POINT ( 'NONE',  ( 29.17007473467288037, -6.372147704771796484, 795.2056145709159409 ) ) ;
#611 = CARTESIAN_POINT ( 'NONE',  ( 66.81540193636051583, -60.13483507525974403, 858.1141140786380674 ) ) ;
#612 = VERTEX_POINT ( 'NONE', #505 ) ;
#613 = CARTESIAN_POINT ( 'NONE',  ( 73.41640607828637144, 26.24922632601311889, 797.8903580971822294 ) ) ;
#614 = ORIENTED_EDGE ( 'NONE', *, *, #1271, .T. ) ;
#615 = CARTESIAN_POINT ( 'NONE',  ( 70.93174252725187046, 29.79769362384753251, 910.4808309078064212 ) ) ;
#616 = DIRECTION ( 'NONE',  ( -0.9893182699774599742, 0.000000000000000000, -0.1457716045353326384 ) ) ;
#617 = ORIENTED_EDGE ( 'NONE', *, *, #599, .F. ) ;
#618 = CARTESIAN_POINT ( 'NONE',  ( 28.04417254251913860, -4.763674650416955814, 858.1136607871798105 ) ) ;
#619 = EDGE_CURVE ( 'NONE', #992, #501, #1361, .T. ) ;
#620 = CARTESIAN_POINT ( 'NONE',  ( 143.6538249349004559, 77.03851887439050472, 823.7061764622451392 ) ) ;
#621 = VERTEX_POINT ( 'NONE', #399 ) ;
#622 = VECTOR ( 'NONE', #1213, 1000.000000000000000 ) ;
#623 = FACE_OUTER_BOUND ( 'NONE', #1129, .T. ) ;
#624 = CARTESIAN_POINT ( 'NONE',  ( 2.237033685046898590, -23.19481715658928778, 758.9183168595859570 ) ) ;
#625 = EDGE_LOOP ( 'NONE', ( #1344, #139, #823, #1265 ) ) ;
#626 = CARTESIAN_POINT ( 'NONE',  ( 1.132303598753129803, -21.61709908586080076, 751.5356442139875526 ) ) ;
#627 = CARTESIAN_POINT ( 'NONE',  ( 32.02749874329730062, -4.350761305189635664, 813.1610615499217829 ) ) ;
#628 = CARTESIAN_POINT ( 'NONE',  ( 28.45751336841803791, -5.354085161506057844, 846.2037379823422043 ) ) ;
#629 = CARTESIAN_POINT ( 'NONE',  ( 1.382372386768587313, -21.97423432701349100, 752.6280532337591467 ) ) ;
#630 = VECTOR ( 'NONE', #459, 1000.000000000000000 ) ;
#631 = CARTESIAN_POINT ( 'NONE',  ( -0.1124426242604115167, -19.83941724856423861, 749.5127573054589902 ) ) ;
#632 = B_SPLINE_CURVE_WITH_KNOTS ( 'NONE', 3,
 ( #535, #654, #959, #1175, #1289, #227, #647, #417, #540, #433, #336, #756, #1076, #970, #25, #344, #765, #240, #134, #772 ),
 .UNSPECIFIED., .F., .F.,
 ( 4, 2, 2, 2, 2, 2, 2, 2, 2, 4 ),
 ( 8.673617379884035472E-19, 0.0009819397967311702200, 0.001963879593462339573, 0.002945819390193508708, 0.003927759186924678278, 0.004418729085290263280, 0.004909698983655847414, 0.005891638780386730320, 0.006873578577117614094, 0.007855518373848496133 ),
 .UNSPECIFIED. ) ;
#633 = CARTESIAN_POINT ( 'NONE',  ( 25.73039657740859809, -1.460042058228447237, 761.8208524192226605 ) ) ;
#634 = CARTESIAN_POINT ( 'NONE',  ( -2.437208486953515330, -16.51930751561698330, 761.2447133951325213 ) ) ;
#635 = CARTESIAN_POINT ( 'NONE',  ( 33.35140642534933875, 10.04110818137493943, 802.0617107828342114 ) ) ;
#636 = FACE_BOUND ( 'NONE', #683, .T. ) ;
#637 = EDGE_CURVE ( 'NONE', #285, #547, #1246, .T. ) ;
#638 = CARTESIAN_POINT ( 'NONE',  ( 70.02380314179016807, 31.09436544743732611, 784.5780276304295739 ) ) ;
#639 = CARTESIAN_POINT ( 'NONE',  ( 24.58164549121331888, 0.1805748854876230991, 765.1453464393246122 ) ) ;
#640 = EDGE_CURVE ( 'NONE', #1310, #943, #1264, .T. ) ;
#641 = CARTESIAN_POINT ( 'NONE',  ( -2.341272334467070504, -16.65631854056500671, 760.0804356895570209 ) ) ;
#642 = CARTESIAN_POINT ( 'NONE',  ( 29.65464973437065765, 7.458794065339956703, 798.3610388705884588 ) ) ;
#643 = CARTESIAN_POINT ( 'NONE',  ( 93.38943068675658310, 41.38951037216830287, 872.5033407070818612 ) ) ;
#644 = CARTESIAN_POINT ( 'NONE',  ( 212.1192429393656766, 130.3584909077094096, 851.7099731832514635 ) ) ;
#645 = EDGE_CURVE ( 'NONE', #1043, #792, #1231, .T. ) ;
#646 = CARTESIAN_POINT ( 'NONE',  ( 211.1990055604306917, 131.6727260861648574, 863.5000270594648555 ) ) ;
#647 = CARTESIAN_POINT ( 'NONE',  ( 37.71441827588097340, -0.2593998637985439615, 799.0213791850366079 ) ) ;
#648 = B_SPLINE_CURVE_WITH_KNOTS ( 'NONE', 3,
 ( #309, #412, #628, #835, #831, #210 ),
 .UNSPECIFIED., .F., .F.,
 ( 4, 2, 4 ),
 ( 0.03892560102155790541, 0.05682479400917798962, 0.07472398699679808076 ),
 .UNSPECIFIED. ) ;
#649 = CARTESIAN_POINT ( 'NONE',  ( 123.1639156683698673, 68.60448918664708629, 810.6179428196392109 ) ) ;
#650 = CARTESIAN_POINT ( 'NONE',  ( -1.268228263257186628, -18.18878429200983859, 752.0743075445996055 ) ) ;
#651 = AXIS2_PLACEMENT_3D ( 'NONE', #1314, #681, #467 ) ;
#652 = CARTESIAN_POINT ( 'NONE',  ( 27.23867888184980401, -3.613418068079979228, 844.7017913266992082 ) ) ;
#653 = CARTESIAN_POINT ( 'NONE',  ( 211.5262070134546093, 131.2054339832248786, 857.0641459396186974 ) ) ;
#654 = CARTESIAN_POINT ( 'NONE',  ( 35.94530518111247375, -1.525210462759224894, 798.3610388705887999 ) ) ;
#655 = ADVANCED_FACE ( 'NONE', ( #1379 ), #866, .F. ) ;
#656 = EDGE_LOOP ( 'NONE', ( #713, #241, #767, #715, #1087, #896, #1138, #935 ) ) ;
#657 = CARTESIAN_POINT ( 'NONE',  ( 124.5338995836522429, 66.64792420918706739, 808.0016416294323562 ) ) ;
#658 = VERTEX_POINT ( 'NONE', #740 ) ;
#659 = CARTESIAN_POINT ( 'NONE',  ( 25.77854545146138321, 4.573761355023738595, 822.3610615498203060 ) ) ;
#660 = CARTESIAN_POINT ( 'NONE',  ( 29.36000822246127839, 7.304337990090842503, 813.1610404200349649 ) ) ;
#661 = CARTESIAN_POINT ( 'NONE',  ( 140.6797580898405045, 81.28592651108128564, 820.4158644909998657 ) ) ;
#662 = DIRECTION ( 'NONE',  ( 3.053340546571540979E-08, 8.142811577028846718E-06, 0.9999999999668467421 ) ) ;
#663 = DIRECTION ( 'NONE',  ( -0.5735754540170813209, 0.8191527320987465055, -6.652693026095844069E-06 ) ) ;
#664 = CARTESIAN_POINT ( 'NONE',  ( 36.75768513719641106, -1.001168753179311866, 813.0011922699471825 ) ) ;
#665 = ORIENTED_EDGE ( 'NONE', *, *, #537, .T. ) ;
#666 = PRODUCT ( 'V TAIL 1 R', 'V TAIL 1 R', '', ( #1020 ) ) ;
#667 = CARTESIAN_POINT ( 'NONE',  ( 214.1803077050207094, 127.4149853708730689, 908.4774181441997598 ) ) ;
#668 = AXIS2_PLACEMENT_3D ( 'NONE', #842, #1165, #1049 ) ;
#669 = DIRECTION ( 'NONE',  ( -3.053340502417456473E-08, -8.142811577659433948E-06, -0.9999999999668467421 ) ) ;
#670 = CARTESIAN_POINT ( 'NONE',  ( 31.86575694048315910, 9.049214947410369803, 812.1341063900638346 ) ) ;
#671 = CARTESIAN_POINT ( 'NONE',  ( 70.12952788261246440, 30.94337486956851535, 894.4300681264768400 ) ) ;
#672 = CARTESIAN_POINT ( 'NONE',  ( 37.25871952180357027, 6.455153451454371805, 870.7892425824351221 ) ) ;
#673 = CARTESIAN_POINT ( 'NONE',  ( 121.7558820931135415, 70.61568981998780714, 849.2701960248120940 ) ) ;
#674 = LINE ( 'NONE', #1096, #249 ) ;
#675 = ORIENTED_EDGE ( 'NONE', *, *, #1238, .F. ) ;
#676 = CARTESIAN_POINT ( 'NONE',  ( 73.12908895018810540, 26.65955770980924200, 862.2838302956813550 ) ) ;
#677 = LINE ( 'NONE', #369, #444 ) ;
#678 = CARTESIAN_POINT ( 'NONE',  ( 33.26407964238399728, -3.475084844448868449, 813.1610544351829049 ) ) ;
#679 = CARTESIAN_POINT ( 'NONE',  ( 28.12621248691199582, 6.451215676290389389, 813.1610474633173453 ) ) ;
#680 = CARTESIAN_POINT ( 'NONE',  ( -3.365611187767297618, -15.19341104899578632, 804.6950097304380733 ) ) ;
#681 = DIRECTION ( 'NONE',  ( -0.5735754540170341365, 0.8191527320987794791, -6.652693138606626518E-06 ) ) ;
#682 = CARTESIAN_POINT ( 'NONE',  ( 39.37642632949496146, 0.8328615525990409330, 810.3786710242309255 ) ) ;
#683 = EDGE_LOOP ( 'NONE', ( #96, #973 ) ) ;
#684 = CARTESIAN_POINT ( 'NONE',  ( 73.59168483293196061, 25.99890232194162110, 846.1925104178902757 ) ) ;
#685 = CARTESIAN_POINT ( 'NONE',  ( 126.2655427680319775, 64.17541424864226940, 873.6660195509991809 ) ) ;
#686 = CARTESIAN_POINT ( 'NONE',  ( 34.07598454367967378, -2.899998425598428575, 813.1610497634609374 ) ) ;
#687 = CARTESIAN_POINT ( 'NONE',  ( 32.44463453475014347, 9.455323913594874341, 811.4602920000191943 ) ) ;
#688 = CARTESIAN_POINT ( 'NONE',  ( 139.6317860957773007, 82.78258562552318267, 858.8324735322736387 ) ) ;
#689 = CARTESIAN_POINT ( 'NONE',  ( 79.72246221149676160, -51.10113291318467077, 860.9478647678051857 ) ) ;
#690 = EDGE_CURVE ( 'NONE', #136, #981, #111, .T. ) ;
#691 = CARTESIAN_POINT ( 'NONE',  ( 24.71494581756460818, -0.009146793569218825137, 844.7017922813500945 ) ) ;
#692 = CARTESIAN_POINT ( 'NONE',  ( 3.035213985590550223, -24.33473676183152179, 823.5053166900200949 ) ) ;
#693 = CARTESIAN_POINT ( 'NONE',  ( 126.3177222424987605, 64.10044926215837791, 819.3283626344697268 ) ) ;
#694 = DIRECTION ( 'NONE',  ( 0.000000000000000000, 0.000000000000000000, 1.000000000000000000 ) ) ;
#695 = LINE ( 'NONE', #609, #34 ) ;
#696 = CARTESIAN_POINT ( 'NONE',  ( 211.0666650146040126, 131.8617279728986205, 880.8759552179625416 ) ) ;
#697 = DIRECTION ( 'NONE',  ( 0.8062139315781460258, 0.5645170692166756599, 0.1770298706216657247 ) ) ;
#698 = CARTESIAN_POINT ( 'NONE',  ( -120.5068262372271164, -84.37293064445206880, 817.8520448719609703 ) ) ;
#699 = CARTESIAN_POINT ( 'NONE',  ( 3.424372282222407193, -24.89051240747346228, 795.2858572951031420 ) ) ;
#700 = CARTESIAN_POINT ( 'NONE',  ( 125.6917015543764791, 64.99444625159220834, 812.6187982163867218 ) ) ;
#701 = CARTESIAN_POINT ( 'NONE',  ( 23.01210344431748567, 2.422634754727916562, 828.3248860118893617 ) ) ;
#702 = CARTESIAN_POINT ( 'NONE',  ( -2.786639722253719142, -16.02026799342956309, 832.9050382061626578 ) ) ;
#703 = VECTOR ( 'NONE', #530, 1000.000000000000114 ) ;
#704 = EDGE_CURVE ( 'NONE', #1154, #760, #1283, .T. ) ;
#705 = CARTESIAN_POINT ( 'NONE',  ( 24.71494581756800102, -0.009701655126953534491, 776.9234842327028900 ) ) ;
#706 = EDGE_LOOP ( 'NONE', ( #1031, #1149 ) ) ;
#707 = CARTESIAN_POINT ( 'NONE',  ( 3.230438141295272736, -24.61354575066913242, 814.1017675944217444 ) ) ;
#708 = EDGE_CURVE ( 'NONE', #300, #235, #1187, .T. ) ;
#709 = CARTESIAN_POINT ( 'NONE',  ( 32.02749874329730062, -4.350761305189635664, 813.1610615499217829 ) ) ;
#710 = DIRECTION ( 'NONE',  ( 0.5735756964288457604, -0.8191525623875961504, 1.508450774703998526E-32 ) ) ;
#711 = SURFACE_STYLE_USAGE ( .BOTH. , #1245 ) ;
#712 = DIRECTION ( 'NONE',  ( -0.5735754540170471261, 0.8191527320987703753, -6.652693211132081974E-06 ) ) ;
#713 = ORIENTED_EDGE ( 'NONE', *, *, #198, .T. ) ;
#714 = CARTESIAN_POINT ( 'NONE',  ( 73.92484546493854225, 25.52309962941631127, 822.0333090947121946 ) ) ;
#715 = ORIENTED_EDGE ( 'NONE', *, *, #690, .F. ) ;
#716 = CARTESIAN_POINT ( 'NONE',  ( 23.49568886539459456, 1.732148230823506108, 846.2031615955537518 ) ) ;
#717 = PLANE ( 'NONE',  #91 ) ;
#718 = DIRECTION ( 'NONE',  ( -0.9999999999926026950, 0.000000000000000000, 3.846355708657454250E-06 ) ) ;
#719 = EDGE_LOOP ( 'NONE', ( #197, #867, #913, #919 ) ) ;
#720 = CARTESIAN_POINT ( 'NONE',  ( 73.18246587806338255, 26.58332755665815839, 794.2207006091373387 ) ) ;
#721 = EDGE_LOOP ( 'NONE', ( #1325, #337, #192, #833 ) ) ;
#722 = EDGE_CURVE ( 'NONE', #727, #311, #327, .T. ) ;
#723 = PRESENTATION_STYLE_ASSIGNMENT (( #711 ) ) ;
#724 = CARTESIAN_POINT ( 'NONE',  ( 21.59774132154706550, 4.442311788211522838, 798.3610779844410672 ) ) ;
#725 = ORIENTED_EDGE ( 'NONE', *, *, #821, .F. ) ;
#726 = CARTESIAN_POINT ( 'NONE',  ( 73.88720157853474291, 25.57686067074985914, 813.9777505152900403 ) ) ;
#727 = VERTEX_POINT ( 'NONE', #1164 ) ;
#728 = CARTESIAN_POINT ( 'NONE',  ( 107.7992423702097682, 55.11569427739502203, 886.2030904108382856 ) ) ;
#729 = ORIENTED_EDGE ( 'NONE', *, *, #988, .T. ) ;
#730 = CARTESIAN_POINT ( 'NONE',  ( 60.71731756275374181, 18.31218706749311664, 865.3085013781633279 ) ) ;
#731 = CARTESIAN_POINT ( 'NONE',  ( 214.1845232778093759, 127.4089649089977740, 854.2000962085231777 ) ) ;
#732 = ORIENTED_EDGE ( 'NONE', *, *, #572, .T. ) ;
#733 = CARTESIAN_POINT ( 'NONE',  ( 28.11696637592418568, -4.868349736732048072, 770.8327054706705894 ) ) ;
#734 = AXIS2_PLACEMENT_3D ( 'NONE', #1286, #1176, #948 ) ;
#735 = CARTESIAN_POINT ( 'NONE',  ( 123.0132704985544763, 68.82012552211148204, 870.7569267831172510 ) ) ;
#736 = CARTESIAN_POINT ( 'NONE',  ( 72.56368898588200977, 27.46703254184506449, 787.9383018531507332 ) ) ;
#737 = CARTESIAN_POINT ( 'NONE',  ( 71.27511400887473769, 29.30730832679565268, 782.9757322507875870 ) ) ;
#738 = CARTESIAN_POINT ( 'NONE',  ( 27.13393713985094280, -3.464492187397660850, 763.9440086358150666 ) ) ;
#739 = CARTESIAN_POINT ( 'NONE',  ( 140.0690198236962090, 82.15815114851604051, 827.0286419538865630 ) ) ;
#740 = CARTESIAN_POINT ( 'NONE',  ( 125.5369863672756168, 65.21548848101238605, 823.0774093737089743 ) ) ;
#741 = DIRECTION ( 'NONE',  ( -0.9893182699774499822, 0.000000000000000000, -0.1457716045354015832 ) ) ;
#742 = CARTESIAN_POINT ( 'NONE',  ( 72.99754751146228671, 26.84741835332967952, 791.8933060759011369 ) ) ;
#743 = CARTESIAN_POINT ( 'NONE',  ( 141.5733431137044818, 80.00975484039457797, 816.5699116640082593 ) ) ;
#744 = CARTESIAN_POINT ( 'NONE',  ( 24.07378350065943806, 0.9059065385220402833, 768.5863059143482587 ) ) ;
#745 = CARTESIAN_POINT ( 'NONE',  ( -2.830495201584563691, -15.95763587803849681, 767.0853760387554985 ) ) ;
#746 = LINE ( 'NONE', #751, #703 ) ;
#747 = LINE ( 'NONE', #1272, #421 ) ;
#748 = CARTESIAN_POINT ( 'NONE',  ( 142.3993633244665205, 78.83007572286668108, 816.5699116640075772 ) ) ;
#749 = AXIS2_PLACEMENT_3D ( 'NONE', #1329, #481, #571 ) ;
#750 = CARTESIAN_POINT ( 'NONE',  ( -3.313960411766849301, -15.26717600178751155, 781.1729475034453571 ) ) ;
#751 = CARTESIAN_POINT ( 'NONE',  ( 114.8747594194882709, 80.44313626046721311, 869.5375577826179097 ) ) ;
#752 = DIRECTION ( 'NONE',  ( 0.1450182577416639085, 0.1015346249225078656, -0.9842054789846569340 ) ) ;
#753 = CARTESIAN_POINT ( 'NONE',  ( 141.0020060697303848, 80.82570870092412463, 818.3982348205349808 ) ) ;
#754 = EDGE_CURVE ( 'NONE', #311, #300, #746, .T. ) ;
#755 = CARTESIAN_POINT ( 'NONE',  ( 68.31111623048325043, 33.54033584599360296, 803.9151570363178507 ) ) ;
#756 = CARTESIAN_POINT ( 'NONE',  ( 38.91393421130748465, 0.5786435434840088154, 800.3150495067769725 ) ) ;
#757 = EDGE_CURVE ( 'NONE', #760, #1370, #468, .T. ) ;
#758 = ORIENTED_EDGE ( 'NONE', *, *, #513, .F. ) ;
#759 = CARTESIAN_POINT ( 'NONE',  ( 122.8295907818937991, 69.08197360507553242, 812.8265127761943631 ) ) ;
#760 = VERTEX_POINT ( 'NONE', #116 ) ;
#761 = CARTESIAN_POINT ( 'NONE',  ( 249.1803551891770496, 154.4775234463077140, 881.7240716555444351 ) ) ;
#762 = VECTOR ( 'NONE', #1239, 1000.000000000000114 ) ;
#763 = CARTESIAN_POINT ( 'NONE',  ( 33.43230833844489069, 10.14926870620389643, 808.8162166823996131 ) ) ;
#764 = CARTESIAN_POINT ( 'NONE',  ( 139.8151822634453936, 82.52066875422430314, 832.0353679491400953 ) ) ;
#765 = CARTESIAN_POINT ( 'NONE',  ( 39.63693355036166110, 1.065834225625774678, 802.0650676316340650 ) ) ;
#766 = DIRECTION ( 'NONE',  ( -0.1450182577416639362, -0.1015346249225078656, 0.9842054789846570451 ) ) ;
#767 = ORIENTED_EDGE ( 'NONE', *, *, #1152, .F. ) ;
#768 = CARTESIAN_POINT ( 'NONE',  ( 142.0374620751704526, 79.34692427068560505, 922.3635608615222736 ) ) ;
#769 = CARTESIAN_POINT ( 'NONE',  ( 22.82651779991295271, 2.687382191845021584, 792.0647573639340635 ) ) ;
#770 = CARTESIAN_POINT ( 'NONE',  ( 33.04431641074530290, 9.876690029947051030, 810.3780607434511012 ) ) ;
#771 = CARTESIAN_POINT ( 'NONE',  ( 140.6936162622009476, 81.26613498984666251, 895.6439082354277161 ) ) ;
#772 = CARTESIAN_POINT ( 'NONE',  ( 39.77615957505491195, 1.145668595728265959, 803.3610169424913465 ) ) ;
#773 = ADVANCED_BREP_SHAPE_REPRESENTATION ( 'V TAIL 1 R', ( #1194, #106 ), #1045 ) ;
#774 = EDGE_CURVE ( 'NONE', #608, #1047, #632, .T. ) ;
#775 = CARTESIAN_POINT ( 'NONE',  ( 123.5821473987242030, 68.00717693827748178, 808.8726122677602461 ) ) ;
#776 = CARTESIAN_POINT ( 'NONE',  ( 39.05305506360926415, 6.979013447401738013, 860.9471934732222280 ) ) ;
#777 = ORIENTED_EDGE ( 'NONE', *, *, #262, .F. ) ;
#778 = CARTESIAN_POINT ( 'NONE',  ( 1.428783715783761510, -22.04051657403676501, 870.4686296950930000 ) ) ;
#779 = AXIS2_PLACEMENT_3D ( 'NONE', #297, #1126, #718 ) ;
#780 = CARTESIAN_POINT ( 'NONE',  ( 39.77615957505491195, 1.145668595728265959, 803.3610169424913465 ) ) ;
#781 = CARTESIAN_POINT ( 'NONE',  ( 140.0016203972290896, 82.25440750508020926, 875.5745316206250664 ) ) ;
#782 = CARTESIAN_POINT ( 'NONE',  ( 24.71494581756800102, -0.009701655126953534491, 776.9234842327028900 ) ) ;
#783 = LINE ( 'NONE', #376, #1203 ) ;
#784 = VERTEX_POINT ( 'NONE', #782 ) ;
#785 = CARTESIAN_POINT ( 'NONE',  ( 214.7046265276147778, 126.6661804894878571, 891.5668978736304098 ) ) ;
#786 = CYLINDRICAL_SURFACE ( 'NONE', #519, 5.000000000000000000 ) ;
#787 = EDGE_CURVE ( 'NONE', #235, #367, #32, .T. ) ;
#788 = CARTESIAN_POINT ( 'NONE',  ( 24.97084284515662844, 4.009818712191645318, 822.3610661753660906 ) ) ;
#789 = CARTESIAN_POINT ( 'NONE',  ( 140.4816007132894811, 81.56892457342330260, 890.0711930966826912 ) ) ;
#790 = DIRECTION ( 'NONE',  ( 0.5735756964288455384, -0.8191525623875961504, -1.508431966794385096E-32 ) ) ;
#791 = FACE_OUTER_BOUND ( 'NONE', #719, .T. ) ;
#792 = VERTEX_POINT ( 'NONE', #1306 ) ;
#793 = CARTESIAN_POINT ( 'NONE',  ( 214.3070242498395714, 127.2340153899684765, 904.9188924148314754 ) ) ;
#794 = CARTESIAN_POINT ( 'NONE',  ( 31.90855571367548649, -4.180817412903307329, 822.3610615498203060 ) ) ;
#795 = DIRECTION ( 'NONE',  ( 3.846355708643504464E-06, 2.693242084072703045E-06, 0.9999999999889760405 ) ) ;
#796 = CARTESIAN_POINT ( 'NONE',  ( 29.36000822246127839, 7.304337990090842503, 813.1610404200349649 ) ) ;
#797 = CARTESIAN_POINT ( 'NONE',  ( 139.5473877927549040, 82.90311889375672649, 848.7807608943043078 ) ) ;
#798 = PLANE ( 'NONE',  #286 ) ;
#799 = DIRECTION ( 'NONE',  ( -0.5735766845163829952, 0.8191518705216962459, 0.000000000000000000 ) ) ;
#800 = CARTESIAN_POINT ( 'NONE',  ( 144.2176455449522905, 76.23329959398456879, 833.7075920478930584 ) ) ;
#801 = CARTESIAN_POINT ( 'NONE',  ( 126.4757236002536303, 63.87482413302574003, 822.3368601261886397 ) ) ;
#802 = CARTESIAN_POINT ( 'NONE',  ( 54.18921977692381375, 18.31001729098547770, 874.5068715545083933 ) ) ;
#803 = EDGE_CURVE ( 'NONE', #303, #612, #162, .T. ) ;
#804 = FACE_OUTER_BOUND ( 'NONE', #1097, .T. ) ;
#805 = CARTESIAN_POINT ( 'NONE',  ( 68.06150663204707030, 33.89681529646372837, 822.0333090947084429 ) ) ;
#806 = CARTESIAN_POINT ( 'NONE',  ( -20.03077007879717186, -34.02615923401052100, 834.5993639145950738 ) ) ;
#807 = ORIENTED_EDGE ( 'NONE', *, *, #599, .T. ) ;
#808 = PRODUCT_DEFINITION ( 'UNKNOWN', '', #568, #1068 ) ;
#809 = CARTESIAN_POINT ( 'NONE',  ( 214.9008080156877440, 126.3860042883360677, 870.1803307469397168 ) ) ;
#810 = CARTESIAN_POINT ( 'NONE',  ( -21.29263878473326699, -32.22402511886271270, 834.5993639145950738 ) ) ;
#811 = LINE ( 'NONE', #1236, #829 ) ;
#812 =( NAMED_UNIT ( * ) PLANE_ANGLE_UNIT ( ) SI_UNIT ( $, .RADIAN. ) );
#813 = CARTESIAN_POINT ( 'NONE',  ( 27.23867888184658526, -3.613972929656261712, 776.9234798678384095 ) ) ;
#814 = ORIENTED_EDGE ( 'NONE', *, *, #947, .F. ) ;
#815 = CARTESIAN_POINT ( 'NONE',  ( 214.7121072307444365, 126.6554969382243030, 862.1656150637797964 ) ) ;
#816 = ORIENTED_EDGE ( 'NONE', *, *, #198, .F. ) ;
#817 = CARTESIAN_POINT ( 'NONE',  ( 23.00665647235223688, 2.953467037674324835, 798.3610765750714791 ) ) ;
#818 = FILL_AREA_STYLE_COLOUR ( '', #434 ) ;
#819 = CARTESIAN_POINT ( 'NONE',  ( 27.23869701442785995, -3.613960233040801828, 781.6377121061827893 ) ) ;
#820 = ORIENTED_EDGE ( 'NONE', *, *, #228, .T. ) ;
#821 = EDGE_CURVE ( 'NONE', #1247, #784, #282, .T. ) ;
#822 = CARTESIAN_POINT ( 'NONE',  ( 143.9036866167153619, 76.68167941154466405, 827.0286419538870177 ) ) ;
#823 = ORIENTED_EDGE ( 'NONE', *, *, #1243, .F. ) ;
#824 = CARTESIAN_POINT ( 'NONE',  ( 60.78290367374533787, 26.73791355391815472, 866.1873972800016190 ) ) ;
#825 = ORIENTED_EDGE ( 'NONE', *, *, #1145, .T. ) ;
#826 = CARTESIAN_POINT ( 'NONE',  ( 73.07976426732972186, 26.73000065731679342, 792.8900435579064379 ) ) ;
#827 = EDGE_LOOP ( 'NONE', ( #830, #898, #308, #288 ) ) ;
#828 = CARTESIAN_POINT ( 'NONE',  ( 28.37302076375170046, -5.234008441714557591, 773.9551501887685845 ) ) ;
#829 = VECTOR ( 'NONE', #710, 1000.000000000000000 ) ;
#830 = ORIENTED_EDGE ( 'NONE', *, *, #228, .F. ) ;
#831 = CARTESIAN_POINT ( 'NONE',  ( 28.94098233811099163, -6.044698099520477541, 828.3247084693974784 ) ) ;
#832 = CARTESIAN_POINT ( 'NONE',  ( 1.834429621144106903, -22.61983896522023940, 755.4607392153016008 ) ) ;
#833 = ORIENTED_EDGE ( 'NONE', *, *, #124, .T. ) ;
#834 = CARTESIAN_POINT ( 'NONE',  ( 28.87090626734803678, -5.944993302127489443, 782.5909339973568422 ) ) ;
#835 = CARTESIAN_POINT ( 'NONE',  ( 28.79891500056758247, -5.841755717074089027, 834.2867115488917307 ) ) ;
#836 = CARTESIAN_POINT ( 'NONE',  ( 72.17653637867742589, 28.01994376612942617, 785.5131440271468364 ) ) ;
#837 = ORIENTED_EDGE ( 'NONE', *, *, #1090, .T. ) ;
#838 = CARTESIAN_POINT ( 'NONE',  ( 213.0434371741623352, 129.0386047534421436, 849.5127573054589902 ) ) ;
#839 = CARTESIAN_POINT ( 'NONE',  ( 26.68962580211605484, -2.829959947446873958, 762.5598482552285304 ) ) ;
#840 = CARTESIAN_POINT ( 'NONE',  ( 69.17807776111840212, 32.30218646409559113, 789.9065715302253921 ) ) ;
#841 = CARTESIAN_POINT ( 'NONE',  ( 37.60287248619256673, 5.963667198176612949, 870.7892482630692257 ) ) ;
#842 = CARTESIAN_POINT ( 'NONE',  ( 32.24678155853291628, 11.89883570168715998, 813.1610169423835259 ) ) ;
#843 = EDGE_CURVE ( 'NONE', #1047, #760, #42, .T. ) ;
#844 = CARTESIAN_POINT ( 'NONE',  ( 72.07901350088384618, 28.15922086966222793, 785.0390244078100750 ) ) ;
#845 = CARTESIAN_POINT ( 'NONE',  ( 70.16021955816481182, 30.89954261430491655, 784.1337244893333036 ) ) ;
#846 = CARTESIAN_POINT ( 'NONE',  ( 24.64507621517408253, 0.08998314777377494633, 764.7664790369407228 ) ) ;
#847 = CARTESIAN_POINT ( 'NONE',  ( 140.1650466161868849, 82.02101067622555775, 825.6424232743780749 ) ) ;
#848 = CARTESIAN_POINT ( 'NONE',  ( 33.46419517113837827, 10.16011840537655075, 804.9609053076435430 ) ) ;
#849 = EDGE_CURVE ( 'NONE', #1043, #405, #893, .T. ) ;
#850 = DIRECTION ( 'NONE',  ( 0.5735778092126427863, -0.8191510829992384446, 0.000000000000000000 ) ) ;
#851 = CARTESIAN_POINT ( 'NONE',  ( 212.1941964211110587, 130.2514462421564474, 851.2833256139226705 ) ) ;
#852 = CARTESIAN_POINT ( 'NONE',  ( 23.57478391088678293, 1.618597666905922106, 774.0207737915551434 ) ) ;
#853 = CARTESIAN_POINT ( 'NONE',  ( -1.986508815701226727, -17.16297335275526237, 756.6067952899247757 ) ) ;
#854 = CARTESIAN_POINT ( 'NONE',  ( 33.47468433936668220, 10.14512519452490302, 803.3610169424913465 ) ) ;
#855 = FACE_OUTER_BOUND ( 'NONE', #827, .T. ) ;
#856 =( BOUNDED_CURVE ( )  B_SPLINE_CURVE ( 3, ( #960, #406, #735, #418 ),
 .UNSPECIFIED., .F., .T. ) 
 B_SPLINE_CURVE_WITH_KNOTS ( ( 4, 4 ),
 ( 1.570789513253300740, 4.712382166843093856 ),
 .UNSPECIFIED. ) 
 CURVE ( )  GEOMETRIC_REPRESENTATION_ITEM ( )  RATIONAL_B_SPLINE_CURVE ( ( 1.000000000000000000, 0.3333333333333333703, 0.3333333333333333703, 1.000000000000000000 ) ) 
 REPRESENTATION_ITEM ( '' )  );
#857 = CARTESIAN_POINT ( 'NONE',  ( -1.382374633031004718, -18.02576638154051381, 752.6280532337594877 ) ) ;
#858 = VECTOR ( 'NONE', #90, 1000.000000000000000 ) ;
#859 = EDGE_CURVE ( 'NONE', #658, #46, #1004, .T. ) ;
#860 = CARTESIAN_POINT ( 'NONE',  ( 211.3037425475692714, 131.5231461667509905, 860.8322380219070737 ) ) ;
#861 = CARTESIAN_POINT ( 'NONE',  ( 33.45886438673170460, 10.16775776658866803, 808.1610169424386640 ) ) ;
#862 = CARTESIAN_POINT ( 'NONE',  ( 122.0959098969726426, 70.12985455472121998, 821.8709883680967323 ) ) ;
#863 = CARTESIAN_POINT ( 'NONE',  ( 71.48959088528285122, 29.00100360326158722, 783.3151454787861212 ) ) ;
#864 = CARTESIAN_POINT ( 'NONE',  ( 39.79182275492897247, 1.123325410148888981, 806.5610175350552709 ) ) ;
#865 = CARTESIAN_POINT ( 'NONE',  ( -3.132828434490475544, -15.52585927409202249, 774.1227220247444620 ) ) ;
#866 = PLANE ( 'NONE',  #1182 ) ;
#867 = ORIENTED_EDGE ( 'NONE', *, *, #904, .F. ) ;
#868 = CARTESIAN_POINT ( 'NONE',  ( 245.8555189732553004, 65.23048535066675413, 897.4280657406503678 ) ) ;
#869 = ORIENTED_EDGE ( 'NONE', *, *, #849, .F. ) ;
#870 = CARTESIAN_POINT ( 'NONE',  ( 71.85682420903255263, 28.47654006393897674, 894.4300682275213603 ) ) ;
#871 = VECTOR ( 'NONE', #875, 1000.000000000000114 ) ;
#872 = B_SPLINE_SURFACE_WITH_KNOTS ( 'NONE', 3, 3, ( 
 ( #569, #768, #1193, #471 ),
 ( #585, #347, #62, #551 ),
 ( #29, #455, #1184, #253 ),
 ( #1219, #442, #870, #579 ),
 ( #269, #1303, #245, #778 ),
 ( #361, #897, #982, #1002 ),
 ( #667, #1089, #140, #560 ),
 ( #793, #37, #905, #879 ),
 ( #237, #463, #676, #261 ),
 ( #1010, #1311, #55, #355 ),
 ( #1326, #993, #1204, #1098 ),
 ( #47, #368, #888, #1319 ),
 ( #785, #1211, #684, #692 ),
 ( #1106, #1113, #157, #165 ),
 ( #479, #1335, #500, #707 ),
 ( #920, #1128, #592, #1349 ),
 ( #390, #1342, #68, #485 ),
 ( #88, #912, #287, #1226 ),
 ( #507, #1119, #714, #699 ),
 ( #304, #600, #385, #1356 ),
 ( #809, #278, #726, #1137 ),
 ( #1233, #180, #932, #1018 ),
 ( #1025, #1046, #173, #199 ),
 ( #76, #800, #1241, #493 ),
 ( #815, #293, #193, #186 ),
 ( #607, #1032, #82, #937 ),
 ( #1363, #925, #613, #95 ),
 ( #397, #822, #377, #1248 ),
 ( #401, #299, #720, #515 ),
 ( #1143, #1039, #826, #1254 ),
 ( #1148, #620, #742, #1259 ),
 ( #310, #407, #1369, #624 ),
 ( #731, #316, #1153, #1050 ),
 ( #942, #204, #1057, #1166 ),
 ( #99, #218, #736, #832 ),
 ( #419, #1160, #211, #520 ),
 ( #105, #526, #1375, #413 ),
 ( #1263, #1273, #836, #629 ),
 ( #949, #3, #844, #323 ),
 ( #22, #212, #334, #626 ),
 ( #330, #1052, #523, #431 ),
 ( #945, #1155, #317, #101 ),
 ( #1377, #748, #863, #1266 ),
 ( #324, #527, #737, #415 ),
 ( #838, #436, #1161, #1168 ),
 ( #1293, #230, #1279, #631 ),
 ( #1178, #1058, #340, #108 ),
 ( #950, #743, #113, #5 ),
 ( #532, #224, #420, #119 ),
 ( #962, #956, #845, #1274 ),
 ( #542, #219, #638, #206 ),
 ( #1063, #11, #426, #650 ),
 ( #851, #753, #1173, #857 ),
 ( #644, #1067, #538, #17 ),
 ( #1287, #1073, #125, #966 ),
 ( #1170, #661, #1269, #952 ),
 ( #1163, #963, #221, #853 ),
 ( #539, #127, #840, #215 ),
 ( #326, #423, #977, #432 ),
 ( #1065, #320, #1082, #641 ),
 ( #331, #1069, #1288, #634 ),
 ( #653, #847, #1295, #8 ),
 ( #24, #739, #115, #18 ),
 ( #1060, #544, #110, #745 ),
 ( #860, #31, #120, #969 ),
 ( #343, #764, #335, #438 ),
 ( #646, #534, #755, #865 ),
 ( #1186, #958, #239, #529 ),
 ( #1276, #133, #13, #750 ),
 ( #226, #554, #428, #1284 ),
 ( #1179, #1174, #232, #1075 ),
 ( #1313, #797, #805, #1206 ),
 ( #161, #1197, #997, #1016 ),
 ( #696, #266, #986, #680 ),
 ( #152, #688, #483, #41 ),
 ( #65, #574, #1117, #257 ),
 ( #1109, #874, #909, #350 ),
 ( #1332, #144, #356, #458 ),
 ( #281, #1305, #563, #582 ),
 ( #1006, #781, #466, #702 ),
 ( #1125, #1102, #169, #51 ),
 ( #882, #58, #1230, #892 ),
 ( #1322, #476, #1223, #248 ),
 ( #365, #789, #1215, #901 ),
 ( #447, #771, #372, #275 ),
 ( #596, #589, #1340, #382 ),
 ( #177, #1022, #671, #1092 ),
 ( #510, #1237, #97, #195 ),
 ( #1035, #496, #312, #922 ),
 ( #917, #393, #615, #1346 ) ),
 .UNSPECIFIED., .F., .F., .F.,
 ( 4, 1, 1, 1, 1, 1, 1, 1, 1, 1, 1, 1, 1, 1, 1, 1, 1, 1, 1, 1, 1, 1, 1, 1, 1, 1, 1, 1, 1, 1, 1, 1, 1, 1, 1, 1, 1, 1, 1, 1, 1, 1, 1, 2, 1, 1, 1, 1, 1, 1, 1, 1, 1, 1, 1, 1, 1, 1, 1, 1, 1, 1, 1, 1, 1, 1, 1, 1, 1, 1, 1, 1, 1, 1, 1, 1, 1, 1, 1, 1, 1, 1, 1, 1, 1, 1, 4 ),
 ( 4, 4 ),
 ( 0.0008302671343174417018, 0.03205428596913206807, 0.06327830480394658341, 0.09450232363876109876, 0.1257263424735757251, 0.1569503613083903515, 0.1725623707257974981, 0.1881743801432048668, 0.2037863895606123465, 0.2193983989780194932, 0.2350104083954268619, 0.2506224178128341196, 0.2662344272302413772, 0.2818464366476487459, 0.2974584460650561146, 0.3130704554824633723, 0.3286824648998706300, 0.3442944743172778876, 0.3599064837346850343, 0.3755184931520924030, 0.3911305025694997717, 0.4067425119869070294, 0.4145485166956107692, 0.4223545214043141760, 0.4301605261130178048, 0.4379665308217214337, 0.4457725355304250625, 0.4535785402391286913, 0.4574815425934807278, 0.4613845449478324312, 0.4652875473021841346, 0.4691905496565361711, 0.4730935520108879855, 0.4769965543652397999, 0.4808995567195916143, 0.4848025590739434287, 0.4867540602511195580, 0.4887055614282952432, 0.4906570626054710393, 0.4926085637826470576, 0.4945600649598229648, 0.4965115661369988720, 0.4984630673141748902, 0.5004145684913506864, 0.5023660740831813465, 0.5043175796750120066, 0.5062690852668426666, 0.5082205908586733267, 0.5101720964505039868, 0.5121236020423346469, 0.5140751076341653070, 0.5160266132259959670, 0.5199296244096572872, 0.5238326355933186074, 0.5277356467769799275, 0.5316386579606412477, 0.5355416691443025679, 0.5394446803279638880, 0.5433476915116252082, 0.5472507026952865283, 0.5550567250626091687, 0.5628627474299318090, 0.5706687697972544493, 0.5784747921645770896, 0.5862808145318997299, 0.5940868368992223703, 0.6096988816338676509, 0.6253109263685129315, 0.6409229711031582122, 0.6565350158378037149, 0.6721470605724489955, 0.6877591053070942761, 0.7033711500417395568, 0.7189831947763848374, 0.7345952395110301181, 0.7502072842456753987, 0.7658193289803206794, 0.7814313737149659600, 0.7970434184496112406, 0.8126554631842565213, 0.8282675079189018019, 0.8438795526535473046, 0.8751036421228376438, 0.9063277315921284272, 0.9375518210614189885, 0.9687759105307095497, 1.000000000000000000 ),
 ( 0.000000000000000000, 1.000000000000000000 ),
 .UNSPECIFIED. ) ;
#873 = CARTESIAN_POINT ( 'NONE',  ( 31.41669682296312871, 8.734871717090200605, 812.5006550631701430 ) ) ;
#874 = CARTESIAN_POINT ( 'NONE',  ( 139.7499870315779162, 82.61377719466470637, 865.5312440160317919 ) ) ;
#875 = DIRECTION ( 'NONE',  ( 0.5735756964417674242, -0.8191525623510995668, 6.705925192895118523E-06 ) ) ;
#876 = CARTESIAN_POINT ( 'NONE',  ( 121.7266091963361987, 70.65747099054426883, 846.2238087191324212 ) ) ;
#877 = DIRECTION ( 'NONE',  ( 0.5735756964288457604, -0.8191525623875961504, 0.000000000000000000 ) ) ;
#878 = ORIENTED_EDGE ( 'NONE', *, *, #1298, .F. ) ;
#879 = CARTESIAN_POINT ( 'NONE',  ( 2.335674190688112439, -23.33569039810481982, 846.9976463075832953 ) ) ;
#880 = CARTESIAN_POINT ( 'NONE',  ( 32.02749874329730062, -4.350761305189635664, 813.1610615499217829 ) ) ;
#881 = CARTESIAN_POINT ( 'NONE',  ( 25.65953167134854596, 4.743655659588045026, 813.1610615499217829 ) ) ;
#882 = CARTESIAN_POINT ( 'NONE',  ( 211.5615726691639509, 131.1549265925172563, 902.2495147704914871 ) ) ;
#883 = FACE_OUTER_BOUND ( 'NONE', #625, .T. ) ;
#884 = EDGE_CURVE ( 'NONE', #1310, #930, #564, .T. ) ;
#885 = CARTESIAN_POINT ( 'NONE',  ( 124.3289748624026601, 66.94058646978763250, 807.8630916136030464 ) ) ;
#886 = CARTESIAN_POINT ( 'NONE',  ( 126.0591967749298306, 64.47015681569909873, 879.6981770392811768 ) ) ;
#887 = ORIENTED_EDGE ( 'NONE', *, *, #170, .T. ) ;
#888 = CARTESIAN_POINT ( 'NONE',  ( 73.49047068156832552, 26.14345111046564085, 850.2165654201678535 ) ) ;
#889 = CARTESIAN_POINT ( 'NONE',  ( 31.95927446677508499, -4.253276540882513501, 819.2946921224214520 ) ) ;
#890 = CARTESIAN_POINT ( 'NONE',  ( 34.88775702902607634, -2.324725012290701720, 813.1610450917446542 ) ) ;
#891 = CARTESIAN_POINT ( 'NONE',  ( 23.35568692233194454, 2.881576439138890056, 822.3610754264598199 ) ) ;
#892 = CARTESIAN_POINT ( 'NONE',  ( -2.494891614228856191, -16.43692747237605190, 842.3009880612708002 ) ) ;
#893 = LINE ( 'NONE', #672, #630 ) ;
#894 = ORIENTED_EDGE ( 'NONE', *, *, #292, .T. ) ;
#895 = CARTESIAN_POINT ( 'NONE',  ( 35.69939059460618580, -1.749255714136680240, 813.1610404200346238 ) ) ;
#896 = ORIENTED_EDGE ( 'NONE', *, *, #884, .F. ) ;
#897 = CARTESIAN_POINT ( 'NONE',  ( 143.2790901770133303, 77.57369557192400578, 895.6439082580509421 ) ) ;
#898 = ORIENTED_EDGE ( 'NONE', *, *, #550, .F. ) ;
#899 = CARTESIAN_POINT ( 'NONE',  ( 124.1029110541422682, 67.26408099078817315, 886.2029909910078231 ) ) ;
#900 = CARTESIAN_POINT ( 'NONE',  ( 24.71494581756460818, -0.009146793569218825137, 844.7017922813500945 ) ) ;
#901 = CARTESIAN_POINT ( 'NONE',  ( -2.112704018191791988, -16.98274792585794657, 853.2587429934861802 ) ) ;
#902 = CARTESIAN_POINT ( 'NONE',  ( 123.0132533029969153, 68.81975975554159675, 823.0774137385734548 ) ) ;
#903 = CARTESIAN_POINT ( 'NONE',  ( 25.68684327190901229, 4.704675683942758369, 816.2280004163349076 ) ) ;
#904 = EDGE_CURVE ( 'NONE', #1154, #396, #1103, .T. ) ;
#905 = CARTESIAN_POINT ( 'NONE',  ( 72.99279087707191138, 26.85421153125293614, 866.3047283433327266 ) ) ;
#906 = CARTESIAN_POINT ( 'NONE',  ( 126.8290342471161978, 63.37036681704159946, 837.4289492459826079 ) ) ;
#907 = CARTESIAN_POINT ( 'NONE',  ( 22.97556690083660413, 2.474466109063197194, 785.7741965162904307 ) ) ;
#908 = CARTESIAN_POINT ( 'NONE',  ( 24.41521239494517559, 3.910171609047233154, 798.3610685806273750 ) ) ;
#909 = CARTESIAN_POINT ( 'NONE',  ( 68.30502851539033315, 33.54903000416922509, 842.1676176909032847 ) ) ;
#910 = ADVANCED_FACE ( 'NONE', ( #883 ), #52, .T. ) ;
#911 = CARTESIAN_POINT ( 'NONE',  ( 38.19000103802532209, 0.004298458657285003127, 812.1294999088896702 ) ) ;
#912 = CARTESIAN_POINT ( 'NONE',  ( 144.4123756063880535, 75.95519624489288901, 852.1316916243556534 ) ) ;
#913 = ORIENTED_EDGE ( 'NONE', *, *, #704, .T. ) ;
#914 = PLANE ( 'NONE',  #749 ) ;
#915 = CARTESIAN_POINT ( 'NONE',  ( 22.84111238931167165, 2.841023382274322717, 798.3610775146510150 ) ) ;
#916 = VECTOR ( 'NONE', #752, 1000.000000000000000 ) ;
#917 = CARTESIAN_POINT ( 'NONE',  ( 212.9387462032265717, 129.1881189549077646, 934.2462908152374439 ) ) ;
#918 = CARTESIAN_POINT ( 'NONE',  ( 30.95377820669579449, -4.851274637500667453, 822.3610670279377928 ) ) ;
#919 = ORIENTED_EDGE ( 'NONE', *, *, #843, .F. ) ;
#920 = CARTESIAN_POINT ( 'NONE',  ( 214.8584416154030805, 126.4465097784561181, 883.5493426761000819 ) ) ;
#921 = FACE_OUTER_BOUND ( 'NONE', #400, .T. ) ;
#922 = CARTESIAN_POINT ( 'NONE',  ( -0.2368138216544170283, -19.66179677090985933, 895.4747568475032722 ) ) ;
#923 = CARTESIAN_POINT ( 'NONE',  ( 29.36000822246127839, 7.304337990090842503, 813.1610404200349649 ) ) ;
#924 = ORIENTED_EDGE ( 'NONE', *, *, #209, .F. ) ;
#925 = CARTESIAN_POINT ( 'NONE',  ( 144.0023192014290601, 76.54081748228688298, 828.6953401556090739 ) ) ;
#926 = EDGE_LOOP ( 'NONE', ( #260, #1019, #36, #825 ) ) ;
#927 = DIRECTION ( 'NONE',  ( -0.8062048107990182899, -0.5645300948555135312, -0.1770298704934967216 ) ) ;
#928 = FACE_OUTER_BOUND ( 'NONE', #1183, .T. ) ;
#929 = CARTESIAN_POINT ( 'NONE',  ( 29.04387276994452449, -6.191689967924891569, 822.3610779841765179 ) ) ;
#930 = VERTEX_POINT ( 'NONE', #366 ) ;
#931 = AXIS2_PLACEMENT_3D ( 'NONE', #1091, #795, #70 ) ;
#932 = CARTESIAN_POINT ( 'NONE',  ( 73.83031823507215563, 25.65809850433306138, 809.9509860136055295 ) ) ;
#933 = ORIENTED_EDGE ( 'NONE', *, *, #410, .F. ) ;
#934 = CARTESIAN_POINT ( 'NONE',  ( 23.90913755806801788, 1.141778673249485232, 858.1136124426711831 ) ) ;
#935 = ORIENTED_EDGE ( 'NONE', *, *, #550, .T. ) ;
#936 = CARTESIAN_POINT ( 'NONE',  ( 55.98354762675074170, 18.83387190095130137, 864.6648207562772086 ) ) ;
#937 = CARTESIAN_POINT ( 'NONE',  ( 2.948477757734182525, -24.21086459090611953, 769.4288572106158881 ) ) ;
#938 = ORIENTED_EDGE ( 'NONE', *, *, #262, .T. ) ;
#939 = LINE ( 'NONE', #728, #858 ) ;
#940 = VECTOR ( 'NONE', #1110, 1000.000000000000114 ) ;
#941 = CARTESIAN_POINT ( 'NONE',  ( 127.6301000881847898, 69.00124522939491101, 870.2366081142001804 ) ) ;
#942 = CARTESIAN_POINT ( 'NONE',  ( 214.1085528700455995, 127.5174618954162611, 853.5447280509514485 ) ) ;
#943 = VERTEX_POINT ( 'NONE', #1216 ) ;
#944 = EDGE_CURVE ( 'NONE', #389, #1043, #267, .T. ) ;
#945 = CARTESIAN_POINT ( 'NONE',  ( 213.4295091320670110, 128.4872368563015357, 850.0847312374958165 ) ) ;
#946 = CARTESIAN_POINT ( 'NONE',  ( 25.89274275195079156, -1.691897718580110732, 761.7171395098991979 ) ) ;
#947 = EDGE_CURVE ( 'NONE', #1202, #285, #583, .T. ) ;
#948 = DIRECTION ( 'NONE',  ( 0.5735756964288453164, -0.8191525623875964834, 0.000000000000000000 ) ) ;
#949 = CARTESIAN_POINT ( 'NONE',  ( 213.7005884698092473, 128.1000954404366041, 850.9684581342294223 ) ) ;
#950 = CARTESIAN_POINT ( 'NONE',  ( 212.6499250193098192, 129.6005983530235426, 849.8246778492301701 ) ) ;
#951 = CARTESIAN_POINT ( 'NONE',  ( 25.83587789281632041, -1.610685908772611530, 761.7438241984823435 ) ) ;
#952 = CARTESIAN_POINT ( 'NONE',  ( -1.834431867617109413, -17.38016174303301753, 755.4607392153026240 ) ) ;
#953 = CARTESIAN_POINT ( 'NONE',  ( 33.27417331411451329, 9.982958794688251203, 801.7447378855507623 ) ) ;
#954 = VECTOR ( 'NONE', #1347, 1000.000000000000000 ) ;
#955 = CARTESIAN_POINT ( 'NONE',  ( 22.90916408331385767, 2.569598858367552641, 822.3610779841765179 ) ) ;
#956 = CARTESIAN_POINT ( 'NONE',  ( 141.2933579667329411, 80.40961506995914476, 817.2507361314629861 ) ) ;
#957 = CARTESIAN_POINT ( 'NONE',  ( 23.76097522959663166, 1.352669275090049750, 771.6852079050572684 ) ) ;
#958 = CARTESIAN_POINT ( 'NONE',  ( 139.6881303672639660, 82.70211766650818674, 835.9385562427353307 ) ) ;
#959 = CARTESIAN_POINT ( 'NONE',  ( 36.20951656713618405, -1.334483213610306196, 798.3933941179797102 ) ) ;
#960 = CARTESIAN_POINT ( 'NONE',  ( 125.5369863672789421, 65.21584220713180002, 866.2863108907887408 ) ) ;
#961 = B_SPLINE_CURVE_WITH_KNOTS ( 'NONE', 3,
 ( #618, #730, #643, #112 ),
 .UNSPECIFIED., .F., .F.,
 ( 4, 4 ),
 ( 0.03222080226239269762, 0.1541476646854313404 ),
 .UNSPECIFIED. ) ;
#962 = CARTESIAN_POINT ( 'NONE',  ( 212.4264963753010420, 129.9196875256133410, 850.3677477735927823 ) ) ;
#963 = CARTESIAN_POINT ( 'NONE',  ( 140.5715023372566463, 81.44053174835019604, 821.2320837972758909 ) ) ;
#964 = CARTESIAN_POINT ( 'NONE',  ( 124.4470565855221622, 66.77261972610592977, 889.9207193142556207 ) ) ;
#965 = CARTESIAN_POINT ( 'NONE',  ( 122.5840002791180154, 69.43273224313230685, 815.0712975290781515 ) ) ;
#966 = CARTESIAN_POINT ( 'NONE',  ( -1.666191297636890001, -17.62043417770342657, 754.3216053108262713 ) ) ;
#967 = PRESENTATION_LAYER_ASSIGNMENT (  '', '', ( #509 ) ) ;
#968 = CARTESIAN_POINT ( 'NONE',  ( 125.5369863672756168, 65.21548848101238605, 823.0774093737089743 ) ) ;
#969 = CARTESIAN_POINT ( 'NONE',  ( -2.948480004174594438, -15.78913611739368328, 769.4288572106157744 ) ) ;
#970 = CARTESIAN_POINT ( 'NONE',  ( 39.22062075982553608, 0.7886525940813504665, 800.8569515804297225 ) ) ;
#971 = ORIENTED_EDGE ( 'NONE', *, *, #174, .T. ) ;
#972 = CARTESIAN_POINT ( 'NONE',  ( 124.1642764950999123, 67.17580077430795882, 807.8884195591987236 ) ) ;
#973 = ORIENTED_EDGE ( 'NONE', *, *, #443, .F. ) ;
#974 = ADVANCED_FACE ( 'NONE', ( #477 ), #798, .T. ) ;
#975 = CYLINDRICAL_SURFACE ( 'NONE', #546, 2.200000000000069456 ) ;
#976 = CARTESIAN_POINT ( 'NONE',  ( 30.42767327079326378, 8.044850930551529444, 813.0003916927947785 ) ) ;
#977 = CARTESIAN_POINT ( 'NONE',  ( 69.07798701901242566, 32.44513085792647900, 790.8983764812750223 ) ) ;
#978 = DIRECTION ( 'NONE',  ( 0.5735756964417674242, -0.8191525623510995668, 6.705925192895118523E-06 ) ) ;
#979 = CARTESIAN_POINT ( 'NONE',  ( 108.9052796752162635, 56.62253216587936322, 876.3610316293753613 ) ) ;
#980 = CARTESIAN_POINT ( 'NONE',  ( 35.96863077505237527, -1.558357426723568251, 813.1610388703063563 ) ) ;
#981 = VERTEX_POINT ( 'NONE', #1214 ) ;
#982 = CARTESIAN_POINT ( 'NONE',  ( 72.54706930949269861, 27.49076789955331179, 878.3634469268341718 ) ) ;
#983 = APPLICATION_CONTEXT ( 'automotive_design' ) ;
#984 = EDGE_CURVE ( 'NONE', #556, #1154, #1371, .T. ) ;
#985 = CARTESIAN_POINT ( 'NONE',  ( 31.18095826322186426, 8.570082250691147152, 812.6541425615639582 ) ) ;
#986 = CARTESIAN_POINT ( 'NONE',  ( 68.11181421302313765, 33.82496862496901713, 830.0886582262795628 ) ) ;
#987 = CARTESIAN_POINT ( 'NONE',  ( 165.1137094217925494, 8.694425199951643535, 879.6986336427280548 ) ) ;
#988 = EDGE_CURVE ( 'NONE', #1189, #303, #1135, .T. ) ;
#989 = ORIENTED_EDGE ( 'NONE', *, *, #603, .T. ) ;
#990 = FACE_OUTER_BOUND ( 'NONE', #656, .T. ) ;
#991 = CARTESIAN_POINT ( 'NONE',  ( 24.46486760240905411, 6.449891363500369401, 822.3610615498203060 ) ) ;
#992 = VERTEX_POINT ( 'NONE', #543 ) ;
#993 = CARTESIAN_POINT ( 'NONE',  ( 143.9710860432392678, 76.58542305489930868, 875.5745316195200303 ) ) ;
#994 = LINE ( 'NONE', #810, #1054 ) ;
#995 = FACE_OUTER_BOUND ( 'NONE', #1147, .T. ) ;
#996 = CARTESIAN_POINT ( 'NONE',  ( 125.5369691717181553, 65.21583016666282617, 861.8156959531113444 ) ) ;
#997 = CARTESIAN_POINT ( 'NONE',  ( 68.07706590992322049, 33.87459434477887754, 826.0611735747471585 ) ) ;
#998 = CARTESIAN_POINT ( 'NONE',  ( 27.22854372026716518, 19.06559491381504046, 808.1610169424385504 ) ) ;
#999 = EDGE_CURVE ( 'NONE', #46, #658, #143, .T. ) ;
#1000 = DIRECTION ( 'NONE',  ( 0.5735756964288456494, -0.8191525623875961504, 4.235164736469033647E-22 ) ) ;
#1001 = EDGE_LOOP ( 'NONE', ( #675, #938, #93, #758 ) ) ;
#1002 = CARTESIAN_POINT ( 'NONE',  ( 1.815048441972069604, -22.59215977281738219, 861.0829855956174015 ) ) ;
#1003 = CARTESIAN_POINT ( 'NONE',  ( 126.0591967749298306, 64.47015681569909873, 879.6981770392811768 ) ) ;
#1004 =( BOUNDED_CURVE ( )  B_SPLINE_CURVE ( 3, ( #1323, #145, #1333, #902 ),
 .UNSPECIFIED., .F., .T. ) 
 B_SPLINE_CURVE_WITH_KNOTS ( ( 4, 4 ),
 ( 1.570803511620145754, 4.712396165209939092 ),
 .UNSPECIFIED. ) 
 CURVE ( )  GEOMETRIC_REPRESENTATION_ITEM ( )  RATIONAL_B_SPLINE_CURVE ( ( 1.000000000000000000, 0.3333333333333333703, 0.3333333333333333703, 1.000000000000000000 ) ) 
 REPRESENTATION_ITEM ( '' )  );
#1005 = CARTESIAN_POINT ( 'NONE',  ( 34.31088097556994398, -2.709201596139868773, 798.3610483459406169 ) ) ;
#1006 = CARTESIAN_POINT ( 'NONE',  ( 211.3957504569704895, 131.3917452543351203, 896.9092783278562138 ) ) ;
#1007 = CARTESIAN_POINT ( 'NONE',  ( 40.50323764102584079, 7.994359696626769818, 851.1051386833761399 ) ) ;
#1008 = EDGE_CURVE ( 'NONE', #556, #181, #1318, .T. ) ;
#1009 = CARTESIAN_POINT ( 'NONE',  ( 39.25053048815578194, 0.7450655569897293162, 810.6662967830907291 ) ) ;
#1010 = CARTESIAN_POINT ( 'NONE',  ( 214.4831252832698283, 126.9825170500895268, 899.5796527267220881 ) ) ;
#1011 = B_SPLINE_CURVE_WITH_KNOTS ( 'NONE', 3,
 ( #1003, #685, #1327, #1227, #473, #56, #586, #1220, #906, #279, #271, #801, #693, #1121, #480, #379, #700, #175, #1085, #1071, #123, #338, #351, #33, #229, #1190, #1200, #146, #657, #541, #885, #1290, #972, #27, #1315, #1308, #775, #44, #137, #649, #345, #565, #759, #435, #965, #460, #862, #557, #20, #242, #1181, #876, #673, #1095, #1077, #1300, #548, #234 ),
 .UNSPECIFIED., .F., .F.,
 ( 4, 2, 2, 2, 2, 2, 2, 2, 2, 2, 2, 2, 2, 2, 2, 2, 2, 2, 2, 2, 2, 2, 2, 2, 2, 2, 2, 2, 4 ),
 ( 0.03504434385232535476, 0.05317362365909349131, 0.06223826356247756653, 0.07130290346586162786, 0.08036754336924570308, 0.08943218327262977829, 0.09849682317601383963, 0.1007629831518598446, 0.1030291431277058634, 0.1041622231156288658, 0.1052953031035518683, 0.1058618430975133834, 0.1064283830914748985, 0.1069949230854364136, 0.1075614630793979426, 0.1078447330763786377, 0.1081280030733593467, 0.1086945430673209173, 0.1098276230552440724, 0.1109607030431672275, 0.1120937830310903688, 0.1143599430069366651, 0.1166261029827829615, 0.1256907428861678278, 0.1347553827895526801, 0.1438200226929375325, 0.1528846625963223849, 0.1619493024997072372, 0.1800785823064769697 ),
 .UNSPECIFIED. ) ;
#1012 = EDGE_CURVE ( 'NONE', #1047, #396, #236, .T. ) ;
#1013 = LINE ( 'NONE', #486, #1120 ) ;
#1014 = VECTOR ( 'NONE', #575, 1000.000000000000114 ) ;
#1015 = PLANE ( 'NONE',  #1235 ) ;
#1016 = CARTESIAN_POINT ( 'NONE',  ( -3.406199014178344697, -15.13544562560885431, 799.9906555251097870 ) ) ;
#1017 = DIRECTION ( 'NONE',  ( -0.8191525623785659294, -0.5735756964225225962, 4.695530338561996958E-06 ) ) ;
#1018 = CARTESIAN_POINT ( 'NONE',  ( 3.313958165326105654, -24.73282470651181697, 781.1729475034481993 ) ) ;
#1019 = ORIENTED_EDGE ( 'NONE', *, *, #843, .T. ) ;
#1020 = PRODUCT_CONTEXT ( 'NONE', #983, 'mechanical' ) ;
#1021 = CARTESIAN_POINT ( 'NONE',  ( 23.69310588089404490, 1.450255730320410885, 852.1592111051015763 ) ) ;
#1022 = CARTESIAN_POINT ( 'NONE',  ( 141.2678637642401895, 80.44602456443250560, 909.0103294639585556 ) ) ;
#1023 = CARTESIAN_POINT ( 'NONE',  ( -18.76890137286108029, -35.82829334915832220, 834.5993639145950738 ) ) ;
#1024 = ORIENTED_EDGE ( 'NONE', *, *, #1336, .F. ) ;
#1025 = CARTESIAN_POINT ( 'NONE',  ( 214.8134919917214916, 126.5107044939201586, 865.2803076157028954 ) ) ;
#1026 = EDGE_CURVE ( 'NONE', #166, #608, #502, .T. ) ;
#1027 = FACE_OUTER_BOUND ( 'NONE', #1299, .T. ) ;
#1028 = AXIS2_PLACEMENT_3D ( 'NONE', #164, #1017, #584 ) ;
#1029 = SURFACE_STYLE_FILL_AREA ( #1251 ) ;
#1030 = CARTESIAN_POINT ( 'NONE',  ( 101.9206726653159905, 55.29140805123935820, 875.1945569939409779 ) ) ;
#1031 = ORIENTED_EDGE ( 'NONE', *, *, #859, .F. ) ;
#1032 = CARTESIAN_POINT ( 'NONE',  ( 144.0863714100886170, 76.42077848802681217, 830.3644444181433073 ) ) ;
#1033 = ORIENTED_EDGE ( 'NONE', *, *, #821, .T. ) ;
#1034 = CARTESIAN_POINT ( 'NONE',  ( 33.45886438673170460, 10.16775776658866803, 808.1610169424386640 ) ) ;
#1035 = CARTESIAN_POINT ( 'NONE',  ( 212.8449364994042412, 129.3220930964347417, 932.4711197887558001 ) ) ;
#1036 = CARTESIAN_POINT ( 'NONE',  ( 31.90855571367548649, -4.180817412903307329, 822.3610615498203060 ) ) ;
#1037 = ORIENTED_EDGE ( 'NONE', *, *, #513, .T. ) ;
#1038 = EDGE_CURVE ( 'NONE', #403, #992, #375, .T. ) ;
#1039 = CARTESIAN_POINT ( 'NONE',  ( 143.7223222941451581, 76.94069450731809923, 824.5353737206804681 ) ) ;
#1040 = ORIENTED_EDGE ( 'NONE', *, *, #999, .T. ) ;
#1041 = CARTESIAN_POINT ( 'NONE',  ( 40.50323764102584079, 7.994359696626769818, 851.1051386833761399 ) ) ;
#1042 = EDGE_CURVE ( 'NONE', #294, #501, #1079, .T. ) ;
#1043 = VERTEX_POINT ( 'NONE', #1074 ) ;
#1044 = CARTESIAN_POINT ( 'NONE',  ( 124.1029105452931844, 67.26394528818426011, 869.5376656729805518 ) ) ;
#1045 =( GEOMETRIC_REPRESENTATION_CONTEXT ( 3 ) GLOBAL_UNCERTAINTY_ASSIGNED_CONTEXT ( ( #1282 ) ) GLOBAL_UNIT_ASSIGNED_CONTEXT ( ( #363, #1221, #1123 ) ) REPRESENTATION_CONTEXT ( 'NONE', 'WORKASPACE' ) );
#1046 = CARTESIAN_POINT ( 'NONE',  ( 144.2845760731453026, 76.13771289355530314, 835.9385562427355580 ) ) ;
#1047 = VERTEX_POINT ( 'NONE', #780 ) ;
#1048 = UNCERTAINTY_MEASURE_WITH_UNIT (LENGTH_MEASURE( 1.000000000000000082E-05 ), #1132, 'distance_accuracy_value', 'NONE');
#1049 = DIRECTION ( 'NONE',  ( -0.9999999999926026950, 0.000000000000000000, 3.846355708657455097E-06 ) ) ;
#1050 = CARTESIAN_POINT ( 'NONE',  ( 2.120149864900132464, -23.02788976182627678, 757.7598091910765561 ) ) ;
#1051 = ORIENTED_EDGE ( 'NONE', *, *, #39, .T. ) ;
#1052 = CARTESIAN_POINT ( 'NONE',  ( 142.6793484735450477, 78.43021549029138839, 817.2507361314636682 ) ) ;
#1053 = CARTESIAN_POINT ( 'NONE',  ( 26.81553469707410642, -3.009774116263856047, 762.8914029931411278 ) ) ;
#1054 = VECTOR ( 'NONE', #48, 1000.000000000000114 ) ;
#1055 = AXIS2_PLACEMENT_3D ( 'NONE', #168, #274, #1339 ) ;
#1056 = LINE ( 'NONE', #1368, #77 ) ;
#1057 = CARTESIAN_POINT ( 'NONE',  ( 72.69385533620074114, 27.28113572809242626, 788.9194395436018112 ) ) ;
#1058 = CARTESIAN_POINT ( 'NONE',  ( 141.7517963280143931, 79.75489723808098574, 816.2871264268944742 ) ) ;
#1059 = CARTESIAN_POINT ( 'NONE',  ( 25.68014667326107414, -1.388277203689243677, 761.8716835839467194 ) ) ;
#1060 = CARTESIAN_POINT ( 'NONE',  ( 211.3708284592619293, 131.4273375556864210, 859.5003222140352364 ) ) ;
#1061 = CARTESIAN_POINT ( 'NONE',  ( 33.45904576865201108, 10.16748562717250159, 806.5609654411391602 ) ) ;
#1062 = FACE_OUTER_BOUND ( 'NONE', #291, .T. ) ;
#1063 = CARTESIAN_POINT ( 'NONE',  ( 212.2584723136422440, 130.1596507543564769, 850.9684581342302181 ) ) ;
#1064 = CARTESIAN_POINT ( 'NONE',  ( 26.45814647668770547, -2.499376160793050250, 762.1217920227217064 ) ) ;
#1065 = CARTESIAN_POINT ( 'NONE',  ( 211.6489584254999272, 131.0301267987891549, 855.5190468485883457 ) ) ;
#1066 = CARTESIAN_POINT ( 'NONE',  ( 29.38123867238833498, 7.273896548069969548, 798.3610404201981510 ) ) ;
#1067 = CARTESIAN_POINT ( 'NONE',  ( 140.9084225657159379, 80.95935979564613660, 818.9327634362030039 ) ) ;
#1068 = PRODUCT_DEFINITION_CONTEXT ( 'detailed design', #118, 'design' ) ;
#1069 = CARTESIAN_POINT ( 'NONE',  ( 140.2503841462672938, 81.89913605274178110, 824.5353737206798996 ) ) ;
#1070 = DIRECTION ( 'NONE',  ( 0.5735754540170349136, -0.8191527320987789240, 6.652693138758415670E-06 ) ) ;
#1071 = CARTESIAN_POINT ( 'NONE',  ( 125.3511344897049469, 65.48080944006582627, 810.4296643713341837 ) ) ;
#1072 = ADVANCED_FACE ( 'NONE', ( #804 ), #1229, .T. ) ;
#1073 = CARTESIAN_POINT ( 'NONE',  ( 140.7997180499674812, 81.11460593313584866, 819.6044445099387303 ) ) ;
#1074 = CARTESIAN_POINT ( 'NONE',  ( 38.70890209922026060, 7.470499700679490651, 860.9471877925880108 ) ) ;
#1075 = CARTESIAN_POINT ( 'NONE',  ( -3.416302434430146029, -15.12101644611496809, 790.5809672639302335 ) ) ;
#1076 = CARTESIAN_POINT ( 'NONE',  ( 38.99528812513956666, 0.6345444508079026713, 800.4481544452548860 ) ) ;
#1077 = CARTESIAN_POINT ( 'NONE',  ( 121.8974390286334142, 70.41359995211321632, 858.4043607451533262 ) ) ;
#1078 = EDGE_LOOP ( 'NONE', ( #1127, #1317 ) ) ;
#1079 =( BOUNDED_CURVE ( )  B_SPLINE_CURVE ( 3, ( #900, #1331, #1222, #652 ),
 .UNSPECIFIED., .F., .T. ) 
 B_SPLINE_CURVE_WITH_KNOTS ( ( 4, 4 ),
 ( 4.712382166842922437, 7.853974820432766180 ),
 .UNSPECIFIED. ) 
 CURVE ( )  GEOMETRIC_REPRESENTATION_ITEM ( )  RATIONAL_B_SPLINE_CURVE ( ( 1.000000000000000000, 0.3333333333333164950, 0.3333333333333164950, 1.000000000000000000 ) ) 
 REPRESENTATION_ITEM ( '' )  );
#1080 = DIRECTION ( 'NONE',  ( 0.7645510641367998517, 0.5353463280462892326, 0.3589790792993960422 ) ) ;
#1081 = CARTESIAN_POINT ( 'NONE',  ( 23.05800225686330407, 2.673595353777986183, 822.3610771316042474 ) ) ;
#1082 = CARTESIAN_POINT ( 'NONE',  ( 68.98880458552191897, 32.57249657255304953, 791.8933060759006821 ) ) ;
#1083 = CARTESIAN_POINT ( 'NONE',  ( 30.45309338071569627, 8.002500169870167213, 798.5208588674984185 ) ) ;
#1084 = ORIENTED_EDGE ( 'NONE', *, *, #640, .F. ) ;
#1085 = CARTESIAN_POINT ( 'NONE',  ( 125.4723018950728033, 65.30777005834303850, 811.1551849092554676 ) ) ;
#1086 = CARTESIAN_POINT ( 'NONE',  ( 39.79201643285063028, 1.123061907143123594, 808.1610169424386640 ) ) ;
#1087 = ORIENTED_EDGE ( 'NONE', *, *, #292, .F. ) ;
#1088 = ADVANCED_FACE ( 'NONE', ( #588, #381, #1124 ), #1015, .F. ) ;
#1089 = CARTESIAN_POINT ( 'NONE',  ( 143.4911057275595283, 77.27090598601311910, 890.0711930883750256 ) ) ;
#1090 = EDGE_CURVE ( 'NONE', #303, #943, #1297, .T. ) ;
#1091 = CARTESIAN_POINT ( 'NONE',  ( 24.46486760240905411, 6.449891363500369401, 822.3610615498203060 ) ) ;
#1092 = CARTESIAN_POINT ( 'NONE',  ( -1.008807999015247647, -18.55927482529547845, 879.8498067889952381 ) ) ;
#1093 = CARTESIAN_POINT ( 'NONE',  ( 24.71492768498664461, -0.009714351742442259990, 772.2092519943587376 ) ) ;
#1094 = ORIENTED_EDGE ( 'NONE', *, *, #1336, .T. ) ;
#1095 = CARTESIAN_POINT ( 'NONE',  ( 121.8413652853005402, 70.49365679081076053, 855.3602905412318478 ) ) ;
#1096 = CARTESIAN_POINT ( 'NONE',  ( 205.1889002857380717, 123.3085840032454996, 897.4275940633266373 ) ) ;
#1097 = EDGE_LOOP ( 'NONE', ( #353, #1051, #1257, #1240 ) ) ;
#1098 = CARTESIAN_POINT ( 'NONE',  ( 2.786637475873062986, -23.97973271495557768, 832.9050382050373855 ) ) ;
#1099 = ORIENTED_EDGE ( 'NONE', *, *, #124, .F. ) ;
#1100 = CARTESIAN_POINT ( 'NONE',  ( 29.38123867238833498, 7.273896548069969548, 798.3610404201981510 ) ) ;
#1101 = CARTESIAN_POINT ( 'NONE',  ( 39.78666138853645151, 1.130683520688028132, 804.9609578090621653 ) ) ;
#1102 = CARTESIAN_POINT ( 'NONE',  ( 140.1021443258540273, 82.11084445678450550, 878.9209195018609080 ) ) ;
#1103 = LINE ( 'NONE', #998, #61 ) ;
#1104 = CARTESIAN_POINT ( 'NONE',  ( 36.23410735241821357, -1.370620202426306111, 813.1286769905789242 ) ) ;
#1105 = ORIENTED_EDGE ( 'NONE', *, *, #1026, .F. ) ;
#1106 = CARTESIAN_POINT ( 'NONE',  ( 214.7641152361036632, 126.5812218090354975, 888.8948703405186507 ) ) ;
#1107 = ORIENTED_EDGE ( 'NONE', *, *, #1328, .F. ) ;
#1108 = CARTESIAN_POINT ( 'NONE',  ( 39.79201643285063028, 1.123061907143123594, 808.1610169424386640 ) ) ;
#1109 = CARTESIAN_POINT ( 'NONE',  ( 211.1949455477655420, 131.6785243851601592, 888.8948703411600718 ) ) ;
#1110 = DIRECTION ( 'NONE',  ( -0.5735882739091616722, 0.8191437553593816645, -9.467723483100718736E-06 ) ) ;
#1111 = PLANE ( 'NONE',  #1028 ) ;
#1112 = EDGE_CURVE ( 'NONE', #1370, #606, #2, .T. ) ;
#1113 = CARTESIAN_POINT ( 'NONE',  ( 144.2227194088519866, 76.22605336536975074, 865.5312440156620823 ) ) ;
#1114 = EDGE_LOOP ( 'NONE', ( #1084, #492, #816, #820, #665, #100, #522, #159, #1292, #512, #1105, #614, #598, #451, #577, #1302, #188, #1348, #729, #837 ) ) ;
#1115 = DIRECTION ( 'NONE',  ( 1.000000000000000000, 0.000000000000000000, 0.000000000000000000 ) ) ;
#1116 = CARTESIAN_POINT ( 'NONE',  ( 27.93914259675156586, 6.298189095273001747, 798.3610485948291853 ) ) ;
#1117 = CARTESIAN_POINT ( 'NONE',  ( 68.22753457357210038, 33.65970282271153735, 838.1419576932337350 ) ) ;
#1118 = DIRECTION ( 'NONE',  ( -0.1450182577415939089, -0.1015346249226064673, 0.9842054789846571561 ) ) ;
#1119 = CARTESIAN_POINT ( 'NONE',  ( 144.4253186476547057, 75.93671166630608127, 848.7807608943212472 ) ) ;
#1120 = VECTOR ( 'NONE', #1337, 1000.000000000000114 ) ;
#1121 = CARTESIAN_POINT ( 'NONE',  ( 126.0114421535089804, 64.53783276991896400, 815.5865842369044003 ) ) ;
#1122 = VECTOR ( 'NONE', #302, 1000.000000000000114 ) ;
#1123 =( NAMED_UNIT ( * ) SI_UNIT ( $, .STERADIAN. ) SOLID_ANGLE_UNIT ( ) );
#1124 = FACE_BOUND ( 'NONE', #1078, .T. ) ;
#1125 = CARTESIAN_POINT ( 'NONE',  ( 211.4759355005106727, 131.2772291442325638, 899.5796527256952686 ) ) ;
#1126 = DIRECTION ( 'NONE',  ( 3.846355708643504464E-06, 2.693242084072702622E-06, 0.9999999999889760405 ) ) ;
#1127 = ORIENTED_EDGE ( 'NONE', *, *, #1038, .T. ) ;
#1128 = CARTESIAN_POINT ( 'NONE',  ( 144.3409203446391018, 76.05724493453041646, 858.8324735321649541 ) ) ;
#1129 = EDGE_LOOP ( 'NONE', ( #878, #470, #1362, #1218 ) ) ;
#1130 = FACE_OUTER_BOUND ( 'NONE', #346, .T. ) ;
#1131 =( BOUNDED_CURVE ( )  B_SPLINE_CURVE ( 3, ( #705, #1354, #819, #813 ),
 .UNSPECIFIED., .F., .F. ) 
 B_SPLINE_CURVE_WITH_KNOTS ( ( 4, 4 ),
 ( 4.712396165210014587, 7.853988818799807703 ),
 .UNSPECIFIED. ) 
 CURVE ( )  GEOMETRIC_REPRESENTATION_ITEM ( )  RATIONAL_B_SPLINE_CURVE ( ( 1.000000000000000000, 0.3333333333333333703, 0.3333333333333333703, 1.000000000000000000 ) ) 
 REPRESENTATION_ITEM ( '' )  );
#1132 =( LENGTH_UNIT ( ) NAMED_UNIT ( * ) SI_UNIT ( .MILLI., .METRE. ) );
#1133 = CARTESIAN_POINT ( 'NONE',  ( 122.4907703333562097, 69.56640772261461336, 879.6981353192416009 ) ) ;
#1134 = ORIENTED_EDGE ( 'NONE', *, *, #859, .T. ) ;
#1135 = B_SPLINE_CURVE_WITH_KNOTS ( 'NONE', 3,
 ( #256, #788, #1304, #891, #371, #1081, #553 ),
 .UNSPECIFIED., .F., .F.,
 ( 4, 3, 4 ),
 ( 0.003429973710433556824, 0.006385262813400139834, 0.006929976184994584773 ),
 .UNSPECIFIED. ) ;
#1136 = ADVANCED_FACE ( 'NONE', ( #1130 ), #289, .F. ) ;
#1137 = CARTESIAN_POINT ( 'NONE',  ( 3.380398359958236565, -24.82771113804325225, 785.8764603994653726 ) ) ;
#1138 = ORIENTED_EDGE ( 'NONE', *, *, #640, .T. ) ;
#1139 = CARTESIAN_POINT ( 'NONE',  ( 22.90916408331385767, 2.569598858367552641, 822.3610779841765179 ) ) ;
#1140 = DIRECTION ( 'NONE',  ( -0.8191527321169042031, -0.5735754540297304249, 0.000000000000000000 ) ) ;
#1141 = CARTESIAN_POINT ( 'NONE',  ( 27.23867888184980401, -3.613418068079979228, 844.7017913266992082 ) ) ;
#1142 = ORIENTED_EDGE ( 'NONE', *, *, #603, .F. ) ;
#1143 = CARTESIAN_POINT ( 'NONE',  ( 214.3648803209605660, 127.1513883573193766, 856.1807038834542709 ) ) ;
#1144 = EDGE_LOOP ( 'NONE', ( #1033, #807 ) ) ;
#1145 = EDGE_CURVE ( 'NONE', #1370, #608, #811, .T. ) ;
#1146 = DIRECTION ( 'NONE',  ( 0.5735756964288456494, -0.8191525623875962614, 0.000000000000000000 ) ) ;
#1147 = EDGE_LOOP ( 'NONE', ( #1209, #1350, #339, #498 ) ) ;
#1148 = CARTESIAN_POINT ( 'NONE',  ( 214.3101023583386109, 127.2296193954512944, 855.5190468485891415 ) ) ;
#1149 = ORIENTED_EDGE ( 'NONE', *, *, #999, .F. ) ;
#1150 = LINE ( 'NONE', #296, #1360 ) ;
#1151 = CARTESIAN_POINT ( 'NONE',  ( 24.71494581756460818, -0.009146793569218825137, 844.7017922813500945 ) ) ;
#1152 = EDGE_CURVE ( 'NONE', #981, #235, #695, .T. ) ;
#1153 = CARTESIAN_POINT ( 'NONE',  ( 72.80827433586986785, 27.11772846178174134, 789.9065715302253921 ) ) ;
#1154 = VERTEX_POINT ( 'NONE', #1034 ) ;
#1155 = CARTESIAN_POINT ( 'NONE',  ( 142.5503020655690420, 78.61451286062033716, 816.8965474350098930 ) ) ;
#1156 = CARTESIAN_POINT ( 'NONE',  ( 107.4550970977995519, 55.60718591665423816, 886.2030864192224726 ) ) ;
#1157 = B_SPLINE_CURVE_WITH_KNOTS ( 'NONE', 3,
 ( #880, #272, #474, #678, #686, #890, #255 ),
 .UNSPECIFIED., .F., .F.,
 ( 4, 3, 4 ),
 ( 0.004870026656268175609, 0.006385263179333505908, 0.009370096214240281399 ),
 .UNSPECIFIED. ) ;
#1158 = VECTOR ( 'NONE', #663, 1000.000000000000114 ) ;
#1159 = CYLINDRICAL_SURFACE ( 'NONE', #135, 2.200000000000069456 ) ;
#1160 = CARTESIAN_POINT ( 'NONE',  ( 143.1729883903352061, 77.72522462708022317, 819.6044445099389577 ) ) ;
#1161 = CARTESIAN_POINT ( 'NONE',  ( 71.08943930124935662, 29.57247929039343504, 782.8460906387923615 ) ) ;
#1162 = CARTESIAN_POINT ( 'NONE',  ( 26.22654110367229663, -2.168611196780143580, 761.8257274138063622 ) ) ;
#1163 = CARTESIAN_POINT ( 'NONE',  ( 211.8505079137356120, 130.7422842989029448, 853.5447280509515622 ) ) ;
#1164 = CARTESIAN_POINT ( 'NONE',  ( 110.3554622526328188, 57.63787841510438881, 866.5189768395293868 ) ) ;
#1165 = DIRECTION ( 'NONE',  ( 3.846355708643505311E-06, 2.693242084072702622E-06, 0.9999999999889760405 ) ) ;
#1166 = CARTESIAN_POINT ( 'NONE',  ( 1.986506569278303935, -22.83702735556951779, 756.6067952899269358 ) ) ;
#1167 = ADVANCED_FACE ( 'NONE', ( #1027 ), #84, .F. ) ;
#1168 = CARTESIAN_POINT ( 'NONE',  ( 0.1124403647928800404, -20.16058344113090683, 749.5127573054589902 ) ) ;
#1169 = CARTESIAN_POINT ( 'NONE',  ( 23.82877331938312082, 1.255837019890380990, 770.9080349162863968 ) ) ;
#1170 = CARTESIAN_POINT ( 'NONE',  ( 211.9368530685693202, 130.6189706381384212, 852.8934271288485434 ) ) ;
#1171 = CARTESIAN_POINT ( 'NONE',  ( 29.92366262051842085, 7.641448396967805756, 798.3933927326348794 ) ) ;
#1172 = DIRECTION ( 'NONE',  ( 0.9893182699774443201, 0.000000000000000000, 0.1457716045354398027 ) ) ;
#1173 = CARTESIAN_POINT ( 'NONE',  ( 69.80981571834968236, 31.39997115969180541, 785.5131440271471774 ) ) ;
#1174 = CARTESIAN_POINT ( 'NONE',  ( 139.5531381585633142, 82.89490652029050466, 845.4297639899607475 ) ) ;
#1175 = CARTESIAN_POINT ( 'NONE',  ( 36.73202072957730735, -0.9589292143265674140, 798.5216616987720499 ) ) ;
#1176 = DIRECTION ( 'NONE',  ( 0.8191525623785661514, 0.5735756964225222632, -4.695530338612960390E-06 ) ) ;
#1177 = B_SPLINE_CURVE_WITH_KNOTS ( 'NONE', 3,
 ( #1225, #359, #903, #45 ),
 .UNSPECIFIED., .F., .F.,
 ( 4, 4 ),
 ( 6.663980366528531205E-16, 0.009202514953435991796 ),
 .UNSPECIFIED. ) ;
#1178 = CARTESIAN_POINT ( 'NONE',  ( 212.7923545598865473, 129.3971878885474780, 849.5985206030017025 ) ) ;
#1179 = CARTESIAN_POINT ( 'NONE',  ( 211.0378584550600465, 131.9028680034932393, 872.8541623529760045 ) ) ;
#1180 = CARTESIAN_POINT ( 'NONE',  ( 33.07303944873273593, 9.834999553491991620, 801.1433989726103846 ) ) ;
#1181 = CARTESIAN_POINT ( 'NONE',  ( 121.7099438569522931, 70.68122173846735734, 840.1321264934839519 ) ) ;
#1182 = AXIS2_PLACEMENT_3D ( 'NONE', #841, #1070, #1285 ) ;
#1183 = EDGE_LOOP ( 'NONE', ( #1142, #1199 ) ) ;
#1184 = CARTESIAN_POINT ( 'NONE',  ( 71.47654260887432542, 29.01963847320538292, 902.4586352405518710 ) ) ;
#1185 = CARTESIAN_POINT ( 'NONE',  ( 33.62123451539146402, -3.208416811875310248, 798.3610523430737658 ) ) ;
#1186 = CARTESIAN_POINT ( 'NONE',  ( 211.1455687921126980, 131.7490417003247956, 865.2803076157010764 ) ) ;
#1187 = LINE ( 'NONE', #964, #590 ) ;
#1188 = ADVANCED_FACE ( 'NONE', ( #921 ), #975, .F. ) ;
#1189 = VERTEX_POINT ( 'NONE', #659 ) ;
#1190 = CARTESIAN_POINT ( 'NONE',  ( 124.8389670180177689, 66.21224646221379828, 808.5560886285846891 ) ) ;
#1191 = ORIENTED_EDGE ( 'NONE', *, *, #15, .F. ) ;
#1192 = ADVANCED_FACE ( 'NONE', ( #131 ), #872, .F. ) ;
#1193 = CARTESIAN_POINT ( 'NONE',  ( 71.05460956973259101, 29.62222130203441850, 910.4808309078066486 ) ) ;
#1194 = MANIFOLD_SOLID_BREP ( 'Zapas-V TAIL R good-1', #284 ) ;
#1195 = CARTESIAN_POINT ( 'NONE',  ( 23.31739964653156960, 1.986213166162295485, 777.9258362395097492 ) ) ;
#1196 = CARTESIAN_POINT ( 'NONE',  ( 30.68778636834597506, 8.226002641535343329, 812.9037704013725261 ) ) ;
#1197 = CARTESIAN_POINT ( 'NONE',  ( 139.5603308340248248, 82.88463431516662183, 852.1316916243845299 ) ) ;
#1198 = CARTESIAN_POINT ( 'NONE',  ( 27.23867888184658526, -3.613972929656261712, 776.9234798678384095 ) ) ;
#1199 = ORIENTED_EDGE ( 'NONE', *, *, #1271, .F. ) ;
#1200 = CARTESIAN_POINT ( 'NONE',  ( 124.7721146990094923, 66.30772042160832314, 808.4058038736575327 ) ) ;
#1201 = CARTESIAN_POINT ( 'NONE',  ( 39.66039975630459224, 1.030962873951869918, 809.4603523690838074 ) ) ;
#1202 = VERTEX_POINT ( 'NONE', #1041 ) ;
#1203 = VECTOR ( 'NONE', #461, 1000.000000000000114 ) ;
#1204 = CARTESIAN_POINT ( 'NONE',  ( 73.37886175955615897, 26.30284516997186017, 854.2397849122786511 ) ) ;
#1205 = CARTESIAN_POINT ( 'NONE',  ( 123.0132533029936468, 68.82011348164249398, 866.2863118454398546 ) ) ;
#1206 = CARTESIAN_POINT ( 'NONE',  ( -3.424374528660761641, -15.10948830082927863, 795.2858572951124643 ) ) ;
#1207 = CARTESIAN_POINT ( 'NONE',  ( 33.52569714198253337, 10.07227122208937509, 803.3610169424913465 ) ) ;
#1208 = CARTESIAN_POINT ( 'NONE',  ( 39.58116390053374545, 0.9756724248058890048, 809.7773301610183125 ) ) ;
#1209 = ORIENTED_EDGE ( 'NONE', *, *, #537, .F. ) ;
#1210 = ADVANCED_FACE ( 'NONE', ( #517, #928 ), #1366, .F. ) ;
#1211 = CARTESIAN_POINT ( 'NONE',  ( 144.1481556802734190, 76.33254140571477819, 868.8797041457603427 ) ) ;
#1212 = ORIENTED_EDGE ( 'NONE', *, *, #1038, .F. ) ;
#1213 = DIRECTION ( 'NONE',  ( 0.1450182577416639085, 0.1015346249225078656, -0.9842054789846569340 ) ) ;
#1214 = CARTESIAN_POINT ( 'NONE',  ( 109.2494249476264656, 56.13104052662013999, 876.3610356209912879 ) ) ;
#1215 = CARTESIAN_POINT ( 'NONE',  ( 69.18444834754882322, 32.29308832378266203, 871.6649680450844926 ) ) ;
#1216 = CARTESIAN_POINT ( 'NONE',  ( 23.90913755806801788, 1.141778673249485232, 858.1136124426711831 ) ) ;
#1217 = DIRECTION ( 'NONE',  ( -0.8062137591066976805, -0.5645173155319819225, -0.1770298706196569427 ) ) ;
#1218 = ORIENTED_EDGE ( 'NONE', *, *, #572, .F. ) ;
#1219 = CARTESIAN_POINT ( 'NONE',  ( 213.5528611344563501, 128.3110719399617494, 923.5905908678751075 ) ) ;
#1220 = CARTESIAN_POINT ( 'NONE',  ( 126.8401200334208454, 63.35455936975291280, 840.4494110842418877 ) ) ;
#1221 =( NAMED_UNIT ( * ) PLANE_ANGLE_UNIT ( ) SI_UNIT ( $, .RADIAN. ) );
#1222 = CARTESIAN_POINT ( 'NONE',  ( 27.23866168628915574, -3.613430108549163133, 840.2311763890214706 ) ) ;
#1223 = CARTESIAN_POINT ( 'NONE',  ( 68.99356121968033051, 32.56570339496067135, 866.3047283389329323 ) ) ;
#1224 = CARTESIAN_POINT ( 'NONE',  ( 24.71494581756800102, -0.009701655126953534491, 776.9234842327028900 ) ) ;
#1225 = CARTESIAN_POINT ( 'NONE',  ( 25.77854545146138321, 4.573761355023738595, 822.3610615498203060 ) ) ;
#1226 = CARTESIAN_POINT ( 'NONE',  ( 3.406196767738890241, -24.86455508269231629, 799.9906555251288864 ) ) ;
#1227 = CARTESIAN_POINT ( 'NONE',  ( 126.6489614024133346, 63.62771108433119593, 858.5735635015180378 ) ) ;
#1228 = FACE_OUTER_BOUND ( 'NONE', #26, .T. ) ;
#1229 = PLANE ( 'NONE',  #1055 ) ;
#1230 = CARTESIAN_POINT ( 'NONE',  ( 68.85726314690207062, 32.76035721592171512, 862.2838302976776959 ) ) ;
#1231 = LINE ( 'NONE', #150, #231 ) ;
#1232 = ORIENTED_EDGE ( 'NONE', *, *, #313, .T. ) ;
#1233 = CARTESIAN_POINT ( 'NONE',  ( 214.8630383745642973, 126.4399449260228465, 867.5070630339200761 ) ) ;
#1234 = DIRECTION ( 'NONE',  ( -0.8191525623875962614, -0.5735756964288456494, 0.000000000000000000 ) ) ;
#1235 = AXIS2_PLACEMENT_3D ( 'NONE', #64, #1351, #280 ) ;
#1236 = CARTESIAN_POINT ( 'NONE',  ( 35.62936475122030799, -1.649369412224938714, 798.3610404201983783 ) ) ;
#1237 = CARTESIAN_POINT ( 'NONE',  ( 141.5842488595474151, 79.99417982120715465, 915.6895922766635749 ) ) ;
#1238 = EDGE_CURVE ( 'NONE', #792, #194, #1150, .T. ) ;
#1239 = DIRECTION ( 'NONE',  ( -0.8062137591066975695, -0.5645173155319818115, -0.1770298706196569150 ) ) ;
#1240 = ORIENTED_EDGE ( 'NONE', *, *, #329, .T. ) ;
#1241 = CARTESIAN_POINT ( 'NONE',  ( 73.67523586650108314, 25.87957907988853279, 803.9151570363197834 ) ) ;
#1242 = VERTEX_POINT ( 'NONE', #627 ) ;
#1243 = EDGE_CURVE ( 'NONE', #981, #441, #939, .T. ) ;
#1244 = CARTESIAN_POINT ( 'NONE',  ( 22.75834350616033674, 2.784796905070825446, 798.3610779844410672 ) ) ;
#1245 = SURFACE_SIDE_STYLE ('',( #1029 ) ) ;
#1246 = LINE ( 'NONE', #92, #102 ) ;
#1247 = VERTEX_POINT ( 'NONE', #404 ) ;
#1248 = CARTESIAN_POINT ( 'NONE',  ( 2.691914781973935522, -23.84445468847030014, 764.7453133240696843 ) ) ;
#1249 = ADVANCED_FACE ( 'NONE', ( #602 ), #717, .T. ) ;
#1250 = ORIENTED_EDGE ( 'NONE', *, *, #904, .T. ) ;
#1251 = FILL_AREA_STYLE ('',( #818 ) ) ;
#1252 = CARTESIAN_POINT ( 'NONE',  ( 57.08958493175708782, 20.34070978943563190, 854.8227619748151938 ) ) ;
#1253 = ORIENTED_EDGE ( 'NONE', *, *, #947, .T. ) ;
#1254 = CARTESIAN_POINT ( 'NONE',  ( 2.437206240514277589, -23.48069319268449817, 761.2447133951326350 ) ) ;
#1255 = ORIENTED_EDGE ( 'NONE', *, *, #754, .T. ) ;
#1256 = CARTESIAN_POINT ( 'NONE',  ( 28.31345071489862164, -5.148939831061502659, 773.1734365727753584 ) ) ;
#1257 = ORIENTED_EDGE ( 'NONE', *, *, #315, .F. ) ;
#1258 = DIRECTION ( 'NONE',  ( -0.8062139315781645665, -0.5645170692166489035, -0.1770298706216656692 ) ) ;
#1259 = CARTESIAN_POINT ( 'NONE',  ( 2.341270088024101526, -23.34368216773114568, 760.0804356895570209 ) ) ;
#1260 = ORIENTED_EDGE ( 'NONE', *, *, #722, .T. ) ;
#1261 = DIRECTION ( 'NONE',  ( 0.5735754540170571181, -0.8191527320987633809, 6.652693143629682668E-06 ) ) ;
#1262 = LINE ( 'NONE', #328, #916 ) ;
#1263 = CARTESIAN_POINT ( 'NONE',  ( 213.7648643624950466, 128.0082999524152569, 851.2833256139222158 ) ) ;
#1264 = B_SPLINE_CURVE_WITH_KNOTS ( 'NONE', 3,
 ( #1133, #1030, #80, #824, #196, #511, #934 ),
 .UNSPECIFIED., .F., .F.,
 ( 4, 3, 4 ),
 ( 0.1100270633408186871, 0.1863466598439043609, 0.2319539264177283566 ),
 .UNSPECIFIED. ) ;
#1265 = ORIENTED_EDGE ( 'NONE', *, *, #1152, .T. ) ;
#1266 = CARTESIAN_POINT ( 'NONE',  ( 0.5798184460992176215, -20.82806851634350309, 750.0603792935647789 ) ) ;
#1267 = CARTESIAN_POINT ( 'NONE',  ( 27.35642806361622448, -3.782233625735543114, 765.0607155886769988 ) ) ;
#1268 = AXIS2_PLACEMENT_3D ( 'NONE', #1309, #1000, #352 ) ;
#1269 = CARTESIAN_POINT ( 'NONE',  ( 69.42266311111170296, 31.95288238402413228, 787.9383018531513017 ) ) ;
#1270 = DIRECTION ( 'NONE',  ( 0.5735754540170637794, -0.8191527320987587180, 6.652693145113104174E-06 ) ) ;
#1271 = EDGE_CURVE ( 'NONE', #166, #606, #1291, .T. ) ;
#1272 = CARTESIAN_POINT ( 'NONE',  ( 107.4550970977995519, 55.60718591665423816, 886.2030864192224726 ) ) ;
#1273 = CARTESIAN_POINT ( 'NONE',  ( 142.9707003705862860, 78.01412185927235043, 818.3982348205344124 ) ) ;
#1274 = CARTESIAN_POINT ( 'NONE',  ( -0.9729188504032943996, -18.61052984134931165, 751.0167128472036211 ) ) ;
#1275 = CARTESIAN_POINT ( 'NONE',  ( 24.39352309759948767, 0.4492513374932073922, 766.2830883949524150 ) ) ;
#1276 = CARTESIAN_POINT ( 'NONE',  ( 211.0960224092708302, 131.8198012682226476, 867.5070630339249647 ) ) ;
#1277 = CARTESIAN_POINT ( 'NONE',  ( 32.19923499187371618, 9.212064132231926550, 799.7100316057197915 ) ) ;
#1278 = PLANE ( 'NONE',  #668 ) ;
#1279 = CARTESIAN_POINT ( 'NONE',  ( 70.89691278458259660, 29.84743565141605615, 782.8460906387923615 ) ) ;
#1280 = ADVANCED_FACE ( 'NONE', ( #456 ), #914, .F. ) ;
#1281 = CARTESIAN_POINT ( 'NONE',  ( 23.41008018255460144, 1.853838581738810332, 776.3613945413152351 ) ) ;
#1282 = UNCERTAINTY_MEASURE_WITH_UNIT (LENGTH_MEASURE( 1.000000000000000082E-05 ), #363, 'distance_accuracy_value', 'NONE');
#1283 = B_SPLINE_CURVE_WITH_KNOTS ( 'NONE', 3,
 ( #861, #1061, #848, #14 ),
 .UNSPECIFIED., .F., .F.,
 ( 4, 4 ),
 ( 0.005000129480771015739, 0.009800336482324600168 ),
 .UNSPECIFIED. ) ;
#1284 = CARTESIAN_POINT ( 'NONE',  ( -3.380400606398761276, -15.17228957025638891, 785.8764603994696927 ) ) ;
#1285 = DIRECTION ( 'NONE',  ( -0.8191527321169060905, -0.5735754540297276494, 0.000000000000000000 ) ) ;
#1286 = CARTESIAN_POINT ( 'NONE',  ( 16.57645193400451333, 11.60693428664030691, -9.501921441430638440E-05 ) ) ;
#1287 = CARTESIAN_POINT ( 'NONE',  ( 212.0326727237696787, 130.4821259885554809, 852.2458641094948462 ) ) ;
#1288 = CARTESIAN_POINT ( 'NONE',  ( 68.90658782965687124, 32.68991426856239713, 792.8900435579062105 ) ) ;
#1289 = CARTESIAN_POINT ( 'NONE',  ( 36.98982288883266278, -0.7744761904055539325, 798.6182747087448206 ) ) ;
#1290 = CARTESIAN_POINT ( 'NONE',  ( 124.2190203037037861, 67.09761815892638026, 807.8635079145115014 ) ) ;
#1291 = B_SPLINE_CURVE_WITH_KNOTS ( 'NONE', 3,
 ( #190, #610, #85, #411, #834, #504, #1359, #828, #1256, #489, #733, #307, #72, #201, #1378, #1267, #319, #738, #12, #1053, #839, #1064, #416, #1162, #524, #214, #114, #946, #951, #633, #1059, #427, #109, #528, #6, #422, #533, #846, #639, #1275, #325, #744, #103, #1169, #957, #220, #852, #1281, #1195, #264, #907, #769, #1338, #160 ),
 .UNSPECIFIED., .F., .F.,
 ( 4, 2, 2, 2, 2, 2, 2, 2, 2, 2, 2, 2, 2, 2, 2, 2, 2, 2, 2, 2, 2, 2, 2, 2, 2, 2, 4 ),
 ( 0.09872810833093711991, 0.1081970413813491266, 0.1176659744317611334, 0.1224004409569671298, 0.1247676742195701349, 0.1271349074821731262, 0.1295021407447761452, 0.1318693740073791365, 0.1330529906386806460, 0.1342366072699821555, 0.1354202239012836373, 0.1360120322169342533, 0.1363079363747595751, 0.1366038405325848970, 0.1368997446904102189, 0.1371956488482355407, 0.1377874571638863510, 0.1389710737951877495, 0.1401546904264891202, 0.1413383070577905187, 0.1437055403203932880, 0.1460727735829960849, 0.1484400068455988819, 0.1508072401082016512, 0.1555417066334068843, 0.1650106396838176837, 0.1744795727342284553 ),
 .UNSPECIFIED. ) ;
#1292 = ORIENTED_EDGE ( 'NONE', *, *, #1012, .F. ) ;
#1293 = CARTESIAN_POINT ( 'NONE',  ( 212.9156236022686812, 129.2211414513766670, 849.5127573054589902 ) ) ;
#1294 = CARTESIAN_POINT ( 'NONE',  ( 35.22240105587869863, -2.049102163911924457, 798.3610430621026808 ) ) ;
#1295 = CARTESIAN_POINT ( 'NONE',  ( 68.80388621891920309, 32.83658736922623689, 794.2207006091375661 ) ) ;
#1296 = CARTESIAN_POINT ( 'NONE',  ( 32.65081150317320891, 9.531336519542499275, 800.3076095444030216 ) ) ;
#1297 = B_SPLINE_CURVE_WITH_KNOTS ( 'NONE', 3,
 ( #1139, #701, #387, #716, #1021, #392 ),
 .UNSPECIFIED., .F., .F.,
 ( 4, 2, 4 ),
 ( 0.1985483996648479688, 0.2164945348402654846, 0.2344406700156829726 ),
 .UNSPECIFIED. ) ;
#1298 = EDGE_CURVE ( 'NONE', #1242, #621, #1157, .T. ) ;
#1299 = EDGE_LOOP ( 'NONE', ( #464, #1212, #409, #462 ) ) ;
#1300 = CARTESIAN_POINT ( 'NONE',  ( 122.1005259142634003, 70.12363600278202114, 867.5340162067442407 ) ) ;
#1301 = VECTOR ( 'NONE', #1270, 1000.000000000000114 ) ;
#1302 = ORIENTED_EDGE ( 'NONE', *, *, #984, .F. ) ;
#1303 = CARTESIAN_POINT ( 'NONE',  ( 143.0039966840766397, 77.96656979552871292, 902.3287122475111346 ) ) ;
#1304 = CARTESIAN_POINT ( 'NONE',  ( 24.16322395885317320, 3.445756143916056669, 822.3610708009126711 ) ) ;
#1305 = CARTESIAN_POINT ( 'NONE',  ( 139.9087621913922135, 82.38702276665574686, 872.2274645212291944 ) ) ;
#1306 = CARTESIAN_POINT ( 'NONE',  ( 55.63940235434051118, 19.32536354021059921, 864.6648167646612819 ) ) ;
#1307 = ORIENTED_EDGE ( 'NONE', *, *, #637, .T. ) ;
#1308 = CARTESIAN_POINT ( 'NONE',  ( 123.7009965694682023, 67.83743973028971652, 808.5458059532728612 ) ) ;
#1309 = CARTESIAN_POINT ( 'NONE',  ( 23.13276244586693409, 16.19770350414042070, 803.3610404201431265 ) ) ;
#1310 = VERTEX_POINT ( 'NONE', #370 ) ;
#1311 = CARTESIAN_POINT ( 'NONE',  ( 143.8705621144866882, 76.72898610337713876, 878.9209195031683066 ) ) ;
#1312 = CARTESIAN_POINT ( 'NONE',  ( 39.77615957505491195, 1.145668595728265959, 803.3610169424913465 ) ) ;
#1313 = CARTESIAN_POINT ( 'NONE',  ( 211.0332689534627661, 131.9094224910497530, 875.5282126939002865 ) ) ;
#1314 = CARTESIAN_POINT ( 'NONE',  ( 124.7297349333515228, 66.97055273094473193, 889.9207176938933799 ) ) ;
#1315 = CARTESIAN_POINT ( 'NONE',  ( 123.9271859123448820, 67.51440386224734880, 808.1319694794979114 ) ) ;
#1316 = CARTESIAN_POINT ( 'NONE',  ( 37.01789615508590714, -0.8179778318848617280, 812.9045313933067973 ) ) ;
#1317 = ORIENTED_EDGE ( 'NONE', *, *, #209, .T. ) ;
#1318 = B_SPLINE_CURVE_WITH_KNOTS ( 'NONE', 3,
 ( #660, #679, #465, #881 ),
 .UNSPECIFIED., .F., .F.,
 ( 4, 4 ),
 ( 0.008297179160169875639, 0.01279724978442456189 ),
 .UNSPECIFIED. ) ;
#1319 = CARTESIAN_POINT ( 'NONE',  ( 2.916997114121235857, -24.16590557247932836, 828.2056663190578547 ) ) ;
#1320 = CARTESIAN_POINT ( 'NONE',  ( 23.13278090837433609, 16.19771643170242470, 808.1610404200904441 ) ) ;
#1321 = CARTESIAN_POINT ( 'NONE',  ( 33.24887093281523676, 10.02046935449163456, 809.7752464731142936 ) ) ;
#1322 = CARTESIAN_POINT ( 'NONE',  ( 211.6520365340881540, 131.0257308041436772, 904.9188924165894150 ) ) ;
#1323 = CARTESIAN_POINT ( 'NONE',  ( 125.5369863672756168, 65.21548848101238605, 823.0774093737089743 ) ) ;
#1324 = CARTESIAN_POINT ( 'NONE',  ( 110.6996075250430351, 57.14638677584517978, 866.5189808311451998 ) ) ;
#1325 = ORIENTED_EDGE ( 'NONE', *, *, #273, .F. ) ;
#1326 = CARTESIAN_POINT ( 'NONE',  ( 214.5633103269223625, 126.8680009398267572, 896.9092783267614095 ) ) ;
#1327 = CARTESIAN_POINT ( 'NONE',  ( 126.4464570116834494, 63.91699202748539221, 867.6306601583937663 ) ) ;
#1328 = EDGE_CURVE ( 'NONE', #389, #1202, #49, .T. ) ;
#1329 = CARTESIAN_POINT ( 'NONE',  ( 54.53336504933406559, 17.81852565172618341, 874.5068755461243200 ) ) ;
#1330 = B_SPLINE_CURVE_WITH_KNOTS ( 'NONE', 3,
 ( #709, #580, #889, #794 ),
 .UNSPECIFIED., .F., .F.,
 ( 4, 4 ),
 ( 0.01480149146238774610, 0.02400485927152426827 ),
 .UNSPECIFIED. ) ;
#1331 = CARTESIAN_POINT ( 'NONE',  ( 24.71492862200384266, -0.009158834038220710697, 840.2311773436723570 ) ) ;
#1332 = CARTESIAN_POINT ( 'NONE',  ( 211.2544342561768929, 131.5935657048188432, 891.5668978728024285 ) ) ;
#1333 = CARTESIAN_POINT ( 'NONE',  ( 123.0132351704155980, 68.81974705892618260, 818.3631815002291887 ) ) ;
#1334 = CARTESIAN_POINT ( 'NONE',  ( 38.94992203305498180, 0.5353286934564562838, 811.2144463030655288 ) ) ;
#1335 = CARTESIAN_POINT ( 'NONE',  ( 144.2871969055265993, 76.13396995701442904, 862.1821477921479300 ) ) ;
#1336 = EDGE_CURVE ( 'NONE', #930, #311, #38, .T. ) ;
#1337 = DIRECTION ( 'NONE',  ( 0.5735882739091786586, -0.8191437553593698961, 9.467723270836003654E-06 ) ) ;
#1338 = CARTESIAN_POINT ( 'NONE',  ( 22.78269594407439413, 2.749992181308130501, 795.2130302813022809 ) ) ;
#1339 = DIRECTION ( 'NONE',  ( -0.5735756964288456494, 0.8191525623875961504, 0.000000000000000000 ) ) ;
#1340 = CARTESIAN_POINT ( 'NONE',  ( 69.76996189972724949, 31.45688831131862528, 886.3986710218789540 ) ) ;
#1341 = CARTESIAN_POINT ( 'NONE',  ( 123.0132533029936468, 68.82011348164249398, 866.2863118454398546 ) ) ;
#1342 = CARTESIAN_POINT ( 'NONE',  ( 144.3834668265946277, 75.99648226113123428, 855.4823067221693691 ) ) ;
#1343 = VECTOR ( 'NONE', #877, 1000.000000000000000 ) ;
#1344 = ORIENTED_EDGE ( 'NONE', *, *, #708, .F. ) ;
#1345 = CARTESIAN_POINT ( 'NONE',  ( 37.43079600399818219, 6.209410324815347160, 870.7892454227521739 ) ) ;
#1346 = CARTESIAN_POINT ( 'NONE',  ( -0.07175931073545756267, -19.89751904168257113, 898.5981009540909099 ) ) ;
#1347 = DIRECTION ( 'NONE',  ( 0.5735756964417418891, -0.8191525623511174414, 6.705925187278700547E-06 ) ) ;
#1348 = ORIENTED_EDGE ( 'NONE', *, *, #329, .F. ) ;
#1349 = CARTESIAN_POINT ( 'NONE',  ( 3.305877803111239466, -24.72128475332090503, 809.3987352442949259 ) ) ;
#1350 = ORIENTED_EDGE ( 'NONE', *, *, #803, .F. ) ;
#1351 = DIRECTION ( 'NONE',  ( -0.8191525623785482768, -0.5735756964225477983, 4.695530338612962084E-06 ) ) ;
#1352 = DIRECTION ( 'NONE',  ( 0.8191525623785661514, 0.5735756964225222632, -4.695530338612960390E-06 ) ) ;
#1353 = ADVANCED_FACE ( 'NONE', ( #995 ), #380, .F. ) ;
#1354 = CARTESIAN_POINT ( 'NONE',  ( 24.71496395014924374, -0.009688958511496467696, 781.6377164710472698 ) ) ;
#1355 = EDGE_LOOP ( 'NONE', ( #617, #971, #1040, #570 ) ) ;
#1356 = CARTESIAN_POINT ( 'NONE',  ( 3.416300187990132908, -24.87898426218540493, 790.5809672639373957 ) ) ;
#1357 = ORIENTED_EDGE ( 'NONE', *, *, #708, .T. ) ;
#1358 = CARTESIAN_POINT ( 'NONE',  ( -20.03077007879717186, -34.02615923401052100, 834.5993639145950738 ) ) ;
#1359 = CARTESIAN_POINT ( 'NONE',  ( 28.53898184424175000, -5.471006659481356671, 776.3034540576176141 ) ) ;
#1360 = VECTOR ( 'NONE', #1261, 1000.000000000000000 ) ;
#1361 = LINE ( 'NONE', #1023, #762 ) ;
#1362 = ORIENTED_EDGE ( 'NONE', *, *, #1008, .F. ) ;
#1363 = CARTESIAN_POINT ( 'NONE',  ( 214.5882323245717487, 126.8324086385606506, 859.5003222140358048 ) ) ;
#1364 = ORIENTED_EDGE ( 'NONE', *, *, #645, .T. ) ;
#1365 = ADVANCED_FACE ( 'NONE', ( #1228 ), #487, .F. ) ;
#1366 = PLANE ( 'NONE',  #158 ) ;
#1367 = ORIENTED_EDGE ( 'NONE', *, *, #170, .F. ) ;
#1368 = CARTESIAN_POINT ( 'NONE',  ( 204.8447550133273865, 123.8000756425050355, 897.4275900717107106 ) ) ;
#1369 = CARTESIAN_POINT ( 'NONE',  ( 72.90836507797091315, 26.97478406795651651, 790.8983764812746813 ) ) ;
#1370 = VERTEX_POINT ( 'NONE', #1100 ) ;
#1371 = B_SPLINE_CURVE_WITH_KNOTS ( 'NONE', 3,
 ( #796, #437, #247, #976, #1196, #985, #873, #670, #349, #457, #687, #238, #562, #265, #770, #1321, #446, #763, #573, #126 ),
 .UNSPECIFIED., .F., .F.,
 ( 4, 2, 2, 2, 2, 2, 2, 2, 2, 4 ),
 ( 3.801578323111275022E-17, 0.0009819020527479826229, 0.001963804105495927516, 0.002945706158243872191, 0.003927608210991816867, 0.004418559237365795277, 0.004909510263739773686, 0.005891412316488007193, 0.006873314369236240701, 0.007855216421984475075 ),
 .UNSPECIFIED. ) ;
#1372 = VECTOR ( 'NONE', #321, 1000.000000000000000 ) ;
#1373 = DIRECTION ( 'NONE',  ( 0.5735754540170376892, -0.8191527320987770366, 6.652693139376411755E-06 ) ) ;
#1374 = DIRECTION ( 'NONE',  ( -0.8062139315781670090, -0.5645170692166454618, -0.1770298706216653639 ) ) ;
#1375 = CARTESIAN_POINT ( 'NONE',  ( 72.28874990492468555, 27.85968624228951285, 786.1555536891546581 ) ) ;
#1376 = EDGE_LOOP ( 'NONE', ( #924, #414, #89, #1191 ) ) ;
#1377 = CARTESIAN_POINT ( 'NONE',  ( 213.3091357636501186, 128.6591478424717536, 849.8246778492290332 ) ) ;
#1378 = CARTESIAN_POINT ( 'NONE',  ( 27.54613362460488091, -4.053152444179361602, 766.1993342444363861 ) ) ;
#1379 = FACE_OUTER_BOUND ( 'NONE', #506, .T. ) ;
ENDSEC;
END-ISO-10303-21;
